,Moat_AntiOverheat_NAV
1990-01-02,10000.0
1990-01-03,9971.370686692579
1990-01-04,9984.10442335655
1990-01-05,10049.462545886821
1990-01-08,10050.773736911673
1990-01-09,10043.567281965494
1990-01-10,10087.490818904307
1990-01-11,10111.48045574367
1990-01-12,10144.126388845976
1990-01-15,10143.5415514982
1990-01-16,10123.54769331447
1990-01-17,10107.337952945569
1990-01-18,10131.369107183364
1990-01-19,10097.143041598269
1990-01-22,10081.662231699149
1990-01-23,10100.059603818154
1990-01-24,10195.513673583095
1990-01-25,10158.637223267513
1990-01-26,10177.779880574979
1990-01-29,10187.835635960222
1990-01-30,10184.808489917014
1990-01-31,10162.984664298137
1990-02-01,10170.108520071815
1990-02-02,10187.762771975013
1990-02-05,10230.229368520148
1990-02-06,10217.069127343697
1990-02-07,10238.87161194282
1990-02-08,10197.13869629052
1990-02-09,10179.842189957919
1990-02-12,10209.505223245902
1990-02-13,10204.9768397844
1990-02-14,10180.495618213405
1990-02-15,10197.373751941199
1990-02-16,10197.729736112078
1990-02-20,10229.592787703012
1990-02-21,10231.471107516843
1990-02-22,10215.295176714946
1990-02-23,10203.25111528038
1990-02-26,10173.483386881271
1990-02-27,10146.775132788114
1990-02-28,10149.394287851934
1990-03-01,10140.36719919629
1990-03-02,10132.475825188816
1990-03-05,10123.06090563397
1990-03-06,10140.736613895715
1990-03-07,10105.796231687022
1990-03-08,10108.827998374234
1990-03-09,10099.830018973533
1990-03-12,10119.12418842073
1990-03-13,10090.593844034238
1990-03-14,10103.415321490504
1990-03-15,10110.592341789272
1990-03-16,10120.775314950144
1990-03-19,10136.277232463119
1990-03-20,10119.39386293681
1990-03-21,10063.418783799074
1990-03-22,10064.959034319174
1990-03-23,10077.768304399451
1990-03-26,9907.540054130292
1990-03-27,9892.147535311222
1990-03-28,9923.75544124364
1990-03-29,9921.519566671102
1990-03-30,9900.483214386546
1990-04-02,9904.276233771434
1990-04-03,9955.412088964928
1990-04-04,9951.292737961632
1990-04-05,9984.002457274248
1990-04-06,9980.248238280721
1990-04-09,9977.258171917627
1990-04-10,9967.501653585208
1990-04-11,9963.752854259135
1990-04-12,9972.782508051472
1990-04-16,9978.829129406613
1990-04-17,9969.05956107398
1990-04-18,9976.211431910451
1990-04-19,9985.252891901626
1990-04-20,9988.651749414994
1990-04-23,9987.514579271654
1990-04-24,10000.67765277216
1990-04-25,9961.96709516365
1990-04-26,9964.615992071067
1990-04-27,9966.143143420195
1990-04-30,9941.761915977902
1990-05-01,9956.442503621856
1990-05-02,9958.74234219695
1990-05-03,9962.542436750791
1990-05-04,9974.609701819174
1990-05-07,9979.165376107805
1990-05-08,9975.808888429294
1990-05-09,9974.702599884493
1990-05-10,9987.12277872681
1990-05-11,9964.573178134508
1990-05-14,9972.438208358479
1990-05-15,9964.536115667948
1990-05-16,9981.826156514759
1990-05-17,9978.443671362724
1990-05-18,9985.211876582056
1990-05-21,10013.835319994638
1990-05-22,10030.394653915475
1990-05-23,9952.213610548735
1990-05-24,9968.75429648993
1990-05-25,9970.265420286885
1990-05-29,9985.381977928413
1990-05-30,9977.131846268443
1990-05-31,9953.470433885383
1990-06-01,9958.002901153974
1990-06-04,9914.418778064404
1990-06-05,9923.830074772897
1990-06-06,9935.873268548701
1990-06-07,9887.014524872078
1990-06-08,9893.79519719323
1990-06-11,9907.372207051596
1990-06-12,9916.791541661423
1990-06-13,9878.842776247942
1990-06-14,9845.393985113711
1990-06-15,9854.800714906018
1990-06-18,9877.02521431712
1990-06-19,9874.029135127235
1990-06-20,9862.400335249966
1990-06-21,9885.362203722483
1990-06-22,9876.74738909409
1990-06-25,9918.955832108488
1990-06-26,9890.045450542195
1990-06-27,9901.36290175331
1990-06-28,9915.308374861512
1990-06-29,9916.088507043341
1990-07-02,9959.784225321131
1990-07-03,9995.90399577711
1990-07-05,9981.662773829485
1990-07-06,9994.083728482196
1990-07-09,9991.92739754705
1990-07-10,9946.482164737292
1990-07-11,9950.285380923233
1990-07-12,9930.400819016062
1990-07-13,10023.279048033384
1990-07-16,10025.177092945725
1990-07-17,10007.516612486455
1990-07-18,9999.254941884294
1990-07-19,10022.560815015566
1990-07-20,10014.286096082591
1990-07-23,10057.132961466776
1990-07-24,10078.171050713692
1990-07-25,10110.121479047526
1990-07-26,10081.551767295394
1990-07-27,10068.02387205657
1990-07-30,10076.654941540815
1990-07-31,10115.744201183725
1990-08-01,10104.831807610055
1990-08-02,10181.875926358874
1990-08-03,10170.576440143737
1990-08-06,10199.379331347182
1990-08-07,10208.35627045048
1990-08-08,10221.106639764665
1990-08-09,10213.9344559526
1990-08-10,10258.64815798207
1990-08-13,10375.491932521361
1990-08-14,10431.111050432311
1990-08-15,10334.100854544482
1990-08-16,10367.170078180721
1990-08-17,10428.816929404054
1990-08-20,10411.873714938136
1990-08-21,10458.867998563299
1990-08-22,10422.41377784155
1990-08-23,10451.377337285108
1990-08-24,10437.0982915123
1990-08-27,10441.601902161807
1990-08-28,10277.32212291665
1990-08-29,10249.123029396696
1990-08-30,10291.598962848948
1990-08-31,10278.056221531493
1990-09-04,10236.246953145797
1990-09-05,10252.017187961845
1990-09-06,10285.077006432624
1990-09-07,10264.755638505721
1990-09-10,10268.460906932709
1990-09-11,10224.842343581859
1990-09-12,10253.026617911491
1990-09-13,10255.637399833664
1990-09-14,10287.191892905754
1990-09-17,10315.69173749621
1990-09-18,10291.612277375742
1990-09-19,10296.85642379732
1990-09-20,10301.72888834189
1990-09-21,10320.887367156769
1990-09-24,10349.399402546696
1990-09-25,10435.474389779352
1990-09-26,10429.0625264527
1990-09-27,10439.940227424508
1990-09-28,10474.858535234634
1990-10-01,10388.208181508777
1990-10-02,10326.115285303149
1990-10-03,10339.220574278783
1990-10-04,10388.410411119694
1990-10-05,10388.724373598905
1990-10-08,10356.907458361704
1990-10-09,10404.948983747581
1990-10-10,10367.302369090541
1990-10-11,10340.188323434033
1990-10-12,10343.509768391796
1990-10-15,10291.081719793514
1990-10-16,10172.607744874462
1990-10-17,10183.457361577843
1990-10-18,10198.82651015988
1990-10-19,10231.499141141592
1990-10-22,10202.075168694248
1990-10-23,10234.744974317804
1990-10-24,10232.07273417439
1990-10-25,10263.237363205179
1990-10-26,10254.54467460047
1990-10-29,10251.370695926058
1990-10-30,10260.718264229045
1990-10-31,10305.402463764869
1990-11-01,10313.614784843601
1990-11-02,10293.243961540338
1990-11-05,10293.053408010219
1990-11-06,10312.163378918061
1990-11-07,10356.837537900099
1990-11-08,10356.401194911648
1990-11-09,10364.987687495252
1990-11-12,10331.702244680895
1990-11-13,10354.191609515434
1990-11-14,10358.634133609437
1990-11-15,10315.714526119587
1990-11-16,10304.378153535768
1990-11-19,10319.98875617818
1990-11-20,10337.978815647331
1990-11-21,10319.125043894066
1990-11-23,10369.368188729743
1990-11-26,10398.488348360846
1990-11-27,10376.616671814792
1990-11-28,10387.07810771824
1990-11-29,10402.055118337834
1990-11-30,10388.830886716218
1990-12-03,10361.559825886123
1990-12-04,10340.0700437896
1990-12-05,10329.474744531488
1990-12-06,10285.79499976135
1990-12-07,10293.24334826498
1990-12-10,10321.914509874294
1990-12-11,10308.65902827471
1990-12-12,10301.038873894408
1990-12-13,10310.70212634168
1990-12-14,10321.125588800323
1990-12-17,10348.650258386439
1990-12-18,10358.318849559924
1990-12-19,10370.979057009909
1990-12-20,10421.58720603365
1990-12-21,10410.15136634471
1990-12-24,10414.215445260528
1990-12-26,10416.901752628328
1990-12-27,10411.092280048942
1990-12-28,10437.987784101506
1990-12-31,10441.971814047358
1991-01-02,10479.108704892
1991-01-03,10444.203827751255
1991-01-04,10454.343600592176
1991-01-07,10488.035334886472
1991-01-08,10478.07897173788
1991-01-09,10458.45579164723
1991-01-10,10487.463605809739
1991-01-11,10489.112925812857
1991-01-14,10557.180621241985
1991-01-15,10557.592442196263
1991-01-16,10595.00848182659
1991-01-17,10403.158719715299
1991-01-18,10398.35618908316
1991-01-21,10401.617664298004
1991-01-22,10425.363485225957
1991-01-23,10404.861607451794
1991-01-24,10363.462471248044
1991-01-25,10374.752061855004
1991-01-28,10380.49065989798
1991-01-29,10400.251466501151
1991-01-30,10323.474315229061
1991-01-31,10315.874830753237
1991-02-01,10305.055831829699
1991-02-04,10330.003929114015
1991-02-05,10326.786143899093
1991-02-06,10280.931503242551
1991-02-07,10307.46428448673
1991-02-08,10357.734066983532
1991-02-11,10335.981293965866
1991-02-12,10317.460697129543
1991-02-13,10337.547201583919
1991-02-14,10349.993754193281
1991-02-15,10329.858879407611
1991-02-19,10314.52838520146
1991-02-20,10329.007115316548
1991-02-21,10310.902429314854
1991-02-22,10284.34737975527
1991-02-25,10278.70939187871
1991-02-26,10292.793068337478
1991-02-27,10300.049222869213
1991-02-28,10322.99006927036
1991-03-01,10357.999640603171
1991-03-04,10350.036379505143
1991-03-05,10343.622348095108
1991-03-06,10358.524054408064
1991-03-07,10362.169864856356
1991-03-08,10379.489279910897
1991-03-11,10361.805122312266
1991-03-12,10350.129674132058
1991-03-13,10365.396991786694
1991-03-14,10355.318786065418
1991-03-15,10367.750932943807
1991-03-18,10341.522151336383
1991-03-19,10360.406554799516
1991-03-20,10361.603593866434
1991-03-21,10345.503465822749
1991-03-22,10349.914622232158
1991-03-25,10325.34078901866
1991-03-26,10305.219445611236
1991-03-27,10285.89871758473
1991-03-28,10299.952206138483
1991-04-01,10304.62794964424
1991-04-02,10320.683413432529
1991-04-03,10335.534418773766
1991-04-04,10330.274730714804
1991-04-05,10332.249114634084
1991-04-08,10355.852841353842
1991-04-09,10381.138470614202
1991-04-10,10377.054343541666
1991-04-11,10365.32825824818
1991-04-12,10368.074126510557
1991-04-15,10356.567836915612
1991-04-16,10366.558340093197
1991-04-17,10363.279868305293
1991-04-18,10352.3493600698
1991-04-19,10329.372654880863
1991-04-22,10334.908293272503
1991-04-23,10328.831500933431
1991-04-24,10332.412144642887
1991-04-25,10313.056484019962
1991-04-26,10314.204010744279
1991-04-29,10300.358349064512
1991-04-30,10354.997481528046
1991-05-01,10346.07025070286
1991-05-02,10328.30046520241
1991-05-03,10340.278783431295
1991-05-06,10343.641184890545
1991-05-07,10349.98912703897
1991-05-08,10357.14976318469
1991-05-09,10357.875087839982
1991-05-10,10357.792100389948
1991-05-13,10362.37076092987
1991-05-14,10372.34186295376
1991-05-15,10388.752664399924
1991-05-16,10358.90051182855
1991-05-17,10352.769232833747
1991-05-20,10355.291694050473
1991-05-21,10366.86878134625
1991-05-22,10371.618472638582
1991-05-23,10357.858215720868
1991-05-24,10366.207924329618
1991-05-28,10369.442081994273
1991-05-29,10417.612152117345
1991-05-30,10415.113121551472
1991-05-31,10411.005387979243
1991-06-03,10435.33372655212
1991-06-04,10431.659346560202
1991-06-05,10432.805663144129
1991-06-06,10453.664877427367
1991-06-07,10472.104869115827
1991-06-10,10517.370450315717
1991-06-11,10510.877713890544
1991-06-12,10518.058518201571
1991-06-13,10500.702192074123
1991-06-14,10486.165629993759
1991-06-17,10481.98042309652
1991-06-18,10510.886097955172
1991-06-19,10489.11863755582
1991-06-20,10491.876453341873
1991-06-21,10482.163663838553
1991-06-24,10442.574795439055
1991-06-25,10463.43124168924
1991-06-26,10486.705242187454
1991-06-27,10477.395719999975
1991-06-28,10507.099440161743
1991-07-01,10514.957578208763
1991-07-02,10501.630830003687
1991-07-03,10520.079446848436
1991-07-05,10527.607166527148
1991-07-08,10533.884583306526
1991-07-09,10526.590290299813
1991-07-10,10541.42222250103
1991-07-11,10521.661578230627
1991-07-12,10519.192382370833
1991-07-15,10522.237373954114
1991-07-16,10530.6307960423
1991-07-17,10533.397434807232
1991-07-18,10535.363902734527
1991-07-19,10544.566377835987
1991-07-22,10546.024589115521
1991-07-23,10528.27510388643
1991-07-24,10518.172020065784
1991-07-25,10510.480373217879
1991-07-26,10505.202208641565
1991-07-29,10516.719571397625
1991-07-30,10487.70922941494
1991-07-31,10500.929861746306
1991-08-01,10506.502390330095
1991-08-02,10462.60642799507
1991-08-05,10455.551689310769
1991-08-06,10460.71671307469
1991-08-07,10460.232402124573
1991-08-08,10467.786453206527
1991-08-09,10473.729746241606
1991-08-12,10477.049971652796
1991-08-13,10466.892889474771
1991-08-14,10460.351816685288
1991-08-15,10481.563916558269
1991-08-16,10477.840741475677
1991-08-19,10508.880345906655
1991-08-20,10450.417124701815
1991-08-21,10471.59313366446
1991-08-22,10471.88896667272
1991-08-23,10452.884687489677
1991-08-26,10456.254842004539
1991-08-27,10458.187109131302
1991-08-28,10464.939980213454
1991-08-29,10439.901356657616
1991-08-30,10410.030103506291
1991-09-03,10414.07693454537
1991-09-04,10426.051538181524
1991-09-05,10416.706712077037
1991-09-06,10423.046472687769
1991-09-09,10446.472556769619
1991-09-10,10456.82688680754
1991-09-11,10406.03604993139
1991-09-12,10413.973265025637
1991-09-13,10400.182631821253
1991-09-16,10412.67164184394
1991-09-17,10419.788678491383
1991-09-18,10438.170027611664
1991-09-19,10441.667414060115
1991-09-20,10442.75578270917
1991-09-23,10451.244444702423
1991-09-24,10473.6530326965
1991-09-25,10481.573670099904
1991-09-26,10475.819063201314
1991-09-27,10449.141018197606
1991-09-30,10504.252897327566
1991-10-01,10497.682194495646
1991-10-02,10515.242625347202
1991-10-03,10522.745694568566
1991-10-04,10519.780894598616
1991-10-07,10550.292253824618
1991-10-08,10534.452926684913
1991-10-09,10535.909100557255
1991-10-10,10551.843177981611
1991-10-11,10538.821883396833
1991-10-14,10548.00007617677
1991-10-15,10541.406538702096
1991-10-16,10534.404697568538
1991-10-17,10549.527042063215
1991-10-18,10561.04203171072
1991-10-21,10598.001181072514
1991-10-22,10587.396864768512
1991-10-23,10587.254507577309
1991-10-24,10578.661572697785
1991-10-25,10587.751806321307
1991-10-28,10562.728836834078
1991-10-29,10554.92026019432
1991-10-30,10571.636691414356
1991-10-31,10557.372097690795
1991-11-01,10560.801047903433
1991-11-04,10552.542936606682
1991-11-05,10555.151310479208
1991-11-06,10539.664192487555
1991-11-07,10540.641015347268
1991-11-08,10528.74699973587
1991-11-11,10547.76102707115
1991-11-12,10547.529729637241
1991-11-13,10562.985041517299
1991-11-14,10558.331686050395
1991-11-15,10556.493977873519
1991-11-18,10601.635943358404
1991-11-19,10620.703595587232
1991-11-20,10618.443386224764
1991-11-21,10633.06807030651
1991-11-22,10663.366806484137
1991-11-25,10675.422774311293
1991-11-26,10653.433680101363
1991-11-27,10661.202520430325
1991-11-29,10656.625471174537
1991-12-02,10675.87973789548
1991-12-03,10632.965643438562
1991-12-04,10652.79341176644
1991-12-05,10649.684407090954
1991-12-06,10674.730741162315
1991-12-09,10701.15800917927
1991-12-10,10680.720606645422
1991-12-11,10669.142588095256
1991-12-12,10613.712457944479
1991-12-13,10610.97293125226
1991-12-16,10618.441439190032
1991-12-17,10601.220380090559
1991-12-18,10606.115083228426
1991-12-19,10615.034162601385
1991-12-20,10611.065558550787
1991-12-23,10624.310567694618
1991-12-24,10625.109989487019
1991-12-26,10626.730148950513
1991-12-27,10576.460829931697
1991-12-30,10577.716915811223
1991-12-31,10578.54011002373
1992-01-02,10561.91825277306
1992-01-03,10581.665575800696
1992-01-06,10551.506455376597
1992-01-07,10554.990301791631
1992-01-08,10563.8800487283
1992-01-09,10573.215318784252
1992-01-10,10631.321954279472
1992-01-13,10597.5344673537
1992-01-14,10595.6009669365
1992-01-15,10613.986733938611
1992-01-16,10625.604225982983
1992-01-17,10618.700516663486
1992-01-20,10646.751078371044
1992-01-21,10638.944705477224
1992-01-22,10630.223316321237
1992-01-23,10616.99111648006
1992-01-24,10600.151092136026
1992-01-27,10628.215451377044
1992-01-28,10630.80608718719
1992-01-29,10618.493509810864
1992-01-30,10629.664691158676
1992-01-31,10613.288844936957
1992-02-03,10636.406686161541
1992-02-04,10633.577969902974
1992-02-05,10619.010527223514
1992-02-06,10634.693175352237
1992-02-07,10637.728047779112
1992-02-10,10626.02202011913
1992-02-11,10638.973870819693
1992-02-12,10650.575368066666
1992-02-13,10643.21425262971
1992-02-14,10624.122500343803
1992-02-18,10615.48019661074
1992-02-19,10619.870514102688
1992-02-20,10622.46303852832
1992-02-21,10607.00201151755
1992-02-24,10593.157271360082
1992-02-25,10600.281340596353
1992-02-26,10584.385443598276
1992-02-27,10631.243065474247
1992-02-28,10626.177094146771
1992-03-02,10604.658803769122
1992-03-03,10613.609703729511
1992-03-04,10603.60002816017
1992-03-05,10602.166779745472
1992-03-06,10598.478184626867
1992-03-09,10595.539817631226
1992-03-10,10592.297003316204
1992-03-11,10598.987117924338
1992-03-12,10587.166123993755
1992-03-13,10584.828593414073
1992-03-16,10548.945347055167
1992-03-17,10513.657329742538
1992-03-18,10526.227626967666
1992-03-19,10504.4825469018
1992-03-20,10514.342045244208
1992-03-23,10515.934636336668
1992-03-24,10514.061782851566
1992-03-25,10540.626972701872
1992-03-26,10533.773678792937
1992-03-27,10535.498835993403
1992-03-30,10563.249484220934
1992-03-31,10549.624253547709
1992-04-01,10571.223665679645
1992-04-02,10540.441896200999
1992-04-03,10542.169720588914
1992-04-06,10532.417894026736
1992-04-07,10528.71596947218
1992-04-08,10518.223438572255
1992-04-09,10527.596669201248
1992-04-10,10559.501865768154
1992-04-13,10551.819978681751
1992-04-14,10536.310597140162
1992-04-15,10536.603532766136
1992-04-16,10517.030865562676
1992-04-20,10520.034085986632
1992-04-21,10535.241000494956
1992-04-22,10534.192217328675
1992-04-23,10538.561422706047
1992-04-24,10521.708510258717
1992-04-27,10516.299496260435
1992-04-28,10526.544609199764
1992-04-29,10517.82710842599
1992-04-30,10524.460435976594
1992-05-01,10535.606727370357
1992-05-04,10537.850197642812
1992-05-05,10531.827822751009
1992-05-06,10532.126420175551
1992-05-07,10527.003095493503
1992-05-08,10535.424624859455
1992-05-11,10530.89727394538
1992-05-12,10523.520945507025
1992-05-13,10523.815979650048
1992-05-14,10539.90719818254
1992-05-15,10559.606341555591
1992-05-18,10560.919281760642
1992-05-19,10567.080071984863
1992-05-20,10544.784622991134
1992-05-21,10548.230465394474
1992-05-22,10553.051316082907
1992-05-26,10557.444410107679
1992-05-27,10564.988921874745
1992-05-28,10550.402188600336
1992-05-29,10556.580102248263
1992-06-01,10553.003447610221
1992-06-02,10573.19227265591
1992-06-03,10582.091814077701
1992-06-04,10569.313644986516
1992-06-05,10573.688179296232
1992-06-08,10575.067291465017
1992-06-09,10567.701276782325
1992-06-10,10567.107728989187
1992-06-11,10573.286648093395
1992-06-12,10586.233934766515
1992-06-15,10616.497891575407
1992-06-16,10614.09268211499
1992-06-17,10611.685497536972
1992-06-18,10605.662344516619
1992-06-19,10627.178266611683
1992-06-22,10619.963770963359
1992-06-23,10632.45629636524
1992-06-24,10619.673517315372
1992-06-25,10630.360223855649
1992-06-26,10632.013046824875
1992-06-29,10620.718228106489
1992-06-30,10634.099888376306
1992-07-01,10636.194304860908
1992-07-02,10668.986185064128
1992-07-06,10667.160480402612
1992-07-07,10658.798964506803
1992-07-08,10676.622022636126
1992-07-09,10675.033014959228
1992-07-10,10688.79275715449
1992-07-13,10689.895671629572
1992-07-14,10696.88326017637
1992-07-15,10711.997775505184
1992-07-16,10731.621093128608
1992-07-17,10765.69017221624
1992-07-20,10791.137816303028
1992-07-21,10780.96290654264
1992-07-22,10787.495345274092
1992-07-23,10794.926702597222
1992-07-24,10778.426943744864
1992-07-27,10787.622055836639
1992-07-28,10799.121260832386
1992-07-29,10769.08319954389
1992-07-30,10774.711052845942
1992-07-31,10785.305383315143
1992-08-03,10752.976764853443
1992-08-04,10741.446122120791
1992-08-05,10724.497625079066
1992-08-06,10705.743214999564
1992-08-07,10718.139790600046
1992-08-10,10724.164471288284
1992-08-11,10704.950589966342
1992-08-12,10693.412140026529
1992-08-13,10608.278376167254
1992-08-14,10594.474306580003
1992-08-17,10611.737859953157
1992-08-18,10600.638827627996
1992-08-19,10618.435379538818
1992-08-20,10612.304943215271
1992-08-21,10609.786502623438
1992-08-24,10660.46785286814
1992-08-25,10652.997693541654
1992-08-26,10627.472022347694
1992-08-27,10632.64584074054
1992-08-28,10642.334643059508
1992-08-31,10644.311834629074
1992-09-01,10660.321763587084
1992-09-02,10649.691613018147
1992-09-03,10635.899000518079
1992-09-04,10665.449739872978
1992-09-08,10668.791760051854
1992-09-09,10679.781825115548
1992-09-10,10670.90833557231
1992-09-11,10651.199070976632
1992-09-14,10709.465884396333
1992-09-15,10706.909386676853
1992-09-16,10735.512155318957
1992-09-17,10730.700366226876
1992-09-18,10720.466562816295
1992-09-21,10739.42963171589
1992-09-22,10740.489564037995
1992-09-23,10732.973260648745
1992-09-24,10733.58387423918
1992-09-25,10747.281594739852
1992-09-28,10733.688339957316
1992-09-29,10729.755179177164
1992-09-30,10743.871375493125
1992-10-01,10740.371083635879
1992-10-02,10735.951207100852
1992-10-05,10751.148336399441
1992-10-06,10758.925162907506
1992-10-07,10758.142394016606
1992-10-08,10761.895392047389
1992-10-09,10758.867728071338
1992-10-12,10728.138319026872
1992-10-13,10703.899002739035
1992-10-14,10704.498069023415
1992-10-15,10687.95501941051
1992-10-16,10687.66367548102
1992-10-19,10697.161788855172
1992-10-20,10705.910894113087
1992-10-21,10708.801044187123
1992-10-22,10699.482224533585
1992-10-23,10698.737653381386
1992-10-26,10691.098809264287
1992-10-27,10662.815464137935
1992-10-28,10662.980368801102
1992-10-29,10675.335625175128
1992-10-30,10673.696740797159
1992-11-02,10677.816488905482
1992-11-03,10670.320893859041
1992-11-04,10663.732500089585
1992-11-05,10666.623423264436
1992-11-06,10658.67649314373
1992-11-09,10637.124718084662
1992-11-10,10600.297048091048
1992-11-11,10608.167206094959
1992-11-12,10626.421750071517
1992-11-13,10638.802778577967
1992-11-16,10649.772115171358
1992-11-17,10640.494213975875
1992-11-18,10648.383505078738
1992-11-19,10641.369430490238
1992-11-20,10658.736016821244
1992-11-23,10642.240490100947
1992-11-24,10645.17829591207
1992-11-25,10646.306024946847
1992-11-27,10644.958056800784
1992-11-30,10648.360724437818
1992-12-01,10653.111178912606
1992-12-02,10662.840618582139
1992-12-03,10659.930411807129
1992-12-04,10663.784322641077
1992-12-07,10656.803955945154
1992-12-08,10663.35664493384
1992-12-09,10648.239833261003
1992-12-10,10650.725038552373
1992-12-11,10664.04404158919
1992-12-14,10666.997795322664
1992-12-15,10664.974638103819
1992-12-16,10687.323797003453
1992-12-17,10700.189582468409
1992-12-18,10685.963780175422
1992-12-21,10659.966892462677
1992-12-22,10648.89550727819
1992-12-23,10653.181198000075
1992-12-24,10653.850828390689
1992-12-28,10656.513215226089
1992-12-29,10652.668210840035
1992-12-30,10656.95431359717
1992-12-31,10657.611808087811
1993-01-04,10616.516618519505
1993-01-05,10683.465033788238
1993-01-06,10793.454851177696
1993-01-07,10758.593475466161
1993-01-08,10770.423638872762
1993-01-11,10809.915734624767
1993-01-12,10745.533796816757
1993-01-13,10817.488628999392
1993-01-14,10883.237081353955
1993-01-15,10750.975063176513
1993-01-18,10690.110631081434
1993-01-19,10706.253180944192
1993-01-20,10729.7041089075
1993-01-21,10853.356759600501
1993-01-22,10884.328868579181
1993-01-25,10936.29504909363
1993-01-26,10972.483417348267
1993-01-27,10869.437474739962
1993-01-28,10847.447472035308
1993-01-29,10830.296868570644
1993-02-01,10915.252914427208
1993-02-02,10891.922139162449
1993-02-03,10875.121777085984
1993-02-04,10794.505901043798
1993-02-05,10778.117845149714
1993-02-08,10703.696268439839
1993-02-09,10632.828196687593
1993-02-10,10710.668207997815
1993-02-11,10680.277844026028
1993-02-12,10584.728339162944
1993-02-16,10473.263445891598
1993-02-17,10511.58105231505
1993-02-18,10575.763824056648
1993-02-19,10602.69025626246
1993-02-22,10525.467265191028
1993-02-23,10543.156580704543
1993-02-24,10663.738443243974
1993-02-25,10738.95553334287
1993-02-26,10666.187979045564
1993-03-01,10610.781892222278
1993-03-02,10688.583526446047
1993-03-03,10784.67175412224
1993-03-04,10732.388067521104
1993-03-05,10764.569554401507
1993-03-08,10796.014530457149
1993-03-09,10784.848759405528
1993-03-10,10781.670333875874
1993-03-11,10852.499960913123
1993-03-12,10859.673566562307
1993-03-15,10927.24339898547
1993-03-16,10906.542671470785
1993-03-17,10831.19102656102
1993-03-18,10851.662604464693
1993-03-19,10806.971594298511
1993-03-22,10806.46089841869
1993-03-23,10787.764697605007
1993-03-24,10869.067851219957
1993-03-25,10958.95636072466
1993-03-26,10914.244395427435
1993-03-29,10864.521922581938
1993-03-30,10973.056236116363
1993-03-31,11011.3955581238
1993-04-01,11013.10835521288
1993-04-02,10900.809745671271
1993-04-05,10936.313723336089
1993-04-06,10855.93341777318
1993-04-07,10920.191795195127
1993-04-08,10903.158361102767
1993-04-12,10923.125567854762
1993-04-13,10821.720618253303
1993-04-14,10847.856629183174
1993-04-15,10808.349705333208
1993-04-16,10752.651290264075
1993-04-19,10758.943059764675
1993-04-20,10818.91821219909
1993-04-21,10794.188459736151
1993-04-22,10816.467381905839
1993-04-23,10801.598796549739
1993-04-26,10786.04961491513
1993-04-27,10884.402419262191
1993-04-28,10950.993926487323
1993-04-29,11023.387322990959
1993-04-30,11048.06520165912
1993-05-03,11119.303594007873
1993-05-04,11230.1012175057
1993-05-05,11262.04983299263
1993-05-06,11249.787807877783
1993-05-07,11317.127833357372
1993-05-10,11328.51571387449
1993-05-11,11302.412168616482
1993-05-12,11260.190015156639
1993-05-13,11349.190100716101
1993-05-14,11404.422424330196
1993-05-17,11441.96937384784
1993-05-18,11485.720933335584
1993-05-19,11788.186723744268
1993-05-20,11780.790683856896
1993-05-21,11681.709003933982
1993-05-24,11733.961288530918
1993-05-25,11669.687734259578
1993-05-26,11780.849271850377
1993-05-27,11774.309751305547
1993-05-28,11698.801849566351
1993-06-01,11844.077029482934
1993-06-02,11766.453460845722
1993-06-03,11829.104107076095
1993-06-04,11771.35463942361
1993-06-07,11548.308151169023
1993-06-08,11513.915942460511
1993-06-09,11393.547473923414
1993-06-10,11375.199454169378
1993-06-11,11395.91869098205
1993-06-14,11437.8285567168
1993-06-15,11397.516045325523
1993-06-16,11407.940576027562
1993-06-17,11417.93531042535
1993-06-18,11357.877776811585
1993-06-21,11330.526422800596
1993-06-22,11356.688987892912
1993-06-23,11313.795613432256
1993-06-24,11443.190920502693
1993-06-25,11502.413227724759
1993-06-28,11613.066179279587
1993-06-29,11489.163761845508
1993-06-30,11627.548341267695
1993-07-01,11622.69342530617
1993-07-02,11722.055054075638
1993-07-06,11696.13194611655
1993-07-07,11634.777256813895
1993-07-08,11675.839503750283
1993-07-09,11666.5532719143
1993-07-12,11728.86774232742
1993-07-13,11716.98752279218
1993-07-14,11722.524015752762
1993-07-15,11651.032970505183
1993-07-16,11348.073205825744
1993-07-19,11326.283910279213
1993-07-20,11433.235079914553
1993-07-21,11410.999105851504
1993-07-22,11376.527702278005
1993-07-23,11420.997315176222
1993-07-26,11496.69690371933
1993-07-27,11461.724250936177
1993-07-28,11487.836114019692
1993-07-29,11549.756326054061
1993-07-30,11516.473269637709
1993-08-02,11613.317617007819
1993-08-03,11608.003854835963
1993-08-04,11620.575701056956
1993-08-05,11526.1919174039
1993-08-06,11445.43163930043
1993-08-09,11409.965578605355
1993-08-10,11330.858617845406
1993-08-11,11292.494653634029
1993-08-12,11293.09001871221
1993-08-13,11212.823556321724
1993-08-16,11363.004276132955
1993-08-17,11400.598753393086
1993-08-18,11442.174759603717
1993-08-19,11351.370907072853
1993-08-20,11398.313816240874
1993-08-23,11460.536664913474
1993-08-24,11505.571905634308
1993-08-25,11387.351454376292
1993-08-26,11193.01666641951
1993-08-27,11150.04999035954
1993-08-30,11165.19999433531
1993-08-31,11269.972561358234
1993-09-01,11319.715201234223
1993-09-02,11285.746786800959
1993-09-03,11249.694649217327
1993-09-07,11082.110894108835
1993-09-08,11058.940856873036
1993-09-09,11077.737708253026
1993-09-10,11096.320353926389
1993-09-13,10922.994101762955
1993-09-14,10862.903826236266
1993-09-15,10994.708993259252
1993-09-16,11062.69006910562
1993-09-17,11114.499652043301
1993-09-20,11199.022646459802
1993-09-21,11209.07343110511
1993-09-22,11383.717226864248
1993-09-23,11437.393399704306
1993-09-24,11482.294814593422
1993-09-27,11520.773227632115
1993-09-28,11575.939308942263
1993-09-29,11573.983040232919
1993-09-30,11525.58673382278
1993-10-01,11470.4781090112
1993-10-04,11415.76503996885
1993-10-05,11425.136172524715
1993-10-06,11462.561453057038
1993-10-07,11452.260500968783
1993-10-08,11503.768708034057
1993-10-11,11598.421230081138
1993-10-12,11677.540637074735
1993-10-13,11744.885867274035
1993-10-14,11725.597836036579
1993-10-15,11779.733081069628
1993-10-18,11830.905158011254
1993-10-19,11695.131192538767
1993-10-20,11750.128999095425
1993-10-21,11801.788906862059
1993-10-22,11739.756290236443
1993-10-25,11744.924399126783
1993-10-26,11650.326531474144
1993-10-27,11746.857502259387
1993-10-28,11642.909147650134
1993-10-29,11699.983752628073
1993-11-01,11681.145804935164
1993-11-02,11735.995690752958
1993-11-03,11629.658439364688
1993-11-04,11573.390735769977
1993-11-05,11766.620433157706
1993-11-08,11811.631319957114
1993-11-09,11796.150349319705
1993-11-10,11910.491333445736
1993-11-11,11980.51089323205
1993-11-12,11953.809402727391
1993-11-15,11922.484902493688
1993-11-16,12067.811959022272
1993-11-17,11925.786530960693
1993-11-18,11986.494090065185
1993-11-19,11920.670372244735
1993-11-22,11808.155740491957
1993-11-23,11935.207568329144
1993-11-24,11977.690275708836
1993-11-26,11970.217951149694
1993-11-29,11822.676486422559
1993-11-30,11887.152675640178
1993-12-01,12001.76058353106
1993-12-02,12140.92829780518
1993-12-03,12276.371070905796
1993-12-06,12310.657593546974
1993-12-07,12364.215765036855
1993-12-08,12487.112805220055
1993-12-09,12323.217292244586
1993-12-10,12261.621725234505
1993-12-13,12345.692922941242
1993-12-14,12218.00613429922
1993-12-15,12185.38423499011
1993-12-16,12270.248751763584
1993-12-17,12255.2196163011
1993-12-20,12288.105049341284
1993-12-21,12310.058981542843
1993-12-22,11960.032742710375
1993-12-23,11899.567347326361
1993-12-27,11854.521030965183
1993-12-28,11829.580406367
1993-12-29,11851.071125406794
1993-12-30,11898.386461789007
1993-12-31,11853.90814845037
1994-01-03,11841.15773504085
1994-01-04,12000.328392989462
1994-01-05,12172.940911108391
1994-01-06,12118.110515672377
1994-01-07,12171.005523041746
1994-01-10,12194.857156520455
1994-01-11,12207.074077990615
1994-01-12,12167.744768617089
1994-01-13,12081.016219921063
1994-01-14,12148.554133834628
1994-01-17,12163.122993202876
1994-01-18,12103.523390401191
1994-01-19,12044.96048799325
1994-01-20,12156.909127736442
1994-01-21,12248.619397474575
1994-01-24,12208.149638046132
1994-01-25,12175.531696675762
1994-01-26,12177.961740061037
1994-01-27,12224.141160371242
1994-01-28,12128.352386453944
1994-01-31,12064.90102698034
1994-02-01,12103.528290982453
1994-02-02,12162.175848113922
1994-02-03,12182.816683307397
1994-02-04,12098.718247915336
1994-02-07,12202.525100896035
1994-02-08,12147.964015631309
1994-02-09,12167.44428655284
1994-02-10,12189.988797727394
1994-02-11,12169.204604969827
1994-02-14,12230.269683071736
1994-02-15,12297.127354658593
1994-02-16,12285.420831810818
1994-02-17,12287.432006342962
1994-02-18,12242.284213320849
1994-02-22,12276.599978867132
1994-02-23,12234.940033932746
1994-02-24,12150.577049033393
1994-02-25,12157.993036289885
1994-02-28,12261.30287793584
1994-03-01,12276.195207283796
1994-03-02,12225.730632231647
1994-03-03,12238.063493467267
1994-03-04,12246.849437570228
1994-03-07,12357.48047387263
1994-03-08,12275.583403375602
1994-03-09,12292.02843162557
1994-03-10,12314.118894822836
1994-03-11,12393.662887817087
1994-03-14,12496.241497825218
1994-03-15,12445.101717553533
1994-03-16,12368.439536544513
1994-03-17,12388.156995202844
1994-03-18,12415.89878246331
1994-03-21,12333.418534049333
1994-03-22,12324.288486388858
1994-03-23,12421.631147783224
1994-03-24,12405.311430407435
1994-03-25,12296.29471924383
1994-03-28,12235.597799883488
1994-03-29,12100.331564906275
1994-03-30,12157.39020871593
1994-03-31,12212.508413867186
1994-04-04,12153.514282434087
1994-04-05,12278.081495885095
1994-04-06,12284.133918159625
1994-04-07,12304.732811184107
1994-04-08,12251.390376548126
1994-04-11,12260.791282328168
1994-04-12,12051.23640372561
1994-04-13,11965.047470060752
1994-04-14,11957.553415999093
1994-04-15,11903.103527497617
1994-04-18,11846.345362403597
1994-04-19,11779.662391623733
1994-04-20,11713.220425469697
1994-04-21,11955.87334105785
1994-04-22,11931.933963140196
1994-04-25,12069.040094170385
1994-04-26,12077.654045234853
1994-04-28,11978.33102177176
1994-04-29,12002.550424698404
1994-05-02,12166.096812003401
1994-05-03,12058.624533795102
1994-05-04,12167.044906657216
1994-05-05,12132.6438287762
1994-05-06,12070.516404873311
1994-05-09,12066.562152297613
1994-05-10,12145.444949812285
1994-05-11,12096.372432302811
1994-05-12,12124.738105766763
1994-05-13,12168.256743886603
1994-05-16,12075.360648224481
1994-05-17,12076.687163774
1994-05-18,12167.396075578592
1994-05-19,12319.51216163029
1994-05-20,12277.585113573561
1994-05-23,12352.228503607177
1994-05-24,12455.729721024092
1994-05-25,12515.659830947841
1994-05-26,12455.026609981509
1994-05-27,12458.71648411436
1994-05-31,12499.251404656216
1994-06-01,12451.875725926899
1994-06-02,12461.144346249544
1994-06-03,12518.586211648904
1994-06-06,12454.683787378332
1994-06-07,12487.154892423989
1994-06-08,12359.613555998645
1994-06-09,12337.157352985385
1994-06-10,12422.39111055586
1994-06-13,12407.595666246729
1994-06-14,12462.610951393057
1994-06-15,12575.87539133552
1994-06-16,12500.258608696662
1994-06-17,12461.881784806534
1994-06-20,12500.82615953936
1994-06-21,12413.681776300013
1994-06-22,12464.996603919342
1994-06-23,12268.197331895808
1994-06-24,12360.87451650891
1994-06-27,12499.159826505384
1994-06-28,12499.337900131546
1994-06-29,12456.873939174022
1994-06-30,12483.948819747606
1994-07-01,12401.58519270703
1994-07-05,12414.605683716785
1994-07-06,12365.044868239238
1994-07-07,12462.51876760253
1994-07-08,12419.998986670398
1994-07-11,12412.16278440603
1994-07-12,12503.11284861216
1994-07-13,12611.458608132572
1994-07-14,12496.621203731516
1994-07-15,12510.837415612225
1994-07-18,12605.62917271224
1994-07-19,12506.734773452456
1994-07-20,12381.404240304333
1994-07-21,12399.164426502375
1994-07-22,12575.057667247425
1994-07-25,12605.830331508649
1994-07-26,12601.572840384439
1994-07-27,12553.96678009054
1994-07-28,12612.806289119488
1994-07-29,12776.50411829348
1994-08-01,12778.237401944109
1994-08-02,12723.388517447065
1994-08-03,12725.624855980132
1994-08-04,12698.912007704974
1994-08-05,12694.157858434692
1994-08-08,12719.140285167503
1994-08-09,12772.800530789638
1994-08-10,12851.999925108777
1994-08-11,12890.378547650142
1994-08-12,12885.302696607287
1994-08-15,12863.905694151383
1994-08-16,12884.912112099237
1994-08-17,12980.002788362137
1994-08-18,12996.171475411602
1994-08-19,13014.338251818457
1994-08-22,12984.863182339512
1994-08-23,12984.229502605163
1994-08-24,13109.017610997347
1994-08-25,13192.139907186738
1994-08-26,13251.004484025558
1994-08-29,13243.342613539291
1994-08-30,13342.540810156306
1994-08-31,13296.990238187169
1994-09-01,13180.17765180753
1994-09-02,13162.108971261438
1994-09-06,13232.145531115071
1994-09-07,13331.362955194614
1994-09-08,13364.11402323501
1994-09-09,13290.711325783257
1994-09-12,13247.58490899137
1994-09-13,13331.52139965134
1994-09-14,13333.557979742822
1994-09-15,13403.207375719194
1994-09-16,13370.373927314042
1994-09-19,13362.214319986866
1994-09-20,13309.702024684648
1994-09-21,13302.448655148608
1994-09-22,13305.955671922018
1994-09-23,13271.710427963328
1994-09-26,13230.44102931221
1994-09-27,13277.061863473522
1994-09-28,13296.54982407561
1994-09-29,13302.994558866296
1994-09-30,13251.70015301712
1994-10-03,13241.986320734864
1994-10-04,13180.9229608928
1994-10-05,13388.586561028646
1994-10-06,13227.223218242632
1994-10-07,13275.021626895625
1994-10-10,13376.72130241834
1994-10-11,13484.547215351398
1994-10-12,13595.389213238352
1994-10-13,13579.64987470186
1994-10-14,13556.31276547901
1994-10-17,13545.139181322047
1994-10-18,13628.471724736337
1994-10-19,13665.734605800953
1994-10-20,13693.59812819099
1994-10-21,13756.946005837148
1994-10-24,13708.99581986169
1994-10-25,13727.028996325018
1994-10-26,13809.602738797523
1994-10-27,13792.79729573326
1994-10-28,13824.581963393377
1994-10-31,13880.904838155042
1994-11-01,13861.998713923284
1994-11-02,13762.886276550093
1994-11-03,13731.073801900096
1994-11-04,13606.681829071033
1994-11-07,13619.711034658243
1994-11-08,13817.445677521657
1994-11-09,13745.727363176436
1994-11-10,13719.322237584114
1994-11-11,13677.401505970613
1994-11-14,13840.844047464789
1994-11-15,13823.216962454351
1994-11-16,13793.7842356723
1994-11-17,13714.034693584448
1994-11-18,13701.332528790346
1994-11-21,13547.082166215561
1994-11-22,13378.266066897359
1994-11-23,13321.110506881974
1994-11-25,13453.943723972316
1994-11-28,13494.522396918497
1994-11-29,13595.260836939284
1994-11-30,13460.828950329887
1994-12-01,13361.659039552018
1994-12-02,13374.839715738484
1994-12-05,13400.497257818532
1994-12-06,13363.743169623578
1994-12-07,13316.702981090866
1994-12-08,13202.9686361804
1994-12-09,13276.352521856405
1994-12-12,13336.13140714489
1994-12-13,13338.477012217547
1994-12-14,13421.827564242936
1994-12-15,13390.644317392072
1994-12-16,13348.619166865723
1994-12-19,13409.218217518446
1994-12-20,13348.826400771153
1994-12-21,13518.575200972256
1994-12-22,13550.892420778944
1994-12-23,13556.085372613778
1994-12-27,13635.538893972915
1994-12-28,13614.327882862335
1994-12-29,13709.317643621149
1994-12-30,13622.900206878947
1995-01-03,13499.29229794983
1995-01-04,13500.558052964183
1995-01-05,13430.640498569066
1995-01-06,13578.523830363714
1995-01-09,13554.213655357857
1995-01-10,13681.289726242368
1995-01-11,13772.904934536951
1995-01-12,13764.823828120127
1995-01-13,13745.768375713918
1995-01-16,13746.852094935606
1995-01-17,13847.633166357433
1995-01-18,13906.096639053258
1995-01-19,13920.478907775137
1995-01-20,13760.09479678833
1995-01-23,13730.627914877852
1995-01-24,13676.525770878596
1995-01-25,13678.0382270986
1995-01-26,13556.012420644929
1995-01-27,13534.758213245914
1995-01-30,13468.424096971921
1995-01-31,13503.396618052924
1995-02-01,13496.343021081704
1995-02-02,13559.202499242478
1995-02-03,13578.490541465639
1995-02-06,13599.443956979172
1995-02-07,13612.132802185384
1995-02-08,13670.7083136119
1995-02-09,13727.194536904586
1995-02-10,13756.741423473546
1995-02-13,13751.234676284803
1995-02-14,13724.77563961212
1995-02-15,13744.717564199667
1995-02-16,13783.830993980848
1995-02-17,13749.413956424389
1995-02-21,13705.8748751335
1995-02-22,13776.699346697445
1995-02-23,13759.52858180395
1995-02-24,13650.148744200997
1995-02-27,13608.70510692439
1995-02-28,13737.420991517594
1995-03-01,13748.17571220427
1995-03-02,13767.85876425549
1995-03-03,13860.34729811722
1995-03-06,13859.991156225062
1995-03-07,13854.955540680237
1995-03-08,13961.24364590079
1995-03-09,13976.078108933505
1995-03-10,14000.658120901104
1995-03-13,14014.047639834813
1995-03-14,13963.7530299456
1995-03-15,13928.379290535508
1995-03-16,13927.209618438907
1995-03-17,13914.192630141444
1995-03-20,13954.832233632704
1995-03-21,14012.505983714293
1995-03-22,14022.566351420395
1995-03-23,13990.6318469166
1995-03-24,14036.222805931797
1995-03-27,14012.168915317177
1995-03-28,13940.22249482693
1995-03-29,13888.638570449872
1995-03-30,13896.691462442339
1995-03-31,13956.240119883592
1995-04-03,13986.902620642995
1995-04-04,13891.73610782401
1995-04-05,13932.197657696792
1995-04-06,13915.38289925204
1995-04-07,13963.667834760938
1995-04-10,13950.850281601615
1995-04-11,14049.073782756413
1995-04-12,14124.654030320464
1995-04-13,14109.635525765822
1995-04-17,14188.365201207556
1995-04-18,14168.372899448967
1995-04-19,14114.707418902226
1995-04-20,14098.387318429062
1995-04-21,14121.067155127836
1995-04-24,14204.725209236727
1995-04-25,14169.907404933452
1995-04-26,14135.527372191948
1995-04-27,14179.875347427758
1995-04-28,14264.776299191619
1995-05-01,14227.982989688255
1995-05-02,14169.505104985079
1995-05-03,14281.095028390708
1995-05-04,14288.656315154918
1995-05-05,14272.750074175809
1995-05-08,14341.592092018649
1995-05-09,14342.55743591611
1995-05-10,14291.211902811261
1995-05-11,14376.300259344614
1995-05-12,14483.542035520935
1995-05-15,14557.585939376359
1995-05-16,14661.531355662757
1995-05-17,14695.194050430016
1995-05-18,14591.099360865543
1995-05-19,14616.248086403746
1995-05-22,14676.254959149042
1995-05-23,14760.154897681205
1995-05-24,14866.937106481939
1995-05-25,14901.828873946015
1995-05-26,14798.841988068312
1995-05-30,14591.124365718108
1995-05-31,14622.549299014909
1995-06-01,14665.71058040103
1995-06-02,14666.524208033514
1995-06-05,14726.791208949478
1995-06-06,14677.638910196327
1995-06-07,14708.840303645278
1995-06-08,14714.530353712797
1995-06-09,14819.577638631143
1995-06-12,14855.966567932039
1995-06-13,14854.118292146552
1995-06-14,14848.253422698455
1995-06-15,14880.882874470124
1995-06-16,14979.79290512462
1995-06-19,15101.780895264752
1995-06-20,15264.13997053884
1995-06-21,15309.65393412053
1995-06-22,15380.346027238715
1995-06-23,15304.967323628285
1995-06-26,15199.217530332064
1995-06-27,15060.194990482732
1995-06-28,15077.11145778694
1995-06-29,15167.856476674295
1995-06-30,15159.727757542534
1995-07-03,15189.009335359566
1995-07-05,15149.220745477787
1995-07-06,15242.457440680664
1995-07-07,15429.477818583613
1995-07-10,15523.07020316557
1995-07-11,15323.745231626206
1995-07-12,15505.128554171117
1995-07-13,15554.336790910038
1995-07-14,15667.901935559361
1995-07-17,15867.669419236754
1995-07-18,15590.143630514343
1995-07-19,15253.195086921396
1995-07-20,15313.363749270296
1995-07-21,15097.886636270585
1995-07-24,15237.165455927432
1995-07-25,15363.647786988658
1995-07-26,15429.819041178389
1995-07-27,15542.65528570941
1995-07-28,15322.402539983168
1995-07-31,15251.452777242814
1995-08-01,15112.442760735823
1995-08-02,15083.654452031777
1995-08-03,15153.847468942196
1995-08-04,15240.004906455953
1995-08-07,15204.041860834699
1995-08-08,15157.652967636652
1995-08-09,15296.986869995873
1995-08-10,15239.362394441421
1995-08-11,15281.486257353588
1995-08-14,15392.18770979004
1995-08-15,15427.420989650178
1995-08-16,15463.31693352095
1995-08-17,15522.644482156613
1995-08-18,15492.033423410918
1995-08-21,15366.904345436475
1995-08-22,15511.598997957297
1995-08-23,15498.876425754483
1995-08-24,15464.903316761567
1995-08-25,15393.246634743122
1995-08-28,15174.923394330674
1995-08-29,15181.388113917492
1995-08-30,15172.139119566114
1995-08-31,15162.078840755827
1995-09-01,15048.635273730342
1995-09-05,15403.396270581772
1995-09-06,15350.925402074097
1995-09-07,15445.041513715865
1995-09-08,15475.587515045589
1995-09-11,15569.731350070067
1995-09-12,15486.084695195119
1995-09-13,15536.414618595525
1995-09-14,15373.953492038785
1995-09-15,14852.752932010431
1995-09-18,14956.387854114399
1995-09-19,15000.716267172003
1995-09-20,14974.399704568174
1995-09-21,14876.453555178561
1995-09-22,14884.52961658488
1995-09-25,14894.082861965671
1995-09-26,14821.138598048325
1995-09-27,14801.738601328438
1995-09-28,14947.094595948305
1995-09-29,14871.733905236628
1995-10-02,14795.078011751948
1995-10-03,14844.49538830632
1995-10-04,14712.977954075792
1995-10-05,14780.657611657587
1995-10-06,14678.657567269833
1995-10-09,14562.495269506766
1995-10-10,14585.18351911847
1995-10-11,14721.594201804182
1995-10-12,14821.814882382398
1995-10-13,14794.509998258873
1995-10-16,14836.754401220569
1995-10-17,14987.022765484142
1995-10-18,15221.336759151514
1995-10-19,15193.111547516246
1995-10-20,15102.443073138891
1995-10-23,15138.921687933982
1995-10-24,15199.857476911977
1995-10-25,15128.89882767487
1995-10-26,15154.942926344704
1995-10-27,15234.310417137793
1995-10-30,15352.700588722033
1995-10-31,15311.227590856572
1995-11-01,15302.85885224825
1995-11-02,15423.841201466335
1995-11-03,15432.043498067216
1995-11-06,15387.635130180313
1995-11-07,15323.954709478658
1995-11-08,15378.164017416948
1995-11-09,15595.134315530275
1995-11-10,15608.38943871836
1995-11-13,15573.368408209317
1995-11-14,15500.752269601488
1995-11-15,15537.036472242115
1995-11-16,15436.127139752796
1995-11-17,15429.280890554332
1995-11-20,15223.224733955703
1995-11-21,15290.892083711728
1995-11-22,15206.793029218647
1995-11-24,15283.25932256936
1995-11-27,15266.998030717128
1995-11-28,15504.896954626813
1995-11-29,15423.735232079911
1995-11-30,15253.285675680168
1995-12-01,15164.266555256207
1995-12-04,15305.076025999133
1995-12-05,15250.095859842757
1995-12-06,15288.603915017204
1995-12-07,15297.192177670946
1995-12-08,15539.448139148846
1995-12-11,15481.114762827114
1995-12-12,15323.40153318798
1995-12-13,15274.178326828584
1995-12-14,15118.125057643127
1995-12-15,15079.954729127472
1995-12-18,14855.082256490241
1995-12-19,15135.463761721214
1995-12-20,14959.738160222996
1995-12-21,15013.53232548649
1995-12-22,15087.455828088825
1995-12-26,15084.14431965635
1995-12-27,15013.22938464373
1995-12-28,14913.342751235172
1995-12-29,14918.064102265529
1996-01-02,15038.577351986016
1996-01-03,14970.9521173951
1996-01-04,14946.30107895412
1996-01-05,15149.206923953485
1996-01-08,15153.538084388416
1996-01-09,14871.701837764422
1996-01-10,15068.665863071004
1996-01-11,15194.650377513584
1996-01-12,15161.19014664193
1996-01-15,14982.71372054682
1996-01-16,15153.573165551541
1996-01-17,15138.861064329722
1996-01-18,15147.745098154293
1996-01-19,15176.549000309426
1996-01-22,15263.685566083852
1996-01-23,15300.787807997964
1996-01-24,15446.82477507316
1996-01-25,15322.327358591354
1996-01-26,15345.35897482485
1996-01-29,15243.635407239983
1996-01-30,15199.403391999973
1996-01-31,15244.57944884272
1996-02-01,15344.538692691223
1996-02-02,15486.569525324127
1996-02-05,15613.734410090035
1996-02-06,15570.905665412385
1996-02-07,15492.185825558352
1996-02-08,15483.71385002356
1996-02-09,15461.641504277948
1996-02-12,15470.48398321778
1996-02-13,15457.467861534704
1996-02-14,15451.63278737763
1996-02-15,15541.86229656309
1996-02-16,15498.637929269307
1996-02-20,15517.470210853788
1996-02-21,15559.649295780324
1996-02-22,15688.294139249301
1996-02-23,15672.233489770206
1996-02-26,15639.341639139708
1996-02-27,15550.964569184101
1996-02-28,15481.691181547605
1996-02-29,15456.574144277733
1996-03-01,15248.084806831714
1996-03-04,15153.831201820536
1996-03-05,15319.810040652324
1996-03-06,15207.405461925682
1996-03-07,15203.726798751302
1996-03-08,15114.665970943784
1996-03-11,15222.085334568774
1996-03-12,15156.711838349593
1996-03-13,15291.196497614354
1996-03-14,15201.476974827188
1996-03-15,15288.483679586789
1996-03-18,15378.96631025605
1996-03-19,15389.19185387735
1996-03-20,15326.603069582423
1996-03-21,15223.62912648367
1996-03-22,15273.163386519805
1996-03-25,15149.191564826824
1996-03-26,15228.562289627254
1996-03-27,15303.48045786345
1996-03-28,15226.919699421473
1996-03-29,15197.96190867045
1996-04-01,15204.452079848872
1996-04-02,15219.384097962859
1996-04-03,15153.31715152446
1996-04-04,15116.79922549856
1996-04-08,15043.121671558682
1996-04-09,15053.139611754474
1996-04-10,15094.531506883004
1996-04-11,15094.110310734604
1996-04-12,15092.799271873633
1996-04-15,15109.509307036482
1996-04-16,15231.298040649703
1996-04-17,15216.962472118785
1996-04-18,15271.323898433819
1996-04-19,15317.007648799776
1996-04-22,15432.487529406728
1996-04-23,15467.990025512669
1996-04-24,15448.150860931715
1996-04-25,15515.132161677693
1996-04-26,15493.410977598365
1996-04-29,15475.599062341247
1996-04-30,15448.493636662568
1996-05-01,15511.90314111239
1996-05-02,15360.79797994432
1996-05-03,15396.287996615765
1996-05-06,15537.764653287493
1996-05-07,15584.077712676495
1996-05-08,15578.071495276634
1996-05-09,15551.860002848809
1996-05-10,15647.238656014486
1996-05-13,15730.45652645682
1996-05-14,15767.627909632654
1996-05-15,15777.031070317014
1996-05-16,15786.243758093982
1996-05-17,15756.982027443777
1996-05-20,15776.751256250025
1996-05-21,15714.073035224745
1996-05-22,15613.948112223963
1996-05-23,15651.236841238011
1996-05-24,15636.515431411386
1996-05-28,15608.219515448376
1996-05-29,15505.601021827231
1996-05-30,15584.117538102
1996-05-31,15607.385553195165
1996-06-03,15508.419327939198
1996-06-04,15489.05094452444
1996-06-05,15612.448900282101
1996-06-06,15463.403669371306
1996-06-07,15566.640704247986
1996-06-10,15500.182966968616
1996-06-11,15547.49634192006
1996-06-12,15639.676214336854
1996-06-13,15644.129611619495
1996-06-14,15552.544715654798
1996-06-17,15578.145075607414
1996-06-18,15479.035051881136
1996-06-19,15549.419152481374
1996-06-20,15536.77532690812
1996-06-21,15716.471480726368
1996-06-24,15710.773222929256
1996-06-25,15623.435041540417
1996-06-26,15509.860743693054
1996-06-27,15637.38918504205
1996-06-28,15644.665340107233
1996-07-01,15685.763745882066
1996-07-02,15610.696384969744
1996-07-03,15527.122632042121
1996-07-05,15424.727192431666
1996-07-08,15479.490947656044
1996-07-09,15467.831488416386
1996-07-10,15495.42563505237
1996-07-11,15328.958665769309
1996-07-12,15293.870006883719
1996-07-15,15144.629007074354
1996-07-16,15247.414253016781
1996-07-17,15332.946741773487
1996-07-18,15600.176822447154
1996-07-19,15573.938131950896
1996-07-22,15530.002428627868
1996-07-23,15365.555091422795
1996-07-24,15443.004555165591
1996-07-25,15604.885075944196
1996-07-26,15667.683146266376
1996-07-29,15616.630571074082
1996-07-30,15635.430104442336
1996-07-31,15704.440674262509
1996-08-01,15733.820650185698
1996-08-02,15819.03951816741
1996-08-05,15752.398723355847
1996-08-06,15865.065802303885
1996-08-07,16014.710835221209
1996-08-08,15952.189700085057
1996-08-09,16018.722345652015
1996-08-12,16017.416761643846
1996-08-13,15938.159183277321
1996-08-14,15963.321557259904
1996-08-15,15900.04625208979
1996-08-16,15891.426261466804
1996-08-19,15929.898252909303
1996-08-20,15898.323219116499
1996-08-21,15815.715957166085
1996-08-22,15868.763077039062
1996-08-23,15914.466968558081
1996-08-26,15883.328808618386
1996-08-27,15971.577049484607
1996-08-28,15938.71415268202
1996-08-29,15838.935620643113
1996-08-30,15724.228311491172
1996-09-03,15842.60253331047
1996-09-04,15851.449940641092
1996-09-05,15734.436992688617
1996-09-06,15777.052665853671
1996-09-09,15763.420112233478
1996-09-10,15715.118039231897
1996-09-11,15670.009681160745
1996-09-12,15723.838903943924
1996-09-13,16043.108191926553
1996-09-16,16092.374602391752
1996-09-17,16169.825406628759
1996-09-18,16324.154229967691
1996-09-19,16343.746536675812
1996-09-20,16368.063468982713
1996-09-23,16247.5663230611
1996-09-24,16274.269641214561
1996-09-25,16252.751831084515
1996-09-26,16121.351192018094
1996-09-27,16191.290989446676
1996-09-30,16106.804985725992
1996-10-01,16225.140004432136
1996-10-02,16327.049076822192
1996-10-03,16239.994363175088
1996-10-04,16374.71533644784
1996-10-07,16442.865046206494
1996-10-08,16357.454046272289
1996-10-09,16305.142734063942
1996-10-10,16392.77793227099
1996-10-11,16454.562110012354
1996-10-14,16516.861988704306
1996-10-15,16517.46454945831
1996-10-16,16519.831443394534
1996-10-17,16458.505885645674
1996-10-18,16487.73119463007
1996-10-21,16373.723724177886
1996-10-22,16282.90115488833
1996-10-23,16332.723153127386
1996-10-24,16395.988945980014
1996-10-25,16340.928485715292
1996-10-28,16360.484291822911
1996-10-29,16215.820769097765
1996-10-30,16171.044847212306
1996-10-31,16254.130120275368
1996-11-01,16388.114812972464
1996-11-04,16452.38421338358
1996-11-05,16538.917300171463
1996-11-06,16620.617713442825
1996-11-07,16635.755554453317
1996-11-08,16693.777795281017
1996-11-11,16695.272418955945
1996-11-12,16606.72527252311
1996-11-13,16728.99126045505
1996-11-14,16901.117707588153
1996-11-15,16799.21636597895
1996-11-18,16785.330681177074
1996-11-19,16854.214912210147
1996-11-20,16918.657211079353
1996-11-21,16791.000165313493
1996-11-22,16959.463709257492
1996-11-25,16982.088097013755
1996-11-26,16916.971734893566
1996-11-27,16940.028817192742
1996-11-29,16914.499258956417
1996-12-02,17004.781618034038
1996-12-03,16922.002623510885
1996-12-04,16777.021316362545
1996-12-05,16758.171889174202
1996-12-06,16712.07080366619
1996-12-09,17035.294068477626
1996-12-10,17040.821707561518
1996-12-11,16996.80285448663
1996-12-12,16877.136080282446
1996-12-13,16650.328268285615
1996-12-16,16430.979688923566
1996-12-17,16565.9738987436
1996-12-18,16641.870745518296
1996-12-19,16674.12018810968
1996-12-20,16750.264472710944
1996-12-23,16696.75555223242
1996-12-24,16775.105111055174
1996-12-26,16834.29394216395
1996-12-27,16744.714052979412
1996-12-30,16594.126710191107
1996-12-31,16527.978462953764
1997-01-02,16482.997737331767
1997-01-03,16671.97344223684
1997-01-06,16301.123739888817
1997-01-07,16287.066669964373
1997-01-08,16178.630222099593
1997-01-09,16104.033166494388
1997-01-10,16171.312352407429
1997-01-13,16177.259214846063
1997-01-14,16249.988178158368
1997-01-15,16068.417860078856
1997-01-16,16038.962834594118
1997-01-17,16108.82636510007
1997-01-20,16207.869279365934
1997-01-21,16306.371567781589
1997-01-22,16327.649937550064
1997-01-23,16163.704657757284
1997-01-24,16185.534347105793
1997-01-27,16128.40670319891
1997-01-28,16100.954435552347
1997-01-29,16102.06047168711
1997-01-30,16158.719905525595
1997-01-31,16170.865986377881
1997-02-03,16160.071678792367
1997-02-04,16141.050271436612
1997-02-05,15956.137787709114
1997-02-06,16016.913113900633
1997-02-07,16047.212805290605
1997-02-10,15995.894645567552
1997-02-11,15964.120708848537
1997-02-12,16065.523717928123
1997-02-13,16160.263833152274
1997-02-14,16112.435830919845
1997-02-18,16258.767172716063
1997-02-19,16283.96557373532
1997-02-20,16188.236925231122
1997-02-21,16212.663012892977
1997-02-24,16313.045321875405
1997-02-25,16343.705566583814
1997-02-26,16396.735530245827
1997-02-27,16345.94122815984
1997-02-28,16267.440601536973
1997-03-03,16353.595047007899
1997-03-04,16344.189659244752
1997-03-05,16363.420807961626
1997-03-06,16127.827331880842
1997-03-07,16031.535636336397
1997-03-10,16116.446665883339
1997-03-11,16078.047197967742
1997-03-12,16005.535298088545
1997-03-13,16132.667811566133
1997-03-14,16325.668488901238
1997-03-17,16374.204005801952
1997-03-18,16210.182451590954
1997-03-19,16136.870052107115
1997-03-20,16269.715098532673
1997-03-21,16192.015779893176
1997-03-24,16071.753830009446
1997-03-25,16034.06410352284
1997-03-26,16145.15093366033
1997-03-27,16267.354852925144
1997-03-31,16168.202127166176
1997-04-01,16105.480250211367
1997-04-02,16124.781908897456
1997-04-03,16300.07173604209
1997-04-04,16303.109383210287
1997-04-07,16415.561090981555
1997-04-08,16426.56852303034
1997-04-09,16350.957488414084
1997-04-10,16279.801495211057
1997-04-11,16161.820607332487
1997-04-14,16328.892139205387
1997-04-15,16188.354697144001
1997-04-16,16187.369363343896
1997-04-17,16209.702861816933
1997-04-18,16378.819585152947
1997-04-21,16314.990192320747
1997-04-22,16372.660096501006
1997-04-23,16525.065455609227
1997-04-24,16553.540032647616
1997-04-25,16469.401327718206
1997-04-28,16484.551244562008
1997-04-29,16580.51407051774
1997-04-30,16639.19442192335
1997-05-01,16644.88172152689
1997-05-02,16727.10768246505
1997-05-05,16806.863970122555
1997-05-06,16745.810235619
1997-05-07,16625.697711515044
1997-05-08,16753.64083142553
1997-05-09,16795.38075978259
1997-05-12,16891.97578905377
1997-05-13,16936.472214923335
1997-05-14,16892.43179380311
1997-05-15,16950.860336387814
1997-05-16,16791.508239359548
1997-05-19,16712.201676856548
1997-05-20,16883.821656116565
1997-05-21,16942.777816421516
1997-05-22,16922.439408070844
1997-05-23,16995.53954790634
1997-05-27,17133.97178853409
1997-05-28,17078.851767542954
1997-05-29,17065.18858190079
1997-05-30,17031.539556633437
1997-06-02,17136.583123036227
1997-06-03,16941.808885785806
1997-06-04,16889.335221190606
1997-06-05,16941.99618515302
1997-06-06,17120.532375425468
1997-06-09,17138.281546474955
1997-06-10,17042.73378420124
1997-06-11,17135.09473493763
1997-06-12,17130.351588126923
1997-06-13,17248.27561304983
1997-06-16,17275.397128502005
1997-06-17,17444.872034782682
1997-06-18,17210.42052085947
1997-06-19,17130.62183227409
1997-06-20,17049.689609955458
1997-06-23,16998.418908468142
1997-06-24,17153.526467579068
1997-06-25,17140.14611023754
1997-06-26,17032.49624727724
1997-06-27,17000.61947153215
1997-06-30,16919.373549675583
1997-07-01,16725.29440387463
1997-07-02,16747.744511467703
1997-07-03,16890.89422548574
1997-07-07,16689.7036494465
1997-07-08,16822.60394120547
1997-07-09,16785.839588151743
1997-07-10,16788.105809630248
1997-07-11,16944.349331582394
1997-07-14,17192.513020429014
1997-07-15,17349.478322591367
1997-07-16,17625.615448706092
1997-07-17,17668.734122392143
1997-07-18,17540.417671489427
1997-07-21,17357.917328553118
1997-07-22,17649.972103976263
1997-07-23,17507.29774706976
1997-07-24,17300.913936361747
1997-07-25,17375.30045542996
1997-07-28,17375.016058268513
1997-07-29,17450.98147888105
1997-07-30,17592.422629277975
1997-07-31,17555.251017723607
1997-08-01,17660.32577383522
1997-08-04,17767.911232790477
1997-08-05,17798.13418525804
1997-08-06,18339.70911544475
1997-08-07,18554.537464306133
1997-08-08,18345.61307798606
1997-08-11,18175.795856785568
1997-08-12,17884.75664669693
1997-08-13,18029.923018153528
1997-08-14,18029.088229090892
1997-08-15,17877.89288453509
1997-08-18,17981.244811036093
1997-08-19,18311.669418259557
1997-08-20,18336.43150858695
1997-08-21,18188.00827378693
1997-08-22,18211.91427220474
1997-08-25,18081.88838566015
1997-08-26,17950.161527750955
1997-08-27,17951.786664727773
1997-08-28,17741.72872698111
1997-08-29,17825.53086012938
1997-09-02,17983.72534473457
1997-09-03,17950.34413467572
1997-09-04,18017.209003986158
1997-09-05,17995.633815588517
1997-09-08,18014.001687502052
1997-09-09,18038.595357354723
1997-09-10,17916.97427058899
1997-09-11,17978.169571989645
1997-09-12,17985.513712055807
1997-09-15,17743.108498552956
1997-09-16,17967.68500082884
1997-09-17,17680.971437321357
1997-09-18,17744.40995190024
1997-09-19,17839.247719231927
1997-09-22,17836.407276651196
1997-09-23,17811.655680707267
1997-09-24,17788.50432151125
1997-09-25,17810.313203672813
1997-09-26,17829.412713896778
1997-09-29,17905.094469261014
1997-09-30,17844.65675423846
1997-10-01,17907.24366517383
1997-10-02,17874.92315126678
1997-10-03,17955.154667012983
1997-10-06,17968.81618202365
1997-10-07,18009.11456817432
1997-10-08,18026.948960272075
1997-10-09,18053.352039799563
1997-10-10,17955.40525275874
1997-10-13,17968.549059266254
1997-10-14,17940.079447237582
1997-10-15,17930.973162742415
1997-10-16,17695.187503664223
1997-10-17,17498.889197882996
1997-10-20,17409.409675361312
1997-10-21,17620.216355357
1997-10-22,17476.84743882608
1997-10-23,17382.52114820265
1997-10-24,17170.96222664143
1997-10-27,16833.624962663627
1997-10-28,17246.803939812715
1997-10-29,17182.14094984713
1997-10-30,17025.74031851293
1997-10-31,17143.559843075127
1997-11-03,17294.602042712686
1997-11-04,17410.97660125105
1997-11-05,17389.04988344399
1997-11-06,17330.35215676214
1997-11-07,17309.14597072449
1997-11-10,17210.17379192464
1997-11-11,17239.491655212907
1997-11-12,16948.3778855867
1997-11-13,17078.25163200765
1997-11-14,17125.114396731653
1997-11-17,17239.289597558018
1997-11-18,17163.53957063247
1997-11-19,17229.325426892476
1997-11-20,17264.759089663592
1997-11-21,17266.53606305778
1997-11-24,17044.997819504744
1997-11-25,17094.21030886857
1997-11-26,17073.713198833248
1997-11-28,17117.06516905581
1997-12-01,17048.972242545897
1997-12-02,16793.03325521735
1997-12-03,16797.72387195545
1997-12-04,16696.73155085843
1997-12-05,16752.660576725575
1997-12-08,16867.805452296845
1997-12-09,16194.762624216604
1997-12-10,16185.413942866931
1997-12-11,15998.754621769256
1997-12-12,15942.227899330246
1997-12-15,15951.610939574004
1997-12-16,16074.319244475384
1997-12-17,15967.668576606946
1997-12-18,15855.120309959892
1997-12-19,15765.188301659568
1997-12-22,15732.902652819
1997-12-23,15620.865605586034
1997-12-24,15544.572646083472
1997-12-26,15619.953358152543
1997-12-29,15746.348492394027
1997-12-30,15830.11040534066
1997-12-31,15802.338585766003
1998-01-02,16097.486387415847
1998-01-05,16019.756433740384
1998-01-06,16258.29386652297
1998-01-07,15968.126989392378
1998-01-08,15992.608708684365
1998-01-09,15791.7003281564
1998-01-12,15786.426935195484
1998-01-13,16023.401991090228
1998-01-14,16122.077121957094
1998-01-15,16059.956183791692
1998-01-16,16198.64110256196
1998-01-20,16288.453605238987
1998-01-21,16298.738837433144
1998-01-22,16387.45042484926
1998-01-23,16326.551117347326
1998-01-26,16528.0354074083
1998-01-27,16479.986541683847
1998-01-28,16705.430775991164
1998-01-29,16751.869258134648
1998-01-30,16848.524458152053
1998-02-02,16899.18879788372
1998-02-03,16925.833180057864
1998-02-04,16911.208588144862
1998-02-05,16867.903621235353
1998-02-06,17149.14404031226
1998-02-09,17281.687593893326
1998-02-10,17283.595621298562
1998-02-11,17197.8452176077
1998-02-12,17245.983137648458
1998-02-13,17212.64698808373
1998-02-17,17131.55414304405
1998-02-18,17230.981957605698
1998-02-19,17176.310312334062
1998-02-20,17102.010458238234
1998-02-23,17348.709224502585
1998-02-24,17333.164304129896
1998-02-25,17507.702441357425
1998-02-26,17617.642916964665
1998-02-27,17620.71086679498
1998-03-02,17482.430012832887
1998-03-03,17662.62254600975
1998-03-04,17735.64603065825
1998-03-05,17540.5222434736
1998-03-06,17774.030607845292
1998-03-09,17422.58379095364
1998-03-10,17710.136085769125
1998-03-11,17955.968275206105
1998-03-12,18050.992701379288
1998-03-13,18193.264220765355
1998-03-16,18168.11568267421
1998-03-17,18027.10428333807
1998-03-18,18107.30484809644
1998-03-19,18105.46288963872
1998-03-20,18057.833258900035
1998-03-23,18175.21131482293
1998-03-24,18527.839247094747
1998-03-25,18548.94180013554
1998-03-26,18539.94088128306
1998-03-27,18576.037173231696
1998-03-30,18647.18673842983
1998-03-31,18695.89505611069
1998-04-01,18705.156081921075
1998-04-02,18611.26587573653
1998-04-03,18584.41282580437
1998-04-06,18438.537005024795
1998-04-07,18275.674320069313
1998-04-08,18257.37162176119
1998-04-09,18293.67715038896
1998-04-13,18473.470076253187
1998-04-14,18554.696012516783
1998-04-15,18621.193348552497
1998-04-16,18679.797690086212
1998-04-17,18641.872512904476
1998-04-20,18811.88802112007
1998-04-21,18824.116942335255
1998-04-22,18859.11852897289
1998-04-23,18669.71286091644
1998-04-24,18687.502437744733
1998-04-27,18542.15503192925
1998-04-28,18427.311508153078
1998-04-29,18455.126322571556
1998-04-30,18490.050153756703
1998-05-01,18454.965655205673
1998-05-04,18576.985530271326
1998-05-05,18545.12808297759
1998-05-06,18562.214375155676
1998-05-07,18410.944829070973
1998-05-08,18590.34928338259
1998-05-11,18519.35952632625
1998-05-12,18486.979359233712
1998-05-13,18540.956478997792
1998-05-14,18521.844017851337
1998-05-15,18538.90243198788
1998-05-18,18330.313269088503
1998-05-19,18444.833800261775
1998-05-20,18378.61603198538
1998-05-21,18308.546486964544
1998-05-22,18159.53543191861
1998-05-26,17940.715959424368
1998-05-27,17910.176653951883
1998-05-28,18060.3067941268
1998-05-29,17867.174728476213
1998-06-01,17668.394060509643
1998-06-02,17928.778608493212
1998-06-03,17803.85898035169
1998-06-04,17991.44884193466
1998-06-05,18046.666504709574
1998-06-08,18085.099614862673
1998-06-09,18330.873534541344
1998-06-10,18126.873425716978
1998-06-11,18005.866074745652
1998-06-12,18060.526205038877
1998-06-15,17932.360125214727
1998-06-16,18076.876573429818
1998-06-17,18189.101154830318
1998-06-18,18160.46866709896
1998-06-19,18285.166123459763
1998-06-22,18298.507239046354
1998-06-23,18469.737127788485
1998-06-24,18646.093293416186
1998-06-25,18561.46257579048
1998-06-26,18599.80037262934
1998-06-29,18716.88100268908
1998-06-30,18789.595565801945
1998-07-01,18912.26570108422
1998-07-02,18638.899946594825
1998-07-06,18792.19803585745
1998-07-07,18803.80216090039
1998-07-08,19075.36696406158
1998-07-09,19075.09100539431
1998-07-10,19190.462242920745
1998-07-13,19540.761232329132
1998-07-14,19523.312523220186
1998-07-15,19715.78248716191
1998-07-16,20093.984876048376
1998-07-17,19984.864435344032
1998-07-20,19954.170832271728
1998-07-21,19804.303385423817
1998-07-22,19697.186030074838
1998-07-23,19532.05524613769
1998-07-24,19514.943426785958
1998-07-27,19643.116583334064
1998-07-28,19469.696424266967
1998-07-29,19561.46756359726
1998-07-30,19757.895329995106
1998-07-31,19454.71094976904
1998-08-03,19433.594415196476
1998-08-04,19165.381409755435
1998-08-05,19349.541471042245
1998-08-06,19528.975573175667
1998-08-07,19397.961119066567
1998-08-10,19471.05017782191
1998-08-11,19530.464973524642
1998-08-12,19737.570500769616
1998-08-13,19564.394204434066
1998-08-14,19646.858239485446
1998-08-17,19862.94325450126
1998-08-18,19989.10829636789
1998-08-19,19918.039183577668
1998-08-20,19936.294163966966
1998-08-21,20120.95857468741
1998-08-24,19906.589995939852
1998-08-25,19897.119171806706
1998-08-26,19828.356045154702
1998-08-27,19302.033902005525
1998-08-28,18699.197938178753
1998-08-31,18079.74362184327
1998-09-01,18639.694017181846
1998-09-02,18767.868038222106
1998-09-03,18539.39410579456
1998-09-04,18737.15804645989
1998-09-08,19253.718189457017
1998-09-09,19155.23058303409
1998-09-10,19333.662099954516
1998-09-11,19654.92185992721
1998-09-14,19678.69243380615
1998-09-15,19873.56618140103
1998-09-16,19761.921130817827
1998-09-17,19560.065413846205
1998-09-18,19665.47776029461
1998-09-21,19839.445139428368
1998-09-22,19867.649580515277
1998-09-23,20107.48543333622
1998-09-24,20087.177445586494
1998-09-25,20314.7955802748
1998-09-28,20150.247407502284
1998-09-29,20361.2557514034
1998-09-30,20125.123640400765
1998-10-01,19651.272330042364
1998-10-02,19575.322789165628
1998-10-05,19028.811305553398
1998-10-06,18871.128360166575
1998-10-07,18863.306599878815
1998-10-08,18683.224397629256
1998-10-09,19338.505958082038
1998-10-12,19554.41676232573
1998-10-13,19584.33786188678
1998-10-14,19602.32257492172
1998-10-15,19779.808896631774
1998-10-16,19752.311346864903
1998-10-19,19893.25619766949
1998-10-20,19514.633611435886
1998-10-21,19835.612624434718
1998-10-22,19851.625058821053
1998-10-23,19622.04271828796
1998-10-26,19856.758775470036
1998-10-27,19587.524698526056
1998-10-28,19828.242413216434
1998-10-29,19866.31912973868
1998-10-30,19949.517271380137
1998-11-02,20032.809711583315
1998-11-03,19959.333434569748
1998-11-04,20124.768402011057
1998-11-05,20200.7763974209
1998-11-06,20280.370402088698
1998-11-09,20179.510692124673
1998-11-10,20046.99128320136
1998-11-11,20029.410376957574
1998-11-12,19993.343957958106
1998-11-13,20253.9419410252
1998-11-16,20167.941346599207
1998-11-17,20152.446216614695
1998-11-18,20243.243818970055
1998-11-19,20334.70892885892
1998-11-20,20400.001949217545
1998-11-23,20774.533193150877
1998-11-24,20690.486829029174
1998-11-25,20644.983318168517
1998-11-27,20819.017997652125
1998-11-30,20225.008736520598
1998-12-01,20791.298279135564
1998-12-02,20880.836467733476
1998-12-03,20425.339163604374
1998-12-04,20562.315000326784
1998-12-07,20874.585975506347
1998-12-08,20538.77543169302
1998-12-09,20681.737630799125
1998-12-10,20509.59584959471
1998-12-11,20852.642561395398
1998-12-14,20583.720943919263
1998-12-15,20976.338649240424
1998-12-16,20909.27187983705
1998-12-17,21013.283246129104
1998-12-18,21252.089252612368
1998-12-21,21256.39756155172
1998-12-22,21520.105365974232
1998-12-23,21924.469716141655
1998-12-24,21790.068558962234
1998-12-28,22157.790193202025
1998-12-29,22169.412121561203
1998-12-30,22020.88627207258
1998-12-31,22056.96496928939
1999-01-04,22126.284662807644
1999-01-05,22724.733386793712
1999-01-06,23363.610326580016
1999-01-07,23537.26679883301
1999-01-08,23390.153513599253
1999-01-11,23353.710577642618
1999-01-12,23103.59735352624
1999-01-13,23227.75389088573
1999-01-14,22774.04103142019
1999-01-15,23203.452353159253
1999-01-19,23403.219638281425
1999-01-20,23529.149842369585
1999-01-21,23189.49200115916
1999-01-22,23386.258490674783
1999-01-25,23523.603245513437
1999-01-26,23884.493407554735
1999-01-27,23539.524284554787
1999-01-28,23870.020893296543
1999-01-29,24237.912621553725
1999-02-01,24387.992565455548
1999-02-02,24045.68239310104
1999-02-03,24293.01309544002
1999-02-04,23889.262145409954
1999-02-05,23641.71699640431
1999-02-08,24061.313311694725
1999-02-09,23616.76349846074
1999-02-10,23734.59156999739
1999-02-11,24257.327438388984
1999-02-12,23868.0577392834
1999-02-16,23659.22882930233
1999-02-17,23261.25174830359
1999-02-18,23075.346672347707
1999-02-19,23317.213000476193
1999-02-22,23570.471011176494
1999-02-23,23791.559342161294
1999-02-24,23584.946718189116
1999-02-25,23606.001509100384
1999-02-26,23122.295390808635
1999-03-01,22955.814236253296
1999-03-02,22883.82500357263
1999-03-03,22821.93326624973
1999-03-04,22991.65811225523
1999-03-05,23159.13617222662
1999-03-08,23444.84408821406
1999-03-09,23542.93207496841
1999-03-10,23470.565674425867
1999-03-11,23480.89662219419
1999-03-12,22788.21733063175
1999-03-15,23037.16227262014
1999-03-16,23209.33020057369
1999-03-17,23113.943480715458
1999-03-18,23390.05412170054
1999-03-19,22993.163597183397
1999-03-22,23055.648366216963
1999-03-23,22653.780021154533
1999-03-24,22669.136377803796
1999-03-25,23030.61777502741
1999-03-26,22794.26101711703
1999-03-29,23198.148877040665
1999-03-30,23154.24404477195
1999-03-31,23018.959923767172
1999-04-01,23172.94026959849
1999-04-05,23398.469293779763
1999-04-06,23266.36290768174
1999-04-07,23155.127326309594
1999-04-08,23354.656835259848
1999-04-09,23433.499654688752
1999-04-12,23242.793759810917
1999-04-13,22935.927987995037
1999-04-14,22846.64610541662
1999-04-15,23004.15902112778
1999-04-16,22939.768205869314
1999-04-19,22453.962895344077
1999-04-20,22422.796488401913
1999-04-21,22746.15505814556
1999-04-22,23152.741152893912
1999-04-23,23423.709502072088
1999-04-26,23636.303054391108
1999-04-27,23642.71980743583
1999-04-28,23340.398686148685
1999-04-29,23059.58708529562
1999-04-30,23129.834497975222
1999-05-03,23295.053573558198
1999-05-04,22874.62476795634
1999-05-05,22920.246569397474
1999-05-06,22800.41125492325
1999-05-07,22857.385740668753
1999-05-10,22615.009600122285
1999-05-11,22692.090679870715
1999-05-12,22839.518715954426
1999-05-13,22732.74284190869
1999-05-14,22710.10441782851
1999-05-17,22820.963045547207
1999-05-18,23029.991242935837
1999-05-19,23202.718729206634
1999-05-20,22843.64016785503
1999-05-21,22890.34458352074
1999-05-24,22617.60683094171
1999-05-25,22434.34469983905
1999-05-26,22698.476219070606
1999-05-27,22623.71069096858
1999-05-28,22790.058816992456
1999-06-01,22790.422207218704
1999-06-02,22985.888211733472
1999-06-03,23027.58454532476
1999-06-04,23363.687065906335
1999-06-07,23419.50701861381
1999-06-08,23191.538624341672
1999-06-09,23411.989090448616
1999-06-10,23388.30589433969
1999-06-11,23172.804408622535
1999-06-14,23321.26161703351
1999-06-15,23292.872042088595
1999-06-16,24284.793138306908
1999-06-17,24401.78090672169
1999-06-18,24516.875009086234
1999-06-21,24698.969831913833
1999-06-22,24340.60416683668
1999-06-23,24262.23259415796
1999-06-24,24229.79747599954
1999-06-25,24302.552452983644
1999-06-28,24372.64821377939
1999-06-29,24777.639090242974
1999-06-30,25053.73762502862
1999-07-01,25254.26950873543
1999-07-02,25390.333233696143
1999-07-06,25240.740431304614
1999-07-07,25407.722317956424
1999-07-08,25754.443767798
1999-07-09,25928.272799510458
1999-07-12,25810.449385065138
1999-07-13,25636.046996024295
1999-07-14,25960.895543308685
1999-07-15,25955.36482298261
1999-07-16,26456.46383066798
1999-07-19,26355.396623142897
1999-07-20,25513.982598089242
1999-07-21,25598.15928724881
1999-07-22,25126.212229298922
1999-07-23,25161.12929725378
1999-07-26,24730.915145119317
1999-07-27,25306.204740947316
1999-07-28,25567.387010138642
1999-07-29,25375.655421651332
1999-07-30,25486.265940372177
1999-08-02,25408.61039509781
1999-08-03,25301.454435013842
1999-08-04,25079.097534024306
1999-08-05,25077.104627976398
1999-08-06,24915.280156737983
1999-08-09,25118.99695889598
1999-08-10,25331.61662322215
1999-08-11,25899.15106012414
1999-08-12,25631.910129731023
1999-08-13,25861.93760621039
1999-08-16,25891.499170303712
1999-08-17,25729.445760833627
1999-08-18,25405.30285077166
1999-08-19,25347.713450077532
1999-08-20,25466.905606840955
1999-08-23,25698.367706421664
1999-08-24,25856.097003802373
1999-08-25,26089.97760521226
1999-08-26,26148.02347372457
1999-08-27,26337.375200395913
1999-08-30,26113.14701927748
1999-08-31,26262.428906785677
1999-09-01,26655.972434688072
1999-09-02,26802.296302583243
1999-09-03,27504.39115810256
1999-09-07,27838.783620702194
1999-09-08,27723.35630039092
1999-09-09,27801.978438870236
1999-09-10,27970.936953791406
1999-09-13,27633.76833775204
1999-09-14,27924.37802270381
1999-09-15,27433.84764019339
1999-09-16,27423.41600270113
1999-09-17,27697.632714897954
1999-09-20,28011.19332557356
1999-09-21,27373.775137976903
1999-09-22,27699.22370873732
1999-09-23,27033.291234928376
1999-09-24,27134.249725142803
1999-09-27,27356.78256111964
1999-09-28,27773.816864531393
1999-09-29,27964.010562257223
1999-09-30,28107.603047336503
1999-10-01,28190.59878029326
1999-10-04,28644.572571802837
1999-10-05,29253.519493640062
1999-10-06,29196.085541919845
1999-10-07,29138.067255657574
1999-10-08,29170.271630898325
1999-10-11,29273.09971274817
1999-10-12,29377.224084581725
1999-10-13,29075.218197152808
1999-10-14,29342.274409461745
1999-10-15,28990.28878651998
1999-10-18,28575.1584613768
1999-10-19,28215.423885453518
1999-10-20,28909.33743859715
1999-10-21,28918.715221998304
1999-10-22,28817.734510593247
1999-10-25,28762.349966977563
1999-10-26,28731.475974098503
1999-10-27,28586.84605524966
1999-10-28,28973.34848364404
1999-10-29,29640.282004850167
1999-11-01,29561.040711060632
1999-11-02,29937.216242082028
1999-11-03,30599.57279467765
1999-11-04,30867.44950754793
1999-11-05,31276.94944901567
1999-11-08,31625.817708721923
1999-11-09,31139.35037768475
1999-11-10,31302.0522746675
1999-11-11,31916.059351226213
1999-11-12,31993.9565561295
1999-11-15,31753.029390429838
1999-11-16,32178.186552829095
1999-11-17,32595.385509541084
1999-11-18,32827.084501623256
1999-11-19,33105.46791286304
1999-11-22,33083.549745554126
1999-11-23,32903.65396777229
1999-11-24,32992.44648589281
1999-11-26,33536.058224001645
1999-11-29,33443.90017012703
1999-11-30,33394.51452979296
1999-12-01,34129.82768176944
1999-12-02,34956.18258014406
1999-12-03,35517.49014103711
1999-12-06,35426.42104703991
1999-12-07,36015.051392768204
1999-12-08,35325.00415320869
1999-12-09,35054.32402467842
1999-12-10,35031.75586836079
1999-12-13,34457.1459176355
1999-12-14,34133.71401287831
1999-12-15,35371.15328544104
1999-12-16,35729.77995521978
1999-12-17,36135.86409528212
1999-12-20,36829.575058446295
1999-12-21,37715.64083453486
1999-12-22,38360.46585280034
1999-12-23,38722.72868709342
1999-12-27,38214.31878037206
1999-12-28,38115.17565716293
1999-12-29,38680.49526804598
1999-12-30,38708.45933119907
1999-12-31,39262.10569235138
2000-01-03,40390.496320935024
2000-01-04,38924.1139144662
2000-01-05,38678.70430216672
2000-01-06,37749.013389780215
2000-01-07,38405.925282962606
2000-01-10,39112.45932131625
2000-01-11,38620.08314541477
2000-01-12,38136.286340006765
2000-01-13,38693.925744576874
2000-01-14,39472.038481917116
2000-01-18,40026.1013420206
2000-01-19,40090.26044310582
2000-01-20,40905.661388414774
2000-01-21,40679.074929719216
2000-01-24,39720.98520784847
2000-01-25,40276.105836031624
2000-01-26,39542.58249144915
2000-01-27,39257.39888724028
2000-01-28,38517.119775860934
2000-01-31,38811.61731274816
2000-02-01,39306.860662919455
2000-02-02,39482.31514956234
2000-02-03,40126.38575115429
2000-02-04,40730.970215197245
2000-02-07,41889.31830193196
2000-02-08,41643.89978782712
2000-02-09,41776.38670529498
2000-02-10,42112.44448412002
2000-02-11,41319.26965493623
2000-02-14,41590.882154982224
2000-02-15,41407.305044832305
2000-02-16,41095.30985533122
2000-02-17,41391.20159284299
2000-02-18,40601.682070090865
2000-02-22,40711.70322916299
2000-02-23,41279.61377060719
2000-02-24,40874.9027411406
2000-02-25,40762.34008353
2000-02-28,40782.943917770885
2000-02-29,41236.872811088695
2000-03-01,42134.16195965546
2000-03-02,41559.779841024
2000-03-03,42565.363938770606
2000-03-06,42080.982741540945
2000-03-07,41869.9216810599
2000-03-08,42397.633654843936
2000-03-09,42753.4528636409
2000-03-10,43179.44658397354
2000-03-13,42504.74730517085
2000-03-14,41790.52225343063
2000-03-15,41734.272810948656
2000-03-16,42131.315925636954
2000-03-17,42280.06075617525
2000-03-20,42080.14689643137
2000-03-21,42606.30718456313
2000-03-22,43396.20118920146
2000-03-23,43736.36145429881
2000-03-24,43560.85351655464
2000-03-27,43574.44030280113
2000-03-28,43242.82855918367
2000-03-29,42258.8650466042
2000-03-30,41101.5324405127
2000-03-31,41632.15432346145
2000-04-03,40557.240547106
2000-04-04,40422.902321688205
2000-04-05,41211.2451666789
2000-04-06,41608.65609048
2000-04-07,42294.18072724697
2000-04-10,41404.95688095803
2000-04-11,40673.18835791386
2000-04-12,39476.0806964365
2000-04-13,39602.626200479
2000-04-14,38322.90985766353
2000-04-17,39933.649056606264
2000-04-18,40799.58937113149
2000-04-19,40168.69956472418
2000-04-20,39759.49329133087
2000-04-24,39100.225713490545
2000-04-25,40049.33822955137
2000-04-26,39336.89032008924
2000-04-27,40057.047118567614
2000-04-28,40340.43244295913
2000-05-01,40465.86921289387
2000-05-02,39974.4972167338
2000-05-03,39664.14785975474
2000-05-04,39515.647372215026
2000-05-05,39998.60061906325
2000-05-08,38974.99997913037
2000-05-09,38533.23524513212
2000-05-10,37811.284920661084
2000-05-11,38352.485906152826
2000-05-12,38914.68321292038
2000-05-15,39015.435788284325
2000-05-16,39536.34658762208
2000-05-17,39065.44392016372
2000-05-18,38681.96553523995
2000-05-19,37898.454589483335
2000-05-22,37335.64412010519
2000-05-23,36736.34802983041
2000-05-24,37095.42225116736
2000-05-25,37043.82041108687
2000-05-26,37244.15979869243
2000-05-30,38021.67095699528
2000-05-31,37580.05597198067
2000-06-01,38705.92049940113
2000-06-02,39749.40112274153
2000-06-05,39667.54995397273
2000-06-06,39654.03066805546
2000-06-07,39665.05164971354
2000-06-08,39945.88000558055
2000-06-09,40239.51531741896
2000-06-12,39681.4117091668
2000-06-13,40222.03399299904
2000-06-14,39672.813132012896
2000-06-15,39955.285391784426
2000-06-16,40094.960095874085
2000-06-19,40527.27444518148
2000-06-20,40995.907430632564
2000-06-21,41665.37493017755
2000-06-22,41211.024245587
2000-06-23,40735.258943683664
2000-06-26,41098.67899031503
2000-06-27,40995.1852400475
2000-06-28,41476.318384435464
2000-06-29,40885.317278352784
2000-06-30,41379.76611384147
2000-07-03,41004.705360048516
2000-07-05,39859.46254809785
2000-07-06,40280.26125758822
2000-07-07,40654.78171852169
2000-07-10,40802.56845658576
2000-07-11,40558.540723201135
2000-07-12,40900.01774597388
2000-07-13,40812.80938951207
2000-07-14,41063.811403900276
2000-07-17,41298.04658689829
2000-07-18,40873.482263616235
2000-07-19,40032.22060878993
2000-07-20,40678.221667121725
2000-07-21,40268.982844862905
2000-07-24,39630.244925366926
2000-07-25,39899.85731615713
2000-07-26,39795.41020118022
2000-07-27,39543.39985613367
2000-07-28,38818.589155670525
2000-07-31,39438.33898885132
2000-08-01,39036.30696386457
2000-08-02,38843.40925414658
2000-08-03,38759.735203720375
2000-08-04,38901.61568614444
2000-08-07,38942.77686566541
2000-08-08,38990.24953346967
2000-08-09,38978.344030383414
2000-08-10,38853.723545336106
2000-08-11,39029.960019058744
2000-08-14,39312.916445724855
2000-08-15,39221.846407108824
2000-08-16,39498.74398307869
2000-08-17,40151.09026151692
2000-08-18,39907.2839552145
2000-08-21,39919.00206821086
2000-08-22,40114.62382240059
2000-08-23,40231.378015459704
2000-08-24,40529.19290005099
2000-08-25,40448.091183221
2000-08-28,40707.2521123855
2000-08-29,40788.976272940854
2000-08-30,40681.99824498049
2000-08-31,41152.14187226632
2000-09-01,41755.90346490878
2000-09-05,41525.638228108175
2000-09-06,40730.429510730886
2000-09-07,41219.877473412445
2000-09-08,40434.98357231895
2000-09-11,40079.09982536518
2000-09-12,39765.50715572394
2000-09-13,39873.362715276235
2000-09-14,40018.967259539306
2000-09-15,39204.32067502368
2000-09-18,39399.17764220453
2000-09-19,39649.73669845866
2000-09-20,39664.75468527808
2000-09-21,39150.28846429707
2000-09-22,38941.0855923185
2000-09-25,38765.05050839913
2000-09-26,38740.03342957852
2000-09-27,38652.50403776294
2000-09-28,39258.31358037117
2000-09-29,36765.16608792823
2000-10-02,36345.2904720196
2000-10-03,35555.07492608305
2000-10-04,35630.72941351499
2000-10-05,35549.63222555942
2000-10-06,35249.73856647831
2000-10-09,35084.44425797329
2000-10-10,34638.62418450121
2000-10-11,34393.02145785757
2000-10-12,34399.91904723788
2000-10-13,35406.961494956566
2000-10-16,34898.313915685816
2000-10-17,34202.69612220673
2000-10-18,34353.440469549256
2000-10-19,35207.728516476054
2000-10-20,35276.19534834787
2000-10-23,35170.98984625105
2000-10-24,35184.84268227961
2000-10-25,34578.42933571711
2000-10-26,34833.327713214625
2000-10-27,34861.155951246306
2000-10-30,34612.98555281092
2000-10-31,34960.48595690337
2000-11-01,34823.71234695517
2000-11-02,34770.52952451426
2000-11-03,34901.55667645423
2000-11-06,34631.23357313918
2000-11-07,34273.897005646715
2000-11-08,33695.065423471686
2000-11-09,34064.8071343192
2000-11-10,33327.643490469505
2000-11-13,33308.23580125551
2000-11-14,34059.92742247728
2000-11-15,34138.61519062
2000-11-16,33719.42016848631
2000-11-17,33793.35399891921
2000-11-20,33092.16460853205
2000-11-21,32952.57868561221
2000-11-22,32651.198393091716
2000-11-24,33203.71545535429
2000-11-27,33188.86874137504
2000-11-28,32877.23972489149
2000-11-29,32902.988174316466
2000-11-30,32940.70947027163
2000-12-01,33011.617503898095
2000-12-04,33234.31061429078
2000-12-05,34173.70135795373
2000-12-06,33738.26810054327
2000-12-07,33423.92833784599
2000-12-08,33933.545423860174
2000-12-11,34432.139039098896
2000-12-12,34161.580770067216
2000-12-13,33516.509540108134
2000-12-14,33174.51382893765
2000-12-15,33048.347943808796
2000-12-18,33386.661533188875
2000-12-19,33051.49474621426
2000-12-20,32692.097534156743
2000-12-21,33045.74426056293
2000-12-22,33680.68738539731
2000-12-26,33578.31716310645
2000-12-27,33608.34496940772
2000-12-28,33558.56396404441
2000-12-29,33191.82032456053
2001-01-02,32498.510682477892
2001-01-03,34202.39086121582
2001-01-04,33906.65221310121
2001-01-05,33750.3746161442
2001-01-08,33855.39525505714
2001-01-09,34706.096202989116
2001-01-10,34839.0031433776
2001-01-11,35353.453557995555
2001-01-12,35278.92699321821
2001-01-16,35211.674872191645
2001-01-17,35534.596516714984
2001-01-18,36762.63950661659
2001-01-19,37421.51466432157
2001-01-22,36817.77992845516
2001-01-23,37402.22097535904
2001-01-24,38164.80015574118
2001-01-25,37193.74519872832
2001-01-26,37011.44085643882
2001-01-29,37540.2606951386
2001-01-30,37506.206143950876
2001-01-31,37107.44785670875
2001-02-01,36908.791809440474
2001-02-02,36077.705358715844
2001-02-05,35829.86132575307
2001-02-06,36046.01066796869
2001-02-07,35852.78161531596
2001-02-08,35705.974157650424
2001-02-09,34674.65778778551
2001-02-12,35216.54506337943
2001-02-13,34953.07433456012
2001-02-14,35326.178375088144
2001-02-15,35584.195158870636
2001-02-16,34828.6010524927
2001-02-20,34038.9241304301
2001-02-21,34041.75261683094
2001-02-22,33976.230538819465
2001-02-23,34030.68743876889
2001-02-26,34542.074755059744
2001-02-27,34479.21829614798
2001-02-28,33683.520909343504
2001-03-01,33699.13030215666
2001-03-02,33515.48567022693
2001-03-05,34491.9875148744
2001-03-06,35139.761948801824
2001-03-07,35110.409761510666
2001-03-08,34701.957294613254
2001-03-09,34503.3519090258
2001-03-12,33413.087671446454
2001-03-13,34092.36733581134
2001-03-14,33937.0956727993
2001-03-15,33833.36080616571
2001-03-16,33822.9220906646
2001-03-19,33847.70271523552
2001-03-20,33391.68645562753
2001-03-21,33221.74338902706
2001-03-22,34071.01039723846
2001-03-23,34819.27502777174
2001-03-26,34568.3057659918
2001-03-27,35104.26811823048
2001-03-28,34360.6116244412
2001-03-29,34253.72578011588
2001-03-30,34040.96687765722
2001-04-02,33336.640839671905
2001-04-03,32656.853732457734
2001-04-04,32376.80302354591
2001-04-05,33491.61971675154
2001-04-06,33071.10146188352
2001-04-09,33736.24708996542
2001-04-10,34558.05877461255
2001-04-11,35176.94959121688
2001-04-12,35930.5858969046
2001-04-16,35273.08064345952
2001-04-17,35260.08733043946
2001-04-18,37046.3876458507
2001-04-19,37824.16958797526
2001-04-20,37564.08148869935
2001-04-23,37253.42649718593
2001-04-24,37070.09693760484
2001-04-25,37516.86119971975
2001-04-26,37323.99778323608
2001-04-27,37757.166510469484
2001-04-30,38169.543504133784
2001-05-01,38840.010242238306
2001-05-02,38961.83787361599
2001-05-03,38322.93928911262
2001-05-04,38767.604276382495
2001-05-07,38449.19269761518
2001-05-08,38197.793260448234
2001-05-09,37659.81242949655
2001-05-10,37346.95788683655
2001-05-11,37176.79541263597
2001-05-14,36682.62927821321
2001-05-15,36560.494535445956
2001-05-16,37166.22847243507
2001-05-17,37402.52906195998
2001-05-18,37247.21851031413
2001-05-21,38418.77288731617
2001-05-22,38290.0594925423
2001-05-23,37952.0250075292
2001-05-24,38499.10276574426
2001-05-25,37987.50033522743
2001-05-29,37618.48211454948
2001-05-30,36445.32108605582
2001-05-31,36658.929629066704
2001-06-01,36943.089834457765
2001-06-04,36905.466732110326
2001-06-05,37219.59057643006
2001-06-06,36964.81800969743
2001-06-07,37644.913271826554
2001-06-08,37440.71743062844
2001-06-11,36834.07307912274
2001-06-12,36847.44199278044
2001-06-13,36723.75736326769
2001-06-14,36207.863230432406
2001-06-15,36129.662150666096
2001-06-18,35671.341057507074
2001-06-19,35568.82796030085
2001-06-20,36104.213709747004
2001-06-21,36384.3071010254
2001-06-22,36240.566671585904
2001-06-25,36767.14079957132
2001-06-26,36888.5177976519
2001-06-27,37163.46767318385
2001-06-28,37343.98116990649
2001-06-29,37469.576849005934
2001-07-02,37432.46272327618
2001-07-03,37340.36462333904
2001-07-05,37070.98870132716
2001-07-06,36449.834418408005
2001-07-09,36798.38862857159
2001-07-10,36338.614633525765
2001-07-11,36747.484983685994
2001-07-12,37974.59771022329
2001-07-13,38120.327652557484
2001-07-16,37605.633921125875
2001-07-17,38073.46971465836
2001-07-18,36829.65768072052
2001-07-19,37148.83008914813
2001-07-20,36828.13739765163
2001-07-23,36149.409989347994
2001-07-24,35004.330366003574
2001-07-25,34934.073365352786
2001-07-26,35255.61048680225
2001-07-27,35392.716347477624
2001-07-30,35517.81236192359
2001-07-31,35744.529979052706
2001-08-01,36073.53737873807
2001-08-02,36213.27374087114
2001-08-03,35984.14669908397
2001-08-06,35630.45647883517
2001-08-07,35502.00427528618
2001-08-08,35144.07131897019
2001-08-09,35184.31253170537
2001-08-10,35414.448262333404
2001-08-13,35496.10874300514
2001-08-14,35443.650684132575
2001-08-15,35083.74937607486
2001-08-16,35265.76560152844
2001-08-17,34753.77649670743
2001-08-20,34883.20005212332
2001-08-21,34314.13559301545
2001-08-22,34038.6293103759
2001-08-23,33631.1494167178
2001-08-24,34017.32644846664
2001-08-27,34157.15910255344
2001-08-28,33989.06237708641
2001-08-29,33625.59350861352
2001-08-30,33233.878093129024
2001-08-31,33602.807669197085
2001-09-04,33303.201260484544
2001-09-05,33179.62102733723
2001-09-06,33058.30501650501
2001-09-07,33118.63151849556
2001-09-10,33187.17491500803
2001-09-17,32728.32982679499
2001-09-18,32313.55099472711
2001-09-19,32325.258316027863
2001-09-20,31717.460631473154
2001-09-21,31902.590378263933
2001-09-24,32286.407696783317
2001-09-25,31685.625179700062
2001-09-26,31492.719920115997
2001-09-27,31332.981813946786
2001-09-28,31646.558495299403
2001-10-01,31538.378540351783
2001-10-02,31497.92320677907
2001-10-03,32018.641525222185
2001-10-04,32218.412686036063
2001-10-05,32447.509817335173
2001-10-08,32581.37776799806
2001-10-09,32136.00185647349
2001-10-10,32485.168706768938
2001-10-11,33004.82675707706
2001-10-12,33041.21219874242
2001-10-15,33265.72375098998
2001-10-16,33705.86081514392
2001-10-17,33219.431258343815
2001-10-18,33236.01389291182
2001-10-19,33224.365441888425
2001-10-22,33820.432386143395
2001-10-23,33878.40123397537
2001-10-24,33812.96751232937
2001-10-25,34122.86144369616
2001-10-26,34121.24421740837
2001-10-29,33480.75454055997
2001-10-30,33141.39765990808
2001-10-31,33240.69116634885
2001-11-01,33895.19110008884
2001-11-02,33823.494738638205
2001-11-05,34292.41368475271
2001-11-06,34536.4851261464
2001-11-07,34716.64752261342
2001-11-08,34494.72994401217
2001-11-09,34408.837575398706
2001-11-12,34538.30697597759
2001-11-13,34992.44929490158
2001-11-14,35441.37320188915
2001-11-15,35321.74161458175
2001-11-16,35297.30450705062
2001-11-19,35586.31664350649
2001-11-20,34991.94320908079
2001-11-21,35128.178442301534
2001-11-23,35251.303152434266
2001-11-26,36566.846252774245
2001-11-27,36173.89553436565
2001-11-28,35798.15814561903
2001-11-29,36040.1673346888
2001-11-30,36206.81867025653
2001-12-03,36127.2978856671
2001-12-04,37178.67506400478
2001-12-05,37936.39102325629
2001-12-06,37765.47358445146
2001-12-07,37516.15127592128
2001-12-10,37197.45689496452
2001-12-11,37286.959139578175
2001-12-12,37380.104144562014
2001-12-13,36668.24621246054
2001-12-14,36880.199568776414
2001-12-17,37025.3409109621
2001-12-18,37150.46964313331
2001-12-19,37057.00481989616
2001-12-20,36296.01119300393
2001-12-21,36233.13647463866
2001-12-24,36201.51695189948
2001-12-26,36646.80698824279
2001-12-27,36785.23933819018
2001-12-28,36942.03407844946
2001-12-31,36744.32100921774
2002-01-02,37284.230561296994
2002-01-03,38397.680423885366
2002-01-04,38535.02199053427
2002-01-07,38547.01215797735
2002-01-08,38508.35714130246
2002-01-09,38781.15557155398
2002-01-10,39009.58505149935
2002-01-11,38899.14146062584
2002-01-14,38526.957767140906
2002-01-15,38678.346874551404
2002-01-16,37760.08901942266
2002-01-17,38376.59964479974
2002-01-18,37917.525477277006
2002-01-22,38384.27439848273
2002-01-23,38659.218044852874
2002-01-24,39357.001891728985
2002-01-25,39310.30868541548
2002-01-28,39716.8475317885
2002-01-29,38907.38500298316
2002-01-30,39065.97258920117
2002-01-31,39489.170719315254
2002-02-01,39117.57119498304
2002-02-04,38748.44005967979
2002-02-05,38515.08922761532
2002-02-06,38717.17816278678
2002-02-07,38500.92125822292
2002-02-08,39131.11397318433
2002-02-11,39332.611752159006
2002-02-12,39121.92012523607
2002-02-13,39437.850845480156
2002-02-14,39897.74470199044
2002-02-15,39449.58765065877
2002-02-19,38760.653884255684
2002-02-20,38900.645756233076
2002-02-21,38716.93285876182
2002-02-22,38725.03964318837
2002-02-25,39421.63443087441
2002-02-26,39837.15546935079
2002-02-27,39857.91567901709
2002-02-28,39882.237410597154
2002-03-01,40745.879708373395
2002-03-04,40882.17603841345
2002-03-05,40670.950361011724
2002-03-06,40780.7924068847
2002-03-07,40609.88724738125
2002-03-08,40866.34947124519
2002-03-11,40979.630937999034
2002-03-12,40732.231760231145
2002-03-13,40351.747233117705
2002-03-14,39739.23274246916
2002-03-15,39518.70653647877
2002-03-18,40005.236262061415
2002-03-19,40117.78894033078
2002-03-20,39578.01687961848
2002-03-21,40058.66210491041
2002-03-22,40084.09959208713
2002-03-25,39734.83405758035
2002-03-26,39871.88462040144
2002-03-27,39740.05053682481
2002-03-28,40291.4885225031
2002-04-01,40551.67726679216
2002-04-02,40082.48203849209
2002-04-03,39725.67821021983
2002-04-04,39486.65767962452
2002-04-05,39232.0216289605
2002-04-08,39353.18533333042
2002-04-09,38813.97209333114
2002-04-10,38867.58681360716
2002-04-11,38282.25612025294
2002-04-12,38720.992853676755
2002-04-15,38922.20627967829
2002-04-16,39491.50362118442
2002-04-17,39797.96337724753
2002-04-18,39592.788816508015
2002-04-19,39699.1649842698
2002-04-22,39309.61237754472
2002-04-23,39004.86313831163
2002-04-24,39775.07300046589
2002-04-25,39838.86986306623
2002-04-26,39474.495307474426
2002-04-29,39471.40362491694
2002-04-30,39574.47647112557
2002-05-01,39449.9749233123
2002-05-02,38697.35132012584
2002-05-03,38202.790896085215
2002-05-06,38111.54883325278
2002-05-07,38339.41720220576
2002-05-08,39752.78039309639
2002-05-09,39246.185218626226
2002-05-10,38580.53464121484
2002-05-13,39140.9064948952
2002-05-14,39940.313949856085
2002-05-15,40461.47086969975
2002-05-16,40625.16205049887
2002-05-17,40566.37493695965
2002-05-20,40353.63623106235
2002-05-21,39941.927830499386
2002-05-22,40041.48709072875
2002-05-23,40423.66968364636
2002-05-24,40192.69391902891
2002-05-28,40059.80894929766
2002-05-29,39918.061675097204
2002-05-30,39661.69325374915
2002-05-31,39419.629259490684
2002-06-03,38952.36033963627
2002-06-04,39179.473353803216
2002-06-05,39338.2901523876
2002-06-06,39242.31607440145
2002-06-07,39463.947892006174
2002-06-10,38796.46378899675
2002-06-11,38239.74172150785
2002-06-12,38510.43641392247
2002-06-13,38426.3171881313
2002-06-14,38498.100466788994
2002-06-17,39204.31572472817
2002-06-18,39214.977123999444
2002-06-19,38794.307854692655
2002-06-20,38391.789656841866
2002-06-21,38174.15205920367
2002-06-24,38613.626811437985
2002-06-25,37624.93865858617
2002-06-26,38032.10972932307
2002-06-27,38292.00049923584
2002-06-28,38342.80247682663
2002-07-01,36751.74310765861
2002-07-02,36453.88591154788
2002-07-03,36813.32944433874
2002-07-05,37912.67945694632
2002-07-08,37439.28880467399
2002-07-09,37596.04106631824
2002-07-10,37066.55286333081
2002-07-11,37557.653092775196
2002-07-12,37653.82748043323
2002-07-15,38143.92715851368
2002-07-16,38049.040836010914
2002-07-17,38337.98668159299
2002-07-18,38057.01113627158
2002-07-19,37886.38713335001
2002-07-22,37691.650564247044
2002-07-23,36575.764992792756
2002-07-24,36586.2168139682
2002-07-25,35067.920403453056
2002-07-26,35334.04477261871
2002-07-29,36171.41487090423
2002-07-30,36574.708752769286
2002-07-31,36276.18592298585
2002-08-01,35699.25309475521
2002-08-02,35427.52242479922
2002-08-05,35049.323569977176
2002-08-06,35476.567225893006
2002-08-07,35770.077831400275
2002-08-08,36278.55932531222
2002-08-09,36273.52124156285
2002-08-12,36521.20935289265
2002-08-13,35801.835455031614
2002-08-14,36380.16572820416
2002-08-15,36563.47523295297
2002-08-16,36961.397621178985
2002-08-19,37370.66257556189
2002-08-20,37244.46120835811
2002-08-21,37275.79259903388
2002-08-22,37579.533570303094
2002-08-23,36982.62153167452
2002-08-26,36893.73464454808
2002-08-27,36610.91373837224
2002-08-28,36381.597091906835
2002-08-29,36692.078840722184
2002-08-30,36397.23379072692
2002-09-03,35930.112954107084
2002-09-04,36113.03677810991
2002-09-05,35711.104620594415
2002-09-06,36477.05828556666
2002-09-09,37051.86295062183
2002-09-10,37223.49264718503
2002-09-11,37018.3915206673
2002-09-12,36711.10101513104
2002-09-13,36699.66854892201
2002-09-16,36354.098096929374
2002-09-17,36364.29049859364
2002-09-18,36440.733553428516
2002-09-19,36282.68543896854
2002-09-20,35846.13465661338
2002-09-23,35564.63980142719
2002-09-24,35724.582393626224
2002-09-25,35973.75986771655
2002-09-26,36189.458383881174
2002-09-27,36032.13139776525
2002-09-30,35580.72323040412
2002-10-01,36249.30918317425
2002-10-02,36188.27961777379
2002-10-03,36054.488026071434
2002-10-04,35709.47555497012
2002-10-07,35474.58304478238
2002-10-08,35672.079303445746
2002-10-09,35605.90497958448
2002-10-10,36313.287015981296
2002-10-11,36837.06444352075
2002-10-14,37226.17611127245
2002-10-15,37666.10766747371
2002-10-16,37270.68290987623
2002-10-17,37335.18106838517
2002-10-18,37616.20216627249
2002-10-21,37795.75725712006
2002-10-22,37536.493585629345
2002-10-23,37899.455103018496
2002-10-24,37732.609982179856
2002-10-25,37889.143369509016
2002-10-28,37634.984908824874
2002-10-29,37611.81048769465
2002-10-30,37998.402157057535
2002-10-31,38157.34980364662
2002-11-01,38455.1333631186
2002-11-04,38380.167818893264
2002-11-05,38458.069524263046
2002-11-06,38752.118324688556
2002-11-07,38417.69714539823
2002-11-08,38400.08393856656
2002-11-11,37784.02962572073
2002-11-12,38387.463203008745
2002-11-13,38691.17209830528
2002-11-14,39187.131227004764
2002-11-15,39631.3031759447
2002-11-18,39585.38189018031
2002-11-19,39187.13094184741
2002-11-20,39996.10879583018
2002-11-21,40663.255846552296
2002-11-22,40942.54326021406
2002-11-25,41194.48169753963
2002-11-26,40555.78352369966
2002-11-27,41169.144131295245
2002-11-29,40903.71815813141
2002-12-02,41112.25407167764
2002-12-03,40755.94628315125
2002-12-04,40500.586492943294
2002-12-05,40103.97447946872
2002-12-06,40405.457262516546
2002-12-09,39529.827600995115
2002-12-10,39650.17215712023
2002-12-11,39877.89048768662
2002-12-12,39965.32008316372
2002-12-13,39764.44324728799
2002-12-16,40308.715309650666
2002-12-17,40401.544966460686
2002-12-18,39892.09285589125
2002-12-19,40111.69605062217
2002-12-20,40128.466642525214
2002-12-23,40526.89015094659
2002-12-24,40365.63579730216
2002-12-26,39756.007143394265
2002-12-27,39386.69033778825
2002-12-30,39457.52862491656
2002-12-31,39252.28241442952
2003-01-02,39676.82140206549
2003-01-03,40051.726418204395
2003-01-06,41028.41394770291
2003-01-07,41155.28563525996
2003-01-08,40089.261183704846
2003-01-09,40737.51299572094
2003-01-10,41295.91365726515
2003-01-13,41318.657110012704
2003-01-14,41405.541239988794
2003-01-15,40976.25366816804
2003-01-16,40391.371755978354
2003-01-17,39606.36929992893
2003-01-21,39380.80279580491
2003-01-22,39525.235317108876
2003-01-23,40551.65483838541
2003-01-24,39704.901859109996
2003-01-27,39557.62223041091
2003-01-28,39619.79504521884
2003-01-29,39829.32882760339
2003-01-30,39365.29853232684
2003-01-31,39444.50472799859
2003-02-03,39616.898043572546
2003-02-04,39460.16822169225
2003-02-05,39737.19877330119
2003-02-06,39324.36316472837
2003-02-07,38858.42906224282
2003-02-10,38780.205242194774
2003-02-11,38603.19290412553
2003-02-12,38229.79822816641
2003-02-13,38110.80599064531
2003-02-14,39283.04809314519
2003-02-18,39664.04721503424
2003-02-19,39604.202327999126
2003-02-20,40156.83681801644
2003-02-21,40131.54581036854
2003-02-24,39902.58568945544
2003-02-25,39888.80923367964
2003-02-26,39129.55319045796
2003-02-27,39320.26885374549
2003-02-28,39342.45705250165
2003-03-03,39179.76171991157
2003-03-04,39108.37400964149
2003-03-05,38892.7229330837
2003-03-06,38801.29367836858
2003-03-07,38702.6583640066
2003-03-10,38446.9300100865
2003-03-11,38339.562496907536
2003-03-12,38626.81225198661
2003-03-13,39376.0446375356
2003-03-14,39323.99160743445
2003-03-17,40264.985923118234
2003-03-18,40517.39871927147
2003-03-19,40257.792511347434
2003-03-20,40325.715858550895
2003-03-21,40410.07486143503
2003-03-24,39260.16720927794
2003-03-25,39647.39604733749
2003-03-26,39410.692736944875
2003-03-27,39323.32194007816
2003-03-28,38708.71137494981
2003-03-31,38178.24255048427
2003-04-01,38342.599629488854
2003-04-02,39173.23941986481
2003-04-03,39009.178540377296
2003-04-04,38704.89028767816
2003-04-07,39025.24334189678
2003-04-08,38888.40466707736
2003-04-09,38585.77608188256
2003-04-10,38730.604126679435
2003-04-11,38590.88697906639
2003-04-14,38935.010432462586
2003-04-15,38827.2896476397
2003-04-16,39027.44866882509
2003-04-17,39556.85330117856
2003-04-21,39695.336976581726
2003-04-22,40387.99656895536
2003-04-23,40584.27271331576
2003-04-24,40152.45974694347
2003-04-25,39623.646718217395
2003-04-28,40089.85574755435
2003-04-29,41017.483400688914
2003-04-30,40919.68293350601
2003-05-01,41189.12521614795
2003-05-02,42079.23500708656
2003-05-05,42256.67550364816
2003-05-06,42535.45202500021
2003-05-07,42069.52149185688
2003-05-08,41888.88873348106
2003-05-09,44161.52570084866
2003-05-12,44325.022588127
2003-05-13,44016.65308282897
2003-05-14,44168.989864157455
2003-05-15,44668.61748388599
2003-05-16,44472.51845561611
2003-05-19,43503.14908454494
2003-05-20,43750.23352956459
2003-05-21,44031.91384135416
2003-05-22,44441.57198508944
2003-05-23,44188.5262783374
2003-05-27,45500.98353190943
2003-05-28,45619.31519992439
2003-05-29,46257.19788714866
2003-05-30,47517.33257827564
2003-06-02,47176.940953291116
2003-06-03,47070.48780134486
2003-06-04,47767.68682764274
2003-06-05,48352.38431733632
2003-06-06,48073.807205939636
2003-06-09,47467.193122743236
2003-06-10,47585.95043165646
2003-06-11,47340.34813102914
2003-06-12,47345.28787627159
2003-06-13,46434.962044135
2003-06-16,47131.18301092356
2003-06-17,47642.99658380747
2003-06-18,47788.40505700992
2003-06-19,47004.337600451705
2003-06-20,46612.16236079704
2003-06-23,45778.46539396154
2003-06-24,45341.32200077109
2003-06-25,45454.632775033904
2003-06-26,45353.632155737396
2003-06-27,45294.58368670419
2003-06-30,45342.309122033126
2003-07-01,46199.01527898507
2003-07-02,46915.18374548417
2003-07-03,46528.89541654249
2003-07-07,48248.87583178654
2003-07-08,47841.285303105135
2003-07-09,47812.8938467187
2003-07-10,46906.24947624863
2003-07-11,47233.33327479928
2003-07-14,47669.074038042876
2003-07-15,47685.573792625735
2003-07-16,47230.74275067058
2003-07-17,45952.77889456649
2003-07-18,45984.97342745436
2003-07-21,45683.279908841934
2003-07-22,46580.98496323999
2003-07-23,47201.25031557554
2003-07-24,46715.62576409216
2003-07-25,47313.97729250708
2003-07-28,47128.94236206798
2003-07-29,46383.25732383712
2003-07-30,45995.27998030582
2003-07-31,46310.85127716244
2003-08-01,46666.09382775165
2003-08-04,46845.23541784975
2003-08-05,46418.18773582492
2003-08-06,46033.972991559625
2003-08-07,45894.34111953957
2003-08-08,44083.07174036724
2003-08-11,44907.15301031449
2003-08-12,45480.19397932242
2003-08-13,45692.77059205345
2003-08-14,45763.45090082768
2003-08-15,45799.77668833836
2003-08-18,46502.27757113354
2003-08-19,47181.88697567092
2003-08-20,47262.838054501124
2003-08-21,47983.16444577135
2003-08-22,48027.104035412056
2003-08-25,48045.89403934089
2003-08-26,48115.36102616346
2003-08-27,49182.11683580931
2003-08-28,49107.71696435648
2003-08-29,49351.99392944475
2003-09-02,49583.75636519996
2003-09-03,49014.02393752863
2003-09-04,49252.48384887367
2003-09-05,49896.363846508306
2003-09-08,51164.192803701124
2003-09-09,51290.04705524416
2003-09-10,49652.59562594779
2003-09-11,49727.12421149769
2003-09-12,49562.85438567779
2003-09-15,48690.04609820559
2003-09-16,49396.367605985724
2003-09-17,49467.03394681144
2003-09-18,49617.00697504273
2003-09-19,49328.20827265094
2003-09-22,48643.39321775618
2003-09-23,48940.92883411918
2003-09-24,47722.066008997615
2003-09-25,47711.17093336963
2003-09-26,46966.28381927036
2003-09-29,46888.79135025114
2003-09-30,46782.362981657105
2003-10-01,47102.92100997923
2003-10-02,47387.671704851164
2003-10-03,48708.787757592654
2003-10-06,48112.43783643068
2003-10-07,48370.72748214561
2003-10-08,48069.0800256045
2003-10-09,47869.55497975674
2003-10-10,48189.33571603826
2003-10-13,48316.1231804002
2003-10-14,48297.50005504362
2003-10-15,48396.74434830228
2003-10-16,48584.374006402
2003-10-17,47889.82159987625
2003-10-20,48213.45392472954
2003-10-21,48783.31634075157
2003-10-22,48401.84796481927
2003-10-23,48107.605075803556
2003-10-24,48258.93833770138
2003-10-27,48170.926030892115
2003-10-28,49971.256844133175
2003-10-29,49970.958464482894
2003-10-30,49872.35988130921
2003-10-31,49647.543057985866
2003-11-03,50335.74152445431
2003-11-04,49942.74434937563
2003-11-05,50191.947184375094
2003-11-06,50652.67736311971
2003-11-07,51544.42154546692
2003-11-10,50929.746618654346
2003-11-11,50917.42700891725
2003-11-12,51739.93721164018
2003-11-13,51800.32967977466
2003-11-14,50881.5478550612
2003-11-17,50433.4251436197
2003-11-18,50082.99670461529
2003-11-19,50576.25958568292
2003-11-20,50050.15696376085
2003-11-21,50588.27008607348
2003-11-24,51318.77137653448
2003-11-25,51501.20879476387
2003-11-26,51664.82503976097
2003-11-28,51691.44654846651
2003-12-01,52254.40758208427
2003-12-02,52421.231282913366
2003-12-03,52742.85622148329
2003-12-04,52733.2225182191
2003-12-05,51810.426280981206
2003-12-08,52021.564359784024
2003-12-09,51108.357640865244
2003-12-10,51025.81453946805
2003-12-11,51762.513147244215
2003-12-12,51786.62496660586
2003-12-15,51368.1649400768
2003-12-16,51441.32946167964
2003-12-17,51090.03535734481
2003-12-18,51760.60633681097
2003-12-19,51928.8453860049
2003-12-22,52033.22750148586
2003-12-23,52415.44813035826
2003-12-24,52379.37486815785
2003-12-26,52825.850728893485
2003-12-29,53468.037991889636
2003-12-30,53747.50187430881
2003-12-31,53561.68462603884
2004-01-02,53924.08090261688
2004-01-05,54728.89185701004
2004-01-06,55149.200869520384
2004-01-07,55188.164884130405
2004-01-08,55478.26356024488
2004-01-09,55603.10065346432
2004-01-12,55843.59983584008
2004-01-13,55170.19989906403
2004-01-14,55117.94921013333
2004-01-15,55002.218269634664
2004-01-16,55137.60338654926
2004-01-20,55479.43258541294
2004-01-21,55105.73643795122
2004-01-22,54838.03507783517
2004-01-23,54629.63526698998
2004-01-26,55073.59587605794
2004-01-27,54351.82534229721
2004-01-28,54291.51215278888
2004-01-29,53951.95076844808
2004-01-30,53724.6006909661
2004-02-02,53484.711474138865
2004-02-03,53565.3119149883
2004-02-04,52827.98975483618
2004-02-05,53192.99785270048
2004-02-06,53668.800871877924
2004-02-09,53545.45258487527
2004-02-10,53955.24603642462
2004-02-11,54165.662437000865
2004-02-12,54146.90798305033
2004-02-13,54094.07244821352
2004-02-17,54245.02648260918
2004-02-18,54249.60498048207
2004-02-19,53841.44848476228
2004-02-20,53726.55262154288
2004-02-23,53108.002417920856
2004-02-24,53074.02417477372
2004-02-25,53048.64538107391
2004-02-26,52763.60935867759
2004-02-27,52559.02297379506
2004-03-01,53171.09805303589
2004-03-02,52962.40481456835
2004-03-03,52597.94298016932
2004-03-04,52901.173895941734
2004-03-05,52988.37957488002
2004-03-08,52375.24657611155
2004-03-09,52307.24101899554
2004-03-10,52022.505291780435
2004-03-11,51673.55646082158
2004-03-12,51930.12861469144
2004-03-15,51469.34808160625
2004-03-16,51854.33401719006
2004-03-17,52070.335467983605
2004-03-18,52345.687713835905
2004-03-19,52136.84471408636
2004-03-22,51782.949878132036
2004-03-23,52008.66945890321
2004-03-24,52482.57875612848
2004-03-25,53165.82328373705
2004-03-26,53169.152974218705
2004-03-29,53733.66635657532
2004-03-30,53881.73953405463
2004-03-31,53981.35714511831
2004-04-01,54098.14326711089
2004-04-02,54239.92283309975
2004-04-05,54654.17908918554
2004-04-06,54241.774658079055
2004-04-07,54076.94317977257
2004-04-08,54184.67854319347
2004-04-12,54198.26465215187
2004-04-13,53506.5144013245
2004-04-14,53249.00680818159
2004-04-15,52636.14047425797
2004-04-16,52431.51633143718
2004-04-19,52721.5151655426
2004-04-20,52033.81907648369
2004-04-21,52075.202660026356
2004-04-22,52451.187488653464
2004-04-23,53254.31728996437
2004-04-26,52834.63710785083
2004-04-27,52555.558780867985
2004-04-28,51934.8298198003
2004-04-29,51194.24182334581
2004-04-30,50717.37045375701
2004-05-03,50769.30246677582
2004-05-04,51323.928938630255
2004-05-05,51295.05350806187
2004-05-06,51061.922888139234
2004-05-07,50797.93156863841
2004-05-10,50295.89280447338
2004-05-11,50762.55082846984
2004-05-12,50875.309923892804
2004-05-13,50719.92695714939
2004-05-14,50522.560107718324
2004-05-17,50312.2062553223
2004-05-18,50339.53150874371
2004-05-19,50479.0783077937
2004-05-20,50320.06266138814
2004-05-21,50640.0817102176
2004-05-24,50602.23894196183
2004-05-25,51213.6024225873
2004-05-26,51489.45237275454
2004-05-27,51770.95927456507
2004-05-28,51993.98071990725
2004-06-01,51900.580131856
2004-06-02,51672.648914569836
2004-06-03,50903.11633571346
2004-06-04,50833.059659281265
2004-06-07,51591.91933655123
2004-06-08,51538.340577453775
2004-06-09,50825.85605951656
2004-06-10,50751.24273268935
2004-06-14,50389.890111467976
2004-06-15,50785.79194524308
2004-06-16,50322.842602005454
2004-06-17,50224.55060820091
2004-06-18,50708.3267527619
2004-06-21,50550.86223018572
2004-06-22,50879.09085164701
2004-06-23,51075.98805292176
2004-06-24,51369.42217531697
2004-06-25,51722.05304342773
2004-06-28,51582.950803414984
2004-06-29,51642.1790255716
2004-06-30,51803.65964575041
2004-07-01,51300.60733776086
2004-07-02,51194.03062602991
2004-07-06,50332.49147819533
2004-07-07,50768.403125723315
2004-07-08,50602.548735435594
2004-07-09,50616.90660876377
2004-07-12,50400.78349128855
2004-07-13,50111.43097367123
2004-07-14,49798.76850043335
2004-07-15,49633.59670085196
2004-07-16,49315.24677064743
2004-07-19,49461.244714828004
2004-07-20,49516.64888548273
2004-07-21,49211.51126906481
2004-07-22,49420.85092096461
2004-07-23,48501.97342818046
2004-07-26,48447.78485667402
2004-07-27,48725.312783194895
2004-07-28,48467.76105872478
2004-07-29,48861.439836433696
2004-07-30,49180.88912534723
2004-08-02,49299.171315273124
2004-08-03,48949.795692506006
2004-08-04,49133.84147737154
2004-08-05,48827.18277543474
2004-08-06,47545.758510524276
2004-08-09,47739.16584519444
2004-08-10,48270.09855505379
2004-08-11,47644.29362475955
2004-08-12,47319.200510060604
2004-08-13,47707.85588852383
2004-08-16,47955.08880758297
2004-08-17,48079.74328191025
2004-08-18,48674.44217038029
2004-08-19,48754.74642674533
2004-08-20,49091.5385881596
2004-08-23,49224.65152226542
2004-08-24,48892.376928748876
2004-08-25,49236.2755524025
2004-08-26,49166.12629139666
2004-08-27,49208.61814245893
2004-08-30,48958.26291398449
2004-08-31,48938.663102756
2004-09-01,49026.6608568814
2004-09-02,49296.33211498331
2004-09-03,48489.170969240666
2004-09-07,48416.08163512902
2004-09-08,48146.871453346765
2004-09-09,48718.331393437926
2004-09-10,49377.30710504364
2004-09-13,49375.280654401395
2004-09-14,49607.265180548566
2004-09-15,49567.60150372999
2004-09-16,49619.34707650297
2004-09-17,50079.23807140157
2004-09-20,50035.36322606165
2004-09-21,50309.762507223066
2004-09-22,49711.230246359715
2004-09-23,50060.18468915368
2004-09-24,49637.00354169273
2004-09-27,49599.668942436445
2004-09-28,49795.17794833385
2004-09-29,50066.26359202745
2004-09-30,50137.38865669737
2004-10-01,50956.01224357903
2004-10-04,50886.0903271313
2004-10-05,51037.02379549456
2004-10-06,51183.37463396543
2004-10-07,51053.79239533435
2004-10-08,50758.59029950791
2004-10-11,50842.05583325524
2004-10-12,50354.88830684522
2004-10-13,50146.19983185353
2004-10-14,50147.5599343026
2004-10-15,50415.48778178932
2004-10-18,50597.32885832889
2004-10-19,50624.46361839281
2004-10-20,50958.373977727824
2004-10-21,51079.98449538142
2004-10-22,50525.36828154689
2004-10-25,50746.07418273056
2004-10-26,51027.036309570285
2004-10-27,51517.4247980885
2004-10-28,51386.19864793555
2004-10-29,51413.85458768575
2004-11-01,51699.28771835249
2004-11-02,51754.024204039655
2004-11-03,51911.09632854153
2004-11-04,52564.30219572645
2004-11-05,53259.50951116155
2004-11-08,53212.139978940504
2004-11-09,53433.13095373768
2004-11-10,53364.70010468737
2004-11-11,53419.54682674388
2004-11-12,53743.836527783045
2004-11-15,53794.81448112315
2004-11-16,53726.53107134048
2004-11-17,54345.950173234974
2004-11-18,54357.82908358239
2004-11-19,54193.85928379869
2004-11-22,54211.477176780936
2004-11-23,54197.53873834385
2004-11-24,54348.204138706795
2004-11-26,54358.37733967977
2004-11-29,54319.64157319744
2004-11-30,54259.403170471174
2004-12-01,54713.624738867766
2004-12-02,54805.20760072494
2004-12-03,54842.83999114746
2004-12-06,55450.07496891306
2004-12-07,55426.826139919416
2004-12-08,54936.706784911636
2004-12-09,54801.739379027065
2004-12-10,54712.80455647493
2004-12-13,55305.27540529246
2004-12-14,55358.03666960163
2004-12-15,55427.41271150008
2004-12-16,55554.55810815705
2004-12-17,55305.27219514962
2004-12-20,55169.331790616954
2004-12-21,55316.54395171585
2004-12-22,55314.16034050144
2004-12-23,55346.31798627472
2004-12-27,55254.97673526906
2004-12-28,55333.70561760904
2004-12-29,55369.61377806851
2004-12-30,55214.98501684631
2004-12-31,55316.709141035564
2005-01-03,55145.98634577107
2005-01-04,54333.20786306304
2005-01-05,54089.70157917668
2005-01-06,53941.14819606461
2005-01-07,53869.949956168544
2005-01-10,53859.52754772215
2005-01-11,53692.603267397986
2005-01-12,54334.855324932025
2005-01-13,53938.13051765529
2005-01-14,54202.747185587985
2005-01-18,54325.08923792594
2005-01-19,53978.57199984783
2005-01-20,53760.78049174455
2005-01-21,53780.733079884725
2005-01-24,53733.95050475037
2005-01-25,54022.89172548433
2005-01-26,54300.77741396715
2005-01-27,54790.30444102493
2005-01-28,54793.18233826271
2005-01-31,55193.29231390044
2005-02-01,55203.02354845454
2005-02-02,55328.11679459452
2005-02-03,54683.87653516636
2005-02-04,55251.00403884725
2005-02-07,55033.72533784194
2005-02-08,54991.223126628625
2005-02-09,54652.31895679429
2005-02-10,54889.2232942353
2005-02-11,55458.13833281021
2005-02-14,55758.29587902053
2005-02-15,55813.14013389471
2005-02-16,55676.18548692111
2005-02-17,55414.96070795617
2005-02-18,55504.82350187499
2005-02-22,55576.46130187882
2005-02-23,55774.08761757126
2005-02-24,56119.24005618653
2005-02-25,56471.307810218284
2005-02-28,56084.19341102581
2005-03-01,56291.3256173406
2005-03-02,56003.62609341275
2005-03-03,55681.01731841742
2005-03-04,55846.216295224665
2005-03-07,56174.807224222364
2005-03-08,56068.91669189024
2005-03-09,55972.92153244681
2005-03-10,56022.22520022656
2005-03-11,55836.64284711781
2005-03-14,55750.24333717436
2005-03-15,55492.54740979456
2005-03-16,55451.46857952639
2005-03-17,55372.30996887546
2005-03-18,54893.31260460911
2005-03-21,54648.072075997035
2005-03-22,54477.7406485792
2005-03-23,54382.387734120515
2005-03-24,54338.148535736094
2005-03-28,54342.91509284519
2005-03-29,53999.65652847258
2005-03-30,54382.658725125206
2005-03-31,54459.53101506933
2005-04-01,54373.49586500693
2005-04-04,54193.94421865533
2005-04-05,54136.79171481178
2005-04-06,54178.56788728404
2005-04-07,54474.984731860124
2005-04-08,54467.91795409252
2005-04-11,54608.4486198656
2005-04-12,54633.05643262693
2005-04-13,54069.21100782088
2005-04-14,53621.4767744994
2005-04-15,53229.88437791119
2005-04-18,53357.81727020298
2005-04-19,53593.06222061928
2005-04-20,53624.76900690662
2005-04-21,54295.30069111446
2005-04-22,54003.00678721593
2005-04-25,54035.02566197292
2005-04-26,54198.79130084967
2005-04-27,54131.169325112314
2005-04-28,53613.215411007084
2005-04-29,53949.358842309804
2005-05-02,54003.36263538961
2005-05-03,53775.97757732829
2005-05-04,54100.137363813425
2005-05-05,54275.0160547391
2005-05-06,54117.0181738054
2005-05-09,54162.06015605744
2005-05-10,53876.85082219723
2005-05-11,53897.02806951104
2005-05-12,53873.56697857239
2005-05-13,54428.67546276834
2005-05-16,54459.05602278501
2005-05-17,54446.52488735358
2005-05-18,54666.680383021936
2005-05-19,54825.53558245914
2005-05-20,54787.674467865894
2005-05-23,54871.38478501665
2005-05-24,54952.16891856157
2005-05-25,54811.98070554567
2005-05-26,55105.05167980526
2005-05-27,55131.99431058665
2005-05-31,54779.69911510051
2005-06-01,54958.9797498405
2005-06-02,55506.032592580545
2005-06-03,55302.491967461305
2005-06-06,55410.39618044675
2005-06-07,55223.98595514884
2005-06-08,55317.7786589783
2005-06-09,55457.69104731739
2005-06-10,55325.557888855656
2005-06-13,55584.28298542339
2005-06-14,55482.13486807659
2005-06-15,55544.6163582004
2005-06-16,55754.13878486674
2005-06-17,56000.51584013654
2005-06-20,56139.93620870766
2005-06-21,56087.73807415067
2005-06-22,56393.68783221642
2005-06-23,56379.270132241676
2005-06-24,56176.58907626918
2005-06-27,56045.105664412215
2005-06-28,56093.10563290705
2005-06-29,56226.16436963381
2005-06-30,55950.07497151563
2005-07-01,55812.42641627923
2005-07-05,55414.96338412176
2005-07-06,55421.96531245971
2005-07-07,55350.76693020774
2005-07-08,55686.82486215221
2005-07-11,56239.0517677413
2005-07-12,56557.80953517103
2005-07-13,56637.54797220437
2005-07-14,56828.693386292216
2005-07-15,56478.31291860611
2005-07-18,56256.544560698174
2005-07-19,56525.239413555195
2005-07-20,57070.28552815209
2005-07-21,56934.92964538168
2005-07-22,56765.074548588556
2005-07-25,56576.913838467335
2005-07-26,56258.24875554234
2005-07-27,56194.17200903646
2005-07-28,56452.47686560164
2005-07-29,56298.867021587575
2005-08-01,56476.35017755211
2005-08-02,56953.54607022022
2005-08-03,57080.389236990624
2005-08-04,56963.00286459929
2005-08-05,56906.996551986784
2005-08-08,56622.51388864589
2005-08-09,56712.02419459481
2005-08-10,56782.37528082156
2005-08-11,57063.552025491386
2005-08-12,57128.375908971364
2005-08-15,57018.898380862476
2005-08-16,56614.02296994963
2005-08-17,56860.766522738835
2005-08-18,56408.09736778115
2005-08-19,56515.52793880621
2005-08-22,56663.51106146691
2005-08-23,56529.53934674322
2005-08-24,56248.22777603843
2005-08-25,56270.93945705182
2005-08-26,56106.83171145107
2005-08-29,56281.97520150178
2005-08-30,55931.523871358135
2005-08-31,56155.98267301877
2005-09-01,56366.667335539416
2005-09-02,56568.570888012146
2005-09-06,56843.781333567924
2005-09-07,56707.3510606594
2005-09-08,56896.4550197077
2005-09-09,57002.808502577
2005-09-12,57150.05079677171
2005-09-13,57124.47462501091
2005-09-14,57050.98342958455
2005-09-15,57126.2829075702
2005-09-16,57044.57130633609
2005-09-19,57308.20448486888
2005-09-20,57136.194704257636
2005-09-21,56995.72203683668
2005-09-22,56739.481841434375
2005-09-23,56192.32995380241
2005-09-26,56203.79997057048
2005-09-27,56147.578322728354
2005-09-28,56137.93030505581
2005-09-29,56806.28618987417
2005-09-30,56992.814816546546
2005-10-03,56744.52615384753
2005-10-04,56769.777491821995
2005-10-05,56457.09486358023
2005-10-06,56714.32881783202
2005-10-07,56779.239427929104
2005-10-10,56593.582053462
2005-10-11,56548.552779263446
2005-10-12,56485.121084627026
2005-10-13,56644.3383317427
2005-10-14,56514.259396500274
2005-10-17,56834.9996464561
2005-10-18,56605.41389345446
2005-10-19,56415.559408669396
2005-10-20,56029.33870974765
2005-10-21,56295.28397406481
2005-10-24,56884.198241398095
2005-10-25,57084.890840315216
2005-10-26,56880.547686095444
2005-10-27,56671.73441760583
2005-10-28,57024.92880011899
2005-10-31,57124.60059572314
2005-11-01,56734.87899424263
2005-11-02,57265.08377835787
2005-11-03,57497.629262043534
2005-11-04,57642.02520282438
2005-11-07,57656.413024584836
2005-11-08,57854.223236197
2005-11-09,58171.409764875425
2005-11-10,58440.28568744645
2005-11-11,58432.86285569588
2005-11-14,58471.45355437428
2005-11-15,58562.078182312805
2005-11-16,58651.8932334487
2005-11-17,59303.27227558696
2005-11-18,59547.97704698225
2005-11-21,59707.75576908119
2005-11-22,60182.344529580776
2005-11-23,60169.50651601754
2005-11-25,60416.9093760062
2005-11-28,60292.30408853233
2005-11-29,60284.151930299144
2005-11-30,60352.5208662677
2005-12-01,61091.066961464996
2005-12-02,61039.999353582636
2005-12-05,61062.37590402838
2005-12-06,61221.314598600686
2005-12-07,61566.89041750705
2005-12-08,61418.466829804434
2005-12-09,61828.063488440275
2005-12-12,62361.84304169471
2005-12-13,61831.13373736186
2005-12-14,60950.83909682025
2005-12-15,61007.53117827826
2005-12-16,60965.29254614084
2005-12-19,60805.87257620087
2005-12-20,60624.52442902417
2005-12-21,60279.309391402436
2005-12-22,60723.237597932864
2005-12-23,60925.5969791916
2005-12-27,60763.53912109936
2005-12-28,61409.10529789066
2005-12-29,61200.21361402261
2005-12-30,61147.86337413184
2006-01-03,62366.01034646213
2006-01-04,62396.69862834841
2006-01-05,62477.3206063206
2006-01-06,63301.55117542443
2006-01-09,63374.84994500519
2006-01-10,62966.38471726379
2006-01-11,63068.39992067733
2006-01-12,62644.374195671015
2006-01-13,62830.57327973884
2006-01-17,62709.33744995625
2006-01-18,62276.77324509386
2006-01-19,62933.982091633494
2006-01-20,62842.441973394154
2006-01-23,62334.14084059483
2006-01-24,62541.520277368785
2006-01-25,62693.019740234
2006-01-26,63047.599321255126
2006-01-27,63800.79304564551
2006-01-30,64048.29148416039
2006-01-31,64154.939376822804
2006-02-01,63940.901747380565
2006-02-02,63561.530994495515
2006-02-03,62678.81557633365
2006-02-06,62750.438820005416
2006-02-07,62238.10813112502
2006-02-08,62091.04163128064
2006-02-09,62427.59402319449
2006-02-10,62317.48600322156
2006-02-13,61599.69526882303
2006-02-14,61410.36190381327
2006-02-15,61621.96471678979
2006-02-16,61639.21345121519
2006-02-17,61947.31485648916
2006-02-21,61920.60846862173
2006-02-22,61937.91504020279
2006-02-23,61709.435298423225
2006-02-24,61897.57554179966
2006-02-27,62006.40031441508
2006-02-28,61790.256221577554
2006-03-01,62495.4680269034
2006-03-02,62342.346331498564
2006-03-03,62325.15718272501
2006-03-06,62212.600280346676
2006-03-07,61732.88048615924
2006-03-08,61425.58639348971
2006-03-09,61464.30962745656
2006-03-10,61164.21412655153
2006-03-13,61434.819692032564
2006-03-14,61775.366179635705
2006-03-15,62426.667594018036
2006-03-16,62172.478193578085
2006-03-17,62163.34314804449
2006-03-20,62396.30723079054
2006-03-21,61988.50005919855
2006-03-22,62167.83941367052
2006-03-23,61814.246385083265
2006-03-24,62263.5479139907
2006-03-27,62557.75979931197
2006-03-28,62513.409263148314
2006-03-29,62793.83107204449
2006-03-30,63702.587720888514
2006-03-31,63572.927884683784
2006-04-03,63997.00709597097
2006-04-04,64185.34602499563
2006-04-05,64361.329209633455
2006-04-06,64655.87464304616
2006-04-07,64203.91517857434
2006-04-10,64486.502075416756
2006-04-11,64241.54125816771
2006-04-12,64333.21961035944
2006-04-13,64268.78365397291
2006-04-17,64170.05111889827
2006-04-18,65419.60214573116
2006-04-19,65927.06386550545
2006-04-20,65805.52434252552
2006-04-21,65757.26112029962
2006-04-24,65713.29880718449
2006-04-25,66064.99589917288
2006-04-26,66250.3010810619
2006-04-27,66516.57301711367
2006-04-28,65646.78459873676
2006-05-01,65600.47326646929
2006-05-02,66060.6964267882
2006-05-03,66332.26784068343
2006-05-04,66581.98427415863
2006-05-05,67172.53690597955
2006-05-08,66858.79231217146
2006-05-09,67080.1936794963
2006-05-10,67243.84621008695
2006-05-11,67361.13610912333
2006-05-12,67487.40656046792
2006-05-15,66114.87858628746
2006-05-16,66312.65993274479
2006-05-17,66133.56663241779
2006-05-18,65983.52531610733
2006-05-19,64616.85564297573
2006-05-22,64536.00777670127
2006-05-23,64877.6566336795
2006-05-24,64705.87967534793
2006-05-25,64766.26199718882
2006-05-26,64728.88907674122
2006-05-30,65004.08354439587
2006-05-31,64830.965455337035
2006-06-01,64074.756542552626
2006-06-02,64311.75634917274
2006-06-05,63970.46224918083
2006-06-06,63352.1171346842
2006-06-07,62810.61530003815
2006-06-08,62583.03782359901
2006-06-09,62470.08033087506
2006-06-12,61957.05176543878
2006-06-13,60952.25426107989
2006-06-14,60692.28971921395
2006-06-15,61357.09022949765
2006-06-16,61766.49710260091
2006-06-19,61777.042228755
2006-06-20,61734.936745653904
2006-06-21,62545.69516303206
2006-06-22,62721.82920412326
2006-06-23,62794.73723762977
2006-06-26,62936.561957405655
2006-06-27,62925.266609162834
2006-06-28,62828.10176446589
2006-06-29,63782.78294470849
2006-06-30,64585.25570199838
2006-07-03,65222.53496308715
2006-07-05,64632.77483439664
2006-07-06,64709.678584302936
2006-07-07,64766.179070023696
2006-07-10,64570.307968579065
2006-07-11,64658.34590825891
2006-07-12,64879.596569958594
2006-07-13,64398.82250621258
2006-07-14,64835.16755870268
2006-07-17,64497.74877660494
2006-07-18,64474.54155777004
2006-07-19,64980.80211288963
2006-07-20,64798.75975234389
2006-07-21,64304.51689499995
2006-07-24,63687.12885083351
2006-07-25,64082.80291253817
2006-07-26,63080.44263960812
2006-07-27,63749.883580994196
2006-07-28,64159.37994908118
2006-07-31,63867.48135152681
2006-08-01,63788.00740062848
2006-08-02,64498.005376822606
2006-08-03,64192.03448226041
2006-08-04,64428.43467727777
2006-08-07,64178.38112813495
2006-08-08,64170.58402021209
2006-08-09,64317.22068889252
2006-08-10,64532.91491440656
2006-08-11,64295.60830022025
2006-08-14,63979.35352291312
2006-08-15,64690.64960979581
2006-08-16,64936.182310088276
2006-08-17,65151.59301127018
2006-08-18,64882.09724856267
2006-08-21,65061.98577556955
2006-08-22,64873.168437550215
2006-08-23,64787.59132282683
2006-08-24,64607.33359840324
2006-08-25,64523.72542113175
2006-08-28,64768.047333315175
2006-08-29,64551.06696987452
2006-08-30,65106.95818379946
2006-08-31,65320.35274726838
2006-09-01,65332.00331820977
2006-09-05,66134.34190839736
2006-09-06,65558.22027639755
2006-09-07,65060.651274226955
2006-09-08,64690.10386352593
2006-09-11,64251.95305894016
2006-09-12,64680.772426327
2006-09-13,64786.03224975371
2006-09-14,64758.673579585055
2006-09-15,64553.52014147697
2006-09-18,64965.94375729987
2006-09-19,64799.7427640896
2006-09-20,65850.76495447736
2006-09-21,65413.54864182422
2006-09-22,65442.47889589807
2006-09-25,65898.33768132087
2006-09-26,66335.66288881771
2006-09-27,66240.97197264365
2006-09-28,66585.93503400046
2006-09-29,66317.40668547562
2006-10-02,66218.10046402263
2006-10-03,65663.19580104185
2006-10-04,65839.98609919508
2006-10-05,66131.31252488308
2006-10-06,65455.699631456206
2006-10-09,66228.40730647856
2006-10-10,66135.61573717077
2006-10-11,66163.74307530737
2006-10-12,66760.20093876349
2006-10-13,67409.5503067492
2006-10-16,67639.88103765697
2006-10-17,67058.84446836068
2006-10-18,67095.43655125624
2006-10-19,67206.74175426403
2006-10-20,67297.64256416138
2006-10-23,67045.8290296186
2006-10-24,66745.69428226275
2006-10-25,67367.66605486271
2006-10-26,68064.30388136553
2006-10-27,67563.75663846056
2006-10-30,68224.94425012666
2006-10-31,68089.52788267292
2006-11-01,68252.03268880665
2006-11-02,68393.19711208274
2006-11-03,68249.05228346607
2006-11-06,68657.7916390367
2006-11-07,68836.70404625074
2006-11-08,68940.61619317908
2006-11-09,68988.23251392732
2006-11-10,69302.99231876753
2006-11-13,69492.19494245783
2006-11-14,69994.08944521732
2006-11-15,69788.97748284115
2006-11-16,70215.92382453282
2006-11-17,70172.2752780899
2006-11-20,70487.66417237441
2006-11-21,70521.7166496945
2006-11-22,71079.08978350715
2006-11-24,71329.66911782524
2006-11-27,70564.42636492263
2006-11-28,70483.34284234719
2006-11-29,70764.72854548144
2006-11-30,71141.23270634384
2006-12-01,70832.55200214895
2006-12-04,71290.60968450173
2006-12-05,71085.40611782485
2006-12-06,70110.26398758825
2006-12-07,69478.36174568848
2006-12-08,70091.15041012579
2006-12-11,69886.52807912343
2006-12-12,69717.92121458561
2006-12-13,69547.90779713192
2006-12-14,69954.31472661246
2006-12-15,69837.7593105686
2006-12-18,69505.92716999228
2006-12-19,69242.0173445974
2006-12-20,69274.80078397412
2006-12-21,69399.5191136423
2006-12-22,69366.15419066105
2006-12-26,69524.32936010428
2006-12-27,69925.63052502245
2006-12-28,70068.08241200597
2006-12-29,69874.52570336797
2007-01-03,70370.25305761717
2007-01-04,70009.35529684776
2007-01-05,69049.29479732603
2007-01-08,69094.89871863431
2007-01-09,69059.56519047727
2007-01-10,68856.1478835631
2007-01-11,69262.6653774988
2007-01-12,70048.13080207157
2007-01-16,70329.42818868869
2007-01-17,70362.15646999417
2007-01-18,70142.36862475808
2007-01-19,70067.2867316428
2007-01-22,70043.84276771224
2007-01-23,70241.9982455865
2007-01-24,70620.74823301908
2007-01-25,70230.95068022718
2007-01-26,70199.4337733053
2007-01-29,70218.06813089491
2007-01-30,70200.47550677706
2007-01-31,70579.79280282179
2007-02-01,71037.89632692726
2007-02-02,70342.82639130704
2007-02-05,70132.38761183531
2007-02-06,70460.77356258807
2007-02-07,70653.88992938938
2007-02-08,70620.5923966204
2007-02-09,70654.60981790497
2007-02-12,70485.93374539552
2007-02-13,70739.49819546877
2007-02-14,71330.06826991877
2007-02-15,71286.74051393708
2007-02-16,71134.08924211905
2007-02-20,71531.76075367743
2007-02-21,71696.96424387881
2007-02-22,72239.40558550795
2007-02-23,72013.2390547849
2007-02-26,72170.80127763381
2007-02-27,70701.79390251667
2007-02-28,70596.68858085731
2007-03-01,70759.23312063284
2007-03-02,69655.2702764751
2007-03-05,68523.6104199712
2007-03-06,69626.60300414507
2007-03-07,69397.24565096988
2007-03-08,69802.17667601214
2007-03-09,69823.46639184031
2007-03-12,70128.51564578808
2007-03-13,69609.8988985341
2007-03-14,69729.42116504042
2007-03-15,69815.27390964587
2007-03-16,69905.67124871293
2007-03-19,70406.4824422764
2007-03-20,70888.67617532889
2007-03-21,71669.11454939374
2007-03-22,71690.01721940505
2007-03-23,71238.05294999365
2007-03-26,71620.00363946396
2007-03-27,71444.29660316893
2007-03-28,71192.10058029766
2007-03-29,71100.70950067256
2007-03-30,71108.83998029763
2007-04-02,71109.53957155645
2007-04-03,71645.68165757453
2007-04-04,72125.59353145347
2007-04-05,72374.73359576165
2007-04-09,72282.9740904777
2007-04-10,72484.17843050176
2007-04-11,72281.86807436471
2007-04-12,72525.95454962474
2007-04-13,72626.38922991772
2007-04-16,73480.15114801157
2007-04-17,73462.44644907778
2007-04-18,73358.3935263565
2007-04-19,73028.92199891694
2007-04-20,73555.49246305888
2007-04-23,73400.22382433603
2007-04-24,73478.43232305802
2007-04-25,75711.7471404601
2007-04-26,76536.19448983704
2007-04-27,76737.52706500125
2007-04-30,76239.30161826765
2007-05-01,76380.12927937617
2007-05-02,76205.13203314194
2007-05-03,76753.16516191215
2007-05-04,77325.37185397706
2007-05-07,76939.06479317884
2007-05-08,76817.02727299707
2007-05-09,76942.34562521831
2007-05-10,76027.6008860617
2007-05-11,76262.74075321534
2007-05-14,76223.35936699355
2007-05-15,75957.4404907142
2007-05-16,76665.56370547843
2007-05-17,76234.21541920693
2007-05-18,76399.23167443824
2007-05-21,77417.07274799093
2007-05-22,77687.66609197004
2007-05-23,77520.06432041449
2007-05-24,77153.71204081988
2007-05-25,77192.04918992936
2007-05-29,77763.3097475279
2007-05-30,77700.91600443197
2007-05-31,77829.33309509477
2007-06-01,78171.18214133367
2007-06-04,78642.27010677727
2007-06-05,79033.2984272544
2007-06-06,78576.52864589138
2007-06-07,78049.59241619111
2007-06-08,78267.18846051865
2007-06-11,77715.9374262674
2007-06-12,77102.22764853305
2007-06-13,77653.80488059002
2007-06-14,78346.14212810341
2007-06-15,78656.10748737564
2007-06-18,78531.80684703965
2007-06-19,78221.41716563245
2007-06-20,77960.50794672345
2007-06-21,78228.29641639903
2007-06-22,77703.82934930875
2007-06-25,77649.4986063076
2007-06-26,77206.42016152437
2007-06-27,77551.29703514096
2007-06-28,77934.5074957167
2007-06-29,77788.29106542538
2007-07-02,78403.31830145819
2007-07-03,78561.00206716725
2007-07-05,78490.69163693392
2007-07-06,78482.6028291125
2007-07-09,79512.69215613914
2007-07-10,78712.47270828535
2007-07-11,78948.84312256715
2007-07-12,80006.62373022156
2007-07-13,80285.30868644803
2007-07-16,80003.93359427441
2007-07-17,80331.85852873509
2007-07-18,80048.37062183916
2007-07-19,80440.60735271989
2007-07-20,80064.0551052447
2007-07-23,80261.58254822322
2007-07-24,79658.15540548871
2007-07-25,82380.31978205718
2007-07-26,80975.1066310955
2007-07-27,80294.25485244635
2007-07-30,80198.67221925908
2007-07-31,79207.34679496364
2007-08-01,79197.00792549973
2007-08-02,79932.53239993517
2007-08-03,78972.4143341907
2007-08-06,79934.34949747888
2007-08-07,79602.2393670431
2007-08-08,80174.3253479539
2007-08-09,78547.75595324447
2007-08-10,78766.36782152115
2007-08-13,78758.42929340844
2007-08-14,77991.38778780638
2007-08-15,77380.117333112
2007-08-16,77154.1856880962
2007-08-17,77989.94667235982
2007-08-20,77923.33840152992
2007-08-21,78352.38760622854
2007-08-22,78800.23162677938
2007-08-23,78711.23955447135
2007-08-24,79482.11673871876
2007-08-27,79057.87926323507
2007-08-28,78239.41587769205
2007-08-29,79386.57036837425
2007-08-30,79244.04249519602
2007-08-31,80022.93009545727
2007-09-04,81091.12898772306
2007-09-05,81158.97718068302
2007-09-06,81994.79540057469
2007-09-07,81579.77254575593
2007-09-10,81474.69097040285
2007-09-11,82303.49496094463
2007-09-12,82617.76605056395
2007-09-13,82709.3492236068
2007-09-14,82972.3225834553
2007-09-17,82709.01599515464
2007-09-18,83513.80947202593
2007-09-19,83805.26191112318
2007-09-20,84233.69823013234
2007-09-21,85164.40277568974
2007-09-24,85214.97289879633
2007-09-25,85403.93168088072
2007-09-26,85479.61955567647
2007-09-27,85462.78524363875
2007-09-28,85686.52402416173
2007-10-01,86134.00122154731
2007-10-02,85562.93187728133
2007-10-03,85293.0289885074
2007-10-04,85261.27232995554
2007-10-05,86241.32392323445
2007-10-08,86660.67333554688
2007-10-09,86790.84110072405
2007-10-10,87066.8353332183
2007-10-11,85713.83049300947
2007-10-12,86223.69245709405
2007-10-15,85997.24411955268
2007-10-16,85666.91247420196
2007-10-17,86260.80730521488
2007-10-18,86131.45867820397
2007-10-19,85329.53887122334
2007-10-22,85470.2332013635
2007-10-23,87836.27312254667
2007-10-24,85423.04767044772
2007-10-25,85769.81646013528
2007-10-26,87431.80270595272
2007-10-29,88225.05850378115
2007-10-30,87824.90693208078
2007-10-31,88877.62786140555
2007-11-01,88426.16041157125
2007-11-02,88364.93301609955
2007-11-05,88159.91380033578
2007-11-06,89655.76330986098
2007-11-07,89324.37756361903
2007-11-08,87851.04991247294
2007-11-09,85986.26821559809
2007-11-12,84530.06416911598
2007-11-13,86062.74097499621
2007-11-14,85759.55286556862
2007-11-15,84929.58789178073
2007-11-16,85226.77203625787
2007-11-19,84693.33268011866
2007-11-20,85761.78003909327
2007-11-21,85193.68479890702
2007-11-23,86226.51499599426
2007-11-26,86175.71841016649
2007-11-27,86382.91725302879
2007-11-28,87561.81007999618
2007-11-29,87077.98982007246
2007-11-30,86970.39158962175
2007-12-03,86825.53884965778
2007-12-04,87731.98957053994
2007-12-05,88379.54025257027
2007-12-06,89189.34996102475
2007-12-07,88823.1634115364
2007-12-10,89294.69909382494
2007-12-11,88338.4893772135
2007-12-12,88864.88473855949
2007-12-13,88815.18556732482
2007-12-14,87561.39780420375
2007-12-17,86390.45440442894
2007-12-18,87525.24148710526
2007-12-19,87680.47645396853
2007-12-20,88458.78021319311
2007-12-21,89553.02292233836
2007-12-24,89663.87627643101
2007-12-26,90186.35830885793
2007-12-27,90820.14627266188
2007-12-28,91089.07534031478
2007-12-31,90524.82061333695
2008-01-02,91215.33281423817
2008-01-03,91619.49760852553
2008-01-04,89802.02894441421
2008-01-07,89905.70096313319
2008-01-08,89538.79459576198
2008-01-09,90511.92261992098
2008-01-10,90611.89412512253
2008-01-11,90040.87973644899
2008-01-14,91491.48399842308
2008-01-15,90958.70357824722
2008-01-16,89394.49152147626
2008-01-17,89033.60020653755
2008-01-18,89216.99939701147
2008-01-22,87418.43478078165
2008-01-23,88814.48824272811
2008-01-24,90649.09114117989
2008-01-25,90380.86866790023
2008-01-28,90478.89598433816
2008-01-29,90544.22553954062
2008-01-30,90117.6220427763
2008-01-31,90816.89296933163
2008-02-01,90923.25969944781
2008-02-04,89644.09780051163
2008-02-05,87710.98890952629
2008-02-06,88212.83248407135
2008-02-07,87911.59145858316
2008-02-08,88468.95952440772
2008-02-11,88754.69879855865
2008-02-12,88683.34321163436
2008-02-13,89057.20790700616
2008-02-14,88703.73308253365
2008-02-15,88700.75443099205
2008-02-19,89118.45307232559
2008-02-20,89173.9491070341
2008-02-21,89499.45537625618
2008-02-22,89461.44315698306
2008-02-25,89523.805459763
2008-02-26,90139.42749558536
2008-02-27,91011.5195380613
2008-02-28,90668.67156270122
2008-02-29,90057.79164623826
2008-03-03,90521.68350403424
2008-03-04,90543.01887368703
2008-03-05,90874.44965027121
2008-03-06,90781.8643606284
2008-03-07,90593.93291235778
2008-03-10,90483.68478692336
2008-03-11,91657.44027227868
2008-03-12,91366.78829911206
2008-03-13,91977.57950878085
2008-03-14,91321.15117794515
2008-03-17,91250.0554991933
2008-03-18,92446.00376400427
2008-03-19,89865.30980829571
2008-03-20,89863.62813062486
2008-03-24,91125.70737990568
2008-03-25,91190.79787541082
2008-03-26,91405.86783783807
2008-03-27,90148.28722296031
2008-03-28,89640.37966539829
2008-03-31,90198.09848104832
2008-04-01,90015.36128433327
2008-04-02,90100.84911469242
2008-04-03,90411.78197448637
2008-04-04,90395.21122398353
2008-04-07,91216.30453979463
2008-04-08,90011.92026090322
2008-04-09,90071.46515610517
2008-04-10,90928.96922523498
2008-04-11,89975.23892996892
2008-04-14,89824.32239666343
2008-04-15,90407.61188463545
2008-04-16,92720.40186927925
2008-04-17,93130.09318802122
2008-04-18,92665.09665346652
2008-04-21,92915.23632911757
2008-04-22,92529.06138971327
2008-04-23,92737.08390020364
2008-04-24,92766.46809759029
2008-04-25,92001.15888138008
2008-04-28,91643.56225648144
2008-04-29,91111.92165177046
2008-04-30,90876.44038205544
2008-05-01,91164.32592647063
2008-05-02,91189.07884886193
2008-05-05,90796.34509190962
2008-05-06,92383.48838246701
2008-05-07,91315.87690224643
2008-05-08,91534.44887623614
2008-05-09,91308.43811159563
2008-05-12,92226.8413442266
2008-05-13,91794.69754553994
2008-05-14,91896.32767597717
2008-05-15,92917.28205334075
2008-05-16,93463.69373701261
2008-05-19,93706.15076164738
2008-05-20,93427.41571124207
2008-05-21,93274.16303992737
2008-05-22,93564.05074188928
2008-05-23,92970.50837805831
2008-05-27,93209.63319886127
2008-05-28,93345.87344215257
2008-05-29,92739.30632189897
2008-05-30,92860.42022768832
2008-06-02,92495.84350358442
2008-06-03,92112.08894006434
2008-06-04,92561.26840778935
2008-06-05,92973.38729018807
2008-06-06,92191.66837118464
2008-06-09,92071.6933804564
2008-06-10,90981.13905101022
2008-06-11,90467.93148661617
2008-06-12,90444.70812000586
2008-06-13,91328.98674479741
2008-06-16,92386.31773420802
2008-06-17,91843.4120157871
2008-06-18,91520.69198891093
2008-06-19,92062.79104291704
2008-06-20,91086.48915274417
2008-06-23,90110.0657590128
2008-06-24,90599.04712770405
2008-06-25,91127.48037850318
2008-06-26,90553.68368728114
2008-06-27,90995.70455026832
2008-06-30,91181.40933886822
2008-07-01,91394.07516135645
2008-07-02,90272.63495748636
2008-07-03,90001.9508605407
2008-07-07,89517.20171990604
2008-07-08,89550.46196434704
2008-07-09,89087.6421959343
2008-07-10,89864.05179397199
2008-07-11,90537.17791016458
2008-07-14,90303.01401069493
2008-07-15,91033.48523390785
2008-07-16,91432.76167706029
2008-07-17,91959.37878826156
2008-07-18,91420.56570923053
2008-07-21,91555.53595118652
2008-07-22,91210.63729100072
2008-07-23,90387.00867327192
2008-07-24,89469.46216931155
2008-07-25,89729.87907164091
2008-07-28,89192.72421456849
2008-07-29,89684.62392912051
2008-07-30,89130.78084179091
2008-07-31,89224.7360550764
2008-08-01,88899.94603523273
2008-08-04,88467.66752093557
2008-08-05,89151.19311047225
2008-08-06,90048.13912777403
2008-08-07,89927.07000160486
2008-08-08,89929.67785831218
2008-08-11,90010.5776227946
2008-08-12,88936.4417106644
2008-08-13,88833.27126338717
2008-08-14,88808.79988675084
2008-08-15,87799.81568276264
2008-08-18,87560.93271888234
2008-08-19,86824.69804715822
2008-08-20,87669.4097283175
2008-08-21,88204.28175800478
2008-08-22,88255.65840804948
2008-08-25,87797.08691788635
2008-08-26,87850.13055343041
2008-08-27,88230.54573818395
2008-08-28,88827.36788489748
2008-08-29,87588.13324643507
2008-09-02,86026.22367222505
2008-09-03,85426.18090682905
2008-09-04,84080.13994083907
2008-09-05,84404.01728367363
2008-09-08,84440.81319046869
2008-09-09,82760.99400007009
2008-09-10,82912.83522681874
2008-09-11,81874.66163808075
2008-09-12,82361.40424399952
2008-09-15,82326.30746450598
2008-09-16,82713.83479713423
2008-09-17,82481.37526171668
2008-09-18,85314.95457714207
2008-09-19,86946.58362710643
2008-09-22,86802.34495190141
2008-09-23,86546.2743455643
2008-09-24,86673.34029618163
2008-09-25,87018.11183715571
2008-09-26,87362.88989749264
2008-09-29,84816.3809269718
2008-09-30,86293.01770812337
2008-10-01,85933.41463246224
2008-10-02,84018.46640681862
2008-10-03,82856.37877991852
2008-10-06,83325.04538383574
2008-10-07,81603.18521502112
2008-10-08,82745.25762664071
2008-10-09,80718.67594845823
2008-10-10,81998.97503437879
2008-10-13,82563.6158124285
2008-10-14,80947.83605351768
2008-10-15,79594.10733096217
2008-10-16,79193.71630465699
2008-10-17,78678.0581082544
2008-10-20,80414.7358530162
2008-10-21,78209.6833912805
2008-10-22,75716.56087752202
2008-10-23,75326.2263498323
2008-10-24,74328.55453372908
2008-10-27,74433.06823670368
2008-10-28,77406.22270130234
2008-10-29,77876.77354756097
2008-10-30,78615.22274681833
2008-10-31,78245.40978407425
2008-11-03,78132.88757672123
2008-11-04,79660.14882240327
2008-11-05,78171.50223225367
2008-11-06,76604.66715322238
2008-11-07,77087.82917481412
2008-11-10,77452.83110258321
2008-11-11,76203.36330072039
2008-11-12,74757.65699872568
2008-11-13,75934.3952604974
2008-11-14,75573.4239009588
2008-11-17,74327.71843044895
2008-11-18,74615.19416801106
2008-11-19,73863.12006017503
2008-11-20,72180.3700015426
2008-11-21,75327.42473589974
2008-11-24,77811.81608677265
2008-11-25,77211.34610149349
2008-11-26,77931.82831583463
2008-11-28,77758.59496137952
2008-12-01,74840.69237612904
2008-12-02,75077.199474453
2008-12-03,75237.45341030526
2008-12-04,74750.52122193336
2008-12-05,74858.88199136405
2008-12-08,76350.42360847235
2008-12-09,76505.87091820971
2008-12-10,78566.23177407519
2008-12-11,78451.65695305412
2008-12-12,79153.55609183296
2008-12-15,78933.88604948363
2008-12-16,80852.87688575922
2008-12-17,81323.22436806951
2008-12-18,80300.70679598243
2008-12-19,80118.37517146858
2008-12-22,80129.09628652886
2008-12-23,79934.05669844335
2008-12-24,79895.19299367764
2008-12-26,80013.79533828072
2008-12-29,81093.91764039145
2008-12-30,81602.0861799556
2008-12-31,81589.39474397217
2009-01-02,82603.35750596547
2009-01-05,82374.0761518112
2009-01-06,82957.09424733586
2009-01-07,81252.83369985745
2009-01-08,81642.86233903126
2009-01-09,80003.04434295624
2009-01-12,78758.44242256181
2009-01-13,79025.40756378917
2009-01-14,77553.90881114687
2009-01-15,77924.99040411144
2009-01-16,79282.00155478674
2009-01-20,77815.50475736267
2009-01-21,79199.34745226243
2009-01-22,78250.93204473579
2009-01-23,79608.40575344795
2009-01-26,81004.38155918411
2009-01-27,81641.67760602302
2009-01-28,82928.34661439306
2009-01-29,81458.47058151821
2009-01-30,81536.62706931423
2009-02-02,82326.63411965159
2009-02-03,82537.16843891781
2009-02-04,82815.84618786894
2009-02-05,84444.55657187793
2009-02-06,85855.4922914863
2009-02-09,85452.96319801889
2009-02-10,84156.40258601123
2009-02-11,83920.35964413796
2009-02-12,84379.67095863458
2009-02-13,84179.6542386061
2009-02-17,83259.66598191463
2009-02-18,83531.30677968854
2009-02-19,82860.85455988532
2009-02-20,83326.11916561471
2009-02-23,81813.17529150765
2009-02-24,83066.14249092962
2009-02-25,82886.61591437995
2009-02-26,81544.12080589894
2009-02-27,81781.24734210955
2009-03-02,79888.4782509083
2009-03-03,79514.50174108116
2009-03-04,80435.54005034427
2009-03-05,79257.79911541926
2009-03-06,80094.24268763533
2009-03-09,79018.31800413335
2009-03-10,80722.9911244405
2009-03-11,81693.0908573462
2009-03-12,83057.18802795766
2009-03-13,83108.68104710277
2009-03-16,82163.58034957253
2009-03-17,83454.84140173861
2009-03-18,83371.39389517976
2009-03-19,85024.32019366558
2009-03-20,84000.9918297645
2009-03-23,85991.36522231759
2009-03-24,84269.97986998413
2009-03-25,84620.26487502876
2009-03-26,86445.65567712326
2009-03-27,85167.55863527572
2009-03-30,84204.95450370885
2009-03-31,84650.57695353305
2009-04-01,85773.93995459386
2009-04-02,85960.24893909124
2009-04-03,87101.26356136978
2009-04-06,86123.75749646926
2009-04-07,85329.52890996958
2009-04-08,86200.73672582975
2009-04-09,87624.54545377972
2009-04-13,87486.5317812593
2009-04-14,87490.46886267072
2009-04-15,87336.31555869158
2009-04-16,88143.96564843075
2009-04-17,88092.47054051067
2009-04-20,86342.69290835166
2009-04-21,86988.66453671061
2009-04-22,87447.23163044298
2009-04-23,87842.46818308068
2009-04-24,89185.51212860673
2009-04-27,88211.42544358346
2009-04-28,87444.16517418316
2009-04-29,88003.28139632728
2009-04-30,88930.93422647606
2009-05-01,89093.67786002513
2009-05-04,90317.46732399717
2009-05-05,90137.90658687658
2009-05-06,89752.19463894349
2009-05-07,88070.22706363555
2009-05-08,86788.37647574343
2009-05-11,86842.51365176556
2009-05-12,86513.3700390145
2009-05-13,85556.82407225488
2009-05-14,86080.193020452
2009-05-15,86557.54307957963
2009-05-18,87528.98348750798
2009-05-19,87954.00730394281
2009-05-20,88604.32225458878
2009-05-21,88049.22449645537
2009-05-22,88693.12505036434
2009-05-26,89595.41082712241
2009-05-27,89581.39211412401
2009-05-28,90193.99935038474
2009-05-29,91203.8398922948
2009-06-01,92840.26752929011
2009-06-02,92715.83566054417
2009-06-03,92161.21685718966
2009-06-04,92734.55798121786
2009-06-05,92329.36478286669
2009-06-08,91552.92326920656
2009-06-09,92589.3190003883
2009-06-10,93199.64625173777
2009-06-11,92838.58846138499
2009-06-12,92613.30755157227
2009-06-15,91904.73372922187
2009-06-16,91593.06328820795
2009-06-17,91800.1119981474
2009-06-18,91634.27277916337
2009-06-19,92150.46460491628
2009-06-22,90179.82882893976
2009-06-23,90133.76892072405
2009-06-24,91236.23495457959
2009-06-25,92393.59019690333
2009-06-26,92873.2392159329
2009-06-29,92919.77574549888
2009-06-30,92597.18309742572
2009-07-01,93081.14367626543
2009-07-02,91778.05952174377
2009-07-06,91157.68435078424
2009-07-07,89941.13765098582
2009-07-08,89819.51318535546
2009-07-09,90216.9179737677
2009-07-10,90174.67171922953
2009-07-13,91107.41324040227
2009-07-14,91741.89280091604
2009-07-15,93937.91727385235
2009-07-16,94671.75332921623
2009-07-17,94856.51501023569
2009-07-20,95629.43027179512
2009-07-21,95246.78093424429
2009-07-22,95744.52562442928
2009-07-23,97107.44260694718
2009-07-24,96470.78014174046
2009-07-27,96281.16011816863
2009-07-28,96131.83290880345
2009-07-29,95672.83610713152
2009-07-30,96360.34728211546
2009-07-31,96742.62778509446
2009-08-03,98201.22279209924
2009-08-04,98303.89290619273
2009-08-05,97849.01862363539
2009-08-06,97412.58989475651
2009-08-07,98195.10608889247
2009-08-10,97313.01100547284
2009-08-11,96642.87629346664
2009-08-12,97795.52327895956
2009-08-13,98548.81672579767
2009-08-14,97922.84979862969
2009-08-17,95971.76490605224
2009-08-18,96907.74676416817
2009-08-19,97213.51298836229
2009-08-20,98149.83040960185
2009-08-21,99479.80598331577
2009-08-24,99225.39927073101
2009-08-25,99471.05429318473
2009-08-26,99436.91691274772
2009-08-27,99871.32850718044
2009-08-28,100916.7664872493
2009-08-31,100395.80815104922
2009-09-01,99108.7687699085
2009-09-02,99307.87158644419
2009-09-03,100708.15540500918
2009-09-04,102044.47676957026
2009-09-08,103075.8659010627
2009-09-09,104007.26297343988
2009-09-10,104683.9135768933
2009-09-11,104835.37271368176
2009-09-14,104505.23304645892
2009-09-15,105110.93501967033
2009-09-16,105672.66759909422
2009-09-17,104630.90212668103
2009-09-18,104538.26220103411
2009-09-21,104288.93340640825
2009-09-22,105249.58046212373
2009-09-23,104723.38133380035
2009-09-24,104419.26942799782
2009-09-25,103292.17084502001
2009-09-28,104109.7774769013
2009-09-29,103540.23580889903
2009-09-30,104312.35647096027
2009-10-01,102401.73538639596
2009-10-02,102195.55799020368
2009-10-05,102431.45285999142
2009-10-06,104547.04532700243
2009-10-07,104724.73176481442
2009-10-08,105218.82662632856
2009-10-09,105918.44331627656
2009-10-12,106694.71604050315
2009-10-13,106822.2694790985
2009-10-14,106859.22841616295
2009-10-15,106121.4932428173
2009-10-16,105728.21453197107
2009-10-19,106374.24407978538
2009-10-20,106572.73639636647
2009-10-21,106380.73503573972
2009-10-22,106890.08124173948
2009-10-23,107056.76666182242
2009-10-26,106612.32662979087
2009-10-27,105021.08222709707
2009-10-28,103237.44281006137
2009-10-29,104923.49557262115
2009-10-30,103311.36244164524
2009-11-02,104147.97330469027
2009-11-03,104154.83458320603
2009-11-04,105448.62551480606
2009-11-05,106498.49607725511
2009-11-06,107567.50252703633
2009-11-09,109015.27088724292
2009-11-10,108348.41795481998
2009-11-11,109628.70217965142
2009-11-12,109518.74965679769
2009-11-13,109989.76489259314
2009-11-16,111411.67046425032
2009-11-17,112075.80262746822
2009-11-18,112230.88170485866
2009-11-19,110376.53045516029
2009-11-20,110214.60987426428
2009-11-23,111892.0613533365
2009-11-24,111783.9752988047
2009-11-25,112633.34277427441
2009-11-27,111329.63840429272
2009-11-30,112024.01152456952
2009-12-01,113618.56830556062
2009-12-02,114754.14176941186
2009-12-03,114782.85384989636
2009-12-04,114769.98934344968
2009-12-07,114962.48803408159
2009-12-08,114064.84238135007
2009-12-09,114371.17255000756
2009-12-10,113826.39890104363
2009-12-11,113673.68055812336
2009-12-14,114806.22480649863
2009-12-15,114509.21189375568
2009-12-16,116502.92218892323
2009-12-17,115221.94284169804
2009-12-18,115431.67798632076
2009-12-21,116370.45292754094
2009-12-22,116744.57929394486
2009-12-23,117228.77725465805
2009-12-24,117458.89013155142
2009-12-28,117238.47701869384
2009-12-29,118037.4715574185
2009-12-30,118105.69022320339
2009-12-31,117678.95169114253
2010-01-04,119075.31254075811
2010-01-05,119243.07185795224
2010-01-06,119248.6910297166
2010-01-07,118466.2326529248
2010-01-08,118594.829018511
2010-01-11,119056.71033536503
2010-01-12,118112.87643144347
2010-01-13,118013.67291873803
2010-01-14,118588.64483481795
2010-01-15,117563.20633910685
2010-01-19,118434.5174925817
2010-01-20,117492.99969007932
2010-01-21,116361.65844697028
2010-01-22,113964.72726962167
2010-01-25,114646.14419555845
2010-01-26,114084.17799011571
2010-01-27,114460.90068592143
2010-01-28,113563.56623681677
2010-01-29,112349.45276851268
2010-02-01,113447.48281461827
2010-02-02,114492.56027509192
2010-02-03,114881.62927001307
2010-02-04,112229.35175095966
2010-02-05,111788.36208920616
2010-02-08,111689.98878413218
2010-02-09,112125.87003911965
2010-02-10,112172.95363854115
2010-02-11,113231.69687902255
2010-02-12,113333.694197556
2010-02-16,115209.57083929078
2010-02-17,115822.13897932383
2010-02-18,115388.16337916031
2010-02-19,114948.61728406136
2010-02-22,115247.14198472678
2010-02-23,114259.55579968795
2010-02-24,114575.5762439025
2010-02-25,114172.78937899761
2010-02-26,114403.51267087663
2010-03-01,115389.80744445242
2010-03-02,115488.36986958011
2010-03-03,115540.82940472101
2010-03-04,115697.42066121349
2010-03-05,116385.05109843006
2010-03-08,115928.11710344884
2010-03-09,116188.16867119251
2010-03-10,116518.83861383799
2010-03-11,116111.15899966596
2010-03-12,116038.39441807763
2010-03-15,115839.95869027018
2010-03-16,117031.06422558191
2010-03-17,117513.65201474405
2010-03-18,117000.2698653765
2010-03-19,115959.70829658482
2010-03-22,116151.77749478079
2010-03-23,116926.37623559182
2010-03-24,116060.06046490425
2010-03-25,116530.21513682214
2010-03-26,116276.80179405952
2010-03-29,116869.68925734313
2010-03-30,116964.44570429607
2010-03-31,116921.62308695717
2010-04-01,117003.51834615119
2010-04-05,117405.4019213837
2010-04-06,117665.48704472755
2010-04-07,118101.69647861997
2010-04-08,118058.06946523314
2010-04-09,118578.80803173454
2010-04-12,118997.1403483654
2010-04-13,119099.36560069936
2010-04-14,120170.24282417285
2010-04-15,120087.36042012225
2010-04-16,118894.66546809781
2010-04-19,118606.05452998218
2010-04-20,119081.75122022632
2010-04-21,118736.85819099672
2010-04-22,118620.27712546453
2010-04-23,118594.42327570118
2010-04-26,119259.74452214115
2010-04-27,118060.70828738426
2010-04-28,118309.13452054813
2010-04-29,118957.40246447324
2010-04-30,118555.3116823122
2010-05-03,118709.31941152642
2010-05-04,117015.28721278344
2010-05-05,115961.05316884602
2010-05-06,115385.86627173316
2010-05-07,115358.14161765022
2010-05-10,116736.98464225809
2010-05-11,117209.18420953602
2010-05-12,118342.84038368743
2010-05-13,118093.75329211287
2010-05-14,116241.8410945944
2010-05-17,116333.17105451504
2010-05-18,114965.78166768026
2010-05-19,114239.27195484299
2010-05-20,112912.4578910381
2010-05-21,112664.60416831695
2010-05-24,112298.79161840463
2010-05-25,112722.83325768073
2010-05-26,112535.41812880161
2010-05-27,114135.6104282171
2010-05-28,113566.02301365972
2010-06-01,113810.81698376925
2010-06-02,114164.49810615391
2010-06-03,114228.49682918182
2010-06-04,112420.72044677928
2010-06-07,111804.67169471503
2010-06-08,112627.37601251183
2010-06-09,111876.78184269297
2010-06-10,112286.15110864685
2010-06-11,113035.59405186863
2010-06-14,112983.56516220322
2010-06-15,114480.64789724228
2010-06-16,114617.30369736464
2010-06-17,115187.57668858783
2010-06-18,115586.73752202817
2010-06-21,115273.88000433984
2010-06-22,113951.18924794396
2010-06-23,113514.50908603836
2010-06-24,112894.08098223587
2010-06-25,113551.7200859391
2010-06-28,113622.063954062
2010-06-29,111417.33566224696
2010-06-30,111238.80038590872
2010-07-01,111162.31502259347
2010-07-02,110323.79334082987
2010-07-06,110948.16954285059
2010-07-07,111937.66472921886
2010-07-08,111942.11261738489
2010-07-09,112536.3334613966
2010-07-12,112715.64776330424
2010-07-13,113646.11588503173
2010-07-14,113672.47452175214
2010-07-15,113478.98932625832
2010-07-16,111691.43862612714
2010-07-19,112206.11669390641
2010-07-20,112877.10106547968
2010-07-21,112393.37659252482
2010-07-22,113701.22538641648
2010-07-23,113465.0918432938
2010-07-26,113663.80599766642
2010-07-27,112961.5052928644
2010-07-28,112199.00200991129
2010-07-29,111179.52936120429
2010-07-30,111224.65147335551
2010-08-02,112527.76617243998
2010-08-03,112204.56434359575
2010-08-04,112788.90471172372
2010-08-05,112299.2242169294
2010-08-06,112796.51600758059
2010-08-09,112658.285053234
2010-08-10,111849.58113128567
2010-08-11,111430.81803385245
2010-08-12,111273.78959584564
2010-08-13,111345.18603218773
2010-08-16,111629.02977718678
2010-08-17,112196.65470708547
2010-08-18,111917.68437187938
2010-08-19,112440.13638302244
2010-08-20,112150.58048540169
2010-08-23,112077.59468290786
2010-08-24,111423.03414603841
2010-08-25,111998.38269670827
2010-08-26,111670.90307031274
2010-08-27,112219.20081657654
2010-08-30,111312.82053016721
2010-08-31,111288.97898539713
2010-09-01,112088.31670064479
2010-09-02,112091.00028226589
2010-09-03,112721.43156885382
2010-09-07,113523.28051704037
2010-09-08,113632.2281366518
2010-09-09,113654.2385227789
2010-09-10,113565.06122576166
2010-09-13,114775.91798530731
2010-09-14,115578.9689629883
2010-09-15,115794.49631538404
2010-09-16,115961.40157780402
2010-09-17,116921.58722870867
2010-09-20,117451.8426741093
2010-09-21,117074.35128617009
2010-09-22,117592.64862690931
2010-09-23,117393.37113684208
2010-09-24,118409.68582780073
2010-09-27,118121.20203662338
2010-09-28,118318.56084885926
2010-09-29,118815.96828505008
2010-09-30,118362.09863551887
2010-10-01,118708.19637095524
2010-10-04,118183.5255348299
2010-10-05,119357.5165110036
2010-10-06,119567.23268009843
2010-10-07,119538.63782281804
2010-10-08,119782.02631608739
2010-10-11,119982.4732958525
2010-10-12,120088.69860984862
2010-10-13,121522.13214354344
2010-10-14,121415.08655667327
2010-10-15,121679.71315491054
2010-10-18,121942.74973980189
2010-10-19,120560.69158816556
2010-10-20,120546.46608087412
2010-10-21,120777.37582599428
2010-10-22,120837.43028250181
2010-10-25,121326.1954378416
2010-10-26,121156.70355830021
2010-10-27,121231.80813331755
2010-10-28,122052.35089431313
2010-10-29,122779.02098627063
2010-11-01,123006.0847209088
2010-11-02,123366.698312244
2010-11-03,123046.84673575102
2010-11-04,124720.17695733457
2010-11-05,125011.6048972838
2010-11-08,124509.87036955655
2010-11-09,125561.01409032462
2010-11-10,124776.9301380345
2010-11-11,124583.61271978205
2010-11-12,124392.22644774243
2010-11-15,123674.63757114085
2010-11-16,122100.2141777852
2010-11-17,121966.80531926369
2010-11-18,123091.81841883268
2010-11-19,123029.01885488855
2010-11-22,123503.20572758172
2010-11-23,122890.24468566179
2010-11-24,123588.13266078927
2010-11-26,122753.67396379822
2010-11-29,122602.51852238747
2010-11-30,123190.1153133943
2010-12-01,124625.12999167579
2010-12-02,125861.60208734531
2010-12-03,127445.80988712727
2010-12-06,127444.49668828216
2010-12-07,128000.18306856249
2010-12-08,127299.80971667334
2010-12-09,127407.23064076334
2010-12-10,127440.2062129747
2010-12-13,127954.5477731351
2010-12-14,128023.82075023468
2010-12-15,127942.1070358894
2010-12-16,127299.53950427458
2010-12-17,128465.18473984905
2010-12-20,128470.64286602709
2010-12-21,129137.32932269495
2010-12-22,129269.60461601279
2010-12-23,128678.57403070174
2010-12-27,128784.63239424137
2010-12-28,128603.5611747646
2010-12-29,129872.00502476019
2010-12-30,129629.95650422425
2010-12-31,130073.64062118139
2011-01-03,130569.8060653229
2011-01-04,130099.5526600197
2011-01-05,130355.18277868851
2011-01-06,133316.11170804888
2011-01-07,133888.438214699
2011-01-10,134481.04978399252
2011-01-11,134572.32404917592
2011-01-12,137531.16579499524
2011-01-13,137323.92567947024
2011-01-14,137619.69150530943
2011-01-18,137603.04605153453
2011-01-19,136873.27255783556
2011-01-20,135707.7908185536
2011-01-21,135012.50148000385
2011-01-24,137409.18004155566
2011-01-25,136237.48484867546
2011-01-26,136920.63887925557
2011-01-27,137165.05464381265
2011-01-28,135075.80734390448
2011-01-31,135366.87710916574
2011-02-01,136443.66559629806
2011-02-02,137645.47924141417
2011-02-03,136844.1048454552
2011-02-04,138410.7528453297
2011-02-07,137632.75722745148
2011-02-08,137353.14325721844
2011-02-09,136388.89227396014
2011-02-10,135193.7641263415
2011-02-11,136191.1570456946
2011-02-14,135939.94282126476
2011-02-15,135483.2415141949
2011-02-16,136228.8912633596
2011-02-17,138641.63784812347
2011-02-18,138489.9675494028
2011-02-22,135916.03473894135
2011-02-23,135127.36842864758
2011-02-24,135500.44729480756
2011-02-25,135737.05010267344
2011-02-28,135681.38573010024
2011-03-01,134535.36778120146
2011-03-02,134197.98723991076
2011-03-03,134204.6611052894
2011-03-04,134112.34740106598
2011-03-07,133646.6951099899
2011-03-08,132832.74531138543
2011-03-09,132782.1127681917
2011-03-10,130382.27483133595
2011-03-11,130593.77951601417
2011-03-14,130825.09173486133
2011-03-15,129363.94639897271
2011-03-16,128249.91757227098
2011-03-17,128845.18385524813
2011-03-18,129248.16039534564
2011-03-21,130477.80371673362
2011-03-22,129934.01443266349
2011-03-23,131052.88558640907
2011-03-24,132911.82329011237
2011-03-25,131824.99692275823
2011-03-28,131599.44851015043
2011-03-29,131550.80303764582
2011-03-30,131290.18918078335
2011-03-31,131750.40780446207
2011-04-01,131132.9071247504
2011-04-04,130997.10452813763
2011-04-05,130962.90968324551
2011-04-06,132249.44368874622
2011-04-07,132819.35507560262
2011-04-08,132470.77415752923
2011-04-11,132034.76056150766
2011-04-12,130992.33354906701
2011-04-13,131658.28250786176
2011-04-14,132508.73512802657
2011-04-15,131820.33112740633
2011-04-18,131272.5560295647
2011-04-19,131073.6959150563
2011-04-20,132705.5939295801
2011-04-21,132735.81280995367
2011-04-25,132726.20251375964
2011-04-26,133680.0703675669
2011-04-27,135009.3738556793
2011-04-28,136149.4638194394
2011-04-29,136408.86270482567
2011-05-02,135954.78115340447
2011-05-03,135229.0566355107
2011-05-04,135272.10468904377
2011-05-05,134398.78975609233
2011-05-06,134527.97139002738
2011-05-09,135264.58289105122
2011-05-10,135725.3280402185
2011-05-11,135085.80611418607
2011-05-12,135394.6543168221
2011-05-13,133505.30532610443
2011-05-16,132323.0180823203
2011-05-17,131874.31437047478
2011-05-18,132925.8752549562
2011-05-19,132576.11579970352
2011-05-20,132463.17505731797
2011-05-23,132423.45053229347
2011-05-24,132959.99504234045
2011-05-25,133190.8374759812
2011-05-26,133724.40810854099
2011-05-27,134709.20766547622
2011-05-31,135961.0500672407
2011-06-01,134814.47063582967
2011-06-02,134875.15880791008
2011-06-03,134085.89494148732
2011-06-06,134060.06317087196
2011-06-07,134127.56290716922
2011-06-08,133301.53475621526
2011-06-09,132927.3149007463
2011-06-10,131681.10493752736
2011-06-13,131489.04209973535
2011-06-14,131835.27918107604
2011-06-15,131351.48820651142
2011-06-16,130634.34145865399
2011-06-17,130218.73423591949
2011-06-20,130519.59398684223
2011-06-21,131523.800078415
2011-06-22,131013.88555905187
2011-06-23,130340.54757929592
2011-06-24,128995.1032454483
2011-06-27,128987.1624632795
2011-06-28,129907.99875321565
2011-06-29,130305.0318475083
2011-06-30,131155.86675211455
2011-07-01,131352.3709313622
2011-07-05,131927.97733199684
2011-07-06,132234.8981590926
2011-07-07,132990.73235643664
2011-07-08,132737.2433741443
2011-07-11,132172.83647455502
2011-07-12,131830.81306982227
2011-07-13,132950.88886915825
2011-07-14,132202.29776518457
2011-07-15,133827.2314565388
2011-07-18,133680.00243537323
2011-07-19,134782.14605339352
2011-07-20,134103.42949258198
2011-07-21,135444.7085154595
2011-07-22,136609.38476073346
2011-07-25,136679.1232669846
2011-07-26,136680.08275559352
2011-07-27,135523.45885860556
2011-07-28,135172.71317808458
2011-07-29,135337.0470828562
2011-08-01,135983.7132924753
2011-08-02,135371.07304351695
2011-08-03,136784.6705681217
2011-08-04,134305.72698614432
2011-08-05,133244.42669143266
2011-08-08,131406.62527513396
2011-08-09,135147.2049709293
2011-08-10,134019.63365400606
2011-08-11,135805.94447448463
2011-08-12,134627.72558151503
2011-08-15,135395.22153050936
2011-08-16,135737.9581494196
2011-08-17,135613.7017686371
2011-08-18,134459.50598315278
2011-08-19,134239.76362615824
2011-08-22,135682.9294553811
2011-08-23,138152.32980326973
2011-08-24,135115.4025436696
2011-08-25,132861.92394207584
2011-08-26,135911.54586120427
2011-08-29,137090.84912549422
2011-08-30,138433.67004880376
2011-08-31,137989.3376130014
2011-09-01,137718.94424995536
2011-09-02,138324.74755571526
2011-09-06,138743.1730500228
2011-09-07,138319.23020374868
2011-09-08,139586.26722284977
2011-09-09,138650.86338089925
2011-09-12,138699.50038418028
2011-09-13,138653.42128701566
2011-09-14,139353.12342333718
2011-09-15,139290.52715069498
2011-09-16,140067.04070287623
2011-09-19,139640.1783384849
2011-09-20,139239.35509484148
2011-09-21,137993.62710967453
2011-09-22,133947.47515679593
2011-09-23,133569.0119769326
2011-09-26,131214.04806408612
2011-09-27,133698.13860458342
2011-09-28,132365.7331934539
2011-09-29,131209.7699128413
2011-09-30,129979.99562305381
2011-10-03,129669.0952341433
2011-10-04,131068.75488579016
2011-10-05,131271.6252716494
2011-10-06,132651.76001184588
2011-10-07,133273.78669545287
2011-10-10,135086.86415320289
2011-10-11,134995.99654081935
2011-10-12,135937.4681626842
2011-10-13,136256.4621388971
2011-10-14,137973.78520702373
2011-10-17,136789.94367640064
2011-10-18,136362.39428470872
2011-10-19,136300.175024411
2011-10-20,134464.29215477593
2011-10-21,135753.48011394925
2011-10-24,136930.63321158866
2011-10-25,135791.07918360046
2011-10-26,137604.02158093263
2011-10-27,139545.05602607044
2011-10-28,140151.36906882108
2011-10-31,138503.43453806202
2011-11-01,136461.38220788876
2011-11-02,137924.22627333598
2011-11-03,139743.06415760852
2011-11-04,139556.52241051497
2011-11-07,140956.71417111097
2011-11-08,141781.7904434937
2011-11-09,139659.06731242966
2011-11-10,139119.10046722696
2011-11-11,140902.70381787381
2011-11-14,140808.5634205148
2011-11-15,141487.4407675196
2011-11-16,139633.21042348386
2011-11-17,138312.45705195057
2011-11-18,137251.8197098028
2011-11-21,136802.8354114785
2011-11-22,136969.74493196383
2011-11-23,135183.80969032538
2011-11-25,134687.17837539205
2011-11-28,137386.04365750388
2011-11-29,137245.5628906829
2011-11-30,139920.23017519253
2011-12-01,140724.68258527634
2011-12-02,140519.17135845777
2011-12-05,140689.85545921227
2011-12-06,139142.5683800261
2011-12-07,140100.39112701197
2011-12-08,138575.8925963874
2011-12-09,139122.68946651713
2011-12-12,137140.7805813556
2011-12-13,137070.935644758
2011-12-14,134251.5359194588
2011-12-15,133307.63282489893
2011-12-16,134536.80653313446
2011-12-19,133569.44635685964
2011-12-20,135403.73077937515
2011-12-21,134928.28322439696
2011-12-22,135697.39576718744
2011-12-23,135772.38499919995
2011-12-27,135948.12097708246
2011-12-28,134444.54037669837
2011-12-29,133806.57453394914
2011-12-30,133643.7870541464
2012-01-03,136838.29852618763
2012-01-04,137840.0313081115
2012-01-05,138236.87550000986
2012-01-06,138735.60460687953
2012-01-09,138026.09997223897
2012-01-10,138566.08314553514
2012-01-11,138173.46865469532
2012-01-12,139133.8252281553
2012-01-13,138240.49844156153
2012-01-17,138811.2375769053
2012-01-18,139462.7342412074
2012-01-19,140226.2939789048
2012-01-20,139838.72965904072
2012-01-23,140627.86843530965
2012-01-24,140462.53201030986
2012-01-25,139853.88184331811
2012-01-26,141519.6319865447
2012-01-27,141864.14379600622
2012-01-30,142076.83004602045
2012-01-31,142235.02989306173
2012-02-01,142842.43055141455
2012-02-02,143752.44183281955
2012-02-03,144175.51124996
2012-02-06,143857.1073384089
2012-02-07,144027.07735317378
2012-02-08,145253.01217375894
2012-02-09,145468.92986799145
2012-02-10,143682.5433961947
2012-02-13,144277.98777247293
2012-02-14,144199.3788538896
2012-02-15,144086.71246378313
2012-02-16,145018.12559376305
2012-02-17,144546.25715078387
2012-02-21,145530.59790288465
2012-02-22,145213.38344821514
2012-02-23,146095.14168878336
2012-02-24,146359.01586012816
2012-02-27,145832.46463327837
2012-02-28,146450.57849972975
2012-02-29,145848.65942588932
2012-03-01,145183.54142763602
2012-03-02,145067.74808268566
2012-03-05,144370.28287638235
2012-03-06,142835.47353344262
2012-03-07,143472.04213615012
2012-03-08,143856.8993134528
2012-03-09,143633.62093273178
2012-03-12,143570.40865542652
2012-03-13,144379.38705669335
2012-03-14,142655.69471764768
2012-03-15,143220.34165799685
2012-03-16,143278.8860270155
2012-03-19,143396.7268325428
2012-03-20,143103.1017049554
2012-03-21,142695.39634631234
2012-03-22,142080.24725756986
2012-03-23,142811.261769604
2012-03-26,144155.19687029097
2012-03-27,144571.86112773122
2012-03-28,144507.55793771968
2012-03-29,143881.6413636119
2012-03-30,144026.18938695834
2012-04-02,144672.0126975343
2012-04-03,144053.58333488717
2012-04-04,141564.03778554796
2012-04-05,142114.97503480516
2012-04-09,141423.2344227565
2012-04-10,140727.66708545617
2012-04-11,141276.64969349754
2012-04-12,142809.1101174309
2012-04-13,141546.04996367695
2012-04-16,140834.23550855296
2012-04-17,141011.3097193846
2012-04-18,140805.8971914033
2012-04-19,140457.18951718634
2012-04-20,140565.5346961941
2012-04-23,139753.49242820035
2012-04-24,139964.7856177182
2012-04-25,140329.924945253
2012-04-26,140896.03094916744
2012-04-27,141085.76329863543
2012-04-30,140688.14797451184
2012-05-01,141316.52981241862
2012-05-02,140559.79177420904
2012-05-03,139963.5232900319
2012-05-04,138551.41813720344
2012-05-07,138543.71509469132
2012-05-08,137510.29117335708
2012-05-09,137024.55148632723
2012-05-10,137026.54804024386
2012-05-11,137430.55586062593
2012-05-14,136430.0148505627
2012-05-15,136311.55978042525
2012-05-16,135877.98161302565
2012-05-17,135467.76625766145
2012-05-18,134785.35693593888
2012-05-21,135943.32495686135
2012-05-22,135324.95419236875
2012-05-23,134768.34668893905
2012-05-24,134510.18347877084
2012-05-25,134574.6311234316
2012-05-29,135630.6023308005
2012-05-30,134076.091785767
2012-05-31,134332.3094265023
2012-06-01,134290.68997706193
2012-06-04,134361.84609232045
2012-06-05,134775.3969413006
2012-06-06,136912.08779977568
2012-06-07,135383.62219022165
2012-06-08,135102.60529302852
2012-06-11,134611.87031186197
2012-06-12,135605.5399765407
2012-06-13,135524.40870698888
2012-06-14,135232.54780877882
2012-06-15,136723.57362512042
2012-06-18,136258.17889387716
2012-06-19,138445.2965062323
2012-06-20,138338.77177823742
2012-06-21,136232.8044449549
2012-06-22,136484.9155816192
2012-06-25,135347.73751483747
2012-06-26,135909.56719410192
2012-06-27,136598.4273435376
2012-06-28,136073.39054920574
2012-06-29,139155.6688453366
2012-07-02,138674.21612637857
2012-07-03,140015.81653313126
2012-07-05,139535.2038781786
2012-07-06,138089.66651007909
2012-07-09,137722.82373877778
2012-07-10,137346.54144720538
2012-07-11,136356.92696370176
2012-07-12,135039.38494026897
2012-07-13,137126.26567201436
2012-07-16,136978.93505078956
2012-07-17,137003.4464573083
2012-07-18,138220.03341809704
2012-07-19,139135.5237287069
2012-07-20,138247.18063134968
2012-07-23,137721.54922324172
2012-07-24,137461.45408500492
2012-07-25,137972.17288554163
2012-07-26,139142.8759005514
2012-07-27,140636.02207493983
2012-07-30,140259.3288414542
2012-07-31,140296.68483756593
2012-08-01,139586.62820351814
2012-08-02,139176.34274591214
2012-08-03,140552.51523265662
2012-08-06,141324.30268226503
2012-08-07,141866.47156175337
2012-08-08,141892.329090978
2012-08-09,142607.5708430867
2012-08-10,142689.059931585
2012-08-13,143199.03731652602
2012-08-14,142490.21612019438
2012-08-15,142605.85084955778
2012-08-16,143636.57753381945
2012-08-17,144014.1845489376
2012-08-20,143819.4033208888
2012-08-21,144162.78212804097
2012-08-22,144251.9308296995
2012-08-23,144315.33271224063
2012-08-24,145028.79781910538
2012-08-27,144595.83620787665
2012-08-28,144563.90758538057
2012-08-29,144571.513431358
2012-08-30,143848.73558337244
2012-08-31,144107.47081837914
2012-09-04,144272.7758129206
2012-09-05,144391.72677552578
2012-09-06,146256.87769668494
2012-09-07,146543.28227946628
2012-09-10,146144.47579114448
2012-09-11,146287.94149939506
2012-09-12,146376.57162942033
2012-09-13,146954.94635626706
2012-09-14,148587.70752589553
2012-09-17,148162.4847082101
2012-09-18,148349.91988402064
2012-09-19,148429.36509626752
2012-09-20,148064.4735248781
2012-09-21,148887.98686612325
2012-09-24,148283.0710452369
2012-09-25,147572.9749123756
2012-09-26,146331.94662210075
2012-09-27,147216.60387759717
2012-09-28,147487.29149136928
2012-10-01,147676.5658282961
2012-10-02,147409.4430621044
2012-10-03,147584.52453890725
2012-10-04,148819.1508784146
2012-10-05,147934.64706216744
2012-10-08,147188.52006380173
2012-10-09,146102.9369701277
2012-10-10,145409.0181706041
2012-10-11,145877.8166089397
2012-10-12,145854.2510415163
2012-10-15,145464.77758341178
2012-10-16,146465.4516343716
2012-10-17,146364.86157107214
2012-10-18,144666.36092406983
2012-10-19,142719.89509956876
2012-10-22,142093.3924312481
2012-10-23,141988.3315293858
2012-10-24,141581.32901679177
2012-10-25,141960.1620797557
2012-10-26,142034.1610421022
2012-10-31,142369.6552709657
2012-11-01,143728.9249551864
2012-11-02,142720.0545921663
2012-11-05,143185.5021457364
2012-11-06,143665.71239377442
2012-11-07,142743.86950563226
2012-11-08,142214.017835021
2012-11-09,142476.3903562352
2012-11-12,141850.80976373155
2012-11-13,140768.67196834748
2012-11-14,139973.4743225319
2012-11-15,139611.73582600514
2012-11-16,139448.50441152588
2012-11-19,140814.85938920593
2012-11-20,140785.19524301388
2012-11-21,141045.59191651669
2012-11-23,142108.88054051547
2012-11-26,142444.40286288186
2012-11-27,142556.75507253566
2012-11-28,142395.50807698682
2012-11-29,142591.40168686296
2012-11-30,142689.75291486163
2012-12-03,142225.41432074693
2012-12-04,141916.2950189466
2012-12-05,141571.66663001347
2012-12-06,141713.42849194555
2012-12-07,141537.2639334505
2012-12-10,142569.73984921642
2012-12-11,143369.54722583084
2012-12-12,143256.56394473164
2012-12-13,142523.0648291882
2012-12-14,142686.7893218694
2012-12-17,143357.64156821376
2012-12-18,143880.57440320382
2012-12-19,143722.0098627927
2012-12-20,143500.0353108806
2012-12-21,142885.4563985716
2012-12-24,142376.03526254807
2012-12-26,142248.28306996333
2012-12-27,142089.75279292153
2012-12-28,141603.58104365788
2012-12-31,142157.1819020831
2013-01-02,145069.99299956003
2013-01-03,144437.88395086728
2013-01-04,143871.55055911443
2013-01-07,143185.97041068313
2013-01-08,142975.51868571888
2013-01-09,143104.91286611615
2013-01-10,143949.69404979626
2013-01-11,144016.2943899975
2013-01-14,144412.27145436982
2013-01-15,144268.456231237
2013-01-16,144478.0514207369
2013-01-17,144841.89689729633
2013-01-18,145137.59006888888
2013-01-22,144993.1454930986
2013-01-23,145141.94419738188
2013-01-24,144612.4390640806
2013-01-25,144998.65708547705
2013-01-28,145362.44128144998
2013-01-29,145427.48064699615
2013-01-30,145727.15263183793
2013-01-31,145496.45995364024
2013-02-01,146494.49797207373
2013-02-04,144987.64646296433
2013-02-05,145780.18358547986
2013-02-06,145545.09174910653
2013-02-07,144767.05050576525
2013-02-08,145309.2865633525
2013-02-11,145275.25790851223
2013-02-12,145025.81013376638
2013-02-13,144935.22978957836
2013-02-14,145548.77555589477
2013-02-15,144405.3906406767
2013-02-19,144664.41450070764
2013-02-20,143318.35401569714
2013-02-21,141968.02364646207
2013-02-22,142744.43429098898
2013-02-25,141833.19363568182
2013-02-26,142205.90510484172
2013-02-27,143456.53097246544
2013-02-28,143167.79998382318
2013-03-01,143075.42580814203
2013-03-04,143023.10944194812
2013-03-05,143954.78931523827
2013-03-06,143994.65266722525
2013-03-07,144277.52520372267
2013-03-08,144367.72703461463
2013-03-11,144157.5263065194
2013-03-12,144506.67043902533
2013-03-13,144693.50654818647
2013-03-14,145337.88644489195
2013-03-15,145125.4078285332
2013-03-18,144810.8678325673
2013-03-19,144812.85013692736
2013-03-20,145290.01249919223
2013-03-21,143578.18085030394
2013-03-22,143540.83308577267
2013-03-25,142763.91637610164
2013-03-26,143077.44824363888
2013-03-27,143593.58027421354
2013-03-28,144089.68620116232
2013-04-01,143381.58908553634
2013-04-02,142885.95977437808
2013-04-03,141964.3400684096
2013-04-04,141514.84319268286
2013-04-05,142098.1134846902
2013-04-08,142471.45890917344
2013-04-09,143637.17363108657
2013-04-10,144721.21625367223
2013-04-11,143751.90840378762
2013-04-12,142892.13812580876
2013-04-15,138136.9643877316
2013-04-16,138678.3587987356
2013-04-17,137351.59356338094
2013-04-18,136472.21986930823
2013-04-19,137382.8559107281
2013-04-22,138661.68994800883
2013-04-23,138823.63328375464
2013-04-24,140602.60238675593
2013-04-25,141306.4969865946
2013-04-26,141489.593326491
2013-04-29,142142.90879383017
2013-04-30,142640.84895455468
2013-05-01,141807.8832939186
2013-05-02,143163.90215501317
2013-05-03,143183.81031629344
2013-05-06,143742.4822828808
2013-05-07,142439.51775440754
2013-05-08,143681.13395634925
2013-05-09,143719.84860685404
2013-05-10,143675.56633172662
2013-05-13,143323.15524337048
2013-05-14,144020.4322965654
2013-05-15,144216.73630619163
2013-05-16,143686.29755725953
2013-05-17,144442.88593004015
2013-05-20,144110.97960115448
2013-05-21,144696.28577041742
2013-05-22,144548.1866485455
2013-05-23,143630.29303244464
2013-05-24,143824.06140129146
2013-05-28,144212.5053603434
2013-05-29,144129.4347389758
2013-05-30,146719.4387739275
2013-05-31,145702.8957375675
2013-06-03,146315.87987892228
2013-06-04,146069.8557549948
2013-06-05,145340.73259916072
2013-06-06,145003.75333052792
2013-06-07,145687.78064853552
2013-06-10,145393.2566806342
2013-06-11,144071.93987683314
2013-06-12,144077.49174785338
2013-06-13,145264.48846627283
2013-06-14,145247.0947797163
2013-06-17,145996.19791256508
2013-06-18,145771.18770646845
2013-06-19,145788.68179204
2013-06-20,141855.43500604373
2013-06-21,140646.18029939855
2013-06-24,140023.43589299204
2013-06-25,140010.0361316969
2013-06-26,139324.92403888947
2013-06-27,139390.3269986157
2013-06-28,138471.0294061337
2013-07-01,139601.19534506157
2013-07-02,140004.28473178146
2013-07-03,140324.04617760415
2013-07-05,139904.6386184199
2013-07-08,139964.29012739134
2013-07-09,140661.46118129801
2013-07-10,141346.9077770044
2013-07-11,143232.41263962802
2013-07-12,143004.65651244143
2013-07-15,143260.58920871926
2013-07-16,143963.18115750494
2013-07-17,143825.74953889905
2013-07-18,142578.82978643262
2013-07-19,140437.73341437735
2013-07-22,141531.74394824202
2013-07-23,141577.22330821998
2013-07-24,141500.184585315
2013-07-25,141018.77290453675
2013-07-26,141217.9976377524
2013-07-29,140997.87486798933
2013-07-30,141442.744758954
2013-07-31,141063.48548583014
2013-08-01,141708.9060554605
2013-08-02,141781.93784146296
2013-08-05,141522.13340655563
2013-08-06,140601.58911408926
2013-08-07,141015.76286804158
2013-08-08,142075.98243413467
2013-08-09,141745.85099707212
2013-08-12,143051.2874570775
2013-08-13,142711.9022835008
2013-08-14,143202.23785081704
2013-08-15,142206.76933093334
2013-08-16,143265.71976217572
2013-08-19,142512.77523112297
2013-08-20,143218.2358909931
2013-08-21,142839.49096143967
2013-08-22,143723.3396759163
2013-08-23,144836.3615248467
2013-08-26,145121.90231550264
2013-08-27,144842.1642415142
2013-08-28,145449.30109728308
2013-08-29,145716.12819371416
2013-08-30,145147.1857621089
2013-09-03,144459.67733686103
2013-09-04,144422.63664898777
2013-09-05,144245.80731261562
2013-09-06,144055.84167379313
2013-09-09,145022.2369496902
2013-09-10,145416.81056810298
2013-09-11,145929.83983751718
2013-09-12,144777.08841436257
2013-09-13,144674.93907051842
2013-09-16,145049.1954074115
2013-09-17,145482.0427310626
2013-09-18,146070.19579590176
2013-09-19,147862.93119578014
2013-09-20,147288.3212536229
2013-09-23,146480.325850052
2013-09-24,146288.27605892223
2013-09-25,146567.95504191358
2013-09-26,146915.05960518096
2013-09-27,147467.21312948197
2013-09-30,146993.14497244082
2013-10-01,146516.8269937523
2013-10-02,147157.15380565534
2013-10-03,146955.4268475263
2013-10-04,147177.6537380913
2013-10-07,146836.95430828072
2013-10-08,146305.31349643206
2013-10-09,145146.9528735774
2013-10-10,146504.4131570441
2013-10-11,145718.5587246203
2013-10-14,147105.89733325713
2013-10-15,146203.8201391635
2013-10-16,147040.2651844744
2013-10-17,148609.97789293784
2013-10-18,149217.46966403193
2013-10-21,149775.79617124202
2013-10-22,149758.50598464295
2013-10-23,148204.83541535324
2013-10-24,148604.00236459592
2013-10-25,149683.94437673406
2013-10-28,149845.19918619064
2013-10-29,149911.32058951695
2013-10-30,149545.19824829482
2013-10-31,148900.9114130955
2013-11-01,148293.97646974478
2013-11-04,148578.5559099299
2013-11-05,148497.90316206662
2013-11-06,150137.1895245446
2013-11-07,148259.50464553185
2013-11-08,149482.15618875585
2013-11-11,149398.85863590395
2013-11-12,149834.30569542985
2013-11-13,150777.38817551837
2013-11-14,149767.16856527416
2013-11-15,150625.03008701938
2013-11-18,149442.64242969535
2013-11-19,148319.40328592056
2013-11-20,147636.08005375424
2013-11-21,147751.1102064131
2013-11-22,147896.01742890524
2013-11-25,148400.077655056
2013-11-26,149045.18518248707
2013-11-27,149301.63837935065
2013-11-29,149704.82559809994
2013-12-02,149483.15828273445
2013-12-03,148977.0614362681
2013-12-04,149710.84010136194
2013-12-05,150079.31284373876
2013-12-06,150255.6830808005
2013-12-09,150481.56676579796
2013-12-10,150630.21893102088
2013-12-11,149720.28891823173
2013-12-12,147679.8220660476
2013-12-13,147260.43183622733
2013-12-16,149611.4631508371
2013-12-17,151022.76802345194
2013-12-18,151603.70441097047
2013-12-19,150672.2015836079
2013-12-20,151310.66586670137
2013-12-23,151837.50338118925
2013-12-24,152552.58654511222
2013-12-26,152774.18658723135
2013-12-27,153345.7685265233
2013-12-30,153301.5681855401
2013-12-31,153620.6296262886
2014-01-02,153520.1353378555
2014-01-03,153136.5283617232
2014-01-06,153757.90397570765
2014-01-07,153360.34150033354
2014-01-08,153532.10950274422
2014-01-09,152613.1815144656
2014-01-10,153493.19828709055
2014-01-13,153216.089843162
2014-01-14,154716.1541657795
2014-01-15,154845.0087260238
2014-01-16,155493.2310704178
2014-01-17,154995.47465142622
2014-01-21,154723.47353724128
2014-01-22,155073.4612973922
2014-01-23,155808.6297928677
2014-01-24,154741.93748492267
2014-01-27,153895.57262388634
2014-01-28,152729.05938436306
2014-01-29,152716.51591093367
2014-01-30,152424.3778744876
2014-01-31,152346.9237251923
2014-02-03,152017.41006182917
2014-02-04,151886.32082739286
2014-02-05,151761.4268691194
2014-02-06,152901.038397884
2014-02-07,153770.81881714662
2014-02-10,154881.09385561675
2014-02-11,155919.3719794243
2014-02-12,156846.37044724013
2014-02-13,158046.55021720607
2014-02-14,159683.81168148987
2014-02-18,159664.67784485678
2014-02-19,159579.4275554729
2014-02-20,159965.68670072695
2014-02-21,159904.23056519352
2014-02-24,160633.9035502336
2014-02-25,160539.91521994362
2014-02-26,160396.46436693225
2014-02-27,160843.55834533568
2014-02-28,160589.6458361343
2014-03-03,161129.48521670944
2014-03-04,161232.15866161496
2014-03-05,161853.5856936415
2014-03-06,162279.4743537118
2014-03-07,161529.55311991315
2014-03-10,161791.90556549834
2014-03-11,162042.14423036334
2014-03-12,163284.02743123117
2014-03-13,162159.78825987116
2014-03-14,162330.619291941
2014-03-17,162583.99911894315
2014-03-18,162582.24693299358
2014-03-19,161835.622005112
2014-03-20,161260.27335481567
2014-03-21,161045.43378229204
2014-03-24,160560.536464417
2014-03-25,161345.15224489174
2014-03-26,160684.1029303821
2014-03-27,160445.7741014794
2014-03-28,160820.28297867044
2014-03-31,161599.56153789413
2014-04-01,162660.08881010488
2014-04-02,162481.59538182925
2014-04-03,161871.48261228364
2014-04-04,161348.71241631443
2014-04-07,161004.7690715786
2014-04-08,162559.9253326657
2014-04-09,162854.69104930165
2014-04-10,162181.04460705316
2014-04-11,161458.26747062628
2014-04-14,162574.1116236311
2014-04-15,161842.49594121857
2014-04-16,161883.3663094554
2014-04-17,162512.88967051456
2014-04-21,162754.9214695943
2014-04-22,162554.59300345974
2014-04-23,162110.34089829758
2014-04-24,163829.7358712727
2014-04-25,163093.08927242266
2014-04-28,164175.97672629656
2014-04-29,163931.58375922422
2014-04-30,163621.70180249275
2014-05-01,163123.14511742425
2014-05-02,162921.57874214055
2014-05-05,163549.19344440632
2014-05-06,164159.48318041835
2014-05-07,164051.34323060507
2014-05-08,163990.7352412165
2014-05-09,163624.10843978188
2014-05-12,165158.81624811265
2014-05-13,164828.92889019314
2014-05-14,164928.216126505
2014-05-15,164546.2755829784
2014-05-16,164469.93760548867
2014-05-19,165720.9506010042
2014-05-20,164890.76169406148
2014-05-21,164665.5896613715
2014-05-22,165253.700127165
2014-05-23,165624.3071293811
2014-05-27,165776.11804009142
2014-05-28,165270.1767183958
2014-05-29,165354.5269813349
2014-05-30,164968.59037622926
2014-06-02,164734.93650554895
2014-06-03,165191.12934661738
2014-06-04,165338.8881337513
2014-06-05,166013.49538545948
2014-06-06,165961.84056353362
2014-06-09,166633.14234706655
2014-06-10,167128.78362205357
2014-06-11,167197.39056257939
2014-06-12,166900.5785526498
2014-06-13,167033.48452847512
2014-06-16,167389.53500757425
2014-06-17,167278.1605800707
2014-06-18,167643.53383871575
2014-06-19,168197.10513177697
2014-06-20,167365.16185829198
2014-06-23,167017.9677272687
2014-06-24,166613.16559315266
2014-06-25,166850.05311192136
2014-06-26,166388.54632196738
2014-06-27,167224.43025217002
2014-06-30,167572.0247665215
2014-07-01,168980.29291805363
2014-07-02,169306.98842512505
2014-07-03,169697.38666519176
2014-07-07,169592.12684748566
2014-07-08,169475.1312789151
2014-07-09,169763.56179981766
2014-07-10,170754.07154598963
2014-07-11,170428.05315545783
2014-07-14,170283.56426640006
2014-07-15,170136.60055305317
2014-07-16,168148.40562060173
2014-07-17,167012.3695463605
2014-07-18,166907.40141533734
2014-07-21,167036.7448588275
2014-07-22,167493.1733695751
2014-07-23,167436.531686654
2014-07-24,167118.78152225527
2014-07-25,166455.64175495642
2014-07-28,167127.6573483099
2014-07-29,167051.4918022432
2014-07-30,167420.64367947355
2014-07-31,165112.81393217083
2014-08-01,165491.92101914607
2014-08-04,165802.97874455532
2014-08-05,164797.08123213766
2014-08-06,165865.40463229013
2014-08-07,165321.04097537813
2014-08-08,167046.63064762863
2014-08-11,167331.76444793158
2014-08-12,167584.33299407523
2014-08-13,168252.06744862694
2014-08-14,168329.60932530722
2014-08-15,167952.31300729312
2014-08-18,168633.3441778488
2014-08-19,169609.03569827825
2014-08-20,169468.8677998442
2014-08-21,168485.4845323691
2014-08-22,168929.36952914158
2014-08-25,168910.1053090008
2014-08-26,169595.1064469078
2014-08-27,169520.83547868993
2014-08-28,169897.8540780128
2014-08-29,169905.05798271412
2014-09-02,169588.7244284459
2014-09-03,169193.18287380983
2014-09-04,169310.4893902717
2014-09-05,169088.98501378996
2014-09-08,168170.22016588802
2014-09-09,167740.043125145
2014-09-10,168206.38313294496
2014-09-11,167597.27350130182
2014-09-12,166405.36395009756
2014-09-15,166221.78508751682
2014-09-16,166705.91741111106
2014-09-17,167106.6160248993
2014-09-18,167292.34451150647
2014-09-19,165664.4515399264
2014-09-22,165026.3685496458
2014-09-23,165254.1757050256
2014-09-24,165478.10636051663
2014-09-25,163468.38299777522
2014-09-26,164181.7343710408
2014-09-29,163859.39241621442
2014-09-30,163949.38808924292
2014-10-01,163311.69247829018
2014-10-02,163444.44716020746
2014-10-03,163546.75859869542
2014-10-06,163585.2189967118
2014-10-07,163124.19602773982
2014-10-08,164528.62827890264
2014-10-09,164361.2802680614
2014-10-10,161767.04043892006
2014-10-13,162166.37136974512
2014-10-14,163080.48840911838
2014-10-15,163070.22857798057
2014-10-16,163127.69847818208
2014-10-17,163372.52201539982
2014-10-20,164426.48765475745
2014-10-21,166615.6472521733
2014-10-22,165623.24283656682
2014-10-23,166262.7969816808
2014-10-24,166621.75088665052
2014-10-27,166501.038669292
2014-10-28,167574.38657339197
2014-10-29,167330.2699865645
2014-10-30,165860.92086382367
2014-10-31,166535.8906381661
2014-11-03,167133.32726354757
2014-11-04,167286.70694026418
2014-11-05,166555.91256186698
2014-11-06,166821.58070062264
2014-11-07,166890.06693842812
2014-11-10,167974.29014777442
2014-11-11,167657.92549828062
2014-11-12,167865.84901212394
2014-11-13,168479.44985358592
2014-11-14,169361.50165171202
2014-11-17,169426.06216167088
2014-11-18,170735.40145881206
2014-11-19,170924.7308388056
2014-11-20,171560.168737152
2014-11-21,172705.40673898827
2014-11-24,172913.10264706373
2014-11-25,172612.9005516723
2014-11-26,173721.91006131817
2014-11-28,173689.98974868003
2014-12-01,172342.42321569033
2014-12-02,172024.7231343948
2014-12-03,173451.66888054556
2014-12-04,173166.47623361682
2014-12-05,172566.78846216307
2014-12-08,171297.81613703052
2014-12-09,173126.92917990586
2014-12-10,171571.37286113636
2014-12-11,170905.2754874293
2014-12-12,169449.60529172912
2014-12-15,169250.55698679225
2014-12-16,167831.6819358873
2014-12-17,169284.7215833025
2014-12-18,171986.49531246306
2014-12-19,172521.6390378629
2014-12-22,173109.06231926318
2014-12-23,172169.94924634253
2014-12-24,172204.52020257164
2014-12-26,172527.01823269282
2014-12-29,172711.05764171376
2014-12-30,172962.91452888693
2014-12-31,172016.28474588512
2015-01-02,170222.7116955649
2015-01-05,169784.49553234948
2015-01-06,168661.45355317803
2015-01-07,169124.37471213882
2015-01-08,169954.37915727386
2015-01-09,168983.45650559952
2015-01-12,168844.90330875578
2015-01-13,169597.53766063176
2015-01-14,169755.4903433478
2015-01-15,171606.7429008006
2015-01-16,172778.93043507586
2015-01-20,173677.2577689687
2015-01-21,175183.3900798573
2015-01-22,177088.24666665465
2015-01-23,177159.36601382127
2015-01-26,176700.94570310757
2015-01-27,176223.1318078729
2015-01-28,175296.59462842075
2015-01-29,174666.55756966845
2015-01-30,176644.86601629786
2015-02-02,177589.83213247574
2015-02-03,177508.56840346192
2015-02-04,177532.16158923644
2015-02-05,178014.14316392416
2015-02-06,176576.71352698602
2015-02-09,175447.0455289539
2015-02-10,177213.11358014308
2015-02-11,177331.100265019
2015-02-12,177881.92487417007
2015-02-13,179092.75182934882
2015-02-17,177247.04476362938
2015-02-18,176976.48247428655
2015-02-19,177557.70054448064
2015-02-20,177589.39825905164
2015-02-23,176888.0004994511
2015-02-24,177915.79176037485
2015-02-25,178820.55450255607
2015-02-26,178883.03592387307
2015-02-27,178833.912870826
2015-03-02,179903.38892687688
2015-03-03,179650.0066785443
2015-03-04,178826.92761339032
2015-03-05,179549.91820567116
2015-03-06,177100.50080028592
2015-03-09,176346.501176262
2015-03-10,174518.20486558115
2015-03-11,174108.56766866113
2015-03-12,174549.61150634836
2015-03-13,174449.3868422052
2015-03-16,175500.50373861112
2015-03-17,175150.2191033661
2015-03-18,175763.8099325723
2015-03-19,176408.4831807264
2015-03-20,178047.12323402832
2015-03-23,178123.1107596531
2015-03-24,178405.31748635258
2015-03-25,176151.06919045484
2015-03-26,175308.54871140415
2015-03-27,175209.47055702336
2015-03-30,175537.3259827271
2015-03-31,175102.81446152128
2015-04-01,174969.21925292758
2015-04-02,175296.31732359334
2015-04-06,175450.14278447628
2015-04-07,175754.8792875807
2015-04-08,175917.20696503037
2015-04-09,175782.92451502354
2015-04-10,176229.1392527367
2015-04-13,175685.08658815327
2015-04-14,175281.98761650058
2015-04-15,174795.41567115943
2015-04-16,175149.0184100107
2015-04-17,174067.1800563913
2015-04-20,175206.04287201268
2015-04-21,175504.70283409677
2015-04-22,177350.3277791753
2015-04-23,177965.4190123199
2015-04-24,181758.25939232024
2015-04-27,182685.12082371133
2015-04-28,182217.8516296901
2015-04-29,181613.9970053893
2015-04-30,179173.64479329612
2015-05-01,179564.84740053018
2015-05-04,179230.73567871182
2015-05-05,179316.72183052503
2015-05-06,179005.465475232
2015-05-07,179348.5138345312
2015-05-08,180283.05551801308
2015-05-11,180279.46264604747
2015-05-12,180059.17800291927
2015-05-13,180720.41477712666
2015-05-14,182259.3073461138
2015-05-15,181819.29112087772
2015-05-18,181794.55213203403
2015-05-19,181452.32281646266
2015-05-20,181568.65479624955
2015-05-21,181618.6274441388
2015-05-22,181166.74599759432
2015-05-26,179722.12958202744
2015-05-27,181125.23701752393
2015-05-28,180906.5723055992
2015-05-29,180677.99244320142
2015-06-01,181052.73696794064
2015-06-02,180288.2419135528
2015-06-03,180777.33838461983
2015-06-04,179031.09361349582
2015-06-05,177924.0338351617
2015-06-08,177528.5915040852
2015-06-09,178005.24629833575
2015-06-10,179616.56674611307
2015-06-11,179518.7709027226
2015-06-12,179243.75592742406
2015-06-15,178456.1158285282
2015-06-16,178932.32621946873
2015-06-17,178822.49084758564
2015-06-18,181108.06197237226
2015-06-19,180677.85625056087
2015-06-22,180874.17376799323
2015-06-23,181126.87853554657
2015-06-24,180313.6307333701
2015-06-25,180388.79199038498
2015-06-26,179447.4516105994
2015-06-29,177767.50980004412
2015-06-30,177935.6388362808
2015-07-01,178507.9571448531
2015-07-02,178541.41629840632
2015-07-06,177833.22107862477
2015-07-07,177322.4186302665
2015-07-08,175707.687109435
2015-07-09,176699.98361980208
2015-07-10,178123.6414133169
2015-07-13,179384.68030103407
2015-07-14,180400.7717161484
2015-07-15,180103.59059593192
2015-07-16,180458.96177697467
2015-07-17,183780.8852820257
2015-07-20,182584.54546848623
2015-07-21,182671.61071021008
2015-07-22,181407.91891719095
2015-07-23,181045.61881757437
2015-07-24,181216.07680652238
2015-07-27,182283.22166475301
2015-07-28,182134.50049361814
2015-07-29,182267.80314612878
2015-07-30,183153.10729219616
2015-07-31,182915.22670331152
2015-08-03,182330.7227315699
2015-08-04,181564.68111163218
2015-08-05,182410.9116707403
2015-08-06,181473.51345270182
2015-08-07,180974.75964223844
2015-08-10,182011.9137343759
2015-08-11,182914.62076196147
2015-08-12,182935.26463863216
2015-08-13,182342.4328765091
2015-08-14,182152.19548038716
2015-08-17,182530.8661231575
2015-08-18,181778.61419125137
2015-08-19,182071.25557794294
2015-08-20,180804.39837410138
2015-08-21,178052.8011656179
2015-08-24,175747.54166513975
2015-08-25,174741.32055873
2015-08-26,178194.93959877006
2015-08-27,180300.8321344867
2015-08-28,180770.84471225174
2015-08-31,179859.15982030352
2015-09-01,178020.77633758544
2015-09-02,179741.50905119925
2015-09-03,179172.23642304397
2015-09-04,177647.28153045467
2015-09-08,179976.6409119147
2015-09-09,178850.6592116005
2015-09-10,179417.32767910915
2015-09-11,179620.24296012672
2015-09-14,179273.59995490103
2015-09-15,180442.60446439727
2015-09-16,181523.1609775506
2015-09-17,182195.18208070012
2015-09-18,182488.72832604317
2015-09-21,182612.1023348853
2015-09-22,180275.4368158584
2015-09-23,180118.13345211738
2015-09-24,181086.24777911126
2015-09-25,179976.5469172387
2015-09-28,176978.1353680605
2015-09-29,177075.42899491766
2015-09-30,178786.51411035302
2015-10-01,179373.97211364078
2015-10-02,181766.45273945906
2015-10-05,183470.73778778306
2015-10-06,183436.4511140234
2015-10-07,184056.85678379048
2015-10-08,183738.60796948045
2015-10-09,184426.57014715386
2015-10-12,185697.47293548784
2015-10-13,185330.60235532338
2015-10-14,185705.36034159572
2015-10-15,187422.25084366492
2015-10-16,187996.59485613115
2015-10-19,188115.81074397344
2015-10-20,187001.3448117655
2015-10-21,186078.94773092208
2015-10-22,187421.42502905408
2015-10-23,190515.4591817743
2015-10-26,191187.50741233293
2015-10-27,191257.46316414388
2015-10-28,192522.20115991728
2015-10-29,191538.46160793866
2015-10-30,191217.5125562277
2015-11-02,191643.04436117975
2015-11-03,191723.04904066978
2015-11-04,193116.99636296812
2015-11-05,193227.5978536431
2015-11-06,192757.365395835
2015-11-09,192367.54217229405
2015-11-10,191896.1185361254
2015-11-11,192941.27250865792
2015-11-12,191847.97835140117
2015-11-13,189284.5311962532
2015-11-16,190565.37794685864
2015-11-17,190016.71952503052
2015-11-18,191272.55371535235
2015-11-19,191931.28189118888
2015-11-20,192671.25025479923
2015-11-23,192361.62566209454
2015-11-24,191913.4719242092
2015-11-25,191916.47270694937
2015-11-27,191583.50274374048
2015-11-30,191301.4856572337
2015-12-01,193407.1387587356
2015-12-02,192394.6337227037
2015-12-03,191127.88375676502
2015-12-04,193335.7090092678
2015-12-07,192667.57153159677
2015-12-08,192735.80614801537
2015-12-09,191647.6949738525
2015-12-10,190817.33824871713
2015-12-11,188681.48753056678
2015-12-14,189767.31287949235
2015-12-15,190288.1200156048
2015-12-16,192714.16978484215
2015-12-17,190702.41571851308
2015-12-18,190392.02115108373
2015-12-21,191553.0702577234
2015-12-22,191787.640103554
2015-12-23,191735.561799011
2015-12-24,191674.15037557986
2015-12-28,192797.56265926422
2015-12-29,194401.92861219714
2015-12-30,193323.89769355266
2015-12-31,191689.06073336667
2016-01-04,189131.46590802522
2016-01-05,188013.92063183233
2016-01-06,187589.16265032435
2016-01-07,186532.86905500322
2016-01-08,185455.41667092114
2016-01-11,186376.4965228687
2016-01-12,185975.82579611905
2016-01-13,184173.3708505738
2016-01-14,186718.22702060945
2016-01-15,184422.7424274038
2016-01-19,185270.9997854373
2016-01-20,186366.86070058198
2016-01-21,186759.72441352496
2016-01-22,189189.62584982582
2016-01-25,188876.3226253815
2016-01-26,189743.97936178563
2016-01-27,188507.6841935209
2016-01-28,188711.5592909824
2016-01-29,190754.9138870815
2016-02-01,191549.86642337375
2016-02-02,190069.5710892608
2016-02-03,191612.51483959402
2016-02-04,193802.2711710019
2016-02-05,191540.9631960718
2016-02-08,193532.0693507741
2016-02-09,192623.98104935454
2016-02-10,191583.1715340963
2016-02-11,193722.42823186365
2016-02-12,194335.32167052713
2016-02-16,194676.2996341276
2016-02-17,196217.26494365477
2016-02-18,195946.24609094876
2016-02-19,197525.6338189468
2016-02-22,196931.45426449223
2016-02-23,196446.55258480544
2016-02-24,198438.8587668352
2016-02-25,198519.35913567973
2016-02-26,198137.77752761255
2016-02-29,198299.71062933348
2016-03-01,201199.3560985721
2016-03-02,201196.2207473632
2016-03-03,202223.49281517975
2016-03-04,204142.9970689996
2016-03-07,203876.19137010787
2016-03-08,203036.54711202433
2016-03-09,202294.19343384547
2016-03-10,203526.44544847967
2016-03-11,205022.47851869592
2016-03-14,203509.30877264452
2016-03-15,202961.4799018944
2016-03-16,204732.45647305372
2016-03-17,206996.2459616079
2016-03-18,207002.5095932227
2016-03-21,206564.52766701698
2016-03-22,206976.23315287678
2016-03-23,204481.07892822052
2016-03-24,204566.98392634196
2016-03-28,204328.37423620475
2016-03-29,205928.46704843183
2016-03-30,207610.55590826942
2016-03-31,207128.3170672086
2016-04-01,206185.10884990226
2016-04-04,206663.44960827037
2016-04-05,205996.35999212618
2016-04-06,206240.7590649705
2016-04-07,206044.0387932914
2016-04-08,206180.3381913571
2016-04-11,207172.05629904967
2016-04-12,207697.81567644412
2016-04-13,208769.26902533544
2016-04-14,207010.56633898203
2016-04-15,206093.40684041774
2016-04-18,206125.88407128362
2016-04-19,206855.51149379075
2016-04-20,205985.0554671568
2016-04-21,205475.533754324
2016-04-22,204888.7809063866
2016-04-25,204600.93076588403
2016-04-26,204607.99632575508
2016-04-27,204653.3313121603
2016-04-28,203089.03379253694
2016-04-29,203404.04394507877
2016-05-02,203892.61191936902
2016-05-03,203547.2568866137
2016-05-04,202530.3997816072
2016-05-05,202161.24348485575
2016-05-06,202419.4471750877
2016-05-09,201271.78282069677
2016-05-10,201704.63112247217
2016-05-11,201765.53238754874
2016-05-12,201160.8716760451
2016-05-13,200186.59525415578
2016-05-16,203271.30177986532
2016-05-17,202073.30223839387
2016-05-18,202520.32588386137
2016-05-19,200227.2873887772
2016-05-20,202173.25182424486
2016-05-23,202193.67010701835
2016-05-24,202939.252441906
2016-05-25,202957.68555347706
2016-05-26,203429.45147477195
2016-05-27,203239.72820972593
2016-05-31,202913.74191389428
2016-06-01,203243.00036158803
2016-06-02,202153.01147660537
2016-06-03,204351.95373399308
2016-06-06,204623.92492682984
2016-06-07,205125.78987608082
2016-06-08,206554.3722289637
2016-06-09,206402.54523027295
2016-06-10,205685.88235967865
2016-06-13,205203.50036990305
2016-06-14,205239.52045821334
2016-06-15,204911.99518111377
2016-06-16,206854.04184205714
2016-06-17,205742.14956713398
2016-06-20,206189.04792216758
2016-06-21,206540.20555376727
2016-06-22,206093.7560068516
2016-06-23,207297.83902959886
2016-06-24,206389.26120498407
2016-06-27,205801.83535520898
2016-06-28,206386.67889537459
2016-06-29,208761.41648519674
2016-06-30,210203.76599929994
2016-07-01,211406.41350817337
2016-07-05,210643.66976375243
2016-07-06,211427.70923914143
2016-07-07,211082.65821469043
2016-07-08,212215.53530692533
2016-07-11,213347.06495645875
2016-07-12,213039.0789724047
2016-07-13,212958.6907146161
2016-07-14,213018.97719575668
2016-07-15,212862.22992351063
2016-07-18,214281.63249782188
2016-07-19,214011.08372526476
2016-07-20,214135.4699020684
2016-07-21,213569.34969728254
2016-07-22,213678.19978071676
2016-07-25,213377.13862824847
2016-07-26,214574.6543719842
2016-07-27,215993.6983661443
2016-07-28,217203.15815499373
2016-07-29,216692.4708213689
2016-08-01,218251.30336634794
2016-08-02,217992.5833674649
2016-08-03,217772.79376294906
2016-08-04,218767.7601529874
2016-08-05,218251.9664998046
2016-08-08,218432.7726309181
2016-08-09,219117.50546294812
2016-08-10,219068.3995564435
2016-08-11,219732.05331909002
2016-08-12,219526.8345767185
2016-08-15,219510.3598200799
2016-08-16,218789.7003798871
2016-08-17,218031.33404046184
2016-08-18,218607.2439578186
2016-08-19,218254.92247626506
2016-08-22,217378.38991938255
2016-08-23,218290.35654212727
2016-08-24,216644.13015584438
2016-08-25,216405.18500600746
2016-08-26,216242.71117331943
2016-08-29,216471.1139703085
2016-08-30,216315.8489549297
2016-08-31,215714.0140024826
2016-09-01,216212.1817527981
2016-09-02,217481.1644081132
2016-09-06,218461.92443971342
2016-09-07,219107.26795799422
2016-09-08,217527.39035218154
2016-09-09,214480.2986832867
2016-09-12,215591.2426446403
2016-09-13,214982.74623564197
2016-09-14,215786.57840729272
2016-09-15,217093.33078321247
2016-09-16,215257.1807516379
2016-09-19,216675.87128824252
2016-09-20,216845.15127467527
2016-09-21,218655.4948527677
2016-09-22,220130.87598134772
2016-09-23,219081.68634551036
2016-09-26,218899.09087120192
2016-09-27,219057.76149780714
2016-09-28,219044.31293708607
2016-09-29,218134.8062833289
2016-09-30,218965.1280753333
2016-10-03,218205.78124634214
2016-10-04,216370.58260337973
2016-10-05,215892.20834790016
2016-10-06,215313.53442533483
2016-10-07,215409.39269321697
2016-10-10,215987.97688989193
2016-10-11,213963.7273419506
2016-10-12,214857.73085143536
2016-10-13,213811.8984614981
2016-10-14,213922.2794336094
2016-10-17,213933.6729823065
2016-10-18,214681.5078997966
2016-10-19,215641.96309948145
2016-10-20,215587.99424113217
2016-10-21,215511.40804142898
2016-10-24,216157.90712574817
2016-10-25,216480.0998812421
2016-10-26,215572.61604742103
2016-10-27,214752.4631788156
2016-10-28,215250.40000943778
2016-10-31,215628.4564962801
2016-11-01,215412.81596944475
2016-11-02,215750.15037714812
2016-11-03,214946.9934698204
2016-11-04,214964.3310102468
2016-11-07,216133.6126949277
2016-11-08,216242.5240235914
2016-11-09,215468.91888604884
2016-11-10,212670.64465372238
2016-11-11,211274.5896223937
2016-11-14,208309.84657369278
2016-11-15,209688.64416417363
2016-11-16,211354.85721324975
2016-11-17,211575.37442956548
2016-11-18,211006.88027402238
2016-11-21,211771.32605878636
2016-11-22,212068.44378982426
2016-11-23,210493.64626715003
2016-11-25,210397.40341251966
2016-11-28,210226.8411897127
2016-11-29,210254.93366161987
2016-11-30,209427.2485690759
2016-12-01,205888.79727117997
2016-12-02,206697.89966647257
2016-12-05,207044.71411406205
2016-12-06,208396.39021684075
2016-12-07,209877.38050178243
2016-12-08,209749.52107880576
2016-12-09,209758.9383303522
2016-12-12,209100.78350476036
2016-12-13,210500.7303464374
2016-12-14,210103.06114553256
2016-12-15,208922.67719608528
2016-12-16,207914.32936071523
2016-12-19,208862.39238645317
2016-12-20,208344.21911668725
2016-12-21,208614.60258170258
2016-12-22,208052.38502315624
2016-12-23,208438.86824722527
2016-12-27,208814.70820489374
2016-12-28,208676.97350430003
2016-12-29,209362.258071464
2016-12-30,208957.9999159502
2017-01-03,209522.37732997528
2017-01-04,210219.93558024126
2017-01-05,211339.3635819252
2017-01-06,211718.40119039238
2017-01-09,212686.86994421599
2017-01-10,213109.01763428768
2017-01-11,213129.21992897507
2017-01-12,214772.15546981234
2017-01-13,214102.10213039644
2017-01-17,215620.921199606
2017-01-18,216977.69575070907
2017-01-19,215599.23412886477
2017-01-20,216378.85062880773
2017-01-23,217408.6852325114
2017-01-24,218038.04990308543
2017-01-25,217495.05260346
2017-01-26,216855.30892032347
2017-01-27,216459.0071850077
2017-01-30,216276.99222594433
2017-01-31,217101.1735612634
2017-02-01,217645.0923025597
2017-02-02,219031.32642754604
2017-02-03,219107.10032478123
2017-02-06,219670.05412701357
2017-02-07,220503.16917438284
2017-02-08,221349.38756056907
2017-02-09,221433.37247705786
2017-02-10,221406.92100931227
2017-02-13,221873.96313950588
2017-02-14,222638.24364154448
2017-02-15,222670.99341080687
2017-02-16,223750.3815775916
2017-02-17,224189.81793754606
2017-02-21,224212.5156304773
2017-02-22,223947.48687445011
2017-02-23,224683.43910467444
2017-02-24,224816.1834080567
2017-02-27,224924.61299069732
2017-02-28,224436.7455889169
2017-03-01,224938.39036154916
2017-03-02,224107.8461846869
2017-03-03,223762.85685330746
2017-03-06,223555.891259965
2017-03-07,222618.4523802428
2017-03-08,222334.77922425937
2017-03-09,222244.6891202444
2017-03-10,223050.70432199084
2017-03-13,223024.22790694312
2017-03-14,223120.06826608107
2017-03-15,223671.17983877953
2017-03-16,226903.5841310958
2017-03-17,227139.46057400847
2017-03-20,227283.2835592262
2017-03-21,226450.8392906268
2017-03-22,227602.5019073879
2017-03-23,227309.2587005474
2017-03-24,227552.74168557848
2017-03-27,228426.9816754775
2017-03-28,229121.1929655152
2017-03-29,228824.92235765088
2017-03-30,228689.97375029506
2017-03-31,228377.32693469076
2017-04-03,228634.03136038533
2017-04-04,229384.17106411795
2017-04-05,228128.86197644606
2017-04-06,228154.1357948521
2017-04-07,228879.27884157837
2017-04-10,227651.2326881562
2017-04-11,227555.91531587893
2017-04-12,228651.4660461333
2017-04-13,228803.93148586396
2017-04-17,229836.34101972028
2017-04-18,229626.71471907318
2017-04-19,228711.30943523388
2017-04-20,230075.7491751102
2017-04-21,229944.96877089198
2017-04-24,230909.91864363116
2017-04-25,231324.62570963998
2017-04-26,230500.84353654974
2017-04-27,230770.36033996366
2017-04-28,231946.8701287276
2017-05-01,232939.6564022761
2017-05-02,233071.34426509956
2017-05-03,232716.4566039613
2017-05-04,232078.33222410548
2017-05-05,232592.57435880246
2017-05-08,233141.2703335086
2017-05-09,233035.8023240713
2017-05-10,232800.96415496443
2017-05-11,232947.79132339856
2017-05-12,233964.87621778052
2017-05-15,234302.8595813933
2017-05-16,234726.31365070722
2017-05-17,233032.18888861468
2017-05-18,233779.6690815664
2017-05-19,234009.7346716321
2017-05-22,234854.0459775179
2017-05-23,234967.16784331985
2017-05-24,234717.26530676373
2017-05-25,235895.27208268413
2017-05-26,236229.04710900935
2017-05-30,236129.24559974181
2017-05-31,235632.55395183325
2017-06-01,236235.05728538742
2017-06-02,237503.82891498285
2017-06-05,237553.51961369757
2017-06-06,237930.3769627163
2017-06-07,238235.70340550187
2017-06-08,237469.17816338013
2017-06-09,233967.12016794016
2017-06-12,232820.75358925373
2017-06-13,233637.29497027324
2017-06-14,233615.68082482996
2017-06-15,231550.7515767631
2017-06-16,231807.53395451728
2017-06-19,233285.79400083184
2017-06-20,232052.07622065046
2017-06-21,233114.72187528646
2017-06-22,235563.4206974929
2017-06-23,237436.36365370968
2017-06-26,236210.07173304816
2017-06-27,235113.88609338953
2017-06-28,236315.46552124957
2017-06-29,233680.66198808688
2017-06-30,233568.23113086526
2017-07-03,231955.60238831487
2017-07-05,232311.06585603207
2017-07-06,231815.3873863146
2017-07-07,232508.884736555
2017-07-10,233249.01898759563
2017-07-11,233690.93666065217
2017-07-12,235065.4375716119
2017-07-13,235381.87431913207
2017-07-14,237149.0502085482
2017-07-17,237527.69305370422
2017-07-18,238858.2448740585
2017-07-19,240973.68790554203
2017-07-20,241330.82934244548
2017-07-21,241809.98404159478
2017-07-24,242517.95322082963
2017-07-25,241847.3046897436
2017-07-26,241884.63158751058
2017-07-27,241095.40644120157
2017-07-28,241044.71136808328
2017-07-31,240098.01722746048
2017-08-01,240792.19633379614
2017-08-02,241843.62035001084
2017-08-03,241759.96350450543
2017-08-04,241484.98252409685
2017-08-07,242054.35760337778
2017-08-08,241911.2095255702
2017-08-09,242550.3325251419
2017-08-10,240746.83051563107
2017-08-11,241674.7050571407
2017-08-14,242740.82107116864
2017-08-15,242345.12755483124
2017-08-16,242984.4517520764
2017-08-17,241706.195640651
2017-08-18,242532.18727629288
2017-08-21,242213.4715042871
2017-08-22,243445.72595452573
2017-08-23,243384.38145247925
2017-08-24,243312.554720775
2017-08-25,243229.20081934225
2017-08-28,243447.9274869274
2017-08-29,246043.86689616146
2017-08-30,245902.66583576292
2017-08-31,247079.44978651055
2017-09-01,247823.13412985127
2017-09-05,247721.8242493228
2017-09-06,248195.91756211602
2017-09-07,249825.28579102768
2017-09-08,248976.4768552437
2017-09-11,249981.51513940236
2017-09-12,249412.51041864546
2017-09-13,249120.16275432878
2017-09-14,248695.60829606105
2017-09-15,246740.020413079
2017-09-18,246446.52994996138
2017-09-19,246597.29512277548
2017-09-20,245850.82874552623
2017-09-21,244426.0064868822
2017-09-22,244330.53997132723
2017-09-25,242915.4975619091
2017-09-26,243976.08981495947
2017-09-27,244717.1405797075
2017-09-28,245352.76708307088
2017-09-29,246009.36259918488
2017-10-02,245433.56012556367
2017-10-03,245437.16764692788
2017-10-04,245537.67970362125
2017-10-05,245873.37350732394
2017-10-06,245281.1520135728
2017-10-09,246388.65571963871
2017-10-10,247196.5591380565
2017-10-11,248030.59166349092
2017-10-12,248095.18096610863
2017-10-13,249570.42745752103
2017-10-16,250537.36405400388
2017-10-17,249810.42122316107
2017-10-18,248810.6023232847
2017-10-19,248873.42606103758
2017-10-20,248516.15155977494
2017-10-23,248235.81570733793
2017-10-24,249006.19601000496
2017-10-25,248520.94003191363
2017-10-26,248971.8489514479
2017-10-27,251314.93256016282
2017-10-30,251978.3646647838
2017-10-31,252961.91522184966
2017-11-01,253177.4665094771
2017-11-02,253494.12572073436
2017-11-03,254215.99620558257
2017-11-06,254740.36231847887
2017-11-07,255134.42450087014
2017-11-08,255651.8382846017
2017-11-09,253972.18141417386
2017-11-10,254096.76850637136
2017-11-13,253451.871910682
2017-11-14,252975.87511141604
2017-11-15,252168.6548493935
2017-11-16,253686.0045295299
2017-11-17,253002.6834363988
2017-11-20,253321.18938083202
2017-11-21,254670.96004916992
2017-11-22,254766.57720570912
2017-11-24,255968.1841271962
2017-11-27,256067.83891709085
2017-11-28,255479.53417132996
2017-11-29,251175.2298967038
2017-11-30,252268.2747154875
2017-12-01,251289.87940496672
2017-12-04,249353.60937832264
2017-12-05,249135.12463372864
2017-12-06,249489.21823821135
2017-12-07,249722.8387895337
2017-12-08,250179.0599976517
2017-12-11,251748.6265988433
2017-12-12,250535.82739219596
2017-12-13,250849.00659818132
2017-12-14,251254.95451761087
2017-12-15,251473.8303546168
2017-12-18,252764.60432399946
2017-12-19,252458.0250493255
2017-12-20,252181.30202098764
2017-12-21,251772.63880298453
2017-12-22,251897.65505555156
2017-12-26,250645.42164759376
2017-12-27,251472.4311084117
2017-12-28,252193.82740555872
2017-12-29,251586.20179623162
2018-01-02,254184.55256698545
2018-01-03,255826.50146299723
2018-01-04,256233.22587750747
2018-01-05,257536.14655066404
2018-01-08,258182.84657546517
2018-01-09,257719.40659363754
2018-01-10,258015.80594021184
2018-01-11,258474.16097743117
2018-01-12,258532.22599854312
2018-01-16,258728.71780061588
2018-01-17,259726.13762174582
2018-01-18,259764.43907450684
2018-01-19,260387.8861463397
2018-01-22,261176.97705886536
2018-01-23,262298.82603138813
2018-01-24,262738.22342648153
2018-01-25,262824.3166544662
2018-01-26,263892.4460410622
2018-01-29,261804.82857209267
2018-01-30,261130.46612804674
2018-01-31,261637.443888386
2018-02-01,262352.73763339303
2018-02-02,257996.5451022942
2018-02-05,253830.82591728438
2018-02-06,256477.46393569894
2018-02-07,253877.23288845387
2018-02-08,249252.4225774891
2018-02-09,251492.2128683856
2018-02-12,253380.1186554925
2018-02-13,253521.64728842248
2018-02-14,256464.7883325792
2018-02-15,259397.0891415425
2018-02-16,259069.15674922703
2018-02-20,257838.41841081978
2018-02-21,257438.01977405124
2018-02-22,257676.0437103312
2018-02-23,259631.94099063764
2018-02-26,261444.956623533
2018-02-27,259564.84946796807
2018-02-28,258274.5110153949
2018-03-01,255599.91228699955
2018-03-02,257358.79011337386
2018-03-05,258660.96573264763
2018-03-06,259455.04896977657
2018-03-07,260105.23083977177
2018-03-08,260275.56810168107
2018-03-09,262315.89966045204
2018-03-12,262516.2150172329
2018-03-13,261274.81299365466
2018-03-14,261492.28147995714
2018-03-15,261269.93915386187
2018-03-16,260411.70246862937
2018-03-19,257409.23781523586
2018-03-20,253922.27905599927
2018-03-21,254054.08291210965
2018-03-22,251936.10371648308
2018-03-23,250371.98527063365
2018-03-26,253550.98334788298
2018-03-27,249444.82613667165
2018-03-28,248502.76491734182
2018-03-29,250324.60298190275
2018-04-02,248574.08120004364
2018-04-03,249567.55183834655
2018-04-04,250731.04408240743
2018-04-05,251262.6858899041
2018-04-06,249359.19902190653
2018-04-09,250041.75971851757
2018-04-10,252814.63832996966
2018-04-11,253177.54252217308
2018-04-12,252980.84065282345
2018-04-13,253379.37963624598
2018-04-16,254249.8598944951
2018-04-17,255850.32625584374
2018-04-18,256152.72852229248
2018-04-19,255678.0610965716
2018-04-20,253077.6711751624
2018-04-23,251913.20025528362
2018-04-24,249618.80805268037
2018-04-25,249438.61392534134
2018-04-26,252095.74134606245
2018-04-27,251267.48162903098
2018-04-30,250781.3258002131
2018-05-01,251939.18730691928
2018-05-02,252600.94385821756
2018-05-03,252754.21655689247
2018-05-04,254762.9435071291
2018-05-07,255560.17587606612
2018-05-08,255574.2509238316
2018-05-09,257788.3416607978
2018-05-10,259462.7224365353
2018-05-11,259776.75859077377
2018-05-14,259488.96238149249
2018-05-15,256949.19102922708
2018-05-16,256774.67040603838
2018-05-17,256406.9907306188
2018-05-18,255692.67345813353
2018-05-21,256986.7912855786
2018-05-22,256429.77499696985
2018-05-23,257354.698314629
2018-05-24,257858.8831724958
2018-05-25,257971.11327293096
2018-05-29,256749.87425879523
2018-05-30,257923.779009661
2018-05-31,259032.4762629104
2018-06-01,260397.7186450482
2018-06-04,261006.86254205357
2018-06-05,260833.56197947462
2018-06-06,261425.23732415756
2018-06-07,260408.33674950933
2018-06-08,260571.87262415182
2018-06-11,261133.80106519157
2018-06-12,261674.81936380113
2018-06-13,261107.24212643912
2018-06-14,261200.01448982168
2018-06-15,259949.8535775462
2018-06-18,260784.36239869538
2018-06-19,259652.8518756609
2018-06-20,258527.599721926
2018-06-21,257646.3984590638
2018-06-22,258324.04492832092
2018-06-25,256533.87679624432
2018-06-26,256670.82690628883
2018-06-27,254961.78437516696
2018-06-28,255489.84587634393
2018-06-29,255282.27683786635
2018-07-02,256669.17739702546
2018-07-03,255031.1668992396
2018-07-05,257250.3929057106
2018-07-06,258948.53080149778
2018-07-09,260640.06743339292
2018-07-10,260113.57839766072
2018-07-11,259918.61977529989
2018-07-12,261671.28245857262
2018-07-13,261870.57229949508
2018-07-16,261596.69710041324
2018-07-17,262220.70327879593
2018-07-18,261350.63229022187
2018-07-19,260555.64451933102
2018-07-20,261419.74290150052
2018-07-23,261766.00901391596
2018-07-24,263818.054657344
2018-07-25,265248.3483095762
2018-07-26,259377.13269315474
2018-07-27,257554.2644825522
2018-07-30,255824.64238450583
2018-07-31,255838.37076484956
2018-08-01,257220.8728380864
2018-08-02,259052.31709177565
2018-08-03,259636.8276858391
2018-08-06,260630.54423339735
2018-08-07,260562.35580006964
2018-08-08,260697.0661274025
2018-08-09,261086.83081232046
2018-08-10,260200.60250967144
2018-08-13,259304.77158679563
2018-08-14,259740.61575736935
2018-08-15,257895.88500641807
2018-08-16,257540.3631135071
2018-08-17,257887.1441342088
2018-08-20,257924.8082638851
2018-08-21,258153.81437591638
2018-08-22,258951.78031014814
2018-08-23,258742.50290450672
2018-08-24,259937.71369923314
2018-08-27,261111.13016781592
2018-08-28,261428.5569389948
2018-08-29,261987.2064155046
2018-08-30,261617.23012401405
2018-08-31,261615.51267841543
2018-09-04,259942.34411783787
2018-09-05,258919.69512282655
2018-09-06,257661.17736657115
2018-09-07,257008.75192476518
2018-09-10,257124.27607858044
2018-09-11,258193.64871137502
2018-09-12,257361.515401486
2018-09-13,258938.6795641135
2018-09-14,258299.30429023213
2018-09-17,256708.13458917013
2018-09-18,256718.0588736993
2018-09-19,257699.12200066244
2018-09-20,259621.01444545086
2018-09-21,258186.9782287187
2018-09-24,259504.14763570373
2018-09-25,260202.48418242336
2018-09-26,259738.5154529525
2018-09-27,260517.79478170536
2018-09-28,260055.78369858323
2018-10-01,260302.17605026072
2018-10-02,260177.5603024302
2018-10-03,260656.91077737586
2018-10-04,258711.18685567062
2018-10-05,257685.93117085818
2018-10-08,256355.1942740711
2018-10-09,256307.29990752134
2018-10-10,251940.69634801892
2018-10-11,252545.85163964092
2018-10-12,255610.60785763589
2018-10-15,255010.46550607024
2018-10-16,257851.287601994
2018-10-17,257371.64489664603
2018-10-18,254653.94379590589
2018-10-19,255598.32028360944
2018-10-22,255932.9709153545
2018-10-23,257098.55892793453
2018-10-24,252429.40078692322
2018-10-25,255605.01422438308
2018-10-26,253658.59380983014
2018-10-29,251103.25300669888
2018-10-30,252739.75272498524
2018-10-31,254869.8213035584
2018-11-01,256064.7083898128
2018-11-02,253518.37605317877
2018-11-05,252160.59572725205
2018-11-06,253084.86941874522
2018-11-07,255614.36762218116
2018-11-08,254431.91587196192
2018-11-09,252368.6236632236
2018-11-12,248598.01104597957
2018-11-13,248325.03921600294
2018-11-14,247657.70442775416
2018-11-15,250182.64551984545
2018-11-16,250746.25871689362
2018-11-19,246582.96932187153
2018-11-20,244858.6768237907
2018-11-21,245816.82931175918
2018-11-23,244307.7050203141
2018-11-26,245677.10212043562
2018-11-27,244763.18328461028
2018-11-28,246907.44365930118
2018-11-29,247634.31566500277
2018-11-30,248092.02756953024
2018-12-03,250601.35806275203
2018-12-04,247652.6167017081
2018-12-06,246959.91566304417
2018-12-07,244643.13040737074
2018-12-10,246091.7127998603
2018-12-11,246065.13542674854
2018-12-12,247268.2482428354
2018-12-13,247393.2177736204
2018-12-14,245149.87441043087
2018-12-17,243659.30958825376
2018-12-18,245226.92709050173
2018-12-19,243645.8629605631
2018-12-20,242943.60555391147
2018-12-21,238751.70393091423
2018-12-24,237176.51749222176
2018-12-26,242702.15853598938
2018-12-27,243504.70458013727
2018-12-28,243745.72087433375
2018-12-31,243833.43752454186
2019-01-02,244994.00781533663
2019-01-03,240561.03956801584
2019-01-04,244544.84133316047
2019-01-07,246928.45080134773
2019-01-08,247441.2431567002
2019-01-09,248713.84079279905
2019-01-10,249476.64840736866
2019-01-11,249908.0957549843
2019-01-14,250302.09538352565
2019-01-15,251630.21385405495
2019-01-16,251190.9671329431
2019-01-17,252184.89599662818
2019-01-18,253592.7873255001
2019-01-22,250852.4604099239
2019-01-23,250487.96476330806
2019-01-24,252319.17255935745
2019-01-25,255009.26424824906
2019-01-28,250857.37555077072
2019-01-29,249224.07034017192
2019-01-30,253623.39119593563
2019-01-31,258542.79942819828
2019-02-01,258614.10985979496
2019-02-04,260546.19861179625
2019-02-05,261720.60732469568
2019-02-06,262070.0633393215
2019-02-07,259114.04321292776
2019-02-08,260174.8865728704
2019-02-11,259073.97288199028
2019-02-12,260220.5982146583
2019-02-13,260516.42393968021
2019-02-14,260848.26005853186
2019-02-15,261460.18717862945
2019-02-19,262566.68548200844
2019-02-20,263549.2448619208
2019-02-21,261916.7840018919
2019-02-22,263243.609164789
2019-02-25,264015.7681966351
2019-02-26,263339.8479129963
2019-02-27,262640.8531263271
2019-02-28,261605.98637042544
2019-03-01,262232.79339850857
2019-03-04,261586.29060344724
2019-03-05,262279.3080545688
2019-03-06,261659.8296452896
2019-03-07,260330.96741473593
2019-03-08,261492.39529453282
2019-03-11,264487.76639422873
2019-03-12,265349.7112429642
2019-03-13,267547.90598035353
2019-03-14,266080.23076084245
2019-03-15,266861.70170368144
2019-03-18,266425.81511203654
2019-03-19,268049.98012428946
2019-03-20,267781.1542721573
2019-03-21,271798.4297509237
2019-03-22,269106.90963029803
2019-03-25,268900.4560597492
2019-03-26,269516.36926648277
2019-03-27,268755.82789911615
2019-03-28,268250.01254888054
2019-03-29,269365.384274265
2019-04-01,270797.77778870723
2019-04-02,271941.2970227365
2019-04-03,273005.6280066999
2019-04-04,272897.7048547806
2019-04-05,273900.2810944582
2019-04-08,274953.9635763771
2019-04-09,275120.06155225204
2019-04-10,276202.00525662536
2019-04-11,275310.56112436857
2019-04-12,275444.7122749154
2019-04-15,274234.22432606615
2019-04-16,274178.6301814862
2019-04-17,274517.3639093186
2019-04-18,274380.71231529745
2019-04-22,275520.39282613795
2019-04-23,276623.1316118796
2019-04-24,276705.8340507226
2019-04-25,278010.6180778166
2019-04-26,276368.59618021245
2019-04-29,276799.18340377754
2019-04-30,276538.66993936984
2019-05-01,277756.05208280956
2019-05-02,277057.7089670326
2019-05-03,278505.4110087775
2019-05-06,277187.29091083317
2019-05-07,274048.4036119446
2019-05-08,274387.48285959044
2019-05-09,273414.08422627026
2019-05-10,272958.9020910376
2019-05-13,267906.6997682575
2019-05-14,269414.28817512875
2019-05-15,270605.08198676613
2019-05-16,270338.1425309365
2019-05-17,268508.9879085897
2019-05-20,265587.32828099
2019-05-21,267068.2910972458
2019-05-22,266219.21739610826
2019-05-23,264006.2871706379
2019-05-24,263311.4903543432
2019-05-28,262675.83691816777
2019-05-29,261785.69655830908
2019-05-30,261865.82962000807
2019-05-31,259931.69934698436
2019-06-03,257998.95282737887
2019-06-04,262644.1561747939
2019-06-05,263575.8526226319
2019-06-06,264772.71908313397
2019-06-07,267426.0471412728
2019-06-10,268332.7700628537
2019-06-11,269411.9828096434
2019-06-12,268233.28851840686
2019-06-13,269365.17670688767
2019-06-14,269766.99508523755
2019-06-17,270765.1441139359
2019-06-18,272677.4225159082
2019-06-19,272490.12997791864
2019-06-20,277675.7594208479
2019-06-21,277978.4810006786
2019-06-24,279214.3926134801
2019-06-25,278962.57212295104
2019-06-26,279567.34242914856
2019-06-27,280587.1002682302
2019-06-28,281600.6396270065
2019-07-01,282016.2783598838
2019-07-02,282156.5538793941
2019-07-03,284419.40188755473
2019-07-05,282607.26081944763
2019-07-08,282094.9037299011
2019-07-09,282479.66141382407
2019-07-10,285186.81376785506
2019-07-11,286034.83490689896
2019-07-12,286727.91680753976
2019-07-15,286926.9685613606
2019-07-16,286254.25339976704
2019-07-17,285872.91937353095
2019-07-18,286617.1111796398
2019-07-19,286347.03468386206
2019-07-22,287666.0882873508
2019-07-23,288504.81234268827
2019-07-24,289880.66454094485
2019-07-25,287439.04632632463
2019-07-26,288048.69627335813
2019-07-29,287313.21695805487
2019-07-30,287568.6386740025
2019-07-31,285960.40565777104
2019-08-01,282868.6173604351
2019-08-02,282821.21761972696
2019-08-05,278177.7360346999
2019-08-06,279647.15774868825
2019-08-07,282360.8414257637
2019-08-08,284872.3659408224
2019-08-09,283162.0433271886
2019-08-12,282198.68050182686
2019-08-13,284954.9201163161
2019-08-14,281272.0384698857
2019-08-15,281688.76753732737
2019-08-16,285110.83308948943
2019-08-19,287280.03560912126
2019-08-20,286302.1013622593
2019-08-21,287290.79160546296
2019-08-22,286942.7400668965
2019-08-23,282218.0893156473
2019-08-26,284149.9713446168
2019-08-27,285112.71871178574
2019-08-28,285338.3151641004
2019-08-29,287909.43532499997
2019-08-30,287250.2444495878
2019-09-03,286042.32199155487
2019-09-04,289345.1773890502
2019-09-05,292154.5367267711
2019-09-06,290660.59569833474
2019-09-09,291304.76014938985
2019-09-10,291604.62706157553
2019-09-11,293331.0764215056
2019-09-12,293151.4578514377
2019-09-13,291233.0697308396
2019-09-16,290265.5746689324
2019-09-17,291018.820324354
2019-09-18,291072.1457725175
2019-09-19,290888.5193734097
2019-09-20,289704.1928612564
2019-09-23,291156.54858459317
2019-09-24,289129.45580350066
2019-09-25,291694.9895689034
2019-09-26,289658.9214222465
2019-09-27,287070.39761989185
2019-09-30,288735.68119804823
2019-10-01,287060.6526971961
2019-10-02,286529.303165024
2019-10-03,290973.22280254005
2019-10-04,291934.5820684389
2019-10-07,292173.3851284243
2019-10-08,289981.9521390965
2019-10-09,291882.3072005237
2019-10-10,292632.953013087
2019-10-11,294757.2302149992
2019-10-14,295066.23393471696
2019-10-15,297550.5914019692
2019-10-16,296720.64059064677
2019-10-17,297013.68957367266
2019-10-18,295256.24949869676
2019-10-21,298026.1041648467
2019-10-22,295608.196809243
2019-10-23,297243.59672354045
2019-10-24,297862.5681008643
2019-10-25,300913.85734450596
2019-10-28,301043.36580023996
2019-10-29,299192.40490867116
2019-10-30,299348.0926018324
2019-10-31,301353.14241999626
2019-11-01,303261.4923346752
2019-11-04,305445.44526919286
2019-11-05,304104.4352560268
2019-11-06,303117.84731306497
2019-11-07,303562.3541614294
2019-11-08,302781.5985872095
2019-11-11,302620.1921375397
2019-11-12,303428.2840948199
2019-11-13,303820.2211267451
2019-11-14,303896.8496185121
2019-11-15,303929.26291490835
2019-11-18,305940.9884046701
2019-11-19,305479.1979198899
2019-11-20,305412.6139743407
2019-11-21,304853.49539162655
2019-11-22,305048.49431651644
2019-11-25,307565.07444704
2019-11-26,306090.7754906615
2019-11-27,307490.87305434304
2019-11-29,307142.0159858184
2019-12-02,304628.526962271
2019-12-03,303906.53131889016
2019-12-04,304343.0080425416
2019-12-05,305142.9147752152
2019-12-06,306027.12380171125
2019-12-09,305873.95167545835
2019-12-10,306831.88555086387
2019-12-11,308429.2939941656
2019-12-12,308906.77373349067
2019-12-13,307851.15303449356
2019-12-16,309860.6524481521
2019-12-17,309848.2659215163
2019-12-18,310911.1545385883
2019-12-19,312744.6971327339
2019-12-20,313736.0060582509
2019-12-23,314580.93644310767
2019-12-24,314250.4141378967
2019-12-26,315801.612445346
2019-12-27,317048.3424050225
2019-12-30,315608.37280192843
2019-12-31,316791.0122356048
2020-01-02,320696.50004645844
2020-01-03,321224.81066740764
2020-01-06,324859.90539238224
2020-01-07,324678.8582837847
2020-01-08,325377.85194385255
2020-01-09,325165.39248197305
2020-01-10,325266.65852718015
2020-01-13,326108.71809992136
2020-01-14,324963.2925397367
2020-01-15,325537.3227865981
2020-01-16,326911.71354850364
2020-01-17,327449.9032789623
2020-01-21,327540.9130896164
2020-01-22,327542.1533671708
2020-01-23,327811.51884061063
2020-01-24,326260.6472387098
2020-01-27,324605.2223480791
2020-01-28,325991.8054866254
2020-01-29,326863.16183668404
2020-01-30,325297.8135079651
2020-01-31,325827.71008808346
2020-02-03,327066.1403919048
2020-02-04,327363.3363516317
2020-02-05,327359.45185259037
2020-02-06,328964.885007851
2020-02-07,330354.6821882662
2020-02-10,332289.8243745834
2020-02-11,331640.2047527083
2020-02-12,332464.2122629596
2020-02-13,333002.52561805095
2020-02-14,333532.93377269857
2020-02-18,334991.35347072635
2020-02-19,336219.270925209
2020-02-20,336278.84397195594
2020-02-21,334894.7517877106
2020-02-24,331080.02426169673
2020-02-25,326722.600213014
2020-02-26,326685.9085284333
2020-02-27,322490.45014860213
2020-02-28,320026.50158572017
2020-03-02,323149.6285692349
2020-03-03,319415.8996714327
2020-03-04,325142.3996235044
2020-03-05,321297.1893111487
2020-03-06,320980.8547937756
2020-03-09,314127.10554930265
2020-03-10,318864.9703008664
2020-03-11,312518.3129772763
2020-03-12,297173.555451751
2020-03-13,308186.1392223825
2020-03-16,291706.27749424067
2020-03-17,300816.9281504655
2020-03-18,298036.95726972184
2020-03-19,297498.1933365815
2020-03-20,296987.33047423896
2020-03-23,298448.6446196317
2020-03-24,310066.8480277599
2020-03-25,306602.32154330204
2020-03-26,314865.168764567
2020-03-27,310203.3227037043
2020-03-30,313906.86884953984
2020-03-31,312362.02486380347
2020-04-01,307334.9528869328
2020-04-02,310844.1377721876
2020-04-03,308982.53062573733
2020-04-06,317844.8892674093
2020-04-07,318192.65053696017
2020-04-08,321003.9008324211
2020-04-09,323828.95560087526
2020-04-13,325865.299103077
2020-04-14,334077.7314994127
2020-04-15,332151.8957749557
2020-04-16,334751.0338346824
2020-04-17,333377.1482417715
2020-04-20,332295.4334641726
2020-04-21,327082.7118122545
2020-04-22,332890.7417024488
2020-04-23,335672.49072733347
2020-04-24,336079.01797512244
2020-04-27,335130.52543056675
2020-04-28,330910.010541745
2020-04-29,337344.52781754034
2020-04-30,340186.6441123253
2020-05-01,334202.19093014573
2020-05-04,336712.62589222664
2020-05-05,337210.5807058722
2020-05-06,337285.0448813856
2020-05-07,339781.5732354127
2020-05-08,341086.039780408
2020-05-11,342055.61755396595
2020-05-12,339262.0215703844
2020-05-13,338060.28962697514
2020-05-14,341093.08032308216
2020-05-15,342691.0794078574
2020-05-18,343704.65006147255
2020-05-19,344125.1300291745
2020-05-20,348750.40487774595
2020-05-21,346164.0688019086
2020-05-22,347472.9004996842
2020-05-26,346254.6660080678
2020-05-27,344203.8921363785
2020-05-28,345122.2012925512
2020-05-29,346926.4277490074
2020-06-01,348179.97385456983
2020-06-02,349361.28682515846
2020-06-03,346807.3905121762
2020-06-04,344612.9730166351
2020-06-05,345911.47108450625
2020-06-08,347997.29195821466
2020-06-09,351407.9775339338
2020-06-10,352691.49486255617
2020-06-11,347168.9364577935
2020-06-12,347874.0778357182
2020-06-15,348506.93140115455
2020-06-16,351707.5452335835
2020-06-17,350708.05097956606
2020-06-18,351555.50658698444
2020-06-19,353511.53673223837
2020-06-22,356983.16304961435
2020-06-23,359098.32503361825
2020-06-24,355972.6566133869
2020-06-25,356220.10186397017
2020-06-26,349566.96083417395
2020-06-29,352725.5535185521
2020-06-30,355608.95169738476
2020-07-01,360116.04768581607
2020-07-02,361008.6498468774
2020-07-06,366626.8492692477
2020-07-07,365456.16294992995
2020-07-08,369129.00117769896
2020-07-09,371923.1678985059
2020-07-10,372129.9794082277
2020-07-13,369002.7830284614
2020-07-14,368885.27360199875
2020-07-15,367427.7549273156
2020-07-16,367043.4049126863
2020-07-17,366039.89447282976
2020-07-20,372452.65238752705
2020-07-21,372719.0739523175
2020-07-22,372673.5798289149
2020-07-23,370001.24477581313
2020-07-24,371323.4879262934
2020-07-27,375020.3273415394
2020-07-28,373246.36425661587
2020-07-29,375598.4375351125
2020-07-30,376596.103841124
2020-07-31,380828.67845466523
2020-08-03,379473.6694414164
2020-08-04,380612.97146283253
2020-08-05,385883.48328917666
2020-08-06,390361.9998669819
2020-08-07,387420.79868481186
2020-08-10,386893.89096357144
2020-08-11,377312.85439793987
2020-08-12,379343.3009971647
2020-08-13,380446.70685504464
2020-08-14,380076.4540318123
2020-08-17,382561.9557378065
2020-08-18,388845.60764210275
2020-08-19,386609.7915022753
2020-08-20,384997.2794053657
2020-08-21,384243.58160237456
2020-08-24,387251.49577480496
2020-08-25,387819.66115860443
2020-08-26,396074.8264488879
2020-08-27,392607.9846763121
2020-08-28,395493.83349333063
2020-08-31,395625.35277328576
2020-09-01,398590.5810152089
2020-09-02,400907.8621122363
2020-09-03,392769.11617954663
2020-09-04,387398.387496576
2020-09-08,380620.620433826
2020-09-09,386838.5959271084
2020-09-10,385331.24251059594
2020-09-11,382482.7950620626
2020-09-14,384221.0409912986
2020-09-15,386996.64370773267
2020-09-16,384255.4177392923
2020-09-17,379406.39814966667
2020-09-18,377965.6266355514
2020-09-21,374929.9875787823
2020-09-22,379150.4987342834
2020-09-23,371857.4249334134
2020-09-24,372058.921255982
2020-09-25,374692.5185892016
2020-09-28,376949.0580375317
2020-09-29,378560.4183332478
2020-09-30,378957.0824231615
2020-10-01,382367.74310714717
2020-10-02,378516.0397585365
2020-10-05,381981.00277266605
2020-10-06,378852.6866989909
2020-10-07,379555.8765183312
2020-10-08,381267.9678029385
2020-10-09,386043.26266472484
2020-10-12,392009.9297501427
2020-10-13,389688.7249709213
2020-10-14,388768.415591073
2020-10-15,385969.2807177477
2020-10-16,385710.5631147914
2020-10-19,382657.0668548356
2020-10-20,383884.7659593029
2020-10-21,387442.6091746344
2020-10-22,386240.1361770327
2020-10-23,388646.98059076094
2020-10-26,384592.0608503182
2020-10-27,387427.4517593089
2020-10-28,377734.89665381797
2020-10-29,381923.76006964716
2020-10-30,378430.4858054118
2020-11-02,378533.7683524576
2020-11-03,381749.5500529623
2020-11-04,390028.6302487924
2020-11-05,395416.6737555915
2020-11-06,395211.0151168007
2020-11-09,385574.6156003644
2020-11-10,382828.78182586515
2020-11-11,384603.0341389371
2020-11-12,384249.9323165799
2020-11-13,386828.3944407457
2020-11-16,387027.14742915943
2020-11-17,386409.08723120176
2020-11-18,383601.21312117745
2020-11-19,383304.90662451996
2020-11-20,382694.53489968134
2020-11-23,380270.5289793058
2020-11-24,381095.9263688874
2020-11-25,382601.4924811374
2020-11-27,381916.18093680625
2020-11-30,379483.43587079854
2020-12-01,386440.84063323174
2020-12-02,387955.74441851734
2020-12-03,387461.21688537474
2020-12-04,387858.0267748084
2020-12-07,389493.6385469002
2020-12-08,389403.8064548421
2020-12-09,385307.30481181864
2020-12-10,384912.77474611264
2020-12-11,385322.4876255102
2020-12-14,384985.17429666535
2020-12-15,387431.5871556748
2020-12-16,389278.84402433847
2020-12-17,391570.37544107425
2020-12-18,391131.6043222012
2020-12-21,390517.25340015645
2020-12-22,389538.4304042441
2020-12-23,389481.66325944866
2020-12-24,389094.0962139491
2020-12-28,393320.8168052187
2020-12-29,393258.5378545339
2020-12-30,392195.01583448274
2020-12-31,392463.24176051666
2021-01-04,392913.67954638245
2021-01-05,392905.5289647147
2021-01-06,389773.7643153949
2021-01-07,392419.44186860643
2021-01-08,389745.6085133025
2021-01-11,385682.8917648504
2021-01-12,383210.3660767209
2021-01-13,384613.9215247541
2021-01-14,381444.8056713414
2021-01-15,382083.42305081285
2021-01-19,384921.70612761925
2021-01-20,390951.5906361053
2021-01-21,392062.9909032131
2021-01-22,391573.65784686385
2021-01-25,393358.3831632844
2021-01-26,395307.12378892826
2021-01-27,391575.35139468894
2021-01-28,392226.89655293
2021-01-29,389530.3303363358
2021-02-01,393568.9113987372
2021-02-02,393598.9271973932
2021-02-03,397366.3844713493
2021-02-04,394769.30069026316
2021-02-05,397029.1250378395
2021-02-08,398414.11400813755
2021-02-09,399470.7519059591
2021-02-10,399842.9219837441
2021-02-11,399472.6326310111
2021-02-12,398516.4969234796
2021-02-16,397225.6860905991
2021-02-17,396686.54009136464
2021-02-18,395239.8635904556
2021-02-19,393408.92565898394
2021-02-22,394617.5896662241
2021-02-23,394892.4506909738
2021-02-24,394853.9980489498
2021-02-25,390762.82175451
2021-02-26,389218.90600377985
2021-03-01,392695.4933166097
2021-03-02,390837.30184610485
2021-03-03,387362.87584185106
2021-03-04,387289.44361982984
2021-03-05,392313.95823635807
2021-03-08,389000.2662215483
2021-03-09,394535.8598516934
2021-03-10,393708.15517619165
2021-03-11,394911.378142383
2021-03-12,391376.3277564324
2021-03-15,393585.4350476258
2021-03-16,395732.50516229286
2021-03-17,395550.07478983054
2021-03-18,392327.80427765317
2021-03-19,394334.6378197779
2021-03-22,396035.8340425092
2021-03-23,396124.80778726534
2021-03-24,394289.25067302433
2021-03-25,394752.6945859417
2021-03-26,396619.72322051576
2021-03-29,396990.9362757931
2021-03-30,394287.88728005846
2021-03-31,396512.0243556746
2021-04-01,402974.6493620239
2021-04-05,409172.03082877555
2021-04-06,409547.7842600568
2021-04-07,411260.38089190016
2021-04-08,413926.1346320784
2021-04-09,414094.4195427234
2021-04-12,413207.118789451
2021-04-13,414894.8784567972
2021-04-14,412412.47788193414
2021-04-15,417063.5956537923
2021-04-16,418447.95310281427
2021-04-19,417549.0646684085
2021-04-20,417785.168939378
2021-04-21,417648.85434623127
2021-04-22,413974.76482562313
2021-04-23,416148.81820037245
2021-04-26,415923.4679063698
2021-04-27,416748.15478450764
2021-04-28,416468.1070649032
2021-04-29,420243.0831564591
2021-04-30,418896.1171773658
2021-05-03,419192.8340199359
2021-05-04,419586.4840517299
2021-05-05,418510.3959347358
2021-05-06,422560.8137074053
2021-05-07,425078.86332141416
2021-05-10,420919.8987796069
2021-05-11,418119.1565646823
2021-05-12,414153.6444268556
2021-05-13,416257.86160685896
2021-05-14,421322.3921842604
2021-05-17,422019.3222028539
2021-05-18,420783.1535327441
2021-05-19,422975.30937523884
2021-05-20,424496.8145836864
2021-05-21,423666.815752739
2021-05-24,427909.69058138825
2021-05-25,428657.295662867
2021-05-26,430034.2602652778
2021-05-27,429303.91302851605
2021-05-28,429017.51724935864
2021-06-01,429695.8220373309
2021-06-02,430080.8236501313
2021-06-03,427128.0893706541
2021-06-04,432303.1384865211
2021-06-07,434478.8444171332
2021-06-08,434446.9614769177
2021-06-09,434379.15221192816
2021-06-10,434242.5161188599
2021-06-11,433984.7535094836
2021-06-14,434467.4030510755
2021-06-15,433080.77297259204
2021-06-16,428682.9419474018
2021-06-17,425877.8251919769
2021-06-18,422701.30896249425
2021-06-21,425652.801890393
2021-06-22,427824.4534535156
2021-06-23,428559.8265559988
2021-06-24,428732.55210504227
2021-06-25,428725.9131824163
2021-06-28,431134.3789131379
2021-06-29,429196.7466535041
2021-06-30,428717.72528222244
2021-07-01,432151.8226349439
2021-07-02,436273.7325499702
2021-07-06,438640.7590946954
2021-07-07,440402.13149605563
2021-07-08,438463.4016945804
2021-07-09,440716.0295330576
2021-07-12,440420.3128748876
2021-07-13,442389.36270128214
2021-07-14,443944.4190968793
2021-07-15,441413.32922700705
2021-07-16,441677.61644857854
2021-07-19,438407.65764479106
2021-07-20,441799.6908718708
2021-07-21,442829.0488238405
2021-07-22,445270.4168264179
2021-07-23,448857.3991447791
2021-07-26,449742.30577524565
2021-07-27,447607.70726965024
2021-07-28,449644.19173957285
2021-07-29,449629.6530821305
2021-07-30,448047.0037485021
2021-08-02,446873.48692605883
2021-08-03,448947.45946613245
2021-08-04,450920.56746591226
2021-08-05,450464.421827785
2021-08-06,448059.19934208476
2021-08-09,446890.1359672219
2021-08-10,445326.90097456495
2021-08-11,446230.3332461677
2021-08-12,447901.39499872405
2021-08-13,450733.1067183234
2021-08-16,452842.40085071616
2021-08-17,450901.0064396207
2021-08-18,447968.2265624
2021-08-19,448894.3587558359
2021-08-20,451652.29120483674
2021-08-23,454980.4777650445
2021-08-24,455518.58595069865
2021-08-25,455046.4918891041
2021-08-26,453574.6401822367
2021-08-27,457176.3805458357
2021-08-30,459382.45334581385
2021-08-31,459725.8844251832
2021-09-01,460669.2246111128
2021-09-02,458630.7688592108
2021-09-03,459779.3805619682
2021-09-07,458611.2953921873
2021-09-08,457163.1373611382
2021-09-09,456800.2085540775
2021-09-10,455880.64896720764
2021-09-13,455923.10687312274
2021-09-14,454902.476067442
2021-09-15,457383.7757118387
2021-09-16,453686.1467456416
2021-09-17,450165.55420575413
2021-09-20,446861.03124447004
2021-09-21,448835.5425022364
2021-09-22,448891.1432781966
2021-09-23,449087.32176059164
2021-09-24,450656.9094571382
2021-09-27,450488.04227787326
2021-09-28,442627.62017828476
2021-09-29,442571.0525422856
2021-09-30,439625.9796275565
2021-10-01,445256.78307438124
2021-10-04,439953.696404042
2021-10-05,444348.3975933528
2021-10-06,446240.8740401417
2021-10-07,447417.621269343
2021-10-08,449972.56617863144
2021-10-11,448408.5781558712
2021-10-12,447583.74335311365
2021-10-13,450443.677582009
2021-10-14,453909.18209095317
2021-10-15,452173.6973684833
2021-10-18,455368.64614161564
2021-10-19,457481.87656144274
2021-10-20,456423.2863224941
2021-10-21,457112.1116000452
2021-10-22,455308.54834834044
2021-10-25,455256.407183239
2021-10-26,452817.5331016513
2021-10-27,457805.0851807775
2021-10-28,459164.17620106443
2021-10-29,460191.73079215834
2021-11-01,459167.9336891876
2021-11-02,461184.00323447376
2021-11-03,460927.46686879435
2021-11-04,464407.0685174676
2021-11-05,465295.84138082486
2021-11-08,466542.51100638526
2021-11-09,465783.79241258185
2021-11-10,463813.38089471334
2021-11-11,464106.91494444787
2021-11-12,467980.92893324717
2021-11-15,468995.86520594975
2021-11-16,469639.3359140725
2021-11-17,469609.7625168849
2021-11-18,469814.6372189411
2021-11-19,470316.8930966431
2021-11-22,465566.6514672524
2021-11-23,461712.54847553826
2021-11-24,462434.9683773937
2021-11-26,458340.1955645114
2021-11-29,461327.9754539579
2021-11-30,456334.72677861823
2021-12-01,452293.4203176773
2021-12-02,451706.3556455207
2021-12-03,448628.85001983325
2021-12-06,452456.23513970873
2021-12-07,457498.6478620029
2021-12-08,458511.60733967985
2021-12-09,457243.4277562382
2021-12-10,468009.2399878135
2021-12-13,466540.0035792342
2021-12-14,462256.7344706304
2021-12-15,467568.7338821029
2021-12-16,465269.7964009647
2021-12-17,460266.7529644883
2021-12-20,454478.8983068765
2021-12-21,457713.9085124985
2021-12-22,458491.2481008304
2021-12-23,460355.40859440283
2021-12-27,463705.14322566084
2021-12-28,462380.61944470415
2021-12-29,461074.8371676614
2021-12-30,461175.37678751856
2021-12-31,458344.70729128685
2022-01-03,458827.98084854375
2022-01-04,457906.7141758052
2022-01-05,453538.10327754746
2022-01-06,451314.4658685367
2022-01-07,451918.2235007724
2022-01-10,452208.45902317984
2022-01-11,454745.0486683829
2022-01-12,456028.0778422997
2022-01-13,451835.7334132205
2022-01-14,453705.4922384756
2022-01-18,448386.25489286653
2022-01-19,447572.6579579454
2022-01-20,446735.18235355173
2022-01-21,440875.0397908903
2022-01-24,441833.7219033959
2022-01-25,438856.38910882495
2022-01-26,437295.3254406636
2022-01-27,435806.23747683706
2022-01-28,438037.0052692373
2022-01-31,442381.4804212174
2022-02-01,443580.0172338873
2022-02-02,445665.2573049573
2022-02-03,428143.3506262614
2022-02-04,434760.36487750936
2022-02-07,432464.77933183085
2022-02-08,433972.07922437147
2022-02-09,438216.2754826268
2022-02-10,435622.9833909277
2022-02-11,430505.920372364
2022-02-14,433007.0766254709
2022-02-15,433655.63324994256
2022-02-16,434199.81591109943
2022-02-17,431305.5396981548
2022-02-18,429668.5302153626
2022-02-22,428704.44871508906
2022-02-23,425230.8104381537
2022-02-24,433832.30887615646
2022-02-25,432133.2593064705
2022-02-28,434064.46369573835
2022-03-01,432811.7398824205
2022-03-02,436088.75557078165
2022-03-03,433756.5354197076
2022-03-04,432197.9644943265
2022-03-07,428367.18394903175
2022-03-08,431853.11504165386
2022-03-09,433212.3327344622
2022-03-10,435273.10941650526
2022-03-11,432386.77338184597
2022-03-14,428499.4060855771
2022-03-15,430958.59374788415
2022-03-16,434702.18322752113
2022-03-17,439615.4418642272
2022-03-18,442095.19977947563
2022-03-21,440878.3043910066
2022-03-22,442098.43542095367
2022-03-23,441160.5146382813
2022-03-24,446207.68014699465
2022-03-25,445623.34875932185
2022-03-28,447671.96026649745
2022-03-29,447557.9524682167
2022-03-30,447593.9435825977
2022-03-31,445502.7810100439
2022-04-01,444797.0377854701
2022-04-04,449227.1669423975
2022-04-05,447690.65605011705
2022-04-06,442056.7224015511
2022-04-07,442041.8753995223
2022-04-08,440831.5085804323
2022-04-11,437689.5783828102
2022-04-12,437331.24814312265
2022-04-13,440925.72012869397
2022-04-14,436987.4414844718
2022-04-18,436817.539389966
2022-04-19,440560.825427372
2022-04-20,436594.265276175
2022-04-21,431754.05081658025
2022-04-22,427342.92968925746
2022-04-25,425982.5080314102
2022-04-26,421358.4194832814
2022-04-27,420702.8951160636
2022-04-28,428420.91291687236
2022-04-29,420874.5557617025
2022-05-02,423657.85683070647
2022-05-03,419803.0648006644
2022-05-04,423474.84790303535
2022-05-05,418045.35478173196
2022-05-06,415715.87688861747
2022-05-09,409561.01800023054
2022-05-10,410704.40263428126
2022-05-11,406131.467804051
2022-05-12,404885.6556826838
2022-05-13,406618.7958314937
2022-05-16,405346.47833701613
2022-05-17,409981.04306013545
2022-05-18,401709.9318022358
2022-05-19,403390.58818023367
2022-05-20,403782.1988157988
2022-05-23,407681.4767211757
2022-05-24,404886.3461127766
2022-05-25,405259.4054973021
2022-05-26,408986.9352253099
2022-05-27,412431.14179749624
2022-05-31,411969.16337965475
2022-06-01,412072.8407241629
2022-06-02,415600.0726314731
2022-06-03,412320.32301023457
2022-06-06,414082.13088414655
2022-06-07,414346.52523796185
2022-06-08,413273.96445445897
2022-06-09,407684.0439617461
2022-06-10,400945.69962675
2022-06-13,394780.35140926845
2022-06-14,397207.43335079565
2022-06-15,400298.91419488465
2022-06-16,396830.44735044235
2022-06-17,398910.0094458625
2022-06-21,399408.0722492659
2022-06-22,398757.5761047831
2022-06-23,401467.55557430774
2022-06-24,405680.32540110464
2022-06-27,404261.53690062603
2022-06-28,398834.1458116537
2022-06-29,400444.58882101334
2022-06-30,399174.6947542505
2022-07-01,399332.0934265149
2022-07-05,400623.6374797429
2022-07-06,400008.21313742246
2022-07-07,400788.68022754154
2022-07-08,399581.59918520885
2022-07-11,397212.8563557322
2022-07-12,393778.5308706961
2022-07-13,393337.7991114887
2022-07-14,390730.3743873405
2022-07-15,393887.20549265837
2022-07-18,394676.0704206488
2022-07-19,398384.4300926302
2022-07-20,400888.6572949424
2022-07-21,402473.55088740366
2022-07-22,402004.9108552072
2022-07-25,399725.16298929683
2022-07-26,395709.09144158213
2022-07-27,401623.91295854724
2022-07-28,405465.9681858522
2022-07-29,409678.0321147088
2022-08-01,410796.8814792454
2022-08-02,410055.60152029915
2022-08-03,412857.1639910836
2022-08-04,415778.9957207014
2022-08-05,413955.9550790562
2022-08-08,414037.39791836415
2022-08-09,414673.4404480102
2022-08-10,418657.4421369597
2022-08-11,417630.4357201272
2022-08-12,420205.5023660327
2022-08-15,419199.89021842694
2022-08-16,419426.8811431792
2022-08-17,417257.1098640651
2022-08-18,417047.6633224096
2022-08-19,413022.2807724507
2022-08-22,407382.97909804404
2022-08-23,408044.86499934335
2022-08-24,408110.0015910737
2022-08-25,411210.3100991838
2022-08-26,405670.7132933256
2022-08-29,404452.7603591244
2022-08-30,401970.8778690543
2022-08-31,400936.8619673078
2022-09-01,400373.4334152449
2022-09-02,400078.86364375555
2022-09-06,397912.86377623864
2022-09-07,400102.55043452384
2022-09-08,401086.38844406366
2022-09-09,404781.49441832723
2022-09-12,407557.3540282692
2022-09-13,398616.1681568015
2022-09-14,396757.4622652319
2022-09-15,392833.0048863404
2022-09-16,388965.74170345406
2022-09-19,389636.49199929606
2022-09-20,387891.54328644637
2022-09-21,385761.06109558383
2022-09-22,385444.3202291619
2022-09-23,380818.1999727648
2022-09-26,380014.10278656305
2022-09-27,378182.9977203894
2022-09-28,382488.897726421
2022-09-29,379759.57123235037
2022-09-30,379671.4584443628
2022-10-03,382769.2280100865
2022-10-04,390453.7203675954
2022-10-05,389704.79324672575
2022-10-06,389558.547935118
2022-10-07,383094.8341733685
2022-10-10,380376.5012710528
2022-10-11,377936.48002677684
2022-10-12,379222.79819437617
2022-10-13,379721.4776564118
2022-10-14,376576.27968287736
2022-10-17,383314.37961131823
2022-10-18,383096.4375633872
2022-10-19,380532.3626859941
2022-10-20,382160.8603367667
2022-10-21,386327.4244674726
2022-10-24,387741.8491622166
2022-10-25,390380.1151701562
2022-10-26,386818.6129209431
2022-10-27,380258.66587808565
2022-10-28,379951.66504828597
2022-10-31,378089.0052571802
2022-11-01,376279.9954956217
2022-11-02,372564.1894436422
2022-11-03,369159.1198614836
2022-11-04,374861.6139908409
2022-11-07,377224.1688446213
2022-11-08,376588.94861932786
2022-11-09,378447.27312773577
2022-11-10,388295.70487815293
2022-11-11,391572.71560358454
2022-11-14,391543.5376690334
2022-11-15,392658.15939781605
2022-11-16,392225.8878010422
2022-11-17,389918.351421959
2022-11-18,389508.61899529403
2022-11-21,388116.17448464397
2022-11-22,390373.8631711027
2022-11-23,391121.89256284334
2022-11-25,391812.2156585459
2022-11-28,389746.7841474472
2022-11-29,389427.66136146814
2022-11-30,394992.04601854517
2022-12-01,399341.34275119664
2022-12-02,397641.5998731116
2022-12-05,393352.01280923444
2022-12-06,390291.3890977901
2022-12-07,390806.08606903173
2022-12-08,393231.12105379393
2022-12-09,393057.04084219126
2022-12-12,394344.3055145936
2022-12-13,398664.700793436
2022-12-14,398160.39931292034
2022-12-15,392663.95983359206
2022-12-16,392794.01623992616
2022-12-19,391148.6084528324
2022-12-20,393772.73574139253
2022-12-21,395515.8622269894
2022-12-22,391687.9043569523
2022-12-23,392487.93182123284
2022-12-27,391625.051336316
2022-12-28,390663.18196993717
2022-12-29,394201.715201138
2022-12-30,394196.7474509889
2023-01-03,398556.64062472945
2023-01-04,400774.74426232674
2023-01-05,397043.92613072693
2023-01-06,402367.6719964307
2023-01-09,406069.5744091142
2023-01-10,409057.6405213195
2023-01-11,412717.1593611768
2023-01-12,417333.8550622823
2023-01-13,420689.2737362989
2023-01-17,420508.8571134087
2023-01-18,420132.16372758854
2023-01-19,420471.35670332296
2023-01-20,427220.3099330741
2023-01-23,431269.191326456
2023-01-24,429541.2667494909
2023-01-25,427817.0280444373
2023-01-26,432328.10857927334
2023-01-27,435301.0741587285
2023-01-30,431955.9142949566
2023-01-31,434400.8333035445
2023-02-01,438602.92122591496
2023-02-02,457633.977996944
2023-02-03,447113.5323032343
2023-02-06,443946.0113746164
2023-02-07,449123.855705754
2023-02-08,441848.1985826073
2023-02-09,439028.2481865986
2023-02-10,435380.5868452759
2023-02-13,438189.51420542615
2023-02-14,439818.7463524471
2023-02-15,435873.90617920633
2023-02-16,431153.41111824877
2023-02-17,430286.25397344097
2023-02-21,426594.7863608401
2023-02-22,426295.5250301038
2023-02-23,427399.56781956315
2023-02-24,422983.3043350603
2023-02-27,423273.5651188138
2023-02-28,425579.9484035387
2023-03-01,426094.2127780637
2023-03-02,427180.1946898627
2023-03-03,433375.5674510484
2023-03-06,433837.91797547386
2023-03-07,431215.687153836
2023-03-08,432126.0989105951
2023-03-09,429385.2525975903
2023-03-10,428301.8740139579
2023-03-13,433308.49119400734
2023-03-14,440524.08737400925
2023-03-15,442935.2789700348
2023-03-16,450518.52733307047
2023-03-17,450275.5442281595
2023-03-20,451045.811639396
2023-03-21,455690.85315077566
2023-03-22,453235.7251487661
2023-03-23,458602.5029936632
2023-03-24,458883.5356658813
2023-03-27,452304.51082957396
2023-03-28,451777.02545782115
2023-03-29,456038.1833762154
2023-03-30,457333.2053656456
2023-03-31,461727.57942836406
2023-04-03,462144.3927268821
2023-04-04,464907.03501928854
2023-04-05,462764.48608237295
2023-04-06,464612.35058673925
2023-04-10,462749.71043342934
2023-04-11,461117.12769574526
2023-04-12,458967.3653527043
2023-04-13,467090.8178929992
2023-04-14,466363.3385826958
2023-04-17,463262.985464351
2023-04-18,462439.0431518314
2023-04-19,461475.22595201025
2023-04-20,463112.025655957
2023-04-21,460293.1213068966
2023-04-24,460113.05104056443
2023-04-25,455142.06872639386
2023-04-26,457796.58530937263
2023-04-27,470756.0675841399
2023-04-28,469333.7291751992
2023-05-01,468482.17460816936
2023-05-02,467414.81844503386
2023-05-03,467860.4457522066
2023-05-04,468995.95301958383
2023-05-05,467903.94249513303
2023-05-08,469482.74583060254
2023-05-09,471348.504375099
2023-05-10,475262.8869292576
2023-05-11,477054.7077005349
2023-05-12,476223.8124294743
2023-05-15,479084.2921895183
2023-05-16,480763.18590058107
2023-05-17,484084.74193405395
2023-05-18,487658.701497721
2023-05-19,486422.015804087
2023-05-22,487876.73213945446
2023-05-23,485502.4783258356
2023-05-24,486245.36107128835
2023-05-25,492183.0878801208
2023-05-26,499266.72206756624
2023-05-30,499417.98078972264
2023-05-31,498219.7882600464
2023-06-01,502936.2033301536
2023-06-02,503399.97448297444
2023-06-05,503434.35956753406
2023-06-06,505357.3977571742
2023-06-07,499231.91111473466
2023-06-08,500552.7738248854
2023-06-09,501499.6259222174
2023-06-12,507414.1188796555
2023-06-13,507600.9781499913
2023-06-14,508504.6101189754
2023-06-15,510994.38055634056
2023-06-16,509444.7016120598
2023-06-20,508298.0183671998
2023-06-21,504291.15783838416
2023-06-22,509423.5178718469
2023-06-23,509955.6718883311
2023-06-26,502527.47007616545
2023-06-27,506952.2323689917
2023-06-28,505858.1167005096
2023-06-29,502938.71337893605
2023-06-30,507081.0200819014
2023-07-03,509132.9491019435
2023-07-05,511297.69990921085
2023-07-06,506996.42340833455
2023-07-07,508246.55751878605
2023-07-10,506636.492598478
2023-07-11,510600.750108401
2023-07-12,518577.47265044495
2023-07-13,525245.4785793591
2023-07-14,523866.6521186948
2023-07-17,523158.07743918314
2023-07-18,523652.0175366036
2023-07-19,525310.016000264
2023-07-20,514466.848457683
2023-07-21,510893.7440934352
2023-07-24,510722.7741048732
2023-07-25,513152.2866761861
2023-07-26,517180.72420339566
2023-07-27,520109.8484168278
2023-07-28,529186.4276610622
2023-07-31,527921.4006717248
2023-08-01,525876.2115568031
2023-08-02,518514.3753853035
2023-08-03,517584.8091760018
2023-08-04,522697.4932549716
2023-08-07,526779.7188108758
2023-08-08,523073.4997205464
2023-08-09,518454.73809000384
2023-08-10,519310.62464354024
2023-08-11,516032.80820619717
2023-08-14,519139.9982672714
2023-08-15,515014.24085094035
2023-08-16,510971.2552682886
2023-08-17,507503.72743046266
2023-08-18,505015.2323255765
2023-08-21,508822.1957553331
2023-08-22,508237.2566947732
2023-08-23,515064.1828030236
2023-08-24,508929.229154274
2023-08-25,509461.1847519642
2023-08-28,511974.92316316674
2023-08-29,518404.4036484107
2023-08-30,519134.5803986302
2023-08-31,519901.951865517
2023-09-01,519579.4818356587
2023-09-05,520339.18554518884
2023-09-06,517036.86824775423
2023-09-07,516968.2284422825
2023-09-08,517804.500002829
2023-09-11,523244.6772559226
2023-09-12,519216.98371874617
2023-09-13,523357.91068825405
2023-09-14,525677.2925140472
2023-09-15,520196.35678207944
2023-09-18,520636.1643814464
2023-09-19,520670.92435553804
2023-09-20,516021.2850599177
2023-09-21,507643.5237536187
2023-09-22,509503.51920532057
2023-09-25,511665.54800708627
2023-09-26,505273.74559840676
2023-09-27,505130.1568654748
2023-09-28,507565.1552007968
2023-09-29,506335.8636362923
2023-10-02,509049.4977053857
2023-10-03,502298.2801980769
2023-10-04,506575.7839203863
2023-10-05,506011.58943453646
2023-10-06,512724.9525626034
2023-10-09,515746.989611405
2023-10-10,518913.63035933336
2023-10-11,524731.0757087758
2023-10-12,523513.2786427106
2023-10-13,519818.7605522051
2023-10-16,524986.6218307652
2023-10-17,526229.3692028857
2023-10-18,522682.3270266488
2023-10-19,523071.4893317105
2023-10-20,520692.0345538683
2023-10-23,522392.2594850922
2023-10-24,523588.802741908
2023-10-25,509303.4618552606
2023-10-26,502772.85333899094
2023-10-27,508928.449480825
2023-10-30,515201.63820873573
2023-10-31,514873.3914446046
2023-11-01,521277.3388180324
2023-11-02,523229.9696954424
2023-11-03,526825.3436436899
2023-11-06,528110.0072872827
2023-11-07,529140.2113721728
2023-11-08,529249.9615419566
2023-11-09,527780.324700001
2023-11-10,535004.6434009747
2023-11-13,533280.4331840129
2023-11-14,541567.0437614989
2023-11-15,538910.6919367327
2023-11-16,541541.3602245353
2023-11-17,542827.5242405384
2023-11-20,544724.6791466778
2023-11-21,544685.5321305731
2023-11-22,547673.3479838786
2023-11-24,545642.9430223075
2023-11-27,545398.7542220617
2023-11-28,548011.5456730964
2023-11-29,546415.4064280895
2023-11-30,542009.2919845945
2023-12-01,542742.5564178112
2023-12-04,538482.9017872508
2023-12-05,537822.9568124076
2023-12-06,536874.2602810069
2023-12-07,544817.9143375354
2023-12-08,545546.8156897486
2023-12-11,540679.5715659171
2023-12-12,543926.9836306623
2023-12-13,545156.2525933819
2023-12-14,548849.8244570447
2023-12-15,549511.7538218007
2023-12-18,555672.6208808346
2023-12-19,559419.3570386046
2023-12-20,556594.2276937688
2023-12-21,561654.6119228401
2023-12-22,562061.6935120855
2023-12-26,563316.1516395237
2023-12-27,565652.5762919056
2023-12-28,566394.3890181631
2023-12-29,563724.9780156625
2024-01-02,557608.0793230028
2024-01-03,553531.7562553497
2024-01-04,550067.248575144
2024-01-05,551934.2156379349
2024-01-08,554974.1227985122
2024-01-09,556914.3151663522
2024-01-10,557241.9470513591
2024-01-11,558202.8647401053
2024-01-12,559990.6659609244
2024-01-16,557776.5829365214
2024-01-17,555865.4551974367
2024-01-18,565528.8177041803
2024-01-19,570326.4437812369
2024-01-22,569516.1866731234
2024-01-23,572049.2634217985
2024-01-24,579869.892558792
2024-01-25,583142.801680229
2024-01-26,583657.6184277686
2024-01-29,586388.5923922587
2024-01-30,584767.4090930872
2024-01-31,578055.5516160761
2024-02-01,581273.7706842384
2024-02-02,586809.0488744341
2024-02-05,587946.1616120789
2024-02-06,589562.699744877
2024-02-07,595981.5723251463
2024-02-08,599711.4843322496
2024-02-09,604017.1170431813
2024-02-12,598995.9986636837
2024-02-13,591518.7654748642
2024-02-14,594436.3060236954
2024-02-15,594564.4069054959
2024-02-16,591719.8054262595
2024-02-20,591423.1405530726
2024-02-21,592295.4053691619
2024-02-22,600395.0747569121
2024-02-23,599601.917623181
2024-02-26,598705.9768898669
2024-02-27,597841.0130720194
2024-02-28,595694.4272292992
2024-02-29,600816.5740761571
2024-03-01,606923.981071004
2024-03-04,612080.5539504049
2024-03-05,609402.5868925417
2024-03-06,615729.8355664003
2024-03-07,626621.9510927951
2024-03-08,622262.8943723978
2024-03-11,616231.8875442263
2024-03-12,620952.5638909048
2024-03-13,620061.4438697665
2024-03-14,619535.9377800194
2024-03-15,614414.7269134034
2024-03-18,616910.4377814948
2024-03-19,616785.1190408395
2024-03-20,621060.4658111691
2024-03-21,624717.5952666001
2024-03-22,626135.2670809131
2024-03-25,626399.5279755256
2024-03-26,625031.3504683722
2024-03-27,625774.5919133379
2024-03-28,627150.5185610091
2024-04-01,634058.6701159889
2024-04-02,634916.2495822806
2024-04-03,639029.7594955666
2024-04-04,634083.0350563515
2024-04-05,640170.5695771518
2024-04-08,644026.9700354885
2024-04-09,649830.6001958353
2024-04-10,647170.7471592188
2024-04-11,652600.5844699757
2024-04-12,650435.1297327577
2024-04-15,641921.2136117327
2024-04-16,645201.5384885373
2024-04-17,640789.4634030549
2024-04-18,634471.4020757299
2024-04-19,626953.4098440926
2024-04-22,627362.0228375548
2024-04-23,632847.9270167439
2024-04-24,630488.5308676932
2024-04-25,630823.1145120256
2024-04-26,643851.4058902195
2024-04-29,640701.7939465672
2024-04-30,631449.61035229
2024-05-01,630165.2714262612
2024-05-02,634411.7292019477
2024-05-03,641080.5147186646
2024-05-06,644321.2215170921
2024-05-07,646046.37501389
2024-05-08,645806.8151106604
2024-05-09,647685.3443807863
2024-05-10,655087.9519029767
2024-05-13,650112.4565504882
2024-05-14,654583.6414044765
2024-05-15,659046.465435367
2024-05-16,657233.9961927994
2024-05-17,660574.732222044
2024-05-20,664157.0522082507
2024-05-21,663938.0687870334
2024-05-22,662930.3288107987
2024-05-23,658398.2940943828
2024-05-24,661027.1971397181
2024-05-28,665315.0835189202
2024-05-29,659050.8898877483
2024-05-30,656844.974236241
2024-05-31,654422.3507632078
2024-06-03,657176.1829592069
2024-06-04,654363.4005963837
2024-06-05,669730.7995642449
2024-06-06,673745.5090090688
2024-06-07,667955.106842367
2024-06-10,671957.3341473961
2024-06-11,671878.6005328218
2024-06-12,679612.0977790137
2024-06-13,675187.3360495043
2024-06-14,675238.8021526742
2024-06-17,679324.582919499
2024-06-18,680426.6398937732
2024-06-20,681178.1760072127
2024-06-21,680427.962224587
2024-06-24,672418.2103591383
2024-06-25,678688.2933693834
2024-06-26,678481.5886745631
2024-06-27,683286.5170172064
2024-06-28,681667.46127999
2024-07-01,683425.3628443547
2024-07-02,688603.3395004763
2024-07-03,695953.309785538
2024-07-05,701331.7541441785
2024-07-08,702000.6332602069
2024-07-09,698788.4189831128
2024-07-10,707855.8425677767
2024-07-11,699392.4430915092
2024-07-12,702170.1405023725
2024-07-15,700473.4170126935
2024-07-16,702140.5589077419
2024-07-17,683260.3669695535
2024-07-18,678806.9645006714
2024-07-19,668088.6594536379
2024-07-22,674256.1638197605
2024-07-23,676206.4474040793
2024-07-24,661707.299498381
2024-07-25,654049.0984061665
2024-07-26,659647.3430814762
2024-07-29,659072.947255396
2024-07-30,654949.1093834195
2024-07-31,672564.6775227239
2024-08-01,665117.1481715394
2024-08-02,648289.9848153923
2024-08-05,636463.8272501745
2024-08-06,642545.0307340862
2024-08-07,642745.1247773567
2024-08-08,654447.545023251
2024-08-09,657006.963146797
2024-08-12,658051.5665364452
2024-08-13,665687.8373493049
2024-08-14,662408.9061868347
2024-08-15,670795.3589429132
2024-08-16,674031.3131135571
2024-08-19,678378.6592264497
2024-08-20,679270.5864373585
2024-08-21,677673.1587798304
2024-08-22,668604.9111543278
2024-08-23,674626.3541517393
2024-08-26,671247.182846559
2024-08-27,670905.9030439418
2024-08-28,668176.6585998718
2024-08-29,669237.9600083214
2024-08-30,674571.199744502
2024-09-03,657906.776570009
2024-09-04,654693.8600863698
2024-09-05,658803.484349515
2024-09-06,646426.4744352837
2024-09-09,649717.7136661311
2024-09-10,651726.5686060968
2024-09-11,662855.6061308795
2024-09-12,669336.211958185
2024-09-13,674509.2263552856
2024-09-16,672004.5001487078
2024-09-17,671759.1437383117
2024-09-18,670017.4892554695
2024-09-19,680803.9201292684
2024-09-20,680763.561847315
2024-09-23,683943.1966728949
2024-09-24,689482.4247229288
2024-09-25,691249.5333785265
2024-09-26,696616.506728578
2024-09-27,690019.570364625
2024-09-30,684625.844458794
2024-10-01,685963.538984044
2024-10-02,687696.8978293817
2024-10-03,687661.2428397652
2024-10-04,691033.4127618261
2024-10-07,687215.7929238962
2024-10-08,689836.3837477257
2024-10-09,689685.0671108711
2024-10-10,690134.5010929467
2024-10-11,696356.9641288413
2024-10-14,700382.780976652
2024-10-15,686273.8292686299
2024-10-16,684521.2943394547
2024-10-17,696508.8443498982
2024-10-18,698148.3694318775
2024-10-21,700376.9509231815
2024-10-22,699675.844262004
2024-10-23,697242.841146949
2024-10-24,696045.7714179851
2024-10-25,700722.6034514471
2024-10-28,697317.5247124663
2024-10-29,703549.1343844909
2024-10-30,703090.3363899793
2024-10-31,692798.6532569036
2024-11-01,699511.1031809313
2024-11-04,696756.3720555492
2024-11-05,701106.834916319
2024-11-06,697438.3436162029
2024-11-07,708511.0204082939
2024-11-08,706195.7608348638
2024-11-11,697372.4254633427
2024-11-12,695796.1887837981
2024-11-13,693478.2782763003
2024-11-14,691199.7097868077
2024-11-15,682961.9476563518
2024-11-18,687993.3205902565
2024-11-19,692535.7630944735
2024-11-20,691431.759154876
2024-11-21,691079.251602675
2024-11-22,691282.1380733118
2024-11-25,687440.0644874604
2024-11-26,687695.405921695
2024-11-27,686901.4568364869
2024-11-29,691646.627448836
2024-12-02,700423.1714703735
2024-12-03,704287.1074318092
2024-12-04,709081.8379234811
2024-12-05,709948.223733706
2024-12-06,712077.6941027505
2024-12-09,712607.6491355817
2024-12-10,713527.0048237852
2024-12-11,723109.950284257
2024-12-12,718040.1332000829
2024-12-13,720322.845915342
2024-12-16,725779.3798815267
2024-12-17,723326.8345919074
2024-12-18,712422.4747284453
2024-12-19,708786.4007880626
2024-12-20,713601.7611455519
2024-12-23,721662.4402601563
2024-12-24,723088.296440477
2024-12-26,720056.0485846555
2024-12-27,716898.3977051829
2024-12-30,712820.0322862079
2024-12-31,709488.4254617495
2025-01-02,715654.2563553824
2025-01-03,718707.3638385792
2025-01-06,726393.1105464357
2025-01-07,724443.892944043
2025-01-08,723729.5389320602
2025-01-10,722129.2489728957
2025-01-13,718153.3831769056
2025-01-14,717784.2602908942
2025-01-15,723047.973116949
2025-01-16,724557.3600746067
2025-01-17,727527.9083651388
2025-01-21,728671.9638733019
2025-01-22,733708.1448660314
2025-01-23,730919.0090964651
2025-01-24,732286.4777990824
2025-01-27,722548.8444155325
2025-01-28,728594.454646677
2025-01-29,731501.7688847588
2025-01-30,733393.4592091253
2025-01-31,736402.7410240601
2025-02-03,732667.467852086
2025-02-04,737743.2631585251
2025-02-05,735524.4282935618
2025-02-06,733338.1353438783
2025-02-07,730048.2761213835
2025-02-10,735143.4836583122
2025-02-11,736398.7220434573
2025-02-12,736626.3284551286
2025-02-13,743295.4741761888
2025-02-14,741395.8057284061
2025-02-18,740837.0903263714
2025-02-19,743273.8683303971
2025-02-20,743123.3909630788
2025-02-21,739426.4208501888
2025-02-24,738770.0663235962
2025-02-25,735804.0608569164
2025-02-26,732261.1106468448
2025-02-27,721875.9339501885
2025-02-28,722084.1825086337
2025-03-03,721148.1682416975
2025-03-04,724954.4012314328
2025-03-05,731667.6212382282
2025-03-06,728787.0750182907
2025-03-07,732373.6868810082
2025-03-10,717116.0721361797
2025-03-11,715818.1914809532
2025-03-12,718341.745003755
2025-03-13,716902.4933385248
2025-03-14,723068.5207130709
2025-03-17,726032.3170302683
2025-03-18,725872.8108439159
2025-03-19,729132.6349351462
2025-03-20,729015.4747664216
2025-03-21,727662.5690512767
2025-03-24,730874.6625519082
2025-03-25,734535.6307017346
2025-03-26,727821.2663889531
2025-03-27,729529.5872215449
2025-03-28,722374.2398827142
2025-03-31,725530.7773625585
2025-04-01,729942.6247799805
2025-04-02,729192.6156310514
2025-04-03,714376.2222853807
2025-04-04,698870.9780501892
2025-04-07,694836.8588574133
2025-04-08,688821.8255903104
2025-04-09,722351.0332796456
2025-04-10,717733.3168689006
2025-04-11,731938.6887579234
2025-04-14,732200.633009648
2025-04-15,733016.9297044494
2025-04-16,730626.2852275763
2025-04-17,729106.7395213341
2025-04-21,723697.8277837565
2025-04-22,740222.7629929031
2025-04-23,732574.4545542384
2025-04-24,743350.6959043824
2025-04-25,742630.4181192856
2025-04-28,743622.7774521314
2025-04-29,744312.3136269136
2025-04-30,744369.9957347504
2025-05-01,743522.6236254944
2025-05-02,749191.7391250464
2025-05-05,746874.1608612239
2025-05-06,757081.2725486871
2025-05-07,754127.5316614184
2025-05-08,753983.216856129
2025-05-09,751393.0243745183
2025-05-12,756401.0147079614
2025-05-13,758243.194506733
2025-05-14,758546.0659542888
2025-05-15,756798.050956192
2025-05-16,756095.8819798745
2025-05-19,760299.7048427089
2025-05-20,761181.5952066574
2025-05-21,762475.6956992027
2025-05-22,762645.9461358029
2025-05-23,763083.9204578982
2025-05-27,766886.1312651308
2025-05-28,765478.417688044
2025-05-29,766397.5907580289
2025-05-30,763045.5045522918
2025-06-02,771195.3170323984
2025-06-03,767921.5118934541
2025-06-04,770638.9977865433
2025-06-05,772057.435450533
2025-06-06,773308.1434694433
2025-06-09,774150.2085385877
2025-06-10,778180.8699793093
2025-06-11,776141.0622729975
2025-06-12,781961.5505304539
2025-06-13,781093.4994465964
2025-06-16,781661.3557218559
2025-06-17,778048.7107247802
2025-06-18,778162.5899923781
2025-06-20,774085.598062948
2025-06-23,778615.286855075
2025-06-24,776714.0433261265
2025-06-25,780432.2091281493
2025-06-26,780539.8522390923
2025-06-27,778190.3140982995
2025-06-30,780683.2131977968
2025-07-01,784292.7221214692
2025-07-02,786430.6475251049
2025-07-03,787639.094990245
2025-07-07,783123.3478951075
2025-07-08,782934.3915629229
2025-07-09,784734.8647638115
2025-07-10,786406.6352592539
2025-07-11,790541.7697533844
2025-07-14,790754.6335180098
2025-07-15,792753.9443730352
2025-07-16,784650.6953521566
2025-07-17,784499.7614870837
2025-07-18,787052.2634530378
2025-07-21,790414.5794746473
2025-07-22,791112.7656352035
2025-07-23,792223.6345185847
2025-07-24,790696.2316690084
2025-07-25,788391.6458557042
2025-07-28,786905.274825549
2025-07-29,787244.2414136182
2025-07-30,786342.1311905902
2025-07-31,784460.7579779197
2025-08-01,783689.7233062753
2025-08-04,791943.8615508843
2025-08-05,788960.972493774
2025-08-06,791949.7921241458
2025-08-07,796663.6728162876
2025-08-08,803283.1236948689
2025-08-11,799423.680389394
2025-08-12,803390.4273283086
2025-08-13,805621.2384850695
2025-08-14,804477.0031269513
2025-08-15,802097.363708314
2025-08-18,801591.1563321284
2025-08-19,799290.762622547
2025-08-20,797861.4961390125
2025-08-21,795644.6058156556
2025-08-22,801105.2038380168
2025-08-25,801357.0287760608
2025-08-26,804687.3315119145
2025-08-27,807447.1104591141
2025-08-28,812021.3708371888
2025-08-29,811494.656196494
2025-09-02,813229.5420549281
2025-09-03,829683.5923937955
2025-09-04,832072.4546515449
2025-09-05,837688.5372025988
2025-09-08,842081.9908674163
2025-09-09,845506.6495880843
2025-09-10,842329.3829697254
2025-09-11,843287.1678661231
2025-09-12,848940.4615257261
2025-09-15,860855.7982588961
2025-09-16,864257.2877461948
2025-09-17,862277.5136941352
2025-09-18,865343.5339584899
2025-09-19,872286.6595317357
2025-09-22,881274.4736972287
2025-09-23,885373.2909853031
2025-09-24,879710.044814141
2025-09-25,877794.4542542711
2025-09-26,881823.7417246863
2025-09-29,886953.4604145761
2025-09-30,887690.2223417903
2025-10-01,896351.2750267324
2025-10-02,899751.2197470961
2025-10-03,901012.4436776531
2025-10-06,910858.7462280423
2025-10-07,906436.9704770902
2025-10-08,910104.2804862112
2025-10-09,904915.2714482939
2025-10-10,890312.0223489964
2025-10-13,909334.9495514161
2025-10-14,912111.018808471
2025-10-15,923782.3929277642
2025-10-16,928759.3308763587
2025-10-17,929223.1238144891
2025-10-20,940980.4881787077
2025-10-21,927116.2481277972
2025-10-22,917362.8720722649
2025-10-23,926790.310836425
2025-10-24,927351.2794016708
2025-10-27,926016.9768231175
2025-10-28,924645.6436096551
2025-10-29,934284.2294505297
2025-10-30,934169.899137562
2025-10-31,932147.3683894397
2025-11-03,934550.3172596872
2025-11-04,922259.2790681727
2025-11-05,926436.5733239835
2025-11-06,924771.9955857291
2025-11-07,921474.2419882215
2025-11-10,937805.3418676226
2025-11-11,941456.4476023789
2025-11-12,942263.4627452862
2025-11-13,940675.1273576311
2025-11-14,929471.5280686514
2025-11-17,932339.5671877386
2025-11-18,927131.8473778174
2025-11-19,938572.5168171717
2025-11-20,926339.4109859683
2025-11-21,927757.7437815368
2025-11-24,939565.9714364961
2025-11-25,947446.2607129326
2025-11-26,952743.9275680028
2025-11-28,960518.813616141
2025-12-01,965692.8886688076
2025-12-02,967726.0275820075
2025-12-03,969436.0089819139
2025-12-04,964246.8952616589
2025-12-05,967831.631117879
2025-12-08,963849.6189160908
2025-12-09,965049.2529728394
2025-12-10,965399.3998943524
2025-12-11,965908.5660185149
2025-12-12,969091.0139633929
2025-12-15,965077.8680088022
2025-12-16,964355.1167692047
2025-12-17,954977.2053059179
2025-12-18,960076.9213606882
2025-12-19,965029.551432461
2025-12-22,972038.346342848
2025-12-23,977288.3852832149
2025-12-24,978220.255901134
2025-12-26,978616.0596855552
2025-12-29,968890.4533577403
2025-12-30,972015.5044799278
2025-12-31,970455.2623199578
2026-01-02,977558.0864244013
2026-01-05,987332.9305564663
2026-01-06,992722.8999482213
2026-01-07,987996.2884350296
2026-01-08,987514.8633929421
2026-01-09,993772.1827808216
2026-01-12,999705.2748804325
2026-01-13,996051.9549314615
2026-01-14,987330.8438268335
2026-01-15,987913.2102988304
2026-01-16,987973.2858454309
2026-01-20,987084.1393250974
2026-01-21,994763.6036064894
2026-01-22,1000695.8233233981
2026-01-23,1015121.3099133421
2026-01-26,1030225.1480255052
2026-01-27,1034419.508276819
2026-01-28,1048998.587693446
2026-01-29,1056254.1457441857
2026-01-30,1023217.2516177536
2026-02-02,1007740.076586392
2026-02-03,1014872.715537851
2026-02-04,1016525.140173746
2026-02-05,998554.3574684521
2026-02-06,1001058.4278609429
2026-02-09,1010397.6212441315
2026-02-10,1007733.5372753247
2026-02-11,1008161.5365773877
2026-02-12,995587.2511409012
2026-02-13,988254.8427664894
2026-02-17,982326.357372354
2026-02-18,994810.0740297451
2026-02-19,993796.2651524849
2026-02-20,1002176.8205253091
2026-02-23,1004653.4907211345
2026-02-24,1004707.5366479311
2026-02-25,1015758.6477996691
