2026-10-04T09:35:57.9638469Z Current runner version: '2.337.0'
2026-10-04T09:35:57.9676531Z ##[group]Runner Image Provisioner
2026-10-04T09:35:57.9677956Z Hosted Compute Agent
2026-10-04T09:35:57.9679149Z Version: 20260901.588
2026-10-04T09:35:57.9680330Z Commit: f88ec8081b781fac6c440065ac7ff9e710ce3d0b
2026-10-04T09:35:57.9681845Z Build Date: 2026-09-01T19:56:44Z
2026-10-04T09:35:57.9683120Z Worker ID: {5eecd910-fa7d-45b1-8815-466cc21fd16c}
2026-10-04T09:35:57.9684760Z Azure Region: eastus
2026-10-04T09:35:57.9685917Z ##[endgroup]
2026-10-04T09:35:57.9688155Z ##[group]Operating System
2026-10-04T09:35:57.9689266Z Ubuntu
2026-10-04T09:35:57.9690376Z 24.04.5
2026-10-04T09:35:57.9691348Z LTS
2026-10-04T09:35:57.9692354Z ##[endgroup]
2026-10-04T09:35:57.9693772Z ##[group]Runner Image
2026-10-04T09:35:57.9694955Z Image: ubuntu-24.04
2026-10-04T09:35:57.9696110Z Version: 20260927.320.1
2026-10-04T09:35:57.9698376Z Included Software: https://github.com/actions/runner-images/blob/ubuntu24/20260927.320/images/ubuntu/Ubuntu2404-Readme.md
2026-10-04T09:35:57.9701393Z Image Release: https://github.com/actions/runner-images/releases/tag/ubuntu24%2F20260927.320
2026-10-04T09:35:57.9703195Z ##[endgroup]
2026-10-04T09:35:57.9705652Z ##[group]GITHUB_TOKEN Permissions
2026-10-04T09:35:57.9708609Z Contents: read
2026-10-04T09:35:57.9709791Z Metadata: read
2026-10-04T09:35:57.9710761Z ##[endgroup]
2026-10-04T09:35:57.9714046Z Secret source: Actions
2026-10-04T09:35:57.9715763Z Cache mode: write
2026-10-04T09:35:57.9717333Z Prepare workflow directory
2026-10-04T09:35:58.0191225Z Prepare all required actions
2026-10-04T09:35:58.0263786Z Getting action download info
2026-10-04T09:35:58.2588145Z Download action repository 'actions/checkout@v4' (SHA:11d5960a326750d5838078e36cf38b85af677262)
2026-10-04T09:35:58.3777712Z Download action repository 'actions/setup-python@v5' (SHA:a26af69be951a213d495a4c3e4e4022e16d87065)
2026-10-04T09:35:58.4938878Z Download action repository 'actions/upload-artifact@v4' (SHA:ea165f8d65b6e75b540449e92b4886f43607fa02)
2026-10-04T09:35:58.7877127Z Complete job name: test
2026-10-04T09:35:58.9024268Z ##[group]Run actions/checkout@v4
2026-10-04T09:35:58.9025339Z with:
2026-10-04T09:35:58.9025899Z   repository: Horororong/quant-marcap-runner
2026-10-04T09:35:58.9034816Z   token: ***
2026-10-04T09:35:58.9035379Z   ssh-strict: true
2026-10-04T09:35:58.9035888Z   ssh-user: git
2026-10-04T09:35:58.9036406Z   persist-credentials: true
2026-10-04T09:35:58.9037049Z   clean: true
2026-10-04T09:35:58.9037570Z   sparse-checkout-cone-mode: true
2026-10-04T09:35:58.9038232Z   fetch-depth: 1
2026-10-04T09:35:58.9038719Z   fetch-tags: false
2026-10-04T09:35:58.9039229Z   show-progress: true
2026-10-04T09:35:58.9039745Z   lfs: false
2026-10-04T09:35:58.9040215Z   submodules: false
2026-10-04T09:35:58.9040747Z   set-safe-directory: true
2026-10-04T09:35:58.9041372Z   allow-unsafe-pr-checkout: false
2026-10-04T09:35:58.9042308Z ##[endgroup]
2026-10-04T09:35:59.0211438Z Syncing repository: Horororong/quant-marcap-runner
2026-10-04T09:35:59.0214914Z ##[group]Getting Git version info
2026-10-04T09:35:59.0216967Z Working directory is '/home/runner/work/quant-marcap-runner/quant-marcap-runner'
2026-10-04T09:35:59.0219633Z [command]/usr/bin/git version
2026-10-04T09:35:59.0220684Z git version 2.55.0
2026-10-04T09:35:59.0224089Z ##[endgroup]
2026-10-04T09:35:59.0238870Z Temporarily overriding HOME='/home/runner/work/_temp/5f10add1-7752-42d1-bae1-e349ae0684f3' before making global git config changes
2026-10-04T09:35:59.0242877Z Adding repository directory to the temporary git global config as a safe directory
2026-10-04T09:35:59.0246649Z [command]/usr/bin/git config --global --add safe.directory /home/runner/work/quant-marcap-runner/quant-marcap-runner
2026-10-04T09:35:59.0335673Z Deleting the contents of '/home/runner/work/quant-marcap-runner/quant-marcap-runner'
2026-10-04T09:35:59.0340063Z ##[group]Initializing the repository
2026-10-04T09:35:59.0344943Z [command]/usr/bin/git init /home/runner/work/quant-marcap-runner/quant-marcap-runner
2026-10-04T09:35:59.0475253Z hint: Using 'master' as the name for the initial branch. This default branch name
2026-10-04T09:35:59.0505208Z hint: will change to "main" in Git 3.0. To configure the initial branch name
2026-10-04T09:35:59.0507972Z hint: to use in all of your new repositories, which will suppress this warning,
2026-10-04T09:35:59.0509476Z hint: call:
2026-10-04T09:35:59.0510359Z hint:
2026-10-04T09:35:59.0511546Z hint: 	git config --global init.defaultBranch <name>
2026-10-04T09:35:59.0512780Z hint:
2026-10-04T09:35:59.0514360Z hint: Names commonly chosen instead of 'master' are 'main', 'trunk' and
2026-10-04T09:35:59.0516268Z hint: 'development'. The just-created branch can be renamed via this command:
2026-10-04T09:35:59.0517694Z hint:
2026-10-04T09:35:59.0518683Z hint: 	git branch -m <name>
2026-10-04T09:35:59.0519631Z hint:
2026-10-04T09:35:59.0521056Z hint: Disable this message with "git config set advice.defaultBranchName false"
2026-10-04T09:35:59.0523325Z Initialized empty Git repository in /home/runner/work/quant-marcap-runner/quant-marcap-runner/.git/
2026-10-04T09:35:59.0527738Z [command]/usr/bin/git remote add origin https://github.com/Horororong/quant-marcap-runner
2026-10-04T09:35:59.0566126Z ##[endgroup]
2026-10-04T09:35:59.0567108Z ##[group]Disabling automatic garbage collection
2026-10-04T09:35:59.0569834Z [command]/usr/bin/git config --local gc.auto 0
2026-10-04T09:35:59.0604178Z ##[endgroup]
2026-10-04T09:35:59.0605099Z ##[group]Setting up auth
2026-10-04T09:35:59.0611788Z [command]/usr/bin/git config --local --name-only --get-regexp core\.sshCommand
2026-10-04T09:35:59.0645778Z [command]/usr/bin/git submodule foreach --recursive sh -c "git config --local --name-only --get-regexp 'core\.sshCommand' && git config --local --unset-all 'core.sshCommand' || :"
2026-10-04T09:35:59.1051453Z [command]/usr/bin/git config --local --name-only --get-regexp http\.https\:\/\/github\.com\/\.extraheader
2026-10-04T09:35:59.1092303Z [command]/usr/bin/git submodule foreach --recursive sh -c "git config --local --name-only --get-regexp 'http\.https\:\/\/github\.com\/\.extraheader' && git config --local --unset-all 'http.https://github.com/.extraheader' || :"
2026-10-04T09:35:59.1327595Z [command]/usr/bin/git config --local --name-only --get-regexp ^includeIf\.gitdir:
2026-10-04T09:35:59.1364615Z [command]/usr/bin/git submodule foreach --recursive git config --local --show-origin --name-only --get-regexp remote.origin.url
2026-10-04T09:35:59.1588354Z [command]/usr/bin/git config --local http.https://github.com/.extraheader AUTHORIZATION: basic ***
2026-10-04T09:35:59.1627930Z ##[endgroup]
2026-10-04T09:35:59.1629701Z ##[group]Fetching the repository
2026-10-04T09:35:59.1641600Z [command]/usr/bin/git -c protocol.version=2 fetch --no-tags --prune --no-recurse-submodules --depth=1 origin +c908a9e1923f20004df7ebf8c8dafcc89ed3fc35:refs/remotes/origin/audit/viewer-staging46-20261004
2026-10-04T09:36:59.4140789Z From https://github.com/Horororong/quant-marcap-runner
2026-10-04T09:36:59.4142427Z  * [new ref]         c908a9e1923f20004df7ebf8c8dafcc89ed3fc35 -> origin/audit/viewer-staging46-20261004
2026-10-04T09:36:59.4146234Z ##[endgroup]
2026-10-04T09:36:59.4147389Z ##[group]Determining the checkout info
2026-10-04T09:36:59.4148513Z ##[endgroup]
2026-10-04T09:36:59.4156696Z [command]/usr/bin/git sparse-checkout disable
2026-10-04T09:36:59.4234936Z [command]/usr/bin/git config --local --unset-all extensions.worktreeConfig
2026-10-04T09:36:59.4280860Z ##[group]Checking out the ref
2026-10-04T09:36:59.4287155Z [command]/usr/bin/git checkout --progress --force -B audit/viewer-staging46-20261004 refs/remotes/origin/audit/viewer-staging46-20261004
2026-10-04T09:37:00.4991047Z Updating files:  36% (391/1080)
2026-10-04T09:37:00.5453104Z Updating files:  37% (400/1080)
2026-10-04T09:37:00.6553058Z Updating files:  38% (411/1080)
2026-10-04T09:37:01.1690097Z Updating files:  39% (422/1080)
2026-10-04T09:37:01.4776935Z Updating files:  40% (432/1080)
2026-10-04T09:37:02.0728698Z Updating files:  40% (436/1080)
2026-10-04T09:37:02.4455260Z Updating files:  41% (443/1080)
2026-10-04T09:37:03.2405760Z Updating files:  41% (447/1080)
2026-10-04T09:37:03.3439754Z Updating files:  42% (454/1080)
2026-10-04T09:37:03.3793038Z Updating files:  43% (465/1080)
2026-10-04T09:37:03.3906882Z Updating files:  44% (476/1080)
2026-10-04T09:37:03.3914427Z Updating files:  45% (486/1080)
2026-10-04T09:37:03.3922980Z Updating files:  46% (497/1080)
2026-10-04T09:37:03.3939897Z Updating files:  47% (508/1080)
2026-10-04T09:37:03.3947156Z Updating files:  48% (519/1080)
2026-10-04T09:37:03.3959364Z Updating files:  49% (530/1080)
2026-10-04T09:37:03.3967627Z Updating files:  50% (540/1080)
2026-10-04T09:37:03.3999806Z Updating files:  51% (551/1080)
2026-10-04T09:37:03.4008815Z Updating files:  52% (562/1080)
2026-10-04T09:37:03.4016503Z Updating files:  53% (573/1080)
2026-10-04T09:37:03.4027468Z Updating files:  54% (584/1080)
2026-10-04T09:37:03.4037693Z Updating files:  55% (594/1080)
2026-10-04T09:37:03.4043812Z Updating files:  56% (605/1080)
2026-10-04T09:37:03.4053125Z Updating files:  57% (616/1080)
2026-10-04T09:37:03.4060046Z Updating files:  58% (627/1080)
2026-10-04T09:37:03.4067654Z Updating files:  59% (638/1080)
2026-10-04T09:37:03.4073932Z Updating files:  60% (648/1080)
2026-10-04T09:37:03.4099993Z Updating files:  61% (659/1080)
2026-10-04T09:37:03.4116921Z Updating files:  62% (670/1080)
2026-10-04T09:37:03.4128953Z Updating files:  63% (681/1080)
2026-10-04T09:37:03.4379958Z Updating files:  64% (692/1080)
2026-10-04T09:37:03.4614001Z Updating files:  65% (702/1080)
2026-10-04T09:37:03.4928209Z Updating files:  65% (709/1080)
2026-10-04T09:37:03.5002886Z Updating files:  66% (713/1080)
2026-10-04T09:37:03.5124110Z Updating files:  67% (724/1080)
2026-10-04T09:37:03.5130798Z Updating files:  68% (735/1080)
2026-10-04T09:37:03.5197312Z Updating files:  69% (746/1080)
2026-10-04T09:37:03.5212337Z Updating files:  70% (756/1080)
2026-10-04T09:37:03.5263830Z Updating files:  71% (767/1080)
2026-10-04T09:37:03.5300624Z Updating files:  72% (778/1080)
2026-10-04T09:37:03.5332633Z Updating files:  73% (789/1080)
2026-10-04T09:37:03.5341666Z Updating files:  74% (800/1080)
2026-10-04T09:37:03.5364467Z Updating files:  75% (810/1080)
2026-10-04T09:37:03.5409207Z Updating files:  76% (821/1080)
2026-10-04T09:37:03.5422209Z Updating files:  77% (832/1080)
2026-10-04T09:37:03.5453293Z Updating files:  78% (843/1080)
2026-10-04T09:37:03.5475841Z Updating files:  79% (854/1080)
2026-10-04T09:37:03.5557446Z Updating files:  80% (864/1080)
2026-10-04T09:37:03.6151768Z Updating files:  81% (875/1080)
2026-10-04T09:37:03.6175261Z Updating files:  82% (886/1080)
2026-10-04T09:37:03.6203015Z Updating files:  83% (897/1080)
2026-10-04T09:37:03.6236510Z Updating files:  84% (908/1080)
2026-10-04T09:37:03.6250620Z Updating files:  85% (918/1080)
2026-10-04T09:37:03.6261844Z Updating files:  86% (929/1080)
2026-10-04T09:37:03.6272001Z Updating files:  87% (940/1080)
2026-10-04T09:37:03.6283658Z Updating files:  88% (951/1080)
2026-10-04T09:37:03.6290752Z Updating files:  89% (962/1080)
2026-10-04T09:37:03.6298996Z Updating files:  90% (972/1080)
2026-10-04T09:37:03.6306912Z Updating files:  91% (983/1080)
2026-10-04T09:37:03.6327924Z Updating files:  92% (994/1080)
2026-10-04T09:37:03.6336797Z Updating files:  93% (1005/1080)
2026-10-04T09:37:03.6346477Z Updating files:  94% (1016/1080)
2026-10-04T09:37:03.6355505Z Updating files:  95% (1026/1080)
2026-10-04T09:37:03.6363544Z Updating files:  96% (1037/1080)
2026-10-04T09:37:03.6374261Z Updating files:  97% (1048/1080)
2026-10-04T09:37:03.6380461Z Updating files:  98% (1059/1080)
2026-10-04T09:37:03.6386742Z Updating files:  99% (1070/1080)
2026-10-04T09:37:03.6387356Z Updating files: 100% (1080/1080)
2026-10-04T09:37:03.6387786Z Updating files: 100% (1080/1080), done.
2026-10-04T09:37:03.6413158Z Switched to a new branch 'audit/viewer-staging46-20261004'
2026-10-04T09:37:03.6417039Z branch 'audit/viewer-staging46-20261004' set up to track 'origin/audit/viewer-staging46-20261004'.
2026-10-04T09:37:03.6564988Z ##[endgroup]
2026-10-04T09:37:03.6612506Z [command]/usr/bin/git log -1 --format=%H
2026-10-04T09:37:03.6648361Z c908a9e1923f20004df7ebf8c8dafcc89ed3fc35
2026-10-04T09:37:03.6910707Z ##[group]Run actions/setup-python@v5
2026-10-04T09:37:03.6911004Z with:
2026-10-04T09:37:03.6911207Z   python-version: 3.12
2026-10-04T09:37:03.6911444Z   check-latest: false
2026-10-04T09:37:03.6914351Z   token: ***
2026-10-04T09:37:03.6914573Z   update-environment: true
2026-10-04T09:37:03.6914816Z   allow-prereleases: false
2026-10-04T09:37:03.6915037Z   freethreaded: false
2026-10-04T09:37:03.6915243Z ##[endgroup]
2026-10-04T09:37:03.8203101Z ##[group]Installed versions
2026-10-04T09:37:03.8634497Z (node:2335) [DEP0040] DeprecationWarning: The `punycode` module is deprecated. Please use a userland alternative instead.
2026-10-04T09:37:03.8635747Z (Use `node --trace-deprecation ...` to show where the warning was created)
2026-10-04T09:37:03.8647788Z Successfully set up CPython (3.12.14)
2026-10-04T09:37:03.8655052Z ##[endgroup]
2026-10-04T09:37:03.8797564Z ##[group]Run python -m pip install --upgrade pip
2026-10-04T09:37:03.8798035Z [36;1mpython -m pip install --upgrade pip[0m
2026-10-04T09:37:03.8798581Z [36;1mpython -m pip install --require-hashes -r config/sandbox/requirements-cp312-linux-x86_64.lock[0m
2026-10-04T09:37:03.8799165Z [36;1mpython -m pip install requests beautifulsoup4 lxml pytest pyyaml[0m
2026-10-04T09:37:03.9179652Z shell: /usr/bin/bash -e {0}
2026-10-04T09:37:03.9179971Z env:
2026-10-04T09:37:03.9180291Z   pythonLocation: /opt/hostedtoolcache/Python/3.12.14/x64
2026-10-04T09:37:03.9180811Z   PKG_CONFIG_PATH: /opt/hostedtoolcache/Python/3.12.14/x64/lib/pkgconfig
2026-10-04T09:37:03.9181317Z   Python_ROOT_DIR: /opt/hostedtoolcache/Python/3.12.14/x64
2026-10-04T09:37:03.9181866Z   Python2_ROOT_DIR: /opt/hostedtoolcache/Python/3.12.14/x64
2026-10-04T09:37:03.9182351Z   Python3_ROOT_DIR: /opt/hostedtoolcache/Python/3.12.14/x64
2026-10-04T09:37:03.9182870Z   LD_LIBRARY_PATH: /opt/hostedtoolcache/Python/3.12.14/x64/lib
2026-10-04T09:37:03.9183253Z ##[endgroup]
2026-10-04T09:37:06.5569696Z Requirement already satisfied: pip in /opt/hostedtoolcache/Python/3.12.14/x64/lib/python3.12/site-packages (26.2.1)
2026-10-04T09:37:07.7034635Z Collecting attrs==26.1.0 (from -r config/sandbox/requirements-cp312-linux-x86_64.lock (line 2))
2026-10-04T09:37:07.7540920Z   Downloading attrs-26.1.0-py3-none-any.whl (67 kB)
2026-10-04T09:37:07.7903296Z Collecting exchange-calendars==4.13.2 (from -r config/sandbox/requirements-cp312-linux-x86_64.lock (line 3))
2026-10-04T09:37:07.7939574Z   Downloading exchange_calendars-4.13.2-py3-none-any.whl (213 kB)
2026-10-04T09:37:07.8159290Z Collecting jsonschema-specifications==2025.9.1 (from -r config/sandbox/requirements-cp312-linux-x86_64.lock (line 4))
2026-10-04T09:37:07.8193851Z   Downloading jsonschema_specifications-2025.9.1-py3-none-any.whl (18 kB)
2026-10-04T09:37:07.8394307Z Collecting jsonschema==4.26.0 (from -r config/sandbox/requirements-cp312-linux-x86_64.lock (line 5))
2026-10-04T09:37:07.8428134Z   Downloading jsonschema-4.26.0-py3-none-any.whl (90 kB)
2026-10-04T09:37:07.8551326Z Collecting korean-lunar-calendar==0.4.0 (from -r config/sandbox/requirements-cp312-linux-x86_64.lock (line 6))
2026-10-04T09:37:07.8583602Z   Downloading korean_lunar_calendar-0.4.0-py3-none-any.whl (11 kB)
2026-10-04T09:37:07.8899699Z Collecting narwhals==2.26.0 (from -r config/sandbox/requirements-cp312-linux-x86_64.lock (line 7))
2026-10-04T09:37:07.8935961Z   Downloading narwhals-2.26.0-py3-none-any.whl (474 kB)
2026-10-04T09:37:08.1027151Z Collecting numpy==2.4.6 (from -r config/sandbox/requirements-cp312-linux-x86_64.lock (line 8))
2026-10-04T09:37:08.1066785Z   Downloading numpy-2.4.6-cp312-cp312-manylinux_2_27_x86_64.manylinux_2_28_x86_64.whl (16.6 MB)
2026-10-04T09:37:08.2261141Z      ━━━━━━━━━━━━━━━━━━━━━━━━━━━━━━━━━━━━━━━━ 16.6/16.6 MB 142.4 MB/s  0:00:00
2026-10-04T09:37:08.2588133Z Collecting packaging==26.3 (from -r config/sandbox/requirements-cp312-linux-x86_64.lock (line 9))
2026-10-04T09:37:08.2620528Z   Downloading packaging-26.3-py3-none-any.whl (129 kB)
2026-10-04T09:37:08.3738561Z Collecting pandas==3.0.6 (from -r config/sandbox/requirements-cp312-linux-x86_64.lock (line 10))
2026-10-04T09:37:08.3778049Z   Downloading pandas-3.0.6-cp312-cp312-manylinux_2_24_x86_64.manylinux_2_28_x86_64.whl (10.8 MB)
2026-10-04T09:37:08.4158058Z      ━━━━━━━━━━━━━━━━━━━━━━━━━━━━━━━━━━━━━━━━ 10.8/10.8 MB 297.6 MB/s  0:00:00
2026-10-04T09:37:08.4667723Z Collecting pip==25.0.1 (from -r config/sandbox/requirements-cp312-linux-x86_64.lock (line 11))
2026-10-04T09:37:08.4702684Z   Downloading pip-25.0.1-py3-none-any.whl (1.8 MB)
2026-10-04T09:37:08.4798867Z      ━━━━━━━━━━━━━━━━━━━━━━━━━━━━━━━━━━━━━━━━ 1.8/1.8 MB 228.8 MB/s  0:00:00
2026-10-04T09:37:08.5106666Z Collecting plotly==7.1.0 (from -r config/sandbox/requirements-cp312-linux-x86_64.lock (line 12))
2026-10-04T09:37:08.5139538Z   Downloading plotly-7.1.0-py3-none-any.whl (9.7 MB)
2026-10-04T09:37:08.5759075Z      ━━━━━━━━━━━━━━━━━━━━━━━━━━━━━━━━━━━━━━━━ 9.7/9.7 MB 159.5 MB/s  0:00:00
2026-10-04T09:37:08.6706598Z Collecting pyarrow==25.0.1 (from -r config/sandbox/requirements-cp312-linux-x86_64.lock (line 13))
2026-10-04T09:37:08.6744220Z   Downloading pyarrow-25.0.1-cp312-cp312-manylinux_2_28_x86_64.whl (50.1 MB)
2026-10-04T09:37:09.2649352Z      ━━━━━━━━━━━━━━━━━━━━━━━━━━━━━━━━━━━━━━━━ 50.1/50.1 MB 84.8 MB/s  0:00:00
2026-10-04T09:37:09.3143842Z Collecting pyluach==2.3.0 (from -r config/sandbox/requirements-cp312-linux-x86_64.lock (line 14))
2026-10-04T09:37:09.3175463Z   Downloading pyluach-2.3.0-py3-none-any.whl (25 kB)
2026-10-04T09:37:09.3304839Z Collecting python-dateutil==2.9.0.post0 (from -r config/sandbox/requirements-cp312-linux-x86_64.lock (line 15))
2026-10-04T09:37:09.3340956Z   Downloading python_dateutil-2.9.0.post0-py2.py3-none-any.whl (229 kB)
2026-10-04T09:37:09.3545877Z Collecting referencing==0.37.0 (from -r config/sandbox/requirements-cp312-linux-x86_64.lock (line 16))
2026-10-04T09:37:09.3583219Z   Downloading referencing-0.37.0-py3-none-any.whl (26 kB)
2026-10-04T09:37:09.6246033Z Collecting rpds-py==2026.6.3 (from -r config/sandbox/requirements-cp312-linux-x86_64.lock (line 17))
2026-10-04T09:37:09.6286599Z   Downloading rpds_py-2026.6.3-cp312-cp312-manylinux_2_17_x86_64.manylinux2014_x86_64.whl (366 kB)
2026-10-04T09:37:09.6421754Z Collecting six==1.17.0 (from -r config/sandbox/requirements-cp312-linux-x86_64.lock (line 18))
2026-10-04T09:37:09.6455042Z   Downloading six-1.17.0-py2.py3-none-any.whl (11 kB)
2026-10-04T09:37:09.6561807Z Collecting toolz==1.1.0 (from -r config/sandbox/requirements-cp312-linux-x86_64.lock (line 19))
2026-10-04T09:37:09.6595477Z   Downloading toolz-1.1.0-py3-none-any.whl (58 kB)
2026-10-04T09:37:09.6749105Z Collecting typing-extensions==4.16.0 (from -r config/sandbox/requirements-cp312-linux-x86_64.lock (line 20))
2026-10-04T09:37:09.6782217Z   Downloading typing_extensions-4.16.0-py3-none-any.whl (45 kB)
2026-10-04T09:37:09.6914184Z Collecting tzdata==2026.4 (from -r config/sandbox/requirements-cp312-linux-x86_64.lock (line 21))
2026-10-04T09:37:09.6947572Z   Downloading tzdata-2026.4-py2.py3-none-any.whl (347 kB)
2026-10-04T09:37:09.7995651Z Installing collected packages: tzdata, typing-extensions, toolz, six, rpds-py, pyluach, pyarrow, pip, packaging, numpy, narwhals, korean-lunar-calendar, attrs, referencing, python-dateutil, plotly, pandas, jsonschema-specifications, jsonschema, exchange-calendars
2026-10-04T09:37:11.2530629Z   Attempting uninstall: pip
2026-10-04T09:37:11.2552193Z     Found existing installation: pip 26.2.1
2026-10-04T09:37:11.3220519Z     Uninstalling pip-26.2.1:
2026-10-04T09:37:11.3287798Z       Successfully uninstalled pip-26.2.1
2026-10-04T09:37:23.5322361Z 
2026-10-04T09:37:23.5346939Z Successfully installed attrs-26.1.0 exchange-calendars-4.13.2 jsonschema-4.26.0 jsonschema-specifications-2025.9.1 korean-lunar-calendar-0.4.0 narwhals-2.26.0 numpy-2.4.6 packaging-26.3 pandas-3.0.6 pip-25.0.1 plotly-7.1.0 pyarrow-25.0.1 pyluach-2.3.0 python-dateutil-2.9.0.post0 referencing-0.37.0 rpds-py-2026.6.3 six-1.17.0 toolz-1.1.0 typing-extensions-4.16.0 tzdata-2026.4
2026-10-04T09:37:24.5403388Z Collecting requests
2026-10-04T09:37:24.5689993Z   Downloading requests-2.34.2-py3-none-any.whl.metadata (4.8 kB)
2026-10-04T09:37:24.5864827Z Collecting beautifulsoup4
2026-10-04T09:37:24.5898427Z   Downloading beautifulsoup4-4.15.0-py3-none-any.whl.metadata (3.8 kB)
2026-10-04T09:37:24.8044220Z Collecting lxml
2026-10-04T09:37:24.8082451Z   Downloading lxml-6.1.3-cp312-cp312-manylinux_2_26_x86_64.manylinux_2_28_x86_64.whl.metadata (3.3 kB)
2026-10-04T09:37:24.8401447Z Collecting pytest
2026-10-04T09:37:24.8435818Z   Downloading pytest-9.1.1-py3-none-any.whl.metadata (7.6 kB)
2026-10-04T09:37:24.8738078Z Collecting pyyaml
2026-10-04T09:37:24.8771862Z   Downloading pyyaml-6.0.3-cp312-cp312-manylinux2014_x86_64.manylinux_2_17_x86_64.manylinux_2_28_x86_64.whl.metadata (2.4 kB)
2026-10-04T09:37:24.9830995Z Collecting charset_normalizer<4,>=2 (from requests)
2026-10-04T09:37:24.9867359Z   Downloading charset_normalizer-3.5.2-cp312-cp312-manylinux2014_x86_64.manylinux_2_17_x86_64.manylinux_2_28_x86_64.whl.metadata (46 kB)
2026-10-04T09:37:25.0070593Z Collecting idna<4,>=2.5 (from requests)
2026-10-04T09:37:25.0105481Z   Downloading idna-3.20-py3-none-any.whl.metadata (7.2 kB)
2026-10-04T09:37:25.0365317Z Collecting urllib3<3,>=1.26 (from requests)
2026-10-04T09:37:25.0399642Z   Downloading urllib3-2.8.0-py3-none-any.whl.metadata (7.4 kB)
2026-10-04T09:37:25.0602881Z Collecting certifi>=2023.5.7 (from requests)
2026-10-04T09:37:25.0636533Z   Downloading certifi-2026.7.22-py3-none-any.whl.metadata (2.5 kB)
2026-10-04T09:37:25.0818106Z Collecting soupsieve>=1.6.1 (from beautifulsoup4)
2026-10-04T09:37:25.0855772Z   Downloading soupsieve-2.10-py3-none-any.whl.metadata (4.4 kB)
2026-10-04T09:37:25.0890949Z Requirement already satisfied: typing-extensions>=4.0.0 in /opt/hostedtoolcache/Python/3.12.14/x64/lib/python3.12/site-packages (from beautifulsoup4) (4.16.0)
2026-10-04T09:37:25.0970499Z Collecting iniconfig>=1.0.1 (from pytest)
2026-10-04T09:37:25.1004377Z   Downloading iniconfig-2.3.0-py3-none-any.whl.metadata (2.5 kB)
2026-10-04T09:37:25.1039611Z Requirement already satisfied: packaging>=22 in /opt/hostedtoolcache/Python/3.12.14/x64/lib/python3.12/site-packages (from pytest) (26.3)
2026-10-04T09:37:25.1134116Z Collecting pluggy<2,>=1.5 (from pytest)
2026-10-04T09:37:25.1167523Z   Downloading pluggy-1.6.0-py3-none-any.whl.metadata (4.8 kB)
2026-10-04T09:37:25.1361306Z Collecting pygments>=2.7.2 (from pytest)
2026-10-04T09:37:25.1397258Z   Downloading pygments-2.21.0-py3-none-any.whl.metadata (2.5 kB)
2026-10-04T09:37:25.1524206Z Downloading requests-2.34.2-py3-none-any.whl (73 kB)
2026-10-04T09:37:25.1579751Z Downloading beautifulsoup4-4.15.0-py3-none-any.whl (109 kB)
2026-10-04T09:37:25.1644737Z Downloading lxml-6.1.3-cp312-cp312-manylinux_2_26_x86_64.manylinux_2_28_x86_64.whl (5.2 MB)
2026-10-04T09:37:25.1907625Z    ━━━━━━━━━━━━━━━━━━━━━━━━━━━━━━━━━━━━━━━━ 5.2/5.2 MB 227.7 MB/s eta 0:00:00
2026-10-04T09:37:25.1944045Z Downloading pytest-9.1.1-py3-none-any.whl (386 kB)
2026-10-04T09:37:25.2007485Z Downloading pyyaml-6.0.3-cp312-cp312-manylinux2014_x86_64.manylinux_2_17_x86_64.manylinux_2_28_x86_64.whl (807 kB)
2026-10-04T09:37:25.2065135Z    ━━━━━━━━━━━━━━━━━━━━━━━━━━━━━━━━━━━━━━━ 807.9/807.9 kB 169.7 MB/s eta 0:00:00
2026-10-04T09:37:25.2100833Z Downloading certifi-2026.7.22-py3-none-any.whl (136 kB)
2026-10-04T09:37:25.2157252Z Downloading charset_normalizer-3.5.2-cp312-cp312-manylinux2014_x86_64.manylinux_2_17_x86_64.manylinux_2_28_x86_64.whl (257 kB)
2026-10-04T09:37:25.2211718Z Downloading idna-3.20-py3-none-any.whl (69 kB)
2026-10-04T09:37:25.2265732Z Downloading iniconfig-2.3.0-py3-none-any.whl (7.5 kB)
2026-10-04T09:37:25.2312904Z Downloading pluggy-1.6.0-py3-none-any.whl (20 kB)
2026-10-04T09:37:25.2365465Z Downloading pygments-2.21.0-py3-none-any.whl (1.3 MB)
2026-10-04T09:37:25.2429043Z    ━━━━━━━━━━━━━━━━━━━━━━━━━━━━━━━━━━━━━━━━ 1.3/1.3 MB 245.4 MB/s eta 0:00:00
2026-10-04T09:37:25.2461833Z Downloading soupsieve-2.10-py3-none-any.whl (38 kB)
2026-10-04T09:37:25.2515579Z Downloading urllib3-2.8.0-py3-none-any.whl (135 kB)
2026-10-04T09:37:25.3462544Z Installing collected packages: urllib3, soupsieve, pyyaml, pygments, pluggy, lxml, iniconfig, idna, charset_normalizer, certifi, requests, pytest, beautifulsoup4
2026-10-04T09:37:26.8442562Z Successfully installed beautifulsoup4-4.15.0 certifi-2026.7.22 charset_normalizer-3.5.2 idna-3.20 iniconfig-2.3.0 lxml-6.1.3 pluggy-1.6.0 pygments-2.21.0 pytest-9.1.1 pyyaml-6.0.3 requests-2.34.2 soupsieve-2.10 urllib3-2.8.0
2026-10-04T09:37:26.8704470Z 
2026-10-04T09:37:26.8704974Z [notice] A new release of pip is available: 25.0.1 -> 26.2.1
2026-10-04T09:37:26.8705651Z [notice] To update, run: pip install --upgrade pip
2026-10-04T09:37:26.9361446Z ##[group]Run for test_file in tests/test_legacy_dart_parser.py tests/test_legacy_backfill_resume.py tests/test_legacy_backfill_automation.py tests/test_legacy_source_evidence.py; do
2026-10-04T09:37:26.9362715Z [36;1mfor test_file in tests/test_legacy_dart_parser.py tests/test_legacy_backfill_resume.py tests/test_legacy_backfill_automation.py tests/test_legacy_source_evidence.py; do[0m
2026-10-04T09:37:26.9363997Z [36;1m  timeout -k 5s 60s python -u -m pytest "$test_file" -vv -s -o faulthandler_timeout=15 || exit $?[0m
2026-10-04T09:37:26.9364449Z [36;1mdone[0m
2026-10-04T09:37:26.9364756Z [36;1mtimeout -k 5s 30s python -u scripts/test_legacy_viewer_sections.py[0m
2026-10-04T09:37:26.9365222Z [36;1mtimeout -k 5s 30s python -u scripts/test_legacy_viewer_source.py[0m
2026-10-04T09:37:26.9365886Z [36;1mtimeout -k 5s 30s python -u scripts/replay_legacy_viewer_sources.py --output-dir "$RUNNER_TEMP/legacy-viewer-source-replay"[0m
2026-10-04T09:37:26.9366794Z [36;1mtimeout -k 5s 60s python -u scripts/recheck_legacy_primary_audit.py --output-dir "$RUNNER_TEMP/legacy-primary-72-recheck"[0m
2026-10-04T09:37:26.9367457Z [36;1mtimeout -k 5s 30s python -u scripts/test_legacy_schedule_gate.py[0m
2026-10-04T09:37:26.9430575Z shell: /usr/bin/bash -e {0}
2026-10-04T09:37:26.9430833Z env:
2026-10-04T09:37:26.9431095Z   pythonLocation: /opt/hostedtoolcache/Python/3.12.14/x64
2026-10-04T09:37:26.9431524Z   PKG_CONFIG_PATH: /opt/hostedtoolcache/Python/3.12.14/x64/lib/pkgconfig
2026-10-04T09:37:26.9431956Z   Python_ROOT_DIR: /opt/hostedtoolcache/Python/3.12.14/x64
2026-10-04T09:37:26.9432326Z   Python2_ROOT_DIR: /opt/hostedtoolcache/Python/3.12.14/x64
2026-10-04T09:37:26.9432694Z   Python3_ROOT_DIR: /opt/hostedtoolcache/Python/3.12.14/x64
2026-10-04T09:37:26.9433067Z   LD_LIBRARY_PATH: /opt/hostedtoolcache/Python/3.12.14/x64/lib
2026-10-04T09:37:26.9433509Z ##[endgroup]
2026-10-04T09:37:27.3754833Z ============================= test session starts ==============================
2026-10-04T09:37:27.3758281Z platform linux -- Python 3.12.14, pytest-9.1.1, pluggy-1.6.0 -- /opt/hostedtoolcache/Python/3.12.14/x64/bin/python
2026-10-04T09:37:27.3759324Z cachedir: .pytest_cache
2026-10-04T09:37:27.3759882Z rootdir: /home/runner/work/quant-marcap-runner/quant-marcap-runner
2026-10-04T09:37:28.1498011Z collecting ... collected 19 items
2026-10-04T09:37:28.1502987Z 
2026-10-04T09:37:28.1513620Z tests/test_legacy_dart_parser.py::test_legacy_negative_symbols PASSED
2026-10-04T09:37:28.1537150Z tests/test_legacy_dart_parser.py::test_loss_label_normalizes_positive_magnitude PASSED
2026-10-04T09:37:28.1543485Z tests/test_legacy_dart_parser.py::test_parser_version_requires_reprocessing PASSED
2026-10-04T09:37:28.1551835Z tests/test_legacy_dart_parser.py::test_ambiguous_or_missing_numeric_cells_are_not_invented_amounts[751,637 22,35416,940] PASSED
2026-10-04T09:37:28.1559644Z tests/test_legacy_dart_parser.py::test_ambiguous_or_missing_numeric_cells_are_not_invented_amounts[670,000200,0001,500,000] PASSED
2026-10-04T09:37:28.1567224Z tests/test_legacy_dart_parser.py::test_ambiguous_or_missing_numeric_cells_are_not_invented_amounts[83 15,787 13,418 100] PASSED
2026-10-04T09:37:28.1575285Z tests/test_legacy_dart_parser.py::test_ambiguous_or_missing_numeric_cells_are_not_invented_amounts[12,34] PASSED
2026-10-04T09:37:28.1582571Z tests/test_legacy_dart_parser.py::test_ambiguous_or_missing_numeric_cells_are_not_invented_amounts[1.5%] PASSED
2026-10-04T09:37:28.1590084Z tests/test_legacy_dart_parser.py::test_ambiguous_or_missing_numeric_cells_are_not_invented_amounts[1 (\uc8fc2)] PASSED
2026-10-04T09:37:28.1597631Z tests/test_legacy_dart_parser.py::test_ambiguous_or_missing_numeric_cells_are_not_invented_amounts[-] PASSED
2026-10-04T09:37:28.1604996Z tests/test_legacy_dart_parser.py::test_ambiguous_or_missing_numeric_cells_are_not_invented_amounts[\u2014] PASSED
2026-10-04T09:37:28.1612228Z tests/test_legacy_dart_parser.py::test_ambiguous_or_missing_numeric_cells_are_not_invented_amounts[\u2013] PASSED
2026-10-04T09:37:28.1644895Z tests/test_legacy_dart_parser.py::test_real_source_combined_annual_summary_is_not_current_quarter_income PASSED
2026-10-04T09:37:28.1651359Z tests/test_legacy_dart_parser.py::test_explicit_valid_amounts_and_zero_remain_supported PASSED
2026-10-04T09:37:28.1669342Z tests/test_legacy_dart_parser.py::test_unknown_statement_and_partial_alias_do_not_become_financial_metrics PASSED
2026-10-04T09:37:28.1682457Z tests/test_legacy_dart_parser.py::test_nonfinite_scaled_value_cannot_be_usable_money PASSED
2026-10-04T09:37:28.1691048Z tests/test_legacy_dart_parser.py::test_parentheses_and_negative_sign_do_not_double_flip[(-1,170,019,230)--1170019230] PASSED
2026-10-04T09:37:28.1699508Z tests/test_legacy_dart_parser.py::test_parentheses_and_negative_sign_do_not_double_flip[(-482,479,885)--482479885] PASSED
2026-10-04T09:37:28.1714259Z tests/test_legacy_dart_parser.py::test_parentheses_and_negative_sign_do_not_double_flip[(\u25b362,175,514)--62175514] PASSED
2026-10-04T09:37:28.1715362Z 
2026-10-04T09:37:28.1715776Z ============================== 19 passed in 0.80s ==============================
2026-10-04T09:37:28.4327805Z ============================= test session starts ==============================
2026-10-04T09:37:28.4330658Z platform linux -- Python 3.12.14, pytest-9.1.1, pluggy-1.6.0 -- /opt/hostedtoolcache/Python/3.12.14/x64/bin/python
2026-10-04T09:37:28.4331542Z cachedir: .pytest_cache
2026-10-04T09:37:28.4332096Z rootdir: /home/runner/work/quant-marcap-runner/quant-marcap-runner
2026-10-04T09:37:28.9007483Z collecting ... collected 22 items
2026-10-04T09:37:28.9012394Z 
2026-10-04T09:37:28.9391116Z tests/test_legacy_backfill_resume.py::test_checkpoint_survives_interruption_and_resume_skips_durable_receipt legacy checkpoint: 1 receipts persisted
2026-10-04T09:37:28.9774456Z legacy checkpoint: 1 receipts persisted
2026-10-04T09:37:28.9892494Z legacy checkpoint: 2 receipts persisted
2026-10-04T09:37:29.0011236Z PASSED
2026-10-04T09:37:29.0089793Z tests/test_legacy_backfill_resume.py::test_data_publication_failure_never_marks_receipt_complete PASSED
2026-10-04T09:37:29.0220430Z tests/test_legacy_backfill_resume.py::test_state_cannot_skip_missing_or_mismatched_normalized_data[missing_file] PASSED
2026-10-04T09:37:29.0423891Z tests/test_legacy_backfill_resume.py::test_state_cannot_skip_missing_or_mismatched_normalized_data[wrong_hash] PASSED
2026-10-04T09:37:29.0619272Z tests/test_legacy_backfill_resume.py::test_state_cannot_skip_missing_or_mismatched_normalized_data[wrong_row_count] PASSED
2026-10-04T09:37:29.1068223Z tests/test_legacy_backfill_resume.py::test_parser_version_resume_keeps_old_observations_and_does_not_reparse_current legacy checkpoint: 1 receipts persisted
2026-10-04T09:37:29.1089099Z PASSED
2026-10-04T09:37:29.1098565Z tests/test_legacy_backfill_resume.py::test_rate_limit_stops_replenishment_and_flushes_completed_work PASSED
2026-10-04T09:37:29.1120255Z tests/test_legacy_backfill_resume.py::test_request_budget_counts_every_attempt_and_deferred_is_not_source_gap PASSED
2026-10-04T09:37:29.1130210Z tests/test_legacy_backfill_resume.py::test_deadline_and_signal_stop_have_no_new_requests_and_flush_work PASSED
2026-10-04T09:37:29.1257679Z tests/test_legacy_backfill_resume.py::test_error_retry_quarantine_does_not_starve_other_receipts legacy checkpoint: 1 receipts persisted
2026-10-04T09:37:29.1407447Z legacy checkpoint: 1 receipts persisted
2026-10-04T09:37:29.1556734Z legacy checkpoint: 1 receipts persisted
2026-10-04T09:37:29.2004254Z PASSED
2026-10-04T09:37:29.2187122Z tests/test_legacy_backfill_resume.py::test_retry_count_survives_state_migration_and_mixed_empty_attempts legacy checkpoint: 1 receipts persisted
2026-10-04T09:37:29.2345274Z legacy checkpoint: 1 receipts persisted
2026-10-04T09:37:29.2502392Z legacy checkpoint: 1 receipts persisted
2026-10-04T09:37:29.2609519Z PASSED
2026-10-04T09:37:29.2666569Z tests/test_legacy_backfill_resume.py::test_index_data_is_published_before_ok_state PASSED
2026-10-04T09:37:29.3471889Z tests/test_legacy_backfill_resume.py::test_collection_complete_requires_independent_audit_and_noop_preserves_bytes PASSED
2026-10-04T09:37:29.3478946Z tests/test_legacy_backfill_resume.py::test_error_diagnostics_never_persist_api_key PASSED
2026-10-04T09:37:29.3494407Z tests/test_legacy_backfill_resume.py::test_missing_key_does_not_overwrite_progress PASSED
2026-10-04T09:37:29.3562402Z tests/test_legacy_backfill_resume.py::test_index_rate_limit_blocks_following_document_requests PASSED
2026-10-04T09:37:29.3583462Z tests/test_legacy_backfill_resume.py::test_authentication_failure_stops_without_classifying_source_as_missing PASSED
2026-10-04T09:37:30.4067920Z tests/test_legacy_backfill_resume.py::test_real_saved_index_noop_preserves_mapped_queue_and_leading_zero_codes PASSED
2026-10-04T09:37:30.4258051Z tests/test_legacy_backfill_resume.py::test_append_preserves_all_old_numeric_tokens_and_missing_strings_verbatim PASSED
2026-10-04T09:37:30.4492671Z tests/test_legacy_backfill_resume.py::test_numeric_parser_change_preserves_transport_only_no_document_state legacy checkpoint: 1 receipts persisted
2026-10-04T09:37:30.4907998Z PASSED
2026-10-04T09:37:30.5030949Z tests/test_legacy_backfill_resume.py::test_source_adapter_change_invalidates_previous_no_document_result PASSED
2026-10-04T09:37:30.5323678Z tests/test_legacy_backfill_resume.py::test_initial_coverage_without_state_does_not_invent_completed_receipts PASSED
2026-10-04T09:37:30.5324626Z 
2026-10-04T09:37:30.5324965Z ============================== 22 passed in 2.10s ==============================
2026-10-04T09:37:30.7963953Z ============================= test session starts ==============================
2026-10-04T09:37:30.7966851Z platform linux -- Python 3.12.14, pytest-9.1.1, pluggy-1.6.0 -- /opt/hostedtoolcache/Python/3.12.14/x64/bin/python
2026-10-04T09:37:30.7967961Z cachedir: .pytest_cache
2026-10-04T09:37:30.7968638Z rootdir: /home/runner/work/quant-marcap-runner/quant-marcap-runner
2026-10-04T09:37:31.2754319Z collecting ... collected 8 items
2026-10-04T09:37:31.2759126Z 
2026-10-04T09:37:31.2826477Z tests/test_legacy_backfill_automation.py::test_daily_wrapper_uses_whole_index_and_generic_checkpoint PASSED
2026-10-04T09:37:31.2895950Z tests/test_legacy_backfill_automation.py::test_legacy_runs_first_and_rate_limit_blocks_modern_calls                      mode  modern_run_tasks  modern_skipped  legacy_rate_limited                   updated_at_utc
2026-10-04T09:37:31.2897659Z SUPER_VALUE_FAST_BACKFILL                 0            True                 True 2026-10-04T09:37:31.283362+00:00
2026-10-04T09:37:31.2915683Z PASSED
2026-10-04T09:37:31.2923245Z tests/test_legacy_backfill_automation.py::test_zero_legacy_limit_makes_no_api_or_index_calls PASSED
2026-10-04T09:37:31.3118181Z tests/test_legacy_backfill_automation.py::test_scheduled_and_manual_writers_share_lock_without_cancellation PASSED
2026-10-04T09:37:31.3190504Z tests/test_legacy_backfill_automation.py::test_extra_batches_gate_all_api_and_publish_steps_and_skip_modern PASSED
2026-10-04T09:37:31.3262613Z tests/test_legacy_backfill_automation.py::test_workflow_saves_checkpoint_after_failure_and_has_time_to_publish[backfill-super-value-fast.yml] PASSED
2026-10-04T09:37:31.3318177Z tests/test_legacy_backfill_automation.py::test_workflow_saves_checkpoint_after_failure_and_has_time_to_publish[backfill-dart-legacy-2000-2014.yml] PASSED
2026-10-04T09:37:31.3466316Z tests/test_legacy_backfill_automation.py::test_source_capture_reuses_existing_audit_workflow_without_new_schedule PASSED
2026-10-04T09:37:31.3467535Z 
2026-10-04T09:37:31.3468063Z ============================== 8 passed in 0.55s ===============================
2026-10-04T09:37:31.6148523Z ============================= test session starts ==============================
2026-10-04T09:37:31.6151336Z platform linux -- Python 3.12.14, pytest-9.1.1, pluggy-1.6.0 -- /opt/hostedtoolcache/Python/3.12.14/x64/bin/python
2026-10-04T09:37:31.6152432Z cachedir: .pytest_cache
2026-10-04T09:37:31.6153123Z rootdir: /home/runner/work/quant-marcap-runner/quant-marcap-runner
2026-10-04T09:37:32.0764386Z collecting ... collected 7 items
2026-10-04T09:37:32.0771132Z 
2026-10-04T09:37:32.1078002Z tests/test_legacy_source_evidence.py::test_literal_source_spans_preserve_native_tags_heading_unit_and_column_order PASSED
2026-10-04T09:37:32.1088513Z tests/test_legacy_source_evidence.py::test_excerpt_budget_marks_clipping_without_changing_source PASSED
2026-10-04T09:37:32.1096960Z tests/test_legacy_source_evidence.py::test_non_html_document_still_preserves_inspectable_literal_evidence PASSED
2026-10-04T09:37:32.1121856Z tests/test_legacy_source_evidence.py::test_probe_api_014_and_viewer_403_do_not_certify_source_absence PASSED
2026-10-04T09:37:32.1134122Z tests/test_legacy_source_evidence.py::test_rate_limit_stops_public_probe_too PASSED
2026-10-04T09:37:32.1311212Z tests/test_legacy_source_evidence.py::test_same_parser_reparse_success_cannot_certify_financial_correctness PASSED
2026-10-04T09:37:32.1346539Z tests/test_legacy_source_evidence.py::test_corrupt_normalized_data_is_an_explicit_audit_failure PASSED
2026-10-04T09:37:32.1347285Z 
2026-10-04T09:37:32.1347681Z ============================== 7 passed in 0.52s ===============================
2026-10-04T09:37:32.6368518Z test_body_limit_and_request_deadline_bound_reads (__main__.ViewerEvidenceTests.test_body_limit_and_request_deadline_bound_reads) ... ok
2026-10-04T09:37:32.6383846Z test_mismatched_receipt_url_and_duplicate_route_are_rejected (__main__.ViewerEvidenceTests.test_mismatched_receipt_url_and_duplicate_route_are_rejected) ... ok
2026-10-04T09:37:32.6398395Z test_publication_failure_cannot_leave_complete_report (__main__.ViewerEvidenceTests.test_publication_failure_cannot_leave_complete_report) ... ok
2026-10-04T09:37:32.6431341Z viewer section 20010103000052/3618: HTTP_RESPONSE_CAPTURED HTTP=200 audit=NOT_RUN
2026-10-04T09:37:32.6439453Z test_raw_bytes_precede_report_and_second_run_is_noop (__main__.ViewerEvidenceTests.test_raw_bytes_precede_report_and_second_run_is_noop) ... ok
2026-10-04T09:37:32.6447727Z test_real_artifact_supplies_twelve_routes_without_reinventing_offsets (__main__.ViewerEvidenceTests.test_real_artifact_supplies_twelve_routes_without_reinventing_offsets) ... ok
2026-10-04T09:37:32.6467060Z viewer section 20010103000052/3618: HTTP_RESPONSE_CAPTURED HTTP=403 audit=NOT_RUN
2026-10-04T09:37:32.6473051Z test_redirect_is_not_followed_and_http_error_is_source_evidence_only (__main__.ViewerEvidenceTests.test_redirect_is_not_followed_and_http_error_is_source_evidence_only) ... ok
2026-10-04T09:37:32.6491421Z viewer section 20010103000052/3618: HTTP_RESPONSE_CAPTURED HTTP=200 audit=NOT_RUN
2026-10-04T09:37:32.6497080Z viewer section 20010103000052/10627: DEFERRED HTTP=None audit=NOT_RUN
2026-10-04T09:37:32.6502600Z test_request_budget_never_submits_additional_calls (__main__.ViewerEvidenceTests.test_request_budget_never_submits_additional_calls) ... ok
2026-10-04T09:37:32.6515944Z viewer section 20010103000052/3618: TRANSPORT_ERROR HTTP=None audit=NOT_RUN
2026-10-04T09:37:32.6522108Z test_transport_failure_stops_and_is_not_automatically_retried (__main__.ViewerEvidenceTests.test_transport_failure_stops_and_is_not_automatically_retried) ... ok
2026-10-04T09:37:32.6523184Z 
2026-10-04T09:37:32.6523675Z ----------------------------------------------------------------------
2026-10-04T09:37:32.6524227Z Ran 8 tests in 0.017s
2026-10-04T09:37:32.6524438Z 
2026-10-04T09:37:32.6524551Z OK
2026-10-04T09:37:32.7437590Z test_ambiguous_parentheses_do_not_guess_sign (__main__.ViewerGuardTests.test_ambiguous_parentheses_do_not_guess_sign) ... ok
2026-10-04T09:37:32.7448727Z test_annual_flow_is_not_quarter_even_if_end_matches (__main__.ViewerGuardTests.test_annual_flow_is_not_quarter_even_if_end_matches) ... ok
2026-10-04T09:37:32.7460370Z test_br_empty_lines_are_preserved_without_concatenation (__main__.ViewerGuardTests.test_br_empty_lines_are_preserved_without_concatenation) ... ok
2026-10-04T09:37:32.7466061Z test_br_missing_line_is_not_shifted_or_padded (__main__.ViewerGuardTests.test_br_missing_line_is_not_shifted_or_padded) ... ok
2026-10-04T09:37:32.7478080Z test_colspan_group_requires_one_unambiguous_amount (__main__.ViewerGuardTests.test_colspan_group_requires_one_unambiguous_amount) ... ok
2026-10-04T09:37:32.7486980Z test_conflicting_units_and_future_table_unit_do_not_fill (__main__.ViewerGuardTests.test_conflicting_units_and_future_table_unit_do_not_fill) ... ok
2026-10-04T09:37:32.7491114Z test_contrary_statement_scope_cannot_inherit_ofs (__main__.ViewerGuardTests.test_contrary_statement_scope_cannot_inherit_ofs) ... ok
2026-10-04T09:37:32.7497149Z test_current_column_is_selected_after_previous_column (__main__.ViewerGuardTests.test_current_column_is_selected_after_previous_column) ... ok
2026-10-04T09:37:32.7509004Z test_current_term_or_date_mismatch_is_a_gap (__main__.ViewerGuardTests.test_current_term_or_date_mismatch_is_a_gap) ... ok
2026-10-04T09:37:32.7516054Z test_current_unit_date_are_not_inherited_by_following_table (__main__.ViewerGuardTests.test_current_unit_date_are_not_inherited_by_following_table) ... ok
2026-10-04T09:37:32.7543084Z test_daewoo_loss_note_group_requires_exact_one_current_token (__main__.ViewerGuardTests.test_daewoo_loss_note_group_requires_exact_one_current_token) ... ok
2026-10-04T09:37:32.7550377Z test_duplicate_current_alias_is_not_resolved_by_priority (__main__.ViewerGuardTests.test_duplicate_current_alias_is_not_resolved_by_priority) ... ok
2026-10-04T09:37:32.7559860Z test_explicit_per_share_tail_retains_prefix_empty_lines (__main__.ViewerGuardTests.test_explicit_per_share_tail_retains_prefix_empty_lines) ... ok
2026-10-04T09:37:32.7579683Z test_explicit_unit_multiplier (__main__.ViewerGuardTests.test_explicit_unit_multiplier) ... ok
2026-10-04T09:37:32.7585957Z test_explicit_zero_remains_a_source_observation (__main__.ViewerGuardTests.test_explicit_zero_remains_a_source_observation) ... ok
2026-10-04T09:37:32.7587365Z test_first_of_month_and_missing_scope_are_invalid_requests (__main__.ViewerGuardTests.test_first_of_month_and_missing_scope_are_invalid_requests) ... ok
2026-10-04T09:37:32.7596477Z test_generic_quarter_requires_source_date_range_proof (__main__.ViewerGuardTests.test_generic_quarter_requires_source_date_range_proof) ... ok
2026-10-04T09:37:32.7612181Z test_missing_blank_or_unsupported_unit_is_a_gap (__main__.ViewerGuardTests.test_missing_blank_or_unsupported_unit_is_a_gap) ... ok
2026-10-04T09:37:32.7637558Z test_missing_current_cell_never_falls_back_to_previous_value (__main__.ViewerGuardTests.test_missing_current_cell_never_falls_back_to_previous_value) ... ok
2026-10-04T09:37:32.7665615Z test_multiple_numeric_tokens_are_rejected (__main__.ViewerGuardTests.test_multiple_numeric_tokens_are_rejected) ... ok
2026-10-04T09:37:32.7821967Z test_native_archives_and_viewer_bodies_recover_exact_14_primary_sources (__main__.ViewerGuardTests.test_native_archives_and_viewer_bodies_recover_exact_14_primary_sources) ... ok
2026-10-04T09:37:32.7859085Z test_nested_tables_and_budget_overflow_are_gaps (__main__.ViewerGuardTests.test_nested_tables_and_budget_overflow_are_gaps) ... ok
2026-10-04T09:37:32.7861086Z test_non_200_or_unknown_encoding_is_a_gap (__main__.ViewerGuardTests.test_non_200_or_unknown_encoding_is_a_gap) ... ok
2026-10-04T09:37:32.7862838Z test_non_dart_or_mismatched_receipt_is_rejected (__main__.ViewerGuardTests.test_non_dart_or_mismatched_receipt_is_rejected) ... ok
2026-10-04T09:37:32.7869464Z test_note_column_cannot_be_a_numeric_amount (__main__.ViewerGuardTests.test_note_column_cannot_be_a_numeric_amount) ... ok
2026-10-04T09:37:32.7875416Z test_per_share_alignment_is_not_a_balance_sheet_rule (__main__.ViewerGuardTests.test_per_share_alignment_is_not_a_balance_sheet_rule) ... ok
2026-10-04T09:37:32.7881742Z test_per_share_boundary_must_follow_net_income (__main__.ViewerGuardTests.test_per_share_boundary_must_follow_net_income) ... ok
2026-10-04T09:37:32.7892014Z test_per_share_notes_do_not_bypass_period_scope_or_unit_guard (__main__.ViewerGuardTests.test_per_share_notes_do_not_bypass_period_scope_or_unit_guard) ... ok
2026-10-04T09:37:32.7898987Z test_per_share_tail_also_rejects_shifted_prior_column (__main__.ViewerGuardTests.test_per_share_tail_also_rejects_shifted_prior_column) ... ok
2026-10-04T09:37:32.7910674Z test_per_share_tail_amount_column_notes_are_not_financial_amounts (__main__.ViewerGuardTests.test_per_share_tail_amount_column_notes_are_not_financial_amounts) ... ok
2026-10-04T09:37:32.7929863Z test_per_share_tail_cannot_supply_missing_current_profit (__main__.ViewerGuardTests.test_per_share_tail_cannot_supply_missing_current_profit) ... ok
2026-10-04T09:37:32.7941618Z test_per_share_tail_does_not_repair_an_interior_missing_br (__main__.ViewerGuardTests.test_per_share_tail_does_not_repair_an_interior_missing_br) ... ok
2026-10-04T09:37:32.7948118Z test_per_share_tail_does_not_shift_amount_on_blank_account_line (__main__.ViewerGuardTests.test_per_share_tail_does_not_shift_amount_on_blank_account_line) ... ok
2026-10-04T09:37:32.7966912Z test_per_share_tail_rejects_unknown_or_additional_account_text (__main__.ViewerGuardTests.test_per_share_tail_rejects_unknown_or_additional_account_text) ... ok
2026-10-04T09:37:33.3295737Z test_primary_all_49_cells_and_12_bodies (__main__.ViewerGuardTests.test_primary_all_49_cells_and_12_bodies) ... ok
2026-10-04T09:37:33.3301898Z test_primary_body_sha_detects_corruption (__main__.ViewerGuardTests.test_primary_body_sha_detects_corruption) ... ok
2026-10-04T09:37:33.8618811Z test_primary_cfs_prior_annual_is_not_current_ofs (__main__.ViewerGuardTests.test_primary_cfs_prior_annual_is_not_current_ofs) ... ok
2026-10-04T09:37:34.3967644Z test_primary_five_previously_withheld_values_and_original_indices (__main__.ViewerGuardTests.test_primary_five_previously_withheld_values_and_original_indices) ... ok
2026-10-04T09:37:34.3976730Z test_primary_native_sha_chain_matches_preexisting_probe (__main__.ViewerGuardTests.test_primary_native_sha_chain_matches_preexisting_probe) ... ok
2026-10-04T09:37:34.9367050Z test_primary_previous_annual_ocf_never_becomes_current_quarter (__main__.ViewerGuardTests.test_primary_previous_annual_ocf_never_becomes_current_quarter) ... ok
2026-10-04T09:37:35.4731225Z test_primary_unknown_vitz_unit_cannot_inherit_later_cf_unit (__main__.ViewerGuardTests.test_primary_unknown_vitz_unit_cannot_inherit_later_cf_unit) ... ok
2026-10-04T09:37:35.4742353Z test_ragged_rows_without_explicit_per_share_tail_still_fail (__main__.ViewerGuardTests.test_ragged_rows_without_explicit_per_share_tail_still_fail) ... ok
2026-10-04T09:37:35.4748525Z test_replay_preserves_existing_outputs (__main__.ViewerGuardTests.test_replay_preserves_existing_outputs) ... ok
2026-10-04T09:37:35.4750303Z test_scope_requires_matching_route_and_body_heading (__main__.ViewerGuardTests.test_scope_requires_matching_route_and_body_heading) ... ok
2026-10-04T09:37:35.4759512Z test_source_negative_prefix_triangles_and_loss_labels (__main__.ViewerGuardTests.test_source_negative_prefix_triangles_and_loss_labels) ... ok
2026-10-04T09:37:35.4765370Z test_unknown_statement_is_not_inferred_from_account (__main__.ViewerGuardTests.test_unknown_statement_is_not_inferred_from_account) ... ok
2026-10-04T09:37:35.4782167Z test_viewer_loss_alias_is_exact_and_does_not_change_native (__main__.ViewerGuardTests.test_viewer_loss_alias_is_exact_and_does_not_change_native) ... ok
2026-10-04T09:37:35.4792607Z test_wrapped_explicit_per_share_notes_are_supported (__main__.ViewerGuardTests.test_wrapped_explicit_per_share_notes_are_supported) ... ok
2026-10-04T09:37:35.4793701Z 
2026-10-04T09:37:35.4794385Z ----------------------------------------------------------------------
2026-10-04T09:37:35.4794947Z Ran 48 tests in 2.736s
2026-10-04T09:37:35.4795157Z 
2026-10-04T09:37:35.4795278Z OK
2026-10-04T09:37:36.0831021Z {"adapter_version": "dart-viewer-period-scope-unit-column-v2", "primary_bodies": 12, "receipts": 6, "independent_golden_items": 49, "results": {"MATCH": 22, "WITHHELD_PRIOR_PERIOD": 22, "WITHHELD_UNKNOWN_UNIT": 5}, "staging_rows": 78, "independently_matched_staging_rows": 22, "unreviewed_staging_rows": 56, "production_rows_written": 0, "checkpoint_rows_changed": 0, "verified_pit_items": 0, "collection_complete": false, "financial_quality_complete": false, "strategy_validation_complete": false, "source_verification": "archived primary body SHA, original cell spans, independent manual golden values", "manifest_sha256": "b5de27af7fe694630edd77542dad20a2268fe9f741cde1dc85276718124ac47a", "golden_sha256": "046bc73f2ff21233e2cff9dba2ac20b2bc9cd38e0c553c6f53a0600d825fd373"}
2026-10-04T09:37:38.1593117Z {"samples": 72, "companies": 8, "receipts": 8, "source_period_end_years": ["1999", "2000"], "scope_counts": {"OFS": 46, "CFS": 26}, "results": {"stored_missing": 49, "period_mismatch": 18, "amount_mismatch": 3, "semantic_mismatch": 2}, "numeric_equal": 19, "numeric_unequal": 3, "stored_present": 23, "stored_missing": 49, "unit_unverified": 5, "correction_chain_verified": 0, "verified_pit_items": 0, "expected_sha256": "e95e0c4199905d7d59a27ed9a12b72ec4b698961f33a1c29c495819a49992240", "source_verification": "full archived primary body SHA and original literal cell offsets", "interpretation": "failure-oriented sample; not full-data certification; preserved v4 observations are not current provider inputs"}
2026-10-04T09:37:38.2149555Z test_kst_expiry_skips_even_without_status (__main__.ScheduleGateTests.test_kst_expiry_skips_even_without_status) ... ok
2026-10-04T09:37:38.2156327Z test_last_second_of_october_allows_pending_batch (__main__.ScheduleGateTests.test_last_second_of_october_allows_pending_batch) ... ok
2026-10-04T09:37:38.2176315Z test_missing_or_corrupt_status_fails_before_collection (__main__.ScheduleGateTests.test_missing_or_corrupt_status_fails_before_collection) ... ok
2026-10-04T09:37:38.2180032Z test_queue_completion_skips_extra_batch (__main__.ScheduleGateTests.test_queue_completion_skips_extra_batch) ... ok
2026-10-04T09:37:38.2182848Z test_regular_daily_push_and_manual_do_not_depend_on_coverage (__main__.ScheduleGateTests.test_regular_daily_push_and_manual_do_not_depend_on_coverage) ... ok
2026-10-04T09:37:38.2185623Z test_unknown_schedule_and_naive_time_fail_closed (__main__.ScheduleGateTests.test_unknown_schedule_and_naive_time_fail_closed) ... ok
2026-10-04T09:37:38.2186526Z 
2026-10-04T09:37:38.2186705Z ----------------------------------------------------------------------
2026-10-04T09:37:38.2187071Z Ran 6 tests in 0.004s
2026-10-04T09:37:38.2187217Z 
2026-10-04T09:37:38.2187306Z OK
2026-10-04T09:37:38.2334770Z ##[group]Run actions/upload-artifact@v4
2026-10-04T09:37:38.2335090Z with:
2026-10-04T09:37:38.2335316Z   name: legacy-viewer-source-replay
2026-10-04T09:37:38.2335855Z   path: /home/runner/work/_temp/legacy-viewer-source-replay
/home/runner/work/_temp/legacy-primary-72-recheck

2026-10-04T09:37:38.2336388Z   if-no-files-found: error
2026-10-04T09:37:38.2336634Z   retention-days: 90
2026-10-04T09:37:38.2336857Z   compression-level: 6
2026-10-04T09:37:38.2337082Z   overwrite: false
2026-10-04T09:37:38.2337301Z   include-hidden-files: false
2026-10-04T09:37:38.2337536Z env:
2026-10-04T09:37:38.2337792Z   pythonLocation: /opt/hostedtoolcache/Python/3.12.14/x64
2026-10-04T09:37:38.2338230Z   PKG_CONFIG_PATH: /opt/hostedtoolcache/Python/3.12.14/x64/lib/pkgconfig
2026-10-04T09:37:38.2338654Z   Python_ROOT_DIR: /opt/hostedtoolcache/Python/3.12.14/x64
2026-10-04T09:37:38.2339036Z   Python2_ROOT_DIR: /opt/hostedtoolcache/Python/3.12.14/x64
2026-10-04T09:37:38.2339443Z   Python3_ROOT_DIR: /opt/hostedtoolcache/Python/3.12.14/x64
2026-10-04T09:37:38.2339827Z   LD_LIBRARY_PATH: /opt/hostedtoolcache/Python/3.12.14/x64/lib
2026-10-04T09:37:38.2340349Z ##[endgroup]
2026-10-04T09:37:38.3976888Z (node:2528) [DEP0040] DeprecationWarning: The `punycode` module is deprecated. Please use a userland alternative instead.
2026-10-04T09:37:38.3978050Z (Use `node --trace-deprecation ...` to show where the warning was created)
2026-10-04T09:37:38.4065418Z Multiple search paths detected. Calculating the least common ancestor of all paths
2026-10-04T09:37:38.4068353Z The least common ancestor is /home/runner/work/_temp. This will be the root directory of the artifact
2026-10-04T09:37:38.4069499Z With the provided path, there will be 8 files uploaded
2026-10-04T09:37:38.4076379Z Artifact name is valid!
2026-10-04T09:37:38.4076859Z Root directory input is valid!
2026-10-04T09:37:38.6278325Z Beginning upload of artifact content to blob storage
2026-10-04T09:37:38.6626095Z (node:2528) [DEP0169] DeprecationWarning: `url.parse()` behavior is not standardized and prone to errors that have security implications. Use the WHATWG URL API instead. CVEs are not issued for `url.parse()` vulnerabilities.
2026-10-04T09:37:38.7132986Z Uploaded bytes 28311
2026-10-04T09:37:38.7298139Z Finished uploading artifact content to blob storage!
2026-10-04T09:37:38.7299200Z SHA256 digest of uploaded artifact zip is 6371207ad9f01257cfc33d374e502aef3ca97c32ed6f9f36750d6da8d1f3d71d
2026-10-04T09:37:38.7301292Z Finalizing artifact upload
2026-10-04T09:37:38.9273359Z Artifact legacy-viewer-source-replay.zip successfully finalized. Artifact ID 11299607288
2026-10-04T09:37:38.9274437Z Artifact legacy-viewer-source-replay has been successfully uploaded! Final size is 28311 bytes. Artifact ID is 11299607288
2026-10-04T09:37:38.9281028Z Artifact download URL: https://github.com/Horororong/quant-marcap-runner/actions/runs/37192667867/artifacts/11299607288
2026-10-04T09:37:38.9413359Z ##[group]Run python -m py_compile scripts/strategy_dsl_run.py scripts/test_strategy_dsl_run.py scripts/test_dsl_run_e2e.py scripts/test_strategy_dsl_validation.py scripts/corporate_action_preflight.py scripts/test_corporate_action_preflight.py scripts/cash_share_exchange.py scripts/test_cash_share_exchange.py scripts/execution_contract.py scripts/export_strategy_dsl_contract.py scripts/strategy_dsl_aliases.py scripts/strategy_dsl_preflight.py scripts/krx_technical_factor_adapter.py scripts/factor_registry.py scripts/corporate_action_registry.py scripts/strategy_dsl.py scripts/strategy_dsl_runner.py scripts/dart_value_factor_adapter.py scripts/test_factor_registry.py scripts/test_strategy_dsl_aliases.py scripts/test_strategy_dsl_preflight.py scripts/test_strategy_dsl_benchmark.py scripts/test_krx_technical_factor_adapter.py scripts/test_krx_volatility_factor_adapter.py scripts/test_corporate_action_execution.py scripts/test_strategy_dsl.py scripts/test_dart_dsl_super_value.py scripts/test_dsl_execution_e2e.py scripts/strategy_dsl_deciles.py scripts/test_strategy_dsl_deciles.py scripts/test_dsl_deciles_e2e.py scripts/krx_history_audit.py scripts/test_krx_history_audit.py scripts/test_held_return_guard.py scripts/corporate_action_reconciliation.py scripts/test_corporate_action_reconciliation.py scripts/quant_backtest_template_CURRENT.py scripts/quant_backtest_template_PROJECT_v2-16_CURRENT.py scripts/quant_backtest_postprocess.py scripts/test_canonical_performance.py scripts/test_verified_autumn_splits.py scripts/krx_market_normalization.py scripts/repair_krx_market_segments.py scripts/update_krx_equities_daily.py scripts/test_krx_market_normalization.py
2026-10-04T09:37:38.9425559Z [36;1mpython -m py_compile scripts/strategy_dsl_run.py scripts/test_strategy_dsl_run.py scripts/test_dsl_run_e2e.py scripts/test_strategy_dsl_validation.py scripts/corporate_action_preflight.py scripts/test_corporate_action_preflight.py scripts/cash_share_exchange.py scripts/test_cash_share_exchange.py scripts/execution_contract.py scripts/export_strategy_dsl_contract.py scripts/strategy_dsl_aliases.py scripts/strategy_dsl_preflight.py scripts/krx_technical_factor_adapter.py scripts/factor_registry.py scripts/corporate_action_registry.py scripts/strategy_dsl.py scripts/strategy_dsl_runner.py scripts/dart_value_factor_adapter.py scripts/test_factor_registry.py scripts/test_strategy_dsl_aliases.py scripts/test_strategy_dsl_preflight.py scripts/test_strategy_dsl_benchmark.py scripts/test_krx_technical_factor_adapter.py scripts/test_krx_volatility_factor_adapter.py scripts/test_corporate_action_execution.py scripts/test_strategy_dsl.py scripts/test_dart_dsl_super_value.py scripts/test_dsl_execution_e2e.py scripts/strategy_dsl_deciles.py scripts/test_strategy_dsl_deciles.py scripts/test_dsl_deciles_e2e.py scripts/krx_history_audit.py scripts/test_krx_history_audit.py scripts/test_held_return_guard.py scripts/corporate_action_reconciliation.py scripts/test_corporate_action_reconciliation.py scripts/quant_backtest_template_CURRENT.py scripts/quant_backtest_template_PROJECT_v2-16_CURRENT.py scripts/quant_backtest_postprocess.py scripts/test_canonical_performance.py scripts/test_verified_autumn_splits.py scripts/krx_market_normalization.py scripts/repair_krx_market_segments.py scripts/update_krx_equities_daily.py scripts/test_krx_market_normalization.py[0m
2026-10-04T09:37:38.9493787Z shell: /usr/bin/bash -e {0}
2026-10-04T09:37:38.9494050Z env:
2026-10-04T09:37:38.9494319Z   pythonLocation: /opt/hostedtoolcache/Python/3.12.14/x64
2026-10-04T09:37:38.9494760Z   PKG_CONFIG_PATH: /opt/hostedtoolcache/Python/3.12.14/x64/lib/pkgconfig
2026-10-04T09:37:38.9495200Z   Python_ROOT_DIR: /opt/hostedtoolcache/Python/3.12.14/x64
2026-10-04T09:37:38.9495576Z   Python2_ROOT_DIR: /opt/hostedtoolcache/Python/3.12.14/x64
2026-10-04T09:37:38.9495956Z   Python3_ROOT_DIR: /opt/hostedtoolcache/Python/3.12.14/x64
2026-10-04T09:37:38.9496336Z   LD_LIBRARY_PATH: /opt/hostedtoolcache/Python/3.12.14/x64/lib
2026-10-04T09:37:38.9496668Z ##[endgroup]
2026-10-04T09:37:39.1321907Z ##[group]Run python scripts/test_sandbox_kit.py
2026-10-04T09:37:39.1322419Z [36;1mpython scripts/test_sandbox_kit.py[0m
2026-10-04T09:37:39.1383707Z shell: /usr/bin/bash -e {0}
2026-10-04T09:37:39.1398152Z env:
2026-10-04T09:37:39.1398632Z   pythonLocation: /opt/hostedtoolcache/Python/3.12.14/x64
2026-10-04T09:37:39.1399338Z   PKG_CONFIG_PATH: /opt/hostedtoolcache/Python/3.12.14/x64/lib/pkgconfig
2026-10-04T09:37:39.1399972Z   Python_ROOT_DIR: /opt/hostedtoolcache/Python/3.12.14/x64
2026-10-04T09:37:39.1400657Z   Python2_ROOT_DIR: /opt/hostedtoolcache/Python/3.12.14/x64
2026-10-04T09:37:39.1401304Z   Python3_ROOT_DIR: /opt/hostedtoolcache/Python/3.12.14/x64
2026-10-04T09:37:39.1401983Z   LD_LIBRARY_PATH: /opt/hostedtoolcache/Python/3.12.14/x64/lib
2026-10-04T09:37:39.1402524Z ##[endgroup]
2026-10-04T09:37:40.8521293Z ..............
2026-10-04T09:37:40.8521816Z ----------------------------------------------------------------------
2026-10-04T09:37:40.8522377Z Ran 14 tests in 1.577s
2026-10-04T09:37:40.8522573Z 
2026-10-04T09:37:40.8522677Z OK
2026-10-04T09:37:40.9152075Z ##[group]Run python scripts/export_strategy_dsl_contract.py --check
2026-10-04T09:37:40.9152640Z [36;1mpython scripts/export_strategy_dsl_contract.py --check[0m
2026-10-04T09:37:40.9215772Z shell: /usr/bin/bash -e {0}
2026-10-04T09:37:40.9216039Z env:
2026-10-04T09:37:40.9216315Z   pythonLocation: /opt/hostedtoolcache/Python/3.12.14/x64
2026-10-04T09:37:40.9216772Z   PKG_CONFIG_PATH: /opt/hostedtoolcache/Python/3.12.14/x64/lib/pkgconfig
2026-10-04T09:37:40.9217207Z   Python_ROOT_DIR: /opt/hostedtoolcache/Python/3.12.14/x64
2026-10-04T09:37:40.9217586Z   Python2_ROOT_DIR: /opt/hostedtoolcache/Python/3.12.14/x64
2026-10-04T09:37:40.9217972Z   Python3_ROOT_DIR: /opt/hostedtoolcache/Python/3.12.14/x64
2026-10-04T09:37:40.9218372Z   LD_LIBRARY_PATH: /opt/hostedtoolcache/Python/3.12.14/x64/lib
2026-10-04T09:37:40.9218692Z ##[endgroup]
2026-10-04T09:37:41.3584127Z STRATEGY DSL MACHINE CONTRACT: PASS
2026-10-04T09:37:41.4100088Z ##[group]Run python -m py_compile update_dart_financials.py scripts/test_dart_recent_storage.py
2026-10-04T09:37:41.4101344Z [36;1mpython -m py_compile update_dart_financials.py scripts/test_dart_recent_storage.py[0m
2026-10-04T09:37:41.4102505Z [36;1mpython scripts/test_dart_recent_storage.py[0m
2026-10-04T09:37:41.4176210Z shell: /usr/bin/bash -e {0}
2026-10-04T09:37:41.4176471Z env:
2026-10-04T09:37:41.4176754Z   pythonLocation: /opt/hostedtoolcache/Python/3.12.14/x64
2026-10-04T09:37:41.4177207Z   PKG_CONFIG_PATH: /opt/hostedtoolcache/Python/3.12.14/x64/lib/pkgconfig
2026-10-04T09:37:41.4177640Z   Python_ROOT_DIR: /opt/hostedtoolcache/Python/3.12.14/x64
2026-10-04T09:37:41.4178015Z   Python2_ROOT_DIR: /opt/hostedtoolcache/Python/3.12.14/x64
2026-10-04T09:37:41.4178401Z   Python3_ROOT_DIR: /opt/hostedtoolcache/Python/3.12.14/x64
2026-10-04T09:37:41.4178784Z   LD_LIBRARY_PATH: /opt/hostedtoolcache/Python/3.12.14/x64/lib
2026-10-04T09:37:41.4179108Z ##[endgroup]
2026-10-04T09:37:41.9242214Z test_atomic_failure_and_corruption (__main__.StorageTests.test_atomic_failure_and_corruption) ... ok
2026-10-04T09:37:41.9254488Z test_cycles_cover_every_company_and_stop_filename_drift (__main__.StorageTests.test_cycles_cover_every_company_and_stop_filename_drift) ... ok
2026-10-04T09:37:41.9325750Z test_deterministic_gzip_and_exact_values (__main__.StorageTests.test_deterministic_gzip_and_exact_values) ... ok
2026-10-04T09:37:41.9385350Z test_duplicates_are_preserved (__main__.StorageTests.test_duplicates_are_preserved) ... ok
2026-10-04T09:37:41.9467322Z DART batch start=0 size=1 workers=6
2026-10-04T09:37:41.9476844Z DART progress 1/1
2026-10-04T09:37:41.9560391Z {"status": "OK", "checked_at_utc": "2026-10-01T00:00:00+00:00", "changed_paths": ["/tmp/tmp5cthcv1d/data/financials/corp_master.csv", "/tmp/tmp5cthcv1d/data/financials/recent_batches/dart_recent_00000_00000.csv.gz", "/tmp/tmp5cthcv1d/data/financials/dart_errors_00000_00000.csv", "/tmp/tmp5cthcv1d/data/status/dart_rotation_state.csv", "/tmp/tmp5cthcv1d/data/status/dart_status.csv"]}
2026-10-04T09:37:41.9779020Z DART batch start=0 size=1 workers=6
2026-10-04T09:37:41.9786935Z DART progress 1/1
2026-10-04T09:37:41.9852184Z {"status": "OK", "checked_at_utc": "2026-10-02T00:00:00+00:00", "changed_paths": []}
2026-10-04T09:37:41.9967172Z DART batch start=0 size=1 workers=6
2026-10-04T09:37:41.9984618Z DART progress 1/1
2026-10-04T09:37:42.0047329Z {"status": "OK", "checked_at_utc": "2026-10-02T00:00:00+00:00", "changed_paths": ["/tmp/tmp5cthcv1d/data/financials/recent_batches/dart_recent_00000_00000.csv.gz"]}
2026-10-04T09:37:42.0135882Z test_main_rerun_no_git_commit_but_fresh_artifact (__main__.StorageTests.test_main_rerun_no_git_commit_but_fresh_artifact) ... ok
2026-10-04T09:37:42.0164896Z {"status": "SKIPPED", "checked_at_utc": "2026-10-04T09:37:42.014533+00:00", "changed_paths": ["/tmp/tmpqymkf78o/status/dart_status.csv"]}
2026-10-04T09:37:42.0178784Z {"status": "SKIPPED", "checked_at_utc": "2026-10-04T09:37:42.016320+00:00", "changed_paths": []}
2026-10-04T09:37:42.0188407Z test_missing_key_repeated_run (__main__.StorageTests.test_missing_key_repeated_run) ... ok
2026-10-04T09:37:42.0282759Z test_preserve_equivalent_legacy_bytes (__main__.StorageTests.test_preserve_equivalent_legacy_bytes) ... ok
2026-10-04T09:38:09.4748053Z test_real_dart_output_determinism_and_legacy_no_rewrite (__main__.StorageTests.test_real_dart_output_determinism_and_legacy_no_rewrite) ... ok
2026-10-04T09:38:09.4805447Z test_timestamp_only_is_ignored_but_rotation_and_errors_are_not (__main__.StorageTests.test_timestamp_only_is_ignored_but_rotation_and_errors_are_not) ... ok
2026-10-04T09:38:09.4806267Z 
2026-10-04T09:38:09.4806555Z ----------------------------------------------------------------------
2026-10-04T09:38:09.4807114Z Ran 9 tests in 27.571s
2026-10-04T09:38:09.4807319Z 
2026-10-04T09:38:09.4807443Z OK
2026-10-04T09:38:09.4808734Z REAL DART: dart_recent_00000_00299.csv.gz, 269,283 rows; identical bytes, exact CSV values, source preserved
2026-10-04T09:38:09.5415809Z ##[group]Run python -m py_compile scripts/git_storage_snapshot.py scripts/test_git_storage_snapshot.py
2026-10-04T09:38:09.5417104Z [36;1mpython -m py_compile scripts/git_storage_snapshot.py scripts/test_git_storage_snapshot.py[0m
2026-10-04T09:38:09.5418345Z [36;1mpython scripts/test_git_storage_snapshot.py[0m
2026-10-04T09:38:09.5498797Z shell: /usr/bin/bash -e {0}
2026-10-04T09:38:09.5499063Z env:
2026-10-04T09:38:09.5499349Z   pythonLocation: /opt/hostedtoolcache/Python/3.12.14/x64
2026-10-04T09:38:09.5499817Z   PKG_CONFIG_PATH: /opt/hostedtoolcache/Python/3.12.14/x64/lib/pkgconfig
2026-10-04T09:38:09.5500257Z   Python_ROOT_DIR: /opt/hostedtoolcache/Python/3.12.14/x64
2026-10-04T09:38:09.5500636Z   Python2_ROOT_DIR: /opt/hostedtoolcache/Python/3.12.14/x64
2026-10-04T09:38:09.5501032Z   Python3_ROOT_DIR: /opt/hostedtoolcache/Python/3.12.14/x64
2026-10-04T09:38:09.5501417Z   LD_LIBRARY_PATH: /opt/hostedtoolcache/Python/3.12.14/x64/lib
2026-10-04T09:38:09.5501784Z ##[endgroup]
2026-10-04T09:38:09.6845299Z test_other_branch_does_not_inflate_main_history (__main__.MeasurementTests.test_other_branch_does_not_inflate_main_history) ... ok
2026-10-04T09:38:09.7241183Z test_reject_backwards_observation (__main__.MeasurementTests.test_reject_backwards_observation) ... ok
2026-10-04T09:38:09.7696214Z test_reject_shallow_history_and_foreign_baseline (__main__.MeasurementTests.test_reject_shallow_history_and_foreign_baseline) ... Switched to a new branch 'foreign'
2026-10-04T09:38:09.7941907Z ok
2026-10-04T09:38:09.8627677Z test_reuse_vs_changed_blob_and_no_mutation (__main__.MeasurementTests.test_reuse_vs_changed_blob_and_no_mutation) ... ok
2026-10-04T09:38:09.8628410Z 
2026-10-04T09:38:09.8628586Z ----------------------------------------------------------------------
2026-10-04T09:38:09.8628953Z Ran 4 tests in 0.218s
2026-10-04T09:38:09.8629108Z 
2026-10-04T09:38:09.8629192Z OK
2026-10-04T09:38:09.8754485Z ##[group]Run python scripts/test_strategy_dsl_validation.py
2026-10-04T09:38:09.8754963Z [36;1mpython scripts/test_strategy_dsl_validation.py[0m
2026-10-04T09:38:09.8817401Z shell: /usr/bin/bash -e {0}
2026-10-04T09:38:09.8817659Z env:
2026-10-04T09:38:09.8817928Z   pythonLocation: /opt/hostedtoolcache/Python/3.12.14/x64
2026-10-04T09:38:09.8818398Z   PKG_CONFIG_PATH: /opt/hostedtoolcache/Python/3.12.14/x64/lib/pkgconfig
2026-10-04T09:38:09.8818827Z   Python_ROOT_DIR: /opt/hostedtoolcache/Python/3.12.14/x64
2026-10-04T09:38:09.8819214Z   Python2_ROOT_DIR: /opt/hostedtoolcache/Python/3.12.14/x64
2026-10-04T09:38:09.8819596Z   Python3_ROOT_DIR: /opt/hostedtoolcache/Python/3.12.14/x64
2026-10-04T09:38:09.8819981Z   LD_LIBRARY_PATH: /opt/hostedtoolcache/Python/3.12.14/x64/lib
2026-10-04T09:38:09.8820304Z ##[endgroup]
2026-10-04T09:38:13.5481873Z STRATEGY DSL INPUT CONTRACT: PASS (271 invalid cases; 8 unchanged fingerprints; CLI/data guards)
2026-10-04T09:38:13.6073782Z ##[group]Run python scripts/test_strategy_dsl_run.py
2026-10-04T09:38:13.6074287Z [36;1mpython scripts/test_strategy_dsl_run.py[0m
2026-10-04T09:38:13.6137421Z shell: /usr/bin/bash -e {0}
2026-10-04T09:38:13.6137685Z env:
2026-10-04T09:38:13.6137961Z   pythonLocation: /opt/hostedtoolcache/Python/3.12.14/x64
2026-10-04T09:38:13.6138418Z   PKG_CONFIG_PATH: /opt/hostedtoolcache/Python/3.12.14/x64/lib/pkgconfig
2026-10-04T09:38:13.6138883Z   Python_ROOT_DIR: /opt/hostedtoolcache/Python/3.12.14/x64
2026-10-04T09:38:13.6139275Z   Python2_ROOT_DIR: /opt/hostedtoolcache/Python/3.12.14/x64
2026-10-04T09:38:13.6139655Z   Python3_ROOT_DIR: /opt/hostedtoolcache/Python/3.12.14/x64
2026-10-04T09:38:13.6140039Z   LD_LIBRARY_PATH: /opt/hostedtoolcache/Python/3.12.14/x64/lib
2026-10-04T09:38:13.6140363Z ##[endgroup]
2026-10-04T09:38:34.1767371Z CHECKED DSL RUN LIFECYCLE: PASS (gaps, readiness, frozen input, distinct runs, atomic outputs, failures/interruption, actual CURRENT report)
2026-10-04T09:38:34.2514316Z ##[group]Run python scripts/test_canonical_performance.py
2026-10-04T09:38:34.2514799Z [36;1mpython scripts/test_canonical_performance.py[0m
2026-10-04T09:38:34.2576292Z shell: /usr/bin/bash -e {0}
2026-10-04T09:38:34.2576545Z env:
2026-10-04T09:38:34.2576819Z   pythonLocation: /opt/hostedtoolcache/Python/3.12.14/x64
2026-10-04T09:38:34.2577264Z   PKG_CONFIG_PATH: /opt/hostedtoolcache/Python/3.12.14/x64/lib/pkgconfig
2026-10-04T09:38:34.2577881Z   Python_ROOT_DIR: /opt/hostedtoolcache/Python/3.12.14/x64
2026-10-04T09:38:34.2578271Z   Python2_ROOT_DIR: /opt/hostedtoolcache/Python/3.12.14/x64
2026-10-04T09:38:34.2578669Z   Python3_ROOT_DIR: /opt/hostedtoolcache/Python/3.12.14/x64
2026-10-04T09:38:34.2579066Z   LD_LIBRARY_PATH: /opt/hostedtoolcache/Python/3.12.14/x64/lib
2026-10-04T09:38:34.2579392Z ##[endgroup]
2026-10-04T09:39:21.3324633Z CANONICAL PERFORMANCE: PASS (synthetic formulas/report; no investment claims)
2026-10-04T09:39:21.3990563Z ##[group]Run timeout -k 5s 90s python -u scripts/test_requested_period_report.py
2026-10-04T09:39:21.3991165Z [36;1mtimeout -k 5s 90s python -u scripts/test_requested_period_report.py[0m
2026-10-04T09:39:21.4054121Z shell: /usr/bin/bash -e {0}
2026-10-04T09:39:21.4054385Z env:
2026-10-04T09:39:21.4054667Z   pythonLocation: /opt/hostedtoolcache/Python/3.12.14/x64
2026-10-04T09:39:21.4055124Z   PKG_CONFIG_PATH: /opt/hostedtoolcache/Python/3.12.14/x64/lib/pkgconfig
2026-10-04T09:39:21.4055576Z   Python_ROOT_DIR: /opt/hostedtoolcache/Python/3.12.14/x64
2026-10-04T09:39:21.4055964Z   Python2_ROOT_DIR: /opt/hostedtoolcache/Python/3.12.14/x64
2026-10-04T09:39:21.4056344Z   Python3_ROOT_DIR: /opt/hostedtoolcache/Python/3.12.14/x64
2026-10-04T09:39:21.4056738Z   LD_LIBRARY_PATH: /opt/hostedtoolcache/Python/3.12.14/x64/lib
2026-10-04T09:39:21.4057064Z ##[endgroup]
2026-10-04T09:39:33.6075482Z test_checked_lifecycle_and_missing_period_diagnosis (__main__.RequestedReportTests.test_checked_lifecycle_and_missing_period_diagnosis) ... ok
2026-10-04T09:39:33.6279636Z test_fail_closed_dates_and_samples (__main__.RequestedReportTests.test_fail_closed_dates_and_samples) ... ok
2026-10-04T09:39:47.1082559Z test_independent_period_baseline_and_metrics (__main__.RequestedReportTests.test_independent_period_baseline_and_metrics) ... ok
2026-10-04T09:39:48.2601957Z test_manifest_and_offline_html (__main__.RequestedReportTests.test_manifest_and_offline_html) ... ok
2026-10-04T09:39:49.4321502Z test_short_samples_zero_denominators_and_negative_log_ticks (__main__.RequestedReportTests.test_short_samples_zero_denominators_and_negative_log_ticks) ... ok
2026-10-04T09:39:49.4322539Z 
2026-10-04T09:39:49.4322751Z ----------------------------------------------------------------------
2026-10-04T09:39:49.4323218Z Ran 5 tests in 27.567s
2026-10-04T09:39:49.4323626Z 
2026-10-04T09:39:49.4323737Z OK
2026-10-04T09:39:49.5040222Z ##[group]Run timeout -k 5s 150s python -u scripts/strategy_dsl_runner.py config/strategies/kr_equity_report_validation_2019_2020.json --report-periods config/reports/report_validation_periods.json --output-dir "$RUNNER_TEMP/requested-report"
2026-10-04T09:39:49.5043190Z [36;1mtimeout -k 5s 150s python -u scripts/strategy_dsl_runner.py config/strategies/kr_equity_report_validation_2019_2020.json --report-periods config/reports/report_validation_periods.json --output-dir "$RUNNER_TEMP/requested-report"[0m
2026-10-04T09:39:49.5135967Z shell: /usr/bin/bash -e {0}
2026-10-04T09:39:49.5136430Z env:
2026-10-04T09:39:49.5136898Z   pythonLocation: /opt/hostedtoolcache/Python/3.12.14/x64
2026-10-04T09:39:49.5137674Z   PKG_CONFIG_PATH: /opt/hostedtoolcache/Python/3.12.14/x64/lib/pkgconfig
2026-10-04T09:39:49.5138434Z   Python_ROOT_DIR: /opt/hostedtoolcache/Python/3.12.14/x64
2026-10-04T09:39:49.5139116Z   Python2_ROOT_DIR: /opt/hostedtoolcache/Python/3.12.14/x64
2026-10-04T09:39:49.5139857Z   Python3_ROOT_DIR: /opt/hostedtoolcache/Python/3.12.14/x64
2026-10-04T09:39:49.5140570Z   LD_LIBRARY_PATH: /opt/hostedtoolcache/Python/3.12.14/x64/lib
2026-10-04T09:39:49.5141220Z ##[endgroup]
2026-10-04T09:40:25.7444534Z {
2026-10-04T09:40:25.7447029Z   "run_contract_version": "2",
2026-10-04T09:40:25.7447590Z   "run_id": "20261004T093949953708Z-abbe74c0",
2026-10-04T09:40:25.7448035Z   "status": "ok",
2026-10-04T09:40:25.7448351Z   "phase": "complete",
2026-10-04T09:40:25.7448743Z   "started_at": "2026-10-04T09:39:49.953881+00:00",
2026-10-04T09:40:25.7449240Z   "finished_at": "2026-10-04T09:40:25.743635+00:00",
2026-10-04T09:40:25.7450151Z   "strategy_id": "kr_equity_report_validation_2019_2020",
2026-10-04T09:40:25.7450914Z   "strategy_fingerprint": "455268d0fd7f2c4330e2592f021098af0c0d81ae101a67c34265c54064fec352",
2026-10-04T09:40:25.7451610Z   "versions": {
2026-10-04T09:40:25.7451918Z     "schema_version": "1.0",
2026-10-04T09:40:25.7452297Z     "factor_registry_version": "7",
2026-10-04T09:40:25.7452757Z     "execution_engine_version": "v2-16-exec-3",
2026-10-04T09:40:25.7453259Z     "corporate_action_registry_version": "5",
2026-10-04T09:40:25.7454075Z     "dsl_machine_contract_version": "23",
2026-10-04T09:40:25.7454539Z     "preflight_contract_version": "3",
2026-10-04T09:40:25.7454964Z     "history_audit_contract_version": "1",
2026-10-04T09:40:25.7455446Z     "krx_market_normalization_version": "1",
2026-10-04T09:40:25.7455904Z     "project_template_version": "v2-16",
2026-10-04T09:40:25.7456345Z     "performance_template_version": "v2-18"
2026-10-04T09:40:25.7456768Z   },
2026-10-04T09:40:25.7457065Z   "mode": "requested_period_report",
2026-10-04T09:40:25.7457462Z   "nav_ready": true,
2026-10-04T09:40:25.7457800Z   "report_ready": true,
2026-10-04T09:40:25.7458692Z   "input_path": "/home/runner/work/quant-marcap-runner/quant-marcap-runner/config/strategies/kr_equity_report_validation_2019_2020.json",
2026-10-04T09:40:25.7459734Z   "output_dir": "/home/runner/work/_temp/requested-report",
2026-10-04T09:40:25.7460423Z   "status_file": "/home/runner/work/_temp/requested-report/run_status.json",
2026-10-04T09:40:25.7461008Z   "completed_stages": [
2026-10-04T09:40:25.7461330Z     "input",
2026-10-04T09:40:25.7461607Z     "preflight",
2026-10-04T09:40:25.7461913Z     "report_readiness",
2026-10-04T09:40:25.7462244Z     "execution",
2026-10-04T09:40:25.7462537Z     "postprocess"
2026-10-04T09:40:25.7462830Z   ],
2026-10-04T09:40:25.7463143Z   "outputs": {
2026-10-04T09:40:25.7463695Z     "daily_nav": "artifacts/daily_nav.csv",
2026-10-04T09:40:25.7464204Z     "target_weights": "artifacts/target_weights.csv",
2026-10-04T09:40:25.7464702Z     "metrics": "report/metrics_CURRENT.csv",
2026-10-04T09:40:25.7465201Z     "chat_manifest": "report/chat_manifest_CURRENT.json",
2026-10-04T09:40:25.7465715Z     "dashboard": "report/report_CURRENT.html"
2026-10-04T09:40:25.7466125Z   },
2026-10-04T09:40:25.7466387Z   "error": null,
2026-10-04T09:40:25.7466713Z   "requested_report_contract_version": "1",
2026-10-04T09:40:25.7467412Z   "report_complete": false,
2026-10-04T09:40:25.7467781Z   "period_readiness": {
2026-10-04T09:40:25.7468096Z     "longest": {
2026-10-04T09:40:25.7468391Z       "id": "longest",
2026-10-04T09:40:25.7469026Z       "label": "실행·보고 검증 · 2019~2020",
2026-10-04T09:40:25.7469416Z       "start": "longest",
2026-10-04T09:40:25.7469738Z       "end": "latest",
2026-10-04T09:40:25.7470039Z       "status": "ready",
2026-10-04T09:40:25.7470358Z       "reason": null,
2026-10-04T09:40:25.7470660Z       "ready": true,
2026-10-04T09:40:25.7470969Z       "requested_start": "2019-01-02",
2026-10-04T09:40:25.7471370Z       "requested_end": "2020-12-30",
2026-10-04T09:40:25.7471757Z       "actual_start": "2019-01-02",
2026-10-04T09:40:25.7472130Z       "actual_end": "2020-12-30",
2026-10-04T09:40:25.7472490Z       "observations": 494
2026-10-04T09:40:25.7472806Z     },
2026-10-04T09:40:25.7473068Z     "from_2020": {
2026-10-04T09:40:25.7473555Z       "id": "from_2020",
2026-10-04T09:40:25.7473965Z       "label": "2020년",
2026-10-04T09:40:25.7474283Z       "start": "2020-01-01",
2026-10-04T09:40:25.7474622Z       "end": "2020-12-31",
2026-10-04T09:40:25.7474965Z       "status": "ready",
2026-10-04T09:40:25.7475291Z       "reason": null,
2026-10-04T09:40:25.7475600Z       "ready": true,
2026-10-04T09:40:25.7475927Z       "requested_start": "2020-01-01",
2026-10-04T09:40:25.7476332Z       "requested_end": "2020-12-31",
2026-10-04T09:40:25.7476738Z       "actual_start": "2020-01-02",
2026-10-04T09:40:25.7477115Z       "actual_end": "2020-12-30",
2026-10-04T09:40:25.7477483Z       "observations": 248
2026-10-04T09:40:25.7478004Z     },
2026-10-04T09:40:25.7478266Z     "exact": {
2026-10-04T09:40:25.7478554Z       "id": "exact",
2026-10-04T09:40:25.7478987Z       "label": "정확한 날짜 · 2020-05-12~2020-11-10",
2026-10-04T09:40:25.7479395Z       "start": "2020-05-12",
2026-10-04T09:40:25.7479734Z       "end": "2020-11-10",
2026-10-04T09:40:25.7480072Z       "status": "ready",
2026-10-04T09:40:25.7480383Z       "reason": null,
2026-10-04T09:40:25.7480682Z       "ready": true,
2026-10-04T09:40:25.7480988Z       "requested_start": "2020-05-12",
2026-10-04T09:40:25.7481365Z       "requested_end": "2020-11-10",
2026-10-04T09:40:25.7481727Z       "actual_start": "2020-05-12",
2026-10-04T09:40:25.7482109Z       "actual_end": "2020-11-10",
2026-10-04T09:40:25.7482476Z       "observations": 126
2026-10-04T09:40:25.7482812Z     },
2026-10-04T09:40:25.7483079Z     "from_2000": {
2026-10-04T09:40:25.7483755Z       "id": "from_2000",
2026-10-04T09:40:25.7484199Z       "label": "2000년부터 · 자료 부족",
2026-10-04T09:40:25.7484580Z       "start": "2000-01-01",
2026-10-04T09:40:25.7484928Z       "end": "latest",
2026-10-04T09:40:25.7485247Z       "status": "data_gap",
2026-10-04T09:40:25.7485865Z       "reason": "요청 기간의 거래일 NAV 4690개 부족 (첫 누락 2000-01-04). 시작일을 이동하지 않습니다.",
2026-10-04T09:40:25.7486380Z       "ready": false,
2026-10-04T09:40:25.7486717Z       "requested_start": "2000-01-01",
2026-10-04T09:40:25.7487119Z       "requested_end": "2020-12-30"
2026-10-04T09:40:25.7487493Z     }
2026-10-04T09:40:25.7487750Z   }
2026-10-04T09:40:25.7488003Z }
2026-10-04T09:40:25.8140043Z ##[group]Run npm --prefix "$RUNNER_TEMP/report-browser" install --save-exact --no-audit --no-fund playwright@1.57.0
2026-10-04T09:40:25.8140895Z [36;1mnpm --prefix "$RUNNER_TEMP/report-browser" install --save-exact --no-audit --no-fund playwright@1.57.0[0m
2026-10-04T09:40:25.8141592Z [36;1m"$RUNNER_TEMP/report-browser/node_modules/.bin/playwright" install --with-deps chromium[0m
2026-10-04T09:40:25.8203939Z shell: /usr/bin/bash -e {0}
2026-10-04T09:40:25.8204216Z env:
2026-10-04T09:40:25.8204487Z   pythonLocation: /opt/hostedtoolcache/Python/3.12.14/x64
2026-10-04T09:40:25.8204944Z   PKG_CONFIG_PATH: /opt/hostedtoolcache/Python/3.12.14/x64/lib/pkgconfig
2026-10-04T09:40:25.8205380Z   Python_ROOT_DIR: /opt/hostedtoolcache/Python/3.12.14/x64
2026-10-04T09:40:25.8205759Z   Python2_ROOT_DIR: /opt/hostedtoolcache/Python/3.12.14/x64
2026-10-04T09:40:25.8206145Z   Python3_ROOT_DIR: /opt/hostedtoolcache/Python/3.12.14/x64
2026-10-04T09:40:25.8206586Z   LD_LIBRARY_PATH: /opt/hostedtoolcache/Python/3.12.14/x64/lib
2026-10-04T09:40:25.8206910Z ##[endgroup]
2026-10-04T09:40:31.6361550Z 
2026-10-04T09:40:31.6362012Z added 2 packages in 3s
2026-10-04T09:40:32.2657125Z Installing dependencies...
2026-10-04T09:40:32.2724602Z Switching to root user to install dependencies...
2026-10-04T09:40:32.3995157Z Get:1 file:/etc/apt/apt-mirrors.txt Mirrorlist [144 B]
2026-10-04T09:40:32.4390250Z Hit:2 http://azure.archive.ubuntu.com/ubuntu noble InRelease
2026-10-04T09:40:32.4402491Z Get:3 http://azure.archive.ubuntu.com/ubuntu noble-updates InRelease [126 kB]
2026-10-04T09:40:32.4487930Z Get:4 http://azure.archive.ubuntu.com/ubuntu noble-backports InRelease [126 kB]
2026-10-04T09:40:32.4543356Z Get:5 http://azure.archive.ubuntu.com/ubuntu noble-security InRelease [126 kB]
2026-10-04T09:40:32.6064206Z Get:6 http://azure.archive.ubuntu.com/ubuntu noble-updates/main amd64 Packages [1364 kB]
2026-10-04T09:40:32.6112555Z Get:15 https://packages.microsoft.com/ubuntu/24.04/prod noble InRelease [3600 B]
2026-10-04T09:40:32.6282521Z Get:7 http://azure.archive.ubuntu.com/ubuntu noble-updates/main Translation-en [304 kB]
2026-10-04T09:40:32.6306780Z Get:8 http://azure.archive.ubuntu.com/ubuntu noble-updates/main amd64 Components [181 kB]
2026-10-04T09:40:32.6326141Z Get:9 http://azure.archive.ubuntu.com/ubuntu noble-updates/universe amd64 Packages [1699 kB]
2026-10-04T09:40:32.6408366Z Get:10 http://azure.archive.ubuntu.com/ubuntu noble-updates/universe Translation-en [341 kB]
2026-10-04T09:40:32.6434372Z Get:11 http://azure.archive.ubuntu.com/ubuntu noble-updates/universe amd64 Components [388 kB]
2026-10-04T09:40:32.6462913Z Get:12 http://azure.archive.ubuntu.com/ubuntu noble-updates/restricted amd64 Packages [1720 kB]
2026-10-04T09:40:32.6552396Z Get:13 http://azure.archive.ubuntu.com/ubuntu noble-updates/restricted Translation-en [394 kB]
2026-10-04T09:40:32.6625496Z Get:14 http://azure.archive.ubuntu.com/ubuntu noble-updates/multiverse amd64 Components [940 B]
2026-10-04T09:40:32.6638619Z Get:16 http://azure.archive.ubuntu.com/ubuntu noble-backports/main amd64 Components [5736 B]
2026-10-04T09:40:32.7131884Z Get:17 http://azure.archive.ubuntu.com/ubuntu noble-backports/universe amd64 Components [12.6 kB]
2026-10-04T09:40:32.7146168Z Get:18 http://azure.archive.ubuntu.com/ubuntu noble-security/main amd64 Packages [1069 kB]
2026-10-04T09:40:32.7213885Z Get:19 http://azure.archive.ubuntu.com/ubuntu noble-security/main Translation-en [221 kB]
2026-10-04T09:40:32.7235160Z Get:20 http://azure.archive.ubuntu.com/ubuntu noble-security/main amd64 Components [46.5 kB]
2026-10-04T09:40:32.7239426Z Get:21 http://azure.archive.ubuntu.com/ubuntu noble-security/universe amd64 Packages [1216 kB]
2026-10-04T09:40:32.7308543Z Get:22 http://azure.archive.ubuntu.com/ubuntu noble-security/universe Translation-en [244 kB]
2026-10-04T09:40:32.7334436Z Get:23 http://azure.archive.ubuntu.com/ubuntu noble-security/universe amd64 Components [76.3 kB]
2026-10-04T09:40:32.7365211Z Get:24 http://azure.archive.ubuntu.com/ubuntu noble-security/restricted amd64 Packages [1566 kB]
2026-10-04T09:40:32.7454589Z Get:25 http://azure.archive.ubuntu.com/ubuntu noble-security/restricted Translation-en [361 kB]
2026-10-04T09:40:32.7687801Z Get:26 https://packages.microsoft.com/ubuntu/24.04/prod noble/main arm64 Packages [458 kB]
2026-10-04T09:40:32.7746321Z Get:27 https://packages.microsoft.com/ubuntu/24.04/prod noble/main amd64 Packages [511 kB]
2026-10-04T09:40:32.7786314Z Get:28 https://packages.microsoft.com/ubuntu/24.04/prod noble/main armhf Packages [12.6 kB]
2026-10-04T09:40:39.4977665Z Fetched 12.6 MB in 1s (8938 kB/s)
2026-10-04T09:40:40.2980800Z Reading package lists...
2026-10-04T09:40:40.3213616Z Reading package lists...
2026-10-04T09:40:40.5008723Z Building dependency tree...
2026-10-04T09:40:40.5016333Z Reading state information...
2026-10-04T09:40:40.6300237Z libasound2t64 is already the newest version (1.2.11-1ubuntu0.3).
2026-10-04T09:40:40.6300965Z libasound2t64 set to manually installed.
2026-10-04T09:40:40.6301668Z libatk-bridge2.0-0t64 is already the newest version (2.52.0-1build1).
2026-10-04T09:40:40.6302465Z libatk-bridge2.0-0t64 set to manually installed.
2026-10-04T09:40:40.6303122Z libatk1.0-0t64 is already the newest version (2.52.0-1build1).
2026-10-04T09:40:40.6303943Z libatk1.0-0t64 set to manually installed.
2026-10-04T09:40:40.6304542Z libatspi2.0-0t64 is already the newest version (2.52.0-1build1).
2026-10-04T09:40:40.6305146Z libatspi2.0-0t64 set to manually installed.
2026-10-04T09:40:40.6305806Z libcairo2 is already the newest version (1.18.0-3build1).
2026-10-04T09:40:40.6306383Z libcairo2 set to manually installed.
2026-10-04T09:40:40.6306982Z libcups2t64 is already the newest version (2.4.7-1.2ubuntu7.14).
2026-10-04T09:40:40.6307596Z libcups2t64 set to manually installed.
2026-10-04T09:40:40.6308310Z libdbus-1-3 is already the newest version (1.14.10-4ubuntu4.1).
2026-10-04T09:40:40.6308908Z libdbus-1-3 set to manually installed.
2026-10-04T09:40:40.6309530Z libdrm2 is already the newest version (2.4.125-1ubuntu0.1~24.04.2).
2026-10-04T09:40:40.6310208Z libdrm2 set to manually installed.
2026-10-04T09:40:40.6310816Z libglib2.0-0t64 is already the newest version (2.80.0-6ubuntu3.9).
2026-10-04T09:40:40.6311514Z libglib2.0-0t64 set to manually installed.
2026-10-04T09:40:40.6312085Z libnspr4 is already the newest version (2:4.35-1.1build1).
2026-10-04T09:40:40.6312643Z libnspr4 set to manually installed.
2026-10-04T09:40:40.6313170Z libnss3 is already the newest version (2:3.98-1ubuntu0.2).
2026-10-04T09:40:40.6314283Z libnss3 set to manually installed.
2026-10-04T09:40:40.6314750Z libpango-1.0-0 is already the newest version (1.52.1+ds-1build1).
2026-10-04T09:40:40.6315141Z libpango-1.0-0 set to manually installed.
2026-10-04T09:40:40.6315483Z libx11-6 is already the newest version (2:1.8.7-1build1).
2026-10-04T09:40:40.6315819Z libx11-6 set to manually installed.
2026-10-04T09:40:40.6316126Z libxcb1 is already the newest version (1.15-1ubuntu2).
2026-10-04T09:40:40.6316439Z libxcb1 set to manually installed.
2026-10-04T09:40:40.6316783Z libxcomposite1 is already the newest version (1:0.4.5-1build3).
2026-10-04T09:40:40.6317225Z libxcomposite1 set to manually installed.
2026-10-04T09:40:40.6317715Z libxdamage1 is already the newest version (1:1.1.6-1build1).
2026-10-04T09:40:40.6318060Z libxdamage1 set to manually installed.
2026-10-04T09:40:40.6318391Z libxext6 is already the newest version (2:1.3.4-1build2).
2026-10-04T09:40:40.6318727Z libxext6 set to manually installed.
2026-10-04T09:40:40.6319057Z libxfixes3 is already the newest version (1:6.0.0-2build1).
2026-10-04T09:40:40.6319391Z libxfixes3 set to manually installed.
2026-10-04T09:40:40.6319737Z libxkbcommon0 is already the newest version (1.6.0-1build1).
2026-10-04T09:40:40.6320255Z libxkbcommon0 set to manually installed.
2026-10-04T09:40:40.6320600Z libxrandr2 is already the newest version (2:1.5.2-2build1).
2026-10-04T09:40:40.6320940Z libxrandr2 set to manually installed.
2026-10-04T09:40:40.6321262Z xvfb is already the newest version (2:21.1.12-1ubuntu1.8).
2026-10-04T09:40:40.6321881Z fonts-noto-color-emoji is already the newest version (2.047-0ubuntu0.24.04.1).
2026-10-04T09:40:40.6322375Z libfontconfig1 is already the newest version (2.15.0-1.1ubuntu2).
2026-10-04T09:40:40.6322738Z libfontconfig1 set to manually installed.
2026-10-04T09:40:40.6323103Z libfreetype6 is already the newest version (2.13.2+dfsg-1ubuntu0.1).
2026-10-04T09:40:40.6323727Z libfreetype6 set to manually installed.
2026-10-04T09:40:40.6324069Z fonts-liberation is already the newest version (1:2.1.5-3).
2026-10-04T09:40:40.6324420Z fonts-liberation set to manually installed.
2026-10-04T09:40:40.6324766Z The following additional packages will be installed:
2026-10-04T09:40:40.6325199Z   libgl1-mesa-dri libglx-mesa0 mesa-libgallium xfonts-encodings xfonts-utils
2026-10-04T09:40:40.6325608Z Recommended packages:
2026-10-04T09:40:40.6325849Z   fonts-ipafont-mincho fonts-tlwg-loma
2026-10-04T09:40:40.6616682Z The following NEW packages will be installed:
2026-10-04T09:40:40.6617549Z   fonts-freefont-ttf fonts-ipafont-gothic fonts-tlwg-loma-otf fonts-unifont
2026-10-04T09:40:40.6622654Z   fonts-wqy-zenhei xfonts-cyrillic xfonts-encodings xfonts-scalable
2026-10-04T09:40:40.6623558Z   xfonts-utils
2026-10-04T09:40:40.6627414Z The following packages will be upgraded:
2026-10-04T09:40:40.6632014Z   libgbm1 libgl1-mesa-dri libglx-mesa0 mesa-libgallium
2026-10-04T09:40:40.6788149Z 4 upgraded, 9 newly installed, 0 to remove and 21 not upgraded.
2026-10-04T09:40:40.6788612Z Need to get 32.1 MB of archives.
2026-10-04T09:40:40.6788998Z After this operation, 79.5 MB of additional disk space will be used.
2026-10-04T09:40:40.6789512Z Get:1 file:/etc/apt/apt-mirrors.txt Mirrorlist [144 B]
2026-10-04T09:40:40.9320410Z Get:2 http://azure.archive.ubuntu.com/ubuntu noble/universe amd64 fonts-ipafont-gothic all 00303-21ubuntu1 [3513 kB]
2026-10-04T09:40:41.6409077Z Get:3 http://azure.archive.ubuntu.com/ubuntu noble/main amd64 fonts-freefont-ttf all 20211204+svn4273-2 [5641 kB]
2026-10-04T09:40:41.8318431Z Get:4 http://azure.archive.ubuntu.com/ubuntu noble/universe amd64 fonts-tlwg-loma-otf all 1:0.7.3-1 [107 kB]
2026-10-04T09:40:41.9096656Z Get:5 http://azure.archive.ubuntu.com/ubuntu noble/universe amd64 fonts-unifont all 1:15.1.01-1build1 [2993 kB]
2026-10-04T09:40:42.0120647Z Get:6 http://azure.archive.ubuntu.com/ubuntu noble/universe amd64 fonts-wqy-zenhei all 0.9.45-8 [7472 kB]
2026-10-04T09:40:42.2558564Z Get:7 http://azure.archive.ubuntu.com/ubuntu noble-updates/main amd64 libgl1-mesa-dri amd64 25.2.8-0ubuntu0.24.04.4 [38.0 kB]
2026-10-04T09:40:42.3377756Z Get:8 http://azure.archive.ubuntu.com/ubuntu noble-updates/main amd64 libglx-mesa0 amd64 25.2.8-0ubuntu0.24.04.4 [110 kB]
2026-10-04T09:40:42.4217553Z Get:9 http://azure.archive.ubuntu.com/ubuntu noble-updates/main amd64 libgbm1 amd64 25.2.8-0ubuntu0.24.04.4 [34.2 kB]
2026-10-04T09:40:42.5036815Z Get:10 http://azure.archive.ubuntu.com/ubuntu noble-updates/main amd64 mesa-libgallium amd64 25.2.8-0ubuntu0.24.04.4 [10.8 MB]
2026-10-04T09:40:42.8629752Z Get:11 http://azure.archive.ubuntu.com/ubuntu noble/main amd64 xfonts-encodings all 1:1.0.5-0ubuntu2 [578 kB]
2026-10-04T09:40:42.9581484Z Get:12 http://azure.archive.ubuntu.com/ubuntu noble/main amd64 xfonts-utils amd64 1:7.7+6build3 [94.4 kB]
2026-10-04T09:40:43.0420305Z Get:13 http://azure.archive.ubuntu.com/ubuntu noble/universe amd64 xfonts-cyrillic all 1:1.0.5+nmu1 [384 kB]
2026-10-04T09:40:43.1323243Z Get:14 http://azure.archive.ubuntu.com/ubuntu noble/main amd64 xfonts-scalable all 1:1.0.3-1.3 [304 kB]
2026-10-04T09:40:43.3938383Z Fetched 32.1 MB in 2s (13.0 MB/s)
2026-10-04T09:40:43.4335256Z Selecting previously unselected package fonts-ipafont-gothic.
2026-10-04T09:40:43.5052243Z (Reading database ... 
2026-10-04T09:40:43.5052835Z (Reading database ... 5%
2026-10-04T09:40:43.5053172Z (Reading database ... 10%
2026-10-04T09:40:43.5054050Z (Reading database ... 15%
2026-10-04T09:40:43.5054471Z (Reading database ... 20%
2026-10-04T09:40:43.5054861Z (Reading database ... 25%
2026-10-04T09:40:43.5055509Z (Reading database ... 30%
2026-10-04T09:40:43.5055779Z (Reading database ... 35%
2026-10-04T09:40:43.5056016Z (Reading database ... 40%
2026-10-04T09:40:43.5056247Z (Reading database ... 45%
2026-10-04T09:40:43.5056477Z (Reading database ... 50%
2026-10-04T09:40:43.5390531Z (Reading database ... 55%
2026-10-04T09:40:44.0187011Z (Reading database ... 60%
2026-10-04T09:40:44.2820419Z (Reading database ... 65%
2026-10-04T09:40:44.5571365Z (Reading database ... 70%
2026-10-04T09:40:44.8480369Z (Reading database ... 75%
2026-10-04T09:40:45.2174236Z (Reading database ... 80%
2026-10-04T09:40:45.7976932Z (Reading database ... 85%
2026-10-04T09:40:46.4459757Z (Reading database ... 90%
2026-10-04T09:40:47.0941989Z (Reading database ... 95%
2026-10-04T09:40:47.0942321Z (Reading database ... 100%
2026-10-04T09:40:47.0942708Z (Reading database ... 202296 files and directories currently installed.)
2026-10-04T09:40:47.0981905Z Preparing to unpack .../00-fonts-ipafont-gothic_00303-21ubuntu1_all.deb ...
2026-10-04T09:40:47.1073870Z Unpacking fonts-ipafont-gothic (00303-21ubuntu1) ...
2026-10-04T09:40:47.3290939Z Selecting previously unselected package fonts-freefont-ttf.
2026-10-04T09:40:47.3414130Z Preparing to unpack .../01-fonts-freefont-ttf_20211204+svn4273-2_all.deb ...
2026-10-04T09:40:47.3420591Z Unpacking fonts-freefont-ttf (20211204+svn4273-2) ...
2026-10-04T09:40:47.4185814Z Selecting previously unselected package fonts-tlwg-loma-otf.
2026-10-04T09:40:47.4309267Z Preparing to unpack .../02-fonts-tlwg-loma-otf_1%3a0.7.3-1_all.deb ...
2026-10-04T09:40:47.4316998Z Unpacking fonts-tlwg-loma-otf (1:0.7.3-1) ...
2026-10-04T09:40:47.4560660Z Selecting previously unselected package fonts-unifont.
2026-10-04T09:40:47.4684385Z Preparing to unpack .../03-fonts-unifont_1%3a15.1.01-1build1_all.deb ...
2026-10-04T09:40:47.4691375Z Unpacking fonts-unifont (1:15.1.01-1build1) ...
2026-10-04T09:40:47.5738805Z Selecting previously unselected package fonts-wqy-zenhei.
2026-10-04T09:40:47.5864401Z Preparing to unpack .../04-fonts-wqy-zenhei_0.9.45-8_all.deb ...
2026-10-04T09:40:47.5962803Z Unpacking fonts-wqy-zenhei (0.9.45-8) ...
2026-10-04T09:40:48.0611456Z Preparing to unpack .../05-libgl1-mesa-dri_25.2.8-0ubuntu0.24.04.4_amd64.deb ...
2026-10-04T09:40:48.0749449Z Unpacking libgl1-mesa-dri:amd64 (25.2.8-0ubuntu0.24.04.4) over (25.2.8-0ubuntu0.24.04.2) ...
2026-10-04T09:40:48.1342781Z Preparing to unpack .../06-libglx-mesa0_25.2.8-0ubuntu0.24.04.4_amd64.deb ...
2026-10-04T09:40:48.1370912Z Unpacking libglx-mesa0:amd64 (25.2.8-0ubuntu0.24.04.4) over (25.2.8-0ubuntu0.24.04.2) ...
2026-10-04T09:40:48.1759883Z Preparing to unpack .../07-libgbm1_25.2.8-0ubuntu0.24.04.4_amd64.deb ...
2026-10-04T09:40:48.1838953Z Unpacking libgbm1:amd64 (25.2.8-0ubuntu0.24.04.4) over (25.2.8-0ubuntu0.24.04.2) ...
2026-10-04T09:40:48.2290665Z Preparing to unpack .../08-mesa-libgallium_25.2.8-0ubuntu0.24.04.4_amd64.deb ...
2026-10-04T09:40:48.2316118Z Unpacking mesa-libgallium:amd64 (25.2.8-0ubuntu0.24.04.4) over (25.2.8-0ubuntu0.24.04.2) ...
2026-10-04T09:40:48.3943182Z Selecting previously unselected package xfonts-encodings.
2026-10-04T09:40:48.4068393Z Preparing to unpack .../09-xfonts-encodings_1%3a1.0.5-0ubuntu2_all.deb ...
2026-10-04T09:40:48.4074857Z Unpacking xfonts-encodings (1:1.0.5-0ubuntu2) ...
2026-10-04T09:40:48.4348711Z Selecting previously unselected package xfonts-utils.
2026-10-04T09:40:48.4469483Z Preparing to unpack .../10-xfonts-utils_1%3a7.7+6build3_amd64.deb ...
2026-10-04T09:40:48.4475808Z Unpacking xfonts-utils (1:7.7+6build3) ...
2026-10-04T09:40:48.5110881Z Selecting previously unselected package xfonts-cyrillic.
2026-10-04T09:40:48.5235403Z Preparing to unpack .../11-xfonts-cyrillic_1%3a1.0.5+nmu1_all.deb ...
2026-10-04T09:40:48.5241404Z Unpacking xfonts-cyrillic (1:1.0.5+nmu1) ...
2026-10-04T09:40:48.5573941Z Selecting previously unselected package xfonts-scalable.
2026-10-04T09:40:48.5697284Z Preparing to unpack .../12-xfonts-scalable_1%3a1.0.3-1.3_all.deb ...
2026-10-04T09:40:48.5705231Z Unpacking xfonts-scalable (1:1.0.3-1.3) ...
2026-10-04T09:40:48.6129345Z Setting up mesa-libgallium:amd64 (25.2.8-0ubuntu0.24.04.4) ...
2026-10-04T09:40:48.6149783Z Setting up libgbm1:amd64 (25.2.8-0ubuntu0.24.04.4) ...
2026-10-04T09:40:48.6166751Z Setting up libgl1-mesa-dri:amd64 (25.2.8-0ubuntu0.24.04.4) ...
2026-10-04T09:40:48.6237866Z Setting up fonts-wqy-zenhei (0.9.45-8) ...
2026-10-04T09:40:48.6347279Z Setting up fonts-freefont-ttf (20211204+svn4273-2) ...
2026-10-04T09:40:48.6364973Z Setting up fonts-tlwg-loma-otf (1:0.7.3-1) ...
2026-10-04T09:40:48.6399182Z Setting up xfonts-encodings (1:1.0.5-0ubuntu2) ...
2026-10-04T09:40:48.6416671Z Setting up fonts-ipafont-gothic (00303-21ubuntu1) ...
2026-10-04T09:40:48.6482510Z update-alternatives: using /usr/share/fonts/opentype/ipafont-gothic/ipag.ttf to provide /usr/share/fonts/truetype/fonts-japanese-gothic.ttf (fonts-japanese-gothic.ttf) in auto mode
2026-10-04T09:40:48.6497344Z Setting up fonts-unifont (1:15.1.01-1build1) ...
2026-10-04T09:40:48.6513768Z Setting up libglx-mesa0:amd64 (25.2.8-0ubuntu0.24.04.4) ...
2026-10-04T09:40:48.6530453Z Setting up xfonts-utils (1:7.7+6build3) ...
2026-10-04T09:40:48.6569184Z Setting up xfonts-cyrillic (1:1.0.5+nmu1) ...
2026-10-04T09:40:48.6901936Z Setting up xfonts-scalable (1:1.0.3-1.3) ...
2026-10-04T09:40:48.7211328Z Processing triggers for libc-bin (2.39-0ubuntu8.9) ...
2026-10-04T09:40:48.7734321Z Processing triggers for man-db (2.12.0-4build2) ...
2026-10-04T09:40:48.7755532Z Not building database; man-db/auto-update is not 'true'.
2026-10-04T09:40:48.7769580Z Processing triggers for fontconfig (2.15.0-1.1ubuntu2) ...
2026-10-04T09:40:50.1021034Z 
2026-10-04T09:40:50.1021694Z Running kernel seems to be up-to-date.
2026-10-04T09:40:50.1021982Z 
2026-10-04T09:40:50.1022100Z No services need to be restarted.
2026-10-04T09:40:50.1022292Z 
2026-10-04T09:40:50.1022419Z No containers need to be restarted.
2026-10-04T09:40:50.1022608Z 
2026-10-04T09:40:50.1022748Z No user sessions are running outdated binaries.
2026-10-04T09:40:50.1022977Z 
2026-10-04T09:40:50.1023208Z No VM guests are running outdated hypervisor (qemu) binaries on this host.
2026-10-04T09:40:50.8698944Z Downloading Chromium 143.0.7499.4 (playwright build v1200) from https://cdn.playwright.dev/dbazure/download/playwright/builds/chromium/1200/chromium-linux.zip
2026-10-04T09:40:51.0277419Z |                                                                                |   0% of 164.7 MiB
2026-10-04T09:40:51.1990022Z |■■■■■■■■                                                                        |  10% of 164.7 MiB
2026-10-04T09:40:51.2853271Z |■■■■■■■■■■■■■■■■                                                                |  20% of 164.7 MiB
2026-10-04T09:40:51.3621030Z |■■■■■■■■■■■■■■■■■■■■■■■■                                                        |  30% of 164.7 MiB
2026-10-04T09:40:51.4407978Z |■■■■■■■■■■■■■■■■■■■■■■■■■■■■■■■■                                                |  40% of 164.7 MiB
2026-10-04T09:40:51.5153801Z |■■■■■■■■■■■■■■■■■■■■■■■■■■■■■■■■■■■■■■■■                                        |  50% of 164.7 MiB
2026-10-04T09:40:51.5801445Z |■■■■■■■■■■■■■■■■■■■■■■■■■■■■■■■■■■■■■■■■■■■■■■■■                                |  60% of 164.7 MiB
2026-10-04T09:40:51.6382619Z |■■■■■■■■■■■■■■■■■■■■■■■■■■■■■■■■■■■■■■■■■■■■■■■■■■■■■■■■                        |  70% of 164.7 MiB
2026-10-04T09:40:51.6978809Z |■■■■■■■■■■■■■■■■■■■■■■■■■■■■■■■■■■■■■■■■■■■■■■■■■■■■■■■■■■■■■■■■                |  80% of 164.7 MiB
2026-10-04T09:40:51.7529567Z |■■■■■■■■■■■■■■■■■■■■■■■■■■■■■■■■■■■■■■■■■■■■■■■■■■■■■■■■■■■■■■■■■■■■■■■■        |  90% of 164.7 MiB
2026-10-04T09:40:51.8088780Z |■■■■■■■■■■■■■■■■■■■■■■■■■■■■■■■■■■■■■■■■■■■■■■■■■■■■■■■■■■■■■■■■■■■■■■■■■■■■■■■■| 100% of 164.7 MiB
2026-10-04T09:40:54.3801460Z Chromium 143.0.7499.4 (playwright build v1200) downloaded to /home/runner/.cache/ms-playwright/chromium-1200
2026-10-04T09:40:54.3804788Z Downloading FFMPEG playwright build v1011 from https://cdn.playwright.dev/dbazure/download/playwright/builds/ffmpeg/1011/ffmpeg-linux.zip
2026-10-04T09:40:54.5122507Z |                                                                                |   0% of 2.3 MiB
2026-10-04T09:40:54.5184222Z |■■■■■■■■                                                                        |  10% of 2.3 MiB
2026-10-04T09:40:54.5221644Z |■■■■■■■■■■■■■■■■                                                                |  20% of 2.3 MiB
2026-10-04T09:40:54.5244493Z |■■■■■■■■■■■■■■■■■■■■■■■■                                                        |  30% of 2.3 MiB
2026-10-04T09:40:54.5270603Z |■■■■■■■■■■■■■■■■■■■■■■■■■■■■■■■■                                                |  40% of 2.3 MiB
2026-10-04T09:40:54.5284973Z |■■■■■■■■■■■■■■■■■■■■■■■■■■■■■■■■■■■■■■■■                                        |  50% of 2.3 MiB
2026-10-04T09:40:54.5305122Z |■■■■■■■■■■■■■■■■■■■■■■■■■■■■■■■■■■■■■■■■■■■■■■■■                                |  60% of 2.3 MiB
2026-10-04T09:40:54.5319840Z |■■■■■■■■■■■■■■■■■■■■■■■■■■■■■■■■■■■■■■■■■■■■■■■■■■■■■■■■                        |  70% of 2.3 MiB
2026-10-04T09:40:54.5339741Z |■■■■■■■■■■■■■■■■■■■■■■■■■■■■■■■■■■■■■■■■■■■■■■■■■■■■■■■■■■■■■■■■                |  80% of 2.3 MiB
2026-10-04T09:40:54.5356407Z |■■■■■■■■■■■■■■■■■■■■■■■■■■■■■■■■■■■■■■■■■■■■■■■■■■■■■■■■■■■■■■■■■■■■■■■■        |  90% of 2.3 MiB
2026-10-04T09:40:54.5371860Z |■■■■■■■■■■■■■■■■■■■■■■■■■■■■■■■■■■■■■■■■■■■■■■■■■■■■■■■■■■■■■■■■■■■■■■■■■■■■■■■■| 100% of 2.3 MiB
2026-10-04T09:40:54.5953231Z FFMPEG playwright build v1011 downloaded to /home/runner/.cache/ms-playwright/ffmpeg-1011
2026-10-04T09:40:54.5957855Z Downloading Chromium Headless Shell 143.0.7499.4 (playwright build v1200) from https://cdn.playwright.dev/dbazure/download/playwright/builds/chromium/1200/chromium-headless-shell-linux.zip
2026-10-04T09:40:54.7518548Z |                                                                                |   0% of 109.7 MiB
2026-10-04T09:40:54.8922107Z |■■■■■■■■                                                                        |  10% of 109.7 MiB
2026-10-04T09:40:54.9631904Z |■■■■■■■■■■■■■■■■                                                                |  20% of 109.7 MiB
2026-10-04T09:40:55.0229343Z |■■■■■■■■■■■■■■■■■■■■■■■■                                                        |  30% of 109.7 MiB
2026-10-04T09:40:55.0848512Z |■■■■■■■■■■■■■■■■■■■■■■■■■■■■■■■■                                                |  40% of 109.7 MiB
2026-10-04T09:40:55.1320661Z |■■■■■■■■■■■■■■■■■■■■■■■■■■■■■■■■■■■■■■■■                                        |  50% of 109.7 MiB
2026-10-04T09:40:55.1814846Z |■■■■■■■■■■■■■■■■■■■■■■■■■■■■■■■■■■■■■■■■■■■■■■■■                                |  60% of 109.7 MiB
2026-10-04T09:40:55.2227359Z |■■■■■■■■■■■■■■■■■■■■■■■■■■■■■■■■■■■■■■■■■■■■■■■■■■■■■■■■                        |  70% of 109.7 MiB
2026-10-04T09:40:55.2691215Z |■■■■■■■■■■■■■■■■■■■■■■■■■■■■■■■■■■■■■■■■■■■■■■■■■■■■■■■■■■■■■■■■                |  80% of 109.7 MiB
2026-10-04T09:40:55.3108602Z |■■■■■■■■■■■■■■■■■■■■■■■■■■■■■■■■■■■■■■■■■■■■■■■■■■■■■■■■■■■■■■■■■■■■■■■■        |  90% of 109.7 MiB
2026-10-04T09:40:55.3504910Z |■■■■■■■■■■■■■■■■■■■■■■■■■■■■■■■■■■■■■■■■■■■■■■■■■■■■■■■■■■■■■■■■■■■■■■■■■■■■■■■■| 100% of 109.7 MiB
2026-10-04T09:40:57.2455846Z Chromium Headless Shell 143.0.7499.4 (playwright build v1200) downloaded to /home/runner/.cache/ms-playwright/chromium_headless_shell-1200
2026-10-04T09:40:57.2605226Z ##[group]Run timeout -k 5s 160s bash scripts/verify_report_browser.sh "$RUNNER_TEMP/requested-report/report/report_CURRENT.html" "$RUNNER_TEMP/requested-report"
2026-10-04T09:40:57.2606404Z [36;1mtimeout -k 5s 160s bash scripts/verify_report_browser.sh "$RUNNER_TEMP/requested-report/report/report_CURRENT.html" "$RUNNER_TEMP/requested-report"[0m
2026-10-04T09:40:57.2671133Z shell: /usr/bin/bash --noprofile --norc -e -o pipefail {0}
2026-10-04T09:40:57.2671489Z env:
2026-10-04T09:40:57.2671767Z   pythonLocation: /opt/hostedtoolcache/Python/3.12.14/x64
2026-10-04T09:40:57.2672210Z   PKG_CONFIG_PATH: /opt/hostedtoolcache/Python/3.12.14/x64/lib/pkgconfig
2026-10-04T09:40:57.2672636Z   Python_ROOT_DIR: /opt/hostedtoolcache/Python/3.12.14/x64
2026-10-04T09:40:57.2673045Z   Python2_ROOT_DIR: /opt/hostedtoolcache/Python/3.12.14/x64
2026-10-04T09:40:57.2673763Z   Python3_ROOT_DIR: /opt/hostedtoolcache/Python/3.12.14/x64
2026-10-04T09:40:57.2674215Z   LD_LIBRARY_PATH: /opt/hostedtoolcache/Python/3.12.14/x64/lib
2026-10-04T09:40:57.2674693Z   PLAYWRIGHT_MODULE: /home/runner/work/_temp/report-browser/node_modules/playwright
2026-10-04T09:40:57.2675109Z ##[endgroup]
2026-10-04T09:41:03.5515145Z Browser evidence: passed JSON and actual PNG verified
2026-10-04T09:41:03.5609895Z ##[group]Run actions/upload-artifact@v4
2026-10-04T09:41:03.5610216Z with:
2026-10-04T09:41:03.5610432Z   name: requested-report-preview
2026-10-04T09:41:03.5611651Z   path: /home/runner/work/_temp/requested-report/report/
/home/runner/work/_temp/requested-report/run_status.json
/home/runner/work/_temp/requested-report/report-preview*.png
/home/runner/work/_temp/requested-report/browser-verification.json
/home/runner/work/_temp/requested-report/browser-verification.log

2026-10-04T09:41:03.5612909Z   retention-days: 30
2026-10-04T09:41:03.5613146Z   if-no-files-found: warn
2026-10-04T09:41:03.5613710Z   compression-level: 6
2026-10-04T09:41:03.5614005Z   overwrite: false
2026-10-04T09:41:03.5614229Z   include-hidden-files: false
2026-10-04T09:41:03.5614477Z env:
2026-10-04T09:41:03.5614735Z   pythonLocation: /opt/hostedtoolcache/Python/3.12.14/x64
2026-10-04T09:41:03.5615174Z   PKG_CONFIG_PATH: /opt/hostedtoolcache/Python/3.12.14/x64/lib/pkgconfig
2026-10-04T09:41:03.5615639Z   Python_ROOT_DIR: /opt/hostedtoolcache/Python/3.12.14/x64
2026-10-04T09:41:03.5616035Z   Python2_ROOT_DIR: /opt/hostedtoolcache/Python/3.12.14/x64
2026-10-04T09:41:03.5616417Z   Python3_ROOT_DIR: /opt/hostedtoolcache/Python/3.12.14/x64
2026-10-04T09:41:03.5616805Z   LD_LIBRARY_PATH: /opt/hostedtoolcache/Python/3.12.14/x64/lib
2026-10-04T09:41:03.5617125Z ##[endgroup]
2026-10-04T09:41:03.7217244Z (node:4133) [DEP0040] DeprecationWarning: The `punycode` module is deprecated. Please use a userland alternative instead.
2026-10-04T09:41:03.7218528Z (Use `node --trace-deprecation ...` to show where the warning was created)
2026-10-04T09:41:03.7332578Z With the provided path, there will be 10 files uploaded
2026-10-04T09:41:03.7339294Z Artifact name is valid!
2026-10-04T09:41:03.7340312Z Root directory input is valid!
2026-10-04T09:41:03.9277433Z Beginning upload of artifact content to blob storage
2026-10-04T09:41:04.1473268Z (node:4133) [DEP0169] DeprecationWarning: `url.parse()` behavior is not standardized and prone to errors that have security implications. Use the WHATWG URL API instead. CVEs are not issued for `url.parse()` vulnerabilities.
2026-10-04T09:41:04.3097679Z Uploaded bytes 2509299
2026-10-04T09:41:04.3268225Z Finished uploading artifact content to blob storage!
2026-10-04T09:41:04.3269270Z SHA256 digest of uploaded artifact zip is 4db6274952cc99e11444eaa880719d579a1596fed629d855339dc9b4a14027ec
2026-10-04T09:41:04.3271938Z Finalizing artifact upload
2026-10-04T09:41:04.5737627Z Artifact requested-report-preview.zip successfully finalized. Artifact ID 11299567952
2026-10-04T09:41:04.5738822Z Artifact requested-report-preview has been successfully uploaded! Final size is 2509299 bytes. Artifact ID is 11299567952
2026-10-04T09:41:04.5744384Z Artifact download URL: https://github.com/Horororong/quant-marcap-runner/actions/runs/37192667867/artifacts/11299567952
2026-10-04T09:41:04.5862882Z ##[group]Run python -c "import sys; sys.path.insert(0, 'scripts'); import quant_backtest_template_CURRENT as c; c._self_test(); from strategy_dsl_runner import load_project_engine; from pathlib import Path; load_project_engine(Path.cwd())._self_test(); print('TEMPLATE SELF-TESTS: PASS')"
2026-10-04T09:41:04.5865460Z [36;1mpython -c "import sys; sys.path.insert(0, 'scripts'); import quant_backtest_template_CURRENT as c; c._self_test(); from strategy_dsl_runner import load_project_engine; from pathlib import Path; load_project_engine(Path.cwd())._self_test(); print('TEMPLATE SELF-TESTS: PASS')"[0m
2026-10-04T09:41:04.5928384Z shell: /usr/bin/bash -e {0}
2026-10-04T09:41:04.5928647Z env:
2026-10-04T09:41:04.5928918Z   pythonLocation: /opt/hostedtoolcache/Python/3.12.14/x64
2026-10-04T09:41:04.5929361Z   PKG_CONFIG_PATH: /opt/hostedtoolcache/Python/3.12.14/x64/lib/pkgconfig
2026-10-04T09:41:04.5929808Z   Python_ROOT_DIR: /opt/hostedtoolcache/Python/3.12.14/x64
2026-10-04T09:41:04.5930221Z   Python2_ROOT_DIR: /opt/hostedtoolcache/Python/3.12.14/x64
2026-10-04T09:41:04.5930604Z   Python3_ROOT_DIR: /opt/hostedtoolcache/Python/3.12.14/x64
2026-10-04T09:41:04.5931006Z   LD_LIBRARY_PATH: /opt/hostedtoolcache/Python/3.12.14/x64/lib
2026-10-04T09:41:04.5931328Z ##[endgroup]
2026-10-04T09:41:17.2313646Z TEMPLATE SELF-TESTS: PASS
2026-10-04T09:41:17.2913118Z ##[group]Run python scripts/test_krx_history_audit.py
2026-10-04T09:41:17.2913806Z [36;1mpython scripts/test_krx_history_audit.py[0m
2026-10-04T09:41:17.2976425Z shell: /usr/bin/bash -e {0}
2026-10-04T09:41:17.2976924Z env:
2026-10-04T09:41:17.2977389Z   pythonLocation: /opt/hostedtoolcache/Python/3.12.14/x64
2026-10-04T09:41:17.2978169Z   PKG_CONFIG_PATH: /opt/hostedtoolcache/Python/3.12.14/x64/lib/pkgconfig
2026-10-04T09:41:17.2978970Z   Python_ROOT_DIR: /opt/hostedtoolcache/Python/3.12.14/x64
2026-10-04T09:41:17.2979403Z   Python2_ROOT_DIR: /opt/hostedtoolcache/Python/3.12.14/x64
2026-10-04T09:41:17.2979812Z   Python3_ROOT_DIR: /opt/hostedtoolcache/Python/3.12.14/x64
2026-10-04T09:41:17.2980217Z   LD_LIBRARY_PATH: /opt/hostedtoolcache/Python/3.12.14/x64/lib
2026-10-04T09:41:17.2980544Z ##[endgroup]
2026-10-04T09:41:26.0465984Z REAL KRX 2020 HISTORY AUDIT: {"codes": 2426, "candidate_counts": {"close_reference_return_difference": 290, "left_censored_observation_start": 102, "right_censored_observation_end": 38}}
2026-10-04T09:41:26.0467120Z KRX HISTORY COVERAGE AND DIAGNOSTICS: PASS
2026-10-04T09:41:26.1146115Z ##[group]Run python scripts/test_held_return_guard.py
2026-10-04T09:41:26.1146554Z [36;1mpython scripts/test_held_return_guard.py[0m
2026-10-04T09:41:26.1210923Z shell: /usr/bin/bash -e {0}
2026-10-04T09:41:26.1211190Z env:
2026-10-04T09:41:26.1211472Z   pythonLocation: /opt/hostedtoolcache/Python/3.12.14/x64
2026-10-04T09:41:26.1211934Z   PKG_CONFIG_PATH: /opt/hostedtoolcache/Python/3.12.14/x64/lib/pkgconfig
2026-10-04T09:41:26.1212387Z   Python_ROOT_DIR: /opt/hostedtoolcache/Python/3.12.14/x64
2026-10-04T09:41:26.1212781Z   Python2_ROOT_DIR: /opt/hostedtoolcache/Python/3.12.14/x64
2026-10-04T09:41:26.1213177Z   Python3_ROOT_DIR: /opt/hostedtoolcache/Python/3.12.14/x64
2026-10-04T09:41:26.1213848Z   LD_LIBRARY_PATH: /opt/hostedtoolcache/Python/3.12.14/x64/lib
2026-10-04T09:41:26.1214191Z ##[endgroup]
2026-10-04T09:41:34.3364171Z HELD RETURN GUARD AND REAL ECOPRO SPLIT E2E: PASS
2026-10-04T09:41:34.4092995Z ##[group]Run python scripts/test_corporate_action_reconciliation.py
2026-10-04T09:41:34.4093826Z [36;1mpython scripts/test_corporate_action_reconciliation.py[0m
2026-10-04T09:41:34.4156945Z shell: /usr/bin/bash -e {0}
2026-10-04T09:41:34.4157209Z env:
2026-10-04T09:41:34.4157478Z   pythonLocation: /opt/hostedtoolcache/Python/3.12.14/x64
2026-10-04T09:41:34.4157922Z   PKG_CONFIG_PATH: /opt/hostedtoolcache/Python/3.12.14/x64/lib/pkgconfig
2026-10-04T09:41:34.4158370Z   Python_ROOT_DIR: /opt/hostedtoolcache/Python/3.12.14/x64
2026-10-04T09:41:34.4158756Z   Python2_ROOT_DIR: /opt/hostedtoolcache/Python/3.12.14/x64
2026-10-04T09:41:34.4159151Z   Python3_ROOT_DIR: /opt/hostedtoolcache/Python/3.12.14/x64
2026-10-04T09:41:34.4159541Z   LD_LIBRARY_PATH: /opt/hostedtoolcache/Python/3.12.14/x64/lib
2026-10-04T09:41:34.4160152Z ##[endgroup]
2026-10-04T09:41:52.4930783Z CORPORATE ACTION RECONCILIATION AND REAL SHARE-CLASS E2E: PASS
2026-10-04T09:41:52.5671158Z ##[group]Run python scripts/test_krx_market_normalization.py
2026-10-04T09:41:52.5671618Z [36;1mpython scripts/test_krx_market_normalization.py[0m
2026-10-04T09:41:52.5735142Z shell: /usr/bin/bash -e {0}
2026-10-04T09:41:52.5735402Z env:
2026-10-04T09:41:52.5735772Z   pythonLocation: /opt/hostedtoolcache/Python/3.12.14/x64
2026-10-04T09:41:52.5736415Z   PKG_CONFIG_PATH: /opt/hostedtoolcache/Python/3.12.14/x64/lib/pkgconfig
2026-10-04T09:41:52.5737006Z   Python_ROOT_DIR: /opt/hostedtoolcache/Python/3.12.14/x64
2026-10-04T09:41:52.5737475Z   Python2_ROOT_DIR: /opt/hostedtoolcache/Python/3.12.14/x64
2026-10-04T09:41:52.5738097Z   Python3_ROOT_DIR: /opt/hostedtoolcache/Python/3.12.14/x64
2026-10-04T09:41:52.5738576Z   LD_LIBRARY_PATH: /opt/hostedtoolcache/Python/3.12.14/x64/lib
2026-10-04T09:41:52.5739038Z ##[endgroup]
2026-10-04T09:42:02.6249568Z KRX MARKET NORMALIZATION, EXACT RESTORATION AND BOTH PUBLIC MODES: PASS
2026-10-04T09:42:02.7078277Z ##[group]Run python scripts/test_verified_autumn_splits.py scripts/krx_market_normalization.py scripts/repair_krx_market_segments.py scripts/update_krx_equities_daily.py scripts/test_krx_market_normalization.py
2026-10-04T09:42:02.7079964Z [36;1mpython scripts/test_verified_autumn_splits.py scripts/krx_market_normalization.py scripts/repair_krx_market_segments.py scripts/update_krx_equities_daily.py scripts/test_krx_market_normalization.py[0m
2026-10-04T09:42:02.7143258Z shell: /usr/bin/bash -e {0}
2026-10-04T09:42:02.7143886Z env:
2026-10-04T09:42:02.7144310Z   pythonLocation: /opt/hostedtoolcache/Python/3.12.14/x64
2026-10-04T09:42:02.7144945Z   PKG_CONFIG_PATH: /opt/hostedtoolcache/Python/3.12.14/x64/lib/pkgconfig
2026-10-04T09:42:02.7145475Z   Python_ROOT_DIR: /opt/hostedtoolcache/Python/3.12.14/x64
2026-10-04T09:42:02.7146065Z   Python2_ROOT_DIR: /opt/hostedtoolcache/Python/3.12.14/x64
2026-10-04T09:42:02.7146546Z   Python3_ROOT_DIR: /opt/hostedtoolcache/Python/3.12.14/x64
2026-10-04T09:42:02.7147211Z   LD_LIBRARY_PATH: /opt/hostedtoolcache/Python/3.12.14/x64/lib
2026-10-04T09:42:02.7147646Z ##[endgroup]
2026-10-04T09:42:28.3457817Z VERIFIED AUTUMN SPLITS AND BOTH PUBLIC KRX MODES: PASS
2026-10-04T09:42:28.4217354Z ##[group]Run python scripts/test_strategy_dsl_aliases.py
2026-10-04T09:42:28.4217797Z [36;1mpython scripts/test_strategy_dsl_aliases.py[0m
2026-10-04T09:42:28.4280306Z shell: /usr/bin/bash -e {0}
2026-10-04T09:42:28.4280568Z env:
2026-10-04T09:42:28.4280845Z   pythonLocation: /opt/hostedtoolcache/Python/3.12.14/x64
2026-10-04T09:42:28.4281304Z   PKG_CONFIG_PATH: /opt/hostedtoolcache/Python/3.12.14/x64/lib/pkgconfig
2026-10-04T09:42:28.4281747Z   Python_ROOT_DIR: /opt/hostedtoolcache/Python/3.12.14/x64
2026-10-04T09:42:28.4282137Z   Python2_ROOT_DIR: /opt/hostedtoolcache/Python/3.12.14/x64
2026-10-04T09:42:28.4282521Z   Python3_ROOT_DIR: /opt/hostedtoolcache/Python/3.12.14/x64
2026-10-04T09:42:28.4282914Z   LD_LIBRARY_PATH: /opt/hostedtoolcache/Python/3.12.14/x64/lib
2026-10-04T09:42:28.4283257Z ##[endgroup]
2026-10-04T09:42:28.7911641Z STRATEGY DSL ALIAS TEST: PASS
2026-10-04T09:42:28.8348563Z ##[group]Run python scripts/strategy_dsl_runner.py config/strategies/kr_equity_rank_demo.json --validate-only
2026-10-04T09:42:28.8349892Z [36;1mpython scripts/strategy_dsl_runner.py config/strategies/kr_equity_rank_demo.json --validate-only[0m
2026-10-04T09:42:28.8419442Z shell: /usr/bin/bash -e {0}
2026-10-04T09:42:28.8419709Z env:
2026-10-04T09:42:28.8419990Z   pythonLocation: /opt/hostedtoolcache/Python/3.12.14/x64
2026-10-04T09:42:28.8420434Z   PKG_CONFIG_PATH: /opt/hostedtoolcache/Python/3.12.14/x64/lib/pkgconfig
2026-10-04T09:42:28.8420878Z   Python_ROOT_DIR: /opt/hostedtoolcache/Python/3.12.14/x64
2026-10-04T09:42:28.8421264Z   Python2_ROOT_DIR: /opt/hostedtoolcache/Python/3.12.14/x64
2026-10-04T09:42:28.8421661Z   Python3_ROOT_DIR: /opt/hostedtoolcache/Python/3.12.14/x64
2026-10-04T09:42:28.8422047Z   LD_LIBRARY_PATH: /opt/hostedtoolcache/Python/3.12.14/x64/lib
2026-10-04T09:42:28.8422555Z ##[endgroup]
2026-10-04T09:42:29.2789750Z {
2026-10-04T09:42:29.2790378Z   "schema_version": "1.0",
2026-10-04T09:42:29.2790981Z   "strategy_id": "kr_equity_rank_demo",
2026-10-04T09:42:29.2791888Z   "strategy_fingerprint": "b5f95edca5a159de97ff24437496578210a21c6a6afc6c6ca3cca38cf2d67fff",
2026-10-04T09:42:29.2792928Z   "factor_registry_version": "7",
2026-10-04T09:42:29.2793940Z   "execution_engine_version": "v2-16-exec-3",
2026-10-04T09:42:29.2794616Z   "corporate_action_registry_version": "5",
2026-10-04T09:42:29.2795251Z   "dsl_machine_contract_version": "23",
2026-10-04T09:42:29.2795856Z   "preflight_contract_version": "3",
2026-10-04T09:42:29.2796453Z   "history_audit_contract_version": "1",
2026-10-04T09:42:29.2797078Z   "krx_market_normalization_version": "1",
2026-10-04T09:42:29.2797693Z   "project_template_version": "v2-16",
2026-10-04T09:42:29.2798002Z   "performance_template_version": "v2-18",
2026-10-04T09:42:29.2798312Z   "asset_class": "kr_equity",
2026-10-04T09:42:29.2798564Z   "data_contract": {
2026-10-04T09:42:29.2798918Z     "price_universe": "data/krx_equities/yearly/marcap-YYYY.parquet",
2026-10-04T09:42:29.2799309Z     "factor_sources": [
2026-10-04T09:42:29.2799539Z       "krx"
2026-10-04T09:42:29.2799728Z     ],
2026-10-04T09:42:29.2799928Z     "pit_required": true,
2026-10-04T09:42:29.2800428Z     "held_return_reference": "mandatory ChangesRatio/100 at execution; no automatic replacement of NAV returns",
2026-10-04T09:42:29.2800970Z     "held_return_tolerance_bps": 1.0,
2026-10-04T09:42:29.2801547Z     "session_coverage": "exact XKRX sessions in requested period for each requested market; fail on missing or unexpected dates"
2026-10-04T09:42:29.2802123Z   },
2026-10-04T09:42:29.2802311Z   "universe": {
2026-10-04T09:42:29.2802521Z     "markets": [
2026-10-04T09:42:29.2802724Z       "KOSPI",
2026-10-04T09:42:29.2802917Z       "KOSDAQ"
2026-10-04T09:42:29.2803113Z     ],
2026-10-04T09:42:29.2803299Z     "filters": [
2026-10-04T09:42:29.2803738Z       {
2026-10-04T09:42:29.2803946Z         "field": "Amount",
2026-10-04T09:42:29.2804184Z         "op": "gt",
2026-10-04T09:42:29.2804400Z         "value": 0
2026-10-04T09:42:29.2804602Z       },
2026-10-04T09:42:29.2804786Z       {
2026-10-04T09:42:29.2804990Z         "field": "Marcap",
2026-10-04T09:42:29.2805241Z         "op": "exclude_bottom_pct",
2026-10-04T09:42:29.2805505Z         "value": 20
2026-10-04T09:42:29.2805716Z       }
2026-10-04T09:42:29.2805898Z     ],
2026-10-04T09:42:29.2806104Z     "require_tradable_on_signal": true
2026-10-04T09:42:29.2806379Z   },
2026-10-04T09:42:29.2806565Z   "factors": [
2026-10-04T09:42:29.2806766Z     {
2026-10-04T09:42:29.2806957Z       "name": "size",
2026-10-04T09:42:29.2807178Z       "source": "krx",
2026-10-04T09:42:29.2807408Z       "field": "Marcap",
2026-10-04T09:42:29.2807654Z       "direction": "low",
2026-10-04T09:42:29.2807885Z       "weight": 1.0,
2026-10-04T09:42:29.2808116Z       "transform": "identity"
2026-10-04T09:42:29.2808360Z     },
2026-10-04T09:42:29.2808536Z     {
2026-10-04T09:42:29.2808718Z       "name": "liquidity",
2026-10-04T09:42:29.2809288Z       "source": "krx",
2026-10-04T09:42:29.2809516Z       "field": "Amount",
2026-10-04T09:42:29.2809733Z       "direction": "high",
2026-10-04T09:42:29.2809952Z       "weight": 0.25,
2026-10-04T09:42:29.2810166Z       "transform": "log1p"
2026-10-04T09:42:29.2810375Z     }
2026-10-04T09:42:29.2810542Z   ],
2026-10-04T09:42:29.2810730Z   "factor_contracts": [
2026-10-04T09:42:29.2810939Z     {
2026-10-04T09:42:29.2811119Z       "name": "size",
2026-10-04T09:42:29.2811323Z       "source": "krx",
2026-10-04T09:42:29.2811528Z       "field": "Marcap",
2026-10-04T09:42:29.2811750Z       "storage": "panel",
2026-10-04T09:42:29.2812026Z       "description": "signal-date market capitalization"
2026-10-04T09:42:29.2812332Z     },
2026-10-04T09:42:29.2812506Z     {
2026-10-04T09:42:29.2812688Z       "name": "liquidity",
2026-10-04T09:42:29.2812910Z       "source": "krx",
2026-10-04T09:42:29.2813295Z       "field": "Amount",
2026-10-04T09:42:29.2813735Z       "storage": "panel",
2026-10-04T09:42:29.2814008Z       "description": "signal-date traded amount"
2026-10-04T09:42:29.2814286Z     }
2026-10-04T09:42:29.2814452Z   ],
2026-10-04T09:42:29.2814636Z   "filter_contracts": [
2026-10-04T09:42:29.2814841Z     {
2026-10-04T09:42:29.2815020Z       "field": "Amount",
2026-10-04T09:42:29.2815235Z       "source": "krx",
2026-10-04T09:42:29.2815445Z       "storage": "panel",
2026-10-04T09:42:29.2815697Z       "description": "signal-date traded amount"
2026-10-04T09:42:29.2815964Z     },
2026-10-04T09:42:29.2816133Z     {
2026-10-04T09:42:29.2816314Z       "field": "Marcap",
2026-10-04T09:42:29.2816526Z       "source": "krx",
2026-10-04T09:42:29.2816733Z       "storage": "panel",
2026-10-04T09:42:29.2817002Z       "description": "signal-date market capitalization"
2026-10-04T09:42:29.2817290Z     }
2026-10-04T09:42:29.2817466Z   ],
2026-10-04T09:42:29.2817644Z   "benchmark": null,
2026-10-04T09:42:29.2817859Z   "portfolio": {
2026-10-04T09:42:29.2818075Z     "number_of_positions": 20,
2026-10-04T09:42:29.2818313Z     "weighting": "equal",
2026-10-04T09:42:29.2818536Z     "selection": "top_n"
2026-10-04T09:42:29.2818753Z   },
2026-10-04T09:42:29.2818936Z   "decile_contract": null,
2026-10-04T09:42:29.2819156Z   "rebalance": {
2026-10-04T09:42:29.2819363Z     "frequency": "months",
2026-10-04T09:42:29.2819582Z     "months": [
2026-10-04T09:42:29.2819774Z       4,
2026-10-04T09:42:29.2819948Z       10
2026-10-04T09:42:29.2820117Z     ],
2026-10-04T09:42:29.2820306Z     "trading_day": "last"
2026-10-04T09:42:29.2820519Z   },
2026-10-04T09:42:29.2820692Z   "execution": {
2026-10-04T09:42:29.2820900Z     "lag_sessions": 1,
2026-10-04T09:42:29.2821117Z     "price": "next_close"
2026-10-04T09:42:29.2821326Z   },
2026-10-04T09:42:29.2821511Z   "cost_scenarios": {
2026-10-04T09:42:29.2821714Z     "base": {
2026-10-04T09:42:29.2821920Z       "commission_bps": 1.5,
2026-10-04T09:42:29.2822157Z       "sell_tax_bps": 15.0,
2026-10-04T09:42:29.2822391Z       "spread_bps": 3.0,
2026-10-04T09:42:29.2822620Z       "slippage_bps": 5.0,
2026-10-04T09:42:29.2822859Z       "market_impact_bps": 0.0
2026-10-04T09:42:29.2823085Z     }
2026-10-04T09:42:29.2823259Z   },
2026-10-04T09:42:29.2823639Z   "period": {
2026-10-04T09:42:29.2823848Z     "start": "2021-01-01",
2026-10-04T09:42:29.2824085Z     "end": "2026-08-31",
2026-10-04T09:42:29.2824306Z     "book_start": "2021-01-01",
2026-10-04T09:42:29.2824552Z     "book_end": "2026-08-31",
2026-10-04T09:42:29.2824783Z     "as_of_date": "2026-09-30"
2026-10-04T09:42:29.2825002Z   },
2026-10-04T09:42:29.2825193Z   "initial_capital": 10000000.0,
2026-10-04T09:42:29.2825558Z   "canonical_metrics_source": "scripts/quant_backtest_template_CURRENT.py",
2026-10-04T09:42:29.2826072Z   "project_engine": "scripts/quant_backtest_template_PROJECT_v2-16_CURRENT.py"
2026-10-04T09:42:29.2826463Z }
2026-10-04T09:42:29.3323952Z ##[group]Run python scripts/test_strategy_dsl_preflight.py
2026-10-04T09:42:29.3324738Z [36;1mpython scripts/test_strategy_dsl_preflight.py[0m
2026-10-04T09:42:29.3411034Z shell: /usr/bin/bash -e {0}
2026-10-04T09:42:29.3411304Z env:
2026-10-04T09:42:29.3411590Z   pythonLocation: /opt/hostedtoolcache/Python/3.12.14/x64
2026-10-04T09:42:29.3412045Z   PKG_CONFIG_PATH: /opt/hostedtoolcache/Python/3.12.14/x64/lib/pkgconfig
2026-10-04T09:42:29.3412493Z   Python_ROOT_DIR: /opt/hostedtoolcache/Python/3.12.14/x64
2026-10-04T09:42:29.3412878Z   Python2_ROOT_DIR: /opt/hostedtoolcache/Python/3.12.14/x64
2026-10-04T09:42:29.3413272Z   Python3_ROOT_DIR: /opt/hostedtoolcache/Python/3.12.14/x64
2026-10-04T09:42:29.3413984Z   LD_LIBRARY_PATH: /opt/hostedtoolcache/Python/3.12.14/x64/lib
2026-10-04T09:42:29.3414684Z ##[endgroup]
2026-10-04T09:42:34.7769884Z STRATEGY DSL PREFLIGHT TEST: PASS
2026-10-04T09:42:34.8433230Z ##[group]Run python scripts/test_corporate_action_preflight.py
2026-10-04T09:42:34.8434132Z [36;1mpython scripts/test_corporate_action_preflight.py[0m
2026-10-04T09:42:34.8496515Z shell: /usr/bin/bash -e {0}
2026-10-04T09:42:34.8496771Z env:
2026-10-04T09:42:34.8497049Z   pythonLocation: /opt/hostedtoolcache/Python/3.12.14/x64
2026-10-04T09:42:34.8497494Z   PKG_CONFIG_PATH: /opt/hostedtoolcache/Python/3.12.14/x64/lib/pkgconfig
2026-10-04T09:42:34.8497935Z   Python_ROOT_DIR: /opt/hostedtoolcache/Python/3.12.14/x64
2026-10-04T09:42:34.8498322Z   Python2_ROOT_DIR: /opt/hostedtoolcache/Python/3.12.14/x64
2026-10-04T09:42:34.8498712Z   Python3_ROOT_DIR: /opt/hostedtoolcache/Python/3.12.14/x64
2026-10-04T09:42:34.8499125Z   LD_LIBRARY_PATH: /opt/hostedtoolcache/Python/3.12.14/x64/lib
2026-10-04T09:42:34.8499451Z ##[endgroup]
2026-10-04T09:42:53.1180002Z KNOWN CORPORATE-ACTION PREFLIGHT: PASS — real top_n/decile selection, exact lag, event-day order, successor lineage, source-only fast path and no NAV
2026-10-04T09:42:53.1867862Z ##[group]Run python scripts/test_strategy_dsl_benchmark.py
2026-10-04T09:42:53.1868317Z [36;1mpython scripts/test_strategy_dsl_benchmark.py[0m
2026-10-04T09:42:53.1930611Z shell: /usr/bin/bash -e {0}
2026-10-04T09:42:53.1930871Z env:
2026-10-04T09:42:53.1931148Z   pythonLocation: /opt/hostedtoolcache/Python/3.12.14/x64
2026-10-04T09:42:53.1931599Z   PKG_CONFIG_PATH: /opt/hostedtoolcache/Python/3.12.14/x64/lib/pkgconfig
2026-10-04T09:42:53.1932052Z   Python_ROOT_DIR: /opt/hostedtoolcache/Python/3.12.14/x64
2026-10-04T09:42:53.1932443Z   Python2_ROOT_DIR: /opt/hostedtoolcache/Python/3.12.14/x64
2026-10-04T09:42:53.1932842Z   Python3_ROOT_DIR: /opt/hostedtoolcache/Python/3.12.14/x64
2026-10-04T09:42:53.1933250Z   LD_LIBRARY_PATH: /opt/hostedtoolcache/Python/3.12.14/x64/lib
2026-10-04T09:42:53.1933727Z ##[endgroup]
2026-10-04T09:42:56.1578774Z STRATEGY DSL BENCHMARK TEST: PASS
2026-10-04T09:42:56.2292520Z ##[group]Run python scripts/test_strategy_dsl_deciles.py
2026-10-04T09:42:56.2292971Z [36;1mpython scripts/test_strategy_dsl_deciles.py[0m
2026-10-04T09:42:56.2355240Z shell: /usr/bin/bash -e {0}
2026-10-04T09:42:56.2355501Z env:
2026-10-04T09:42:56.2355786Z   pythonLocation: /opt/hostedtoolcache/Python/3.12.14/x64
2026-10-04T09:42:56.2356237Z   PKG_CONFIG_PATH: /opt/hostedtoolcache/Python/3.12.14/x64/lib/pkgconfig
2026-10-04T09:42:56.2356688Z   Python_ROOT_DIR: /opt/hostedtoolcache/Python/3.12.14/x64
2026-10-04T09:42:56.2357078Z   Python2_ROOT_DIR: /opt/hostedtoolcache/Python/3.12.14/x64
2026-10-04T09:42:56.2357463Z   Python3_ROOT_DIR: /opt/hostedtoolcache/Python/3.12.14/x64
2026-10-04T09:42:56.2357856Z   LD_LIBRARY_PATH: /opt/hostedtoolcache/Python/3.12.14/x64/lib
2026-10-04T09:42:56.2358196Z ##[endgroup]
2026-10-04T09:43:04.9467280Z STRATEGY DSL DECILE CONTRACT AND EXECUTION: PASS
2026-10-04T09:43:05.0115719Z ##[group]Run python scripts/test_dsl_deciles_e2e.py
2026-10-04T09:43:05.0116132Z [36;1mpython scripts/test_dsl_deciles_e2e.py[0m
2026-10-04T09:43:05.0178403Z shell: /usr/bin/bash -e {0}
2026-10-04T09:43:05.0178659Z env:
2026-10-04T09:43:05.0178925Z   pythonLocation: /opt/hostedtoolcache/Python/3.12.14/x64
2026-10-04T09:43:05.0179368Z   PKG_CONFIG_PATH: /opt/hostedtoolcache/Python/3.12.14/x64/lib/pkgconfig
2026-10-04T09:43:05.0179824Z   Python_ROOT_DIR: /opt/hostedtoolcache/Python/3.12.14/x64
2026-10-04T09:43:05.0180207Z   Python2_ROOT_DIR: /opt/hostedtoolcache/Python/3.12.14/x64
2026-10-04T09:43:05.0180593Z   Python3_ROOT_DIR: /opt/hostedtoolcache/Python/3.12.14/x64
2026-10-04T09:43:05.0180977Z   LD_LIBRARY_PATH: /opt/hostedtoolcache/Python/3.12.14/x64/lib
2026-10-04T09:43:05.0181295Z ##[endgroup]
2026-10-04T09:43:11.4729124Z STRATEGY DSL REAL KRX DECILE E2E: PASS
2026-10-04T09:43:11.5474823Z ##[group]Run python scripts/test_krx_technical_factor_adapter.py
2026-10-04T09:43:11.5475325Z [36;1mpython scripts/test_krx_technical_factor_adapter.py[0m
2026-10-04T09:43:11.5538059Z shell: /usr/bin/bash -e {0}
2026-10-04T09:43:11.5538312Z env:
2026-10-04T09:43:11.5538588Z   pythonLocation: /opt/hostedtoolcache/Python/3.12.14/x64
2026-10-04T09:43:11.5539037Z   PKG_CONFIG_PATH: /opt/hostedtoolcache/Python/3.12.14/x64/lib/pkgconfig
2026-10-04T09:43:11.5539472Z   Python_ROOT_DIR: /opt/hostedtoolcache/Python/3.12.14/x64
2026-10-04T09:43:11.5540032Z   Python2_ROOT_DIR: /opt/hostedtoolcache/Python/3.12.14/x64
2026-10-04T09:43:11.5540425Z   Python3_ROOT_DIR: /opt/hostedtoolcache/Python/3.12.14/x64
2026-10-04T09:43:11.5540817Z   LD_LIBRARY_PATH: /opt/hostedtoolcache/Python/3.12.14/x64/lib
2026-10-04T09:43:11.5541142Z ##[endgroup]
2026-10-04T09:43:12.1062618Z KRX TECHNICAL FACTOR ADAPTER TEST: PASS
2026-10-04T09:43:12.1638372Z ##[group]Run python scripts/test_krx_volatility_factor_adapter.py
2026-10-04T09:43:12.1638884Z [36;1mpython scripts/test_krx_volatility_factor_adapter.py[0m
2026-10-04T09:43:12.1701870Z shell: /usr/bin/bash -e {0}
2026-10-04T09:43:12.1702313Z env:
2026-10-04T09:43:12.1702803Z   pythonLocation: /opt/hostedtoolcache/Python/3.12.14/x64
2026-10-04T09:43:12.1703280Z   PKG_CONFIG_PATH: /opt/hostedtoolcache/Python/3.12.14/x64/lib/pkgconfig
2026-10-04T09:43:12.1704059Z   Python_ROOT_DIR: /opt/hostedtoolcache/Python/3.12.14/x64
2026-10-04T09:43:12.1704470Z   Python2_ROOT_DIR: /opt/hostedtoolcache/Python/3.12.14/x64
2026-10-04T09:43:12.1704911Z   Python3_ROOT_DIR: /opt/hostedtoolcache/Python/3.12.14/x64
2026-10-04T09:43:12.1705319Z   LD_LIBRARY_PATH: /opt/hostedtoolcache/Python/3.12.14/x64/lib
2026-10-04T09:43:12.1705665Z ##[endgroup]
2026-10-04T09:43:12.7203853Z KRX VOLATILITY FACTOR ADAPTER TEST: PASS
2026-10-04T09:43:12.7781135Z ##[group]Run python scripts/test_factor_registry.py
2026-10-04T09:43:12.7781847Z [36;1mpython scripts/test_factor_registry.py[0m
2026-10-04T09:43:12.7857562Z shell: /usr/bin/bash -e {0}
2026-10-04T09:43:12.7857832Z env:
2026-10-04T09:43:12.7858106Z   pythonLocation: /opt/hostedtoolcache/Python/3.12.14/x64
2026-10-04T09:43:12.7858578Z   PKG_CONFIG_PATH: /opt/hostedtoolcache/Python/3.12.14/x64/lib/pkgconfig
2026-10-04T09:43:12.7859031Z   Python_ROOT_DIR: /opt/hostedtoolcache/Python/3.12.14/x64
2026-10-04T09:43:12.7859426Z   Python2_ROOT_DIR: /opt/hostedtoolcache/Python/3.12.14/x64
2026-10-04T09:43:12.7859822Z   Python3_ROOT_DIR: /opt/hostedtoolcache/Python/3.12.14/x64
2026-10-04T09:43:12.7860241Z   LD_LIBRARY_PATH: /opt/hostedtoolcache/Python/3.12.14/x64/lib
2026-10-04T09:43:12.7860566Z ##[endgroup]
2026-10-04T09:43:13.2553013Z FACTOR PROVIDER REGISTRY TEST: PASS
2026-10-04T09:43:13.3232645Z ##[group]Run timeout -k 5s 840s python -u scripts/test_dart_custom_rebalance.py --real-data
2026-10-04T09:43:13.3233311Z [36;1mtimeout -k 5s 840s python -u scripts/test_dart_custom_rebalance.py --real-data[0m
2026-10-04T09:43:13.3295709Z shell: /usr/bin/bash -e {0}
2026-10-04T09:43:13.3295961Z env:
2026-10-04T09:43:13.3296236Z   pythonLocation: /opt/hostedtoolcache/Python/3.12.14/x64
2026-10-04T09:43:13.3296696Z   PKG_CONFIG_PATH: /opt/hostedtoolcache/Python/3.12.14/x64/lib/pkgconfig
2026-10-04T09:43:13.3297142Z   Python_ROOT_DIR: /opt/hostedtoolcache/Python/3.12.14/x64
2026-10-04T09:43:13.3297535Z   Python2_ROOT_DIR: /opt/hostedtoolcache/Python/3.12.14/x64
2026-10-04T09:43:13.3297933Z   Python3_ROOT_DIR: /opt/hostedtoolcache/Python/3.12.14/x64
2026-10-04T09:43:13.3298332Z   LD_LIBRARY_PATH: /opt/hostedtoolcache/Python/3.12.14/x64/lib
2026-10-04T09:43:13.3298654Z ##[endgroup]
2026-10-04T09:43:13.7898082Z test_all_months_explicit_policy_and_legacy_fingerprint (__main__.QuarterTests.test_all_months_explicit_policy_and_legacy_fingerprint) ... ok
2026-10-04T09:43:13.7909588Z test_candidate_window_and_year_boundary (__main__.QuarterTests.test_candidate_window_and_year_boundary) ... ok
2026-10-04T09:43:13.7924871Z test_dart_filter_inherits_selected_policy (__main__.QuarterTests.test_dart_filter_inherits_selected_policy) ... ok
2026-10-04T09:43:13.8005361Z test_kit_collects_actual_policy_dependencies (__main__.QuarterTests.test_kit_collects_actual_policy_dependencies) ... ok
2026-10-04T09:43:13.8274168Z test_latest_incomplete_report_cannot_fall_back_to_older_complete_quarter (__main__.QuarterTests.test_latest_incomplete_report_cannot_fall_back_to_older_complete_quarter) ... ok
2026-10-04T09:43:13.8281970Z test_missing_coverage_blocks_before_snapshot (__main__.QuarterTests.test_missing_coverage_blocks_before_snapshot) ... ok
2026-10-04T09:43:13.8402540Z test_missing_dependency_stays_nan (__main__.QuarterTests.test_missing_dependency_stays_nan) ... ok
2026-10-04T09:43:13.8591350Z test_newer_scope_report_beats_older_complete_scope (__main__.QuarterTests.test_newer_scope_report_beats_older_complete_scope) ... ok
2026-10-04T09:43:13.8988953Z test_no_cross_scope_subtraction_and_complete_ofs_fallback (__main__.QuarterTests.test_no_cross_scope_subtraction_and_complete_ofs_fallback) ... ok
2026-10-04T09:43:13.9348256Z test_predecessor_correction_date_is_not_hidden (__main__.QuarterTests.test_predecessor_correction_date_is_not_hidden) ... ok
2026-10-04T09:43:13.9588753Z test_q1_and_late_correction_are_pit (__main__.QuarterTests.test_q1_and_late_correction_are_pit) ... ok
2026-10-04T09:43:14.0288229Z test_q2_q3_and_q4_formulas (__main__.QuarterTests.test_q2_q3_and_q4_formulas) ... ok
2026-10-04T09:43:14.0525530Z test_report_with_no_registered_accounts_is_not_hidden (__main__.QuarterTests.test_report_with_no_registered_accounts_is_not_hidden) ... ok
2026-10-04T09:43:14.0943765Z test_shared_ranking_deciles_and_coverage_receive_policy (__main__.QuarterTests.test_shared_ranking_deciles_and_coverage_receive_policy) ... ok
2026-10-04T09:43:14.0944979Z 
2026-10-04T09:43:14.0945308Z ----------------------------------------------------------------------
2026-10-04T09:43:14.0946049Z Ran 14 tests in 0.315s
2026-10-04T09:43:14.0946344Z 
2026-10-04T09:43:14.0946519Z OK
2026-10-04T09:43:22.8241649Z REAL MAY 2020 DART Q1 SOURCE ORACLE: PASS 20200515001451
2026-10-04T09:43:22.8331288Z REAL CUSTOM-MONTH CHECKED NAV: START
2026-10-04T09:43:52.8348352Z REAL CUSTOM-MONTH CHECKED NAV: RUNNING 30s phase=execution
2026-10-04T09:44:22.8356689Z REAL CUSTOM-MONTH CHECKED NAV: RUNNING 60s phase=execution
2026-10-04T09:44:52.8365880Z REAL CUSTOM-MONTH CHECKED NAV: RUNNING 90s phase=execution
2026-10-04T09:45:22.8371395Z REAL CUSTOM-MONTH CHECKED NAV: RUNNING 120s phase=execution
2026-10-04T09:45:52.8387833Z REAL CUSTOM-MONTH CHECKED NAV: RUNNING 150s phase=execution
2026-10-04T09:46:22.8393915Z REAL CUSTOM-MONTH CHECKED NAV: RUNNING 180s phase=execution
2026-10-04T09:46:52.8413949Z REAL CUSTOM-MONTH CHECKED NAV: RUNNING 210s phase=execution
2026-10-04T09:47:22.8434714Z REAL CUSTOM-MONTH CHECKED NAV: RUNNING 240s phase=execution
2026-10-04T09:47:52.8451461Z REAL CUSTOM-MONTH CHECKED NAV: RUNNING 270s phase=execution
2026-10-04T09:48:14.8102844Z REAL CUSTOM-MONTH CHECKED NAV: PASS (May signal, June t+1, Q1 PIT, validated NAV)
2026-10-04T09:48:14.8886584Z ##[group]Run python scripts/test_cash_share_exchange.py
2026-10-04T09:48:14.8887020Z [36;1mpython scripts/test_cash_share_exchange.py[0m
2026-10-04T09:48:14.8949449Z shell: /usr/bin/bash -e {0}
2026-10-04T09:48:14.8949709Z env:
2026-10-04T09:48:14.8949980Z   pythonLocation: /opt/hostedtoolcache/Python/3.12.14/x64
2026-10-04T09:48:14.8950426Z   PKG_CONFIG_PATH: /opt/hostedtoolcache/Python/3.12.14/x64/lib/pkgconfig
2026-10-04T09:48:14.8950871Z   Python_ROOT_DIR: /opt/hostedtoolcache/Python/3.12.14/x64
2026-10-04T09:48:14.8951271Z   Python2_ROOT_DIR: /opt/hostedtoolcache/Python/3.12.14/x64
2026-10-04T09:48:14.8951656Z   Python3_ROOT_DIR: /opt/hostedtoolcache/Python/3.12.14/x64
2026-10-04T09:48:14.8952051Z   LD_LIBRARY_PATH: /opt/hostedtoolcache/Python/3.12.14/x64/lib
2026-10-04T09:48:14.8952373Z ##[endgroup]
2026-10-04T09:48:25.1300334Z CASH EXCHANGE: PASS — independent two-book share/cash oracle, costs, pending liquidity, multiple claims, payment timing, public cost/decile modes and actual evidence gap
2026-10-04T09:48:25.2010624Z ##[group]Run python scripts/test_corporate_action_execution.py
2026-10-04T09:48:25.2011114Z [36;1mpython scripts/test_corporate_action_execution.py[0m
2026-10-04T09:48:25.2074129Z shell: /usr/bin/bash -e {0}
2026-10-04T09:48:25.2074396Z env:
2026-10-04T09:48:25.2074673Z   pythonLocation: /opt/hostedtoolcache/Python/3.12.14/x64
2026-10-04T09:48:25.2075131Z   PKG_CONFIG_PATH: /opt/hostedtoolcache/Python/3.12.14/x64/lib/pkgconfig
2026-10-04T09:48:25.2075770Z   Python_ROOT_DIR: /opt/hostedtoolcache/Python/3.12.14/x64
2026-10-04T09:48:25.2076157Z   Python2_ROOT_DIR: /opt/hostedtoolcache/Python/3.12.14/x64
2026-10-04T09:48:25.2076549Z   Python3_ROOT_DIR: /opt/hostedtoolcache/Python/3.12.14/x64
2026-10-04T09:48:25.2076939Z   LD_LIBRARY_PATH: /opt/hostedtoolcache/Python/3.12.14/x64/lib
2026-10-04T09:48:25.2077267Z ##[endgroup]
2026-10-04T09:48:25.6259603Z CORPORATE ACTION EXECUTION TEST: PASS
2026-10-04T09:48:25.6801061Z ##[group]Run python scripts/test_strategy_dsl.py
2026-10-04T09:48:25.6801469Z [36;1mpython scripts/test_strategy_dsl.py[0m
2026-10-04T09:48:25.6863664Z shell: /usr/bin/bash -e {0}
2026-10-04T09:48:25.6863937Z env:
2026-10-04T09:48:25.6864208Z   pythonLocation: /opt/hostedtoolcache/Python/3.12.14/x64
2026-10-04T09:48:25.6864669Z   PKG_CONFIG_PATH: /opt/hostedtoolcache/Python/3.12.14/x64/lib/pkgconfig
2026-10-04T09:48:25.6865126Z   Python_ROOT_DIR: /opt/hostedtoolcache/Python/3.12.14/x64
2026-10-04T09:48:25.6865532Z   Python2_ROOT_DIR: /opt/hostedtoolcache/Python/3.12.14/x64
2026-10-04T09:48:25.6865934Z   Python3_ROOT_DIR: /opt/hostedtoolcache/Python/3.12.14/x64
2026-10-04T09:48:25.6866325Z   LD_LIBRARY_PATH: /opt/hostedtoolcache/Python/3.12.14/x64/lib
2026-10-04T09:48:25.6866651Z ##[endgroup]
2026-10-04T09:48:26.3723651Z STRATEGY DSL TEST: PASS
2026-10-04T09:48:26.4262333Z ##[group]Run python scripts/test_dart_dsl_super_value.py
2026-10-04T09:48:26.4262778Z [36;1mpython scripts/test_dart_dsl_super_value.py[0m
2026-10-04T09:48:26.4324625Z shell: /usr/bin/bash -e {0}
2026-10-04T09:48:26.4324891Z env:
2026-10-04T09:48:26.4325166Z   pythonLocation: /opt/hostedtoolcache/Python/3.12.14/x64
2026-10-04T09:48:26.4325631Z   PKG_CONFIG_PATH: /opt/hostedtoolcache/Python/3.12.14/x64/lib/pkgconfig
2026-10-04T09:48:26.4326092Z   Python_ROOT_DIR: /opt/hostedtoolcache/Python/3.12.14/x64
2026-10-04T09:48:26.4326482Z   Python2_ROOT_DIR: /opt/hostedtoolcache/Python/3.12.14/x64
2026-10-04T09:48:26.4326875Z   Python3_ROOT_DIR: /opt/hostedtoolcache/Python/3.12.14/x64
2026-10-04T09:48:26.4327277Z   LD_LIBRARY_PATH: /opt/hostedtoolcache/Python/3.12.14/x64/lib
2026-10-04T09:48:26.4327601Z ##[endgroup]
2026-10-04T09:57:25.3254633Z DART DSL SUPER VALUE INTEGRATION: PASS
2026-10-04T09:57:25.3255103Z signals: ['2020-04-29', '2020-10-30']
2026-10-04T09:57:25.3867314Z ##[group]Run python scripts/test_dsl_execution_e2e.py
2026-10-04T09:57:25.3867737Z [36;1mpython scripts/test_dsl_execution_e2e.py[0m
2026-10-04T09:57:25.3930939Z shell: /usr/bin/bash -e {0}
2026-10-04T09:57:25.3931199Z env:
2026-10-04T09:57:25.3931467Z   pythonLocation: /opt/hostedtoolcache/Python/3.12.14/x64
2026-10-04T09:57:25.3931915Z   PKG_CONFIG_PATH: /opt/hostedtoolcache/Python/3.12.14/x64/lib/pkgconfig
2026-10-04T09:57:25.3932346Z   Python_ROOT_DIR: /opt/hostedtoolcache/Python/3.12.14/x64
2026-10-04T09:57:25.3932729Z   Python2_ROOT_DIR: /opt/hostedtoolcache/Python/3.12.14/x64
2026-10-04T09:57:25.3933111Z   Python3_ROOT_DIR: /opt/hostedtoolcache/Python/3.12.14/x64
2026-10-04T09:57:25.3933720Z   LD_LIBRARY_PATH: /opt/hostedtoolcache/Python/3.12.14/x64/lib
2026-10-04T09:57:25.3934066Z ##[endgroup]
2026-10-04T10:00:34.1093959Z STRATEGY DSL EXECUTION E2E: PASS
2026-10-04T10:00:34.1814209Z ##[group]Run python scripts/test_dsl_run_e2e.py
2026-10-04T10:00:34.1814631Z [36;1mpython scripts/test_dsl_run_e2e.py[0m
2026-10-04T10:00:34.1877086Z shell: /usr/bin/bash -e {0}
2026-10-04T10:00:34.1877355Z env:
2026-10-04T10:00:34.1877632Z   pythonLocation: /opt/hostedtoolcache/Python/3.12.14/x64
2026-10-04T10:00:34.1878092Z   PKG_CONFIG_PATH: /opt/hostedtoolcache/Python/3.12.14/x64/lib/pkgconfig
2026-10-04T10:00:34.1878542Z   Python_ROOT_DIR: /opt/hostedtoolcache/Python/3.12.14/x64
2026-10-04T10:00:34.1878928Z   Python2_ROOT_DIR: /opt/hostedtoolcache/Python/3.12.14/x64
2026-10-04T10:00:34.1879312Z   Python3_ROOT_DIR: /opt/hostedtoolcache/Python/3.12.14/x64
2026-10-04T10:00:34.1879708Z   LD_LIBRARY_PATH: /opt/hostedtoolcache/Python/3.12.14/x64/lib
2026-10-04T10:00:34.1880034Z ##[endgroup]
2026-10-04T10:04:11.1844490Z CHECKED DSL REAL E2E: PASS (CLI top_n/deciles unchanged, no overwrite, known-event/data gaps before NAV, DART/benchmark/audits)
2026-10-04T10:04:11.2751910Z Post job cleanup.
2026-10-04T10:04:11.3941934Z (node:4657) [DEP0040] DeprecationWarning: The `punycode` module is deprecated. Please use a userland alternative instead.
2026-10-04T10:04:11.3943164Z (Use `node --trace-deprecation ...` to show where the warning was created)
2026-10-04T10:04:11.4158873Z Post job cleanup.
2026-10-04T10:04:11.5224072Z [command]/usr/bin/git version
2026-10-04T10:04:11.5264433Z git version 2.55.0
2026-10-04T10:04:11.5288974Z Temporarily overriding HOME='/home/runner/work/_temp/ab01cc7e-b180-4070-be9d-2105a7ac799f' before making global git config changes
2026-10-04T10:04:11.5290177Z Adding repository directory to the temporary git global config as a safe directory
2026-10-04T10:04:11.5297532Z [command]/usr/bin/git config --global --add safe.directory /home/runner/work/quant-marcap-runner/quant-marcap-runner
2026-10-04T10:04:11.5339866Z [command]/usr/bin/git config --local --name-only --get-regexp core\.sshCommand
2026-10-04T10:04:11.5376179Z [command]/usr/bin/git submodule foreach --recursive sh -c "git config --local --name-only --get-regexp 'core\.sshCommand' && git config --local --unset-all 'core.sshCommand' || :"
2026-10-04T10:04:11.5664322Z [command]/usr/bin/git config --local --name-only --get-regexp http\.https\:\/\/github\.com\/\.extraheader
2026-10-04T10:04:11.5694298Z http.https://github.com/.extraheader
2026-10-04T10:04:11.5701750Z [command]/usr/bin/git config --local --unset-all http.https://github.com/.extraheader
2026-10-04T10:04:11.5749669Z [command]/usr/bin/git submodule foreach --recursive sh -c "git config --local --name-only --get-regexp 'http\.https\:\/\/github\.com\/\.extraheader' && git config --local --unset-all 'http.https://github.com/.extraheader' || :"
2026-10-04T10:04:11.6012653Z [command]/usr/bin/git config --local --name-only --get-regexp ^includeIf\.gitdir:
2026-10-04T10:04:11.6056002Z [command]/usr/bin/git submodule foreach --recursive git config --local --show-origin --name-only --get-regexp remote.origin.url
2026-10-04T10:04:11.6467705Z Cleaning up orphan processes
2026-10-04T10:04:11.6767904Z ##[warning]Node.js 20 is deprecated. The following actions target Node.js 20 but are being forced to run on Node.js 24: actions/checkout@v4, actions/setup-python@v5, actions/upload-artifact@v4. For more information see: https://github.blog/changelog/2025-09-19-deprecation-of-node-20-on-github-actions-runners/

