2026-10-04T15:19:52.7512932Z Current runner version: '2.337.0'
2026-10-04T15:19:52.7538586Z ##[group]Runner Image Provisioner
2026-10-04T15:19:52.7539419Z Hosted Compute Agent
2026-10-04T15:19:52.7540172Z Version: 20260901.588
2026-10-04T15:19:52.7540828Z Commit: f88ec8081b781fac6c440065ac7ff9e710ce3d0b
2026-10-04T15:19:52.7541659Z Build Date: 2026-09-01T19:56:44Z
2026-10-04T15:19:52.7542364Z Worker ID: {ccbb6112-ad9c-4c21-a4b3-68d0c84f9a4e}
2026-10-04T15:19:52.7543073Z Azure Region: eastus2
2026-10-04T15:19:52.7543716Z ##[endgroup]
2026-10-04T15:19:52.7545563Z ##[group]Operating System
2026-10-04T15:19:52.7546512Z Ubuntu
2026-10-04T15:19:52.7547114Z 24.04.5
2026-10-04T15:19:52.7547631Z LTS
2026-10-04T15:19:52.7548241Z ##[endgroup]
2026-10-04T15:19:52.7548807Z ##[group]Runner Image
2026-10-04T15:19:52.7549464Z Image: ubuntu-24.04
2026-10-04T15:19:52.7550055Z Version: 20260927.320.1
2026-10-04T15:19:52.7551329Z Included Software: https://github.com/actions/runner-images/blob/ubuntu24/20260927.320/images/ubuntu/Ubuntu2404-Readme.md
2026-10-04T15:19:52.7552922Z Image Release: https://github.com/actions/runner-images/releases/tag/ubuntu24%2F20260927.320
2026-10-04T15:19:52.7553970Z ##[endgroup]
2026-10-04T15:19:52.7555079Z ##[group]GITHUB_TOKEN Permissions
2026-10-04T15:19:52.7557576Z Contents: read
2026-10-04T15:19:52.7558226Z Metadata: read
2026-10-04T15:19:52.7558801Z ##[endgroup]
2026-10-04T15:19:52.7560941Z Secret source: Actions
2026-10-04T15:19:52.7561923Z Cache mode: write
2026-10-04T15:19:52.7562945Z Prepare workflow directory
2026-10-04T15:19:52.7894049Z Prepare all required actions
2026-10-04T15:19:52.7943186Z Getting action download info
2026-10-04T15:19:53.0182822Z Download action repository 'actions/checkout@v4' (SHA:11d5960a326750d5838078e36cf38b85af677262)
2026-10-04T15:19:53.1351034Z Download action repository 'actions/setup-python@v5' (SHA:a26af69be951a213d495a4c3e4e4022e16d87065)
2026-10-04T15:19:53.2118562Z Download action repository 'actions/upload-artifact@v4' (SHA:ea165f8d65b6e75b540449e92b4886f43607fa02)
2026-10-04T15:19:53.4410259Z Complete job name: test
2026-10-04T15:19:53.5404106Z ##[group]Run actions/checkout@v4
2026-10-04T15:19:53.5405018Z with:
2026-10-04T15:19:53.5405517Z   repository: Horororong/quant-marcap-runner
2026-10-04T15:19:53.5409671Z   token: ***
2026-10-04T15:19:53.5410128Z   ssh-strict: true
2026-10-04T15:19:53.5410563Z   ssh-user: git
2026-10-04T15:19:53.5411005Z   persist-credentials: true
2026-10-04T15:19:53.5411491Z   clean: true
2026-10-04T15:19:53.5411944Z   sparse-checkout-cone-mode: true
2026-10-04T15:19:53.5412470Z   fetch-depth: 1
2026-10-04T15:19:53.5412899Z   fetch-tags: false
2026-10-04T15:19:53.5413344Z   show-progress: true
2026-10-04T15:19:53.5413812Z   lfs: false
2026-10-04T15:19:53.5414234Z   submodules: false
2026-10-04T15:19:53.5414680Z   set-safe-directory: true
2026-10-04T15:19:53.5415193Z   allow-unsafe-pr-checkout: false
2026-10-04T15:19:53.5416215Z ##[endgroup]
2026-10-04T15:19:53.6406752Z Syncing repository: Horororong/quant-marcap-runner
2026-10-04T15:19:53.6409080Z ##[group]Getting Git version info
2026-10-04T15:19:53.6410562Z Working directory is '/home/runner/work/quant-marcap-runner/quant-marcap-runner'
2026-10-04T15:19:53.6412559Z [command]/usr/bin/git version
2026-10-04T15:19:53.6497393Z git version 2.55.0
2026-10-04T15:19:53.6525360Z ##[endgroup]
2026-10-04T15:19:53.6542956Z Temporarily overriding HOME='/home/runner/work/_temp/1becb2d8-2e8f-4d16-87f5-118c6ac0397c' before making global git config changes
2026-10-04T15:19:53.6545990Z Adding repository directory to the temporary git global config as a safe directory
2026-10-04T15:19:53.6549683Z [command]/usr/bin/git config --global --add safe.directory /home/runner/work/quant-marcap-runner/quant-marcap-runner
2026-10-04T15:19:53.6608275Z Deleting the contents of '/home/runner/work/quant-marcap-runner/quant-marcap-runner'
2026-10-04T15:19:53.6612379Z ##[group]Initializing the repository
2026-10-04T15:19:53.6616185Z [command]/usr/bin/git init /home/runner/work/quant-marcap-runner/quant-marcap-runner
2026-10-04T15:19:53.6747841Z hint: Using 'master' as the name for the initial branch. This default branch name
2026-10-04T15:19:53.6749281Z hint: will change to "main" in Git 3.0. To configure the initial branch name
2026-10-04T15:19:53.6750218Z hint: to use in all of your new repositories, which will suppress this warning,
2026-10-04T15:19:53.6750960Z hint: call:
2026-10-04T15:19:53.6751495Z hint:
2026-10-04T15:19:53.6752045Z hint: 	git config --global init.defaultBranch <name>
2026-10-04T15:19:53.6752678Z hint:
2026-10-04T15:19:53.6753276Z hint: Names commonly chosen instead of 'master' are 'main', 'trunk' and
2026-10-04T15:19:53.6754211Z hint: 'development'. The just-created branch can be renamed via this command:
2026-10-04T15:19:53.6754955Z hint:
2026-10-04T15:19:53.6755381Z hint: 	git branch -m <name>
2026-10-04T15:19:53.6756282Z hint:
2026-10-04T15:19:53.6756962Z hint: Disable this message with "git config set advice.defaultBranchName false"
2026-10-04T15:19:53.6762884Z Initialized empty Git repository in /home/runner/work/quant-marcap-runner/quant-marcap-runner/.git/
2026-10-04T15:19:53.6773962Z [command]/usr/bin/git remote add origin https://github.com/Horororong/quant-marcap-runner
2026-10-04T15:19:53.6825393Z ##[endgroup]
2026-10-04T15:19:53.6826390Z ##[group]Disabling automatic garbage collection
2026-10-04T15:19:53.6829991Z [command]/usr/bin/git config --local gc.auto 0
2026-10-04T15:19:53.6862187Z ##[endgroup]
2026-10-04T15:19:53.6862934Z ##[group]Setting up auth
2026-10-04T15:19:53.6870532Z [command]/usr/bin/git config --local --name-only --get-regexp core\.sshCommand
2026-10-04T15:19:53.6909063Z [command]/usr/bin/git submodule foreach --recursive sh -c "git config --local --name-only --get-regexp 'core\.sshCommand' && git config --local --unset-all 'core.sshCommand' || :"
2026-10-04T15:19:53.7328215Z [command]/usr/bin/git config --local --name-only --get-regexp http\.https\:\/\/github\.com\/\.extraheader
2026-10-04T15:19:53.7371134Z [command]/usr/bin/git submodule foreach --recursive sh -c "git config --local --name-only --get-regexp 'http\.https\:\/\/github\.com\/\.extraheader' && git config --local --unset-all 'http.https://github.com/.extraheader' || :"
2026-10-04T15:19:53.7615134Z [command]/usr/bin/git config --local --name-only --get-regexp ^includeIf\.gitdir:
2026-10-04T15:19:53.7645217Z [command]/usr/bin/git submodule foreach --recursive git config --local --show-origin --name-only --get-regexp remote.origin.url
2026-10-04T15:19:53.7892664Z [command]/usr/bin/git config --local http.https://github.com/.extraheader AUTHORIZATION: basic ***
2026-10-04T15:19:53.7937108Z ##[endgroup]
2026-10-04T15:19:53.7938527Z ##[group]Fetching the repository
2026-10-04T15:19:53.7950203Z [command]/usr/bin/git -c protocol.version=2 fetch --no-tags --prune --no-recurse-submodules --depth=1 origin +c5231009602f599cf4ee2d17ceaf81fd2860414b:refs/remotes/origin/audit/sourcegap-production-evidence-20261004
2026-10-04T15:20:54.1413255Z From https://github.com/Horororong/quant-marcap-runner
2026-10-04T15:20:54.1414668Z  * [new ref]         c5231009602f599cf4ee2d17ceaf81fd2860414b -> origin/audit/sourcegap-production-evidence-20261004
2026-10-04T15:20:54.1436420Z ##[endgroup]
2026-10-04T15:20:54.1437426Z ##[group]Determining the checkout info
2026-10-04T15:20:54.1438265Z ##[endgroup]
2026-10-04T15:20:54.1439101Z [command]/usr/bin/git sparse-checkout disable
2026-10-04T15:20:54.1795898Z [command]/usr/bin/git config --local --unset-all extensions.worktreeConfig
2026-10-04T15:20:54.1834282Z ##[group]Checking out the ref
2026-10-04T15:20:54.1835174Z [command]/usr/bin/git checkout --progress --force -B audit/sourcegap-production-evidence-20261004 refs/remotes/origin/audit/sourcegap-production-evidence-20261004
2026-10-04T15:20:55.2613689Z Updating files:  33% (391/1181)
2026-10-04T15:20:55.3106083Z Updating files:  34% (402/1181)
2026-10-04T15:20:55.4887118Z Updating files:  35% (414/1181)
2026-10-04T15:20:56.2212309Z Updating files:  36% (426/1181)
2026-10-04T15:20:57.1966302Z Updating files:  37% (437/1181)
2026-10-04T15:20:57.2989850Z Updating files:  37% (448/1181)
2026-10-04T15:20:58.0934153Z Updating files:  38% (449/1181)
2026-10-04T15:20:58.1059458Z Updating files:  39% (461/1181)
2026-10-04T15:20:58.1485562Z Updating files:  40% (473/1181)
2026-10-04T15:20:58.1486600Z Updating files:  41% (485/1181)
2026-10-04T15:20:58.1496477Z Updating files:  42% (497/1181)
2026-10-04T15:20:58.1516521Z Updating files:  43% (508/1181)
2026-10-04T15:20:58.1533821Z Updating files:  44% (520/1181)
2026-10-04T15:20:58.1546625Z Updating files:  45% (532/1181)
2026-10-04T15:20:58.1556469Z Updating files:  46% (544/1181)
2026-10-04T15:20:58.1589504Z Updating files:  47% (556/1181)
2026-10-04T15:20:58.1600867Z Updating files:  48% (567/1181)
2026-10-04T15:20:58.1611454Z Updating files:  49% (579/1181)
2026-10-04T15:20:58.1622746Z Updating files:  50% (591/1181)
2026-10-04T15:20:58.1631980Z Updating files:  51% (603/1181)
2026-10-04T15:20:58.1640312Z Updating files:  52% (615/1181)
2026-10-04T15:20:58.1649933Z Updating files:  53% (626/1181)
2026-10-04T15:20:58.1662966Z Updating files:  54% (638/1181)
2026-10-04T15:20:58.1671997Z Updating files:  55% (650/1181)
2026-10-04T15:20:58.1678996Z Updating files:  56% (662/1181)
2026-10-04T15:20:58.1687725Z Updating files:  57% (674/1181)
2026-10-04T15:20:58.1696380Z Updating files:  58% (685/1181)
2026-10-04T15:20:58.1703446Z Updating files:  59% (697/1181)
2026-10-04T15:20:58.1714792Z Updating files:  60% (709/1181)
2026-10-04T15:20:58.1723197Z Updating files:  61% (721/1181)
2026-10-04T15:20:58.1760005Z Updating files:  62% (733/1181)
2026-10-04T15:20:58.1772217Z Updating files:  63% (745/1181)
2026-10-04T15:20:58.2021265Z Updating files:  64% (756/1181)
2026-10-04T15:20:58.2029048Z Updating files:  64% (762/1181)
2026-10-04T15:20:58.2580738Z Updating files:  65% (768/1181)
2026-10-04T15:20:58.2673889Z Updating files:  66% (780/1181)
2026-10-04T15:20:58.2779156Z Updating files:  67% (792/1181)
2026-10-04T15:20:58.2810052Z Updating files:  68% (804/1181)
2026-10-04T15:20:58.2857962Z Updating files:  69% (815/1181)
2026-10-04T15:20:58.2872585Z Updating files:  70% (827/1181)
2026-10-04T15:20:58.2928242Z Updating files:  71% (839/1181)
2026-10-04T15:20:58.2976361Z Updating files:  72% (851/1181)
2026-10-04T15:20:58.2998096Z Updating files:  73% (863/1181)
2026-10-04T15:20:58.3021967Z Updating files:  74% (874/1181)
2026-10-04T15:20:58.3067489Z Updating files:  75% (886/1181)
2026-10-04T15:20:58.3080606Z Updating files:  76% (898/1181)
2026-10-04T15:20:58.3116333Z Updating files:  77% (910/1181)
2026-10-04T15:20:58.3156997Z Updating files:  78% (922/1181)
2026-10-04T15:20:58.3219813Z Updating files:  79% (933/1181)
2026-10-04T15:20:58.3849713Z Updating files:  80% (945/1181)
2026-10-04T15:20:58.3868208Z Updating files:  81% (957/1181)
2026-10-04T15:20:58.3902801Z Updating files:  82% (969/1181)
2026-10-04T15:20:58.3920390Z Updating files:  83% (981/1181)
2026-10-04T15:20:58.3931506Z Updating files:  84% (993/1181)
2026-10-04T15:20:58.3941682Z Updating files:  85% (1004/1181)
2026-10-04T15:20:58.3954699Z Updating files:  86% (1016/1181)
2026-10-04T15:20:58.3963114Z Updating files:  87% (1028/1181)
2026-10-04T15:20:58.3972596Z Updating files:  88% (1040/1181)
2026-10-04T15:20:58.3980927Z Updating files:  89% (1052/1181)
2026-10-04T15:20:58.4002665Z Updating files:  90% (1063/1181)
2026-10-04T15:20:58.4012329Z Updating files:  91% (1075/1181)
2026-10-04T15:20:58.4024028Z Updating files:  92% (1087/1181)
2026-10-04T15:20:58.4032364Z Updating files:  93% (1099/1181)
2026-10-04T15:20:58.4041977Z Updating files:  94% (1111/1181)
2026-10-04T15:20:58.4055787Z Updating files:  95% (1122/1181)
2026-10-04T15:20:58.4076759Z Updating files:  96% (1134/1181)
2026-10-04T15:20:58.4093462Z Updating files:  97% (1146/1181)
2026-10-04T15:20:58.4101085Z Updating files:  98% (1158/1181)
2026-10-04T15:20:58.4108682Z Updating files:  99% (1170/1181)
2026-10-04T15:20:58.4109486Z Updating files: 100% (1181/1181)
2026-10-04T15:20:58.4112202Z Updating files: 100% (1181/1181), done.
2026-10-04T15:20:58.4137318Z Switched to a new branch 'audit/sourcegap-production-evidence-20261004'
2026-10-04T15:20:58.4141650Z branch 'audit/sourcegap-production-evidence-20261004' set up to track 'origin/audit/sourcegap-production-evidence-20261004'.
2026-10-04T15:20:58.4297951Z ##[endgroup]
2026-10-04T15:20:58.4346930Z [command]/usr/bin/git log -1 --format=%H
2026-10-04T15:20:58.4384453Z c5231009602f599cf4ee2d17ceaf81fd2860414b
2026-10-04T15:20:58.4661641Z ##[group]Run actions/setup-python@v5
2026-10-04T15:20:58.4661942Z with:
2026-10-04T15:20:58.4662145Z   python-version: 3.12
2026-10-04T15:20:58.4662384Z   check-latest: false
2026-10-04T15:20:58.4664720Z   token: ***
2026-10-04T15:20:58.4664938Z   update-environment: true
2026-10-04T15:20:58.4665186Z   allow-prereleases: false
2026-10-04T15:20:58.4665424Z   freethreaded: false
2026-10-04T15:20:58.4665882Z ##[endgroup]
2026-10-04T15:20:58.5991110Z ##[group]Installed versions
2026-10-04T15:20:58.6080637Z (node:2320) [DEP0040] DeprecationWarning: The `punycode` module is deprecated. Please use a userland alternative instead.
2026-10-04T15:20:58.6081997Z (Use `node --trace-deprecation ...` to show where the warning was created)
2026-10-04T15:20:58.6082773Z Successfully set up CPython (3.12.14)
2026-10-04T15:20:58.6083572Z ##[endgroup]
2026-10-04T15:20:58.6284710Z ##[group]Run python -m pip install --upgrade pip
2026-10-04T15:20:58.6285199Z [36;1mpython -m pip install --upgrade pip[0m
2026-10-04T15:20:58.6286111Z [36;1mpython -m pip install --require-hashes -r config/sandbox/requirements-cp312-linux-x86_64.lock[0m
2026-10-04T15:20:58.6286717Z [36;1mpython -m pip install requests beautifulsoup4 lxml pytest pyyaml[0m
2026-10-04T15:20:58.6668859Z shell: /usr/bin/bash -e {0}
2026-10-04T15:20:58.6669204Z env:
2026-10-04T15:20:58.6669559Z   pythonLocation: /opt/hostedtoolcache/Python/3.12.14/x64
2026-10-04T15:20:58.6670151Z   PKG_CONFIG_PATH: /opt/hostedtoolcache/Python/3.12.14/x64/lib/pkgconfig
2026-10-04T15:20:58.6670726Z   Python_ROOT_DIR: /opt/hostedtoolcache/Python/3.12.14/x64
2026-10-04T15:20:58.6671230Z   Python2_ROOT_DIR: /opt/hostedtoolcache/Python/3.12.14/x64
2026-10-04T15:20:58.6671753Z   Python3_ROOT_DIR: /opt/hostedtoolcache/Python/3.12.14/x64
2026-10-04T15:20:58.6672312Z   LD_LIBRARY_PATH: /opt/hostedtoolcache/Python/3.12.14/x64/lib
2026-10-04T15:20:58.6672738Z ##[endgroup]
2026-10-04T15:21:00.6575160Z Requirement already satisfied: pip in /opt/hostedtoolcache/Python/3.12.14/x64/lib/python3.12/site-packages (26.2.1)
2026-10-04T15:21:01.3243799Z Collecting attrs==26.1.0 (from -r config/sandbox/requirements-cp312-linux-x86_64.lock (line 2))
2026-10-04T15:21:01.3813392Z   Downloading attrs-26.1.0-py3-none-any.whl (67 kB)
2026-10-04T15:21:01.4196582Z Collecting exchange-calendars==4.13.2 (from -r config/sandbox/requirements-cp312-linux-x86_64.lock (line 3))
2026-10-04T15:21:01.4280240Z   Downloading exchange_calendars-4.13.2-py3-none-any.whl (213 kB)
2026-10-04T15:21:01.4641742Z Collecting jsonschema-specifications==2025.9.1 (from -r config/sandbox/requirements-cp312-linux-x86_64.lock (line 4))
2026-10-04T15:21:01.4712922Z   Downloading jsonschema_specifications-2025.9.1-py3-none-any.whl (18 kB)
2026-10-04T15:21:01.4966023Z Collecting jsonschema==4.26.0 (from -r config/sandbox/requirements-cp312-linux-x86_64.lock (line 5))
2026-10-04T15:21:01.5034363Z   Downloading jsonschema-4.26.0-py3-none-any.whl (90 kB)
2026-10-04T15:21:01.5247848Z Collecting korean-lunar-calendar==0.4.0 (from -r config/sandbox/requirements-cp312-linux-x86_64.lock (line 6))
2026-10-04T15:21:01.5354192Z   Downloading korean_lunar_calendar-0.4.0-py3-none-any.whl (11 kB)
2026-10-04T15:21:01.5742580Z Collecting narwhals==2.26.0 (from -r config/sandbox/requirements-cp312-linux-x86_64.lock (line 7))
2026-10-04T15:21:01.5813729Z   Downloading narwhals-2.26.0-py3-none-any.whl (474 kB)
2026-10-04T15:21:01.8297259Z Collecting numpy==2.4.6 (from -r config/sandbox/requirements-cp312-linux-x86_64.lock (line 8))
2026-10-04T15:21:01.8372785Z   Downloading numpy-2.4.6-cp312-cp312-manylinux_2_27_x86_64.manylinux_2_28_x86_64.whl (16.6 MB)
2026-10-04T15:21:02.0939493Z      ━━━━━━━━━━━━━━━━━━━━━━━━━━━━━━━━━━━━━━━━ 16.6/16.6 MB 67.9 MB/s  0:00:00
2026-10-04T15:21:02.1304093Z Collecting packaging==26.3 (from -r config/sandbox/requirements-cp312-linux-x86_64.lock (line 9))
2026-10-04T15:21:02.1374158Z   Downloading packaging-26.3-py3-none-any.whl (129 kB)
2026-10-04T15:21:02.2491290Z Collecting pandas==3.0.6 (from -r config/sandbox/requirements-cp312-linux-x86_64.lock (line 10))
2026-10-04T15:21:02.2567983Z   Downloading pandas-3.0.6-cp312-cp312-manylinux_2_24_x86_64.manylinux_2_28_x86_64.whl (10.8 MB)
2026-10-04T15:21:02.3184764Z      ━━━━━━━━━━━━━━━━━━━━━━━━━━━━━━━━━━━━━━━━ 10.8/10.8 MB 180.4 MB/s  0:00:00
2026-10-04T15:21:02.3693366Z Collecting pip==25.0.1 (from -r config/sandbox/requirements-cp312-linux-x86_64.lock (line 11))
2026-10-04T15:21:02.3763909Z   Downloading pip-25.0.1-py3-none-any.whl (1.8 MB)
2026-10-04T15:21:02.3888419Z      ━━━━━━━━━━━━━━━━━━━━━━━━━━━━━━━━━━━━━━━━ 1.8/1.8 MB 178.1 MB/s  0:00:00
2026-10-04T15:21:02.4226894Z Collecting plotly==7.1.0 (from -r config/sandbox/requirements-cp312-linux-x86_64.lock (line 12))
2026-10-04T15:21:02.4299253Z   Downloading plotly-7.1.0-py3-none-any.whl (9.7 MB)
2026-10-04T15:21:02.5042592Z      ━━━━━━━━━━━━━━━━━━━━━━━━━━━━━━━━━━━━━━━━ 9.7/9.7 MB 133.2 MB/s  0:00:00
2026-10-04T15:21:02.6026317Z Collecting pyarrow==25.0.1 (from -r config/sandbox/requirements-cp312-linux-x86_64.lock (line 13))
2026-10-04T15:21:02.6102454Z   Downloading pyarrow-25.0.1-cp312-cp312-manylinux_2_28_x86_64.whl (50.1 MB)
2026-10-04T15:21:03.2861131Z      ━━━━━━━━━━━━━━━━━━━━━━━━━━━━━━━━━━━━━━━━ 50.1/50.1 MB 74.0 MB/s  0:00:00
2026-10-04T15:21:03.3426919Z Collecting pyluach==2.3.0 (from -r config/sandbox/requirements-cp312-linux-x86_64.lock (line 14))
2026-10-04T15:21:03.3527167Z   Downloading pyluach-2.3.0-py3-none-any.whl (25 kB)
2026-10-04T15:21:03.3702154Z Collecting python-dateutil==2.9.0.post0 (from -r config/sandbox/requirements-cp312-linux-x86_64.lock (line 15))
2026-10-04T15:21:03.3776279Z   Downloading python_dateutil-2.9.0.post0-py2.py3-none-any.whl (229 kB)
2026-10-04T15:21:03.4021351Z Collecting referencing==0.37.0 (from -r config/sandbox/requirements-cp312-linux-x86_64.lock (line 16))
2026-10-04T15:21:03.4092304Z   Downloading referencing-0.37.0-py3-none-any.whl (26 kB)
2026-10-04T15:21:03.6706290Z Collecting rpds-py==2026.6.3 (from -r config/sandbox/requirements-cp312-linux-x86_64.lock (line 17))
2026-10-04T15:21:03.6783250Z   Downloading rpds_py-2026.6.3-cp312-cp312-manylinux_2_17_x86_64.manylinux2014_x86_64.whl (366 kB)
2026-10-04T15:21:03.6968449Z Collecting six==1.17.0 (from -r config/sandbox/requirements-cp312-linux-x86_64.lock (line 18))
2026-10-04T15:21:03.7038702Z   Downloading six-1.17.0-py2.py3-none-any.whl (11 kB)
2026-10-04T15:21:03.7189674Z Collecting toolz==1.1.0 (from -r config/sandbox/requirements-cp312-linux-x86_64.lock (line 19))
2026-10-04T15:21:03.7258685Z   Downloading toolz-1.1.0-py3-none-any.whl (58 kB)
2026-10-04T15:21:03.7445739Z Collecting typing-extensions==4.16.0 (from -r config/sandbox/requirements-cp312-linux-x86_64.lock (line 20))
2026-10-04T15:21:03.7554659Z   Downloading typing_extensions-4.16.0-py3-none-any.whl (45 kB)
2026-10-04T15:21:03.7733397Z Collecting tzdata==2026.4 (from -r config/sandbox/requirements-cp312-linux-x86_64.lock (line 21))
2026-10-04T15:21:03.7812789Z   Downloading tzdata-2026.4-py2.py3-none-any.whl (347 kB)
2026-10-04T15:21:03.8864878Z Installing collected packages: tzdata, typing-extensions, toolz, six, rpds-py, pyluach, pyarrow, pip, packaging, numpy, narwhals, korean-lunar-calendar, attrs, referencing, python-dateutil, plotly, pandas, jsonschema-specifications, jsonschema, exchange-calendars
2026-10-04T15:21:05.3042376Z   Attempting uninstall: pip
2026-10-04T15:21:05.3063624Z     Found existing installation: pip 26.2.1
2026-10-04T15:21:05.3743144Z     Uninstalling pip-26.2.1:
2026-10-04T15:21:05.3809569Z       Successfully uninstalled pip-26.2.1
2026-10-04T15:21:17.3104835Z 
2026-10-04T15:21:17.3128238Z Successfully installed attrs-26.1.0 exchange-calendars-4.13.2 jsonschema-4.26.0 jsonschema-specifications-2025.9.1 korean-lunar-calendar-0.4.0 narwhals-2.26.0 numpy-2.4.6 packaging-26.3 pandas-3.0.6 pip-25.0.1 plotly-7.1.0 pyarrow-25.0.1 pyluach-2.3.0 python-dateutil-2.9.0.post0 referencing-0.37.0 rpds-py-2026.6.3 six-1.17.0 toolz-1.1.0 typing-extensions-4.16.0 tzdata-2026.4
2026-10-04T15:21:17.8476330Z Collecting requests
2026-10-04T15:21:17.8901514Z   Downloading requests-2.34.2-py3-none-any.whl.metadata (4.8 kB)
2026-10-04T15:21:17.9116560Z Collecting beautifulsoup4
2026-10-04T15:21:17.9201969Z   Downloading beautifulsoup4-4.15.0-py3-none-any.whl.metadata (3.8 kB)
2026-10-04T15:21:18.1489478Z Collecting lxml
2026-10-04T15:21:18.1565183Z   Downloading lxml-6.1.3-cp312-cp312-manylinux_2_26_x86_64.manylinux_2_28_x86_64.whl.metadata (3.3 kB)
2026-10-04T15:21:18.1924364Z Collecting pytest
2026-10-04T15:21:18.1995897Z   Downloading pytest-9.1.1-py3-none-any.whl.metadata (7.6 kB)
2026-10-04T15:21:18.2340963Z Collecting pyyaml
2026-10-04T15:21:18.2430075Z   Downloading pyyaml-6.0.3-cp312-cp312-manylinux2014_x86_64.manylinux_2_17_x86_64.manylinux_2_28_x86_64.whl.metadata (2.4 kB)
2026-10-04T15:21:18.3536896Z Collecting charset_normalizer<4,>=2 (from requests)
2026-10-04T15:21:18.3621288Z   Downloading charset_normalizer-3.5.2-cp312-cp312-manylinux2014_x86_64.manylinux_2_17_x86_64.manylinux_2_28_x86_64.whl.metadata (46 kB)
2026-10-04T15:21:18.3901982Z Collecting idna<4,>=2.5 (from requests)
2026-10-04T15:21:18.3984804Z   Downloading idna-3.20-py3-none-any.whl.metadata (7.2 kB)
2026-10-04T15:21:18.4300813Z Collecting urllib3<3,>=1.26 (from requests)
2026-10-04T15:21:18.4376515Z   Downloading urllib3-2.8.0-py3-none-any.whl.metadata (7.4 kB)
2026-10-04T15:21:18.4672050Z Collecting certifi>=2023.5.7 (from requests)
2026-10-04T15:21:18.4750042Z   Downloading certifi-2026.7.22-py3-none-any.whl.metadata (2.5 kB)
2026-10-04T15:21:18.4987018Z Collecting soupsieve>=1.6.1 (from beautifulsoup4)
2026-10-04T15:21:18.5063238Z   Downloading soupsieve-2.10-py3-none-any.whl.metadata (4.4 kB)
2026-10-04T15:21:18.5100169Z Requirement already satisfied: typing-extensions>=4.0.0 in /opt/hostedtoolcache/Python/3.12.14/x64/lib/python3.12/site-packages (from beautifulsoup4) (4.16.0)
2026-10-04T15:21:18.5232141Z Collecting iniconfig>=1.0.1 (from pytest)
2026-10-04T15:21:18.5332020Z   Downloading iniconfig-2.3.0-py3-none-any.whl.metadata (2.5 kB)
2026-10-04T15:21:18.5366032Z Requirement already satisfied: packaging>=22 in /opt/hostedtoolcache/Python/3.12.14/x64/lib/python3.12/site-packages (from pytest) (26.3)
2026-10-04T15:21:18.5504817Z Collecting pluggy<2,>=1.5 (from pytest)
2026-10-04T15:21:18.5585299Z   Downloading pluggy-1.6.0-py3-none-any.whl.metadata (4.8 kB)
2026-10-04T15:21:18.5816290Z Collecting pygments>=2.7.2 (from pytest)
2026-10-04T15:21:18.5887922Z   Downloading pygments-2.21.0-py3-none-any.whl.metadata (2.5 kB)
2026-10-04T15:21:18.6053195Z Downloading requests-2.34.2-py3-none-any.whl (73 kB)
2026-10-04T15:21:18.6158779Z Downloading beautifulsoup4-4.15.0-py3-none-any.whl (109 kB)
2026-10-04T15:21:18.6295226Z Downloading lxml-6.1.3-cp312-cp312-manylinux_2_26_x86_64.manylinux_2_28_x86_64.whl (5.2 MB)
2026-10-04T15:21:18.6797704Z    ━━━━━━━━━━━━━━━━━━━━━━━━━━━━━━━━━━━━━━━━ 5.2/5.2 MB 119.3 MB/s eta 0:00:00
2026-10-04T15:21:18.6872924Z Downloading pytest-9.1.1-py3-none-any.whl (386 kB)
2026-10-04T15:21:18.6992407Z Downloading pyyaml-6.0.3-cp312-cp312-manylinux2014_x86_64.manylinux_2_17_x86_64.manylinux_2_28_x86_64.whl (807 kB)
2026-10-04T15:21:18.7053427Z    ━━━━━━━━━━━━━━━━━━━━━━━━━━━━━━━━━━━━━━━ 807.9/807.9 kB 168.9 MB/s eta 0:00:00
2026-10-04T15:21:18.7128505Z Downloading certifi-2026.7.22-py3-none-any.whl (136 kB)
2026-10-04T15:21:18.7221250Z Downloading charset_normalizer-3.5.2-cp312-cp312-manylinux2014_x86_64.manylinux_2_17_x86_64.manylinux_2_28_x86_64.whl (257 kB)
2026-10-04T15:21:18.7315636Z Downloading idna-3.20-py3-none-any.whl (69 kB)
2026-10-04T15:21:18.7405311Z Downloading iniconfig-2.3.0-py3-none-any.whl (7.5 kB)
2026-10-04T15:21:18.7500930Z Downloading pluggy-1.6.0-py3-none-any.whl (20 kB)
2026-10-04T15:21:18.7593352Z Downloading pygments-2.21.0-py3-none-any.whl (1.3 MB)
2026-10-04T15:21:18.7658578Z    ━━━━━━━━━━━━━━━━━━━━━━━━━━━━━━━━━━━━━━━━ 1.3/1.3 MB 259.6 MB/s eta 0:00:00
2026-10-04T15:21:18.7739493Z Downloading soupsieve-2.10-py3-none-any.whl (38 kB)
2026-10-04T15:21:18.7829282Z Downloading urllib3-2.8.0-py3-none-any.whl (135 kB)
2026-10-04T15:21:18.8611891Z Installing collected packages: urllib3, soupsieve, pyyaml, pygments, pluggy, lxml, iniconfig, idna, charset_normalizer, certifi, requests, pytest, beautifulsoup4
2026-10-04T15:21:20.3135314Z Successfully installed beautifulsoup4-4.15.0 certifi-2026.7.22 charset_normalizer-3.5.2 idna-3.20 iniconfig-2.3.0 lxml-6.1.3 pluggy-1.6.0 pygments-2.21.0 pytest-9.1.1 pyyaml-6.0.3 requests-2.34.2 soupsieve-2.10 urllib3-2.8.0
2026-10-04T15:21:20.3398832Z 
2026-10-04T15:21:20.3399369Z [notice] A new release of pip is available: 25.0.1 -> 26.2.1
2026-10-04T15:21:20.3400196Z [notice] To update, run: pip install --upgrade pip
2026-10-04T15:21:20.4081949Z ##[group]Run for test_file in tests/test_legacy_dart_parser.py tests/test_legacy_backfill_resume.py tests/test_legacy_backfill_automation.py tests/test_legacy_source_evidence.py tests/test_legacy_document_quality.py; do
2026-10-04T15:21:20.4083624Z [36;1mfor test_file in tests/test_legacy_dart_parser.py tests/test_legacy_backfill_resume.py tests/test_legacy_backfill_automation.py tests/test_legacy_source_evidence.py tests/test_legacy_document_quality.py; do[0m
2026-10-04T15:21:20.4084774Z [36;1m  timeout -k 5s 60s python -u -m pytest "$test_file" -vv -s -o faulthandler_timeout=15 || exit $?[0m
2026-10-04T15:21:20.4085279Z [36;1mdone[0m
2026-10-04T15:21:20.4085966Z [36;1mtimeout -k 5s 30s python -u scripts/test_legacy_no_metrics_recovery.py[0m
2026-10-04T15:21:20.4086701Z [36;1mtimeout -k 5s 30s python -u scripts/test_legacy_document_quality.py[0m
2026-10-04T15:21:20.4087227Z [36;1mtimeout -k 5s 30s python -u scripts/test_legacy_viewer_sections.py[0m
2026-10-04T15:21:20.4087784Z [36;1mtimeout -k 5s 30s python -u scripts/test_legacy_viewer_source.py[0m
2026-10-04T15:21:20.4088484Z [36;1mtimeout -k 5s 30s python -u scripts/replay_legacy_viewer_sources.py --output-dir "$RUNNER_TEMP/legacy-viewer-source-replay"[0m
2026-10-04T15:21:20.4089351Z [36;1mtimeout -k 5s 60s python -u scripts/recheck_legacy_primary_audit.py --output-dir "$RUNNER_TEMP/legacy-primary-72-recheck"[0m
2026-10-04T15:21:20.4090004Z [36;1mtimeout -k 5s 30s python -u scripts/test_legacy_schedule_gate.py[0m
2026-10-04T15:21:20.4156733Z shell: /usr/bin/bash -e {0}
2026-10-04T15:21:20.4156985Z env:
2026-10-04T15:21:20.4157262Z   pythonLocation: /opt/hostedtoolcache/Python/3.12.14/x64
2026-10-04T15:21:20.4157716Z   PKG_CONFIG_PATH: /opt/hostedtoolcache/Python/3.12.14/x64/lib/pkgconfig
2026-10-04T15:21:20.4158164Z   Python_ROOT_DIR: /opt/hostedtoolcache/Python/3.12.14/x64
2026-10-04T15:21:20.4158566Z   Python2_ROOT_DIR: /opt/hostedtoolcache/Python/3.12.14/x64
2026-10-04T15:21:20.4158966Z   Python3_ROOT_DIR: /opt/hostedtoolcache/Python/3.12.14/x64
2026-10-04T15:21:20.4159356Z   LD_LIBRARY_PATH: /opt/hostedtoolcache/Python/3.12.14/x64/lib
2026-10-04T15:21:20.4159684Z ##[endgroup]
2026-10-04T15:21:20.8059625Z ============================= test session starts ==============================
2026-10-04T15:21:20.8063495Z platform linux -- Python 3.12.14, pytest-9.1.1, pluggy-1.6.0 -- /opt/hostedtoolcache/Python/3.12.14/x64/bin/python
2026-10-04T15:21:20.8064630Z cachedir: .pytest_cache
2026-10-04T15:21:20.8065231Z rootdir: /home/runner/work/quant-marcap-runner/quant-marcap-runner
2026-10-04T15:21:21.5539881Z collecting ... collected 19 items
2026-10-04T15:21:21.5544626Z 
2026-10-04T15:21:21.5556028Z tests/test_legacy_dart_parser.py::test_legacy_negative_symbols PASSED
2026-10-04T15:21:21.5580168Z tests/test_legacy_dart_parser.py::test_loss_label_normalizes_positive_magnitude PASSED
2026-10-04T15:21:21.5586451Z tests/test_legacy_dart_parser.py::test_parser_version_requires_reprocessing PASSED
2026-10-04T15:21:21.5594754Z tests/test_legacy_dart_parser.py::test_ambiguous_or_missing_numeric_cells_are_not_invented_amounts[751,637 22,35416,940] PASSED
2026-10-04T15:21:21.5603240Z tests/test_legacy_dart_parser.py::test_ambiguous_or_missing_numeric_cells_are_not_invented_amounts[670,000200,0001,500,000] PASSED
2026-10-04T15:21:21.5610649Z tests/test_legacy_dart_parser.py::test_ambiguous_or_missing_numeric_cells_are_not_invented_amounts[83 15,787 13,418 100] PASSED
2026-10-04T15:21:21.5617460Z tests/test_legacy_dart_parser.py::test_ambiguous_or_missing_numeric_cells_are_not_invented_amounts[12,34] PASSED
2026-10-04T15:21:21.5624145Z tests/test_legacy_dart_parser.py::test_ambiguous_or_missing_numeric_cells_are_not_invented_amounts[1.5%] PASSED
2026-10-04T15:21:21.5631134Z tests/test_legacy_dart_parser.py::test_ambiguous_or_missing_numeric_cells_are_not_invented_amounts[1 (\uc8fc2)] PASSED
2026-10-04T15:21:21.5637995Z tests/test_legacy_dart_parser.py::test_ambiguous_or_missing_numeric_cells_are_not_invented_amounts[-] PASSED
2026-10-04T15:21:21.5645152Z tests/test_legacy_dart_parser.py::test_ambiguous_or_missing_numeric_cells_are_not_invented_amounts[\u2014] PASSED
2026-10-04T15:21:21.5651816Z tests/test_legacy_dart_parser.py::test_ambiguous_or_missing_numeric_cells_are_not_invented_amounts[\u2013] PASSED
2026-10-04T15:21:21.5685509Z tests/test_legacy_dart_parser.py::test_real_source_combined_annual_summary_is_not_current_quarter_income PASSED
2026-10-04T15:21:21.5691929Z tests/test_legacy_dart_parser.py::test_explicit_valid_amounts_and_zero_remain_supported PASSED
2026-10-04T15:21:21.5709467Z tests/test_legacy_dart_parser.py::test_unknown_statement_and_partial_alias_do_not_become_financial_metrics PASSED
2026-10-04T15:21:21.5721825Z tests/test_legacy_dart_parser.py::test_nonfinite_scaled_value_cannot_be_usable_money PASSED
2026-10-04T15:21:21.5730135Z tests/test_legacy_dart_parser.py::test_parentheses_and_negative_sign_do_not_double_flip[(-1,170,019,230)--1170019230] PASSED
2026-10-04T15:21:21.5737788Z tests/test_legacy_dart_parser.py::test_parentheses_and_negative_sign_do_not_double_flip[(-482,479,885)--482479885] PASSED
2026-10-04T15:21:21.5753923Z tests/test_legacy_dart_parser.py::test_parentheses_and_negative_sign_do_not_double_flip[(\u25b362,175,514)--62175514] PASSED
2026-10-04T15:21:21.5754951Z 
2026-10-04T15:21:21.5755369Z ============================== 19 passed in 0.77s ==============================
2026-10-04T15:21:21.8513886Z ============================= test session starts ==============================
2026-10-04T15:21:21.8517131Z platform linux -- Python 3.12.14, pytest-9.1.1, pluggy-1.6.0 -- /opt/hostedtoolcache/Python/3.12.14/x64/bin/python
2026-10-04T15:21:21.8518230Z cachedir: .pytest_cache
2026-10-04T15:21:21.8518730Z rootdir: /home/runner/work/quant-marcap-runner/quant-marcap-runner
2026-10-04T15:21:22.3482594Z collecting ... collected 22 items
2026-10-04T15:21:22.3488191Z 
2026-10-04T15:21:22.3877805Z tests/test_legacy_backfill_resume.py::test_checkpoint_survives_interruption_and_resume_skips_durable_receipt legacy checkpoint: 1 receipts persisted
2026-10-04T15:21:22.4581640Z legacy checkpoint: 1 receipts persisted
2026-10-04T15:21:22.4703462Z legacy checkpoint: 2 receipts persisted
2026-10-04T15:21:22.4957303Z PASSED
2026-10-04T15:21:22.5036726Z tests/test_legacy_backfill_resume.py::test_data_publication_failure_never_marks_receipt_complete PASSED
2026-10-04T15:21:22.5299180Z tests/test_legacy_backfill_resume.py::test_state_cannot_skip_missing_or_mismatched_normalized_data[missing_file] PASSED
2026-10-04T15:21:22.5630915Z tests/test_legacy_backfill_resume.py::test_state_cannot_skip_missing_or_mismatched_normalized_data[wrong_hash] PASSED
2026-10-04T15:21:22.5962799Z tests/test_legacy_backfill_resume.py::test_state_cannot_skip_missing_or_mismatched_normalized_data[wrong_row_count] PASSED
2026-10-04T15:21:22.6541322Z tests/test_legacy_backfill_resume.py::test_parser_version_resume_keeps_old_observations_and_does_not_reparse_current legacy checkpoint: 1 receipts persisted
2026-10-04T15:21:22.6563573Z PASSED
2026-10-04T15:21:22.6573703Z tests/test_legacy_backfill_resume.py::test_rate_limit_stops_replenishment_and_flushes_completed_work PASSED
2026-10-04T15:21:22.6596047Z tests/test_legacy_backfill_resume.py::test_request_budget_counts_every_attempt_and_deferred_is_not_source_gap PASSED
2026-10-04T15:21:22.6612109Z tests/test_legacy_backfill_resume.py::test_deadline_and_signal_stop_have_no_new_requests_and_flush_work PASSED
2026-10-04T15:21:22.6738054Z tests/test_legacy_backfill_resume.py::test_error_retry_quarantine_does_not_starve_other_receipts legacy checkpoint: 1 receipts persisted
2026-10-04T15:21:22.7018792Z legacy checkpoint: 1 receipts persisted
2026-10-04T15:21:22.7304178Z legacy checkpoint: 1 receipts persisted
2026-10-04T15:21:22.8046179Z PASSED
2026-10-04T15:21:22.8368087Z tests/test_legacy_backfill_resume.py::test_retry_count_survives_state_migration_and_mixed_empty_attempts legacy checkpoint: 1 receipts persisted
2026-10-04T15:21:22.8657358Z legacy checkpoint: 1 receipts persisted
2026-10-04T15:21:22.8950842Z legacy checkpoint: 1 receipts persisted
2026-10-04T15:21:22.9192816Z PASSED
2026-10-04T15:21:22.9254873Z tests/test_legacy_backfill_resume.py::test_index_data_is_published_before_ok_state PASSED
2026-10-04T15:21:23.0391198Z tests/test_legacy_backfill_resume.py::test_collection_complete_requires_independent_audit_and_noop_preserves_bytes PASSED
2026-10-04T15:21:23.0398524Z tests/test_legacy_backfill_resume.py::test_error_diagnostics_never_persist_api_key PASSED
2026-10-04T15:21:23.0413917Z tests/test_legacy_backfill_resume.py::test_missing_key_does_not_overwrite_progress PASSED
2026-10-04T15:21:23.0484433Z tests/test_legacy_backfill_resume.py::test_index_rate_limit_blocks_following_document_requests PASSED
2026-10-04T15:21:23.0505907Z tests/test_legacy_backfill_resume.py::test_authentication_failure_stops_without_classifying_source_as_missing PASSED
2026-10-04T15:21:24.1398095Z tests/test_legacy_backfill_resume.py::test_real_saved_index_noop_preserves_mapped_queue_and_leading_zero_codes PASSED
2026-10-04T15:21:24.1585418Z tests/test_legacy_backfill_resume.py::test_append_preserves_all_old_numeric_tokens_and_missing_strings_verbatim PASSED
2026-10-04T15:21:24.1950071Z tests/test_legacy_backfill_resume.py::test_numeric_parser_change_preserves_transport_only_no_document_state legacy checkpoint: 1 receipts persisted
2026-10-04T15:21:24.2523636Z PASSED
2026-10-04T15:21:24.2774843Z tests/test_legacy_backfill_resume.py::test_source_adapter_change_invalidates_previous_no_document_result PASSED
2026-10-04T15:21:24.3120601Z tests/test_legacy_backfill_resume.py::test_initial_coverage_without_state_does_not_invent_completed_receipts PASSED
2026-10-04T15:21:24.3121685Z 
2026-10-04T15:21:24.3122102Z ============================== 22 passed in 2.46s ==============================
2026-10-04T15:21:24.5812349Z ============================= test session starts ==============================
2026-10-04T15:21:24.5815959Z platform linux -- Python 3.12.14, pytest-9.1.1, pluggy-1.6.0 -- /opt/hostedtoolcache/Python/3.12.14/x64/bin/python
2026-10-04T15:21:24.5817297Z cachedir: .pytest_cache
2026-10-04T15:21:24.5817939Z rootdir: /home/runner/work/quant-marcap-runner/quant-marcap-runner
2026-10-04T15:21:25.0632090Z collecting ... collected 9 items
2026-10-04T15:21:25.0637019Z 
2026-10-04T15:21:25.0708010Z tests/test_legacy_backfill_automation.py::test_daily_wrapper_uses_whole_index_and_generic_checkpoint PASSED
2026-10-04T15:21:25.0788167Z tests/test_legacy_backfill_automation.py::test_legacy_runs_first_and_rate_limit_blocks_modern_calls                      mode  modern_run_tasks  modern_skipped  legacy_rate_limited                   updated_at_utc
2026-10-04T15:21:25.0789436Z SUPER_VALUE_FAST_BACKFILL                 0            True                 True 2026-10-04T15:21:25.071508+00:00
2026-10-04T15:21:25.0812144Z PASSED
2026-10-04T15:21:25.0819885Z tests/test_legacy_backfill_automation.py::test_zero_legacy_limit_makes_no_api_or_index_calls PASSED
2026-10-04T15:21:25.1104867Z tests/test_legacy_backfill_automation.py::test_scheduled_and_manual_writers_share_lock_without_cancellation PASSED
2026-10-04T15:21:25.1208482Z tests/test_legacy_backfill_automation.py::test_extra_batches_gate_all_api_and_publish_steps_and_skip_modern PASSED
2026-10-04T15:21:25.1317128Z tests/test_legacy_backfill_automation.py::test_workflow_saves_checkpoint_after_failure_and_has_time_to_publish[backfill-super-value-fast.yml] PASSED
2026-10-04T15:21:25.1403645Z tests/test_legacy_backfill_automation.py::test_workflow_saves_checkpoint_after_failure_and_has_time_to_publish[backfill-dart-legacy-2000-2014.yml] PASSED
2026-10-04T15:21:25.1558953Z tests/test_legacy_backfill_automation.py::test_source_capture_reuses_existing_audit_workflow_without_new_schedule PASSED
2026-10-04T15:21:25.1680130Z tests/test_legacy_backfill_automation.py::test_verified_operator_batch_is_explicit_and_uses_existing_bounded_job PASSED
2026-10-04T15:21:25.1681084Z 
2026-10-04T15:21:25.1681510Z ============================== 9 passed in 0.59s ===============================
2026-10-04T15:21:25.4301706Z ============================= test session starts ==============================
2026-10-04T15:21:25.4304316Z platform linux -- Python 3.12.14, pytest-9.1.1, pluggy-1.6.0 -- /opt/hostedtoolcache/Python/3.12.14/x64/bin/python
2026-10-04T15:21:25.4305387Z cachedir: .pytest_cache
2026-10-04T15:21:25.4306409Z rootdir: /home/runner/work/quant-marcap-runner/quant-marcap-runner
2026-10-04T15:21:25.8971451Z collecting ... collected 7 items
2026-10-04T15:21:25.8976598Z 
2026-10-04T15:21:25.9163323Z tests/test_legacy_source_evidence.py::test_literal_source_spans_preserve_native_tags_heading_unit_and_column_order PASSED
2026-10-04T15:21:25.9174090Z tests/test_legacy_source_evidence.py::test_excerpt_budget_marks_clipping_without_changing_source PASSED
2026-10-04T15:21:25.9182713Z tests/test_legacy_source_evidence.py::test_non_html_document_still_preserves_inspectable_literal_evidence PASSED
2026-10-04T15:21:25.9208298Z tests/test_legacy_source_evidence.py::test_probe_api_014_and_viewer_403_do_not_certify_source_absence PASSED
2026-10-04T15:21:25.9219924Z tests/test_legacy_source_evidence.py::test_rate_limit_stops_public_probe_too PASSED
2026-10-04T15:21:25.9413279Z tests/test_legacy_source_evidence.py::test_same_parser_reparse_success_cannot_certify_financial_correctness PASSED
2026-10-04T15:21:25.9452001Z tests/test_legacy_source_evidence.py::test_corrupt_normalized_data_is_an_explicit_audit_failure PASSED
2026-10-04T15:21:25.9452885Z 
2026-10-04T15:21:25.9453275Z ============================== 7 passed in 0.52s ===============================
2026-10-04T15:21:26.2449581Z ============================= test session starts ==============================
2026-10-04T15:21:26.2452450Z platform linux -- Python 3.12.14, pytest-9.1.1, pluggy-1.6.0 -- /opt/hostedtoolcache/Python/3.12.14/x64/bin/python
2026-10-04T15:21:26.2453430Z cachedir: .pytest_cache
2026-10-04T15:21:26.2454144Z rootdir: /home/runner/work/quant-marcap-runner/quant-marcap-runner
2026-10-04T15:21:26.7199705Z collecting ... collected 21 items
2026-10-04T15:21:26.7204547Z 
2026-10-04T15:21:26.7229583Z tests/test_legacy_document_quality.py::test_broken_source_cannot_be_recorded_as_no_metrics PASSED
2026-10-04T15:21:26.7241737Z tests/test_legacy_document_quality.py::test_valid_absent_metric_keeps_distinct_status PASSED
2026-10-04T15:21:26.7460486Z tests/test_legacy_document_quality.py::test_truncated_source_cannot_publish_tolerantly_parsed_amounts PASSED
2026-10-04T15:21:27.8314650Z tests/test_legacy_document_quality.py::test_five_actual_no_metrics_sources_are_source_gaps_and_archives_match_checkpoints PASSED
2026-10-04T15:21:27.8448553Z tests/test_legacy_document_quality.py::test_valid_existing_normal_amount_and_parser_version_are_preserved PASSED
2026-10-04T15:21:27.8477367Z tests/test_legacy_document_quality.py::test_source_gap_is_quarantined_without_infinite_retries PASSED
2026-10-04T15:21:27.8683059Z tests/test_legacy_document_quality.py::test_real_native_archives_reproduce_source_gaps PASSED
2026-10-04T15:21:27.9044455Z tests/test_legacy_document_quality.py::test_quarantine_overlay_preserves_original_state_and_old_values PASSED
2026-10-04T15:21:27.9384166Z tests/test_legacy_document_quality.py::test_source_gap_prevents_collection_and_quality_completion PASSED
2026-10-04T15:21:27.9399590Z tests/test_legacy_document_quality.py::test_original_download_is_preserved_before_parsing PASSED
2026-10-04T15:21:27.9412592Z tests/test_legacy_document_quality.py::test_evidence_budget_stops_before_new_publication PASSED
2026-10-04T15:21:27.9587764Z tests/test_legacy_document_quality.py::test_empty_compatible_state_is_not_mutated_by_unmatched_ledger PASSED
2026-10-04T15:21:27.9641867Z tests/test_legacy_document_quality.py::test_probe_rate_limit_stops_following_downloads PASSED
2026-10-04T15:21:28.0333319Z tests/test_legacy_document_quality.py::test_source_sample_selection_is_frozen_diverse_and_excludes_original_seven PASSED
2026-10-04T15:21:28.1185886Z tests/test_legacy_document_quality.py::test_evidence_snapshot_subset_preserves_exact_originals_and_checkpoint PASSED
2026-10-04T15:21:33.5402112Z tests/test_legacy_document_quality.py::test_twelve_actual_deployment_controls_preserve_normal_parses_and_block_two_gaps PASSED
2026-10-04T15:21:34.0572779Z tests/test_legacy_document_quality.py::test_evidence_import_inherits_existing_fast_job_limits PASSED
2026-10-04T15:21:34.0697344Z tests/test_legacy_document_quality.py::test_lossless_cp949_and_literal_ampersand_are_supported_legacy_source PASSED
2026-10-04T15:21:34.0728310Z tests/test_legacy_document_quality.py::test_encoding_recheck_is_version_bounded_not_blanket_retry PASSED
2026-10-04T15:21:34.0836795Z tests/test_legacy_document_quality.py::test_current_diagnostic_revision_can_release_false_hold_without_deleting_evidence PASSED
2026-10-04T15:21:37.7223993Z tests/test_legacy_document_quality.py::test_five_actual_misdeclared_native_sources_distinguish_three_complete_from_two_broken PASSED
2026-10-04T15:21:37.7225038Z 
2026-10-04T15:21:37.7225322Z =============================== warnings summary ===============================
2026-10-04T15:21:37.7226585Z tests/test_legacy_document_quality.py: 18 warnings
2026-10-04T15:21:37.7228163Z   /home/runner/work/quant-marcap-runner/quant-marcap-runner/scripts/backfill_dart_legacy_2000_2014.py:559: XMLParsedAsHTMLWarning: It looks like you're using an HTML parser to parse an XML document.
2026-10-04T15:21:37.7229570Z   
2026-10-04T15:21:37.7231542Z   Assuming this really is an XML document, what you're doing might work, but you should know that using an XML parser will be more reliable. To parse this document as XML, make sure you have the Python package 'lxml' installed, and pass the keyword argument `features="xml"` into the BeautifulSoup constructor.
2026-10-04T15:21:37.7233377Z   
2026-10-04T15:21:37.7234363Z   If you want or need to use an HTML parser on this document, you can make this warning go away by filtering it. To do that, run this code before calling the BeautifulSoup constructor:
2026-10-04T15:21:37.7235480Z   
2026-10-04T15:21:37.7236011Z       from bs4 import XMLParsedAsHTMLWarning
2026-10-04T15:21:37.7236457Z       import warnings
2026-10-04T15:21:37.7236750Z   
2026-10-04T15:21:37.7237192Z       warnings.filterwarnings("ignore", category=XMLParsedAsHTMLWarning)
2026-10-04T15:21:37.7237756Z   
2026-10-04T15:21:37.7238046Z     soup = BeautifulSoup(text, "lxml")
2026-10-04T15:21:37.7238336Z 
2026-10-04T15:21:37.7238665Z -- Docs: https://docs.pytest.org/en/stable/how-to/capture-warnings.html
2026-10-04T15:21:37.7239398Z ======================= 21 passed, 18 warnings in 11.48s =======================
2026-10-04T15:21:38.5677724Z test_changed_native_archive_cannot_recover_or_publish (__main__.RecoveryTests.test_changed_native_archive_cannot_recover_or_publish) ... ok
2026-10-04T15:21:38.5679666Z test_missing_viewer_date_is_not_inferred_from_receipt (__main__.RecoveryTests.test_missing_viewer_date_is_not_inferred_from_receipt) ... ok
2026-10-04T15:21:40.5039167Z test_real_five_receipt_checkpoint_resume_skips_duplicates (__main__.RecoveryTests.test_real_five_receipt_checkpoint_resume_skips_duplicates) ... ok
2026-10-04T15:21:40.5040822Z test_visible_date_does_not_certify_original_or_correction_chain (__main__.RecoveryTests.test_visible_date_does_not_certify_original_or_correction_chain) ... ok
2026-10-04T15:21:40.5042025Z 
2026-10-04T15:21:40.5042243Z ----------------------------------------------------------------------
2026-10-04T15:21:40.5042724Z Ran 4 tests in 2.551s
2026-10-04T15:21:40.5042915Z 
2026-10-04T15:21:40.5043027Z OK
2026-10-04T15:21:40.5839599Z test_actual_absent_consolidated_scope_is_not_recovered_from_ofs (__main__.QualityTests.test_actual_absent_consolidated_scope_is_not_recovered_from_ofs) ... ok
2026-10-04T15:21:40.5842887Z test_clean_absent_item_remains_no_metrics (__main__.QualityTests.test_clean_absent_item_remains_no_metrics) ... ok
2026-10-04T15:21:40.5844283Z test_invalid_declared_encoding_is_explicit_gap (__main__.QualityTests.test_invalid_declared_encoding_is_explicit_gap) ... ok
2026-10-04T15:21:40.5846519Z test_replacement_characters_are_unrecoverable_source_damage (__main__.QualityTests.test_replacement_characters_are_unrecoverable_source_damage) ... ok
2026-10-04T15:21:40.5847791Z test_truncated_source_is_not_item_absence (__main__.QualityTests.test_truncated_source_is_not_item_absence) ... ok
2026-10-04T15:21:40.5857389Z test_valid_financial_source_is_not_quarantined (__main__.QualityTests.test_valid_financial_source_is_not_quarantined) ... ok
2026-10-04T15:21:40.5858266Z 
2026-10-04T15:21:40.5858527Z ----------------------------------------------------------------------
2026-10-04T15:21:40.5859106Z Ran 6 tests in 0.015s
2026-10-04T15:21:40.5859339Z 
2026-10-04T15:21:40.5859469Z OK
2026-10-04T15:21:40.9410953Z test_body_limit_and_request_deadline_bound_reads (__main__.ViewerEvidenceTests.test_body_limit_and_request_deadline_bound_reads) ... ok
2026-10-04T15:21:40.9429883Z test_mismatched_receipt_url_and_duplicate_route_are_rejected (__main__.ViewerEvidenceTests.test_mismatched_receipt_url_and_duplicate_route_are_rejected) ... ok
2026-10-04T15:21:40.9445902Z test_publication_failure_cannot_leave_complete_report (__main__.ViewerEvidenceTests.test_publication_failure_cannot_leave_complete_report) ... ok
2026-10-04T15:21:40.9499977Z viewer section 20010103000052/3618: HTTP_RESPONSE_CAPTURED HTTP=200 audit=NOT_RUN
2026-10-04T15:21:40.9508163Z test_raw_bytes_precede_report_and_second_run_is_noop (__main__.ViewerEvidenceTests.test_raw_bytes_precede_report_and_second_run_is_noop) ... ok
2026-10-04T15:21:40.9516340Z test_real_artifact_supplies_twelve_routes_without_reinventing_offsets (__main__.ViewerEvidenceTests.test_real_artifact_supplies_twelve_routes_without_reinventing_offsets) ... ok
2026-10-04T15:21:40.9536153Z viewer section 20010103000052/3618: HTTP_RESPONSE_CAPTURED HTTP=403 audit=NOT_RUN
2026-10-04T15:21:40.9542482Z test_redirect_is_not_followed_and_http_error_is_source_evidence_only (__main__.ViewerEvidenceTests.test_redirect_is_not_followed_and_http_error_is_source_evidence_only) ... ok
2026-10-04T15:21:40.9561195Z viewer section 20010103000052/3618: HTTP_RESPONSE_CAPTURED HTTP=200 audit=NOT_RUN
2026-10-04T15:21:40.9566766Z viewer section 20010103000052/10627: DEFERRED HTTP=None audit=NOT_RUN
2026-10-04T15:21:40.9572620Z test_request_budget_never_submits_additional_calls (__main__.ViewerEvidenceTests.test_request_budget_never_submits_additional_calls) ... ok
2026-10-04T15:21:40.9586199Z viewer section 20010103000052/3618: TRANSPORT_ERROR HTTP=None audit=NOT_RUN
2026-10-04T15:21:40.9592683Z test_transport_failure_stops_and_is_not_automatically_retried (__main__.ViewerEvidenceTests.test_transport_failure_stops_and_is_not_automatically_retried) ... ok
2026-10-04T15:21:40.9593815Z 
2026-10-04T15:21:40.9594051Z ----------------------------------------------------------------------
2026-10-04T15:21:40.9594594Z Ran 8 tests in 0.019s
2026-10-04T15:21:40.9594794Z 
2026-10-04T15:21:40.9594913Z OK
2026-10-04T15:21:41.0474476Z test_ambiguous_parentheses_do_not_guess_sign (__main__.ViewerGuardTests.test_ambiguous_parentheses_do_not_guess_sign) ... ok
2026-10-04T15:21:41.0487583Z test_annual_flow_is_not_quarter_even_if_end_matches (__main__.ViewerGuardTests.test_annual_flow_is_not_quarter_even_if_end_matches) ... ok
2026-10-04T15:21:41.0501063Z test_br_empty_lines_are_preserved_without_concatenation (__main__.ViewerGuardTests.test_br_empty_lines_are_preserved_without_concatenation) ... ok
2026-10-04T15:21:41.0507527Z test_br_missing_line_is_not_shifted_or_padded (__main__.ViewerGuardTests.test_br_missing_line_is_not_shifted_or_padded) ... ok
2026-10-04T15:21:41.0519573Z test_colspan_group_requires_one_unambiguous_amount (__main__.ViewerGuardTests.test_colspan_group_requires_one_unambiguous_amount) ... ok
2026-10-04T15:21:41.0528713Z test_conflicting_units_and_future_table_unit_do_not_fill (__main__.ViewerGuardTests.test_conflicting_units_and_future_table_unit_do_not_fill) ... ok
2026-10-04T15:21:41.0532868Z test_contrary_statement_scope_cannot_inherit_ofs (__main__.ViewerGuardTests.test_contrary_statement_scope_cannot_inherit_ofs) ... ok
2026-10-04T15:21:41.0539069Z test_current_column_is_selected_after_previous_column (__main__.ViewerGuardTests.test_current_column_is_selected_after_previous_column) ... ok
2026-10-04T15:21:41.0550452Z test_current_term_or_date_mismatch_is_a_gap (__main__.ViewerGuardTests.test_current_term_or_date_mismatch_is_a_gap) ... ok
2026-10-04T15:21:41.0557432Z test_current_unit_date_are_not_inherited_by_following_table (__main__.ViewerGuardTests.test_current_unit_date_are_not_inherited_by_following_table) ... ok
2026-10-04T15:21:41.0584219Z test_daewoo_loss_note_group_requires_exact_one_current_token (__main__.ViewerGuardTests.test_daewoo_loss_note_group_requires_exact_one_current_token) ... ok
2026-10-04T15:21:41.0591753Z test_duplicate_current_alias_is_not_resolved_by_priority (__main__.ViewerGuardTests.test_duplicate_current_alias_is_not_resolved_by_priority) ... ok
2026-10-04T15:21:41.0601044Z test_explicit_per_share_tail_retains_prefix_empty_lines (__main__.ViewerGuardTests.test_explicit_per_share_tail_retains_prefix_empty_lines) ... ok
2026-10-04T15:21:41.0620921Z test_explicit_unit_multiplier (__main__.ViewerGuardTests.test_explicit_unit_multiplier) ... ok
2026-10-04T15:21:41.0626969Z test_explicit_zero_remains_a_source_observation (__main__.ViewerGuardTests.test_explicit_zero_remains_a_source_observation) ... ok
2026-10-04T15:21:41.0628522Z test_first_of_month_and_missing_scope_are_invalid_requests (__main__.ViewerGuardTests.test_first_of_month_and_missing_scope_are_invalid_requests) ... ok
2026-10-04T15:21:41.0637401Z test_generic_quarter_requires_source_date_range_proof (__main__.ViewerGuardTests.test_generic_quarter_requires_source_date_range_proof) ... ok
2026-10-04T15:21:41.0653116Z test_missing_blank_or_unsupported_unit_is_a_gap (__main__.ViewerGuardTests.test_missing_blank_or_unsupported_unit_is_a_gap) ... ok
2026-10-04T15:21:41.0677690Z test_missing_current_cell_never_falls_back_to_previous_value (__main__.ViewerGuardTests.test_missing_current_cell_never_falls_back_to_previous_value) ... ok
2026-10-04T15:21:41.0705600Z test_multiple_numeric_tokens_are_rejected (__main__.ViewerGuardTests.test_multiple_numeric_tokens_are_rejected) ... ok
2026-10-04T15:21:41.0869778Z test_native_archives_and_viewer_bodies_recover_exact_14_primary_sources (__main__.ViewerGuardTests.test_native_archives_and_viewer_bodies_recover_exact_14_primary_sources) ... ok
2026-10-04T15:21:41.0906345Z test_nested_tables_and_budget_overflow_are_gaps (__main__.ViewerGuardTests.test_nested_tables_and_budget_overflow_are_gaps) ... ok
2026-10-04T15:21:41.0908785Z test_non_200_or_unknown_encoding_is_a_gap (__main__.ViewerGuardTests.test_non_200_or_unknown_encoding_is_a_gap) ... ok
2026-10-04T15:21:41.0910625Z test_non_dart_or_mismatched_receipt_is_rejected (__main__.ViewerGuardTests.test_non_dart_or_mismatched_receipt_is_rejected) ... ok
2026-10-04T15:21:41.0917574Z test_note_column_cannot_be_a_numeric_amount (__main__.ViewerGuardTests.test_note_column_cannot_be_a_numeric_amount) ... ok
2026-10-04T15:21:41.0923382Z test_per_share_alignment_is_not_a_balance_sheet_rule (__main__.ViewerGuardTests.test_per_share_alignment_is_not_a_balance_sheet_rule) ... ok
2026-10-04T15:21:41.0929983Z test_per_share_boundary_must_follow_net_income (__main__.ViewerGuardTests.test_per_share_boundary_must_follow_net_income) ... ok
2026-10-04T15:21:41.0940274Z test_per_share_notes_do_not_bypass_period_scope_or_unit_guard (__main__.ViewerGuardTests.test_per_share_notes_do_not_bypass_period_scope_or_unit_guard) ... ok
2026-10-04T15:21:41.0947482Z test_per_share_tail_also_rejects_shifted_prior_column (__main__.ViewerGuardTests.test_per_share_tail_also_rejects_shifted_prior_column) ... ok
2026-10-04T15:21:41.0960482Z test_per_share_tail_amount_column_notes_are_not_financial_amounts (__main__.ViewerGuardTests.test_per_share_tail_amount_column_notes_are_not_financial_amounts) ... ok
2026-10-04T15:21:41.0981125Z test_per_share_tail_cannot_supply_missing_current_profit (__main__.ViewerGuardTests.test_per_share_tail_cannot_supply_missing_current_profit) ... ok
2026-10-04T15:21:41.0994152Z test_per_share_tail_does_not_repair_an_interior_missing_br (__main__.ViewerGuardTests.test_per_share_tail_does_not_repair_an_interior_missing_br) ... ok
2026-10-04T15:21:41.1002039Z test_per_share_tail_does_not_shift_amount_on_blank_account_line (__main__.ViewerGuardTests.test_per_share_tail_does_not_shift_amount_on_blank_account_line) ... ok
2026-10-04T15:21:41.1022236Z test_per_share_tail_rejects_unknown_or_additional_account_text (__main__.ViewerGuardTests.test_per_share_tail_rejects_unknown_or_additional_account_text) ... ok
2026-10-04T15:21:41.6464877Z test_primary_all_49_cells_and_12_bodies (__main__.ViewerGuardTests.test_primary_all_49_cells_and_12_bodies) ... ok
2026-10-04T15:21:41.6471111Z test_primary_body_sha_detects_corruption (__main__.ViewerGuardTests.test_primary_body_sha_detects_corruption) ... ok
2026-10-04T15:21:42.1809210Z test_primary_cfs_prior_annual_is_not_current_ofs (__main__.ViewerGuardTests.test_primary_cfs_prior_annual_is_not_current_ofs) ... ok
2026-10-04T15:21:42.7160068Z test_primary_five_previously_withheld_values_and_original_indices (__main__.ViewerGuardTests.test_primary_five_previously_withheld_values_and_original_indices) ... ok
2026-10-04T15:21:42.7168811Z test_primary_native_sha_chain_matches_preexisting_probe (__main__.ViewerGuardTests.test_primary_native_sha_chain_matches_preexisting_probe) ... ok
2026-10-04T15:21:43.2524072Z test_primary_previous_annual_ocf_never_becomes_current_quarter (__main__.ViewerGuardTests.test_primary_previous_annual_ocf_never_becomes_current_quarter) ... ok
2026-10-04T15:21:43.7879780Z test_primary_unknown_vitz_unit_cannot_inherit_later_cf_unit (__main__.ViewerGuardTests.test_primary_unknown_vitz_unit_cannot_inherit_later_cf_unit) ... ok
2026-10-04T15:21:43.7890983Z test_ragged_rows_without_explicit_per_share_tail_still_fail (__main__.ViewerGuardTests.test_ragged_rows_without_explicit_per_share_tail_still_fail) ... ok
2026-10-04T15:21:43.7896633Z test_replay_preserves_existing_outputs (__main__.ViewerGuardTests.test_replay_preserves_existing_outputs) ... ok
2026-10-04T15:21:43.7898390Z test_scope_requires_matching_route_and_body_heading (__main__.ViewerGuardTests.test_scope_requires_matching_route_and_body_heading) ... ok
2026-10-04T15:21:43.7905928Z test_source_negative_prefix_triangles_and_loss_labels (__main__.ViewerGuardTests.test_source_negative_prefix_triangles_and_loss_labels) ... ok
2026-10-04T15:21:43.7911294Z test_unknown_statement_is_not_inferred_from_account (__main__.ViewerGuardTests.test_unknown_statement_is_not_inferred_from_account) ... ok
2026-10-04T15:21:43.7928602Z test_viewer_loss_alias_is_exact_and_does_not_change_native (__main__.ViewerGuardTests.test_viewer_loss_alias_is_exact_and_does_not_change_native) ... ok
2026-10-04T15:21:43.7938973Z test_wrapped_explicit_per_share_notes_are_supported (__main__.ViewerGuardTests.test_wrapped_explicit_per_share_notes_are_supported) ... ok
2026-10-04T15:21:43.7939935Z 
2026-10-04T15:21:43.7940206Z ----------------------------------------------------------------------
2026-10-04T15:21:43.7940752Z Ran 48 tests in 2.747s
2026-10-04T15:21:43.7940969Z 
2026-10-04T15:21:43.7941108Z OK
2026-10-04T15:21:44.3941000Z {"adapter_version": "dart-viewer-period-scope-unit-column-v2", "primary_bodies": 12, "receipts": 6, "independent_golden_items": 49, "results": {"MATCH": 22, "WITHHELD_PRIOR_PERIOD": 22, "WITHHELD_UNKNOWN_UNIT": 5}, "staging_rows": 78, "independently_matched_staging_rows": 22, "unreviewed_staging_rows": 56, "production_rows_written": 0, "checkpoint_rows_changed": 0, "verified_pit_items": 0, "collection_complete": false, "financial_quality_complete": false, "strategy_validation_complete": false, "source_verification": "archived primary body SHA, original cell spans, independent manual golden values", "manifest_sha256": "b5de27af7fe694630edd77542dad20a2268fe9f741cde1dc85276718124ac47a", "golden_sha256": "046bc73f2ff21233e2cff9dba2ac20b2bc9cd38e0c553c6f53a0600d825fd373"}
2026-10-04T15:21:47.1159677Z {"samples": 72, "companies": 8, "receipts": 8, "source_period_end_years": ["1999", "2000"], "scope_counts": {"OFS": 46, "CFS": 26}, "results": {"stored_missing": 49, "period_mismatch": 18, "amount_mismatch": 3, "semantic_mismatch": 2}, "numeric_equal": 19, "numeric_unequal": 3, "stored_present": 23, "stored_missing": 49, "unit_unverified": 5, "correction_chain_verified": 0, "verified_pit_items": 0, "expected_sha256": "e95e0c4199905d7d59a27ed9a12b72ec4b698961f33a1c29c495819a49992240", "source_verification": "full archived primary body SHA and original literal cell offsets", "interpretation": "failure-oriented sample; not full-data certification; preserved v4 observations are not current provider inputs"}
2026-10-04T15:21:47.1730642Z test_kst_expiry_skips_even_without_status (__main__.ScheduleGateTests.test_kst_expiry_skips_even_without_status) ... ok
2026-10-04T15:21:47.1737618Z test_last_second_of_october_allows_pending_batch (__main__.ScheduleGateTests.test_last_second_of_october_allows_pending_batch) ... ok
2026-10-04T15:21:47.1753749Z test_missing_or_corrupt_status_fails_before_collection (__main__.ScheduleGateTests.test_missing_or_corrupt_status_fails_before_collection) ... ok
2026-10-04T15:21:47.1758012Z test_queue_completion_skips_extra_batch (__main__.ScheduleGateTests.test_queue_completion_skips_extra_batch) ... ok
2026-10-04T15:21:47.1760833Z test_regular_daily_push_and_manual_do_not_depend_on_coverage (__main__.ScheduleGateTests.test_regular_daily_push_and_manual_do_not_depend_on_coverage) ... ok
2026-10-04T15:21:47.1763072Z test_unknown_schedule_and_naive_time_fail_closed (__main__.ScheduleGateTests.test_unknown_schedule_and_naive_time_fail_closed) ... ok
2026-10-04T15:21:47.1763970Z 
2026-10-04T15:21:47.1764216Z ----------------------------------------------------------------------
2026-10-04T15:21:47.1764798Z Ran 6 tests in 0.004s
2026-10-04T15:21:47.1765033Z 
2026-10-04T15:21:47.1765163Z OK
2026-10-04T15:21:47.1922366Z ##[group]Run actions/upload-artifact@v4
2026-10-04T15:21:47.1922675Z with:
2026-10-04T15:21:47.1922888Z   name: legacy-viewer-source-replay
2026-10-04T15:21:47.1923426Z   path: /home/runner/work/_temp/legacy-viewer-source-replay
/home/runner/work/_temp/legacy-primary-72-recheck

2026-10-04T15:21:47.1923973Z   if-no-files-found: error
2026-10-04T15:21:47.1924232Z   retention-days: 90
2026-10-04T15:21:47.1924446Z   compression-level: 6
2026-10-04T15:21:47.1924658Z   overwrite: false
2026-10-04T15:21:47.1924872Z   include-hidden-files: false
2026-10-04T15:21:47.1925104Z env:
2026-10-04T15:21:47.1925356Z   pythonLocation: /opt/hostedtoolcache/Python/3.12.14/x64
2026-10-04T15:21:47.1926125Z   PKG_CONFIG_PATH: /opt/hostedtoolcache/Python/3.12.14/x64/lib/pkgconfig
2026-10-04T15:21:47.1926560Z   Python_ROOT_DIR: /opt/hostedtoolcache/Python/3.12.14/x64
2026-10-04T15:21:47.1926940Z   Python2_ROOT_DIR: /opt/hostedtoolcache/Python/3.12.14/x64
2026-10-04T15:21:47.1927362Z   Python3_ROOT_DIR: /opt/hostedtoolcache/Python/3.12.14/x64
2026-10-04T15:21:47.1927748Z   LD_LIBRARY_PATH: /opt/hostedtoolcache/Python/3.12.14/x64/lib
2026-10-04T15:21:47.1928069Z ##[endgroup]
2026-10-04T15:21:47.3601717Z (node:2555) [DEP0040] DeprecationWarning: The `punycode` module is deprecated. Please use a userland alternative instead.
2026-10-04T15:21:47.3603045Z (Use `node --trace-deprecation ...` to show where the warning was created)
2026-10-04T15:21:47.3680656Z Multiple search paths detected. Calculating the least common ancestor of all paths
2026-10-04T15:21:47.3683096Z The least common ancestor is /home/runner/work/_temp. This will be the root directory of the artifact
2026-10-04T15:21:47.3684410Z With the provided path, there will be 8 files uploaded
2026-10-04T15:21:47.3687053Z Artifact name is valid!
2026-10-04T15:21:47.3687563Z Root directory input is valid!
2026-10-04T15:21:47.5826330Z Beginning upload of artifact content to blob storage
2026-10-04T15:21:47.6159673Z (node:2555) [DEP0169] DeprecationWarning: `url.parse()` behavior is not standardized and prone to errors that have security implications. Use the WHATWG URL API instead. CVEs are not issued for `url.parse()` vulnerabilities.
2026-10-04T15:21:47.6640727Z Uploaded bytes 28355
2026-10-04T15:21:47.6819778Z Finished uploading artifact content to blob storage!
2026-10-04T15:21:47.6820886Z SHA256 digest of uploaded artifact zip is a165798e9708922634f1c8724d338d205d57709ca53fab7acaec8ead48f9e68c
2026-10-04T15:21:47.6823122Z Finalizing artifact upload
2026-10-04T15:21:47.8811722Z Artifact legacy-viewer-source-replay.zip successfully finalized. Artifact ID 11306598527
2026-10-04T15:21:47.8813752Z Artifact legacy-viewer-source-replay has been successfully uploaded! Final size is 28355 bytes. Artifact ID is 11306598527
2026-10-04T15:21:47.8821190Z Artifact download URL: https://github.com/Horororong/quant-marcap-runner/actions/runs/37212563755/artifacts/11306598527
2026-10-04T15:21:47.8980627Z ##[group]Run python -m py_compile scripts/strategy_dsl_run.py scripts/test_strategy_dsl_run.py scripts/test_dsl_run_e2e.py scripts/test_strategy_dsl_validation.py scripts/corporate_action_preflight.py scripts/test_corporate_action_preflight.py scripts/cash_share_exchange.py scripts/test_cash_share_exchange.py scripts/execution_contract.py scripts/export_strategy_dsl_contract.py scripts/strategy_dsl_aliases.py scripts/strategy_dsl_preflight.py scripts/krx_technical_factor_adapter.py scripts/factor_registry.py scripts/corporate_action_registry.py scripts/strategy_dsl.py scripts/strategy_dsl_runner.py scripts/dart_value_factor_adapter.py scripts/test_factor_registry.py scripts/test_strategy_dsl_aliases.py scripts/test_strategy_dsl_preflight.py scripts/test_strategy_dsl_benchmark.py scripts/test_krx_technical_factor_adapter.py scripts/test_krx_volatility_factor_adapter.py scripts/test_corporate_action_execution.py scripts/test_strategy_dsl.py scripts/test_dart_dsl_super_value.py scripts/test_dsl_execution_e2e.py scripts/strategy_dsl_deciles.py scripts/test_strategy_dsl_deciles.py scripts/test_dsl_deciles_e2e.py scripts/krx_history_audit.py scripts/test_krx_history_audit.py scripts/test_held_return_guard.py scripts/corporate_action_reconciliation.py scripts/test_corporate_action_reconciliation.py scripts/quant_backtest_template_CURRENT.py scripts/quant_backtest_template_PROJECT_v2-16_CURRENT.py scripts/quant_backtest_postprocess.py scripts/test_canonical_performance.py scripts/test_verified_autumn_splits.py scripts/krx_market_normalization.py scripts/repair_krx_market_segments.py scripts/update_krx_equities_daily.py scripts/test_krx_market_normalization.py
2026-10-04T15:21:47.8998008Z [36;1mpython -m py_compile scripts/strategy_dsl_run.py scripts/test_strategy_dsl_run.py scripts/test_dsl_run_e2e.py scripts/test_strategy_dsl_validation.py scripts/corporate_action_preflight.py scripts/test_corporate_action_preflight.py scripts/cash_share_exchange.py scripts/test_cash_share_exchange.py scripts/execution_contract.py scripts/export_strategy_dsl_contract.py scripts/strategy_dsl_aliases.py scripts/strategy_dsl_preflight.py scripts/krx_technical_factor_adapter.py scripts/factor_registry.py scripts/corporate_action_registry.py scripts/strategy_dsl.py scripts/strategy_dsl_runner.py scripts/dart_value_factor_adapter.py scripts/test_factor_registry.py scripts/test_strategy_dsl_aliases.py scripts/test_strategy_dsl_preflight.py scripts/test_strategy_dsl_benchmark.py scripts/test_krx_technical_factor_adapter.py scripts/test_krx_volatility_factor_adapter.py scripts/test_corporate_action_execution.py scripts/test_strategy_dsl.py scripts/test_dart_dsl_super_value.py scripts/test_dsl_execution_e2e.py scripts/strategy_dsl_deciles.py scripts/test_strategy_dsl_deciles.py scripts/test_dsl_deciles_e2e.py scripts/krx_history_audit.py scripts/test_krx_history_audit.py scripts/test_held_return_guard.py scripts/corporate_action_reconciliation.py scripts/test_corporate_action_reconciliation.py scripts/quant_backtest_template_CURRENT.py scripts/quant_backtest_template_PROJECT_v2-16_CURRENT.py scripts/quant_backtest_postprocess.py scripts/test_canonical_performance.py scripts/test_verified_autumn_splits.py scripts/krx_market_normalization.py scripts/repair_krx_market_segments.py scripts/update_krx_equities_daily.py scripts/test_krx_market_normalization.py[0m
2026-10-04T15:21:47.9083502Z shell: /usr/bin/bash -e {0}
2026-10-04T15:21:47.9083770Z env:
2026-10-04T15:21:47.9084065Z   pythonLocation: /opt/hostedtoolcache/Python/3.12.14/x64
2026-10-04T15:21:47.9084519Z   PKG_CONFIG_PATH: /opt/hostedtoolcache/Python/3.12.14/x64/lib/pkgconfig
2026-10-04T15:21:47.9084958Z   Python_ROOT_DIR: /opt/hostedtoolcache/Python/3.12.14/x64
2026-10-04T15:21:47.9085348Z   Python2_ROOT_DIR: /opt/hostedtoolcache/Python/3.12.14/x64
2026-10-04T15:21:47.9086008Z   Python3_ROOT_DIR: /opt/hostedtoolcache/Python/3.12.14/x64
2026-10-04T15:21:47.9086421Z   LD_LIBRARY_PATH: /opt/hostedtoolcache/Python/3.12.14/x64/lib
2026-10-04T15:21:47.9086754Z ##[endgroup]
2026-10-04T15:21:48.0914740Z ##[group]Run python scripts/test_sandbox_kit.py
2026-10-04T15:21:48.0915131Z [36;1mpython scripts/test_sandbox_kit.py[0m
2026-10-04T15:21:48.0978606Z shell: /usr/bin/bash -e {0}
2026-10-04T15:21:48.0978881Z env:
2026-10-04T15:21:48.0979197Z   pythonLocation: /opt/hostedtoolcache/Python/3.12.14/x64
2026-10-04T15:21:48.0979700Z   PKG_CONFIG_PATH: /opt/hostedtoolcache/Python/3.12.14/x64/lib/pkgconfig
2026-10-04T15:21:48.0980197Z   Python_ROOT_DIR: /opt/hostedtoolcache/Python/3.12.14/x64
2026-10-04T15:21:48.0980650Z   Python2_ROOT_DIR: /opt/hostedtoolcache/Python/3.12.14/x64
2026-10-04T15:21:48.0981116Z   Python3_ROOT_DIR: /opt/hostedtoolcache/Python/3.12.14/x64
2026-10-04T15:21:48.0981562Z   LD_LIBRARY_PATH: /opt/hostedtoolcache/Python/3.12.14/x64/lib
2026-10-04T15:21:48.0981938Z ##[endgroup]
2026-10-04T15:21:49.8437982Z ..............
2026-10-04T15:21:49.8438549Z ----------------------------------------------------------------------
2026-10-04T15:21:49.8439298Z Ran 14 tests in 1.616s
2026-10-04T15:21:49.8439527Z 
2026-10-04T15:21:49.8439651Z OK
2026-10-04T15:21:49.9128550Z ##[group]Run python scripts/export_strategy_dsl_contract.py --check
2026-10-04T15:21:49.9129087Z [36;1mpython scripts/export_strategy_dsl_contract.py --check[0m
2026-10-04T15:21:49.9191665Z shell: /usr/bin/bash -e {0}
2026-10-04T15:21:49.9191926Z env:
2026-10-04T15:21:49.9192206Z   pythonLocation: /opt/hostedtoolcache/Python/3.12.14/x64
2026-10-04T15:21:49.9192679Z   PKG_CONFIG_PATH: /opt/hostedtoolcache/Python/3.12.14/x64/lib/pkgconfig
2026-10-04T15:21:49.9193120Z   Python_ROOT_DIR: /opt/hostedtoolcache/Python/3.12.14/x64
2026-10-04T15:21:49.9193521Z   Python2_ROOT_DIR: /opt/hostedtoolcache/Python/3.12.14/x64
2026-10-04T15:21:49.9193917Z   Python3_ROOT_DIR: /opt/hostedtoolcache/Python/3.12.14/x64
2026-10-04T15:21:49.9194312Z   LD_LIBRARY_PATH: /opt/hostedtoolcache/Python/3.12.14/x64/lib
2026-10-04T15:21:49.9194643Z ##[endgroup]
2026-10-04T15:21:50.3653305Z STRATEGY DSL MACHINE CONTRACT: PASS
2026-10-04T15:21:50.4266510Z ##[group]Run python -m py_compile update_dart_financials.py scripts/test_dart_recent_storage.py
2026-10-04T15:21:50.4267289Z [36;1mpython -m py_compile update_dart_financials.py scripts/test_dart_recent_storage.py[0m
2026-10-04T15:21:50.4267810Z [36;1mpython scripts/test_dart_recent_storage.py[0m
2026-10-04T15:21:50.4331111Z shell: /usr/bin/bash -e {0}
2026-10-04T15:21:50.4331381Z env:
2026-10-04T15:21:50.4331670Z   pythonLocation: /opt/hostedtoolcache/Python/3.12.14/x64
2026-10-04T15:21:50.4332342Z   PKG_CONFIG_PATH: /opt/hostedtoolcache/Python/3.12.14/x64/lib/pkgconfig
2026-10-04T15:21:50.4332818Z   Python_ROOT_DIR: /opt/hostedtoolcache/Python/3.12.14/x64
2026-10-04T15:21:50.4333239Z   Python2_ROOT_DIR: /opt/hostedtoolcache/Python/3.12.14/x64
2026-10-04T15:21:50.4333662Z   Python3_ROOT_DIR: /opt/hostedtoolcache/Python/3.12.14/x64
2026-10-04T15:21:50.4334086Z   LD_LIBRARY_PATH: /opt/hostedtoolcache/Python/3.12.14/x64/lib
2026-10-04T15:21:50.4334441Z ##[endgroup]
2026-10-04T15:21:50.9483773Z test_atomic_failure_and_corruption (__main__.StorageTests.test_atomic_failure_and_corruption) ... ok
2026-10-04T15:21:50.9504187Z test_cycles_cover_every_company_and_stop_filename_drift (__main__.StorageTests.test_cycles_cover_every_company_and_stop_filename_drift) ... ok
2026-10-04T15:21:50.9582939Z test_deterministic_gzip_and_exact_values (__main__.StorageTests.test_deterministic_gzip_and_exact_values) ... ok
2026-10-04T15:21:50.9635766Z test_duplicates_are_preserved (__main__.StorageTests.test_duplicates_are_preserved) ... ok
2026-10-04T15:21:50.9705964Z DART batch start=0 size=1 workers=6
2026-10-04T15:21:50.9715559Z DART progress 1/1
2026-10-04T15:21:50.9823453Z {"status": "OK", "checked_at_utc": "2026-10-01T00:00:00+00:00", "changed_paths": ["/tmp/tmpeu9l3f06/data/financials/corp_master.csv", "/tmp/tmpeu9l3f06/data/financials/recent_batches/dart_recent_00000_00000.csv.gz", "/tmp/tmpeu9l3f06/data/financials/dart_errors_00000_00000.csv", "/tmp/tmpeu9l3f06/data/status/dart_rotation_state.csv", "/tmp/tmpeu9l3f06/data/status/dart_status.csv"]}
2026-10-04T15:21:51.0047188Z DART batch start=0 size=1 workers=6
2026-10-04T15:21:51.0056603Z DART progress 1/1
2026-10-04T15:21:51.0117887Z {"status": "OK", "checked_at_utc": "2026-10-02T00:00:00+00:00", "changed_paths": []}
2026-10-04T15:21:51.0220350Z DART batch start=0 size=1 workers=6
2026-10-04T15:21:51.0228343Z DART progress 1/1
2026-10-04T15:21:51.0307765Z {"status": "OK", "checked_at_utc": "2026-10-02T00:00:00+00:00", "changed_paths": ["/tmp/tmpeu9l3f06/data/financials/recent_batches/dart_recent_00000_00000.csv.gz"]}
2026-10-04T15:21:51.0392678Z test_main_rerun_no_git_commit_but_fresh_artifact (__main__.StorageTests.test_main_rerun_no_git_commit_but_fresh_artifact) ... ok
2026-10-04T15:21:51.0417845Z {"status": "SKIPPED", "checked_at_utc": "2026-10-04T15:21:51.040097+00:00", "changed_paths": ["/tmp/tmp01abmbvp/status/dart_status.csv"]}
2026-10-04T15:21:51.0429475Z {"status": "SKIPPED", "checked_at_utc": "2026-10-04T15:21:51.041736+00:00", "changed_paths": []}
2026-10-04T15:21:51.0438760Z test_missing_key_repeated_run (__main__.StorageTests.test_missing_key_repeated_run) ... ok
2026-10-04T15:21:51.0524303Z test_preserve_equivalent_legacy_bytes (__main__.StorageTests.test_preserve_equivalent_legacy_bytes) ... ok
2026-10-04T15:22:18.8372300Z test_real_dart_output_determinism_and_legacy_no_rewrite (__main__.StorageTests.test_real_dart_output_determinism_and_legacy_no_rewrite) ... ok
2026-10-04T15:22:18.8440015Z test_timestamp_only_is_ignored_but_rotation_and_errors_are_not (__main__.StorageTests.test_timestamp_only_is_ignored_but_rotation_and_errors_are_not) ... ok
2026-10-04T15:22:18.8441232Z 
2026-10-04T15:22:18.8441756Z ----------------------------------------------------------------------
2026-10-04T15:22:18.8442510Z Ran 9 tests in 27.910s
2026-10-04T15:22:18.8442878Z 
2026-10-04T15:22:18.8444891Z OK
2026-10-04T15:22:18.8466608Z REAL DART: dart_recent_00000_00299.csv.gz, 269,283 rows; identical bytes, exact CSV values, source preserved
2026-10-04T15:22:18.9087412Z ##[group]Run python -m py_compile scripts/git_storage_snapshot.py scripts/test_git_storage_snapshot.py
2026-10-04T15:22:18.9088772Z [36;1mpython -m py_compile scripts/git_storage_snapshot.py scripts/test_git_storage_snapshot.py[0m
2026-10-04T15:22:18.9089761Z [36;1mpython scripts/test_git_storage_snapshot.py[0m
2026-10-04T15:22:18.9167737Z shell: /usr/bin/bash -e {0}
2026-10-04T15:22:18.9168002Z env:
2026-10-04T15:22:18.9168283Z   pythonLocation: /opt/hostedtoolcache/Python/3.12.14/x64
2026-10-04T15:22:18.9169006Z   PKG_CONFIG_PATH: /opt/hostedtoolcache/Python/3.12.14/x64/lib/pkgconfig
2026-10-04T15:22:18.9169448Z   Python_ROOT_DIR: /opt/hostedtoolcache/Python/3.12.14/x64
2026-10-04T15:22:18.9169836Z   Python2_ROOT_DIR: /opt/hostedtoolcache/Python/3.12.14/x64
2026-10-04T15:22:18.9170236Z   Python3_ROOT_DIR: /opt/hostedtoolcache/Python/3.12.14/x64
2026-10-04T15:22:18.9170647Z   LD_LIBRARY_PATH: /opt/hostedtoolcache/Python/3.12.14/x64/lib
2026-10-04T15:22:18.9171014Z ##[endgroup]
2026-10-04T15:22:19.0499647Z test_other_branch_does_not_inflate_main_history (__main__.MeasurementTests.test_other_branch_does_not_inflate_main_history) ... ok
2026-10-04T15:22:19.0897018Z test_reject_backwards_observation (__main__.MeasurementTests.test_reject_backwards_observation) ... ok
2026-10-04T15:22:19.1322981Z test_reject_shallow_history_and_foreign_baseline (__main__.MeasurementTests.test_reject_shallow_history_and_foreign_baseline) ... Switched to a new branch 'foreign'
2026-10-04T15:22:19.1564821Z ok
2026-10-04T15:22:19.2256095Z test_reuse_vs_changed_blob_and_no_mutation (__main__.MeasurementTests.test_reuse_vs_changed_blob_and_no_mutation) ... ok
2026-10-04T15:22:19.2256712Z 
2026-10-04T15:22:19.2256909Z ----------------------------------------------------------------------
2026-10-04T15:22:19.2257318Z Ran 4 tests in 0.214s
2026-10-04T15:22:19.2257471Z 
2026-10-04T15:22:19.2257563Z OK
2026-10-04T15:22:19.2400227Z ##[group]Run python scripts/test_strategy_dsl_validation.py
2026-10-04T15:22:19.2401031Z [36;1mpython scripts/test_strategy_dsl_validation.py[0m
2026-10-04T15:22:19.2474715Z shell: /usr/bin/bash -e {0}
2026-10-04T15:22:19.2475168Z env:
2026-10-04T15:22:19.2475933Z   pythonLocation: /opt/hostedtoolcache/Python/3.12.14/x64
2026-10-04T15:22:19.2476784Z   PKG_CONFIG_PATH: /opt/hostedtoolcache/Python/3.12.14/x64/lib/pkgconfig
2026-10-04T15:22:19.2477541Z   Python_ROOT_DIR: /opt/hostedtoolcache/Python/3.12.14/x64
2026-10-04T15:22:19.2477989Z   Python2_ROOT_DIR: /opt/hostedtoolcache/Python/3.12.14/x64
2026-10-04T15:22:19.2478409Z   Python3_ROOT_DIR: /opt/hostedtoolcache/Python/3.12.14/x64
2026-10-04T15:22:19.2478806Z   LD_LIBRARY_PATH: /opt/hostedtoolcache/Python/3.12.14/x64/lib
2026-10-04T15:22:19.2479134Z ##[endgroup]
2026-10-04T15:22:22.9726700Z STRATEGY DSL INPUT CONTRACT: PASS (271 invalid cases; 8 unchanged fingerprints; CLI/data guards)
2026-10-04T15:22:23.0338530Z ##[group]Run python scripts/test_strategy_dsl_run.py
2026-10-04T15:22:23.0338958Z [36;1mpython scripts/test_strategy_dsl_run.py[0m
2026-10-04T15:22:23.0400986Z shell: /usr/bin/bash -e {0}
2026-10-04T15:22:23.0401251Z env:
2026-10-04T15:22:23.0401527Z   pythonLocation: /opt/hostedtoolcache/Python/3.12.14/x64
2026-10-04T15:22:23.0402009Z   PKG_CONFIG_PATH: /opt/hostedtoolcache/Python/3.12.14/x64/lib/pkgconfig
2026-10-04T15:22:23.0402474Z   Python_ROOT_DIR: /opt/hostedtoolcache/Python/3.12.14/x64
2026-10-04T15:22:23.0402890Z   Python2_ROOT_DIR: /opt/hostedtoolcache/Python/3.12.14/x64
2026-10-04T15:22:23.0403294Z   Python3_ROOT_DIR: /opt/hostedtoolcache/Python/3.12.14/x64
2026-10-04T15:22:23.0403710Z   LD_LIBRARY_PATH: /opt/hostedtoolcache/Python/3.12.14/x64/lib
2026-10-04T15:22:23.0404049Z ##[endgroup]
2026-10-04T15:22:43.4185531Z CHECKED DSL RUN LIFECYCLE: PASS (gaps, readiness, frozen input, distinct runs, atomic outputs, failures/interruption, actual CURRENT report)
2026-10-04T15:22:43.5027049Z ##[group]Run python scripts/test_canonical_performance.py
2026-10-04T15:22:43.5027511Z [36;1mpython scripts/test_canonical_performance.py[0m
2026-10-04T15:22:43.5089940Z shell: /usr/bin/bash -e {0}
2026-10-04T15:22:43.5090191Z env:
2026-10-04T15:22:43.5090466Z   pythonLocation: /opt/hostedtoolcache/Python/3.12.14/x64
2026-10-04T15:22:43.5090922Z   PKG_CONFIG_PATH: /opt/hostedtoolcache/Python/3.12.14/x64/lib/pkgconfig
2026-10-04T15:22:43.5091371Z   Python_ROOT_DIR: /opt/hostedtoolcache/Python/3.12.14/x64
2026-10-04T15:22:43.5091772Z   Python2_ROOT_DIR: /opt/hostedtoolcache/Python/3.12.14/x64
2026-10-04T15:22:43.5092175Z   Python3_ROOT_DIR: /opt/hostedtoolcache/Python/3.12.14/x64
2026-10-04T15:22:43.5092752Z   LD_LIBRARY_PATH: /opt/hostedtoolcache/Python/3.12.14/x64/lib
2026-10-04T15:22:43.5093114Z ##[endgroup]
2026-10-04T15:23:31.2912435Z CANONICAL PERFORMANCE: PASS (synthetic formulas/report; no investment claims)
2026-10-04T15:23:31.3647308Z ##[group]Run timeout -k 5s 90s python -u scripts/test_requested_period_report.py
2026-10-04T15:23:31.3647912Z [36;1mtimeout -k 5s 90s python -u scripts/test_requested_period_report.py[0m
2026-10-04T15:23:31.3712018Z shell: /usr/bin/bash -e {0}
2026-10-04T15:23:31.3712273Z env:
2026-10-04T15:23:31.3712544Z   pythonLocation: /opt/hostedtoolcache/Python/3.12.14/x64
2026-10-04T15:23:31.3713006Z   PKG_CONFIG_PATH: /opt/hostedtoolcache/Python/3.12.14/x64/lib/pkgconfig
2026-10-04T15:23:31.3713443Z   Python_ROOT_DIR: /opt/hostedtoolcache/Python/3.12.14/x64
2026-10-04T15:23:31.3713828Z   Python2_ROOT_DIR: /opt/hostedtoolcache/Python/3.12.14/x64
2026-10-04T15:23:31.3714222Z   Python3_ROOT_DIR: /opt/hostedtoolcache/Python/3.12.14/x64
2026-10-04T15:23:31.3714638Z   LD_LIBRARY_PATH: /opt/hostedtoolcache/Python/3.12.14/x64/lib
2026-10-04T15:23:31.3714964Z ##[endgroup]
2026-10-04T15:23:43.4828803Z test_checked_lifecycle_and_missing_period_diagnosis (__main__.RequestedReportTests.test_checked_lifecycle_and_missing_period_diagnosis) ... ok
2026-10-04T15:23:43.5034600Z test_fail_closed_dates_and_samples (__main__.RequestedReportTests.test_fail_closed_dates_and_samples) ... ok
2026-10-04T15:23:57.0186180Z test_independent_period_baseline_and_metrics (__main__.RequestedReportTests.test_independent_period_baseline_and_metrics) ... ok
2026-10-04T15:23:58.1506661Z test_manifest_and_offline_html (__main__.RequestedReportTests.test_manifest_and_offline_html) ... ok
2026-10-04T15:23:59.2890694Z test_short_samples_zero_denominators_and_negative_log_ticks (__main__.RequestedReportTests.test_short_samples_zero_denominators_and_negative_log_ticks) ... ok
2026-10-04T15:23:59.2891658Z 
2026-10-04T15:23:59.2891883Z ----------------------------------------------------------------------
2026-10-04T15:23:59.2892410Z Ran 5 tests in 27.452s
2026-10-04T15:23:59.2892603Z 
2026-10-04T15:23:59.2892714Z OK
2026-10-04T15:23:59.3731449Z ##[group]Run timeout -k 5s 150s python -u scripts/strategy_dsl_runner.py config/strategies/kr_equity_report_validation_2019_2020.json --report-periods config/reports/report_validation_periods.json --output-dir "$RUNNER_TEMP/requested-report"
2026-10-04T15:23:59.3734660Z [36;1mtimeout -k 5s 150s python -u scripts/strategy_dsl_runner.py config/strategies/kr_equity_report_validation_2019_2020.json --report-periods config/reports/report_validation_periods.json --output-dir "$RUNNER_TEMP/requested-report"[0m
2026-10-04T15:23:59.3811070Z shell: /usr/bin/bash -e {0}
2026-10-04T15:23:59.3811324Z env:
2026-10-04T15:23:59.3811599Z   pythonLocation: /opt/hostedtoolcache/Python/3.12.14/x64
2026-10-04T15:23:59.3812055Z   PKG_CONFIG_PATH: /opt/hostedtoolcache/Python/3.12.14/x64/lib/pkgconfig
2026-10-04T15:23:59.3812541Z   Python_ROOT_DIR: /opt/hostedtoolcache/Python/3.12.14/x64
2026-10-04T15:23:59.3812943Z   Python2_ROOT_DIR: /opt/hostedtoolcache/Python/3.12.14/x64
2026-10-04T15:23:59.3813367Z   Python3_ROOT_DIR: /opt/hostedtoolcache/Python/3.12.14/x64
2026-10-04T15:23:59.3813760Z   LD_LIBRARY_PATH: /opt/hostedtoolcache/Python/3.12.14/x64/lib
2026-10-04T15:23:59.3814087Z ##[endgroup]
2026-10-04T15:24:35.9316881Z {
2026-10-04T15:24:35.9319056Z   "run_contract_version": "2",
2026-10-04T15:24:35.9319638Z   "run_id": "20261004T152359841938Z-90da0d05",
2026-10-04T15:24:35.9320098Z   "status": "ok",
2026-10-04T15:24:35.9320432Z   "phase": "complete",
2026-10-04T15:24:35.9320828Z   "started_at": "2026-10-04T15:23:59.842105+00:00",
2026-10-04T15:24:35.9321322Z   "finished_at": "2026-10-04T15:24:35.930874+00:00",
2026-10-04T15:24:35.9321875Z   "strategy_id": "kr_equity_report_validation_2019_2020",
2026-10-04T15:24:35.9322691Z   "strategy_fingerprint": "455268d0fd7f2c4330e2592f021098af0c0d81ae101a67c34265c54064fec352",
2026-10-04T15:24:35.9323907Z   "versions": {
2026-10-04T15:24:35.9324235Z     "schema_version": "1.0",
2026-10-04T15:24:35.9324618Z     "factor_registry_version": "7",
2026-10-04T15:24:35.9325089Z     "execution_engine_version": "v2-16-exec-3",
2026-10-04T15:24:35.9325581Z     "corporate_action_registry_version": "5",
2026-10-04T15:24:35.9326368Z     "dsl_machine_contract_version": "23",
2026-10-04T15:24:35.9326816Z     "preflight_contract_version": "3",
2026-10-04T15:24:35.9327284Z     "history_audit_contract_version": "1",
2026-10-04T15:24:35.9327767Z     "krx_market_normalization_version": "1",
2026-10-04T15:24:35.9328226Z     "project_template_version": "v2-16",
2026-10-04T15:24:35.9328689Z     "performance_template_version": "v2-18"
2026-10-04T15:24:35.9329121Z   },
2026-10-04T15:24:35.9329415Z   "mode": "requested_period_report",
2026-10-04T15:24:35.9329811Z   "nav_ready": true,
2026-10-04T15:24:35.9330148Z   "report_ready": true,
2026-10-04T15:24:35.9331073Z   "input_path": "/home/runner/work/quant-marcap-runner/quant-marcap-runner/config/strategies/kr_equity_report_validation_2019_2020.json",
2026-10-04T15:24:35.9332158Z   "output_dir": "/home/runner/work/_temp/requested-report",
2026-10-04T15:24:35.9332858Z   "status_file": "/home/runner/work/_temp/requested-report/run_status.json",
2026-10-04T15:24:35.9333475Z   "completed_stages": [
2026-10-04T15:24:35.9333801Z     "input",
2026-10-04T15:24:35.9334107Z     "preflight",
2026-10-04T15:24:35.9334420Z     "report_readiness",
2026-10-04T15:24:35.9334733Z     "execution",
2026-10-04T15:24:35.9335026Z     "postprocess"
2026-10-04T15:24:35.9335334Z   ],
2026-10-04T15:24:35.9335589Z   "outputs": {
2026-10-04T15:24:35.9336196Z     "daily_nav": "artifacts/daily_nav.csv",
2026-10-04T15:24:35.9336705Z     "target_weights": "artifacts/target_weights.csv",
2026-10-04T15:24:35.9337207Z     "metrics": "report/metrics_CURRENT.csv",
2026-10-04T15:24:35.9337735Z     "chat_manifest": "report/chat_manifest_CURRENT.json",
2026-10-04T15:24:35.9338305Z     "dashboard": "report/report_CURRENT.html"
2026-10-04T15:24:35.9338724Z   },
2026-10-04T15:24:35.9338994Z   "error": null,
2026-10-04T15:24:35.9339336Z   "requested_report_contract_version": "1",
2026-10-04T15:24:35.9340040Z   "report_complete": false,
2026-10-04T15:24:35.9340434Z   "period_readiness": {
2026-10-04T15:24:35.9340763Z     "longest": {
2026-10-04T15:24:35.9341070Z       "id": "longest",
2026-10-04T15:24:35.9341735Z       "label": "실행·보고 검증 · 2019~2020",
2026-10-04T15:24:35.9342117Z       "start": "longest",
2026-10-04T15:24:35.9342439Z       "end": "latest",
2026-10-04T15:24:35.9342762Z       "status": "ready",
2026-10-04T15:24:35.9343083Z       "reason": null,
2026-10-04T15:24:35.9343400Z       "ready": true,
2026-10-04T15:24:35.9343725Z       "requested_start": "2019-01-02",
2026-10-04T15:24:35.9344138Z       "requested_end": "2020-12-30",
2026-10-04T15:24:35.9344537Z       "actual_start": "2019-01-02",
2026-10-04T15:24:35.9344913Z       "actual_end": "2020-12-30",
2026-10-04T15:24:35.9345295Z       "observations": 494
2026-10-04T15:24:35.9345834Z     },
2026-10-04T15:24:35.9346105Z     "from_2020": {
2026-10-04T15:24:35.9346408Z       "id": "from_2020",
2026-10-04T15:24:35.9346814Z       "label": "2020년",
2026-10-04T15:24:35.9347139Z       "start": "2020-01-01",
2026-10-04T15:24:35.9347500Z       "end": "2020-12-31",
2026-10-04T15:24:35.9347820Z       "status": "ready",
2026-10-04T15:24:35.9348135Z       "reason": null,
2026-10-04T15:24:35.9348439Z       "ready": true,
2026-10-04T15:24:35.9348789Z       "requested_start": "2020-01-01",
2026-10-04T15:24:35.9349179Z       "requested_end": "2020-12-31",
2026-10-04T15:24:35.9349562Z       "actual_start": "2020-01-02",
2026-10-04T15:24:35.9349942Z       "actual_end": "2020-12-30",
2026-10-04T15:24:35.9350399Z       "observations": 248
2026-10-04T15:24:35.9350743Z     },
2026-10-04T15:24:35.9351009Z     "exact": {
2026-10-04T15:24:35.9351302Z       "id": "exact",
2026-10-04T15:24:35.9351739Z       "label": "정확한 날짜 · 2020-05-12~2020-11-10",
2026-10-04T15:24:35.9352159Z       "start": "2020-05-12",
2026-10-04T15:24:35.9352741Z       "end": "2020-11-10",
2026-10-04T15:24:35.9353075Z       "status": "ready",
2026-10-04T15:24:35.9353402Z       "reason": null,
2026-10-04T15:24:35.9353740Z       "ready": true,
2026-10-04T15:24:35.9354060Z       "requested_start": "2020-05-12",
2026-10-04T15:24:35.9354462Z       "requested_end": "2020-11-10",
2026-10-04T15:24:35.9354849Z       "actual_start": "2020-05-12",
2026-10-04T15:24:35.9355240Z       "actual_end": "2020-11-10",
2026-10-04T15:24:35.9355797Z       "observations": 126
2026-10-04T15:24:35.9356138Z     },
2026-10-04T15:24:35.9356393Z     "from_2000": {
2026-10-04T15:24:35.9356688Z       "id": "from_2000",
2026-10-04T15:24:35.9357101Z       "label": "2000년부터 · 자료 부족",
2026-10-04T15:24:35.9357451Z       "start": "2000-01-01",
2026-10-04T15:24:35.9357778Z       "end": "latest",
2026-10-04T15:24:35.9358088Z       "status": "data_gap",
2026-10-04T15:24:35.9358731Z       "reason": "요청 기간의 거래일 NAV 4690개 부족 (첫 누락 2000-01-04). 시작일을 이동하지 않습니다.",
2026-10-04T15:24:35.9359287Z       "ready": false,
2026-10-04T15:24:35.9359626Z       "requested_start": "2000-01-01",
2026-10-04T15:24:35.9360042Z       "requested_end": "2020-12-30"
2026-10-04T15:24:35.9360417Z     }
2026-10-04T15:24:35.9360684Z   }
2026-10-04T15:24:35.9360938Z }
2026-10-04T15:24:36.0075990Z ##[group]Run npm --prefix "$RUNNER_TEMP/report-browser" install --save-exact --no-audit --no-fund playwright@1.57.0
2026-10-04T15:24:36.0077478Z [36;1mnpm --prefix "$RUNNER_TEMP/report-browser" install --save-exact --no-audit --no-fund playwright@1.57.0[0m
2026-10-04T15:24:36.0078739Z [36;1m"$RUNNER_TEMP/report-browser/node_modules/.bin/playwright" install --with-deps chromium[0m
2026-10-04T15:24:36.0169785Z shell: /usr/bin/bash -e {0}
2026-10-04T15:24:36.0170223Z env:
2026-10-04T15:24:36.0170689Z   pythonLocation: /opt/hostedtoolcache/Python/3.12.14/x64
2026-10-04T15:24:36.0171513Z   PKG_CONFIG_PATH: /opt/hostedtoolcache/Python/3.12.14/x64/lib/pkgconfig
2026-10-04T15:24:36.0172362Z   Python_ROOT_DIR: /opt/hostedtoolcache/Python/3.12.14/x64
2026-10-04T15:24:36.0173140Z   Python2_ROOT_DIR: /opt/hostedtoolcache/Python/3.12.14/x64
2026-10-04T15:24:36.0173881Z   Python3_ROOT_DIR: /opt/hostedtoolcache/Python/3.12.14/x64
2026-10-04T15:24:36.0174711Z   LD_LIBRARY_PATH: /opt/hostedtoolcache/Python/3.12.14/x64/lib
2026-10-04T15:24:36.0175331Z ##[endgroup]
2026-10-04T15:24:38.2541500Z 
2026-10-04T15:24:38.2541912Z added 2 packages in 2s
2026-10-04T15:24:38.8727551Z Installing dependencies...
2026-10-04T15:24:38.8796603Z Switching to root user to install dependencies...
2026-10-04T15:24:38.9541405Z Get:1 file:/etc/apt/apt-mirrors.txt Mirrorlist [144 B]
2026-10-04T15:24:38.9864503Z Hit:2 http://azure.archive.ubuntu.com/ubuntu noble InRelease
2026-10-04T15:24:38.9873252Z Get:3 http://azure.archive.ubuntu.com/ubuntu noble-updates InRelease [126 kB]
2026-10-04T15:24:38.9919556Z Get:4 http://azure.archive.ubuntu.com/ubuntu noble-backports InRelease [126 kB]
2026-10-04T15:24:38.9943783Z Get:5 http://azure.archive.ubuntu.com/ubuntu noble-security InRelease [126 kB]
2026-10-04T15:24:39.0176542Z Get:6 https://packages.microsoft.com/ubuntu/24.04/prod noble InRelease [3600 B]
2026-10-04T15:24:39.1246426Z Get:7 http://azure.archive.ubuntu.com/ubuntu noble-updates/main amd64 Packages [1364 kB]
2026-10-04T15:24:39.1389861Z Get:8 http://azure.archive.ubuntu.com/ubuntu noble-updates/main Translation-en [304 kB]
2026-10-04T15:24:39.1397119Z Get:9 http://azure.archive.ubuntu.com/ubuntu noble-updates/main amd64 Components [181 kB]
2026-10-04T15:24:39.1409176Z Get:10 http://azure.archive.ubuntu.com/ubuntu noble-updates/universe amd64 Packages [1699 kB]
2026-10-04T15:24:39.1497308Z Get:11 http://azure.archive.ubuntu.com/ubuntu noble-updates/universe Translation-en [341 kB]
2026-10-04T15:24:39.1526860Z Get:12 http://azure.archive.ubuntu.com/ubuntu noble-updates/universe amd64 Components [388 kB]
2026-10-04T15:24:39.1546728Z Get:13 http://azure.archive.ubuntu.com/ubuntu noble-updates/restricted amd64 Packages [1720 kB]
2026-10-04T15:24:39.1634091Z Get:14 http://azure.archive.ubuntu.com/ubuntu noble-updates/restricted Translation-en [394 kB]
2026-10-04T15:24:39.1657681Z Get:15 http://azure.archive.ubuntu.com/ubuntu noble-updates/multiverse amd64 Components [940 B]
2026-10-04T15:24:39.1859209Z Get:16 http://azure.archive.ubuntu.com/ubuntu noble-backports/main amd64 Components [5776 B]
2026-10-04T15:24:39.2380979Z Get:17 http://azure.archive.ubuntu.com/ubuntu noble-backports/universe amd64 Components [12.6 kB]
2026-10-04T15:24:39.2394424Z Get:18 http://azure.archive.ubuntu.com/ubuntu noble-security/main amd64 Packages [1069 kB]
2026-10-04T15:24:39.2468980Z Get:19 http://azure.archive.ubuntu.com/ubuntu noble-security/main Translation-en [221 kB]
2026-10-04T15:24:39.2477268Z Get:20 http://azure.archive.ubuntu.com/ubuntu noble-security/main amd64 Components [46.4 kB]
2026-10-04T15:24:39.2487567Z Get:21 http://azure.archive.ubuntu.com/ubuntu noble-security/universe amd64 Packages [1216 kB]
2026-10-04T15:24:39.2543302Z Get:22 http://azure.archive.ubuntu.com/ubuntu noble-security/universe Translation-en [244 kB]
2026-10-04T15:24:39.2566405Z Get:23 http://azure.archive.ubuntu.com/ubuntu noble-security/universe amd64 Components [76.4 kB]
2026-10-04T15:24:39.2572361Z Get:24 http://azure.archive.ubuntu.com/ubuntu noble-security/restricted amd64 Packages [1566 kB]
2026-10-04T15:24:39.2653914Z Get:25 http://azure.archive.ubuntu.com/ubuntu noble-security/restricted Translation-en [361 kB]
2026-10-04T15:24:39.2959121Z Get:26 https://packages.microsoft.com/ubuntu/24.04/prod noble/main armhf Packages [12.6 kB]
2026-10-04T15:24:39.2995302Z Get:27 https://packages.microsoft.com/ubuntu/24.04/prod noble/main amd64 Packages [511 kB]
2026-10-04T15:24:39.3062748Z Get:28 https://packages.microsoft.com/ubuntu/24.04/prod noble/main arm64 Packages [458 kB]
2026-10-04T15:24:43.5721878Z Fetched 12.6 MB in 1s (9328 kB/s)
2026-10-04T15:24:44.4123418Z Reading package lists...
2026-10-04T15:24:44.4360834Z Reading package lists...
2026-10-04T15:24:44.6135957Z Building dependency tree...
2026-10-04T15:24:44.6143286Z Reading state information...
2026-10-04T15:24:44.7486938Z libasound2t64 is already the newest version (1.2.11-1ubuntu0.3).
2026-10-04T15:24:44.7487764Z libasound2t64 set to manually installed.
2026-10-04T15:24:44.7488487Z libatk-bridge2.0-0t64 is already the newest version (2.52.0-1build1).
2026-10-04T15:24:44.7489348Z libatk-bridge2.0-0t64 set to manually installed.
2026-10-04T15:24:44.7490025Z libatk1.0-0t64 is already the newest version (2.52.0-1build1).
2026-10-04T15:24:44.7490670Z libatk1.0-0t64 set to manually installed.
2026-10-04T15:24:44.7491318Z libatspi2.0-0t64 is already the newest version (2.52.0-1build1).
2026-10-04T15:24:44.7491975Z libatspi2.0-0t64 set to manually installed.
2026-10-04T15:24:44.7492602Z libcairo2 is already the newest version (1.18.0-3build1).
2026-10-04T15:24:44.7493234Z libcairo2 set to manually installed.
2026-10-04T15:24:44.7493960Z libcups2t64 is already the newest version (2.4.7-1.2ubuntu7.14).
2026-10-04T15:24:44.7494665Z libcups2t64 set to manually installed.
2026-10-04T15:24:44.7495385Z libdbus-1-3 is already the newest version (1.14.10-4ubuntu4.1).
2026-10-04T15:24:44.7496357Z libdbus-1-3 set to manually installed.
2026-10-04T15:24:44.7497211Z libdrm2 is already the newest version (2.4.125-1ubuntu0.1~24.04.2).
2026-10-04T15:24:44.7497933Z libdrm2 set to manually installed.
2026-10-04T15:24:44.7498657Z libglib2.0-0t64 is already the newest version (2.80.0-6ubuntu3.9).
2026-10-04T15:24:44.7499326Z libglib2.0-0t64 set to manually installed.
2026-10-04T15:24:44.7499903Z libnspr4 is already the newest version (2:4.35-1.1build1).
2026-10-04T15:24:44.7500447Z libnspr4 set to manually installed.
2026-10-04T15:24:44.7500828Z libnss3 is already the newest version (2:3.98-1ubuntu0.2).
2026-10-04T15:24:44.7501167Z libnss3 set to manually installed.
2026-10-04T15:24:44.7501506Z libpango-1.0-0 is already the newest version (1.52.1+ds-1build1).
2026-10-04T15:24:44.7501871Z libpango-1.0-0 set to manually installed.
2026-10-04T15:24:44.7502206Z libx11-6 is already the newest version (2:1.8.7-1build1).
2026-10-04T15:24:44.7502887Z libx11-6 set to manually installed.
2026-10-04T15:24:44.7503189Z libxcb1 is already the newest version (1.15-1ubuntu2).
2026-10-04T15:24:44.7503506Z libxcb1 set to manually installed.
2026-10-04T15:24:44.7504089Z libxcomposite1 is already the newest version (1:0.4.5-1build3).
2026-10-04T15:24:44.7504531Z libxcomposite1 set to manually installed.
2026-10-04T15:24:44.7504886Z libxdamage1 is already the newest version (1:1.1.6-1build1).
2026-10-04T15:24:44.7505227Z libxdamage1 set to manually installed.
2026-10-04T15:24:44.7505567Z libxext6 is already the newest version (2:1.3.4-1build2).
2026-10-04T15:24:44.7506278Z libxext6 set to manually installed.
2026-10-04T15:24:44.7506602Z libxfixes3 is already the newest version (1:6.0.0-2build1).
2026-10-04T15:24:44.7507009Z libxfixes3 set to manually installed.
2026-10-04T15:24:44.7507507Z libxkbcommon0 is already the newest version (1.6.0-1build1).
2026-10-04T15:24:44.7507868Z libxkbcommon0 set to manually installed.
2026-10-04T15:24:44.7508215Z libxrandr2 is already the newest version (2:1.5.2-2build1).
2026-10-04T15:24:44.7508562Z libxrandr2 set to manually installed.
2026-10-04T15:24:44.7508883Z xvfb is already the newest version (2:21.1.12-1ubuntu1.8).
2026-10-04T15:24:44.7509509Z fonts-noto-color-emoji is already the newest version (2.047-0ubuntu0.24.04.1).
2026-10-04T15:24:44.7510234Z libfontconfig1 is already the newest version (2.15.0-1.1ubuntu2).
2026-10-04T15:24:44.7510846Z libfontconfig1 set to manually installed.
2026-10-04T15:24:44.7511484Z libfreetype6 is already the newest version (2.13.2+dfsg-1ubuntu0.1).
2026-10-04T15:24:44.7512139Z libfreetype6 set to manually installed.
2026-10-04T15:24:44.7512729Z fonts-liberation is already the newest version (1:2.1.5-3).
2026-10-04T15:24:44.7513259Z fonts-liberation set to manually installed.
2026-10-04T15:24:44.7513606Z The following additional packages will be installed:
2026-10-04T15:24:44.7514077Z   libgl1-mesa-dri libglx-mesa0 mesa-libgallium xfonts-encodings xfonts-utils
2026-10-04T15:24:44.7514496Z Recommended packages:
2026-10-04T15:24:44.7514753Z   fonts-ipafont-mincho fonts-tlwg-loma
2026-10-04T15:24:44.7687059Z The following NEW packages will be installed:
2026-10-04T15:24:44.7688038Z   fonts-freefont-ttf fonts-ipafont-gothic fonts-tlwg-loma-otf fonts-unifont
2026-10-04T15:24:44.7696664Z   fonts-wqy-zenhei xfonts-cyrillic xfonts-encodings xfonts-scalable
2026-10-04T15:24:44.7697711Z   xfonts-utils
2026-10-04T15:24:44.7698165Z The following packages will be upgraded:
2026-10-04T15:24:44.7702578Z   libgbm1 libgl1-mesa-dri libglx-mesa0 mesa-libgallium
2026-10-04T15:24:44.7867538Z 4 upgraded, 9 newly installed, 0 to remove and 21 not upgraded.
2026-10-04T15:24:44.7868191Z Need to get 32.1 MB of archives.
2026-10-04T15:24:44.7868679Z After this operation, 79.5 MB of additional disk space will be used.
2026-10-04T15:24:44.7869143Z Get:1 file:/etc/apt/apt-mirrors.txt Mirrorlist [144 B]
2026-10-04T15:24:44.8901542Z Get:2 http://azure.archive.ubuntu.com/ubuntu noble/universe amd64 fonts-ipafont-gothic all 00303-21ubuntu1 [3513 kB]
2026-10-04T15:24:45.0762732Z Get:3 http://azure.archive.ubuntu.com/ubuntu noble/main amd64 fonts-freefont-ttf all 20211204+svn4273-2 [5641 kB]
2026-10-04T15:24:45.3399251Z Get:4 http://azure.archive.ubuntu.com/ubuntu noble/universe amd64 fonts-tlwg-loma-otf all 1:0.7.3-1 [107 kB]
2026-10-04T15:24:45.7053299Z Get:5 http://azure.archive.ubuntu.com/ubuntu noble/universe amd64 fonts-unifont all 1:15.1.01-1build1 [2993 kB]
2026-10-04T15:24:46.3296911Z Get:6 http://azure.archive.ubuntu.com/ubuntu noble/universe amd64 fonts-wqy-zenhei all 0.9.45-8 [7472 kB]
2026-10-04T15:24:46.6791937Z Get:7 http://azure.archive.ubuntu.com/ubuntu noble-updates/main amd64 libgl1-mesa-dri amd64 25.2.8-0ubuntu0.24.04.4 [38.0 kB]
2026-10-04T15:24:46.7890378Z Get:8 http://azure.archive.ubuntu.com/ubuntu noble-updates/main amd64 libglx-mesa0 amd64 25.2.8-0ubuntu0.24.04.4 [110 kB]
2026-10-04T15:24:46.9197314Z Get:9 http://azure.archive.ubuntu.com/ubuntu noble-updates/main amd64 libgbm1 amd64 25.2.8-0ubuntu0.24.04.4 [34.2 kB]
2026-10-04T15:24:47.0286909Z Get:10 http://azure.archive.ubuntu.com/ubuntu noble-updates/main amd64 mesa-libgallium amd64 25.2.8-0ubuntu0.24.04.4 [10.8 MB]
2026-10-04T15:24:47.7772389Z Get:11 http://azure.archive.ubuntu.com/ubuntu noble/main amd64 xfonts-encodings all 1:1.0.5-0ubuntu2 [578 kB]
2026-10-04T15:24:47.8883804Z Get:12 http://azure.archive.ubuntu.com/ubuntu noble/main amd64 xfonts-utils amd64 1:7.7+6build3 [94.4 kB]
2026-10-04T15:24:47.9887212Z Get:13 http://azure.archive.ubuntu.com/ubuntu noble/universe amd64 xfonts-cyrillic all 1:1.0.5+nmu1 [384 kB]
2026-10-04T15:24:48.0956375Z Get:14 http://azure.archive.ubuntu.com/ubuntu noble/main amd64 xfonts-scalable all 1:1.0.3-1.3 [304 kB]
2026-10-04T15:24:48.3501257Z Fetched 32.1 MB in 3s (9640 kB/s)
2026-10-04T15:24:48.3741816Z Selecting previously unselected package fonts-ipafont-gothic.
2026-10-04T15:24:48.4056397Z (Reading database ... 
2026-10-04T15:24:48.4057131Z (Reading database ... 5%
2026-10-04T15:24:48.4057804Z (Reading database ... 10%
2026-10-04T15:24:48.4058317Z (Reading database ... 15%
2026-10-04T15:24:48.4058786Z (Reading database ... 20%
2026-10-04T15:24:48.4059250Z (Reading database ... 25%
2026-10-04T15:24:48.4060110Z (Reading database ... 30%
2026-10-04T15:24:48.4060775Z (Reading database ... 35%
2026-10-04T15:24:48.4061247Z (Reading database ... 40%
2026-10-04T15:24:48.4061710Z (Reading database ... 45%
2026-10-04T15:24:48.4062176Z (Reading database ... 50%
2026-10-04T15:24:48.4110063Z (Reading database ... 55%
2026-10-04T15:24:48.5309415Z (Reading database ... 60%
2026-10-04T15:24:48.7372474Z (Reading database ... 65%
2026-10-04T15:24:48.9294729Z (Reading database ... 70%
2026-10-04T15:24:49.1300248Z (Reading database ... 75%
2026-10-04T15:24:49.2888213Z (Reading database ... 80%
2026-10-04T15:24:49.4821133Z (Reading database ... 85%
2026-10-04T15:24:49.6891555Z (Reading database ... 90%
2026-10-04T15:24:49.8397397Z (Reading database ... 95%
2026-10-04T15:24:49.8397961Z (Reading database ... 100%
2026-10-04T15:24:49.8441432Z (Reading database ... 202296 files and directories currently installed.)
2026-10-04T15:24:49.8442031Z Preparing to unpack .../00-fonts-ipafont-gothic_00303-21ubuntu1_all.deb ...
2026-10-04T15:24:49.8535955Z Unpacking fonts-ipafont-gothic (00303-21ubuntu1) ...
2026-10-04T15:24:50.0804202Z Selecting previously unselected package fonts-freefont-ttf.
2026-10-04T15:24:50.0929939Z Preparing to unpack .../01-fonts-freefont-ttf_20211204+svn4273-2_all.deb ...
2026-10-04T15:24:50.0936849Z Unpacking fonts-freefont-ttf (20211204+svn4273-2) ...
2026-10-04T15:24:50.1722501Z Selecting previously unselected package fonts-tlwg-loma-otf.
2026-10-04T15:24:50.1846219Z Preparing to unpack .../02-fonts-tlwg-loma-otf_1%3a0.7.3-1_all.deb ...
2026-10-04T15:24:50.1853468Z Unpacking fonts-tlwg-loma-otf (1:0.7.3-1) ...
2026-10-04T15:24:50.2056678Z Selecting previously unselected package fonts-unifont.
2026-10-04T15:24:50.2185059Z Preparing to unpack .../03-fonts-unifont_1%3a15.1.01-1build1_all.deb ...
2026-10-04T15:24:50.2197660Z Unpacking fonts-unifont (1:15.1.01-1build1) ...
2026-10-04T15:24:50.3334894Z Selecting previously unselected package fonts-wqy-zenhei.
2026-10-04T15:24:50.3460925Z Preparing to unpack .../04-fonts-wqy-zenhei_0.9.45-8_all.deb ...
2026-10-04T15:24:50.3559713Z Unpacking fonts-wqy-zenhei (0.9.45-8) ...
2026-10-04T15:24:50.8454072Z Preparing to unpack .../05-libgl1-mesa-dri_25.2.8-0ubuntu0.24.04.4_amd64.deb ...
2026-10-04T15:24:50.8594366Z Unpacking libgl1-mesa-dri:amd64 (25.2.8-0ubuntu0.24.04.4) over (25.2.8-0ubuntu0.24.04.2) ...
2026-10-04T15:24:50.9107125Z Preparing to unpack .../06-libglx-mesa0_25.2.8-0ubuntu0.24.04.4_amd64.deb ...
2026-10-04T15:24:50.9141125Z Unpacking libglx-mesa0:amd64 (25.2.8-0ubuntu0.24.04.4) over (25.2.8-0ubuntu0.24.04.2) ...
2026-10-04T15:24:50.9521563Z Preparing to unpack .../07-libgbm1_25.2.8-0ubuntu0.24.04.4_amd64.deb ...
2026-10-04T15:24:50.9543624Z Unpacking libgbm1:amd64 (25.2.8-0ubuntu0.24.04.4) over (25.2.8-0ubuntu0.24.04.2) ...
2026-10-04T15:24:50.9922459Z Preparing to unpack .../08-mesa-libgallium_25.2.8-0ubuntu0.24.04.4_amd64.deb ...
2026-10-04T15:24:50.9986494Z Unpacking mesa-libgallium:amd64 (25.2.8-0ubuntu0.24.04.4) over (25.2.8-0ubuntu0.24.04.2) ...
2026-10-04T15:24:51.1695215Z Selecting previously unselected package xfonts-encodings.
2026-10-04T15:24:51.1822563Z Preparing to unpack .../09-xfonts-encodings_1%3a1.0.5-0ubuntu2_all.deb ...
2026-10-04T15:24:51.1829715Z Unpacking xfonts-encodings (1:1.0.5-0ubuntu2) ...
2026-10-04T15:24:51.2119697Z Selecting previously unselected package xfonts-utils.
2026-10-04T15:24:51.2244472Z Preparing to unpack .../10-xfonts-utils_1%3a7.7+6build3_amd64.deb ...
2026-10-04T15:24:51.2252474Z Unpacking xfonts-utils (1:7.7+6build3) ...
2026-10-04T15:24:51.2636858Z Selecting previously unselected package xfonts-cyrillic.
2026-10-04T15:24:51.2762484Z Preparing to unpack .../11-xfonts-cyrillic_1%3a1.0.5+nmu1_all.deb ...
2026-10-04T15:24:51.2769438Z Unpacking xfonts-cyrillic (1:1.0.5+nmu1) ...
2026-10-04T15:24:51.3116714Z Selecting previously unselected package xfonts-scalable.
2026-10-04T15:24:51.3244404Z Preparing to unpack .../12-xfonts-scalable_1%3a1.0.3-1.3_all.deb ...
2026-10-04T15:24:51.3252330Z Unpacking xfonts-scalable (1:1.0.3-1.3) ...
2026-10-04T15:24:51.3692950Z Setting up mesa-libgallium:amd64 (25.2.8-0ubuntu0.24.04.4) ...
2026-10-04T15:24:51.3712298Z Setting up libgbm1:amd64 (25.2.8-0ubuntu0.24.04.4) ...
2026-10-04T15:24:51.3731685Z Setting up libgl1-mesa-dri:amd64 (25.2.8-0ubuntu0.24.04.4) ...
2026-10-04T15:24:51.3803775Z Setting up fonts-wqy-zenhei (0.9.45-8) ...
2026-10-04T15:24:51.3916678Z Setting up fonts-freefont-ttf (20211204+svn4273-2) ...
2026-10-04T15:24:51.3933818Z Setting up fonts-tlwg-loma-otf (1:0.7.3-1) ...
2026-10-04T15:24:51.3949797Z Setting up xfonts-encodings (1:1.0.5-0ubuntu2) ...
2026-10-04T15:24:51.3966214Z Setting up fonts-ipafont-gothic (00303-21ubuntu1) ...
2026-10-04T15:24:51.4029779Z update-alternatives: using /usr/share/fonts/opentype/ipafont-gothic/ipag.ttf to provide /usr/share/fonts/truetype/fonts-japanese-gothic.ttf (fonts-japanese-gothic.ttf) in auto mode
2026-10-04T15:24:51.4045937Z Setting up fonts-unifont (1:15.1.01-1build1) ...
2026-10-04T15:24:51.4066018Z Setting up libglx-mesa0:amd64 (25.2.8-0ubuntu0.24.04.4) ...
2026-10-04T15:24:51.4083383Z Setting up xfonts-utils (1:7.7+6build3) ...
2026-10-04T15:24:51.4121371Z Setting up xfonts-cyrillic (1:1.0.5+nmu1) ...
2026-10-04T15:24:51.4423253Z Setting up xfonts-scalable (1:1.0.3-1.3) ...
2026-10-04T15:24:51.4703151Z Processing triggers for libc-bin (2.39-0ubuntu8.9) ...
2026-10-04T15:24:51.5055345Z Processing triggers for man-db (2.12.0-4build2) ...
2026-10-04T15:24:51.5077512Z Not building database; man-db/auto-update is not 'true'.
2026-10-04T15:24:51.5090043Z Processing triggers for fontconfig (2.15.0-1.1ubuntu2) ...
2026-10-04T15:24:52.2545674Z 
2026-10-04T15:24:52.2546374Z Running kernel seems to be up-to-date.
2026-10-04T15:24:52.2547144Z 
2026-10-04T15:24:52.2547414Z No services need to be restarted.
2026-10-04T15:24:52.2547890Z 
2026-10-04T15:24:52.2548070Z No containers need to be restarted.
2026-10-04T15:24:52.2548406Z 
2026-10-04T15:24:52.2548614Z No user sessions are running outdated binaries.
2026-10-04T15:24:52.2548972Z 
2026-10-04T15:24:52.2549318Z No VM guests are running outdated hypervisor (qemu) binaries on this host.
2026-10-04T15:24:53.1280810Z Downloading Chromium 143.0.7499.4 (playwright build v1200) from https://cdn.playwright.dev/dbazure/download/playwright/builds/chromium/1200/chromium-linux.zip
2026-10-04T15:24:53.2907736Z |                                                                                |   0% of 164.7 MiB
2026-10-04T15:24:53.4497312Z |■■■■■■■■                                                                        |  10% of 164.7 MiB
2026-10-04T15:24:53.5355085Z |■■■■■■■■■■■■■■■■                                                                |  20% of 164.7 MiB
2026-10-04T15:24:53.6163406Z |■■■■■■■■■■■■■■■■■■■■■■■■                                                        |  30% of 164.7 MiB
2026-10-04T15:24:53.6866113Z |■■■■■■■■■■■■■■■■■■■■■■■■■■■■■■■■                                                |  40% of 164.7 MiB
2026-10-04T15:24:53.7517798Z |■■■■■■■■■■■■■■■■■■■■■■■■■■■■■■■■■■■■■■■■                                        |  50% of 164.7 MiB
2026-10-04T15:24:53.8096538Z |■■■■■■■■■■■■■■■■■■■■■■■■■■■■■■■■■■■■■■■■■■■■■■■■                                |  60% of 164.7 MiB
2026-10-04T15:24:53.8690592Z |■■■■■■■■■■■■■■■■■■■■■■■■■■■■■■■■■■■■■■■■■■■■■■■■■■■■■■■■                        |  70% of 164.7 MiB
2026-10-04T15:24:53.9370636Z |■■■■■■■■■■■■■■■■■■■■■■■■■■■■■■■■■■■■■■■■■■■■■■■■■■■■■■■■■■■■■■■■                |  80% of 164.7 MiB
2026-10-04T15:24:54.0058875Z |■■■■■■■■■■■■■■■■■■■■■■■■■■■■■■■■■■■■■■■■■■■■■■■■■■■■■■■■■■■■■■■■■■■■■■■■        |  90% of 164.7 MiB
2026-10-04T15:24:54.0682551Z |■■■■■■■■■■■■■■■■■■■■■■■■■■■■■■■■■■■■■■■■■■■■■■■■■■■■■■■■■■■■■■■■■■■■■■■■■■■■■■■■| 100% of 164.7 MiB
2026-10-04T15:24:56.6231271Z Chromium 143.0.7499.4 (playwright build v1200) downloaded to /home/runner/.cache/ms-playwright/chromium-1200
2026-10-04T15:24:56.6234568Z Downloading FFMPEG playwright build v1011 from https://cdn.playwright.dev/dbazure/download/playwright/builds/ffmpeg/1011/ffmpeg-linux.zip
2026-10-04T15:24:56.7904473Z |                                                                                |   0% of 2.3 MiB
2026-10-04T15:24:56.8019871Z |■■■■■■■■                                                                        |  10% of 2.3 MiB
2026-10-04T15:24:56.8099024Z |■■■■■■■■■■■■■■■■                                                                |  20% of 2.3 MiB
2026-10-04T15:24:56.8143219Z |■■■■■■■■■■■■■■■■■■■■■■■■                                                        |  30% of 2.3 MiB
2026-10-04T15:24:56.8173302Z |■■■■■■■■■■■■■■■■■■■■■■■■■■■■■■■■                                                |  40% of 2.3 MiB
2026-10-04T15:24:56.8211691Z |■■■■■■■■■■■■■■■■■■■■■■■■■■■■■■■■■■■■■■■■                                        |  50% of 2.3 MiB
2026-10-04T15:24:56.8243701Z |■■■■■■■■■■■■■■■■■■■■■■■■■■■■■■■■■■■■■■■■■■■■■■■■                                |  60% of 2.3 MiB
2026-10-04T15:24:56.8263899Z |■■■■■■■■■■■■■■■■■■■■■■■■■■■■■■■■■■■■■■■■■■■■■■■■■■■■■■■■                        |  70% of 2.3 MiB
2026-10-04T15:24:56.8278449Z |■■■■■■■■■■■■■■■■■■■■■■■■■■■■■■■■■■■■■■■■■■■■■■■■■■■■■■■■■■■■■■■■                |  80% of 2.3 MiB
2026-10-04T15:24:56.8294631Z |■■■■■■■■■■■■■■■■■■■■■■■■■■■■■■■■■■■■■■■■■■■■■■■■■■■■■■■■■■■■■■■■■■■■■■■■        |  90% of 2.3 MiB
2026-10-04T15:24:56.8313371Z |■■■■■■■■■■■■■■■■■■■■■■■■■■■■■■■■■■■■■■■■■■■■■■■■■■■■■■■■■■■■■■■■■■■■■■■■■■■■■■■■| 100% of 2.3 MiB
2026-10-04T15:24:56.8879320Z FFMPEG playwright build v1011 downloaded to /home/runner/.cache/ms-playwright/ffmpeg-1011
2026-10-04T15:24:56.8883317Z Downloading Chromium Headless Shell 143.0.7499.4 (playwright build v1200) from https://cdn.playwright.dev/dbazure/download/playwright/builds/chromium/1200/chromium-headless-shell-linux.zip
2026-10-04T15:24:57.0487539Z |                                                                                |   0% of 109.7 MiB
2026-10-04T15:24:57.2879266Z |■■■■■■■■                                                                        |  10% of 109.7 MiB
2026-10-04T15:24:57.4074252Z |■■■■■■■■■■■■■■■■                                                                |  20% of 109.7 MiB
2026-10-04T15:24:57.5042933Z |■■■■■■■■■■■■■■■■■■■■■■■■                                                        |  30% of 109.7 MiB
2026-10-04T15:24:57.5860440Z |■■■■■■■■■■■■■■■■■■■■■■■■■■■■■■■■                                                |  40% of 109.7 MiB
2026-10-04T15:24:57.6454872Z |■■■■■■■■■■■■■■■■■■■■■■■■■■■■■■■■■■■■■■■■                                        |  50% of 109.7 MiB
2026-10-04T15:24:57.6914700Z |■■■■■■■■■■■■■■■■■■■■■■■■■■■■■■■■■■■■■■■■■■■■■■■■                                |  60% of 109.7 MiB
2026-10-04T15:24:57.7418033Z |■■■■■■■■■■■■■■■■■■■■■■■■■■■■■■■■■■■■■■■■■■■■■■■■■■■■■■■■                        |  70% of 109.7 MiB
2026-10-04T15:24:57.7838856Z |■■■■■■■■■■■■■■■■■■■■■■■■■■■■■■■■■■■■■■■■■■■■■■■■■■■■■■■■■■■■■■■■                |  80% of 109.7 MiB
2026-10-04T15:24:57.8257282Z |■■■■■■■■■■■■■■■■■■■■■■■■■■■■■■■■■■■■■■■■■■■■■■■■■■■■■■■■■■■■■■■■■■■■■■■■        |  90% of 109.7 MiB
2026-10-04T15:24:57.8653103Z |■■■■■■■■■■■■■■■■■■■■■■■■■■■■■■■■■■■■■■■■■■■■■■■■■■■■■■■■■■■■■■■■■■■■■■■■■■■■■■■■| 100% of 109.7 MiB
2026-10-04T15:24:59.7561878Z Chromium Headless Shell 143.0.7499.4 (playwright build v1200) downloaded to /home/runner/.cache/ms-playwright/chromium_headless_shell-1200
2026-10-04T15:24:59.7716901Z ##[group]Run timeout -k 5s 160s bash scripts/verify_report_browser.sh "$RUNNER_TEMP/requested-report/report/report_CURRENT.html" "$RUNNER_TEMP/requested-report"
2026-10-04T15:24:59.7718052Z [36;1mtimeout -k 5s 160s bash scripts/verify_report_browser.sh "$RUNNER_TEMP/requested-report/report/report_CURRENT.html" "$RUNNER_TEMP/requested-report"[0m
2026-10-04T15:24:59.7782900Z shell: /usr/bin/bash --noprofile --norc -e -o pipefail {0}
2026-10-04T15:24:59.7783260Z env:
2026-10-04T15:24:59.7783532Z   pythonLocation: /opt/hostedtoolcache/Python/3.12.14/x64
2026-10-04T15:24:59.7784164Z   PKG_CONFIG_PATH: /opt/hostedtoolcache/Python/3.12.14/x64/lib/pkgconfig
2026-10-04T15:24:59.7784620Z   Python_ROOT_DIR: /opt/hostedtoolcache/Python/3.12.14/x64
2026-10-04T15:24:59.7785007Z   Python2_ROOT_DIR: /opt/hostedtoolcache/Python/3.12.14/x64
2026-10-04T15:24:59.7785403Z   Python3_ROOT_DIR: /opt/hostedtoolcache/Python/3.12.14/x64
2026-10-04T15:24:59.7786127Z   LD_LIBRARY_PATH: /opt/hostedtoolcache/Python/3.12.14/x64/lib
2026-10-04T15:24:59.7786621Z   PLAYWRIGHT_MODULE: /home/runner/work/_temp/report-browser/node_modules/playwright
2026-10-04T15:24:59.7787032Z ##[endgroup]
2026-10-04T15:25:05.5515809Z Browser evidence: passed JSON and actual PNG verified
2026-10-04T15:25:05.5608325Z ##[group]Run actions/upload-artifact@v4
2026-10-04T15:25:05.5608639Z with:
2026-10-04T15:25:05.5608855Z   name: requested-report-preview
2026-10-04T15:25:05.5610078Z   path: /home/runner/work/_temp/requested-report/report/
/home/runner/work/_temp/requested-report/run_status.json
/home/runner/work/_temp/requested-report/report-preview*.png
/home/runner/work/_temp/requested-report/browser-verification.json
/home/runner/work/_temp/requested-report/browser-verification.log

2026-10-04T15:25:05.5611305Z   retention-days: 30
2026-10-04T15:25:05.5611533Z   if-no-files-found: warn
2026-10-04T15:25:05.5611767Z   compression-level: 6
2026-10-04T15:25:05.5611981Z   overwrite: false
2026-10-04T15:25:05.5612192Z   include-hidden-files: false
2026-10-04T15:25:05.5612432Z env:
2026-10-04T15:25:05.5612677Z   pythonLocation: /opt/hostedtoolcache/Python/3.12.14/x64
2026-10-04T15:25:05.5613113Z   PKG_CONFIG_PATH: /opt/hostedtoolcache/Python/3.12.14/x64/lib/pkgconfig
2026-10-04T15:25:05.5613569Z   Python_ROOT_DIR: /opt/hostedtoolcache/Python/3.12.14/x64
2026-10-04T15:25:05.5613954Z   Python2_ROOT_DIR: /opt/hostedtoolcache/Python/3.12.14/x64
2026-10-04T15:25:05.5614342Z   Python3_ROOT_DIR: /opt/hostedtoolcache/Python/3.12.14/x64
2026-10-04T15:25:05.5614764Z   LD_LIBRARY_PATH: /opt/hostedtoolcache/Python/3.12.14/x64/lib
2026-10-04T15:25:05.5615093Z ##[endgroup]
2026-10-04T15:25:05.7316559Z (node:4100) [DEP0040] DeprecationWarning: The `punycode` module is deprecated. Please use a userland alternative instead.
2026-10-04T15:25:05.7317840Z (Use `node --trace-deprecation ...` to show where the warning was created)
2026-10-04T15:25:05.7473134Z With the provided path, there will be 10 files uploaded
2026-10-04T15:25:05.7478060Z Artifact name is valid!
2026-10-04T15:25:05.7479966Z Root directory input is valid!
2026-10-04T15:25:05.9504709Z Beginning upload of artifact content to blob storage
2026-10-04T15:25:06.1930835Z (node:4100) [DEP0169] DeprecationWarning: `url.parse()` behavior is not standardized and prone to errors that have security implications. Use the WHATWG URL API instead. CVEs are not issued for `url.parse()` vulnerabilities.
2026-10-04T15:25:06.3485294Z Uploaded bytes 2509468
2026-10-04T15:25:06.3676246Z Finished uploading artifact content to blob storage!
2026-10-04T15:25:06.3677287Z SHA256 digest of uploaded artifact zip is 963bf65a2c2d4dde3dc668edc4557f4d3e92bca8152e792e9b5a7e52f8f54640
2026-10-04T15:25:06.3679028Z Finalizing artifact upload
2026-10-04T15:25:06.5746391Z Artifact requested-report-preview.zip successfully finalized. Artifact ID 11306833284
2026-10-04T15:25:06.5748149Z Artifact requested-report-preview has been successfully uploaded! Final size is 2509468 bytes. Artifact ID is 11306833284
2026-10-04T15:25:06.5756018Z Artifact download URL: https://github.com/Horororong/quant-marcap-runner/actions/runs/37212563755/artifacts/11306833284
2026-10-04T15:25:06.5907956Z ##[group]Run python -c "import sys; sys.path.insert(0, 'scripts'); import quant_backtest_template_CURRENT as c; c._self_test(); from strategy_dsl_runner import load_project_engine; from pathlib import Path; load_project_engine(Path.cwd())._self_test(); print('TEMPLATE SELF-TESTS: PASS')"
2026-10-04T15:25:06.5909890Z [36;1mpython -c "import sys; sys.path.insert(0, 'scripts'); import quant_backtest_template_CURRENT as c; c._self_test(); from strategy_dsl_runner import load_project_engine; from pathlib import Path; load_project_engine(Path.cwd())._self_test(); print('TEMPLATE SELF-TESTS: PASS')"[0m
2026-10-04T15:25:06.5981442Z shell: /usr/bin/bash -e {0}
2026-10-04T15:25:06.5981717Z env:
2026-10-04T15:25:06.5982001Z   pythonLocation: /opt/hostedtoolcache/Python/3.12.14/x64
2026-10-04T15:25:06.5982462Z   PKG_CONFIG_PATH: /opt/hostedtoolcache/Python/3.12.14/x64/lib/pkgconfig
2026-10-04T15:25:06.5982908Z   Python_ROOT_DIR: /opt/hostedtoolcache/Python/3.12.14/x64
2026-10-04T15:25:06.5983351Z   Python2_ROOT_DIR: /opt/hostedtoolcache/Python/3.12.14/x64
2026-10-04T15:25:06.5983758Z   Python3_ROOT_DIR: /opt/hostedtoolcache/Python/3.12.14/x64
2026-10-04T15:25:06.5984162Z   LD_LIBRARY_PATH: /opt/hostedtoolcache/Python/3.12.14/x64/lib
2026-10-04T15:25:06.5984503Z ##[endgroup]
2026-10-04T15:25:19.3652822Z TEMPLATE SELF-TESTS: PASS
2026-10-04T15:25:19.4278578Z ##[group]Run python scripts/test_krx_history_audit.py
2026-10-04T15:25:19.4279018Z [36;1mpython scripts/test_krx_history_audit.py[0m
2026-10-04T15:25:19.4341044Z shell: /usr/bin/bash -e {0}
2026-10-04T15:25:19.4341308Z env:
2026-10-04T15:25:19.4341580Z   pythonLocation: /opt/hostedtoolcache/Python/3.12.14/x64
2026-10-04T15:25:19.4342033Z   PKG_CONFIG_PATH: /opt/hostedtoolcache/Python/3.12.14/x64/lib/pkgconfig
2026-10-04T15:25:19.4342474Z   Python_ROOT_DIR: /opt/hostedtoolcache/Python/3.12.14/x64
2026-10-04T15:25:19.4342879Z   Python2_ROOT_DIR: /opt/hostedtoolcache/Python/3.12.14/x64
2026-10-04T15:25:19.4343281Z   Python3_ROOT_DIR: /opt/hostedtoolcache/Python/3.12.14/x64
2026-10-04T15:25:19.4343683Z   LD_LIBRARY_PATH: /opt/hostedtoolcache/Python/3.12.14/x64/lib
2026-10-04T15:25:19.4344017Z ##[endgroup]
2026-10-04T15:25:28.1637863Z REAL KRX 2020 HISTORY AUDIT: {"codes": 2426, "candidate_counts": {"close_reference_return_difference": 290, "left_censored_observation_start": 102, "right_censored_observation_end": 38}}
2026-10-04T15:25:28.1639225Z KRX HISTORY COVERAGE AND DIAGNOSTICS: PASS
2026-10-04T15:25:28.3334078Z ##[group]Run python scripts/test_held_return_guard.py
2026-10-04T15:25:28.3334565Z [36;1mpython scripts/test_held_return_guard.py[0m
2026-10-04T15:25:28.3395498Z shell: /usr/bin/bash -e {0}
2026-10-04T15:25:28.3395898Z env:
2026-10-04T15:25:28.3396192Z   pythonLocation: /opt/hostedtoolcache/Python/3.12.14/x64
2026-10-04T15:25:28.3396669Z   PKG_CONFIG_PATH: /opt/hostedtoolcache/Python/3.12.14/x64/lib/pkgconfig
2026-10-04T15:25:28.3397157Z   Python_ROOT_DIR: /opt/hostedtoolcache/Python/3.12.14/x64
2026-10-04T15:25:28.3397579Z   Python2_ROOT_DIR: /opt/hostedtoolcache/Python/3.12.14/x64
2026-10-04T15:25:28.3398045Z   Python3_ROOT_DIR: /opt/hostedtoolcache/Python/3.12.14/x64
2026-10-04T15:25:28.3398471Z   LD_LIBRARY_PATH: /opt/hostedtoolcache/Python/3.12.14/x64/lib
2026-10-04T15:25:28.3398826Z ##[endgroup]
2026-10-04T15:25:36.5531119Z HELD RETURN GUARD AND REAL ECOPRO SPLIT E2E: PASS
2026-10-04T15:25:36.6277494Z ##[group]Run python scripts/test_corporate_action_reconciliation.py
2026-10-04T15:25:36.6278043Z [36;1mpython scripts/test_corporate_action_reconciliation.py[0m
2026-10-04T15:25:36.6340238Z shell: /usr/bin/bash -e {0}
2026-10-04T15:25:36.6340501Z env:
2026-10-04T15:25:36.6340787Z   pythonLocation: /opt/hostedtoolcache/Python/3.12.14/x64
2026-10-04T15:25:36.6341260Z   PKG_CONFIG_PATH: /opt/hostedtoolcache/Python/3.12.14/x64/lib/pkgconfig
2026-10-04T15:25:36.6341723Z   Python_ROOT_DIR: /opt/hostedtoolcache/Python/3.12.14/x64
2026-10-04T15:25:36.6342123Z   Python2_ROOT_DIR: /opt/hostedtoolcache/Python/3.12.14/x64
2026-10-04T15:25:36.6342536Z   Python3_ROOT_DIR: /opt/hostedtoolcache/Python/3.12.14/x64
2026-10-04T15:25:36.6342960Z   LD_LIBRARY_PATH: /opt/hostedtoolcache/Python/3.12.14/x64/lib
2026-10-04T15:25:36.6343300Z ##[endgroup]
2026-10-04T15:25:54.7838753Z CORPORATE ACTION RECONCILIATION AND REAL SHARE-CLASS E2E: PASS
2026-10-04T15:25:54.8676161Z ##[group]Run python scripts/test_krx_market_normalization.py
2026-10-04T15:25:54.8677044Z [36;1mpython scripts/test_krx_market_normalization.py[0m
2026-10-04T15:25:54.8766089Z shell: /usr/bin/bash -e {0}
2026-10-04T15:25:54.8766365Z env:
2026-10-04T15:25:54.8766658Z   pythonLocation: /opt/hostedtoolcache/Python/3.12.14/x64
2026-10-04T15:25:54.8767130Z   PKG_CONFIG_PATH: /opt/hostedtoolcache/Python/3.12.14/x64/lib/pkgconfig
2026-10-04T15:25:54.8767591Z   Python_ROOT_DIR: /opt/hostedtoolcache/Python/3.12.14/x64
2026-10-04T15:25:54.8767989Z   Python2_ROOT_DIR: /opt/hostedtoolcache/Python/3.12.14/x64
2026-10-04T15:25:54.8768391Z   Python3_ROOT_DIR: /opt/hostedtoolcache/Python/3.12.14/x64
2026-10-04T15:25:54.8768793Z   LD_LIBRARY_PATH: /opt/hostedtoolcache/Python/3.12.14/x64/lib
2026-10-04T15:25:54.8769134Z ##[endgroup]
2026-10-04T15:26:04.9962261Z KRX MARKET NORMALIZATION, EXACT RESTORATION AND BOTH PUBLIC MODES: PASS
2026-10-04T15:26:05.0840055Z ##[group]Run python scripts/test_verified_autumn_splits.py scripts/krx_market_normalization.py scripts/repair_krx_market_segments.py scripts/update_krx_equities_daily.py scripts/test_krx_market_normalization.py
2026-10-04T15:26:05.0841560Z [36;1mpython scripts/test_verified_autumn_splits.py scripts/krx_market_normalization.py scripts/repair_krx_market_segments.py scripts/update_krx_equities_daily.py scripts/test_krx_market_normalization.py[0m
2026-10-04T15:26:05.0904587Z shell: /usr/bin/bash -e {0}
2026-10-04T15:26:05.0905021Z env:
2026-10-04T15:26:05.0905501Z   pythonLocation: /opt/hostedtoolcache/Python/3.12.14/x64
2026-10-04T15:26:05.0906569Z   PKG_CONFIG_PATH: /opt/hostedtoolcache/Python/3.12.14/x64/lib/pkgconfig
2026-10-04T15:26:05.0907052Z   Python_ROOT_DIR: /opt/hostedtoolcache/Python/3.12.14/x64
2026-10-04T15:26:05.0907461Z   Python2_ROOT_DIR: /opt/hostedtoolcache/Python/3.12.14/x64
2026-10-04T15:26:05.0907864Z   Python3_ROOT_DIR: /opt/hostedtoolcache/Python/3.12.14/x64
2026-10-04T15:26:05.0908298Z   LD_LIBRARY_PATH: /opt/hostedtoolcache/Python/3.12.14/x64/lib
2026-10-04T15:26:05.0908643Z ##[endgroup]
2026-10-04T15:26:30.7040866Z VERIFIED AUTUMN SPLITS AND BOTH PUBLIC KRX MODES: PASS
2026-10-04T15:26:30.7894389Z ##[group]Run python scripts/test_strategy_dsl_aliases.py
2026-10-04T15:26:30.7894876Z [36;1mpython scripts/test_strategy_dsl_aliases.py[0m
2026-10-04T15:26:30.7956932Z shell: /usr/bin/bash -e {0}
2026-10-04T15:26:30.7957218Z env:
2026-10-04T15:26:30.7957538Z   pythonLocation: /opt/hostedtoolcache/Python/3.12.14/x64
2026-10-04T15:26:30.7958058Z   PKG_CONFIG_PATH: /opt/hostedtoolcache/Python/3.12.14/x64/lib/pkgconfig
2026-10-04T15:26:30.7958576Z   Python_ROOT_DIR: /opt/hostedtoolcache/Python/3.12.14/x64
2026-10-04T15:26:30.7959024Z   Python2_ROOT_DIR: /opt/hostedtoolcache/Python/3.12.14/x64
2026-10-04T15:26:30.7959477Z   Python3_ROOT_DIR: /opt/hostedtoolcache/Python/3.12.14/x64
2026-10-04T15:26:30.7959955Z   LD_LIBRARY_PATH: /opt/hostedtoolcache/Python/3.12.14/x64/lib
2026-10-04T15:26:30.7960335Z ##[endgroup]
2026-10-04T15:26:31.1630499Z STRATEGY DSL ALIAS TEST: PASS
2026-10-04T15:26:31.2097877Z ##[group]Run python scripts/strategy_dsl_runner.py config/strategies/kr_equity_rank_demo.json --validate-only
2026-10-04T15:26:31.2098697Z [36;1mpython scripts/strategy_dsl_runner.py config/strategies/kr_equity_rank_demo.json --validate-only[0m
2026-10-04T15:26:31.2162552Z shell: /usr/bin/bash -e {0}
2026-10-04T15:26:31.2162830Z env:
2026-10-04T15:26:31.2163121Z   pythonLocation: /opt/hostedtoolcache/Python/3.12.14/x64
2026-10-04T15:26:31.2163596Z   PKG_CONFIG_PATH: /opt/hostedtoolcache/Python/3.12.14/x64/lib/pkgconfig
2026-10-04T15:26:31.2164076Z   Python_ROOT_DIR: /opt/hostedtoolcache/Python/3.12.14/x64
2026-10-04T15:26:31.2164488Z   Python2_ROOT_DIR: /opt/hostedtoolcache/Python/3.12.14/x64
2026-10-04T15:26:31.2164920Z   Python3_ROOT_DIR: /opt/hostedtoolcache/Python/3.12.14/x64
2026-10-04T15:26:31.2165359Z   LD_LIBRARY_PATH: /opt/hostedtoolcache/Python/3.12.14/x64/lib
2026-10-04T15:26:31.2165929Z ##[endgroup]
2026-10-04T15:26:31.6620926Z {
2026-10-04T15:26:31.6621577Z   "schema_version": "1.0",
2026-10-04T15:26:31.6622151Z   "strategy_id": "kr_equity_rank_demo",
2026-10-04T15:26:31.6623486Z   "strategy_fingerprint": "b5f95edca5a159de97ff24437496578210a21c6a6afc6c6ca3cca38cf2d67fff",
2026-10-04T15:26:31.6624544Z   "factor_registry_version": "7",
2026-10-04T15:26:31.6625147Z   "execution_engine_version": "v2-16-exec-3",
2026-10-04T15:26:31.6626267Z   "corporate_action_registry_version": "5",
2026-10-04T15:26:31.6626909Z   "dsl_machine_contract_version": "23",
2026-10-04T15:26:31.6627557Z   "preflight_contract_version": "3",
2026-10-04T15:26:31.6628119Z   "history_audit_contract_version": "1",
2026-10-04T15:26:31.6628662Z   "krx_market_normalization_version": "1",
2026-10-04T15:26:31.6629213Z   "project_template_version": "v2-16",
2026-10-04T15:26:31.6629625Z   "performance_template_version": "v2-18",
2026-10-04T15:26:31.6629981Z   "asset_class": "kr_equity",
2026-10-04T15:26:31.6630272Z   "data_contract": {
2026-10-04T15:26:31.6630662Z     "price_universe": "data/krx_equities/yearly/marcap-YYYY.parquet",
2026-10-04T15:26:31.6631140Z     "factor_sources": [
2026-10-04T15:26:31.6631413Z       "krx"
2026-10-04T15:26:31.6631668Z     ],
2026-10-04T15:26:31.6631900Z     "pit_required": true,
2026-10-04T15:26:31.6632496Z     "held_return_reference": "mandatory ChangesRatio/100 at execution; no automatic replacement of NAV returns",
2026-10-04T15:26:31.6633161Z     "held_return_tolerance_bps": 1.0,
2026-10-04T15:26:31.6633843Z     "session_coverage": "exact XKRX sessions in requested period for each requested market; fail on missing or unexpected dates"
2026-10-04T15:26:31.6634520Z   },
2026-10-04T15:26:31.6634742Z   "universe": {
2026-10-04T15:26:31.6634981Z     "markets": [
2026-10-04T15:26:31.6635214Z       "KOSPI",
2026-10-04T15:26:31.6635447Z       "KOSDAQ"
2026-10-04T15:26:31.6635920Z     ],
2026-10-04T15:26:31.6636163Z     "filters": [
2026-10-04T15:26:31.6636420Z       {
2026-10-04T15:26:31.6636645Z         "field": "Amount",
2026-10-04T15:26:31.6636953Z         "op": "gt",
2026-10-04T15:26:31.6637196Z         "value": 0
2026-10-04T15:26:31.6637427Z       },
2026-10-04T15:26:31.6637653Z       {
2026-10-04T15:26:31.6637880Z         "field": "Marcap",
2026-10-04T15:26:31.6638162Z         "op": "exclude_bottom_pct",
2026-10-04T15:26:31.6638471Z         "value": 20
2026-10-04T15:26:31.6638664Z       }
2026-10-04T15:26:31.6638839Z     ],
2026-10-04T15:26:31.6639039Z     "require_tradable_on_signal": true
2026-10-04T15:26:31.6639303Z   },
2026-10-04T15:26:31.6639489Z   "factors": [
2026-10-04T15:26:31.6639676Z     {
2026-10-04T15:26:31.6639859Z       "name": "size",
2026-10-04T15:26:31.6640076Z       "source": "krx",
2026-10-04T15:26:31.6640292Z       "field": "Marcap",
2026-10-04T15:26:31.6640556Z       "direction": "low",
2026-10-04T15:26:31.6640783Z       "weight": 1.0,
2026-10-04T15:26:31.6641003Z       "transform": "identity"
2026-10-04T15:26:31.6641234Z     },
2026-10-04T15:26:31.6641407Z     {
2026-10-04T15:26:31.6641605Z       "name": "liquidity",
2026-10-04T15:26:31.6642143Z       "source": "krx",
2026-10-04T15:26:31.6642374Z       "field": "Amount",
2026-10-04T15:26:31.6642622Z       "direction": "high",
2026-10-04T15:26:31.6642859Z       "weight": 0.25,
2026-10-04T15:26:31.6643086Z       "transform": "log1p"
2026-10-04T15:26:31.6643305Z     }
2026-10-04T15:26:31.6643485Z   ],
2026-10-04T15:26:31.6643672Z   "factor_contracts": [
2026-10-04T15:26:31.6643889Z     {
2026-10-04T15:26:31.6644080Z       "name": "size",
2026-10-04T15:26:31.6644293Z       "source": "krx",
2026-10-04T15:26:31.6644510Z       "field": "Marcap",
2026-10-04T15:26:31.6644743Z       "storage": "panel",
2026-10-04T15:26:31.6645026Z       "description": "signal-date market capitalization"
2026-10-04T15:26:31.6645343Z     },
2026-10-04T15:26:31.6645524Z     {
2026-10-04T15:26:31.6645953Z       "name": "liquidity",
2026-10-04T15:26:31.6646190Z       "source": "krx",
2026-10-04T15:26:31.6646401Z       "field": "Amount",
2026-10-04T15:26:31.6646619Z       "storage": "panel",
2026-10-04T15:26:31.6646889Z       "description": "signal-date traded amount"
2026-10-04T15:26:31.6647172Z     }
2026-10-04T15:26:31.6647343Z   ],
2026-10-04T15:26:31.6647694Z   "filter_contracts": [
2026-10-04T15:26:31.6647918Z     {
2026-10-04T15:26:31.6662997Z       "field": "Amount",
2026-10-04T15:26:31.6663310Z       "source": "krx",
2026-10-04T15:26:31.6663720Z       "storage": "panel",
2026-10-04T15:26:31.6664137Z       "description": "signal-date traded amount"
2026-10-04T15:26:31.6664598Z     },
2026-10-04T15:26:31.6664899Z     {
2026-10-04T15:26:31.6665200Z       "field": "Marcap",
2026-10-04T15:26:31.6665845Z       "source": "krx",
2026-10-04T15:26:31.6666258Z       "storage": "panel",
2026-10-04T15:26:31.6666747Z       "description": "signal-date market capitalization"
2026-10-04T15:26:31.6667304Z     }
2026-10-04T15:26:31.6667603Z   ],
2026-10-04T15:26:31.6667906Z   "benchmark": null,
2026-10-04T15:26:31.6668279Z   "portfolio": {
2026-10-04T15:26:31.6668646Z     "number_of_positions": 20,
2026-10-04T15:26:31.6669066Z     "weighting": "equal",
2026-10-04T15:26:31.6669481Z     "selection": "top_n"
2026-10-04T15:26:31.6669859Z   },
2026-10-04T15:26:31.6670193Z   "decile_contract": null,
2026-10-04T15:26:31.6670606Z   "rebalance": {
2026-10-04T15:26:31.6670963Z     "frequency": "months",
2026-10-04T15:26:31.6671343Z     "months": [
2026-10-04T15:26:31.6671666Z       4,
2026-10-04T15:26:31.6671968Z       10
2026-10-04T15:26:31.6672274Z     ],
2026-10-04T15:26:31.6672585Z     "trading_day": "last"
2026-10-04T15:26:31.6672953Z   },
2026-10-04T15:26:31.6673252Z   "execution": {
2026-10-04T15:26:31.6673603Z     "lag_sessions": 1,
2026-10-04T15:26:31.6674011Z     "price": "next_close"
2026-10-04T15:26:31.6674423Z   },
2026-10-04T15:26:31.6674760Z   "cost_scenarios": {
2026-10-04T15:26:31.6675144Z     "base": {
2026-10-04T15:26:31.6675527Z       "commission_bps": 1.5,
2026-10-04T15:26:31.6676223Z       "sell_tax_bps": 15.0,
2026-10-04T15:26:31.6676662Z       "spread_bps": 3.0,
2026-10-04T15:26:31.6677083Z       "slippage_bps": 5.0,
2026-10-04T15:26:31.6677542Z       "market_impact_bps": 0.0
2026-10-04T15:26:31.6678005Z     }
2026-10-04T15:26:31.6678205Z   },
2026-10-04T15:26:31.6678395Z   "period": {
2026-10-04T15:26:31.6678612Z     "start": "2021-01-01",
2026-10-04T15:26:31.6678844Z     "end": "2026-08-31",
2026-10-04T15:26:31.6679073Z     "book_start": "2021-01-01",
2026-10-04T15:26:31.6679323Z     "book_end": "2026-08-31",
2026-10-04T15:26:31.6679567Z     "as_of_date": "2026-09-30"
2026-10-04T15:26:31.6679795Z   },
2026-10-04T15:26:31.6679983Z   "initial_capital": 10000000.0,
2026-10-04T15:26:31.6680365Z   "canonical_metrics_source": "scripts/quant_backtest_template_CURRENT.py",
2026-10-04T15:26:31.6680900Z   "project_engine": "scripts/quant_backtest_template_PROJECT_v2-16_CURRENT.py"
2026-10-04T15:26:31.6681380Z }
2026-10-04T15:26:31.7249440Z ##[group]Run python scripts/test_strategy_dsl_preflight.py
2026-10-04T15:26:31.7249892Z [36;1mpython scripts/test_strategy_dsl_preflight.py[0m
2026-10-04T15:26:31.7311891Z shell: /usr/bin/bash -e {0}
2026-10-04T15:26:31.7312167Z env:
2026-10-04T15:26:31.7312442Z   pythonLocation: /opt/hostedtoolcache/Python/3.12.14/x64
2026-10-04T15:26:31.7312914Z   PKG_CONFIG_PATH: /opt/hostedtoolcache/Python/3.12.14/x64/lib/pkgconfig
2026-10-04T15:26:31.7313368Z   Python_ROOT_DIR: /opt/hostedtoolcache/Python/3.12.14/x64
2026-10-04T15:26:31.7313774Z   Python2_ROOT_DIR: /opt/hostedtoolcache/Python/3.12.14/x64
2026-10-04T15:26:31.7314181Z   Python3_ROOT_DIR: /opt/hostedtoolcache/Python/3.12.14/x64
2026-10-04T15:26:31.7314583Z   LD_LIBRARY_PATH: /opt/hostedtoolcache/Python/3.12.14/x64/lib
2026-10-04T15:26:31.7314914Z ##[endgroup]
2026-10-04T15:26:37.1582178Z STRATEGY DSL PREFLIGHT TEST: PASS
2026-10-04T15:26:37.2291570Z ##[group]Run python scripts/test_corporate_action_preflight.py
2026-10-04T15:26:37.2292055Z [36;1mpython scripts/test_corporate_action_preflight.py[0m
2026-10-04T15:26:37.2354504Z shell: /usr/bin/bash -e {0}
2026-10-04T15:26:37.2354774Z env:
2026-10-04T15:26:37.2355064Z   pythonLocation: /opt/hostedtoolcache/Python/3.12.14/x64
2026-10-04T15:26:37.2355551Z   PKG_CONFIG_PATH: /opt/hostedtoolcache/Python/3.12.14/x64/lib/pkgconfig
2026-10-04T15:26:37.2356444Z   Python_ROOT_DIR: /opt/hostedtoolcache/Python/3.12.14/x64
2026-10-04T15:26:37.2356872Z   Python2_ROOT_DIR: /opt/hostedtoolcache/Python/3.12.14/x64
2026-10-04T15:26:37.2357293Z   Python3_ROOT_DIR: /opt/hostedtoolcache/Python/3.12.14/x64
2026-10-04T15:26:37.2357720Z   LD_LIBRARY_PATH: /opt/hostedtoolcache/Python/3.12.14/x64/lib
2026-10-04T15:26:37.2358070Z ##[endgroup]
2026-10-04T15:26:55.3046916Z KNOWN CORPORATE-ACTION PREFLIGHT: PASS — real top_n/decile selection, exact lag, event-day order, successor lineage, source-only fast path and no NAV
2026-10-04T15:26:55.3771351Z ##[group]Run python scripts/test_strategy_dsl_benchmark.py
2026-10-04T15:26:55.3771795Z [36;1mpython scripts/test_strategy_dsl_benchmark.py[0m
2026-10-04T15:26:55.3834209Z shell: /usr/bin/bash -e {0}
2026-10-04T15:26:55.3834475Z env:
2026-10-04T15:26:55.3834765Z   pythonLocation: /opt/hostedtoolcache/Python/3.12.14/x64
2026-10-04T15:26:55.3835235Z   PKG_CONFIG_PATH: /opt/hostedtoolcache/Python/3.12.14/x64/lib/pkgconfig
2026-10-04T15:26:55.3836037Z   Python_ROOT_DIR: /opt/hostedtoolcache/Python/3.12.14/x64
2026-10-04T15:26:55.3836475Z   Python2_ROOT_DIR: /opt/hostedtoolcache/Python/3.12.14/x64
2026-10-04T15:26:55.3836892Z   Python3_ROOT_DIR: /opt/hostedtoolcache/Python/3.12.14/x64
2026-10-04T15:26:55.3837315Z   LD_LIBRARY_PATH: /opt/hostedtoolcache/Python/3.12.14/x64/lib
2026-10-04T15:26:55.3837668Z ##[endgroup]
2026-10-04T15:26:58.3771637Z STRATEGY DSL BENCHMARK TEST: PASS
2026-10-04T15:26:58.4456088Z ##[group]Run python scripts/test_strategy_dsl_deciles.py
2026-10-04T15:26:58.4456872Z [36;1mpython scripts/test_strategy_dsl_deciles.py[0m
2026-10-04T15:26:58.4530440Z shell: /usr/bin/bash -e {0}
2026-10-04T15:26:58.4530709Z env:
2026-10-04T15:26:58.4531000Z   pythonLocation: /opt/hostedtoolcache/Python/3.12.14/x64
2026-10-04T15:26:58.4531469Z   PKG_CONFIG_PATH: /opt/hostedtoolcache/Python/3.12.14/x64/lib/pkgconfig
2026-10-04T15:26:58.4531918Z   Python_ROOT_DIR: /opt/hostedtoolcache/Python/3.12.14/x64
2026-10-04T15:26:58.4532323Z   Python2_ROOT_DIR: /opt/hostedtoolcache/Python/3.12.14/x64
2026-10-04T15:26:58.4532717Z   Python3_ROOT_DIR: /opt/hostedtoolcache/Python/3.12.14/x64
2026-10-04T15:26:58.4533136Z   LD_LIBRARY_PATH: /opt/hostedtoolcache/Python/3.12.14/x64/lib
2026-10-04T15:26:58.4533478Z ##[endgroup]
2026-10-04T15:27:07.2733875Z STRATEGY DSL DECILE CONTRACT AND EXECUTION: PASS
2026-10-04T15:27:07.3605314Z ##[group]Run python scripts/test_dsl_deciles_e2e.py
2026-10-04T15:27:07.3606163Z [36;1mpython scripts/test_dsl_deciles_e2e.py[0m
2026-10-04T15:27:07.3668652Z shell: /usr/bin/bash -e {0}
2026-10-04T15:27:07.3668916Z env:
2026-10-04T15:27:07.3669194Z   pythonLocation: /opt/hostedtoolcache/Python/3.12.14/x64
2026-10-04T15:27:07.3669648Z   PKG_CONFIG_PATH: /opt/hostedtoolcache/Python/3.12.14/x64/lib/pkgconfig
2026-10-04T15:27:07.3670118Z   Python_ROOT_DIR: /opt/hostedtoolcache/Python/3.12.14/x64
2026-10-04T15:27:07.3670560Z   Python2_ROOT_DIR: /opt/hostedtoolcache/Python/3.12.14/x64
2026-10-04T15:27:07.3670986Z   Python3_ROOT_DIR: /opt/hostedtoolcache/Python/3.12.14/x64
2026-10-04T15:27:07.3671396Z   LD_LIBRARY_PATH: /opt/hostedtoolcache/Python/3.12.14/x64/lib
2026-10-04T15:27:07.3671727Z ##[endgroup]
2026-10-04T15:27:13.8621529Z STRATEGY DSL REAL KRX DECILE E2E: PASS
2026-10-04T15:27:13.9395112Z ##[group]Run python scripts/test_krx_technical_factor_adapter.py
2026-10-04T15:27:13.9395888Z [36;1mpython scripts/test_krx_technical_factor_adapter.py[0m
2026-10-04T15:27:13.9457767Z shell: /usr/bin/bash -e {0}
2026-10-04T15:27:13.9458023Z env:
2026-10-04T15:27:13.9458303Z   pythonLocation: /opt/hostedtoolcache/Python/3.12.14/x64
2026-10-04T15:27:13.9458757Z   PKG_CONFIG_PATH: /opt/hostedtoolcache/Python/3.12.14/x64/lib/pkgconfig
2026-10-04T15:27:13.9459212Z   Python_ROOT_DIR: /opt/hostedtoolcache/Python/3.12.14/x64
2026-10-04T15:27:13.9459602Z   Python2_ROOT_DIR: /opt/hostedtoolcache/Python/3.12.14/x64
2026-10-04T15:27:13.9460009Z   Python3_ROOT_DIR: /opt/hostedtoolcache/Python/3.12.14/x64
2026-10-04T15:27:13.9460428Z   LD_LIBRARY_PATH: /opt/hostedtoolcache/Python/3.12.14/x64/lib
2026-10-04T15:27:13.9460965Z ##[endgroup]
2026-10-04T15:27:14.4959059Z KRX TECHNICAL FACTOR ADAPTER TEST: PASS
2026-10-04T15:27:14.5540595Z ##[group]Run python scripts/test_krx_volatility_factor_adapter.py
2026-10-04T15:27:14.5541152Z [36;1mpython scripts/test_krx_volatility_factor_adapter.py[0m
2026-10-04T15:27:14.5603182Z shell: /usr/bin/bash -e {0}
2026-10-04T15:27:14.5603445Z env:
2026-10-04T15:27:14.5603724Z   pythonLocation: /opt/hostedtoolcache/Python/3.12.14/x64
2026-10-04T15:27:14.5604175Z   PKG_CONFIG_PATH: /opt/hostedtoolcache/Python/3.12.14/x64/lib/pkgconfig
2026-10-04T15:27:14.5604619Z   Python_ROOT_DIR: /opt/hostedtoolcache/Python/3.12.14/x64
2026-10-04T15:27:14.5605008Z   Python2_ROOT_DIR: /opt/hostedtoolcache/Python/3.12.14/x64
2026-10-04T15:27:14.5605398Z   Python3_ROOT_DIR: /opt/hostedtoolcache/Python/3.12.14/x64
2026-10-04T15:27:14.5606019Z   LD_LIBRARY_PATH: /opt/hostedtoolcache/Python/3.12.14/x64/lib
2026-10-04T15:27:14.5606372Z ##[endgroup]
2026-10-04T15:27:15.1211911Z KRX VOLATILITY FACTOR ADAPTER TEST: PASS
2026-10-04T15:27:15.1794150Z ##[group]Run python scripts/test_factor_registry.py
2026-10-04T15:27:15.1794573Z [36;1mpython scripts/test_factor_registry.py[0m
2026-10-04T15:27:15.1857410Z shell: /usr/bin/bash -e {0}
2026-10-04T15:27:15.1857675Z env:
2026-10-04T15:27:15.1857959Z   pythonLocation: /opt/hostedtoolcache/Python/3.12.14/x64
2026-10-04T15:27:15.1858414Z   PKG_CONFIG_PATH: /opt/hostedtoolcache/Python/3.12.14/x64/lib/pkgconfig
2026-10-04T15:27:15.1858861Z   Python_ROOT_DIR: /opt/hostedtoolcache/Python/3.12.14/x64
2026-10-04T15:27:15.1859257Z   Python2_ROOT_DIR: /opt/hostedtoolcache/Python/3.12.14/x64
2026-10-04T15:27:15.1859654Z   Python3_ROOT_DIR: /opt/hostedtoolcache/Python/3.12.14/x64
2026-10-04T15:27:15.1860092Z   LD_LIBRARY_PATH: /opt/hostedtoolcache/Python/3.12.14/x64/lib
2026-10-04T15:27:15.1860435Z ##[endgroup]
2026-10-04T15:27:15.6516254Z FACTOR PROVIDER REGISTRY TEST: PASS
2026-10-04T15:27:15.7144206Z ##[group]Run timeout -k 5s 840s python -u scripts/test_dart_custom_rebalance.py --real-data
2026-10-04T15:27:15.7144932Z [36;1mtimeout -k 5s 840s python -u scripts/test_dart_custom_rebalance.py --real-data[0m
2026-10-04T15:27:15.7207627Z shell: /usr/bin/bash -e {0}
2026-10-04T15:27:15.7207883Z env:
2026-10-04T15:27:15.7208163Z   pythonLocation: /opt/hostedtoolcache/Python/3.12.14/x64
2026-10-04T15:27:15.7208615Z   PKG_CONFIG_PATH: /opt/hostedtoolcache/Python/3.12.14/x64/lib/pkgconfig
2026-10-04T15:27:15.7209063Z   Python_ROOT_DIR: /opt/hostedtoolcache/Python/3.12.14/x64
2026-10-04T15:27:15.7209452Z   Python2_ROOT_DIR: /opt/hostedtoolcache/Python/3.12.14/x64
2026-10-04T15:27:15.7209854Z   Python3_ROOT_DIR: /opt/hostedtoolcache/Python/3.12.14/x64
2026-10-04T15:27:15.7210256Z   LD_LIBRARY_PATH: /opt/hostedtoolcache/Python/3.12.14/x64/lib
2026-10-04T15:27:15.7210591Z ##[endgroup]
2026-10-04T15:27:16.1873999Z test_all_months_explicit_policy_and_legacy_fingerprint (__main__.QuarterTests.test_all_months_explicit_policy_and_legacy_fingerprint) ... ok
2026-10-04T15:27:16.1884609Z test_candidate_window_and_year_boundary (__main__.QuarterTests.test_candidate_window_and_year_boundary) ... ok
2026-10-04T15:27:16.1899345Z test_dart_filter_inherits_selected_policy (__main__.QuarterTests.test_dart_filter_inherits_selected_policy) ... ok
2026-10-04T15:27:16.1980135Z test_kit_collects_actual_policy_dependencies (__main__.QuarterTests.test_kit_collects_actual_policy_dependencies) ... ok
2026-10-04T15:27:16.2248778Z test_latest_incomplete_report_cannot_fall_back_to_older_complete_quarter (__main__.QuarterTests.test_latest_incomplete_report_cannot_fall_back_to_older_complete_quarter) ... ok
2026-10-04T15:27:16.2256910Z test_missing_coverage_blocks_before_snapshot (__main__.QuarterTests.test_missing_coverage_blocks_before_snapshot) ... ok
2026-10-04T15:27:16.2364122Z test_missing_dependency_stays_nan (__main__.QuarterTests.test_missing_dependency_stays_nan) ... ok
2026-10-04T15:27:16.2577182Z test_newer_scope_report_beats_older_complete_scope (__main__.QuarterTests.test_newer_scope_report_beats_older_complete_scope) ... ok
2026-10-04T15:27:16.2986704Z test_no_cross_scope_subtraction_and_complete_ofs_fallback (__main__.QuarterTests.test_no_cross_scope_subtraction_and_complete_ofs_fallback) ... ok
2026-10-04T15:27:16.3361428Z test_predecessor_correction_date_is_not_hidden (__main__.QuarterTests.test_predecessor_correction_date_is_not_hidden) ... ok
2026-10-04T15:27:16.3605900Z test_q1_and_late_correction_are_pit (__main__.QuarterTests.test_q1_and_late_correction_are_pit) ... ok
2026-10-04T15:27:16.4351340Z test_q2_q3_and_q4_formulas (__main__.QuarterTests.test_q2_q3_and_q4_formulas) ... ok
2026-10-04T15:27:16.4591309Z test_report_with_no_registered_accounts_is_not_hidden (__main__.QuarterTests.test_report_with_no_registered_accounts_is_not_hidden) ... ok
2026-10-04T15:27:16.5017170Z test_shared_ranking_deciles_and_coverage_receive_policy (__main__.QuarterTests.test_shared_ranking_deciles_and_coverage_receive_policy) ... ok
2026-10-04T15:27:16.5018160Z 
2026-10-04T15:27:16.5018417Z ----------------------------------------------------------------------
2026-10-04T15:27:16.5018994Z Ran 14 tests in 0.325s
2026-10-04T15:27:16.5019228Z 
2026-10-04T15:27:16.5019355Z OK
2026-10-04T15:27:25.4750330Z REAL MAY 2020 DART Q1 SOURCE ORACLE: PASS 20200515001451
2026-10-04T15:27:25.4842548Z REAL CUSTOM-MONTH CHECKED NAV: START
2026-10-04T15:27:55.4867005Z REAL CUSTOM-MONTH CHECKED NAV: RUNNING 30s phase=execution
2026-10-04T15:28:25.4880868Z REAL CUSTOM-MONTH CHECKED NAV: RUNNING 60s phase=execution
2026-10-04T15:28:55.4893769Z REAL CUSTOM-MONTH CHECKED NAV: RUNNING 90s phase=execution
2026-10-04T15:29:25.4907034Z REAL CUSTOM-MONTH CHECKED NAV: RUNNING 120s phase=execution
2026-10-04T15:29:55.4914561Z REAL CUSTOM-MONTH CHECKED NAV: RUNNING 150s phase=execution
2026-10-04T15:30:25.5111062Z REAL CUSTOM-MONTH CHECKED NAV: RUNNING 180s phase=execution
2026-10-04T15:30:55.5184455Z REAL CUSTOM-MONTH CHECKED NAV: RUNNING 210s phase=execution
2026-10-04T15:31:25.5188030Z REAL CUSTOM-MONTH CHECKED NAV: RUNNING 240s phase=execution
2026-10-04T15:31:55.5195841Z REAL CUSTOM-MONTH CHECKED NAV: RUNNING 270s phase=execution
2026-10-04T15:32:17.1057863Z REAL CUSTOM-MONTH CHECKED NAV: PASS (May signal, June t+1, Q1 PIT, validated NAV)
2026-10-04T15:32:17.1850066Z ##[group]Run python scripts/test_cash_share_exchange.py
2026-10-04T15:32:17.1850512Z [36;1mpython scripts/test_cash_share_exchange.py[0m
2026-10-04T15:32:17.1912279Z shell: /usr/bin/bash -e {0}
2026-10-04T15:32:17.1912541Z env:
2026-10-04T15:32:17.1912835Z   pythonLocation: /opt/hostedtoolcache/Python/3.12.14/x64
2026-10-04T15:32:17.1913307Z   PKG_CONFIG_PATH: /opt/hostedtoolcache/Python/3.12.14/x64/lib/pkgconfig
2026-10-04T15:32:17.1913766Z   Python_ROOT_DIR: /opt/hostedtoolcache/Python/3.12.14/x64
2026-10-04T15:32:17.1914169Z   Python2_ROOT_DIR: /opt/hostedtoolcache/Python/3.12.14/x64
2026-10-04T15:32:17.1914573Z   Python3_ROOT_DIR: /opt/hostedtoolcache/Python/3.12.14/x64
2026-10-04T15:32:17.1914981Z   LD_LIBRARY_PATH: /opt/hostedtoolcache/Python/3.12.14/x64/lib
2026-10-04T15:32:17.1915332Z ##[endgroup]
2026-10-04T15:32:27.3975107Z CASH EXCHANGE: PASS — independent two-book share/cash oracle, costs, pending liquidity, multiple claims, payment timing, public cost/decile modes and actual evidence gap
2026-10-04T15:32:27.4774003Z ##[group]Run python scripts/test_corporate_action_execution.py
2026-10-04T15:32:27.4774482Z [36;1mpython scripts/test_corporate_action_execution.py[0m
2026-10-04T15:32:27.4837261Z shell: /usr/bin/bash -e {0}
2026-10-04T15:32:27.4837521Z env:
2026-10-04T15:32:27.4837805Z   pythonLocation: /opt/hostedtoolcache/Python/3.12.14/x64
2026-10-04T15:32:27.4838270Z   PKG_CONFIG_PATH: /opt/hostedtoolcache/Python/3.12.14/x64/lib/pkgconfig
2026-10-04T15:32:27.4838723Z   Python_ROOT_DIR: /opt/hostedtoolcache/Python/3.12.14/x64
2026-10-04T15:32:27.4839121Z   Python2_ROOT_DIR: /opt/hostedtoolcache/Python/3.12.14/x64
2026-10-04T15:32:27.4839516Z   Python3_ROOT_DIR: /opt/hostedtoolcache/Python/3.12.14/x64
2026-10-04T15:32:27.4840118Z   LD_LIBRARY_PATH: /opt/hostedtoolcache/Python/3.12.14/x64/lib
2026-10-04T15:32:27.4840458Z ##[endgroup]
2026-10-04T15:32:27.9141054Z CORPORATE ACTION EXECUTION TEST: PASS
2026-10-04T15:32:27.9767503Z ##[group]Run python scripts/test_strategy_dsl.py
2026-10-04T15:32:27.9767904Z [36;1mpython scripts/test_strategy_dsl.py[0m
2026-10-04T15:32:27.9830094Z shell: /usr/bin/bash -e {0}
2026-10-04T15:32:27.9830372Z env:
2026-10-04T15:32:27.9830656Z   pythonLocation: /opt/hostedtoolcache/Python/3.12.14/x64
2026-10-04T15:32:27.9831123Z   PKG_CONFIG_PATH: /opt/hostedtoolcache/Python/3.12.14/x64/lib/pkgconfig
2026-10-04T15:32:27.9831583Z   Python_ROOT_DIR: /opt/hostedtoolcache/Python/3.12.14/x64
2026-10-04T15:32:27.9831994Z   Python2_ROOT_DIR: /opt/hostedtoolcache/Python/3.12.14/x64
2026-10-04T15:32:27.9832410Z   Python3_ROOT_DIR: /opt/hostedtoolcache/Python/3.12.14/x64
2026-10-04T15:32:27.9832827Z   LD_LIBRARY_PATH: /opt/hostedtoolcache/Python/3.12.14/x64/lib
2026-10-04T15:32:27.9833167Z ##[endgroup]
2026-10-04T15:32:28.6645228Z STRATEGY DSL TEST: PASS
2026-10-04T15:32:28.7205032Z ##[group]Run python scripts/test_dart_dsl_super_value.py
2026-10-04T15:32:28.7205477Z [36;1mpython scripts/test_dart_dsl_super_value.py[0m
2026-10-04T15:32:28.7267603Z shell: /usr/bin/bash -e {0}
2026-10-04T15:32:28.7267879Z env:
2026-10-04T15:32:28.7268172Z   pythonLocation: /opt/hostedtoolcache/Python/3.12.14/x64
2026-10-04T15:32:28.7268654Z   PKG_CONFIG_PATH: /opt/hostedtoolcache/Python/3.12.14/x64/lib/pkgconfig
2026-10-04T15:32:28.7269159Z   Python_ROOT_DIR: /opt/hostedtoolcache/Python/3.12.14/x64
2026-10-04T15:32:28.7269578Z   Python2_ROOT_DIR: /opt/hostedtoolcache/Python/3.12.14/x64
2026-10-04T15:32:28.7270027Z   Python3_ROOT_DIR: /opt/hostedtoolcache/Python/3.12.14/x64
2026-10-04T15:32:28.7270454Z   LD_LIBRARY_PATH: /opt/hostedtoolcache/Python/3.12.14/x64/lib
2026-10-04T15:32:28.7270813Z ##[endgroup]
2026-10-04T15:41:37.5174428Z DART DSL SUPER VALUE INTEGRATION: PASS
2026-10-04T15:41:37.5174949Z signals: ['2020-04-29', '2020-10-30']
2026-10-04T15:41:37.5796113Z ##[group]Run python scripts/test_dsl_execution_e2e.py
2026-10-04T15:41:37.5796569Z [36;1mpython scripts/test_dsl_execution_e2e.py[0m
2026-10-04T15:41:37.5859432Z shell: /usr/bin/bash -e {0}
2026-10-04T15:41:37.5859690Z env:
2026-10-04T15:41:37.5859973Z   pythonLocation: /opt/hostedtoolcache/Python/3.12.14/x64
2026-10-04T15:41:37.5860427Z   PKG_CONFIG_PATH: /opt/hostedtoolcache/Python/3.12.14/x64/lib/pkgconfig
2026-10-04T15:41:37.5860884Z   Python_ROOT_DIR: /opt/hostedtoolcache/Python/3.12.14/x64
2026-10-04T15:41:37.5861288Z   Python2_ROOT_DIR: /opt/hostedtoolcache/Python/3.12.14/x64
2026-10-04T15:41:37.5861686Z   Python3_ROOT_DIR: /opt/hostedtoolcache/Python/3.12.14/x64
2026-10-04T15:41:37.5862094Z   LD_LIBRARY_PATH: /opt/hostedtoolcache/Python/3.12.14/x64/lib
2026-10-04T15:41:37.5862422Z ##[endgroup]
2026-10-04T15:44:46.3631971Z STRATEGY DSL EXECUTION E2E: PASS
2026-10-04T15:44:46.4366882Z ##[group]Run python scripts/test_dsl_run_e2e.py
2026-10-04T15:44:46.4367363Z [36;1mpython scripts/test_dsl_run_e2e.py[0m
2026-10-04T15:44:46.4429184Z shell: /usr/bin/bash -e {0}
2026-10-04T15:44:46.4429445Z env:
2026-10-04T15:44:46.4429731Z   pythonLocation: /opt/hostedtoolcache/Python/3.12.14/x64
2026-10-04T15:44:46.4430200Z   PKG_CONFIG_PATH: /opt/hostedtoolcache/Python/3.12.14/x64/lib/pkgconfig
2026-10-04T15:44:46.4430677Z   Python_ROOT_DIR: /opt/hostedtoolcache/Python/3.12.14/x64
2026-10-04T15:44:46.4431085Z   Python2_ROOT_DIR: /opt/hostedtoolcache/Python/3.12.14/x64
2026-10-04T15:44:46.4431492Z   Python3_ROOT_DIR: /opt/hostedtoolcache/Python/3.12.14/x64
2026-10-04T15:44:46.4431906Z   LD_LIBRARY_PATH: /opt/hostedtoolcache/Python/3.12.14/x64/lib
2026-10-04T15:44:46.4432247Z ##[endgroup]
2026-10-04T15:48:19.5008549Z CHECKED DSL REAL E2E: PASS (CLI top_n/deciles unchanged, no overwrite, known-event/data gaps before NAV, DART/benchmark/audits)
2026-10-04T15:48:19.5819976Z Post job cleanup.
2026-10-04T15:48:19.7011540Z (node:4698) [DEP0040] DeprecationWarning: The `punycode` module is deprecated. Please use a userland alternative instead.
2026-10-04T15:48:19.7013286Z (Use `node --trace-deprecation ...` to show where the warning was created)
2026-10-04T15:48:19.7209326Z Post job cleanup.
2026-10-04T15:48:19.8200327Z [command]/usr/bin/git version
2026-10-04T15:48:19.8258682Z git version 2.55.0
2026-10-04T15:48:19.8303268Z Temporarily overriding HOME='/home/runner/work/_temp/e0cf8dd4-9235-492c-8cb2-261fed270887' before making global git config changes
2026-10-04T15:48:19.8305026Z Adding repository directory to the temporary git global config as a safe directory
2026-10-04T15:48:19.8311597Z [command]/usr/bin/git config --global --add safe.directory /home/runner/work/quant-marcap-runner/quant-marcap-runner
2026-10-04T15:48:19.8355460Z [command]/usr/bin/git config --local --name-only --get-regexp core\.sshCommand
2026-10-04T15:48:19.8396457Z [command]/usr/bin/git submodule foreach --recursive sh -c "git config --local --name-only --get-regexp 'core\.sshCommand' && git config --local --unset-all 'core.sshCommand' || :"
2026-10-04T15:48:19.8725180Z [command]/usr/bin/git config --local --name-only --get-regexp http\.https\:\/\/github\.com\/\.extraheader
2026-10-04T15:48:19.8758066Z http.https://github.com/.extraheader
2026-10-04T15:48:19.8769213Z [command]/usr/bin/git config --local --unset-all http.https://github.com/.extraheader
2026-10-04T15:48:19.8858693Z [command]/usr/bin/git submodule foreach --recursive sh -c "git config --local --name-only --get-regexp 'http\.https\:\/\/github\.com\/\.extraheader' && git config --local --unset-all 'http.https://github.com/.extraheader' || :"
2026-10-04T15:48:19.9181260Z [command]/usr/bin/git config --local --name-only --get-regexp ^includeIf\.gitdir:
2026-10-04T15:48:19.9184776Z [command]/usr/bin/git submodule foreach --recursive git config --local --show-origin --name-only --get-regexp remote.origin.url
2026-10-04T15:48:19.9705379Z Cleaning up orphan processes
2026-10-04T15:48:20.0135580Z ##[warning]Node.js 20 is deprecated. The following actions target Node.js 20 but are being forced to run on Node.js 24: actions/checkout@v4, actions/setup-python@v5, actions/upload-artifact@v4. For more information see: https://github.blog/changelog/2025-09-19-deprecation-of-node-20-on-github-actions-runners/

