2026-10-04T11:42:39.0123220Z Current runner version: '2.337.0'
2026-10-04T11:42:39.0148647Z ##[group]Runner Image Provisioner
2026-10-04T11:42:39.0149539Z Hosted Compute Agent
2026-10-04T11:42:39.0150364Z Version: 20260901.588
2026-10-04T11:42:39.0151125Z Commit: f88ec8081b781fac6c440065ac7ff9e710ce3d0b
2026-10-04T11:42:39.0151884Z Build Date: 2026-09-01T19:56:44Z
2026-10-04T11:42:39.0152729Z Worker ID: {2d46dcf1-d740-403f-b932-d2ff2652d02a}
2026-10-04T11:42:39.0153472Z Azure Region: westcentralus
2026-10-04T11:42:39.0154102Z ##[endgroup]
2026-10-04T11:42:39.0155545Z ##[group]Operating System
2026-10-04T11:42:39.0156194Z Ubuntu
2026-10-04T11:42:39.0156804Z 24.04.5
2026-10-04T11:42:39.0157401Z LTS
2026-10-04T11:42:39.0157941Z ##[endgroup]
2026-10-04T11:42:39.0158566Z ##[group]Runner Image
2026-10-04T11:42:39.0159182Z Image: ubuntu-24.04
2026-10-04T11:42:39.0159882Z Version: 20260927.320.1
2026-10-04T11:42:39.0161446Z Included Software: https://github.com/actions/runner-images/blob/ubuntu24/20260927.320/images/ubuntu/Ubuntu2404-Readme.md
2026-10-04T11:42:39.0163059Z Image Release: https://github.com/actions/runner-images/releases/tag/ubuntu24%2F20260927.320
2026-10-04T11:42:39.0164090Z ##[endgroup]
2026-10-04T11:42:39.0165345Z ##[group]GITHUB_TOKEN Permissions
2026-10-04T11:42:39.0167275Z Contents: read
2026-10-04T11:42:39.0167972Z Metadata: read
2026-10-04T11:42:39.0168575Z ##[endgroup]
2026-10-04T11:42:39.0170940Z Secret source: Actions
2026-10-04T11:42:39.0172080Z Cache mode: write
2026-10-04T11:42:39.0172792Z Prepare workflow directory
2026-10-04T11:42:39.0508311Z Prepare all required actions
2026-10-04T11:42:39.0555901Z Getting action download info
2026-10-04T11:42:39.3525561Z Download action repository 'actions/checkout@v4' (SHA:11d5960a326750d5838078e36cf38b85af677262)
2026-10-04T11:42:39.4607607Z Download action repository 'actions/setup-python@v5' (SHA:a26af69be951a213d495a4c3e4e4022e16d87065)
2026-10-04T11:42:39.5447704Z Download action repository 'actions/upload-artifact@v4' (SHA:ea165f8d65b6e75b540449e92b4886f43607fa02)
2026-10-04T11:42:39.7657514Z Complete job name: test
2026-10-04T11:42:39.8634832Z ##[group]Run actions/checkout@v4
2026-10-04T11:42:39.8635646Z with:
2026-10-04T11:42:39.8636118Z   repository: Horororong/quant-marcap-runner
2026-10-04T11:42:39.8640540Z   token: ***
2026-10-04T11:42:39.8640977Z   ssh-strict: true
2026-10-04T11:42:39.8641414Z   ssh-user: git
2026-10-04T11:42:39.8641846Z   persist-credentials: true
2026-10-04T11:42:39.8642320Z   clean: true
2026-10-04T11:42:39.8642761Z   sparse-checkout-cone-mode: true
2026-10-04T11:42:39.8643266Z   fetch-depth: 1
2026-10-04T11:42:39.8643692Z   fetch-tags: false
2026-10-04T11:42:39.8644127Z   show-progress: true
2026-10-04T11:42:39.8644565Z   lfs: false
2026-10-04T11:42:39.8644971Z   submodules: false
2026-10-04T11:42:39.8645415Z   set-safe-directory: true
2026-10-04T11:42:39.8645920Z   allow-unsafe-pr-checkout: false
2026-10-04T11:42:39.8646616Z ##[endgroup]
2026-10-04T11:42:39.9692484Z Syncing repository: Horororong/quant-marcap-runner
2026-10-04T11:42:39.9694319Z ##[group]Getting Git version info
2026-10-04T11:42:39.9695241Z Working directory is '/home/runner/work/quant-marcap-runner/quant-marcap-runner'
2026-10-04T11:42:39.9696430Z [command]/usr/bin/git version
2026-10-04T11:42:39.9729329Z git version 2.55.0
2026-10-04T11:42:39.9749314Z ##[endgroup]
2026-10-04T11:42:39.9781824Z Temporarily overriding HOME='/home/runner/work/_temp/c994d1b5-1b66-4629-8e6f-66223cbf1731' before making global git config changes
2026-10-04T11:42:39.9784424Z Adding repository directory to the temporary git global config as a safe directory
2026-10-04T11:42:39.9786692Z [command]/usr/bin/git config --global --add safe.directory /home/runner/work/quant-marcap-runner/quant-marcap-runner
2026-10-04T11:42:39.9836979Z Deleting the contents of '/home/runner/work/quant-marcap-runner/quant-marcap-runner'
2026-10-04T11:42:39.9843539Z ##[group]Initializing the repository
2026-10-04T11:42:39.9853231Z [command]/usr/bin/git init /home/runner/work/quant-marcap-runner/quant-marcap-runner
2026-10-04T11:42:39.9940348Z hint: Using 'master' as the name for the initial branch. This default branch name
2026-10-04T11:42:39.9941670Z hint: will change to "main" in Git 3.0. To configure the initial branch name
2026-10-04T11:42:39.9943123Z hint: to use in all of your new repositories, which will suppress this warning,
2026-10-04T11:42:39.9944283Z hint: call:
2026-10-04T11:42:39.9944924Z hint:
2026-10-04T11:42:39.9945708Z hint: 	git config --global init.defaultBranch <name>
2026-10-04T11:42:39.9946682Z hint:
2026-10-04T11:42:39.9947597Z hint: Names commonly chosen instead of 'master' are 'main', 'trunk' and
2026-10-04T11:42:39.9949015Z hint: 'development'. The just-created branch can be renamed via this command:
2026-10-04T11:42:39.9950370Z hint:
2026-10-04T11:42:39.9951045Z hint: 	git branch -m <name>
2026-10-04T11:42:39.9951773Z hint:
2026-10-04T11:42:39.9952778Z hint: Disable this message with "git config set advice.defaultBranchName false"
2026-10-04T11:42:39.9954578Z Initialized empty Git repository in /home/runner/work/quant-marcap-runner/quant-marcap-runner/.git/
2026-10-04T11:42:39.9957597Z [command]/usr/bin/git remote add origin https://github.com/Horororong/quant-marcap-runner
2026-10-04T11:42:40.0005400Z ##[endgroup]
2026-10-04T11:42:40.0006601Z ##[group]Disabling automatic garbage collection
2026-10-04T11:42:40.0010589Z [command]/usr/bin/git config --local gc.auto 0
2026-10-04T11:42:40.0046508Z ##[endgroup]
2026-10-04T11:42:40.0047623Z ##[group]Setting up auth
2026-10-04T11:42:40.0054143Z [command]/usr/bin/git config --local --name-only --get-regexp core\.sshCommand
2026-10-04T11:42:40.0091383Z [command]/usr/bin/git submodule foreach --recursive sh -c "git config --local --name-only --get-regexp 'core\.sshCommand' && git config --local --unset-all 'core.sshCommand' || :"
2026-10-04T11:42:40.0435090Z [command]/usr/bin/git config --local --name-only --get-regexp http\.https\:\/\/github\.com\/\.extraheader
2026-10-04T11:42:40.0475332Z [command]/usr/bin/git submodule foreach --recursive sh -c "git config --local --name-only --get-regexp 'http\.https\:\/\/github\.com\/\.extraheader' && git config --local --unset-all 'http.https://github.com/.extraheader' || :"
2026-10-04T11:42:40.0752784Z [command]/usr/bin/git config --local --name-only --get-regexp ^includeIf\.gitdir:
2026-10-04T11:42:40.0795979Z [command]/usr/bin/git submodule foreach --recursive git config --local --show-origin --name-only --get-regexp remote.origin.url
2026-10-04T11:42:40.1063715Z [command]/usr/bin/git config --local http.https://github.com/.extraheader AUTHORIZATION: basic ***
2026-10-04T11:42:40.1112912Z ##[endgroup]
2026-10-04T11:42:40.1113715Z ##[group]Fetching the repository
2026-10-04T11:42:40.1126380Z [command]/usr/bin/git -c protocol.version=2 fetch --no-tags --prune --no-recurse-submodules --depth=1 origin +1af7b8952d1d346129b2eae1ccde67f105ca1eae:refs/remotes/origin/fix/legacy-no-metrics-resume-20261004
2026-10-04T11:43:44.2675625Z From https://github.com/Horororong/quant-marcap-runner
2026-10-04T11:43:44.2679345Z  * [new ref]         1af7b8952d1d346129b2eae1ccde67f105ca1eae -> origin/fix/legacy-no-metrics-resume-20261004
2026-10-04T11:43:44.2683874Z ##[endgroup]
2026-10-04T11:43:44.2684713Z ##[group]Determining the checkout info
2026-10-04T11:43:44.2685501Z ##[endgroup]
2026-10-04T11:43:44.2690928Z [command]/usr/bin/git sparse-checkout disable
2026-10-04T11:43:44.2745778Z [command]/usr/bin/git config --local --unset-all extensions.worktreeConfig
2026-10-04T11:43:44.2780873Z ##[group]Checking out the ref
2026-10-04T11:43:44.2793352Z [command]/usr/bin/git checkout --progress --force -B fix/legacy-no-metrics-resume-20261004 refs/remotes/origin/fix/legacy-no-metrics-resume-20261004
2026-10-04T11:43:45.3312955Z Updating files:  33% (382/1133)
2026-10-04T11:43:45.4184421Z Updating files:  34% (386/1133)
2026-10-04T11:43:45.4775520Z Updating files:  35% (397/1133)
2026-10-04T11:43:45.5716999Z Updating files:  36% (408/1133)
2026-10-04T11:43:46.0779488Z Updating files:  37% (420/1133)
2026-10-04T11:43:46.3205079Z Updating files:  38% (431/1133)
2026-10-04T11:43:47.0652771Z Updating files:  38% (434/1133)
2026-10-04T11:43:47.3588343Z Updating files:  39% (442/1133)
2026-10-04T11:43:48.3136556Z Updating files:  39% (445/1133)
2026-10-04T11:43:48.4505422Z Updating files:  39% (453/1133)
2026-10-04T11:43:48.5653254Z Updating files:  40% (454/1133)
2026-10-04T11:43:48.6066601Z Updating files:  41% (465/1133)
2026-10-04T11:43:48.6196244Z Updating files:  42% (476/1133)
2026-10-04T11:43:48.6203485Z Updating files:  43% (488/1133)
2026-10-04T11:43:48.6216917Z Updating files:  44% (499/1133)
2026-10-04T11:43:48.6233376Z Updating files:  45% (510/1133)
2026-10-04T11:43:48.6248460Z Updating files:  46% (522/1133)
2026-10-04T11:43:48.6264610Z Updating files:  47% (533/1133)
2026-10-04T11:43:48.6276199Z Updating files:  48% (544/1133)
2026-10-04T11:43:48.6320989Z Updating files:  49% (556/1133)
2026-10-04T11:43:48.6333305Z Updating files:  50% (567/1133)
2026-10-04T11:43:48.6347658Z Updating files:  51% (578/1133)
2026-10-04T11:43:48.6361930Z Updating files:  52% (590/1133)
2026-10-04T11:43:48.6370056Z Updating files:  53% (601/1133)
2026-10-04T11:43:48.6387751Z Updating files:  54% (612/1133)
2026-10-04T11:43:48.6396211Z Updating files:  55% (624/1133)
2026-10-04T11:43:48.6403330Z Updating files:  56% (635/1133)
2026-10-04T11:43:48.6414101Z Updating files:  57% (646/1133)
2026-10-04T11:43:48.6424287Z Updating files:  58% (658/1133)
2026-10-04T11:43:48.6432072Z Updating files:  59% (669/1133)
2026-10-04T11:43:48.6445988Z Updating files:  60% (680/1133)
2026-10-04T11:43:48.6458097Z Updating files:  61% (692/1133)
2026-10-04T11:43:48.6498591Z Updating files:  62% (703/1133)
2026-10-04T11:43:48.6523985Z Updating files:  63% (714/1133)
2026-10-04T11:43:48.6802707Z Updating files:  64% (726/1133)
2026-10-04T11:43:48.7059064Z Updating files:  65% (737/1133)
2026-10-04T11:43:48.7479614Z Updating files:  66% (748/1133)
2026-10-04T11:43:48.7554784Z Updating files:  67% (760/1133)
2026-10-04T11:43:48.7631675Z Updating files:  68% (771/1133)
2026-10-04T11:43:48.7706105Z Updating files:  69% (782/1133)
2026-10-04T11:43:48.7722602Z Updating files:  70% (794/1133)
2026-10-04T11:43:48.7779174Z Updating files:  71% (805/1133)
2026-10-04T11:43:48.7818977Z Updating files:  72% (816/1133)
2026-10-04T11:43:48.7854978Z Updating files:  73% (828/1133)
2026-10-04T11:43:48.7863773Z Updating files:  74% (839/1133)
2026-10-04T11:43:48.7900384Z Updating files:  75% (850/1133)
2026-10-04T11:43:48.7951227Z Updating files:  76% (862/1133)
2026-10-04T11:43:48.7995105Z Updating files:  77% (873/1133)
2026-10-04T11:43:48.8015202Z Updating files:  78% (884/1133)
2026-10-04T11:43:48.8051332Z Updating files:  79% (896/1133)
2026-10-04T11:43:48.8119468Z Updating files:  80% (907/1133)
2026-10-04T11:43:48.8806411Z Updating files:  81% (918/1133)
2026-10-04T11:43:48.8823708Z Updating files:  82% (930/1133)
2026-10-04T11:43:48.8859240Z Updating files:  83% (941/1133)
2026-10-04T11:43:48.8878158Z Updating files:  84% (952/1133)
2026-10-04T11:43:48.8889177Z Updating files:  85% (964/1133)
2026-10-04T11:43:48.8898925Z Updating files:  86% (975/1133)
2026-10-04T11:43:48.8911915Z Updating files:  87% (986/1133)
2026-10-04T11:43:48.8920347Z Updating files:  88% (998/1133)
2026-10-04T11:43:48.8928301Z Updating files:  89% (1009/1133)
2026-10-04T11:43:48.8936689Z Updating files:  90% (1020/1133)
2026-10-04T11:43:48.8959011Z Updating files:  91% (1032/1133)
2026-10-04T11:43:48.8967491Z Updating files:  92% (1043/1133)
2026-10-04T11:43:48.8979022Z Updating files:  93% (1054/1133)
2026-10-04T11:43:48.8987834Z Updating files:  94% (1066/1133)
2026-10-04T11:43:48.8995998Z Updating files:  95% (1077/1133)
2026-10-04T11:43:48.9007773Z Updating files:  96% (1088/1133)
2026-10-04T11:43:48.9017338Z Updating files:  97% (1100/1133)
2026-10-04T11:43:48.9023688Z Updating files:  98% (1111/1133)
2026-10-04T11:43:48.9031272Z Updating files:  99% (1122/1133)
2026-10-04T11:43:48.9031770Z Updating files: 100% (1133/1133)
2026-10-04T11:43:48.9032200Z Updating files: 100% (1133/1133), done.
2026-10-04T11:43:48.9058932Z Switched to a new branch 'fix/legacy-no-metrics-resume-20261004'
2026-10-04T11:43:48.9062822Z branch 'fix/legacy-no-metrics-resume-20261004' set up to track 'origin/fix/legacy-no-metrics-resume-20261004'.
2026-10-04T11:43:48.9223902Z ##[endgroup]
2026-10-04T11:43:48.9299275Z [command]/usr/bin/git log -1 --format=%H
2026-10-04T11:43:48.9323016Z 1af7b8952d1d346129b2eae1ccde67f105ca1eae
2026-10-04T11:43:48.9595008Z ##[group]Run actions/setup-python@v5
2026-10-04T11:43:48.9595306Z with:
2026-10-04T11:43:48.9595515Z   python-version: 3.12
2026-10-04T11:43:48.9595759Z   check-latest: false
2026-10-04T11:43:48.9598420Z   token: ***
2026-10-04T11:43:48.9598636Z   update-environment: true
2026-10-04T11:43:48.9598880Z   allow-prereleases: false
2026-10-04T11:43:48.9599110Z   freethreaded: false
2026-10-04T11:43:48.9599329Z ##[endgroup]
2026-10-04T11:43:49.0921064Z ##[group]Installed versions
2026-10-04T11:43:49.1007709Z (node:2378) [DEP0040] DeprecationWarning: The `punycode` module is deprecated. Please use a userland alternative instead.
2026-10-04T11:43:49.1008453Z (Use `node --trace-deprecation ...` to show where the warning was created)
2026-10-04T11:43:49.1009239Z Successfully set up CPython (3.12.14)
2026-10-04T11:43:49.1010162Z ##[endgroup]
2026-10-04T11:43:49.1191374Z ##[group]Run python -m pip install --upgrade pip
2026-10-04T11:43:49.1192056Z [36;1mpython -m pip install --upgrade pip[0m
2026-10-04T11:43:49.1192920Z [36;1mpython -m pip install --require-hashes -r config/sandbox/requirements-cp312-linux-x86_64.lock[0m
2026-10-04T11:43:49.1193889Z [36;1mpython -m pip install requests beautifulsoup4 lxml pytest pyyaml[0m
2026-10-04T11:43:49.1479148Z shell: /usr/bin/bash -e {0}
2026-10-04T11:43:49.1479443Z env:
2026-10-04T11:43:49.1479745Z   pythonLocation: /opt/hostedtoolcache/Python/3.12.14/x64
2026-10-04T11:43:49.1480527Z   PKG_CONFIG_PATH: /opt/hostedtoolcache/Python/3.12.14/x64/lib/pkgconfig
2026-10-04T11:43:49.1480966Z   Python_ROOT_DIR: /opt/hostedtoolcache/Python/3.12.14/x64
2026-10-04T11:43:49.1481348Z   Python2_ROOT_DIR: /opt/hostedtoolcache/Python/3.12.14/x64
2026-10-04T11:43:49.1481779Z   Python3_ROOT_DIR: /opt/hostedtoolcache/Python/3.12.14/x64
2026-10-04T11:43:49.1482227Z   LD_LIBRARY_PATH: /opt/hostedtoolcache/Python/3.12.14/x64/lib
2026-10-04T11:43:49.1482554Z ##[endgroup]
2026-10-04T11:43:49.6768784Z Requirement already satisfied: pip in /opt/hostedtoolcache/Python/3.12.14/x64/lib/python3.12/site-packages (26.2.1)
2026-10-04T11:43:50.3369252Z Collecting attrs==26.1.0 (from -r config/sandbox/requirements-cp312-linux-x86_64.lock (line 2))
2026-10-04T11:43:50.4303615Z   Downloading attrs-26.1.0-py3-none-any.whl (67 kB)
2026-10-04T11:43:50.4882769Z Collecting exchange-calendars==4.13.2 (from -r config/sandbox/requirements-cp312-linux-x86_64.lock (line 3))
2026-10-04T11:43:50.5076290Z   Downloading exchange_calendars-4.13.2-py3-none-any.whl (213 kB)
2026-10-04T11:43:50.5724774Z Collecting jsonschema-specifications==2025.9.1 (from -r config/sandbox/requirements-cp312-linux-x86_64.lock (line 4))
2026-10-04T11:43:50.5919036Z   Downloading jsonschema_specifications-2025.9.1-py3-none-any.whl (18 kB)
2026-10-04T11:43:50.6310772Z Collecting jsonschema==4.26.0 (from -r config/sandbox/requirements-cp312-linux-x86_64.lock (line 5))
2026-10-04T11:43:50.6502845Z   Downloading jsonschema-4.26.0-py3-none-any.whl (90 kB)
2026-10-04T11:43:50.6792317Z Collecting korean-lunar-calendar==0.4.0 (from -r config/sandbox/requirements-cp312-linux-x86_64.lock (line 6))
2026-10-04T11:43:50.6982932Z   Downloading korean_lunar_calendar-0.4.0-py3-none-any.whl (11 kB)
2026-10-04T11:43:50.7564299Z Collecting narwhals==2.26.0 (from -r config/sandbox/requirements-cp312-linux-x86_64.lock (line 7))
2026-10-04T11:43:50.7757296Z   Downloading narwhals-2.26.0-py3-none-any.whl (474 kB)
2026-10-04T11:43:51.0510786Z Collecting numpy==2.4.6 (from -r config/sandbox/requirements-cp312-linux-x86_64.lock (line 8))
2026-10-04T11:43:51.0710620Z   Downloading numpy-2.4.6-cp312-cp312-manylinux_2_27_x86_64.manylinux_2_28_x86_64.whl (16.6 MB)
2026-10-04T11:43:51.2382737Z      ━━━━━━━━━━━━━━━━━━━━━━━━━━━━━━━━━━━━━━━━ 16.6/16.6 MB 100.6 MB/s  0:00:00
2026-10-04T11:43:51.2856892Z Collecting packaging==26.3 (from -r config/sandbox/requirements-cp312-linux-x86_64.lock (line 9))
2026-10-04T11:43:51.3051121Z   Downloading packaging-26.3-py3-none-any.whl (129 kB)
2026-10-04T11:43:51.4190642Z Collecting pandas==3.0.6 (from -r config/sandbox/requirements-cp312-linux-x86_64.lock (line 10))
2026-10-04T11:43:51.4391589Z   Downloading pandas-3.0.6-cp312-cp312-manylinux_2_24_x86_64.manylinux_2_28_x86_64.whl (10.8 MB)
2026-10-04T11:43:51.4768427Z      ━━━━━━━━━━━━━━━━━━━━━━━━━━━━━━━━━━━━━━━━ 10.8/10.8 MB 306.0 MB/s  0:00:00
2026-10-04T11:43:51.5262069Z Collecting pip==25.0.1 (from -r config/sandbox/requirements-cp312-linux-x86_64.lock (line 11))
2026-10-04T11:43:51.5453678Z   Downloading pip-25.0.1-py3-none-any.whl (1.8 MB)
2026-10-04T11:43:51.5529589Z      ━━━━━━━━━━━━━━━━━━━━━━━━━━━━━━━━━━━━━━━━ 1.8/1.8 MB 289.2 MB/s  0:00:00
2026-10-04T11:43:51.5950467Z Collecting plotly==7.1.0 (from -r config/sandbox/requirements-cp312-linux-x86_64.lock (line 12))
2026-10-04T11:43:51.6141625Z   Downloading plotly-7.1.0-py3-none-any.whl (9.7 MB)
2026-10-04T11:43:51.6428092Z      ━━━━━━━━━━━━━━━━━━━━━━━━━━━━━━━━━━━━━━━━ 9.7/9.7 MB 363.0 MB/s  0:00:00
2026-10-04T11:43:51.7441332Z Collecting pyarrow==25.0.1 (from -r config/sandbox/requirements-cp312-linux-x86_64.lock (line 13))
2026-10-04T11:43:51.7633911Z   Downloading pyarrow-25.0.1-cp312-cp312-manylinux_2_28_x86_64.whl (50.1 MB)
2026-10-04T11:43:52.3663452Z      ━━━━━━━━━━━━━━━━━━━━━━━━━━━━━━━━━━━━━━━━ 50.1/50.1 MB 83.0 MB/s  0:00:00
2026-10-04T11:43:52.4342368Z Collecting pyluach==2.3.0 (from -r config/sandbox/requirements-cp312-linux-x86_64.lock (line 14))
2026-10-04T11:43:52.4563062Z   Downloading pyluach-2.3.0-py3-none-any.whl (25 kB)
2026-10-04T11:43:52.4808426Z Collecting python-dateutil==2.9.0.post0 (from -r config/sandbox/requirements-cp312-linux-x86_64.lock (line 15))
2026-10-04T11:43:52.4999184Z   Downloading python_dateutil-2.9.0.post0-py2.py3-none-any.whl (229 kB)
2026-10-04T11:43:52.5335709Z Collecting referencing==0.37.0 (from -r config/sandbox/requirements-cp312-linux-x86_64.lock (line 16))
2026-10-04T11:43:52.5525772Z   Downloading referencing-0.37.0-py3-none-any.whl (26 kB)
2026-10-04T11:43:52.8111314Z Collecting rpds-py==2026.6.3 (from -r config/sandbox/requirements-cp312-linux-x86_64.lock (line 17))
2026-10-04T11:43:52.8305393Z   Downloading rpds_py-2026.6.3-cp312-cp312-manylinux_2_17_x86_64.manylinux2014_x86_64.whl (366 kB)
2026-10-04T11:43:52.8581762Z Collecting six==1.17.0 (from -r config/sandbox/requirements-cp312-linux-x86_64.lock (line 18))
2026-10-04T11:43:52.8771736Z   Downloading six-1.17.0-py2.py3-none-any.whl (11 kB)
2026-10-04T11:43:52.9029123Z Collecting toolz==1.1.0 (from -r config/sandbox/requirements-cp312-linux-x86_64.lock (line 19))
2026-10-04T11:43:52.9220305Z   Downloading toolz-1.1.0-py3-none-any.whl (58 kB)
2026-10-04T11:43:52.9516217Z Collecting typing-extensions==4.16.0 (from -r config/sandbox/requirements-cp312-linux-x86_64.lock (line 20))
2026-10-04T11:43:52.9705862Z   Downloading typing_extensions-4.16.0-py3-none-any.whl (45 kB)
2026-10-04T11:43:52.9980478Z Collecting tzdata==2026.4 (from -r config/sandbox/requirements-cp312-linux-x86_64.lock (line 21))
2026-10-04T11:43:53.0173595Z   Downloading tzdata-2026.4-py2.py3-none-any.whl (347 kB)
2026-10-04T11:43:53.1169033Z Installing collected packages: tzdata, typing-extensions, toolz, six, rpds-py, pyluach, pyarrow, pip, packaging, numpy, narwhals, korean-lunar-calendar, attrs, referencing, python-dateutil, plotly, pandas, jsonschema-specifications, jsonschema, exchange-calendars
2026-10-04T11:43:54.5736398Z   Attempting uninstall: pip
2026-10-04T11:43:54.5756425Z     Found existing installation: pip 26.2.1
2026-10-04T11:43:54.6340745Z     Uninstalling pip-26.2.1:
2026-10-04T11:43:54.6404066Z       Successfully uninstalled pip-26.2.1
2026-10-04T11:44:07.0154892Z 
2026-10-04T11:44:07.0176841Z Successfully installed attrs-26.1.0 exchange-calendars-4.13.2 jsonschema-4.26.0 jsonschema-specifications-2025.9.1 korean-lunar-calendar-0.4.0 narwhals-2.26.0 numpy-2.4.6 packaging-26.3 pandas-3.0.6 pip-25.0.1 plotly-7.1.0 pyarrow-25.0.1 pyluach-2.3.0 python-dateutil-2.9.0.post0 referencing-0.37.0 rpds-py-2026.6.3 six-1.17.0 toolz-1.1.0 typing-extensions-4.16.0 tzdata-2026.4
2026-10-04T11:44:07.5876668Z Collecting requests
2026-10-04T11:44:07.6626373Z   Downloading requests-2.34.2-py3-none-any.whl.metadata (4.8 kB)
2026-10-04T11:44:07.6957502Z Collecting beautifulsoup4
2026-10-04T11:44:07.7148883Z   Downloading beautifulsoup4-4.15.0-py3-none-any.whl.metadata (3.8 kB)
2026-10-04T11:44:07.9883630Z Collecting lxml
2026-10-04T11:44:08.0076462Z   Downloading lxml-6.1.3-cp312-cp312-manylinux_2_26_x86_64.manylinux_2_28_x86_64.whl.metadata (3.3 kB)
2026-10-04T11:44:08.0534682Z Collecting pytest
2026-10-04T11:44:08.0735861Z   Downloading pytest-9.1.1-py3-none-any.whl.metadata (7.6 kB)
2026-10-04T11:44:08.1180592Z Collecting pyyaml
2026-10-04T11:44:08.1372600Z   Downloading pyyaml-6.0.3-cp312-cp312-manylinux2014_x86_64.manylinux_2_17_x86_64.manylinux_2_28_x86_64.whl.metadata (2.4 kB)
2026-10-04T11:44:08.2539868Z Collecting charset_normalizer<4,>=2 (from requests)
2026-10-04T11:44:08.2734058Z   Downloading charset_normalizer-3.5.2-cp312-cp312-manylinux2014_x86_64.manylinux_2_17_x86_64.manylinux_2_28_x86_64.whl.metadata (46 kB)
2026-10-04T11:44:08.3227495Z Collecting idna<4,>=2.5 (from requests)
2026-10-04T11:44:08.3415872Z   Downloading idna-3.20-py3-none-any.whl.metadata (7.2 kB)
2026-10-04T11:44:08.3813746Z Collecting urllib3<3,>=1.26 (from requests)
2026-10-04T11:44:08.4004434Z   Downloading urllib3-2.8.0-py3-none-any.whl.metadata (7.4 kB)
2026-10-04T11:44:08.4344901Z Collecting certifi>=2023.5.7 (from requests)
2026-10-04T11:44:08.4535758Z   Downloading certifi-2026.7.22-py3-none-any.whl.metadata (2.5 kB)
2026-10-04T11:44:08.4866725Z Collecting soupsieve>=1.6.1 (from beautifulsoup4)
2026-10-04T11:44:08.5055948Z   Downloading soupsieve-2.10-py3-none-any.whl.metadata (4.4 kB)
2026-10-04T11:44:08.5089710Z Requirement already satisfied: typing-extensions>=4.0.0 in /opt/hostedtoolcache/Python/3.12.14/x64/lib/python3.12/site-packages (from beautifulsoup4) (4.16.0)
2026-10-04T11:44:08.5323711Z Collecting iniconfig>=1.0.1 (from pytest)
2026-10-04T11:44:08.5514317Z   Downloading iniconfig-2.3.0-py3-none-any.whl.metadata (2.5 kB)
2026-10-04T11:44:08.5547958Z Requirement already satisfied: packaging>=22 in /opt/hostedtoolcache/Python/3.12.14/x64/lib/python3.12/site-packages (from pytest) (26.3)
2026-10-04T11:44:08.5792221Z Collecting pluggy<2,>=1.5 (from pytest)
2026-10-04T11:44:08.5983843Z   Downloading pluggy-1.6.0-py3-none-any.whl.metadata (4.8 kB)
2026-10-04T11:44:08.6324178Z Collecting pygments>=2.7.2 (from pytest)
2026-10-04T11:44:08.6514998Z   Downloading pygments-2.21.0-py3-none-any.whl.metadata (2.5 kB)
2026-10-04T11:44:08.6793007Z Downloading requests-2.34.2-py3-none-any.whl (73 kB)
2026-10-04T11:44:08.7048949Z Downloading beautifulsoup4-4.15.0-py3-none-any.whl (109 kB)
2026-10-04T11:44:08.7305831Z Downloading lxml-6.1.3-cp312-cp312-manylinux_2_26_x86_64.manylinux_2_28_x86_64.whl (5.2 MB)
2026-10-04T11:44:08.8753606Z    ━━━━━━━━━━━━━━━━━━━━━━━━━━━━━━━━━━━━━━━━ 5.2/5.2 MB 40.6 MB/s eta 0:00:00
2026-10-04T11:44:08.8944461Z Downloading pytest-9.1.1-py3-none-any.whl (386 kB)
2026-10-04T11:44:08.9159299Z Downloading pyyaml-6.0.3-cp312-cp312-manylinux2014_x86_64.manylinux_2_17_x86_64.manylinux_2_28_x86_64.whl (807 kB)
2026-10-04T11:44:08.9216339Z    ━━━━━━━━━━━━━━━━━━━━━━━━━━━━━━━━━━━━━━━ 807.9/807.9 kB 180.5 MB/s eta 0:00:00
2026-10-04T11:44:08.9408665Z Downloading certifi-2026.7.22-py3-none-any.whl (136 kB)
2026-10-04T11:44:08.9620553Z Downloading charset_normalizer-3.5.2-cp312-cp312-manylinux2014_x86_64.manylinux_2_17_x86_64.manylinux_2_28_x86_64.whl (257 kB)
2026-10-04T11:44:08.9830899Z Downloading idna-3.20-py3-none-any.whl (69 kB)
2026-10-04T11:44:09.0038665Z Downloading iniconfig-2.3.0-py3-none-any.whl (7.5 kB)
2026-10-04T11:44:09.0253724Z Downloading pluggy-1.6.0-py3-none-any.whl (20 kB)
2026-10-04T11:44:09.0462876Z Downloading pygments-2.21.0-py3-none-any.whl (1.3 MB)
2026-10-04T11:44:09.0524846Z    ━━━━━━━━━━━━━━━━━━━━━━━━━━━━━━━━━━━━━━━━ 1.3/1.3 MB 253.6 MB/s eta 0:00:00
2026-10-04T11:44:09.0713135Z Downloading soupsieve-2.10-py3-none-any.whl (38 kB)
2026-10-04T11:44:09.0921174Z Downloading urllib3-2.8.0-py3-none-any.whl (135 kB)
2026-10-04T11:44:09.1628662Z Installing collected packages: urllib3, soupsieve, pyyaml, pygments, pluggy, lxml, iniconfig, idna, charset_normalizer, certifi, requests, pytest, beautifulsoup4
2026-10-04T11:44:10.6734962Z Successfully installed beautifulsoup4-4.15.0 certifi-2026.7.22 charset_normalizer-3.5.2 idna-3.20 iniconfig-2.3.0 lxml-6.1.3 pluggy-1.6.0 pygments-2.21.0 pytest-9.1.1 pyyaml-6.0.3 requests-2.34.2 soupsieve-2.10 urllib3-2.8.0
2026-10-04T11:44:10.6986953Z 
2026-10-04T11:44:10.6987359Z [notice] A new release of pip is available: 25.0.1 -> 26.2.1
2026-10-04T11:44:10.6987989Z [notice] To update, run: pip install --upgrade pip
2026-10-04T11:44:10.7698338Z ##[group]Run for test_file in tests/test_legacy_dart_parser.py tests/test_legacy_backfill_resume.py tests/test_legacy_backfill_automation.py tests/test_legacy_source_evidence.py tests/test_legacy_document_quality.py; do
2026-10-04T11:44:10.7699815Z [36;1mfor test_file in tests/test_legacy_dart_parser.py tests/test_legacy_backfill_resume.py tests/test_legacy_backfill_automation.py tests/test_legacy_source_evidence.py tests/test_legacy_document_quality.py; do[0m
2026-10-04T11:44:10.7701085Z [36;1m  timeout -k 5s 60s python -u -m pytest "$test_file" -vv -s -o faulthandler_timeout=15 || exit $?[0m
2026-10-04T11:44:10.7701599Z [36;1mdone[0m
2026-10-04T11:44:10.7701937Z [36;1mtimeout -k 5s 30s python -u scripts/test_legacy_no_metrics_recovery.py[0m
2026-10-04T11:44:10.7702426Z [36;1mtimeout -k 5s 30s python -u scripts/test_legacy_document_quality.py[0m
2026-10-04T11:44:10.7702885Z [36;1mtimeout -k 5s 30s python -u scripts/test_legacy_viewer_sections.py[0m
2026-10-04T11:44:10.7703390Z [36;1mtimeout -k 5s 30s python -u scripts/test_legacy_viewer_source.py[0m
2026-10-04T11:44:10.7704094Z [36;1mtimeout -k 5s 30s python -u scripts/replay_legacy_viewer_sources.py --output-dir "$RUNNER_TEMP/legacy-viewer-source-replay"[0m
2026-10-04T11:44:10.7704942Z [36;1mtimeout -k 5s 60s python -u scripts/recheck_legacy_primary_audit.py --output-dir "$RUNNER_TEMP/legacy-primary-72-recheck"[0m
2026-10-04T11:44:10.7705571Z [36;1mtimeout -k 5s 30s python -u scripts/test_legacy_schedule_gate.py[0m
2026-10-04T11:44:10.7778028Z shell: /usr/bin/bash -e {0}
2026-10-04T11:44:10.7778289Z env:
2026-10-04T11:44:10.7778566Z   pythonLocation: /opt/hostedtoolcache/Python/3.12.14/x64
2026-10-04T11:44:10.7779007Z   PKG_CONFIG_PATH: /opt/hostedtoolcache/Python/3.12.14/x64/lib/pkgconfig
2026-10-04T11:44:10.7779427Z   Python_ROOT_DIR: /opt/hostedtoolcache/Python/3.12.14/x64
2026-10-04T11:44:10.7779794Z   Python2_ROOT_DIR: /opt/hostedtoolcache/Python/3.12.14/x64
2026-10-04T11:44:10.7780356Z   Python3_ROOT_DIR: /opt/hostedtoolcache/Python/3.12.14/x64
2026-10-04T11:44:10.7780731Z   LD_LIBRARY_PATH: /opt/hostedtoolcache/Python/3.12.14/x64/lib
2026-10-04T11:44:10.7781052Z ##[endgroup]
2026-10-04T11:44:11.0395692Z ============================= test session starts ==============================
2026-10-04T11:44:11.0398619Z platform linux -- Python 3.12.14, pytest-9.1.1, pluggy-1.6.0 -- /opt/hostedtoolcache/Python/3.12.14/x64/bin/python
2026-10-04T11:44:11.0399666Z cachedir: .pytest_cache
2026-10-04T11:44:11.0400288Z rootdir: /home/runner/work/quant-marcap-runner/quant-marcap-runner
2026-10-04T11:44:11.6775829Z collecting ... collected 19 items
2026-10-04T11:44:11.6780075Z 
2026-10-04T11:44:11.6790277Z tests/test_legacy_dart_parser.py::test_legacy_negative_symbols PASSED
2026-10-04T11:44:11.6812311Z tests/test_legacy_dart_parser.py::test_loss_label_normalizes_positive_magnitude PASSED
2026-10-04T11:44:11.6817290Z tests/test_legacy_dart_parser.py::test_parser_version_requires_reprocessing PASSED
2026-10-04T11:44:11.6824054Z tests/test_legacy_dart_parser.py::test_ambiguous_or_missing_numeric_cells_are_not_invented_amounts[751,637 22,35416,940] PASSED
2026-10-04T11:44:11.6829696Z tests/test_legacy_dart_parser.py::test_ambiguous_or_missing_numeric_cells_are_not_invented_amounts[670,000200,0001,500,000] PASSED
2026-10-04T11:44:11.6835216Z tests/test_legacy_dart_parser.py::test_ambiguous_or_missing_numeric_cells_are_not_invented_amounts[83 15,787 13,418 100] PASSED
2026-10-04T11:44:11.6840461Z tests/test_legacy_dart_parser.py::test_ambiguous_or_missing_numeric_cells_are_not_invented_amounts[12,34] PASSED
2026-10-04T11:44:11.6845993Z tests/test_legacy_dart_parser.py::test_ambiguous_or_missing_numeric_cells_are_not_invented_amounts[1.5%] PASSED
2026-10-04T11:44:11.6851589Z tests/test_legacy_dart_parser.py::test_ambiguous_or_missing_numeric_cells_are_not_invented_amounts[1 (\uc8fc2)] PASSED
2026-10-04T11:44:11.6856841Z tests/test_legacy_dart_parser.py::test_ambiguous_or_missing_numeric_cells_are_not_invented_amounts[-] PASSED
2026-10-04T11:44:11.6862452Z tests/test_legacy_dart_parser.py::test_ambiguous_or_missing_numeric_cells_are_not_invented_amounts[\u2014] PASSED
2026-10-04T11:44:11.6867463Z tests/test_legacy_dart_parser.py::test_ambiguous_or_missing_numeric_cells_are_not_invented_amounts[\u2013] PASSED
2026-10-04T11:44:11.6899472Z tests/test_legacy_dart_parser.py::test_real_source_combined_annual_summary_is_not_current_quarter_income PASSED
2026-10-04T11:44:11.6904781Z tests/test_legacy_dart_parser.py::test_explicit_valid_amounts_and_zero_remain_supported PASSED
2026-10-04T11:44:11.6923075Z tests/test_legacy_dart_parser.py::test_unknown_statement_and_partial_alias_do_not_become_financial_metrics PASSED
2026-10-04T11:44:11.6934716Z tests/test_legacy_dart_parser.py::test_nonfinite_scaled_value_cannot_be_usable_money PASSED
2026-10-04T11:44:11.6942111Z tests/test_legacy_dart_parser.py::test_parentheses_and_negative_sign_do_not_double_flip[(-1,170,019,230)--1170019230] PASSED
2026-10-04T11:44:11.6949011Z tests/test_legacy_dart_parser.py::test_parentheses_and_negative_sign_do_not_double_flip[(-482,479,885)--482479885] PASSED
2026-10-04T11:44:11.6962139Z tests/test_legacy_dart_parser.py::test_parentheses_and_negative_sign_do_not_double_flip[(\u25b362,175,514)--62175514] PASSED
2026-10-04T11:44:11.6962925Z 
2026-10-04T11:44:11.6963352Z ============================== 19 passed in 0.66s ==============================
2026-10-04T11:44:11.9725310Z ============================= test session starts ==============================
2026-10-04T11:44:11.9728161Z platform linux -- Python 3.12.14, pytest-9.1.1, pluggy-1.6.0 -- /opt/hostedtoolcache/Python/3.12.14/x64/bin/python
2026-10-04T11:44:11.9729036Z cachedir: .pytest_cache
2026-10-04T11:44:11.9729576Z rootdir: /home/runner/work/quant-marcap-runner/quant-marcap-runner
2026-10-04T11:44:12.4292451Z collecting ... collected 22 items
2026-10-04T11:44:12.4296586Z 
2026-10-04T11:44:12.4585630Z tests/test_legacy_backfill_resume.py::test_checkpoint_survives_interruption_and_resume_skips_durable_receipt legacy checkpoint: 1 receipts persisted
2026-10-04T11:44:12.4951190Z legacy checkpoint: 1 receipts persisted
2026-10-04T11:44:12.5073102Z legacy checkpoint: 2 receipts persisted
2026-10-04T11:44:12.5174171Z PASSED
2026-10-04T11:44:12.5242362Z tests/test_legacy_backfill_resume.py::test_data_publication_failure_never_marks_receipt_complete PASSED
2026-10-04T11:44:12.5362820Z tests/test_legacy_backfill_resume.py::test_state_cannot_skip_missing_or_mismatched_normalized_data[missing_file] PASSED
2026-10-04T11:44:12.5566619Z tests/test_legacy_backfill_resume.py::test_state_cannot_skip_missing_or_mismatched_normalized_data[wrong_hash] PASSED
2026-10-04T11:44:12.5749222Z tests/test_legacy_backfill_resume.py::test_state_cannot_skip_missing_or_mismatched_normalized_data[wrong_row_count] PASSED
2026-10-04T11:44:12.6147908Z tests/test_legacy_backfill_resume.py::test_parser_version_resume_keeps_old_observations_and_does_not_reparse_current legacy checkpoint: 1 receipts persisted
2026-10-04T11:44:12.6167773Z PASSED
2026-10-04T11:44:12.6176832Z tests/test_legacy_backfill_resume.py::test_rate_limit_stops_replenishment_and_flushes_completed_work PASSED
2026-10-04T11:44:12.6196962Z tests/test_legacy_backfill_resume.py::test_request_budget_counts_every_attempt_and_deferred_is_not_source_gap PASSED
2026-10-04T11:44:12.6206051Z tests/test_legacy_backfill_resume.py::test_deadline_and_signal_stop_have_no_new_requests_and_flush_work PASSED
2026-10-04T11:44:12.6320195Z tests/test_legacy_backfill_resume.py::test_error_retry_quarantine_does_not_starve_other_receipts legacy checkpoint: 1 receipts persisted
2026-10-04T11:44:12.6453535Z legacy checkpoint: 1 receipts persisted
2026-10-04T11:44:12.6582210Z legacy checkpoint: 1 receipts persisted
2026-10-04T11:44:12.6977251Z PASSED
2026-10-04T11:44:12.7134896Z tests/test_legacy_backfill_resume.py::test_retry_count_survives_state_migration_and_mixed_empty_attempts legacy checkpoint: 1 receipts persisted
2026-10-04T11:44:12.7270271Z legacy checkpoint: 1 receipts persisted
2026-10-04T11:44:12.7405030Z legacy checkpoint: 1 receipts persisted
2026-10-04T11:44:12.7496846Z PASSED
2026-10-04T11:44:12.7548484Z tests/test_legacy_backfill_resume.py::test_index_data_is_published_before_ok_state PASSED
2026-10-04T11:44:12.8271442Z tests/test_legacy_backfill_resume.py::test_collection_complete_requires_independent_audit_and_noop_preserves_bytes PASSED
2026-10-04T11:44:12.8277050Z tests/test_legacy_backfill_resume.py::test_error_diagnostics_never_persist_api_key PASSED
2026-10-04T11:44:12.8291618Z tests/test_legacy_backfill_resume.py::test_missing_key_does_not_overwrite_progress PASSED
2026-10-04T11:44:12.8351360Z tests/test_legacy_backfill_resume.py::test_index_rate_limit_blocks_following_document_requests PASSED
2026-10-04T11:44:12.8370713Z tests/test_legacy_backfill_resume.py::test_authentication_failure_stops_without_classifying_source_as_missing PASSED
2026-10-04T11:44:13.9116025Z tests/test_legacy_backfill_resume.py::test_real_saved_index_noop_preserves_mapped_queue_and_leading_zero_codes PASSED
2026-10-04T11:44:13.9292276Z tests/test_legacy_backfill_resume.py::test_append_preserves_all_old_numeric_tokens_and_missing_strings_verbatim PASSED
2026-10-04T11:44:13.9487196Z tests/test_legacy_backfill_resume.py::test_numeric_parser_change_preserves_transport_only_no_document_state legacy checkpoint: 1 receipts persisted
2026-10-04T11:44:13.9851970Z PASSED
2026-10-04T11:44:13.9954245Z tests/test_legacy_backfill_resume.py::test_source_adapter_change_invalidates_previous_no_document_result PASSED
2026-10-04T11:44:14.0210490Z tests/test_legacy_backfill_resume.py::test_initial_coverage_without_state_does_not_invent_completed_receipts PASSED
2026-10-04T11:44:14.0211489Z 
2026-10-04T11:44:14.0211811Z ============================== 22 passed in 2.05s ==============================
2026-10-04T11:44:14.2977462Z ============================= test session starts ==============================
2026-10-04T11:44:14.2979486Z platform linux -- Python 3.12.14, pytest-9.1.1, pluggy-1.6.0 -- /opt/hostedtoolcache/Python/3.12.14/x64/bin/python
2026-10-04T11:44:14.2980753Z cachedir: .pytest_cache
2026-10-04T11:44:14.2981176Z rootdir: /home/runner/work/quant-marcap-runner/quant-marcap-runner
2026-10-04T11:44:14.7530633Z collecting ... collected 8 items
2026-10-04T11:44:14.7534844Z 
2026-10-04T11:44:14.7601370Z tests/test_legacy_backfill_automation.py::test_daily_wrapper_uses_whole_index_and_generic_checkpoint PASSED
2026-10-04T11:44:14.7663858Z tests/test_legacy_backfill_automation.py::test_legacy_runs_first_and_rate_limit_blocks_modern_calls                      mode  modern_run_tasks  modern_skipped  legacy_rate_limited                   updated_at_utc
2026-10-04T11:44:14.7665584Z SUPER_VALUE_FAST_BACKFILL                 0            True                 True 2026-10-04T11:44:14.760793+00:00
2026-10-04T11:44:14.7681608Z PASSED
2026-10-04T11:44:14.7688502Z tests/test_legacy_backfill_automation.py::test_zero_legacy_limit_makes_no_api_or_index_calls PASSED
2026-10-04T11:44:14.7865921Z tests/test_legacy_backfill_automation.py::test_scheduled_and_manual_writers_share_lock_without_cancellation PASSED
2026-10-04T11:44:14.7931443Z tests/test_legacy_backfill_automation.py::test_extra_batches_gate_all_api_and_publish_steps_and_skip_modern PASSED
2026-10-04T11:44:14.7997809Z tests/test_legacy_backfill_automation.py::test_workflow_saves_checkpoint_after_failure_and_has_time_to_publish[backfill-super-value-fast.yml] PASSED
2026-10-04T11:44:14.8048003Z tests/test_legacy_backfill_automation.py::test_workflow_saves_checkpoint_after_failure_and_has_time_to_publish[backfill-dart-legacy-2000-2014.yml] PASSED
2026-10-04T11:44:14.8169193Z tests/test_legacy_backfill_automation.py::test_source_capture_reuses_existing_audit_workflow_without_new_schedule PASSED
2026-10-04T11:44:14.8170288Z 
2026-10-04T11:44:14.8170776Z ============================== 8 passed in 0.52s ===============================
2026-10-04T11:44:15.1082529Z ============================= test session starts ==============================
2026-10-04T11:44:15.1086169Z platform linux -- Python 3.12.14, pytest-9.1.1, pluggy-1.6.0 -- /opt/hostedtoolcache/Python/3.12.14/x64/bin/python
2026-10-04T11:44:15.1087055Z cachedir: .pytest_cache
2026-10-04T11:44:15.1087596Z rootdir: /home/runner/work/quant-marcap-runner/quant-marcap-runner
2026-10-04T11:44:15.5520103Z collecting ... collected 7 items
2026-10-04T11:44:15.5524165Z 
2026-10-04T11:44:15.5835196Z tests/test_legacy_source_evidence.py::test_literal_source_spans_preserve_native_tags_heading_unit_and_column_order PASSED
2026-10-04T11:44:15.5844609Z tests/test_legacy_source_evidence.py::test_excerpt_budget_marks_clipping_without_changing_source PASSED
2026-10-04T11:44:15.5851729Z tests/test_legacy_source_evidence.py::test_non_html_document_still_preserves_inspectable_literal_evidence PASSED
2026-10-04T11:44:15.5876745Z tests/test_legacy_source_evidence.py::test_probe_api_014_and_viewer_403_do_not_certify_source_absence PASSED
2026-10-04T11:44:15.5887112Z tests/test_legacy_source_evidence.py::test_rate_limit_stops_public_probe_too PASSED
2026-10-04T11:44:15.6051601Z tests/test_legacy_source_evidence.py::test_same_parser_reparse_success_cannot_certify_financial_correctness PASSED
2026-10-04T11:44:15.6076864Z tests/test_legacy_source_evidence.py::test_corrupt_normalized_data_is_an_explicit_audit_failure PASSED
2026-10-04T11:44:15.6077831Z 
2026-10-04T11:44:15.6078535Z ============================== 7 passed in 0.50s ===============================
2026-10-04T11:44:15.8981309Z ============================= test session starts ==============================
2026-10-04T11:44:15.8983316Z platform linux -- Python 3.12.14, pytest-9.1.1, pluggy-1.6.0 -- /opt/hostedtoolcache/Python/3.12.14/x64/bin/python
2026-10-04T11:44:15.8984193Z cachedir: .pytest_cache
2026-10-04T11:44:15.8985021Z rootdir: /home/runner/work/quant-marcap-runner/quant-marcap-runner
2026-10-04T11:44:16.3224161Z collecting ... collected 7 items
2026-10-04T11:44:16.3228296Z 
2026-10-04T11:44:16.3257434Z tests/test_legacy_document_quality.py::test_broken_source_cannot_be_recorded_as_no_metrics PASSED
2026-10-04T11:44:16.3268481Z tests/test_legacy_document_quality.py::test_valid_absent_metric_keeps_distinct_status PASSED
2026-10-04T11:44:16.3458823Z tests/test_legacy_document_quality.py::test_truncated_source_cannot_publish_tolerantly_parsed_amounts PASSED
2026-10-04T11:44:17.2996597Z tests/test_legacy_document_quality.py::test_five_actual_no_metrics_sources_are_source_gaps_and_archives_match_checkpoints PASSED
2026-10-04T11:44:17.3111171Z tests/test_legacy_document_quality.py::test_valid_existing_normal_amount_and_parser_version_are_preserved PASSED
2026-10-04T11:44:17.3130266Z tests/test_legacy_document_quality.py::test_source_gap_is_quarantined_without_infinite_retries PASSED
2026-10-04T11:44:17.3318040Z tests/test_legacy_document_quality.py::test_real_native_archives_reproduce_source_gaps PASSED
2026-10-04T11:44:17.3318648Z 
2026-10-04T11:44:17.3318876Z =============================== warnings summary ===============================
2026-10-04T11:44:17.3319856Z tests/test_legacy_document_quality.py::test_five_actual_no_metrics_sources_are_source_gaps_and_archives_match_checkpoints
2026-10-04T11:44:17.3322132Z   /home/runner/work/quant-marcap-runner/quant-marcap-runner/scripts/backfill_dart_legacy_2000_2014.py:556: XMLParsedAsHTMLWarning: It looks like you're using an HTML parser to parse an XML document.
2026-10-04T11:44:17.3323388Z   
2026-10-04T11:44:17.3324805Z   Assuming this really is an XML document, what you're doing might work, but you should know that using an XML parser will be more reliable. To parse this document as XML, make sure you have the Python package 'lxml' installed, and pass the keyword argument `features="xml"` into the BeautifulSoup constructor.
2026-10-04T11:44:17.3325897Z   
2026-10-04T11:44:17.3326535Z   If you want or need to use an HTML parser on this document, you can make this warning go away by filtering it. To do that, run this code before calling the BeautifulSoup constructor:
2026-10-04T11:44:17.3327233Z   
2026-10-04T11:44:17.3327448Z       from bs4 import XMLParsedAsHTMLWarning
2026-10-04T11:44:17.3327907Z       import warnings
2026-10-04T11:44:17.3328153Z   
2026-10-04T11:44:17.3328466Z       warnings.filterwarnings("ignore", category=XMLParsedAsHTMLWarning)
2026-10-04T11:44:17.3328837Z   
2026-10-04T11:44:17.3329043Z     soup = BeautifulSoup(text, "lxml")
2026-10-04T11:44:17.3329230Z 
2026-10-04T11:44:17.3329467Z -- Docs: https://docs.pytest.org/en/stable/how-to/capture-warnings.html
2026-10-04T11:44:17.3330104Z ========================= 7 passed, 1 warning in 1.43s =========================
2026-10-04T11:44:18.1209018Z test_changed_native_archive_cannot_recover_or_publish (__main__.RecoveryTests.test_changed_native_archive_cannot_recover_or_publish) ... ok
2026-10-04T11:44:18.1212136Z test_missing_viewer_date_is_not_inferred_from_receipt (__main__.RecoveryTests.test_missing_viewer_date_is_not_inferred_from_receipt) ... ok
2026-10-04T11:44:19.8464592Z test_real_five_receipt_checkpoint_resume_skips_duplicates (__main__.RecoveryTests.test_real_five_receipt_checkpoint_resume_skips_duplicates) ... ok
2026-10-04T11:44:19.8466173Z test_visible_date_does_not_certify_original_or_correction_chain (__main__.RecoveryTests.test_visible_date_does_not_certify_original_or_correction_chain) ... ok
2026-10-04T11:44:19.8467026Z 
2026-10-04T11:44:19.8467244Z ----------------------------------------------------------------------
2026-10-04T11:44:19.8467710Z Ran 4 tests in 2.281s
2026-10-04T11:44:19.8467902Z 
2026-10-04T11:44:19.8468013Z OK
2026-10-04T11:44:19.9278969Z test_actual_absent_consolidated_scope_is_not_recovered_from_ofs (__main__.QualityTests.test_actual_absent_consolidated_scope_is_not_recovered_from_ofs) ... ok
2026-10-04T11:44:19.9280587Z test_clean_absent_item_remains_no_metrics (__main__.QualityTests.test_clean_absent_item_remains_no_metrics) ... ok
2026-10-04T11:44:19.9281864Z test_invalid_declared_encoding_is_explicit_gap (__main__.QualityTests.test_invalid_declared_encoding_is_explicit_gap) ... ok
2026-10-04T11:44:19.9283400Z test_replacement_characters_are_unrecoverable_source_damage (__main__.QualityTests.test_replacement_characters_are_unrecoverable_source_damage) ... ok
2026-10-04T11:44:19.9284835Z test_truncated_source_is_not_item_absence (__main__.QualityTests.test_truncated_source_is_not_item_absence) ... ok
2026-10-04T11:44:19.9286078Z test_valid_financial_source_is_not_quarantined (__main__.QualityTests.test_valid_financial_source_is_not_quarantined) ... ok
2026-10-04T11:44:19.9286815Z 
2026-10-04T11:44:19.9287040Z ----------------------------------------------------------------------
2026-10-04T11:44:19.9287561Z Ran 6 tests in 0.014s
2026-10-04T11:44:19.9287768Z 
2026-10-04T11:44:19.9287884Z OK
2026-10-04T11:44:20.1422293Z test_body_limit_and_request_deadline_bound_reads (__main__.ViewerEvidenceTests.test_body_limit_and_request_deadline_bound_reads) ... ok
2026-10-04T11:44:20.1437184Z test_mismatched_receipt_url_and_duplicate_route_are_rejected (__main__.ViewerEvidenceTests.test_mismatched_receipt_url_and_duplicate_route_are_rejected) ... ok
2026-10-04T11:44:20.1451705Z test_publication_failure_cannot_leave_complete_report (__main__.ViewerEvidenceTests.test_publication_failure_cannot_leave_complete_report) ... ok
2026-10-04T11:44:20.1481167Z viewer section 20010103000052/3618: HTTP_RESPONSE_CAPTURED HTTP=200 audit=NOT_RUN
2026-10-04T11:44:20.1488546Z test_raw_bytes_precede_report_and_second_run_is_noop (__main__.ViewerEvidenceTests.test_raw_bytes_precede_report_and_second_run_is_noop) ... ok
2026-10-04T11:44:20.1495681Z test_real_artifact_supplies_twelve_routes_without_reinventing_offsets (__main__.ViewerEvidenceTests.test_real_artifact_supplies_twelve_routes_without_reinventing_offsets) ... ok
2026-10-04T11:44:20.1512547Z viewer section 20010103000052/3618: HTTP_RESPONSE_CAPTURED HTTP=403 audit=NOT_RUN
2026-10-04T11:44:20.1518101Z test_redirect_is_not_followed_and_http_error_is_source_evidence_only (__main__.ViewerEvidenceTests.test_redirect_is_not_followed_and_http_error_is_source_evidence_only) ... ok
2026-10-04T11:44:20.1533960Z viewer section 20010103000052/3618: HTTP_RESPONSE_CAPTURED HTTP=200 audit=NOT_RUN
2026-10-04T11:44:20.1538232Z viewer section 20010103000052/10627: DEFERRED HTTP=None audit=NOT_RUN
2026-10-04T11:44:20.1543883Z test_request_budget_never_submits_additional_calls (__main__.ViewerEvidenceTests.test_request_budget_never_submits_additional_calls) ... ok
2026-10-04T11:44:20.1556062Z viewer section 20010103000052/3618: TRANSPORT_ERROR HTTP=None audit=NOT_RUN
2026-10-04T11:44:20.1562181Z test_transport_failure_stops_and_is_not_automatically_retried (__main__.ViewerEvidenceTests.test_transport_failure_stops_and_is_not_automatically_retried) ... ok
2026-10-04T11:44:20.1562815Z 
2026-10-04T11:44:20.1562982Z ----------------------------------------------------------------------
2026-10-04T11:44:20.1563338Z Ran 8 tests in 0.015s
2026-10-04T11:44:20.1563485Z 
2026-10-04T11:44:20.1563565Z OK
2026-10-04T11:44:20.2471305Z test_ambiguous_parentheses_do_not_guess_sign (__main__.ViewerGuardTests.test_ambiguous_parentheses_do_not_guess_sign) ... ok
2026-10-04T11:44:20.2483027Z test_annual_flow_is_not_quarter_even_if_end_matches (__main__.ViewerGuardTests.test_annual_flow_is_not_quarter_even_if_end_matches) ... ok
2026-10-04T11:44:20.2494796Z test_br_empty_lines_are_preserved_without_concatenation (__main__.ViewerGuardTests.test_br_empty_lines_are_preserved_without_concatenation) ... ok
2026-10-04T11:44:20.2500062Z test_br_missing_line_is_not_shifted_or_padded (__main__.ViewerGuardTests.test_br_missing_line_is_not_shifted_or_padded) ... ok
2026-10-04T11:44:20.2510512Z test_colspan_group_requires_one_unambiguous_amount (__main__.ViewerGuardTests.test_colspan_group_requires_one_unambiguous_amount) ... ok
2026-10-04T11:44:20.2518653Z test_conflicting_units_and_future_table_unit_do_not_fill (__main__.ViewerGuardTests.test_conflicting_units_and_future_table_unit_do_not_fill) ... ok
2026-10-04T11:44:20.2522804Z test_contrary_statement_scope_cannot_inherit_ofs (__main__.ViewerGuardTests.test_contrary_statement_scope_cannot_inherit_ofs) ... ok
2026-10-04T11:44:20.2527986Z test_current_column_is_selected_after_previous_column (__main__.ViewerGuardTests.test_current_column_is_selected_after_previous_column) ... ok
2026-10-04T11:44:20.2538170Z test_current_term_or_date_mismatch_is_a_gap (__main__.ViewerGuardTests.test_current_term_or_date_mismatch_is_a_gap) ... ok
2026-10-04T11:44:20.2544422Z test_current_unit_date_are_not_inherited_by_following_table (__main__.ViewerGuardTests.test_current_unit_date_are_not_inherited_by_following_table) ... ok
2026-10-04T11:44:20.2568765Z test_daewoo_loss_note_group_requires_exact_one_current_token (__main__.ViewerGuardTests.test_daewoo_loss_note_group_requires_exact_one_current_token) ... ok
2026-10-04T11:44:20.2575416Z test_duplicate_current_alias_is_not_resolved_by_priority (__main__.ViewerGuardTests.test_duplicate_current_alias_is_not_resolved_by_priority) ... ok
2026-10-04T11:44:20.2583942Z test_explicit_per_share_tail_retains_prefix_empty_lines (__main__.ViewerGuardTests.test_explicit_per_share_tail_retains_prefix_empty_lines) ... ok
2026-10-04T11:44:20.2601564Z test_explicit_unit_multiplier (__main__.ViewerGuardTests.test_explicit_unit_multiplier) ... ok
2026-10-04T11:44:20.2606957Z test_explicit_zero_remains_a_source_observation (__main__.ViewerGuardTests.test_explicit_zero_remains_a_source_observation) ... ok
2026-10-04T11:44:20.2608103Z test_first_of_month_and_missing_scope_are_invalid_requests (__main__.ViewerGuardTests.test_first_of_month_and_missing_scope_are_invalid_requests) ... ok
2026-10-04T11:44:20.2616431Z test_generic_quarter_requires_source_date_range_proof (__main__.ViewerGuardTests.test_generic_quarter_requires_source_date_range_proof) ... ok
2026-10-04T11:44:20.2630453Z test_missing_blank_or_unsupported_unit_is_a_gap (__main__.ViewerGuardTests.test_missing_blank_or_unsupported_unit_is_a_gap) ... ok
2026-10-04T11:44:20.2652578Z test_missing_current_cell_never_falls_back_to_previous_value (__main__.ViewerGuardTests.test_missing_current_cell_never_falls_back_to_previous_value) ... ok
2026-10-04T11:44:20.2677800Z test_multiple_numeric_tokens_are_rejected (__main__.ViewerGuardTests.test_multiple_numeric_tokens_are_rejected) ... ok
2026-10-04T11:44:20.2845581Z test_native_archives_and_viewer_bodies_recover_exact_14_primary_sources (__main__.ViewerGuardTests.test_native_archives_and_viewer_bodies_recover_exact_14_primary_sources) ... ok
2026-10-04T11:44:20.2880601Z test_nested_tables_and_budget_overflow_are_gaps (__main__.ViewerGuardTests.test_nested_tables_and_budget_overflow_are_gaps) ... ok
2026-10-04T11:44:20.2882806Z test_non_200_or_unknown_encoding_is_a_gap (__main__.ViewerGuardTests.test_non_200_or_unknown_encoding_is_a_gap) ... ok
2026-10-04T11:44:20.2884311Z test_non_dart_or_mismatched_receipt_is_rejected (__main__.ViewerGuardTests.test_non_dart_or_mismatched_receipt_is_rejected) ... ok
2026-10-04T11:44:20.2890430Z test_note_column_cannot_be_a_numeric_amount (__main__.ViewerGuardTests.test_note_column_cannot_be_a_numeric_amount) ... ok
2026-10-04T11:44:20.2895678Z test_per_share_alignment_is_not_a_balance_sheet_rule (__main__.ViewerGuardTests.test_per_share_alignment_is_not_a_balance_sheet_rule) ... ok
2026-10-04T11:44:20.2901588Z test_per_share_boundary_must_follow_net_income (__main__.ViewerGuardTests.test_per_share_boundary_must_follow_net_income) ... ok
2026-10-04T11:44:20.2910643Z test_per_share_notes_do_not_bypass_period_scope_or_unit_guard (__main__.ViewerGuardTests.test_per_share_notes_do_not_bypass_period_scope_or_unit_guard) ... ok
2026-10-04T11:44:20.2916385Z test_per_share_tail_also_rejects_shifted_prior_column (__main__.ViewerGuardTests.test_per_share_tail_also_rejects_shifted_prior_column) ... ok
2026-10-04T11:44:20.2927386Z test_per_share_tail_amount_column_notes_are_not_financial_amounts (__main__.ViewerGuardTests.test_per_share_tail_amount_column_notes_are_not_financial_amounts) ... ok
2026-10-04T11:44:20.2945019Z test_per_share_tail_cannot_supply_missing_current_profit (__main__.ViewerGuardTests.test_per_share_tail_cannot_supply_missing_current_profit) ... ok
2026-10-04T11:44:20.2955595Z test_per_share_tail_does_not_repair_an_interior_missing_br (__main__.ViewerGuardTests.test_per_share_tail_does_not_repair_an_interior_missing_br) ... ok
2026-10-04T11:44:20.2961618Z test_per_share_tail_does_not_shift_amount_on_blank_account_line (__main__.ViewerGuardTests.test_per_share_tail_does_not_shift_amount_on_blank_account_line) ... ok
2026-10-04T11:44:20.2978210Z test_per_share_tail_rejects_unknown_or_additional_account_text (__main__.ViewerGuardTests.test_per_share_tail_rejects_unknown_or_additional_account_text) ... ok
2026-10-04T11:44:20.7695663Z test_primary_all_49_cells_and_12_bodies (__main__.ViewerGuardTests.test_primary_all_49_cells_and_12_bodies) ... ok
2026-10-04T11:44:20.7701043Z test_primary_body_sha_detects_corruption (__main__.ViewerGuardTests.test_primary_body_sha_detects_corruption) ... ok
2026-10-04T11:44:21.2379345Z test_primary_cfs_prior_annual_is_not_current_ofs (__main__.ViewerGuardTests.test_primary_cfs_prior_annual_is_not_current_ofs) ... ok
2026-10-04T11:44:21.7081140Z test_primary_five_previously_withheld_values_and_original_indices (__main__.ViewerGuardTests.test_primary_five_previously_withheld_values_and_original_indices) ... ok
2026-10-04T11:44:21.7088519Z test_primary_native_sha_chain_matches_preexisting_probe (__main__.ViewerGuardTests.test_primary_native_sha_chain_matches_preexisting_probe) ... ok
2026-10-04T11:44:22.1804011Z test_primary_previous_annual_ocf_never_becomes_current_quarter (__main__.ViewerGuardTests.test_primary_previous_annual_ocf_never_becomes_current_quarter) ... ok
2026-10-04T11:44:22.6525519Z test_primary_unknown_vitz_unit_cannot_inherit_later_cf_unit (__main__.ViewerGuardTests.test_primary_unknown_vitz_unit_cannot_inherit_later_cf_unit) ... ok
2026-10-04T11:44:22.6534483Z test_ragged_rows_without_explicit_per_share_tail_still_fail (__main__.ViewerGuardTests.test_ragged_rows_without_explicit_per_share_tail_still_fail) ... ok
2026-10-04T11:44:22.6539592Z test_replay_preserves_existing_outputs (__main__.ViewerGuardTests.test_replay_preserves_existing_outputs) ... ok
2026-10-04T11:44:22.6541900Z test_scope_requires_matching_route_and_body_heading (__main__.ViewerGuardTests.test_scope_requires_matching_route_and_body_heading) ... ok
2026-10-04T11:44:22.6547695Z test_source_negative_prefix_triangles_and_loss_labels (__main__.ViewerGuardTests.test_source_negative_prefix_triangles_and_loss_labels) ... ok
2026-10-04T11:44:22.6551915Z test_unknown_statement_is_not_inferred_from_account (__main__.ViewerGuardTests.test_unknown_statement_is_not_inferred_from_account) ... ok
2026-10-04T11:44:22.6565641Z test_viewer_loss_alias_is_exact_and_does_not_change_native (__main__.ViewerGuardTests.test_viewer_loss_alias_is_exact_and_does_not_change_native) ... ok
2026-10-04T11:44:22.6574368Z test_wrapped_explicit_per_share_notes_are_supported (__main__.ViewerGuardTests.test_wrapped_explicit_per_share_notes_are_supported) ... ok
2026-10-04T11:44:22.6574934Z 
2026-10-04T11:44:22.6575094Z ----------------------------------------------------------------------
2026-10-04T11:44:22.6575434Z Ran 48 tests in 2.411s
2026-10-04T11:44:22.6575580Z 
2026-10-04T11:44:22.6575666Z OK
2026-10-04T11:44:23.1987365Z {"adapter_version": "dart-viewer-period-scope-unit-column-v2", "primary_bodies": 12, "receipts": 6, "independent_golden_items": 49, "results": {"MATCH": 22, "WITHHELD_PRIOR_PERIOD": 22, "WITHHELD_UNKNOWN_UNIT": 5}, "staging_rows": 78, "independently_matched_staging_rows": 22, "unreviewed_staging_rows": 56, "production_rows_written": 0, "checkpoint_rows_changed": 0, "verified_pit_items": 0, "collection_complete": false, "financial_quality_complete": false, "strategy_validation_complete": false, "source_verification": "archived primary body SHA, original cell spans, independent manual golden values", "manifest_sha256": "b5de27af7fe694630edd77542dad20a2268fe9f741cde1dc85276718124ac47a", "golden_sha256": "046bc73f2ff21233e2cff9dba2ac20b2bc9cd38e0c553c6f53a0600d825fd373"}
2026-10-04T11:44:25.3898757Z {"samples": 72, "companies": 8, "receipts": 8, "source_period_end_years": ["1999", "2000"], "scope_counts": {"OFS": 46, "CFS": 26}, "results": {"stored_missing": 49, "period_mismatch": 18, "amount_mismatch": 3, "semantic_mismatch": 2}, "numeric_equal": 19, "numeric_unequal": 3, "stored_present": 23, "stored_missing": 49, "unit_unverified": 5, "correction_chain_verified": 0, "verified_pit_items": 0, "expected_sha256": "e95e0c4199905d7d59a27ed9a12b72ec4b698961f33a1c29c495819a49992240", "source_verification": "full archived primary body SHA and original literal cell offsets", "interpretation": "failure-oriented sample; not full-data certification; preserved v4 observations are not current provider inputs"}
2026-10-04T11:44:25.4504922Z test_kst_expiry_skips_even_without_status (__main__.ScheduleGateTests.test_kst_expiry_skips_even_without_status) ... ok
2026-10-04T11:44:25.4511139Z test_last_second_of_october_allows_pending_batch (__main__.ScheduleGateTests.test_last_second_of_october_allows_pending_batch) ... ok
2026-10-04T11:44:25.4526907Z test_missing_or_corrupt_status_fails_before_collection (__main__.ScheduleGateTests.test_missing_or_corrupt_status_fails_before_collection) ... ok
2026-10-04T11:44:25.4530336Z test_queue_completion_skips_extra_batch (__main__.ScheduleGateTests.test_queue_completion_skips_extra_batch) ... ok
2026-10-04T11:44:25.4533125Z test_regular_daily_push_and_manual_do_not_depend_on_coverage (__main__.ScheduleGateTests.test_regular_daily_push_and_manual_do_not_depend_on_coverage) ... ok
2026-10-04T11:44:25.4534960Z test_unknown_schedule_and_naive_time_fail_closed (__main__.ScheduleGateTests.test_unknown_schedule_and_naive_time_fail_closed) ... ok
2026-10-04T11:44:25.4535769Z 
2026-10-04T11:44:25.4536003Z ----------------------------------------------------------------------
2026-10-04T11:44:25.4536363Z Ran 6 tests in 0.004s
2026-10-04T11:44:25.4536506Z 
2026-10-04T11:44:25.4536587Z OK
2026-10-04T11:44:25.4703168Z ##[group]Run actions/upload-artifact@v4
2026-10-04T11:44:25.4703463Z with:
2026-10-04T11:44:25.4703683Z   name: legacy-viewer-source-replay
2026-10-04T11:44:25.4704205Z   path: /home/runner/work/_temp/legacy-viewer-source-replay
/home/runner/work/_temp/legacy-primary-72-recheck

2026-10-04T11:44:25.4704721Z   if-no-files-found: error
2026-10-04T11:44:25.4704973Z   retention-days: 90
2026-10-04T11:44:25.4705191Z   compression-level: 6
2026-10-04T11:44:25.4705404Z   overwrite: false
2026-10-04T11:44:25.4705621Z   include-hidden-files: false
2026-10-04T11:44:25.4705856Z env:
2026-10-04T11:44:25.4706109Z   pythonLocation: /opt/hostedtoolcache/Python/3.12.14/x64
2026-10-04T11:44:25.4706536Z   PKG_CONFIG_PATH: /opt/hostedtoolcache/Python/3.12.14/x64/lib/pkgconfig
2026-10-04T11:44:25.4706947Z   Python_ROOT_DIR: /opt/hostedtoolcache/Python/3.12.14/x64
2026-10-04T11:44:25.4707322Z   Python2_ROOT_DIR: /opt/hostedtoolcache/Python/3.12.14/x64
2026-10-04T11:44:25.4707717Z   Python3_ROOT_DIR: /opt/hostedtoolcache/Python/3.12.14/x64
2026-10-04T11:44:25.4708080Z   LD_LIBRARY_PATH: /opt/hostedtoolcache/Python/3.12.14/x64/lib
2026-10-04T11:44:25.4708395Z ##[endgroup]
2026-10-04T11:44:25.6431223Z (node:2593) [DEP0040] DeprecationWarning: The `punycode` module is deprecated. Please use a userland alternative instead.
2026-10-04T11:44:25.6432434Z (Use `node --trace-deprecation ...` to show where the warning was created)
2026-10-04T11:44:25.6514642Z Multiple search paths detected. Calculating the least common ancestor of all paths
2026-10-04T11:44:25.6516067Z The least common ancestor is /home/runner/work/_temp. This will be the root directory of the artifact
2026-10-04T11:44:25.6516878Z With the provided path, there will be 8 files uploaded
2026-10-04T11:44:25.6526796Z Artifact name is valid!
2026-10-04T11:44:25.6527756Z Root directory input is valid!
2026-10-04T11:44:25.9652076Z Beginning upload of artifact content to blob storage
2026-10-04T11:44:25.9997521Z (node:2593) [DEP0169] DeprecationWarning: `url.parse()` behavior is not standardized and prone to errors that have security implications. Use the WHATWG URL API instead. CVEs are not issued for `url.parse()` vulnerabilities.
2026-10-04T11:44:26.2546312Z Uploaded bytes 28311
2026-10-04T11:44:26.3118633Z Finished uploading artifact content to blob storage!
2026-10-04T11:44:26.3119597Z SHA256 digest of uploaded artifact zip is 733c32f0f2cd7db64a895d9ddee190876bb5061f597969526b0cc26ceb8e917f
2026-10-04T11:44:26.3120998Z Finalizing artifact upload
2026-10-04T11:44:26.5762186Z Artifact legacy-viewer-source-replay.zip successfully finalized. Artifact ID 11302421896
2026-10-04T11:44:26.5763067Z Artifact legacy-viewer-source-replay has been successfully uploaded! Final size is 28311 bytes. Artifact ID is 11302421896
2026-10-04T11:44:26.5769762Z Artifact download URL: https://github.com/Horororong/quant-marcap-runner/actions/runs/37199649791/artifacts/11302421896
2026-10-04T11:44:26.5906779Z ##[group]Run python -m py_compile scripts/strategy_dsl_run.py scripts/test_strategy_dsl_run.py scripts/test_dsl_run_e2e.py scripts/test_strategy_dsl_validation.py scripts/corporate_action_preflight.py scripts/test_corporate_action_preflight.py scripts/cash_share_exchange.py scripts/test_cash_share_exchange.py scripts/execution_contract.py scripts/export_strategy_dsl_contract.py scripts/strategy_dsl_aliases.py scripts/strategy_dsl_preflight.py scripts/krx_technical_factor_adapter.py scripts/factor_registry.py scripts/corporate_action_registry.py scripts/strategy_dsl.py scripts/strategy_dsl_runner.py scripts/dart_value_factor_adapter.py scripts/test_factor_registry.py scripts/test_strategy_dsl_aliases.py scripts/test_strategy_dsl_preflight.py scripts/test_strategy_dsl_benchmark.py scripts/test_krx_technical_factor_adapter.py scripts/test_krx_volatility_factor_adapter.py scripts/test_corporate_action_execution.py scripts/test_strategy_dsl.py scripts/test_dart_dsl_super_value.py scripts/test_dsl_execution_e2e.py scripts/strategy_dsl_deciles.py scripts/test_strategy_dsl_deciles.py scripts/test_dsl_deciles_e2e.py scripts/krx_history_audit.py scripts/test_krx_history_audit.py scripts/test_held_return_guard.py scripts/corporate_action_reconciliation.py scripts/test_corporate_action_reconciliation.py scripts/quant_backtest_template_CURRENT.py scripts/quant_backtest_template_PROJECT_v2-16_CURRENT.py scripts/quant_backtest_postprocess.py scripts/test_canonical_performance.py scripts/test_verified_autumn_splits.py scripts/krx_market_normalization.py scripts/repair_krx_market_segments.py scripts/update_krx_equities_daily.py scripts/test_krx_market_normalization.py
2026-10-04T11:44:26.5918805Z [36;1mpython -m py_compile scripts/strategy_dsl_run.py scripts/test_strategy_dsl_run.py scripts/test_dsl_run_e2e.py scripts/test_strategy_dsl_validation.py scripts/corporate_action_preflight.py scripts/test_corporate_action_preflight.py scripts/cash_share_exchange.py scripts/test_cash_share_exchange.py scripts/execution_contract.py scripts/export_strategy_dsl_contract.py scripts/strategy_dsl_aliases.py scripts/strategy_dsl_preflight.py scripts/krx_technical_factor_adapter.py scripts/factor_registry.py scripts/corporate_action_registry.py scripts/strategy_dsl.py scripts/strategy_dsl_runner.py scripts/dart_value_factor_adapter.py scripts/test_factor_registry.py scripts/test_strategy_dsl_aliases.py scripts/test_strategy_dsl_preflight.py scripts/test_strategy_dsl_benchmark.py scripts/test_krx_technical_factor_adapter.py scripts/test_krx_volatility_factor_adapter.py scripts/test_corporate_action_execution.py scripts/test_strategy_dsl.py scripts/test_dart_dsl_super_value.py scripts/test_dsl_execution_e2e.py scripts/strategy_dsl_deciles.py scripts/test_strategy_dsl_deciles.py scripts/test_dsl_deciles_e2e.py scripts/krx_history_audit.py scripts/test_krx_history_audit.py scripts/test_held_return_guard.py scripts/corporate_action_reconciliation.py scripts/test_corporate_action_reconciliation.py scripts/quant_backtest_template_CURRENT.py scripts/quant_backtest_template_PROJECT_v2-16_CURRENT.py scripts/quant_backtest_postprocess.py scripts/test_canonical_performance.py scripts/test_verified_autumn_splits.py scripts/krx_market_normalization.py scripts/repair_krx_market_segments.py scripts/update_krx_equities_daily.py scripts/test_krx_market_normalization.py[0m
2026-10-04T11:44:26.5993554Z shell: /usr/bin/bash -e {0}
2026-10-04T11:44:26.5993955Z env:
2026-10-04T11:44:26.5994419Z   pythonLocation: /opt/hostedtoolcache/Python/3.12.14/x64
2026-10-04T11:44:26.5995092Z   PKG_CONFIG_PATH: /opt/hostedtoolcache/Python/3.12.14/x64/lib/pkgconfig
2026-10-04T11:44:26.5995646Z   Python_ROOT_DIR: /opt/hostedtoolcache/Python/3.12.14/x64
2026-10-04T11:44:26.5996183Z   Python2_ROOT_DIR: /opt/hostedtoolcache/Python/3.12.14/x64
2026-10-04T11:44:26.5996710Z   Python3_ROOT_DIR: /opt/hostedtoolcache/Python/3.12.14/x64
2026-10-04T11:44:26.5997278Z   LD_LIBRARY_PATH: /opt/hostedtoolcache/Python/3.12.14/x64/lib
2026-10-04T11:44:26.5997803Z ##[endgroup]
2026-10-04T11:44:26.8007567Z ##[group]Run python scripts/test_sandbox_kit.py
2026-10-04T11:44:26.8007953Z [36;1mpython scripts/test_sandbox_kit.py[0m
2026-10-04T11:44:26.8077003Z shell: /usr/bin/bash -e {0}
2026-10-04T11:44:26.8077266Z env:
2026-10-04T11:44:26.8077555Z   pythonLocation: /opt/hostedtoolcache/Python/3.12.14/x64
2026-10-04T11:44:26.8078013Z   PKG_CONFIG_PATH: /opt/hostedtoolcache/Python/3.12.14/x64/lib/pkgconfig
2026-10-04T11:44:26.8078629Z   Python_ROOT_DIR: /opt/hostedtoolcache/Python/3.12.14/x64
2026-10-04T11:44:26.8079009Z   Python2_ROOT_DIR: /opt/hostedtoolcache/Python/3.12.14/x64
2026-10-04T11:44:26.8079399Z   Python3_ROOT_DIR: /opt/hostedtoolcache/Python/3.12.14/x64
2026-10-04T11:44:26.8079773Z   LD_LIBRARY_PATH: /opt/hostedtoolcache/Python/3.12.14/x64/lib
2026-10-04T11:44:26.8080308Z ##[endgroup]
2026-10-04T11:44:28.5570136Z ..............
2026-10-04T11:44:28.5570573Z ----------------------------------------------------------------------
2026-10-04T11:44:28.5571055Z Ran 14 tests in 1.605s
2026-10-04T11:44:28.5571215Z 
2026-10-04T11:44:28.5571302Z OK
2026-10-04T11:44:28.6358387Z ##[group]Run python scripts/export_strategy_dsl_contract.py --check
2026-10-04T11:44:28.6358901Z [36;1mpython scripts/export_strategy_dsl_contract.py --check[0m
2026-10-04T11:44:28.6428353Z shell: /usr/bin/bash -e {0}
2026-10-04T11:44:28.6428662Z env:
2026-10-04T11:44:28.6428949Z   pythonLocation: /opt/hostedtoolcache/Python/3.12.14/x64
2026-10-04T11:44:28.6429416Z   PKG_CONFIG_PATH: /opt/hostedtoolcache/Python/3.12.14/x64/lib/pkgconfig
2026-10-04T11:44:28.6429849Z   Python_ROOT_DIR: /opt/hostedtoolcache/Python/3.12.14/x64
2026-10-04T11:44:28.6430448Z   Python2_ROOT_DIR: /opt/hostedtoolcache/Python/3.12.14/x64
2026-10-04T11:44:28.6430831Z   Python3_ROOT_DIR: /opt/hostedtoolcache/Python/3.12.14/x64
2026-10-04T11:44:28.6431208Z   LD_LIBRARY_PATH: /opt/hostedtoolcache/Python/3.12.14/x64/lib
2026-10-04T11:44:28.6431534Z ##[endgroup]
2026-10-04T11:44:29.0733536Z STRATEGY DSL MACHINE CONTRACT: PASS
2026-10-04T11:44:29.1411714Z ##[group]Run python -m py_compile update_dart_financials.py scripts/test_dart_recent_storage.py
2026-10-04T11:44:29.1412446Z [36;1mpython -m py_compile update_dart_financials.py scripts/test_dart_recent_storage.py[0m
2026-10-04T11:44:29.1412930Z [36;1mpython scripts/test_dart_recent_storage.py[0m
2026-10-04T11:44:29.1481588Z shell: /usr/bin/bash -e {0}
2026-10-04T11:44:29.1481864Z env:
2026-10-04T11:44:29.1482148Z   pythonLocation: /opt/hostedtoolcache/Python/3.12.14/x64
2026-10-04T11:44:29.1482621Z   PKG_CONFIG_PATH: /opt/hostedtoolcache/Python/3.12.14/x64/lib/pkgconfig
2026-10-04T11:44:29.1483051Z   Python_ROOT_DIR: /opt/hostedtoolcache/Python/3.12.14/x64
2026-10-04T11:44:29.1483429Z   Python2_ROOT_DIR: /opt/hostedtoolcache/Python/3.12.14/x64
2026-10-04T11:44:29.1483822Z   Python3_ROOT_DIR: /opt/hostedtoolcache/Python/3.12.14/x64
2026-10-04T11:44:29.1484214Z   LD_LIBRARY_PATH: /opt/hostedtoolcache/Python/3.12.14/x64/lib
2026-10-04T11:44:29.1484541Z ##[endgroup]
2026-10-04T11:44:29.6516054Z test_atomic_failure_and_corruption (__main__.StorageTests.test_atomic_failure_and_corruption) ... ok
2026-10-04T11:44:29.6532832Z test_cycles_cover_every_company_and_stop_filename_drift (__main__.StorageTests.test_cycles_cover_every_company_and_stop_filename_drift) ... ok
2026-10-04T11:44:29.6599113Z test_deterministic_gzip_and_exact_values (__main__.StorageTests.test_deterministic_gzip_and_exact_values) ... ok
2026-10-04T11:44:29.6659041Z test_duplicates_are_preserved (__main__.StorageTests.test_duplicates_are_preserved) ... ok
2026-10-04T11:44:29.6726763Z DART batch start=0 size=1 workers=6
2026-10-04T11:44:29.6737587Z DART progress 1/1
2026-10-04T11:44:29.6820962Z {"status": "OK", "checked_at_utc": "2026-10-01T00:00:00+00:00", "changed_paths": ["/tmp/tmpj5g55zis/data/financials/corp_master.csv", "/tmp/tmpj5g55zis/data/financials/recent_batches/dart_recent_00000_00000.csv.gz", "/tmp/tmpj5g55zis/data/financials/dart_errors_00000_00000.csv", "/tmp/tmpj5g55zis/data/status/dart_rotation_state.csv", "/tmp/tmpj5g55zis/data/status/dart_status.csv"]}
2026-10-04T11:44:29.7045471Z DART batch start=0 size=1 workers=6
2026-10-04T11:44:29.7052565Z DART progress 1/1
2026-10-04T11:44:29.7115575Z {"status": "OK", "checked_at_utc": "2026-10-02T00:00:00+00:00", "changed_paths": []}
2026-10-04T11:44:29.7237668Z DART batch start=0 size=1 workers=6
2026-10-04T11:44:29.7246099Z DART progress 1/1
2026-10-04T11:44:29.7312743Z {"status": "OK", "checked_at_utc": "2026-10-02T00:00:00+00:00", "changed_paths": ["/tmp/tmpj5g55zis/data/financials/recent_batches/dart_recent_00000_00000.csv.gz"]}
2026-10-04T11:44:29.7401123Z test_main_rerun_no_git_commit_but_fresh_artifact (__main__.StorageTests.test_main_rerun_no_git_commit_but_fresh_artifact) ... ok
2026-10-04T11:44:29.7425925Z {"status": "SKIPPED", "checked_at_utc": "2026-10-04T11:44:29.740948+00:00", "changed_paths": ["/tmp/tmp6gpokqj4/status/dart_status.csv"]}
2026-10-04T11:44:29.7435654Z {"status": "SKIPPED", "checked_at_utc": "2026-10-04T11:44:29.742458+00:00", "changed_paths": []}
2026-10-04T11:44:29.7444784Z test_missing_key_repeated_run (__main__.StorageTests.test_missing_key_repeated_run) ... ok
2026-10-04T11:44:29.7521152Z test_preserve_equivalent_legacy_bytes (__main__.StorageTests.test_preserve_equivalent_legacy_bytes) ... ok
2026-10-04T11:44:58.9545153Z test_real_dart_output_determinism_and_legacy_no_rewrite (__main__.StorageTests.test_real_dart_output_determinism_and_legacy_no_rewrite) ... ok
2026-10-04T11:44:58.9601689Z test_timestamp_only_is_ignored_but_rotation_and_errors_are_not (__main__.StorageTests.test_timestamp_only_is_ignored_but_rotation_and_errors_are_not) ... ok
2026-10-04T11:44:58.9602649Z 
2026-10-04T11:44:58.9602880Z ----------------------------------------------------------------------
2026-10-04T11:44:58.9603421Z Ran 9 tests in 29.324s
2026-10-04T11:44:58.9603654Z 
2026-10-04T11:44:58.9603930Z OK
2026-10-04T11:44:58.9605144Z REAL DART: dart_recent_00000_00299.csv.gz, 269,283 rows; identical bytes, exact CSV values, source preserved
2026-10-04T11:44:59.0292133Z ##[group]Run python -m py_compile scripts/git_storage_snapshot.py scripts/test_git_storage_snapshot.py
2026-10-04T11:44:59.0293422Z [36;1mpython -m py_compile scripts/git_storage_snapshot.py scripts/test_git_storage_snapshot.py[0m
2026-10-04T11:44:59.0294284Z [36;1mpython scripts/test_git_storage_snapshot.py[0m
2026-10-04T11:44:59.0376238Z shell: /usr/bin/bash -e {0}
2026-10-04T11:44:59.0376519Z env:
2026-10-04T11:44:59.0376813Z   pythonLocation: /opt/hostedtoolcache/Python/3.12.14/x64
2026-10-04T11:44:59.0377302Z   PKG_CONFIG_PATH: /opt/hostedtoolcache/Python/3.12.14/x64/lib/pkgconfig
2026-10-04T11:44:59.0377737Z   Python_ROOT_DIR: /opt/hostedtoolcache/Python/3.12.14/x64
2026-10-04T11:44:59.0378121Z   Python2_ROOT_DIR: /opt/hostedtoolcache/Python/3.12.14/x64
2026-10-04T11:44:59.0378500Z   Python3_ROOT_DIR: /opt/hostedtoolcache/Python/3.12.14/x64
2026-10-04T11:44:59.0378879Z   LD_LIBRARY_PATH: /opt/hostedtoolcache/Python/3.12.14/x64/lib
2026-10-04T11:44:59.0379246Z ##[endgroup]
2026-10-04T11:44:59.1798251Z test_other_branch_does_not_inflate_main_history (__main__.MeasurementTests.test_other_branch_does_not_inflate_main_history) ... ok
2026-10-04T11:44:59.2228768Z test_reject_backwards_observation (__main__.MeasurementTests.test_reject_backwards_observation) ... ok
2026-10-04T11:44:59.2690216Z test_reject_shallow_history_and_foreign_baseline (__main__.MeasurementTests.test_reject_shallow_history_and_foreign_baseline) ... Switched to a new branch 'foreign'
2026-10-04T11:44:59.2948540Z ok
2026-10-04T11:44:59.3674255Z test_reuse_vs_changed_blob_and_no_mutation (__main__.MeasurementTests.test_reuse_vs_changed_blob_and_no_mutation) ... ok
2026-10-04T11:44:59.3675046Z 
2026-10-04T11:44:59.3675302Z ----------------------------------------------------------------------
2026-10-04T11:44:59.3675841Z Ran 4 tests in 0.228s
2026-10-04T11:44:59.3676056Z 
2026-10-04T11:44:59.3676176Z OK
2026-10-04T11:44:59.3803362Z ##[group]Run python scripts/test_strategy_dsl_validation.py
2026-10-04T11:44:59.3803817Z [36;1mpython scripts/test_strategy_dsl_validation.py[0m
2026-10-04T11:44:59.3871275Z shell: /usr/bin/bash -e {0}
2026-10-04T11:44:59.3871542Z env:
2026-10-04T11:44:59.3871824Z   pythonLocation: /opt/hostedtoolcache/Python/3.12.14/x64
2026-10-04T11:44:59.3872266Z   PKG_CONFIG_PATH: /opt/hostedtoolcache/Python/3.12.14/x64/lib/pkgconfig
2026-10-04T11:44:59.3872696Z   Python_ROOT_DIR: /opt/hostedtoolcache/Python/3.12.14/x64
2026-10-04T11:44:59.3873071Z   Python2_ROOT_DIR: /opt/hostedtoolcache/Python/3.12.14/x64
2026-10-04T11:44:59.3873644Z   Python3_ROOT_DIR: /opt/hostedtoolcache/Python/3.12.14/x64
2026-10-04T11:44:59.3874028Z   LD_LIBRARY_PATH: /opt/hostedtoolcache/Python/3.12.14/x64/lib
2026-10-04T11:44:59.3874347Z ##[endgroup]
2026-10-04T11:45:02.8874287Z STRATEGY DSL INPUT CONTRACT: PASS (271 invalid cases; 8 unchanged fingerprints; CLI/data guards)
2026-10-04T11:45:02.9535826Z ##[group]Run python scripts/test_strategy_dsl_run.py
2026-10-04T11:45:02.9536237Z [36;1mpython scripts/test_strategy_dsl_run.py[0m
2026-10-04T11:45:02.9604129Z shell: /usr/bin/bash -e {0}
2026-10-04T11:45:02.9604397Z env:
2026-10-04T11:45:02.9604679Z   pythonLocation: /opt/hostedtoolcache/Python/3.12.14/x64
2026-10-04T11:45:02.9605158Z   PKG_CONFIG_PATH: /opt/hostedtoolcache/Python/3.12.14/x64/lib/pkgconfig
2026-10-04T11:45:02.9605606Z   Python_ROOT_DIR: /opt/hostedtoolcache/Python/3.12.14/x64
2026-10-04T11:45:02.9606000Z   Python2_ROOT_DIR: /opt/hostedtoolcache/Python/3.12.14/x64
2026-10-04T11:45:02.9606398Z   Python3_ROOT_DIR: /opt/hostedtoolcache/Python/3.12.14/x64
2026-10-04T11:45:02.9606787Z   LD_LIBRARY_PATH: /opt/hostedtoolcache/Python/3.12.14/x64/lib
2026-10-04T11:45:02.9607115Z ##[endgroup]
2026-10-04T11:45:20.7412418Z CHECKED DSL RUN LIFECYCLE: PASS (gaps, readiness, frozen input, distinct runs, atomic outputs, failures/interruption, actual CURRENT report)
2026-10-04T11:45:20.8256955Z ##[group]Run python scripts/test_canonical_performance.py
2026-10-04T11:45:20.8257408Z [36;1mpython scripts/test_canonical_performance.py[0m
2026-10-04T11:45:20.8325404Z shell: /usr/bin/bash -e {0}
2026-10-04T11:45:20.8325667Z env:
2026-10-04T11:45:20.8325941Z   pythonLocation: /opt/hostedtoolcache/Python/3.12.14/x64
2026-10-04T11:45:20.8326394Z   PKG_CONFIG_PATH: /opt/hostedtoolcache/Python/3.12.14/x64/lib/pkgconfig
2026-10-04T11:45:20.8326826Z   Python_ROOT_DIR: /opt/hostedtoolcache/Python/3.12.14/x64
2026-10-04T11:45:20.8327220Z   Python2_ROOT_DIR: /opt/hostedtoolcache/Python/3.12.14/x64
2026-10-04T11:45:20.8327615Z   Python3_ROOT_DIR: /opt/hostedtoolcache/Python/3.12.14/x64
2026-10-04T11:45:20.8327988Z   LD_LIBRARY_PATH: /opt/hostedtoolcache/Python/3.12.14/x64/lib
2026-10-04T11:45:20.8328313Z ##[endgroup]
2026-10-04T11:46:00.3293824Z CANONICAL PERFORMANCE: PASS (synthetic formulas/report; no investment claims)
2026-10-04T11:46:00.4092055Z ##[group]Run timeout -k 5s 90s python -u scripts/test_requested_period_report.py
2026-10-04T11:46:00.4093008Z [36;1mtimeout -k 5s 90s python -u scripts/test_requested_period_report.py[0m
2026-10-04T11:46:00.4163410Z shell: /usr/bin/bash -e {0}
2026-10-04T11:46:00.4163685Z env:
2026-10-04T11:46:00.4163979Z   pythonLocation: /opt/hostedtoolcache/Python/3.12.14/x64
2026-10-04T11:46:00.4164459Z   PKG_CONFIG_PATH: /opt/hostedtoolcache/Python/3.12.14/x64/lib/pkgconfig
2026-10-04T11:46:00.4164895Z   Python_ROOT_DIR: /opt/hostedtoolcache/Python/3.12.14/x64
2026-10-04T11:46:00.4165299Z   Python2_ROOT_DIR: /opt/hostedtoolcache/Python/3.12.14/x64
2026-10-04T11:46:00.4165693Z   Python3_ROOT_DIR: /opt/hostedtoolcache/Python/3.12.14/x64
2026-10-04T11:46:00.4166089Z   LD_LIBRARY_PATH: /opt/hostedtoolcache/Python/3.12.14/x64/lib
2026-10-04T11:46:00.4166429Z ##[endgroup]
2026-10-04T11:46:10.9184175Z test_checked_lifecycle_and_missing_period_diagnosis (__main__.RequestedReportTests.test_checked_lifecycle_and_missing_period_diagnosis) ... ok
2026-10-04T11:46:10.9381726Z test_fail_closed_dates_and_samples (__main__.RequestedReportTests.test_fail_closed_dates_and_samples) ... ok
2026-10-04T11:46:23.2765135Z test_independent_period_baseline_and_metrics (__main__.RequestedReportTests.test_independent_period_baseline_and_metrics) ... ok
2026-10-04T11:46:24.2624893Z test_manifest_and_offline_html (__main__.RequestedReportTests.test_manifest_and_offline_html) ... ok
2026-10-04T11:46:25.1999125Z test_short_samples_zero_denominators_and_negative_log_ticks (__main__.RequestedReportTests.test_short_samples_zero_denominators_and_negative_log_ticks) ... ok
2026-10-04T11:46:25.2000722Z 
2026-10-04T11:46:25.2001521Z ----------------------------------------------------------------------
2026-10-04T11:46:25.2002072Z Ran 5 tests in 24.318s
2026-10-04T11:46:25.2002268Z 
2026-10-04T11:46:25.2002379Z OK
2026-10-04T11:46:25.2851956Z ##[group]Run timeout -k 5s 150s python -u scripts/strategy_dsl_runner.py config/strategies/kr_equity_report_validation_2019_2020.json --report-periods config/reports/report_validation_periods.json --output-dir "$RUNNER_TEMP/requested-report"
2026-10-04T11:46:25.2853585Z [36;1mtimeout -k 5s 150s python -u scripts/strategy_dsl_runner.py config/strategies/kr_equity_report_validation_2019_2020.json --report-periods config/reports/report_validation_periods.json --output-dir "$RUNNER_TEMP/requested-report"[0m
2026-10-04T11:46:25.2922024Z shell: /usr/bin/bash -e {0}
2026-10-04T11:46:25.2922279Z env:
2026-10-04T11:46:25.2922554Z   pythonLocation: /opt/hostedtoolcache/Python/3.12.14/x64
2026-10-04T11:46:25.2922992Z   PKG_CONFIG_PATH: /opt/hostedtoolcache/Python/3.12.14/x64/lib/pkgconfig
2026-10-04T11:46:25.2923439Z   Python_ROOT_DIR: /opt/hostedtoolcache/Python/3.12.14/x64
2026-10-04T11:46:25.2923821Z   Python2_ROOT_DIR: /opt/hostedtoolcache/Python/3.12.14/x64
2026-10-04T11:46:25.2924239Z   Python3_ROOT_DIR: /opt/hostedtoolcache/Python/3.12.14/x64
2026-10-04T11:46:25.2924612Z   LD_LIBRARY_PATH: /opt/hostedtoolcache/Python/3.12.14/x64/lib
2026-10-04T11:46:25.2924933Z ##[endgroup]
2026-10-04T11:46:57.9023344Z {
2026-10-04T11:46:57.9025714Z   "run_contract_version": "2",
2026-10-04T11:46:57.9026225Z   "run_id": "20261004T114625738955Z-3cdff8ce",
2026-10-04T11:46:57.9026648Z   "status": "ok",
2026-10-04T11:46:57.9026952Z   "phase": "complete",
2026-10-04T11:46:57.9027312Z   "started_at": "2026-10-04T11:46:25.739160+00:00",
2026-10-04T11:46:57.9027783Z   "finished_at": "2026-10-04T11:46:57.901572+00:00",
2026-10-04T11:46:57.9028286Z   "strategy_id": "kr_equity_report_validation_2019_2020",
2026-10-04T11:46:57.9029053Z   "strategy_fingerprint": "455268d0fd7f2c4330e2592f021098af0c0d81ae101a67c34265c54064fec352",
2026-10-04T11:46:57.9029804Z   "versions": {
2026-10-04T11:46:57.9030279Z     "schema_version": "1.0",
2026-10-04T11:46:57.9030627Z     "factor_registry_version": "7",
2026-10-04T11:46:57.9031051Z     "execution_engine_version": "v2-16-exec-3",
2026-10-04T11:46:57.9031511Z     "corporate_action_registry_version": "5",
2026-10-04T11:46:57.9031948Z     "dsl_machine_contract_version": "23",
2026-10-04T11:46:57.9032350Z     "preflight_contract_version": "3",
2026-10-04T11:46:57.9032805Z     "history_audit_contract_version": "1",
2026-10-04T11:46:57.9033226Z     "krx_market_normalization_version": "1",
2026-10-04T11:46:57.9033635Z     "project_template_version": "v2-16",
2026-10-04T11:46:57.9034044Z     "performance_template_version": "v2-18"
2026-10-04T11:46:57.9034418Z   },
2026-10-04T11:46:57.9034714Z   "mode": "requested_period_report",
2026-10-04T11:46:57.9035094Z   "nav_ready": true,
2026-10-04T11:46:57.9035399Z   "report_ready": true,
2026-10-04T11:46:57.9036256Z   "input_path": "/home/runner/work/quant-marcap-runner/quant-marcap-runner/config/strategies/kr_equity_report_validation_2019_2020.json",
2026-10-04T11:46:57.9037263Z   "output_dir": "/home/runner/work/_temp/requested-report",
2026-10-04T11:46:57.9037935Z   "status_file": "/home/runner/work/_temp/requested-report/run_status.json",
2026-10-04T11:46:57.9038492Z   "completed_stages": [
2026-10-04T11:46:57.9038788Z     "input",
2026-10-04T11:46:57.9039054Z     "preflight",
2026-10-04T11:46:57.9039335Z     "report_readiness",
2026-10-04T11:46:57.9039629Z     "execution",
2026-10-04T11:46:57.9040047Z     "postprocess"
2026-10-04T11:46:57.9040347Z   ],
2026-10-04T11:46:57.9040588Z   "outputs": {
2026-10-04T11:46:57.9040893Z     "daily_nav": "artifacts/daily_nav.csv",
2026-10-04T11:46:57.9041350Z     "target_weights": "artifacts/target_weights.csv",
2026-10-04T11:46:57.9041816Z     "metrics": "report/metrics_CURRENT.csv",
2026-10-04T11:46:57.9042292Z     "chat_manifest": "report/chat_manifest_CURRENT.json",
2026-10-04T11:46:57.9042782Z     "dashboard": "report/report_CURRENT.html"
2026-10-04T11:46:57.9043486Z   },
2026-10-04T11:46:57.9043727Z   "error": null,
2026-10-04T11:46:57.9044043Z   "requested_report_contract_version": "1",
2026-10-04T11:46:57.9044671Z   "report_complete": false,
2026-10-04T11:46:57.9044998Z   "period_readiness": {
2026-10-04T11:46:57.9045287Z     "longest": {
2026-10-04T11:46:57.9045550Z       "id": "longest",
2026-10-04T11:46:57.9046205Z       "label": "실행·보고 검증 · 2019~2020",
2026-10-04T11:46:57.9046568Z       "start": "longest",
2026-10-04T11:46:57.9046869Z       "end": "latest",
2026-10-04T11:46:57.9047172Z       "status": "ready",
2026-10-04T11:46:57.9047473Z       "reason": null,
2026-10-04T11:46:57.9047762Z       "ready": true,
2026-10-04T11:46:57.9048070Z       "requested_start": "2019-01-02",
2026-10-04T11:46:57.9048451Z       "requested_end": "2020-12-30",
2026-10-04T11:46:57.9048821Z       "actual_start": "2019-01-02",
2026-10-04T11:46:57.9049183Z       "actual_end": "2020-12-30",
2026-10-04T11:46:57.9049526Z       "observations": 494
2026-10-04T11:46:57.9049848Z     },
2026-10-04T11:46:57.9050258Z     "from_2020": {
2026-10-04T11:46:57.9050539Z       "id": "from_2020",
2026-10-04T11:46:57.9050907Z       "label": "2020년",
2026-10-04T11:46:57.9051216Z       "start": "2020-01-01",
2026-10-04T11:46:57.9051541Z       "end": "2020-12-31",
2026-10-04T11:46:57.9051839Z       "status": "ready",
2026-10-04T11:46:57.9052139Z       "reason": null,
2026-10-04T11:46:57.9052414Z       "ready": true,
2026-10-04T11:46:57.9052712Z       "requested_start": "2020-01-01",
2026-10-04T11:46:57.9053082Z       "requested_end": "2020-12-31",
2026-10-04T11:46:57.9053430Z       "actual_start": "2020-01-02",
2026-10-04T11:46:57.9053779Z       "actual_end": "2020-12-30",
2026-10-04T11:46:57.9054126Z       "observations": 248
2026-10-04T11:46:57.9054418Z     },
2026-10-04T11:46:57.9054652Z     "exact": {
2026-10-04T11:46:57.9054912Z       "id": "exact",
2026-10-04T11:46:57.9055342Z       "label": "정확한 날짜 · 2020-05-12~2020-11-10",
2026-10-04T11:46:57.9055746Z       "start": "2020-05-12",
2026-10-04T11:46:57.9056055Z       "end": "2020-11-10",
2026-10-04T11:46:57.9056348Z       "status": "ready",
2026-10-04T11:46:57.9056637Z       "reason": null,
2026-10-04T11:46:57.9056925Z       "ready": true,
2026-10-04T11:46:57.9057211Z       "requested_start": "2020-05-12",
2026-10-04T11:46:57.9057563Z       "requested_end": "2020-11-10",
2026-10-04T11:46:57.9057903Z       "actual_start": "2020-05-12",
2026-10-04T11:46:57.9058242Z       "actual_end": "2020-11-10",
2026-10-04T11:46:57.9058572Z       "observations": 126
2026-10-04T11:46:57.9058859Z     },
2026-10-04T11:46:57.9059090Z     "from_2000": {
2026-10-04T11:46:57.9059367Z       "id": "from_2000",
2026-10-04T11:46:57.9059750Z       "label": "2000년부터 · 자료 부족",
2026-10-04T11:46:57.9060250Z       "start": "2000-01-01",
2026-10-04T11:46:57.9060555Z       "end": "latest",
2026-10-04T11:46:57.9060848Z       "status": "data_gap",
2026-10-04T11:46:57.9061428Z       "reason": "요청 기간의 거래일 NAV 4690개 부족 (첫 누락 2000-01-04). 시작일을 이동하지 않습니다.",
2026-10-04T11:46:57.9061941Z       "ready": false,
2026-10-04T11:46:57.9062240Z       "requested_start": "2000-01-01",
2026-10-04T11:46:57.9062600Z       "requested_end": "2020-12-30"
2026-10-04T11:46:57.9062952Z     }
2026-10-04T11:46:57.9063191Z   }
2026-10-04T11:46:57.9063423Z }
2026-10-04T11:46:57.9832926Z ##[group]Run npm --prefix "$RUNNER_TEMP/report-browser" install --save-exact --no-audit --no-fund playwright@1.57.0
2026-10-04T11:46:57.9833785Z [36;1mnpm --prefix "$RUNNER_TEMP/report-browser" install --save-exact --no-audit --no-fund playwright@1.57.0[0m
2026-10-04T11:46:57.9834471Z [36;1m"$RUNNER_TEMP/report-browser/node_modules/.bin/playwright" install --with-deps chromium[0m
2026-10-04T11:46:57.9903147Z shell: /usr/bin/bash -e {0}
2026-10-04T11:46:57.9903406Z env:
2026-10-04T11:46:57.9903687Z   pythonLocation: /opt/hostedtoolcache/Python/3.12.14/x64
2026-10-04T11:46:57.9904132Z   PKG_CONFIG_PATH: /opt/hostedtoolcache/Python/3.12.14/x64/lib/pkgconfig
2026-10-04T11:46:57.9904561Z   Python_ROOT_DIR: /opt/hostedtoolcache/Python/3.12.14/x64
2026-10-04T11:46:57.9905140Z   Python2_ROOT_DIR: /opt/hostedtoolcache/Python/3.12.14/x64
2026-10-04T11:46:57.9905529Z   Python3_ROOT_DIR: /opt/hostedtoolcache/Python/3.12.14/x64
2026-10-04T11:46:57.9905957Z   LD_LIBRARY_PATH: /opt/hostedtoolcache/Python/3.12.14/x64/lib
2026-10-04T11:46:57.9906293Z ##[endgroup]
2026-10-04T11:47:00.0954802Z 
2026-10-04T11:47:00.0955395Z added 2 packages in 2s
2026-10-04T11:47:00.6976956Z Installing dependencies...
2026-10-04T11:47:00.7040537Z Switching to root user to install dependencies...
2026-10-04T11:47:00.7766273Z Get:1 file:/etc/apt/apt-mirrors.txt Mirrorlist [144 B]
2026-10-04T11:47:00.8094252Z Get:6 https://packages.microsoft.com/ubuntu/24.04/prod noble InRelease [3600 B]
2026-10-04T11:47:00.8194976Z Hit:2 http://azure.archive.ubuntu.com/ubuntu noble InRelease
2026-10-04T11:47:00.8231218Z Get:3 http://azure.archive.ubuntu.com/ubuntu noble-updates InRelease [126 kB]
2026-10-04T11:47:00.8232370Z Get:4 http://azure.archive.ubuntu.com/ubuntu noble-backports InRelease [126 kB]
2026-10-04T11:47:00.8262196Z Get:5 http://azure.archive.ubuntu.com/ubuntu noble-security InRelease [126 kB]
2026-10-04T11:47:00.8873494Z Get:7 https://packages.microsoft.com/ubuntu/24.04/prod noble/main arm64 Packages [458 kB]
2026-10-04T11:47:00.9027640Z Get:8 https://packages.microsoft.com/ubuntu/24.04/prod noble/main armhf Packages [12.6 kB]
2026-10-04T11:47:00.9071639Z Get:9 https://packages.microsoft.com/ubuntu/24.04/prod noble/main amd64 Packages [511 kB]
2026-10-04T11:47:01.0043076Z Get:10 http://azure.archive.ubuntu.com/ubuntu noble-updates/main amd64 Packages [1364 kB]
2026-10-04T11:47:01.0116890Z Get:11 http://azure.archive.ubuntu.com/ubuntu noble-updates/main Translation-en [304 kB]
2026-10-04T11:47:01.0139568Z Get:12 http://azure.archive.ubuntu.com/ubuntu noble-updates/main amd64 Components [181 kB]
2026-10-04T11:47:01.0171535Z Get:13 http://azure.archive.ubuntu.com/ubuntu noble-updates/universe amd64 Packages [1699 kB]
2026-10-04T11:47:01.0244131Z Get:14 http://azure.archive.ubuntu.com/ubuntu noble-updates/universe Translation-en [341 kB]
2026-10-04T11:47:01.0267998Z Get:15 http://azure.archive.ubuntu.com/ubuntu noble-updates/universe amd64 Components [388 kB]
2026-10-04T11:47:01.0294300Z Get:16 http://azure.archive.ubuntu.com/ubuntu noble-updates/restricted amd64 Packages [1720 kB]
2026-10-04T11:47:01.0403202Z Get:17 http://azure.archive.ubuntu.com/ubuntu noble-updates/restricted Translation-en [394 kB]
2026-10-04T11:47:01.0409667Z Get:18 http://azure.archive.ubuntu.com/ubuntu noble-updates/multiverse amd64 Components [940 B]
2026-10-04T11:47:01.0645395Z Get:19 http://azure.archive.ubuntu.com/ubuntu noble-backports/main amd64 Components [5736 B]
2026-10-04T11:47:01.1092270Z Get:20 http://azure.archive.ubuntu.com/ubuntu noble-backports/universe amd64 Components [12.6 kB]
2026-10-04T11:47:01.1189894Z Get:21 http://azure.archive.ubuntu.com/ubuntu noble-security/main amd64 Packages [1069 kB]
2026-10-04T11:47:01.1253669Z Get:22 http://azure.archive.ubuntu.com/ubuntu noble-security/main Translation-en [221 kB]
2026-10-04T11:47:01.1272940Z Get:23 http://azure.archive.ubuntu.com/ubuntu noble-security/main amd64 Components [46.5 kB]
2026-10-04T11:47:01.1284184Z Get:24 http://azure.archive.ubuntu.com/ubuntu noble-security/universe amd64 Packages [1216 kB]
2026-10-04T11:47:01.1349504Z Get:25 http://azure.archive.ubuntu.com/ubuntu noble-security/universe Translation-en [244 kB]
2026-10-04T11:47:01.1370207Z Get:26 http://azure.archive.ubuntu.com/ubuntu noble-security/universe amd64 Components [76.3 kB]
2026-10-04T11:47:01.1382574Z Get:27 http://azure.archive.ubuntu.com/ubuntu noble-security/restricted amd64 Packages [1566 kB]
2026-10-04T11:47:01.1465033Z Get:28 http://azure.archive.ubuntu.com/ubuntu noble-security/restricted Translation-en [361 kB]
2026-10-04T11:47:05.4547354Z Fetched 12.6 MB in 1s (8744 kB/s)
2026-10-04T11:47:06.2657363Z Reading package lists...
2026-10-04T11:47:06.2911833Z Reading package lists...
2026-10-04T11:47:06.4763984Z Building dependency tree...
2026-10-04T11:47:06.4771443Z Reading state information...
2026-10-04T11:47:06.6296654Z libasound2t64 is already the newest version (1.2.11-1ubuntu0.3).
2026-10-04T11:47:06.6297393Z libasound2t64 set to manually installed.
2026-10-04T11:47:06.6298054Z libatk-bridge2.0-0t64 is already the newest version (2.52.0-1build1).
2026-10-04T11:47:06.6298708Z libatk-bridge2.0-0t64 set to manually installed.
2026-10-04T11:47:06.6299290Z libatk1.0-0t64 is already the newest version (2.52.0-1build1).
2026-10-04T11:47:06.6299836Z libatk1.0-0t64 set to manually installed.
2026-10-04T11:47:06.6300702Z libatspi2.0-0t64 is already the newest version (2.52.0-1build1).
2026-10-04T11:47:06.6301269Z libatspi2.0-0t64 set to manually installed.
2026-10-04T11:47:06.6301815Z libcairo2 is already the newest version (1.18.0-3build1).
2026-10-04T11:47:06.6302353Z libcairo2 set to manually installed.
2026-10-04T11:47:06.6302880Z libcups2t64 is already the newest version (2.4.7-1.2ubuntu7.14).
2026-10-04T11:47:06.6303451Z libcups2t64 set to manually installed.
2026-10-04T11:47:06.6304019Z libdbus-1-3 is already the newest version (1.14.10-4ubuntu4.1).
2026-10-04T11:47:06.6304563Z libdbus-1-3 set to manually installed.
2026-10-04T11:47:06.6305200Z libdrm2 is already the newest version (2.4.125-1ubuntu0.1~24.04.2).
2026-10-04T11:47:06.6305861Z libdrm2 set to manually installed.
2026-10-04T11:47:06.6306410Z libglib2.0-0t64 is already the newest version (2.80.0-6ubuntu3.9).
2026-10-04T11:47:06.6307070Z libglib2.0-0t64 set to manually installed.
2026-10-04T11:47:06.6307613Z libnspr4 is already the newest version (2:4.35-1.1build1).
2026-10-04T11:47:06.6308135Z libnspr4 set to manually installed.
2026-10-04T11:47:06.6308635Z libnss3 is already the newest version (2:3.98-1ubuntu0.2).
2026-10-04T11:47:06.6309146Z libnss3 set to manually installed.
2026-10-04T11:47:06.6309614Z libpango-1.0-0 is already the newest version (1.52.1+ds-1build1).
2026-10-04T11:47:06.6310276Z libpango-1.0-0 set to manually installed.
2026-10-04T11:47:06.6310716Z libx11-6 is already the newest version (2:1.8.7-1build1).
2026-10-04T11:47:06.6311051Z libx11-6 set to manually installed.
2026-10-04T11:47:06.6311348Z libxcb1 is already the newest version (1.15-1ubuntu2).
2026-10-04T11:47:06.6311663Z libxcb1 set to manually installed.
2026-10-04T11:47:06.6312004Z libxcomposite1 is already the newest version (1:0.4.5-1build3).
2026-10-04T11:47:06.6312369Z libxcomposite1 set to manually installed.
2026-10-04T11:47:06.6312721Z libxdamage1 is already the newest version (1:1.1.6-1build1).
2026-10-04T11:47:06.6313069Z libxdamage1 set to manually installed.
2026-10-04T11:47:06.6313527Z libxext6 is already the newest version (2:1.3.4-1build2).
2026-10-04T11:47:06.6313908Z libxext6 set to manually installed.
2026-10-04T11:47:06.6314234Z libxfixes3 is already the newest version (1:6.0.0-2build1).
2026-10-04T11:47:06.6314573Z libxfixes3 set to manually installed.
2026-10-04T11:47:06.6314910Z libxkbcommon0 is already the newest version (1.6.0-1build1).
2026-10-04T11:47:06.6315253Z libxkbcommon0 set to manually installed.
2026-10-04T11:47:06.6315691Z libxrandr2 is already the newest version (2:1.5.2-2build1).
2026-10-04T11:47:06.6316058Z libxrandr2 set to manually installed.
2026-10-04T11:47:06.6316392Z xvfb is already the newest version (2:21.1.12-1ubuntu1.8).
2026-10-04T11:47:06.6317235Z fonts-noto-color-emoji is already the newest version (2.047-0ubuntu0.24.04.1).
2026-10-04T11:47:06.6317953Z libfontconfig1 is already the newest version (2.15.0-1.1ubuntu2).
2026-10-04T11:47:06.6318510Z libfontconfig1 set to manually installed.
2026-10-04T11:47:06.6319083Z libfreetype6 is already the newest version (2.13.2+dfsg-1ubuntu0.1).
2026-10-04T11:47:06.6319636Z libfreetype6 set to manually installed.
2026-10-04T11:47:06.6320375Z fonts-liberation is already the newest version (1:2.1.5-3).
2026-10-04T11:47:06.6320759Z fonts-liberation set to manually installed.
2026-10-04T11:47:06.6321113Z The following additional packages will be installed:
2026-10-04T11:47:06.6321748Z   libgl1-mesa-dri libglx-mesa0 mesa-libgallium xfonts-encodings xfonts-utils
2026-10-04T11:47:06.6322614Z Recommended packages:
2026-10-04T11:47:06.6322986Z   fonts-ipafont-mincho fonts-tlwg-loma
2026-10-04T11:47:06.6496725Z The following NEW packages will be installed:
2026-10-04T11:47:06.6497619Z   fonts-freefont-ttf fonts-ipafont-gothic fonts-tlwg-loma-otf fonts-unifont
2026-10-04T11:47:06.6502905Z   fonts-wqy-zenhei xfonts-cyrillic xfonts-encodings xfonts-scalable
2026-10-04T11:47:06.6503336Z   xfonts-utils
2026-10-04T11:47:06.6506823Z The following packages will be upgraded:
2026-10-04T11:47:06.6511318Z   libgbm1 libgl1-mesa-dri libglx-mesa0 mesa-libgallium
2026-10-04T11:47:06.6683274Z 4 upgraded, 9 newly installed, 0 to remove and 21 not upgraded.
2026-10-04T11:47:06.6683899Z Need to get 32.1 MB of archives.
2026-10-04T11:47:06.6684467Z After this operation, 79.5 MB of additional disk space will be used.
2026-10-04T11:47:06.6685141Z Get:1 file:/etc/apt/apt-mirrors.txt Mirrorlist [144 B]
2026-10-04T11:47:06.7351103Z Get:2 http://azure.archive.ubuntu.com/ubuntu noble/universe amd64 fonts-ipafont-gothic all 00303-21ubuntu1 [3513 kB]
2026-10-04T11:47:06.8325251Z Get:3 http://azure.archive.ubuntu.com/ubuntu noble/main amd64 fonts-freefont-ttf all 20211204+svn4273-2 [5641 kB]
2026-10-04T11:47:07.1878234Z Get:4 http://azure.archive.ubuntu.com/ubuntu noble/universe amd64 fonts-tlwg-loma-otf all 1:0.7.3-1 [107 kB]
2026-10-04T11:47:07.2351041Z Get:5 http://azure.archive.ubuntu.com/ubuntu noble/universe amd64 fonts-unifont all 1:15.1.01-1build1 [2993 kB]
2026-10-04T11:47:07.3540951Z Get:6 http://azure.archive.ubuntu.com/ubuntu noble/universe amd64 fonts-wqy-zenhei all 0.9.45-8 [7472 kB]
2026-10-04T11:47:07.5355391Z Get:7 http://azure.archive.ubuntu.com/ubuntu noble-updates/main amd64 libgl1-mesa-dri amd64 25.2.8-0ubuntu0.24.04.4 [38.0 kB]
2026-10-04T11:47:07.5831232Z Get:8 http://azure.archive.ubuntu.com/ubuntu noble-updates/main amd64 libglx-mesa0 amd64 25.2.8-0ubuntu0.24.04.4 [110 kB]
2026-10-04T11:47:07.6331508Z Get:9 http://azure.archive.ubuntu.com/ubuntu noble-updates/main amd64 libgbm1 amd64 25.2.8-0ubuntu0.24.04.4 [34.2 kB]
2026-10-04T11:47:07.6817601Z Get:10 http://azure.archive.ubuntu.com/ubuntu noble-updates/main amd64 mesa-libgallium amd64 25.2.8-0ubuntu0.24.04.4 [10.8 MB]
2026-10-04T11:47:07.9147437Z Get:11 http://azure.archive.ubuntu.com/ubuntu noble/main amd64 xfonts-encodings all 1:1.0.5-0ubuntu2 [578 kB]
2026-10-04T11:47:07.9677164Z Get:12 http://azure.archive.ubuntu.com/ubuntu noble/main amd64 xfonts-utils amd64 1:7.7+6build3 [94.4 kB]
2026-10-04T11:47:08.0139154Z Get:13 http://azure.archive.ubuntu.com/ubuntu noble/universe amd64 xfonts-cyrillic all 1:1.0.5+nmu1 [384 kB]
2026-10-04T11:47:08.0657676Z Get:14 http://azure.archive.ubuntu.com/ubuntu noble/main amd64 xfonts-scalable all 1:1.0.3-1.3 [304 kB]
2026-10-04T11:47:08.3238282Z Fetched 32.1 MB in 1s (22.7 MB/s)
2026-10-04T11:47:08.3450487Z Selecting previously unselected package fonts-ipafont-gothic.
2026-10-04T11:47:08.3660842Z (Reading database ... 
2026-10-04T11:47:08.3661602Z (Reading database ... 5%
2026-10-04T11:47:08.3661940Z (Reading database ... 10%
2026-10-04T11:47:08.3662210Z (Reading database ... 15%
2026-10-04T11:47:08.3662447Z (Reading database ... 20%
2026-10-04T11:47:08.3662794Z (Reading database ... 25%
2026-10-04T11:47:08.3663273Z (Reading database ... 30%
2026-10-04T11:47:08.3663505Z (Reading database ... 35%
2026-10-04T11:47:08.3663724Z (Reading database ... 40%
2026-10-04T11:47:08.3663940Z (Reading database ... 45%
2026-10-04T11:47:08.3664156Z (Reading database ... 50%
2026-10-04T11:47:08.3688419Z (Reading database ... 55%
2026-10-04T11:47:08.5047618Z (Reading database ... 60%
2026-10-04T11:47:08.7110902Z (Reading database ... 65%
2026-10-04T11:47:08.9171580Z (Reading database ... 70%
2026-10-04T11:47:09.1068067Z (Reading database ... 75%
2026-10-04T11:47:09.2660422Z (Reading database ... 80%
2026-10-04T11:47:09.4551052Z (Reading database ... 85%
2026-10-04T11:47:09.6632734Z (Reading database ... 90%
2026-10-04T11:47:09.8308674Z (Reading database ... 95%
2026-10-04T11:47:09.8309271Z (Reading database ... 100%
2026-10-04T11:47:09.8309649Z (Reading database ... 202296 files and directories currently installed.)
2026-10-04T11:47:09.8354859Z Preparing to unpack .../00-fonts-ipafont-gothic_00303-21ubuntu1_all.deb ...
2026-10-04T11:47:09.8449202Z Unpacking fonts-ipafont-gothic (00303-21ubuntu1) ...
2026-10-04T11:47:10.0793337Z Selecting previously unselected package fonts-freefont-ttf.
2026-10-04T11:47:10.0924761Z Preparing to unpack .../01-fonts-freefont-ttf_20211204+svn4273-2_all.deb ...
2026-10-04T11:47:10.0929752Z Unpacking fonts-freefont-ttf (20211204+svn4273-2) ...
2026-10-04T11:47:10.1728632Z Selecting previously unselected package fonts-tlwg-loma-otf.
2026-10-04T11:47:10.1859001Z Preparing to unpack .../02-fonts-tlwg-loma-otf_1%3a0.7.3-1_all.deb ...
2026-10-04T11:47:10.1864812Z Unpacking fonts-tlwg-loma-otf (1:0.7.3-1) ...
2026-10-04T11:47:10.2061368Z Selecting previously unselected package fonts-unifont.
2026-10-04T11:47:10.2187018Z Preparing to unpack .../03-fonts-unifont_1%3a15.1.01-1build1_all.deb ...
2026-10-04T11:47:10.2193872Z Unpacking fonts-unifont (1:15.1.01-1build1) ...
2026-10-04T11:47:10.3261060Z Selecting previously unselected package fonts-wqy-zenhei.
2026-10-04T11:47:10.3392990Z Preparing to unpack .../04-fonts-wqy-zenhei_0.9.45-8_all.deb ...
2026-10-04T11:47:10.3494416Z Unpacking fonts-wqy-zenhei (0.9.45-8) ...
2026-10-04T11:47:10.8334184Z Preparing to unpack .../05-libgl1-mesa-dri_25.2.8-0ubuntu0.24.04.4_amd64.deb ...
2026-10-04T11:47:10.8485890Z Unpacking libgl1-mesa-dri:amd64 (25.2.8-0ubuntu0.24.04.4) over (25.2.8-0ubuntu0.24.04.2) ...
2026-10-04T11:47:10.8974848Z Preparing to unpack .../06-libglx-mesa0_25.2.8-0ubuntu0.24.04.4_amd64.deb ...
2026-10-04T11:47:10.8996788Z Unpacking libglx-mesa0:amd64 (25.2.8-0ubuntu0.24.04.4) over (25.2.8-0ubuntu0.24.04.2) ...
2026-10-04T11:47:10.9357087Z Preparing to unpack .../07-libgbm1_25.2.8-0ubuntu0.24.04.4_amd64.deb ...
2026-10-04T11:47:10.9374577Z Unpacking libgbm1:amd64 (25.2.8-0ubuntu0.24.04.4) over (25.2.8-0ubuntu0.24.04.2) ...
2026-10-04T11:47:10.9738585Z Preparing to unpack .../08-mesa-libgallium_25.2.8-0ubuntu0.24.04.4_amd64.deb ...
2026-10-04T11:47:10.9755469Z Unpacking mesa-libgallium:amd64 (25.2.8-0ubuntu0.24.04.4) over (25.2.8-0ubuntu0.24.04.2) ...
2026-10-04T11:47:11.1470474Z Selecting previously unselected package xfonts-encodings.
2026-10-04T11:47:11.1602711Z Preparing to unpack .../09-xfonts-encodings_1%3a1.0.5-0ubuntu2_all.deb ...
2026-10-04T11:47:11.1608508Z Unpacking xfonts-encodings (1:1.0.5-0ubuntu2) ...
2026-10-04T11:47:11.1886709Z Selecting previously unselected package xfonts-utils.
2026-10-04T11:47:11.2014605Z Preparing to unpack .../10-xfonts-utils_1%3a7.7+6build3_amd64.deb ...
2026-10-04T11:47:11.2020331Z Unpacking xfonts-utils (1:7.7+6build3) ...
2026-10-04T11:47:11.2338545Z Selecting previously unselected package xfonts-cyrillic.
2026-10-04T11:47:11.2466903Z Preparing to unpack .../11-xfonts-cyrillic_1%3a1.0.5+nmu1_all.deb ...
2026-10-04T11:47:11.2472501Z Unpacking xfonts-cyrillic (1:1.0.5+nmu1) ...
2026-10-04T11:47:11.2785277Z Selecting previously unselected package xfonts-scalable.
2026-10-04T11:47:11.2912175Z Preparing to unpack .../12-xfonts-scalable_1%3a1.0.3-1.3_all.deb ...
2026-10-04T11:47:11.2918872Z Unpacking xfonts-scalable (1:1.0.3-1.3) ...
2026-10-04T11:47:11.3351570Z Setting up mesa-libgallium:amd64 (25.2.8-0ubuntu0.24.04.4) ...
2026-10-04T11:47:11.3368613Z Setting up libgbm1:amd64 (25.2.8-0ubuntu0.24.04.4) ...
2026-10-04T11:47:11.3382651Z Setting up libgl1-mesa-dri:amd64 (25.2.8-0ubuntu0.24.04.4) ...
2026-10-04T11:47:11.3454156Z Setting up fonts-wqy-zenhei (0.9.45-8) ...
2026-10-04T11:47:11.3562445Z Setting up fonts-freefont-ttf (20211204+svn4273-2) ...
2026-10-04T11:47:11.3575663Z Setting up fonts-tlwg-loma-otf (1:0.7.3-1) ...
2026-10-04T11:47:11.3588779Z Setting up xfonts-encodings (1:1.0.5-0ubuntu2) ...
2026-10-04T11:47:11.3602851Z Setting up fonts-ipafont-gothic (00303-21ubuntu1) ...
2026-10-04T11:47:11.3668388Z update-alternatives: using /usr/share/fonts/opentype/ipafont-gothic/ipag.ttf to provide /usr/share/fonts/truetype/fonts-japanese-gothic.ttf (fonts-japanese-gothic.ttf) in auto mode
2026-10-04T11:47:11.3684093Z Setting up fonts-unifont (1:15.1.01-1build1) ...
2026-10-04T11:47:11.3697751Z Setting up libglx-mesa0:amd64 (25.2.8-0ubuntu0.24.04.4) ...
2026-10-04T11:47:11.3711995Z Setting up xfonts-utils (1:7.7+6build3) ...
2026-10-04T11:47:11.3747374Z Setting up xfonts-cyrillic (1:1.0.5+nmu1) ...
2026-10-04T11:47:11.4044021Z Setting up xfonts-scalable (1:1.0.3-1.3) ...
2026-10-04T11:47:11.4329549Z Processing triggers for libc-bin (2.39-0ubuntu8.9) ...
2026-10-04T11:47:11.4597083Z Processing triggers for man-db (2.12.0-4build2) ...
2026-10-04T11:47:11.4615074Z Not building database; man-db/auto-update is not 'true'.
2026-10-04T11:47:11.4624841Z Processing triggers for fontconfig (2.15.0-1.1ubuntu2) ...
2026-10-04T11:47:12.1271215Z 
2026-10-04T11:47:12.1271728Z Running kernel seems to be up-to-date.
2026-10-04T11:47:12.1272141Z 
2026-10-04T11:47:12.1272309Z No services need to be restarted.
2026-10-04T11:47:12.1272612Z 
2026-10-04T11:47:12.1272726Z No containers need to be restarted.
2026-10-04T11:47:12.1272921Z 
2026-10-04T11:47:12.1273051Z No user sessions are running outdated binaries.
2026-10-04T11:47:12.1273269Z 
2026-10-04T11:47:12.1273482Z No VM guests are running outdated hypervisor (qemu) binaries on this host.
2026-10-04T11:47:13.0961480Z Downloading Chromium 143.0.7499.4 (playwright build v1200) from https://cdn.playwright.dev/dbazure/download/playwright/builds/chromium/1200/chromium-linux.zip
2026-10-04T11:47:13.3127690Z |                                                                                |   0% of 164.7 MiB
2026-10-04T11:47:13.5210786Z |■■■■■■■■                                                                        |  10% of 164.7 MiB
2026-10-04T11:47:13.6022704Z |■■■■■■■■■■■■■■■■                                                                |  20% of 164.7 MiB
2026-10-04T11:47:13.6779472Z |■■■■■■■■■■■■■■■■■■■■■■■■                                                        |  30% of 164.7 MiB
2026-10-04T11:47:13.7441798Z |■■■■■■■■■■■■■■■■■■■■■■■■■■■■■■■■                                                |  40% of 164.7 MiB
2026-10-04T11:47:13.8051150Z |■■■■■■■■■■■■■■■■■■■■■■■■■■■■■■■■■■■■■■■■                                        |  50% of 164.7 MiB
2026-10-04T11:47:13.8679562Z |■■■■■■■■■■■■■■■■■■■■■■■■■■■■■■■■■■■■■■■■■■■■■■■■                                |  60% of 164.7 MiB
2026-10-04T11:47:13.9259692Z |■■■■■■■■■■■■■■■■■■■■■■■■■■■■■■■■■■■■■■■■■■■■■■■■■■■■■■■■                        |  70% of 164.7 MiB
2026-10-04T11:47:13.9849188Z |■■■■■■■■■■■■■■■■■■■■■■■■■■■■■■■■■■■■■■■■■■■■■■■■■■■■■■■■■■■■■■■■                |  80% of 164.7 MiB
2026-10-04T11:47:14.0451129Z |■■■■■■■■■■■■■■■■■■■■■■■■■■■■■■■■■■■■■■■■■■■■■■■■■■■■■■■■■■■■■■■■■■■■■■■■        |  90% of 164.7 MiB
2026-10-04T11:47:14.1048104Z |■■■■■■■■■■■■■■■■■■■■■■■■■■■■■■■■■■■■■■■■■■■■■■■■■■■■■■■■■■■■■■■■■■■■■■■■■■■■■■■■| 100% of 164.7 MiB
2026-10-04T11:47:16.5314115Z Chromium 143.0.7499.4 (playwright build v1200) downloaded to /home/runner/.cache/ms-playwright/chromium-1200
2026-10-04T11:47:16.5317465Z Downloading FFMPEG playwright build v1011 from https://cdn.playwright.dev/dbazure/download/playwright/builds/ffmpeg/1011/ffmpeg-linux.zip
2026-10-04T11:47:16.7274733Z |                                                                                |   0% of 2.3 MiB
2026-10-04T11:47:16.7772656Z |■■■■■■■■                                                                        |  10% of 2.3 MiB
2026-10-04T11:47:16.7964603Z |■■■■■■■■■■■■■■■■                                                                |  20% of 2.3 MiB
2026-10-04T11:47:16.8134268Z |■■■■■■■■■■■■■■■■■■■■■■■■                                                        |  30% of 2.3 MiB
2026-10-04T11:47:16.8289119Z |■■■■■■■■■■■■■■■■■■■■■■■■■■■■■■■■                                                |  40% of 2.3 MiB
2026-10-04T11:47:16.8316038Z |■■■■■■■■■■■■■■■■■■■■■■■■■■■■■■■■■■■■■■■■                                        |  50% of 2.3 MiB
2026-10-04T11:47:16.8398228Z |■■■■■■■■■■■■■■■■■■■■■■■■■■■■■■■■■■■■■■■■■■■■■■■■                                |  60% of 2.3 MiB
2026-10-04T11:47:16.8481931Z |■■■■■■■■■■■■■■■■■■■■■■■■■■■■■■■■■■■■■■■■■■■■■■■■■■■■■■■■                        |  70% of 2.3 MiB
2026-10-04T11:47:16.8509414Z |■■■■■■■■■■■■■■■■■■■■■■■■■■■■■■■■■■■■■■■■■■■■■■■■■■■■■■■■■■■■■■■■                |  80% of 2.3 MiB
2026-10-04T11:47:16.8650523Z |■■■■■■■■■■■■■■■■■■■■■■■■■■■■■■■■■■■■■■■■■■■■■■■■■■■■■■■■■■■■■■■■■■■■■■■■        |  90% of 2.3 MiB
2026-10-04T11:47:16.8664437Z |■■■■■■■■■■■■■■■■■■■■■■■■■■■■■■■■■■■■■■■■■■■■■■■■■■■■■■■■■■■■■■■■■■■■■■■■■■■■■■■■| 100% of 2.3 MiB
2026-10-04T11:47:16.9184808Z FFMPEG playwright build v1011 downloaded to /home/runner/.cache/ms-playwright/ffmpeg-1011
2026-10-04T11:47:16.9188418Z Downloading Chromium Headless Shell 143.0.7499.4 (playwright build v1200) from https://cdn.playwright.dev/dbazure/download/playwright/builds/chromium/1200/chromium-headless-shell-linux.zip
2026-10-04T11:47:17.1278209Z |                                                                                |   0% of 109.7 MiB
2026-10-04T11:47:17.3045556Z |■■■■■■■■                                                                        |  10% of 109.7 MiB
2026-10-04T11:47:17.3701796Z |■■■■■■■■■■■■■■■■                                                                |  20% of 109.7 MiB
2026-10-04T11:47:17.4249303Z |■■■■■■■■■■■■■■■■■■■■■■■■                                                        |  30% of 109.7 MiB
2026-10-04T11:47:17.4793177Z |■■■■■■■■■■■■■■■■■■■■■■■■■■■■■■■■                                                |  40% of 109.7 MiB
2026-10-04T11:47:17.5264825Z |■■■■■■■■■■■■■■■■■■■■■■■■■■■■■■■■■■■■■■■■                                        |  50% of 109.7 MiB
2026-10-04T11:47:17.5811473Z |■■■■■■■■■■■■■■■■■■■■■■■■■■■■■■■■■■■■■■■■■■■■■■■■                                |  60% of 109.7 MiB
2026-10-04T11:47:17.6282832Z |■■■■■■■■■■■■■■■■■■■■■■■■■■■■■■■■■■■■■■■■■■■■■■■■■■■■■■■■                        |  70% of 109.7 MiB
2026-10-04T11:47:17.6780676Z |■■■■■■■■■■■■■■■■■■■■■■■■■■■■■■■■■■■■■■■■■■■■■■■■■■■■■■■■■■■■■■■■                |  80% of 109.7 MiB
2026-10-04T11:47:17.7273966Z |■■■■■■■■■■■■■■■■■■■■■■■■■■■■■■■■■■■■■■■■■■■■■■■■■■■■■■■■■■■■■■■■■■■■■■■■        |  90% of 109.7 MiB
2026-10-04T11:47:17.7761067Z |■■■■■■■■■■■■■■■■■■■■■■■■■■■■■■■■■■■■■■■■■■■■■■■■■■■■■■■■■■■■■■■■■■■■■■■■■■■■■■■■| 100% of 109.7 MiB
2026-10-04T11:47:19.5677986Z Chromium Headless Shell 143.0.7499.4 (playwright build v1200) downloaded to /home/runner/.cache/ms-playwright/chromium_headless_shell-1200
2026-10-04T11:47:19.5841425Z ##[group]Run timeout -k 5s 160s bash scripts/verify_report_browser.sh "$RUNNER_TEMP/requested-report/report/report_CURRENT.html" "$RUNNER_TEMP/requested-report"
2026-10-04T11:47:19.5842732Z [36;1mtimeout -k 5s 160s bash scripts/verify_report_browser.sh "$RUNNER_TEMP/requested-report/report/report_CURRENT.html" "$RUNNER_TEMP/requested-report"[0m
2026-10-04T11:47:19.5913947Z shell: /usr/bin/bash --noprofile --norc -e -o pipefail {0}
2026-10-04T11:47:19.5914308Z env:
2026-10-04T11:47:19.5914585Z   pythonLocation: /opt/hostedtoolcache/Python/3.12.14/x64
2026-10-04T11:47:19.5915065Z   PKG_CONFIG_PATH: /opt/hostedtoolcache/Python/3.12.14/x64/lib/pkgconfig
2026-10-04T11:47:19.5915499Z   Python_ROOT_DIR: /opt/hostedtoolcache/Python/3.12.14/x64
2026-10-04T11:47:19.5915887Z   Python2_ROOT_DIR: /opt/hostedtoolcache/Python/3.12.14/x64
2026-10-04T11:47:19.5916266Z   Python3_ROOT_DIR: /opt/hostedtoolcache/Python/3.12.14/x64
2026-10-04T11:47:19.5916675Z   LD_LIBRARY_PATH: /opt/hostedtoolcache/Python/3.12.14/x64/lib
2026-10-04T11:47:19.5917162Z   PLAYWRIGHT_MODULE: /home/runner/work/_temp/report-browser/node_modules/playwright
2026-10-04T11:47:19.5917574Z ##[endgroup]
2026-10-04T11:47:25.0850458Z Browser evidence: passed JSON and actual PNG verified
2026-10-04T11:47:25.0969157Z ##[group]Run actions/upload-artifact@v4
2026-10-04T11:47:25.0969601Z with:
2026-10-04T11:47:25.0970112Z   name: requested-report-preview
2026-10-04T11:47:25.0972165Z   path: /home/runner/work/_temp/requested-report/report/
/home/runner/work/_temp/requested-report/run_status.json
/home/runner/work/_temp/requested-report/report-preview*.png
/home/runner/work/_temp/requested-report/browser-verification.json
/home/runner/work/_temp/requested-report/browser-verification.log

2026-10-04T11:47:25.0974264Z   retention-days: 30
2026-10-04T11:47:25.0974618Z   if-no-files-found: warn
2026-10-04T11:47:25.0974988Z   compression-level: 6
2026-10-04T11:47:25.0975341Z   overwrite: false
2026-10-04T11:47:25.0975684Z   include-hidden-files: false
2026-10-04T11:47:25.0976055Z env:
2026-10-04T11:47:25.0976445Z   pythonLocation: /opt/hostedtoolcache/Python/3.12.14/x64
2026-10-04T11:47:25.0977137Z   PKG_CONFIG_PATH: /opt/hostedtoolcache/Python/3.12.14/x64/lib/pkgconfig
2026-10-04T11:47:25.0977869Z   Python_ROOT_DIR: /opt/hostedtoolcache/Python/3.12.14/x64
2026-10-04T11:47:25.0978494Z   Python2_ROOT_DIR: /opt/hostedtoolcache/Python/3.12.14/x64
2026-10-04T11:47:25.0979109Z   Python3_ROOT_DIR: /opt/hostedtoolcache/Python/3.12.14/x64
2026-10-04T11:47:25.0979730Z   LD_LIBRARY_PATH: /opt/hostedtoolcache/Python/3.12.14/x64/lib
2026-10-04T11:47:25.0980609Z ##[endgroup]
2026-10-04T11:47:25.2733762Z (node:4137) [DEP0040] DeprecationWarning: The `punycode` module is deprecated. Please use a userland alternative instead.
2026-10-04T11:47:25.2735057Z (Use `node --trace-deprecation ...` to show where the warning was created)
2026-10-04T11:47:25.2873784Z With the provided path, there will be 10 files uploaded
2026-10-04T11:47:25.2879413Z Artifact name is valid!
2026-10-04T11:47:25.2880599Z Root directory input is valid!
2026-10-04T11:47:25.5927319Z Beginning upload of artifact content to blob storage
2026-10-04T11:47:25.8470328Z (node:4137) [DEP0169] DeprecationWarning: `url.parse()` behavior is not standardized and prone to errors that have security implications. Use the WHATWG URL API instead. CVEs are not issued for `url.parse()` vulnerabilities.
2026-10-04T11:47:26.4080762Z Uploaded bytes 2509348
2026-10-04T11:47:26.4623668Z Finished uploading artifact content to blob storage!
2026-10-04T11:47:26.4625156Z SHA256 digest of uploaded artifact zip is 62d00ce7313f57ba6d15e6e3d4448bab6b7eb898b75dc7d809ce3f7289c3995a
2026-10-04T11:47:26.4626479Z Finalizing artifact upload
2026-10-04T11:47:26.7285475Z Artifact requested-report-preview.zip successfully finalized. Artifact ID 11302731493
2026-10-04T11:47:26.7286696Z Artifact requested-report-preview has been successfully uploaded! Final size is 2509348 bytes. Artifact ID is 11302731493
2026-10-04T11:47:26.7293691Z Artifact download URL: https://github.com/Horororong/quant-marcap-runner/actions/runs/37199649791/artifacts/11302731493
2026-10-04T11:47:26.7440462Z ##[group]Run python -c "import sys; sys.path.insert(0, 'scripts'); import quant_backtest_template_CURRENT as c; c._self_test(); from strategy_dsl_runner import load_project_engine; from pathlib import Path; load_project_engine(Path.cwd())._self_test(); print('TEMPLATE SELF-TESTS: PASS')"
2026-10-04T11:47:26.7442600Z [36;1mpython -c "import sys; sys.path.insert(0, 'scripts'); import quant_backtest_template_CURRENT as c; c._self_test(); from strategy_dsl_runner import load_project_engine; from pathlib import Path; load_project_engine(Path.cwd())._self_test(); print('TEMPLATE SELF-TESTS: PASS')"[0m
2026-10-04T11:47:26.7518188Z shell: /usr/bin/bash -e {0}
2026-10-04T11:47:26.7518485Z env:
2026-10-04T11:47:26.7518770Z   pythonLocation: /opt/hostedtoolcache/Python/3.12.14/x64
2026-10-04T11:47:26.7519228Z   PKG_CONFIG_PATH: /opt/hostedtoolcache/Python/3.12.14/x64/lib/pkgconfig
2026-10-04T11:47:26.7519670Z   Python_ROOT_DIR: /opt/hostedtoolcache/Python/3.12.14/x64
2026-10-04T11:47:26.7520265Z   Python2_ROOT_DIR: /opt/hostedtoolcache/Python/3.12.14/x64
2026-10-04T11:47:26.7520658Z   Python3_ROOT_DIR: /opt/hostedtoolcache/Python/3.12.14/x64
2026-10-04T11:47:26.7521049Z   LD_LIBRARY_PATH: /opt/hostedtoolcache/Python/3.12.14/x64/lib
2026-10-04T11:47:26.7521384Z ##[endgroup]
2026-10-04T11:47:37.5674626Z TEMPLATE SELF-TESTS: PASS
2026-10-04T11:47:37.6383264Z ##[group]Run python scripts/test_krx_history_audit.py
2026-10-04T11:47:37.6383715Z [36;1mpython scripts/test_krx_history_audit.py[0m
2026-10-04T11:47:37.6450905Z shell: /usr/bin/bash -e {0}
2026-10-04T11:47:37.6451162Z env:
2026-10-04T11:47:37.6451447Z   pythonLocation: /opt/hostedtoolcache/Python/3.12.14/x64
2026-10-04T11:47:37.6451888Z   PKG_CONFIG_PATH: /opt/hostedtoolcache/Python/3.12.14/x64/lib/pkgconfig
2026-10-04T11:47:37.6452320Z   Python_ROOT_DIR: /opt/hostedtoolcache/Python/3.12.14/x64
2026-10-04T11:47:37.6452699Z   Python2_ROOT_DIR: /opt/hostedtoolcache/Python/3.12.14/x64
2026-10-04T11:47:37.6453080Z   Python3_ROOT_DIR: /opt/hostedtoolcache/Python/3.12.14/x64
2026-10-04T11:47:37.6453486Z   LD_LIBRARY_PATH: /opt/hostedtoolcache/Python/3.12.14/x64/lib
2026-10-04T11:47:37.6453822Z ##[endgroup]
2026-10-04T11:47:45.9445780Z REAL KRX 2020 HISTORY AUDIT: {"codes": 2426, "candidate_counts": {"close_reference_return_difference": 290, "left_censored_observation_start": 102, "right_censored_observation_end": 38}}
2026-10-04T11:47:45.9447057Z KRX HISTORY COVERAGE AND DIAGNOSTICS: PASS
2026-10-04T11:47:46.0240218Z ##[group]Run python scripts/test_held_return_guard.py
2026-10-04T11:47:46.0240932Z [36;1mpython scripts/test_held_return_guard.py[0m
2026-10-04T11:47:46.0336422Z shell: /usr/bin/bash -e {0}
2026-10-04T11:47:46.0336821Z env:
2026-10-04T11:47:46.0337292Z   pythonLocation: /opt/hostedtoolcache/Python/3.12.14/x64
2026-10-04T11:47:46.0338023Z   PKG_CONFIG_PATH: /opt/hostedtoolcache/Python/3.12.14/x64/lib/pkgconfig
2026-10-04T11:47:46.0338752Z   Python_ROOT_DIR: /opt/hostedtoolcache/Python/3.12.14/x64
2026-10-04T11:47:46.0339386Z   Python2_ROOT_DIR: /opt/hostedtoolcache/Python/3.12.14/x64
2026-10-04T11:47:46.0340222Z   Python3_ROOT_DIR: /opt/hostedtoolcache/Python/3.12.14/x64
2026-10-04T11:47:46.0340875Z   LD_LIBRARY_PATH: /opt/hostedtoolcache/Python/3.12.14/x64/lib
2026-10-04T11:47:46.0341423Z ##[endgroup]
2026-10-04T11:47:53.0389696Z HELD RETURN GUARD AND REAL ECOPRO SPLIT E2E: PASS
2026-10-04T11:47:53.1208135Z ##[group]Run python scripts/test_corporate_action_reconciliation.py
2026-10-04T11:47:53.1208684Z [36;1mpython scripts/test_corporate_action_reconciliation.py[0m
2026-10-04T11:47:53.1279285Z shell: /usr/bin/bash -e {0}
2026-10-04T11:47:53.1279564Z env:
2026-10-04T11:47:53.1279850Z   pythonLocation: /opt/hostedtoolcache/Python/3.12.14/x64
2026-10-04T11:47:53.1280498Z   PKG_CONFIG_PATH: /opt/hostedtoolcache/Python/3.12.14/x64/lib/pkgconfig
2026-10-04T11:47:53.1280948Z   Python_ROOT_DIR: /opt/hostedtoolcache/Python/3.12.14/x64
2026-10-04T11:47:53.1281349Z   Python2_ROOT_DIR: /opt/hostedtoolcache/Python/3.12.14/x64
2026-10-04T11:47:53.1281749Z   Python3_ROOT_DIR: /opt/hostedtoolcache/Python/3.12.14/x64
2026-10-04T11:47:53.1282145Z   LD_LIBRARY_PATH: /opt/hostedtoolcache/Python/3.12.14/x64/lib
2026-10-04T11:47:53.1282476Z ##[endgroup]
2026-10-04T11:48:09.6275624Z CORPORATE ACTION RECONCILIATION AND REAL SHARE-CLASS E2E: PASS
2026-10-04T11:48:09.7135979Z ##[group]Run python scripts/test_krx_market_normalization.py
2026-10-04T11:48:09.7136656Z [36;1mpython scripts/test_krx_market_normalization.py[0m
2026-10-04T11:48:09.7205982Z shell: /usr/bin/bash -e {0}
2026-10-04T11:48:09.7206443Z env:
2026-10-04T11:48:09.7206839Z   pythonLocation: /opt/hostedtoolcache/Python/3.12.14/x64
2026-10-04T11:48:09.7207544Z   PKG_CONFIG_PATH: /opt/hostedtoolcache/Python/3.12.14/x64/lib/pkgconfig
2026-10-04T11:48:09.7208176Z   Python_ROOT_DIR: /opt/hostedtoolcache/Python/3.12.14/x64
2026-10-04T11:48:09.7208740Z   Python2_ROOT_DIR: /opt/hostedtoolcache/Python/3.12.14/x64
2026-10-04T11:48:09.7209316Z   Python3_ROOT_DIR: /opt/hostedtoolcache/Python/3.12.14/x64
2026-10-04T11:48:09.7209878Z   LD_LIBRARY_PATH: /opt/hostedtoolcache/Python/3.12.14/x64/lib
2026-10-04T11:48:09.7210582Z ##[endgroup]
2026-10-04T11:48:18.4634678Z KRX MARKET NORMALIZATION, EXACT RESTORATION AND BOTH PUBLIC MODES: PASS
2026-10-04T11:48:18.5573512Z ##[group]Run python scripts/test_verified_autumn_splits.py scripts/krx_market_normalization.py scripts/repair_krx_market_segments.py scripts/update_krx_equities_daily.py scripts/test_krx_market_normalization.py
2026-10-04T11:48:18.5574981Z [36;1mpython scripts/test_verified_autumn_splits.py scripts/krx_market_normalization.py scripts/repair_krx_market_segments.py scripts/update_krx_equities_daily.py scripts/test_krx_market_normalization.py[0m
2026-10-04T11:48:18.5643862Z shell: /usr/bin/bash -e {0}
2026-10-04T11:48:18.5644134Z env:
2026-10-04T11:48:18.5644423Z   pythonLocation: /opt/hostedtoolcache/Python/3.12.14/x64
2026-10-04T11:48:18.5644886Z   PKG_CONFIG_PATH: /opt/hostedtoolcache/Python/3.12.14/x64/lib/pkgconfig
2026-10-04T11:48:18.5645325Z   Python_ROOT_DIR: /opt/hostedtoolcache/Python/3.12.14/x64
2026-10-04T11:48:18.5645719Z   Python2_ROOT_DIR: /opt/hostedtoolcache/Python/3.12.14/x64
2026-10-04T11:48:18.5646105Z   Python3_ROOT_DIR: /opt/hostedtoolcache/Python/3.12.14/x64
2026-10-04T11:48:18.5646517Z   LD_LIBRARY_PATH: /opt/hostedtoolcache/Python/3.12.14/x64/lib
2026-10-04T11:48:18.5646853Z ##[endgroup]
2026-10-04T11:48:41.4956048Z VERIFIED AUTUMN SPLITS AND BOTH PUBLIC KRX MODES: PASS
2026-10-04T11:48:41.5809744Z ##[group]Run python scripts/test_strategy_dsl_aliases.py
2026-10-04T11:48:41.5810460Z [36;1mpython scripts/test_strategy_dsl_aliases.py[0m
2026-10-04T11:48:41.5878274Z shell: /usr/bin/bash -e {0}
2026-10-04T11:48:41.5878550Z env:
2026-10-04T11:48:41.5878843Z   pythonLocation: /opt/hostedtoolcache/Python/3.12.14/x64
2026-10-04T11:48:41.5879292Z   PKG_CONFIG_PATH: /opt/hostedtoolcache/Python/3.12.14/x64/lib/pkgconfig
2026-10-04T11:48:41.5879741Z   Python_ROOT_DIR: /opt/hostedtoolcache/Python/3.12.14/x64
2026-10-04T11:48:41.5880451Z   Python2_ROOT_DIR: /opt/hostedtoolcache/Python/3.12.14/x64
2026-10-04T11:48:41.5880833Z   Python3_ROOT_DIR: /opt/hostedtoolcache/Python/3.12.14/x64
2026-10-04T11:48:41.5881216Z   LD_LIBRARY_PATH: /opt/hostedtoolcache/Python/3.12.14/x64/lib
2026-10-04T11:48:41.5881548Z ##[endgroup]
2026-10-04T11:48:41.9503466Z STRATEGY DSL ALIAS TEST: PASS
2026-10-04T11:48:41.9995857Z ##[group]Run python scripts/strategy_dsl_runner.py config/strategies/kr_equity_rank_demo.json --validate-only
2026-10-04T11:48:41.9996652Z [36;1mpython scripts/strategy_dsl_runner.py config/strategies/kr_equity_rank_demo.json --validate-only[0m
2026-10-04T11:48:42.0064466Z shell: /usr/bin/bash -e {0}
2026-10-04T11:48:42.0064743Z env:
2026-10-04T11:48:42.0065026Z   pythonLocation: /opt/hostedtoolcache/Python/3.12.14/x64
2026-10-04T11:48:42.0065481Z   PKG_CONFIG_PATH: /opt/hostedtoolcache/Python/3.12.14/x64/lib/pkgconfig
2026-10-04T11:48:42.0065923Z   Python_ROOT_DIR: /opt/hostedtoolcache/Python/3.12.14/x64
2026-10-04T11:48:42.0066322Z   Python2_ROOT_DIR: /opt/hostedtoolcache/Python/3.12.14/x64
2026-10-04T11:48:42.0066706Z   Python3_ROOT_DIR: /opt/hostedtoolcache/Python/3.12.14/x64
2026-10-04T11:48:42.0067084Z   LD_LIBRARY_PATH: /opt/hostedtoolcache/Python/3.12.14/x64/lib
2026-10-04T11:48:42.0067411Z ##[endgroup]
2026-10-04T11:48:42.4428585Z {
2026-10-04T11:48:42.4428994Z   "schema_version": "1.0",
2026-10-04T11:48:42.4429298Z   "strategy_id": "kr_equity_rank_demo",
2026-10-04T11:48:42.4429818Z   "strategy_fingerprint": "b5f95edca5a159de97ff24437496578210a21c6a6afc6c6ca3cca38cf2d67fff",
2026-10-04T11:48:42.4430540Z   "factor_registry_version": "7",
2026-10-04T11:48:42.4430844Z   "execution_engine_version": "v2-16-exec-3",
2026-10-04T11:48:42.4431167Z   "corporate_action_registry_version": "5",
2026-10-04T11:48:42.4431469Z   "dsl_machine_contract_version": "23",
2026-10-04T11:48:42.4431758Z   "preflight_contract_version": "3",
2026-10-04T11:48:42.4432044Z   "history_audit_contract_version": "1",
2026-10-04T11:48:42.4432334Z   "krx_market_normalization_version": "1",
2026-10-04T11:48:42.4432634Z   "project_template_version": "v2-16",
2026-10-04T11:48:42.4432925Z   "performance_template_version": "v2-18",
2026-10-04T11:48:42.4433229Z   "asset_class": "kr_equity",
2026-10-04T11:48:42.4433480Z   "data_contract": {
2026-10-04T11:48:42.4433810Z     "price_universe": "data/krx_equities/yearly/marcap-YYYY.parquet",
2026-10-04T11:48:42.4434195Z     "factor_sources": [
2026-10-04T11:48:42.4434428Z       "krx"
2026-10-04T11:48:42.4434618Z     ],
2026-10-04T11:48:42.4434826Z     "pit_required": true,
2026-10-04T11:48:42.4435311Z     "held_return_reference": "mandatory ChangesRatio/100 at execution; no automatic replacement of NAV returns",
2026-10-04T11:48:42.4435836Z     "held_return_tolerance_bps": 1.0,
2026-10-04T11:48:42.4436400Z     "session_coverage": "exact XKRX sessions in requested period for each requested market; fail on missing or unexpected dates"
2026-10-04T11:48:42.4436937Z   },
2026-10-04T11:48:42.4437132Z   "universe": {
2026-10-04T11:48:42.4437338Z     "markets": [
2026-10-04T11:48:42.4437540Z       "KOSPI",
2026-10-04T11:48:42.4437740Z       "KOSDAQ"
2026-10-04T11:48:42.4437925Z     ],
2026-10-04T11:48:42.4438115Z     "filters": [
2026-10-04T11:48:42.4438319Z       {
2026-10-04T11:48:42.4438518Z         "field": "Amount",
2026-10-04T11:48:42.4438760Z         "op": "gt",
2026-10-04T11:48:42.4438972Z         "value": 0
2026-10-04T11:48:42.4439178Z       },
2026-10-04T11:48:42.4439663Z       {
2026-10-04T11:48:42.4439858Z         "field": "Marcap",
2026-10-04T11:48:42.4440314Z         "op": "exclude_bottom_pct",
2026-10-04T11:48:42.4440583Z         "value": 20
2026-10-04T11:48:42.4440783Z       }
2026-10-04T11:48:42.4440963Z     ],
2026-10-04T11:48:42.4441194Z     "require_tradable_on_signal": true
2026-10-04T11:48:42.4441462Z   },
2026-10-04T11:48:42.4441643Z   "factors": [
2026-10-04T11:48:42.4441835Z     {
2026-10-04T11:48:42.4442030Z       "name": "size",
2026-10-04T11:48:42.4442251Z       "source": "krx",
2026-10-04T11:48:42.4442471Z       "field": "Marcap",
2026-10-04T11:48:42.4442710Z       "direction": "low",
2026-10-04T11:48:42.4442935Z       "weight": 1.0,
2026-10-04T11:48:42.4443161Z       "transform": "identity"
2026-10-04T11:48:42.4443394Z     },
2026-10-04T11:48:42.4443569Z     {
2026-10-04T11:48:42.4443767Z       "name": "liquidity",
2026-10-04T11:48:42.4444213Z       "source": "krx",
2026-10-04T11:48:42.4444430Z       "field": "Amount",
2026-10-04T11:48:42.4444663Z       "direction": "high",
2026-10-04T11:48:42.4444887Z       "weight": 0.25,
2026-10-04T11:48:42.4445103Z       "transform": "log1p"
2026-10-04T11:48:42.4445326Z     }
2026-10-04T11:48:42.4445502Z   ],
2026-10-04T11:48:42.4445702Z   "factor_contracts": [
2026-10-04T11:48:42.4445921Z     {
2026-10-04T11:48:42.4446106Z       "name": "size",
2026-10-04T11:48:42.4446324Z       "source": "krx",
2026-10-04T11:48:42.4446560Z       "field": "Marcap",
2026-10-04T11:48:42.4446787Z       "storage": "panel",
2026-10-04T11:48:42.4447072Z       "description": "signal-date market capitalization"
2026-10-04T11:48:42.4447383Z     },
2026-10-04T11:48:42.4447568Z     {
2026-10-04T11:48:42.4447757Z       "name": "liquidity",
2026-10-04T11:48:42.4447982Z       "source": "krx",
2026-10-04T11:48:42.4448196Z       "field": "Amount",
2026-10-04T11:48:42.4448414Z       "storage": "panel",
2026-10-04T11:48:42.4448672Z       "description": "signal-date traded amount"
2026-10-04T11:48:42.4448961Z     }
2026-10-04T11:48:42.4449134Z   ],
2026-10-04T11:48:42.4449329Z   "filter_contracts": [
2026-10-04T11:48:42.4449545Z     {
2026-10-04T11:48:42.4449725Z       "field": "Amount",
2026-10-04T11:48:42.4450127Z       "source": "krx",
2026-10-04T11:48:42.4450382Z       "storage": "panel",
2026-10-04T11:48:42.4450641Z       "description": "signal-date traded amount"
2026-10-04T11:48:42.4450928Z     },
2026-10-04T11:48:42.4451105Z     {
2026-10-04T11:48:42.4451293Z       "field": "Marcap",
2026-10-04T11:48:42.4451520Z       "source": "krx",
2026-10-04T11:48:42.4451736Z       "storage": "panel",
2026-10-04T11:48:42.4452032Z       "description": "signal-date market capitalization"
2026-10-04T11:48:42.4452339Z     }
2026-10-04T11:48:42.4452514Z   ],
2026-10-04T11:48:42.4452702Z   "benchmark": null,
2026-10-04T11:48:42.4452919Z   "portfolio": {
2026-10-04T11:48:42.4453139Z     "number_of_positions": 20,
2026-10-04T11:48:42.4453390Z     "weighting": "equal",
2026-10-04T11:48:42.4469859Z     "selection": "top_n"
2026-10-04T11:48:42.4470350Z   },
2026-10-04T11:48:42.4470586Z   "decile_contract": null,
2026-10-04T11:48:42.4470944Z   "rebalance": {
2026-10-04T11:48:42.4471243Z     "frequency": "months",
2026-10-04T11:48:42.4471575Z     "months": [
2026-10-04T11:48:42.4471850Z       4,
2026-10-04T11:48:42.4472104Z       10
2026-10-04T11:48:42.4472352Z     ],
2026-10-04T11:48:42.4472623Z     "trading_day": "last"
2026-10-04T11:48:42.4472943Z   },
2026-10-04T11:48:42.4473202Z   "execution": {
2026-10-04T11:48:42.4473502Z     "lag_sessions": 1,
2026-10-04T11:48:42.4473822Z     "price": "next_close"
2026-10-04T11:48:42.4474127Z   },
2026-10-04T11:48:42.4474383Z   "cost_scenarios": {
2026-10-04T11:48:42.4474783Z     "base": {
2026-10-04T11:48:42.4475124Z       "commission_bps": 1.5,
2026-10-04T11:48:42.4475495Z       "sell_tax_bps": 15.0,
2026-10-04T11:48:42.4475841Z       "spread_bps": 3.0,
2026-10-04T11:48:42.4476184Z       "slippage_bps": 5.0,
2026-10-04T11:48:42.4476578Z       "market_impact_bps": 0.0
2026-10-04T11:48:42.4476955Z     }
2026-10-04T11:48:42.4477485Z   },
2026-10-04T11:48:42.4477763Z   "period": {
2026-10-04T11:48:42.4478083Z     "start": "2021-01-01",
2026-10-04T11:48:42.4478421Z     "end": "2026-08-31",
2026-10-04T11:48:42.4478780Z     "book_start": "2021-01-01",
2026-10-04T11:48:42.4479120Z     "book_end": "2026-08-31",
2026-10-04T11:48:42.4479371Z     "as_of_date": "2026-09-30"
2026-10-04T11:48:42.4479602Z   },
2026-10-04T11:48:42.4479805Z   "initial_capital": 10000000.0,
2026-10-04T11:48:42.4480453Z   "canonical_metrics_source": "scripts/quant_backtest_template_CURRENT.py",
2026-10-04T11:48:42.4480994Z   "project_engine": "scripts/quant_backtest_template_PROJECT_v2-16_CURRENT.py"
2026-10-04T11:48:42.4481469Z }
2026-10-04T11:48:42.5080652Z ##[group]Run python scripts/test_strategy_dsl_preflight.py
2026-10-04T11:48:42.5081124Z [36;1mpython scripts/test_strategy_dsl_preflight.py[0m
2026-10-04T11:48:42.5148617Z shell: /usr/bin/bash -e {0}
2026-10-04T11:48:42.5148886Z env:
2026-10-04T11:48:42.5149272Z   pythonLocation: /opt/hostedtoolcache/Python/3.12.14/x64
2026-10-04T11:48:42.5149743Z   PKG_CONFIG_PATH: /opt/hostedtoolcache/Python/3.12.14/x64/lib/pkgconfig
2026-10-04T11:48:42.5150477Z   Python_ROOT_DIR: /opt/hostedtoolcache/Python/3.12.14/x64
2026-10-04T11:48:42.5150871Z   Python2_ROOT_DIR: /opt/hostedtoolcache/Python/3.12.14/x64
2026-10-04T11:48:42.5151262Z   Python3_ROOT_DIR: /opt/hostedtoolcache/Python/3.12.14/x64
2026-10-04T11:48:42.5151665Z   LD_LIBRARY_PATH: /opt/hostedtoolcache/Python/3.12.14/x64/lib
2026-10-04T11:48:42.5152002Z ##[endgroup]
2026-10-04T11:48:47.6017355Z STRATEGY DSL PREFLIGHT TEST: PASS
2026-10-04T11:48:47.6775684Z ##[group]Run python scripts/test_corporate_action_preflight.py
2026-10-04T11:48:47.6776167Z [36;1mpython scripts/test_corporate_action_preflight.py[0m
2026-10-04T11:48:47.6843576Z shell: /usr/bin/bash -e {0}
2026-10-04T11:48:47.6843845Z env:
2026-10-04T11:48:47.6844125Z   pythonLocation: /opt/hostedtoolcache/Python/3.12.14/x64
2026-10-04T11:48:47.6844581Z   PKG_CONFIG_PATH: /opt/hostedtoolcache/Python/3.12.14/x64/lib/pkgconfig
2026-10-04T11:48:47.6845037Z   Python_ROOT_DIR: /opt/hostedtoolcache/Python/3.12.14/x64
2026-10-04T11:48:47.6845419Z   Python2_ROOT_DIR: /opt/hostedtoolcache/Python/3.12.14/x64
2026-10-04T11:48:47.6845806Z   Python3_ROOT_DIR: /opt/hostedtoolcache/Python/3.12.14/x64
2026-10-04T11:48:47.6846191Z   LD_LIBRARY_PATH: /opt/hostedtoolcache/Python/3.12.14/x64/lib
2026-10-04T11:48:47.6846518Z ##[endgroup]
2026-10-04T11:49:03.8916293Z KNOWN CORPORATE-ACTION PREFLIGHT: PASS — real top_n/decile selection, exact lag, event-day order, successor lineage, source-only fast path and no NAV
2026-10-04T11:49:03.9695225Z ##[group]Run python scripts/test_strategy_dsl_benchmark.py
2026-10-04T11:49:03.9695671Z [36;1mpython scripts/test_strategy_dsl_benchmark.py[0m
2026-10-04T11:49:03.9762886Z shell: /usr/bin/bash -e {0}
2026-10-04T11:49:03.9763149Z env:
2026-10-04T11:49:03.9763424Z   pythonLocation: /opt/hostedtoolcache/Python/3.12.14/x64
2026-10-04T11:49:03.9763869Z   PKG_CONFIG_PATH: /opt/hostedtoolcache/Python/3.12.14/x64/lib/pkgconfig
2026-10-04T11:49:03.9764324Z   Python_ROOT_DIR: /opt/hostedtoolcache/Python/3.12.14/x64
2026-10-04T11:49:03.9764703Z   Python2_ROOT_DIR: /opt/hostedtoolcache/Python/3.12.14/x64
2026-10-04T11:49:03.9765086Z   Python3_ROOT_DIR: /opt/hostedtoolcache/Python/3.12.14/x64
2026-10-04T11:49:03.9765495Z   LD_LIBRARY_PATH: /opt/hostedtoolcache/Python/3.12.14/x64/lib
2026-10-04T11:49:03.9765820Z ##[endgroup]
2026-10-04T11:49:06.6592927Z STRATEGY DSL BENCHMARK TEST: PASS
2026-10-04T11:49:06.7345412Z ##[group]Run python scripts/test_strategy_dsl_deciles.py
2026-10-04T11:49:06.7346089Z [36;1mpython scripts/test_strategy_dsl_deciles.py[0m
2026-10-04T11:49:06.7423348Z shell: /usr/bin/bash -e {0}
2026-10-04T11:49:06.7423629Z env:
2026-10-04T11:49:06.7423925Z   pythonLocation: /opt/hostedtoolcache/Python/3.12.14/x64
2026-10-04T11:49:06.7424400Z   PKG_CONFIG_PATH: /opt/hostedtoolcache/Python/3.12.14/x64/lib/pkgconfig
2026-10-04T11:49:06.7424856Z   Python_ROOT_DIR: /opt/hostedtoolcache/Python/3.12.14/x64
2026-10-04T11:49:06.7425449Z   Python2_ROOT_DIR: /opt/hostedtoolcache/Python/3.12.14/x64
2026-10-04T11:49:06.7425842Z   Python3_ROOT_DIR: /opt/hostedtoolcache/Python/3.12.14/x64
2026-10-04T11:49:06.7426232Z   LD_LIBRARY_PATH: /opt/hostedtoolcache/Python/3.12.14/x64/lib
2026-10-04T11:49:06.7426561Z ##[endgroup]
2026-10-04T11:49:14.0785123Z STRATEGY DSL DECILE CONTRACT AND EXECUTION: PASS
2026-10-04T11:49:14.1583058Z ##[group]Run python scripts/test_dsl_deciles_e2e.py
2026-10-04T11:49:14.1583464Z [36;1mpython scripts/test_dsl_deciles_e2e.py[0m
2026-10-04T11:49:14.1650715Z shell: /usr/bin/bash -e {0}
2026-10-04T11:49:14.1650972Z env:
2026-10-04T11:49:14.1651253Z   pythonLocation: /opt/hostedtoolcache/Python/3.12.14/x64
2026-10-04T11:49:14.1651699Z   PKG_CONFIG_PATH: /opt/hostedtoolcache/Python/3.12.14/x64/lib/pkgconfig
2026-10-04T11:49:14.1652126Z   Python_ROOT_DIR: /opt/hostedtoolcache/Python/3.12.14/x64
2026-10-04T11:49:14.1652513Z   Python2_ROOT_DIR: /opt/hostedtoolcache/Python/3.12.14/x64
2026-10-04T11:49:14.1652905Z   Python3_ROOT_DIR: /opt/hostedtoolcache/Python/3.12.14/x64
2026-10-04T11:49:14.1653286Z   LD_LIBRARY_PATH: /opt/hostedtoolcache/Python/3.12.14/x64/lib
2026-10-04T11:49:14.1653614Z ##[endgroup]
2026-10-04T11:49:19.9771062Z STRATEGY DSL REAL KRX DECILE E2E: PASS
2026-10-04T11:49:20.0577953Z ##[group]Run python scripts/test_krx_technical_factor_adapter.py
2026-10-04T11:49:20.0578449Z [36;1mpython scripts/test_krx_technical_factor_adapter.py[0m
2026-10-04T11:49:20.0646196Z shell: /usr/bin/bash -e {0}
2026-10-04T11:49:20.0646465Z env:
2026-10-04T11:49:20.0646750Z   pythonLocation: /opt/hostedtoolcache/Python/3.12.14/x64
2026-10-04T11:49:20.0647204Z   PKG_CONFIG_PATH: /opt/hostedtoolcache/Python/3.12.14/x64/lib/pkgconfig
2026-10-04T11:49:20.0647691Z   Python_ROOT_DIR: /opt/hostedtoolcache/Python/3.12.14/x64
2026-10-04T11:49:20.0648083Z   Python2_ROOT_DIR: /opt/hostedtoolcache/Python/3.12.14/x64
2026-10-04T11:49:20.0648465Z   Python3_ROOT_DIR: /opt/hostedtoolcache/Python/3.12.14/x64
2026-10-04T11:49:20.0648872Z   LD_LIBRARY_PATH: /opt/hostedtoolcache/Python/3.12.14/x64/lib
2026-10-04T11:49:20.0649203Z ##[endgroup]
2026-10-04T11:49:20.6011639Z KRX TECHNICAL FACTOR ADAPTER TEST: PASS
2026-10-04T11:49:20.6651583Z ##[group]Run python scripts/test_krx_volatility_factor_adapter.py
2026-10-04T11:49:20.6652088Z [36;1mpython scripts/test_krx_volatility_factor_adapter.py[0m
2026-10-04T11:49:20.6736694Z shell: /usr/bin/bash -e {0}
2026-10-04T11:49:20.6736978Z env:
2026-10-04T11:49:20.6737274Z   pythonLocation: /opt/hostedtoolcache/Python/3.12.14/x64
2026-10-04T11:49:20.6737766Z   PKG_CONFIG_PATH: /opt/hostedtoolcache/Python/3.12.14/x64/lib/pkgconfig
2026-10-04T11:49:20.6738218Z   Python_ROOT_DIR: /opt/hostedtoolcache/Python/3.12.14/x64
2026-10-04T11:49:20.6738603Z   Python2_ROOT_DIR: /opt/hostedtoolcache/Python/3.12.14/x64
2026-10-04T11:49:20.6738996Z   Python3_ROOT_DIR: /opt/hostedtoolcache/Python/3.12.14/x64
2026-10-04T11:49:20.6739381Z   LD_LIBRARY_PATH: /opt/hostedtoolcache/Python/3.12.14/x64/lib
2026-10-04T11:49:20.6739730Z ##[endgroup]
2026-10-04T11:49:21.2167250Z KRX VOLATILITY FACTOR ADAPTER TEST: PASS
2026-10-04T11:49:21.2794964Z ##[group]Run python scripts/test_factor_registry.py
2026-10-04T11:49:21.2795380Z [36;1mpython scripts/test_factor_registry.py[0m
2026-10-04T11:49:21.2862785Z shell: /usr/bin/bash -e {0}
2026-10-04T11:49:21.2863049Z env:
2026-10-04T11:49:21.2863328Z   pythonLocation: /opt/hostedtoolcache/Python/3.12.14/x64
2026-10-04T11:49:21.2863772Z   PKG_CONFIG_PATH: /opt/hostedtoolcache/Python/3.12.14/x64/lib/pkgconfig
2026-10-04T11:49:21.2864212Z   Python_ROOT_DIR: /opt/hostedtoolcache/Python/3.12.14/x64
2026-10-04T11:49:21.2864596Z   Python2_ROOT_DIR: /opt/hostedtoolcache/Python/3.12.14/x64
2026-10-04T11:49:21.2864978Z   Python3_ROOT_DIR: /opt/hostedtoolcache/Python/3.12.14/x64
2026-10-04T11:49:21.2865356Z   LD_LIBRARY_PATH: /opt/hostedtoolcache/Python/3.12.14/x64/lib
2026-10-04T11:49:21.2865684Z ##[endgroup]
2026-10-04T11:49:21.7513578Z FACTOR PROVIDER REGISTRY TEST: PASS
2026-10-04T11:49:21.8204737Z ##[group]Run timeout -k 5s 840s python -u scripts/test_dart_custom_rebalance.py --real-data
2026-10-04T11:49:21.8205397Z [36;1mtimeout -k 5s 840s python -u scripts/test_dart_custom_rebalance.py --real-data[0m
2026-10-04T11:49:21.8275170Z shell: /usr/bin/bash -e {0}
2026-10-04T11:49:21.8275460Z env:
2026-10-04T11:49:21.8275770Z   pythonLocation: /opt/hostedtoolcache/Python/3.12.14/x64
2026-10-04T11:49:21.8276243Z   PKG_CONFIG_PATH: /opt/hostedtoolcache/Python/3.12.14/x64/lib/pkgconfig
2026-10-04T11:49:21.8276708Z   Python_ROOT_DIR: /opt/hostedtoolcache/Python/3.12.14/x64
2026-10-04T11:49:21.8277118Z   Python2_ROOT_DIR: /opt/hostedtoolcache/Python/3.12.14/x64
2026-10-04T11:49:21.8277530Z   Python3_ROOT_DIR: /opt/hostedtoolcache/Python/3.12.14/x64
2026-10-04T11:49:21.8277935Z   LD_LIBRARY_PATH: /opt/hostedtoolcache/Python/3.12.14/x64/lib
2026-10-04T11:49:21.8278279Z ##[endgroup]
2026-10-04T11:49:22.2852619Z test_all_months_explicit_policy_and_legacy_fingerprint (__main__.QuarterTests.test_all_months_explicit_policy_and_legacy_fingerprint) ... ok
2026-10-04T11:49:22.2863149Z test_candidate_window_and_year_boundary (__main__.QuarterTests.test_candidate_window_and_year_boundary) ... ok
2026-10-04T11:49:22.2877071Z test_dart_filter_inherits_selected_policy (__main__.QuarterTests.test_dart_filter_inherits_selected_policy) ... ok
2026-10-04T11:49:22.2954992Z test_kit_collects_actual_policy_dependencies (__main__.QuarterTests.test_kit_collects_actual_policy_dependencies) ... ok
2026-10-04T11:49:22.3200447Z test_latest_incomplete_report_cannot_fall_back_to_older_complete_quarter (__main__.QuarterTests.test_latest_incomplete_report_cannot_fall_back_to_older_complete_quarter) ... ok
2026-10-04T11:49:22.3209085Z test_missing_coverage_blocks_before_snapshot (__main__.QuarterTests.test_missing_coverage_blocks_before_snapshot) ... ok
2026-10-04T11:49:22.3304838Z test_missing_dependency_stays_nan (__main__.QuarterTests.test_missing_dependency_stays_nan) ... ok
2026-10-04T11:49:22.3485736Z test_newer_scope_report_beats_older_complete_scope (__main__.QuarterTests.test_newer_scope_report_beats_older_complete_scope) ... ok
2026-10-04T11:49:22.3872417Z test_no_cross_scope_subtraction_and_complete_ofs_fallback (__main__.QuarterTests.test_no_cross_scope_subtraction_and_complete_ofs_fallback) ... ok
2026-10-04T11:49:22.4216579Z test_predecessor_correction_date_is_not_hidden (__main__.QuarterTests.test_predecessor_correction_date_is_not_hidden) ... ok
2026-10-04T11:49:22.4435018Z test_q1_and_late_correction_are_pit (__main__.QuarterTests.test_q1_and_late_correction_are_pit) ... ok
2026-10-04T11:49:22.5067172Z test_q2_q3_and_q4_formulas (__main__.QuarterTests.test_q2_q3_and_q4_formulas) ... ok
2026-10-04T11:49:22.5280927Z test_report_with_no_registered_accounts_is_not_hidden (__main__.QuarterTests.test_report_with_no_registered_accounts_is_not_hidden) ... ok
2026-10-04T11:49:22.5671212Z test_shared_ranking_deciles_and_coverage_receive_policy (__main__.QuarterTests.test_shared_ranking_deciles_and_coverage_receive_policy) ... ok
2026-10-04T11:49:22.5671812Z 
2026-10-04T11:49:22.5672000Z ----------------------------------------------------------------------
2026-10-04T11:49:22.5672381Z Ran 14 tests in 0.291s
2026-10-04T11:49:22.5672536Z 
2026-10-04T11:49:22.5672621Z OK
2026-10-04T11:49:31.5701719Z REAL MAY 2020 DART Q1 SOURCE ORACLE: PASS 20200515001451
2026-10-04T11:49:31.5789574Z REAL CUSTOM-MONTH CHECKED NAV: START
2026-10-04T11:50:01.5812240Z REAL CUSTOM-MONTH CHECKED NAV: RUNNING 30s phase=execution
2026-10-04T11:50:31.5824733Z REAL CUSTOM-MONTH CHECKED NAV: RUNNING 60s phase=execution
2026-10-04T11:51:01.5838050Z REAL CUSTOM-MONTH CHECKED NAV: RUNNING 90s phase=execution
2026-10-04T11:51:31.5843656Z REAL CUSTOM-MONTH CHECKED NAV: RUNNING 120s phase=execution
2026-10-04T11:52:01.5853119Z REAL CUSTOM-MONTH CHECKED NAV: RUNNING 150s phase=execution
2026-10-04T11:52:31.5861953Z REAL CUSTOM-MONTH CHECKED NAV: RUNNING 180s phase=execution
2026-10-04T11:53:01.5882615Z REAL CUSTOM-MONTH CHECKED NAV: RUNNING 210s phase=execution
2026-10-04T11:53:31.5890587Z REAL CUSTOM-MONTH CHECKED NAV: RUNNING 240s phase=execution
2026-10-04T11:53:44.7440492Z REAL CUSTOM-MONTH CHECKED NAV: PASS (May signal, June t+1, Q1 PIT, validated NAV)
2026-10-04T11:53:44.8303859Z ##[group]Run python scripts/test_cash_share_exchange.py
2026-10-04T11:53:44.8304332Z [36;1mpython scripts/test_cash_share_exchange.py[0m
2026-10-04T11:53:44.8372088Z shell: /usr/bin/bash -e {0}
2026-10-04T11:53:44.8372391Z env:
2026-10-04T11:53:44.8372715Z   pythonLocation: /opt/hostedtoolcache/Python/3.12.14/x64
2026-10-04T11:53:44.8373206Z   PKG_CONFIG_PATH: /opt/hostedtoolcache/Python/3.12.14/x64/lib/pkgconfig
2026-10-04T11:53:44.8373680Z   Python_ROOT_DIR: /opt/hostedtoolcache/Python/3.12.14/x64
2026-10-04T11:53:44.8374101Z   Python2_ROOT_DIR: /opt/hostedtoolcache/Python/3.12.14/x64
2026-10-04T11:53:44.8374525Z   Python3_ROOT_DIR: /opt/hostedtoolcache/Python/3.12.14/x64
2026-10-04T11:53:44.8374973Z   LD_LIBRARY_PATH: /opt/hostedtoolcache/Python/3.12.14/x64/lib
2026-10-04T11:53:44.8375342Z ##[endgroup]
2026-10-04T11:53:53.5812357Z CASH EXCHANGE: PASS — independent two-book share/cash oracle, costs, pending liquidity, multiple claims, payment timing, public cost/decile modes and actual evidence gap
2026-10-04T11:53:53.6649658Z ##[group]Run python scripts/test_corporate_action_execution.py
2026-10-04T11:53:53.6650387Z [36;1mpython scripts/test_corporate_action_execution.py[0m
2026-10-04T11:53:53.6718161Z shell: /usr/bin/bash -e {0}
2026-10-04T11:53:53.6718431Z env:
2026-10-04T11:53:53.6718715Z   pythonLocation: /opt/hostedtoolcache/Python/3.12.14/x64
2026-10-04T11:53:53.6719162Z   PKG_CONFIG_PATH: /opt/hostedtoolcache/Python/3.12.14/x64/lib/pkgconfig
2026-10-04T11:53:53.6719602Z   Python_ROOT_DIR: /opt/hostedtoolcache/Python/3.12.14/x64
2026-10-04T11:53:53.6720213Z   Python2_ROOT_DIR: /opt/hostedtoolcache/Python/3.12.14/x64
2026-10-04T11:53:53.6720613Z   Python3_ROOT_DIR: /opt/hostedtoolcache/Python/3.12.14/x64
2026-10-04T11:53:53.6721002Z   LD_LIBRARY_PATH: /opt/hostedtoolcache/Python/3.12.14/x64/lib
2026-10-04T11:53:53.6721380Z ##[endgroup]
2026-10-04T11:53:54.0833790Z CORPORATE ACTION EXECUTION TEST: PASS
2026-10-04T11:53:54.1443747Z ##[group]Run python scripts/test_strategy_dsl.py
2026-10-04T11:53:54.1444166Z [36;1mpython scripts/test_strategy_dsl.py[0m
2026-10-04T11:53:54.1512352Z shell: /usr/bin/bash -e {0}
2026-10-04T11:53:54.1512654Z env:
2026-10-04T11:53:54.1512976Z   pythonLocation: /opt/hostedtoolcache/Python/3.12.14/x64
2026-10-04T11:53:54.1513469Z   PKG_CONFIG_PATH: /opt/hostedtoolcache/Python/3.12.14/x64/lib/pkgconfig
2026-10-04T11:53:54.1513943Z   Python_ROOT_DIR: /opt/hostedtoolcache/Python/3.12.14/x64
2026-10-04T11:53:54.1514364Z   Python2_ROOT_DIR: /opt/hostedtoolcache/Python/3.12.14/x64
2026-10-04T11:53:54.1514774Z   Python3_ROOT_DIR: /opt/hostedtoolcache/Python/3.12.14/x64
2026-10-04T11:53:54.1515191Z   LD_LIBRARY_PATH: /opt/hostedtoolcache/Python/3.12.14/x64/lib
2026-10-04T11:53:54.1515556Z ##[endgroup]
2026-10-04T11:53:54.7856564Z STRATEGY DSL TEST: PASS
2026-10-04T11:53:54.8449011Z ##[group]Run python scripts/test_dart_dsl_super_value.py
2026-10-04T11:53:54.8449443Z [36;1mpython scripts/test_dart_dsl_super_value.py[0m
2026-10-04T11:53:54.8517102Z shell: /usr/bin/bash -e {0}
2026-10-04T11:53:54.8517371Z env:
2026-10-04T11:53:54.8517653Z   pythonLocation: /opt/hostedtoolcache/Python/3.12.14/x64
2026-10-04T11:53:54.8518100Z   PKG_CONFIG_PATH: /opt/hostedtoolcache/Python/3.12.14/x64/lib/pkgconfig
2026-10-04T11:53:54.8518536Z   Python_ROOT_DIR: /opt/hostedtoolcache/Python/3.12.14/x64
2026-10-04T11:53:54.8518917Z   Python2_ROOT_DIR: /opt/hostedtoolcache/Python/3.12.14/x64
2026-10-04T11:53:54.8519307Z   Python3_ROOT_DIR: /opt/hostedtoolcache/Python/3.12.14/x64
2026-10-04T11:53:54.8519696Z   LD_LIBRARY_PATH: /opt/hostedtoolcache/Python/3.12.14/x64/lib
2026-10-04T11:53:54.8520262Z ##[endgroup]
2026-10-04T12:01:50.5407679Z DART DSL SUPER VALUE INTEGRATION: PASS
2026-10-04T12:01:50.5408207Z signals: ['2020-04-29', '2020-10-30']
2026-10-04T12:01:50.6116897Z ##[group]Run python scripts/test_dsl_execution_e2e.py
2026-10-04T12:01:50.6117550Z [36;1mpython scripts/test_dsl_execution_e2e.py[0m
2026-10-04T12:01:50.6185486Z shell: /usr/bin/bash -e {0}
2026-10-04T12:01:50.6185766Z env:
2026-10-04T12:01:50.6186059Z   pythonLocation: /opt/hostedtoolcache/Python/3.12.14/x64
2026-10-04T12:01:50.6186511Z   PKG_CONFIG_PATH: /opt/hostedtoolcache/Python/3.12.14/x64/lib/pkgconfig
2026-10-04T12:01:50.6186961Z   Python_ROOT_DIR: /opt/hostedtoolcache/Python/3.12.14/x64
2026-10-04T12:01:50.6187352Z   Python2_ROOT_DIR: /opt/hostedtoolcache/Python/3.12.14/x64
2026-10-04T12:01:50.6187741Z   Python3_ROOT_DIR: /opt/hostedtoolcache/Python/3.12.14/x64
2026-10-04T12:01:50.6188131Z   LD_LIBRARY_PATH: /opt/hostedtoolcache/Python/3.12.14/x64/lib
2026-10-04T12:01:50.6188465Z ##[endgroup]
2026-10-04T12:04:35.5511759Z STRATEGY DSL EXECUTION E2E: PASS
2026-10-04T12:04:35.6368128Z ##[group]Run python scripts/test_dsl_run_e2e.py
2026-10-04T12:04:35.6368508Z [36;1mpython scripts/test_dsl_run_e2e.py[0m
2026-10-04T12:04:35.6439222Z shell: /usr/bin/bash -e {0}
2026-10-04T12:04:35.6439504Z env:
2026-10-04T12:04:35.6439796Z   pythonLocation: /opt/hostedtoolcache/Python/3.12.14/x64
2026-10-04T12:04:35.6440483Z   PKG_CONFIG_PATH: /opt/hostedtoolcache/Python/3.12.14/x64/lib/pkgconfig
2026-10-04T12:04:35.6440922Z   Python_ROOT_DIR: /opt/hostedtoolcache/Python/3.12.14/x64
2026-10-04T12:04:35.6441310Z   Python2_ROOT_DIR: /opt/hostedtoolcache/Python/3.12.14/x64
2026-10-04T12:04:35.6441698Z   Python3_ROOT_DIR: /opt/hostedtoolcache/Python/3.12.14/x64
2026-10-04T12:04:35.6442090Z   LD_LIBRARY_PATH: /opt/hostedtoolcache/Python/3.12.14/x64/lib
2026-10-04T12:04:35.6442448Z ##[endgroup]
2026-10-04T12:07:46.3577203Z CHECKED DSL REAL E2E: PASS (CLI top_n/deciles unchanged, no overwrite, known-event/data gaps before NAV, DART/benchmark/audits)
2026-10-04T12:07:46.4509116Z Post job cleanup.
2026-10-04T12:07:46.5719683Z (node:4652) [DEP0040] DeprecationWarning: The `punycode` module is deprecated. Please use a userland alternative instead.
2026-10-04T12:07:46.5721123Z (Use `node --trace-deprecation ...` to show where the warning was created)
2026-10-04T12:07:46.5884079Z Post job cleanup.
2026-10-04T12:07:46.6772810Z [command]/usr/bin/git version
2026-10-04T12:07:46.6816275Z git version 2.55.0
2026-10-04T12:07:46.6854035Z Temporarily overriding HOME='/home/runner/work/_temp/f53514a7-3727-42fe-86c2-fb84e3be71ce' before making global git config changes
2026-10-04T12:07:46.6855400Z Adding repository directory to the temporary git global config as a safe directory
2026-10-04T12:07:46.6860443Z [command]/usr/bin/git config --global --add safe.directory /home/runner/work/quant-marcap-runner/quant-marcap-runner
2026-10-04T12:07:46.6900893Z [command]/usr/bin/git config --local --name-only --get-regexp core\.sshCommand
2026-10-04T12:07:46.6937674Z [command]/usr/bin/git submodule foreach --recursive sh -c "git config --local --name-only --get-regexp 'core\.sshCommand' && git config --local --unset-all 'core.sshCommand' || :"
2026-10-04T12:07:46.7206775Z [command]/usr/bin/git config --local --name-only --get-regexp http\.https\:\/\/github\.com\/\.extraheader
2026-10-04T12:07:46.7233383Z http.https://github.com/.extraheader
2026-10-04T12:07:46.7244533Z [command]/usr/bin/git config --local --unset-all http.https://github.com/.extraheader
2026-10-04T12:07:46.7282624Z [command]/usr/bin/git submodule foreach --recursive sh -c "git config --local --name-only --get-regexp 'http\.https\:\/\/github\.com\/\.extraheader' && git config --local --unset-all 'http.https://github.com/.extraheader' || :"
2026-10-04T12:07:46.7634747Z [command]/usr/bin/git config --local --name-only --get-regexp ^includeIf\.gitdir:
2026-10-04T12:07:46.7741748Z [command]/usr/bin/git submodule foreach --recursive git config --local --show-origin --name-only --get-regexp remote.origin.url
2026-10-04T12:07:46.8243299Z Cleaning up orphan processes
2026-10-04T12:07:46.8556787Z ##[warning]Node.js 20 is deprecated. The following actions target Node.js 20 but are being forced to run on Node.js 24: actions/checkout@v4, actions/setup-python@v5, actions/upload-artifact@v4. For more information see: https://github.blog/changelog/2025-09-19-deprecation-of-node-20-on-github-actions-runners/
