,닻과돛_해자기업형,닻과돛_NASDAQ프록시,S&P500_100
1990-01-02,0.0,0.0,0.0
1990-01-03,-0.0015521226106662844,-0.0015521226106662844,-0.002585539407458759
1990-01-04,-0.0016682584887132146,-0.0016682584887132146,-0.011176260075025812
1990-01-05,0.0,0.0,-0.02082345960003462
1990-01-08,0.0,0.0,-0.016402996626088906
1990-01-09,-0.0024477171165048217,-0.0024477171165047107,-0.027996350345764975
1990-01-10,-0.003446140227429173,-0.003446140227429173,-0.034418540406413345
1990-01-11,-0.0026997252550934325,-0.0026997252550930995,-0.031026727421836542
1990-01-12,-0.007510233218732676,-0.007510233218732565,-0.05493622183408842
1990-01-15,-0.010502187276222652,-0.010502187276222319,-0.06308210483304266
1990-01-16,-0.009452606355882742,-0.009452606355882631,-0.05265646059898921
1990-01-17,-0.01245113969830891,-0.012451139698308689,-0.061970053083565624
1990-01-18,-0.011182525665362819,-0.011182525665362819,-0.05977369360857432
1990-01-19,-0.011726940896005456,-0.011726940896005345,-0.05710475244100721
1990-01-22,-0.021328003742999035,-0.021328003742998924,-0.08148682854583444
1990-01-23,-0.02088099287966083,-0.02088099287966083,-0.0780672715372952
1990-01-24,-0.015534408900164776,-0.015534408900164554,-0.0818204355862665
1990-01-25,-0.019724456142509394,-0.019724456142509172,-0.0934416181740153
1990-01-26,-0.021284550531424973,-0.02128455053142475,-0.09422006288306017
1990-01-29,-0.023309966893981682,-0.023309966893981682,-0.0958880980852207
1990-01-30,-0.030114450565779105,-0.030114450565779105,-0.10206008286554502
1990-01-31,-0.02794892920305936,-0.027948929203059025,-0.08510110278677241
1990-02-01,-0.025589185350009647,-0.025589185350009425,-0.08590729151978016
1990-02-02,-0.02009918390459975,-0.020099183904599638,-0.0799855120197801
1990-02-05,-0.013957184215103058,-0.013957184215102836,-0.07739997261232112
1990-02-06,-0.01596050482735456,-0.015960504827354227,-0.08348855563253732
1990-02-07,-0.011445913941204866,-0.011445913941204644,-0.07211766316922252
1990-02-08,-0.015254024983547887,-0.015254024983547887,-0.07431402264421416
1990-02-09,-0.015761023748176006,-0.015761023748175562,-0.07247909907772732
1990-02-12,-0.015143078790628595,-0.01514307879062815,-0.08232093099102489
1990-02-13,-0.016199121396854643,-0.016199121396854532,-0.07970756271549329
1990-02-14,-0.018026447310204086,-0.018026447310203864,-0.07695513494370843
1990-02-15,-0.013826702777836042,-0.01382670277783582,-0.06894822659689759
1990-02-16,-0.014396121200357714,-0.014396121200357381,-0.0749812367250785
1990-02-20,-0.016070130328794785,-0.016070130328794674,-0.08813147986284442
1990-02-21,-0.01796349999932667,-0.017963499999326338,-0.08902107035595996
1990-02-22,-0.01853196647036981,-0.018531966470369587,-0.09449801218734732
1990-02-23,-0.022678597228283026,-0.022678597228282915,-0.09880732937722225
1990-02-26,-0.024595128277096756,-0.024595128277096423,-0.08624089856021233
1990-02-27,-0.025952000145448628,-0.025952000145448628,-0.08182043558626706
1990-02-28,-0.023000451996741722,-0.0230004519967415,-0.07728874198414082
1990-03-01,-0.02277049651882801,-0.022770496518827787,-0.07492566383304333
1990-03-02,-0.02034622327210167,-0.02034622327210156,-0.06714113189848392
1990-03-05,-0.022233603995434392,-0.02223360399543417,-0.0721454920372957
1990-03-06,-0.018737678695109006,-0.018737678695109006,-0.060496565425584015
1990-03-07,-0.022130940782062458,-0.022130940782062347,-0.0632210794851864
1990-03-08,-0.018446473945083808,-0.018446473945083697,-0.05399097360482796
1990-03-09,-0.019169414082039204,-0.019169414082039204,-0.060496565425584015
1990-03-12,-0.01768490086329788,-0.01768490086329777,-0.05843918060273612
1990-03-13,-0.02234905885613203,-0.0223490588561317,-0.06586227662879085
1990-03-14,-0.019772129616106193,-0.019772129616106304,-0.06344354074154801
1990-03-15,-0.017496858730131404,-0.017496858730131182,-0.06010730064900671
1990-03-16,-0.013013895495572969,-0.013013895495572747,-0.0494314511346291
1990-03-19,-0.01112460377225033,-0.011124603772250219,-0.04492758640057548
1990-03-20,-0.01532225069551807,-0.015322250695517847,-0.05037669936388989
1990-03-21,-0.021678894493428746,-0.021678894493428524,-0.05546446126280968
1990-03-22,-0.025776513205263196,-0.025776513205262974,-0.06672412309794384
1990-03-23,-0.02215927761825831,-0.02215927761825831,-0.06247046364421427
1990-03-26,-0.0380730947093354,-0.038073094709335065,-0.0613305830266645
1990-03-27,-0.039085731751096864,-0.03908573175109664,-0.05057133175217876
1990-03-28,-0.03845357409092365,-0.03845357409092354,-0.049181245854305056
1990-03-29,-0.039890560193050595,-0.039890560193050595,-0.052545229970808904
1990-03-30,-0.04198545613852256,-0.04198545613852234,-0.05490839296601646
1990-04-02,-0.04386128529343469,-0.04386128529343458,-0.058355778842628436
1990-04-03,-0.03495125122842646,-0.03495125122842624,-0.04462172338410619
1990-04-04,-0.03744297790358586,-0.03744297790358586,-0.05171121236972864
1990-04-05,-0.035988355056205235,-0.0359883550562049,-0.052712033491024934
1990-04-06,-0.03863392339135807,-0.03863392339135796,-0.054519213033548786
1990-04-09,-0.03979660212788716,-0.03979660212788694,-0.05093276766068355
1990-04-10,-0.039380398609447864,-0.039380398609447864,-0.04898661346601618
1990-04-11,-0.0384521514253956,-0.03845215142539549,-0.04940362226655648
1990-04-12,-0.03521019869679898,-0.035210198696798756,-0.04267565403354878
1990-04-16,-0.034605136577481654,-0.03460513657748154,-0.041563602284071965
1990-04-17,-0.03679159830101186,-0.03679159830101153,-0.041730405804287884
1990-04-18,-0.0395481328571603,-0.03954813285715997,-0.05273986235909778
1990-04-19,-0.040902723457250656,-0.040902723457250545,-0.06005172775697176
1990-04-20,-0.04342626265232319,-0.043426262652322856,-0.06830884138410653
1990-04-23,-0.0487397225324695,-0.0487397225324695,-0.07962416095538594
1990-04-24,-0.048295240744954615,-0.048295240744954504,-0.0815424862819808
1990-04-25,-0.05102255531171329,-0.05102255531171307,-0.07689956205167381
1990-04-26,-0.05041161917985315,-0.05041161917985293,-0.07442516842828573
1990-04-27,-0.05303528490705034,-0.05303528490705034,-0.0850177010266654
1990-04-30,-0.05390193642068963,-0.05390193642068952,-0.08031920390432312
1990-05-01,-0.05096521805978105,-0.05096521805978105,-0.0762879208628452
1990-05-02,-0.049349722634298376,-0.04934972263429793,-0.07008810721444847
1990-05-03,-0.04749789302979379,-0.04749789302979357,-0.06705773013837657
1990-05-04,-0.04360815099158055,-0.04360815099158044,-0.059217625311781874
1990-05-07,-0.04115853144754622,-0.04115853144754611,-0.053268101787819044
1990-05-08,-0.041059539339208584,-0.04105953933920847,-0.0491534169862331
1990-05-09,-0.041690212669049376,-0.04169021266904893,-0.046790338835135614
1990-05-10,-0.03889158112387392,-0.03889158112387392,-0.04412131282345877
1990-05-11,-0.03697328748664619,-0.03697328748664597,-0.021379527896829287
1990-05-14,-0.03340922586523831,-0.03340922586523787,-0.013734055458523242
1990-05-15,-0.0335007761162639,-0.033500776116263675,-0.015040739596289154
1990-05-16,-0.031517220122436296,-0.031517220122436074,-0.015819184305334022
1990-05-17,-0.029511087935947145,-0.029511087935947145,-0.014512500167567999
1990-05-18,-0.026667519578318144,-0.026667519578317922,-0.014039833630882681
1990-05-21,-0.02008654876176974,-0.02008654876176974,-0.004698497122343381
1990-05-22,-0.01765654607157996,-0.01765654607157985,-0.0035030436127581055
1990-05-23,-0.022927336563917655,-0.022927336563917322,-0.001112051749478038
1990-05-24,-0.020151187373277923,-0.020151187373277812,-0.0035586165047936102
1990-05-25,-0.024076564857113736,-0.024076564857113625,-0.014206721995208671
1990-05-29,-0.019621848441125467,-0.019621848441125356,0.0
1990-05-30,-0.019402707294853494,-0.01940270729485316,0.0
1990-05-31,-0.021672676675477343,-0.02167267667547723,0.0
1990-06-01,-0.018619199617936344,-0.018619199617936233,0.0
1990-06-04,-0.020182359620504076,-0.020182359620504187,0.0
1990-06-05,-0.020198714628645087,-0.020198714628644754,-0.002068533643636905
1990-06-06,-0.018738650264618628,-0.018738650264618517,-0.006641269684108164
1990-06-07,-0.024471744093765402,-0.02447174409376518,-0.01156777373599338
1990-06-08,-0.026658375557845004,-0.02665837555784456,-0.02365270164880462
1990-06-11,-0.02391736957156143,-0.02391736957156132,-0.01570492408689972
1990-06-12,-0.019769992460987762,-0.01976999246098754,-0.0031300868687772487
1990-06-13,-0.02164137277587408,-0.021641372775873746,-0.006804572785878316
1990-06-14,-0.026620125111663895,-0.026620125111663673,-0.012248231014581279
1990-06-15,-0.025335620944698545,-0.025335620944698323,-0.012220986143075208
1990-06-18,-0.029279536378440718,-0.029279536378440496,-0.02863361238006934
1990-06-19,-0.029924365921393137,-0.029924365921393026,-0.024305914055886446
1990-06-20,-0.0309093676032971,-0.030909367603296878,-0.0225911484236635
1990-06-21,-0.02827604250966742,-0.028276042509667088,-0.018862255827183372
1990-06-22,-0.03095617131590611,-0.030956171315906,-0.03258029782133187
1990-06-25,-0.030224260473495135,-0.030224260473494913,-0.04107239136792751
1990-06-26,-0.033364781002219956,-0.033364781002219734,-0.041752848646515295
1990-06-27,-0.03102437334077901,-0.031024373340778788,-0.03336956845867822
1990-06-28,-0.026687284776918396,-0.026687284776918285,-0.026592240544305534
1990-06-29,-0.025048779985630487,-0.025048779985630487,-0.025530770382797385
1990-07-02,-0.021218754110068905,-0.021218754110068683,-0.021393536968258298
1990-07-03,-0.017882128282138532,-0.01788212828213831,-0.019706016207541754
1990-07-05,-0.021729327394739206,-0.021729327394738984,-0.031899840542744085
1990-07-06,-0.019451116142492397,-0.019451116142492397,-0.02444197228615097
1990-07-09,-0.018887420405939936,-0.018887420405939714,-0.02144802671127044
1990-07-10,-0.02410879559456891,-0.0241087955945688,-0.029695165605210128
1990-07-11,-0.021302721106317146,-0.021302721106316924,-0.01679363911991405
1990-07-12,-0.02050867523200306,-0.020508675232002838,-0.005334761806311428
1990-07-13,-0.010304358319628837,-0.010304358319628393,-0.00024495465265561567
1990-07-16,-0.009332256502212366,-0.009332256502212255,0.0
1990-07-17,-0.015600829884499512,-0.015600829884499401,-0.0038759266731153152
1990-07-18,-0.01971902829406247,-0.019719028294062246,-0.012820194687170994
1990-07-19,-0.019738448311450107,-0.019738448311449885,-0.00983874444426247
1990-07-20,-0.023163318737567606,-0.023163318737567495,-0.019894366750556114
1990-07-23,-0.028432952556554758,-0.028432952556554758,-0.036969817582723774
1990-07-24,-0.028157142423836268,-0.028157142423836268,-0.03566879855454497
1990-07-25,-0.02254497942984912,-0.022544979429848788,-0.03214531908589746
1990-07-26,-0.025562821196998597,-0.025562821196998264,-0.0353435644761676
1990-07-27,-0.029424684704535076,-0.029424684704535076,-0.04203824163833314
1990-07-30,-0.03159652032841631,-0.03159652032841609,-0.03631934942596882
1990-07-31,-0.028829324779215182,-0.02882932477921485,-0.03469309631941264
1990-08-01,-0.03199612237500782,-0.031996122375007596,-0.03640065794556324
1990-08-02,-0.030478687486963252,-0.030478687486963252,-0.04735059125272567
1990-08-03,-0.041576443532591156,-0.04157644353259082,-0.06529347081834802
1990-08-06,-0.05413528693133374,-0.054135286931333515,-0.09356286323112972
1990-08-07,-0.05150272697158087,-0.05150272697158076,-0.09247872206498209
1990-08-08,-0.045459355278696045,-0.04545935527869571,-0.08293808128767599
1990-08-09,-0.04166053926067537,-0.041660539260675145,-0.07862856431983689
1990-08-10,-0.041628359055669084,-0.04162835905566897,-0.09060854339964286
1990-08-13,-0.029983583528255253,-0.02998358352825503,-0.08161001456274486
1990-08-14,-0.022793864924908536,-0.022793864924908536,-0.08011924808395643
1990-08-15,-0.031499381898993484,-0.03149938189899326,-0.0783033302414593
1990-08-16,-0.03627045323385314,-0.036270453233852806,-0.0990920079928842
1990-08-17,-0.03784869990733175,-0.03784869990733175,-0.11145148197390975
1990-08-20,-0.04404154566623031,-0.04404154566623031,-0.10960835100532274
1990-08-21,-0.04716638427677888,-0.04716638427677855,-0.1276325390905393
1990-08-22,-0.05513346026702959,-0.05513346026702959,-0.14202472606142402
1990-08-23,-0.0649988898951307,-0.06499888989513036,-0.16774634124069077
1990-08-24,-0.06034868090232459,-0.06034868090232448,-0.15568505364129026
1990-08-27,-0.04801327770324437,-0.04801327770324426,-0.12877085836486046
1990-08-28,-0.06307295868659646,-0.06307295868659635,-0.12904191433506462
1990-08-29,-0.0669209550183012,-0.06692095501830098,-0.12131727411492454
1990-08-30,-0.06546464091421023,-0.06546464091421011,-0.13617026450662317
1990-08-31,-0.06473009084688408,-0.06473009084688397,-0.1257352300137793
1990-09-04,-0.06879820598305186,-0.06879820598305175,-0.12429872435783262
1990-09-05,-0.066704902641747,-0.06670490264174678,-0.120775162174516
1990-09-06,-0.06661910145877215,-0.06661910145877203,-0.13142707452939117
1990-09-07,-0.06733963415436872,-0.0673396341543685,-0.12345850875046793
1990-09-10,-0.06609667370448646,-0.06609667370448635,-0.12825587683587314
1990-09-11,-0.07243415657588836,-0.07243415657588803,-0.1298549995310082
1990-09-12,-0.06901818286423289,-0.06901818286423278,-0.12578940812195238
1990-09-13,-0.07239875171814714,-0.07239875171814703,-0.1363328815458119
1990-09-14,-0.07090153098957497,-0.07090153098957463,-0.14126581897365365
1990-09-17,-0.06857594064327277,-0.06857594064327266,-0.13871804174013835
1990-09-18,-0.07270663038611203,-0.0727066303861118,-0.13646836817357944
1990-09-19,-0.07270252042135983,-0.07270252042135972,-0.14188915671898727
1990-09-20,-0.07863379854002817,-0.07863379854002794,-0.15576636216088469
1990-09-21,-0.07863193679332103,-0.07863193679332081,-0.15620003517027758
1990-09-24,-0.0848060356857101,-0.08480603568570977,-0.1744410184028562
1990-09-25,-0.07406291316171099,-0.07406291316171087,-0.1644938350275783
1990-09-26,-0.07894926270421865,-0.07894926270421854,-0.17316712978609883
1990-09-27,-0.08558291499751292,-0.08558291499751303,-0.18425263243569767
1990-09-28,-0.07932596558678051,-0.0793259655867804,-0.1704838659248159
1990-10-01,-0.07935505134481224,-0.07935505134481191,-0.14638842113743644
1990-10-02,-0.08414673046932941,-0.08414673046932908,-0.14565664446108728
1990-10-03,-0.08717419277211125,-0.08717419277211091,-0.15598324002291597
1990-10-04,-0.08374515807494909,-0.08374515807494887,-0.15248680825102057
1990-10-05,-0.08596436672284269,-0.08596436672284247,-0.1557121840527118
1990-10-08,-0.08876922703648349,-0.08876922703648349,-0.15034557361547718
1990-10-09,-0.09187192128773736,-0.09187192128773702,-0.17305869085508352
1990-10-10,-0.1007347066992117,-0.10073470669921147,-0.18582462471941175
1990-10-11,-0.11019681962886296,-0.11019681962886274,-0.19918693134699095
1990-10-12,-0.1082133315928191,-0.10821333159281898,-0.18680040966921319
1990-10-15,-0.11203387558363886,-0.11203387558363853,-0.178127114910693
1990-10-16,-0.12747216243107662,-0.1274721624310765,-0.1898089076088736
1990-10-17,-0.1252598614120629,-0.1252598614120628,-0.1902425806182666
1990-10-18,-0.1175671457962445,-0.1175671457962445,-0.17132408153218093
1990-10-19,-0.11144768085367529,-0.11144768085367507,-0.15305596788818143
1990-10-22,-0.11141992036637582,-0.1114199203663756,-0.146876272255003
1990-10-23,-0.10824962670684546,-0.10824962670684535,-0.1533812846812277
1990-10-24,-0.10868578012589791,-0.1086857801258978,-0.15273073380980373
1990-10-25,-0.10679288455122748,-0.10679288455122715,-0.15931697204095396
1990-10-26,-0.11233867224115968,-0.11233867224115945,-0.17411578432447927
1990-10-29,-0.116024593519227,-0.116024593519227,-0.18178616372177725
1990-10-30,-0.11604366870214444,-0.11604366870214444,-0.1758775240588032
1990-10-31,-0.11167590074848721,-0.11167590074848721,-0.17604014109799182
1990-11-01,-0.11024633812626927,-0.11024633812626905,-0.16785478017170663
1990-11-02,-0.10723930391149239,-0.10723930391149228,-0.15476352951433192
1990-11-05,-0.10377450467984728,-0.10377450467984717,-0.1473370756758171
1990-11-06,-0.10221343262567995,-0.10221343262567972,-0.15538694997433455
1990-11-07,-0.10105537063126935,-0.10105537063126913,-0.17059222214116287
1990-11-08,-0.10152791501559644,-0.1015279150155961,-0.16625565747657178
1990-11-09,-0.09589762332469198,-0.09589762332469176,-0.14964092735054924
1990-11-12,-0.09121790757859216,-0.09121790757859183,-0.13408320797925355
1990-11-13,-0.08784551901809068,-0.08784551901809046,-0.1389890149956743
1990-11-14,-0.08401525391179376,-0.08401525391179365,-0.13158969156858047
1990-11-15,-0.0904535697994443,-0.09045356979944419,-0.1407508374446671
1990-11-16,-0.09478742952043451,-0.09478742952043417,-0.14047978147446294
1990-11-19,-0.09191796516309059,-0.09191796516309048,-0.13446270288047346
1990-11-20,-0.09402512785359407,-0.09402512785359385,-0.1453855884908838
1990-11-21,-0.09555154782193331,-0.09555154782193287,-0.14343410130595002
1990-11-23,-0.09053766847602962,-0.09053766847602929,-0.1459547481280442
1990-11-26,-0.08796935184196675,-0.08796935184196641,-0.14213308227777122
1990-11-27,-0.08571910423725249,-0.08571910423725237,-0.137823565309932
1990-11-28,-0.08389171016615016,-0.08389171016615005,-0.1382301079079038
1990-11-29,-0.08187505554483576,-0.08187505554483565,-0.14237700783655416
1990-11-30,-0.0804116034233866,-0.08041160342338649,-0.12665675414073874
1990-12-03,-0.0814646563900242,-0.08146465639002387,-0.12156119967370838
1990-12-04,-0.08125839391146783,-0.0812583939114675,-0.11546281256012436
1990-12-05,-0.07649719438663649,-0.07649719438663649,-0.10578668515505085
1990-12-06,-0.07971475356259483,-0.07971475356259472,-0.10809053682978298
1990-12-07,-0.07974838743139034,-0.07974838743139001,-0.11166827712127281
1990-12-10,-0.0771338889565244,-0.07713388895652407,-0.1085783879473492
1990-12-11,-0.08156989854664332,-0.08156989854664332,-0.11521888700134153
1990-12-12,-0.08032696504962633,-0.08032696504962622,-0.1050549084787018
1990-12-13,-0.07848968914431065,-0.07848968914431032,-0.10735876015343404
1990-12-14,-0.07987319331625664,-0.07987319331625653,-0.11418892394336722
1990-12-17,-0.08006064180233219,-0.08006064180233208,-0.11635728899033182
1990-12-18,-0.07527408733370977,-0.07527408733370955,-0.10543440337992149
1990-12-19,-0.07322446865866572,-0.07322446865866561,-0.10502777806728081
1990-12-20,-0.06730743171139109,-0.06730743171139097,-0.10524465592931198
1990-12-21,-0.06739540580846481,-0.0673954058084647,-0.10082670003045757
1990-12-24,-0.06826278908005212,-0.06826278908005201,-0.10584094597789362
1990-12-26,-0.06814812709397655,-0.06814812709397633,-0.10326603833295733
1990-12-27,-0.06993018050562061,-0.06993018050562061,-0.11020464105390615
1990-12-28,-0.06724054546095948,-0.06724054546095937,-0.10903919136816376
1990-12-31,-0.06481535237796665,-0.06481535237796643,-0.10497359995910793
1991-01-02,-0.0626712668206556,-0.06267126682065538,-0.11519175658992109
1991-01-03,-0.07059409672908101,-0.07059409672908101,-0.12749696974810443
1991-01-04,-0.07005529591578286,-0.07005529591578286,-0.1299634384620253
1991-01-07,-0.0742937823190809,-0.07429378231908068,-0.14503322400108587
1991-01-08,-0.07645991107703298,-0.07645991107703276,-0.1464968600684533
1991-01-09,-0.07979220565328848,-0.07979220565328837,-0.15573931446413403
1991-01-10,-0.07282938495895919,-0.07282938495895896,-0.14749969271500663
1991-01-11,-0.07284634051878536,-0.07284634051878502,-0.14560238363824618
1991-01-14,-0.07299167228596415,-0.07299167228596382,-0.15302892019142988
1991-01-15,-0.07150599410212388,-0.07150599410212355,-0.14966797504730212
1991-01-16,-0.06026340353304416,-0.060263403533043824,-0.1430546064047309
1991-01-17,-0.06680817994742538,-0.06680817994742494,-0.11107198707269161
1991-01-18,-0.06609184109386967,-0.06609184109386967,-0.09952568100227865
1991-01-21,-0.06326754533697743,-0.06326754533697743,-0.1026968786957968
1991-01-22,-0.06191113471791754,-0.061911134717917315,-0.11015046294573272
1991-01-23,-0.05887126890722005,-0.05887126890721994,-0.10500073037052882
1991-01-24,-0.055183183959983784,-0.055183183959983784,-0.09261420869275105
1991-01-25,-0.051214424412872384,-0.05121442441287216,-0.08911777692085543
1991-01-28,-0.04837329845695226,-0.04837329845695226,-0.08922621585187096
1991-01-29,-0.04284218122788097,-0.04284218122788064,-0.08974119738085817
1991-01-30,-0.04181577304415085,-0.04181577304415063,-0.07599947856672862
1991-01-31,-0.0368175391322344,-0.03681753913223418,-0.06781411764044332
1991-02-01,-0.03432334919855706,-0.03432334919855706,-0.07019927783476987
1991-02-04,-0.025125295275485682,-0.02512529527548535,-0.055861268972058564
1991-02-05,-0.018020459501123964,-0.01802045950112363,-0.04794688130130853
1991-02-06,-0.015132246894227652,-0.015132246894227652,-0.02948910292136797
1991-02-07,-0.017050775686054398,-0.017050775686054176,-0.03369026367286054
1991-02-08,-0.010802374686881167,-0.010802374686880722,-0.026019801560893674
1991-02-11,-0.005577849990798245,-0.005577849990798134,-0.0010029153612239883
1991-02-12,-0.007395934016415695,-0.007395934016415473,-0.009350893326697918
1991-02-13,-0.0016303235300035857,-0.0016303235300031416,0.0
1991-02-14,-0.004304718830035581,-0.004304718830035581,-0.013007392379470573
1991-02-15,-0.0017338642817791294,-0.0017338642817791294,0.0
1991-02-19,-0.0017377580758984879,-0.0017377580758984879,0.0
1991-02-20,-0.0048358370410388485,-0.0048358370410387375,-0.011505454482966804
1991-02-21,-0.006113749463275919,-0.006113749463275919,-0.011965709013388115
1991-02-22,-0.0059311732206097645,-0.005931173220609431,-0.010124856123987724
1991-02-25,-0.0045047302362458685,-0.0045047302362456465,-0.0057662762888696095
1991-02-26,-0.006731913158414482,-0.00673191315841426,-0.017813196970433043
1991-02-27,-0.003022649042930481,-0.003022649042930148,-0.0044668895980658485
1991-02-28,0.0,0.0,-0.006280644392693602
1991-03-01,0.0,0.0,0.0
1991-03-04,0.0,0.0,-0.003077211770672772
1991-03-05,0.0,0.0,0.0
1991-03-06,0.0,0.0,-0.001459937861506111
1991-03-07,0.0,0.0,-0.0021501315458936077
1991-03-08,0.0,0.0,-0.004698420598684527
1991-03-11,-0.009519322996916046,-0.009519322996916268,-0.00998091355234998
1991-03-12,-0.016229052369396202,-0.016229052369396202,-0.017758553885454553
1991-03-13,-0.008316094705550281,-0.008316094705550503,-0.005707140288589874
1991-03-14,-0.009634011999307246,-0.009634011999307579,-0.008547465518871422
1991-03-15,-0.01008030317326003,-0.010080303173260363,-0.008308571014733146
1991-03-18,-0.012557878267982936,-0.01255787826798338,-0.012237247436299059
1991-03-19,-0.014364176464868428,-0.014364176464868428,-0.026890010750657778
1991-03-20,-0.011105481598039924,-0.011105481598040257,-0.023359491835989066
1991-03-21,-0.014025824941652942,-0.014025824941652831,-0.0269165815873339
1991-03-22,-0.014142309852280044,-0.014142309852280044,-0.02452747452865356
1991-03-25,-0.012205816790347601,-0.012205816790347823,-0.018289484567083125
1991-03-26,-0.004138694598975312,-0.004138694598975423,-0.0011149220279608185
1991-03-27,-0.002155494768137811,-0.002155494768137922,-0.0036366402440760615
1991-03-28,-0.00106008838004501,-0.00106008838004501,-0.003981737086270032
1991-04-01,-0.0022967811229603896,-0.0022967811229603896,-0.014387378982192889
1991-04-02,0.0,0.0,0.0
1991-04-03,0.0,0.0,-0.0014756193902336623
1991-04-04,0.0,0.0,0.0
1991-04-05,-0.0016047017020676124,-0.0016047017020678345,-0.01161230162910698
1991-04-08,0.0,0.0,-0.002922783220563052
1991-04-09,-0.0009673443160613804,-0.0009673443160614914,-0.0163519805006358
1991-04-10,-0.0030122056831728417,-0.0030122056831728417,-0.017431590985851453
1991-04-11,0.0,0.0,-0.005634947975793003
1991-04-12,0.0,0.0,0.0
1991-04-15,-0.0018899896071401523,-0.0018899896071401523,0.0
1991-04-16,0.0,0.0,0.0
1991-04-17,0.0,0.0,0.0
1991-04-18,-0.005430952974026737,-0.005430952974026848,-0.005096736303591198
1991-04-19,-0.012581613433216288,-0.012581613433216399,-0.016007170712255103
1991-04-22,-0.018752494217753157,-0.01875249421775338,-0.024330899482627788
1991-04-23,-0.017706454092956347,-0.017706454092956347,-0.02225637641112077
1991-04-24,-0.015209777245218659,-0.015209777245218659,-0.01969522909716004
1991-04-25,-0.019196347023615612,-0.019196347023615723,-0.028684881180366717
1991-04-26,-0.020475025127065782,-0.020475025127066004,-0.029273973200182324
1991-04-29,-0.028362320186144263,-0.028362320186144596,-0.04300168528620585
1991-04-30,-0.026677751245773318,-0.02667775124577343,-0.03869897655715493
1991-05-01,-0.024512238320493762,-0.024512238320493984,-0.026021266089043538
1991-05-02,-0.02295030215050431,-0.02295030215050442,-0.02543225222924106
1991-05-03,-0.021072742576287107,-0.02107274257628744,-0.024715134107732406
1991-05-06,-0.02154006132355346,-0.021540061323553572,-0.026559163300184818
1991-05-07,-0.02103014888294219,-0.021030148882942412,-0.03362787673790746
1991-05-08,-0.019530826058517414,-0.019530826058517525,-0.030580105181493122
1991-05-09,-0.014490268211378998,-0.01449026821137922,-0.018440291924523233
1991-05-10,-0.018720856677555187,-0.018720856677555298,-0.03767453326357317
1991-05-13,-0.01801285903967531,-0.018012859039675533,-0.035062112980924764
1991-05-14,-0.022107794329655595,-0.022107794329655928,-0.04822644769148965
1991-05-15,-0.03095005095633696,-0.030950050956337183,-0.05603791573506456
1991-05-16,-0.03001690941301438,-0.030016909413014492,-0.046766574964128615
1991-05-17,-0.030957808141530818,-0.03095780814153093,-0.046254314237331395
1991-05-20,-0.03212109823456166,-0.032121098234561773,-0.04653608108507379
1991-05-21,-0.02787452795692702,-0.02787452795692702,-0.03867334007281109
1991-05-22,-0.0240237840675932,-0.024023784067593312,-0.036521985708285576
1991-05-23,-0.02304436573029267,-0.023044365730292782,-0.03967222504206225
1991-05-24,-0.019477901826832955,-0.019477901826832955,-0.033192525464142086
1991-05-28,-0.01514523058720918,-0.01514523058720929,-0.021795388653011227
1991-05-29,-0.009350812657321406,-0.009350812657321517,-0.019618397804141985
1991-05-30,-0.0056835594057460526,-0.005683559405746164,-0.008938457274533018
1991-05-31,-0.003310723260508852,-0.0033107232605092962,-0.00158797698906743
1991-06-03,-0.00048319251899986426,-0.00048319251899986426,-0.0061211795971735095
1991-06-04,-0.0007061395889863542,-0.0007061395889866873,-0.006940765496044055
1991-06-05,-0.002611707639374239,-0.00261170763937435,-0.013727790246037319
1991-06-06,-0.0030544678243473733,-0.0030544678243474843,-0.01746704343961658
1991-06-07,-0.00573344244807783,-0.005733442448078052,-0.02822389342225695
1991-06-10,-0.004636375894481737,-0.004636375894481848,-0.030426442595457015
1991-06-11,-0.004508024259720189,-0.004508024259720411,-0.024074847279242695
1991-06-12,-0.009247913893845716,-0.009247913893845716,-0.03534387982866771
1991-06-13,-0.010681363672778277,-0.01068136367277861,-0.03283392732338131
1991-06-14,-0.008230161143558679,-0.008230161143558679,-0.020898971461122295
1991-06-17,-0.009462034738720537,-0.009462034738720981,-0.02643105903847931
1991-06-18,-0.009672689258102829,-0.009672689258103162,-0.030375247786782578
1991-06-19,-0.01748132000150826,-0.017481320001508482,-0.03933926338564542
1991-06-20,-0.01681021475724298,-0.016810214757243203,-0.038494041002431034
1991-06-21,-0.017741603611726164,-0.017741603611726275,-0.032526602151308204
1991-06-24,-0.03130447857799823,-0.03130447857799856,-0.04996800910658006
1991-06-25,-0.031433930197393045,-0.031433930197393045,-0.05071076371243244
1991-06-26,-0.02973558927348552,-0.02973558927348552,-0.04830327898450826
1991-06-27,-0.02757478538364244,-0.02757478538364244,-0.041106461285079554
1991-06-28,-0.02542887080502898,-0.025428870805029202,-0.0494045535711084
1991-07-01,-0.019812432546956082,-0.019812432546956193,-0.03209117271752926
1991-07-02,-0.02339480551860562,-0.023394805518605732,-0.03324372027281697
1991-07-03,-0.02613045178319029,-0.026130451783190622,-0.04384690766942112
1991-07-05,-0.025862843985932527,-0.025862843985932527,-0.041926047183950654
1991-07-08,-0.02031455278351657,-0.020314552783516793,-0.03203997790885482
1991-07-09,-0.017062724542058372,-0.017062724542058594,-0.036726921263010914
1991-07-10,-0.012514954053678862,-0.012514954053679084,-0.03767453326357417
1991-07-11,-0.013097411976511153,-0.013097411976511486,-0.03452429392979761
1991-07-12,-0.009239145443143193,-0.009239145443143304,-0.026123733866406762
1991-07-15,-0.005843291058021949,-0.005843291058022171,-0.020642841097724185
1991-07-16,-0.007650901967278356,-0.007650901967278356,-0.022819831946593427
1991-07-17,-0.00764432262227599,-0.007644322622276212,-0.023741885622826087
1991-07-18,-0.004324310617596527,-0.004324310617596749,-0.013010672124529443
1991-07-19,-0.002891712120187795,-0.002891712120187906,-0.015955975903581776
1991-07-22,-0.005367311903905381,-0.005367311903905603,-0.019387903925087602
1991-07-23,-0.011991583334162614,-0.011991583334162725,-0.028249451746588217
1991-07-24,-0.015017428855125803,-0.015017428855126247,-0.03024714352507718
1991-07-25,-0.013005561676112665,-0.013005561676112665,-0.024305341158298188
1991-07-26,-0.011217537905904518,-0.01121753790590474,-0.024382172451316353
1991-07-29,-0.009786746397800639,-0.009786746397800972,-0.01869642228792312
1991-07-30,-0.007616223760048335,-0.007616223760048446,-0.009629938911697944
1991-07-31,-0.0029762622844904385,-0.0029762622844907716,-0.006761466425663998
1991-08-01,-0.0005576511544848062,-0.0005576511544850282,-0.008528664325097912
1991-08-02,-0.002871487003094919,-0.00287148700309503,-0.008375001739061139
1991-08-05,-0.006536735393925741,-0.006536735393926074,-0.013804621539056039
1991-08-06,-0.0036963112526195996,-0.0036963112526199327,0.0
1991-08-07,-0.0016449077282815194,-0.0016449077282815194,-0.00015359571794504312
1991-08-08,0.0,0.0,-0.003328011390145713
1991-08-09,-0.0005779012004621942,-0.0005779012004619721,-0.008960114801470742
1991-08-12,0.0,0.0,-0.006656100906292761
1991-08-13,0.0,0.0,-0.0025600328004202755
1991-08-14,0.0,0.0,-0.0018432267413426295
1991-08-15,-0.0001718589394983372,-0.0001718589394983372,-0.0033024641878224292
1991-08-16,-0.0035522559194474113,-0.0035522559194475223,-0.012902587189398185
1991-08-19,-0.01508904076224582,-0.01508904076224582,-0.036224448500746464
1991-08-20,-0.01587636212941368,-0.01587636212941368,-0.028646773286782667
1991-08-21,0.0,0.0,-7.679785897263258e-05
1991-08-22,0.0,0.0,0.0
1991-08-23,0.0,0.0,0.0
1991-08-26,0.0,0.0,-0.0008118510117904876
1991-08-27,0.0,0.0,-0.002816084002656205
1991-08-28,0.0,0.0,0.0
1991-08-29,-0.0020382632421258595,-0.0020382632421258595,-0.0004286340799102284
1991-08-30,-0.005235178316789879,-0.005235178316789879,-0.0030506805364272083
1991-09-03,-0.009571389470694469,-0.009571389470694691,-0.011320140646759569
1991-09-04,-0.01142622974138141,-0.011426229741381633,-0.01681628978772176
1991-09-05,-0.013180977681760409,-0.01318097768176063,-0.0189088335090134
1991-09-06,-0.012697842845721174,-0.012697842845721397,-0.019009702164328846
1991-09-09,-0.00985288486145719,-0.0098528848614573,-0.020345923321355985
1991-09-10,-0.015395704300827706,-0.015395704300827706,-0.03045587092505242
1991-09-11,-0.01641098295718524,-0.01641098295718557,-0.02911964976802517
1991-09-12,-0.009846474779442116,-0.009846474779442227,-0.023446999715320938
1991-09-13,-0.01517731032074976,-0.01517731032074987,-0.03290141646982769
1991-09-16,-0.015257139771859274,-0.015257139771859385,-0.027380030929976318
1991-09-17,-0.015194514046727337,-0.01519451404672767,-0.028085957636703185
1991-09-18,-0.010558404569532165,-0.010558404569532276,-0.02445545544775296
1991-09-19,-0.006466184372749484,-0.006466184372749484,-0.022892337521446482
1991-09-20,-0.0022001047942311613,-0.0022001047942313834,-0.021984673504088836
1991-09-23,-0.003987971855098693,-0.003987971855098804,-0.02702702910649246
1991-09-24,-0.0005140886319670024,-0.0005140886319671134,-0.0225141762393144
1991-09-25,0.0,0.0,-0.02460671996060615
1991-09-26,-0.0013504894890766783,-0.0013504894890764563,-0.025590016234390056
1991-09-27,-0.005911562562163741,-0.005911562562163741,-0.027077501904270274
1991-09-30,0.0,0.0,-0.022136014957182204
1991-10-01,0.0,0.0,-0.01875756899615999
1991-10-02,-0.0006293559309190622,-0.0006293559309189511,-0.021127482284509225
1991-10-03,-0.005485351254258086,-0.005485351254257864,-0.030682767694331314
1991-10-04,-0.005883400940193462,-0.005883400940193462,-0.03880096329181082
1991-10-07,-0.007422925244750744,-0.007422925244750966,-0.04321302444391384
1991-10-08,-0.007805169379442312,-0.007805169379442423,-0.04026321256280185
1991-10-09,-0.010942003879317097,-0.010942003879317097,-0.05002023528325461
1991-10-10,-0.007686449747200119,-0.007686449747200119,-0.040565818528747744
1991-10-11,-0.005914706076826648,-0.005914706076826648,-0.038296696955473775
1991-10-14,0.0,0.0,-0.025640412091927356
1991-10-15,0.0,0.0,-0.014194243331203893
1991-10-16,0.0,0.0,-0.009681390464025608
1991-10-17,-0.0031086114860632286,-0.0031086114860634506,-0.011899962299281475
1991-10-18,0.0,0.0,-0.01043771302829033
1991-10-21,0.0,0.0,-0.01669026167375731
1991-10-22,-0.0007489317096188719,-0.0007489317096186499,-0.022211647213608465
1991-10-23,-0.0026195625749575457,-0.0026195625749573237,-0.021934277646551092
1991-10-24,-0.009266365041826985,-0.009266365041826874,-0.02917004562556158
1991-10-25,-0.011898606886695973,-0.011898606886695862,-0.031363458002168665
1991-10-28,-0.010154332042233372,-0.01015433204223326,-0.017950850574357857
1991-10-29,-0.006155404483960902,-0.006155404483960569,-0.013009286687029165
1991-10-30,0.0,0.0,-0.009277992783004452
1991-10-31,0.0,0.0,-0.010563741142253669
1991-11-01,-0.0016476898439509169,-0.001647689843951028,-0.01341268436805021
1991-11-04,-0.005604704208779454,-0.005604704208779232,-0.016034730824567633
1991-11-05,-0.004228542834332827,-0.00422854283433316,-0.019992998438112197
1991-11-06,-0.004931016634411645,-0.004931016634411867,-0.016816289787720984
1991-11-07,0.0,0.0,-0.007361873033214006
1991-11-08,0.0,0.0,-0.009454416754505757
1991-11-11,0.0,0.0,-0.008874595101983296
1991-11-12,0.0,0.0,0.0
1991-11-13,0.0,0.0,0.0
1991-11-14,-0.0016243470117751624,-0.0016243470117750514,-0.0006542607464055106
1991-11-15,-0.023154864293918442,-0.02315486429391833,-0.03721599458653002
1991-11-18,-0.016539909965199162,-0.01653990996519883,-0.030623319281317674
1991-11-19,-0.02525255867609877,-0.02525255867609877,-0.04526808602853061
1991-11-20,-0.02307734699670705,-0.023077346996706716,-0.04750762363512351
1991-11-21,-0.018129849232223494,-0.01812984923222305,-0.043657698456597394
1991-11-22,-0.019241703234260887,-0.019241703234260776,-0.053521523911502666
1991-11-25,-0.021644409575355517,-0.021644409575355517,-0.05553460436537838
1991-11-26,-0.024045573439968382,-0.02404557343996805,-0.048941929060166145
1991-11-27,-0.02296497039751977,-0.022964970397519546,-0.05248991136840242
1991-11-29,-0.022403871170834644,-0.022403871170834755,-0.05583654723566789
1991-12-02,-0.014630407424294334,-0.014630407424294334,-0.0402858750864189
1991-12-03,-0.015923897982937474,-0.015923897982937474,-0.04139305013825856
1991-12-04,-0.01261337685054198,-0.01261337685054209,-0.04363251095368381
1991-12-05,-0.014038063499338338,-0.014038063499338338,-0.050376157694041024
1991-12-06,-0.010008256271267668,-0.010008256271267446,-0.04607331821008065
1991-12-09,-0.008866805966436964,-0.008866805966436742,-0.04818699509327473
1991-12-10,-0.011566321941380187,-0.011566321941379853,-0.049092900495310565
1991-12-11,-0.014885430345902395,-0.014885430345902173,-0.04959611301540379
1991-12-12,-0.015416943910130931,-0.01541694391013071,-0.03990844649855674
1991-12-13,-0.011256258851015333,-0.011256258851015222,-0.03256083722645353
1991-12-16,-0.008212740248679573,-0.00821274024867924,-0.03258602472936667
1991-12-17,-0.013290028743922155,-0.013290028743922155,-0.03691405171624018
1991-12-18,-0.012809481849003435,-0.012809481849003101,-0.03505194269750933
1991-12-19,-0.01694328628190145,-0.016943286281901115,-0.03746763924216023
1991-12-20,-0.01618758873014614,-0.01618758873014603,-0.02609394585347269
1991-12-23,-0.007856301119027909,-0.007856301119027909,-0.0014846036397013762
1991-12-24,-0.002700472326015113,-0.002700472326015113,0.0
1991-12-26,0.0,0.0,0.0
1991-12-27,0.0,0.0,0.0
1991-12-30,0.0,0.0,0.0
1991-12-31,0.0,0.0,0.0
1992-01-02,-0.0013249785032712902,-0.0013249785032715122,0.0
1992-01-03,0.0,0.0,0.0
1992-01-06,0.0,0.0,-0.0032908973502744354
1992-01-07,0.0,0.0,-0.0046263234090435645
1992-01-08,0.0,0.0,-0.002957004447951106
1992-01-09,0.0,0.0,-0.004125556830820609
1992-01-10,0.0,0.0,-0.01011110380932656
1992-01-13,-0.0019575045817878944,-0.0019575045817876724,-0.011923498935625387
1992-01-14,0.0,0.0,0.0
1992-01-15,0.0,0.0,0.0
1992-01-16,-0.001271871681151726,-0.0012718716811518371,-0.006084078297966755
1992-01-17,-0.0022670315870481073,-0.0022670315870481073,-0.004539305824986628
1992-01-20,-0.0047456490618397185,-0.0047456490618397185,-0.01048079420408965
1992-01-21,-0.015065792920942456,-0.015065792920942345,-0.01932165928537788
1992-01-22,-0.005481207789741371,-0.005481207789741371,-0.006274174013807032
1992-01-23,-0.0052949147634013816,-0.0052949147634011595,-0.013808013190800494
1992-01-24,-0.005676298853059425,-0.005676298853059314,-0.01257213719006911
1992-01-27,-0.005655911269735525,-0.005655911269735525,-0.013736718231368572
1992-01-28,-0.005268713270235259,-0.005268713270235259,-0.013808013190800494
1992-01-29,-0.009719199246410626,-0.009719199246410626,-0.024787872110913267
1992-01-30,-0.005402381073884244,-0.005402381073884133,-0.02174583296193011
1992-01-31,-0.007706441897475602,-0.007706441897475602,-0.02849535505723877
1992-02-03,-0.0035910898077250453,-0.0035910898077249342,-0.02671290854350794
1992-02-04,0.0,0.0,-0.016445999217713947
1992-02-05,0.0,0.0,-0.016469788380169215
1992-02-06,0.0,0.0,-0.016517294177145647
1992-02-07,-0.0015474798589533156,-0.0015474798589533156,-0.02300542559718266
1992-02-10,-0.003269520607878773,-0.003269520607879106,-0.016636167461488438
1992-02-11,-0.0026286855029657996,-0.0026286855029660217,-0.016659884096009603
1992-02-12,0.0,0.0,-0.008650769365448285
1992-02-13,-0.004498594855307236,-0.004498594855307569,-0.016826263177328715
1992-02-14,-0.008005898890721008,-0.008005898890721008,-0.01970192324499309
1992-02-18,-0.015478157584768226,-0.015478157584768448,-0.031822574043949836
1992-02-19,-0.01772812663503065,-0.017728126635030983,-0.029731158530036272
1992-02-20,-0.011134271264027773,-0.011134271264028106,-0.016327198461305703
1992-02-21,-0.0141902520905971,-0.0141902520905971,-0.02219739188097669
1992-02-24,-0.01870862798982309,-0.018708627989823534,-0.02020106048895043
1992-02-25,-0.020406228962713602,-0.020406228962713713,-0.024526408907707187
1992-02-26,-0.014717126202437592,-0.014717126202437925,-0.0128811061902524
1992-02-27,-0.009509476390905824,-0.009509476390906157,-0.016422282583193115
1992-02-28,-0.010322175364768982,-0.010322175364769204,-0.019179069366514367
1992-03-02,-0.01109006426352177,-0.011090064263521993,-0.01977321820442479
1992-03-03,-0.011117983200891857,-0.011117983200891968,-0.01882259456935531
1992-03-04,-0.014647105016533324,-0.014647105016533435,-0.02718825662501012
1992-03-05,-0.020241760867549696,-0.02024176086755003,-0.03389020039540802
1992-03-06,-0.02454155584156792,-0.024541555841568252,-0.03880977018000942
1992-03-09,-0.02502029425494723,-0.02502029425494723,-0.036979817869302156
1992-03-10,-0.02037687403890287,-0.020376874038903203,-0.03298708255731486
1992-03-11,-0.023932988052258297,-0.02393298805225852,-0.03978418297753472
1992-03-12,-0.025839970515324495,-0.025839970515324717,-0.0401168686122384
1992-03-13,-0.0243343093252133,-0.02433430932521352,-0.035482551193298795
1992-03-16,-0.028152674405946043,-0.02815267440594582,-0.03417538023313571
1992-03-17,-0.027914366081678632,-0.027914366081678632,-0.02659410778709992
1992-03-18,-0.02573176644099373,-0.025731766440993842,-0.027616026381601322
1992-03-19,-0.02707710836685251,-0.02707710836685273,-0.026071253908621195
1992-03-20,-0.02732292777425116,-0.02732292777425116,-0.022506360881159537
1992-03-23,-0.028904602851225425,-0.028904602851225647,-0.025809790705415114
1992-03-24,-0.03117021925901975,-0.031170219259019638,-0.02825768101648818
1992-03-25,-0.02828845937733515,-0.02828845937733504,-0.031489888409245936
1992-03-26,-0.03160998398203463,-0.03160998398203474,-0.03068185469304019
1992-03-27,-0.03848948718546219,-0.03848948718546241,-0.04104377561278727
1992-03-30,-0.037800957428759996,-0.03780095742876011,-0.042232073288607896
1992-03-31,-0.037968179872507,-0.037968179872507,-0.0405922166937408
1992-04-01,-0.037151970368252574,-0.037151970368252574,-0.03930883489603321
1992-04-02,-0.04536907105432597,-0.04536907105432597,-0.04817356166771114
1992-04-03,-0.04773848239152345,-0.04773848239152345,-0.04567816555966153
1992-04-06,-0.04465393655604255,-0.04465393655604255,-0.03607670003120955
1992-04-07,-0.054598237664648996,-0.054598237664648996,-0.053972460127950095
1992-04-08,-0.06075676333635038,-0.060756763336350605,-0.06243313377755799
1992-04-09,-0.051431784282626514,-0.051431784282626514,-0.047840803505072804
1992-04-10,-0.050220116588340136,-0.05022011658834025,-0.03916624497716914
1992-04-13,-0.04848316643300776,-0.04848316643300765,-0.03491219151784419
1992-04-14,-0.0455842556595728,-0.04558425565957269,-0.01991580812328886
1992-04-15,-0.042194195924381006,-0.04219419592438134,-0.010670889919930815
1992-04-16,-0.04936061020737381,-0.049360610207374034,-0.011241249595385416
1992-04-20,-0.05876591026919886,-0.058765910269199084,-0.02516813607052859
1992-04-21,-0.05883064849799091,-0.058830648497991134,-0.0249779678267541
1992-04-22,-0.05689218210309177,-0.05689218210309188,-0.02604746474616637
1992-04-23,-0.05795681943834252,-0.05795681943834263,-0.0217933387589071
1992-04-24,-0.061579957950266495,-0.061579957950266606,-0.027924995381784612
1992-04-27,-0.06606425347177058,-0.0660642534717708,-0.029279599610989804
1992-04-28,-0.06948479721334844,-0.06948479721334866,-0.027711110503488956
1992-04-29,-0.06404984003054903,-0.06404984003054903,-0.020795209326860853
1992-04-30,-0.05779312923235913,-0.05779312923235935,-0.013831729825321992
1992-05-01,-0.057176056257718044,-0.057176056257718155,-0.019583122488584848
1992-05-04,-0.053569763533833026,-0.05356976353383314,-0.00917362324392701
1992-05-05,-0.05120101996632287,-0.05120101996632298,-0.0093400023252459
1992-05-06,-0.050372067923245,-0.050372067923245,-0.009458803081654255
1992-05-07,-0.05230794417717133,-0.05230794417717144,-0.011692808514431774
1992-05-08,-0.052497034534983555,-0.052497034534983555,-0.01121753296086414
1992-05-11,-0.05212980961887681,-0.05212980961887692,-0.005418634500624964
1992-05-12,-0.054901898414606465,-0.054901898414606465,-0.010647100757475103
1992-05-13,-0.055943541556491616,-0.05594354155649184,-0.010266836797860335
1992-05-14,-0.05838430148856333,-0.05838430148856355,-0.01813336160955803
1992-05-15,-0.05796325935442537,-0.05796325935442537,-0.025382020948824247
1992-05-18,-0.05659038147748574,-0.05659038147748574,-0.018917678691242723
1992-05-19,-0.05508083122874374,-0.05508083122874374,-0.010457005041634826
1992-05-20,-0.05567576297356147,-0.05567576297356158,-0.0127860220683651
1992-05-21,-0.05617767697871989,-0.05617767697871989,-0.019416743407265624
1992-05-22,-0.05499861795144334,-0.05499861795144356,-0.016042018623578347
1992-05-26,-0.05778878064309689,-0.05778878064309689,-0.022244897677953457
1992-05-27,-0.056038253387724946,-0.056038253387724946,-0.02043866200176725
1992-05-28,-0.055350945561088105,-0.055350945561088216,-0.009577676365997156
1992-05-29,-0.05168999620124737,-0.05168999620124748,-0.0128811061902524
1992-06-01,-0.05013780778699184,-0.05013780778699184,-0.008246788771312574
1992-06-02,-0.047823513505269144,-0.047823513505269144,-0.017277822096375406
1992-06-03,-0.046569538063912064,-0.046569538063912175,-0.014687341866438608
1992-06-04,-0.04885355872251551,-0.04885355872251562,-0.01784818177183045
1992-06-05,-0.050341628748738154,-0.050341628748738265,-0.01732532789335195
1992-06-08,-0.05256373818089999,-0.05256373818089999,-0.01761058025901363
1992-06-09,-0.058620163165767014,-0.058620163165767014,-0.025453315908255614
1992-06-10,-0.0613787437081712,-0.0613787437081712,-0.03213154304413257
1992-06-11,-0.0621821180647103,-0.0621821180647103,-0.027853700422352135
1992-06-12,-0.05985073899176474,-0.05985073899176507,-0.026166265502574282
1992-06-15,-0.05756263129579631,-0.05756263129579631,-0.024906672867321844
1992-06-16,-0.06103880788417182,-0.06103880788417193,-0.029588568611172095
1992-06-17,-0.0683537502665773,-0.06835375026657742,-0.04399073063988301
1992-06-18,-0.07158992408792175,-0.07158992408792175,-0.04708034811377726
1992-06-19,-0.06640384046628434,-0.06640384046628467,-0.0406397224907169
1992-06-22,-0.07008695435282442,-0.07008695435282453,-0.04128144965353786
1992-06-23,-0.06662996829796441,-0.06662996829796464,-0.03976039381507912
1992-06-24,-0.0691096782271663,-0.0691096782271664,-0.04023574189658119
1992-06-25,-0.07026086051926839,-0.07026086051926839,-0.041946893450879985
1992-06-26,-0.07038470923055529,-0.0703847092305554,-0.04116257636919507
1992-06-29,-0.06437992566348183,-0.06437992566348216,-0.028115091097624112
1992-06-30,-0.06007927441165184,-0.06007927441165184,-0.030016338367763518
1992-07-01,-0.056415223607360065,-0.056415223607360065,-0.018751299609923167
1992-07-02,-0.05716240947567608,-0.05716240947567608,-0.02138935816477061
1992-07-06,-0.057583905517723966,-0.057583905517723966,-0.016469788380169104
1992-07-07,-0.06212886648148919,-0.06212886648148952,-0.02759223721914561
1992-07-08,-0.06044659896437721,-0.06044659896437732,-0.024930462029777
1992-07-09,-0.05594550531064035,-0.05594550531064035,-0.015542881379620677
1992-07-10,-0.05274737923924577,-0.05274737923924577,-0.014616046907006575
1992-07-13,-0.051174126426030475,-0.051174126426030475,-0.014021898069096372
1992-07-14,-0.04732428120812071,-0.04732428120812093,-0.007343670933219304
1992-07-15,-0.04582195424344904,-0.04582195424344904,-0.008722064324880208
1992-07-16,-0.04361155942941619,-0.04361155942941641,-0.007676356567923537
1992-07-17,-0.04425873586984974,-0.04425873586984985,-0.012239451555365544
1992-07-20,-0.04612516010829948,-0.04612516010829937,-0.016683673258465093
1992-07-21,-0.04424482782590178,-0.04424482782590178,-0.016659884096009825
1992-07-22,-0.04678383704612166,-0.04678383704612177,-0.023385689556797318
1992-07-23,-0.04525926235781086,-0.04525926235781108,-0.020652619407997008
1992-07-24,-0.046544787848706415,-0.04654478784870664,-0.021793338758906877
1992-07-27,-0.04638835355962634,-0.04638835355962656,-0.0219359286777705
1992-07-28,-0.04088539695270066,-0.04088539695270055,-0.007723934892834405
1992-07-29,-0.03981805787588344,-0.03981805787588355,0.0
1992-07-30,-0.03848934848534458,-0.038489348485344466,0.0
1992-07-31,-0.036242069986879843,-0.03624206998687973,0.0
1992-08-03,-0.03827225784126109,-0.038272257841261204,0.0
1992-08-04,-0.040027296361209275,-0.040027296361209275,-0.0017173092583150362
1992-08-05,-0.04449489583825239,-0.0444948958382525,-0.006822070435596128
1992-08-06,-0.048083086414404175,-0.04808308641440451,-0.0105859936455035
1992-08-07,-0.047178100439746795,-0.047178100439746684,-0.014608651129352834
1992-08-10,-0.04712546951629981,-0.04712546951629981,-0.01333831179045053
1992-08-11,-0.04990109235717666,-0.04990109235717666,-0.014561628113417213
1992-08-12,-0.05146744669215464,-0.05146744669215475,-0.017196352823093064
1992-08-13,-0.059111667068941776,-0.05911166706894211,-0.017313946258364243
1992-08-14,-0.05896648295090123,-0.05896648295090123,-0.012185637677683436
1992-08-17,-0.05796631016994647,-0.0579663101699468,-0.010233141548826152
1992-08-18,-0.060046240200709367,-0.060046240200709144,-0.008821661371253064
1992-08-19,-0.060593939797589536,-0.060593939797589536,-0.016231842564932486
1992-08-20,-0.0610188021897311,-0.0610188021897311,-0.016067154322861765
1992-08-21,-0.06399100180837236,-0.06399100180837258,-0.02408899367802475
1992-08-24,-0.06492108780937689,-0.06492108780937711,-0.033804594888102946
1992-08-25,-0.06639339779937048,-0.0663933977993707,-0.03171095792057488
1992-08-26,-0.06575189241727253,-0.06575189241727264,-0.02724125872644889
1992-08-27,-0.062404643519670455,-0.062404643519670455,-0.02719423571051316
1992-08-28,-0.061373195499117905,-0.061373195499118016,-0.024112541081424577
1992-08-31,-0.061583297905519974,-0.061583297905519974,-0.02601801419434613
1992-09-01,-0.05854619212207446,-0.05854619212207457,-0.02121901030694262
1992-09-02,-0.055866095820423234,-0.055866095820423456,-0.01672583550028106
1992-09-03,-0.054781977149918726,-0.054781977149918726,-0.01672583550028106
1992-09-04,-0.053080944143742315,-0.05308094414374209,-0.018843091662072875
1992-09-08,-0.05438412265447312,-0.054384122654473344,-0.02505350393618555
1992-09-09,-0.05099673797544346,-0.05099673797544357,-0.020536853516988085
1992-09-10,-0.04769246939837679,-0.04769246939837657,-0.012091519854948163
1992-09-11,-0.04835338073437068,-0.0483533807343709,-0.01296198408123772
1992-09-14,-0.035877351853128236,-0.035877351853128125,0.0
1992-09-15,-0.040278353361434927,-0.040278353361434927,-0.012932960571133023
1992-09-16,-0.039006151077790596,-0.03900615107779071,-0.012580186056264653
1992-09-17,-0.03821496707814809,-0.03821496707814831,-0.012556720379624409
1992-09-18,-0.03832468156877311,-0.03832468156877311,-0.005502378249915396
1992-09-21,-0.03705443133837161,-0.037054431338371496,-0.007359970009860661
1992-09-22,-0.04062665034230284,-0.04062665034230284,-0.019117206892708793
1992-09-23,-0.04136425349309103,-0.04136425349309114,-0.018411801383929505
1992-09-24,-0.039404964846329604,-0.039404964846329715,-0.015989813456482094
1992-09-25,-0.04388658213021601,-0.04388658213021601,-0.025677765166272293
1992-09-28,-0.04641939665756867,-0.04641939665756867,-0.020340005455231625
1992-09-29,-0.04531285315020683,-0.045312853150206944,-0.019916762149963962
1992-09-30,-0.04038957250162445,-0.04038957250162456,-0.017565314773394403
1992-10-01,-0.04395488831149563,-0.043954888311495965,-0.021115951514888764
1992-10-02,-0.04874958711537292,-0.04874958711537325,-0.03480139246903924
1992-10-05,-0.05164423822096531,-0.05164423822096531,-0.041620575508995006
1992-10-06,-0.04748906276221465,-0.04748906276221476,-0.042537674430887185
1992-10-07,-0.048469250612925285,-0.048469250612925174,-0.04942739802172147
1992-10-08,-0.04511027331248685,-0.04511027331248685,-0.04119733220372779
1992-10-09,-0.047604182202533596,-0.047604182202533596,-0.05316619073920981
1992-10-12,-0.04831238501558821,-0.04831238501558832,-0.0419262751496261
1992-10-13,-0.048841433121219024,-0.048841433121219247,-0.03755261747423633
1992-10-14,-0.04896160704424268,-0.048961607044242794,-0.0373879989353616
1992-10-15,-0.04891273617265357,-0.04891273617265357,-0.036847140204977924
1992-10-16,-0.0463833706164235,-0.046383370616423725,-0.03183854581120804
1992-10-19,-0.04036539544943729,-0.0403653954494374,-0.024196341837356528
1992-10-20,-0.0382830214027956,-0.038283021402795825,-0.02302061814907186
1992-10-21,-0.035154063913586664,-0.035154063913586775,-0.022573837406685282
1992-10-22,-0.03604843173652417,-0.036048431736523945,-0.02438449781335028
1992-10-23,-0.03603001497587932,-0.03603001497587932,-0.02626562701041435
1992-10-26,-0.03576053886364705,-0.03576053886364727,-0.016718756402379964
1992-10-27,-0.0396348084735475,-0.03963480847354761,-0.015942810342722713
1992-10-28,-0.03675807991758717,-0.036758079917587505,-0.012086402200118473
1992-10-29,-0.03278504137320859,-0.03278504137320848,-0.010369891541929466
1992-10-30,-0.03338892523969561,-0.03338892523969561,-0.015496029600336136
1992-11-02,-0.03154832885074865,-0.031548328850748986,-0.005925621555182836
1992-11-03,-0.03420773552920342,-0.03420773552920331,-0.012580186056264209
1992-11-04,-0.034224000076573335,-0.034224000076573224,-0.01918781920406576
1992-11-05,-0.02841641885976931,-0.02841641885976931,-0.016295513097112524
1992-11-06,-0.027382274635435633,-0.027382274635435744,-0.01808263606665861
1992-11-09,-0.026023051778693684,-0.026023051778693795,-0.0157076512529698
1992-11-10,-0.02566679996522725,-0.02566679996522725,-0.01563711070209184
1992-11-11,-0.020321855585898496,-0.020321855585898496,-0.007218888908104293
1992-11-12,-0.019062259564900375,-0.019062259564900264,-0.0056434593516709874
1992-11-13,-0.0161570657373874,-0.01615706573738751,-0.006678101938199954
1992-11-16,-0.01731787601910817,-0.01731787601910839,-0.010793134847196684
1992-11-17,-0.022714082380586587,-0.022714082380586365,-0.014108684259417692
1992-11-18,-0.01695780416386017,-0.01695780416386039,-0.005690462465429924
1992-11-19,-0.015208613442446284,-0.015208613442446284,-0.003903411256362732
1992-11-20,-0.011045239047055566,-0.011045239047055788,0.0
1992-11-23,-0.015092222779716336,-0.015092222779716336,-0.003586074771322112
1992-11-24,-0.010234361463691166,-0.010234361463691166,0.0
1992-11-25,-0.008609656644687269,-0.008609656644687491,0.0
1992-11-27,-0.008045974839765102,-0.008045974839765213,0.0
1992-11-30,-0.005732432295160406,-0.005732432295160739,0.0
1992-12-01,-0.004543055373586458,-0.004543055373586236,-0.0013214496723154001
1992-12-02,-0.004376841535067677,-0.00437684153506801,-0.0033847025256046326
1992-12-03,-0.0024279282667630797,-0.0024279282667631907,-0.003338361935853573
1992-12-04,0.0,0.0,0.0
1992-12-07,0.0,0.0,0.0
1992-12-08,0.0,0.0,0.0
1992-12-09,-0.0034721795567042024,-0.0034721795567038694,-0.0030664234143483737
1992-12-10,-0.006520200556203504,-0.006520200556203393,-0.005377641681625356
1992-12-11,-0.007392587417648033,-0.007392587417648033,-0.00746007762397094
1992-12-14,-0.007919727436891733,-0.007919727436891622,-0.009496771068505439
1992-12-15,-0.01071887225258883,-0.01071887225258894,-0.010114609050393741
1992-12-16,-0.009467848344292373,-0.009467848344292262,-0.012517451985042505
1992-12-17,-0.0026163767345867006,-0.0026163767345867006,-0.0035698702337710886
1992-12-18,-0.0020962621533985315,-0.0020962621533984205,0.0
1992-12-21,-0.0037808172564464115,-0.0037808172564464115,-0.0013143278051803708
1992-12-22,-0.005862900386429559,-0.005862900386429448,-0.0021981536062963825
1992-12-23,-0.004136496369204656,-0.004136496369204878,-0.0050988034948877825
1992-12-24,-0.0022165553366639834,-0.0022165553366637614,-0.003421885809014924
1992-12-28,-0.0018738099425420485,-0.0018738099425420485,-0.004826878373605736
1992-12-29,-0.00046416547378969053,-0.00046416547378935746,-0.007478217463056325
1992-12-30,0.0,0.0,-0.005574672457131835
1992-12-31,0.0,0.0,-0.012622387916123468
1993-01-04,-0.007004061407496098,-0.00700406140749632,-0.0133701819996499
1993-01-05,-0.0051593636374072105,-0.0051593636374075436,-0.015726981645677096
1993-01-06,0.0,0.0,-0.01531909396375375
1993-01-07,-0.0025345115659746176,-0.0025345115659742845,-0.02390769539102866
1993-01-08,-0.0031453957010373346,-0.0031453957010373346,-0.027714854559825475
1993-01-11,-0.0006372771056416537,-0.0006372771056412097,-0.02340914294969476
1993-01-12,-0.0016301703616412588,-0.0016301703616411478,-0.02320519910873331
1993-01-13,0.0,0.0,-0.018695612814589202
1993-01-14,0.0,0.0,-0.012101151995700388
1993-01-15,0.0,0.0,-0.009359148146839691
1993-01-18,0.0,0.0,-0.010061644429135042
1993-01-19,0.0,0.0,-0.013936715721304394
1993-01-20,0.0,0.0,-0.01792513525197348
1993-01-21,0.0,0.0,-0.013120940357457367
1993-01-22,-0.0003700909227108973,-0.0003700909227105642,-0.011715947792866666
1993-01-25,0.0,0.0,-0.0028779664095019974
1993-01-26,0.0,0.0,-0.003013928970143076
1993-01-27,-0.005628057813634513,-0.005628057813634291,-0.007183678019632711
1993-01-28,-0.008062738864447194,-0.008062738864447194,-0.005937262337824545
1993-01-29,-0.006621988973997794,-0.006621988973997683,-0.005665337216542277
1993-02-01,-0.004019093282998765,-0.004019093282998543,0.0
1993-02-02,-0.0021370429593292606,-0.0021370429593291496,0.0
1993-02-03,-0.001343082330514389,-0.001343082330514278,0.0
1993-02-04,-0.0013932129417517647,-0.0013932129417514316,0.0
1993-02-05,-0.006168846488300961,-0.006168846488300961,-0.00140138109759258
1993-02-08,-0.00739677781498882,-0.00739677781498882,-0.003803700205455285
1993-02-09,-0.01090628823657891,-0.010906288236578576,-0.009409224595826715
1993-02-10,-0.007642207073941143,-0.00764220707394081,-0.0074072128088567
1993-02-11,-0.005199498080235454,-0.005199498080235454,-0.004226341104196396
1993-02-12,-0.010779781541040867,-0.010779781541040756,-0.01107752249615801
1993-02-16,-0.025085090911419194,-0.025085090911419083,-0.0348118026102725
1993-02-17,-0.02750041799939429,-0.027500417999393956,-0.03616872020181383
1993-02-18,-0.02630098182513907,-0.026300981825138847,-0.0392828627057894
1993-02-19,-0.024844478029653283,-0.02484447802965295,-0.03412224490879234
1993-02-22,-0.0322613793021429,-0.03226137930214279,-0.03185338420229933
1993-02-23,-0.032919770735323706,-0.03291977073532382,-0.03283212440115091
1993-02-24,-0.026197391399037206,-0.02619739139903743,-0.019330017102497044
1993-02-25,-0.02376068539109455,-0.02376068539109455,-0.016060150502518744
1993-02-26,-0.023370402570180193,-0.02337040257017986,-0.013746758406759207
1993-03-01,-0.023228026097964816,-0.02322802609796437,-0.016794171710050043
1993-03-02,-0.017850325339651696,-0.017850325339651696,-0.0036925074987192996
1993-03-03,-0.013864263786066866,-0.013864263786066533,-0.0006672920068462318
1993-03-04,-0.017033978022537588,-0.017033978022537366,-0.004938164500309483
1993-03-05,-0.015120992812540313,-0.01512099281254009,-0.007674197494810686
1993-03-08,-0.013648833185757048,-0.013648833185756826,0.0
1993-03-09,-0.013109439481667873,-0.01310943948166754,-0.000681747849000991
1993-03-10,-0.01157035911807669,-0.01157035911807669,0.0
1993-03-11,-0.010012319654770674,-0.010012319654771007,-0.005719513133834231
1993-03-12,-0.010771216585276466,-0.010771216585276022,-0.014244078169889596
1993-03-15,-0.00839348494853609,-0.008393484948535646,-0.010737830168231488
1993-03-16,-0.007325569141592658,-0.007325569141592325,-0.010869308616633377
1993-03-17,-0.012216742439606132,-0.012216742439605688,-0.017574976989599644
1993-03-18,-0.010848016750529044,-0.010848016750529044,-0.00972973956232659
1993-03-19,-0.012301551718328252,-0.012301551718327697,-0.013477075970133368
1993-03-22,-0.014928367341590754,-0.014928367341590532,-0.016325864853664163
1993-03-23,-0.016447926684787784,-0.016447926684787895,-0.01658882175046783
1993-03-24,-0.017622828442245497,-0.017622828442245497,-0.01810089078320709
1993-03-25,-0.012304473097721647,-0.012304473097721313,-0.011943071570621244
1993-03-26,-0.011883427569413962,-0.011883427569413962,-0.01873641453456143
1993-03-29,-0.013157995557089852,-0.01315799555708963,-0.012184159976770137
1993-03-30,-0.007532221347545165,-0.007532221347544721,-0.009554457256496951
1993-03-31,-0.0022180605850310453,-0.0022180605850308233,-0.010211849498506287
1993-04-01,-0.005517926046347821,-0.005517926046347599,-0.0132141190733297
1993-04-02,-0.01190999765952383,-0.01190999765952383,-0.03273940429830213
1993-04-05,-0.012097554291938595,-0.012097554291938817,-0.03076716069615648
1993-04-06,-0.01665269760801935,-0.01665269760801924,-0.03324344960125447
1993-04-07,-0.015345594421501185,-0.015345594421501185,-0.02980294082379742
1993-04-08,-0.016135151144153093,-0.01613515114415287,-0.031753315935288295
1993-04-12,-0.012092755739780192,-0.012092755739779859,-0.017443498541197644
1993-04-13,-0.012370392706525957,-0.012370392706525957,-0.015580798020680797
1993-04-14,-0.010899874015676825,-0.01089987401567638,-0.016807974789843416
1993-04-15,-0.012401627614226252,-0.012401627614225919,-0.01737775931699681
1993-04-16,-0.015373935826368812,-0.015373935826368923,-0.01619438640526205
1993-04-19,-0.015923116959670525,-0.015923116959670414,-0.019437677510116602
1993-04-20,-0.01624884949921679,-0.01624884949921679,-0.024609341483570524
1993-04-21,-0.01582577110675709,-0.01582577110675709,-0.027830697221651657
1993-04-22,-0.015843361727405192,-0.01584336172740497,-0.036968850642288276
1993-04-23,-0.013787809445932386,-0.013787809445932275,-0.04229392843091706
1993-04-26,-0.01712736619830879,-0.017127366198308347,-0.04994188130946897
1993-04-27,-0.0113183183479173,-0.0113183183479173,-0.04014633564682324
1993-04-28,-0.009532520066611538,-0.009532520066611538,-0.040124467156168464
1993-04-29,-0.004074357081866986,-0.004074357081867208,-0.03821789590210545
1993-04-30,-0.0034840901565128535,-0.0034840901565128535,-0.035369107018574875
1993-05-03,-0.00033706285134837977,-0.0003370628513481577,-0.030394660717723898
1993-05-04,0.0,0.0,-0.026910348082838764
1993-05-05,0.0,0.0,-0.02588038898627909
1993-05-06,-0.000726347293885321,-0.000726347293885321,-0.028641503278835745
1993-05-07,0.0,0.0,-0.0307233568387284
1993-05-10,0.0,0.0,-0.029649593884740533
1993-05-11,-0.0011183901797654494,-0.0011183901797651163,-0.026231020474056677
1993-05-12,-0.001132610971619319,-0.001132610971619541,-0.025266800601697614
1993-05-13,0.0,0.0,-0.037472829069122526
1993-05-14,0.0,0.0,-0.03674969760291258
1993-05-17,0.0,0.0,-0.03497467167336976
1993-05-18,0.0,0.0,-0.035084214754998455
1993-05-19,0.0,0.0,-0.01919658910396771
1993-05-20,-0.0030187321741929063,-0.003018732174192462,-0.012578595321975583
1993-05-21,-0.005226278677071927,-0.005226278677071483,-0.022987729369202792
1993-05-24,0.0,0.0,-0.018254304598382065
1993-05-25,-0.0012838739860020487,-0.0012838739860021597,-0.016391604077865107
1993-05-26,0.0,0.0,-0.006333101518415485
1993-05-27,0.0,0.0,-0.008590237384138222
1993-05-28,0.0,0.0,-0.013455140603360505
1993-06-01,0.0,0.0,-0.00547849160380387
1993-06-02,-0.006241818735235993,-0.006241818735235993,-0.005434620870257811
1993-06-03,-0.001138526656357497,-0.0011385266563570529,-0.008414955078308584
1993-06-04,-0.000980175163102448,-0.000980175163102337,-0.013740032866937368
1993-06-07,-0.009141501838850874,-0.009141501838850874,-0.018933632207164153
1993-06-08,-0.010850958191052196,-0.010850958191051752,-0.02546401827430067
1993-06-09,-0.013242389188271031,-0.01324238918827092,-0.023119207817604348
1993-06-10,-0.01443787408105457,-0.014437874081054458,-0.02399575309898938
1993-06-11,-0.011932613079293386,-0.011932613079293386,-0.01987591671275013
1993-06-14,-0.016356166193703836,-0.016356166193703836,-0.018889828349736404
1993-06-15,-0.013802339414477283,-0.013802339414477172,-0.022045444863616814
1993-06-16,-0.012118127483845442,-0.01211812748384522,-0.019503416734317547
1993-06-17,-0.011026109843772725,-0.011026109843772613,-0.017070931686647195
1993-06-18,-0.013302012260284934,-0.013302012260284712,-0.027721154140022852
1993-06-21,-0.014003529870437847,-0.014003529870437403,-0.022154987945245397
1993-06-22,-0.016575752161280266,-0.016575752161280266,-0.022790511696599625
1993-06-23,-0.019110560186904713,-0.019110560186904713,-0.028794917094010608
1993-06-24,-0.011074759394894995,-0.011074759394894884,-0.021278442663860586
1993-06-25,-0.005771744688266023,-0.005771744688265912,-0.019130849879766876
1993-06-28,-0.0018636494682856553,-0.0018636494682853222,-0.009817414153300619
1993-06-29,-0.0028264973981965147,-0.0028264973981964037,-0.012359442282599775
1993-06-30,0.0,0.0,-0.012710073770377472
1993-07-01,0.0,0.0,-0.016019104099432746
1993-07-02,0.0,0.0,-0.022987729369202792
1993-07-06,0.0,0.0,-0.03265179658344641
1993-07-07,0.0,0.0,-0.029583854660540254
1993-07-08,0.0,0.0,-0.01685177864727161
1993-07-09,-4.441708639701947e-05,-4.44170863966864e-05,-0.018013283068351482
1993-07-12,0.0,0.0,-0.016106711814288466
1993-07-13,-0.00033774924109364335,-0.00033774924109375437,-0.01805708692577923
1993-07-14,0.0,0.0,-0.013696229009509397
1993-07-15,-0.0034798834050389083,-0.0034798834050387972,-0.015580798020681241
1993-07-16,-0.008941057616433268,-0.008941057616433157,-0.023184947041805404
1993-07-19,-0.00865396792079054,-0.008653967920790429,-0.02257135865722415
1993-07-20,-0.007578157181018064,-0.007578157181017953,-0.019766373631121326
1993-07-21,-0.008297615116144907,-0.008297615116145018,-0.020051265894697856
1993-07-22,-0.01349275915896997,-0.013492759158970191,-0.02590225747693431
1993-07-23,-0.009085516457873144,-0.009085516457873477,-0.020226548200527716
1993-07-26,-0.006286344737226557,-0.006286344737226446,-0.015865690284257883
1993-07-27,-0.007694010710397103,-0.007694010710397103,-0.01772839080477484
1993-07-28,-0.004490263937732331,-0.004490263937732331,-0.020029330527924882
1993-07-29,-0.0028516191943953606,-0.0028516191943950275,-0.0133455975217317
1993-07-30,0.0,0.0,-0.0179694123348052
1993-08-02,0.0,0.0,-0.013542815194334534
1993-08-03,-0.0007848175012443726,-0.0007848175012445946,-0.015471254939052437
1993-08-04,0.0,0.0,-0.017070931686647306
1993-08-05,-0.011448702018675982,-0.011448702018676205,-0.017969412334805424
1993-08-06,-0.01697523694324543,-0.016975236943245542,-0.01676417093241589
1993-08-09,-0.014769123689362229,-0.014769123689362229,-0.012293703058399053
1993-08-10,-0.016633832637578783,-0.016633832637579005,-0.01507675271772857
1993-08-11,-0.01931433925388415,-0.01931433925388426,-0.012863487585552336
1993-08-12,-0.01993610310720595,-0.01993610310720617,-0.016150582547834413
1993-08-13,-0.026534881240662722,-0.026534881240663166,-0.013564683684989198
1993-08-16,-0.017625856605185675,-0.01762585660518612,-0.008655976608339055
1993-08-17,-0.016201238506791893,-0.016201238506792337,-0.0070124291271979056
1993-08-18,-0.01235959795651298,-0.012359597956513202,-0.0006354568752363621
1993-08-19,-0.01494468233276991,-0.014944682332770132,0.0
1993-08-20,-0.01478640484862348,-0.014786404848623924,-0.0005915233836609746
1993-08-23,-0.014896674123749287,-0.014896674123749398,-0.0026290596777358566
1993-08-24,-0.012095642082622926,-0.01209564208262337,0.0
1993-08-25,-0.014955536090500932,-0.014955536090501265,0.0
1993-08-26,-0.016080107299338287,-0.016080107299338398,0.0
1993-08-27,-0.016268487025602796,-0.016268487025603018,-0.001084504578199308
1993-08-30,-0.014404466936831617,-0.014404466936832172,0.0
1993-08-31,-0.009507162671714253,-0.009507162671714586,0.0
1993-09-01,-0.009769987792834,-0.009769987792834445,-0.0008844673057828434
1993-09-02,-0.008225083320578697,-0.008225083320578919,-0.00487533388887651
1993-09-03,-0.012994967150449122,-0.012994967150449122,-0.004789026733098334
1993-09-07,-0.025178701932285663,-0.025178701932285774,-0.010872397470588102
1993-09-08,-0.03236762300400664,-0.03236762300400675,-0.014906384715035803
1993-09-09,-0.027270814927547238,-0.027270814927547793,-0.0130727361949039
1993-09-10,-0.025167680952452365,-0.025167680952452587,-0.003969273335881707
1993-09-13,-0.03333747436060652,-0.033337474360606745,-0.0032358270944432554
1993-09-14,-0.037894420958387576,-0.03789442095838769,-0.00789542601040949
1993-09-15,-0.03054688652712212,-0.03054688652712223,-0.004228128970145795
1993-09-16,-0.026435783100816068,-0.02643578310081629,-0.00890932113332421
1993-09-17,-0.026993999851539052,-0.026993999851539607,-0.010203665137715534
1993-09-20,-0.025082561463772746,-0.02508256146377308,-0.01835794678238878
1993-09-21,-0.028041038616889002,-0.028041038616889447,-0.022888052048152363
1993-09-22,-0.02181493932049272,-0.021814939320493276,-0.015877093343525828
1993-09-23,-0.01598559320722215,-0.015985593207222704,-0.012555024926375613
1993-09-24,-0.014168017305530411,-0.014168017305530523,-0.012792287313427408
1993-09-27,-0.01201759687888182,-0.012017596878882153,-0.0037967248573955725
1993-09-28,-0.010732820493508988,-0.01073282049350932,-0.004379150034490076
1993-09-29,-0.01309819200537532,-0.013098192005375653,-0.007442428650447086
1993-09-30,-0.01137306263017479,-0.011373062630175346,-0.009987930164805037
1993-10-01,-0.012354910884354586,-0.01235491088435503,-0.004918454550230211
1993-10-04,-0.013286994569072896,-0.013286994569073118,-0.004789026733098001
1993-10-05,-0.012951807802089932,-0.012951807802090154,-0.00509100302871579
1993-10-06,-0.009534528366244577,-0.009534528366245132,-0.006083370737489213
1993-10-07,-0.009873917443885993,-0.009873917443886437,-0.009448625649064235
1993-10-08,-0.007887331992081248,-0.00788733199208147,-0.007010958704625869
1993-10-11,-0.0035727371713226708,-0.003572737171323004,-0.005781328608800651
1993-10-12,-0.001607801802932518,-0.0016078018029328511,-0.005263617340272586
1993-10-13,0.0,0.0,-0.0044654571902680296
1993-10-14,0.0,0.0,0.0
1993-10-15,-0.001080473844466412,-0.001080473844466412,0.0
1993-10-18,-0.0029362896260944904,-0.0029362896260944904,-0.0022363957251730904
1993-10-19,-0.00954026846660705,-0.009540268466606827,-0.007007472939130843
1993-10-20,-0.004742583483381746,-0.004742583483381746,-0.007305628702409472
1993-10-21,-0.0014483087513176285,-0.0014483087513174064,-0.008817922573881809
1993-10-22,-0.006106941789171705,-0.006106941789171705,-0.013269458969815018
1993-10-25,-0.004645380093479257,-0.004645380093479257,-0.011288578898762003
1993-10-26,-0.009597856556799234,-0.009597856556799567,-0.011075638353634343
1993-10-27,-0.0034564205521721014,-0.0034564205521719904,-0.010415366663338976
1993-10-28,-0.004997714531620678,-0.004997714531620456,-0.003769944651058732
1993-10-29,-0.0010160679542577933,-0.0010160679542577933,-0.003557004105930961
1993-11-01,-0.0037550581518134285,-0.0037550581518136505,-0.0008519571810106097
1993-11-02,-0.002924003136543729,-0.002924003136543951,-0.002257715779752534
1993-11-03,-0.009263216674942787,-0.009263216674942787,-0.013801940332967555
1993-11-04,-0.010698032448994033,-0.010698032448994255,-0.025580425485889458
1993-11-05,-0.0028688607415201517,-0.0028688607415202627,-0.02115014414436911
1993-11-08,-0.0028006065026486837,-0.0028006065026489058,-0.01978702565478585
1993-11-09,-0.000542558868784071,-0.000542558868784071,-0.019531445000499414
1993-11-10,0.0,0.0,-0.01231096651607444
1993-11-11,0.0,0.0,-0.014611257404819278
1993-11-12,0.0,0.0,-0.008753962410144034
1993-11-15,-0.005272626367608391,-0.005272626367608169,-0.012247071352502914
1993-11-16,-0.005408780990198037,-0.005408780990198037,-0.00587861504925502
1993-11-17,-0.012982795837508498,-0.01298279583750861,-0.009989355572750713
1993-11-18,-0.013184389538042574,-0.013184389538042685,-0.012523972061369015
1993-11-19,-0.014029662182144076,-0.014029662182143965,-0.014696472622970469
1993-11-22,-0.020385718417679666,-0.020385718417679555,-0.02208731654353091
1993-11-23,-0.016381216089168982,-0.016381216089168982,-0.018040471183606743
1993-11-24,-0.013988239779039291,-0.01398823977903918,-0.015207698931709812
1993-11-26,-0.01262982079167363,-0.012629820791673518,-0.013716725114816919
1993-11-29,-0.01900268961659779,-0.01900268961659779,-0.016187446439863473
1993-11-30,-0.01766328239937076,-0.017663282399370872,-0.016421707039570577
1993-12-01,-0.010812749084074036,-0.010812749084074036,-0.016208701494276445
1993-12-02,-0.00796211048595441,-0.00796211048595441,-0.013610254842253089
1993-12-03,-0.003290183105640665,-0.003290183105640776,-0.009818925136448664
1993-12-06,-0.0036172516564412227,-0.0036172516564407786,-0.006538886739550165
1993-12-07,-0.004603865424860798,-0.004603865424860798,-0.005835974940096134
1993-12-08,-0.0009374347880717337,-0.0009374347880714007,-0.006837042502828905
1993-12-09,-0.004164383705284713,-0.004164383705284824,-0.011331219007920668
1993-12-10,-0.004704948108631757,-0.004704948108631646,-0.011863700371072872
1993-12-13,-0.0019449830348231556,-0.0019449830348229336,-0.008093690719848223
1993-12-14,-0.0057086769500263035,-0.00570867695002597,-0.013716725114816364
1993-12-15,-0.006031703678361144,-0.006031703678361144,-0.01631523676700619
1993-12-16,-0.004233505993406994,-0.004233505993406661,-0.013120348588092523
1993-12-17,-0.0019091017640230357,-0.0019091017640225916,-0.006645357012113995
1993-12-20,0.0,0.0,-0.007774214901990262
1993-12-21,-0.0042248584880207884,-0.004224858488020677,-0.008945712901025082
1993-12-22,-0.005479943988159985,-0.005479943988159763,-0.004643221886648119
1993-12-23,-0.004627919281074977,-0.004627919281074977,-0.0045154315595048455
1993-12-27,-0.0032774096302876643,-0.0032774096302873312,0.0
1993-12-28,-0.001389437006666605,-0.001389437006666494,0.0
1993-12-29,0.0,0.0,-0.0007644622824016789
1993-12-30,0.0,0.0,-0.004883823376747198
1993-12-31,0.0,0.0,-0.009534102456997262
1994-01-03,-0.0031282324334356293,-0.0031282324334354072,-0.011678770058791588
1994-01-04,0.0,0.0,-0.00859979566818092
1994-01-05,0.0,0.0,-0.007198400286370199
1994-01-06,-0.0060620063357698095,-0.0060620063357698095,-0.008111452211354675
1994-01-07,-0.0010423827501220284,-0.0010423827501221394,-0.0022083673918764646
1994-01-10,-0.004208363317187769,-0.004208363317187769,0.0
1994-01-11,-0.0034555814272098084,-0.0034555814272099195,-0.0023986032301872573
1994-01-12,-0.0022404865604120916,-0.0022404865604120916,-0.002314422562678997
1994-01-13,0.0,0.0,-0.005891362504877429
1994-01-14,0.0,0.0,-0.0007574333744686523
1994-01-17,0.0,0.0,-0.004145014973049865
1994-01-18,0.0,0.0,-0.0021461254386975215
1994-01-19,-0.0025355737487497976,-0.0025355737487499086,-0.002040947762588674
1994-01-20,-0.0005136296965128073,-0.0005136296965125853,-0.000610133259087875
1994-01-21,-0.004235445622229328,-0.004235445622229328,-0.0011572112813393876
1994-01-24,-0.011469060140319454,-0.011469060140319232,-0.006943396110107969
1994-01-25,-0.011208332226398054,-0.011208332226398054,-0.00915264099667823
1994-01-26,-0.00919284052428504,-0.009192840524284818,-0.004355370325267449
1994-01-27,-0.006623984697226359,-0.006623984697226137,0.0
1994-01-28,-0.008775575622186338,-0.008775575622186005,0.0
1994-01-31,-0.006948977446764371,-0.0069489774467642595,0.0
1994-02-01,-0.005744086703439399,-0.005744086703439399,-0.004131953852498205
1994-02-02,-0.002218309450371825,-0.002218309450371936,0.0
1994-02-03,-0.0023871158561238337,-0.0023871158561237227,-0.0026763662757713913
1994-02-04,-0.010718236582059504,-0.01071823658205917,-0.02529046149669356
1994-02-07,-0.013436453941042759,-0.013436453941042537,-0.021244793017375585
1994-02-08,-0.01384732958613355,-0.013847329586133106,-0.02271786764944228
1994-02-09,-0.011706427320710255,-0.011706427320710255,-0.019149400386572868
1994-02-10,-0.011950315383739474,-0.011950315383738919,-0.02711619776808849
1994-02-11,-0.013455683930044815,-0.013455683930044704,-0.024522836772237988
1994-02-14,-0.010235872772074162,-0.01023587277207405,-0.024419064343717434
1994-02-15,-0.00649207252866979,-0.006492072528669457,-0.01966807258574277
1994-02-16,-0.00631841251429166,-0.00631841251429166,-0.019107866089373537
1994-02-17,-0.006755178505963744,-0.006755178505963633,-0.024190878967031648
1994-02-18,-0.010881983046205246,-0.010881983046205246,-0.029688791615339327
1994-02-22,-0.010011298282950998,-0.010011298282950887,-0.02186723764506593
1994-02-23,-0.013790493276725213,-0.013790493276725102,-0.023464725225297856
1994-02-24,-0.018000587226443487,-0.0180005872264436,-0.03680495899247893
1994-02-25,-0.014046910361899867,-0.014046910361899645,-0.0330497773356454
1994-02-28,-0.007528306205984658,-0.007528306205984547,-0.0308298451277228
1994-03-01,-0.00966825452514719,-0.009668254525146969,-0.036431530204551144
1994-03-02,-0.015579404424926335,-0.015579404424926335,-0.03566390548009568
1994-03-03,-0.014414788920998678,-0.014414788920998456,-0.039398319988329766
1994-03-04,-0.01264995317174622,-0.01264995317174622,-0.03580914889133824
1994-03-07,-0.009084434750225912,-0.00908443475022569,-0.031307046344171585
1994-03-08,-0.011616162385422735,-0.011616162385422513,-0.03344397327217341
1994-03-09,-0.011715449639863595,-0.011715449639863262,-0.03099585568756491
1994-03-10,-0.009783330533834289,-0.009783330533834067,-0.03755187988281261
1994-03-11,-0.005047016780303615,-0.005047016780303393,-0.03228215261119027
1994-03-14,-0.003229447147548359,-0.003229447147548248,-0.0303111729285529
1994-03-15,-0.0023775752990942145,-0.0023775752990939925,-0.031099564801607804
1994-03-16,-0.0007547175010539364,-0.0007547175010541585,-0.026099557203870583
1994-03-17,0.0,0.0,-0.023029058306049066
1994-03-18,0.0,0.0,-0.022697100500842837
1994-03-21,-0.0033792165557638976,-0.0033792165557640086,-0.027925293475265844
1994-03-22,-0.0018044389743089306,-0.0018044389743090417,-0.027385917441973495
1994-03-23,-0.0018564204305652199,-0.0018564204305652199,-0.027925293475265844
1994-03-24,-0.005742564438836029,-0.00574256443883614,-0.03661824459851537
1994-03-25,-0.006686570800017888,-0.00668657080001811,-0.04443986188326643
1994-03-28,-0.013745054115692712,-0.013745054115692823,-0.045643153526971014
1994-03-29,-0.024362224753829875,-0.024362224753829986,-0.061244790484796474
1994-03-30,-0.029375693743174502,-0.029375693743174724,-0.07562243196479501
1994-03-31,-0.028541931455042135,-0.028541931455042358,-0.07516599789694622
1994-04-04,-0.036632592043197465,-0.03663259204319791,-0.08937756550262577
1994-04-05,-0.02792580977546877,-0.02792580977546899,-0.069937741608046
1994-04-06,-0.02865458884397032,-0.02865458884397054,-0.07043570997309379
1994-04-07,-0.02604858493354434,-0.02604858493354445,-0.06456430522238077
1994-04-08,-0.02845448160931907,-0.028454481609319293,-0.07240662634125394
1994-04-11,-0.031464647803859935,-0.031464647803860046,-0.06665976116766104
1994-04-12,-0.03880890631260481,-0.03880890631260503,-0.07143152007423503
1994-04-13,-0.044455109936359816,-0.04445510993636004,-0.07414935733272854
1994-04-14,-0.04510286929646745,-0.045102869296467674,-0.07390040480744331
1994-04-15,-0.04522643224173728,-0.0452264322417375,-0.0743153678925702
1994-04-18,-0.048152478958519374,-0.04815247895851971,-0.08203321274880071
1994-04-19,-0.055778892808646896,-0.055778892808646896,-0.08186720218895893
1994-04-20,-0.060815342690440755,-0.06081534269044098,-0.08307055714714084
1994-04-21,-0.052555676741632196,-0.05255567674163264,-0.06902487347234842
1994-04-22,-0.05332550075028819,-0.053325500750288524,-0.07130704381159247
1994-04-25,-0.04649387392765081,-0.04649387392765081,-0.06076765258282579
1994-04-26,-0.04373916934373523,-0.04373916934373545,-0.06251038357430005
1994-04-28,-0.045680307735719405,-0.04568030773571963,-0.06825724874789318
1994-04-29,-0.042210857952873604,-0.042210857952873826,-0.06450206709105966
1994-05-02,-0.03861892786147114,-0.038618927861471364,-0.06012450412101311
1994-05-03,-0.040274744937006335,-0.04027474493700689,-0.060103736972413335
1994-05-04,-0.03972860403558143,-0.03972860403558154,-0.06282157423090662
1994-05-05,-0.040057857452979295,-0.04005785745297963,-0.06352696082404086
1994-05-06,-0.04478563615270259,-0.04478563615270281,-0.07091284787506502
1994-05-09,-0.044010591122845,-0.044010591122845444,-0.08232363625680772
1994-05-10,-0.043574030874696246,-0.04357403087469636,-0.07466802953189844
1994-05-11,-0.04736477509414527,-0.047364775094145606,-0.08404566341415987
1994-05-12,-0.046938795483131956,-0.0469387954831324,-0.0793568464730291
1994-05-13,-0.046469587626094766,-0.04646958762609499,-0.0785476874513743
1994-05-16,-0.05070176519085212,-0.05070176519085223,-0.07782159702411817
1994-05-17,-0.04841541739039412,-0.048415417390394344,-0.06769710556600084
1994-05-18,-0.04529991391792498,-0.04529991391792498,-0.05873443476886642
1994-05-19,-0.03970887004018575,-0.03970887004018586,-0.05294603529807407
1994-05-20,-0.04009987346640387,-0.04009987346640409,-0.056182544755737585
1994-05-23,-0.03840276295794398,-0.038402762957944314,-0.059751012018607
1994-05-24,-0.03386632917789789,-0.03386632917789789,-0.0564107934469007
1994-05-25,-0.03405289984908566,-0.034052899849085994,-0.05323652212055863
1994-05-26,-0.03604870194584342,-0.036048701945843864,-0.05174274365436948
1994-05-27,-0.034870498016014384,-0.034870498016014495,-0.05118260047247769
1994-05-31,-0.0320253658453552,-0.032025365845355314,-0.05290456431535251
1994-06-01,-0.03280302894564924,-0.03280302894564946,-0.050560155844787125
1994-06-02,-0.033034745521096864,-0.0330347455210972,-0.050518684862065344
1994-06-03,-0.031754765773232885,-0.031754765773232885,-0.0453734338530859
1994-06-06,-0.034548361747621326,-0.03454836174762144,-0.04796679484893662
1994-06-07,-0.03504180934720691,-0.03504180934720735,-0.04935686420108254
1994-06-08,-0.03915273814066067,-0.03915273814066078,-0.051742743654369705
1994-06-09,-0.0387542686810558,-0.03875426868105569,-0.05008301794281633
1994-06-10,-0.03559800052970208,-0.03559800052970208,-0.048402461768185745
1994-06-13,-0.03713931242323354,-0.03713931242323398,-0.047510360781087724
1994-06-14,-0.03401221847279412,-0.034012218472794564,-0.04072615120915446
1994-06-15,-0.03382355671229087,-0.03382355671229087,-0.04437762375194498
1994-06-16,-0.03215984793141935,-0.032159847931419905,-0.04163901934485226
1994-06-17,-0.034244537353981364,-0.03424453735398181,-0.048858895836034755
1994-06-20,-0.03841633262746813,-0.03841633262746813,-0.055020724094755
1994-06-21,-0.04277064796440577,-0.042770647964405994,-0.06360996610396141
1994-06-22,-0.039094929548719626,-0.03909492954871985,-0.059979260709770554
1994-06-23,-0.04774101505531436,-0.04774101505531436,-0.0671576662182315
1994-06-24,-0.05063691064339737,-0.0506369106433977,-0.08132782615566647
1994-06-27,-0.046479341746926806,-0.04647934174692692,-0.07197095942200471
1994-06-28,-0.04880388635512567,-0.04880388635512578,-0.07454355326925566
1994-06-29,-0.048559438216848494,-0.04855943821684883,-0.07130704381159247
1994-06-30,-0.045453896447676057,-0.04545389644767617,-0.07827803109196718
1994-07-01,-0.04771795989082772,-0.047717959890828054,-0.07427383359537099
1994-07-05,-0.04720889121308325,-0.04720889121308336,-0.07392117195604264
1994-07-06,-0.04985589543624902,-0.04985589543624902,-0.07441907700661321
1994-07-07,-0.04887939222147719,-0.04887939222147719,-0.0697510272140821
1994-07-08,-0.0482556894522328,-0.04825568945223291,-0.06732367677807316
1994-07-11,-0.04650809237785547,-0.04650809237785569,-0.07041494282449445
1994-07-12,-0.04464566582463392,-0.04464566582463381,-0.0706431282011799
1994-07-13,-0.04086423711598908,-0.0408642371159893,-0.0690248734723482
1994-07-14,-0.04003744774719309,-0.0400374477471932,-0.0593153450993581
1994-07-15,-0.03957608161617909,-0.03957608161617954,-0.05775932850184773
1994-07-18,-0.03761925269554711,-0.037619252695547445,-0.05556016344252468
1994-07-19,-0.040666604791595895,-0.04066660479159612,-0.058381773129538406
1994-07-20,-0.041867552242668804,-0.041867552242668915,-0.06307052675619174
1994-07-21,-0.04184584266519842,-0.04184584266519853,-0.06097513412538913
1994-07-22,-0.042399753219883096,-0.04239975321988321,-0.059937789727048774
1994-07-25,-0.04143435332465417,-0.041434353324654394,-0.057572614107883724
1994-07-26,-0.041116552910518855,-0.04111655291051919,-0.05941911752787854
1994-07-27,-0.04111185964114061,-0.041111859641140946,-0.06105807609083225
1994-07-28,-0.04201533604492569,-0.04201533604492591,-0.0575933812564835
1994-07-29,-0.03934318045422314,-0.03934318045422347,-0.04925309177256243
1994-08-01,-0.03797499515776159,-0.037974995157761815,-0.04354769758169119
1994-08-02,-0.04086922387990244,-0.04086922387990277,-0.04448133286598843
1994-08-03,-0.042569949556931275,-0.042569949556931386,-0.042634829445993394
1994-08-04,-0.0450449623756749,-0.045044962375675346,-0.04896266826455564
1994-08-05,-0.04517757923229537,-0.04517757923229582,-0.051680505523048814
1994-08-08,-0.04467448242446115,-0.04467448242446115,-0.050020716497018
1994-08-09,-0.04275138080393126,-0.04275138080393137,-0.04995847836569678
1994-08-10,-0.04012085867305182,-0.04012085867305226,-0.04502077221375822
1994-08-11,-0.040612535917426196,-0.04061253591742664,-0.04796679484893729
1994-08-12,-0.038380735536131416,-0.03838073553613175,-0.041618252196253036
1994-08-15,-0.03882421411986259,-0.0388242141198627,-0.043091263513842515
1994-08-16,-0.037674224871603545,-0.03767422487160388,-0.03524894239496923
1994-08-17,-0.03330192639303731,-0.03330192639303742,-0.034916984589763
1994-08-18,-0.030912026911708357,-0.03091202691170858,-0.03906636218312398
1994-08-19,-0.029873517292916874,-0.029873517292917207,-0.03800831395066162
1994-08-22,-0.029227997268501338,-0.02922799726850145,-0.04082986032319791
1994-08-23,-0.02722446550140567,-0.027224465501405892,-0.03628628679330925
1994-08-24,-0.023351073970688252,-0.023351073970688474,-0.026908716225525375
1994-08-25,-0.022191439443740024,-0.022191439443740024,-0.02887969590816286
1994-08-26,-0.017992374502435626,-0.01799237450243585,-0.017012473458571042
1994-08-29,-0.01774060966668145,-0.017740609666681784,-0.015373451581140007
1994-08-30,-0.013551924829313888,-0.013551924829313888,-0.012302889368841052
1994-08-31,-0.014584354044588577,-0.014584354044588799,-0.013506244327023187
1994-09-01,-0.01776752810591886,-0.017767528105919084,-0.018319474216319076
1994-09-02,-0.017058526179903777,-0.01705852617990422,-0.022842343912085283
1994-09-06,-0.016100375082654605,-0.016100375082654828,-0.021037374789289576
1994-09-07,-0.01202462942787974,-0.01202462942787963,-0.022842343912085172
1994-09-08,-0.008062842711300422,-0.008062842711300644,-0.01838171234764019
1994-09-09,-0.01143808471313823,-0.011438084713138452,-0.02867221436559908
1994-09-12,-0.012961288443094743,-0.012961288443095076,-0.03275935382763884
1994-09-13,-0.011079369576719844,-0.011079369576719955,-0.03006222040326767
1994-09-14,-0.009091902346774372,-0.009091902346774705,-0.027385917441973495
1994-09-15,-0.005651159757854796,-0.005651159757855018,-0.01491701751329122
1994-09-16,-0.004487734156506495,-0.0044877341565068285,-0.022427380826958054
1994-09-19,-0.005056227242751343,-0.005056227242751787,-0.023132767420092182
1994-09-20,-0.007102476407747194,-0.007102476407747416,-0.038672229561073745
1994-09-21,-0.009392138732525757,-0.009392138732525868,-0.04261412561187117
1994-09-22,-0.010395442218648299,-0.010395442218648632,-0.0430083215483984
1994-09-23,-0.01037021434003238,-0.010370214340032602,-0.046327772971505254
1994-09-26,-0.011110707145729037,-0.011110707145729148,-0.0439418935182182
1994-09-27,-0.011203754516489028,-0.01120375451648925,-0.041390066819566584
1994-09-28,-0.008453040099042464,-0.00845304009904313,-0.035601667348774346
1994-09-29,-0.009172516303850853,-0.009172516303851297,-0.04099587088303924
1994-09-30,-0.007245053995420414,-0.007245053995420414,-0.04002076461602033
1994-10-03,-0.010153626492874213,-0.010153626492874213,-0.0420332152813796
1994-10-04,-0.01758425041279399,-0.017584250412794433,-0.056867227514749596
1994-10-05,-0.01712134489405026,-0.017121344894050705,-0.05908715972267231
1994-10-06,-0.019430723144643336,-0.019430723144644002,-0.06149380632455892
1994-10-07,-0.016439608534383976,-0.016439608534384198,-0.0558091159678098
1994-10-10,-0.013419102306397757,-0.013419102306397757,-0.04763483704373028
1994-10-11,-0.011578099081531845,-0.011578099081531845,-0.03363068766613675
1994-10-12,-0.010617650224464592,-0.010617650224464703,-0.034294603276549096
1994-10-13,-0.010611302876341933,-0.010611302876342488,-0.029481310072775657
1994-10-14,-0.010833474111101582,-0.010833474111101693,-0.026763472814282374
1994-10-17,-0.010206924069031342,-0.010206924069031675,-0.027053959636766933
1994-10-18,-0.010096497203250454,-0.010096497203250787,-0.02975102974666055
1994-10-19,-0.00606702996223174,-0.006067029962231629,-0.024315355229673874
1994-10-20,-0.006903088788967948,-0.006903088788968614,-0.03143152260681348
1994-10-21,-0.008775892269456076,-0.008775892269456076,-0.03549789492025346
1994-10-24,-0.012026746833981306,-0.012026746833981639,-0.04392118968409553
1994-10-25,-0.013568218919634445,-0.013568218919634778,-0.04246888220062828
1994-10-26,-0.011206419393361533,-0.011206419393361311,-0.04020747900998378
1994-10-27,-0.008813627782925382,-0.008813627782925493,-0.03350621140349397
1994-10-28,-0.00542848478483382,-0.005428484784833931,-0.01707471158989171
1994-10-31,-0.007521817313361767,-0.0075218173133621,-0.02002073422507078
1994-11-01,-0.009698723336907689,-0.009698723336908022,-0.028174246000550518
1994-11-02,-0.010335632889932223,-0.010335632889932334,-0.032136909199947494
1994-11-03,-0.010187595733026633,-0.010187595733026633,-0.02923235754749043
1994-11-04,-0.013222267093205287,-0.013222267093205398,-0.04091286560311791
1994-11-07,-0.015849067304906872,-0.015849067304906983,-0.03927384372568654
1994-11-08,-0.011660825899414529,-0.01166082589941475,-0.033921174488621086
1994-11-09,-0.012557278928305049,-0.012557278928305271,-0.0344398466877911
1994-11-10,-0.013528231434060345,-0.013528231434060456,-0.036576773615792924
1994-11-11,-0.013809941004556014,-0.013809941004556459,-0.040767622191875574
1994-11-14,-0.010751818262482171,-0.010751818262482393,-0.033112015466966294
1994-11-15,-0.009050752845106591,-0.009050752845106924,-0.03520747141224623
1994-11-16,-0.009028145159887813,-0.009028145159888146,-0.0339834126199422
1994-11-17,-0.01054848964346855,-0.010548489643468661,-0.03823649932734596
1994-11-18,-0.01317614032671277,-0.013176140326712882,-0.042593358463270614
1994-11-21,-0.01703690897790533,-0.01703690897790544,-0.04917014980711776
1994-11-22,-0.025140532912896196,-0.025140532912896307,-0.06620332709981103
1994-11-23,-0.026722316853823314,-0.026722316853823758,-0.06653528490501714
1994-11-25,-0.02354513694996274,-0.023545136949963408,-0.06163898642132304
1994-11-28,-0.022412064792153186,-0.022412064792153297,-0.05775932850184695
1994-11-29,-0.020030852573493574,-0.020030852573493796,-0.05566387255656691
1994-11-30,-0.020652810823503454,-0.020652810823503898,-0.05873443476886586
1994-12-01,-0.02783284177183787,-0.02783284177183809,-0.06863067753581997
1994-12-02,-0.026361569689151154,-0.026361569689151265,-0.05954359379052032
1994-12-05,-0.027677305741877656,-0.0276773057418781,-0.0595020594933211
1994-12-06,-0.03056027568063624,-0.030560275680636573,-0.059937789727047885
1994-12-07,-0.03312679452416134,-0.033126794524161673,-0.0638381514806462
1994-12-08,-0.041427342094706665,-0.04142734209470711,-0.07582985019288024
1994-12-09,-0.041189153432053316,-0.04118915343205365,-0.0726971131637375
1994-12-12,-0.04052022377922615,-0.040520223779226594,-0.06748962402343661
1994-12-13,-0.03881201835473003,-0.03881201835473047,-0.06607885083716847
1994-12-14,-0.03454812618375702,-0.034548126183757244,-0.0560788356416938
1994-12-15,-0.03291983950452915,-0.03291983950452915,-0.05531121091723867
1994-12-16,-0.03282873315008572,-0.03282873315008594,-0.048132805408777624
1994-12-19,-0.03415893237484069,-0.03415893237484091,-0.04997924551429489
1994-12-20,-0.03175845780334585,-0.031758457803346185,-0.05165973837444793
1994-12-21,-0.02719770976783531,-0.027197709767835532,-0.046452312548624586
1994-12-22,-0.026394386629714828,-0.026394386629715272,-0.04630706913738236
1994-12-23,-0.024891449516084685,-0.02489144951608513,-0.04599587848077591
1994-12-27,-0.022660121132309752,-0.022660121132309974,-0.040518669666590235
1994-12-28,-0.024369364836191676,-0.024369364836191787,-0.043858951552774084
1994-12-29,-0.019577117865472116,-0.01957711786547256,-0.04321573977648374
1994-12-30,-0.018288410293454183,-0.018288410293454738,-0.0471576991417586
1995-01-03,-0.024166023624857647,-0.02416602362485809,-0.04748965694696483
1995-01-04,-0.027008774545239755,-0.02700877454524042,-0.044170142209380536
1995-01-05,-0.027288261417946158,-0.027288261417946713,-0.04493776693383578
1995-01-06,-0.025203755432984698,-0.02520375543298492,-0.04423238034070165
1995-01-09,-0.02595784216160668,-0.025957842161607236,-0.04392118968409531
1995-01-10,-0.022279679135425723,-0.022279679135425945,-0.04215769154402116
1995-01-11,-0.021490242745324406,-0.021490242745325072,-0.04219916252674305
1995-01-12,-0.017274834970084862,-0.017274834970085085,-0.04224063350946461
1995-01-13,-0.015724139799420667,-0.01572413979942089,-0.033257258878208074
1995-01-16,-0.013247343661530131,-0.013247343661530575,-0.02618256248379036
1995-01-17,-0.00938403695886858,-0.009384036958869024,-0.02479255644612166
1995-01-18,-0.007060906942932599,-0.007060906942933154,-0.025497943039255788
1995-01-19,-0.009563571672023152,-0.009563571672023596,-0.031224041064249253
1995-01-20,-0.011431081802624754,-0.011431081802625087,-0.03572614361141613
1995-01-23,-0.013778679657729387,-0.01377867965772972,-0.033568449534814526
1995-01-24,-0.012602367404795145,-0.012602367404795478,-0.03348550756937119
1995-01-25,-0.013605764600120529,-0.013605764600120862,-0.03020746381450845
1995-01-26,-0.01543151546269339,-0.015431515462693612,-0.02838172754311319
1995-01-27,-0.01694376391604291,-0.016943763916043464,-0.024087106538510095
1995-01-30,-0.0224427536442926,-0.022442753644292934,-0.027987531606585847
1995-01-31,-0.02139618359174278,-0.021396183591743334,-0.02402486840718887
1995-02-01,-0.018679150760757768,-0.01867915076075799,-0.02406640270438798
1995-02-02,-0.016102752937670828,-0.016102752937671272,-0.01910786608937254
1995-02-03,-0.01182784542853077,-0.011827845428531214,-0.006950220131774154
1995-02-06,-0.009007292674607759,-0.009007292674608203,-0.0017842019741950432
1995-02-07,-0.00889758956758846,-0.008897589567589015,-0.002468884733207055
1995-02-08,-0.006254202931427089,-0.006254202931427311,-0.0016804928601520386
1995-02-09,-0.0037939255906069835,-0.0037939255906076497,-0.003755181656832529
1995-02-10,-0.0012816274747733392,-0.0012816274747737832,-0.0011203496782603573
1995-02-13,-0.003131623784468962,-0.003131623784469295,-0.0007261537417327935
1995-02-14,-0.001302064084742316,-0.001302064084742871,0.0
1995-02-15,0.0,0.0,0.0
1995-02-16,-0.001054098101475054,-0.0010540981014749429,0.0
1995-02-17,-0.0031795445824096547,-0.0031795445824096547,-0.006697992646271134
1995-02-21,-0.003920308877464196,-0.003920308877463641,-0.005152302035593359
1995-02-22,-0.0017177456444545935,-0.0017177456444542605,-0.00030912554327300334
1995-02-23,0.0,0.0,0.0
1995-02-24,-0.0014373735032801038,-0.0014373735032801038,0.0
1995-02-27,-0.006394426099054273,-0.0063944260990544954,-0.008809464919820709
1995-02-28,-0.000900180144386864,-0.000900180144387086,-0.0014750173623397922
1995-03-01,-0.002364801244131076,-0.002364801244130965,-0.005039830220449626
1995-03-02,-0.002098828508627193,-0.002098828508627082,-0.006105141378338397
1995-03-03,0.0,0.0,-0.005510995481665226
1995-03-06,0.0,0.0,-0.00508078208431606
1995-03-07,-0.0009080969369054115,-0.0009080969369051894,-0.012271804335370673
1995-03-08,-5.153489020182089e-05,-5.153489020159885e-05,-0.010182071361530043
1995-03-09,0.0,0.0,-0.01014111949766383
1995-03-10,0.0,0.0,0.0
1995-03-13,0.0,0.0,0.0
1995-03-14,0.0,0.0,0.0
1995-03-15,0.0,0.0,-0.0020491585051592986
1995-03-16,-0.0007943916986535848,-0.0007943916986534738,0.0
1995-03-17,-0.0020639469624399442,-0.0020639469624399442,0.0
1995-03-20,-0.001151551715397825,-0.001151551715397936,0.0
1995-03-21,-0.0009432385386494158,-0.0009432385386493047,-0.0021566640315776597
1995-03-22,-0.0017399889599371,-0.001739988959937211,-0.000947315690785766
1995-03-23,0.0,0.0,-0.00038296133308424185
1995-03-24,0.0,0.0,0.0
1995-03-27,0.0,0.0,0.0
1995-03-28,0.0,0.0,0.0
1995-03-29,-0.0025580295456583135,-0.0025580295456583135,-0.00154792377206725
1995-03-30,-0.0033922364246972148,-0.003392236424697548,-0.0033339803455652017
1995-03-31,0.0,0.0,-0.006330626076692436
1995-04-03,0.0,0.0,-0.0040682433375656135
1995-04-04,-0.0026149866758405915,-0.0026149866758407025,0.0
1995-04-05,-0.0009800859344804014,-0.0009800859344804014,0.0
1995-04-06,-0.0012125517828377452,-0.0012125517828377452,0.0
1995-04-07,-0.0009374769828734975,-0.0009374769828731644,0.0
1995-04-10,-0.0002886828122696805,-0.0002886828122692364,0.0
1995-04-11,0.0,0.0,-0.0029190961870994014
1995-04-12,0.0,0.0,0.0
1995-04-13,0.0,0.0,0.0
1995-04-17,-0.0007484802646022803,-0.0007484802646021693,-0.006087634343292514
1995-04-18,-0.0005700870688452042,-0.0005700870688448711,-0.007580102872696282
1995-04-19,-0.003185562706795042,-0.003185562706795042,-0.008463754031789561
1995-04-20,-0.0035649579239398488,-0.00356495792393996,-0.007737176435801407
1995-04-21,-0.0034645130417301218,-0.0034645130417301218,-0.0014532151208446198
1995-04-24,-0.0003303613986332943,-0.0003303613986329612,0.0
1995-04-25,0.0,0.0,-0.001540367408091492
1995-04-26,0.0,0.0,-0.0004485201453257037
1995-04-27,0.0,0.0,0.0
1995-04-28,0.0,0.0,0.0
1995-05-01,-0.0029348658014882734,-0.0029348658014882734,-0.0008743023990606114
1995-05-02,-0.0018123386950976705,-0.0018123386950980036,0.0
1995-05-03,0.0,0.0,0.0
1995-05-04,-0.0006903731130475377,-0.0006903731130475377,0.0
1995-05-05,-0.0016035920799601922,-0.00160359207995997,-0.0008068216234761172
1995-05-08,0.0,0.0,0.0
1995-05-09,-0.002652211958288797,-0.002652211958288686,-0.0007634636179998378
1995-05-10,-0.0064888143061940795,-0.006488814306194524,0.0
1995-05-11,-0.0029937568105911083,-0.0029937568105912193,0.0
1995-05-12,0.0,0.0,0.0
1995-05-15,0.0,0.0,0.0
1995-05-16,0.0,0.0,0.0
1995-05-17,0.0,0.0,-0.0021204398265977087
1995-05-18,-0.003813675514190762,-0.003813675514190651,-0.016300924500208813
1995-05-19,-0.0035146175864899654,-0.0035146175864897433,-0.017039322892141162
1995-05-22,-0.0011404037517831478,-0.0011404037517830368,-0.008595350170126137
1995-05-23,0.0,0.0,0.0
1995-05-24,0.0,0.0,0.0
1995-05-25,0.0,0.0,-3.775656277182904e-05
1995-05-26,-0.0028826334940994514,-0.0028826334940992293,-0.009383025434529513
1995-05-30,-0.009069607403536684,-0.009069607403536573,-0.009515462062967717
1995-05-31,-0.007158777864528232,-0.007158777864528343,0.0
1995-06-01,-0.005590147166983472,-0.005590147166983472,0.0
1995-06-02,-0.0030122738858414655,-0.0030122738858415765,-0.0018369238161702883
1995-06-05,0.0,0.0,0.0
1995-06-06,-0.0009790267950589016,-0.0009790267950586795,-9.333046162685044e-05
1995-06-07,0.0,0.0,-0.004611595996476536
1995-06-08,0.0,0.0,-0.006067961441642344
1995-06-09,0.0,0.0,-0.014301668210778717
1995-06-12,0.0,0.0,-0.008812492379151826
1995-06-13,0.0,0.0,0.0
1995-06-14,0.0,0.0,0.0
1995-06-15,0.0,0.0,0.0
1995-06-16,0.0,0.0,0.0
1995-06-19,0.0,0.0,0.0
1995-06-20,0.0,0.0,-0.00044017139369545433
1995-06-21,-0.00030240941119152875,-0.00030240941119141773,-0.002274293498045976
1995-06-22,0.0,0.0,0.0
1995-06-23,-0.0008614908770336882,-0.0008614908770333551,-0.0024678994201953186
1995-06-26,-0.006588075876031385,-0.006588075876031274,-0.01259368564641039
1995-06-27,-0.009828164296502684,-0.00982816429650235,-0.015678615300422583
1995-06-28,-0.010134737119021575,-0.010134737119021353,-0.01150493906618777
1995-06-29,-0.007742340396802105,-0.007742340396802216,-0.013065512750352282
1995-06-30,-0.004689187148203322,-0.004689187148203211,-0.011468610594335016
1995-07-03,-0.005839923050826812,-0.005839923050826701,-0.007222277416394363
1995-07-05,-0.0024338631991724924,-0.0024338631991721593,-0.006913817678254053
1995-07-06,0.0,0.0,0.0
1995-07-07,0.0,0.0,0.0
1995-07-10,0.0,0.0,0.0
1995-07-11,-0.003716652081481975,-0.003716652081482197,-0.004325226823833184
1995-07-12,0.0,0.0,0.0
1995-07-13,0.0,0.0,0.0
1995-07-14,0.0,0.0,-0.0019785835143716346
1995-07-17,0.0,0.0,0.0
1995-07-18,-0.0072197018931413615,-0.0072197018931414725,-0.007570281760474806
1995-07-19,-0.0231923490954955,-0.023192349095495612,-0.02086293511087911
1995-07-20,-0.022022495555204524,-0.022022495555204635,-0.016313607395718965
1995-07-21,-0.02203746960512354,-0.02203746960512376,-0.01617141039897152
1995-07-24,-0.013624482101362356,-0.013624482101362356,-0.010822373715834277
1995-07-25,-0.006487749684721766,-0.006487749684721655,-0.0028788655130957963
1995-07-26,-0.003932956454721137,-0.003932956454721359,-0.0019725359136900655
1995-07-27,0.0,0.0,0.0
1995-07-28,-0.00429936455509039,-0.004299364555090501,-0.004051481097695597
1995-07-31,-0.005834088255440517,-0.005834088255440517,-0.005590696203816581
1995-08-01,-0.010830261968589161,-0.01083026196858905,-0.009872184890682645
1995-08-02,-0.014348209998380823,-0.014348209998380934,-0.01135837946803242
1995-08-03,-0.013877674222883662,-0.01387767422288333,-0.011446819005840214
1995-08-04,-0.009937326198083962,-0.00993732619808374,-0.01111066237434355
1995-08-07,-0.007830095350324418,-0.007830095350323973,-0.009182162123171134
1995-08-08,-0.006634840594317959,-0.006634840594317848,-0.008545267869214168
1995-08-09,-0.002953449190512769,-0.002953449190512547,-0.009748326343838487
1995-08-10,-0.005239532505304401,-0.00523953250530429,-0.013746786912762765
1995-08-11,-0.00391303375172769,-0.003913033751727801,-0.017886815533049716
1995-08-14,0.0,0.0,-0.009695305815067057
1995-08-15,0.0,0.0,-0.011765266132818697
1995-08-16,0.0,0.0,-0.009288419150280891
1995-08-17,0.0,0.0,-0.010933783298727962
1995-08-18,0.0,0.0,-0.010632937691484323
1995-08-21,-0.00507849841415553,-0.005078498414155752,-0.012579147447175143
1995-08-22,-0.0029029866969028095,-0.0029029866969030316,-0.010084482975335374
1995-08-23,-0.002404326499193643,-0.002404326499193865,-0.014295241628911937
1995-08-24,-0.004864987446800528,-0.004864987446800639,-0.013729077408244472
1995-08-25,-0.005874728596622414,-0.005874728596622636,-0.009058411561110424
1995-08-28,-0.011200578276489681,-0.01120057827648957,-0.01091607379420978
1995-08-29,-0.013305962841410723,-0.013305962841410834,-0.009235290636726123
1995-08-30,-0.010046771695531032,-0.010046771695531032,-0.007607635992797124
1995-08-31,-0.00608266575045513,-0.0060826657504549075,-0.005909143330795064
1995-09-01,-0.006911809632679677,-0.0069118096326798995,-0.002441427973501553
1995-09-05,0.0,0.0,0.0
1995-09-06,0.0,0.0,0.0
1995-09-07,0.0,0.0,0.0
1995-09-08,0.0,0.0,0.0
1995-09-11,0.0,0.0,0.0
1995-09-12,-4.987222798180646e-06,-4.987222798291668e-06,0.0
1995-09-13,0.0,0.0,0.0
1995-09-14,-2.8456309716706762e-05,-2.8456309716484718e-05,0.0
1995-09-15,-0.007231191892816735,-0.007231191892816735,-0.00044551973432804814
1995-09-18,-0.0072681204933851,-0.0072681204933851,-0.0014392588224934055
1995-09-19,-0.003007462062283972,-0.003007462062283972,0.0
1995-09-20,-0.001044097977366265,-0.001044097977366265,0.0
1995-09-21,-0.004711896951748784,-0.004711896951748451,-0.00642503775885106
1995-09-22,-0.006924058232989694,-0.006924058232989694,-0.00858946247207093
1995-09-25,-0.010583832125111492,-0.010583832125111492,-0.008453093729326233
1995-09-26,-0.013514802366987877,-0.013514802366987655,-0.009134833424176536
1995-09-27,-0.018716524571550708,-0.018716524571550708,-0.009765395833419954
1995-09-28,-0.00956629524118735,-0.00956629524118724,-0.001533862303976341
1995-09-29,-0.010784913658375639,-0.010784913658375306,-0.004022097769419086
1995-10-02,-0.018392669586592136,-0.018392669586591803,-0.008606521567273151
1995-10-03,-0.02227098477012146,-0.02227098477012135,-0.007549793834593421
1995-10-04,-0.030257675121256322,-0.0302576751212561,-0.009032582871836392
1995-10-05,-0.024326007160117902,-0.02432600716011779,-0.007055600168094589
1995-10-06,-0.025397529622905757,-0.02539752962290598,-0.007294219463179652
1995-10-09,-0.03667179387689756,-0.036671793876897674,-0.014315701440869577
1995-10-10,-0.03681062156996029,-0.03681062156996029,-0.015764268268834813
1995-10-11,-0.028982095865917046,-0.028982095865916713,-0.012458028384670139
1995-10-12,-0.022616707667410085,-0.022616707667409863,-0.006254654844575103
1995-10-13,-0.02176497990059756,-0.02176497990059767,-0.0038686699314726125
1995-10-16,-0.0217304223507917,-0.02173042235079159,-0.006373860473244619
1995-10-17,-0.014159713421599718,-0.014159713421599496,0.0
1995-10-18,-0.009464110249086333,-0.009464110249086,0.0
1995-10-19,-0.009960824180118677,-0.009960824180118455,0.0
1995-10-20,-0.013288446919199726,-0.013288446919199504,-0.005400833504697999
1995-10-23,-0.013825032620818134,-0.013825032620818134,-0.00946419474207938
1995-10-24,-0.01277060964869181,-0.012770609648691589,-0.006958513869183114
1995-10-25,-0.018410193902918093,-0.018410193902918093,-0.013849239605216557
1995-10-26,-0.022232805879833784,-0.02223280587983345,-0.023584276873189536
1995-10-27,-0.018783893018364473,-0.01878389301836414,-0.01853891772525318
1995-10-30,-0.012571685149239564,-0.012571685149239231,-0.012528611035618531
1995-10-31,-0.013844353278879451,-0.013844353278879229,-0.015491448465001612
1995-11-01,-0.012261029079849162,-0.012261029079849273,-0.010886402175833476
1995-11-02,-0.004547611754948555,-0.004547611754948333,-0.0015746273977723657
1995-11-03,-0.00040529578160741764,-0.0004052957816073066,-0.00013547293073068456
1995-11-06,-0.002114117624734013,-0.002114117624733902,-0.0037077835450504137
1995-11-07,-0.00860450887139741,-0.008604508871397076,-0.007330935259232452
1995-11-08,-0.006738124220013297,-0.006738124220013186,0.0
1995-11-09,0.0,0.0,0.0
1995-11-10,0.0,0.0,-0.0009102906880802397
1995-11-13,-0.0030471014280676334,-0.0030471014280676334,-0.0016182145380664315
1995-11-14,-0.012666051558690383,-0.012666051558690383,-0.006691891705037922
1995-11-15,-0.012435761717412341,-0.012435761717412452,0.0
1995-11-16,-0.011277370691704092,-0.011277370691704092,0.0
1995-11-17,-0.010231783435004194,-0.010231783435004416,0.0
1995-11-20,-0.017162365285461112,-0.017162365285461445,-0.005366093454061582
1995-11-21,-0.01914300680797043,-0.019143006807970653,0.0
1995-11-22,-0.022081426399433446,-0.022081426399433335,-0.0030653835969743914
1995-11-24,-0.018572703202957563,-0.018572703202957785,-0.00044985261835794876
1995-11-27,-0.018081478398718098,-0.01808147839871821,0.0
1995-11-28,-0.00586115187024383,-0.005861151870243941,0.0
1995-11-29,-0.0026967316348579518,-0.002696731634858174,0.0
1995-11-30,-0.002385325581116593,-0.002385325581116593,-0.0037357966501980755
1995-12-01,-0.005156055525555425,-0.005156055525555314,-0.0010862256661443581
1995-12-04,0.0,0.0,0.0
1995-12-05,-0.001288815570523405,-0.001288815570523405,0.0
1995-12-06,-0.001903759491488466,-0.0019037594914883549,0.0
1995-12-07,-0.0061140774776318185,-0.0061140774776319295,-0.006465880571741356
1995-12-08,-0.0012568373243445619,-0.0012568373243446729,-0.004353594503076708
1995-12-11,-0.0010232438544047762,-0.0010232438544045541,-0.0010641638755289895
1995-12-12,-0.005756975101556483,-0.005756975101556483,-0.002257350116804391
1995-12-13,-0.004497585852060282,-0.004497585852060393,0.0
1995-12-14,-0.013972279088607653,-0.013972279088607542,-0.007672665657349809
1995-12-15,-0.0170753509823941,-0.01707535098239421,-0.008605535821595733
1995-12-18,-0.028871692626151635,-0.028871692626151746,-0.023934766241017202
1995-12-19,-0.017504407652137788,-0.0175044076521379,-0.015699158306063832
1995-12-20,-0.01831022050839648,-0.01831022050839659,-0.02533416966357649
1995-12-21,-0.011058347005522218,-0.011058347005522218,-0.018015429173781405
1995-12-22,-0.008209185996273072,-0.008209185996273183,-0.015666956515506758
1995-12-26,-0.006950449135591508,-0.006950449135591508,-0.011886976820306705
1995-12-27,-0.00813242970235506,-0.008132429702354838,-0.011516950757473388
1995-12-28,-0.010790257731892683,-0.010790257731892683,-0.012176498406747616
1995-12-29,-0.006293955818666541,-0.00629395581866643,-0.009265083470869961
1996-01-02,0.0,-0.001836277152456045,-0.0015442133038751082
1996-01-03,0.0,-0.00319795663861433,-0.0005951440681601916
1996-01-04,0.0,-0.008702725017299184,-0.006417973939915389
1996-01-05,0.0,-0.006015078725738698,-0.008010391753435653
1996-01-08,0.0,-0.005767330454566677,-0.005195484013038043
1996-01-09,-0.01969606256698997,-0.01996048156473118,-0.019688253287503232
1996-01-10,-0.020775183696692956,-0.01896900487712405,-0.037333754574642164
1996-01-11,-0.007875601660747078,-0.011818518855090887,-0.030561855467171606
1996-01-12,-0.006044325387779215,-0.012397801183534618,-0.031977359785009596
1996-01-15,-0.01833584812976652,-0.022804375260105703,-0.03517829630732827
1996-01-16,-0.014015365182908024,-0.01843221805309425,-0.021312872891580015
1996-01-17,-0.0114480869461131,-0.017397675899572973,-0.02464251839993603
1996-01-18,-0.010503610555873566,-0.014138834670196943,-0.02163459626857811
1996-01-19,0.0,-0.008639011588991274,-0.015859970906467402
1996-01-22,0.0,-0.0019862852945002896,-0.013334584752511036
1996-01-23,0.0,-0.0013574825444832017,-0.014315855778783138
1996-01-24,0.0,0.0,-0.002782705949840314
1996-01-25,-0.001072373540425664,0.0,-0.007495653985476913
1996-01-26,0.0,0.0,-0.00011260809075852585
1996-01-29,0.0,-0.0008267301536294402,0.0
1996-01-30,0.0,0.0,0.0
1996-01-31,0.0,0.0,0.0
1996-02-01,0.0,0.0,0.0
1996-02-02,0.0,0.0,-0.004103616557059375
1996-02-05,0.0,0.0,0.0
1996-02-06,-0.002980514665110956,0.0,0.0
1996-02-07,-0.0061041533336896325,-7.9706809072988e-05,0.0
1996-02-08,-0.0009019377572877518,-0.0017141346721439854,0.0
1996-02-09,-0.0017790474336296658,-0.0010768382126968845,0.0
1996-02-12,-0.00023523954824888893,-0.0032931900860225793,0.0
1996-02-13,-0.008443895717975658,-0.007218025918189652,-0.0014211239308465906
1996-02-14,-0.008263247870710644,-0.00695742142669542,-0.008874434966901212
1996-02-15,-0.012624581036511762,-0.004876980307031875,-0.015314845711487668
1996-02-16,-0.009625307696548346,-0.004589329948976761,-0.020364398654006077
1996-02-20,0.0,-0.009156422868445091,-0.03144604642694948
1996-02-21,0.0,-0.008167384375722841,-0.020182986430900773
1996-02-22,0.0,0.0,-0.003915680410718658
1996-02-23,-0.0017967691105787997,-0.0007580187721424325,-0.00358302981850378
1996-02-26,-0.0030693058381633387,-0.001816559016355468,-0.01661499740200334
1996-02-27,-0.01257557732249781,-0.003922511306224341,-0.021483138121416223
1996-02-28,-0.01963919315046836,-0.004834495704885922,-0.02524758016302553
1996-02-29,-0.013286668411966907,-0.0052253998880782415,-0.03177869701916447
1996-03-01,-0.021262082581107178,-0.012017331249823293,-0.025822082961119763
1996-03-04,-0.028836038935302732,-0.01581211700009122,-0.0160858937970767
1996-03-05,-0.026746488683137337,-0.011480698305085135,-0.008557009713858421
1996-03-06,-0.03982250676261401,-0.013267938562659842,-0.014286812355630008
1996-03-07,-0.04260081724510456,-0.012528638073035947,-0.011792255875758051
1996-03-08,-0.0488875625666898,-0.02108118310557705,-0.0422556681400178
1996-03-11,-0.04208374018764505,-0.015609210968565268,-0.032398506735643595
1996-03-12,-0.04398302938643994,-0.01792283521875704,-0.03682815768689973
1996-03-13,-0.038994889267236266,-0.011989779728871053,-0.03462094488085776
1996-03-14,-0.041224873344957724,-0.011807259449140517,-0.031113488109517085
1996-03-15,-0.03762436395800994,-0.008499211949503982,-0.03026686697676506
1996-03-18,-0.029094192664534613,-0.004219544269614461,-0.013304085918157238
1996-03-19,-0.030122446164549954,-0.004060349160605714,-0.014755475977782595
1996-03-20,-0.03438189832104199,-0.00807831512639856,-0.01734073856920726
1996-03-21,-0.03389610451538749,-0.008108766507474274,-0.01853505108378084
1996-03-22,-0.030849485422179357,-0.0057605762672021665,-0.016373145196123873
1996-03-25,-0.03659070254060037,-0.011029176765007809,-0.017250032457654996
1996-03-26,-0.034454609610693576,-0.009034592766495875,-0.012820381506398748
1996-03-27,-0.03651903404858392,-0.006634050937376457,-0.01895840778754876
1996-03-28,-0.03589271256625581,-0.007478053696379328,-0.018913008594380942
1996-03-29,-0.036818873039273003,-0.006787516571212682,-0.024113707631226
1996-04-01,-0.03553267095850232,-0.006379865872407797,-0.011671375910210058
1996-04-02,-0.031111329015115707,-0.004499562359526532,-0.009358231653443183
1996-04-03,-0.02595049803236016,-0.0025659321052865502,-0.00842090440913823
1996-04-04,-0.025260636477210663,-0.002333818668458165,-0.008451170537916775
1996-04-08,-0.030090698764186796,-0.006766732367146311,-0.02601862824861456
1996-04-09,-0.02680603565644213,-0.003544354325250465,-0.029117861380576704
1996-04-10,-0.028192626037545243,-0.006227707066111754,-0.04225566814001824
1996-04-11,-0.030472155577344395,-0.009353950089732721,-0.04576312491135848
1996-04-12,-0.030462426333884185,-0.007586994175624251,-0.03740266048499452
1996-04-15,-0.027863471321424305,-0.005147501772480578,-0.028664330822813278
1996-04-16,-0.020855620904755456,0.0,-0.02486962265242565
1996-04-17,-0.023598334823749845,-0.003234507391650099,-0.029994748642107383
1996-04-18,-0.016562947459256017,0.0,-0.026971088557308676
1996-04-19,-0.017632060772507785,0.0,-0.024763783476484003
1996-04-22,-0.01389519709552578,0.0,-0.020500411683943676
1996-04-23,-0.008487819765603644,0.0,-0.01492175513649896
1996-04-24,-0.00850549249714605,0.0,-0.01705348717016042
1996-04-25,-0.0023902344358760486,0.0,-0.01297152760072573
1996-04-26,-0.003986725751685127,-9.59636320563284e-06,-0.012079507274805446
1996-04-29,-0.0056262206452094565,-0.0001893342787459007,-0.011021300064952277
1996-04-30,-0.005330487139973306,0.0,-0.011006167000562894
1996-05-01,-0.0021749034839331216,0.0,-0.010386265009300844
1996-05-02,-0.009018837422228865,-0.0074868040993884,-0.02731877993913001
1996-05-03,-0.006525914176730208,-0.004050835950486165,-0.02996448251332895
1996-05-06,-0.00393695332678079,-0.0033233449958716132,-0.031204194221070347
1996-05-07,-0.002034339039795552,-0.00479877942555107,-0.03505934237423203
1996-05-08,-0.0003349436986979093,-0.0036889707395344473,-0.025217314034246985
1996-05-09,-0.0026670791056809806,-0.0036120317836034754,-0.024204413742778708
1996-05-10,-0.00036813260253731883,0.0,-0.014150707050910039
1996-05-13,0.0,0.0,0.0
1996-05-14,0.0,0.0,0.0
1996-05-15,0.0,0.0,-0.000270421698292167
1996-05-16,0.0,0.0,-0.0011268029259462464
1996-05-17,0.0,0.0,0.0
1996-05-20,0.0,0.0,0.0
1996-05-21,-0.0024626609025482082,-0.0011463892831096167,-0.0005793874088870776
1996-05-22,-0.0024630097726743294,-0.0002132771034289993,0.0
1996-05-23,-0.008956259892147544,0.0,-0.00356708671784034
1996-05-24,-0.004559101971676194,-0.0006512207314213203,0.0
1996-05-28,-0.007060466149352296,-0.0036988945871345713,-0.00925561776022188
1996-05-29,-0.010309647936374788,-0.008109114853655508,-0.015593015486239259
1996-05-30,-0.005719942135173572,-0.0051076923236614835,-0.010036694316339023
1996-05-31,-0.001656243035395022,-0.0021210475275905694,-0.013839168933824864
1996-06-03,-0.001323846000267137,-0.0035416254748917853,-0.01596146988838787
1996-06-04,0.0,-0.002483514278590615,-0.008769232762073087
1996-06-05,0.0,-0.001993346959999087,-0.0001031780271643079
1996-06-06,-0.00718559291638543,-0.009775185599210534,-0.008076491709596234
1996-06-07,-0.008942136992739824,-0.009451991009770233,-0.007663869555627478
1996-06-10,-0.008427723118800468,-0.009912926888277496,-0.009358795787385965
1996-06-11,-0.01631663263934724,-0.010156473685810852,-0.011112642339800693
1996-06-12,-0.01084712532188481,-0.00853917748366062,-0.013957099529824935
1996-06-13,-0.012743155528980865,-0.012008304342119303,-0.015607768055075355
1996-06-14,-0.017979926991827044,-0.01676236601686787,-0.01865858129942788
1996-06-17,-0.022288164115702558,-0.017940385125664537,-0.019675519047545387
1996-06-18,-0.03361864475146159,-0.02660567108617551,-0.024244317652312275
1996-06-19,-0.035195031286268,-0.026864218560472053,-0.024391663431296506
1996-06-20,-0.037573038770220446,-0.03235782377918883,-0.024185397331656255
1996-06-21,-0.03761037803844469,-0.03033949980810935,-0.017199426304981835
1996-06-24,-0.03685507070837002,-0.0268939904864266,-0.014237128473645444
1996-06-25,-0.04213932807279763,-0.02982381314076754,-0.014782433792450145
1996-06-26,-0.05093907261565045,-0.037465167850006864,-0.020810297436975156
1996-06-27,-0.045254549852531856,-0.03357970325737425,-0.014679255765285837
1996-06-28,-0.0409924647530141,-0.02756406837297698,-0.011613689952097439
1996-07-01,-0.03502608137913732,-0.023416181735961716,-0.003876147506977734
1996-07-02,-0.03797697979865933,-0.025296173584458126,-0.007221742263986863
1996-07-03,-0.044352281497389234,-0.028598822494039333,-0.009005003999385308
1996-07-05,-0.047267668103885274,-0.0369794608959797,-0.03105334780764224
1996-07-08,-0.048659888773996296,-0.0399089042820876,-0.0382750900716291
1996-07-09,-0.043395028986629613,-0.03748454448597538,-0.035017920772948075
1996-07-10,-0.050102989597722636,-0.041713240621321646,-0.033087223303877256
1996-07-11,-0.06219848680921436,-0.05407985142416927,-0.048400209846296005
1996-07-12,-0.06490724290866956,-0.054401676797062204,-0.047633795904326814
1996-07-15,-0.08311599722942364,-0.07004581771565654,-0.07178968809831099
1996-07-16,-0.0804557104274809,-0.07128657440467778,-0.07389723648403801
1996-07-17,-0.0695101156626341,-0.060238491897415924,-0.06549645812411353
1996-07-18,-0.06573321155151668,-0.05165899784551109,-0.05150994341130455
1996-07-19,-0.06549626878028691,-0.05551158269439549,-0.058628507648127326
1996-07-22,-0.07196127817859055,-0.06084337749968172,-0.06593858541575415
1996-07-23,-0.08071703419988008,-0.07193847841027057,-0.07610796289692934
1996-07-24,-0.08618926766017809,-0.0747434179126476,-0.07643215959256988
1996-07-25,-0.0860012649871531,-0.06740900172485309,-0.06977056517091196
1996-07-26,-0.07733873817876546,-0.06111444775834651,-0.06279934671307341
1996-07-29,-0.0797249038221075,-0.06603361015874842,-0.07015377214189655
1996-07-30,-0.07740616391113886,-0.06386017761035123,-0.06374261157169892
1996-07-31,-0.07281529282740973,-0.06043776567936976,-0.05683040338920464
1996-08-01,-0.06444642366430353,-0.0533265140098661,-0.04198904927609859
1996-08-02,-0.054664525266470476,-0.04408890138851562,-0.02361058687517914
1996-08-05,-0.052638288227061736,-0.04307793979720964,-0.026941429063352174
1996-08-06,-0.054628873302673964,-0.041011600003519,-0.02377268522299958
1996-08-07,-0.04750331317303336,-0.03704433374462934,-0.021149336656139717
1996-08-08,-0.04702027862758329,-0.03855066819793407,-0.023463151141506988
1996-08-09,-0.049752962490210106,-0.03866676051552953,-0.024185397331656255
1996-08-12,-0.05523407057613294,-0.03844862229733825,-0.01877642194074003
1996-08-13,-0.058656972943322394,-0.04233058926912281,-0.026985596815172208
1996-08-14,-0.05768534928864433,-0.04035743211222553,-0.02425907022114826
1996-08-15,-0.059012803993591545,-0.04026204864922689,-0.02392003100198381
1996-08-16,-0.0605611149850086,-0.04058639220958038,-0.01960175620336546
1996-08-19,-0.058204775771321327,-0.041283836871511825,-0.01758263327596621
1996-08-20,-0.058125878784066165,-0.04292853714882805,-0.0188943525367401
1996-08-21,-0.05938871673969215,-0.04234356204883338,-0.019808112257693522
1996-08-22,-0.053158523706837824,-0.036168262442560994,-0.011540017062605212
1996-08-23,-0.05300421427041124,-0.03609032986944005,-0.016919397361161104
1996-08-26,-0.05321330636807642,-0.037312803281733364,-0.02156195881010803
1996-08-27,-0.050075136256543584,-0.032913857663090074,-0.01784790965095051
1996-08-28,-0.0486663739796126,-0.031387002901122285,-0.020191319228678006
1996-08-29,-0.051252630991214465,-0.034802309964779066,-0.03111226812829826
1996-08-30,-0.05320515286473071,-0.037104940574331,-0.039085671765418106
1996-09-03,-0.05735742558544099,-0.03655900627089881,-0.03506217847945614
1996-09-04,-0.05960328140948967,-0.03669694979424987,-0.03375045921868225
1996-09-05,-0.07121162850005369,-0.042727517906055223,-0.04284388867639577
1996-09-06,-0.06443151415049053,-0.03830875496626929,-0.033647281191518164
1996-09-09,-0.060164903033161354,-0.035494868952212655,-0.02173880972676434
1996-09-10,-0.05703008315462399,-0.03627369028530658,-0.021665136837272114
1996-09-11,-0.06082741361912525,-0.034365143705195056,-0.016550942959012493
1996-09-12,-0.0600370105510285,-0.031172535654654943,-0.010847276010128026
1996-09-13,-0.054619663703106,-0.02262963859237077,0.0
1996-09-16,-0.05149221524812997,-0.02065780567942266,0.0
1996-09-17,-0.046614720434615564,-0.016880582236851294,-0.001520480214392994
1996-09-18,-0.04330297521109128,-0.016321065706565885,-0.0036697123268208953
1996-09-19,-0.04278750218393912,-0.014225652507117936,-0.0014327619180873885
1996-09-20,-0.036874099937374005,-0.012239078667915737,0.0
1996-09-23,-0.042032336141963,-0.015530213545400184,-0.0008006183204072315
1996-09-24,-0.03746649118861689,-0.013230773489255943,-0.002066931407300854
1996-09-25,-0.03362346242093672,-0.009832516324707274,-0.0017466663113099301
1996-09-26,-0.03079607603352086,-0.01002402856673823,-0.001703046294075361
1996-09-27,-0.03467046388312878,-0.009082302287892752,-0.0012226930696586091
1996-09-30,-0.036385296618388074,-0.011275668218095891,0.0
1996-10-01,-0.040127745900921497,-0.013380639617556533,0.0
1996-10-02,-0.03188167287279864,-0.007051948596176971,0.0
1996-10-03,-0.0280253980748969,-0.009105993911235788,-0.001772280588813624
1996-10-04,-0.0223128400377669,-0.0026803816980796036,0.0
1996-10-07,-0.024077535033392716,-0.0018343137095548911,0.0
1996-10-08,-0.02759079233172601,-0.0050122361191256015,-0.00383884338149032
1996-10-09,-0.027760316601217472,-0.005375247409768691,-0.009383849019089063
1996-10-10,-0.029021307443759303,-0.005403594081428653,-0.01241226315945243
1996-10-11,-0.027106351587104727,-0.002122436017643614,-0.0038104666428834255
1996-10-14,-0.024474976453310204,0.0,0.0
1996-10-15,-0.022599029666067416,0.0,-0.0013787001924817632
1996-10-16,-0.028657626070137665,-0.0020884823478630743,0.0
1996-10-17,-0.03519945403173863,-0.005846410810444791,0.0
1996-10-18,-0.032477252710028326,-0.006053080324027849,0.0
1996-10-21,-0.034212253867685005,-0.007343059598882595,-0.001364665777955243
1996-10-22,-0.03905873151659611,-0.011362876142078315,-0.0059790100956760295
1996-10-23,-0.03688867035621657,-0.008462232011518078,-0.004994214789102891
1996-10-24,-0.03676586728493969,-0.009086690965918742,-0.01200026618410066
1996-10-25,-0.04015282595176661,-0.010905676088322491,-0.013927610804498558
1996-10-28,-0.0405268199304909,-0.012882230141561535,-0.019076555835335074
1996-10-29,-0.045288317122431865,-0.018185201066147516,-0.013111627737241838
1996-10-30,-0.04649055197459395,-0.018460252699008528,-0.01395568893382515
1996-10-31,-0.04167277189143126,-0.013223034729235916,-0.007807866598832369
1996-11-01,-0.043223207206719794,-0.014443576008204007,-0.009918105456129811
1996-11-04,-0.04300052727497805,-0.013993852406601337,-0.005753955731866545
1996-11-05,-0.03967319258002,-0.010524144611502528,0.0
1996-11-06,-0.03566152142145629,-0.005672680278929865,0.0
1996-11-07,-0.03396839259607243,-0.0021818936837652014,0.0
1996-11-08,-0.03304758116430995,-0.0012851618727458547,0.0
1996-11-11,-0.028639440354020884,0.0,0.0
1996-11-12,-0.024580465280451547,-0.0011049639961249191,-0.0031562949348999947
1996-11-13,-0.022274740853359676,0.0,-0.001011095193561573
1996-11-14,-0.021166403015767443,0.0,0.0
1996-11-15,-0.023971523706609488,-0.005586951869903878,0.0
1996-11-18,-0.025818045225663777,-0.008083758716976086,-0.0008133938747717506
1996-11-19,-0.025493284052127696,-0.005887330387581824,0.0
1996-11-20,-0.02472294243831441,-0.004405039891203333,0.0
1996-11-21,-0.02461706619757531,-0.008233459815493838,-0.001613028009060935
1996-11-22,-0.004224513133400554,-0.002543079449639274,0.0
1996-11-25,-0.006319959375708617,-0.0014706839670677319,0.0
1996-11-26,-0.010695729651669206,-0.002488373381098974,-0.001413427846729487
1996-11-27,-0.009762521727174733,-0.0006785301673999378,-0.0026815703714692107
1996-11-29,-0.006543557818306511,0.0,-1.3222415541580546e-05
1996-12-02,-0.0056171484977545205,0.0,-0.0006208891590704368
1996-12-03,-0.005800593242959562,-0.00213742498941516,-0.011558326171191569
1996-12-04,-0.005495088352251876,-0.0007857036945284612,-0.015759023089239932
1996-12-05,-0.0030192170826616183,-0.0010159473988659018,-0.01671006951443088
1996-12-06,0.0,-0.0044019316429293465,-0.02302425668256014
1996-12-09,0.0,0.0,-0.009603343658642016
1996-12-10,-0.0017539661138022966,-0.001771359043861831,-0.012535898051950878
1996-12-11,0.0,-0.0029155934103118897,-0.021531574967064482
1996-12-12,-0.0008329302727337895,-0.006350461777738015,-0.03663004165060879
1996-12-13,-0.005237670799842942,-0.010656529189238761,-0.03750183420703368
1996-12-16,-0.016301325048794446,-0.019318571094344095,-0.04762036832489691
1996-12-17,-0.01722482710847506,-0.01747493450967652,-0.04093635664402151
1996-12-18,-0.011666620423733565,-0.010515520665573264,-0.03367112305070108
1996-12-19,-0.009734561059416169,-0.006653817301607745,-0.014887149908329733
1996-12-20,-0.00437296205065707,-0.009131449034947559,-0.010779009899073877
1996-12-23,-0.006731613391829816,-0.012307512187991754,-0.013354881570693644
1996-12-24,-0.005283011617728484,-0.00947307666727304,-0.007925709374530965
1996-12-26,-0.003440865682623584,-0.007002899947610386,-0.001598380415344769
1996-12-27,-0.004090286914777641,-0.007606099218671281,-0.00031709609954833073
1996-12-30,-0.003695934283689639,-0.00884494480382636,-0.004200696918048141
1996-12-31,-0.0029857073077598217,-0.007674671067449124,-0.02151835255152279
1997-01-02,-0.008247985446647399,-0.013077233335725968,-0.02644547607952108
1997-01-03,0.0,-0.005854767456246024,-0.011888564061796725
1997-01-06,0.0,-0.0084114183023406,-0.012390532105475693
1997-01-07,0.0,-0.00447413573932165,-0.0050196804367906855
1997-01-08,-0.005833132665286178,-0.008646780368566809,-0.011386676642602511
1997-01-09,-0.002534690463475764,-0.0068835463115841655,-0.002879745355625851
1997-01-10,0.0,-0.003635368281248441,0.0
1997-01-13,0.0,-0.002764185033642619,0.0
1997-01-14,0.0,0.0,0.0
1997-01-15,0.0,-0.00629488997460248,-0.0021590057697856713
1997-01-16,0.0,-0.005249060860829435,0.0
1997-01-17,0.0,-0.00038068222806975083,0.0
1997-01-20,0.0,0.0,0.0
1997-01-21,0.0,0.0,0.0
1997-01-22,-0.001311768172379435,0.0,0.0
1997-01-23,-0.004278649743008178,-0.005484394944247573,-0.011027286068367781
1997-01-24,0.0,-0.006283689261586067,-0.01998138118331949
1997-01-27,-0.0022160972643415766,-0.008649171438564696,-0.026976789825357006
1997-01-28,0.0,-0.008051385181437554,-0.026976789825357006
1997-01-29,-0.0015760087157566938,-0.00984867970246106,-0.01746305891383626
1997-01-30,0.0,-0.006444971517870157,-0.002620095404357037
1997-01-31,0.0,-0.006708911133315731,-8.904178924484807e-05
1997-02-03,0.0,-0.00870987254804978,0.0
1997-02-04,-0.002254806749882987,-0.008251276171674649,0.0
1997-02-05,-0.01821471135141106,-0.01778978303198031,-0.013911740532769001
1997-02-06,-0.019331759067036325,-0.01885346860544057,-0.011542438789300724
1997-02-07,-0.01556226196386179,-0.01779887339547037,0.0
1997-02-10,-0.020857269392507427,-0.023994388173796066,-0.005230767637143363
1997-02-11,-0.030090903040931982,-0.02592551441875346,0.0
1997-02-12,-0.013211246960846412,-0.018856100940316978,0.0
1997-02-13,-0.0073072559276182725,-0.01122841771171601,0.0
1997-02-14,-0.0049180283446707,-0.012494729108821323,-0.004114245553614393
1997-02-18,-0.003058458870648928,-0.010679048168940719,0.0
1997-02-19,-0.00257575001294319,-0.009701683770779623,-0.004655193491596821
1997-02-20,-0.00992632510760183,-0.016219554049229035,-0.016525978019447107
1997-02-21,-0.003967325621483164,-0.013529254736832419,-0.017787745638115915
1997-02-24,-0.0038097807244861226,-0.010319887325432653,-0.007362516865627167
1997-02-25,-0.005065433166189903,-0.009441588971552561,-0.005218670870813957
1997-02-26,-0.009394573302186515,-0.010261843751406041,-0.012997814057698509
1997-02-27,-0.01278620152644716,-0.014540531524335543,-0.02599562811539735
1997-02-28,-0.01858643359346579,-0.016739456345453374,-0.031202111245657638
1997-03-03,-0.014994007245635044,-0.013105716314491977,-0.025701626913820608
1997-03-04,-0.01379972001459251,-0.013374976745403,-0.03104284813290137
1997-03-05,-0.005634864143202911,-0.013675919903298084,-0.01751826946047519
1997-03-06,-0.007079056219327362,-0.01893151890218492,-0.02172019863773922
1997-03-07,-0.0014081091180965233,-0.022242520773799512,-0.013867629921874625
1997-03-10,0.0,-0.01882095413107221,-0.0032340879887567953
1997-03-11,-0.007324616418055929,-0.019239939084213842,-0.0060639617110536115
1997-03-12,-0.01808695501731039,-0.023500100547854008,-0.014737371014636347
1997-03-13,-0.020232184317145685,-0.025573904563108263,-0.032745692325349296
1997-03-14,-0.01653897990561426,-0.025707174205591432,-0.028323262246902958
1997-03-17,-0.02071596541113163,-0.0308428878559025,-0.02521157506358318
1997-03-18,-0.03204511169620938,-0.03797039794597157,-0.03262321674849733
1997-03-19,-0.03972658061715062,-0.041814685600891854,-0.037388623304978275
1997-03-20,-0.03810820658452707,-0.03640246835186123,-0.041210788468303505
1997-03-21,-0.036695722942891695,-0.03730582416643735,-0.039434518746875646
1997-03-24,-0.04180237481333293,-0.04275378673917085,-0.03111634843329547
1997-03-25,-0.03960491095733687,-0.04153493770899774,-0.033345957240470736
1997-03-26,-0.029594233424509953,-0.03791030765025416,-0.0315941377715645
1997-03-27,-0.029873310794275354,-0.042167718080712735,-0.0519545434663049
1997-03-31,-0.03512191250334973,-0.05049800578021579,-0.07248647478576986
1997-04-01,-0.03850658504677462,-0.05043175127072397,-0.06939931262638643
1997-04-02,-0.045914504629984476,-0.05441780540523078,-0.08107412127699054
1997-04-03,-0.04245976664220852,-0.05231771443512179,-0.08081683283990371
1997-04-04,-0.02201865608434639,-0.046336081071962965,-0.07153089610923158
1997-04-07,-0.009137648868807746,-0.04045972108430129,-0.06634893800290742
1997-04-08,-0.01173051654021573,-0.03849751113033861,-0.061460981098159784
1997-04-09,-0.01420194326148605,-0.04192408745165288,-0.06822330782008024
1997-04-10,-0.031093788858418403,-0.04621809822238698,-0.07099186898253651
1997-04-11,-0.04022820574155106,-0.0547203363726082,-0.09633825690635489
1997-04-14,-0.03133859795630323,-0.052648073315196275,-0.08888997722836545
1997-04-15,-0.033773889917269484,-0.056688576716309114,-0.0754266363443653
1997-04-16,-0.04167896652965242,-0.059927208383036557,-0.0646338312984912
1997-04-17,-0.03975635072038486,-0.05740616019242473,-0.06678993980527248
1997-04-18,-0.033635533906054005,-0.05432127042381285,-0.061191430149105
1997-04-21,-0.04390945401917257,-0.059766441158851324,-0.06850504650968858
1997-04-22,-0.047656336223869555,-0.05755818311134997,-0.05106027734960705
1997-04-23,-0.041107359725157555,-0.053594520116841515,-0.05224854466788165
1997-04-24,-0.03760810016566174,-0.053338457038696885,-0.05526220652687108
1997-04-25,-0.04518176772274263,-0.057964362743719744,-0.062379772238793985
1997-04-28,-0.04493279402574857,-0.05711371994082903,-0.05308157299615379
1997-04-29,-0.032388306353471674,-0.050007156076731896,-0.027245207993512266
1997-04-30,-0.022914098361433544,-0.04370200695956794,-0.018314510252842697
1997-05-01,-0.01999685666097084,-0.04140365331092444,-0.021756911402228907
1997-05-02,-0.0027196933521953515,-0.030395174721148388,-0.004067191088443223
1997-05-05,0.0,-0.01990478048719102,0.0
1997-05-06,-0.001628858934098365,-0.020964651494936426,-0.003047089966965011
1997-05-07,-0.0019136406695575703,-0.02365200803272538,-0.01766850533955633
1997-05-08,0.0,-0.01906694236289941,-0.012080078679919226
1997-05-09,0.0,-0.01605340667792865,-0.006636173958837421
1997-05-12,0.0,-0.011253198515465912,0.0
1997-05-13,-0.00583142996742414,-0.013891258803993,-0.00540788435278039
1997-05-14,-0.0047670490433104895,-0.013090128971949277,-0.0019339531183590886
1997-05-15,0.0,-0.00970024112615342,0.0
1997-05-16,-0.012324109916585835,-0.015108995339967679,-0.014408234917636431
1997-05-19,-0.01720212369994678,-0.01787233714960834,-0.010227093293136091
1997-05-20,-0.009286543783680545,-0.009067457763693665,-0.0002613576008516638
1997-05-21,-0.005090157565335485,-0.006247767955294581,-0.0030052136672695795
1997-05-22,0.0,-0.006518286552919528,-0.007388264006990997
1997-05-23,0.0,-0.0014041054405850018,0.0
1997-05-27,0.0,0.0,0.0
1997-05-28,-0.006569340703950877,-0.00034116660871574833,-0.002942180197187949
1997-05-29,-0.005881292288494433,-0.0015941308578845126,-0.006625795550512681
1997-05-30,-0.0113800975403473,-0.0010268879214074822,-0.0016829184531229613
1997-06-02,-0.016000845421198617,-0.0009039951181292194,-0.003942564562574469
1997-06-03,-0.02162478765213416,-0.007186413159441463,-0.004978217738430324
1997-06-04,-0.02683162997114208,-0.010172689883452435,-0.011298015055544175
1997-06-05,-0.02202668369553551,-0.007733671192043712,-0.0073907911340101995
1997-06-06,-0.016659388665610564,-0.0006485406838755425,0.0
1997-06-09,-0.013565622137956534,0.0,0.0
1997-06-10,-0.026854912317243462,-0.0034975492153698218,0.0
1997-06-11,-0.02861623984502759,-0.0015486445006471783,0.0
1997-06-12,-0.029679496491364477,-0.0017282872292400109,0.0
1997-06-13,-0.021839559920166618,0.0,0.0
1997-06-16,-0.010757105142963241,0.0,0.0
1997-06-17,-0.00486654738896497,0.0,0.0
1997-06-18,-0.00874448819225615,-0.0036081921545179085,-0.005992694096707107
1997-06-19,0.0,-0.0002453283723296007,0.0
1997-06-20,0.0,-0.0017945641048756622,0.0
1997-06-23,-0.006545550350752993,-0.005678413131354754,-0.022343403601977396
1997-06-24,0.0,0.0,-0.002625999020259062
1997-06-25,-0.005479448605229975,-0.0017438861058493016,-0.010804519684839309
1997-06-26,-0.010218892898989473,-0.005853970384819052,-0.0167130514378917
1997-06-27,-0.004900064059787934,-0.005595896769593045,-0.012685016422850803
1997-06-30,-0.007144243655908933,-0.005871118050213564,-0.015088458188948772
1997-07-01,-0.0015308872425964237,-0.007649912812634496,-0.008534530773311233
1997-07-02,-0.000392172939297053,-0.0036069391650915827,0.0
1997-07-03,0.0,0.0,0.0
1997-07-07,-0.0033589969479238535,-0.010365590032760719,-0.005147636425312241
1997-07-08,0.0,-0.003797994050927622,0.0
1997-07-09,-0.0046765881954350386,-0.006056256709340624,-0.012201384460033937
1997-07-10,0.0,-0.002751357476655114,-0.005409491921768761
1997-07-11,0.0,0.0,-0.0022530691964286476
1997-07-14,0.0,0.0,-0.000402715773809903
1997-07-15,0.0,0.0,0.0
1997-07-16,0.0,0.0,0.0
1997-07-17,-0.019692697899981626,-0.0034969555667567764,-0.005317205352513343
1997-07-18,-0.03850810934576676,-0.005889393362943474,-0.022731438998960796
1997-07-21,-0.03160456585274052,-0.007682540632114043,-0.025251202485537805
1997-07-22,-0.00987270366767179,0.0,-0.002786754408951042
1997-07-23,0.0,-0.0014221810736948504,-3.206237095654263e-05
1997-07-24,-0.010095045253920687,-0.003214072739127438,0.0
1997-07-25,-0.008628667491289321,-0.0013903979457347004,-0.001605880873367993
1997-07-28,-0.012073615693596329,-0.001774888277694675,-0.0040944120343697765
1997-07-29,-0.0208225944467495,0.0,0.0
1997-07-30,-0.02004573692054845,0.0,0.0
1997-07-31,-0.018953970647476615,0.0,0.0
1997-08-01,-0.011703626588726701,-0.0015235014557565263,-0.007513263958775385
1997-08-04,-0.008249239890699589,0.0,-0.004201999115469479
1997-08-05,0.0,0.0,-0.0020328849602009313
1997-08-06,-0.001787121532257463,0.0,0.0
1997-08-07,-0.01190691678044098,-0.0005196571161011354,-0.009507252596196225
1997-08-08,-0.02349612251286537,-0.005855175189240058,-0.02788656811544854
1997-08-11,-0.02396926134989741,-0.006109432081374377,-0.024283579584264192
1997-08-12,-0.024083486251756825,-0.010281082512673234,-0.035186164788437946
1997-08-13,0.0,-0.008131406614787506,-0.039882526138017016
1997-08-14,-0.0055504801314506524,-0.0071769532712009365,-0.037018897369454296
1997-08-15,-0.015824522996391588,-0.015406475012268328,-0.06196893672083392
1997-08-18,-0.009144872742267163,-0.014672378494457794,-0.04980633197793605
1997-08-19,-0.0038010131942154413,-0.004965463040296103,-0.03572767129385701
1997-08-20,0.0,0.0,-0.021836504059424056
1997-08-21,-0.02390602658090868,-0.00540137489553183,-0.036727360944529885
1997-08-22,-0.024394830514840593,-0.007107393978752596,-0.0382997636374951
1997-08-25,-0.031241098276342916,-0.006155715300997011,-0.04181942880851486
1997-08-26,-0.02947278172321066,-0.007945083674771536,-0.0492544021078587
1997-08-27,-0.03213672801839418,-0.007248120388479884,-0.048546312439211814
1997-08-28,-0.043565397100001735,-0.010480462031930093,-0.05899077805523312
1997-08-29,-0.048750934492550635,-0.009086649239708255,-0.06336433288591281
1997-09-02,-0.03616635042507077,-0.002275706582553716,-0.03409279197004356
1997-09-03,-0.03169532844160561,-0.0027220349136510835,-0.033801255545119036
1997-09-04,-0.03316521501229974,-0.0008380971629035061,-0.03066687352384667
1997-09-05,-0.03669049991452711,0.0,-0.03256208273571126
1997-09-08,-0.04297537072016466,0.0,-0.030323220275630725
1997-09-09,-0.02458249683824687,0.0,-0.02780324475528395
1997-09-10,-0.025045390748071106,-0.005493242856567271,-0.0429960614299727
1997-09-11,-0.02067712758312945,-0.004642222491552328,-0.049702161888454555
1997-09-12,-0.017243498584316397,-0.0006174724840239953,-0.03791448048774759
1997-09-15,-0.0172930957491525,-0.005413192208714057,-0.042225495130477464
1997-09-16,-0.002192553959829202,0.0,-0.015286563399511843
1997-09-17,-0.011229209206627733,-0.0009802337166002761,-0.01803566227103659
1997-09-18,-0.0071829012358128885,0.0,-0.013568424272635271
1997-09-19,-0.0016689783910470712,0.0,-0.010215342264843552
1997-09-22,0.0,0.0,-0.005092067863985195
1997-09-23,0.0,0.0,-0.008736686296701324
1997-09-24,-0.004194051377639174,-0.001442746206138379,-0.01649452967204612
1997-09-25,-0.002313357660510218,-0.0024074087579704084,-0.023336006756882743
1997-09-26,-0.016050193273876356,0.0,-0.015723963372550886
1997-09-29,-0.013564231124528203,0.0,-0.007268390136115799
1997-09-30,-0.015414388612987606,0.0,-0.013578784080191864
1997-10-01,-0.016712456447274482,0.0,-0.005112914593301765
1997-10-02,-0.008933613362725135,0.0,0.0
1997-10-03,-0.004726053452828061,0.0,0.0
1997-10-06,-0.005323004931841013,0.0,0.0
1997-10-07,-0.003403780015549418,0.0,0.0
1997-10-08,0.0,0.0,-0.00943930375519686
1997-10-09,0.0,0.0,-0.012714622896577321
1997-10-10,-0.012303987155271923,-0.005106456929043768,-0.016417135984009512
1997-10-13,-0.013537966738282003,-0.004645866350243888,-0.015277910739125433
1997-10-14,-0.01889754102662644,-0.007512712042562986,-0.013060425872817305
1997-10-15,-0.024020419795778625,-0.01098425375711809,-0.017698779905283568
1997-10-16,-0.03924730372503882,-0.01688463470352919,-0.02834851824355933
1997-10-17,-0.057173424777665294,-0.02812488303216898,-0.03962895899397545
1997-10-20,-0.057807348395708336,-0.02316177487269122,-0.02798235200408694
1997-10-21,-0.03644499106897303,-0.016071508671472223,-0.011026086209365071
1997-10-22,-0.032994938943554986,-0.01788245771208108,-0.01488119960480383
1997-10-23,-0.05876885705260804,-0.026684173261760202,-0.03298681019290606
1997-10-24,-0.08767221890936261,-0.037806254009062235,-0.04219218475340403
1997-10-27,-0.14294815842109831,-0.0738669087514221,-0.10795223920774999
1997-10-28,-0.10766359950985838,-0.054008500167532336,-0.062322015456461766
1997-10-29,-0.10414640535176067,-0.053211450411672745,-0.06505820478713031
1997-10-30,-0.13086824813317877,-0.059757887000633336,-0.0808039739156533
1997-10-31,-0.12328776773896755,-0.05718224076940448,-0.06967613347324375
1997-11-03,-0.10287737433319777,-0.04527596753125562,-0.04488770964072619
1997-11-04,-0.09781516034491855,-0.04379114262011019,-0.043087299171972515
1997-11-05,-0.08494405735059107,-0.04338415936026652,-0.04105295950852006
1997-11-06,-0.10560104087342503,-0.048234580968572915,-0.04586415294598678
1997-11-07,-0.12317739319650112,-0.056437048418877644,-0.056564799442344604
1997-11-10,-0.13009770092520723,-0.05806280199751812,-0.06305434793540732
1997-11-11,-0.12725188363295536,-0.05826676844898271,-0.06035882304808482
1997-11-12,-0.1570415555255622,-0.07341300274906204,-0.0784847968994199
1997-11-13,-0.1361991884375663,-0.0685257749073589,-0.06760112936644547
1997-11-14,-0.13656859553351075,-0.06641680358880175,-0.05571041155024137
1997-11-17,-0.11197746377151419,-0.05639348038080827,-0.03755389280405741
1997-11-18,-0.13262718708613164,-0.05987895007197419,-0.04566076864613733
1997-11-19,-0.14141628359991587,-0.0582841059025303,-0.03919152133318793
1997-11-20,-0.13405133997321483,-0.05359500178378451,-0.02455449463781889
1997-11-21,-0.13965824582768083,-0.05429263725455313,-0.02037387944625324
1997-11-24,-0.15008051454638516,-0.06271041478903705,-0.03707585278304337
1997-11-25,-0.1559618853985163,-0.0652189289053946,-0.032854573148132005
1997-11-26,-0.16934142184144252,-0.06635037750215367,-0.03202048643614219
1997-11-28,-0.16051509096956373,-0.0647450342327861,-0.02819591793555265
1997-12-01,-0.14645277715438443,-0.05806453796442235,-0.008493343261665953
1997-12-02,-0.1500294452092631,-0.0642127201430388,-0.011636425358272584
1997-12-03,-0.1429605037378029,-0.06327345333495571,-0.0064590035982137195
1997-12-04,-0.15141605319295215,-0.06635069004239946,-0.010192061580494793
1997-12-05,-0.1342596956062614,-0.06206332913993917,0.0
1997-12-08,-0.13332615481837695,-0.056997216708757015,-0.0014433801338404884
1997-12-09,-0.14412692380045666,-0.06860130719006541,-0.008141929587989982
1997-12-10,-0.16205203104257648,-0.07297006801035533,-0.01423067962947977
1997-12-11,-0.18585785691098855,-0.08454022508750714,-0.0293253399915564
1997-12-12,-0.18657946872457554,-0.09187501874750303,-0.030900867113794916
1997-12-15,-0.17934053663793226,-0.0913302839794613,-0.020736095949880795
1997-12-16,-0.17118188979186566,-0.08537125087589303,-0.016009514583164797
1997-12-17,-0.17251214161778616,-0.08518642793264875,-0.018550707374143216
1997-12-18,-0.17990200396512834,-0.0902734841349131,-0.028959423119456762
1997-12-19,-0.17273409649545557,-0.09060280867645709,-0.03761976596334071
1997-12-22,-0.16622865119165198,-0.08733797663855891,-0.030585761689347235
1997-12-23,-0.17781295249164808,-0.09193490589160791,-0.045395840720070746
1997-12-24,-0.1782509458952768,-0.09476333720349006,-0.05193178113356656
1997-12-26,-0.17442942511906878,-0.09140793503713807,-0.048109817249400555
1997-12-29,-0.16324265946909078,-0.08368440337215699,-0.030941565904587742
1997-12-30,-0.1538410070143854,-0.07808533160022413,-0.013163329024596715
1997-12-31,-0.1539991838816277,-0.07657437752079077,-0.013580119385187439
1998-01-02,-0.15140663384783537,-0.07503223949164173,-0.008894174768424468
1998-01-05,-0.14530542714752293,-0.07543734291116999,-0.0068306964425469685
1998-01-06,-0.1542781658364757,-0.08021073354686303,-0.017493531466958534
1998-01-07,-0.16783263206836607,-0.08564219373320037,-0.020116059798683472
1998-01-08,-0.17467367083882035,-0.08699633881339985,-0.028197065282163147
1998-01-09,-0.19232362750264986,-0.10204050244440932,-0.05702434141322188
1998-01-12,-0.18553071607842575,-0.10071537019138643,-0.04531450517932423
1998-01-13,-0.16935772985150033,-0.0921340950736419,-0.03219181290468043
1998-01-14,-0.16337538423283493,-0.08753723468658747,-0.026275908642381718
1998-01-15,-0.16670110117013393,-0.08789652006945681,-0.03360473098626604
1998-01-16,-0.15637387240154943,-0.07693114190401629,-0.02264707789196363
1998-01-20,-0.1437241627518937,-0.07194238639695638,-0.00527551871570453
1998-01-21,-0.1389671373231749,-0.0699183243910313,-0.0131938531176915
1998-01-22,-0.145987638479271,-0.06985165272866556,-0.021091900165121302
1998-01-23,-0.14522841099466943,-0.07264700545047043,-0.02663165081678287
1998-01-26,-0.13016509555403022,-0.06459558029112344,-0.027282211061074868
1998-01-27,-0.1256652320962789,-0.0641868714492988,-0.015013324821329666
1998-01-28,-0.11036028858710645,-0.05562065928863047,-0.006434255477352657
1998-01-29,-0.11482865597864789,-0.05114474056188001,0.0
1998-01-30,-0.10514339043422638,-0.048872274388436,-0.005286670579232267
1998-02-02,-0.09424048692301201,-0.04413998757169224,0.0
1998-02-03,-0.0868189034505481,-0.043989563584272307,0.0
1998-02-04,-0.09393465536147183,-0.04084456604444431,0.0
1998-02-05,-0.09154736234122296,-0.041297411168959575,-0.0033370208613053842
1998-02-06,-0.08656478085531427,-0.036598725078648586,0.0
1998-02-09,-0.09067256129815515,-0.035954900278750035,-0.0016988638572908998
1998-02-10,-0.08444486836657017,-0.0326227754845243,0.0
1998-02-11,-0.08131414922151492,-0.033710312910992024,0.0
1998-02-12,-0.07459538990598391,-0.03135344056520928,0.0
1998-02-13,-0.08030610116491843,-0.03252066739068549,-0.003954525489719307
1998-02-17,-0.07615372736254078,-0.03385559265544458,-0.0013474767737556848
1998-02-18,-0.0713054589983948,-0.032047564637572856,0.0
1998-02-19,-0.06895340842870457,-0.029514469302807544,-0.0036818143163427353
1998-02-20,-0.07378856340137363,-0.0304661911431231,0.0
1998-02-23,-0.0739702712557202,-0.02867542884394736,0.0
1998-02-24,-0.06796725711587592,-0.03294172634219117,-0.007301477592359773
1998-02-25,-0.046961104996405045,-0.02558685104487457,0.0
1998-02-26,-0.037823015424273576,-0.022337796374067853,0.0
1998-02-27,-0.0419914546532677,-0.01960252943882901,0.0
1998-03-02,-0.04876199681243376,-0.02136836323667468,-0.001562901158687291
1998-03-03,-0.05082975527705946,-0.02295690693083985,0.0
1998-03-04,-0.05535280964317879,-0.022559864594029477,-0.0044581504054003185
1998-03-05,-0.08059907355655693,-0.03663757194221384,-0.016130843888965574
1998-03-06,-0.05875842689852939,-0.025717711396070486,0.0
1998-03-09,-0.06888046027575767,-0.033241378996734294,-0.0032015866401055026
1998-03-10,-0.06326417295107745,-0.027210278904972962,0.0
1998-03-11,-0.05833320366373751,-0.025510165790047945,0.0
1998-03-12,-0.055259654463868935,-0.024026199710842966,0.0
1998-03-13,-0.04879872350971193,-0.02153575922519657,-0.001224445322959844
1998-03-16,-0.0454659028707195,-0.017893911056027,0.0
1998-03-17,-0.053655436877343865,-0.020318524886182465,0.0
1998-03-18,-0.06012269017233962,-0.021455144197631393,0.0
1998-03-19,-0.05732258680091007,-0.017619503186085184,0.0
1998-03-20,-0.05856422881683632,-0.01924484384233649,0.0
1998-03-23,-0.06244762023222239,-0.01776653487229496,-0.0032843127836763575
1998-03-24,-0.04464568778926192,-0.006031850706114783,0.0
1998-03-25,-0.03968911439541012,-0.004181133864223141,-0.003364510126155462
1998-03-26,-0.040710571276880714,-0.002862331274859131,-0.004386537764070386
1998-03-27,-0.04003711140246524,-0.0017100057106521627,-0.009234461884287004
1998-03-30,-0.044431365524874034,-0.0028400642974889534,-0.010898610375838502
1998-03-31,-0.044792249489635005,0.0,-0.003527358863967489
1998-04-01,-0.04339822687658623,0.0,0.0
1998-04-02,-0.04549449419262752,0.0,0.0
1998-04-03,-0.043805506417895934,0.0,0.0
1998-04-06,-0.043675985921020954,-0.001581100373083122,-0.001175689272707947
1998-04-07,-0.05515922295408093,-0.009927960430698435,-0.011712748655617444
1998-04-08,-0.051876693629259174,-0.008349170098113867,-0.01874937888421624
1998-04-09,-0.05113168561156667,-0.006343982095183276,-0.010715157878118386
1998-04-13,-0.05613221887248199,-0.005101994353035044,-0.011588144946514944
1998-04-14,-0.04684149361398382,0.0,-0.006190390553255765
1998-04-15,-0.0436456102325099,0.0,-0.003010603927865785
1998-04-16,-0.049332686051603014,-0.0019769503931014176,-0.012941932714432225
1998-04-17,-0.05148266790786127,0.0,0.0
1998-04-20,-0.0479034118219237,0.0,0.0
1998-04-21,-0.038725967729075106,0.0,0.0
1998-04-22,-0.02290287995114937,0.0,0.0
1998-04-23,-0.03175195420839749,-0.008222358745800573,-0.009694555370989955
1998-04-24,-0.030083834950925592,-0.010630152969299145,-0.020025840630298886
1998-04-27,-0.0484627858281137,-0.024818746397663682,-0.03891945307526401
1998-04-28,-0.045196729418690795,-0.023303859544000827,-0.04018438280930803
1998-04-29,-0.04403987984572322,-0.018948206913149357,-0.03177246510888676
1998-04-30,-0.03870861490352617,-0.012820614810622577,-0.01662041008125814
1998-05-01,-0.04745527851488662,-0.015192312667967944,-0.008438479605208271
1998-05-04,-0.04330337380948679,-0.013853316319779596,-0.007492076778157886
1998-05-05,-0.04959732578334797,-0.019874628327361088,-0.013303411239616314
1998-05-06,-0.054348468406632655,-0.024318261892165793,-0.02266173176708819
1998-05-07,-0.061479281447961664,-0.031873306538065416,-0.03131249066014352
1998-05-08,-0.0568200471161332,-0.023060188857412123,-0.019813561342452046
1998-05-11,-0.06394176228241888,-0.028044442549119752,-0.021140360879108755
1998-05-12,-0.06006153829668326,-0.024845263664904804,-0.013046862110458246
1998-05-13,-0.05804112294799979,-0.023676243123698315,-0.010331393234532138
1998-05-14,-0.06353345677808453,-0.026579660730641996,-0.011649338802926623
1998-05-15,-0.06520367121419934,-0.026321138742065542,-0.019291717091096228
1998-05-18,-0.07262479585920201,-0.03020313896913973,-0.02186573842527262
1998-05-19,-0.06837289655492329,-0.027494367809853038,-0.018592901449719035
1998-05-20,-0.06861946424705745,-0.030751194374746493,-0.010154421844510986
1998-05-21,-0.07036536685511252,-0.032219029773475794,-0.014064096683606309
1998-05-22,-0.07188921832969775,-0.03655350278163094,-0.017752638266592236
1998-05-26,-0.09050894067323623,-0.04423020675961398,-0.03230316332850525
1998-05-27,-0.10280560594844845,-0.04836624287325486,-0.033886511994320134
1998-05-28,-0.09849852915139334,-0.04409594260190919,-0.0291365739720979
1998-05-29,-0.10729781166362196,-0.048003673959958415,-0.035133733791839816
1998-06-01,-0.123997514750111,-0.05968982322241334,-0.034992178274867336
1998-06-02,-0.12492288266588192,-0.05373739377131792,-0.03301083293814433
1998-06-03,-0.12154584439385407,-0.0572299831815436,-0.04228957572647929
1998-06-04,-0.12152496989834094,-0.050551493149708526,-0.031586747725826037
1998-06-05,-0.11998896188977048,-0.049534185806989095,-0.014754058356721056
1998-06-08,-0.11778111670209701,-0.04738803621348153,-0.013108839888293589
1998-06-09,-0.10782170583569761,-0.0388950333608753,-0.010729389905440034
1998-06-10,-0.12159059432973052,-0.04939080040238686,-0.01615158166425279
1998-06-11,-0.1352332699320391,-0.05720308371050631,-0.031807880981935766
1998-06-12,-0.14968696265844783,-0.06023915496554044,-0.028039761659813034
1998-06-15,-0.15785300281469483,-0.06891791542334591,-0.04734907871221028
1998-06-16,-0.14239204671496097,-0.059332824138096596,-0.037990758184738294
1998-06-17,-0.1339815947008729,-0.05037384124523914,-0.020724656271676634
1998-06-18,-0.13258721416009633,-0.04972692296254433,-0.02137920207174271
1998-06-19,-0.12537442674925248,-0.04279149055268272,-0.026438705057473477
1998-06-22,-0.12711217343119052,-0.03954357816717702,-0.024174356662028607
1998-06-23,-0.12176227989148303,-0.03137313475994574,-0.009774133110127425
1998-06-24,-0.11565860824129093,-0.024370151934142603,0.0
1998-06-25,-0.12247914084594658,-0.028276893266628633,-0.0031777201207729977
1998-06-26,-0.1220981841972687,-0.026349028007517927,0.0
1998-06-29,-0.12301137839519938,-0.021352215431481247,0.0
1998-06-30,-0.12363431221215382,-0.01801057380770832,-0.004084378829808832
1998-07-01,-0.11764740993214451,-0.013034607135910758,0.0
1998-07-02,-0.12367671543435443,-0.020204526774649345,-0.001863215277621344
1998-07-06,-0.12475187083069383,-0.017294407874626105,0.0
1998-07-07,-0.11571355999797073,-0.01709854641217856,-0.0023069668775373975
1998-07-08,-0.10970503245618468,-0.012509688583910106,0.0
1998-07-09,-0.11216868320832929,-0.011654454667112124,-0.006704458458071771
1998-07-10,-0.11669540622155239,-0.012007570482290397,-0.0017576165739662253
1998-07-13,-0.11867988435500865,-0.005955555484268071,-0.0010203051077524172
1998-07-14,-0.11476934626559943,-0.00353729142015613,0.0
1998-07-15,-0.10283385177679683,0.0,-0.002352194809953856
1998-07-16,-0.09171635531487266,0.0,0.0
1998-07-17,-0.09247516516815157,0.0,0.0
1998-07-20,-0.09149841922393576,0.0,-0.0022330098285759936
1998-07-21,-0.09704374575495789,-0.007810256568258511,-0.01826842528833994
1998-07-22,-0.10564622847443195,-0.010763944370031253,-0.019102628140141187
1998-07-23,-0.12009905312405533,-0.01909245225917744,-0.03960396039603964
1998-07-24,-0.11631136501717398,-0.01880240478768591,-0.03871914992363601
1998-07-27,-0.11919945103114449,-0.021838105675709873,-0.03326731027491048
1998-07-28,-0.12229668927808302,-0.030105465433910683,-0.047617450824204766
1998-07-29,-0.1213197399240542,-0.03331099734851428,-0.051855941910680436
1998-07-30,-0.11543674201176046,-0.025404188057480792,-0.03690756168369491
1998-07-31,-0.12554773929474072,-0.037042120465311745,-0.055681446011954905
1998-08-03,-0.13707870834803904,-0.04421699007421487,-0.06261643867179267
1998-08-04,-0.14572036546518774,-0.05894381596302245,-0.09659153560801559
1998-08-05,-0.14152762020208676,-0.05666397839537851,-0.08874653152649048
1998-08-06,-0.13008326784712076,-0.04743114105975266,-0.0818369455379715
1998-08-07,-0.12674189785717915,-0.045458123208964696,-0.0819886655387615
1998-08-10,-0.13590738302338934,-0.047140644520565655,-0.08730565439356441
1998-08-11,-0.14723083553838623,-0.058302134976263575,-0.0992374295607753
1998-08-12,-0.13590937174313134,-0.05065217275241585,-0.08639564297187718
1998-08-13,-0.1439386676732165,-0.057312303500549056,-0.09424054419238481
1998-08-14,-0.14058078670909324,-0.05912605584327424,-0.10448704444912593
1998-08-17,-0.13645930870619793,-0.052984860908014686,-0.08685903185564592
1998-08-18,-0.13110832741095468,-0.044518005293260554,-0.0720876754397517
1998-08-19,-0.13562091471940452,-0.04611805616226605,-0.07473346653149393
1998-08-20,-0.1431936969752745,-0.04856834100956353,-0.08017697443780314
1998-08-21,-0.15292473407929852,-0.0580315348538476,-0.0889066861307144
1998-08-24,-0.15678844573439865,-0.05852164948882632,-0.08309246711739027
1998-08-25,-0.15207799493410745,-0.05817447670750209,-0.07912367761875971
1998-08-26,-0.1611584890725981,-0.06479862060417818,-0.0864209467821786
1998-08-27,-0.18118531745701083,-0.08744129234049702,-0.12147464434774624
1998-08-28,-0.18958121351778523,-0.10263403884517375,-0.13449335188671818
1998-08-31,-0.21942791773224823,-0.13409993814857557,-0.19335999216610522
1998-09-01,-0.1997056328884227,-0.11182630081939471,-0.16219927552928182
1998-09-02,-0.20075353490478787,-0.10673199445555048,-0.16538446979671395
1998-09-03,-0.20739577078098426,-0.11234125114136884,-0.17231092499210043
1998-09-04,-0.20265854926853188,-0.10808904395741237,-0.17936379637797562
1998-09-08,-0.17860854399563708,-0.08636375243942251,-0.13759425155032157
1998-09-09,-0.19132267522727264,-0.09629753584217182,-0.15213818225655718
1998-09-10,-0.19077769869198102,-0.09855131348942114,-0.17405519069609787
1998-09-11,-0.17644753236497568,-0.08321611030450238,-0.14972825147790747
1998-09-14,-0.1766464800396137,-0.08061775733019638,-0.1323193842821785
1998-09-15,-0.17384064517851894,-0.07737276536983095,-0.12561192019301703
1998-09-16,-0.1763270983196462,-0.07690669727974508,-0.11903940975879534
1998-09-17,-0.1812247975070741,-0.08460465914419546,-0.14146198009927347
1998-09-18,-0.18096391591873706,-0.08100114011456694,-0.14043393566002227
1998-09-21,-0.17874273254887318,-0.07451351869499645,-0.1372319236162316
1998-09-22,-0.17543396178346737,-0.074323833325878,-0.1323951928520648
1998-09-23,-0.16416225582807265,-0.06024251049718743,-0.10167266414972642
1998-09-24,-0.17010467043675115,-0.0656669883402472,-0.12136509736412493
1998-09-25,-0.16040661887227414,-0.05540525042399791,-0.11965451864335386
1998-09-28,-0.16308533370637335,-0.06170455122428331,-0.11633457644301692
1998-09-29,-0.16019192256723236,-0.05936126629643246,-0.11605644025173811
1998-09-30,-0.17345601497438645,-0.07035939529499191,-0.14302927342268823
1998-10-01,-0.18943421123865056,-0.08518116395529451,-0.16883082818753958
1998-10-02,-0.1888006504151365,-0.08159067064012815,-0.15517170795370772
1998-10-05,-0.20381789834118924,-0.10099774838013587,-0.16700231931022236
1998-10-06,-0.20517606439922553,-0.11056439543870922,-0.1703475653208607
1998-10-07,-0.20720688343025628,-0.11828647426656325,-0.1820686811242629
1998-10-08,-0.21120525168184034,-0.12595040390012435,-0.19153991789222158
1998-10-09,-0.19690861280677874,-0.11086028169653828,-0.17051610309800924
1998-10-12,-0.18511006000428132,-0.1008080482699214,-0.15929216602261975
1998-10-13,-0.1921436765278306,-0.10984848329161079,-0.16174426981843804
1998-10-14,-0.18646208727849145,-0.10296407214277203,-0.15270273495102182
1998-10-15,-0.1698904659389403,-0.08454717457174366,-0.11734570024489144
1998-10-16,-0.16527481841543168,-0.08246663589606062,-0.10982090251079613
1998-10-19,-0.16486301551888005,-0.07558350606630959,-0.10479038158968812
1998-10-20,-0.163910191006842,-0.08061715797952451,-0.10349268699310077
1998-10-21,-0.15978834087270644,-0.07273130830273866,-0.09844529686512515
1998-10-22,-0.1583830266489169,-0.06860685285663282,-0.09123237373604365
1998-10-23,-0.16149247227417385,-0.07115328318996961,-0.09781331877369881
1998-10-26,-0.15767007151259782,-0.06480853175802481,-0.09642304926137524
1998-10-27,-0.15492655879771666,-0.06499526786195209,-0.1023046422411521
1998-10-28,-0.15134674276674043,-0.06039232110893922,-0.0999873892392561
1998-10-29,-0.14197581619616984,-0.05511251690860919,-0.08495466297793308
1998-10-30,-0.12322204131468018,-0.053461829420922924,-0.07421947002712204
1998-11-02,-0.11923518645100117,-0.04635736650229361,-0.06332422533310456
1998-11-03,-0.1302610790364348,-0.05292717515364642,-0.06396463802796448
1998-11-04,-0.12185121858429604,-0.04425202816306617,-0.05736672092242412
1998-11-05,-0.11894664895769791,-0.04006477975604794,-0.04457554195412827
1998-11-06,-0.11663316358327969,-0.03315503420308208,-0.03854222897356163
1998-11-09,-0.11898197205045291,-0.03319960724178417,-0.047651189237939096
1998-11-10,-0.12448075461171293,-0.031952414214288516,-0.04928585652780648
1998-11-11,-0.11508647372076064,-0.03155027401879029,-0.05542871649199432
1998-11-12,-0.11346393756410234,-0.03312121077486063,-0.05819259203180904
1998-11-13,-0.10636294076159258,-0.03132417242679619,-0.05142618857962866
1998-11-16,-0.09578323081113926,-0.03022975630323299,-0.042873397836791116
1998-11-17,-0.09794446845672555,-0.027382096854949967,-0.03996633976063757
1998-11-18,-0.09511013482641972,-0.02059496042723996,-0.03561830169054081
1998-11-19,-0.07985014258174417,-0.015700311270444356,-0.02876765506504042
1998-11-20,-0.08468319180627215,-0.014443721650096109,-0.019549147817041534
1998-11-23,-0.07695383695141156,-0.0033721847202907718,0.0
1998-11-24,-0.0816943520933886,-0.005052891721808894,-0.004393138312867251
1998-11-25,-0.08134063051294516,-0.000811177197307722,-0.0011277180501458872
1998-11-27,-0.07722252645831673,0.0,0.0
1998-11-30,-0.0935519654393282,-0.016183273078860805,-0.02407047732562262
1998-12-01,-0.08742737427543701,-0.0053239902478974255,-0.014299671555874638
1998-12-02,-0.08589207478504124,-0.006416792656204318,-0.01767963301403508
1998-12-03,-0.08203337213350514,-0.01671540492499335,-0.03538445141968316
1998-12-04,-0.06724060264095755,-0.006276630768154101,-0.013075211053069857
1998-12-07,-0.06556372572921276,0.0,-0.0038831573922145646
1998-12-08,-0.06848910455674273,-0.0023290806850465584,-0.009183658530317662
1998-12-09,-0.07575941425590937,0.0,-0.007414026440771049
1998-12-10,-0.08714795924694263,-0.00784924068612447,-0.0229046803569406
1998-12-11,-0.09502279643404188,-0.007732533397325159,-0.02169701011521097
1998-12-14,-0.10796517463965394,-0.020940317197658542,-0.04288242916583018
1998-12-15,-0.0919055461147883,-0.009709998187223401,-0.02474147349078848
1998-12-16,-0.09814189627582415,-0.008978629611161137,-0.02548792345115225
1998-12-17,-0.08948356761542131,-0.002010855682088697,-0.010357850629537646
1998-12-18,-0.07506602783018068,0.0,-0.003606322843754395
1998-12-21,-0.0696735971910909,0.0,0.0
1998-12-22,-0.07447747586787634,-0.005856549685349766,0.0
1998-12-23,-0.0714453460536092,0.0,0.0
1998-12-24,-0.0720692686873291,-0.002035488129516816,-0.0018477375250889327
1998-12-28,-0.07311119533152433,0.0,-0.0024826613143618115
1998-12-29,-0.07279275693087028,0.0,0.0
1998-12-30,-0.07281900364263594,-0.0024236998447442204,-0.007956132110896963
1998-12-31,-0.07252350749615621,0.0,-0.01013043664604052
1999-01-04,-0.06541675378454437,0.0,-0.011040402606609656
1999-01-05,-0.04846411241643667,0.0,0.0
1999-01-06,-0.010333279278355478,0.0,0.0
1999-01-07,-0.005353558984999451,0.0,-0.002051327020824778
1999-01-08,0.0,0.0,0.0
1999-01-11,-0.003418267610741821,0.0,-0.008791505884283346
1999-01-12,-0.012470373928714529,-0.01248460213384961,-0.027903878948492444
1999-01-13,-0.0062523642256426815,-0.017523496213357803,-0.031911427818406946
1999-01-14,-0.004038679139000134,-0.024277234790963997,-0.04932987169544267
1999-01-15,0.0,-0.011463809587447304,-0.02496290999687234
1999-01-19,-0.00090298931249011,-0.00028929481794670586,-0.018108499352402663
1999-01-20,0.0,0.0,-0.014485229433393365
1999-01-21,-0.014024111500348768,-0.010566439449361753,-0.031315383785438744
1999-01-22,-0.014182675438909276,-0.012308737517932822,-0.03913451266315926
1999-01-25,-0.018282801940382565,-0.006185536400463376,-0.032240850805468346
1999-01-26,-0.001284760403056362,0.0,-0.017865333299762254
1999-01-27,-0.014071405256115721,-0.007844689697970808,-0.02503346644600457
1999-01-28,-0.0051361641678489,0.0,-0.007622968546279529
1999-01-29,0.0,0.0,0.0
1999-02-01,-0.0042441505412579295,0.0,-0.005188970782741498
1999-02-02,-0.016090283504894054,-0.0063424522375942205,-0.013792960685831357
1999-02-03,0.0,-0.0028432038206357424,-0.005915779651087694
1999-02-04,-0.015551393336209252,-0.016717226801805984,-0.02434280270816669
1999-02-05,-0.024069286997185024,-0.020810881921594748,-0.031446336292813126
1999-02-08,-0.01068941593067163,-0.015879906257771914,-0.028031317172464543
1999-02-09,-0.03396771010268085,-0.033832821875649066,-0.04962333099394822
1999-02-10,-0.030524392619669882,-0.03283176973156521,-0.04383261321796228
1999-02-11,-0.006609807486612551,-0.017202644155420832,-0.020005607274613646
1999-02-12,-0.022864560395076894,-0.029696164885739895,-0.03869057641123175
1999-02-16,-0.026006497139280826,-0.03474464334421545,-0.029516128832237865
1999-02-17,-0.0360545239770782,-0.04541418424144883,-0.04345752298691652
1999-02-18,-0.0384214679354794,-0.04343120057136218,-0.033103048409439007
1999-02-19,-0.0348979843467393,-0.03879687328317427,-0.0315870428265852
1999-02-22,-0.0177711701681732,-0.027825430225839165,-0.005861023345741567
1999-02-23,-0.0184486713838945,-0.02239101174453828,-0.006611203807833421
1999-02-24,-0.015076642936656892,-0.028007933246317562,-0.020497937051426218
1999-02-25,-0.022519805452536734,-0.03106830897576085,-0.027054479948174004
1999-02-26,-0.039981655684337425,-0.03709678922541637,-0.03228256237759097
1999-03-01,-0.04370836646841081,-0.03610886391767587,-0.03397829074663272
1999-03-02,-0.049248402113000966,-0.04074327431959579,-0.0423087853057732
1999-03-03,-0.0507875034972779,-0.041925369914556976,-0.04058958994872641
1999-03-04,-0.04285516135114398,-0.035405223786093565,-0.025788502721264317
1999-03-05,-0.03303456667460736,-0.027582144886255766,-0.003258763322166014
1999-03-08,-0.022068086299581235,-0.015506506961815547,0.0
1999-03-09,-0.023821637417613006,-0.012859335870968214,-0.0022530187119985667
1999-03-10,-0.009684255704072053,-0.011720930627446502,0.0
1999-03-11,-0.00112187629388949,-0.008435360293524874,0.0
1999-03-12,-0.005912189928834688,-0.015157510898642368,-0.002381240184580302
1999-03-15,0.0,-0.009257217636145176,0.0
1999-03-16,0.0,-0.014510224339701838,-0.0006731674465972892
1999-03-17,0.0,-0.014560467453380799,-0.007221259279747372
1999-03-18,0.0,-0.009681667033958341,0.0
1999-03-19,-0.004814770479051544,-0.016802634077053402,-0.013110029338412432
1999-03-22,-0.0143427855139584,-0.020452571340516035,-0.014841850547112068
1999-03-23,-0.03416098068197526,-0.03316251631979761,-0.041327737010923626
1999-03-24,-0.033038489053655695,-0.025695266125801752,-0.03642860599982656
1999-03-25,-0.01856837640275033,-0.014569926198658045,-0.020173983220304503
1999-03-26,-0.033068153256058386,-0.020781519660985515,-0.025635181913548077
1999-03-29,-0.02296488879669989,-0.007686734195359368,-0.00484600254163603
1999-03-30,-0.025985362697355296,-0.010350594237180988,-0.012001100028205092
1999-03-31,-0.022317580535766268,-0.013706934972527951,-0.022923590134534377
1999-04-01,-0.007347720103146438,-0.007096357991161817,-0.01734083572844114
1999-04-05,0.0,0.0,0.0
1999-04-06,0.0,-0.001455048953831417,-0.0024448804655805567
1999-04-07,0.0,-0.002997398098323334,0.0
1999-04-08,0.0,0.0,0.0
1999-04-09,0.0,0.0,0.0
1999-04-12,-0.0036224304283539732,0.0,0.0
1999-04-13,-0.011291859541550764,-0.002314566877503643,-0.0064845164335304295
1999-04-14,-0.02109745335481683,-0.01523221330602298,-0.02222096035569776
1999-04-15,-0.020216695842708576,-0.012502899883957919,-0.026335373993128686
1999-04-16,-0.020016524591068063,-0.018319717454319817,-0.029169092939494545
1999-04-19,-0.04466167592772019,-0.041652711902497086,-0.050896877122942
1999-04-20,-0.040895314536095406,-0.030635210315192007,-0.03861239686225315
1999-04-21,-0.020036910110334594,-0.01822915495466726,-0.01656816770182168
1999-04-22,-0.008839265446219713,-0.0057726758071855455,0.0
1999-04-23,0.0,-0.0009146400624336914,-0.001449765812243764
1999-04-26,0.0,0.0,0.0
1999-04-27,-0.012341005411994899,-0.008739509300242032,0.0
1999-04-28,-0.026999628034891088,-0.015557127640614232,-0.00872469490932426
1999-04-29,-0.047342869973652335,-0.01920641841668469,-0.014653721791842989
1999-04-30,-0.048254165494202694,-0.013263448930855737,-0.020267092843838652
1999-05-03,-0.04585299870123405,-0.01438323861932611,-0.005995042304509757
1999-05-04,-0.05072635065166187,-0.024082821511173913,-0.0226005633435441
1999-05-05,-0.03992566968791267,-0.015084740027164756,-0.011366297093762912
1999-05-06,-0.046226753459937764,-0.023602963547180278,-0.022563838346235765
1999-05-07,-0.05596601776138466,-0.023680300747156213,-0.013061379652452465
1999-05-10,-0.06556126808976337,-0.02401354380294274,-0.016510125619196958
1999-05-11,-0.06405874439729087,-0.015807478521117302,-0.005275948942579878
1999-05-12,-0.05822059804482771,-0.010918346684771874,0.0
1999-05-13,-0.0502607268945815,-0.01471471834596827,0.0
1999-05-14,-0.04959870365473151,-0.02556513975473995,-0.02176139144940137
1999-05-17,-0.05135241226949505,-0.01965622675109313,-0.02052565675853324
1999-05-18,-0.03952773768880735,-0.021222461621848376,-0.025037373744225988
1999-05-19,-0.039640462944258936,-0.02045947062864506,-0.01705963696321311
1999-05-20,-0.04380602339147266,-0.024878577351954867,-0.02100829309727381
1999-05-21,-0.046174205643258026,-0.029231978043846585,-0.027252930719236068
1999-05-24,-0.05318775097384898,-0.04135875595015803,-0.04453920235307296
1999-05-25,-0.06296239928254288,-0.05402844763287906,-0.06080905453263952
1999-05-26,-0.05263657591641957,-0.04835143091035432,-0.045921236463063675
1999-05-27,-0.04448270346166694,-0.05019767248286011,-0.06299542303293759
1999-05-28,-0.04253289686688366,-0.04187371519026306,-0.04805645818657245
1999-06-01,-0.048698703591541825,-0.053251690589113165,-0.05359914423319645
1999-06-02,-0.03818373316890722,-0.04950276246482521,-0.053196932407347464
1999-06-03,-0.03538167603237574,-0.05667740769300322,-0.04973823204605288
1999-06-04,-0.022168903549784513,-0.04350954288087461,-0.02911028173394148
1999-06-07,-0.005899201510699559,-0.035411281568857866,-0.024159845013662196
1999-06-08,-0.008550124876872345,-0.04686401171187993,-0.03672972329325963
1999-06-09,0.0,-0.0403234246771238,-0.03577177004980403
1999-06-10,-0.005468576153164761,-0.04873699144902777,-0.04733986774318255
1999-06-11,-0.014195841350522431,-0.05380688562359337,-0.05405250283583407
1999-06-14,-0.008909035434223944,-0.06139538947751866,-0.05378927099508224
1999-06-15,-0.0015769100683031834,-0.058951113242588504,-0.04855364413197394
1999-06-16,0.0,-0.04284817850511824,-0.027165186772318495
1999-06-17,0.0,-0.03892502414805443,-0.020225827747652914
1999-06-18,0.0,-0.034875144496075094,-0.01807605641748322
1999-06-21,0.0,-0.023203678095773173,-0.013571658865816016
1999-06-22,-0.017021819426849882,-0.032295647408256745,-0.023165383861468936
1999-06-23,-0.020678957192062586,-0.028678940619510707,-0.025227411244721276
1999-06-24,-0.0153826820384243,-0.03508634574837255,-0.03786307516915899
1999-06-25,-0.02224810977685976,-0.034742828305983964,-0.03820673152280263
1999-06-28,-0.021498487238084674,-0.026658830079357765,-0.026477874065031326
1999-06-29,-0.0021418168785132252,-0.018312888899671642,-0.011780182757341384
1999-06-30,0.0,-0.011853168731807862,0.0
1999-07-01,0.0,-0.0068979666972992515,0.0
1999-07-02,0.0,-0.0005265953262078016,0.0
1999-07-06,-0.007750496644706839,-0.006424110901940505,-0.0022282425865197686
1999-07-07,-0.015445191733329366,-0.00582165806348367,0.0
1999-07-08,-0.013910902193485897,-0.0008488778244953865,-0.0010315801164594296
1999-07-09,-0.00977361290096701,0.0,0.0
1999-07-12,-0.01636891359031345,-0.0015895865080300942,-0.002978773746984964
1999-07-13,-0.028059267833999146,-0.004902819986021045,-0.0069266080184973156
1999-07-14,-0.007562555517921732,0.0,-0.0036414580446374467
1999-07-15,0.0,0.0,0.0
1999-07-16,0.0,0.0,0.0
1999-07-19,-0.006798881587613215,-0.007185384019468,-0.00784477131971495
1999-07-20,-0.031365478735027374,-0.024508323557412837,-0.02937738962367087
1999-07-21,-0.027320988769094834,-0.01794513962250699,-0.027833765220071194
1999-07-22,-0.0478615454584741,-0.031251442546969876,-0.04074631542593665
1999-07-23,-0.04744533342294899,-0.028607510667268632,-0.04358680458821529
1999-07-26,-0.0565816577108017,-0.04235542895050681,-0.05005710403637853
1999-07-27,-0.039922093135277725,-0.03130239214077335,-0.0394282850910197
1999-07-28,-0.028277901823398954,-0.027351748524153896,-0.0376238766972683
1999-07-29,-0.046755411081605636,-0.03841682955287784,-0.05480060220366345
1999-07-30,-0.039640239147611944,-0.03700853705591289,-0.06347711183838867
1999-08-02,-0.04641583042154396,-0.03960300353521007,-0.06394929347413669
1999-08-03,-0.054492405555903844,-0.04485206605494507,-0.06808664739509418
1999-08-04,-0.06982306782443426,-0.05291197216892363,-0.07996311683243229
1999-08-05,-0.07212523674645899,-0.0484521360816037,-0.07405663047812028
1999-08-06,-0.07178375119780667,-0.05161519394388192,-0.08351540604437235
1999-08-09,-0.055087967501202706,-0.05559451248699687,-0.08527042809356866
1999-08-10,-0.04112111576777833,-0.06034200284171065,-0.09680850642788252
1999-08-11,-0.016958099207422195,-0.04670278100196601,-0.08235947304942448
1999-08-12,-0.008647094671400901,-0.04679577661903567,-0.08501669929549616
1999-08-13,-0.012657664096149435,-0.03198003697067786,-0.0642100774642882
1999-08-16,-0.0044823288997442035,-0.03202112110406896,-0.06203217408497175
1999-08-17,-0.004088654860132213,-0.027063730259574315,-0.05259447805602957
1999-08-18,-0.01875253239686292,-0.027687685080356017,-0.060573211986323816
1999-08-19,-0.023098565046094977,-0.036821351620981546,-0.06709289777904259
1999-08-20,-0.017916612839620316,-0.032088772550470046,-0.05791598574025214
1999-08-23,-0.01169327377692364,-0.022419703519873657,-0.04127493859831899
1999-08-24,-0.009832573528993027,-0.01933640469591713,-0.03896307260842313
1999-08-25,0.0,-0.011003264777828536,-0.026071687978795666
1999-08-26,-0.0013248151575205869,-0.015813416498471455,-0.04001326376110881
1999-08-27,-0.00010059031048736955,-0.017760222818485882,-0.04969763339604394
1999-08-30,-0.004182925775242818,-0.02530558583430842,-0.066789782636415
1999-08-31,-0.0017143997608880523,-0.019894167785325156,-0.06933421184814514
1999-09-01,0.0,-0.018054744448204096,-0.061820776439375225
1999-09-02,-0.005279641733761942,-0.021239479675818296,-0.0702505264291795
1999-09-03,0.0,-0.0029693978510910712,-0.04337532090369067
1999-09-07,0.0,-0.0026436708657630037,-0.048161150223451465
1999-09-08,0.0,-0.0068079314829397886,-0.05260153324810868
1999-09-09,0.0,0.0,-0.050127569918243964
1999-09-10,0.0,0.0,-0.04730824633220343
1999-09-13,-0.018319056068544115,-0.006573794508407671,-0.05261564363226745
1999-09-14,-0.008391592356335353,-0.002236411967947771,-0.05814149377000721
1999-09-15,-0.021330032273360833,-0.010734582538952098,-0.07105404397587245
1999-09-16,-0.025772435564463847,-0.013113426613450052,-0.07069457333553808
1999-09-17,-0.013373752479999945,-0.0034775096012197304,-0.058754693208413866
1999-09-20,-0.021622814758879505,-0.0003645755877509371,-0.05867717213446921
1999-09-21,-0.02224105458595005,-0.007766694404787056,-0.07837724731528417
1999-09-22,-0.022077853964448613,0.0,-0.07631205493138127
1999-09-23,-0.03241261783445193,-0.01685933879702317,-0.09752744770855093
1999-09-24,-0.03048409632450333,-0.01301795601388267,-0.09967721635847804
1999-09-27,-0.010490126905108421,0.0,-0.09548342090088602
1999-09-28,0.0,0.0,-0.09626585891026873
1999-09-29,0.0,0.0,-0.10601363923498996
1999-09-30,-0.017966006351862407,-0.0048332647661391,-0.09590638826993425
1999-10-01,-0.005011955510674904,0.0,-0.09583583634914106
1999-10-04,0.0,0.0,-0.08047762962065608
1999-10-05,0.0,0.0,-0.08276833003431394
1999-10-06,0.0,0.0,-0.06581711255767386
1999-10-07,-0.003457717654718251,0.0,-0.07128660719770685
1999-10-08,-0.008819489245790346,0.0,-0.05833181187829328
1999-10-11,0.0,-0.00025974339848267025,-0.058902766203151824
1999-10-12,-0.0028927572538198776,-0.004727464672936832,-0.07452881211386786
1999-10-13,-0.012483431784720445,-0.014362520387250943,-0.09390460657581745
1999-10-14,-0.012662193070405614,-0.014134762005414525,-0.09540589982694125
1999-10-15,-0.02911456147069047,-0.030386068252785448,-0.12078686729338572
1999-10-18,-0.044965197138120194,-0.04044968804233218,-0.11605042431818002
1999-10-19,-0.046293971056519,-0.04257102942002877,-0.11098273147095761
1999-10-20,-0.03114965461273611,-0.02930377228862313,-0.09116985925580101
1999-10-21,-0.033977629005261245,-0.03083183462574146,-0.0952720232552896
1999-10-22,-0.027574292363023445,-0.028943124503141182,-0.08255684634978977
1999-10-25,-0.022751299501505673,-0.02928063362700606,-0.08820960390602961
1999-10-26,-0.021440960237441686,-0.034933843050777735,-0.0964702013637857
1999-10-27,-0.03467810932372506,-0.04145613334874498,-0.08603875571879227
1999-10-28,-0.01601326732433439,-0.02513344971068543,-0.053806852587611975
1999-10-29,0.0,-0.008445604176886001,-0.039364788362305725
1999-11-01,-0.010333744779981835,-0.015062071111683561,-0.045574389859245445
1999-11-02,0.0,-0.013398475877343441,-0.0500712144205373
1999-11-03,0.0,-0.005887219383650222,-0.04500343553438679
1999-11-04,0.0,-0.001963157026459772,-0.039569216854750455
1999-11-05,0.0,0.0,-0.03421957444113821
1999-11-08,0.0,0.0,-0.029440800313456972
1999-11-09,-0.0016095991065283588,-0.0006548282012812656,-0.037708452963292394
1999-11-10,0.0,0.0,-0.03194298441163923
1999-11-11,0.0,0.0,-0.026304337239558162
1999-11-12,-0.008198742705854412,-0.0004973942479694626,-0.016013737319367838
1999-11-15,-0.0069479327830116455,-0.0009364058377544504,-0.017190835890553702
1999-11-16,0.0,0.0,0.0
1999-11-17,-0.006448411386588804,-0.004370227614224453,-0.006591214310268323
1999-11-18,0.0,0.0,0.0
1999-11-19,-0.0013921342687954752,0.0,-0.0020632037328875974
1999-11-22,-0.0036460218011993284,0.0,-0.0028071358544784486
1999-11-23,-0.006251246066969363,-0.005265342591199151,-0.014246163061285788
1999-11-24,0.0,0.0,-0.005516011674011723
1999-11-26,0.0,0.0,-0.005838804883840698
1999-11-29,-0.0009073804208888925,-0.007587370761645951,-0.012007513337493392
1999-11-30,-0.005092708900828025,-0.02068180753736215,-0.02528521110230464
1999-12-01,0.0,-0.019940205602697048,-0.019102538929649415
1999-12-02,0.0,-0.008154432994667782,-0.01115829648796196
1999-12-03,0.0,-0.0009870366084061555,0.0
1999-12-06,-0.005229579159964248,-0.002765819943255976,-0.006956040210554071
1999-12-07,0.0,0.0,-0.01683527807212548
1999-12-08,-0.007574004984077898,0.0,-0.020526088706524948
1999-12-09,-0.011336733202064075,-0.0004204901062421218,-0.017574871009847892
1999-12-10,-0.021988499391997762,0.0,-0.011344456297841976
1999-12-13,-0.024969685747120107,0.0,-0.012614300920301025
1999-12-14,-0.03434302560794744,-0.012530121340347922,-0.021021421793327333
1999-12-15,-0.0390461921178602,-0.004650736442338821,-0.013932946412557046
1999-12-16,-0.02348020811749585,0.0,-0.010130481432078176
1999-12-17,-0.01323022370116389,0.0,-0.008560677536627592
1999-12-20,0.0,0.0,-0.010611932247018618
1999-12-21,0.0,0.0,0.0
1999-12-22,0.0,0.0,0.0
1999-12-23,0.0,0.0,0.0
1999-12-27,0.0,0.0,-0.0008502751508133732
1999-12-28,0.0,-0.0004097837507230917,-0.00046623671884526985
1999-12-29,0.0,0.0,0.0
1999-12-30,-0.0024698700330023637,-0.0010864890132916694,0.0
1999-12-31,0.0,0.0,0.0
2000-01-03,0.0,0.0,-0.009549109611621698
2000-01-04,-0.023224953628927292,-0.031218147023778675,-0.0475276202516165
2000-01-05,-0.029974008166856136,-0.03459841492884341,-0.04569679404351723
2000-01-06,-0.05060572116736439,-0.050203787598461336,-0.044784787359622324
2000-01-07,-0.03691126888978824,-0.03231451879800662,-0.018907625861408928
2000-01-10,-0.017958605450540177,-0.01652782592250257,-0.00792923220286712
2000-01-11,-0.028658277276807143,-0.028252989697373332,-0.020888168389484485
2000-01-12,-0.029173101590342032,-0.03510067214249024,-0.02518291645397308
2000-01-13,-0.016839614839764483,-0.024833469898595473,-0.013319684389356823
2000-01-14,0.0,-0.013183813552459123,-0.0027905227741619187
2000-01-18,0.0,-0.0039841318907141154,-0.00960352925068031
2000-01-19,0.0,-4.583679530323348e-05,-0.009086251887654884
2000-01-20,0.0,0.0,-0.016117103087246676
2000-01-21,0.0,0.0,-0.018982484021396795
2000-01-24,-0.004557729006718025,-0.013812376684829819,-0.04609152336438649
2000-01-25,0.0,-0.0060990249565363586,-0.04030625877360883
2000-01-26,-0.02099102005108333,-0.01757045524551848,-0.044349180996894555
2000-01-27,-0.035723661653260685,-0.02079947709146235,-0.04811294293432
2000-01-28,-0.05358760970193255,-0.0341685493594881,-0.07424874311404595
2000-01-31,-0.05663082000435682,-0.03245421477867694,-0.05090354879190029
2000-02-01,-0.03557563722642654,-0.021996762859547214,-0.040816723296324464
2000-02-02,-0.026629871007648687,-0.017175468703713115,-0.040925645657861054
2000-02-03,0.0,-0.00453640217307949,-0.03013784536115338
2000-02-04,0.0,0.0,-0.030546200362642217
2000-02-07,0.0,0.0,-0.030634684203249662
2000-02-08,-0.0074735556204210685,-0.0064417673627753524,-0.018737471020503382
2000-02-09,-0.0037332722206380176,-0.0001261480726254538,-0.039162864769439976
2000-02-10,0.0,0.0,-0.03567809695103752
2000-02-11,-0.011923069368964034,-0.00578204966852669,-0.05589927165752051
2000-02-14,0.0,-0.006618786790631326,-0.05397996160881369
2000-02-15,-0.009224715667553784,-0.01038760089502,-0.045737588001956486
2000-02-16,-0.005868710937440458,-0.011426575878118461,-0.0555248977741617
2000-02-17,0.0,0.0,-0.05512335561298232
2000-02-18,-0.0014901054901887978,-0.013690419955148636,-0.08382510408690624
2000-02-22,-0.01177073617253055,-0.0174987138956042,-0.07968688518270339
2000-02-23,-0.005549545720795468,-0.0022968969803083272,-0.07388807799472463
2000-02-24,-0.01026459518577505,0.0,-0.07882929813786754
2000-02-25,-0.023573669969835787,-0.007079646039753418,-0.09248937529245316
2000-02-28,-0.025481836751295672,-0.00957029285651545,-0.08249103363748456
2000-02-29,-0.009782013901853959,0.0,-0.0699880592511054
2000-03-01,0.0,0.0,-0.061296619767738036
2000-03-02,-0.01418067773975995,-0.005537865882482618,-0.05954738147651795
2000-03-03,0.0,0.0,-0.04089158145631189
2000-03-06,-0.013406042925608763,-0.0004758511012813438,-0.05306787184149997
2000-03-07,0.0,-0.004646886670079287,-0.07733878161157826
2000-03-08,0.0,0.0,-0.06979754897268942
2000-03-09,0.0,0.0,-0.04598268408626771
2000-03-10,0.0,-3.756594653747669e-05,-0.05048838095010122
2000-03-13,0.0,-0.012066062208372141,-0.05828143943019304
2000-03-14,-0.07701567114479946,-0.031610608582979594,-0.07493617531797614
2000-03-15,-0.0953781614007021,-0.042185300965580375,-0.05248254915879602
2000-03-16,-0.10534274051514247,-0.03189501516968707,-0.007337096679852606
2000-03-17,-0.0862729896038098,-0.027957749983856695,-0.0032533804981271786
2000-03-20,-0.10202249923851425,-0.04275869947237232,-0.008589413045557714
2000-03-21,-0.10616808505497821,-0.03426636792525195,0.0
2000-03-22,-0.09758855251461929,-0.01814052358863194,0.0
2000-03-23,-0.09126573153178108,-0.01425700649130579,0.0
2000-03-24,-0.10117973287219129,-0.01213061769946111,0.0
2000-03-27,-0.10326543416036393,-0.01305849764182243,-0.0023568379388013705
2000-03-28,-0.12088137607912264,-0.02738354319220937,-0.01291685607041404
2000-03-29,-0.15070016332326752,-0.04497127373332799,-0.012399631997309646
2000-03-30,-0.16508930992832094,-0.06527698278834382,-0.025886057902243964
2000-03-31,-0.14270166398886996,-0.054094415904468285,-0.018907209106212575
2000-04-03,-0.17162185456426204,-0.08421500999197706,-0.01406910215910695
2000-04-04,-0.1775768706781603,-0.09141902378572198,-0.02142771745628058
2000-04-05,-0.13463813235248645,-0.08536060154497194,-0.026246164773907954
2000-04-06,-0.11573185922017715,-0.07844258368076895,-0.01710028137245312
2000-04-07,-0.10315753496816427,-0.061778344444628375,-0.007273503486627364
2000-04-10,-0.12978758987846883,-0.08255998395460873,-0.015057677836532779
2000-04-11,-0.1452456707680988,-0.0940117319883439,-0.01759129260625303
2000-04-12,-0.18163551073261397,-0.12134168975141324,-0.03947070203737668
2000-04-13,-0.19222712078827608,-0.12858537693682615,-0.05692453707166745
2000-04-14,-0.22606147950511246,-0.15949781878099456,-0.11188502920813559
2000-04-17,-0.20344011277969665,-0.14028506636949856,-0.08250299369804959
2000-04-18,-0.16336397113227408,-0.11829701421158478,-0.056204403245532886
2000-04-19,-0.1771612825244393,-0.125746222511796,-0.06546161129683847
2000-04-20,-0.18041872812143744,-0.1326678693044273,-0.06083296731258925
2000-04-24,-0.2010178657958499,-0.14680799104260112,-0.06389691257506591
2000-04-25,-0.1670325001170233,-0.12681166233262597,-0.03274718867298432
2000-04-26,-0.17600806210876963,-0.1370875601007202,-0.043516669767453386
2000-04-27,-0.15627459801324095,-0.12447002549176966,-0.04094373573877663
2000-04-28,-0.1509539223799361,-0.11764448348693957,-0.04912070309228367
2000-05-01,-0.14626452905030374,-0.1088756147460227,-0.03876367463089414
2000-05-02,-0.15901674235126895,-0.12376176019781504,-0.053140457983056
2000-05-03,-0.16886946046239792,-0.13050489589308512,-0.07356002004962514
2000-05-04,-0.16534500042039924,-0.12514929811780573,-0.07718042872696995
2000-05-05,-0.14965432315588278,-0.11583107949956772,-0.062083431631480446
2000-05-08,-0.1695622057152112,-0.1314702618414305,-0.06762201277524249
2000-05-09,-0.17820412893937254,-0.1404214558776944,-0.07549785214552063
2000-05-10,-0.20496560437640288,-0.1569053043896631,-0.09454251882369547
2000-05-11,-0.195109074007911,-0.14747975113442346,-0.07833259489846989
2000-05-12,-0.19464640497845043,-0.14491454895865186,-0.06972359519959781
2000-05-15,-0.1778734515351491,-0.1393229521998125,-0.04916657556106663
2000-05-16,-0.14760895584705958,-0.1286307961278168,-0.04021049549298994
2000-05-17,-0.12923199684920583,-0.13776856777974544,-0.05215188230562995
2000-05-18,-0.14466651958548182,-0.14742928631008778,-0.05908501846726466
2000-05-19,-0.15570635091053664,-0.16020542240722335,-0.07889569144035702
2000-05-22,-0.1524036191136341,-0.16159166177441509,-0.08297434530237124
2000-05-23,-0.16158925970002802,-0.1792055719321044,-0.10055908469879815
2000-05-24,-0.1635446816918461,-0.1700869992132401,-0.08406761250262906
2000-05-25,-0.1680236434105431,-0.1761611402239528,-0.09554420092077387
2000-05-26,-0.16427121500292208,-0.17807929164152714,-0.097835586678507
2000-05-30,-0.14050117934230688,-0.15359766263527963,-0.06874812594182389
2000-05-31,-0.13960700390249647,-0.15960029277892263,-0.06995927100175858
2000-06-01,-0.11916386108559329,-0.1432187075486967,-0.05149064745073728
2000-06-02,-0.07588891735068637,-0.11408815767436564,-0.03286498661546833
2000-06-05,-0.07269604658166628,-0.11165150884170882,-0.03916957405414778
2000-06-06,-0.08595602974125816,-0.11253099738667638,-0.04557893293285209
2000-06-07,-0.09807182005517212,-0.1092062061039728,-0.036727624304800144
2000-06-08,-0.09093767037430667,-0.10881488736748923,-0.04307145108524324
2000-06-09,-0.07388406582221019,-0.10567861122441347,-0.04616160918702461
2000-06-12,-0.09031345532567003,-0.1148385488369078,-0.05333034123362723
2000-06-13,-0.07734536127796343,-0.10088967290606066,-0.037984641833517685
2000-06-14,-0.08376777333872354,-0.10972079534192392,-0.03726442809018993
2000-06-15,-0.08213514905953812,-0.10515475964252163,-0.03190262377734676
2000-06-16,-0.04619847721832526,-0.1012410095462618,-0.04124494363919862
2000-06-19,-0.02461092161766487,-0.09362253703654333,-0.027143075430961394
2000-06-20,-0.0229079156013392,-0.09120846751891132,-0.03372265793075846
2000-06-21,0.0,-0.08681554727699181,-0.031640735135881726
2000-06-22,-0.018547108599579087,-0.09653432655899674,-0.04928437350355053
2000-06-23,-0.04850430188318178,-0.10635564804581221,-0.05628951505607949
2000-06-26,-0.018829334915157814,-0.10195855521815389,-0.04723521675780418
2000-06-27,-0.0554967620029605,-0.10686552354700873,-0.050351507781696836
2000-06-28,-0.05750958606703127,-0.09562948444233532,-0.047556084287704414
2000-06-29,-0.09614235763695411,-0.09952563510447232,-0.055693732382254835
2000-06-30,-0.07342764286327175,-0.09311473013821991,-0.04770009506949269
2000-07-03,-0.08406565046386583,-0.09116598427384748,-0.037919109735256584
2000-07-05,-0.12108825129324996,-0.10325848870424781,-0.053179777242012616
2000-07-06,-0.1048213427275192,-0.09641606942674374,-0.046344859310576636
2000-07-07,-0.10152394911637574,-0.09275756639771793,-0.03179129912749601
2000-07-10,-0.0927864981448615,-0.09524315824019502,-0.03393867410344098
2000-07-11,-0.07526303738604401,-0.09849746690241434,-0.030495042257015048
2000-07-12,-0.06782152003258646,-0.08850093248723356,-0.02261264967691079
2000-07-13,-0.04606889048096752,-0.08097528781851038,-0.020701030420319788
2000-07-14,-0.041270307694080355,-0.07512504887973948,-0.01144382236901409
2000-07-17,-0.03876658508119779,-0.07037700320983398,-0.011109928336654806
2000-07-18,-0.05196375751997018,-0.07869264375928908,-0.02207584589152134
2000-07-19,-0.07523278287718427,-0.0927844807553947,-0.02978801485053273
2000-07-20,-0.0676409376839282,-0.0811629415561278,-0.020877807251238778
2000-07-21,-0.07113324073518767,-0.08915440884405623,-0.030946814149051538
2000-07-24,-0.10004395727570936,-0.09859981887904101,-0.04135618837185695
2000-07-25,-0.10297405119973013,-0.0943443080188281,-0.03469157397870637
2000-07-26,-0.12086036222972207,-0.09829271350260349,-0.049127256302110234
2000-07-27,-0.15002165438540127,-0.11072171979673695,-0.050960396875174174
2000-07-28,-0.15395565773723396,-0.12822487818462736,-0.07042406939625467
2000-07-31,-0.12293215028423199,-0.1201411783962637,-0.06326189055947828
2000-08-01,-0.13217558220896852,-0.12651421378855887,-0.058502342213092695
2000-08-02,-0.12965283568331143,-0.1288666752321389,-0.058109549209491296
2000-08-03,-0.12911885784856347,-0.12181385872477812,-0.049035591281737734
2000-08-04,-0.12450121956602855,-0.12079725861689128,-0.04224654581908427
2000-08-07,-0.10758428668345543,-0.11465961658055801,-0.03151638398357193
2000-08-08,-0.11437644932401336,-0.11598766207349798,-0.02923802472829784
2000-08-09,-0.1200107049636997,-0.11654272446059877,-0.03573904862737454
2000-08-10,-0.12039746543080065,-0.12459834216156773,-0.04400112779142773
2000-08-11,-0.11901733867108266,-0.12146366734146641,-0.036413389901919335
2000-08-14,-0.10978992617098327,-0.11337786650612958,-0.02350300712413833
2000-08-15,-0.08886186865060075,-0.114386379342588,-0.028170890450151087
2000-08-16,-0.07467532870681881,-0.11141041152780573,-0.031169383531559847
2000-08-17,-0.060975924008520366,-0.1034935424386575,-0.02055046642870506
2000-08-18,-0.04921945987682497,-0.10589446686163795,-0.02339831560130634
2000-08-21,-0.04779508631949403,-0.1046761169130832,-0.0183179796422136
2000-08-22,-0.07388131456812908,-0.10531589646153372,-0.01920178387961513
2000-08-23,-0.05750688664456416,-0.10082291037821789,-0.014069102159106395
2000-08-24,-0.04605377114246001,-0.09754758504675609,-0.012537089569271687
2000-08-25,-0.0584878801027755,-0.09744601637077388,-0.013754867756225364
2000-08-28,-0.046425181045900765,-0.09482769578743278,-0.008753090397853103
2000-08-29,-0.04841117424874397,-0.09342165124800728,-0.011535487389386367
2000-08-30,-0.052185714386023374,-0.09211749756341547,-0.016281929316119603
2000-08-31,-0.04239580901243434,-0.07947429808241635,-0.006402725751684879
2000-09-01,-0.040896435494119254,-0.07694531212784206,-0.004379781845242903
2000-09-05,-0.043141469368485175,-0.08673121624701086,-0.013342415123145601
2000-09-06,-0.07417533701140344,-0.09900217266828937,-0.02305131514929437
2000-09-07,-0.057519943615818914,-0.09278926768300555,-0.016334275077535265
2000-09-08,-0.08233972159348513,-0.10333076356602244,-0.02157828144789453
2000-09-11,-0.09512007534674527,-0.11065686177063305,-0.02500880687466822
2000-09-12,-0.09935599833624076,-0.11277608035720266,-0.0297683552210537
2000-09-13,-0.1003188490821032,-0.11082953047836941,-0.0278566560472695
2000-09-14,-0.10035449891533987,-0.10844437556628617,-0.030501595466840614
2000-09-15,-0.10291362664675108,-0.11584360946620154,-0.04036105948460389
2000-09-18,-0.12282119135931391,-0.12496482410895915,-0.05430581049140071
2000-09-19,-0.11050667615480159,-0.11367004342239628,-0.04423025038376194
2000-09-20,-0.11882545387248444,-0.11122920941546433,-0.04983436362578508
2000-09-21,-0.12190377394080176,-0.11906145338110452,-0.05133353024929632
2000-09-22,-0.11133092897338104,-0.11702891229975965,-0.05154962633917182
2000-09-25,-0.09761298219809444,-0.12347522711423065,-0.057893453119615135
2000-09-26,-0.09559852799223956,-0.12615688264094815,-0.06563183491793101
2000-09-27,-0.08082341471492682,-0.12778786367289197,-0.06605084076083689
2000-09-28,-0.06957640078513572,-0.11668373639685614,-0.045284278242256115
2000-09-29,-0.08790993903784805,-0.12859466929364471,-0.059543263651934075
2000-10-02,-0.10360932321766891,-0.13818823781399425,-0.059726593692678964
2000-10-03,-0.11790915244834455,-0.14911415780998505,-0.06612284615173114
2000-10-04,-0.11591191936667422,-0.14381130762211058,-0.06097705801157027
2000-10-05,-0.11952294564887211,-0.14918552416668152,-0.05969382764354847
2000-10-06,-0.1399671231961762,-0.1593675937802066,-0.07756011531091911
2000-10-09,-0.13834936523693253,-0.15970815401339966,-0.08211667398708122
2000-10-10,-0.16468701881270886,-0.16938681884808293,-0.09194345187290709
2000-10-11,-0.16601291532820583,-0.17359857788744526,-0.10662799633531717
2000-10-12,-0.17924359766304165,-0.1806865302422057,-0.12941742284314683
2000-10-13,-0.155842402924679,-0.15988159016153725,-0.10035609502857501
2000-10-16,-0.1690927234657572,-0.1636505633978027,-0.10006152025517234
2000-10-17,-0.19655541999274806,-0.17164861799435516,-0.1161994387895039
2000-10-18,-0.20060649548730192,-0.17370381428296933,-0.12133212051001241
2000-10-19,-0.16506367592025462,-0.15335830389140603,-0.09080431220386687
2000-10-20,-0.1395547407362142,-0.147444871285916,-0.08545553439348286
2000-10-23,-0.14387600923568533,-0.14763495579466857,-0.08620843426874814
2000-10-24,-0.15245905428499962,-0.15310599839520245,-0.08466994838628017
2000-10-25,-0.1853601429119982,-0.17314389975306643,-0.10642500666509402
2000-10-26,-0.16942285940243795,-0.16969525104308414,-0.10672621456551601
2000-10-27,-0.17914993852083194,-0.17155972733265046,-0.09681432486914365
2000-10-30,-0.1964140309261999,-0.1782259848640978,-0.08432294793426853
2000-10-31,-0.16951562477332816,-0.16260908468165824,-0.06419804055829514
2000-11-01,-0.17316383016116,-0.16482733756457701,-0.06955337157850539
2000-11-02,-0.15021802465217182,-0.15691379346091594,-0.06490514788197077
2000-11-03,-0.13246249297266,-0.1550537793787926,-0.06597228216011708
2000-11-06,-0.11233209947072353,-0.1570496839630544,-0.06237153311225052
2000-11-07,-0.13214248437953502,-0.1572270291679636,-0.06258099607510703
2000-11-08,-0.14806864889503124,-0.17482756765734864,-0.07737023206034854
2000-11-09,-0.17497908699293396,-0.17703785292679586,-0.08335403188632085
2000-11-10,-0.199696568724137,-0.19199511733811414,-0.1057179792586116
2000-11-13,-0.19801619635614975,-0.19737039904260645,-0.11535487389386645
2000-11-14,-0.1530678272579825,-0.18201442395812406,-0.0946080509219569
2000-11-15,-0.15625747087604225,-0.17988315470946514,-0.09011686450966994
2000-11-16,-0.1809494836833656,-0.18969444719808393,-0.10156732000570312
2000-11-17,-0.18693991311648028,-0.19143415707792022,-0.10457883958957115
2000-11-20,-0.21260964931194137,-0.2038748173034297,-0.12101133289730526
2000-11-21,-0.21530318617577182,-0.20419750404948667,-0.11791470150289107
2000-11-22,-0.2302226430911829,-0.21444483307513273,-0.13427518941973104
2000-11-24,-0.20948917696831248,-0.20169872403846179,-0.12156779631217352
2000-11-27,-0.21536674427433145,-0.20120931532972375,-0.11685412043457077
2000-11-28,-0.23574729509192838,-0.21236011940249466,-0.12528642321971695
2000-11-29,-0.24521077102986077,-0.2156038040079059,-0.12146302487214877
2000-11-30,-0.27810932308692027,-0.2252215268037029,-0.13912640278648902
2000-12-01,-0.26084388630393573,-0.22087937146297398,-0.1389430727457439
2000-12-04,-0.2597102183234624,-0.22193513380915564,-0.13256647991617043
2000-12-05,-0.23474569383350397,-0.19749114395332024,-0.09880450272645525
2000-12-06,-0.2599816677557065,-0.20496049492018464,-0.11522396953173031
2000-12-07,-0.2622988838368109,-0.20662392683767994,-0.12040244380382858
2000-12-08,-0.22137771746977453,-0.1928648704452378,-0.10315815164958708
2000-12-11,-0.21694471198277765,-0.18619274234441874,-0.09640842544589034
2000-12-12,-0.2272066810587483,-0.19348789923348553,-0.10231358675394941
2000-12-13,-0.24792110775397735,-0.20419544360428377,-0.10963951591918553
2000-12-14,-0.2623309882510023,-0.21279127942171594,-0.12211770651721554
2000-12-15,-0.27794364072647293,-0.21842256786244973,-0.14095946344236
2000-12-18,-0.278103901329404,-0.22097453898450314,-0.13402640719791836
2000-12-19,-0.28976025743593714,-0.23154746116188873,-0.1452476601844236
2000-12-20,-0.3076036978426532,-0.2446233619678504,-0.1719979426117838
2000-12-21,-0.31848691327072265,-0.243312150482346,-0.16537256756039698
2000-12-22,-0.2875653447386397,-0.22758357752672442,-0.14501853759208894
2000-12-26,-0.29253706361455745,-0.22950393613060405,-0.1389692855850484
2000-12-27,-0.2823206870547331,-0.22354934291893513,-0.12998043946784132
2000-12-28,-0.2817839396240006,-0.22244025762915276,-0.126510674699304
2000-12-29,-0.29559759431574395,-0.23013090904938172,-0.13563689847128046
2001-01-02,-0.3137783374908809,-0.24901093783954809,-0.15986667254857234
2001-01-03,-0.26740224613533203,-0.2096828199229629,-0.11777716401373584
2001-01-04,-0.2594138659118753,-0.21622541599130807,-0.12708679774365028
2001-01-05,-0.27407670352337754,-0.23680765455644714,-0.14999410211115682
2001-01-08,-0.26881244529227866,-0.2375046398663455,-0.15162425301399718
2001-01-09,-0.25824276669695423,-0.23260571804529506,-0.14839008413042754
2001-01-10,-0.245780662632745,-0.22229280182005917,-0.14022622319657274
2001-01-11,-0.22717894523188042,-0.20879238216757323,-0.13135533485623552
2001-01-12,-0.22936509521500204,-0.21097856241248214,-0.13676948493049457
2001-01-16,-0.2451391507040277,-0.21126889329995524,-0.13146657958889352
2001-01-17,-0.22565874051171741,-0.203607429289288,-0.1296204125133703
2001-01-18,-0.19094116097290836,-0.1911776059846244,-0.11750880207963743
2001-01-19,-0.1973252701688354,-0.19089808410384368,-0.12106367865872125
2001-01-22,-0.20780108956969734,-0.19139899302001284,-0.12082800285656037
2001-01-23,-0.1888180537448484,-0.18059819284070977,-0.10937107406789415
2001-01-24,-0.1908998600207994,-0.17964515202605413,-0.10681779966869553
2001-01-25,-0.2087642994656287,-0.19281849646653693,-0.11126311361219987
2001-01-26,-0.21449333976659357,-0.19036703378825937,-0.11293913698382307
2001-01-29,-0.21493875207089708,-0.18337876955586907,-0.10690291147924202
2001-01-30,-0.20406040554038596,-0.181601317114931,-0.10064419650934509
2001-01-31,-0.20284258426489576,-0.19054582627075256,-0.10569831962913334
2001-02-01,-0.2020887234497193,-0.18657929687892705,-0.10081442013043784
2001-02-02,-0.22508439067405384,-0.20336720809335274,-0.11652677961203739
2001-02-05,-0.2345633330292357,-0.20658044617978932,-0.11335806290953576
2001-02-06,-0.2431765011040723,-0.20604584868710174,-0.11470019224879957
2001-02-07,-0.2544751222732854,-0.21306897255781887,-0.12214391935651958
2001-02-08,-0.25133033826801887,-0.21920230311028133,-0.12761704831921372
2001-02-09,-0.2628854797408766,-0.23364549422063474,-0.13925075393879882
2001-02-12,-0.2584839180864845,-0.23010666128474,-0.1290704223911352
2001-02-13,-0.25797301880789947,-0.2384854038237525,-0.1366058145192277
2001-02-14,-0.24244457206989933,-0.2305237805035374,-0.13849130085370742
2001-02-15,-0.2172477820988179,-0.22384369918800817,-0.13149279242819767
2001-02-16,-0.21994804146426594,-0.2414425277118344,-0.14791217931627965
2001-02-20,-0.2456318982018607,-0.25634660880015403,-0.16270149521871402
2001-02-21,-0.24517798451924655,-0.26175341804501495,-0.17819775861043818
2001-02-22,-0.24131307228284316,-0.263744152927465,-0.17980177659116736
2001-02-23,-0.24639143652414042,-0.26008381509111467,-0.18435833526732937
2001-02-26,-0.24628236994916597,-0.2516814043315323,-0.17009279664782517
2001-02-27,-0.26026355298098725,-0.26060991593725946,-0.1764498097651137
2001-02-28,-0.27974491402273094,-0.2692489569249975,-0.1882340793763133
2001-03-01,-0.2738684856830229,-0.2653763821710371,-0.18738951448067553
2001-03-02,-0.28502678593862396,-0.2766644901538823,-0.19200497212807954
2001-03-05,-0.2793557371929051,-0.27376008474426294,-0.18727163662099866
2001-03-06,-0.24985087872442147,-0.2662088058062192,-0.17916012144855975
2001-03-07,-0.24285684534213947,-0.26462237546862455,-0.1738637693167847
2001-03-08,-0.24411568660106642,-0.2693345108296521,-0.17199794261178325
2001-03-09,-0.26161315727530166,-0.27939276248478884,-0.1925025365717058
2001-03-12,-0.2725091293899843,-0.2940231894271167,-0.2273708873813307
2001-03-13,-0.24578778411201474,-0.2846743365222758,-0.21591395859266427
2001-03-14,-0.2470705687168443,-0.2947706115993396,-0.236176403457793
2001-03-15,-0.24372301931980067,-0.3003518258108895,-0.23169177025533194
2001-03-16,-0.2568156900802825,-0.307973500681346,-0.2467691077213433
2001-03-19,-0.24413866325490596,-0.30011549307653695,-0.23349214477926528
2001-03-20,-0.2650905820029408,-0.311543402620753,-0.25194766191063445
2001-03-21,-0.2572072252009695,-0.31470848068353263,-0.2653555292148484
2001-03-22,-0.22846730392219283,-0.30654520640237437,-0.2683409158766049
2001-03-23,-0.22232914325569297,-0.3010458211940277,-0.25377424927387204
2001-03-26,-0.2169272651696159,-0.30284297406286076,-0.2453550529083781
2001-03-27,-0.21769210208893885,-0.29593922590612753,-0.22605497088137128
2001-03-28,-0.23407580566987585,-0.31292957014960265,-0.24496217998758374
2001-03-29,-0.23241682361361948,-0.31730183412645274,-0.24845823751261864
2001-03-30,-0.2445020459364845,-0.31673069218943717,-0.24035327555000585
2001-04-02,-0.26670795283706783,-0.32561517170737675,-0.24981994656416784
2001-04-03,-0.2699058993701773,-0.33904749669351586,-0.2756209725730584
2001-04-04,-0.2844280553946239,-0.3415517703916735,-0.27772247508022063
2001-04-05,-0.25123520439887936,-0.3234860888766924,-0.24617340496471152
2001-04-06,-0.26231303873063516,-0.3313516313234801,-0.26123755609387755
2001-04-09,-0.26932032510052206,-0.3277903449004286,-0.2552407297654461
2001-04-10,-0.24614437521223032,-0.31578377308316063,-0.2350830563403422
2001-04-11,-0.22477823837245614,-0.30873719492583074,-0.2367132072431828
2001-04-12,-0.21306828074111384,-0.2992347999725815,-0.2251842730636222
2001-04-16,-0.22584599473328204,-0.3059337457467579,-0.22768512178421185
2001-04-17,-0.22112243659191422,-0.30303885469764735,-0.2197438302328656
2001-04-18,-0.1827618649038163,-0.2839505494279049,-0.18939935196746505
2001-04-19,-0.15903457988035619,-0.26693366251998674,-0.17923220675664675
2001-04-20,-0.1562762565055863,-0.26874158660495717,-0.18624382160180875
2001-04-23,-0.1779198624094136,-0.2833541468684039,-0.198433990636262
2001-04-24,-0.192730517046092,-0.288264344176693,-0.2081822099213675
2001-04-25,-0.17919216869195187,-0.2824969711087374,-0.19555992862435634
2001-04-26,-0.19468139929229844,-0.28573968815319983,-0.1917824027455708
2001-04-27,-0.1747448613266458,-0.2794543536876589,-0.17965113268235933
2001-04-30,-0.15302793915726542,-0.2752722196783387,-0.18200149732852755
2001-05-01,-0.1288443938344086,-0.267725888577108,-0.17088501578204662
2001-05-02,-0.1322840780337733,-0.26088048413481324,-0.17023680742961322
2001-05-03,-0.14271036692998584,-0.26857219828066836,-0.18257762037287384
2001-05-04,-0.13874270816656864,-0.26244095628716846,-0.17077369113219576
2001-05-07,-0.13320201317791758,-0.2647260687655385,-0.17280318824846386
2001-05-08,-0.14920146666485057,-0.26256358449181216,-0.17431554120882042
2001-05-09,-0.1634465787721876,-0.26586185658215733,-0.17802098177951886
2001-05-10,-0.16718720973593382,-0.26898011422368495,-0.17825665758167952
2001-05-11,-0.17557045210161626,-0.2712673092379483,-0.18448268641963872
2001-05-14,-0.18285019040094141,-0.27512294682867344,-0.18235497107317222
2001-05-15,-0.17964393217143115,-0.2760746727108093,-0.18201460374817968
2001-05-16,-0.16100334982591702,-0.2618804475043639,-0.15874063929918325
2001-05-17,-0.1495582378338196,-0.2557118431815708,-0.15644925354145
2001-05-18,-0.1509931601590624,-0.2558393301281042,-0.15417752741319513
2001-05-21,-0.12182362161051219,-0.22661939487656646,-0.14051432467734193
2001-05-22,-0.11985487484885016,-0.2314146732653295,-0.14277294438594446
2001-05-23,-0.13027985001081765,-0.2414467309231516,-0.15608259345996
2001-05-24,-0.12376440581454151,-0.2339627784140057,-0.15338530827897312
2001-05-25,-0.13904692268941,-0.2461460868701303,-0.16338886299571798
2001-05-29,-0.15474844280501054,-0.256365805869585,-0.16990946660707995
2001-05-30,-0.1716838624545256,-0.27222305521336165,-0.18290496119540722
2001-05-31,-0.17360801101722323,-0.27170247811156334,-0.17783773165596706
2001-06-01,-0.16157915176673143,-0.26832007569143046,-0.1746624617436393
2001-06-04,-0.16538760370329064,-0.2664873004617474,-0.1704463503096627
2001-06-05,-0.1436673891842778,-0.25694129163630597,-0.1596703160053674
2001-06-06,-0.14685170170785788,-0.25917303238206313,-0.16853465113587862
2001-06-07,-0.12220214206162139,-0.25258740743440744,-0.16399775208919476
2001-06-08,-0.12912361752216295,-0.25822638854111857,-0.17185393182999464
2001-06-11,-0.14031014714912649,-0.2627214195424833,-0.17877388165478425
2001-06-12,-0.13422903697354494,-0.2616445127473611,-0.1778180720264888
2001-06-13,-0.1422222805018145,-0.2662482827165079,-0.18714728546868853
2001-06-14,-0.15057106804625475,-0.27602214855793217,-0.20137350482923577
2001-06-15,-0.14826497371987168,-0.27821629268718173,-0.20498080708692834
2001-06-18,-0.16270701659401876,-0.2835338716516771,-0.20886302448854555
2001-06-19,-0.1748738352502559,-0.2818204340379383,-0.20614615959527338
2001-06-20,-0.17373236844655338,-0.27832102885640597,-0.19923268306311703
2001-06-21,-0.17226516477569198,-0.27452618254456385,-0.19013259221325218
2001-06-22,-0.1657750329780764,-0.27631002683448447,-0.19778586220102168
2001-06-25,-0.16340554750889813,-0.2744773883379191,-0.2022049633052213
2001-06-26,-0.1576446432792057,-0.2717396239452211,-0.20340955515532988
2001-06-27,-0.1605573416689572,-0.2697269746743417,-0.20713473527269965
2001-06-28,-0.15824098374113282,-0.2674618490045131,-0.19722939878615342
2001-06-29,-0.1506713499435538,-0.2619272015259656,-0.19842088421660986
2001-07-02,-0.16151714571808196,-0.2652785374931579,-0.19034213509330145
2001-07-03,-0.15954046854920045,-0.2661692256738354,-0.19182827521435364
2001-07-05,-0.18620247204275253,-0.27590686923749186,-0.20178595746231565
2001-07-06,-0.2000521587734796,-0.2868363461389879,-0.2205426025769136
2001-07-09,-0.20112798840957935,-0.28298221281050395,-0.21518071834687746
2001-07-10,-0.20131521676989372,-0.2902157122522725,-0.22648052993410317
2001-07-11,-0.20139832481925957,-0.2888977130520747,-0.22735778096167847
2001-07-12,-0.18151961578737452,-0.2763223208185459,-0.20905290773911656
2001-07-13,-0.1881494263057949,-0.2750722657789586,-0.2041165825618123
2001-07-16,-0.20896334307717712,-0.2807226765019941,-0.21277808785648633
2001-07-17,-0.19526706443873143,-0.27623338094748795,-0.20492846132551257
2001-07-18,-0.20828574150762025,-0.2821257738363415,-0.20933445601006018
2001-07-19,-0.20009269517530226,-0.27666234042589755,-0.20454869482437033
2001-07-20,-0.21173755593911303,-0.27939599375206514,-0.20727874605448782
2001-07-23,-0.23407029021058046,-0.2855103678129627,-0.22025450109614364
2001-07-24,-0.22653695232403315,-0.28928973743429887,-0.23294223457422314
2001-07-25,-0.2257904073361089,-0.2862712762667995,-0.2206080547579814
2001-07-26,-0.20299925753943837,-0.2819325627084085,-0.212463773536412
2001-07-27,-0.1933220804829615,-0.2822315505036077,-0.21057181390929902
2001-07-30,-0.19522501101592404,-0.28351273502352203,-0.21142285209756995
2001-07-31,-0.18458103033361828,-0.28260534546160276,-0.20702996383267436
2001-08-01,-0.16363815452426378,-0.27597170923957437,-0.20395291215054534
2001-08-02,-0.15989205665445805,-0.2737503239373028,-0.20079738178488893
2001-08-03,-0.16629988745936763,-0.2757810351717702,-0.20498736029675413
2001-08-06,-0.1654244348122661,-0.28045910385768336,-0.21406779151714073
2001-08-07,-0.17221925673594518,-0.2819085557465483,-0.2115014106982902
2001-08-08,-0.182693623728565,-0.28997992752815493,-0.2251646134341433
2001-08-09,-0.18145735981137334,-0.2873649484388412,-0.22523006561521142
2001-08-10,-0.17507875064779554,-0.2834212249191157,-0.2208240709306637
2001-08-13,-0.16514071193032365,-0.2801443418440249,-0.22008427747505077
2001-08-14,-0.17120205489639007,-0.28335963206474746,-0.22306966413680718
2001-08-15,-0.17504335819467876,-0.28861400436129026,-0.22877191569183597
2001-08-16,-0.16361349432363592,-0.28663749293250596,-0.22638886491373023
2001-08-17,-0.18686715187290048,-0.29362632637539177,-0.23927958806203287
2001-08-20,-0.18806092778920314,-0.29234881187156037,-0.23309935177566343
2001-08-21,-0.20029519507351745,-0.29917850157184145,-0.24236311303679503
2001-08-22,-0.19747729434715622,-0.29576837260732625,-0.2370928938271314
2001-08-23,-0.20313900248592465,-0.2988118001772804,-0.2392010294613126
2001-08-24,-0.19398586313198274,-0.2908172918785019,-0.2242480431476115
2001-08-27,-0.18543800963303536,-0.2913287142828339,-0.2279928828944594
2001-08-28,-0.1918341765252911,-0.2989782775424641,-0.23958071604526188
2001-08-29,-0.20169857340215114,-0.30031983044018096,-0.2480588113819978
2001-08-30,-0.2060082694871943,-0.30750446194227987,-0.2608447630902758
2001-08-31,-0.20215796850695844,-0.3050995503940752,-0.2578660095555383
2001-09-04,-0.22270363770152124,-0.3101387834770182,-0.25828501539844406
2001-09-05,-0.22213628594670365,-0.3124911250029597,-0.25907060140564697
2001-09-06,-0.23448936595760816,-0.31884185910534213,-0.2756602119148218
2001-09-07,-0.23056646165960848,-0.31988430871971074,-0.28915974423940827
2001-09-10,-0.2395851711649084,-0.3205616611540236,-0.2847340899253823
2001-09-17,-0.26181472238742454,-0.31752585185211457,-0.3199363347673668
2001-09-18,-0.2815136075177893,-0.32391645655435386,-0.3238840842672449
2001-09-19,-0.2881272332584134,-0.32855687462391603,-0.334777996431217
2001-09-20,-0.30857821012348685,-0.3356646859501514,-0.3554397475511766
2001-09-21,-0.3149455686970555,-0.33858387814880486,-0.3677084751863502
2001-09-24,-0.29362762499002926,-0.3321260448223716,-0.3430596952661522
2001-09-25,-0.301449390329951,-0.33198374937517294,-0.33728539836163274
2001-09-26,-0.30756893669386687,-0.33402985660096884,-0.34070941053717696
2001-09-27,-0.31902564875905814,-0.33582264927561944,-0.33313473910872426
2001-09-28,-0.30591835128555744,-0.32807279194756556,-0.3185157267445753
2001-10-01,-0.32170968742047257,-0.33250913633778534,-0.32008034554915477
2001-10-02,-0.3264434808395644,-0.330065878477818,-0.3117135748622697
2001-10-03,-0.29720698459998085,-0.31974263972429595,-0.29799794644780764
2001-10-04,-0.27960324130970793,-0.31735818717968034,-0.29973286879067285
2001-10-05,-0.27475338448080433,-0.31559064588660735,-0.29858717591180617
2001-10-08,-0.2666870076995339,-0.314923964590038,-0.30444007137564244
2001-10-09,-0.2780082685403643,-0.3211347146341741,-0.3081651715758189
2001-10-10,-0.2616225101876283,-0.3161400899677961,-0.29229569489277885
2001-10-11,-0.23745285578712083,-0.3106728500798164,-0.2815326870909428
2001-10-12,-0.22978195293526804,-0.31044714244708516,-0.28531676617955437
2001-10-15,-0.2346346549511409,-0.31129239410605736,-0.28641011329700505
2001-10-16,-0.20805818876404203,-0.30852515087062227,-0.28146068170004857
2001-10-17,-0.22604217927765835,-0.31802163417013285,-0.29484896929197724
2001-10-18,-0.22120369037709153,-0.3176700575717556,-0.3004006568553915
2001-10-19,-0.21703405267141795,-0.31675709591108403,-0.29721236044060473
2001-10-22,-0.20743626001645699,-0.3145971895694093,-0.2864624590584208
2001-10-23,-0.2087258341240099,-0.31493565451013306,-0.28981442588447437
2001-10-24,-0.1931521425489542,-0.31182685182971015,-0.28953951074054984
2001-10-25,-0.17559702164623903,-0.3050580107252713,-0.27979129145544435
2001-10-26,-0.18792316575391899,-0.3054407370616292,-0.2768321176329922
2001-10-29,-0.2114587834162015,-0.31337995064199475,-0.29405675015775545
2001-10-30,-0.21905491479582329,-0.3160795905989795,-0.30617491380131445
2001-10-31,-0.2109852984678372,-0.31445082915595457,-0.3061814670111406
2001-11-01,-0.18527862468592904,-0.3055474166055012,-0.2902596445666845
2001-11-02,-0.181590204227987,-0.3061909044320753,-0.28823014745041664
2001-11-05,-0.17298271030369272,-0.30124328108415743,-0.277990916931511
2001-11-06,-0.15509441584644346,-0.2952186524326903,-0.2675029041907926
2001-11-07,-0.15322441976602297,-0.29376391744171826,-0.2695061884677562
2001-11-08,-0.15567527906425815,-0.29532266441316124,-0.267712367153649
2001-11-09,-0.1433127348461336,-0.29754491304812114,-0.2665535678551302
2001-11-12,-0.13307444733533313,-0.2936147624173351,-0.2678499046428042
2001-11-13,-0.12916120146211774,-0.28969880980266627,-0.25425870729784517
2001-11-14,-0.13491067105323906,-0.2867805916175744,-0.2528707854069916
2001-11-15,-0.13189966352450821,-0.2894391044422786,-0.2521964441324466
2001-11-16,-0.1284786518368185,-0.29047734958497573,-0.25454672886142193
2001-11-19,-0.1366078372614653,-0.2864908927948835,-0.2464221072693309
2001-11-20,-0.15643692184435265,-0.29408488812728806,-0.2519214490713292
2001-11-21,-0.15544225343773077,-0.2949129123449069,-0.25560730992974223
2001-11-23,-0.14955614798875616,-0.2909492952087611,-0.2468935387908454
2001-11-26,-0.12520983107199424,-0.2863433691169297,-0.24225834159676995
2001-11-27,-0.12504075004492055,-0.28643860023537193,-0.24744344899588744
2001-11-28,-0.14642826930161845,-0.29180375481136644,-0.26117865712263477
2001-11-29,-0.12860383000485143,-0.28552331001472797,-0.25353202026188437
2001-11-30,-0.1254384096538056,-0.28528147066304343,-0.2540230314956845
2001-12-03,-0.12850944887649318,-0.2879071981211666,-0.2602751932557552
2001-12-04,-0.09736645157915524,-0.28005987296310764,-0.25052042076082337
2001-12-05,-0.058607816475913066,-0.2704026897335692,-0.23379335267968637
2001-12-06,-0.0664815638397177,-0.26979160428102433,-0.23592106802615298
2001-12-07,-0.07921518638851244,-0.2744811523669274,-0.24167566534259755
2001-12-10,-0.08294841454264068,-0.27947352105793033,-0.2537087171756104
2001-12-11,-0.07106959998923668,-0.27855086866196355,-0.255784086760661
2001-12-12,-0.05433543194361545,-0.276221404335217,-0.2555811770076307
2001-12-13,-0.07718146660661573,-0.28400701103979753,-0.2671624569486071
2001-12-14,-0.05818803206759782,-0.28087956453928165,-0.2647336136189117
2001-12-17,-0.043057337021915165,-0.2757719123477762,-0.25735533869225957
2001-12-18,-0.05029312648236983,-0.27257791200867576,-0.2517512254502364
2001-12-19,-0.06681385853568589,-0.2755998196232784,-0.2474041297369307
2001-12-20,-0.09024077609618553,-0.28614269358458855,-0.2537087171756103
2001-12-21,-0.07852835375783385,-0.2813916316776194,-0.25046152178958137
2001-12-24,-0.07310864570812747,-0.28153611848675597,-0.250618638991022
2001-12-26,-0.061537389646669216,-0.27938838846131064,-0.2475285608064337
2001-12-27,-0.05012783918636077,-0.2771506591566867,-0.24244822484734108
2001-12-28,-0.0572587447424433,-0.2767161000978431,-0.23990150365796858
2001-12-31,-0.062004028457271376,-0.2815147043683057,-0.24837312570207148
2002-01-02,-0.053851983582344554,-0.2761889057881569,-0.24405871612070307
2002-01-03,-0.030405945871923024,-0.2663164734474004,-0.23711910666643532
2002-01-04,-0.02958145787287847,-0.2649151151185295,-0.2323792179495282
2002-01-07,-0.03527115999108754,-0.2674806893744772,-0.23736788888824845
2002-01-08,-0.029459156162236044,-0.26474406378252957,-0.24010449332819195
2002-01-09,-0.027246819271425693,-0.26437101714813693,-0.24375103492764816
2002-01-10,-0.024790471539148484,-0.2595317287759419,-0.24282791143129023
2002-01-11,-0.02933326073903153,-0.2640047599650286,-0.24999672339508594
2002-01-14,-0.03940638558223175,-0.26814875535278826,-0.25470384606286245
2002-01-15,-0.034751517246267016,-0.26832900524480197,-0.24961048360131066
2002-01-16,-0.05340034142363681,-0.2762679679152533,-0.2618006526357639
2002-01-17,-0.04113899427983625,-0.2698933705242802,-0.25439616486980754
2002-01-18,-0.05313112470446957,-0.279403499221764,-0.2617940994259379
2002-01-22,-0.060483207323266286,-0.2872560428259079,-0.26720824950019684
2002-01-23,-0.05108056977857789,-0.28243096190028416,-0.2614012265051435
2002-01-24,-0.046188030692217,-0.2806751911602636,-0.25880215955435526
2002-01-25,-0.04658422336566648,-0.28153490580413143,-0.2580623660987422
2002-01-28,-0.04275761997102223,-0.2805180209924616,-0.2582063768805305
2002-01-29,-0.05730112434117218,-0.28889251390335624,-0.2794311845837808
2002-01-30,-0.050703921855164924,-0.2830825493922887,-0.270966195666697
2002-01-31,-0.050396109526816724,-0.27943621078471104,-0.26007883671255105
2002-02-01,-0.05156707744846545,-0.28151136412320954,-0.2653162898730842
2002-02-04,-0.0545118140110753,-0.28689903675817374,-0.28349025873350975
2002-02-05,-0.05076376635563917,-0.28582730488960595,-0.2863839004577008
2002-02-06,-0.041224035836155526,-0.2837025755156345,-0.2906458843604601
2002-02-07,-0.05268721477383653,-0.2881684564309862,-0.29283249867816863
2002-02-08,-0.05211173537118008,-0.2790349994313025,-0.2823249062251648
2002-02-11,-0.04660785031362724,-0.280050390370687,-0.2720333299448434
2002-02-12,-0.04430219506357791,-0.2809642380403504,-0.2749400780886866
2002-02-13,-0.039545870293330565,-0.27847436555490046,-0.26773202678312724
2002-02-14,-0.030022148445254082,-0.2795255533702924,-0.2690610497027388
2002-02-15,-0.04188709121392642,-0.28443562654459953,-0.27711358598674274
2002-02-19,-0.06287165384558879,-0.29499326594332176,-0.29075720901031066
2002-02-20,-0.05951264363845743,-0.2953884066896306,-0.2811726601364716
2002-02-21,-0.0746615520274001,-0.30339368627929675,-0.292321907732083
2002-02-22,-0.07666537363541759,-0.30170108411794805,-0.28650177831737733
2002-02-25,-0.06175504960788858,-0.2956616237704248,-0.2736765073501427
2002-02-26,-0.058196926522607995,-0.29433767809008593,-0.2737092733992732
2002-02-27,-0.05682396978133797,-0.29402212995815913,-0.2733753793669138
2002-02-28,-0.06202196984166153,-0.29742336902276867,-0.2754441957421384
2002-03-01,-0.03463844689768447,-0.2881214961656712,-0.2590443885663417
2002-03-04,-0.011319219327459273,-0.27825335612728774,-0.24460215303311184
2002-03-05,-0.010951127300713126,-0.2769111362908213,-0.24964316973324796
2002-03-06,-0.014809271577329475,-0.2773522339832769,-0.2387558107791018
2002-03-07,-0.011634506313432214,-0.27995076347075354,-0.24217978299604948
2002-03-08,-0.00746387822602379,-0.2743561406634569,-0.2377475754721975
2002-03-11,-0.010105697713152173,-0.2727512920985323,-0.23516161494106136
2002-03-12,-0.019079087744677037,-0.2756032740452493,-0.23691619691340482
2002-03-13,-0.026707562361405923,-0.2810763830206776,-0.2444384826218453
2002-03-14,-0.032775666770680556,-0.2837409693627544,-0.2451258503988495
2002-03-15,-0.024852231592197294,-0.28236078263207187,-0.2365364304122628
2002-03-18,-0.019295313795574365,-0.27968130514602585,-0.23693577662569032
2002-03-19,-0.015221609132752612,-0.278293854769624,-0.2338325920214498
2002-03-20,-0.03329380537695137,-0.28627946529119064,-0.24590496311341914
2002-03-21,-0.02380686664823073,-0.28030624857014197,-0.24476582344437847
2002-03-22,-0.026435450492117596,-0.28167635679234726,-0.2479672262788175
2002-03-25,-0.03066969296448918,-0.2846427460239801,-0.2589854895950998
2002-03-26,-0.025376784891837922,-0.2841715806535101,-0.25465150030144623
2002-03-27,-0.025234363326027243,-0.28152114554311825,-0.2506645114598045
2002-03-28,-0.009838707254591683,-0.27691735796908457,-0.24882481767691456
2002-04-01,-0.008934506134427478,-0.27434868032542636,-0.2493812810917826
2002-04-02,-0.016982827565309888,-0.280826260295004,-0.2557840867606608
2002-04-03,-0.02075463205527117,-0.28394353896859603,-0.26322126065855467
2002-04-04,-0.023765802173944417,-0.2847422397796133,-0.2626058982724446
2002-04-05,-0.031154081198861094,-0.28816240267720983,-0.264969289421072
2002-04-08,-0.033525368084188045,-0.28624310699002087,-0.2632932660494487
2002-04-09,-0.046643482256740754,-0.2939318531782221,-0.26819682517762256
2002-04-10,-0.04756634570067109,-0.2908838220472124,-0.2599020598816316
2002-04-11,-0.056096585984702574,-0.2944182122171525,-0.27743445351664275
2002-04-12,-0.05076555963653917,-0.29062176938182294,-0.2726421391211268
2002-04-15,-0.04585857009266392,-0.2911389212840121,-0.2781807202648888
2002-04-16,-0.02982466257307914,-0.28374494787217175,-0.26127687535283284
2002-04-17,-0.02294655182204619,-0.2822115282844274,-0.2627826751033632
2002-04-18,-0.02638482773999884,-0.28075424820056794,-0.26383014975203123
2002-04-19,-0.03541955912718442,-0.2834745019541217,-0.26337182465016884
2002-04-22,-0.04089006606793333,-0.2875420904081001,-0.2747240619160034
2002-04-23,-0.04541269040176532,-0.2924648904124256,-0.2792217216209235
2002-04-24,-0.05052773148512102,-0.2937639242936976,-0.2843412969217798
2002-04-25,-0.05162886630664698,-0.2913217357305464,-0.28542809082940446
2002-04-26,-0.06609701587572092,-0.29910467943504504,-0.29535308694542894
2002-04-29,-0.05741225150163154,-0.29767330581856033,-0.3024694732306157
2002-04-30,-0.05607167887651021,-0.2942544194432749,-0.2949602140246347
2002-05-01,-0.05112253785212517,-0.2956920895728804,-0.2887146054743901
2002-05-02,-0.06909728664644887,-0.30105149653816343,-0.2899584366662623
2002-05-03,-0.08390543331455513,-0.3034679089846972,-0.2972450465725418
2002-05-06,-0.08911005426651775,-0.30849055691812777,-0.31083624391750087
2002-05-07,-0.0808873276512112,-0.30795261330649115,-0.3129181667123777
2002-05-08,-0.049264434017447845,-0.29119742275111105,-0.28714990675261765
2002-05-09,-0.06540840556366845,-0.2991737829022858,-0.2975200416336592
2002-05-10,-0.074025178188447,-0.30463036176649305,-0.30931741766451115
2002-05-13,-0.06398234038751327,-0.2973496697761664,-0.2965052531169289
2002-05-14,-0.0494467230607305,-0.2894433425063552,-0.2816309053211409
2002-05-15,-0.04973380540390615,-0.2885585018001212,-0.28569653268069606
2002-05-16,-0.04643593884671504,-0.28643002859233835,-0.28100898972520494
2002-05-17,-0.039400136988276935,-0.28442780998733874,-0.2755358607625109
2002-05-20,-0.04577236118402528,-0.2895163081599309,-0.28516620218793953
2002-05-21,-0.055139515807008155,-0.29209183139962813,-0.2930223819287394
2002-05-22,-0.052322819899450645,-0.2892432336752936,-0.2890026270379671
2002-05-23,-0.056983254827832064,-0.2856568414327557,-0.2817618896004703
2002-05-24,-0.06038687912761387,-0.28796865202203026,-0.2904429746074295
2002-05-28,-0.06249728563746071,-0.2898757209768873,-0.2965118063267552
2002-05-29,-0.06263352169742598,-0.2885851788612409,-0.3010225724513277
2002-05-30,-0.06661471143546083,-0.2882924063158391,-0.30298661738652766
2002-05-31,-0.06846851662135123,-0.2901822256437684,-0.3013630196935133
2002-06-03,-0.08298861970571303,-0.2979289054897817,-0.3186858704484751
2002-06-04,-0.07953514649957338,-0.2956424022711974,-0.3186793971558419
2002-06-05,-0.08337257398215714,-0.2967132059408051,-0.3126497248610869
2002-06-06,-0.09125331299162787,-0.30097136041807815,-0.3262343689962198
2002-06-07,-0.09239059378149306,-0.3020046039442005,-0.32729495006454
2002-06-10,-0.09858430994610512,-0.3057166953382099,-0.3251934475573778
2002-06-11,-0.11494238171100946,-0.31505473735548484,-0.3364147005438832
2002-06-12,-0.11353028757125594,-0.3095336424654579,-0.3320544984109254
2002-06-13,-0.11667049409945873,-0.31355667245078733,-0.3390596000048578
2002-06-14,-0.1131104663472956,-0.3097833278465464,-0.3405588065869657
2002-06-17,-0.1103014241742909,-0.30600541343943266,-0.321638491061101
2002-06-18,-0.11379847370179708,-0.3070771519401705,-0.3210034690455126
2002-06-19,-0.12974245203671664,-0.31202050800474845,-0.33223127524184426
2002-06-20,-0.1328357390027164,-0.3153768101036941,-0.34120042177097665
2002-06-21,-0.13700819205902837,-0.3185734903218229,-0.3524281880087117
2002-06-24,-0.12811145648170574,-0.3128215038232789,-0.35008445648956266
2002-06-25,-0.1360655187000901,-0.32179499826438673,-0.3609390493945782
2002-06-26,-0.13680886861048003,-0.32112059715213326,-0.36264775889813916
2002-06-27,-0.13764226525678747,-0.3188864100927523,-0.35144616554111185
2002-06-28,-0.1370603838537633,-0.31852375098198205,-0.35198300928509807
2002-07-01,-0.15662035544356046,-0.3321765956367053,-0.3658426085227522
2002-07-02,-0.1676189683630247,-0.3370591328921688,-0.37930286154697856
2002-07-03,-0.1637637359523133,-0.33658792471213295,-0.3754402638162433
2002-07-05,-0.1369559223761161,-0.3262415963308153,-0.35250019339960614
2002-07-08,-0.1415151983509252,-0.3321523185915085,-0.3603891391895365
2002-07-09,-0.1502864552262283,-0.3340861882732068,-0.37619967694273815
2002-07-10,-0.1575729072297416,-0.3384317291581723,-0.39738520534562827
2002-07-11,-0.14535911725852402,-0.3347712847578681,-0.3928678860112296
2002-07-12,-0.142649604223003,-0.33290781975970485,-0.3967828694619773
2002-07-15,-0.13306288204962224,-0.32974896963725764,-0.3990480823390028
2002-07-16,-0.13870770683573153,-0.33140049219656287,-0.4101711170953096
2002-07-17,-0.13748230714031195,-0.32981179036375763,-0.40683225668890843
2002-07-18,-0.14383141754481765,-0.33452647477975594,-0.4228588505733891
2002-07-19,-0.15076364705930612,-0.3359500325898984,-0.44499363539474857
2002-07-22,-0.1545322505229192,-0.34125871018904497,-0.4632592692755467
2002-07-23,-0.17268073421700003,-0.3515854762534577,-0.47776044373861515
2002-07-24,-0.17021708706261507,-0.3492178840213327,-0.44782186489646814
2002-07-25,-0.20482782934077892,-0.3579479588884199,-0.4509316027105347
2002-07-26,-0.20840308037736044,-0.35822431384012654,-0.44166128823957695
2002-07-29,-0.19896242258309882,-0.3490178930492246,-0.4114673739657909
2002-07-30,-0.19280450104169766,-0.34582765422504824,-0.40896648528660484
2002-07-31,-0.20627836344004158,-0.34873271999670674,-0.40317912192102956
2002-08-01,-0.21831236867212833,-0.35765426514267495,-0.42082935345712114
2002-08-02,-0.2242925787673261,-0.3601526081698181,-0.4341979414609751
2002-08-05,-0.23271670841849956,-0.3627826096388591,-0.45360271501081373
2002-08-06,-0.22412096180737473,-0.35786642416802705,-0.43725529355502935
2002-08-07,-0.21659972124806093,-0.3497018248760845,-0.4259947612681637
2002-08-08,-0.2075688247953137,-0.344520879212767,-0.4072119432728577
2002-08-09,-0.20723706247118623,-0.3454084618546238,-0.4051300604365774
2002-08-12,-0.20432289568873785,-0.3423488001847669,-0.4082987371804825
2002-08-13,-0.21338691725057202,-0.35009543065479065,-0.421123928230524
2002-08-14,-0.20236828323623046,-0.3391314019158934,-0.3979416687604964
2002-08-15,-0.20110464228475167,-0.33989530920995115,-0.3909823996767502
2002-08-16,-0.19222429936975804,-0.3363360149385516,-0.391951315724698
2002-08-19,-0.18877973294960615,-0.33460074842579723,-0.37759415204341795
2002-08-20,-0.19931480923230716,-0.3388548207779354,-0.3862817902602034
2002-08-21,-0.19191466086442632,-0.335198823571094,-0.3784714430295898
2002-08-22,-0.19303626820170416,-0.3340822113283479,-0.3697379723026182
2002-08-23,-0.20493947009582247,-0.33983534021895445,-0.3840362370126563
2002-08-26,-0.20221142604915943,-0.33817921083373437,-0.3793945265673513
2002-08-27,-0.2064605865626331,-0.34105021813439806,-0.3879904997637641
2002-08-28,-0.21294885807356145,-0.34545788874547523,-0.3990873616393631
2002-08-29,-0.21022165515242064,-0.34153889584128405,-0.3991331941495494
2002-08-30,-0.21380756406383827,-0.3440429846936963,-0.40026578060876383
2002-09-03,-0.22228108127445179,-0.3509183347660252,-0.42517640921183053
2002-09-04,-0.2221340750064834,-0.3471340110685841,-0.41510740231401777
2002-09-05,-0.22605190231142247,-0.3496176288331858,-0.4244366157562175
2002-09-06,-0.21826323806583814,-0.34180164208085007,-0.4147669950304286
2002-09-09,-0.21485050791699034,-0.33787619782681844,-0.4088486473855243
2002-09-10,-0.2113443499716663,-0.3382526127851885,-0.4045146580918707
2002-09-11,-0.2161918911530225,-0.34172972410692326,-0.4045997699024171
2002-09-12,-0.22146048106676242,-0.34433869251848237,-0.41935631975572096
2002-09-13,-0.22399753774386777,-0.3426532190611592,-0.4174577270015891
2002-09-16,-0.2334544110118032,-0.34758460941172453,-0.4166132020645479
2002-09-17,-0.23790546754381714,-0.349477054005615,-0.4281224766146301
2002-09-18,-0.23655751947858727,-0.34842503953728,-0.4307804824952569
2002-09-19,-0.23693034003520086,-0.3508649010863004,-0.44789387028736216
2002-09-20,-0.23740319898357565,-0.35013731062132614,-0.44653867448704276
2002-09-23,-0.24415248095826303,-0.3552412207205752,-0.4541919045162158
2002-09-24,-0.24109425634016357,-0.3526706945299791,-0.4636258893984403
2002-09-25,-0.23411054282105748,-0.3476892255891253,-0.45029002748512037
2002-09-26,-0.24088952399138475,-0.35210840102405216,-0.4402799195585495
2002-09-27,-0.24595552358170425,-0.3550314806335412,-0.4583360505178947
2002-09-30,-0.24365671164890568,-0.35611908251369906,-0.4662511292299364
2002-10-01,-0.23996146229620585,-0.35153692375417533,-0.4448889039133205
2002-10-02,-0.2426003512977759,-0.3550410913842228,-0.4579825368146534
2002-10-03,-0.24642529944995206,-0.3582897993041929,-0.4638484587809488
2002-10-04,-0.2536067308736054,-0.3634381761581521,-0.47587495740413555
2002-10-07,-0.2611604632129435,-0.36527692874679785,-0.485891578581936
2002-10-08,-0.26182780881157486,-0.3659760369538775,-0.4772039803237471
2002-10-09,-0.26321727288647434,-0.36790367534853285,-0.49146947898465465
2002-10-10,-0.25614044529223057,-0.36100060273478807,-0.4736883430864268
2002-10-11,-0.2487463315471753,-0.3557396238735484,-0.45313132344789553
2002-10-14,-0.2467935430491457,-0.3535376515570019,-0.4491246749767752
2002-10-15,-0.22936034758459434,-0.3456812155259571,-0.4230486938653636
2002-10-16,-0.24457126814248653,-0.354665316771404,-0.4369606788230298
2002-10-17,-0.23511773093083121,-0.3513975820080474,-0.4244038896656831
2002-10-18,-0.23049249239534575,-0.34754981677709296,-0.42100609032944336
2002-10-21,-0.22493539101445958,-0.34444652514154783,-0.4109698494807612
2002-10-22,-0.23654115701372724,-0.34694304957552935,-0.41722860440925447
2002-10-23,-0.22641910650368868,-0.34327155066931914,-0.4133135809999102
2002-10-24,-0.2304974388890756,-0.3466824936235833,-0.42224344822868254
2002-10-25,-0.2219109051496969,-0.34095509801277024,-0.4123250053224842
2002-10-28,-0.22032407882740446,-0.3420326298869627,-0.41718277189906816
2002-10-29,-0.22390617494568243,-0.3421534453468915,-0.4224725708210173
2002-10-30,-0.2165842454275727,-0.3387814368311678,-0.4168684975375906
2002-10-31,-0.2163960220636918,-0.33805761765528874,-0.4201091796723898
2002-11-01,-0.20538826852058578,-0.33122029209307247,-0.4101580106756575
2002-11-04,-0.19520145623359553,-0.32774609159868306,-0.4053199436871482
2002-11-05,-0.19614279528595047,-0.3263191216924236,-0.4007109593323772
2002-11-06,-0.1881504497369163,-0.32464002347253407,-0.3952312771598572
2002-11-07,-0.1992667785617055,-0.3292961525945436,-0.409051597097151
2002-11-08,-0.20372712315526453,-0.3299272186491061,-0.41423015128644214
2002-11-11,-0.2180384971142454,-0.3365497535592492,-0.4263744878107091
2002-11-12,-0.208804927548345,-0.33128078613320855,-0.4219488334966831
2002-11-13,-0.2092179957278404,-0.3277965254858821,-0.42222378859920406
2002-11-14,-0.20400894461304275,-0.3246600619225265,-0.4079910160288306
2002-11-15,-0.20127429019366383,-0.3243182776324941,-0.40435098768060385
2002-11-18,-0.20103758604476352,-0.3271219581672774,-0.4105508436378551
2002-11-19,-0.2037021034905423,-0.32917911396631305,-0.4129207879963086
2002-11-20,-0.19701274644395572,-0.32327576480445375,-0.4015227581788843
2002-11-21,-0.18406035550842537,-0.3171538766486106,-0.3886844607091905
2002-11-22,-0.18287661903401986,-0.31693348814520117,-0.39078600317494916
2002-11-25,-0.1802593111901637,-0.3151813276397283,-0.3892671369633628
2002-11-26,-0.18991074592715185,-0.32061598355237964,-0.40207270834252273
2002-11-27,-0.1770633881026772,-0.31397100478813866,-0.38533904709296296
2002-11-29,-0.1773626235125868,-0.31436002284237397,-0.38701503050598973
2002-12-02,-0.17571835150751636,-0.3154886645555468,-0.38818034305573823
2002-12-03,-0.18166923237140753,-0.31818562256208804,-0.39720187530488305
2002-12-04,-0.18723577149284898,-0.3190282450076567,-0.3992772049313372
2002-12-05,-0.18877787093736953,-0.3216149670438737,-0.4064983626565488
2002-12-06,-0.18420167447104807,-0.317323282344137,-0.4027797757076018
2002-12-09,-0.19689608599846753,-0.32589783446150644,-0.41602397260054935
2002-12-10,-0.19396698690734038,-0.3239955386926391,-0.40787317812775026
2002-12-11,-0.19622412140630419,-0.3222383457946534,-0.40753928409539064
2002-12-12,-0.1975453215793853,-0.32012084836363497,-0.40975211125240363
2002-12-13,-0.19897083450813602,-0.32102032594524144,-0.41767378313286807
2002-12-16,-0.1908636638370187,-0.314828991692634,-0.4039778143478844
2002-12-17,-0.18738845257874825,-0.3113521362071233,-0.40882902771464213
2002-12-18,-0.1989224087059449,-0.3165923132788775,-0.41660009564489553
2002-12-19,-0.1925289275778055,-0.3122082251446735,-0.42109775534981575
2002-12-20,-0.19105468478490073,-0.3135441154990304,-0.41356236322172313
2002-12-23,-0.1860635455003975,-0.30896242332110335,-0.41250178215340283
2002-12-24,-0.1875430560314042,-0.31030397572736934,-0.4157162914074941
2002-12-26,-0.18798812248703,-0.31095964295554845,-0.4175559452317875
2002-12-27,-0.18667456968309382,-0.30964312996914445,-0.42689167192521704
2002-12-30,-0.19150604113688785,-0.31254334951282703,-0.4242794985547764
2002-12-31,-0.19104074032796736,-0.3131255336880372,-0.42399799024242935
2003-01-02,-0.18683968434738485,-0.30858280650960024,-0.4048747250049378
2003-01-03,-0.18156411547454754,-0.3077082392960344,-0.405162786527111
2003-01-06,-0.16243831343439197,-0.29647539204089124,-0.39179419852325714
2003-01-07,-0.16453163097166357,-0.29608070335666137,-0.3957746741136693
2003-01-08,-0.18403552872886575,-0.3017126088798202,-0.4042855354995357
2003-01-09,-0.17501034657177916,-0.2926399447651836,-0.3927369416904969
2003-01-10,-0.16345757813976536,-0.2904218640706594,-0.3927369416904969
2003-01-13,-0.16207465539464705,-0.2910085317996146,-0.39359457304719025
2003-01-14,-0.16072188623925043,-0.28768422751709166,-0.39005931613898837
2003-01-15,-0.1666155623642822,-0.293376031793275,-0.3988582390470281
2003-01-16,-0.17687487782996858,-0.2955905534251013,-0.4012281834054815
2003-01-17,-0.19046046321260413,-0.3022464029379879,-0.40962116693167105
2003-01-21,-0.19672751865266347,-0.3065349213692552,-0.4188914814026289
2003-01-22,-0.19441019063008502,-0.30464516052777824,-0.42495383982932133
2003-01-23,-0.17777689947626696,-0.2951482750265708,-0.41907477148477723
2003-01-24,-0.19283423534213961,-0.30356991086773977,-0.43605721495615
2003-01-27,-0.19800385355418493,-0.30541102175661095,-0.4451704122256672
2003-01-28,-0.19602688545519953,-0.3020876625918768,-0.43792963482957403
2003-01-29,-0.1911628555466528,-0.2980046225345705,-0.43411938286025453
2003-01-30,-0.2008112276206936,-0.30651723977843914,-0.4470493453503208
2003-01-31,-0.2013036043405464,-0.30685847628098983,-0.43978890832474926
2003-02-03,-0.19745621352416975,-0.305056653457482,-0.436764282321229
2003-02-04,-0.19967311994461667,-0.30431937222942673,-0.444699020662749
2003-02-05,-0.19274519664779288,-0.30189298495642025,-0.44771709345644306
2003-02-06,-0.20126506952965606,-0.3056413733862414,-0.45127856320394955
2003-02-07,-0.2105668368822855,-0.3110196527773468,-0.45681718430630824
2003-02-10,-0.21430982114826957,-0.3098211015862291,-0.45270580435375984
2003-02-11,-0.2191698251031603,-0.3139798049926684,-0.4571379719190154
2003-02-12,-0.22481660647628,-0.32191198248871555,-0.46402523561186737
2003-02-13,-0.2276352791516174,-0.3243225325826493,-0.46488286696856074
2003-02-14,-0.2028493694166611,-0.3169045983659443,-0.4534128317602423
2003-02-18,-0.1981281845262337,-0.3157383178859491,-0.4427546353570273
2003-02-19,-0.1993468720249021,-0.3170257235029371,-0.4467088981081352
2003-02-20,-0.18812973608885086,-0.31428766081525594,-0.4519660108981467
2003-02-21,-0.18818384265530375,-0.31027560583527325,-0.4447186802922273
2003-02-24,-0.19030574328597993,-0.3138260106306232,-0.4549251447620024
2003-02-25,-0.19107103431198502,-0.3110530995124341,-0.4510036081014286
2003-02-26,-0.20652133703641462,-0.31953792035540574,-0.45821821261681395
2003-02-27,-0.20265627602748748,-0.3158771618448093,-0.4518481330384698
2003-02-28,-0.20191184590704225,-0.31545091287449245,-0.4493145182687496
2003-03-03,-0.20429944264383504,-0.3200480281392519,-0.4534652174802546
2003-03-04,-0.20606242247327966,-0.31777528629515484,-0.4618582409650406
2003-03-05,-0.206756057604493,-0.3161126531044659,-0.45671245282487993
2003-03-06,-0.20923310517085847,-0.317952133406745,-0.46178623557414644
2003-03-07,-0.2103883670989224,-0.3198493109047319,-0.4573409216306421
2003-03-10,-0.21503394866743442,-0.32297417098170056,-0.47135767802833317
2003-03-11,-0.21705918236490052,-0.3278152196745887,-0.47577677913253313
2003-03-12,-0.21303714989303357,-0.32782592264406774,-0.4735115662555077
2003-03-13,-0.2005974322499161,-0.3225302505028005,-0.4553703234856161
2003-03-14,-0.20198031341774436,-0.32218947311386015,-0.4544734128285626
2003-03-17,-0.18261931668644904,-0.3084489288697335,-0.43514723783804077
2003-03-18,-0.17623465101252012,-0.3079653251567134,-0.4327510806402828
2003-03-19,-0.1749407906425866,-0.31046387915656815,-0.4277951357920967
2003-03-20,-0.1745923200820907,-0.30931896263127356,-0.4267149350528946
2003-03-21,-0.17065552214985646,-0.3068915667868404,-0.4135427435508413
2003-03-24,-0.19495805222944562,-0.3197118603930301,-0.434204494670801
2003-03-25,-0.18773386969084227,-0.3139872639307316,-0.42732378418777506
2003-03-26,-0.19380960513946843,-0.31586805740155044,-0.43045969488254954
2003-03-27,-0.1952079525265784,-0.31481111229696956,-0.43139588483996316
2003-03-28,-0.20677826690034884,-0.31893695165797387,-0.4346823994849487
2003-03-31,-0.21750580973379163,-0.32212166049856517,-0.4447121270824014
2003-04-01,-0.21306598199413673,-0.32099295166075814,-0.4379689141299341
2003-04-02,-0.19827689910504975,-0.3143635487258638,-0.4232909228773504
2003-04-03,-0.2028081156917656,-0.31776377209125206,-0.4262042641896162
2003-04-04,-0.2079982985361074,-0.32030734661365834,-0.4246330522166142
2003-04-07,-0.20354683155233733,-0.32144325117419326,-0.4239259848515351
2003-04-08,-0.2052137994408133,-0.32063707182772316,-0.42499967233950764
2003-04-09,-0.21056069587681547,-0.32709975600483965,-0.4330522485821081
2003-04-10,-0.20852240341505512,-0.3233611204541207,-0.4293925606044031
2003-04-11,-0.21120248147487608,-0.32458403768692146,-0.431539935580348
2003-04-14,-0.20530122321619504,-0.31865793911390894,-0.4204561801244012
2003-04-15,-0.20628268165895625,-0.3177425606872376,-0.41680304535652213
2003-04-16,-0.20225276067568587,-0.317809463587824,-0.42393909127118734
2003-04-17,-0.19264214011799397,-0.3099061336393749,-0.41498956441293666
2003-04-21,-0.1887096756384884,-0.3101050765133062,-0.4160174193907229
2003-04-22,-0.1750327003986416,-0.299941938201701,-0.40334279233229564
2003-04-23,-0.16919810851547679,-0.29794488297294464,-0.39833446176409715
2003-04-24,-0.17878989195007944,-0.2994803360918885,-0.40330351303193557
2003-04-25,-0.18921904105959442,-0.30427670731712375,-0.411565592195989
2003-04-28,-0.17934344848203665,-0.2991175832111935,-0.40107102624544433
2003-04-29,-0.16016285499881344,-0.2980257514040143,-0.39910698131024436
2003-04-30,-0.16156216488907982,-0.29618738237288833,-0.39970931719389524
2003-05-01,-0.15584571269114766,-0.2918485640573819,-0.4001152166171489
2003-05-02,-0.13785408292288504,-0.2862095071507066,-0.3910936843680042
2003-05-05,-0.1332789538780269,-0.2859588165359027,-0.3934047297552158
2003-05-06,-0.1288042745044563,-0.28060633196969487,-0.38827200807611073
2003-05-07,-0.13775279780388194,-0.28458849302049327,-0.3913948523098295
2003-05-08,-0.14180420790902148,-0.28521593191168393,-0.3975161097077642
2003-05-09,-0.09576003385489862,-0.27825178323030064,-0.3889136232601217
2003-05-12,-0.09145175684714546,-0.2720584570986989,-0.3812538400211226
2003-05-13,-0.09758251106108673,-0.27281805498247313,-0.3830934938454159
2003-05-14,-0.09553898924514392,-0.27186600724432075,-0.3850706052416716
2003-05-15,-0.08708816951565812,-0.2681464791822198,-0.3802325382531624
2003-05-16,-0.08932268026205614,-0.2702542379203522,-0.3817841305552827
2003-05-19,-0.10904752779937743,-0.2769617744396292,-0.3971887688852308
2003-05-20,-0.10400976023496367,-0.27288703981894247,-0.39786966336960194
2003-05-21,-0.09787333370131479,-0.2722197990153411,-0.395453886500962
2003-05-22,-0.0898901473247582,-0.2675969404638209,-0.38992181860842945
2003-05-23,-0.09347617967001187,-0.26654058466047703,-0.38903801437102825
2003-05-27,-0.06783131608233095,-0.2566666989721915,-0.3770835211387358
2003-05-28,-0.06944649778706047,-0.2625320610059815,-0.37594438146969533
2003-05-29,-0.05256657572968715,-0.2580151411462708,-0.37828811298884435
2003-05-30,-0.026815574158006505,-0.25484865805430923,-0.36915529604844544
2003-06-02,-0.03257144117911548,-0.2538391397897227,-0.36692284922055063
2003-06-03,-0.03559673362565374,-0.25112356307229267,-0.36393750251739054
2003-06-04,-0.02354465723510968,-0.24539116848584208,-0.35432678076284374
2003-06-05,-0.009298634311085685,-0.2415780407834086,-0.3517735063636451
2003-06-06,-0.014140984606619611,-0.24754722710823573,-0.35333165187559157
2003-06-09,-0.02628171626624587,-0.25236341583765665,-0.36107654692513713
2003-06-10,-0.023616943960504067,-0.252752783210772,-0.3552433110907792
2003-06-11,-0.029386467891083456,-0.24908264555361936,-0.34696816546567
2003-06-12,-0.02927412016189246,-0.24876621307595015,-0.3462938241911252
2003-06-13,-0.05061197634399339,-0.2536964556947813,-0.35277518846072364
2003-06-16,-0.03522244657785589,-0.24250809257550243,-0.3382870804587109
2003-06-17,-0.022447660742299202,-0.23944690575766692,-0.3376847845336567
2003-06-18,-0.019464416033453613,-0.23951433455314608,-0.3387125995528464
2003-06-19,-0.036626789567680174,-0.24646800908346822,-0.34878815966048526
2003-06-20,-0.04192031383919137,-0.24703509007194902,-0.3481400312252446
2003-06-23,-0.05984060131865654,-0.25561515224497544,-0.35733830034671166
2003-06-24,-0.0682309098889522,-0.2607093481783911,-0.3561533281674849
2003-06-25,-0.06412338249752159,-0.26138430026980175,-0.36147589313856454
2003-06-26,-0.0653680787380635,-0.25768238920430075,-0.3546017358653648
2003-06-27,-0.06643924143702806,-0.25842920578344464,-0.36088670363316255
2003-06-30,-0.06255891405110336,-0.2586040861184673,-0.36201273688255087
2003-07-01,-0.04630478947132721,-0.25260400888891776,-0.35689312162309805
2003-07-02,-0.03023103892054335,-0.24410589398456073,-0.34941011521501797
2003-07-03,-0.03708617783110402,-0.24841753719583026,-0.3546802944660852
2003-07-07,-0.0013031125646106867,-0.2377187222877052,-0.3424246732505639
2003-07-08,-0.009305181191394674,-0.23314418282669624,-0.34018563325424644
2003-07-09,-0.009393096200090989,-0.23477943358464004,-0.3438714941126594
2003-07-10,-0.029322096199736136,-0.2415376440213034,-0.3527162495308852
2003-07-11,-0.02329856329748714,-0.23774286428421842,-0.3465360532031122
2003-07-14,-0.011690819660384877,-0.23126322802980304,-0.3427912933734575
2003-07-15,-0.011374574768607593,-0.23112711564802935,-0.34504339983083043
2003-07-16,-0.019408158110693408,-0.23521520892923897,-0.3491875058739129
2003-07-17,-0.04621112113881998,-0.24560784789746648,-0.3572794013754701
2003-07-18,-0.04486337165653076,-0.2423936549396729,-0.34969162352736505
2003-07-21,-0.04980819295827765,-0.2443795131447869,-0.35919761380048376
2003-07-22,-0.032716844259942035,-0.23823679127617114,-0.35310252928325725
2003-07-23,-0.01945426591262589,-0.23396016423828592,-0.35277518846072387
2003-07-24,-0.02740314797104837,-0.23596324354289022,-0.3573645131860165
2003-07-25,-0.016467543927468076,-0.22667153993933753,-0.3461825394998712
2003-07-28,-0.018390341317330416,-0.22415645077693502,-0.3475966342714326
2003-07-29,-0.03419728148545376,-0.22621479180877302,-0.3523365229883396
2003-07-30,-0.04247267567272062,-0.2317672859028932,-0.35350842870651067
2003-07-31,-0.035974644218989216,-0.23075384040825164,-0.35166222167239103
2003-08-01,-0.028599968094379036,-0.2360707590396004,-0.3583137696044859
2003-08-04,-0.025310379704194585,-0.2392923196208644,-0.3565657808005649
2003-08-05,-0.034848246398336835,-0.24684403543917133,-0.3679310445688587
2003-08-06,-0.04256688418861432,-0.24882453910823565,-0.3668704635005384
2003-08-07,-0.045022807020408506,-0.24916034954847588,-0.3622615191043639
2003-08-08,-0.0818971316549102,-0.24936477794580802,-0.35998975301751257
2003-08-11,-0.06681048897197384,-0.242720246132345,-0.3580257080823126
2003-08-12,-0.05705079252950329,-0.23704906987283114,-0.3516360487916831
2003-08-13,-0.05083157885126699,-0.2379984108896781,-0.35577360162493943
2003-08-14,-0.050172715636445875,-0.232264488567686,-0.35153127735165846
2003-08-15,-0.049040067413132604,-0.23138253294851663,-0.35142654587023026
2003-08-18,-0.0331672280070735,-0.22644546992303227,-0.34548857855444404
2003-08-19,-0.01775178284591239,-0.22203182892768236,-0.3437798690508832
2003-08-20,-0.01590854188253532,-0.22014922448835883,-0.3451219584315506
2003-08-21,-0.00043721399489782264,-0.21698807034028722,-0.34317753316723254
2003-08-22,-0.0012703308928968537,-0.2221701924469458,-0.3498618471484576
2003-08-25,-0.0014521317478989326,-0.22235522051557155,-0.3494362880957258
2003-08-26,-0.00016397157621994563,-0.22002746092438974,-0.34745917669947
2003-08-27,0.0,-0.2112432741844682,-0.34741989739910983
2003-08-28,-0.0027253974377329238,-0.2085076805860766,-0.3434590414795794
2003-08-29,0.0,-0.20295176115757196,-0.3400743485629919
2003-09-02,0.0,-0.19787890472468805,-0.33092191195171106
2003-09-03,-0.01332737362181724,-0.19782499115768348,-0.32811985533069954
2003-09-04,-0.007368500799231126,-0.194157685795746,-0.32700692850096336
2003-09-05,0.0,-0.19324824161360488,-0.33131470495531223
2003-09-08,0.0,-0.18785859908122737,-0.32460421809337925
2003-09-09,0.0,-0.18630135450198992,-0.33014939240556396
2003-09-10,-0.03079394418317627,-0.19756296516669647,-0.33816924255763037
2003-09-11,-0.029015674791539547,-0.19534035443640607,-0.3345684935097638
2003-09-12,-0.028754949895134718,-0.19237300970593285,-0.3331216326890719
2003-09-15,-0.04539594264589586,-0.197085812723099,-0.335622521368258
2003-09-16,-0.030047023928507555,-0.18811879408929255,-0.32612312426356194
2003-09-17,-0.027211166504403583,-0.1891534900705104,-0.32831629179109656
2003-09-18,-0.023409105468422453,-0.1814223024331908,-0.31940608419180283
2003-09-19,-0.027547150851067514,-0.18131093128217746,-0.3215533792505547
2003-09-22,-0.04142701219802547,-0.18403257467560108,-0.33037851499789883
2003-09-23,-0.03461112323335469,-0.1791580251881909,-0.3263129275969401
2003-09-24,-0.05835321561743234,-0.1904984822428415,-0.33917743790593835
2003-09-25,-0.05975025313334714,-0.19233840286193482,-0.3431775331672322
2003-09-26,-0.07446092722355935,-0.2021864062959845,-0.34738061809874954
2003-09-29,-0.07572822041995608,-0.19613436182108257,-0.3410105385204055
2003-09-30,-0.0771952003320272,-0.1999917830611191,-0.34795674114309605
2003-10-01,-0.07152128862530749,-0.19365256559083976,-0.33339007454036307
2003-10-02,-0.06384223005777556,-0.19363867299185122,-0.33206760483057773
2003-10-03,-0.03990751308924212,-0.18353943284435104,-0.3257761238115503
2003-10-06,-0.05211172371056394,-0.18876233640098627,-0.3228300564087503
2003-10-07,-0.04641201572942033,-0.182987206883368,-0.31962210036448524
2003-10-08,-0.055928022036813574,-0.18630472001771026,-0.32320318978287343
2003-10-09,-0.05672587856343514,-0.1854863300924604,-0.31996254760667076
2003-10-10,-0.05037969510038065,-0.18377449917087074,-0.3204011331618618
2003-10-13,-0.046592012316560294,-0.18135700025658008,-0.31562855831301717
2003-10-14,-0.04675855733261702,-0.1771902929650413,-0.31292471992220416
2003-10-15,-0.04364170418065616,-0.17827332404424745,-0.31470543481665914
2003-10-16,-0.03839691656641353,-0.17612359241668152,-0.3125384801284288
2003-10-17,-0.05215251067721682,-0.18541298970930342,-0.31957630781289514
2003-10-20,-0.04651013260801262,-0.18085389920370198,-0.3160671438682081
2003-10-21,-0.035143754038647224,-0.17504644215273912,-0.3151833396308068
2003-10-22,-0.04308074474535617,-0.17964290166148078,-0.3254422297791907
2003-10-23,-0.049644517372217756,-0.18229662072820596,-0.32320974299269933
2003-10-24,-0.04769284485718306,-0.18400689513715351,-0.32639148619766
2003-10-27,-0.04822771457478381,-0.18188925517141297,-0.3249381121257384
2003-10-28,-0.012744240717150968,-0.17299339365550015,-0.31468577518718066
2003-10-29,-0.011899284989724368,-0.17152585899180517,-0.3138216305792575
2003-10-30,-0.01605631392020801,-0.17162964603713693,-0.3145876368741749
2003-10-31,-0.01891257191703266,-0.17187088913001736,-0.31211947428552267
2003-11-03,-0.005201292637380672,-0.16657687569999324,-0.30667903145476627
2003-11-04,-0.013442511609152663,-0.17174241314194383,-0.3104565573335517
2003-11-05,-0.009520498363837837,-0.17094459563827324,-0.311399260542195
2003-11-06,-0.0020958651823622665,-0.1666391010100915,-0.30731405347035456
2003-11-07,0.0,-0.16854234629634235,-0.3104827701728561
2003-11-10,-0.013963153572330356,-0.17159237330598787,-0.31447631222432404
2003-11-11,-0.014586446664580754,-0.17116737806798676,-0.3148298658861617
2003-11-12,0.0,-0.16155587741711308,-0.3069998190674733
2003-11-13,0.0,-0.1592618266129765,-0.30707837766819357
2003-11-14,-0.01747472371407477,-0.1658793607210297,-0.31235515008768344
2003-11-17,-0.02571241077388664,-0.17179717588685584,-0.31675459156240493
2003-11-18,-0.03196197240389109,-0.1772349484334127,-0.3229609607708859
2003-11-19,-0.023154500554655066,-0.1729005417952113,-0.3175337042769746
2003-11-20,-0.03263925521720712,-0.17694881709719423,-0.32328830159341915
2003-11-21,-0.022237961679663965,-0.17383091814850082,-0.3222211673152727
2003-11-24,-0.006707437758084245,-0.16535041016929375,-0.3112225636284688
2003-11-25,-0.0022837168361729,-0.16625426192250659,-0.3100375514906456
2003-11-26,0.0,-0.16163369943925066,-0.30705224474608195
2003-11-28,0.0,-0.1588172363093211,-0.3072159151573487
2003-12-01,0.0,-0.15175169492291207,-0.2994120811779648
2003-12-02,0.0,-0.15302980015767187,-0.30170346693569794
2003-12-03,0.0,-0.15671118616617308,-0.3029408248349371
2003-12-04,-0.0003159269535523146,-0.1547268312728658,-0.29967396981943006
2003-12-05,-0.017475355247505764,-0.16081805676004435,-0.3050554337617515
2003-12-08,-0.013423594217536472,-0.1563371115776221,-0.29994888496335437
2003-12-09,-0.03124245313748797,-0.16346071220617486,-0.30591957836967454
2003-12-10,-0.034090880652644984,-0.1628308557975201,-0.3066593718252876
2003-12-11,-0.018718644908701343,-0.15886221088058528,-0.2986985005616559
2003-12-12,-0.01791458956185288,-0.1557130473381011,-0.2967802481780456
2003-12-15,-0.02647554765662119,-0.16159527653834105,-0.30077379022951367
2003-12-16,-0.02755782323025413,-0.1600841974875744,-0.29613211974280507
2003-12-17,-0.03510125576217782,-0.16051935654847238,-0.29524831550540365
2003-12-18,-0.021305694109987727,-0.15400687433322657,-0.2869338106627415
2003-12-19,-0.016873867535371123,-0.1536748369988532,-0.287274257904927
2003-12-22,-0.015402652440710263,-0.15228292099012575,-0.28447228120110857
2003-12-23,-0.006299397037581311,-0.14921128295216624,-0.2824558105872996
2003-12-24,-0.006739384487005284,-0.15031457100286483,-0.2837520674577808
2003-12-26,0.0,-0.1495234896818588,-0.282540922397846
2003-12-29,0.0,-0.1411912428013964,-0.2736438212182044
2003-12-30,0.0,-0.13794290659585606,-0.27353904977817967
2003-12-31,-0.003986890888489691,-0.13923767493662964,-0.27204635644730124
2004-01-02,0.0,-0.1391973739950988,-0.27429850286327084
2004-01-05,0.0,-0.12887056002597408,-0.2653031834534305
2004-01-06,0.0,-0.12478331902284667,-0.2643538471177681
2004-01-07,-0.0006180827313686521,-0.12293998740026735,-0.26261245148226964
2004-01-08,0.0,-0.11952730043885529,-0.2589527235459682
2004-01-09,0.0,-0.1203469747188387,-0.2655388592555914
2004-01-12,0.0,-0.11488145358424295,-0.2620232220182711
2004-01-13,-0.012193416254458356,-0.11735185077379828,-0.2659578650984973
2004-01-14,-0.015432312842833307,-0.11855637101983763,-0.25986929383250024
2004-01-15,-0.02153830605996343,-0.12325518465528262,-0.25886761173542194
2004-01-16,-0.016106323747313245,-0.12041439661950826,-0.25377424927387016
2004-01-20,-0.008734906613719673,-0.11857054641310283,-0.25446817026070045
2004-01-21,-0.018541462719760426,-0.12053925517683117,-0.24867425368529916
2004-01-22,-0.02577540824907154,-0.12352890610500777,-0.2510835173027094
2004-01-23,-0.033196799400526444,-0.12284429138288866,-0.25264813610728887
2004-01-26,-0.02382245335221389,-0.11818215998587711,-0.24360047093603265
2004-01-27,-0.036551379395696304,-0.12621481670217738,-0.25101143199462206
2004-01-28,-0.0371390214419014,-0.12954768994986077,-0.2612048699619379
2004-01-29,-0.04759147219673232,-0.13440546786180585,-0.2575190091035251
2004-01-30,-0.04884405507872236,-0.13845605838763764,-0.2594699476190727
2004-02-02,-0.050972107615042006,-0.13982214522421688,-0.2567661092282597
2004-02-03,-0.05121347446659297,-0.13736255535511532,-0.25626199157480745
2004-02-04,-0.0642199220168217,-0.14765868126903892,-0.26248802041276675
2004-02-05,-0.056805202486112094,-0.14653551718311508,-0.2611328645710437
2004-02-06,-0.04105361083798553,-0.1359789856712722,-0.2518559968902597
2004-02-09,-0.0431260759122013,-0.1354924770194338,-0.2537872757763292
2004-02-10,-0.036555558233290486,-0.13133626770959694,-0.25003596273684825
2004-02-11,-0.033475182128588576,-0.13061208953314207,-0.2420357722142601
2004-02-12,-0.036138422348589216,-0.12972144920373585,-0.24573473949232516
2004-02-13,-0.0373891435273056,-0.13041894414676758,-0.24985918590592926
2004-02-17,-0.028814271535482883,-0.1267291732979703,-0.24253988986771213
2004-02-18,-0.03241250969131093,-0.12738829563198995,-0.24592462274289628
2004-02-19,-0.03803665493669117,-0.13553973600504188,-0.24904083384959608
2004-02-20,-0.04330058847975882,-0.13974058959668745,-0.2509721926528584
2004-02-23,-0.055966196228102616,-0.14851468610670238,-0.25301479618877876
2004-02-24,-0.05900633397561683,-0.1471545949189299,-0.25425870729784394
2004-02-25,-0.056204490887145075,-0.14538192683305495,-0.2512602142164351
2004-02-26,-0.06192310090080688,-0.14808292417746727,-0.250448415369928
2004-02-27,-0.06492248179278903,-0.146931137911129,-0.25042883565764273
2004-03-01,-0.05289814167696638,-0.13952905527475168,-0.24320767793243114
2004-03-02,-0.05591258201758775,-0.1452796097169673,-0.24770533763735147
2004-03-03,-0.062362420667090634,-0.14961703203353416,-0.2464417668988078
2004-03-04,-0.05371200777577223,-0.1449453421135487,-0.24392781175856593
2004-03-05,-0.050315176267534345,-0.14171338138983502,-0.24262500167825862
2004-03-08,-0.06100035683712235,-0.14798642779430216,-0.24894924874641666
2004-03-09,-0.0639479541557717,-0.14929052024802936,-0.25328323804007014
2004-03-10,-0.0716743706890125,-0.1553820794522386,-0.2642098363359797
2004-03-11,-0.07884024461757744,-0.15997111450959456,-0.275411429693007
2004-03-12,-0.06971108125942649,-0.15323653619658362,-0.26638342415122906
2004-03-15,-0.08154430554711478,-0.16096652386605226,-0.27691067623371135
2004-03-16,-0.07197629550597018,-0.15755591380757727,-0.27284512879134926
2004-03-17,-0.0648880051243308,-0.15161634984187844,-0.26430150135635244
2004-03-18,-0.05908401853952083,-0.14909176264473079,-0.2652377312723627
2004-03-19,-0.06689374541893123,-0.15207757546667455,-0.27344738475780717
2004-03-22,-0.07455966089507193,-0.1537895239988598,-0.28286171001055327
2004-03-23,-0.0689518779057573,-0.156043291162263,-0.2838110463462157
2004-03-24,-0.060711528068369214,-0.15534073916783342,-0.28552630905960263
2004-03-25,-0.04654535373298874,-0.14490664827464772,-0.27383370446877553
2004-03-26,-0.0461207941556786,-0.1427686904403218,-0.2745734180071955
2004-03-29,-0.03507509955533239,-0.1373190095430521,-0.2651395130421641
2004-03-30,-0.032547158047261604,-0.13670656159370753,-0.26217378600988583
2004-03-31,-0.028882407675363764,-0.1354987038281169,-0.2626910100829901
2004-04-01,-0.02671326721181455,-0.1297170108911816,-0.2587890531347017
2004-04-02,-0.02383952296048264,-0.12760691737544327,-0.2524779124861961
2004-04-05,-0.017266572366780197,-0.12462900035938096,-0.2467429747992298
2004-04-06,-0.024919926231635747,-0.12742276664443208,-0.24832070002346152
2004-04-07,-0.02720839316633694,-0.12876274431150603,-0.25331592417200777
2004-04-08,-0.0259286402161103,-0.1279921585492062,-0.25410814330622955
2004-04-12,-0.024301888386369153,-0.12580375574400637,-0.25025861203655
2004-04-13,-0.03791580411435125,-0.13908523741944578,-0.26057640115617586
2004-04-14,-0.04548608946743937,-0.14628817509236713,-0.2614077797149683
2004-04-15,-0.059031796851789387,-0.14986207987802524,-0.26096919415977726
2004-04-16,-0.060812611802362415,-0.14934180753639126,-0.2571916682809917
2004-04-19,-0.056473104996962564,-0.14368625330897855,-0.2563995290639629
2004-04-20,-0.07082128837737789,-0.15473863043304126,-0.267967702585287
2004-04-21,-0.07184293135279685,-0.1543645187484145,-0.2640789319738439
2004-04-22,-0.06850895403407398,-0.14824055894895793,-0.2537087171756093
2004-04-23,-0.059020962001491095,-0.14397262154397528,-0.2532701316204181
2004-04-26,-0.06570014034093097,-0.14462787267506616,-0.25658933239734116
2004-04-27,-0.06936626036889038,-0.1458147926091281,-0.2549002825232586
2004-04-28,-0.08137924497389726,-0.1556719464237356,-0.26517875238392785
2004-04-29,-0.09475941844801017,-0.16482991855395057,-0.2707566527866466
2004-04-30,-0.10244811716055746,-0.1698967963631789,-0.27507098245082184
2004-05-03,-0.10062577942849904,-0.16668976886100162,-0.26839981484784536
2004-05-04,-0.08858122342362029,-0.16295459409640978,-0.2670511322987553
2004-05-05,-0.08838465532896711,-0.1609756650012497,-0.26575487542827425
2004-05-06,-0.09698249252552649,-0.1674586525775813,-0.2706912006055785
2004-05-07,-0.10126638819865041,-0.17501230514497323,-0.2807013085321495
2004-05-10,-0.11308527064280494,-0.18235273743504754,-0.28828249321183175
2004-05-11,-0.10224874711082521,-0.1761359802470739,-0.2828290238786161
2004-05-12,-0.10151929589229469,-0.1727947132510308,-0.28163090532114066
2004-05-13,-0.10614282900798133,-0.1770962271318709,-0.28218089544337555
2004-05-14,-0.10934576352360137,-0.17998681991003385,-0.28266535346734945
2004-05-17,-0.11243978373171315,-0.18069225936884858,-0.29025964456668396
2004-05-18,-0.110382454635503,-0.18031545094124057,-0.28542153761957834
2004-05-19,-0.1053268480633337,-0.1783511450051234,-0.2872611514852752
2004-05-20,-0.10880124093017374,-0.17939231286732993,-0.2869273373701088
2004-05-21,-0.1018189529524508,-0.17311848469513924,-0.2840663018606624
2004-05-24,-0.10120184148604716,-0.1720366108963579,-0.2828551568007276
2004-05-25,-0.08791196750456254,-0.16183167683497346,-0.27130656299168887
2004-05-26,-0.08190637215953922,-0.15938439565764484,-0.27006928500964267
2004-05-27,-0.07373872509065504,-0.15548756337606806,-0.26591854583954133
2004-05-28,-0.06830659282065799,-0.15531340763728763,-0.26631133884314273
2004-06-01,-0.06899740766710072,-0.1521350001504237,-0.2659709715181502
2004-06-02,-0.07462120914038961,-0.15389534299800245,-0.2634897025098458
2004-06-03,-0.08961067023532887,-0.16161359153454213,-0.26895627826271373
2004-06-04,-0.08863945381961735,-0.15972987548514317,-0.2651198534126863
2004-06-07,-0.07410418641863836,-0.1492017705093992,-0.25338792956290257
2004-06-08,-0.07761100289173517,-0.14947098434980677,-0.25223568347420977
2004-06-09,-0.09453066599565907,-0.1585310878098124,-0.25933904325693735
2004-06-10,-0.09767282984480341,-0.1581148120576109,-0.2559739700112317
2004-06-14,-0.10968495434144676,-0.1631121056863254,-0.2632932660494487
2004-06-15,-0.10171407855476511,-0.1578370607608589,-0.2588938245747271
2004-06-16,-0.10854877408165042,-0.1581536777313448,-0.25787903605799667
2004-06-17,-0.11348572574944416,-0.16011418429008828,-0.2588676117354227
2004-06-18,-0.10593042945116049,-0.15398313419819087,-0.2569232264297011
2004-06-21,-0.10912962411947325,-0.15598181654895193,-0.2600133046142894
2004-06-22,-0.09972329084909015,-0.15226910908271396,-0.2573225726431285
2004-06-23,-0.09460723409981031,-0.14880659504472515,-0.2510048787847968
2004-06-24,-0.09194224984085853,-0.14593222806773176,-0.2532373655712882
2004-06-25,-0.08719842064803562,-0.14329162359929837,-0.2573094662234763
2004-06-28,-0.08759697574175729,-0.14252332242804,-0.2580165735471519
2004-06-29,-0.08578096768057542,-0.14604649424633853,-0.25615074684215056
2004-06-30,-0.08319197761085095,-0.14295946968286877,-0.25311301441897804
2004-07-01,-0.09431808885360804,-0.14910393251751275,-0.2609037419787098
2004-07-02,-0.09601669273032254,-0.14878614578637883,-0.2632343670782068
2004-07-06,-0.11098275618753295,-0.1581885325814465,-0.26923782653365746
2004-07-07,-0.10296960773949004,-0.15452161745940685,-0.2678499046428038
2004-07-08,-0.1036954844463831,-0.15624566814478713,-0.27388605023019197
2004-07-09,-0.10261151350661335,-0.15363233356763095,-0.2714636801931296
2004-07-12,-0.11028861048289018,-0.15531330033330426,-0.27045552480341817
2004-07-13,-0.11426927199316206,-0.15959568325890439,-0.2699383007303138
2004-07-14,-0.1261482849261748,-0.16066195534134997,-0.2723410111378979
2004-07-15,-0.12871724761045134,-0.1614290551574601,-0.2754704085814428
2004-07-16,-0.12952280021704576,-0.16453272475730152,-0.2789401733499802
2004-07-19,-0.13013575229611007,-0.16435651200792334,-0.2792609609626876
2004-07-20,-0.12849874373540593,-0.1625924083736865,-0.27417407179376885
2004-07-21,-0.13811381086326113,-0.17084239351883213,-0.2838568388978062
2004-07-22,-0.134137733146226,-0.16877862620867135,-0.28191900680191073
2004-07-23,-0.15153409808386487,-0.17951418982883227,-0.2888848290954831
2004-07-26,-0.15575582993493142,-0.18167938281149565,-0.29027930419616277
2004-07-27,-0.15030929673711724,-0.17706746953129948,-0.2832349233018703
2004-07-28,-0.15586327942254397,-0.18050295035136354,-0.282848603590902
2004-07-29,-0.14617463816811516,-0.17658047365215723,-0.27956864215574273
2004-07-30,-0.1408224652553619,-0.17293952297112258,-0.2787241571772979
2004-08-02,-0.13994782273994522,-0.17203511425448303,-0.27551620113303255
2004-08-03,-0.14847310088463694,-0.17797226738017613,-0.2800531800969094
2004-08-04,-0.14651972041681105,-0.1783678527860063,-0.28074710108373957
2004-08-05,-0.15215639651568258,-0.18449776654644867,-0.2924855781433495
2004-08-06,-0.17282034330909435,-0.18709574185120903,-0.3034383892785637
2004-08-09,-0.17022809155858043,-0.18745140554013306,-0.3026200372222304
2004-08-10,-0.16094862550012523,-0.18128549299984864,-0.2935722921337811
2004-08-11,-0.1716007911787263,-0.18929784745891476,-0.2957000074802477
2004-08-12,-0.17824096054385552,-0.1942366911491905,-0.3039228473025374
2004-08-13,-0.17248281566459656,-0.19179802794399603,-0.3028949523661547
2004-08-16,-0.16609325553095444,-0.18432427028649345,-0.29337593559057695
2004-08-17,-0.16165870006309413,-0.1824019573755402,-0.29182434328845663
2004-08-18,-0.1512005703575402,-0.17547854619768277,-0.28301227400216844
2004-08-19,-0.1487443117321885,-0.1749192037914068,-0.2855917612406712
2004-08-20,-0.14142186513754573,-0.16927923166130698,-0.28093043112448446
2004-08-23,-0.13888971233591807,-0.16909996940539385,-0.2826783799698088
2004-08-24,-0.14673180407170017,-0.17213592724132543,-0.2823445658546423
2004-08-25,-0.1403883899614009,-0.168160453873335,-0.276602995040657
2004-08-26,-0.14108676096421224,-0.16945679690760485,-0.2765178832301106
2004-08-27,-0.14124249200063377,-0.1684632192858284,-0.27476330125776716
2004-08-30,-0.14534470861239923,-0.17282283896618955,-0.28040665384155394
2004-08-31,-0.14552971364862,-0.17119808174112183,-0.27707434664497865
2004-09-01,-0.14295485173721012,-0.16882578092128675,-0.27598099952752775
2004-09-02,-0.138754562124209,-0.16582861840041585,-0.2678629311452626
2004-09-03,-0.15551646090197857,-0.17386316005653812,-0.2709268764077395
2004-09-07,-0.15575059041088146,-0.1732973546024863,-0.26590543941988887
2004-09-08,-0.15897683482447256,-0.17576394288648012,-0.2691985072747004
2004-09-09,-0.14683750694108733,-0.17099786777446113,-0.26781713859367295
2004-09-10,-0.13540346038281292,-0.16510691761436713,-0.264190176706502
2004-09-13,-0.13372865832250824,-0.16358921150572625,-0.2629463455146297
2004-09-14,-0.12912134921941465,-0.15901577900154007,-0.2613030881921369
2004-09-15,-0.13862941789885308,-0.16274113431602055,-0.26651432851336565
2004-09-16,-0.13647896273173987,-0.16208512921721185,-0.2644651717676195
2004-09-17,-0.12982470671373125,-0.159611732227242,-0.26115899749315563
2004-09-20,-0.12928880500168183,-0.16079272035229353,-0.2653162898730832
2004-09-21,-0.12074118599785988,-0.15591900828295036,-0.2606679862593556
2004-09-22,-0.1328757236583088,-0.16395202704223089,-0.27097266895932925
2004-09-23,-0.12731724611267536,-0.1599917377741964,-0.27437706146399166
2004-09-24,-0.13638543768094136,-0.16344202503247363,-0.2732313685851251
2004-09-27,-0.13935254826488452,-0.1659288665790788,-0.2775456982493003
2004-09-28,-0.13737651276557727,-0.16264759693411335,-0.2732640547170627
2004-09-29,-0.13532760858978365,-0.15772796386327392,-0.2701608701128223
2004-09-30,-0.13245295009289693,-0.15553907860013083,-0.27030496081180366
2004-10-01,-0.12004984207061087,-0.1462201424619678,-0.2592277186070865
2004-10-04,-0.11895811657700717,-0.14788536096429716,-0.25682500819950227
2004-10-05,-0.11919236857660653,-0.14556887992807488,-0.25727678009153865
2004-10-06,-0.1164380483593912,-0.14099525074947605,-0.2523207952847559
2004-10-07,-0.11949766208333779,-0.1450632470194434,-0.2597841820219543
2004-10-08,-0.1261335229321432,-0.14768013987085926,-0.26535552921484695
2004-10-11,-0.1256250100922126,-0.14616688301252845,-0.2638824955134471
2004-10-12,-0.13515910664466058,-0.15112409068809052,-0.2655519656752443
2004-10-13,-0.1367177766309251,-0.1540536117324357,-0.2709137699880876
2004-10-14,-0.13792460375089277,-0.1544961743968175,-0.2776962622409149
2004-10-15,-0.13332706757092028,-0.14988823995945266,-0.2744818329040165
2004-10-18,-0.13237869555540538,-0.1463663999538396,-0.2706715409761006
2004-10-19,-0.1306024336344107,-0.1485351218973162,-0.27773558149987154
2004-10-20,-0.1256619979513235,-0.1441513062861881,-0.2774540332289279
2004-10-21,-0.11952126245586392,-0.14127920567963825,-0.2756013129435788
2004-10-22,-0.12861482997082185,-0.1476822766131647,-0.2826391406280453
2004-10-25,-0.12217018394574486,-0.14388287275097678,-0.28325450301415533
2004-10-26,-0.11963832614629066,-0.14236460576161558,-0.2725897933597108
2004-10-27,-0.11057288000264798,-0.13481524592741523,-0.26322126065855445
2004-10-28,-0.11193478794129985,-0.13633373415936234,-0.2618857644463096
2004-10-29,-0.11065503536154664,-0.13560939308853703,-0.26007883671255017
2004-11-01,-0.10674201743149081,-0.13267936580900352,-0.259875847042327
2004-11-02,-0.10716169959962041,-0.1347128220942334,-0.25984308099319653
2004-11-03,-0.10383553072452623,-0.1317813601060016,-0.25156797532668385
2004-11-04,-0.093061620744056,-0.12410262829987728,-0.23947594460523636
2004-11-05,-0.07929919785505524,-0.1211507054604738,-0.23652987720243646
2004-11-08,-0.07850528714199057,-0.12049476706241169,-0.2373678888882481
2004-11-09,-0.077423038270514,-0.11869168177877232,-0.23789821938100486
2004-11-10,-0.08069568750335088,-0.12033725351026414,-0.2386641457587293
2004-11-11,-0.07600324307577344,-0.11549069708685011,-0.2317441959339398
2004-11-12,-0.06901863700725763,-0.10994661138723594,-0.22474560759123707
2004-11-15,-0.06690939374506388,-0.10743716217886401,-0.22498128339339785
2004-11-16,-0.06799798616193498,-0.10895713926518613,-0.230467518775744
2004-11-17,-0.05530455929961131,-0.10280973448432362,-0.22620561479017753
2004-11-18,-0.05335218404609077,-0.10290708866092335,-0.22515150701449038
2004-11-19,-0.058231019365218906,-0.10642714638184625,-0.23379990588951216
2004-11-22,-0.05555046525184504,-0.10251522488348708,-0.2292825865551137
2004-11-23,-0.05627019736823968,-0.10243811465880082,-0.22947902301551082
2004-11-24,-0.05407386556609728,-0.09900956860070054,-0.22632341273266154
2004-11-26,-0.05243327723840441,-0.09758397117265216,-0.22574073647848902
2004-11-29,-0.052999968126269614,-0.09654094859011475,-0.2284118887373645
2004-11-30,-0.05651832396234535,-0.09691418869637924,-0.23152162655143116
2004-12-01,-0.048357356589091016,-0.09013329190967423,-0.22003193171363422
2004-12-02,-0.0447622049536649,-0.0883617160896163,-0.22071282619800525
2004-12-03,-0.04210422429527594,-0.09104423792367289,-0.22016283607577036
2004-12-06,-0.03272628317439685,-0.08769640135462253,-0.22076517195942114
2004-12-07,-0.03309261437256994,-0.09473614437194289,-0.22939391120496433
2004-12-08,-0.0443862910909969,-0.10202168023088187,-0.22563596503846428
2004-12-09,-0.04856676702290419,-0.10138383549828445,-0.2214264068143138
2004-12-10,-0.05057225411482824,-0.10345710334947678,-0.22223820566082098
2004-12-13,-0.048162522895483506,-0.09921963994246674,-0.21524617052794415
2004-12-14,-0.04305198098196239,-0.09601408273272571,-0.2121691987630081
2004-12-15,-0.03976146519697721,-0.09435175043110833,-0.21063726609036626
2004-12-16,-0.04002206875073244,-0.09683919226421944,-0.21228052341285897
2004-12-17,-0.04425684237747607,-0.0990756016044877,-0.2181792114282851
2004-12-20,-0.045193113630562776,-0.09808222093177033,-0.21788455673768936
2004-12-21,-0.04215116658190654,-0.09504246620994472,-0.21081404292128536
2004-12-22,-0.040753314889575565,-0.09394556005386823,-0.20811675774029847
2004-12-23,-0.03920657938328154,-0.09325182326061332,-0.20775009765880847
2004-12-27,-0.04045111417071079,-0.09428786406497736,-0.21116096345610402
2004-12-28,-0.039867631354396194,-0.09033032099793081,-0.20551761087231712
2004-12-29,-0.037735977857561886,-0.0908754786644902,-0.20557658976075222
2004-12-30,-0.04082478034294934,-0.09352150803011794,-0.20551105766249123
2004-12-31,-0.03758053761390945,-0.09400337988679042,-0.20657819194063742
2005-01-03,-0.03391204411036508,-0.09795675390718761,-0.21302031686847234
2005-01-04,-0.05445128103705843,-0.11024177578820282,-0.2222054396116906
2005-01-05,-0.058400026131291694,-0.11409820479269894,-0.22502715586218058
2005-01-06,-0.06502368830693672,-0.1153140375640459,-0.22231021105171545
2005-01-07,-0.06601051594252583,-0.1168657705556786,-0.2234232177986445
2005-01-10,-0.06487247563592391,-0.11676808280638162,-0.22076517195942136
2005-01-11,-0.07112653836858884,-0.11883252327472216,-0.2255181670959806
2005-01-12,-0.061933510605754694,-0.1133893391011982,-0.22243464212121844
2005-01-13,-0.06616316320386595,-0.1189192380164592,-0.22914512898315165
2005-01-14,-0.059568113687237356,-0.11667656224181322,-0.22451648499890242
2005-01-18,-0.05596226815443239,-0.11403353702483443,-0.21701385891994018
2005-01-19,-0.06376480663264772,-0.11746829794270186,-0.22444447960800817
2005-01-20,-0.06718423714461874,-0.12337014115122813,-0.23048062519539625
2005-01-21,-0.0688157483066415,-0.12505083779605786,-0.2354169503727006
2005-01-24,-0.07632999247073347,-0.12676992121826836,-0.2381142355536875
2005-01-25,-0.07529489443587345,-0.1266368505471418,-0.23506339671086285
2005-01-26,-0.0637242286782268,-0.12142910037742594,-0.23135795614016463
2005-01-27,-0.0516187159583108,-0.12204126745720278,-0.2310436418200904
2005-01-28,-0.04877787770207509,-0.12249232165115898,-0.23313211782479348
2005-01-31,-0.04009799080380316,-0.12087077652743494,-0.22664420034536903
2005-02-01,-0.03947173520920111,-0.12057422879318014,-0.2213150821644635
2005-02-02,-0.02485745267035,-0.11905458514752554,-0.2188404462831781
2005-02-03,-0.03227733105697117,-0.12512500963838524,-0.22100084776158224
2005-02-04,-0.022514910195125082,-0.12061416812376735,-0.2123983213553433
2005-02-07,-0.030191228927514135,-0.12226770452790514,-0.21325599267063322
2005-02-08,-0.02838006872875365,-0.12351966998085906,-0.2128762261694911
2005-02-09,-0.038593715453532296,-0.12919207355426354,-0.2196260322903809
2005-02-10,-0.03353073462770706,-0.12637896855928088,-0.21633951764539538
2005-02-11,-0.02199632889179981,-0.12032941685188037,-0.21091218123429112
2005-02-14,-0.016183906066705167,-0.1159017981828595,-0.2103622710292491
2005-02-15,-0.01306904579667545,-0.1147022330956009,-0.2077566508686347
2005-02-16,-0.014102226561571118,-0.1157891897899328,-0.20761264008684643
2005-02-17,-0.016691174378950402,-0.11818741364752317,-0.2138910146862214
2005-02-18,-0.003024976437572824,-0.11809643163038219,-0.2133411044811796
2005-02-22,-0.0005078096041523095,-0.11919226601034594,-0.2247521608010633
2005-02-23,-0.001606769845379663,-0.11917195686430537,-0.2204050650877577
2005-02-24,0.0,-0.11500931185263774,-0.2142511215578855
2005-02-25,0.0,-0.11238206513255322,-0.20693829881230175
2005-02-28,-0.003499181990285316,-0.11386964226914642,-0.21202518798122028
2005-03-01,-0.0029579991646342396,-0.11181746127084957,-0.2075667676180638
2005-03-02,-0.011026637028881514,-0.11348205320869842,-0.2077828637079393
2005-03-03,-0.017263148362302916,-0.1159505733359677,-0.20752752827630017
2005-03-04,-0.016763596970040928,-0.1118642169951839,-0.19990047112783516
2005-03-07,-0.011914033714537586,-0.10879708769833507,-0.1978119951231322
2005-03-08,-0.021065743578455587,-0.10892960980033484,-0.20166152639281176
2005-03-09,-0.025097827533927086,-0.10956702585526079,-0.20979270119472893
2005-03-10,-0.02471816666877824,-0.1089402808180483,-0.2083262207031551
2005-03-11,-0.028886124472485286,-0.11021853731603937,-0.21432968015860565
2005-03-14,-0.02933057889329771,-0.10966232388435604,-0.2099105790544058
2005-03-15,-0.03348401835546466,-0.11314186207010235,-0.2158550596214216
2005-03-16,-0.03542916459727308,-0.11488531693914183,-0.22219241310923166
2005-03-17,-0.0367511504115271,-0.11748590186427554,-0.22079138479872573
2005-03-18,-0.0414860259487686,-0.11981308976061233,-0.22115796496302287
2005-03-21,-0.04236677878731254,-0.12256269592381464,-0.2250009430228762
2005-03-22,-0.046328093797082914,-0.1259296675524404,-0.23290299523245894
2005-03-23,-0.04647700825292567,-0.12948835890880672,-0.23236611152987607
2005-03-24,-0.04648824076892655,-0.12994797827329174,-0.23309279856583698
2005-03-28,-0.04644447707858834,-0.12961978292141696,-0.2312204186510095
2005-03-29,-0.05342810539943066,-0.1321337475436467,-0.23706020769519343
2005-03-30,-0.04865705817745902,-0.12656571222378654,-0.22655253532499642
2005-03-31,-0.049521878927096585,-0.1269723235977801,-0.22708941902757918
2005-04-01,-0.05234634695262397,-0.1295868282539927,-0.23211077609823683
2005-04-04,-0.055087163100670744,-0.1304946560193604,-0.2300158268009007
2005-04-05,-0.05534329210648303,-0.12865599025701147,-0.22656564174464855
2005-04-06,-0.053110192121845756,-0.12795115338549268,-0.22481113968949795
2005-04-07,-0.04612436041936829,-0.12323859420693639,-0.22018249570524873
2005-04-08,-0.04709507294055981,-0.12821692850386868,-0.22669007281415154
2005-04-11,-0.04636007221338634,-0.12700682723914813,-0.2266835196043253
2005-04-12,-0.04635034332882726,-0.12581612335416803,-0.2223953228622616
2005-04-13,-0.05790694045553946,-0.13087383251268614,-0.23154120626371644
2005-04-14,-0.0651716945473797,-0.13800674925861456,-0.23922716238342345
2005-04-15,-0.07398579501436553,-0.14373662263585607,-0.25194766191063334
2005-04-18,-0.07284067796263971,-0.14216092787008427,-0.2497479411732726
2005-04-19,-0.0641668113205659,-0.137824209741072,-0.24529607401994225
2005-04-20,-0.06134728566038028,-0.1373490178682758,-0.255299628736687
2005-04-21,-0.04826821153823602,-0.12867451507878758,-0.24060205777181798
2005-04-22,-0.045861223862689204,-0.1333471028186075,-0.24572818628250026
2005-04-25,-0.0413487078248973,-0.1312217836007037,-0.23919447625148593
2005-04-26,-0.038988517361926434,-0.13256610728243412,-0.24591806953307127
2005-04-27,-0.04413240674762631,-0.13368958875187953,-0.24293923608114087
2005-04-28,-0.04905371817864723,-0.13921853111358606,-0.25155486890703205
2005-04-29,-0.044652347989459495,-0.1342804314984566,-0.24263155488808585
2005-05-02,-0.04299375981758635,-0.13304276626047895,-0.23915515699252932
2005-05-03,-0.045979577893471846,-0.1371257702636881,-0.23980328542776985
2005-05-04,-0.036856554396320296,-0.13165640456187833,-0.23032350799395562
2005-05-05,-0.03239902087891744,-0.13148990565692775,-0.23230065934880784
2005-05-06,-0.03406894298820662,-0.13302370656542528,-0.2331386710346195
2005-05-09,-0.03202066475150023,-0.13067753598115273,-0.22823511190644574
2005-05-10,-0.03746614175320517,-0.13230901300064235,-0.23649719107049916
2005-05-11,-0.03833070105735992,-0.13162323913223084,-0.23329578823606
2005-05-12,-0.03964059053218183,-0.13403729729783642,-0.24098829756559315
2005-05-13,-0.023891649204786036,-0.1344935981346259,-0.2444646155439566
2005-05-16,-0.023046222037390263,-0.1319380665215234,-0.23684419152251068
2005-05-17,-0.020039090803023574,-0.12982115160704055,-0.23153465305389043
2005-05-18,-0.014324017875534834,-0.12551238156221112,-0.22383559051453117
2005-05-19,-0.01326740328499909,-0.12283888037939983,-0.22022181496420534
2005-05-20,-0.011118939016909524,-0.12391338160519172,-0.22140019397500954
2005-05-23,-0.0021274462964013807,-0.12213433654809036,-0.21840178081079376
2005-05-24,0.0,-0.12109276240129419,-0.2182643232388315
2005-05-25,-0.001080517746495202,-0.12293696251389574,-0.22092228916086176
2005-05-26,0.0,-0.11962284334124629,-0.21594017143196764
2005-05-27,0.0,-0.11869306225731557,-0.21518071834687624
2005-05-31,-0.0011586849188605086,-0.12222543450202883,-0.21994681990308784
2005-06-01,0.0,-0.11835147527580259,-0.21292865184809961
2005-06-02,0.0,-0.11352579002286334,-0.21157341608918356
2005-06-03,-0.003250282365076851,-0.1159680019941447,-0.2169876460806356
2005-06-06,0.0,-0.11374668191588344,-0.21601217682286178
2005-06-07,-0.004889452661528293,-0.11625337664135738,-0.2161758472341283
2005-06-08,-0.010437312776588548,-0.11712171765702428,-0.217871450318037
2005-06-09,-0.00088857426829414,-0.11556808346482184,-0.21377313682654453
2005-06-10,-0.005629330815077327,-0.11784697546810285,-0.2156193838192605
2005-06-13,0.0,-0.11271208252924825,-0.21384522213463164
2005-06-14,-0.009710922403077471,-0.11407404135871213,-0.2118221983109968
2005-06-15,-0.011216601450183439,-0.11191669387044534,-0.21007424946567255
2005-06-16,-0.0040682763237468444,-0.1068374466138815,-0.2072067406635929
2005-06-17,0.0,-0.10385890959465427,-0.20327865079319296
2005-06-20,0.0,-0.1029754722378603,-0.20384166741788712
2005-06-21,-0.0004377232111785201,-0.10503834349536711,-0.20547181832072758
2005-06-22,0.0,-0.10373681687002789,-0.20529504148980893
2005-06-23,0.0,-0.10596151358526551,-0.21390412110587387
2005-06-24,-0.002409723515222062,-0.10798461303792517,-0.2199010273514984
2005-06-27,-0.002659615340754873,-0.11004572727683559,-0.22047715039584492
2005-06-28,-0.004195812784621444,-0.10731187227293837,-0.21335421090083195
2005-06-29,-0.012246511593705822,-0.1082017546340116,-0.21448024415022038
2005-06-30,-0.013065990649243853,-0.10937113080214,-0.22005814455293904
2005-07-01,-0.016352302203266222,-0.11207483862540735,-0.21802209422684504
2005-07-05,-0.020088830185589934,-0.11389471461598855,-0.2111151709045147
2005-07-06,-0.01841230119432513,-0.11571954939265261,-0.21769475340431177
2005-07-07,-0.018178983728378117,-0.11346460136737813,-0.21577650102070156
2005-07-08,-0.014299481933280456,-0.10769822465997347,-0.2066175111995946
2005-07-11,-0.006537088600429675,-0.10397155675736658,-0.20165505310017884
2005-07-12,-0.004298505702413968,-0.10138006093349894,-0.19984157215659326
2005-07-13,-0.0008964128365103186,-0.10228251141291311,-0.19913446483291775
2005-07-14,-0.0033736267991431035,-0.10092267955769707,-0.19703296232575573
2005-07-15,-0.009475292231153176,-0.10393126973393374,-0.19610328561957158
2005-07-18,-0.014705721987920861,-0.10427170531790841,-0.2005485995630758
2005-07-19,-0.006566168533415184,-0.10052606272235431,-0.19516713562075427
2005-07-20,0.0,-0.09611973245734384,-0.19133726398055284
2005-07-21,-0.0018882759166993779,-0.09646220096126601,-0.19667940866391787
2005-07-22,-0.010465799262250663,-0.09578042675935117,-0.19233231295061204
2005-07-25,-0.0158931043532462,-0.09763654330511562,-0.19537659858361056
2005-07-26,-0.018443553793302425,-0.09739591640815826,-0.19398212348293098
2005-07-27,-0.017996038050108853,-0.09518946266533046,-0.19029626262451804
2005-07-28,-0.014637005150179516,-0.09162455205026276,-0.18575936357783418
2005-07-29,-0.018175894489744215,-0.09226587483688131,-0.19200497212807865
2005-08-01,-0.012664395256993477,-0.08877502078109556,-0.1912390457503541
2005-08-02,-0.0034238952154640456,-0.08533552420368173,-0.18549747493636892
2005-08-03,-0.0023299329089013776,-0.08329787062551042,-0.18489513905271815
2005-08-04,-0.004887530158787512,-0.08506082027281214,-0.19090515171799483
2005-08-05,-0.006894052806435846,-0.08750085799077933,-0.1970853080871714
2005-08-08,-0.00960414283790656,-0.09096294910687963,-0.1992392362729425
2005-08-09,-0.009481977787534901,-0.09109525127623552,-0.1938381127011427
2005-08-10,-0.011146652403898893,-0.09179631800869625,-0.19531114640254255
2005-08-11,-0.006969246388401573,-0.0863545867071075,-0.18962847455979914
2005-08-12,0.0,-0.08524965267626894,-0.19448624113638313
2005-08-15,-0.0019122484060541955,-0.08580107502852596,-0.19220796179830202
2005-08-16,-0.00855179168145237,-0.09111167425363809,-0.20172050528124663
2005-08-17,-0.0050602120136132855,-0.09035039533569977,-0.2011312758172482
2005-08-18,-0.01630822664871301,-0.09330483383297283,-0.20192996824410325
2005-08-19,-0.014870019755109376,-0.09336608976174743,-0.20147827626925996
2005-08-22,-0.01682099275259874,-0.09230708772031693,-0.20015580655947451
2005-08-23,-0.01573408948308741,-0.09316464945629155,-0.20286619816011353
2005-08-24,-0.017722283171947573,-0.09413285354812628,-0.20810365132064668
2005-08-25,-0.017459281908942192,-0.09390568659459375,-0.2062836171672351
2005-08-26,-0.020760294652324096,-0.09746416446635664,-0.21104316551362068
2005-08-29,-0.017349171069042435,-0.0945552008639372,-0.2063425161384772
2005-08-30,-0.019401245997972105,-0.0996412203619812,-0.20887613090819734
2005-08-31,-0.01412574615691331,-0.09425599839614052,-0.20107237684600643
2005-09-01,-0.012063004154281298,-0.0909875049386708,-0.2002474715798469
2005-09-02,-0.009611488663461842,-0.08962177714309028,-0.2025846498891699
2005-09-06,-0.005812149841311953,-0.08485361388350598,-0.19252219620118316
2005-09-07,0.0,-0.0834015361201339,-0.19057781089546166
2005-09-08,0.0,-0.08220721419752419,-0.1936482294505717
2005-09-09,0.0,-0.0807783983118111,-0.18722584406940812
2005-09-12,0.0,-0.0794113068288278,-0.18782810003586603
2005-09-13,0.0,-0.0830754541943538,-0.1939559905608198
2005-09-14,-0.004590045646885144,-0.08438556764356508,-0.19660085006319783
2005-09-15,-0.0007686943180379435,-0.08147644137720744,-0.19622771668907468
2005-09-16,-0.0016031937261281604,-0.07757911701051112,-0.18956302237873124
2005-09-19,0.0,-0.07549596694134741,-0.1940737885033036
2005-09-20,0.0,-0.07761832363234977,-0.20041114199111376
2005-09-21,0.0,-0.07905948740927016,-0.20770430510721938
2005-09-22,-0.008680095165144452,-0.0801105073959032,-0.20481058346583525
2005-09-23,-0.006664652790109193,-0.08130519598893504,-0.20437191799345122
2005-09-26,-0.00561132716542867,-0.08104323197342023,-0.20414934861094258
2005-09-27,-0.006019782791890305,-0.08037091101213811,-0.20412968898146422
2005-09-28,-0.009061556476235855,-0.08057802034892081,-0.20332444334478317
2005-09-29,0.0,-0.07100493990600676,-0.1962604028210122
2005-09-30,0.0,-0.06869521581062432,-0.19552060936539917
2005-10-03,0.0,-0.07243083135416906,-0.1969020579636197
2005-10-04,-0.0019831089830523174,-0.07425938459147208,-0.20490880169603398
2005-10-05,-0.009828544200289557,-0.08277883976689204,-0.21674541706864947
2005-10-06,-0.004615136865583791,-0.08077124607386654,-0.21995337311291463
2005-10-07,-0.004289683597344052,-0.0791341292471428,-0.21706620468135673
2005-10-10,-0.011104354511360603,-0.08065894924968808,-0.222676871133206
2005-10-11,-0.015542627944050147,-0.08219237763354115,-0.2242873624065682
2005-10-12,-0.016465022116790018,-0.08637309223150702,-0.22899448507434483
2005-10-13,-0.017568732159942924,-0.08818984302820232,-0.22954447519657983
2005-10-14,-0.021942913058332847,-0.0873838998685974,-0.22317443557683225
2005-10-17,-0.011909816604313783,-0.08110194686339933,-0.22086339018962065
2005-10-18,-0.018305644670799537,-0.08502372110245171,-0.22869335709111605
2005-10-19,-0.020515229473696217,-0.08287643551924961,-0.21715786970172934
2005-10-20,-0.026860758994358913,-0.08771952165880248,-0.22891592647362446
2005-10-21,-0.006953612210968352,-0.08622776670106047,-0.2277441006726465
2005-10-24,0.0,-0.07848596544004494,-0.2147879253432755
2005-10-25,0.0,-0.07570571379755953,-0.21664719883845085
2005-10-26,-0.0011292907758539972,-0.07666219545872655,-0.22002537850380888
2005-10-27,-0.0056786372890422765,-0.0819634477039789,-0.2281957926474898
2005-10-28,0.0,-0.07983135964298049,-0.21542294735886403
2005-10-31,0.0,-0.07464365696910913,-0.20979270119472937
2005-11-01,-0.005629973277858635,-0.0826507987904056,-0.21257509818626263
2005-11-02,0.0,-0.07674044060034757,-0.20471891844546297
2005-11-03,0.0,-0.07339139722546217,-0.2013277122776458
2005-11-04,-0.0013129838005028205,-0.0726566072890732,-0.20119672799831667
2005-11-07,-0.0008311129297443598,-0.07357570172896133,-0.19944869923579922
2005-11-08,-0.002379263630101991,-0.07141224205869734,-0.2022115165150472
2005-11-09,0.0,-0.07016549325284294,-0.2008628339659574
2005-11-10,0.0,-0.06387226835965554,-0.19411310776226054
2005-11-11,0.0,-0.06302722828641505,-0.19165149838343465
2005-11-14,0.0,-0.06272723988766671,-0.1922799671891967
2005-11-15,0.0,-0.06461365404451402,-0.19538970500326336
2005-11-16,0.0,-0.05972489709863782,-0.19394943735099401
2005-11-17,0.0,-0.04778030892498353,-0.18636161954429253
2005-11-18,0.0,-0.04682851796857945,-0.18278053012590423
2005-11-21,0.0,-0.04236529606441264,-0.17847275367155524
2005-11-22,0.0,-0.038074442510549145,-0.17429588157934217
2005-11-23,0.0,-0.040074963665154506,-0.17142837277726253
2005-11-25,0.0,-0.034351624879721876,-0.16970000364422333
2005-11-28,-0.003971323933859461,-0.038164258016796015,-0.17676404416799418
2005-11-29,-0.02076293585447675,-0.03925110407830046,-0.17675093774834205
2005-11-30,-0.016251742328461938,-0.03942031745171393,-0.1819883909088752
2005-12-01,-0.0028505927225738192,-0.03108478608788412,-0.17204373516337235
2005-12-02,-0.0019139454668536393,-0.028307189271416955,-0.17177537322927394
2005-12-05,-0.006525716557171268,-0.028897968415229403,-0.17373286495464768
2005-12-06,-0.003844807413622031,-0.029214370541783108,-0.1726788370961535
2005-12-07,0.0,-0.023724260289024968,-0.17682294313923597
2005-12-08,-2.3557868611412403e-07,-0.02443821150718939,-0.17782462523631437
2005-12-09,0.0,-0.016598740719433347,-0.17551357984910276
2005-12-12,0.0,-0.008969104648685167,-0.1748195789450795
2005-12-13,-0.003016690477184336,-0.01695813568472615,-0.17023680742961278
2005-12-14,-0.01573587406329746,-0.02540896229357159,-0.16676048945124933
2005-12-15,-0.01472856466752348,-0.027727433753392594,-0.1679389483792465
2005-12-16,-0.010499806419134283,-0.028598436417426876,-0.1703088927377
2005-12-19,-0.014520676405663235,-0.03240898572061801,-0.17515347297743877
2005-12-20,-0.015026565129621194,-0.03631558378024302,-0.17534990943783602
2005-12-21,-0.02044921209319328,-0.04312347298085173,-0.1732745398527854
2005-12-22,-0.008817203397839646,-0.03377357785051083,-0.1697851154547696
2005-12-23,-0.00570899648736678,-0.033252527788286135,-0.16943156179293184
2005-12-27,-0.009162922183781563,-0.036910112281216545,-0.1773663001344521
2005-12-28,0.0,-0.025354132116782946,-0.17629916585630545
2005-12-29,-0.007911678049372428,-0.03023795905426896,-0.17875422202530555
2005-12-30,-0.012175636354897601,-0.03236053005285755,-0.18276742370625187
2006-01-03,0.0,-0.015252564865757656,-0.16933989677255945
2006-01-04,0.0,-0.012036293343757332,-0.16628913784692778
2006-01-05,0.0,-0.012296542473324346,-0.16627603142727565
2006-01-06,0.0,-0.0013633125034123728,-0.15843951131595413
2006-01-09,0.0,0.0,-0.1553624596338249
2006-01-10,-0.002438508619883595,0.0,-0.15566366753424699
2006-01-11,0.0,0.0,-0.15272407342408012
2006-01-12,-0.01049582275590788,-0.0035702918769323633,-0.15804008518533363
2006-01-13,-0.007911604861767563,-0.00029704796906493414,-0.15702537658579596
2006-01-17,-0.009530214343879462,0.0,-0.16008924193107976
2006-01-18,-0.016314272705126198,-0.008537523284782522,-0.16336265015641316
2006-01-19,-0.003268503136618528,0.0,-0.1587078732500523
2006-01-20,-0.014550311645185054,-0.0024742154470639433,-0.17412565795824908
2006-01-23,-0.012132508805132391,-0.009279109724443568,-0.17260027849543313
2006-01-24,-0.002388986718144248,-0.004807129711952629,-0.1706100207209289
2006-01-25,-0.0023291382253809445,-0.0030873660394299396,-0.17203718195354611
2006-01-26,0.0,-0.002064429495268638,-0.16604690883494078
2006-01-27,0.0,0.0,-0.15957209777516834
2006-01-30,-0.003191462261982858,0.0,-0.15860973493704678
2006-01-31,-0.004145014606275366,0.0,-0.1619551485532742
2006-02-01,-0.010952295229414766,0.0,-0.16039700304132787
2006-02-02,-0.017589074552530448,-0.0028267457500315007,-0.16800440056031463
2006-02-03,-0.023654442006946996,-0.007787526789654997,-0.17246274100627823
2006-02-06,-0.016398815180961646,-0.007923764207436679,-0.1718146125710377
2006-02-07,-0.030829039663437308,-0.016319288351635652,-0.17851854622314478
2006-02-08,-0.03052806691330323,-0.017933640984182153,-0.17140215993795793
2006-02-09,-0.02921286252960187,-0.013520983525820207,-0.17262641141754476
2006-02-10,-0.033979825199483504,-0.014228282526424718,-0.17052490891038252
2006-02-13,-0.04536010764863807,-0.022138025115087778,-0.17322874730119564
2006-02-14,-0.04858150743068146,-0.023501825018766853,-0.16493390208801173
2006-02-15,-0.047478450705483954,-0.020571304396624024,-0.1620074943146902
2006-02-16,-0.03602063989352311,-0.01835710101930388,-0.15586657728727715
2006-02-17,-0.03130403998014164,-0.01335063970282635,-0.15726760559778297
2006-02-21,-0.03279112018022501,-0.015293357716935962,-0.16002378975001197
2006-02-22,-0.03770698596783195,-0.012322273954186724,-0.1537126491015064
2006-02-23,-0.03890367093964331,-0.0139347633627398,-0.15690749872611942
2006-02-24,-0.038524933418033536,-0.010954608930467624,-0.155833811238147
2006-02-27,-0.03018161053692936,-0.007868697339338815,-0.15276339268303707
2006-02-28,-0.0386044017416759,-0.010772009217590583,-0.1615753820521323
2006-03-01,-0.02298876466126709,-0.0004926366374281566,-0.15464887901751678
2006-03-02,-0.021781715614172192,-0.0013384486887265679,-0.1560236944887181
2006-03-03,-0.02210004928844178,-0.0020848875692767166,-0.15727415880760964
2006-03-06,-0.02720307420952872,-0.00469515613377014,-0.16314663398373108
2006-03-07,-0.04169733541890219,-0.014402763922721662,-0.16470477949567752
2006-03-08,-0.0498208493499217,-0.019039008664012314,-0.16300917641176893
2006-03-09,-0.04876282720577185,-0.019132936807725542,-0.1670943834836094
2006-03-10,-0.05849042366027224,-0.0252355666420786,-0.16107781760850637
2006-03-13,-0.051764782871908666,-0.0196168676475571,-0.15930365592387774
2006-03-14,-0.04042541493029761,-0.013347644327957098,-0.15056367194567644
2006-03-15,-0.03089171960120307,-0.004710754834848618,-0.1469367100585054
2006-03-16,-0.04444930101111466,-0.008842289346301269,-0.14542443701534158
2006-03-17,-0.043971485861806214,-0.007613747726137432,-0.14416741948662426
2006-03-20,-0.04353634064600753,-0.004548701310279624,-0.14558810742660833
2006-03-21,-0.044580668269769474,-0.01245155080045146,-0.15072734235694296
2006-03-22,-0.04643613978330274,-0.009065162792029069,-0.14561424034871973
2006-03-23,-0.046958625867251635,-0.011905151884234688,-0.1478205142959067
2006-03-24,-0.029363733550789917,-0.00407734518434022,-0.14698258252728802
2006-03-27,-0.021028166374391644,0.0,-0.14785983355486332
2006-03-28,-0.018370971065129194,-0.0005115872326078019,-0.15334606893720948
2006-03-29,-0.004331892628318013,0.0,-0.14702182186905155
2006-03-30,0.0,0.0,-0.14875019100209064
2006-03-31,0.0,-0.001216228399925967,-0.15227238144923705
2006-04-03,0.0,0.0,-0.15034757585580072
2006-04-04,0.0,0.0,-0.14503156409454732
2006-04-05,0.0,0.0,-0.1413457032361346
2006-04-06,0.0,0.0,-0.14299551376845332
2006-04-07,-0.005529550078245848,-0.005159344205127536,-0.1518599288161574
2006-04-10,-0.0026180091975613884,-0.0020128040086204724,-0.15112668857037048
2006-04-11,-0.01069084851801716,-0.005565537279267119,-0.15770627107016744
2006-04-12,-0.004811730084832044,-0.005068192823546647,-0.156691482553437
2006-04-13,-0.009203385540966669,-0.005379406133818487,-0.15603680090837047
2006-04-17,-0.007206836328107147,-0.007750366811947407,-0.1585180699166746
2006-04-18,0.0,0.0,-0.1441477598571459
2006-04-19,0.0,0.0,-0.1424128375142808
2006-04-20,0.0,-0.0012081572880153768,-0.14141123533439548
2006-04-21,-0.0015868865987369585,-0.0052082135698497956,-0.14152903327687927
2006-04-24,0.0,-0.007189570187171701,-0.1436044028619301
2006-04-25,0.0,-0.0012427916176074305,-0.14777472174431694
2006-04-26,-0.00022417245340811132,-0.00026414391518270186,-0.14537201133673283
2006-04-27,0.0,0.0,-0.14255037500343593
2006-04-28,0.0,-0.0005119392401373712,-0.1419676987492634
2006-05-01,0.0,-0.0033302068230689486,-0.14551610203571397
2006-05-02,0.0,0.0,-0.14026554245552858
2006-05-03,0.0,0.0,-0.14359784965210387
2006-05-04,0.0,0.0,-0.14089401126129075
2006-05-05,0.0,0.0,-0.13204925584306504
2006-05-08,-0.002374660613981616,-0.0007829474575475892,-0.1327693896691997
2006-05-09,-0.001775660919572819,0.0,-0.13245515526631857
2006-05-10,-0.005798726875505311,0.0,-0.1339544018070229
2006-05-11,-0.009552103679341006,0.0,-0.145038117304373
2006-05-12,-0.021960179489360243,0.0,-0.15464887901751645
2006-05-15,-0.0408125770054516,-0.019768910566101527,-0.1525146104612235
2006-05-16,-0.04359404488665353,-0.018950376343002895,-0.15409896881247442
2006-05-17,-0.04699644489721855,-0.020436377019952934,-0.16834484780250025
2006-05-18,-0.05730534752923144,-0.025921176473768792,-0.17391611507819982
2006-05-19,-0.07408612278619564,-0.04503646173188092,-0.17049869607107826
2006-05-22,-0.07996678657296596,-0.04778330628436611,-0.1737459713742998
2006-05-23,-0.06858376258596777,-0.04276900846581644,-0.17734016721234036
2006-05-24,-0.07361804486213563,-0.05033273616281597,-0.17603735713203317
2006-05-25,-0.07569128204894149,-0.04869570424171121,-0.16666882443087705
2006-05-26,-0.07807612847258738,-0.046848144260677294,-0.16190272287466556
2006-05-30,-0.07571896532463485,-0.044737498484443416,-0.1751862390265695
2006-05-31,-0.07685588966827883,-0.0462484320485278,-0.16849541179411476
2006-06-01,-0.07906750606904345,-0.053873833014780104,-0.15826928769486137
2006-06-02,-0.07614197118482935,-0.05023044042020819,-0.15662603037236855
2006-06-05,-0.08386734852897271,-0.053236754003552655,-0.1716378357401187
2006-06-06,-0.0923422462933513,-0.061806823575977554,-0.1725806188659551
2006-06-07,-0.10061486237369466,-0.06822156118436229,-0.177621635566091
2006-06-08,-0.10464198349038323,-0.07112522696950296,-0.17645628305774608
2006-06-09,-0.10904327051253604,-0.0717145906764437,-0.1801421439161589
2006-06-12,-0.12033080644576821,-0.08205125655914336,-0.18987078348897923
2006-06-13,-0.13340528522023065,-0.09655052371679984,-0.19887265610864557
2006-06-14,-0.13429190847398176,-0.103868783198239,-0.1947153637287179
2006-06-15,-0.11944620558641539,-0.09364862399714902,-0.17761508235626478
2006-06-16,-0.12232857307670075,-0.09359900356311002,-0.18063970835978505
2006-06-19,-0.1287184040789371,-0.09813650933284257,-0.18810964830680943
2006-06-20,-0.13227300646481444,-0.10066770364212319,-0.18811620151663555
2006-06-21,-0.1196176317587253,-0.09131624885194534,-0.18020767601442
2006-06-22,-0.11889985575319018,-0.0891677997590784,-0.18452855888842112
2006-06-23,-0.11999412708420476,-0.0918602283685197,-0.1852486927145559
2006-06-26,-0.11812465580849751,-0.08782089743574195,-0.18128128358519946
2006-06-27,-0.12254313177091047,-0.09046167382207704,-0.18871853740028632
2006-06-28,-0.1203132960704345,-0.09161723508713748,-0.18426667024695587
2006-06-29,-0.10360465121794149,-0.0782834089160227,-0.16667537764070295
2006-06-30,-0.0902557761335212,-0.06630385106535086,-0.16842340640322018
2006-07-03,-0.08182067302283469,-0.05846514332466035,-0.16188314316237995
2006-07-05,-0.09165872620257032,-0.0642941771763812,-0.16795852809153178
2006-07-06,-0.09201304437383107,-0.06245484130836276,-0.16588323842367403
2006-07-07,-0.09658037253198104,-0.06362774388860304,-0.17151348458780857
2006-07-10,-0.10252516852666549,-0.06840765910880142,-0.17029578631804765
2006-07-11,-0.09384609273690514,-0.06405223497801893,-0.1669633992042795
2006-07-12,-0.09303676293764362,-0.06041806544340844,-0.1760176975025548
2006-07-13,-0.10233272521358772,-0.06641041512243961,-0.1867020667864775
2006-07-14,-0.09787440605355191,-0.06207333461672415,-0.1906825823354863
2006-07-17,-0.10459684041748962,-0.06735888025148562,-0.1918020623750485
2006-07-18,-0.10272481571482839,-0.07024883803590043,-0.19025047007292828
2006-07-19,-0.09424691748547609,-0.06594357199043965,-0.1752254783683329
2006-07-20,-0.10274733727226815,-0.07204979652242427,-0.18221751350120952
2006-07-21,-0.11892194819354118,-0.07936896955774198,-0.1880048768667848
2006-07-24,-0.11953450325447912,-0.08699459861516401,-0.17450534454219813
2006-07-25,-0.10908955586300229,-0.07840517111510503,-0.16928755101114323
2006-07-26,-0.11202684640466942,-0.08117598076464316,-0.1696017854140245
2006-07-27,-0.09959461345418719,-0.07115727452883513,-0.17300617791868667
2006-07-28,-0.08428595522138782,-0.06574232838673744,-0.1629567507331594
2006-07-31,-0.08856123681040329,-0.06839179103659976,-0.16419410863239858
2006-08-01,-0.0945958022355774,-0.07065588438663017,-0.16795197488170577
2006-08-02,-0.07902674833049594,-0.059224205453755285,-0.16370309739859845
2006-08-03,-0.07454131938608555,-0.062099405471667035,-0.1618307174837711
2006-08-04,-0.07549192895051904,-0.059242577091908055,-0.16242650015759585
2006-08-07,-0.07819837004499652,-0.06240502656606217,-0.16477678488657088
2006-08-08,-0.07581032482362293,-0.06613300179252579,-0.16758539471740863
2006-08-09,-0.07470250222434505,-0.06466371274912541,-0.17120580339475355
2006-08-10,-0.07474956247874187,-0.06495144587147306,-0.16736929862753314
2006-08-11,-0.0825186068205257,-0.06728389483003838,-0.17068857932164927
2006-08-14,-0.08917211417080573,-0.0754610364060384,-0.1697262164835276
2006-08-15,-0.06961986411258891,-0.06761748545803514,-0.15835439950540764
2006-08-16,-0.05325489386066673,-0.05990250368432093,-0.15190572136774672
2006-08-17,-0.05549160410190834,-0.06073211726033856,-0.15056367194567588
2006-08-18,-0.06048356531549537,-0.06556888215615797,-0.1474080616628265
2006-08-21,-0.06338664482036427,-0.06241129351207653,-0.15053745910637162
2006-08-22,-0.06420106511450285,-0.06315263174138253,-0.1496864209181007
2006-08-23,-0.06533715245650473,-0.06285482908299211,-0.15350318613864977
2006-08-24,-0.0672128320782368,-0.0646334205815805,-0.15149326873466695
2006-08-25,-0.06969709634611454,-0.06535632769797028,-0.15212837066744822
2006-08-28,-0.06183763698716649,-0.06197999999314363,-0.1477485089050119
2006-08-29,-0.05794360163673795,-0.06407229412688553,-0.14611180479234553
2006-08-30,-0.05010211550096355,-0.05967981812483769,-0.14539822417603676
2006-08-31,-0.04712532513085976,-0.05704034027773297,-0.1464130126927673
2006-09-01,-0.054488630878682054,-0.056742194082007646,-0.1417058101077978
2006-09-05,-0.04134342329608831,-0.04611208825294344,-0.14023932961622376
2006-09-06,-0.05183366068217543,-0.05332019052886927,-0.14874363779226418
2006-09-07,-0.054757310908381096,-0.06234497049678811,-0.15282884486410464
2006-09-08,-0.06124108324995636,-0.06646672094711337,-0.1496208888198396
2006-09-11,-0.06825699965847509,-0.07633119996681537,-0.14921498939658584
2006-09-12,-0.05638943040976385,-0.06811873398522184,-0.14040300002749062
2006-09-13,-0.05202925327399299,-0.06705084306280484,-0.13708379925056757
2006-09-14,-0.05581145914603547,-0.06917973385922216,-0.13825562505154565
2006-09-15,-0.05821887926656599,-0.07352817701516767,-0.13604279789453277
2006-09-18,-0.045013389051018926,-0.06988983403181304,-0.1350476690072805
2006-09-19,-0.0531522704636509,-0.07046927332833164,-0.13736526760431822
2006-09-20,-0.04822335318107618,-0.06720317841019308,-0.13242894242701386
2006-09-21,-0.05065892538385386,-0.07034814999069217,-0.13710993217267908
2006-09-22,-0.052921716624548254,-0.06811753080318939,-0.1392376475191458
2006-09-25,-0.04476958453322055,-0.06534656711434172,-0.1316499096296374
2006-09-26,-0.042670862670680654,-0.06017633951973744,-0.12511619959862297
2006-09-27,-0.04473965056281737,-0.05841646228195341,-0.12495908239718245
2006-09-28,-0.04030050040348376,-0.05262509319100639,-0.1234598358564779
2006-09-29,-0.043343668060955465,-0.056345052895241166,-0.12544354042115624
2006-10-02,-0.04632949596999936,-0.058880400520961995,-0.1284092674534344
2006-10-03,-0.05859863504191243,-0.06719097125200801,-0.12658268009019646
2006-10-04,-0.045277279356849,-0.06398350652430396,-0.11604887479788828
2006-10-05,-0.047843436125029504,-0.061638789993837984,-0.11407172344303618
2006-10-06,-0.05091135518302059,-0.06898728500528972,-0.11644822101131591
2006-10-09,-0.0323162349544277,-0.059633641064891885,-0.11574766689746652
2006-10-10,-0.037594560522794196,-0.060965876842876576,-0.11394073916370706
2006-10-11,-0.03470134049987017,-0.06070276669690877,-0.11621254520915503
2006-10-12,-0.028923466663531405,-0.05516333603471102,-0.10778024242400897
2006-10-13,-0.01494239998451441,-0.04670024893486058,-0.10595365506077126
2006-10-16,-0.011378545875969426,-0.04097199657217443,-0.10370150864480177
2006-10-17,-0.024449309888391113,-0.04654251595657888,-0.10698147007996106
2006-10-18,-0.034427847753105256,-0.04572117042380097,-0.1058357772010945
2006-10-19,-0.028957659992208007,-0.04342768608219505,-0.10507640403319629
2006-10-20,-0.023611289197982388,-0.04350213514994106,-0.10400271654522375
2006-10-23,-0.025935937409235832,-0.04829838727827185,-0.0984902683235731
2006-10-24,-0.027953218575900607,-0.053603079678988697,-0.09825459252141222
2006-10-25,-0.020012675462805718,-0.04907236294087647,-0.09508595573610379
2006-10-26,-0.006197229506928914,-0.037568149665331396,-0.09059484924100969
2006-10-27,-0.017793280065690587,-0.04208278969491497,-0.09828080536071682
2006-10-30,-0.009511698970902649,-0.03364825768609203,-0.09789448564974856
2006-10-31,-0.002480200528614307,-0.035551169290654494,-0.0978880123571153
2006-11-01,-0.014301795935381945,-0.03543288629996999,-0.10451986070113528
2006-11-02,-0.00945402688907604,-0.03207236237700106,-0.10482762181138339
2006-11-03,-0.005407633338427975,-0.03153566269731212,-0.10681779966869454
2006-11-06,0.0,-0.02410036227100676,-0.09668334058981376
2006-11-07,0.0,-0.022652528033479724,-0.09468005631285015
2006-11-08,0.0,-0.022460499088595154,-0.09279456997837043
2006-11-09,0.0,-0.02280936934721567,-0.09763267692547617
2006-11-10,-0.0008700314469327619,-0.018523885928134143,-0.09595010034402673
2006-11-13,0.0,-0.018690053494497816,-0.09364560816664114
2006-11-14,0.0,-0.012993962471228193,-0.08788445764037056
2006-11-15,-0.005169910297655456,-0.015718216017331033,-0.08569129011283583
2006-11-16,0.0,-0.011118307672675853,-0.08360281410813286
2006-11-17,0.0,-0.013748954710165351,-0.08266011089948955
2006-11-20,0.0,-0.01000004172345792,-0.08311835608415885
2006-11-21,0.0,-0.010130632473759671,-0.0816060031238024
2006-11-22,0.0,-0.004606462758668495,-0.0794587080650504
2006-11-24,0.0,-0.001536815532844682,-0.08282378131075607
2006-11-27,-0.01637568345875451,-0.010491081696420435,-0.09525617935719644
2006-11-28,-0.013188304830678788,-0.010271967499894008,-0.09213988833330367
2006-11-29,-0.009054937912911676,-0.006843900877103404,-0.08378614414887786
2006-11-30,-1.7133839832150777e-05,-0.002209896851840809,-0.08303324427361247
2006-12-01,-0.007619796919545285,-0.004098680064656857,-0.08559962509246322
2006-12-04,0.0,0.0,-0.07747500350037206
2006-12-05,0.0,0.0,-0.0737825894321329
2006-12-06,-0.005701792880896006,-0.006024623641483928,-0.07500028770189382
2006-12-07,-0.013605443476333967,-0.013073306384973393,-0.0786730421406544
2006-12-08,-0.010921954160165503,-0.0065974993496830114,-0.0770036518960504
2006-12-11,-0.013326036346260062,-0.01100818867986153,-0.07490862268152132
2006-12-12,-0.017025331135654298,-0.012135685366238325,-0.07587753872946912
2006-12-13,-0.018653996000427386,-0.013997821949416567,-0.07479737794886354
2006-12-14,-0.012705934638276295,-0.008811884029317318,-0.06675786816731899
2006-12-15,-0.010982702301451264,-0.01009065495220407,-0.06571039351865082
2006-12-18,-0.01631044472003862,-0.018379245686559686,-0.06872846631234486
2006-12-19,-0.01305218369064809,-0.016007045767640005,-0.06671854890836215
2006-12-20,-0.017539406536187685,-0.01691348696138839,-0.06804101861814771
2006-12-21,-0.019426395280720543,-0.01812057268845446,-0.07146499083509539
2006-12-22,-0.023442661046825575,-0.020426399038480536,-0.07640131601239963
2006-12-26,-0.020064803711056345,-0.018306940750509537,-0.07238156112162719
2006-12-27,-0.010284718563040252,-0.011383520801783398,-0.06587406392991735
2006-12-28,-0.010907279571183981,-0.010473501969123111,-0.06725543261094491
2006-12-29,-0.012888812903629754,-0.012077855289654438,-0.07146499083509539
2007-01-03,-0.011174509258793153,-0.005270004750967838,-0.07257799758202466
2007-01-04,-0.01360769286646002,-0.00671435377265861,-0.07143885791298421
2007-01-05,-0.029844187996876492,-0.018739930122068205,-0.0770887637065969
2007-01-08,-0.028125298140648347,-0.017970493824440714,-0.07503960696085055
2007-01-09,-0.03170901285632899,-0.01695903301933821,-0.07551751177499832
2007-01-10,-0.02667442844616219,-0.014930607342290791,-0.07372369046089111
2007-01-11,-0.022018745561572906,-0.009027683407576537,-0.06785121528476967
2007-01-12,-0.0118760637488029,-0.0024371072640826386,-0.06332734274054519
2007-01-16,-0.010104331838276859,0.0,-0.06256133644562789
2007-01-17,-0.0034799877120350597,-0.003228464961498645,-0.06339934813143955
2007-01-18,-0.016019080605633063,-0.005185465301843273,-0.06618174512297281
2007-01-19,-0.01737996613019943,-0.006600437136827675,-0.06347790673215992
2007-01-22,-0.016882517387061036,-0.005157146812514779,-0.06842078511929017
2007-01-23,-0.013742681447786897,-0.003435446963858002,-0.06512116405465274
2007-01-24,-0.003283972598168483,0.0,-0.05717331929348035
2007-01-25,-0.01302435017868575,-0.0007368819558328799,-0.06779878960616126
2007-01-26,-0.011949216288914433,-0.00338652422990382,-0.06892482285554946
2007-01-29,-0.019526974855819446,-0.002693814062232902,-0.06994616458210612
2007-01-30,-0.014493696363996444,-0.001207609506634788,-0.06457780705943683
2007-01-31,-0.01014017856786431,0.0,-0.05841067719271953
2007-02-01,-0.008355326601477198,0.0,-0.053369660492583515
2007-02-02,-0.013431616065820218,-0.005398949355732041,-0.05176564251185434
2007-02-05,-0.014749728010439722,-0.0044352543636742014,-0.05268221279838636
2007-02-06,-0.007500349740099943,-0.0024824395550773204,-0.052020977943493696
2007-02-07,-0.0005730364113525344,0.0,-0.05069850823370814
2007-02-08,-0.0006279872814394238,0.0,-0.05181798827327033
2007-02-09,-0.007101148426642112,-0.0007388195124149455,-0.05852847513520332
2007-02-12,-0.009840368867237603,-0.0021236037194612978,-0.061598973607506324
2007-02-13,-0.005463276160733943,0.0,-0.054469480902667455
2007-02-14,0.0,0.0,-0.047241769967629854
2007-02-15,-0.002471058159136841,-0.00014932735859818358,-0.0462531942902038
2007-02-16,-0.0019090515942418174,-7.65102486659508e-05,-0.04708465276618945
2007-02-20,-0.0009820940301584757,0.0,-0.04437426116555021
2007-02-21,-0.0026302829534383676,-0.00029926896281773363,-0.04571639050481402
2007-02-22,0.0,0.0,-0.046534742561147424
2007-02-23,0.0,0.0,-0.04993258185598359
2007-02-26,-0.0025739212816879853,-0.0003253946872662228,-0.051124067286440034
2007-02-27,-0.02070193576998769,-0.01998740074836003,-0.08407416571245496
2007-02-28,-0.02462159504450523,-0.024033621827753038,-0.07898080325090306
2007-03-01,-0.027442873912177923,-0.023102236778932306,-0.08137032732164196
2007-03-02,-0.04491770333470679,-0.03716658253152483,-0.09184523364270825
2007-03-05,-0.06036026069629896,-0.04822565467306972,-0.10038886107770528
2007-03-06,-0.04356865529987064,-0.03794870683386253,-0.0864506632807347
2007-03-07,-0.046513700323271734,-0.038387562325524205,-0.0887028096967043
2007-03-08,-0.03602539835046581,-0.032725336659985005,-0.08220833900745361
2007-03-09,-0.03869759770623882,-0.033615494463791085,-0.08158642341151756
2007-03-12,-0.03567802308062229,-0.03317553286391384,-0.07912481403269167
2007-03-13,-0.044890933060779736,-0.040001358730379355,-0.09788145914728974
2007-03-14,-0.046185802421236044,-0.03999085855785489,-0.09184523364270858
2007-03-15,-0.04314534982226703,-0.03647709712044567,-0.08849982002648116
2007-03-16,-0.042321221458780145,-0.03528232823282129,-0.09198932434168994
2007-03-19,-0.039927131099073976,-0.030888288576692235,-0.08209701435760319
2007-03-20,-0.03467077234412119,-0.026847898669607906,-0.07628351806991651
2007-03-21,-0.023278854896044643,-0.019320116553364852,-0.060505626490055864
2007-03-22,-0.021194768313132828,-0.01803172746331405,-0.060832967312589026
2007-03-23,-0.023974027144427756,-0.02148127257539212,-0.05980515229339933
2007-03-26,-0.018523468047762504,-0.01725356297905245,-0.05889513521669332
2007-03-27,-0.02447526067249528,-0.019662949307359567,-0.0647152646313991
2007-03-28,-0.02844869434369901,-0.02162315819095384,-0.07216554494894534
2007-03-29,-0.03115237798252346,-0.024050183159082916,-0.06869570026321503
2007-03-30,-0.03117472518051234,-0.023073785432846994,-0.0697890473806656
2007-04-02,-0.03190856598410163,-0.02443386411877435,-0.06737323055342948
2007-04-03,-0.02472642609454223,-0.017218980077527646,-0.05871835838577466
2007-04-04,-0.021871972071380363,-0.012243099683027281,-0.057670883737106604
2007-04-05,-0.011321108435191629,-0.009624966702392102,-0.05479682172520084
2007-04-09,-0.014665166053127843,-0.009811483893620632,-0.054240358310332804
2007-04-10,-0.014336496037072544,-0.006671862473957679,-0.05176564251185467
2007-04-11,-0.017651387240489536,-0.009187547807415819,-0.05799822455963999
2007-04-12,-0.0123699352408847,-0.00622893046128925,-0.05215188230562984
2007-04-13,-0.011199900514485384,-0.0023107824614095884,-0.04884578794835914
2007-04-16,-0.005964354262578797,0.0,-0.038711328869478256
2007-04-17,-0.005540791911219811,0.0,-0.03664906570408
2007-04-18,0.0,-0.000647419587440079,-0.03598127763936099
2007-04-19,-0.004100530543880598,-0.004497239833206268,-0.03714007693787991
2007-04-20,0.0,0.0,-0.028223316128759834
2007-04-23,-0.003919888956442019,-0.001520751429492817,-0.03046227620788411
2007-04-24,0.0,-0.001478531841134556,-0.030802723450069625
2007-04-25,0.0,0.0,-0.020975945564243537
2007-04-26,-0.0032251374686326217,-0.0038395489297954333,-0.021741951859161057
2007-04-27,-0.0066883904153269835,-0.0013550874042724814,-0.02185982971883793
2007-04-30,-0.010427684292125039,-0.0065392432934653355,-0.029519572999240573
2007-05-01,-0.009518644731505321,-0.007002791537513597,-0.026946638970563597
2007-05-02,-0.014425711350193438,-0.004639210723222376,-0.020648604741710153
2007-05-03,-0.007975465447562002,-0.0012960993960055012,-0.016412833678255412
2007-05-04,-0.0006130999274771565,0.0,-0.014298224751440936
2007-05-07,-0.003772034102775268,-7.477043666603844e-05,-0.011771163191546807
2007-05-08,-0.00889335653805623,-0.0019320095686046201,-0.012923409280239384
2007-05-09,-0.008763549768230794,-0.001728436825360391,-0.00974166607527871
2007-05-10,-0.021413177166454744,-0.012600178933453221,-0.02356198601257231
2007-05-11,-0.014422872659614505,-0.010088529007448943,-0.014147660759826208
2007-05-14,-0.017801674452948002,-0.011920651319218822,-0.015915269234628937
2007-05-15,-0.0206558867477038,-0.016070512025656458,-0.01719849960265074
2007-05-16,-0.015961375183613846,-0.012779739486690422,-0.00872032434872172
2007-05-17,-0.02085433342499643,-0.018891143595810234,-0.009630341425427513
2007-05-18,-0.020294423472786427,-0.01574793701894961,-0.0030835249747609428
2007-05-21,-0.020306176998289516,-0.011997029162145734,-0.0015450390922929769
2007-05-22,-0.015371238598942183,-0.008732958138270797,-0.0021866143177073916
2007-05-23,-0.02088783743276601,-0.010395312844051374,-0.0033912061678160743
2007-05-24,-0.02733412098984145,-0.017857070363662575,-0.013060866852201203
2007-05-25,-0.02530502362635001,-0.01643609398847712,-0.0076794029098797845
2007-05-29,-0.019551182404025536,-0.01179504173779966,-0.006121257397933344
2007-05-30,-0.020522055058486477,-0.011863995375073322,0.0
2007-05-31,-0.00975069369430892,-0.007088104998767442,0.0
2007-06-01,-0.001751209450032043,-0.002288467566694097,0.0
2007-06-04,-0.0001678666834400433,0.0,0.0
2007-06-05,0.0,-0.0008931844537322098,-0.005347069382311553
2007-06-06,-0.001884551199232254,-0.005429498280418499,-0.01416341692810097
2007-06-07,-0.004281863313257306,-0.013002560932189655,-0.031484349664599454
2007-06-08,-0.003503400112013666,-0.013910106680949497,-0.02047194523451301
2007-06-11,-0.00782438896649229,-0.016214322984267393,-0.019529916932899294
2007-06-12,-0.01519860881336077,-0.02104412850320503,-0.030003022453155115
2007-06-13,-0.009631310847428964,-0.015722442549569005,-0.015274372682353321
2007-06-14,-0.003130468612612014,-0.010516402225325239,-0.010531635313705157
2007-06-15,0.0,-0.0062618634770887915,-0.0040736101771418065
2007-06-18,0.0,-0.004885402228784419,-0.005282036278479341
2007-06-19,0.0,-0.004691025746723976,-0.0035604038175069963
2007-06-20,-0.0005442436585476607,-0.008239851146812471,-0.01711306473022456
2007-06-21,0.0,-0.008730743560968923,-0.011038417671620282
2007-06-22,0.0,-0.012045800231430204,-0.02379188518516584
2007-06-25,-0.0048874811022671105,-0.014732341346699096,-0.026923467060693596
2007-06-26,-0.012267337971165304,-0.01681774592925067,-0.030074479558708123
2007-06-27,-0.009440483431985558,-0.014059745626762266,-0.02133609242885448
2007-06-28,-0.006052125972504152,-0.011262464995672627,-0.021745404439683425
2007-06-29,-0.007684206855667952,-0.010589390424632361,-0.02327867882553103
2007-07-02,0.0,-0.004027511919947768,-0.012831507238145301
2007-07-03,0.0,-0.002225412247440328,-0.009297195970834782
2007-07-05,0.0,-0.0017545764355927362,-0.00895283775517497
2007-07-06,0.0,-0.001167167185755047,-0.0056784209772056116
2007-07-09,0.0,0.0,-0.004762326608461431
2007-07-10,-0.0024594250791063477,-0.004582104331856018,-0.018880220363879707
2007-07-11,-0.0033835875312642205,-0.0019970969045890463,-0.013266832490507197
2007-07-12,0.0,0.0,0.0
2007-07-13,0.0,0.0,0.0
2007-07-16,0.0,-0.0016020454131209227,-0.0019194721215781696
2007-07-17,0.0,0.0,-0.0020161062047103773
2007-07-18,-0.008882520369268065,-0.0018331310806458667,-0.004077266379830968
2007-07-19,-0.0027738637915989406,0.0,0.0
2007-07-20,-0.009701347930531012,-0.00186537905006523,-0.012220864994591074
2007-07-23,-0.008244707878404478,-0.0011179990240838267,-0.00741108641622279
2007-07-24,-0.011745398176844724,-0.007888924027435795,-0.02706873965393375
2007-07-25,-0.015618800418373602,-0.010730202621452523,-0.022529419749425128
2007-07-26,-0.025457753682181394,-0.020280898053983698,-0.045342109786729035
2007-07-27,-0.03280241371187276,-0.0300945571899639,-0.06060860196916862
2007-07-30,-0.024462504498863114,-0.026306961081626445,-0.05097607600069498
2007-07-31,-0.02555243873322266,-0.030226467705207094,-0.06297804317293831
2007-08-01,-0.02691226277943448,-0.028909073623092918,-0.05619150329042322
2007-08-02,-0.02697960951421663,-0.025248745162503416,-0.05207716741659141
2007-08-03,-0.0392471604633321,-0.033328930824431,-0.07727863397698198
2007-08-06,-0.03193198081577897,-0.027224979685729234,-0.054993892475660444
2007-08-07,-0.03199434698559844,-0.0265142926623243,-0.049173253971541375
2007-08-08,-0.017420630743169685,-0.015296931056375418,-0.03579337020196183
2007-08-09,-0.03078091346546874,-0.029577322859545174,-0.06438174019603005
2007-08-10,-0.0348549978033732,-0.028757130449836965,-0.06402757373732293
2007-08-13,-0.03437014344683009,-0.028950952946574127,-0.0644911498077746
2007-08-14,-0.03523099904954019,-0.03572941424116616,-0.08147675623452022
2007-08-15,-0.051898711793748276,-0.042377728805897075,-0.09425142878970871
2007-08-16,-0.05784845116058668,-0.04571809052939413,-0.09130884470602496
2007-08-17,-0.04661410634217822,-0.039447548066881555,-0.06898551116492868
2007-08-20,-0.04346666532159538,-0.037941300140518774,-0.06923655592061229
2007-08-21,-0.03516624918562772,-0.03683052079751814,-0.06822569599486139
2007-08-22,-0.026888325719603645,-0.03108037047701595,-0.057311930025636615
2007-08-23,-0.026829352478653812,-0.03221699139252332,-0.05832278995138751
2007-08-24,-0.023016036458667344,-0.026754702340724967,-0.047460506234815236
2007-08-27,-0.02324212839147599,-0.029034289118126777,-0.055560511650276645
2007-08-28,-0.0350085496040945,-0.036089843671287536,-0.07772939843341486
2007-08-29,-0.021297734812118052,-0.027189674689948706,-0.057511492528667496
2007-08-30,-0.023320586243199326,-0.02606706417629001,-0.061452046325224385
2007-08-31,-0.008747338525158743,-0.018640622365114434,-0.05092459374804226
2007-09-04,0.0,-0.01035875463566771,-0.040989462172373425
2007-09-05,-0.0012609937804691773,-0.013411718036245857,-0.052019161458640606
2007-09-06,0.0,-0.008648158171082554,-0.04798845477079727
2007-09-07,-0.006669818915655545,-0.010505910662983342,-0.06408550109641475
2007-09-10,-0.006179982701890019,-0.010337509758055252,-0.06527674540359774
2007-09-11,-0.0003945637808971947,-0.004116075808188513,-0.052534298380604305
2007-09-12,-0.004093981856392093,-0.0041101311573186194,-0.05248918263553137
2007-09-13,-0.00494445661679721,-0.0033477054049789734,-0.04451155564355158
2007-09-14,-0.0037607533231674983,0.0,-0.04431835964810049
2007-09-17,-0.006655242580537957,-0.0019090882258862019,-0.04921184601131612
2007-09-18,0.0,0.0,-0.021441218546407015
2007-09-19,0.0,0.0,-0.015485311405928681
2007-09-20,0.0,0.0,-0.02210443571874865
2007-09-21,0.0,0.0,-0.017597262747576004
2007-09-24,0.0,-0.003391360361588047,-0.022761207784651405
2007-09-25,0.0,-0.001665387409504837,-0.023096038924041773
2007-09-26,0.0,0.0,-0.017809715463484865
2007-09-27,-0.00016541332440855872,0.0,-0.013972204771092511
2007-09-28,0.0,0.0,-0.01695338089455123
2007-10-01,0.0,0.0,-0.0038889929450453
2007-10-02,-0.005500214164225525,-0.0038982105147352675,-0.004153006512466084
2007-10-03,-0.01574036412175639,-0.006814055555050436,-0.008685959909395025
2007-10-04,-0.01948704439274973,-0.008166817389129721,-0.006593343887064673
2007-10-05,-0.00640589685333004,0.0,0.0
2007-10-08,-0.0039044105442495036,-0.00022787336895113697,-0.003216513893620432
2007-10-09,-0.005024501640318979,0.0,0.0
2007-10-10,-0.0017700507230142826,0.0,-0.001712330236164239
2007-10-11,-0.012302702324993975,-0.0025455244562295753,-0.006861955765802952
2007-10-12,-0.006050322288592924,0.0,-0.002140354300663061
2007-10-15,-0.0035806472193709027,0.0,-0.010503825972029257
2007-10-16,-0.0017503208460946107,-0.003210050695722555,-0.017007951124144438
2007-10-17,0.0,0.0,-0.015276512670814868
2007-10-18,0.0,0.0,-0.01601767751865213
2007-10-19,-0.013769808104797554,-0.011279383474100957,-0.04122289782118749
2007-10-22,-0.009366261966719747,-0.01184580531560564,-0.03758110560768457
2007-10-23,0.0,-0.0023023737228916596,-0.029109068065731103
2007-10-24,-0.005618619152865878,-0.006161847184775304,-0.03147942290688377
2007-10-25,-0.016422709882726094,-0.005493356824145423,-0.0324250066820263
2007-10-26,-0.013147897366558636,0.0,-0.019084429384569446
2007-10-29,-0.004084369200157867,0.0,-0.015442637171066531
2007-10-30,-0.0004930686672768303,-0.002217118436926291,-0.02180621943611405
2007-10-31,0.0,0.0,-0.010075723914807155
2007-11-01,-0.0040535333675750795,-0.008878738818973941,-0.03623300138850416
2007-11-02,0.0,-0.004090698501415968,-0.03545985952418618
2007-11-05,0.0,-0.002846928390677128,-0.040238941626267954
2007-11-06,0.0,0.0,-0.028674570605213057
2007-11-07,-0.006106032979109721,-0.006007319899070329,-0.05720220292006295
2007-11-08,-0.01986650476426377,-0.010825089498738949,-0.057745266251167826
2007-11-09,-0.032209259641399535,-0.024324766313297164,-0.07120727821852724
2007-11-12,-0.06195278918592473,-0.04172520726939266,-0.08048427865583241
2007-11-13,-0.04443670991226889,-0.028684549647982505,-0.0537328526173847
2007-11-14,-0.04627048477953033,-0.02910955258094572,-0.0604223664723631
2007-11-15,-0.06058454491417964,-0.040584683760377605,-0.07283646821184264
2007-11-16,-0.058245981627144894,-0.039607712190453115,-0.06798711466622698
2007-11-19,-0.07516921199481696,-0.050142910823254394,-0.08426029634582988
2007-11-20,-0.062325925196188625,-0.04294245324688439,-0.0801521076480518
2007-11-21,-0.0625317325662067,-0.046837964687191036,-0.09480241674491252
2007-11-23,-0.04968915844911481,-0.03497010895284358,-0.0795131912602286
2007-11-26,-0.04903109888333279,-0.03687385428498735,-0.10090409944571299
2007-11-27,-0.050856898605139755,-0.038929565531637955,-0.08748045989813014
2007-11-28,-0.036653656264123646,-0.03085904262448902,-0.06141903548115113
2007-11-29,-0.03966188110891333,-0.03300798973895758,-0.06097182520676414
2007-11-30,-0.04638861619993351,-0.03842374406454507,-0.05367537198044314
2007-12-03,-0.05037810398954523,-0.041438935888349016,-0.05924670416400768
2007-12-04,-0.04700579050593745,-0.03855129905612242,-0.06539947209845387
2007-12-05,-0.03412801919651709,-0.03372750524347223,-0.05120276867927631
2007-12-06,-0.023150035575660866,-0.024229628885409138,-0.036935793816564866
2007-12-07,-0.028327278369831066,-0.0282304292598764,-0.03864804606000627
2007-12-10,-0.020119105167704543,-0.019516812225479407,-0.03142833767323805
2007-12-11,-0.030136811147601916,-0.029256121748170827,-0.05590518393452826
2007-12-12,-0.02115507703810826,-0.02445681734526195,-0.05019330886389606
2007-12-13,-0.030184739821540574,-0.030155277267638225,-0.04903043736213286
2007-12-14,-0.036345341005982856,-0.03928573231069832,-0.06210271969204695
2007-12-17,-0.050955502116743046,-0.04742549150268505,-0.07619077924791429
2007-12-18,-0.041156378415016404,-0.038916018349143267,-0.07038944652386014
2007-12-19,-0.04201347595747418,-0.03999428314513831,-0.07165448849291411
2007-12-20,-0.040793959796207924,-0.03612041181325076,-0.06710540693132205
2007-12-21,-0.0328619508013579,-0.0227103032551762,-0.05155420388966825
2007-12-24,-0.029521776187470983,-0.019589916701380772,-0.04389360263908604
2007-12-26,-0.02525896241111336,-0.017991866825800673,-0.04312046077476839
2007-12-27,-0.02690408187705884,-0.017300091665005013,-0.05678689166943307
2007-12-28,-0.024694593905889017,-0.015699951171835203,-0.055368516006719104
2007-12-31,-0.029585021414639034,-0.018781441226797257,-0.06184074213507684
2008-01-02,-0.03472249237525937,-0.019591435173744176,-0.0753857383598392
2008-01-03,-0.03425814239014091,-0.01640709278733654,-0.0753857383598392
2008-01-04,-0.058175251518105764,-0.032450319887668666,-0.09808645633745039
2008-01-07,-0.0688095489638485,-0.031678136020401704,-0.09517935557576562
2008-01-08,-0.06560031562176838,-0.03556121535562162,-0.11178486424859546
2008-01-09,-0.052805827539363026,-0.029204399038181506,-0.09968374730700824
2008-01-10,-0.05441288310811343,-0.02456128121927248,-0.09252791496047785
2008-01-11,-0.061635796824844435,-0.029491417298237677,-0.10486534985312757
2008-01-14,-0.04426385401452526,-0.019832452807212242,-0.09513466574541607
2008-01-15,-0.05409117969032684,-0.025109549406087894,-0.11768844543266377
2008-01-16,-0.08304028676726605,-0.0366168192797911,-0.12264004743829338
2008-01-17,-0.08767618693139767,-0.04427969428664591,-0.1481647259347404
2008-01-18,-0.08176376051930345,-0.04746019658165357,-0.1533144294571025
2008-01-22,-0.09794797433722957,-0.056976716448496445,-0.1627000737577179
2008-01-23,-0.0885421273582474,-0.04872793077857118,-0.14474653885843114
2008-01-24,-0.06372041381728943,-0.0347271480936201,-0.13614035383270617
2008-01-25,-0.06812285293749099,-0.036799650939773554,-0.1498514745577203
2008-01-28,-0.06874178558648159,-0.03196597691260328,-0.13493279250059376
2008-01-29,-0.06545292067279629,-0.029767356237518583,-0.12960417367138788
2008-01-30,-0.07068981080108006,-0.033021167955130215,-0.1337507347889425
2008-01-31,-0.06508415306616344,-0.02538705929072471,-0.11922178236926118
2008-02-01,-0.05880455641665694,-0.024792464384410406,-0.10844326602639287
2008-02-04,-0.07490851114530506,-0.0366215046833791,-0.11777150768278988
2008-02-05,-0.09142592832901986,-0.0497865950630495,-0.14599879002089322
2008-02-06,-0.08736150366999351,-0.04901667621691175,-0.1525093885690274
2008-02-07,-0.08623469521267124,-0.047982945941287936,-0.14582627011734528
2008-02-08,-0.07855873416298442,-0.04045806468650193,-0.14941697709720259
2008-02-11,-0.0747851323209735,-0.037511257962491884,-0.1444078944546311
2008-02-12,-0.07348078328783125,-0.03784330154088478,-0.13819125047994718
2008-02-13,-0.06698527327719339,-0.03597903462377838,-0.12646715036193634
2008-02-14,-0.0802481377908707,-0.03974935969589588,-0.13819125047994718
2008-02-15,-0.08142245021916206,-0.039087107766198614,-0.1374692718419981
2008-02-19,-0.08019627270750551,-0.03736645499071278,-0.13824233571359268
2008-02-20,-0.08196714571888886,-0.03559692736384723,-0.1310545263505819
2008-02-21,-0.0781724154427752,-0.031000672893472858,-0.14223556313748753
2008-02-22,-0.07375421512614322,-0.03114136810960988,-0.13547585583169863
2008-02-25,-0.07687330424629846,-0.029286282780397688,-0.12353446798706735
2008-02-26,-0.0754533243197345,-0.026897948880765465,-0.11747115770604322
2008-02-27,-0.06356367344319147,-0.01774450226782609,-0.11828259399741425
2008-02-28,-0.06938643314541237,-0.020979453611774224,-0.1261668003851899
2008-02-29,-0.07357193030111653,-0.025912929757485048,-0.1498386837511282
2008-03-03,-0.07145478153228679,-0.021899122141239902,-0.14938507807344514
2008-03-04,-0.07305469505888595,-0.022935616246439694,-0.15231768245559107
2008-03-05,-0.07141213978319028,-0.024599736524105076,-0.14787724475730912
2008-03-06,-0.07872660254643926,-0.03175369536220074,-0.16663582054467108
2008-03-07,-0.0813100834576429,-0.03433562814518032,-0.17364471460083775
2008-03-10,-0.09022832495114264,-0.041914097541471795,-0.18642304235730145
2008-03-11,-0.07670096752331768,-0.028655914836908214,-0.15621505682276782
2008-03-12,-0.08019068583345268,-0.028520375954395383,-0.16380538662981625
2008-03-13,-0.07053703165516234,-0.01876867483418243,-0.15951828262519407
2008-03-14,-0.07904677714036845,-0.023487389779374257,-0.1769862348303175
2008-03-17,-0.08359244220306095,-0.026098703440552873,-0.18435935490346833
2008-03-18,-0.0712306714020875,-0.013940244318569217,-0.14976841230759452
2008-03-19,-0.09920459673378645,-0.03945372876552222,-0.17041815564524165
2008-03-20,-0.10026183504743047,-0.04358889289004031,-0.15055426698578145
2008-03-24,-0.08161937278833253,-0.033253686859913034,-0.13753954328553197
2008-03-25,-0.0827082962577752,-0.03074732606025321,-0.1355525226785287
2008-03-26,-0.07909244497666112,-0.02629793619239318,-0.1431300616789849
2008-03-27,-0.08732308383627307,-0.032829046951431295,-0.15295020344011812
2008-03-28,-0.09205250359534134,-0.04011344799590566,-0.15968440712544596
2008-03-31,-0.08760078149153705,-0.037648862583084974,-0.15490532502336418
2008-04-01,-0.08917034350786024,-0.04095868677313408,-0.12456950941563205
2008-04-02,-0.08954642099182186,-0.04036874043126537,-0.12626265344190812
2008-04-03,-0.08923302901995844,-0.037814022752167054,-0.12512536355332937
2008-04-04,-0.0896914279322335,-0.03352243936750199,-0.12442896652856472
2008-04-07,-0.07836409069394523,-0.027119533693498288,-0.12306167609949625
2008-04-08,-0.0902416965785785,-0.03351735496193364,-0.12753409081425848
2008-04-09,-0.09068319640590672,-0.036814599272185666,-0.13459414809679393
2008-04-10,-0.08140111426866181,-0.0285380191144593,-0.13072227735007835
2008-04-11,-0.09217816890580466,-0.037850555283470255,-0.14843309889500655
2008-04-14,-0.09588450629671685,-0.04042297986745058,-0.151314618043507
2008-04-15,-0.09167304682557187,-0.03774950520228537,-0.14741077028031102
2008-04-16,-0.06839718590703658,-0.02281526073501383,-0.12806444133149453
2008-04-17,-0.06818390661925511,-0.02370310362621386,-0.12752130000766637
2008-04-18,-0.06387856582327256,-0.027444332985806508,-0.11169540659517352
2008-04-21,-0.05995798863937818,-0.023263309763733142,-0.11307540983811093
2008-04-22,-0.06232030410420453,-0.0280996846435001,-0.12088942277507586
2008-04-23,-0.06242870852099047,-0.03061449519924697,-0.11834007463435614
2008-04-24,-0.06542870427886094,-0.0280833815760968,-0.11266017658020433
2008-04-25,-0.06557615860986499,-0.030362797181647916,-0.10689713828320369
2008-04-28,-0.06662316746333397,-0.030457079842516332,-0.10783632665505016
2008-04-29,-0.07026570225600504,-0.03383718427976867,-0.1113056769577283
2008-04-30,-0.06526963862913793,-0.03895026227681786,-0.11472386403403756
2008-05-01,-0.06338260723954126,-0.034985909351241906,-0.09954959982323697
2008-05-02,-0.06002809525836217,-0.03535962915000179,-0.09663610365825603
2008-05-05,-0.06363580362583876,-0.03725755958647403,-0.10073157954216505
2008-05-06,-0.04786751173262771,-0.02515652356345488,-0.0938504375664736
2008-05-07,-0.0581857395972859,-0.03596020552300405,-0.11026424012586722
2008-05-08,-0.0561205407477221,-0.030991419492700123,-0.10699930875049435
2008-05-09,-0.05809915247470809,-0.032185006432938756,-0.11300513839457693
2008-05-12,-0.052437561164834556,-0.02308175801956236,-0.1032297644565161
2008-05-13,-0.05901056585686548,-0.028497235790449826,-0.10357472627088882
2008-05-14,-0.05792297280804093,-0.027724065903380724,-0.09998401929103151
2008-05-15,-0.043278593793522946,-0.01702123162848812,-0.09045783210334857
2008-05-16,-0.033699293409352404,-0.012268993336564948,-0.08932054221476982
2008-05-19,-0.03473949934353526,-0.010842204924603194,-0.08850271052010228
2008-05-20,-0.03625818027537131,-0.011629793892754758,-0.09695556185216736
2008-05-21,-0.04041395735560871,-0.015272919686591058,-0.11145261524809158
2008-05-22,-0.03767836932582591,-0.012893778345123397,-0.10912695023728836
2008-05-23,-0.043644143651016876,-0.014220873644344212,-0.12089574018564853
2008-05-27,-0.04208476288537866,-0.015873301882973756,-0.11487719772769689
2008-05-28,-0.03880563032386819,-0.016513834038574315,-0.11136955299796547
2008-05-29,-0.04367968329024774,-0.020023048674862265,-0.10662876532293719
2008-05-30,-0.038795180693798836,-0.016897586263570297,-0.10527426570046083
2008-06-02,-0.041759551572422726,-0.02066181270123446,-0.11467270080766856
2008-06-03,-0.048995875992369764,-0.025433650857697998,-0.11979682271684611
2008-06-04,-0.04336561605809941,-0.020537257734132286,-0.12008438188700032
2008-06-05,-0.03849466816753855,-0.015139466429399007,-0.10292941447976944
2008-06-06,-0.04646913810614328,-0.022370890606321026,-0.1306392150999519
2008-06-09,-0.05110081242259923,-0.02259829291477511,-0.1299492134784832
2008-06-10,-0.06753899050673107,-0.030503179956893334,-0.13207045956198116
2008-06-11,-0.07330290826499897,-0.03934945745140894,-0.14673355946543398
2008-06-12,-0.07426829166294491,-0.04264283329879637,-0.14393510256705955
2008-06-13,-0.06809728493121348,-0.03378789715376018,-0.1310545263505818
2008-06-16,-0.05851707074258761,-0.022963739615045387,-0.1309842549070479
2008-06-17,-0.06410674769090174,-0.027853877974769015,-0.13686864988122804
2008-06-18,-0.0689487997576047,-0.02996441325610877,-0.14525122976975924
2008-06-19,-0.06607910350285073,-0.019703499824088033,-0.14204393501677437
2008-06-20,-0.07413487387094642,-0.026535992249866025,-0.1579528906793931
2008-06-23,-0.0850347207269262,-0.03875400654959049,-0.15790820084904356
2008-06-24,-0.07837966993745926,-0.03841012953519973,-0.16027855569019622
2008-06-25,-0.07432580435246827,-0.03578393137441649,-0.15537172150763923
2008-06-26,-0.08002766583055265,-0.03848309040002207,-0.18017442136613693
2008-06-27,-0.07395218200435172,-0.035858216082025995,-0.18322206501488947
2008-06-30,-0.072281042669185,-0.03548751287914176,-0.18218702358632477
2008-07-01,-0.0683352396048037,-0.03115205486861672,-0.1790499222841505
2008-07-02,-0.07855454588150024,-0.03995975537348284,-0.1939941859544616
2008-07-03,-0.09610580567521387,-0.0412929521907307,-0.19311247821955657
2008-07-07,-0.10308579140190488,-0.047534966135429846,-0.19987858092864164
2008-07-08,-0.1030485440569886,-0.03836154915901413,-0.18621222802670012
2008-07-09,-0.10665943761204555,-0.04512448118059531,-0.20474719867686852
2008-07-10,-0.10004906766711075,-0.03740434178480345,-0.19918857930717293
2008-07-11,-0.09226177505590871,-0.032135556386432285,-0.2080695326964599
2008-07-14,-0.09554043064387296,-0.03421173788537424,-0.2152189696396941
2008-07-15,-0.09014154236708571,-0.027520274423500468,-0.22377406943177336
2008-07-16,-0.08687296116674215,-0.020071464017866858,-0.20431909661964653
2008-07-17,-0.08400808465829412,-0.02010357165222698,-0.1947609324154832
2008-07-18,-0.0932571136559679,-0.026525493343190987,-0.19453085388227043
2008-07-21,-0.09239394032206394,-0.026717632049063966,-0.19496535134278847
2008-07-22,-0.09819212778347586,-0.022687060896643185,-0.18410377274979428
2008-07-23,-0.10556130923033435,-0.031537959301280116,-0.1807878341334992
2008-07-24,-0.11411024917997215,-0.03788218709898439,-0.19973164263827803
2008-07-25,-0.10948812865150359,-0.03590267087650967,-0.19639651781209466
2008-07-28,-0.11454395162941133,-0.041777739320873364,-0.21134078148240565
2008-07-29,-0.11287550210924036,-0.0357831344606373,-0.19292085009884352
2008-07-30,-0.1191076951611405,-0.04093806817057122,-0.1794652335347804
2008-07-31,-0.1190271460494553,-0.03443021417942105,-0.19025014528094442
2008-08-01,-0.12414655664482965,-0.0385196403228828,-0.1947672498260563
2008-08-04,-0.12865113089494773,-0.044641082870892745,-0.2019870362055476
2008-08-05,-0.1239488410585956,-0.043218414763750546,-0.179069108494039
2008-08-06,-0.11769207140997873,-0.03978379973090007,-0.17631541941873707
2008-08-07,-0.12106631976170568,-0.045951661333397675,-0.1910871631855
2008-08-08,-0.12505511177550022,-0.04376640390353814,-0.17175994245384885
2008-08-11,-0.12018149967120173,-0.039840624673146086,-0.1660096949634401
2008-08-12,-0.13160192403392157,-0.05329963034757634,-0.17605983726506313
2008-08-13,-0.12946956376422114,-0.05332312327136712,-0.1784621691226963
2008-08-14,-0.12756794887274647,-0.049717471979461525,-0.17392580037497307
2008-08-15,-0.13687181877562649,-0.060816743360325054,-0.17055877652503237
2008-08-18,-0.13873285440191463,-0.06272620059512934,-0.18308152212782214
2008-08-19,-0.14541581559965477,-0.07021861320475686,-0.19069103814475885
2008-08-20,-0.13566755780719497,-0.06011618900984439,-0.18567548210616835
2008-08-21,-0.1292868913246633,-0.05524425381804343,-0.18364377166881574
2008-08-22,-0.13174718667169194,-0.05337125523220421,-0.17439227485197173
2008-08-25,-0.13565041163573754,-0.060711560742317094,-0.19059518508804096
2008-08-26,-0.1359328017726047,-0.060199446796453504,-0.18761141747952625
2008-08-27,-0.1340202311328863,-0.05710648357676762,-0.1811264005445764
2008-08-28,-0.12945932721411213,-0.04880022209886059,-0.1689741983693437
2008-08-29,-0.140663906222809,-0.057239903164242545,-0.18037891828616615
2008-09-02,-0.155694443608291,-0.0719150615068358,-0.1837332293222378
2008-09-03,-0.16199302210339805,-0.0724951563445646,-0.18539439633203336
2008-09-04,-0.17176581911164512,-0.08292393337921755,-0.20976907212603246
2008-09-05,-0.1673480816204942,-0.08242994043168894,-0.20626774480687393
2008-09-08,-0.1696122345740102,-0.08047703201975476,-0.18998816772397487
2008-09-09,-0.18823988591320007,-0.09859019081143927,-0.21764048770721578
2008-09-10,-0.1881375281869253,-0.09782221203824348,-0.21282942858865372
2008-09-11,-0.20119541529152873,-0.10553015257185405,-0.2019614545923636
2008-09-12,-0.19770757627883906,-0.10175892557913524,-0.20026838855881046
2008-09-15,-0.19642356490394397,-0.10535224843758617,-0.23796445544037836
2008-09-16,-0.1876810990938289,-0.09957444847576036,-0.22461108733632928
2008-09-17,-0.18532062750291511,-0.1043186496008236,-0.26116346892602216
2008-09-18,-0.1539706237799655,-0.07188554939516356,-0.22914098268803307
2008-09-19,-0.1391531207953669,-0.058558942887100174,-0.19810884804825935
2008-09-22,-0.14335134614825595,-0.06585198379184187,-0.2287704392604759
2008-09-23,-0.14697293452665738,-0.06622235585843461,-0.2408267883789904
2008-09-24,-0.14552800932166687,-0.06690460966845413,-0.24232822629183026
2008-09-25,-0.14530298466809421,-0.06486360935777691,-0.22743504785516488
2008-09-26,-0.1450510979636247,-0.060653517397220025,-0.2248219016669304
2008-09-29,-0.1691317202931556,-0.08958666995040998,-0.293090102107293
2008-09-30,-0.1602392342505019,-0.08044723972193124,-0.2547934912576785
2008-10-01,-0.16083044332819763,-0.08538109893587442,-0.25817970131750756
2008-10-02,-0.18501844819007285,-0.10902761939389993,-0.28806822865812964
2008-10-03,-0.1988489129160822,-0.12176658500465698,-0.2976839514919579
2008-10-06,-0.19057787824174344,-0.11794261444124499,-0.324735649514429
2008-10-07,-0.2029514449630534,-0.1337457294117198,-0.3634923394377457
2008-10-08,-0.19135910076356366,-0.1266338210576473,-0.37070569141757925
2008-10-09,-0.21062169787322704,-0.14788310564912133,-0.41863721131091014
2008-10-10,-0.19676842730653632,-0.1413135736356429,-0.42547362445989056
2008-10-13,-0.2007080285077888,-0.1360104447839181,-0.35894325787615344
2008-10-14,-0.2120095219813961,-0.1454650777974561,-0.36235504954916686
2008-10-15,-0.22067650951232232,-0.16306914459957833,-0.41996612932020216
2008-10-16,-0.229679618994446,-0.16509298395854444,-0.39531036775206796
2008-10-17,-0.23194073967795492,-0.17230640647922935,-0.39906719923217715
2008-10-20,-0.21925189894891495,-0.15981218575304734,-0.3704117758404907
2008-10-21,-0.2408876718465539,-0.17881382004978186,-0.38980291160874114
2008-10-22,-0.26175233076408366,-0.20069256119138956,-0.4270325430096721
2008-10-23,-0.26874139944532327,-0.2107998299228815,-0.4197936484130159
2008-10-24,-0.2767129704739839,-0.22119335935818984,-0.43981726616943195
2008-10-27,-0.27192670469841096,-0.22185188219887253,-0.45761111096812457
2008-10-28,-0.24512583058175075,-0.2002699009080433,-0.3990927418490001
2008-10-29,-0.23920680944433592,-0.18746411133271856,-0.40575023969113644
2008-10-30,-0.23352567074451314,-0.18429053491759606,-0.39041624638338
2008-10-31,-0.2361449825048797,-0.18942674841666196,-0.3810497492962912
2008-11-03,-0.24106026596024088,-0.18904154698984854,-0.38261510224573025
2008-11-04,-0.22540757790800314,-0.17687275455677776,-0.3574098429468334
2008-11-05,-0.23735957179813816,-0.18732598138673595,-0.39125962069486986
2008-11-06,-0.25060523667414014,-0.19802334509352315,-0.42185733586684904
2008-11-07,-0.24692435187924455,-0.19889168620216324,-0.4051752383399124
2008-11-10,-0.24601486600324352,-0.1973261494892674,-0.41270165311036144
2008-11-11,-0.2598850693285867,-0.20939619716029312,-0.42564610536707703
2008-11-12,-0.2733968342184495,-0.22479600559575252,-0.455451570457573
2008-11-13,-0.26421884464775347,-0.214051899873148,-0.41776189897930127
2008-11-14,-0.2637618883491859,-0.21423959851476293,-0.44204072171658226
2008-11-17,-0.27462301663270205,-0.22415498784511134,-0.4564418830594267
2008-11-18,-0.2764520935395198,-0.2225812445282006,-0.4510941560130556
2008-11-19,-0.2803868976492103,-0.22879791760161916,-0.48466280899059533
2008-11-20,-0.2973677007987703,-0.24769822520588758,-0.5192537515864692
2008-11-21,-0.2724638121496784,-0.22476623716783162,-0.48884770353156504
2008-11-24,-0.2495829335353721,-0.1949180568988903,-0.4557646332481886
2008-11-25,-0.24712811303042437,-0.196707204833813,-0.45219946888515405
2008-11-26,-0.23835857862983523,-0.18936115527466013,-0.43284670553668003
2008-11-28,-0.23951040441605465,-0.18814416676273804,-0.42737758281676796
2008-12-01,-0.2689048206571071,-0.2214852447746083,-0.47851004105614936
2008-12-02,-0.2668867137608756,-0.21301618930348343,-0.4576813824116581
2008-12-03,-0.2669693051717126,-0.21139309548046004,-0.44366995070625914
2008-12-04,-0.2692185995412074,-0.21599733790361908,-0.45997510940234243
2008-12-05,-0.2717919622987168,-0.2148404603010512,-0.4402645154401803
2008-12-08,-0.2604293032382151,-0.19911905195324597,-0.4187777541979778
2008-12-09,-0.2546491390714436,-0.20261185210282862,-0.4322141845521529
2008-12-10,-0.2322394804642639,-0.18790186788190333,-0.42546083365329845
2008-12-11,-0.22848673632442573,-0.18770018863878768,-0.44184901560314616
2008-12-12,-0.21905057026383568,-0.18319925704751328,-0.43792609861914666
2008-12-15,-0.22034396509237675,-0.18823835908856146,-0.4450563883488543
2008-12-16,-0.20284677977236054,-0.17172795922700124,-0.41655433764718885
2008-12-17,-0.19446627066914768,-0.1622890254521433,-0.4221512514439377
2008-12-18,-0.206937734277288,-0.17146052448677462,-0.4343800814696386
2008-12-19,-0.21322650329095827,-0.1764381557685184,-0.4327189144598429
2008-12-22,-0.2154665836391496,-0.17663951296194214,-0.4431013057619697
2008-12-23,-0.21705890434879505,-0.18017434947110145,-0.44851294784494
2008-12-24,-0.21711007493602286,-0.1796692604698641,-0.44532472231275866
2008-12-26,-0.2171943095796759,-0.1788667944557224,-0.44235378450719776
2008-12-29,-0.20410058220279426,-0.16909425982166726,-0.4445133250177492
2008-12-30,-0.20081068672136615,-0.16667286205709775,-0.43095549899003316
2008-12-31,-0.20000914677652226,-0.1627152689872723,-0.42289877269870946
2009-01-02,-0.1908239570625745,-0.15281812734343758,-0.40465771762562996
2009-01-05,-0.19540119796073507,-0.15978745179483012,-0.40743698831411634
2009-01-06,-0.18729828806964632,-0.15625682146021092,-0.4028048445023982
2009-01-07,-0.20581023208994664,-0.16725324592113233,-0.42072644138156623
2009-01-08,-0.2060910687845222,-0.16141871859136436,-0.418758606984451
2009-01-09,-0.2202586142115558,-0.1733183489789485,-0.4311408097001731
2009-01-12,-0.23372819140790202,-0.1860118798522833,-0.44397661809357847
2009-01-13,-0.22925757358881738,-0.1845639499244589,-0.44299909629831713
2009-01-14,-0.2437198495801861,-0.1978130408155263,-0.4616362764121381
2009-01-15,-0.24068186230986277,-0.1965453584193908,-0.4609206931774851
2009-01-16,-0.22847188385185102,-0.18601095718929983,-0.4568444035034642
2009-01-20,-0.2424701392427745,-0.1987080903607059,-0.48553176491526984
2009-01-21,-0.23092126041768102,-0.18612344618556742,-0.46315690053486613
2009-01-22,-0.22822359840591988,-0.19163107491511955,-0.4712966890763157
2009-01-23,-0.21262618426071733,-0.1846030939593586,-0.46845350335123026
2009-01-26,-0.20135191211250425,-0.17204741612494578,-0.46550171275919605
2009-01-27,-0.19276742709995331,-0.17254626791759853,-0.45966200761536546
2009-01-28,-0.17951011077507684,-0.16210428313824676,-0.4415295574092346
2009-01-29,-0.19644916925067168,-0.17345943174196288,-0.46002619463598815
2009-01-30,-0.19511148305938986,-0.172061460716584,-0.47233173050488053
2009-02-02,-0.19057348056973644,-0.1686805047425367,-0.4726128552753771
2009-02-03,-0.1883230326187879,-0.16813418304529615,-0.4642622134069647
2009-02-04,-0.18483080746380098,-0.1682461326649175,-0.46827462704074796
2009-02-05,-0.16873605359242483,-0.15740906312050673,-0.459572588958305
2009-02-06,-0.15167284973633266,-0.15000112825368028,-0.4450372411353276
2009-02-09,-0.15670922165311785,-0.1552576391824525,-0.44421301403736435
2009-02-10,-0.1705051054977469,-0.1648436008738886,-0.4715139378065748
2009-02-11,-0.17257886956008162,-0.1554332141776147,-0.46730985705571704
2009-02-12,-0.16749104690257488,-0.1515779334397681,-0.4663834204941011
2009-02-13,-0.16975810500712307,-0.1553542307574899,-0.4717183567338801
2009-02-17,-0.18089482987212213,-0.15912575027350073,-0.49578636514055974
2009-02-18,-0.17589313956854657,-0.16084450765114888,-0.4962655524314271
2009-02-19,-0.1849661052368924,-0.16126849778275443,-0.5023224673091552
2009-02-20,-0.18204888407327124,-0.1591261428932449,-0.5080024433560301
2009-02-23,-0.19527863641386356,-0.17117450223817876,-0.5250742705204119
2009-02-24,-0.17989118806518378,-0.16037423578002963,-0.5060281745592574
2009-02-25,-0.18090666085601748,-0.1654479733931672,-0.5112928393555026
2009-02-26,-0.19140142444994845,-0.18470290529553945,-0.5190045648360918
2009-02-27,-0.18937467775325478,-0.18302606630238727,-0.5303389353166571
2009-03-02,-0.2073593808897488,-0.19872413119441368,-0.5522346124061933
2009-03-03,-0.20813497390423175,-0.2059339307930178,-0.5551033407481016
2009-03-04,-0.19751492077619193,-0.20066256130712967,-0.5445356777321964
2009-03-05,-0.20515343137574416,-0.21059530598427045,-0.5639076272905587
2009-03-06,-0.19542467292514343,-0.20510115457595168,-0.5633773157696842
2009-03-09,-0.21046379997931008,-0.21389110927713129,-0.5677538774277284
2009-03-10,-0.19309016606071316,-0.20174527669790399,-0.5402357829209821
2009-03-11,-0.1830602111316343,-0.1995510952692916,-0.5391112838389953
2009-03-12,-0.16732806547146584,-0.1807590367499281,-0.5203399172450414
2009-03-13,-0.16577471220072348,-0.17883719625067795,-0.5166278145916432
2009-03-16,-0.17431573659403232,-0.18700879785372615,-0.5183273150248537
2009-03-17,-0.16181054373997916,-0.17610921782629685,-0.5028463834267338
2009-03-18,-0.16188404558045943,-0.17653031151752308,-0.49247678293119923
2009-03-19,-0.14936665567128427,-0.15975352700792889,-0.49906400932980177
2009-03-20,-0.16162992023446332,-0.1659202919452124,-0.5089672133410611
2009-03-23,-0.13974051871700754,-0.14684616598286715,-0.4742229370515275
2009-03-24,-0.15667351207880598,-0.16240456327351782,-0.4849567245676847
2009-03-25,-0.1540261977822005,-0.1582966310417091,-0.4799987271587589
2009-03-26,-0.13690030884368753,-0.14355486416672392,-0.46787210659671064
2009-03-27,-0.1473042591642968,-0.15637361591975074,-0.47868256095969763
2009-03-30,-0.1576727682836988,-0.16421886033119748,-0.4968341583793551
2009-03-31,-0.15628357544545157,-0.16199780444334466,-0.49022778476722595
2009-04-01,-0.1448133894818302,-0.15489405148319624,-0.4817876852453916
2009-04-02,-0.13444224393203497,-0.1520721642101005,-0.46690094120838377
2009-04-03,-0.12060872509797527,-0.14596902806372725,-0.4617129432589684
2009-04-06,-0.13504791163836327,-0.1592113855894468,-0.46619814878032284
2009-04-07,-0.14637201044189052,-0.16581247673173516,-0.4789317477100755
2009-04-08,-0.13808434402011016,-0.15970715637703825,-0.47279177058222144
2009-04-09,-0.1237962518607586,-0.1467132988942147,-0.45272978040602896
2009-04-13,-0.12325266094625142,-0.14654835044960812,-0.4513433427634338
2009-04-14,-0.12441792699303811,-0.15024082247126047,-0.4623518596467916
2009-04-15,-0.12551757873020242,-0.1489981820399502,-0.4556049041512332
2009-04-16,-0.1213329120340042,-0.1429883862704293,-0.4471456574158722
2009-04-17,-0.11949468897166626,-0.1453477223345263,-0.44439832474750485
2009-04-20,-0.13820864154584045,-0.15692163831711914,-0.468172378580734
2009-04-21,-0.13352027991359272,-0.146106332407006,-0.4568699461202874
2009-04-22,-0.12747916465512144,-0.14643320993690057,-0.4610420888510264
2009-04-23,-0.1250545260453929,-0.14182562127231213,-0.45569436180465517
2009-04-24,-0.12085743593564557,-0.13018213769451292,-0.4465514698547599
2009-04-27,-0.1276666654842723,-0.13326934610396823,-0.45212280203832456
2009-04-28,-0.13201947022273386,-0.1392264417737158,-0.4536242789475259
2009-04-29,-0.11985109160014473,-0.1292020980838272,-0.4418170775830276
2009-04-30,-0.105980394218126,-0.1324479046477791,-0.44234738910390214
2009-05-01,-0.10223879344202491,-0.13168918118588502,-0.4393380788785648
2009-05-04,-0.0796155925551616,-0.12247614172103283,-0.42034950255071335
2009-05-05,-0.08646553358374998,-0.11702368340828473,-0.42254737648467966
2009-05-06,-0.09132683720320367,-0.1159884195649733,-0.41249719518669514
2009-05-07,-0.11241670577177787,-0.12423157957223485,-0.42025364949399524
2009-05-08,-0.124882113857687,-0.1210307686192148,-0.4062997374218995
2009-05-11,-0.12464020775229001,-0.12089428894235998,-0.41907166977506716
2009-05-12,-0.1323144133174049,-0.12291109901532749,-0.4196403147193565
2009-05-13,-0.14250181658214833,-0.13161535135254387,-0.43524903739431353
2009-05-14,-0.1357624676398651,-0.1260563121304875,-0.4294029368471869
2009-05-15,-0.13448388031729297,-0.12670307727787633,-0.4359134963989595
2009-05-18,-0.12127328766661949,-0.1183281233558433,-0.4187713587946823
2009-05-19,-0.11557852958614934,-0.11678431214400231,-0.41978085760642425
2009-05-20,-0.11067165035418958,-0.11388731433214883,-0.4227582298116427
2009-05-21,-0.11493373818460295,-0.12123349620369273,-0.4324313942860508
2009-05-22,-0.10716258157757486,-0.11543834635316963,-0.43328116400083694
2009-05-26,-0.09843914874684312,-0.10759110426420293,-0.4183752337539409
2009-05-27,-0.09615449260464326,-0.10986345144146714,-0.42940933225048294
2009-05-28,-0.08927836274642786,-0.10360076714746469,-0.4206114411113221
2009-05-29,-0.08312923312579146,-0.09376140857614013,-0.412746381937073
2009-06-01,-0.06374165025630874,-0.08065807178424556,-0.39758490853286466
2009-06-02,-0.07096541088432862,-0.07947991382514341,-0.39639013800734435
2009-06-03,-0.08265125445562116,-0.08268233015471615,-0.4046832602424536
2009-06-04,-0.078324114001181,-0.07942157434159947,-0.3978468470934732
2009-06-05,-0.08403583690037641,-0.08208814943560461,-0.39936107581290514
2009-06-08,-0.0915741577297382,-0.0888455633166031,-0.39996805418060954
2009-06-09,-0.07849096322117677,-0.08160299819704131,-0.39786603330336157
2009-06-10,-0.0751953069928708,-0.08371927352310882,-0.3999616587773136
2009-06-11,-0.07897540678199144,-0.08360567095974014,-0.39629428495062624
2009-06-12,-0.0880222412845405,-0.08732444906986359,-0.3954509106391363
2009-06-15,-0.10103597782405505,-0.0975808558666027,-0.40982017295822337
2009-06-16,-0.10755698747286702,-0.10126488740803985,-0.4173274405151457
2009-06-17,-0.10547191359447605,-0.09981440907408456,-0.4181324424068592
2009-06-18,-0.10558307421032243,-0.09697753256001818,-0.4132383600345326
2009-06-19,-0.10351433237450514,-0.09440164725497302,-0.41141106852448517
2009-06-22,-0.1211090326078893,-0.11177059958578117,-0.42942212305707506
2009-06-23,-0.1202271053607884,-0.11159689631017344,-0.4281059568580139
2009-06-24,-0.10699856182340883,-0.1021971603712406,-0.42437466799472734
2009-06-25,-0.0961641509389708,-0.09338263585372364,-0.4120307987024201
2009-06-26,-0.09018332476160895,-0.09019878847198515,-0.412899715630733
2009-06-29,-0.09198111138468179,-0.09087135502517085,-0.40757757019754615
2009-06-30,-0.09615638604913201,-0.09303327138303386,-0.41263138166682845
2009-07-01,-0.09220920750209871,-0.0897247500366144,-0.4100693207122398
2009-07-02,-0.10296111685883202,-0.10248124125215186,-0.42726258254652405
2009-07-06,-0.10854957452199276,-0.10582303955136396,-0.4257930826538031
2009-07-07,-0.1192413387952066,-0.11452701240139818,-0.437095476117888
2009-07-08,-0.12075056572086307,-0.11606182597213799,-0.4380347034860961
2009-07-09,-0.113617373691418,-0.11676000851588031,-0.43604128747579673
2009-07-10,-0.11166378566120305,-0.11567288256659813,-0.4383094328532967
2009-07-13,-0.1058160285816151,-0.1092577535973307,-0.4243043965511937
2009-07-14,-0.09783696094544814,-0.10318011126655868,-0.42124396209584924
2009-07-15,-0.07550310067170563,-0.08621290810134197,-0.4040954680846375
2009-07-16,-0.06898251257941845,-0.08248898178599251,-0.39894580355863707
2009-07-17,-0.06573788880354314,-0.08143304554155595,-0.3991758040991268
2009-07-20,-0.05778567642194099,-0.07228862191761787,-0.39230745293002756
2009-07-21,-0.0647149516001474,-0.07230581521733703,-0.3901031835927653
2009-07-22,-0.05504993221912047,-0.07004561873664839,-0.390429037189973
2009-07-23,-0.044763780060337766,-0.059732060804470466,-0.37623233377079535
2009-07-24,-0.042802281972370015,-0.060880965509033214,-0.3743347318208524
2009-07-27,-0.04328862107574383,-0.05945924415965953,-0.37246910688739
2009-07-28,-0.04672182609177844,-0.061000126355265305,-0.3741047312803629
2009-07-29,-0.05400141833734917,-0.0664586350724371,-0.376960668815679
2009-07-30,-0.04035631158170705,-0.06258737598862163,-0.3695492543154747
2009-07-31,-0.03855414468949192,-0.06190120288673229,-0.36908285783119943
2009-08-03,-0.024374890606142174,-0.04961553896264104,-0.35940325895713365
2009-08-04,-0.02426832334844431,-0.048835648203608084,-0.3574737189870719
2009-08-05,-0.030856771338189648,-0.052625445935830184,-0.3593457783201919
2009-08-06,-0.034965186429168904,-0.055736459097429636,-0.36294923711027993
2009-08-07,-0.02697691273087488,-0.05243597857408211,-0.3543877809112661
2009-08-10,-0.035260841281155475,-0.05729208446580314,-0.35654732142181733
2009-08-11,-0.040551972945500836,-0.06261809316133049,-0.36469350536656286
2009-08-12,-0.028799154543323935,-0.05529021137884227,-0.3573715095234191
2009-08-13,-0.01628467979546322,-0.05126562539101209,-0.35295021903866397
2009-08-14,-0.0267447793989517,-0.05621190307804491,-0.3584704269922214
2009-08-17,-0.0462614537093442,-0.07359107946243537,-0.3740344598368288
2009-08-18,-0.038439617156160844,-0.06772887155260776,-0.36768362938201193
2009-08-19,-0.036661883887885605,-0.06263714058582315,-0.3633453621510212
2009-08-20,-0.02622223899836451,-0.05921434966881589,-0.3563748015182693
2009-08-21,-0.016195099698650628,-0.04914832521409618,-0.34438872384328867
2009-08-24,-0.016092871775671536,-0.050041600399545194,-0.34474655445697666
2009-08-25,-0.013893881499749017,-0.04903342913762976,-0.34319395331776814
2009-08-26,-0.016249268718895205,-0.05189697475984434,-0.3431172864709384
2009-08-27,-0.012457844492983705,-0.05048422726764945,-0.34128999496089074
2009-08-28,0.0,-0.04663438410403686,-0.3425997267602944
2009-08-31,-0.005809594921832528,-0.05072330804488889,-0.3479091593796121
2009-09-01,-0.017229997320175827,-0.059207503150927265,-0.36233590233564084
2009-09-02,-0.014194200419625935,-0.05675076252520783,-0.3644379232128889
2009-09-03,-0.00035412043717775177,-0.048096959532372696,-0.359013529319688
2009-09-04,0.0,-0.03896513964455817,-0.35060536781797236
2009-09-08,0.0,-0.031603677200669256,-0.34486151573085966
2009-09-09,0.0,-0.027269728708527063,-0.3397629754348662
2009-09-10,0.0,-0.024905748655936866,-0.3328818334591749
2009-09-11,-2.2578662190242405e-05,-0.020466548479678548,-0.3337827274039681
2009-09-14,-0.005076747045110075,-0.02082035108064484,-0.32955949943958374
2009-09-15,0.0,-0.0195092245015005,-0.32745743956597406
2009-09-16,0.0,-0.007434031671821106,-0.3171517151106772
2009-09-17,-0.011223360476965483,-0.007962818771997449,-0.31924098417769475
2009-09-18,-0.012133374346622872,-0.008582641839459115,-0.3174455916914045
2009-09-21,-0.015611606569084557,-0.01186493701600122,-0.3197712567022075
2009-09-22,-0.007354841674686363,-0.0052085674511922475,-0.3152988419874453
2009-09-23,-0.013135151473583795,-0.009386998239921507,-0.32219277476972874
2009-09-24,-0.020338900481392863,-0.014474831786117415,-0.32863941928490226
2009-09-25,-0.029075597600181857,-0.02324324236091002,-0.3327284997655151
2009-09-28,-0.020034100793080434,-0.01490118693005349,-0.32084467055054855
2009-09-29,-0.02416081279337956,-0.01694534045856788,-0.3223588992699806
2009-09-30,-0.015136745590497824,-0.015464356796605405,-0.3246142928372501
2009-10-01,-0.03382030951916315,-0.026330276996743396,-0.3420119735988396
2009-10-02,-0.038040650648430874,-0.02863819094239206,-0.3449765549974658
2009-10-05,-0.03390064422428263,-0.023894235095097693,-0.3352330800831623
2009-10-06,-0.016423967488192193,-0.006876484915208758,-0.32612212615338587
2009-10-07,-0.016704576494393386,-0.005036491670529886,-0.3242948346433384
2009-10-08,-0.01676665977222147,-0.0008318250586120124,-0.3192473795809906
2009-10-09,-0.008468614814441389,0.0,-0.3154074858507554
2009-10-12,-0.003251664217850392,0.0,-0.3124046100250758
2009-10-13,0.0,-0.00020577781990904764,-0.3143213591885454
2009-10-14,0.0,0.0,-0.3022905136904921
2009-10-15,-0.012658363962959163,-0.0015030308974085527,-0.29938980833210327
2009-10-16,-0.017794336347391693,-0.006601505241162653,-0.3050633889756822
2009-10-19,-0.010230299941900611,-0.001740668694175329,-0.2985272868070866
2009-10-20,-0.00841508145160319,-0.0011463895459933315,-0.30290384846513085
2009-10-21,-0.008349854442812332,-0.006050102815994829,-0.3090758026094652
2009-10-22,-0.0038292040287409845,-0.003281811152580416,-0.30172186874620255
2009-10-23,-0.00948322596921547,-0.0029887378636045403,-0.3102258833046362
2009-10-26,-0.016087127260442036,-0.007795241383050988,-0.3183081912091441
2009-10-27,-0.0320841774241607,-0.01809076726733616,-0.32056990218698644
2009-10-28,-0.04901118792355774,-0.03102336406514039,-0.3338466034442058
2009-10-29,-0.0311694105569279,-0.020740855277511683,-0.31884485913695315
2009-10-30,-0.047990745587935146,-0.03162711902017712,-0.3379612655380031
2009-11-02,-0.04036162263758025,-0.024478970419629875,-0.33368687434725
2009-11-03,-0.039636508800975134,-0.023101781822509215,-0.33207039716780373
2009-11-04,-0.027921052565104576,-0.015153463420313873,-0.33137400014303897
2009-11-05,-0.01861325008748549,-0.0052374601771354445,-0.3185126101364494
2009-11-06,-0.008822589838917483,-0.0015559881242838136,-0.3168066753035812
2009-11-09,0.0,0.0,-0.3016133028756154
2009-11-10,-0.005588138816142174,-0.0020950049954352457,-0.30165799270596483
2009-11-11,0.0,0.0,-0.29814395257293724
2009-11-12,-0.0019266426223969457,-0.003750010668681858,-0.30534455274254024
2009-11-13,0.0,-0.00298012283355098,-0.30135772072194145
2009-11-16,0.0,0.0,-0.2912500197906539
2009-11-17,0.0,0.0,-0.29059839058896164
2009-11-18,0.0,0.0,-0.29093056159674224
2009-11-19,-0.018882758733636984,-0.010982924931113192,-0.3004504313738523
2009-11-20,-0.0200269828000168,-0.011874046558977724,-0.3026994295378256
2009-11-23,-0.004985812834930159,0.0,-0.29320514137389997
2009-11-24,-0.006799231553181073,-0.0030913374756306178,-0.2935820802047533
2009-11-25,0.0,0.0,-0.2904002890722295
2009-11-27,-0.01119682824344903,-0.011112171246674518,-0.3026291580942919
2009-11-30,-0.004909209342330967,-0.007330240403940924,-0.29998403488957714
2009-12-01,0.0,0.0,-0.2915311835575122
2009-12-02,0.0,0.0,-0.29128839221043046
2009-12-03,-0.002441592929621428,-0.003354922644746683,-0.2972430586281444
2009-12-04,-0.0011492001216751868,-0.004272013058285951,-0.29337126587415197
2009-12-07,0.0,-0.018283839714389294,-0.29511549513407354
2009-12-08,-0.007436781776923085,-0.02037250481271069,-0.30234167691686076
2009-12-09,-0.004705340554542525,-0.0198455255439276,-0.299779615962272
2009-12-10,-0.009784711870115093,-0.02187494664330547,-0.295690535481659
2009-12-11,-0.012906687386828763,-0.02321564425712619,-0.29309649751058986
2009-12-14,-0.0029998754699733787,-0.019017906968763598,-0.28817687252144053
2009-12-15,-0.005553442303170675,-0.021660371709493087,-0.2921253321222629
2009-12-16,0.0,-0.016265378703673394,-0.29132668663748396
2009-12-17,-0.00966006784187301,-0.027140928903650052,-0.2996965537121461
2009-12-18,-0.007737427247078488,-0.024372219963692765,-0.2956138686348292
2009-12-21,0.0,-0.019013271826693434,-0.2882151669484939
2009-12-22,0.0,-0.021966089012257273,-0.28567868760708937
2009-12-23,0.0,-0.018300950358528856,-0.28403670680718207
2009-12-24,0.0,-0.015158505776626474,-0.2802734799237767
2009-12-28,-0.0034986353811869986,-0.014101993402482638,-0.2794428574225174
2009-12-29,0.0,-0.0089397319215343,-0.2804523952306208
2009-12-30,0.0,-0.013444875755429964,-0.2803117743508301
2009-12-31,-0.0004922934282581837,-0.017776764978348014,-0.2875443515369134
2010-01-04,0.0,-0.0008003475065678778,-0.27611412799962987
2010-01-05,0.0,-0.00028171620781947126,-0.27385873443236053
2010-01-06,0.0,0.0,-0.27346260939161904
2010-01-07,-0.010277723970467334,-0.00011272903009640345,-0.27055558662265733
2010-01-08,-0.012181274309027379,0.0,-0.26845352674904766
2010-01-11,-0.0092829296432132,0.0,-0.26717569397340124
2010-01-12,-0.017572180805780935,-0.005632083139772814,-0.2740504405457965
2010-01-13,-0.018189746205178547,-0.007599520220791245,-0.2680062384819374
2010-01-14,-0.01793486805052702,-0.0031651796271545685,-0.2662301101982584
2010-01-15,-0.029499571122230006,-0.010818582695104384,-0.2741717972229757
2010-01-19,-0.02206466024191145,-0.003926009727702073,-0.2650992157129758
2010-01-20,-0.027075300295219207,-0.01231070122013056,-0.2728875690440332
2010-01-21,-0.03343636469883193,-0.01987852453244121,-0.28666264380200823
2010-01-22,-0.056791430569482104,-0.036679383081960726,-0.30245663819074375
2010-01-25,-0.051712657855214283,-0.0327495981124486,-0.29924926544503583
2010-01-26,-0.05581120105789339,-0.03449328435139121,-0.30219466063377387
2010-01-27,-0.05262641170532545,-0.03105921975915593,-0.2987892643640566
2010-01-28,-0.0600170699565068,-0.04013016930296087,-0.3070759911958697
2010-01-29,-0.068001862875127,-0.04808246355555679,-0.3138868617280275
2010-02-01,-0.0576534717169106,-0.04186451652879786,-0.30409869698337444
2010-02-02,-0.04995020352892643,-0.032130688704424815,-0.295070805303724
2010-02-03,-0.045280034886043485,-0.03085733857333972,-0.2989298072511244
2010-02-04,-0.06924956287767026,-0.05058283963961774,-0.3207616083004228
2010-02-05,-0.07443267882310933,-0.05458119318612453,-0.31879377390330765
2010-02-08,-0.07365227130557328,-0.0555759507035819,-0.32483150257114757
2010-02-09,-0.0694695534445523,-0.04939120666504282,-0.31602721602869055
2010-02-10,-0.0676606163820136,-0.05036924602162751,-0.31755423555471474
2010-02-11,-0.059576471563822286,-0.043506688915591396,-0.3109478619425855
2010-02-12,-0.05927591033915258,-0.040930664469705946,-0.3128390294928707
2010-02-16,-0.04363259412689158,-0.02684872783921277,-0.3004696175837407
2010-02-17,-0.04240926676633994,-0.02377611058482676,-0.29750503618511437
2010-02-18,-0.04686741985627463,-0.0213925731106146,-0.2928792877766925
2010-02-19,-0.05032416133366813,-0.02241249781973831,-0.29133308204078
2010-02-22,-0.04870672664422193,-0.02206303842808255,-0.2920742468886174
2010-02-23,-0.059013783584768054,-0.029158325396220208,-0.30064213748728863
2010-02-24,-0.05855912490587967,-0.02636100340992864,-0.2938440577617234
2010-02-25,-0.06390467706048975,-0.02890166775468106,-0.2953135966508059
2010-02-26,-0.060909018014576044,-0.024562005106770313,-0.29432324505259067
2010-03-01,-0.051159802312696456,-0.016971392443490663,-0.28715462189946805
2010-03-02,-0.042572375259707695,-0.012417047093122191,-0.2854933768969494
2010-03-03,-0.039981526755566765,-0.009783988050283132,-0.28518670950963
2010-03-04,-0.03971159926886003,-0.008315956864030194,-0.28251608268445405
2010-03-05,-0.030722449595142032,-0.002337160779876446,-0.2724659403828309
2010-03-08,-0.03236692550674747,-0.0037792362199227103,-0.27259369246330634
2010-03-09,-0.0327195608500368,-0.004974327042920557,-0.2713478367041404
2010-03-10,-0.026604686239454334,-0.0005766809958738239,-0.26805100630501033
2010-03-11,-0.03106879273842078,-0.0033162935753200395,-0.26509282030968007
2010-03-12,-0.03197769377413129,-0.0028559194659600884,-0.2652525494066359
2010-03-15,-0.03996878846077945,-0.004318193572612539,-0.2649203004061321
2010-03-16,-0.02763053666752835,0.0,-0.25920202993220387
2010-03-17,-0.02449691358680295,0.0,-0.25488934431439736
2010-03-18,-0.029590369491351742,0.0,-0.2551321356614792
2010-03-19,-0.039707102031154684,-0.007426686849439368,-0.2589208661653458
2010-03-22,-0.03748356581214318,-0.0060132903390459624,-0.25514484847534824
2010-03-23,-0.03239285784542634,-0.0015038362015811213,-0.2498035168322733
2010-03-24,-0.03829568636631098,-0.007150604164850138,-0.25392457432936655
2010-03-25,-0.03490192580707163,-0.006786875343209431,-0.2551960117017168
2010-03-26,-0.03317040073645838,-0.006252428916247332,-0.25464655296731575
2010-03-29,-0.026806366273187332,-0.0017731274869613456,-0.2504105341963391
2010-03-30,-0.02695730445438127,-0.0008228227575722835,-0.2503785571798587
2010-03-31,-0.025683802744228323,-0.0007545911088474577,-0.2528319742711371
2010-04-01,-0.022578194415522224,0.0,-0.24729261910405287
2010-04-05,-0.018740655924548988,0.0,-0.24132516187974684
2010-04-06,-0.018550545489437797,0.0,-0.24004732910410043
2010-04-07,-0.015943621737009916,0.0,-0.2445133484155665
2010-04-08,-0.018423301441371054,0.0,-0.24196407826757005
2010-04-09,-0.015407760250306546,0.0,-0.23689743699533405
2010-04-12,-0.011575615563413133,0.0,-0.23554933277615397
2010-04-13,-0.009132617991010283,-0.00135180156241832,-0.23502537766221399
2010-04-14,-0.003881346727749868,0.0,-0.22649585948331907
2010-04-15,-0.003328676853508794,0.0,-0.22584415228890387
2010-04-16,-0.01981048112154815,-0.006476718104115098,-0.23832860346464013
2010-04-19,-0.024024782577388493,-0.010567882405516538,-0.23488483477514643
2010-04-20,-0.016936153875347415,-0.005040442079601526,-0.22871927603410802
2010-04-21,-0.02131012316292491,-0.004774070196045921,-0.229505208705018
2010-04-22,-0.0229388832122307,-0.004742976807891153,-0.22776090145237304
2010-04-23,-0.02320477943382171,-0.001432088877519555,-0.2222598407123424
2010-04-26,-0.02043320771524315,0.0,-0.22560136094182193
2010-04-27,-0.03367320800910589,-0.009804432443695665,-0.24370830752749162
2010-04-28,-0.03305184028422925,-0.006819455519531892,-0.23882058156209973
2010-04-29,-0.02703744594149715,0.0,-0.2289684627844859
2010-04-30,-0.03143155792467911,-0.005198437068903772,-0.24180434917061422
2010-05-03,-0.029162676503129537,0.0,-0.23185637733628228
2010-05-04,-0.0436746894217952,-0.010841652432222126,-0.25016774284925725
2010-05-05,-0.053841825718757286,-0.019571665415096917,-0.25510655404829474
2010-05-06,-0.055807731829517815,-0.028062842887766393,-0.27920646147873174
2010-05-07,-0.05479084994254568,-0.03264885319843336,-0.29024055997527376
2010-05-10,-0.03929783286743249,-0.016094809853443914,-0.25902951002865593
2010-05-11,-0.0385231817893108,-0.009354799188029839,-0.2615468031601721
2010-05-12,-0.030317039261847367,0.0,-0.25140080780183116
2010-05-13,-0.032826433746110384,-0.005051879048686758,-0.2604926535144425
2010-05-14,-0.04801981829486768,-0.013135299799917788,-0.2743954023601697
2010-05-17,-0.04641741081670281,-0.012042413221000303,-0.27359043946481776
2010-05-18,-0.06217007232790617,-0.02303204214866128,-0.28390248133068763
2010-05-19,-0.06587519613971826,-0.03167783752925524,-0.2875762505606708
2010-05-20,-0.07519755165869124,-0.04799153490422026,-0.315343609810518
2010-05-21,-0.07369268604653945,-0.04698168233494415,-0.3050570715651095
2010-05-24,-0.0771271282730227,-0.04768597620623183,-0.31402740461509526
2010-05-25,-0.07342807738546675,-0.045250825071190715,-0.31378461326801355
2010-05-26,-0.07121627937151509,-0.04423481069653856,-0.31766927482132135
2010-05-27,-0.057310928411998696,-0.031006197441439398,-0.29523685181125303
2010-05-28,-0.06410512688004288,-0.03529707348516731,-0.30395807610358405
2010-06-01,-0.06183892625494414,-0.035860448893173524,-0.3159058593515114
2010-06-02,-0.057328269082529415,-0.02942205672282916,-0.2982270148230637
2010-06-03,-0.055617844285650864,-0.025801506254553686,-0.2953838680943398
2010-06-04,-0.07068176983450714,-0.04254755884732653,-0.3196307138151403
2010-06-07,-0.07696407676377215,-0.0470793694729148,-0.32883752080163486
2010-06-08,-0.06787212213680471,-0.03973989789357857,-0.32147079613178
2010-06-09,-0.07420688290123312,-0.044850919549895285,-0.3255023959754513
2010-06-10,-0.06784520262165505,-0.03905532958113822,-0.3056001348962146
2010-06-11,-0.06469652073459198,-0.034316249554039335,-0.30255888665075825
2010-06-14,-0.06368708870534945,-0.033300926477377146,-0.3038175332165165
2010-06-15,-0.05180362231629465,-0.022777138077956893,-0.2874612892867876
2010-06-16,-0.05025483466346958,-0.02035109428677473,-0.2878574143275291
2010-06-17,-0.04410885348904425,-0.017476073740606335,-0.2869437295761438
2010-06-18,-0.041814372807731925,-0.014241505745874572,-0.2860045412042972
2010-06-21,-0.044775350990610585,-0.018033802561334467,-0.2887583082723222
2010-06-22,-0.057154677346295535,-0.027237549074091705,-0.30018845381688253
2010-06-23,-0.058616702542666266,-0.030901245355216544,-0.3022777228839
2010-06-24,-0.06388671383501143,-0.03448629534186676,-0.3140019009946339
2010-06-25,-0.05851322644534063,-0.028970363177011182,-0.31204038400809175
2010-06-28,-0.05741483117829704,-0.02765269856359953,-0.3134396514536405
2010-06-29,-0.07717550507484028,-0.04848028482177136,-0.334734706582407
2010-06-30,-0.07882096127992089,-0.05033724919161031,-0.34146251486443857
2010-07-01,-0.07981777545143831,-0.05417882569724097,-0.34359647376180547
2010-07-02,-0.08839124533879106,-0.06402371347766322,-0.3466568692207884
2010-07-06,-0.08525960509566011,-0.06532768609579498,-0.3431555808979915
2010-07-07,-0.07677356182325201,-0.05496150418930157,-0.322576109003878
2010-07-08,-0.07524192644467653,-0.05227117224432032,-0.3161997359322385
2010-07-09,-0.06791817171905756,-0.04492061332842645,-0.3112737155397932
2010-07-12,-0.06721039014637886,-0.045428888568923464,-0.3107689466357414
2010-07-13,-0.05675156436242523,-0.035558746475304215,-0.3001693455997173
2010-07-14,-0.05618338084545227,-0.03656022739358622,-0.30027791147030447
2010-07-15,-0.05817693701647175,-0.0364298685718526,-0.29944097155847216
2010-07-16,-0.07629619739077076,-0.052741082880136014,-0.3196307138151401
2010-07-19,-0.07206005080217515,-0.051675463729362936,-0.3155608195444153
2010-07-20,-0.06737935658277827,-0.04716689695281273,-0.3077468846001735
2010-07-21,-0.07021243062746674,-0.050797781016124866,-0.3166214425861642
2010-07-22,-0.060619215590498654,-0.03910966797087101,-0.3012362860520391
2010-07-23,-0.06109691035142717,-0.03751196833045323,-0.2954924339649265
2010-07-26,-0.06073724221848642,-0.034845825826596344,-0.28760183217385493
2010-07-27,-0.06682165625352543,-0.040136375709921124,-0.28834939242498825
2010-07-28,-0.07244149608728523,-0.04683831958959084,-0.2932754128174335
2010-07-29,-0.07888560624185215,-0.04755892801700934,-0.2962144126028756
2010-07-30,-0.07699146726146744,-0.045407858333239126,-0.2961697227725262
2010-08-02,-0.06709716703248325,-0.0337415989942107,-0.28066960496451787
2010-08-03,-0.06905032120998955,-0.03594615909836063,-0.2841197690573076
2010-08-04,-0.06163904225631012,-0.029587230124902053,-0.27978789722961284
2010-08-05,-0.0644080032944484,-0.033099154393043895,-0.2807015039882751
2010-08-06,-0.06389575321726404,-0.02997441843978854,-0.28336581340287814
2010-08-09,-0.0633675325764792,-0.028341321755869564,-0.279436462019221
2010-08-10,-0.07225072016051837,-0.03571210950083736,-0.2837363568304353
2010-08-11,-0.0808786222308282,-0.043699611772314406,-0.30391978167653033
2010-08-12,-0.07908412652694208,-0.04481614127113742,-0.3076638223500474
2010-08-13,-0.07918185594123828,-0.04726404992196098,-0.3104494884418296
2010-08-16,-0.07653484249917986,-0.043524207371930634,-0.3103664261917036
2010-08-17,-0.07256874076242215,-0.0383430049632566,-0.3019582646899881
2010-08-18,-0.0765565248261415,-0.03934536551171697,-0.3009232232614235
2010-08-19,-0.07190148148510522,-0.04145730850069018,-0.3127623626460406
2010-08-20,-0.07716412647512605,-0.04386682940418418,-0.31527973377027996
2010-08-23,-0.0785978765140426,-0.046544892038998364,-0.318046213652174
2010-08-24,-0.08685755308238952,-0.05347315760915328,-0.3279430222601374
2010-08-25,-0.08100508836112708,-0.04659785294170948,-0.32573239651594055
2010-08-26,-0.08400261984271573,-0.05048978878065147,-0.33091399906205976
2010-08-27,-0.08035266747400305,-0.04523883012802876,-0.31981602452528
2010-08-30,-0.08773736473926852,-0.05078284883752204,-0.3298277944071265
2010-08-31,-0.08916843231005556,-0.04896199128602574,-0.32956589484287957
2010-09-01,-0.0817308540552043,-0.038481764373794025,-0.3097849904408222
2010-09-02,-0.07928201305514315,-0.034153174673313025,-0.3035172612324928
2010-09-03,-0.07465700629171768,-0.030626719849019768,-0.29431045424599844
2010-09-07,-0.0759098043528128,-0.030585063667845858,-0.30240555295709837
2010-09-08,-0.07305328131144384,-0.027736209011031798,-0.29791395203244786
2010-09-09,-0.07172978080760828,-0.02652704889371138,-0.29452126857659977
2010-09-10,-0.07507132293652363,-0.027653562338997628,-0.2910902906936983
2010-09-13,-0.06517979483260117,-0.021225060521656514,-0.2831996889026265
2010-09-14,-0.05754232063288889,-0.015020876449623355,-0.28371085320997436
2010-09-15,-0.057712791118310514,-0.012734447069463695,-0.2811743738685699
2010-09-16,-0.054819045136644484,-0.011015817547443074,-0.28143627343281674
2010-09-17,-0.053095345289157825,-0.008595800898545503,-0.28084212486806615
2010-09-20,-0.044898048234537136,-0.0006274743594903986,-0.2699038794282421
2010-09-21,-0.04320814259206507,-0.0027754370610505452,-0.271775860768639
2010-09-22,-0.03953593539025313,-0.0005063783655180343,-0.2752899009016665
2010-09-23,-0.041739494020071044,-0.0024359388277850336,-0.28132770756222947
2010-09-24,-0.02859388820726727,0.0,-0.26609588472176404
2010-09-27,-0.031180865547495773,-0.0018684380113472843,-0.2702552366459109
2010-09-28,-0.02829532028360815,-0.001018849231334551,-0.26671569289242214
2010-09-29,-0.021924872260089656,0.0,-0.2686132558460035
2010-09-30,-0.02691004229436622,-0.0014203641447365634,-0.2708686494132727
2010-10-01,-0.024701588025770715,0.0,-0.26764848586097256
2010-10-04,-0.027226464294327735,-0.004963033958647278,-0.2735328808351528
2010-10-05,-0.016469525857677247,0.0,-0.2583778028342405
2010-10-06,-0.01861082601237296,0.0,-0.25887617633499616
2010-10-07,-0.020835766500786668,0.0,-0.26009645048097774
2010-10-08,-0.019114676796946006,0.0,-0.25556655512927384
2010-10-11,-0.015394615622639551,0.0,-0.2554579892586868
2010-10-12,-0.013286143008490514,0.0,-0.25261476453723963
2010-10-13,-0.0006858272357657125,0.0,-0.24729261910405287
2010-10-14,0.0,0.0,-0.25003351737276247
2010-10-15,0.0,0.0,-0.2485129712427575
2010-10-18,0.0,0.0,-0.2430693911396682
2010-10-19,-0.013206294829764875,-0.01380550097556188,-0.25508736783840624
2010-10-20,-0.010245697969718193,-0.010572598312346804,-0.24724785128098004
2010-10-21,-0.010899522384354876,-0.009112632661276154,-0.24591253786839196
2010-10-22,-0.00963648242713877,-0.011119495040508354,-0.24411082797152872
2010-10-25,-0.0018976905569846325,-0.005643189287642514,-0.24248795538878642
2010-10-26,-0.0049663307455926065,-0.006576586047605137,-0.2424751645821943
2010-10-27,-0.003181240462801771,-0.006852027159315877,-0.24451334841556638
2010-10-28,-0.0005314361793113953,-0.004004303974262102,-0.24366353970441879
2010-10-29,0.0,-0.0007628548836506877,-0.24399578870492256
2010-11-01,0.0,0.0,-0.24328020547026952
2010-11-02,0.0,0.0,-0.2374086013026816
2010-11-03,0.0,-0.00027302463826572865,-0.2346037490010111
2010-11-04,0.0,0.0,-0.21984471804811712
2010-11-05,0.0,0.0,-0.21678436158549597
2010-11-08,-0.005184351636498774,-0.0015027087115103699,-0.21844552859529154
2010-11-09,0.0,0.0,-0.22473883941680528
2010-11-10,-0.007997520201916797,-0.004819428609683207,-0.22134623395368025
2010-11-11,-0.011524854644993865,-0.00649951714226682,-0.22464938176338323
2010-11-12,-0.01278678428491542,-0.01462607522823034,-0.2338051035162323
2010-11-15,-0.020157275155582965,-0.02005691698343237,-0.23473789648478272
2010-11-16,-0.03142328277863182,-0.03147085341049283,-0.2471392854103932
2010-11-17,-0.03312471221714408,-0.03325451982881844,-0.2469795563134375
2010-11-18,-0.021631157761520026,-0.024305444311867208,-0.23541518529238248
2010-11-19,-0.01691606640632004,-0.025574571870811025,-0.23347285451572874
2010-11-22,-0.01240368867880548,-0.02009958911063603,-0.23468041584784138
2010-11-23,-0.01631772256594677,-0.02081517026848212,-0.24561226588436913
2010-11-24,-0.0103441720592099,-0.014581166882577046,-0.23435456225063367
2010-11-26,-0.01558616346874131,-0.020060415479779103,-0.2400728327245618
2010-11-29,-0.02100462446889073,-0.02102027815184071,-0.24112066495971873
2010-11-30,-0.021081912528510438,-0.018874200700395583,-0.24572722715825246
2010-12-01,-0.00801040903735406,-0.010508146602066337,-0.22942214645489223
2010-12-02,-0.00015423394205515972,-0.005064228759188993,-0.21954444606409418
2010-12-03,0.0,0.0,-0.21751273562674123
2010-12-06,0.0,0.0,-0.21852859084541776
2010-12-07,0.0,0.0,-0.21812607040138
2010-12-08,-0.005676163057211636,-0.006526927419151063,-0.21523176044628756
2010-12-09,0.0,-0.004014145331218355,-0.21221609381401585
2010-12-10,-0.003953015386232384,-0.004600142663556683,-0.20748809694557946
2010-12-13,-0.0012795346546150554,-0.0009134313635503766,-0.20744980251852607
2010-12-14,-0.0027231925134858503,-0.0015464017604135405,-0.20672782388057698
2010-12-15,-0.005865370894244659,-0.004515267185594474,-0.21079132274800583
2010-12-16,-0.009057122596421885,-0.007527874778922139,-0.20590999218590977
2010-12-17,-0.0013683478866504117,-0.005357971723605859,-0.20524549418490223
2010-12-20,-0.0021632267208179234,-0.0016242965504918994,-0.20322017915084556
2010-12-21,0.0,0.0,-0.19841551543557967
2010-12-22,0.0,0.0,-0.19570651619062718
2010-12-23,-0.005921609807330919,-0.00408074299247152,-0.19702903879662292
2010-12-27,-0.003512176420503166,-0.00382153365781579,-0.19653706069916355
2010-12-28,-0.005327091208649604,-0.004490913242076844,-0.1959173305212285
2010-12-29,0.0,0.0,-0.19510589422985736
2010-12-30,-1.971746228845994e-05,-0.0022412362086788873,-0.19631985096526594
2010-12-31,0.0,-0.0037765406388017286,-0.19647318465892571
2011-01-03,0.0,0.0,-0.18738141693903743
2011-01-04,-0.007279723048153386,-0.0051536312572978416,-0.1884484353840825
2011-01-05,-0.006966047366653405,-0.006414657753611497,-0.18438485852393072
2011-01-06,0.0,-0.005163928768062931,-0.18611637496998323
2011-01-07,0.0,-0.006481538667296061,-0.1876178128828232
2011-01-10,0.0,-0.0055231273739988485,-0.18873591656151356
2011-01-11,0.0,-0.0029525604572351316,-0.1857138545259459
2011-01-12,0.0,0.0,-0.17837910687257152
2011-01-13,-0.0007557136197943182,0.0,-0.17978469172869316
2011-01-14,0.0,-0.0001197825075254233,-0.1737277768509652
2011-01-18,-0.003119932501370215,0.0,-0.17259048696238632
2011-01-19,-0.014870163771657618,-0.005463993750883356,-0.1809602760443253
2011-01-20,-0.019525702270503875,-0.014220733546183362,-0.18202089908607422
2011-01-21,-0.02251376116146897,-0.016829546001466245,-0.18004666928566326
2011-01-24,-0.00455475325425736,-0.012783248220477827,-0.17526119178028532
2011-01-25,-0.009994505160668243,-0.016571965601672956,-0.17504390405366477
2011-01-26,-0.004161813558758443,-0.012720414247817557,-0.17156184093711768
2011-01-27,-0.0002044773721987525,-0.008999108910802911,-0.1697025724105896
2011-01-28,-0.013494958997579465,-0.02242469627389121,-0.18452547940372122
2011-01-31,-0.011492307643976352,-0.018765485230692103,-0.17827685841255703
2011-02-01,0.0,-0.010236869833089468,-0.16455934228424685
2011-02-02,0.0,-0.009307030027195573,-0.1668338440686814
2011-02-03,-0.005895920294711199,-0.010580427176742235,-0.16487240507486234
2011-02-04,0.0,-0.002551664807752152,-0.16246367781393334
2011-02-07,-0.0059961661650567155,-0.0019676023571135737,-0.1572373074447414
2011-02-08,-0.009487497151943303,0.0,-0.153710554497845
2011-02-09,-0.016035662562549735,-0.0008587161527392473,-0.15606811853240543
2011-02-10,-0.023385392351103818,-0.0031450192428064128,-0.15543559754787817
2011-02-11,-0.013843911598981684,0.0,-0.15078426752627194
2011-02-14,-0.013665733477817188,0.0,-0.14875895249221505
2011-02-15,-0.018653729821554332,-0.00024889718362630653,-0.15151264156751698
2011-02-16,-0.010785366947555497,0.0,-0.14620328694092233
2011-02-17,0.0,0.0,-0.14357727195337278
2011-02-18,0.0,0.0,-0.14192889575016931
2011-02-22,-0.020664960211179362,-0.00765691544474878,-0.1595438642383793
2011-02-23,-0.02747946614572594,-0.01081103492983726,-0.1646806989614259
2011-02-24,-0.02488204363590807,-0.00815779465157962,-0.16551132146268543
2011-02-25,-0.021513705708238184,-0.0037380274924649903,-0.15670703492022842
2011-02-28,-0.021840579215176903,-0.001771671409165121,-0.1520174104715687
2011-03-01,-0.029312247577381934,-0.0062816564399912345,-0.16536438317232194
2011-03-02,-0.0292588828656295,-0.0016248501625234502,-0.16401627895314164
2011-03-03,-0.02573096641959083,0.0,-0.1496214740172317
2011-03-04,-0.026271826865194803,-0.0008985318498628825,-0.15589559862885716
2011-03-07,-0.032928222710833954,-0.004388500675286511,-0.16293646970150444
2011-03-08,-0.0397879771835431,-0.003807032031017621,-0.15546757456435845
2011-03-09,-0.0408949220224023,-0.0048598446337924095,-0.15661757726680636
2011-03-10,-0.06216014296395311,-0.015966787652396675,-0.17253300632544422
2011-03-11,-0.06060098176739348,-0.014205549972519771,-0.16667411497172524
2011-03-14,-0.05822742426206129,-0.014087038030362709,-0.1717151746307769
2011-03-15,-0.06948291717825028,-0.02354450429996091,-0.18099225306080524
2011-03-16,-0.07905054588529958,-0.030593166817297734,-0.19695876735308881
2011-03-17,-0.07050849488550426,-0.027422509110307747,-0.1861994372201089
2011-03-18,-0.06802850323388565,-0.02290855379285861,-0.18269179249037748
2011-03-21,-0.05831823239546674,-0.013335376915459496,-0.17044373725842688
2011-03-22,-0.06272149172522379,-0.015789188037936497,-0.17338913244716492
2011-03-23,-0.05311872416325136,-0.010858070345956983,-0.1709804051862358
2011-03-24,-0.040187748900060716,-0.003729707667644133,-0.16323674168552793
2011-03-25,-0.047310576394690274,-0.005064141035131309,-0.16059161848081305
2011-03-28,-0.04739665538197235,-0.010845004469019703,-0.16289817527445116
2011-03-29,-0.04772056499197441,-0.0069184222070127754,-0.1569881986870868
2011-03-30,-0.047956430445568965,-0.002341431849957498,-0.15135291247056137
2011-03-31,-0.04360092576342656,0.0,-0.15290551360976978
2011-04-01,-0.04875876817691682,-0.0031492346471662103,-0.14870139386255044
2011-04-04,-0.05024220333117735,0.0,-0.14840751728182322
2011-04-05,-0.0506516536685111,-0.00012650660673940717,-0.148560850975483
2011-04-06,-0.044124816423917745,0.0,-0.14670158244895493
2011-04-07,-0.04269270622996213,-0.0009466814064887918,-0.1479986014344895
2011-04-08,-0.04588157018946526,-0.001142585245015093,-0.15141039310750293
2011-04-11,-0.04738065613333431,-0.002740920741031383,-0.15378082594137865
2011-04-12,-0.05481512221368501,-0.010235887089912521,-0.16036161794032355
2011-04-13,-0.05671758763530177,-0.006363981832119059,-0.16020188884336772
2011-04-14,-0.04967595989014184,-0.004838675806188131,-0.16013161739983406
2011-04-15,-0.05372083237072334,-0.0019141248095442265,-0.15683478700070397
2011-04-18,-0.05977773486592375,-0.00276974109341821,-0.16612465623732442
2011-04-19,-0.062474920264973366,-0.0019019674715902157,-0.16134557413524275
2011-04-20,-0.04481307380801536,0.0,-0.15001120365467746
2011-04-21,-0.04597943409138794,0.0,-0.14552599813332312
2011-04-25,-0.04582027900304275,0.0,-0.14688689315909542
2011-04-26,-0.03810075471802565,0.0,-0.13922629190851343
2011-04-27,-0.02850523960902429,0.0,-0.13384658784566184
2011-04-28,-0.02287774109111862,0.0,-0.1307670451731523
2011-04-29,-0.017558797341073684,0.0,-0.1287672337595568
2011-05-02,-0.021685238584798983,-0.001331771075018584,-0.13029425328558097
2011-05-03,-0.02599632646140082,-0.0035344291310802634,-0.13323325307102274
2011-05-04,-0.026401936250040614,-0.005268840344723635,-0.1391752066748677
2011-05-05,-0.032934153323923354,-0.013242028420406449,-0.14698274621581353
2011-05-06,-0.034201842641778724,-0.016390237365758176,-0.14372428823645989
2011-05-09,-0.026708957025545987,-0.01104312893712811,-0.13983323127985592
2011-05-10,-0.021695297794102508,-0.004681220656365004,-0.13288821326392686
2011-05-11,-0.030489774259824798,-0.009573627072584023,-0.1425231223076433
2011-05-12,-0.025739152502804008,-0.01078362220660023,-0.13832539796372
2011-05-13,-0.04033260725704346,-0.0123657028192099,-0.14527681138294513
2011-05-16,-0.046627580592525364,-0.019879686535891228,-0.15057984859896678
2011-05-17,-0.050760693071634444,-0.024254609863183174,-0.15089291138958238
2011-05-18,-0.042125403636515624,-0.016133634131294206,-0.14341754285641728
2011-05-19,-0.04511900491719523,-0.015670701372609064,-0.14155195691931644
2011-05-20,-0.04665401751391329,-0.018941755138631278,-0.1481519351281495
2011-05-23,-0.05025646332222866,-0.02120230780818988,-0.15831072129308266
2011-05-24,-0.04597182510220599,-0.019658068291196207,-0.15900711831784753
2011-05-25,-0.04415327579005601,-0.01766515954549508,-0.15633009608937554
2011-05-26,-0.0425116967614495,-0.016198245033056446,-0.15299497126319195
2011-05-27,-0.03524679437937572,-0.01130005893124042,-0.14953841176710603
2011-05-31,-0.02492538797777266,-0.0051748809908350735,-0.14052970629734374
2011-06-01,-0.03305480186790333,-0.01504442352938773,-0.1601124311899459
2011-06-02,-0.03148388450985462,-0.01330014421405501,-0.1611411552079376
2011-06-03,-0.036406405266591,-0.01890852704494006,-0.16930644736984823
2011-06-06,-0.03770139861601862,-0.021343926040494066,-0.17824488139607686
2011-06-07,-0.03552135208025298,-0.022293762587551225,-0.17903081406698673
2011-06-08,-0.043452822977170125,-0.027448578532582424,-0.18246810936046132
2011-06-09,-0.04563980759168684,-0.026111279132898124,-0.17643677609591768
2011-06-10,-0.05684352532471926,-0.0336265756240095,-0.18795006188332708
2011-06-13,-0.05945699891404321,-0.03480156515722077,-0.18740699855222198
2011-06-14,-0.05466796359159365,-0.03137658566202206,-0.17715875473386677
2011-06-15,-0.06030108813398061,-0.03525203206942462,-0.19150239644340805
2011-06-16,-0.06815110598021212,-0.037660062949309125,-0.1900840207806942
2011-06-17,-0.07194539143369594,-0.035793502595585114,-0.18761781288282353
2011-06-20,-0.07126788074760582,-0.03262057109191718,-0.18323485582148324
2011-06-21,-0.06385597418896527,-0.024353883166279955,-0.172271028768475
2011-06-22,-0.06780741380146882,-0.02533123778905233,-0.17762515121814237
2011-06-23,-0.07188455267309957,-0.028826186885115623,-0.17995081622894538
2011-06-24,-0.08172786698147261,-0.03526560475130036,-0.18956653906277365
2011-06-27,-0.08162044865323292,-0.03366853013759308,-0.18212314754608894
2011-06-28,-0.07710059127557589,-0.027685726753024054,-0.1715362593239338
2011-06-29,-0.07292940679633153,-0.025048188120090353,-0.16467430355813073
2011-06-30,-0.067295045954329,-0.020141839696701913,-0.15622145222606565
2011-07-01,-0.06359000872955423,-0.01870539748459743,-0.1440628546475371
2011-07-05,-0.060002677526480475,-0.011869474403192859,-0.1452065399394119
2011-07-06,-0.06079715264421037,-0.007216728989163368,-0.1443504138176912
2011-07-07,-0.05278539842841801,-0.0017224802566658814,-0.13540558438816686
2011-07-08,-0.05799814289534655,-0.0006997997675058931,-0.1414241268461185
2011-07-11,-0.06226682022058283,-0.005923273861536571,-0.15695622167060708
2011-07-12,-0.0693662191734219,-0.009852378451711052,-0.1606938669408281
2011-07-13,-0.062209971947716936,-0.001970903469553753,-0.15808711615588988
2011-07-14,-0.06877867571864182,-0.004469076663219385,-0.16374151058958042
2011-07-15,-0.05737151653022876,-0.0013550898560696911,-0.15909657597127025
2011-07-18,-0.05804612147056143,-0.002404878893775275,-0.16593302811661215
2011-07-19,-0.05028224726894426,0.0,-0.15233047326218518
2011-07-20,-0.05324446556016993,-0.004734758122510452,-0.15289911820647462
2011-07-21,-0.0402988133729949,0.0,-0.1414241268461185
2011-07-22,-0.03178107861096868,0.0,-0.14064466757122784
2011-07-25,-0.03343354313530911,0.0,-0.1454940211168433
2011-07-26,-0.03312263708496166,-0.0005452130170836567,-0.14900174383929787
2011-07-27,-0.04007402734961718,-0.008563931054888951,-0.16628438533428103
2011-07-28,-0.04755734305478221,-0.010660445727272538,-0.1689805937726413
2011-07-29,-0.04551385702209498,-0.009033991862330892,-0.1743411116256045
2011-08-01,-0.04168161565362616,-0.011771194052934475,-0.17775298129134098
2011-08-02,-0.04636878695940494,-0.01931745606065327,-0.198766872653249
2011-08-03,-0.0353140930835808,-0.009696570317667463,-0.19474814160889298
2011-08-04,-0.053857648446887896,-0.02668300456350936,-0.2332556447818318
2011-08-05,-0.06000319423359746,-0.03417369120126612,-0.23369645965292263
2011-08-08,-0.07469476153504084,-0.05165727608347759,-0.2847586854451317
2011-08-09,-0.04585863907320564,-0.025668550226344178,-0.25085134906743045
2011-08-10,-0.051779445717114125,-0.03259969009506258,-0.2839280629438724
2011-08-11,-0.0367979222374516,-0.01945206015739598,-0.2507810776238968
2011-08-12,-0.0432986042062784,-0.022121823581049194,-0.24683893543364754
2011-08-15,-0.038380064592142715,-0.014944359408060937,-0.23043160627027315
2011-08-16,-0.03779402602733439,-0.010664557781173478,-0.23792608302060336
2011-08-17,-0.03850792303147521,-0.01083120309690555,-0.23720410438265427
2011-08-18,-0.04942167866587366,-0.022282541630804675,-0.2712200066309428
2011-08-19,-0.0492777302182581,-0.02285630390697413,-0.2821582520707667
2011-08-22,-0.038637350073222,-0.016461563881416286,-0.2819730193533496
2011-08-23,-0.01956706753401405,-0.002738661230499817,-0.2573555522122688
2011-08-24,-0.04197803620401108,-0.020930408527831346,-0.2476120772979653
2011-08-25,-0.0604869256370022,-0.035825858634759955,-0.25932338660938403
2011-08-26,-0.037584987157644356,-0.015635730487240318,-0.24812316361259001
2011-08-29,-0.028031609259744794,-0.0041781971432474085,-0.22686008550030412
2011-08-30,-0.021886829685476727,0.0,-0.2250455068041256
2011-08-31,-0.025508784794651018,-0.0018243955651547905,-0.22123119468707475
2011-09-01,-0.027688855766240805,-0.004962466049195924,-0.2304762961006226
2011-09-02,-0.023709211304984712,-0.0032709571601323706,-0.24993134690547236
2011-09-06,-0.02090475990070284,-0.0002405077672819056,-0.25550907449233307
2011-09-07,-0.02267519961631248,-0.006748848209151448,-0.2341820423470864
2011-09-08,-0.01559647839086975,-0.0005367142269459002,-0.24230904008194365
2011-09-09,-0.02075738359188528,-0.009805824587593381,-0.26254355016168407
2011-09-12,-0.01880652768143387,-0.009433689422136848,-0.2574066374459143
2011-09-13,-0.01794024326110455,-0.0070846071324,-0.2506341393335332
2011-09-14,-0.012466207604742152,-0.0017850157413750178,-0.24053283380554158
2011-09-15,-0.014902139437955486,-0.004265642103303158,-0.22747981567823894
2011-09-16,-0.00929972591231687,0.0,-0.22307127700371443
2011-09-19,-0.01406233895505049,-0.0013130495705953038,-0.23068718842394698
2011-09-20,-0.01702740813485104,-0.0034475967431502053,-0.2319650211995935
2011-09-21,-0.022232293834805517,-0.01185192258861445,-0.2545379091040061
2011-09-22,-0.050411777277974634,-0.037410107308519236,-0.2783055675339393
2011-09-23,-0.051882151132756404,-0.040158028109413046,-0.2739162150693031
2011-09-26,-0.06750998331632552,-0.053628414597892915,-0.25697221797811953
2011-09-27,-0.04831485528848756,-0.03731595683317368,-0.24903045296067938
2011-09-28,-0.0602515393392532,-0.04815323846090136,-0.26456886519574097
2011-09-29,-0.06781680322605288,-0.055620989535626775,-0.25860140797143494
2011-09-30,-0.07831457201945369,-0.06328255207332811,-0.2771171924117152
2011-10-03,-0.08182973703807384,-0.06724177771902973,-0.29768395149195936
2011-10-04,-0.07075161976555666,-0.061166191367028055,-0.28188995710322395
2011-10-05,-0.07158004082474245,-0.05762954853188329,-0.2690604661203916
2011-10-06,-0.061732329715576406,-0.04763272709729449,-0.25568159439588134
2011-10-07,-0.055173043159420065,-0.04805570376815527,-0.2617576954834976
2011-10-10,-0.04308842897945242,-0.03425404220109751,-0.2365651879948315
2011-10-11,-0.04590109177452428,-0.031503758577693164,-0.23614987674420185
2011-10-12,-0.03280357276648205,-0.024717108209459493,-0.22866819080046374
2011-10-13,-0.02812792440387235,-0.027741431817341455,-0.23096187879478636
2011-10-14,-0.015621601482236236,-0.016768492634852028,-0.21759579787686822
2011-10-17,-0.024689561575214403,-0.02330469659751544,-0.23275087587778054
2011-10-18,-0.02730532940320951,-0.027562644245845758,-0.21708463356952035
2011-10-19,-0.0290329136333759,-0.03068078499069804,-0.22698783758077967
2011-10-20,-0.04196730937039983,-0.03789777910913761,-0.22346740204445614
2011-10-21,-0.0305595930744752,-0.02804024322170584,-0.20886178277794476
2011-10-24,-0.020395363249864573,-0.01756337764004423,-0.19867749299255044
2011-10-25,-0.027996367855981807,-0.02522059610093552,-0.21473978234882896
2011-10-26,-0.014203505378603931,-0.011784507902260377,-0.2064658463236081
2011-10-27,0.0,0.0,-0.1792544192041814
2011-10-28,0.0,0.0,-0.17893496101026984
2011-10-31,-0.014314614388105551,-0.01102710049375255,-0.19924605994411704
2011-11-01,-0.02961271725203829,-0.026250813017597463,-0.22162092432452052
2011-11-02,-0.019851571885371566,-0.012993080708202043,-0.20908538791513864
2011-11-03,-0.004662936295364628,-0.0020338747723428474,-0.19423058189824982
2011-11-04,-0.004605409497894786,-0.005443643086200045,-0.19929082776718954
2011-11-07,0.0,0.0,-0.1942497681081381
2011-11-08,0.0,0.0,-0.18479377437126565
2011-11-09,-0.018470384053663857,-0.016605446232445198,-0.21470788332507196
2011-11-10,-0.0214234654718658,-0.02161749452413131,-0.20793538521269084
2011-11-11,-0.008679670132803463,-0.010967027378448346,-0.1925055388482163
2011-11-14,-0.012151897106400855,-0.013317764415451072,-0.2002172253324439
2011-11-15,-0.007332876962038104,-0.00759686466622056,-0.1963645407956166
2011-11-16,-0.020276413614443878,-0.01964299962210947,-0.2097179088996658
2011-11-17,-0.03044802929477075,-0.029336775617816002,-0.22299461015688515
2011-11-18,-0.03772581404351538,-0.03605885718057422,-0.2233012775442046
2011-11-21,-0.03992351048893339,-0.04613019569084764,-0.23778554013353648
2011-11-22,-0.04037243973387017,-0.04697214848896514,-0.24094174965287607
2011-11-23,-0.05257786419717603,-0.05885594930829152,-0.2577133048332345
2011-11-25,-0.056685282542433546,-0.05992022080591697,-0.25970672084353386
2011-11-28,-0.03671493366383116,-0.04320290827740303,-0.23806023050437564
2011-11-29,-0.03833211809968606,-0.04422945594710259,-0.2363735598741188
2011-11-30,-0.016594805577808347,-0.024232422538988718,-0.20329684599767694
2011-12-01,-0.01046768253348973,-0.022255973401680507,-0.20481747012040485
2011-12-02,-0.008528543615512252,-0.023136587743855963,-0.20500909824111802
2011-12-05,-0.007296464362987143,-0.01978859534568933,-0.19683101527261526
2011-12-06,-0.017296166157839465,-0.027693383733983445,-0.19594291213441428
2011-12-07,-0.009495181863545032,-0.022349207701383267,-0.19432003955167199
2011-12-08,-0.02168647877382801,-0.033580566931920464,-0.21135357228900054
2011-12-09,-0.01761570168973714,-0.02786695923295668,-0.198038576604728
2011-12-12,-0.03443250005667475,-0.04229420499796055,-0.2099990726665243
2011-12-13,-0.03804140711024895,-0.044248863908332936,-0.21686102843232757
2011-12-14,-0.05723013384827891,-0.06333070806031627,-0.2257483772249106
2011-12-15,-0.06322756653623285,-0.06878455895751567,-0.22323740150396731
2011-12-16,-0.05594386714219679,-0.06290827722338466,-0.22073921658961593
2011-12-19,-0.06180445195112527,-0.06651844684577157,-0.22988214753587288
2011-12-20,-0.045453207854206146,-0.05247754293088658,-0.20691305659799553
2011-12-21,-0.04898402531307733,-0.057072474192820466,-0.20536692885480634
2011-12-22,-0.04288832990499003,-0.05443416018263725,-0.1987988496697305
2011-12-23,-0.042408832120226836,-0.0518143677232662,-0.1915599550730741
2011-12-27,-0.04090831304509113,-0.05091851482178511,-0.19149600104011333
2011-12-28,-0.05095642225510533,-0.06268686185096939,-0.2015845157615127
2011-12-29,-0.054160167782581814,-0.06728593985386089,-0.19303581137272963
2011-12-30,-0.05619021847117445,-0.06845846311927584,-0.1964987662721116
2012-01-03,-0.03557006741388369,-0.04938733325347411,-0.18406540033002072
2012-01-04,-0.03355955450753212,-0.046761891898801866,-0.18391206663636106
2012-01-05,-0.03408960320995702,-0.04617371691580219,-0.18150973477872812
2012-01-06,-0.03480849455525081,-0.04242456344783352,-0.18358621303915335
2012-01-09,-0.03664742112608499,-0.042355844472380944,-0.1817398133119409
2012-01-10,-0.029501526641179776,-0.03470569299507498,-0.17446894169880411
2012-01-11,-0.031606434099757275,-0.03396590118757814,-0.1742133595451303
2012-01-12,-0.025885089288741114,-0.02723528382766205,-0.17228381957506855
2012-01-13,-0.03534993095580197,-0.033799975282256756,-0.17637929545897768
2012-01-17,-0.031676356742102674,-0.027641166801302464,-0.17345300848740475
2012-01-18,-0.027672361170407167,-0.023270791226372545,-0.16427178311409463
2012-01-19,-0.019155273245340276,-0.019169782458962947,-0.16014440820642828
2012-01-20,-0.02848033853788623,-0.019760330436867313,-0.1595821586654349
2012-01-23,-0.020064493643352388,-0.01610693272550323,-0.15918603362469375
2012-01-24,-0.02160885986588812,-0.01753666146458599,-0.16004855514971028
2012-01-25,-0.025589458459750247,-0.01575601343040922,-0.15275849732668534
2012-01-26,-0.012941384579824966,-0.003884614928601038,-0.15763343248548511
2012-01-27,-0.01057934286116069,-0.002444780110784306,-0.15897521929409242
2012-01-30,-0.012433263547167783,-0.0025697845097437666,-0.1610963873848671
2012-01-31,-0.008753600886177049,0.0,-0.16147972161901636
2012-02-01,-0.004938320202304669,0.0,-0.15401722188516642
2012-02-02,0.0,0.0,-0.15309074632718878
2012-02-03,0.0,0.0,-0.1407213344180589
2012-02-06,-0.003502383791451291,-0.003164616245837415,-0.14108556043504294
2012-02-07,-0.0017954232043545515,-0.001985507777825024,-0.13934764858569426
2012-02-08,0.0,0.0,-0.13748845805188947
2012-02-09,0.0,0.0,-0.13621702067953922
2012-02-10,-0.013580440855967546,-0.009696772465263681,-0.14216529169395686
2012-02-13,-0.008117225370260828,-0.004321821230341527,-0.13633198195342233
2012-02-14,-0.005622245009876847,-0.003908023387003801,-0.13714341824479348
2012-02-15,-0.004155616115719463,-0.004235223934757282,-0.14178835286310387
2012-02-16,-0.001392325082833712,-0.0015311744649668668,-0.13232596372293526
2012-02-17,-0.0032710616531684833,-0.0009149846461592448,-0.13028785788228658
2012-02-21,0.0,0.0,-0.1296617323010555
2012-02-22,-0.0007196598162414469,-0.0014663426128267432,-0.13256875507001709
2012-02-23,0.0,0.0,-0.12886308681627667
2012-02-24,0.0,0.0,-0.12740633873378626
2012-02-27,-0.0036135487248641907,-0.0006160246329377506,-0.12622435901485796
2012-02-28,0.0,0.0,-0.12329167663998886
2012-02-29,-0.009254410131140367,-0.004666299382553696,-0.12744463316083954
2012-03-01,-0.017412583803700254,-0.011279341793369313,-0.12207140249400728
2012-03-02,-0.018721141711825706,-0.014267518953766656,-0.12492094462602721
2012-03-05,-0.025765302425817205,-0.018188848082057563,-0.12830723267857935
2012-03-06,-0.03627474034097056,-0.030002170756379565,-0.14170529061297787
2012-03-07,-0.030186588984098428,-0.025001705461204393,-0.13578252321902118
2012-03-08,-0.02457621885549599,-0.01800713699940193,-0.12729769487047604
2012-03-09,-0.02553037086651866,-0.0159456879370925,-0.12412869454454434
2012-03-12,-0.026432737677020368,-0.014865187766651355,-0.12398815165747668
2012-03-13,-0.01880416427102749,-0.008339805167879577,-0.10810469961531932
2012-03-14,-0.031053094082891253,-0.01613375155835417,-0.10917164006764102
2012-03-15,-0.02544840572751572,-0.013308457737465362,-0.10385589003775031
2012-03-16,-0.024301295913269905,-0.011732711898845838,-0.10285274763294316
2012-03-19,-0.018842041320239367,-0.00791694385481212,-0.09928762226626997
2012-03-20,-0.022526454685567576,-0.009317922524996636,-0.10199022610792641
2012-03-21,-0.020811401860813095,-0.010451536245555282,-0.10367057932761037
2012-03-22,-0.02522900381716009,-0.014498578617668678,-0.11013001464937588
2012-03-23,-0.020285459688543006,-0.00892868128813229,-0.10736353476748184
2012-03-26,-0.00994431580171573,0.0,-0.09496854124516763
2012-03-27,-0.007433679666793869,0.0,-0.09751781139316429
2012-03-28,-0.00834026419852918,-0.004892157374412176,-0.10197743530133441
2012-03-29,-0.011222438542285884,-0.009412303247788412,-0.10342139257723271
2012-03-30,-0.007671594769078083,-0.009075365292101845,-0.10010545396093751
2012-04-02,-0.0024632630307264147,-0.0025865124661360595,-0.0933520640657215
2012-04-03,-0.008017553497954966,-0.0036515261972132063,-0.09696835265876325
2012-04-04,-0.027286949174073483,-0.019483631833330017,-0.10618155504855387
2012-04-05,-0.024768734935284642,-0.016037912372968588,-0.10674380458954702
2012-04-09,-0.02877620810530157,-0.020670291351721604,-0.11688979994788817
2012-04-10,-0.032613811140509874,-0.026175277579591594,-0.1319746065052666
2012-04-11,-0.026582680914900902,-0.020260530359913043,-0.12550877578020503
2012-04-12,-0.01536064630450451,-0.013028404539421223,-0.11345882206498681
2012-04-13,-0.022161465440181716,-0.019505151114143193,-0.12451842418199
2012-04-16,-0.026865719143589817,-0.025010607492823245,-0.1249593170458041
2012-04-17,-0.02828255646745237,-0.020479838964532093,-0.11140784742502274
2012-04-18,-0.027899875889154324,-0.020590648407101675,-0.11501134521147216
2012-04-19,-0.02791843161093943,-0.022868844690924872,-0.12026321920112526
2012-04-20,-0.03371892941062693,-0.025319809353925526,-0.11923457317585684
2012-04-23,-0.041500991433467194,-0.031633565849484735,-0.12663967026548806
2012-04-24,-0.0400276503851823,-0.02932599990255358,-0.12342590211648397
2012-04-25,-0.03617181368590716,-0.021916385485054146,-0.11146540605468769
2012-04-26,-0.021448953748992028,-0.016290693991511507,-0.10552984785413877
2012-04-27,-0.01912186497154389,-0.01198783712141227,-0.10337030734358743
2012-04-30,-0.025552479257476723,-0.017265260174347707,-0.10685237046013452
2012-05-01,-0.021576858932778054,-0.014500528402058732,-0.10179859798721369
2012-05-02,-0.0241561341952532,-0.015953268735560355,-0.10404112275516786
2012-05-03,-0.03152292468760143,-0.022650044681380987,-0.11090315651369409
2012-05-04,-0.039362168864316316,-0.031039924755219106,-0.12525958902982737
2012-05-07,-0.035259272037465594,-0.030841397437173956,-0.12495292164250782
2012-05-08,-0.04493335117392938,-0.03954580150359843,-0.128696962316025
2012-05-09,-0.05047159264478318,-0.044596404157779324,-0.1345366674598556
2012-05-10,-0.046070611033234954,-0.041985646046932334,-0.1323579407394161
2012-05-11,-0.04330116603383216,-0.044632163172284245,-0.13529694052485808
2012-05-14,-0.05342326351601023,-0.05318628206408549,-0.14490626795539008
2012-05-15,-0.05500409112729332,-0.05475353329102939,-0.14981949754124324
2012-05-16,-0.057314971418366945,-0.05886693571384771,-0.1535635382147602
2012-05-17,-0.061942049822885425,-0.06628757123013362,-0.16630357154417075
2012-05-18,-0.06633748137075757,-0.06500652386321037,-0.17246273488191288
2012-05-21,-0.05829107256543353,-0.054998690090765745,-0.1591924290279898
2012-05-22,-0.062034897621706886,-0.05784953557279826,-0.1587835131806563
2012-05-23,-0.0678349716669776,-0.062093314793098986,-0.1573587421146463
2012-05-24,-0.06863562674665036,-0.06022024339963139,-0.15619587061288298
2012-05-25,-0.0685839537527474,-0.06030362018531288,-0.1580232401156536
2012-05-29,-0.060816380056132324,-0.05393644302437994,-0.1486949984592566
2012-05-30,-0.0738011620624861,-0.06540967627168082,-0.16089836386085787
2012-05-31,-0.07413416400060724,-0.06369548187190732,-0.16280871762103133
2012-06-01,-0.07936593740912878,-0.06649489277221765,-0.18343927474879018
2012-06-04,-0.07986535403403316,-0.06475556531260473,-0.18334981709536813
2012-06-05,-0.07476741443288315,-0.06224474988400186,-0.17867298345330063
2012-06-06,-0.058985614489873606,-0.0480066503749953,-0.15974188776239095
2012-06-07,-0.06766073793614347,-0.054905663326374254,-0.1598313454158129
2012-06-08,-0.07021385560019178,-0.05619096463134177,-0.15301407948035906
2012-06-11,-0.07053513550724755,-0.061648407587866494,-0.16370313816980508
2012-06-12,-0.06092908353308424,-0.053662077368461625,-0.1539596632555016
2012-06-13,-0.060094233274112674,-0.054295059004155655,-0.15990161685934656
2012-06-14,-0.06464865549761523,-0.052871235253063364,-0.15081624454275433
2012-06-15,-0.05623652910622745,-0.04544201154951455,-0.14203753961348164
2012-06-18,-0.05339436266985653,-0.044341132572773057,-0.14079800126488862
2012-06-19,-0.04254127344274983,-0.037841423994746326,-0.13236433614271192
2012-06-20,-0.0465732286478886,-0.04196896125327798,-0.1338274796284984
2012-06-21,-0.059734278645756866,-0.0551404671846889,-0.15310993253707716
2012-06-22,-0.06067622585071042,-0.05336212039856736,-0.1470338314494607
2012-06-25,-0.07013956548665012,-0.0603866281053258,-0.16064278170718382
2012-06-26,-0.0686347583903083,-0.05686896293908672,-0.15663676347669675
2012-06-27,-0.06220142720497934,-0.05435077481593986,-0.14905922447624076
2012-06-28,-0.06648462208777484,-0.06051838592658987,-0.15085453896980794
2012-06-29,-0.04340401223664769,-0.0417556616551924,-0.12969363132481304
2012-07-02,-0.04303639995252373,-0.04063031937975181,-0.12755327702414998
2012-07-03,-0.032945772991768596,-0.03278691606346462,-0.12211609232435694
2012-07-05,-0.039148888552772765,-0.03510744697917523,-0.12623075441815423
2012-07-06,-0.051752242947921134,-0.04341728961357705,-0.1344727134268947
2012-07-09,-0.05547891144616146,-0.04453135688956644,-0.13589116708233184
2012-07-10,-0.04929365435237265,-0.046846386974857324,-0.14291285194509085
2012-07-11,-0.059501023968208666,-0.051982216933100345,-0.14292564275168296
2012-07-12,-0.06884627923472086,-0.058580786406596586,-0.1471999559497129
2012-07-13,-0.05772023776336155,-0.04594955954306301,-0.13313100461101102
2012-07-16,-0.06076701535455875,-0.04853762733834488,-0.13513721142790258
2012-07-17,-0.06155142133037517,-0.04749590172202367,-0.12872886133978256
2012-07-18,-0.04786113975260842,-0.044703605215744235,-0.12290834240583992
2012-07-19,-0.043091073000527724,-0.039963055086022825,-0.12052519675809514
2012-07-20,-0.04667821794908855,-0.04692907302013205,-0.1293741731309016
2012-07-23,-0.04455187822455098,-0.052491407208794194,-0.1371306274382017
2012-07-24,-0.04579058835272454,-0.05436085264005841,-0.14493177157585124
2012-07-25,-0.04019407268184694,-0.052513397791500105,-0.1452001445361174
2012-07-26,-0.027632098299859242,-0.044171671774676735,-0.1310609217538815
2012-07-27,-0.016063870615400044,-0.035135412121656384,-0.11448107268695917
2012-07-30,-0.019092656743909364,-0.036917975678905535,-0.11490909675145788
2012-07-31,-0.016212226371061234,-0.037060910939111236,-0.11872988226452807
2012-08-01,-0.024187549739338454,-0.04370337905864763,-0.1212855478158208
2012-08-02,-0.026349912448524804,-0.045495281464377646,-0.1278791306213577
2012-08-03,-0.014408363502784405,-0.0365708550873981,-0.11127369994125103
2012-08-06,-0.014772890635946445,-0.03213710596709518,-0.10920361708412174
2012-08-07,-0.010719435677579159,-0.028365045889870544,-0.10465453552252957
2012-08-08,-0.01090123854395364,-0.0286156449684547,-0.10409868138483236
2012-08-09,-0.00540001858613437,-0.027288231920676198,-0.10372805996455214
2012-08-10,-0.004232046230571274,-0.026376065353979183,-0.10176662097073308
2012-08-13,-0.0021715936444661743,-0.02545394842971993,-0.10289112005271961
2012-08-14,-0.005463402153674468,-0.030488435671464864,-0.10300608132660294
2012-08-15,-0.005165597614765205,-0.027863333876116392,-0.10198383070463035
2012-08-16,-0.0012568992495972653,-0.023025523153485605,-0.09560745763299061
2012-08-17,0.0,-0.019288341296872402,-0.09391431360671443
2012-08-20,0.0,-0.019295892438194517,-0.0939334998166027
2012-08-21,0.0,-0.016312360929105485,-0.09710250014253441
2012-08-22,0.0,-0.014991552619767035,-0.09689808121522914
2012-08-23,-0.0014607605206200525,-0.013793445074523847,-0.10418813903825397
2012-08-24,0.0,-0.011217837358698524,-0.09840591453136505
2012-08-27,-0.0023509015621886453,-0.010744028548587026,-0.09884680739517915
2012-08-28,-0.005832378586900111,-0.010022985476791924,-0.09957510344370113
2012-08-29,-0.003664138626232827,-0.010839777232028447,-0.09881483037869865
2012-08-30,-0.009568607886351277,-0.015257127886615263,-0.10584930604804976
2012-08-31,-0.005958029883749938,-0.014794224009120227,-0.10131301529304981
2012-09-04,-0.006777166137108881,-0.005306494268478623,-0.10236084752820662
2012-09-05,-0.009378470482849122,-0.007315549494803619,-0.1033192221099416
2012-09-06,0.0,0.0,-0.08499506579037452
2012-09-07,0.0,0.0,-0.08128931954391061
2012-09-10,-0.0025843413686170713,-0.0037689973128319787,-0.08693739656702815
2012-09-11,0.0,-0.002886129195453835,-0.08407498563569304
2012-09-12,0.0,-0.0014977947603115327,-0.08215823647222342
2012-09-13,0.0,0.0,-0.06718846918145116
2012-09-14,0.0,0.0,-0.06349551374157969
2012-09-17,-0.005548180403096459,-0.0016396935805365054,-0.06642180071315285
2012-09-18,-0.0052523181147383635,-0.001840994554287878,-0.06761657123867315
2012-09-19,-0.007798880243770734,-0.0016503225720418957,-0.06651118037385162
2012-09-20,-0.011531987432014223,-0.003941998673538172,-0.06701594927790322
2012-09-21,-0.007193249111215327,0.0,-0.067086220721437
2012-09-24,-0.012090525751534686,-0.006297058796945421,-0.06916909438515861
2012-09-25,-0.010186024868354848,-0.010609973201406553,-0.0789445463159425
2012-09-26,-0.01595945331848292,-0.018364787024699125,-0.08422839732207588
2012-09-27,-0.003980710927065423,-0.009484138538767395,-0.07539213376313836
2012-09-28,-0.001270985393745816,-0.010053356637840238,-0.07953229947739693
2012-10-01,0.0,-0.008565274616430973,-0.0770916731927106
2012-10-02,-0.00036390478655934366,-0.009618757400274847,-0.07628663230463517
2012-10-03,0.0,-0.007603610222198132,-0.07293871667185958
2012-10-04,0.0,-0.0028992764684617756,-0.06628757523665785
2012-10-05,-0.0030617614135418636,-0.005999530107030249,-0.06658784722068134
2012-10-08,-0.013185771166920102,-0.010991950825274932,-0.06981440617627777
2012-10-09,-0.019474261757627565,-0.017314950204168622,-0.07901481775947616
2012-10-10,-0.026575924079273783,-0.021252676934635617,-0.08471390202351614
2012-10-11,-0.025352327001175512,-0.02026843292114855,-0.08453506470939542
2012-10-12,-0.026825379556562057,-0.021363914027255904,-0.08725045935764397
2012-10-15,-0.030704246335416685,-0.023819677893806013,-0.07987733928449314
2012-10-16,-0.023230345360748195,-0.017043584916313415,-0.07042774095091686
2012-10-17,-0.02851599956806683,-0.016222719130568164,-0.0666006380272739
2012-10-18,-0.03664492302844646,-0.021462652177862362,-0.06888161320772768
2012-10-19,-0.0447794338179861,-0.03157666608071186,-0.0843114595722021
2012-10-22,-0.044617462734053204,-0.031764288929056805,-0.08390893912816466
2012-10-23,-0.04651274762987867,-0.03800219914415748,-0.09714087256231141
2012-10-24,-0.046982318702818104,-0.03994477190123524,-0.09992653865409362
2012-10-25,-0.04273719040716539,-0.03783073843463669,-0.09723033021573335
2012-10-26,-0.04295178809520406,-0.03749802344660946,-0.09788843281344484
2012-10-31,-0.038009994963848937,-0.03843998553007022,-0.09774781193365423
2012-11-01,-0.02951296856716734,-0.0331032861634355,-0.0878893757454674
2012-11-02,-0.03751948668185312,-0.04349756189470899,-0.09644447553754654
2012-11-05,-0.03367992410230802,-0.0413746324803419,-0.09448935395430058
2012-11-06,-0.02837587316513379,-0.03845027631231768,-0.08737821143811964
2012-11-07,-0.032638892166215405,-0.044473491403218324,-0.10901191097068597
2012-11-08,-0.0363026736213109,-0.04982527831323347,-0.11988628037027227
2012-11-09,-0.031629005800790644,-0.044990222031999094,-0.11839123786072836
2012-11-12,-0.03314892788985557,-0.045577085486807056,-0.11827619859412208
2012-11-13,-0.03903308447087783,-0.0498477187471732,-0.12179023872714956
2012-11-14,-0.042980247339928224,-0.05495125486296748,-0.13395523170897428
2012-11-15,-0.04856312573773358,-0.058937660814527226,-0.13533531294463486
2012-11-16,-0.045381926052625365,-0.056156045119891695,-0.13115037940730379
2012-11-19,-0.03547875070240547,-0.044772056087725054,-0.11389324153278169
2012-11-20,-0.035996384519067726,-0.04439427640640636,-0.11330541037860409
2012-11-21,-0.03699809206130433,-0.04444591181325219,-0.11124811832806702
2012-11-23,-0.024925041198895492,-0.037221000715195074,-0.09967095650042002
2012-11-26,-0.02259553902605882,-0.033181431635395664,-0.10149824801046758
2012-11-27,-0.018529209462195717,-0.03511313889889012,-0.10619434585514653
2012-11-28,-0.02081201682601419,-0.038302181022864645,-0.09917258299966436
2012-11-29,-0.021772077306787763,-0.03269857381741814,-0.0953263718588564
2012-11-30,-0.019973089586389436,-0.03277194545339823,-0.09517935557576962
2012-12-03,-0.024289980235932984,-0.03486853236470455,-0.0994729329764108
2012-12-04,-0.03083675900629368,-0.039358627797083434,-0.10101266531630404
2012-12-05,-0.029816101511545345,-0.0431016280216695,-0.09958789425029413
2012-12-06,-0.0278522352801297,-0.040950787135971334,-0.09661060003779876
2012-12-07,-0.025962534323828557,-0.04125022544888868,-0.09397187223638004
2012-12-10,-0.02216818429755829,-0.03818916335809097,-0.09366512685633743
2012-12-11,-0.016465857586755228,-0.03382459908103319,-0.0877296466485119
2012-12-12,-0.018134160744275762,-0.03392152980411356,-0.0873207308011783
2012-12-13,-0.022258814749297362,-0.0408074319246895,-0.09309016450147511
2012-12-14,-0.020655755181432478,-0.04303803819944296,-0.09684060057828836
2012-12-17,-0.01866084106153354,-0.03780456443660962,-0.08611956487236172
2012-12-18,-0.017660025176858607,-0.032151097247585914,-0.07562213430362885
2012-12-19,-0.021107184322994965,-0.038408469850449434,-0.08263742376309158
2012-12-20,-0.022208469802401543,-0.04003219168526928,-0.07760283750005914
2012-12-21,-0.028323547429545348,-0.043841150406611296,-0.08625371235613333
2012-12-24,-0.03027530756665786,-0.044978415696454666,-0.08848352431021855
2012-12-26,-0.03096727211115613,-0.048015674795716334,-0.09284737315439362
2012-12-27,-0.029670689689690666,-0.04791717495144887,-0.09395268602649187
2012-12-28,-0.030379460494148747,-0.05104590190816172,-0.10396445590833836
2012-12-31,-0.0256544715603102,-0.04303065195693645,-0.08878387428696488
2013-01-02,-0.0030910044895537947,-0.024386970814608833,-0.06563586804224375
2013-01-03,-0.00761530128583654,-0.02831455159828966,-0.06758459422219376
2013-01-04,-0.009630141014236537,-0.033620519326127196,-0.0630483034671937
2013-01-07,-0.016535518250424652,-0.03445136196079546,-0.06597451244604358
2013-01-08,-0.018688593925446084,-0.033470896120392224,-0.06900296988490773
2013-01-09,-0.019371721641829764,-0.03141246827490218,-0.06653036658374112
2013-01-10,-0.010433765914570348,-0.026431182171600676,-0.05943841027744834
2013-01-11,-0.012931119507281874,-0.028969493101137833,-0.05948310010779789
2013-01-14,-0.016019777654009193,-0.02843196965410366,-0.06035841243940665
2013-01-15,-0.01767112014274208,-0.026854702312366086,-0.05929786739038079
2013-01-16,-0.01829227883413742,-0.026740745760620577,-0.05911255668024096
2013-01-17,-0.008495682396034931,-0.02464141064521308,-0.053803202053646304
2013-01-18,-0.0071137913375806106,-0.02246976841001236,-0.050583038501346045
2013-01-22,-0.006224522407992539,-0.021059517661755844,-0.0463789187541267
2013-01-23,-0.0011958639597267062,-0.019786732114061567,-0.04494135688152423
2013-01-24,-0.00199470023840298,-0.026032856661811543,-0.044935039470951454
2013-01-25,0.0,-0.025509240340900297,-0.039734250714944186
2013-01-28,0.0,-0.025536549283126653,-0.04151037899862298
2013-01-29,0.0,-0.02440663100333973,-0.03661633562265809
2013-01-30,0.0,-0.023409984272052875,-0.04037316710276728
2013-01-31,-0.0029710393061901375,-0.025635237224488572,-0.042832979597342
2013-02-01,0.0,-0.020264576247268407,-0.03321086136021778
2013-02-04,-0.007942325024696162,-0.026791469129124,-0.044366394526662134
2013-02-05,-0.0019338181656820552,-0.02042786757854098,-0.03441202728903403
2013-02-06,-0.0034846695070612776,-0.020686417369304877,-0.033881754764521155
2013-02-07,-0.004063442935321238,-0.022185930727204095,-0.035625984024442725
2013-02-08,-0.0017845134919021177,-0.018538433392716436,-0.030169613114761518
2013-02-11,-0.0035772046232473986,-0.021579258260735035,-0.030757444268939005
2013-02-12,-0.005030135459345497,-0.023047035772374436,-0.029211238533026762
2013-02-13,-0.007154422554704776,-0.02217552538306733,-0.02863627617816411
2013-02-14,-0.0017847089907228053,-0.021778713495507862,-0.027965382773860625
2013-02-15,-0.010443210253515023,-0.028441216576034933,-0.028981237992536935
2013-02-19,-0.0053285110539683656,-0.026512169325184853,-0.021857382662486824
2013-02-20,-0.016104688036772896,-0.03600432431756562,-0.03399039862783115
2013-02-21,-0.021723801473053528,-0.042118393779581376,-0.04007921252931668
2013-02-22,-0.01680650676853146,-0.038400660914809426,-0.03165833821373221
2013-02-25,-0.02437891132536374,-0.042426685703934264,-0.04938826797582552
2013-02-26,-0.022307606505869826,-0.04001109198172326,-0.04358053984847532
2013-02-27,-0.014448172991151753,-0.03354495292338988,-0.031409151463354434
2013-02-28,-0.017342769514378742,-0.036525260861221986,-0.03224609137518686
2013-03-01,-0.01640607537445382,-0.03640690437710159,-0.029997171203936523
2013-03-04,-0.017629184967733358,-0.036245598340037155,-0.025524756489174405
2013-03-05,-0.010340344094881715,-0.030015405919763816,-0.016202910236073564
2013-03-06,-0.013894478596944038,-0.03122902566634911,-0.015135969783751757
2013-03-07,-0.015150325479315274,-0.029059016819736105,-0.013346972700757354
2013-03-08,-0.016832642039029122,-0.027129610604927468,-0.008925643219640733
2013-03-11,-0.01845774744267714,-0.026536567739206318,-0.005705557660063754
2013-03-12,-0.01722504842898165,-0.025266587731641366,-0.008095098711104587
2013-03-13,-0.016558832867888063,-0.025735489148676294,-0.00679168432227395
2013-03-14,-0.014180551701748478,-0.024564757598980802,-0.0012267475420054685
2013-03-15,-0.01803512369882021,-0.02415864814929114,-0.0028432247214517092
2013-03-18,-0.021899857905071318,-0.024170306390923657,-0.008337890058186415
2013-03-19,-0.021912612555024302,-0.024024678468727245,-0.01074022191581947
2013-03-20,-0.019411782951364698,-0.02143971037164205,-0.004114662093802068
2013-03-21,-0.023406973870623626,-0.024320166861553805,-0.012363016505838709
2013-03-22,-0.024461176782582528,-0.02254769593588013,-0.005277455602842096
2013-03-25,-0.026696963880772695,-0.025231082908963254,-0.008599867615156409
2013-03-26,-0.027716652769172456,-0.023292250116602853,-0.000881707734909698
2013-03-27,-0.027493037716646462,-0.021921090739049465,-0.0014695388890874073
2013-03-28,-0.02541531935856045,-0.02136188429606123,0.0
2013-04-01,-0.029665122917632125,-0.02491441834518049,-0.00447358046065871
2013-04-02,-0.03182367611661718,-0.02549521544816047,0.0
2013-04-03,-0.03833655967961369,-0.03155329704902554,-0.010546128701640067
2013-04-04,-0.043582249979887466,-0.03563450342856389,-0.006540372253622251
2013-04-05,-0.03945402569249046,-0.03456689868452956,-0.010807177648861854
2013-04-08,-0.038483144756059184,-0.031049673997722183,-0.0045725545046571
2013-04-09,-0.035498304431762606,-0.02870295406156742,-0.0010444290071248696
2013-04-10,-0.029015618720027336,-0.021644393550598218,0.0
2013-04-11,-0.0294080748069685,-0.023006975002366814,0.0
2013-04-12,-0.032574560806932995,-0.02875734954144482,-0.002836767069231527
2013-04-15,-0.06641307965859855,-0.06287267874488589,-0.025737907636831592
2013-04-16,-0.06255085295019147,-0.0594279812814148,-0.01179892233802371
2013-04-17,-0.06161843162162184,-0.06487222494222866,-0.025957552532248185
2013-04-18,-0.058007732598989614,-0.06937298783898316,-0.03248461432325289
2013-04-19,-0.045585474885563526,-0.062364191231971566,-0.023924132645904317
2013-04-22,-0.04482118061986129,-0.0556327681417742,-0.01937402813645761
2013-04-23,-0.04343813111301931,-0.0539971543815464,-0.009156671623679724
2013-04-24,-0.03326146346340453,-0.050414198146558564,-0.009150389488547517
2013-04-25,-0.025880074040555368,-0.04397522207953686,-0.005152576590910285
2013-04-26,-0.025230475266644903,-0.04177779705075968,-0.006985197987234404
2013-04-29,-0.019405246461539738,-0.038986969370581104,0.0
2013-04-30,-0.015763575356785076,-0.03599762437032039,0.0
2013-05-01,-0.020098128971707485,-0.042178727760325274,-0.009307883608932754
2013-05-02,-0.01000426895655282,-0.03447016056068852,0.0
2013-05-03,-0.005620904282687578,-0.029703722845766722,0.0
2013-05-06,-0.004920775108196995,-0.027904405308417646,0.0
2013-05-07,-0.010491976429955585,-0.031765222846114605,0.0
2013-05-08,0.0,-0.025574341983337856,0.0
2013-05-09,-0.0009455701620507684,-0.026520132550122755,-0.003687103906423461
2013-05-10,0.0,-0.029822147455102144,0.0
2013-05-13,-0.004382884779500107,-0.028809656291892805,0.0
2013-05-14,-0.00103153029691605,-0.025304052905664065,0.0
2013-05-15,0.0,-0.028277939402074015,0.0
2013-05-16,-0.010310230558113975,-0.03408888321055181,-0.005009741163373271
2013-05-17,-0.007666096530816513,-0.03197607705017158,0.0
2013-05-20,-0.009661912025410335,-0.0347128288610864,-0.00070761792497398
2013-05-21,-0.0073753457367302655,-0.03296211831557039,0.0
2013-05-22,-0.00823055990657573,-0.02957811809200661,-0.008273657594813577
2013-05-23,-0.012982491266407936,-0.03490278545047332,-0.01117329916374854
2013-05-24,-0.01084235901698638,-0.0332526694342854,-0.011718504033894406
2013-05-28,-0.007082777538049645,-0.031897058729354555,-0.005451829303119937
2013-05-29,-0.008831595115607382,-0.033539399615519994,-0.012461386806656538
2013-05-30,-0.002435875075410099,-0.025200352088825095,-0.008836779995903266
2013-05-31,-0.01205883902692606,-0.03292082795606044,-0.0230175915781462
2013-06-03,-0.010404476833178578,-0.030351222496758035,-0.017218235307496665
2013-06-04,-0.013492979627540924,-0.03339082257153858,-0.02263415641594979
2013-06-05,-0.019403494256715947,-0.03810244994804879,-0.03610199653218993
2013-06-06,-0.016563959495645153,-0.03596319977490159,-0.027918219123212684
2013-06-07,-0.013378897356028596,-0.03271818482315736,-0.015444911673520134
2013-06-10,-0.01174426894555225,-0.03262188696637103,-0.015786368620362534
2013-06-11,-0.02025334823889402,-0.03879355713610899,-0.02577945099076273
2013-06-12,-0.022720211656047207,-0.041903563900306695,-0.033933243960201365
2013-06-13,-0.017423207766822157,-0.035880573124738246,-0.019650631549085973
2013-06-14,-0.018882090133274687,-0.037533653019030444,-0.025420003380196787
2013-06-17,-0.01743697501229302,-0.035073288678529435,-0.018045001378186987
2013-06-18,-0.016037152820483236,-0.034415358630424664,-0.010394435063540208
2013-06-19,-0.014342196182270506,-0.03826582481551977,-0.024101931297750512
2013-06-20,-0.04113595650703383,-0.061983422420008094,-0.04850948448045611
2013-06-21,-0.043537530415589054,-0.06243442585393466,-0.04596921738930748
2013-06-24,-0.053037653686439645,-0.06847749386383917,-0.05755593615479093
2013-06-25,-0.049005795703480515,-0.06641441751959987,-0.04860528842142087
2013-06-26,-0.05384201207239492,-0.07024892986864373,-0.03948095033706511
2013-06-27,-0.051621860078842174,-0.06763824246489625,-0.03352589437915343
2013-06-28,-0.05433063653742276,-0.07450517079222851,-0.03767164537564249
2013-07-01,-0.044387723345304386,-0.06181730687326481,-0.03247146596630823
2013-07-02,-0.042990907282891455,-0.06026884505914254,-0.03299868017273089
2013-07-03,-0.04024719244692887,-0.05941285281277775,-0.032201825408799345
2013-07-05,-0.04081230895379806,-0.06137126643345059,-0.02232860766377409
2013-07-08,-0.040118902466431794,-0.056798841211448514,-0.017194320888645254
2013-07-09,-0.033816007250649704,-0.050862875720221634,-0.010088959444144008
2013-07-10,-0.029600647604431596,-0.048707220182007904,-0.009909199072471675
2013-07-11,-0.012018634842509757,-0.0364807024966064,0.0
2013-07-12,-0.013315259975228089,-0.034656599170606706,0.0
2013-07-15,-0.01301459028831986,-0.03286248611161402,0.0
2013-07-16,-0.01052693628497492,-0.03282299725198734,-0.003708760911961484
2013-07-17,-0.008362956717542835,-0.030387159135008668,-0.0009450019734398296
2013-07-18,-0.02128538737252006,-0.03264564520563873,0.0
2013-07-19,-0.025262103084493615,-0.033453335912616455,0.0
2013-07-22,-0.017876630752380773,-0.026450079515891622,0.0
2013-07-23,-0.017289685473018568,-0.027974753063100155,-0.0018519369130487462
2013-07-24,-0.015830546303591264,-0.02767399867743814,-0.005656100290126975
2013-07-25,-0.016305203982331817,-0.026020273938784255,-0.0031140877517013
2013-07-26,-0.018506319591581777,-0.024156747974332315,-0.0022883728484722754
2013-07-29,-0.020100781978329874,-0.026129984863265898,-0.006015861156064228
2013-07-30,-0.015566960066436986,-0.024924421446782086,-0.005644293049379856
2013-07-31,-0.017588412850118917,-0.02535026268729834,-0.00577993232723184
2013-08-01,-0.01037476618393185,-0.01907306507190265,0.0
2013-08-02,-0.011526812223675575,-0.01832969429322684,0.0
2013-08-05,-0.011729573737196852,-0.018685037368113444,-0.0014798348405499206
2013-08-06,-0.020012008850883944,-0.026283169278872975,-0.007194399218541925
2013-08-07,-0.023710122133491218,-0.027411823170233718,-0.010972883236775588
2013-08-08,-0.019085060252213237,-0.022795129324132635,-0.0071300678863344125
2013-08-09,-0.019807626787179067,-0.022066860210470107,-0.010674574351133503
2013-08-12,-0.016860969927150915,-0.015302152748869258,-0.011815188149154832
2013-08-13,-0.017015702703838897,-0.015644799120689834,-0.00907193163999842
2013-08-14,-0.013952152754881153,-0.017892067433510683,-0.014201587834366647
2013-08-15,-0.01717568567438399,-0.02524839812483881,-0.028280367798148354
2013-08-16,-0.009890355887253177,-0.018841113106275453,-0.031491508014248826
2013-08-19,-0.013120089104019628,-0.02129088095215992,-0.03720600099231619
2013-08-20,-0.011861979915077092,-0.016922329483928022,-0.033526977069271435
2013-08-21,-0.014091786359562541,-0.020294009704000304,-0.03911280738292344
2013-08-22,-0.008119813762597738,-0.01325350016800353,-0.0308305589107567
2013-08-23,-0.007312067241800668,-0.010515207307209784,-0.027005236541881583
2013-08-26,-0.007756439345600108,-0.010542057912413583,-0.030935802399851275
2013-08-27,-0.009680863763011804,-0.013239294905391663,-0.04631891618912598
2013-08-28,-0.007763017430957975,-0.011336149596252065,-0.04369853895047959
2013-08-29,-0.007356714580522672,-0.009987087792363236,-0.04182093512909835
2013-08-30,-0.012809429581840392,-0.016048953902031204,-0.04486250052389684
2013-09-03,-0.006219398170988155,-0.012375808122319532,-0.04088509631528525
2013-09-04,-0.003678653033524326,-0.009449330904331643,-0.03310000551921388
2013-09-05,-0.0011862508032252084,-0.009091885870102345,-0.03193018915196644
2013-09-06,-0.0036733762993729213,-0.008591891877674285,-0.03187749600749468
2013-09-09,0.0,-0.0022837666897866926,-0.02220316320230653
2013-09-10,-0.0005401130361308848,-0.004906166650200605,-0.015020473571424886
2013-09-11,0.0,-0.00445840515255902,-0.012014036939607786
2013-09-12,-0.002784648228771336,-0.011769452492280785,-0.015353839820123505
2013-09-13,-0.003509372331569338,-0.012632328273900373,-0.012680840836929885
2013-09-16,-0.0012580088408984391,-0.012224588143604165,-0.0070598817602967046
2013-09-17,-0.0026259462513187337,-0.010762769160695518,-0.0028719191735715466
2013-09-18,0.0,-0.007949437648277158,0.0
2013-09-19,0.0,0.0,-0.0018429538196846895
2013-09-20,-0.0021431895315432437,-0.004626783362263409,-0.009046539695206413
2013-09-23,-0.01044468844570312,-0.010323960240563701,-0.013723430295158434
2013-09-24,-0.009650858369284143,-0.01146021966242261,-0.016284931654152235
2013-09-25,-0.010100623981962431,-0.010889994365805289,-0.018979785588866704
2013-09-26,-0.008814969696540054,-0.005836907870676367,-0.015560512356867284
2013-09-27,-0.008611597276857785,-0.005189281594255246,-0.01957092305450292
2013-09-30,-0.011453589820749954,-0.008947412972096114,-0.025482156222719654
2013-10-01,-0.01050551334619032,-0.009292960715161835,-0.017687432881561826
2013-10-02,-0.007896157685207017,-0.006994511896909472,-0.018342310756070512
2013-10-03,-0.00795082503145017,-0.010397044721751736,-0.027157022127331065
2013-10-04,-0.007411126021062753,-0.007299687588411596,-0.02029534235178798
2013-10-07,-0.008457438906473214,-0.009599743216641587,-0.028629064777517255
2013-10-08,-0.013873563777018316,-0.018002941561948926,-0.04060808774528757
2013-10-09,-0.022825861665726088,-0.024521366829406643,-0.04005748663290776
2013-10-10,-0.016203853081674713,-0.01510467406977889,-0.01910146539270763
2013-10-11,-0.01979019471601895,-0.01689758183408019,-0.012935270589001124
2013-10-14,-0.015673638960427283,-0.010529164054556839,-0.008913257863557456
2013-10-15,-0.020092692096312148,-0.015767076649273792,-0.015914020484653624
2013-10-16,-0.01551964211841994,-0.009576586569240986,-0.0023065397235039198
2013-10-17,-0.008348128045257641,0.0,0.0
2013-10-18,0.0,0.0,0.0
2013-10-21,-0.0007040892449658998,0.0,0.0
2013-10-22,0.0,0.0,0.0
2013-10-23,-0.0026458855563280537,-0.003074495735975513,-0.004724557241463034
2013-10-24,-0.0010885849851632878,0.0,-0.0014818157209794958
2013-10-25,-0.0038988054616911905,0.0,0.0
2013-10-28,-0.0011381346514588442,0.0,0.0
2013-10-29,0.0,-0.000488299950239135,0.0
2013-10-30,-0.00030761561664405246,-0.002222770898133497,-0.004875923596155296
2013-10-31,-0.006516414489314393,-0.008759970283224505,-0.008696584290760367
2013-11-01,-0.011970339699071686,-0.011390309479129446,-0.0058184129391574135
2013-11-04,-0.015081626362098421,-0.007279533265139193,-0.002268629234295938
2013-11-05,-0.02126066475101307,-0.009118182459709523,-0.0050678522058772435
2013-11-06,-0.017310459368282793,-0.008101619380884717,-0.0008239289922015169
2013-11-07,-0.029291204005676752,-0.019242506333403075,-0.013995839296370383
2013-11-08,-0.02477150583659693,-0.015325329617812189,-0.0007562097447653127
2013-11-11,-0.02649815146534995,-0.015762409029244195,-3.3825178526125654e-05
2013-11-12,-0.0265243137835538,-0.01595733945104094,-0.0024041366195517444
2013-11-13,-0.022032501140627492,-0.011834324556863618,0.0
2013-11-14,-0.01770963681900406,-0.008672786874319272,0.0
2013-11-15,-0.015755985141813422,-0.0068377009578471926,0.0
2013-11-18,-0.020928085545747876,-0.011996848677171323,-0.003698197185725949
2013-11-19,-0.025337686672995186,-0.015455881090371437,-0.005733607472996449
2013-11-20,-0.03186662266649798,-0.019886571919698226,-0.00934837340624417
2013-11-21,-0.03284145940440564,-0.016884861646262794,-0.0012957980043163397
2013-11-22,-0.030043006010072815,-0.01306843130166846,0.0
2013-11-25,-0.025494746313974304,-0.013257993008632729,-0.0012633420978621634
2013-11-26,-0.019566960040866332,-0.009652717258442967,-0.0011137268970660141
2013-11-27,-0.017073421466935912,-0.006762375169802937,0.0
2013-11-29,-0.016444386120931354,-0.0035512490936538965,-0.0007856896412440362
2013-12-02,-0.021184902535375305,-0.009317902263477729,-0.0035025736199030266
2013-12-03,-0.022722918282626292,-0.012377497756516753,-0.006684238411955978
2013-12-04,-0.021921946637291412,-0.01054586231997856,-0.007979018736320342
2013-12-05,-0.02609918250070331,-0.011983327109762798,-0.012283965744147807
2013-12-06,-0.022810681447628656,-0.0066067873510365915,-0.0011841407411148364
2013-12-09,-0.022801345812273555,-0.0051647419930509475,0.0
2013-12-10,-0.016524577848989752,-0.0012321521772955535,-0.00317965903854045
2013-12-11,-0.018881689931129153,-0.009115224827506485,-0.014460549823692381
2013-12-12,-0.03252775952944631,-0.015780523230312316,-0.018176587316721782
2013-12-13,-0.03532134801385278,-0.014322184884390743,-0.01827615417053141
2013-12-16,-0.03277003118626198,-0.010354154493913081,-0.012071620361779334
2013-12-17,-0.0337564766070364,-0.011577304532114696,-0.015135174323335443
2013-12-18,-0.02815621040256122,-0.006097987682470829,0.0
2013-12-19,-0.031516279000111336,-0.013392886841410045,-0.0005799292044108562
2013-12-20,-0.026791327742222038,-0.007802095815840571,0.0
2013-12-23,-0.021671325436242395,-0.0017487122475456918,0.0
2013-12-24,-0.02093541154645495,-0.0009482531218578671,0.0
2013-12-26,-0.020217486472410395,0.0,0.0
2013-12-27,-0.015507311636500987,0.0,-0.00033658435338035364
2013-12-30,-0.015938059435499086,-0.001978642074675241,-0.0005157779134394858
2013-12-31,-0.014460811050570732,0.0,0.0
2014-01-02,-0.01676864610636697,-0.0006972047157649541,-0.008861912729460686
2014-01-03,-0.017862964386546887,0.0,-0.009191927097006447
2014-01-06,-0.014940485036210704,0.0,-0.011680606587145093
2014-01-07,-0.01669214427786536,-0.0007759848178782169,-0.005669880624881163
2014-01-08,-0.01539632042941863,-0.0011665171793026063,-0.0058808864092133595
2014-01-09,-0.020293369167743935,-0.0008518195584922283,-0.005534625586911868
2014-01-10,-0.014235173094627185,0.0,-0.003240705426349244
2014-01-13,-0.016959277161270103,-0.004966882373538484,-0.015776166120660684
2014-01-14,-0.007228660099513395,0.0,-0.005128860473003649
2014-01-15,-0.010806625872890052,-0.0007122451745462666,0.0
2014-01-16,-0.009610589349160814,0.0,-0.0013471203041569568
2014-01-17,-0.011551588217543873,0.0,-0.00523704740657549
2014-01-21,-0.010435288512409824,-0.00021401445268165453,-0.0024778216830892985
2014-01-22,-0.0037647337649894252,0.0,-0.001904380875118239
2014-01-23,-0.003851374258427964,0.0,-0.010777028475037587
2014-01-24,-0.010230415030109352,-0.007650569058831436,-0.031427501740366015
2014-01-27,-0.01678676883576069,-0.01344709323084714,-0.03615054594431122
2014-01-28,-0.01735877754341797,-0.0143121614922882,-0.03023188128804455
2014-01-29,-0.01834039802658094,-0.015659213243776615,-0.04013246925144065
2014-01-30,-0.01909224238292706,-0.01402890627412623,-0.029317598834336045
2014-01-31,-0.015043281925213092,-0.013809285520700265,-0.03559335141513342
2014-02-03,-0.018829678725068466,-0.02131286662560483,-0.05761260668967594
2014-02-04,-0.021355160764787162,-0.020860858060712917,-0.050411740802641325
2014-02-05,-0.02122023833382114,-0.021733069884813494,-0.05233771734103343
2014-02-06,-0.013190736045809559,-0.01692305803434102,-0.04054899478131213
2014-02-07,-0.00781694623314666,-0.009732021184537643,-0.027786486120757514
2014-02-10,-0.003077372299340464,-0.0033355194388590137,-0.026260854875227335
2014-02-11,0.0,0.0,-0.015489241826453948
2014-02-12,0.0,0.0,-0.01575433354627387
2014-02-13,0.0,0.0,-0.010035841536437995
2014-02-14,0.0,0.0,-0.0052748893486420645
2014-02-18,0.0,0.0,-0.004122526264651816
2014-02-19,-0.0010441318725162851,-0.0033045603617861685,-0.010620113196937564
2014-02-20,0.0,-0.0015502679609963321,-0.004652709704291547
2014-02-21,0.0,-0.0002809197799690244,-0.006562506005674096
2014-02-24,0.0,0.0,-0.0004165915716545232
2014-02-25,-0.0020537610943054396,0.0,-0.00176371187581148
2014-02-26,-0.0034700520197356033,-0.0012894890769239442,-0.001742050170753795
2014-02-27,-0.003598572860037952,0.0,0.0
2014-02-28,-0.005501896257113836,-0.0023498380104759464,0.0
2014-03-03,-0.0021702329939042864,0.0,-0.007378510346287226
2014-03-04,0.0,0.0,0.0
2014-03-05,0.0,0.0,-5.335132643191631e-05
2014-03-06,0.0,0.0,0.0
2014-03-07,-0.003780317218818774,-0.0037960841727980865,0.0
2014-03-10,-0.0030611169129270976,-0.0019159800898711499,-0.0004632463094992323
2014-03-11,-0.0038765646610302573,-0.0038980090575256865,-0.005543031012738342
2014-03-12,0.0,0.0,-0.005239551706010093
2014-03-13,-0.006325155656641268,-0.005133157922961096,-0.01687933834361277
2014-03-14,-0.005867991387298432,-0.002728247724072763,-0.019653486300597045
2014-03-17,-0.0034279184145664665,-0.0010693173897203812,-0.010228793107841416
2014-03-18,-0.00305542674747461,-0.0014678172016096003,-0.003083022162504334
2014-03-19,-0.008601137581271567,-0.007959246334645176,-0.009195767487402029
2014-03-20,-0.00988941242610919,-0.00944670693701355,-0.0032108097652086
2014-03-21,-0.011026107633276716,-0.011251578755689384,-0.006134064924942062
2014-03-24,-0.02013378583309189,-0.021753976587682966,-0.01096893422279388
2014-03-25,-0.015944640445918035,-0.020390099948940477,-0.006613300934474431
2014-03-26,-0.022705393877546443,-0.028171305736359953,-0.013567325476973924
2014-03-27,-0.02595480954007512,-0.03208456251914049,-0.01544163031501522
2014-03-28,-0.024040906320640487,-0.03195951352447357,-0.010873061021375086
2014-03-31,-0.021523855376524792,-0.02868936892483298,-0.0030351180611851714
2014-04-01,-0.015420363914249946,-0.024214141994903793,0.0
2014-04-02,-0.01611410004222469,-0.0215204536063599,0.0
2014-04-03,-0.01778984636170855,-0.0269363167031742,-0.0011264502910313112
2014-04-04,-0.024880821694857946,-0.03394804403688112,-0.013649615664766745
2014-04-07,-0.02592229094981302,-0.03794342745881396,-0.024252993156406277
2014-04-08,-0.015954202452327704,-0.03244806143944379,-0.020593401540956235
2014-04-09,-0.01244992397706135,-0.027744098331726086,-0.009900031974945822
2014-04-10,-0.018628303310100014,-0.03529058403930119,-0.030578067382114327
2014-04-11,-0.024441838715677844,-0.04086315976608479,-0.03977475384036644
2014-04-14,-0.018992011866151626,-0.03695078556265807,-0.03188430815171317
2014-04-15,-0.024067200316265747,-0.04235801250851301,-0.02534245244412725
2014-04-16,-0.025384565895456568,-0.036764014428436576,-0.015119765958632181
2014-04-17,-0.026470989325316996,-0.03649308116934824,-0.01377653418572311
2014-04-21,-0.027119599456320254,-0.03410317424122855,-0.010053418753070087
2014-04-22,-0.027916668966418423,-0.033291804822724314,-0.006002419715158691
2014-04-23,-0.028790750199987447,-0.036806162756347294,-0.00820244833961059
2014-04-24,-0.023859400122807184,-0.03338973915770593,-0.006499571052841824
2014-04-25,-0.03189484199773118,-0.03779941852716029,-0.014543338962894725
2014-04-28,-0.030104270556908785,-0.03842898525958005,-0.011354365871235395
2014-04-29,-0.02922927510908213,-0.03604533102015073,-0.006647664179532775
2014-04-30,-0.03363443923908871,-0.03718719015432981,-0.0036755371264756143
2014-05-01,-0.03655575297439606,-0.038331935725421484,-0.0038182720450079533
2014-05-02,-0.03883261878859734,-0.0380173331449154,-0.005161568374641767
2014-05-05,-0.037829967758451155,-0.03671726986145196,-0.003300010658315089
2014-05-06,-0.03500472019453371,-0.03615587659242292,-0.012258741028955189
2014-05-07,-0.03562762125187835,-0.039743230811822405,-0.00671112344001068
2014-05-08,-0.034532061796074154,-0.04332224401338014,-0.008075529818654115
2014-05-09,-0.03627715043718149,-0.040463076596647385,-0.006568323964753597
2014-05-12,-0.026587376686178166,-0.032109293390685134,0.0
2014-05-13,-0.02903237243058543,-0.033889291485719175,0.0
2014-05-14,-0.029862636276867915,-0.03456316409256921,-0.00470100508816651
2014-05-15,-0.03265095863014089,-0.03889423641839773,-0.014018802219004423
2014-05-16,-0.03374280335163016,-0.03868513566548981,-0.010324364976380118
2014-05-19,-0.026611207075698196,-0.03300759873847425,-0.0065192734646560835
2014-05-20,-0.03007341172724698,-0.03717477620387322,-0.012975306727844083
2014-05-21,-0.02848281003242914,-0.035915055886435954,-0.0049645166499293625
2014-05-22,-0.02337103012600017,-0.03120320968601875,-0.002614014105846163
2014-05-23,-0.022248695137649266,-0.029944312688377495,0.0
2014-05-27,-0.01909147778838227,-0.028963355240566813,0.0
2014-05-28,-0.022166972896671577,-0.03285704537260481,-0.0011140717108724107
2014-05-29,-0.024774102805844245,-0.032736569175745855,0.0
2014-05-30,-0.025411512350409282,-0.034273040719440484,0.0
2014-06-02,-0.027180907740001037,-0.03552612311293801,0.0
2014-06-03,-0.026970400343317436,-0.03685976925990875,-0.00037921654875650024
2014-06-04,-0.02660585445225805,-0.03466582577372246,0.0
2014-06-05,-0.021013444829576566,-0.028885341988796,0.0
2014-06-06,-0.020715351105190072,-0.027738990630696736,0.0
2014-06-09,-0.017741205019687456,-0.02497922026241839,0.0
2014-06-10,-0.015722413604455365,-0.023420589105536238,-0.0002459836229458112
2014-06-11,-0.01389739317773464,-0.023395344728906475,-0.003782154601332688
2014-06-12,-0.01434819923538233,-0.025670029744070955,-0.010844236813913999
2014-06-13,-0.012486326707952022,-0.022786955575034518,-0.007743667047778735
2014-06-16,-0.011548632955296068,-0.02107030559449108,-0.00691344104062841
2014-06-17,-0.012112262318835554,-0.02162663369548734,-0.004755891908339804
2014-06-18,-0.007480295292110362,-0.018752096978166044,0.0
2014-06-19,-0.0020551002642288374,-0.013661350863015231,0.0
2014-06-20,-0.00017904637207277752,-0.00832218845352517,0.0
2014-06-23,-0.0034877645950318614,-0.008030161884166498,-0.0001324640787578879
2014-06-24,-0.005466883749411511,-0.008548213105953217,-0.006566922251857066
2014-06-25,-0.0005090190393318705,-0.006256222449338988,-0.0017015726098116302
2014-06-26,-0.004030204753075806,-0.007485149454897644,-0.0028784506503831686
2014-06-27,-0.0008829558164191731,-0.004413426752958194,-0.0009730823663507415
2014-06-30,0.0,-0.004053994479745304,-0.0013449768222066893
2014-07-01,0.0,0.0,0.0
2014-07-02,0.0,-0.00031596903796016207,0.0
2014-07-03,0.0,0.0,0.0
2014-07-07,-0.00205822677373646,-0.004189130878959113,-0.003923521850109357
2014-07-08,-0.0047514135745830854,-0.007362252463405161,-0.010944667736138558
2014-07-09,-0.0026603729800410703,-0.0048989433637398605,-0.006351229814904769
2014-07-10,0.0,-0.0029271606501202196,-0.01045606430210555
2014-07-11,-0.00207352025247709,-0.002380812751147876,-0.00900052161967202
2014-07-14,-0.0046742894500357846,-0.006827285805032668,-0.004200563132826685
2014-07-15,-0.004675658862767107,-0.008096593665834484,-0.006124542906476682
2014-07-16,-0.017902204124971677,-0.009307968257280197,-0.0019491877021706738
2014-07-17,-0.025659804699052824,-0.014676885511937576,-0.013760147420884605
2014-07-18,-0.02445088486720437,-0.007292870051611722,-0.003636458878736648
2014-07-21,-0.02259787726459961,-0.0069878256780870895,-0.005948271855089726
2014-07-22,-0.021248501023240496,-0.0044135575206573074,-0.0009619591454489429
2014-07-23,-0.024091611079431585,-0.0033184873974757556,0.0
2014-07-24,-0.026867021207522046,-0.007000931117588038,0.0
2014-07-25,-0.03380461559905845,-0.00859880794226553,-0.00484915076768766
2014-07-28,-0.03224763153484611,-0.006761773419454387,-0.004562393172049983
2014-07-29,-0.034187786285626465,-0.008181286657007458,-0.009069522567638821
2014-07-30,-0.020359022512277614,-0.0074357806164842,-0.009009162242903934
2014-07-31,-0.03337575742116472,-0.018097065443215876,-0.028828226182602168
2014-08-01,-0.03266953389899019,-0.01827152489532924,-0.03160492392879799
2014-08-04,-0.031179792342290846,-0.015587192731024602,-0.024643100391194217
2014-08-05,-0.03804868973630682,-0.019759920541198017,-0.034089890339474516
2014-08-06,-0.03044047466607125,-0.014512660034270097,-0.034074784907241806
2014-08-07,-0.03333891447625281,-0.016638495098916906,-0.03944206428135122
2014-08-08,-0.023274327642156423,-0.012308968914222729,-0.02836548416103357
2014-08-11,-0.021915091370133366,-0.010105518347520492,-0.025684331343919453
2014-08-12,-0.02241258063099205,-0.009238252902853628,-0.027278936911609986
2014-08-13,-0.018780588492815387,-0.006003893878886779,-0.0207547410793828
2014-08-14,-0.01876096512897918,-0.003930116307507503,-0.01649912327088876
2014-08-15,-0.02117433528674051,-0.00689801911005794,-0.016559483595623536
2014-08-18,-0.016829145073432694,-0.002756570398400493,-0.008169091436497244
2014-08-19,-0.01352865826493499,-0.0010586477356966384,-0.0032092903074952828
2014-08-20,-0.014945742845841159,-0.0015005042761716547,-0.0007394293290511333
2014-08-21,-0.020494838235964652,-0.0055673063586288984,0.0
2014-08-22,-0.019429100086439277,-0.004513467267619031,-0.0019925870761225983
2014-08-25,-0.018962201456682037,-0.0027936069930952767,0.0
2014-08-26,-0.014131966488932113,0.0,0.0
2014-08-27,-0.016225167847506605,-0.0008464959299897545,0.0
2014-08-28,-0.013405756415136083,0.0,-0.0016899010514688229
2014-08-29,-0.01377775155411487,0.0,0.0
2014-09-02,-0.011722131749361764,-0.0027060418691408072,-0.000544066160005019
2014-09-03,-0.011637337449901253,-0.005393971767939654,-0.00132278332036595
2014-09-04,-0.008512394700090908,-0.0049417231139669004,-0.002855174389686521
2014-09-05,-0.009712700374865268,-0.004333371399832475,0.0
2014-09-08,-0.012652375807301053,-0.005096686916578275,-0.003073114142502442
2014-09-09,-0.016713583535433063,-0.009502463052683874,-0.00959800962597801
2014-09-10,-0.016950097275333587,-0.007476573263198727,-0.005986930266380086
2014-09-11,-0.020385293586570374,-0.009251940691235139,-0.005110304757781514
2014-09-12,-0.027969246631989853,-0.013721434073877381,-0.011042392729200379
2014-09-15,-0.02902731635998912,-0.01753151651487761,-0.011744702428868825
2014-09-16,-0.023955934392218103,-0.014902374520252004,-0.004348227900743407
2014-09-17,-0.022336926749719987,-0.013172284336107176,-0.0030582179537375076
2014-09-18,-0.02012444354681464,-0.013909737594930083,0.0
2014-09-19,-0.024562030397368928,-0.015329025182602263,-0.00047726958102545236
2014-09-22,-0.031087154200710287,-0.021534510954544728,-0.008486768362391928
2014-09-23,-0.03121024845999154,-0.021300557044735435,-0.014214246096436844
2014-09-24,-0.02746322216774244,-0.01815140575305063,-0.006493087571867617
2014-09-25,-0.03648132037506291,-0.02704170140894857,-0.02255687467564771
2014-09-26,-0.034761403760575904,-0.02289176073440158,-0.014174493861496495
2014-09-29,-0.03506079874482981,-0.02213849760607034,-0.016685196467986718
2014-09-30,-0.0356718729992761,-0.023971229806227567,-0.01942464132408095
2014-10-01,-0.04059253885324199,-0.030482664423870154,-0.03241585377392253
2014-10-02,-0.04080355660067714,-0.03084218379080017,-0.03241087715825064
2014-10-03,-0.03997166925089446,-0.030574307228403486,-0.021607251438833797
2014-10-06,-0.03975875920719296,-0.032301771128063206,-0.023138592495348442
2014-10-07,-0.045314559749097816,-0.035240964534272945,-0.03791464994879867
2014-10-08,-0.03764465028070085,-0.026119375459375926,-0.021115052010792557
2014-10-09,-0.04235841508969329,-0.03210285084093256,-0.04134020017283424
2014-10-10,-0.06282832691060214,-0.043222484949373974,-0.05231782536946361
2014-10-13,-0.061041056546047745,-0.04662089709354389,-0.06792418866447125
2014-10-14,-0.05192479742885181,-0.04405500009860064,-0.06645256699601965
2014-10-15,-0.052369408277672225,-0.04450001449307417,-0.07401459519995723
2014-10-16,-0.050407749788561995,-0.04425286895603198,-0.07388034795768506
2014-10-17,-0.05189291409463548,-0.041314501206162424,-0.06194812290856977
2014-10-20,-0.04633360248473983,-0.033676431632640114,-0.05337183615451835
2014-10-21,-0.03580385198241853,-0.022900185484744595,-0.034842075294860164
2014-10-22,-0.04124925970882487,-0.027751062846118613,-0.04188708168283184
2014-10-23,-0.03742191112175608,-0.02391176350129698,-0.030099057107332627
2014-10-24,-0.036651846034141955,-0.02108694608570194,-0.023257909890605166
2014-10-27,-0.03561223141400871,-0.021811505617279958,-0.02472455494338477
2014-10-28,-0.027933741349937202,-0.014539203439857262,-0.01308067015106662
2014-10-29,-0.031508785683934004,-0.01724644658508734,-0.014447904271277845
2014-10-30,-0.03841330250843589,-0.02068246933307072,-0.00830779226950773
2014-10-31,-0.033469120000810926,-0.02352771145921828,0.0
2014-11-03,-0.03220811842258464,-0.02197055077227572,-0.00011892184463624389
2014-11-04,-0.031212479619450395,-0.023654517463775004,-0.002948426995476483
2014-11-05,-0.036508580140715896,-0.02959651555184306,0.0
2014-11-06,-0.035529401503729297,-0.027280269687928183,0.0
2014-11-07,-0.03784455363435135,-0.025621820049391397,0.0
2014-11-10,-0.029140720474580606,-0.02214024246513635,0.0
2014-11-11,-0.031269077066476636,-0.02259774035672124,0.0
2014-11-12,-0.0320272126521669,-0.01941279118123862,-0.0007011166816753844
2014-11-13,-0.03185256048443219,-0.019593055718250874,-0.00017164341810027572
2014-11-14,-0.02850965468109179,-0.01714626105358552,0.0
2014-11-17,-0.029742139070335627,-0.015620301002115866,0.0
2014-11-18,-0.022845649992145,-0.010374298342986199,0.0
2014-11-19,-0.01779709026169196,-0.012062409494455473,-0.0015011590075548753
2014-11-20,-0.01613732919226374,-0.011063155542189618,0.0
2014-11-21,-0.010632938991832708,-0.0068639988728910195,0.0
2014-11-24,-0.013816657913945263,-0.0044832201591250564,0.0
2014-11-25,-0.013765467841508339,-0.003828734876610951,-0.0011500296768531815
2014-11-26,-0.010205570082171045,-0.0015212215036330967,0.0
2014-11-28,-0.009519290933714397,-0.004544208677925932,-0.002542427180532214
2014-12-01,-0.014035549084233434,-0.007808042567557183,-0.009354426551108852
2014-12-02,-0.01546289704431314,-0.004977007294145963,-0.0030296884260552215
2014-12-03,-0.006422043900107477,-0.001013963106054172,0.0
2014-12-04,-0.006685373912000525,-0.000488743147370907,-0.0011618962070774064
2014-12-05,-0.01025196681560192,-0.002929625890500942,0.0
2014-12-08,-0.01430140982586503,-0.0068202379296106175,-0.007256565211683386
2014-12-09,-0.005740964220514955,0.0,-0.007492662970978059
2014-12-10,-0.012382619747573265,-0.0070422256444304665,-0.023721119491581844
2014-12-11,-0.014901990982277957,-0.007788427063186165,-0.019293021905449126
2014-12-12,-0.022129739632091305,-0.012580871596933108,-0.03519380014577622
2014-12-15,-0.02800708472866653,-0.018778434489924334,-0.04131316703204779
2014-12-16,-0.03500834144044118,-0.025554429574181192,-0.04945148149873513
2014-12-17,-0.028523706163198548,-0.018331346209667587,-0.030105522875955693
2014-12-18,-0.022721754971848696,-0.008106960061468271,-0.0068133084319017545
2014-12-19,-0.02046661210819478,-0.007369237752425484,-0.002274396650823518
2014-12-22,-0.012755765315008327,-0.005966114415286605,0.0
2014-12-23,-0.018109199800047437,-0.011923910427582451,0.0
2014-12-24,-0.017604961199711,-0.01119097040055339,-0.00013929653841060485
2014-12-26,-0.01729076867528223,-0.008151825296954573,0.0
2014-12-29,-0.015504635950603585,-0.005896044939520673,0.0
2014-12-30,-0.013204627533753066,-0.0038452636681203245,-0.004888604719738288
2014-12-31,-0.016552555170819883,-0.007612187575902096,-0.015149057424551748
2015-01-02,-0.02491862717169724,-0.016320417786109043,-0.015483870967742064
2015-01-05,-0.027075192116533975,-0.015449611243768535,-0.03347896029125397
2015-01-06,-0.03423385190002093,-0.017848834602125607,-0.04207468782753676
2015-01-07,-0.032813592895753696,-0.012980047957751428,-0.03093416715569064
2015-01-08,-0.025216213283946187,-0.0045852960258960795,-0.013599245589295816
2015-01-09,-0.02927475279741365,-0.0066922724935238875,-0.021888771133864227
2015-01-12,-0.029534862925384986,-0.007764990062276378,-0.029805295472659976
2015-01-13,-0.0264212971697233,-0.0067729741618970385,-0.03230699610824517
2015-01-14,-0.024664366070229926,-0.007737780433745622,-0.037932260692107755
2015-01-15,-0.012740534434909079,-0.007396486310362604,-0.04682934377363024
2015-01-16,-0.005480027178337621,0.0,-0.034033790826202615
2015-01-20,0.0,0.0,-0.03253658921110958
2015-01-21,0.0,0.0,-0.027958916147717283
2015-01-22,0.0,0.0,-0.01311611910580146
2015-01-23,0.0,0.0,-0.01853561408272253
2015-01-26,-0.002163633576396373,-0.0022054588920149554,-0.016014761224924734
2015-01-27,-0.008669720370646061,-0.0077970976758593435,-0.02918822021552081
2015-01-28,-0.01453345171766407,-0.011481405323146676,-0.04228991676374161
2015-01-29,-0.018291497252274413,-0.012529422892616382,-0.033158452523801674
2015-01-30,-0.023199371461480545,-0.01857536359852563,-0.04571962431281196
2015-02-02,-0.01896298718799372,-0.012150373468598485,-0.03334979957316253
2015-02-03,-0.01679970557290711,-0.010014650137703307,-0.019391858553832186
2015-02-04,-0.01680156748608841,-0.009865913406938098,-0.023467311302438842
2015-02-05,-0.015354608595065211,-0.008194712631629852,-0.013417416260120052
2015-02-06,-0.024005868047110246,-0.01440624231527221,-0.01678972553347413
2015-02-09,-0.029311045134085112,-0.01652960470246423,-0.020965610666853762
2015-02-10,-0.017400053603918053,-0.012476066332191116,-0.010513869303600765
2015-02-11,-0.018067696227250685,-0.014028997159261869,-0.010542597636919449
2015-02-12,-0.008493703434067745,-0.009720323356350757,-0.000999769355860547
2015-02-13,-0.0030709764264317263,-0.004279791826853563,0.0
2015-02-17,-0.011149498744688846,-0.009528563881907925,0.0
2015-02-18,-0.013272781680697121,-0.009814592566895874,-0.00031430921773378806
2015-02-19,-0.011461866721881764,-0.007447119080209008,-0.001376032736513877
2015-02-20,-0.011969696934038376,-0.005197349943442564,0.0
2015-02-23,-0.01568596177215731,-0.005715968173065078,-0.0003033391953458642
2015-02-24,-0.008287350674264227,-0.008101194797763833,0.0
2015-02-25,-0.0061097799721725465,-0.0051488340794668686,-0.0007657236475082652
2015-02-26,-0.005293260821615298,-0.00258416122203331,-0.002240621645270724
2015-02-27,-0.004797098967990188,-0.0031541208608043547,-0.005190302234066579
2015-03-02,0.0,0.0,0.0
2015-03-03,-0.003104236035430308,-0.0022454901447173103,-0.0045385421527393
2015-03-04,-0.005953328599811014,-0.006568957669327191,-0.00890712822770956
2015-03-05,-0.0014199427688993405,-0.004667878024621985,-0.007721701880666343
2015-03-06,-0.01427372410778216,-0.015701384835213328,-0.021786201480508582
2015-03-09,-0.017752948354716858,-0.016262493759711227,-0.01792771424410633
2015-03-10,-0.023365239362671653,-0.024634132935312025,-0.03458496645096987
2015-03-11,-0.025267592173219056,-0.02841012143268007,-0.03643632314207956
2015-03-12,-0.026231729299812767,-0.024305781048631014,-0.02429403369996097
2015-03-13,-0.025516543300502348,-0.026129169078683234,-0.030221165435176722
2015-03-16,-0.019175566993372195,-0.02171234218627427,-0.017096497578817482
2015-03-17,-0.01936511544550301,-0.021063838473101226,-0.02035990793776732
2015-03-18,-0.018727511718879097,-0.018214804409188212,-0.008449030875622987
2015-03-19,-0.012841386485338613,-0.012792276795173585,-0.01328044171054188
2015-03-20,-0.004061277462296786,-0.0057741892159560715,-0.004387380403787056
2015-03-23,-0.006213449728846743,-0.006258482415368971,-0.006125452260155928
2015-03-24,-0.0057897235129715785,-0.00628768590526807,-0.012227267481002446
2015-03-25,-0.023989053032743013,-0.014945456665900858,-0.026608157499703577
2015-03-26,-0.027941480369929272,-0.014153268524311757,-0.028922396602077294
2015-03-27,-0.02753736806929452,-0.013704897505758984,-0.026622339723289423
2015-03-30,-0.026514366186594973,-0.01164065763189892,-0.014711462661145092
2015-03-31,-0.030763403977900783,-0.0150789235390274,-0.023377838995787492
2015-04-01,-0.030561876482791295,-0.014293271907315441,-0.02725050845577559
2015-04-02,-0.029100994293694726,-0.01337270773968291,-0.02381702671642627
2015-04-06,-0.02681003497997647,-0.010886177597552282,-0.017365613919056555
2015-04-07,-0.023373094461419552,-0.008372170021744618,-0.019391711747112295
2015-04-08,-0.023803239912544294,-0.005978846870379195,-0.016761197528510796
2015-04-09,-0.022849767479607763,-0.007117548959924336,-0.012378429229954468
2015-04-10,-0.01896605995700007,-0.0022583053616561655,-0.007239967489269805
2015-04-13,-0.02293838731057085,-0.004981820623861211,-0.011788079760363779
2015-04-14,-0.026965793190282916,-0.006905572963070594,-0.010177532613636742
2015-04-15,-0.027898190409830437,-0.004603296371785359,-0.005081732846340503
2015-04-16,-0.02738156856361762,-0.0020334173772196262,-0.005856220617285857
2015-04-17,-0.031598293578337766,-0.008497960735516674,-0.017101224986679098
2015-04-20,-0.03004724251041313,-0.005055276390774188,-0.00802402537856961
2015-04-21,-0.029029003606275916,-0.0037564287646105754,-0.009492750289437746
2015-04-22,-0.017027535625486645,-0.0035295625738031022,-0.004453564113854003
2015-04-23,-0.014056808663326037,-0.0026862430785712377,-0.002106348459077534
2015-04-24,-0.010733490558175407,-0.0004192607307547114,0.0
2015-04-27,-0.0026798438899086063,0.0,-0.004141314249916261
2015-04-28,-0.0019124142135498179,0.0,-0.0013835508132409302
2015-04-29,-0.006138763150145166,-0.002592452439928228,-0.005118711449704438
2015-04-30,-0.017221510816412766,-0.01639451929977942,-0.015195771114281165
2015-05-01,-0.012733891982908419,-0.012236814051950207,-0.004438752888209829
2015-05-04,-0.015334093278471572,-0.011295130222953143,-0.001511057454308018
2015-05-05,-0.01704539502827529,-0.012431167088293171,-0.013330554165074893
2015-05-06,-0.017813298016394308,-0.014716014989320292,-0.017726881697124997
2015-05-07,-0.01643620052516448,-0.014391992374340523,-0.014019966202670209
2015-05-08,-0.021218392957610077,-0.00990621013690296,-0.0007507443459566776
2015-05-11,-0.02193277112253389,-0.009918146334056077,-0.0058364839156020976
2015-05-12,-0.02164895549665946,-0.010780618906518935,-0.008768906087554318
2015-05-13,-0.016069582362642776,-0.005643096158912231,-0.00907118675019225
2015-05-14,-0.007470368404056682,0.0,0.0
2015-05-15,-0.007948610141284673,-0.0013104405665534946,0.0
2015-05-18,-0.007995139301267828,0.0,0.0
2015-05-19,-0.009457534528921174,-0.0029401598638755244,-0.000643374543626507
2015-05-20,-0.00947047655952682,-0.0037338452702195823,-0.0015732921249510534
2015-05-21,-0.012319883323009484,-0.0035378834908252887,0.0
2015-05-22,-0.013763927756020755,-0.003874650273908431,-0.002233886303356414
2015-05-26,-0.021841712411375003,-0.013056710822773265,-0.012492897726459007
2015-05-27,-0.010473204877988196,-0.006954914968514081,-0.003444724404288446
2015-05-28,-0.008759156812444657,-0.007862033364891108,-0.004707121659783264
2015-05-29,-0.010918030751512764,-0.008559027289803733,-0.010995849029754368
2015-06-01,-0.00813585687387297,-0.005425940691222819,-0.008959033272726624
2015-06-02,-0.014567412001573077,-0.007688426075973531,-0.009958593415850148
2015-06-03,-0.01470548427600904,-0.006532911548927101,-0.007860823280539497
2015-06-04,-0.02085308070161984,-0.013223167177771722,-0.016416205660988892
2015-06-05,-0.02507532114726363,-0.015263075187434305,-0.017828811920109877
2015-06-08,-0.028674764599882496,-0.017049529521174667,-0.02418788889208423
2015-06-09,-0.02608087523062197,-0.016550009685248446,-0.023779654963846264
2015-06-10,-0.02053086550030192,-0.008728542798935979,-0.01202359484403881
2015-06-11,-0.020660351594650073,-0.010710457605923818,-0.010305872965805096
2015-06-12,-0.024090371868489613,-0.012203544231232821,-0.017228090481503977
2015-06-15,-0.02677255044152116,-0.014261094182637546,-0.02177102487797944
2015-06-16,-0.023961385693906156,-0.013081278710518451,-0.016205042279079707
2015-06-17,-0.023550634404763682,-0.012262820943181874,-0.014257481147395223
2015-06-18,-0.012563202736028178,-0.000886212522803631,-0.004495958277873857
2015-06-19,-0.013931406317240658,-0.0017998808498522756,-0.009775615705101881
2015-06-22,-0.013684102272005227,-0.00319312783648662,-0.0037403302237818403
2015-06-23,-0.017958578107267753,-0.004537226651441739,-0.0031068400780538408
2015-06-24,-0.02194148925930761,-0.008637458813046228,-0.01043729152199091
2015-06-25,-0.020521781847080645,-0.00973659443374808,-0.013379829760838069
2015-06-26,-0.027257628498077335,-0.012834641022017812,-0.01376469020567439
2015-06-29,-0.037122388347993085,-0.021386552435188055,-0.034343667430162594
2015-06-30,-0.03753732980819002,-0.020309231360763458,-0.031776479836532645
2015-07-01,-0.033951706563279394,-0.018915571912745843,-0.02506084266678199
2015-07-02,-0.033766903679049554,-0.019907680481662915,-0.025361146098135445
2015-07-06,-0.038430581007780185,-0.02112453924748736,-0.02912496438121781
2015-07-07,-0.04333695602109933,-0.023069422471068468,-0.02322109745608336
2015-07-08,-0.05091135339222119,-0.029632839660234223,-0.03948715140139569
2015-07-09,-0.04793702991920923,-0.027195876732791335,-0.03731427676427179
2015-07-10,-0.04112955204650981,-0.022300815599320623,-0.0254361933119992
2015-07-13,-0.037156288908292257,-0.017612608082374748,-0.014651622240053452
2015-07-14,-0.03449679871201827,-0.014069586849816296,-0.01026370903496343
2015-07-15,-0.03548043547466684,-0.01700657356145241,-0.01099115141789464
2015-07-16,-0.03580572338777632,-0.012530394849361803,-0.0030645615713128516
2015-07-17,-0.020035300576215387,-0.01156697952091279,-0.0019617685431645437
2015-07-20,-0.03011749574926037,-0.017779836432455287,-0.0011920476534919011
2015-07-21,-0.029165188817297127,-0.01840548695614619,-0.005448656878295544
2015-07-22,-0.03817849334796186,-0.025526888542179216,-0.007823356961557781
2015-07-23,-0.03717524305366737,-0.025424441836112366,-0.013454991550600925
2015-07-24,-0.05197824243521765,-0.03418646686884985,-0.024014306405056973
2015-07-27,-0.04712171180729674,-0.03343687167271181,-0.029650638605960067
2015-07-28,-0.044274325782682755,-0.03035844972748214,-0.01763174137378143
2015-07-29,-0.04329509507128959,-0.029991125911625227,-0.010441989133851304
2015-07-30,-0.040484286275914494,-0.029282192704140675,-0.010413918038589376
2015-07-31,-0.041968598646549116,-0.026647035783509132,-0.012661782601627203
2015-08-03,-0.043277583899929195,-0.02928707074782655,-0.0153837622348445
2015-08-04,-0.04623089774015854,-0.030390806933824677,-0.017598858090760228
2015-08-05,-0.0420501002119843,-0.028961958610469574,-0.014538994131308214
2015-08-06,-0.04560274109991158,-0.034595075111680695,-0.022179258806218183
2015-08-07,-0.034151043041417695,-0.0347210682686353,-0.02499037848887964
2015-08-10,-0.02490941280465131,-0.029133570401277953,-0.012502292950179794
2015-08-11,-0.02148172005202309,-0.03164628713007822,-0.021939909753147857
2015-08-12,-0.020596911306625554,-0.028390481830660508,-0.021010699212027695
2015-08-13,-0.026053872386071153,-0.02982062419283671,-0.02225911820784099
2015-08-14,-0.027604859927298775,-0.02826056820392675,-0.018434230970576504
2015-08-17,-0.027342866859823678,-0.02459718670024147,-0.013318875382555273
2015-08-18,-0.032532546243691174,-0.029025097054505733,-0.01590943645958698
2015-08-19,-0.030668562062969307,-0.028686616494965733,-0.024032982276598558
2015-08-20,-0.03647231636979331,-0.03488305542561154,-0.04462605233666728
2015-08-21,-0.04865819469001986,-0.0466341987589769,-0.07505563519217162
2015-08-24,-0.055633083669350936,-0.05876694489736123,-0.11151110830527544
2015-08-25,-0.06429401963249681,-0.06748714375844722,-0.1235252506376443
2015-08-26,-0.048176162740273476,-0.05609616881153223,-0.08931305905161724
2015-08-27,-0.037844382325656456,-0.047180568921695865,-0.06718541668791189
2015-08-28,-0.034607692688156666,-0.04198669131906019,-0.06661757853232719
2015-08-31,-0.039350415526375526,-0.046189001917497974,-0.07445021614170577
2015-09-01,-0.049047174740560084,-0.05578925211367047,-0.10182468993756744
2015-09-02,-0.04058638165971962,-0.04766576134979994,-0.08539439144099792
2015-09-03,-0.041689992509532425,-0.051395593631739955,-0.08432906473183199
2015-09-04,-0.05099591394587166,-0.05781117083958154,-0.09836592998564797
2015-09-08,-0.03916931593350581,-0.04671233553929954,-0.07575019429208174
2015-09-09,-0.047467470222820274,-0.05398025364720671,-0.08859501189240637
2015-09-10,-0.044255006728394886,-0.050843107921194286,-0.08378465734759877
2015-09-11,-0.04501078632270883,-0.05099628927371114,-0.07967355951456123
2015-09-14,-0.04426662874098397,-0.05122390198129034,-0.0834373777976436
2015-09-15,-0.03679529612042298,-0.046497980807538086,-0.07167667735392569
2015-09-16,-0.03150536642016033,-0.041307892337477115,-0.06359523817980717
2015-09-17,-0.030276601103573775,-0.04094980075828836,-0.06599342632237037
2015-09-18,-0.029153293371135924,-0.04047296855178728,-0.0810908633855425
2015-09-21,-0.02982630546194709,-0.04235841616862024,-0.07689532311492109
2015-09-22,-0.04295027686938968,-0.05075909061191086,-0.08826652278989222
2015-09-23,-0.04258223454697885,-0.04900822895722301,-0.090134339095853
2015-09-24,-0.03429840275223006,-0.04480808196001773,-0.09319420305530501
2015-09-25,-0.03677271481091715,-0.05062759732180966,-0.0936165871070731
2015-09-28,-0.04886393529946864,-0.06602105195835184,-0.11687990578194796
2015-09-29,-0.04386276225769681,-0.06792562335863095,-0.11579114830143067
2015-09-30,-0.03462118560857219,-0.0640235672932783,-0.09892437291751288
2015-10-01,-0.03636910265924742,-0.06223503999693625,-0.09714575394894576
2015-10-02,-0.023547245676025508,-0.050349350531361026,-0.08422113423494781
2015-10-05,-0.014432965145272258,-0.04463278366783985,-0.067471684571635
2015-10-06,-0.011112552942987963,-0.04540005731373009,-0.07081781641480944
2015-10-07,-0.007706923412117872,-0.04263991453390448,-0.06335124880282672
2015-10-08,-0.006049937617396806,-0.042175328943346524,-0.05509147224187061
2015-10-09,-0.004722724344003226,-0.03774390986771148,-0.054406308365680944
2015-10-12,0.0,-0.03380431595097322,-0.05320022516455836
2015-10-13,-0.0014213644451684937,-0.03714084644993476,-0.05966253502155727
2015-10-14,0.0,-0.03612197709462517,-0.06409742434524901
2015-10-15,0.0,-0.026502533278539908,-0.050196675259478574
2015-10-16,0.0,-0.025990847733771916,-0.045855623597091166
2015-10-19,-0.00030752082447704776,-0.02580440380319826,-0.045597484096580154
2015-10-20,-0.0029229751967885242,-0.027215361045368258,-0.04695377630132869
2015-10-21,-0.008183202466249373,-0.03314349324151811,-0.05250566606464813
2015-10-22,0.0,-0.026682646925707654,-0.03675113622054804
2015-10-23,0.0,-0.019021850241363825,-0.026126169375948916
2015-10-26,0.0,-0.017527197725313193,-0.027989288070049412
2015-10-27,-0.00043740418415394444,-0.018068037922840063,-0.030471918650196494
2015-10-28,0.0,-0.009338580420528708,-0.018992673902441748
2015-10-29,-0.01285585088980401,-0.018684496479171808,-0.019433905689600017
2015-10-30,-0.01118489909391418,-0.02188281024020211,-0.024150307997204523
2015-11-02,-0.008054405502048056,-0.017974721332434163,-0.012563247328464144
2015-11-03,-0.007636698370598327,-0.01919039555307933,-0.009869453366407765
2015-11-04,-0.006934501283448191,-0.021466519854939192,-0.013379829760839512
2015-11-05,-0.012258881348987005,-0.024723665850252208,-0.014496830200467326
2015-11-06,0.0,-0.027421277749062334,-0.014839412138562214
2015-11-09,-0.0016120732509976587,-0.031452141538620304,-0.024516377994600602
2015-11-10,-0.008244849548906474,-0.03304307975240772,-0.023042817357196488
2015-11-11,-0.008029373639920956,-0.034652626210519566,-0.026196518977952832
2015-11-12,-0.01220294497208585,-0.03930910911722174,-0.03982039540372084
2015-11-13,-0.02198768621165237,-0.04701986211452536,-0.05058147841636562
2015-11-16,-0.013844469608654153,-0.04161533598930767,-0.036432042341754234
2015-11-17,-0.01547933908934418,-0.04286267987083081,-0.03772262526840986
2015-11-18,-0.011228736444310772,-0.038435842071830595,-0.02216986358249906
2015-11-19,-0.006532072408451217,-0.03491685541660494,-0.023268073574686077
2015-11-20,-0.003391761929007031,-0.03258662190522754,-0.019546533798345145
2015-11-23,-0.010453986442005236,-0.03554302490358141,-0.020757257323378075
2015-11-24,-0.00936720936394897,-0.034067099266975154,-0.01956062663392555
2015-11-25,-0.01079884375545792,-0.03504584678125944,-0.019687233002351978
2015-11-27,-0.01076997611024677,-0.03672101436137154,-0.019105302011186764
2015-11-30,-0.008215758108278681,-0.037141969202058256,-0.02365763163138246
2015-12-01,0.0,-0.032415804394691605,-0.013229735333112225
2015-12-02,-0.00575314829259177,-0.037553242612489046,-0.024079958395201273
2015-12-03,-0.010035910221827038,-0.04449201730195529,-0.03810737113734741
2015-12-04,0.0,-0.030150771386752706,-0.018363881368574253
2015-12-07,-0.005740085478373902,-0.03427505709996992,-0.025225029930090903
2015-12-08,-0.005517329591414266,-0.035470473856841434,-0.031551223619044055
2015-12-09,-0.011601050271346391,-0.039399364462889164,-0.03904603419013741
2015-12-10,-0.014094975806033805,-0.04004221621463411,-0.036882554776733856
2015-12-11,-0.021295938002513726,-0.04873521301540418,-0.055588960795451614
2015-12-14,-0.020352721181222444,-0.0482508898769719,-0.051097757417387535
2015-12-15,-0.015902229740205942,-0.046405995886524276,-0.041021780992982815
2015-12-16,-0.006979383623337276,-0.03688155960578643,-0.027102241459771803
2015-12-17,-0.018635221488477183,-0.048788150410967734,-0.04173513054033351
2015-12-18,-0.020831419597167944,-0.05201919454476667,-0.058789581246859846
2015-12-21,-0.011146692363943833,-0.04430709754378015,-0.051468467738693624
2015-12-22,-0.009336048627907712,-0.042638262826470985,-0.043105515580662446
2015-12-23,-0.009177736964698036,-0.040632067312775244,-0.03122273451652957
2015-12-24,-0.008727723288627698,-0.04042275325737632,-0.03277145694369632
2015-12-28,-0.006498551332561053,-0.041024898376823105,-0.034878622302727424
2015-12-29,-0.0009222259679836364,-0.0351368762188532,-0.02461961087962483
2015-12-30,-0.006628276988314363,-0.04102893647175876,-0.03165915411592868
2015-12-31,-0.013523691506729718,-0.04576894092468731,-0.04077309400414142
2016-01-04,-0.018364419780113272,-0.04877723937019318,-0.05545284462740585
2016-01-05,-0.01955570563324338,-0.051064625918182394,-0.053552202326373366
2016-01-06,-0.02479034210157205,-0.051586191545564986,-0.06596524065120946
2016-01-07,-0.030330915053840446,-0.05899797936516571,-0.08810227823863526
2016-01-08,-0.038602812291861244,-0.06373714221863302,-0.09798576715267227
2016-01-11,-0.03565053616033875,-0.0644600862117477,-0.097216103550949
2016-01-12,-0.03714094208216667,-0.06478646446793435,-0.09017186270278499
2016-01-13,-0.0466802237788565,-0.07646511360077046,-0.11288613366951561
2016-01-14,-0.037667510614048716,-0.06949554322284135,-0.09807496449006559
2016-01-15,-0.052947197736674445,-0.07790573520276045,-0.11755573172236677
2016-01-19,-0.04750985422619958,-0.08076611788851829,-0.11708642883994647
2016-01-20,-0.03988055819058722,-0.07708523739800499,-0.12741109225319225
2016-01-21,-0.0358604674535451,-0.07843877304732094,-0.12287761036838674
2016-01-22,-0.025486768294318174,-0.06925852836301027,-0.10508632205520874
2016-01-25,-0.025626186981312804,-0.07216320156935385,-0.11908096609023266
2016-01-26,-0.023208032143965385,-0.06649855566284724,-0.10662095164679497
2016-01-27,-0.025750535249190576,-0.07351874105340173,-0.11632616046194377
2016-01-28,-0.023439277266112946,-0.07112101707826435,-0.11144070141532281
2016-01-29,-0.013105801991732058,-0.06337406224158726,-0.0894397799959431
2016-02-01,-0.006911383886440414,-0.05899217984213978,-0.08984337360027062
2016-02-02,-0.012563781729351797,-0.06648763359511234,-0.10690252191865734
2016-02-03,-0.010882480777391845,-0.06654838197183632,-0.10244414453566486
2016-02-04,-0.00479610783213813,-0.05971235218607507,-0.10107381678328531
2016-02-05,-0.02084999276495103,-0.0726545960358983,-0.11768709299060309
2016-02-08,-0.01481372823245164,-0.06749669524044877,-0.13017529310520182
2016-02-09,-0.017639921556331872,-0.06925071071996391,-0.13075252648450675
2016-02-10,-0.022125304360819387,-0.0683611723753339,-0.13091677103576393
2016-02-11,-0.009957152776103761,-0.056210909995368485,-0.14160750444640546
2016-02-12,-0.0075973882052131625,-0.05105417149719038,-0.12485335717123214
2016-02-16,-0.003539091170045583,-0.0513813602065174,-0.11039886276545785
2016-02-17,0.0,-0.04363439089843957,-0.09573784530168472
2016-02-18,0.0,-0.047215689614600986,-0.0999568736316071
2016-02-19,0.0,-0.040352159982433355,-0.09998030440295846
2016-02-22,-0.0005930242436301691,-0.040522499962334035,-0.08697124225137665
2016-02-23,-0.000793840100772325,-0.042992446142678054,-0.09834244192634778
2016-02-24,0.0,-0.03220895788132638,-0.09433927459019509
2016-02-25,-0.0007170886049983061,-0.03302332822809295,-0.08406158729555091
2016-02-26,-0.003051767385538251,-0.034883977663481835,-0.08577449698602535
2016-02-29,-0.0031204479618721637,-0.03518508606039883,-0.09319890066716563
2016-03-01,0.0,-0.02454430327979429,-0.071554654021461
2016-03-02,0.0,-0.02275731167737738,-0.06775331213144653
2016-03-03,0.0,-0.019530477443918337,-0.06449162272585596
2016-03-04,0.0,-0.011598094715938756,-0.06139893277133246
2016-03-07,-0.004273878476253934,-0.014803332867401653,-0.06056825750337669
2016-03-08,-0.00873566291771255,-0.019650004847196922,-0.07112757235783251
2016-03-09,-0.011936356322088448,-0.02309599074156654,-0.06643454353362988
2016-03-10,-0.004096450238117666,-0.018741936751164312,-0.06628908942981326
2016-03-11,0.0,-0.012503095543211606,-0.050980431696782125
2016-03-14,-0.006131649339717993,-0.01815600959271313,-0.05217711967418426
2016-03-15,-0.01117796767069823,-0.02266483517744433,-0.053918215035819506
2016-03-16,-0.003955121188060962,-0.020845649997189075,-0.04861982444910029
2016-03-17,0.0,-0.009968210278441636,-0.0423452472026592
2016-03-18,0.0,-0.012159664510852486,-0.03812616158478743
2016-03-21,-0.0013599737123468625,-0.013025350268992764,-0.037178160596226695
2016-03-22,0.0,-0.01002640163845836,-0.03802292869976287
2016-03-23,-0.008686518240461627,-0.02332383328620391,-0.04416614467796787
2016-03-24,-0.008617449162578228,-0.022064864385179517,-0.04452751706350333
2016-03-28,-0.007641922436691262,-0.022576381981337046,-0.044006540450621245
2016-03-29,0.0,-0.015060722826090833,-0.03557787901449705
2016-03-30,0.0,-0.010596959692779406,-0.031382338743875526
2016-03-31,-0.0027116843404410007,-0.010354154093094814,-0.03335808554672104
2016-04-01,-0.0065050598064246845,-0.013054559387866371,-0.02723835762781679
2016-04-04,-0.006488454177222547,-0.013192151224474591,-0.030359290541451034
2016-04-05,-0.008124084951040667,-0.013872792411014134,-0.04019580333688644
2016-04-06,-0.0072207209273631445,-0.010509157274482428,-0.030110546264660365
2016-04-07,-0.00606787072658499,-0.010663680649154572,-0.04172573531661239
2016-04-08,-0.005936997277006473,-0.011167401611643313,-0.03905542941385698
2016-04-11,-0.0011284763491287153,-0.00848256683648907,-0.04168821170968051
2016-04-12,0.0,-0.00551788336138781,-0.032428875005600766
2016-04-13,0.0,-0.0020039438634827933,-0.022714328254680893
2016-04-14,-0.007652996567387715,-0.005258618451639663,-0.02254532880361404
2016-04-15,-0.008180223165522027,-0.007631910564248279,-0.023507422627755292
2016-04-18,-0.006054247996149176,-0.004036484498140869,-0.01712015998461991
2016-04-19,-0.0048177424598717655,0.0,-0.014088481696328925
2016-04-20,-0.009073020404112286,-0.0002895653986447755,-0.013337665829995848
2016-04-21,-0.009741712021936189,-0.0011866686115776792,-0.018462416641737533
2016-04-22,-0.017043401352031307,-0.005844620873673434,-0.018415440523135818
2016-04-25,-0.01707186101646041,-0.0077963157971240316,-0.02019411677965255
2016-04-26,-0.018007027673877407,-0.007638843349569435,-0.018359183756713082
2016-04-27,-0.010739349796275888,-0.008084854374877493,-0.01674011172754275
2016-04-28,-0.019456829638526685,-0.010304587169770674,-0.02581635614497535
2016-04-29,-0.017341581813608786,-0.004807398869735802,-0.030748734022248092
2016-05-02,-0.013912029125239922,-0.0015250451443147295,-0.02317893352524092
2016-05-03,-0.01726309273611859,-0.003540765256605405,-0.03165445650406762
2016-05-04,-0.022244674511106788,-0.009355852761566252,-0.03740341681371584
2016-05-05,-0.02254348901850356,-0.010742982623417552,-0.037633485218964924
2016-05-06,-0.019028658039805024,-0.006954315489660412,-0.03457831887137297
2016-05-09,-0.024163089548079997,-0.012121883272287914,-0.03385087648844176
2016-05-10,-0.021163757975714792,-0.008135499705203997,-0.02178981532542068
2016-05-11,-0.01990332787625526,-0.008246137961960498,-0.031142989690804646
2016-05-12,-0.02303761866617815,-0.009424016456693107,-0.03130717695411234
2016-05-13,-0.01244669356028727,-0.014466859796816278,-0.03952003468441645
2016-05-16,0.0,-0.004742359242345784,-0.03011054626465981
2016-05-17,-0.005433127813763372,-0.011682487571823108,-0.039238464412554186
2016-05-18,-0.0006494853777656573,-0.010946235251606207,-0.03904133657827602
2016-05-19,-0.00999342451426477,-0.020034361345581342,-0.04260332941521994
2016-05-20,-1.4628746397793435e-05,-0.013510082763472875,-0.0368402762699912
2016-05-23,-0.0007226110726773483,-0.015984368146804817,-0.038848906355857804
2016-05-24,0.0,-0.01097396607941481,-0.02569903042437005
2016-05-25,-0.0019220519814653336,-0.012630700348786217,-0.01890353385299648
2016-05-26,0.0,-0.011237237502173536,-0.019109999623045715
2016-05-27,0.0,-0.010776515883444193,-0.01490506412870407
2016-05-31,0.0,-0.010731866484398833,-0.015895343624006464
2016-06-01,0.0,-0.009770400120292844,-0.01477834318437865
2016-06-02,-7.764067296622823e-05,-0.008838788250946972,-0.011995409172878446
2016-06-03,0.0,-0.003665214912701331,-0.014872295421582193
2016-06-06,-0.0015276605699067192,-0.0007030565498619135,-0.010047848041193963
2016-06-07,0.0,-0.0020319801735937393,-0.008771357950118519
2016-06-08,0.0,0.0,-0.005490820809137986
2016-06-09,0.0,-0.000999201896300872,-0.007199147463651356
2016-06-10,-0.006214030355707556,-0.0029014415328680876,-0.016308275164104935
2016-06-13,-0.005437084477308618,-0.005065880844807635,-0.02429112177710957
2016-06-14,-0.005484993273784489,-0.003775022314827514,-0.026046309974325332
2016-06-15,-0.00458053825531568,-0.005448958271655258,-0.02783907906642258
2016-06-16,0.0,0.0,-0.024793307942550857
2016-06-17,-0.010470207994439318,-0.008680648117292411,-0.02797049762260806
2016-06-20,-0.005797596514416026,-0.008163799009830774,-0.0223247701979844
2016-06-21,-0.005965362583488343,-0.010065246486571144,-0.019673254742669566
2016-06-22,-0.007715649768068711,-0.012896078609095807,-0.021292326771839676
2016-06-23,-0.0006370560532955594,-0.007690306007841596,-0.008212800442355395
2016-06-24,-0.009631102653483437,-0.00928919523620364,-0.04383759828750344
2016-06-27,-0.011175219336876707,-0.015661043313433765,-0.06114079327082067
2016-06-28,-0.008387606477726517,-0.012040250190251567,-0.04445711017354992
2016-06-29,0.0,-0.002217758313251217,-0.028181661004517466
2016-06-30,0.0,0.0,-0.014998901790008623
2016-07-01,0.0,0.0,-0.013079526329485058
2016-07-05,-0.00037709019238185704,-0.00023154543116188364,-0.019837442005977368
2016-07-06,0.0,0.0,-0.014590667861770545
2016-07-07,0.0,-0.0011204538973691447,-0.015449528800887347
2016-07-08,0.0,0.0,-0.00043183656343870336
2016-07-11,0.0,0.0,0.0
2016-07-12,-0.00062036439611457,-0.001184797093105261,0.0
2016-07-13,-0.0010202269202523873,-0.0023796834854517,0.0
2016-07-14,-0.0006854136369198738,-0.0051432612744084505,0.0
2016-07-15,-0.003276347559089232,-0.00460765662888718,-0.0009289473209126431
2016-07-18,0.0,-0.0006589507927530214,0.0
2016-07-19,0.0,-0.0030898938872822024,-0.0014351736522938419
2016-07-20,0.0,-0.0028923352620562337,0.0
2016-07-21,-0.0045759785185160995,-0.0027537235090571155,-0.003612528916297486
2016-07-22,0.0,-0.000876596003602903,0.0
2016-07-25,0.0,-0.0030039072938927713,-0.0030114751244343374
2016-07-26,0.0,0.0,-0.0026896629368106106
2016-07-27,0.0,0.0,-0.003884981383271424
2016-07-28,0.0,0.0,-0.0022850124532448612
2016-07-29,0.0,0.0,-0.0006574307579040317
2016-08-01,0.0,0.0,-0.0019263832452023344
2016-08-02,-0.0007171690550688004,0.0,-0.00827574780924678
2016-08-03,-0.0024508883857805586,0.0,-0.005167740253226971
2016-08-04,0.0,0.0,-0.004956266879846294
2016-08-05,-0.0005233072361540136,-0.001561217230863443,0.0
2016-08-08,0.0,-0.003054505028300847,-0.0009071655678378754
2016-08-09,0.0,-0.0010780552424923817,-0.0005177252389991782
2016-08-10,-0.00040559473476831087,-0.0009374548938380078,-0.003380928116160087
2016-08-11,0.0,0.0,0.0
2016-08-12,0.0,-0.00036957163479456323,-0.0007960463737503032
2016-08-15,-0.002025784876605985,-0.0014258549164974932,0.0
2016-08-16,-0.006311453039631543,-0.0028499768812426662,-0.005479077019868939
2016-08-17,-0.012343242663772291,-0.002896641398746236,-0.003620725518439949
2016-08-18,-0.007531962948072013,-0.00035994260424732083,-0.0014290724160710422
2016-08-19,-0.009584902801866635,-0.0014062984870172324,-0.002867285544943865
2016-08-22,-0.012062933190477465,-0.00357915358718508,-0.00342899349381931
2016-08-23,-0.007854452596003925,-0.0008981435083363909,-0.001483916692881393
2016-08-24,-0.015994202792365075,-0.00774024618205349,-0.00671641741131912
2016-08-25,-0.017992632859739066,-0.00963986832598529,-0.008072475597083906
2016-08-26,-0.017100851182850096,-0.009781260959481175,-0.009638547233073003
2016-08-29,-0.015974001218736933,-0.00878160598150024,-0.004460890791445515
2016-08-30,-0.0173129650774827,-0.009620970589740652,-0.006405856120275999
2016-08-31,-0.02069321898863974,-0.012578738453928429,-0.008766500937369193
2016-09-01,-0.014226890850417284,-0.01147834231379985,-0.008807522672869439
2016-09-02,-0.010782876157627297,-0.005975898091485132,-0.004643482103264707
2016-09-06,-0.003926826791011195,-0.0008868089075531049,-0.0016756487175023649
2016-09-07,-0.004027605321084704,0.0,-0.0018217886502224223
2016-09-08,-0.006759410921870268,-0.0030432117916152635,-0.004040752418889126
2016-09-09,-0.02564284798471339,-0.016045512712692167,-0.028463733776071032
2016-09-12,-0.020006461124489228,-0.011259620379453605,-0.014204444749630452
2016-09-13,-0.026687002245075142,-0.015675218175027483,-0.02882445751541629
2016-09-14,-0.02488064265312795,-0.014782146760466963,-0.02939519470498575
2016-09-15,-0.01677609193580687,-0.011922520267275916,-0.019583085400788125
2016-09-16,-0.01965377533005519,-0.012912589379759476,-0.023281506978042654
2016-09-19,-0.011472955653947792,-0.011980109871142619,-0.02329967693153867
2016-09-20,-0.011370558493264071,-0.011774701216693773,-0.023007508538206323
2016-09-21,0.0,-0.004715222414334974,-0.012341522891800571
2016-09-22,0.0,0.0,-0.005921955702322346
2016-09-23,-0.002606540343180974,-0.0025990570977164618,-0.011624757241618267
2016-09-26,-0.005871004101643873,-0.005687115212657301,-0.020112689382750126
2016-09-27,0.0,-0.005512199252153294,-0.013798128918383834
2016-09-28,-0.000508324730717713,-0.0056907617758551465,-0.008574657440640676
2016-09-29,-0.0015021637995662473,-0.010429299674796666,-0.017816141027376053
2016-09-30,0.0,-0.006169282086961547,-0.009990130259616259
2016-10-03,-0.002695419437696578,-0.009285750004603188,-0.013218251016012483
2016-10-04,-0.010632479344168333,-0.017618536322398293,-0.01810830942070829
2016-10-05,-0.013647146520501252,-0.01915351723928771,-0.01388942457429343
2016-10-06,-0.018109255256055334,-0.023556296687905043,-0.013414553397034457
2016-10-07,-0.019276195216668013,-0.023554576323757348,-0.016624392727827342
2016-10-10,-0.01613932487537517,-0.020687670703954386,-0.01209505806247635
2016-10-11,-0.026356830239754325,-0.02823158546919169,-0.024390988862375895
2016-10-12,-0.022511913871298694,-0.028037898825910457,-0.023272366265240874
2016-10-13,-0.030069756994556163,-0.02878879398676948,-0.026299502812107023
2016-10-14,-0.029319830271976266,-0.031053367449093705,-0.02610320043108505
2016-10-17,-0.029647251611525816,-0.03133933487711116,-0.029061893104045722
2016-10-18,-0.022721519445450977,-0.02724284172915392,-0.023080522768512468
2016-10-19,-0.018042366007533173,-0.02433503915596813,-0.0209391435865528
2016-10-20,-0.015062483914668467,-0.024019071430517624,-0.022286061059515805
2016-10-21,-0.014887570311769682,-0.024271263054250092,-0.022368327474731053
2016-10-24,-0.004663775819092053,-0.020526534087453197,-0.017724733899359246
2016-10-25,-0.0018514244379986833,-0.02150740517126848,-0.021455147971419564
2016-10-26,-0.0034702196637897975,-0.023670115267287906,-0.023158218827326937
2016-10-27,-0.010028383587311285,-0.027258259173903343,-0.02607577829267993
2016-10-28,-0.007303939305596807,-0.027472266080263208,-0.0291030263116534
2016-10-31,-0.005663681380153829,-0.027786744343714087,-0.029221744105968117
2016-11-01,-0.010776323518500996,-0.02628618141582717,-0.03581030301017052
2016-11-02,-0.010972046920289302,-0.025990584617755497,-0.04210212316463957
2016-11-03,-0.016695751463811748,-0.030150394946365178,-0.04633928943665788
2016-11-04,-0.016871466693682446,-0.03058401218336071,-0.04792821285465132
2016-11-07,-0.0036303676693454356,-0.02669390742950839,-0.026769803632965217
2016-11-08,-0.0029944133934706185,-0.024853404159715486,-0.023098804194115696
2016-11-09,-0.010696047074345016,-0.020846186041075576,-0.012277649374295985
2016-11-10,-0.028222210926581726,-0.02743616945672478,-0.010350853998961518
2016-11-11,0.0,-0.03311929116155721,-0.011734334323131423
2016-11-14,-0.022366920039969984,-0.04020664510926708,-0.01184848176104536
2016-11-15,-0.008940584816897301,-0.03264560299364461,-0.004456320435044403
2016-11-16,0.0,-0.030681891078982115,-0.006031532783835392
2016-11-17,0.0,-0.028389897824751875,-0.001383368852062472
2016-11-18,-0.00025615670754053355,-0.0332470210450333,-0.0037668654511600064
2016-11-21,0.0,-0.028935599448532412,0.0
2016-11-22,0.0,-0.02814428880694242,0.0
2016-11-23,-0.005529269425893046,-0.03529177677829698,0.0
2016-11-25,-0.006130827913238712,-0.033352324895950525,0.0
2016-11-28,-0.006283018958311515,-0.03573483473535377,-0.005254535631502799
2016-11-29,-0.008333044404236323,-0.03502541832435624,-0.003926258912260283
2016-11-30,-0.014132080523503121,-0.04128001877332643,-0.0065692450001003655
2016-12-01,-0.03671998514419417,-0.050690099174185654,-0.010061679602712537
2016-12-02,-0.03132025618598033,-0.047435960984662295,-0.009668667648663365
2016-12-05,-0.020673914048778608,-0.04633154321328403,-0.003903646661185367
2016-12-06,-0.01344411180311722,-0.04197350530548516,-0.000506073209424196
2016-12-07,-0.004458360850508325,-0.03620464998546391,0.0
2016-12-08,-0.009318150287167981,-0.036114298849464266,0.0
2016-12-09,-0.0135703444945533,-0.035976000794590623,0.0
2016-12-12,-0.021280668384146995,-0.040195799411369526,-0.0011374349205593992
2016-12-13,-0.012961401214158563,-0.03580025395886133,0.0
2016-12-14,-0.001865980460826644,-0.03687086637814052,-0.008117171853951222
2016-12-15,-0.0018983650650574724,-0.044216201427397794,-0.004265464727701951
2016-12-16,0.0,-0.044499001291377294,-0.006008620129146047
2016-12-19,0.0,-0.041829775762021515,-0.004045367177630266
2016-12-20,0.0,-0.042514453518538664,-0.00042257010101587333
2016-12-21,0.0,-0.04144212121022317,-0.00287889315005474
2016-12-22,0.0,-0.04378278755212062,-0.0047365035763163865
2016-12-23,0.0,-0.042654108076037756,-0.0034907170526701226
2016-12-27,0.0,-0.040815455391147615,-0.0012501927734278606
2016-12-28,-0.019011297303231034,-0.04359898371206705,-0.009596274677013739
2016-12-29,-0.011471928714091528,-0.04124318152351991,-0.009886764754085453
2016-12-30,-0.023723599967374942,-0.04484722073249092,-0.014477969557112669
2017-01-03,-0.03168240085324936,-0.040177865405435886,-0.006114262654399849
2017-01-04,-0.02660125838938654,-0.03347011268653377,-0.000426976350797581
2017-01-05,-0.022532071113681607,-0.02957769365211338,-0.0011973177760474796
2017-01-06,-0.02065752601350701,-0.02744410856270796,0.0
2017-01-09,-0.013216648388533314,-0.02600780277225223,-0.0035485942758867184
2017-01-10,-0.011106111729202173,-0.02183758946513137,-0.0035485942758867184
2017-01-11,-0.013589689498588964,-0.023736299637938885,-0.0007289972347642726
2017-01-12,-0.010345972916795731,-0.018245465637323433,-0.002872242671696168
2017-01-13,-0.012932219355263452,-0.020035716938402337,-0.0010277156192404213
2017-01-17,-0.007918945404299826,-0.01609240799450007,-0.003992168560372877
2017-01-18,-0.000549150906930973,-0.015216790877342845,-0.0022354557063686276
2017-01-19,-0.004234612806350624,-0.020991886786913105,-0.005836695612828846
2017-01-20,-0.00211079706673456,-0.0187836099151657,-0.0024901061597535357
2017-01-23,0.0,-0.015863793822247785,-0.005173532221592336
2017-01-24,0.0,-0.01147570961020472,0.0
2017-01-25,-0.0021490351003961017,-0.013009136038580338,0.0
2017-01-26,-0.003981130987456005,-0.014413136896906154,-0.0007353844075137506
2017-01-27,-0.0036012812591840193,-0.01522648450501296,-0.0016012111164034337
2017-01-30,-0.0060095162518480905,-0.01655405028039658,-0.007601132086214379
2017-01-31,-0.003415706543630881,-0.011470180644798877,-0.008484273204814374
2017-02-01,-0.001325599518241516,-0.011784922255934083,-0.008188441112524147
2017-02-02,0.0,-0.007658907343542687,-0.007622801654195266
2017-02-03,-0.0015451558686192524,-0.0071816779649442886,-0.00041342136559918696
2017-02-06,0.0,-0.004507949133838451,-0.0025279038177105084
2017-02-07,0.0,-0.0026859097912134144,-0.0023016480343791557
2017-02-08,0.0,0.0,-0.0016099214329449163
2017-02-09,-0.003363439890905373,0.0,0.0
2017-02-10,-0.005553985719783383,-0.0007808466659368074,0.0
2017-02-13,-0.006832980826079527,-0.0001729603047649908,0.0
2017-02-14,-0.005614752091202213,0.0,0.0
2017-02-15,-0.005069689961615054,0.0,0.0
2017-02-16,-0.0002975046780443469,0.0,-0.0008641180363413437
2017-02-17,0.0,0.0,0.0
2017-02-21,0.0,-0.00023410107324417506,0.0
2017-02-22,-0.003105115747040532,0.0,-0.0010822001454082741
2017-02-23,-0.01094855674205586,0.0,-0.0006636668512135513
2017-02-24,-0.009527354081174222,0.0,0.0
2017-02-27,-0.0066368416851091405,0.0,0.0
2017-02-28,-0.01151287904288878,-0.0029242529423426644,-0.0025783763780462543
2017-03-01,-0.010779727559114383,-0.0011947587873282206,0.0
2017-03-02,-0.01955162882816386,-0.004731647628810731,-0.005859880503598536
2017-03-03,-0.02187333283164483,-0.006916801292652708,-0.005358955892141304
2017-03-06,-0.02285510268836144,-0.00730543230316949,-0.008618634150994064
2017-03-07,-0.0248222058799904,-0.011876743156579272,-0.011506898616364003
2017-03-08,-0.02615434552957019,-0.013451433921302991,-0.013764829549090751
2017-03-09,-0.026673126933834168,-0.014009895883532297,-0.012975944613797141
2017-03-10,-0.023216768140755573,-0.013370003243175055,-0.00974968850151825
2017-03-13,-0.01920152365528416,-0.011994872567005488,-0.009386630244679006
2017-03-14,-0.020109595546413228,-0.013208465445496587,-0.012733939741500389
2017-03-15,-0.01650241969968924,-0.011623507875258565,-0.004465830542380367
2017-03-16,-0.0059326827757292255,-0.004055192003252883,-0.006085276199396694
2017-03-17,-0.001462281069878446,-0.003971353727775795,-0.007391593025857679
2017-03-20,0.0,-0.0032289445711930487,-0.009386630244678784
2017-03-21,-0.0059153329957336576,-0.008447703627651015,-0.02167813413122599
2017-03-22,0.0,-0.004676176166155566,-0.01982921690687811
2017-03-23,-0.002616473193685187,-0.005326023476951103,-0.02086846225111194
2017-03-24,0.0,-0.004551921246926605,-0.021694845204512925
2017-03-27,0.0,-0.0012536319382285832,-0.022692312865529307
2017-03-28,0.0,0.0,-0.015605391236794608
2017-03-29,-0.0028210177029326378,0.0,-0.014537003411097094
2017-03-30,-0.0013250958658401757,0.0,-0.0116445611774052
2017-03-31,-0.003490665986559005,-0.0011441111557241035,-0.01387334962866782
2017-04-03,-0.0027250963532479133,-0.0017211926547836542,-0.015492693388895584
2017-04-04,-0.007250889226829149,0.0,-0.014941839351153785
2017-04-05,-0.012548384879202179,-0.005265797470028977,-0.017951055304277763
2017-04-06,-0.010855445521155471,-0.0026134717091064186,-0.016056182628390814
2017-04-07,-0.00799898582047276,0.0,-0.016870032276826596
2017-04-10,-0.016538235207693708,-0.0037836962739865587,-0.01619394708622046
2017-04-11,-0.016195283226170698,-0.0040598341013480255,-0.017604606223937225
2017-04-12,-0.012605229028307186,-0.0009297381825135176,-0.021298364801099368
2017-04-13,-0.013981598187348232,-0.0006577996611227821,-0.02796791718481173
2017-04-17,-0.0066632505530347386,0.0,-0.019595465674436374
2017-04-18,-0.00835510722949706,-0.0017696826915146735,-0.022441952456588643
2017-04-19,-0.011422798473398998,-0.0008024137814899301,-0.024119784973321123
2017-04-20,-0.005578604642256013,0.0,-0.01674480112396204
2017-04-21,-0.0044739142596177395,-0.0004855576677084139,-0.019729052363944066
2017-04-24,0.0,0.0,-0.009102847689163918
2017-04-25,0.0,0.0,-0.00306760281284002
2017-04-26,-0.003769256255274356,-0.0014542211258415927,-0.0035518163510103173
2017-04-27,-0.0013198202923300206,0.0,-0.003000860416480289
2017-04-28,0.0,0.0,-0.004908266397332661
2017-05-01,0.0,0.0,-0.0031844784290611106
2017-05-02,-0.0015443491099886852,-0.0023922100856199613,-0.0019992149871422837
2017-05-03,-0.00034332871785580643,-0.005186839086860129,-0.003268033795496006
2017-05-04,-0.004948636918145621,-0.010265397682558963,-0.0026878334827136197
2017-05-05,-0.003999032879355213,-0.008620608713964861,0.0
2017-05-08,-0.003990096238637109,-0.008048024246441798,0.0
2017-05-09,-0.003537440235461653,-0.009086930628628531,-0.0010252486299153762
2017-05-10,0.0,-0.007880767602668537,0.0
2017-05-11,0.0,-0.008725147594648708,-0.002162809124616638
2017-05-12,0.0,-0.006403100602050404,-0.00363805290610808
2017-05-15,0.0,-0.003947244507966796,0.0
2017-05-16,0.0,-0.002344438507495661,-0.0006868970151435727
2017-05-17,-0.010520939424296438,-0.007562504968224415,-0.018852624868354928
2017-05-18,-0.0028282368229368693,-0.0049223719358924,-0.015235312787128197
2017-05-19,0.0,-0.003907069467822488,-0.008570917823072177
2017-05-22,0.0,0.0,-0.003455013733367207
2017-05-23,-0.0008422877479635771,0.0,-0.0016234916136879107
2017-05-24,-0.0004647110244833108,-0.000180518552656439,0.0
2017-05-25,0.0,0.0,0.0
2017-05-26,0.0,0.0,0.0
2017-05-30,0.0,-0.0010087310833987173,-0.0012046245861249139
2017-05-31,-0.0030238873550466616,-0.0004795038740053048,-0.0016640392982494312
2017-06-01,-0.0001397446476998354,0.0,0.0
2017-06-02,0.0,0.0,0.0
2017-06-05,0.0,0.0,-0.001217665183814498
2017-06-06,0.0,0.0,-0.003993321209065148
2017-06-07,0.0,0.0,-0.002431326536362577
2017-06-08,0.0,-0.002597752672065967,-0.0021647714698194154
2017-06-09,-0.02079296213169901,-0.01175574166358051,-0.0029929639672202635
2017-06-12,-0.023736617089742063,-0.013940203530032558,-0.003968797742559871
2017-06-13,-0.01940452402364612,-0.011969834444594873,0.0
2017-06-14,-0.017510988842109776,-0.01047203940065522,-0.0009958307964025304
2017-06-15,-0.025109312253430383,-0.017388492573023884,-0.0032331986817496494
2017-06-16,-0.02283868193549654,-0.01809893509545335,-0.0029504763760802577
2017-06-19,-0.015433094984946494,-0.013955080294760336,0.0
2017-06-20,-0.020177317151138796,-0.01876586483395004,-0.0066966373620162
2017-06-21,-0.013845391901094573,-0.015615419600596314,-0.007275379993893938
2017-06-22,-0.01343982073758232,-0.013460585708058415,-0.007727846078341871
2017-06-23,-0.011472269824230996,-0.01038332631269867,-0.006178993075387829
2017-06-26,-0.015684761312610984,-0.01404559116404791,-0.00586514261786697
2017-06-27,-0.02623010336730014,-0.019745586569548723,-0.013890619234714352
2017-06-28,-0.017982209575163055,-0.014232120776821566,-0.005204902356087393
2017-06-29,-0.03160481953995464,-0.0213141253982968,-0.0137601633216482
2017-06-30,-0.03352188425466729,-0.02186513253776745,-0.012248029031067698
2017-07-03,-0.04266302113781073,-0.026949624208062017,-0.009965498341587775
2017-07-05,-0.03890856767807693,-0.026322583299971947,-0.00852670196704819
2017-07-06,-0.03916701985853399,-0.029333579383873376,-0.017815640619134876
2017-07-07,-0.03535952977299894,-0.027258974523974966,-0.01152659091533248
2017-07-10,-0.02660205028843554,-0.026563682311584236,-0.010609518684351227
2017-07-11,-0.022729885477912215,-0.025625852895135526,-0.011383895431475333
2017-07-12,-0.011985117617706709,-0.019243773399458264,-0.004161454068970283
2017-07-13,-0.012172796493311044,-0.018324600882255737,-0.0022946707515651976
2017-07-14,-0.0023889265780113744,-0.013074899361583125,0.0
2017-07-17,-0.0030017924868801504,-0.012021334894534719,-5.291283677333336e-05
2017-07-18,0.0,-0.008440807131873895,0.0
2017-07-19,0.0,-0.005376878503192795,0.0
2017-07-20,0.0,-0.00585327519325074,-0.00015365928181010347
2017-07-21,0.0,-0.0036642085494869026,-0.0005214744027519647
2017-07-24,0.0,-0.00043912508418475493,-0.0015846545202474749
2017-07-25,-0.005108553847168462,-0.0006115982052912194,0.0
2017-07-26,-0.0035432845317646677,-0.0013859619555695035,0.0
2017-07-27,-0.007709401219425427,-0.001014371004898651,-0.0009726882691744043
2017-07-28,-0.005557321081894773,-0.0006092077873202095,-0.0023124993595547982
2017-07-31,-0.009255718543515257,-0.001734746088722039,-0.003038961131093143
2017-08-01,-0.006646329300791454,0.0,-0.0005972889270396964
2017-08-02,-0.006144313195268314,-0.00033082996259037323,-0.00010493446177761712
2017-08-03,-0.005444615078944892,-0.0021700995971373205,-0.002288359506845361
2017-08-04,-0.00523807636289364,-0.0038725510046359046,-0.0004035789252972988
2017-08-07,0.0,-0.0016229067539151876,0.0
2017-08-08,-0.0022798145506722767,-0.0016063617382805484,-0.0024144327873970584
2017-08-09,0.0,-0.0006223270044892759,-0.0027771635497504388
2017-08-10,-0.010808685699011722,-0.006516428566467614,-0.017211407380596788
2017-08-11,-0.013865698771458712,-0.0034514362608597526,-0.015957791758887008
2017-08-14,-0.002633407890598183,0.0,-0.006074313357850691
2017-08-15,-0.005542571590202217,-0.0033107444532581853,-0.006570091323324645
2017-08-16,-0.005172204407052572,-0.0019156366066565012,-0.005159318613313424
2017-08-17,-0.011178866743560723,-0.007208024209827468,-0.020516626619655254
2017-08-18,-0.007515107798079068,-0.005043068634735248,-0.022314338384895493
2017-08-21,-0.010789492667851897,-0.0059328665696827265,-0.021177631104389305
2017-08-22,-0.0039799093272450126,-0.002346371255758317,-0.011447373483869594
2017-08-23,-0.0010843319417124242,-0.00303383781818356,-0.014861431633173328
2017-08-24,-0.0008795337139849702,-0.0029440218994175593,-0.016905064227258237
2017-08-25,-0.0028418684252565773,-0.004191018129678481,-0.015260474834840165
2017-08-28,-0.0024211381900922646,-0.003006988384975262,-0.014780835731283082
2017-08-29,0.0,0.0,-0.013950471604115777
2017-08-30,-0.0006969753474420637,0.0,-0.009399706174305855
2017-08-31,0.0,0.0,-0.0037325054490803256
2017-09-01,0.0,0.0,-0.0017573646104481755
2017-09-05,-0.004439755756093011,-0.00037575717305260437,-0.009294901979540193
2017-09-06,-0.0014692424783521174,0.0,-0.0061952564145335565
2017-09-07,0.0,0.0,-0.006372587080231251
2017-09-08,-0.0035869625415410056,-0.001825779644966108,-0.007851949953389448
2017-09-11,0.0,0.0,0.0
2017-09-12,-0.0018274109546295714,-0.00033460007473939957,0.0
2017-09-13,-0.0025144149713158814,0.0,0.0
2017-09-14,-0.004398393498480924,-0.002727959177575512,-0.0011007176162897148
2017-09-15,0.0,-0.00184329586502463,0.0
2017-09-18,0.0,-0.00390918744240254,0.0
2017-09-19,0.0,-0.0040433618871368315,0.0
2017-09-20,-0.00343886128593196,-0.0039875664579785974,0.0
2017-09-21,-0.009915566381539453,-0.010619894143798714,-0.0030459176984141134
2017-09-22,-0.012376171151638138,-0.009708723001411679,-0.0024000971018277584
2017-09-25,-0.024892823913777007,-0.01372737342205188,-0.004616814248272205
2017-09-26,-0.021544307077654534,-0.011526543009225954,-0.004544980698870549
2017-09-27,-0.01663076187004897,-0.010784991237592245,-0.0004784036521813251
2017-09-28,-0.013938525205777985,-0.010579141722322438,0.0
2017-09-29,-0.008666615081114437,-0.007842249376639798,0.0
2017-10-02,-0.009790868717191148,-0.008638173237674796,0.0
2017-10-03,-0.008835729987003216,-0.008216197062461683,0.0
2017-10-04,-0.007473388803288961,-0.007321111301438976,0.0
2017-10-05,-0.007082063971808439,-0.003929140800841946,0.0
2017-10-06,-0.007807071195978232,-0.006550973556000539,-0.0010736344069646186
2017-10-09,0.0,-0.0032812571151373815,-0.002876131020706496
2017-10-10,0.0,0.0,-0.0005603983209478969
2017-10-11,0.0,0.0,0.0
2017-10-12,0.0,-0.0005490222412906087,-0.0016867529508860502
2017-10-13,0.0,0.0,-0.0008101267854627725
2017-10-16,0.0,0.0,0.0
2017-10-17,-0.0029672680550605346,-0.0042936674172558975,0.0
2017-10-18,-0.0064904471013437215,-0.005298930243757605,0.0
2017-10-19,-0.004201156719079169,-0.005109524845798297,0.0
2017-10-20,-0.00608548991601876,-0.004737352861178934,0.0
2017-10-23,-0.00717802972876691,-0.008919926601463124,-0.003972484039719171
2017-10-24,-0.004398909760683023,-0.007797845076011112,-0.002361002876358431
2017-10-25,-0.009514065082762757,-0.010376735719207053,-0.007013043156751109
2017-10-26,-0.0077486706583466125,-0.011121308616274694,-0.005751010138357215
2017-10-27,0.0,-0.003374556486590463,0.0
2017-10-30,0.0,-0.0022201385083361336,-0.003192470570786421
2017-10-31,0.0,-0.0007664922574498467,-0.002251027070118816
2017-11-01,0.0,0.0,-0.0006625007815411754
2017-11-02,0.0,0.0,-0.00047266082315267077
2017-11-03,0.0,0.0,0.0
2017-11-06,0.0,0.0,0.0
2017-11-07,0.0,-0.00012353169679968357,-0.00018910292286977715
2017-11-08,-0.0015588157027364158,0.0,0.0
2017-11-09,-0.00996244984384731,-0.0023392121364937957,-0.003761887644002093
2017-11-10,-0.0008112504396965425,-0.002387169990602067,-0.004656154661236256
2017-11-13,-0.004766067984606104,-0.0033844401623664977,-0.0036771002523861007
2017-11-14,-0.0035656361784572876,-0.005421695418651784,-0.005978216886336152
2017-11-15,-0.008318163663228129,-0.00572190659818228,-0.01147085892168509
2017-11-16,-0.0020805375612419352,-0.0005749454716160729,-0.0033688166842014144
2017-11-17,-0.003706395688341302,-0.00024899646066134373,-0.005985933385906028
2017-11-20,-0.00012254263135846877,0.0,-0.004717886657795933
2017-11-21,0.0,0.0,0.0
2017-11-22,-0.001969481623867675,0.0,-0.0007502611166066986
2017-11-24,0.0,0.0,0.0
2017-11-27,-0.006040274697263204,0.0,-0.0003842577408798009
2017-11-28,-0.010788540442772332,0.0,0.0
2017-11-29,-0.03801996105700911,-0.007449855468274147,-0.000369225702198106
2017-11-30,-0.032949006992796126,-0.005088234487933718,0.0
2017-12-01,-0.0391128180555772,-0.00783819090911686,-0.002024530803113933
2017-12-04,-0.0520701864550972,-0.012909261686873563,-0.0030745573234992607
2017-12-05,-0.05163563311238761,-0.01536690605150881,-0.006802441941011761
2017-12-06,-0.0510408098729227,-0.015038599118016305,-0.006915771403869009
2017-12-07,-0.04764566623528799,-0.014664710296485639,-0.004003692935987346
2017-12-08,-0.048587421050904744,-0.013895133297616713,0.0
2017-12-11,-0.04341967147819825,-0.012416531549088838,0.0
2017-12-12,-0.05011419854561694,-0.014644044156679081,0.0
2017-12-13,-0.05220823949147968,-0.013372467643253172,-0.0004729570906678582
2017-12-14,-0.050455923414941206,-0.012704331040820915,-0.004541890976105245
2017-12-15,-0.04291738494825592,-0.0067423163038244915,0.0
2017-12-18,-0.03414032308125925,-0.001619955199492762,0.0
2017-12-19,-0.035734655407123395,-0.0036497429206970855,-0.0032302694598687065
2017-12-20,-0.035989931342991444,-0.002872116237034761,-0.0040554883225586424
2017-12-21,-0.03793295352206294,-0.0025799306371249164,-0.0020778853051961477
2017-12-22,-0.0370243328971509,-0.0029166550650555623,-0.0025350999351566594
2017-12-26,-0.03896797555697029,-0.004399517326004521,-0.003590831930061822
2017-12-27,-0.03571543040849412,-0.0008204914437031086,-0.0028027311268506994
2017-12-28,-0.0317249780975869,0.0,-0.0009738726070080972
2017-12-29,-0.035408479833849316,-0.0029829644042849157,-0.0061519780340950625
2018-01-02,-0.01848705786392768,0.0,0.0
2018-01-03,-0.007305009383810179,0.0,0.0
2018-01-04,-0.006048425382981559,0.0,0.0
2018-01-05,0.0,0.0,0.0
2018-01-08,0.0,0.0,0.0
2018-01-09,-0.0033086226652684347,-0.0016637712433142937,0.0
2018-01-10,-0.003997490932993508,-0.00023767611214386974,-0.0011122268282529602
2018-01-11,-0.004709181992075484,0.0,0.0
2018-01-12,-0.0010509184349180023,0.0,0.0
2018-01-16,0.0,-0.00046613912988135997,-0.003524487622672101
2018-01-17,0.0,0.0,0.0
2018-01-18,0.0,-0.000884709191569244,-0.0016163897301625374
2018-01-19,0.0,0.0,0.0
2018-01-22,0.0,0.0,0.0
2018-01-23,0.0,0.0,0.0
2018-01-24,-0.0013796763630119502,0.0,-0.0005599757022828333
2018-01-25,-0.0011682918792457198,0.0,0.0
2018-01-26,0.0,0.0,0.0
2018-01-29,-0.0024370452219689698,-0.004173779486426721,-0.006731974332887303
2018-01-30,-0.008108556630614605,-0.0074519747107187895,-0.017557419406156516
2018-01-31,-0.0037841097109082567,-0.0069126798306428094,-0.017077019354351797
2018-02-01,-0.007593830189933204,-0.009124876452620057,-0.017714040190779823
2018-02-02,-0.024210500220841702,-0.01932805250031233,-0.038546899044434646
2018-02-05,-0.045594197457132,-0.033788350016633606,-0.07794650180721518
2018-02-06,-0.033199403768984004,-0.026103433842964763,-0.06186503996336967
2018-02-07,-0.043203091759793644,-0.03109184321266678,-0.06655720491301476
2018-02-08,-0.06187388327318655,-0.048217763423058946,-0.10159530548956286
2018-02-09,-0.04745587632899062,-0.04315082683571747,-0.08817665192861979
2018-02-12,-0.04302591181402349,-0.03539848828737291,-0.0754890086711657
2018-02-13,-0.04116187817604977,-0.032978981600420454,-0.07307332640111441
2018-02-14,-0.0283497949321464,-0.023411176542703527,-0.060650230350677625
2018-02-15,-0.017926970485041438,-0.013627462731342854,-0.049313112057540076
2018-02-16,-0.02037119831796208,-0.014624663200602406,-0.04895805962229505
2018-02-20,-0.01745613730375095,-0.017555515426418755,-0.05451346598822038
2018-02-21,-0.024625587095803647,-0.020485905074628774,-0.05971033568006745
2018-02-22,-0.02676512484671456,-0.0213940784429395,-0.058794915662724656
2018-02-23,-0.018184654532886202,-0.014469248746564078,-0.043708926347950317
2018-02-26,-0.01202138315053769,-0.008585348144942495,-0.03246579752187373
2018-02-27,-0.019776669151668758,-0.015289028578191477,-0.0447601466983526
2018-02-28,-0.026233021019335112,-0.020168892700680563,-0.0553592862103347
2018-03-01,-0.03905638099116815,-0.027463985152774373,-0.06794605650449637
2018-03-02,-0.031272203199322224,-0.019995437699181107,-0.06321904916651944
2018-03-05,-0.02752616123045082,-0.016369636230100904,-0.05288445686155441
2018-03-06,-0.019099443274161465,-0.011662547158584169,-0.05038515285950673
2018-03-07,-0.015241266406655685,-0.010734902128620383,-0.0508446474783123
2018-03-08,-0.017537158425680377,-0.010850598966827829,-0.046608492908639776
2018-03-09,-0.008815511363272521,-0.003619809955276443,-0.030039662535323197
2018-03-12,-0.004136708520507515,-0.0023870350052385136,-0.03127537758101406
2018-03-13,-0.00883051015481262,-0.00583184762309108,-0.03743993087270214
2018-03-14,-0.005171060989665799,-0.0064228516365196775,-0.04295012711523094
2018-03-15,-0.0038574785482256013,-0.008294839110553731,-0.04369847363145096
2018-03-16,-0.007541749686310162,-0.01017228033318196,-0.04206946450478477
2018-03-19,-0.015979331305801203,-0.01719830667404354,-0.05567609699984999
2018-03-20,-0.012166647623819471,-0.016389426616251868,-0.054276792691869025
2018-03-21,-0.010278412487660926,-0.015140936833669127,-0.05602069671859555
2018-03-22,-0.022341839801876318,-0.023230785138291576,-0.07977394258450354
2018-03-23,-0.03056044295338356,-0.02894249430554252,-0.09906821255828502
2018-03-26,-0.013248250738576939,-0.015093739905539083,-0.07460137758305385
2018-03-27,-0.034571545653599656,-0.029134018721612587,-0.09058884995983851
2018-03-28,-0.042986211075216274,-0.03437849797091164,-0.09324129050767638
2018-03-29,-0.032667416399039584,-0.02997819824791681,-0.08075547815824236
2018-04-02,-0.04546081705567595,-0.040554589975293154,-0.10128903239798304
2018-04-03,-0.03526461231768996,-0.03451332264991103,-0.08995191410484549
2018-04-04,-0.032617774527523236,-0.028107100024534093,-0.0794258586269252
2018-04-05,-0.037872341713130586,-0.028314190625882252,-0.07310808380801204
2018-04-06,-0.04661170155117489,-0.036407099846748614,-0.0934257852029654
2018-04-09,-0.04145313500163472,-0.03426377160522909,-0.09040095600715159
2018-04-10,-0.027798076570877406,-0.024792047594502487,-0.07518613483698433
2018-04-11,-0.027498597066079933,-0.023568987388363993,-0.08029606852087179
2018-04-12,-0.023073881098062632,-0.021709376391495172,-0.07270782124937059
2018-04-13,-0.027165513095423255,-0.023025616422526762,-0.07538456648760594
2018-04-16,-0.02399313924371349,-0.019010523217063535,-0.06788682444433258
2018-04-17,-0.0179153426366081,-0.013729517607400599,-0.057949095440610665
2018-04-18,-0.021041401373190216,-0.010878474712963104,-0.057165906536058575
2018-04-19,-0.03519536002873758,-0.014636140794944907,-0.0625646921173606
2018-04-20,-0.04133969037110685,-0.022286786157212468,-0.07056713890283572
2018-04-23,-0.047879338017606354,-0.02594993351447117,-0.07051487532033784
2018-04-24,-0.051170260038941984,-0.03160039392990044,-0.08295190832610755
2018-04-25,-0.05737170230983746,-0.03336990060601541,-0.08126723635954525
2018-04-26,-0.04966194755051945,-0.02724416588177825,-0.07168099057080035
2018-04-27,-0.051162531945861955,-0.026992036121133878,-0.0706471914145641
2018-04-30,-0.05579862031423122,-0.03172073025751421,-0.07825625913762935
2018-05-01,-0.051426837604046316,-0.029506549473054422,-0.07590669242397374
2018-05-02,-0.05697364524034543,-0.03176932312857683,-0.0825655827227989
2018-05-03,-0.04940995167320661,-0.030066226556967335,-0.08463318103527162
2018-05-04,-0.04302460254323548,-0.024616712340451596,-0.07290625289999209
2018-05-07,-0.03838633082660603,-0.021516557605342213,-0.06970041324772258
2018-05-08,-0.03711200415561433,-0.02202562490933413,-0.06994753926057373
2018-05-09,-0.02782946711446499,-0.016399350680866287,-0.060942566486925975
2018-05-10,-0.020666277588766824,-0.011716729827125572,-0.052142993841566065
2018-05-11,-0.023159979587702995,-0.010594372965094245,-0.05052443743139934
2018-05-14,-0.02165101218667964,-0.011076088129576278,-0.04968558568695147
2018-05-15,-0.035982607664921784,-0.019816193939989013,-0.05618777021971855
2018-05-16,-0.03394474602921149,-0.018060632137804955,-0.05235536244752048
2018-05-17,-0.03590926463516497,-0.019301405540936845,-0.05316642526273785
2018-05-18,-0.04189700290579368,-0.021097443135399963,-0.05565867580568429
2018-05-21,-0.03625401781281046,-0.018858311635079228,-0.04868305969877884
2018-05-22,-0.03631165091373134,-0.01866461488000193,-0.05166616301002935
2018-05-23,-0.035111219773902635,-0.016929396697830112,-0.04858558599288465
2018-05-24,-0.032215252719816734,-0.01350751340937939,-0.050510500476066644
2018-05-25,-0.03165053897550041,-0.013271832022451968,-0.052748656528495474
2018-05-29,-0.04053477184735155,-0.017022885192660597,-0.0637028484757226
2018-05-30,-0.035319216978005,-0.012240780621286085,-0.051815815316986424
2018-05-31,-0.03214296426540275,-0.012319283914470236,-0.05833890528275243
2018-06-01,-0.02476676305118375,-0.008501489244961524,-0.04812260713524574
2018-06-04,-0.01688879346669081,-0.005402399632910226,-0.0438585786549075
2018-06-05,-0.015788117005487323,-0.00440924982954749,-0.043186800411582515
2018-06-06,-0.012048605889087738,0.0,-0.034989406214318786
2018-06-07,-0.018090407509054218,-0.003590353595294804,-0.03567860565180969
2018-06-08,-0.019704374562347415,-0.0027809194939371062,-0.03266422917249534
2018-06-11,-0.01854654717685056,-0.001645265684726449,-0.03163043001625887
2018-06-12,-0.016453192652566062,0.0,-0.029942188829428562
2018-06-13,-0.015404332359174933,-0.0009794995078162838,-0.03384776561712355
2018-06-14,-0.010369550103682568,0.0,-0.03145987227630276
2018-06-15,-0.015304339666034616,-0.00462269967457396,-0.032444977070309466
2018-06-18,-0.0169891756180357,-0.005352471267546344,-0.03450212266628261
2018-06-19,-0.02504521453070352,-0.007694004331492144,-0.03838670903954344
2018-06-20,-0.022534941704077327,-0.005046033972680997,-0.03674027871871122
2018-06-21,-0.03028646167141469,-0.010546980548865603,-0.042852653409336305
2018-06-22,-0.03026599912754624,-0.01097580702060974,-0.04107050773687981
2018-06-25,-0.04426588079639049,-0.019828961212420282,-0.05423149758703727
2018-06-26,-0.04469665157214808,-0.020033975603453213,-0.05214647808039885
2018-06-27,-0.05461071294931508,-0.02764598929143469,-0.060302146393099276
2018-06-28,-0.05113253112240934,-0.025092605116407873,-0.054496044794054566
2018-06-29,-0.049208740665637185,-0.024956320212558114,-0.05377897144589816
2018-07-02,-0.04758926771879135,-0.02235118785743795,-0.05087600562781058
2018-07-03,-0.05387325209643612,-0.025027860321713113,-0.055571654816288896
2018-07-05,-0.04522911434096999,-0.019591269160699754,-0.047429923458921386
2018-07-06,-0.039574829253705146,-0.01402925253446674,-0.03935090840055089
2018-07-09,-0.033862378226479306,-0.008803598662979195,-0.03087511502237239
2018-07-10,-0.033296048368027575,-0.010388209919559466,-0.02750908536521124
2018-07-11,-0.04151009957210239,-0.013273102209147347,-0.034408133199221425
2018-07-12,-0.034490787096027264,-0.008590848601021106,-0.025960128750273537
2018-07-13,-0.03498230662827995,-0.009383126028624234,-0.024908908399871144
2018-07-16,-0.035760217677031636,-0.010576641313892465,-0.025911434388043886
2018-07-17,-0.030648323089817797,-0.009676682248695778,-0.022040699988680745
2018-07-18,-0.02528813416566089,-0.011517231239283166,-0.019927806571376605
2018-07-19,-0.025899850590366702,-0.014619445779007312,-0.023802025209572863
2018-07-20,-0.019546364645576797,-0.012427964664678659,-0.024727897943415234
2018-07-23,-0.01932662168460053,-0.012028103345187224,-0.022935299554459387
2018-07-24,-0.0193898804953182,-0.011327367645434294,-0.018264040037813345
2018-07-25,-0.011692497800068646,-0.005615584384379035,-0.009328667059394058
2018-07-26,-0.011541098060130484,-0.010693210548518683,-0.012332675803643611
2018-07-27,-0.016897242590970918,-0.01790001833638577,-0.018813954903411534
2018-07-30,-0.02279006453204857,-0.023764012604538087,-0.02445986649756471
2018-07-31,-0.023268071533419254,-0.022085696266797572,-0.019694617513857593
2018-08-01,-0.0212780128078629,-0.020554482646875094,-0.020714479714761147
2018-08-02,-0.01872888821799701,-0.016096083220966673,-0.015890083652325027
2018-08-03,-0.018316805133501757,-0.015383886374682687,-0.011319697098971515
2018-08-06,-0.020934379660920266,-0.01418536342537191,-0.007821521310454327
2018-08-07,-0.016992669886953804,-0.012265117780629886,-0.0050194284556593916
2018-08-08,-0.014980259711137922,-0.01260706243119114,-0.005280491423843348
2018-08-09,-0.01692493347464341,-0.011350003406962239,-0.006714553138721269
2018-08-10,-0.02343665198751299,-0.014205061956550802,-0.013780674473854448
2018-08-13,-0.02643046183587172,-0.01829775944935108,-0.017731461384945635
2018-08-14,-0.02285576221405483,-0.016215009298272354,-0.011455497432030781
2018-08-15,-0.034984596075411156,-0.024781847673120194,-0.018970575688035063
2018-08-16,-0.03650342067019108,-0.023343233049338163,-0.011201402941513283
2018-08-17,-0.044474521905655706,-0.023228463492478868,-0.0079155107775154
2018-08-20,-0.04015345916671709,-0.021619824695688794,-0.005506712003695569
2018-08-21,-0.03415433757421038,-0.018068705166668586,-0.0034495664077224264
2018-08-22,-0.02788999102428058,-0.015165133170220946,-0.0038463447275307594
2018-08-23,-0.02815052049090072,-0.01667340131564765,-0.005531101675527839
2018-08-24,-0.01996121732196654,-0.011789529225603168,0.0
2018-08-27,-0.012825142363590558,-0.007804483265787754,0.0
2018-08-28,-0.010391134727804618,-0.003934349717164998,0.0
2018-08-29,-0.004185447408869947,-0.0013233214971047902,0.0
2018-08-30,-0.009293555381274854,-0.003986114803047669,-0.004430329054145088
2018-08-31,-0.008549460544409415,-0.0016816663550089928,-0.004296447325163988
2018-09-04,-0.013079582741630125,-0.005158502184852587,-0.005943661764149288
2018-09-05,-0.017409150130917372,-0.009117240897652867,-0.008730127611573546
2018-09-06,-0.025641442712074358,-0.01121237968418387,-0.012350547608108497
2018-09-07,-0.02786078664675884,-0.013670306417384981,-0.014536556414476709
2018-09-10,-0.025243049897898495,-0.012940670403113641,-0.012666317468264854
2018-09-11,-0.027660559572462384,-0.011759530034306742,-0.008973845978035522
2018-09-12,-0.035861363114260025,-0.011480426346580752,-0.008620374754899629
2018-09-13,-0.028105412112426564,-0.005096114442499133,-0.0033836554370227923
2018-09-14,-0.024177125104095754,-0.007000546665022367,-0.003109105733724138
2018-09-17,-0.029095933703817578,-0.013212410128512042,-0.008661511130950705
2018-09-18,-0.028801424977709544,-0.010267033639923984,-0.0033390002670936614
2018-09-19,-0.024646039260965757,-0.009902597064682661,-0.0020899122211739396
2018-09-20,-0.023072213655343288,-0.004499928300276235,0.0
2018-09-21,-0.030023299983454654,-0.008856292160235979,-0.0003685330120277719
2018-09-24,-0.023830201130733863,-0.007572755384830043,-0.003882925125821113
2018-09-25,-0.023842944138880218,-0.006963355395083193,-0.005182953648810051
2018-09-26,-0.0266573717955374,-0.00955839250483037,-0.008455183586752568
2018-09-27,-0.026022632741365848,-0.008657076890209225,-0.005715260598822658
2018-09-28,-0.021037464356938207,-0.007994692974177542,-0.005722091454832379
2018-10-01,-0.014221474548274493,-0.007977759482516,-0.0021018210728909192
2018-10-02,-0.014767953039283577,-0.006661481035565631,-0.002497677508956908
2018-10-03,-0.01336430044236736,-0.006013372921047089,-0.0017879349089399144
2018-10-04,-0.025281903705542286,-0.013469099601280066,-0.009942810740638075
2018-10-05,-0.03425933331228803,-0.018357848779325447,-0.015415825860487953
2018-10-08,-0.043468044213000434,-0.024871331964890442,-0.01580485144054411
2018-10-09,-0.04426216000411909,-0.0250473670350585,-0.017200345341422785
2018-10-10,-0.06704290293010118,-0.04165176289113515,-0.049499298254499724
2018-10-11,-0.06952897926514723,-0.04300732390767137,-0.0690539564318009
2018-10-12,-0.05549729701334338,-0.030692989340154186,-0.055828752772328016
2018-10-15,-0.06272478271581439,-0.032023358397213264,-0.06140406412607691
2018-10-16,-0.04755529805756842,-0.020089027025683603,-0.04122838117376093
2018-10-17,-0.04896291964983113,-0.02058515194685895,-0.04147062665273382
2018-10-18,-0.06145873331475482,-0.03051500039264432,-0.05526570697027211
2018-10-19,-0.06521021622488643,-0.031409738111046526,-0.055606916558261665
2018-10-22,-0.06390108960464402,-0.03149900673683037,-0.05966736063720901
2018-10-23,-0.06892285534822307,-0.03018997134835677,-0.06485031428601906
2018-10-24,-0.09669388110118693,-0.04936648216136996,-0.09371318002004614
2018-10-25,-0.0806963201312122,-0.037804789368752756,-0.07683355169858397
2018-10-26,-0.08944076580076255,-0.04538804523932771,-0.09282950050115157
2018-10-29,-0.10256710450156781,-0.052399578115233214,-0.09878017572293785
2018-10-30,-0.08798075333322486,-0.04747072429400956,-0.0846609629574342
2018-10-31,-0.08026616011896115,-0.04184898205108767,-0.07472831519768841
2018-11-01,-0.06974226895440283,-0.03126654057982381,-0.0649594413759279
2018-11-02,-0.07330616800890244,-0.03525747454391992,-0.07086579933677406
2018-11-05,-0.0779104270248645,-0.03670934863878084,-0.06566235311993551
2018-11-06,-0.07414466731493485,-0.03425513927853763,-0.05981405743517043
2018-11-07,-0.06877230135726098,-0.023938756078082157,-0.03987378910581785
2018-11-08,-0.07726427263363922,-0.027373091955688378,-0.04228266548665027
2018-11-09,-0.08287164481980691,-0.036933600439945424,-0.05109272037341128
2018-11-12,-0.09988428069979272,-0.04943438737094985,-0.06978760702785125
2018-11-13,-0.09433046233033815,-0.05017192804758808,-0.07116610709182813
2018-11-14,-0.09247116693340629,-0.05342950217822895,-0.078194974622537
2018-11-15,-0.08297934735974644,-0.04481459563159085,-0.06842959953190342
2018-11-16,-0.10681034843034565,-0.043094203064306,-0.06635843400793329
2018-11-19,-0.12455082781798776,-0.05521921295520216,-0.08189713197347126
2018-11-20,-0.12407957338454412,-0.061441583775555975,-0.09856183823999864
2018-11-21,-0.12170048773087927,-0.05727217812861096,-0.09581849982406421
2018-11-23,-0.12383998883209968,-0.059591698485294664,-0.1017452670498169
2018-11-26,-0.11372895336082334,-0.05177112953158303,-0.08779324365030317
2018-11-27,-0.11428483707701709,-0.05218767596400031,-0.08481790603941008
2018-11-28,-0.10302924013624215,-0.04248014047849846,-0.06379253124200335
2018-11-29,-0.102857696535121,-0.04062471373975096,-0.06583637334193515
2018-11-30,-0.10142579858708389,-0.039368499360739384,-0.058203558176235126
2018-12-03,-0.08891531547093567,-0.030445184560608185,-0.047898961976457044
2018-12-04,-0.10483204966314408,-0.04372530717059264,-0.07871361986053105
2018-12-06,-0.10551476462781806,-0.0415613525840246,-0.08011602792054118
2018-12-07,-0.11752037359690859,-0.053362672305330094,-0.10156783139981285
2018-12-10,-0.11366935842390868,-0.05005076572467215,-0.09998465556491565
2018-12-11,-0.11397965783075115,-0.04942365992703335,-0.10030537258487637
2018-12-12,-0.10888392145409764,-0.04566792426279942,-0.09542947424400805
2018-12-13,-0.11024495204914453,-0.04783729001985426,-0.09561032532201708
2018-12-14,-0.11836797921684983,-0.05817753916466051,-0.1128721483675259
2018-12-17,-0.1215443623223954,-0.06532684776196429,-0.1313008815469594
2018-12-18,-0.11508049543845977,-0.06263704190059483,-0.13122582543397632
2018-12-19,-0.12372507220017026,-0.06875984306397964,-0.14460122462253733
2018-12-20,-0.1267922094185555,-0.07363274596328517,-0.15809266506013864
2018-12-21,-0.13517594888116047,-0.08465838843421225,-0.17542604548750362
2018-12-24,-0.1396808621094543,-0.09226662062891344,-0.1977821043568203
2018-12-26,-0.1236435914059314,-0.07244873122996642,-0.15799711637912695
2018-12-27,-0.12116051581732257,-0.0688952695960966,-0.15078731446728688
2018-12-28,-0.11694568356071589,-0.06618994477262219,-0.15184168208329818
2018-12-31,-0.11737233316639484,-0.0633552036524424,-0.14463871102746784
2019-01-02,-0.1149525068105417,-0.06078950354215262,-0.14355368786253553
2019-01-03,-0.13128670145675092,-0.0705221376750722,-0.16475649830994665
2019-01-04,-0.11861449924401246,-0.05730193747605439,-0.1360778157788114
2019-01-07,-0.10888940275048586,-0.0497766621285185,-0.13002134559199907
2019-01-08,-0.1129479167784585,-0.046876742856917786,-0.12158665457327522
2019-01-09,-0.10571204666232203,-0.04299975542622225,-0.11798687675936259
2019-01-10,-0.10173889797168378,-0.04062248270476687,-0.11400157209652029
2019-01-11,-0.10107169031045604,-0.04207414226658168,-0.11413119175445752
2019-01-14,-0.10421993172710475,-0.04487888330467338,-0.11878866930926435
2019-01-15,-0.10030975668765174,-0.03785254846760189,-0.10934059581058642
2019-01-16,-0.10321782258588541,-0.03768304757608021,-0.10736156353962334
2019-01-17,-0.09913144023828391,-0.03521095655831874,-0.10058518777190162
2019-01-18,-0.092133093421784,-0.03251887622674221,-0.0887281545892693
2019-01-22,-0.10315708110527888,-0.04062044681164201,-0.10162930910389867
2019-01-23,-0.10101839154333636,-0.040802156925213606,-0.09965027683293548
2019-01-24,-0.08804705246828559,-0.03723947865754995,-0.09841164271091041
2019-01-25,-0.07734291485705225,-0.02983000096132793,-0.09075833497718189
2019-01-28,-0.09490322758934033,-0.032425852918546605,-0.09789299747291669
2019-01-29,-0.10118488081543797,-0.0344558308063162,-0.09920668770792485
2019-01-30,-0.09040430959370982,-0.02502176023009184,-0.08520001746033468
2019-01-31,-0.08195750516613187,-0.016686579097084153,-0.07733511979655427
2019-02-01,-0.08106249937718046,-0.018674648101851155,-0.07650600382261408
2019-02-04,-0.07601395970321423,-0.01534276048743033,-0.07024818998976412
2019-02-05,-0.07228296283977609,-0.011800242581491927,-0.06587052762198276
2019-02-06,-0.06892801733879883,-0.013687539773795887,-0.0679484406988402
2019-02-07,-0.07922183241296965,-0.019095432595420347,-0.07666977776059891
2019-02-08,-0.07882632463365236,-0.01745661773516316,-0.07604542086070121
2019-02-11,-0.08189424775229481,-0.01871017491348348,-0.07539024180563847
2019-02-12,-0.07266229716930594,-0.011886179070564662,-0.06347181422204229
2019-02-13,-0.07237391160352191,-0.010928047948871145,-0.06063975798110566
2019-02-14,-0.07054171214690186,-0.010835620601820972,-0.06313060463405296
2019-02-15,-0.06835075982385663,-0.007134884046017698,-0.05293863425531031
2019-02-19,-0.06470050681589479,-0.0023858555129582237,-0.05151923235839817
2019-02-20,-0.05985599110927764,-0.00012899936322863237,-0.04983367698647967
2019-02-21,-0.06640213173459142,-0.004510339480173098,-0.05318437846540991
2019-02-22,-0.06125141429845549,-0.0011519849036890628,-0.0471142465665787
2019-02-25,-0.059395012274420345,0.0,-0.04594042227352224
2019-02-26,-0.06213386589770575,-0.001588351558236445,-0.04669456543760142
2019-02-27,-0.06466137268585703,-0.0017590368165847359,-0.04721321067559514
2019-02-28,-0.06742342361500042,-0.0037899559913686653,-0.049905317671458005
2019-03-01,-0.06353554992051191,-0.0018137874448578284,-0.04335411024268554
2019-03-04,-0.06862207478758353,-0.008585243866074066,-0.047066430574511875
2019-03-05,-0.06873618452323516,-0.008985687323119995,-0.04814470618655653
2019-03-06,-0.07402371636835836,-0.01248353092148713,-0.05435470402733966
2019-03-07,-0.07956563516240467,-0.017341391241954995,-0.06203875061311104
2019-03-08,-0.07664921136879255,-0.015560114039355422,-0.06403819214898077
2019-03-11,-0.06579650465308762,-0.00793943754469506,-0.050311337088416064
2019-03-12,-0.061047503046189444,-0.005120502206010902,-0.04750660427151765
2019-03-13,-0.05409893117042697,0.0,-0.04088717158577182
2019-03-14,-0.05949359277453814,-0.003186711856515312,-0.041719702987716656
2019-03-15,-0.04785141578636587,0.0,-0.03694276875586466
2019-03-18,-0.04881399832188038,0.0,-0.03337372979399478
2019-03-19,-0.04291977567881822,0.0,-0.03349993402392748
2019-03-20,-0.04216541241027294,-0.0005734995651204278,-0.03634565197688322
2019-03-21,-0.029200603747195353,0.0,-0.025887611426256063
2019-03-22,-0.040630453547984224,-0.010537177029180889,-0.04437090815064415
2019-03-25,-0.04419112510794143,-0.008977543656783271,-0.04517270070054613
2019-03-26,-0.041762161788194474,-0.006659543767607801,-0.03831443796383183
2019-03-27,-0.04665744895961643,-0.010751679579405704,-0.04278081815661505
2019-03-28,-0.0492264596555102,-0.012453611509029794,-0.039344897583809435
2019-03-29,-0.04358448452914654,-0.009033333807303756,-0.032875577124029665
2019-04-01,-0.03680089764387284,-0.0038482192309270413,-0.021687301405356796
2019-04-02,-0.03589912417162311,-0.0034230291364523158,-0.02167022426533305
2019-04-03,-0.028284597571603842,-0.0007641763327850271,-0.01956840319244224
2019-04-04,-0.02831869085329919,-0.002538833039858801,-0.017524561092510438
2019-04-05,-0.02396109544491376,0.0,-0.012969379771602618
2019-04-08,-0.019621008536731877,0.0,-0.011935504723620038
2019-04-09,-0.022660168506762557,-0.0018048022672080277,-0.017930580509468386
2019-04-10,-0.020593210188222244,0.0,-0.01451506920156942
2019-04-11,-0.023771511191898353,-0.002348285541629247,-0.014477499493516954
2019-04-12,-0.020634107801888235,-0.0012647325911517848,-0.007963861772796843
2019-04-15,-0.027120973320209574,-0.003524470276267455,-0.008588218672694548
2019-04-16,-0.023184049402312445,-0.004170990717008105,-0.008083235146720047
2019-04-17,-0.019980543851478183,-0.004489947263040195,-0.010338667176703842
2019-04-18,-0.01663455953762183,-0.004394421812603744,-0.008775900606713072
2019-04-22,-0.014954317478257928,-0.0033698843994823813,-0.007772764410773347
2019-04-23,-0.012846941889759211,0.0,0.0
2019-04-24,-0.012899835179376984,-0.0005577733071044921,-0.002191763174733685
2019-04-25,-0.014948167025584103,0.0,-0.0025599281246149186
2019-04-26,-0.01849212169926262,0.0,0.0
2019-04-29,-0.017749141249792988,-0.00010321871577867459,0.0
2019-04-30,-0.02286939323647541,-0.003139069923125737,0.0
2019-05-01,-0.0264298436383269,-0.005314876586217987,-0.007502163081421265
2019-05-02,-0.02673203834965099,-0.008757559729950404,-0.009610214385403104
2019-05-03,-0.02099829508470319,-0.00011548502387914716,-6.456093590967438e-05
2019-05-06,-0.02698576316048862,-0.0022991763465263215,-0.004535260713468547
2019-05-07,-0.03459492653651197,-0.010484280178705507,-0.02097202746201754
2019-05-08,-0.033622168128414565,-0.010732845770201949,-0.02254378375152888
2019-05-09,-0.03856846171234174,-0.012321342936403301,-0.025497094343500448
2019-05-10,-0.04042371976839676,-0.01173974133217992,-0.021871653853931528
2019-05-13,-0.05717598359343656,-0.02470443292029334,-0.04547443585842004
2019-05-14,-0.04849964449637989,-0.01927722252730646,-0.03782301187125592
2019-05-15,-0.04459835716633531,-0.014289544045822722,-0.03220488442017799
2019-05-16,-0.044767293283094145,-0.0116838742219193,-0.023596068993180674
2019-05-17,-0.054345951843617235,-0.018497159976564093,-0.029295664223461748
2019-05-20,-0.07023899601249617,-0.025552122019332657,-0.03584731462972335
2019-05-21,-0.06500364089324517,-0.022173345721610116,-0.027656031930728298
2019-05-22,-0.06842082633464364,-0.02350540514915489,-0.0304023165690378
2019-05-23,-0.07295363341013084,-0.028115594201934324,-0.04195424875602094
2019-05-24,-0.07530528159154615,-0.0278642463316654,-0.04065747730007663
2019-05-28,-0.07786159611020582,-0.030324414374906405,-0.048692620328655845
2019-05-29,-0.0820374192864628,-0.03288994484832031,-0.05526797346620116
2019-05-30,-0.0811283433462947,-0.03189998182682097,-0.053285480336678126
2019-05-31,-0.08201999323092901,-0.03505313275667499,-0.06577773136683529
2019-06-03,-0.08376288535552623,-0.036987820793143666,-0.06836108044673828
2019-06-04,-0.07236573527593271,-0.02476636106440888,-0.04839384988712181
2019-06-05,-0.07467879913560183,-0.0197758249671538,-0.040626978680802006
2019-06-06,-0.07024520286816205,-0.01745869246778231,-0.03474066228414752
2019-06-07,-0.0631806863556651,-0.009379877553419513,-0.02460766178357232
2019-06-10,-0.0596314322414363,-0.00745312356687311,-0.020062290114800763
2019-06-11,-0.057260468378566354,-0.008390268801560685,-0.0204051509515899
2019-06-12,-0.0617941384465146,-0.008289608768017764,-0.02240115298041101
2019-06-13,-0.058090754768521435,-0.0050704862622515945,-0.018395557146787755
2019-06-14,-0.06493781151981182,-0.003990231668696609,-0.019977424391602217
2019-06-17,-0.0678581436119915,-0.0034137717097328935,-0.019064289100390264
2019-06-18,-0.055101187711202315,0.0,-0.00953214455019502
2019-06-19,-0.052767834206847164,0.0,-0.006575436014228053
2019-06-20,-0.03858505640512422,0.0,0.0
2019-06-21,-0.03504532245941028,0.0,-0.0012592227925192212
2019-06-24,-0.031225978047457414,0.0,-0.0029889289713884715
2019-06-25,-0.033909969163960274,-0.001107723965008578,-0.01245694225797811
2019-06-26,-0.03165399278931147,-0.005500122305582389,-0.013675504972140762
2019-06-27,-0.028043295569806226,-0.002672013184804478,-0.009904613274308915
2019-06-28,-0.02488033112884791,0.0,-0.004204185988123665
2019-07-01,-0.016476108675667844,0.0,0.0
2019-07-02,-0.019537908705490104,0.0,0.0
2019-07-03,-0.015179213761627564,0.0,0.0
2019-07-05,-0.024457020587549172,-0.005586581052699047,-0.001805901598410209
2019-07-08,-0.02784953294980752,-0.006540621498361876,-0.006632613686435862
2019-07-09,-0.028845886935479848,-0.00598880496854981,-0.005404258325748201
2019-07-10,-0.018710123744643647,0.0,-0.0009179456500221228
2019-07-11,-0.012419470382043607,0.0,0.0
2019-07-12,-0.012199961322001407,0.0,0.0
2019-07-15,-0.010284496829022771,0.0,0.0
2019-07-16,-0.011806076637062901,-0.002392257608833437,-0.003403778522185874
2019-07-17,-0.003630406952615295,-0.004270012926712918,-0.009912791185051839
2019-07-18,0.0,-0.001614369726884779,-0.006366300997045826
2019-07-19,0.0,-0.00022048245162231694,-0.012503712568661673
2019-07-22,0.0,0.0,-0.009710386841757512
2019-07-23,0.0,0.0,-0.0029293958736563708
2019-07-24,0.0,0.0,0.0
2019-07-25,-0.01035962769649601,-0.006594981386736309,-0.005262401280453632
2019-07-26,0.0,-0.0008571493575012523,0.0
2019-07-29,0.0,-0.00303521315722155,-0.0016161146071344001
2019-07-30,-0.002836307083746603,-0.002651814054040691,-0.004190602120087261
2019-07-31,-0.011845459064839026,-0.007479732604192768,-0.015030511323977036
2019-08-01,-0.021599477995566052,-0.015126135930018436,-0.023894048720489725
2019-08-02,-0.019551261461388192,-0.013572663214070912,-0.031002774504892305
2019-08-05,-0.033492292473591645,-0.023368487362652735,-0.05985739946907842
2019-08-06,-0.026200215111890857,-0.017694263923406783,-0.04761954709578242
2019-08-07,-0.016101872017902807,-0.0077276166635679155,-0.04688918916149454
2019-08-08,-0.00891618988632048,-0.0005250153473158603,-0.02900663494520661
2019-08-09,-0.015982907686906245,-0.004332655492080506,-0.035431315815016684
2019-08-12,-0.019405816089766215,-0.007901944897450552,-0.04731221906090577
2019-08-13,-0.011102724255066754,-0.0011107581108226183,-0.03289644449138496
2019-08-14,-0.0238715967697386,-0.01083653423882247,-0.06122556998296658
2019-08-15,-0.022093542928550813,-0.010715042218952253,-0.058912178169898244
2019-08-16,-0.011144805421745008,-0.003955513236576946,-0.04533592793823227
2019-08-19,-0.003818059793768258,-0.002113002105699535,-0.03377889309139648
2019-08-20,-0.005603711574360792,-0.0033270497749294803,-0.041426269955041395
2019-08-21,-0.00017844950010170724,0.0,-0.033521105464347056
2019-08-22,-0.00234475803302292,-0.0017532566069947686,-0.034010216135762605
2019-08-23,-0.016393505416887666,-0.014023167986337737,-0.059074112369424725
2019-08-26,-0.010083901967478992,-0.008599586867091058,-0.04873993488583084
2019-08-27,-0.006455917062144545,-0.004004442588323998,-0.05178699270602216
2019-08-28,-0.003944889701934962,-0.0015470911311683544,-0.04558048327393982
2019-08-29,0.0,0.0,-0.033471484371816795
2019-08-30,0.0,-0.0029512196744031494,-0.032850212156393166
2019-09-03,-0.005523506811897727,-0.005617829921701345,-0.03952267575004309
2019-09-04,0.0,0.0,-0.029109104518399986
2019-09-05,0.0,0.0,-0.016477994901210713
2019-09-06,-0.0026537293249224714,-0.0018030891165106144,-0.015582394694561241
2019-09-09,-0.0025617374710580343,-0.005527357065338689,-0.015674940049248298
2019-09-10,-0.002227627067747595,-0.007912578522872082,-0.015357687795865771
2019-09-11,0.0,-0.004979734687111659,-0.008239037792957316
2019-09-12,0.0,0.0,-0.005383606143107844
2019-09-13,-0.0006329602703739612,-0.003370866642968151,-0.0061041205435925505
2019-09-16,-0.0053117602264644015,-0.005735802285176561,-0.009220567208623298
2019-09-17,-0.0016740608890261077,-0.003032198614578263,-0.006662620059847191
2019-09-18,-0.001136397463174177,-0.0031834399753108977,-0.00632221129661692
2019-09-19,-0.0027332691646954066,-0.0034521783995764554,-0.0063023628596047265
2019-09-20,-0.01031618522434985,-0.006594803528354731,-0.01116708567577851
2019-09-23,-0.0026881496719683984,-0.002720672914772848,-0.011262939103301006
2019-09-24,-0.006688925036943849,-0.009197677936336746,-0.01958451734773592
2019-09-25,0.0,-0.003170903412804904,-0.013546558260850938
2019-09-26,-0.0014608007771244047,-0.01013513109922437,-0.015942571210100343
2019-09-27,-0.013966662126832619,-0.018221574295509746,-0.021174167372187358
2019-09-30,-0.008946986491663589,-0.016004129897508768,-0.016233439565503383
2019-10-01,-0.012431421877030169,-0.023125979668578878,-0.028292817375096146
2019-10-02,-0.01604866336502242,-0.02565770599600603,-0.04568948830810082
2019-10-03,-0.0014289829735372184,-0.016129341228279692,-0.03808180831848018
2019-10-04,-0.0012093469045518779,-0.014017820880151133,-0.024406315901753017
2019-10-07,0.0,-0.014919292465101264,-0.028775311900840705
2019-10-08,-0.007953330079165655,-0.02088162395210258,-0.04388836367629545
2019-10-09,-0.0003777347727138558,-0.016415372131885375,-0.035183452406473914
2019-10-10,0.0,-0.016480274564133146,-0.02899348333856866
2019-10-11,0.0,-0.014107504309799568,-0.018371664887703587
2019-10-14,0.0,-0.012182015360341913,-0.019733299940624338
2019-10-15,0.0,-0.007521366070960878,-0.009974081652758482
2019-10-16,-0.009200137466672809,-0.009337072283275738,-0.011953680848267423
2019-10-17,-0.008205402773797887,-0.006087386398880845,-0.009223875281458627
2019-10-18,-0.012353268168909581,-0.010123735705728665,-0.013107068681966316
2019-10-21,-0.003896677552508887,-0.005922602591030057,-0.006325519369452359
2019-10-22,-0.006778097834525765,-0.010251112267470774,-0.009871612079565328
2019-10-23,-0.003927810099212614,-0.007582345383990496,-0.007052569230904915
2019-10-24,0.0,-0.003701723640799237,-0.005145666953070838
2019-10-25,0.0,0.0,-0.0010939232073656768
2019-10-28,0.0,0.0,0.0
2019-10-29,-0.006110770429031964,-0.003688229874263649,-0.0008324053147990007
2019-10-30,-0.0034977578533901266,-0.001181685671166277,0.0
2019-10-31,-0.0038153733110993793,0.0,-0.0030228605633045857
2019-11-01,0.0,0.0,0.0
2019-11-04,0.0,0.0,0.0
2019-11-05,-0.0047320884418911024,-0.00402939583707429,-0.001185699214361291
2019-11-06,-0.007811122154844252,-0.005839877938547677,-0.0004840349368059327
2019-11-07,-0.007019399000736781,-0.004959234492001197,0.0
2019-11-08,-0.012969041986635954,-0.006882483874360745,0.0
2019-11-11,-0.01532608266793789,-0.00851210703200489,-0.0019624672514312325
2019-11-12,-0.016358260586578965,-0.008712623438923872,-0.00040089173350033036
2019-11-13,-0.012186349574269006,-0.006728173138771942,0.0
2019-11-14,-0.010799379139379006,-0.006122687630100154,0.0
2019-11-15,-0.007660287571765956,-0.002876316945554236,0.0
2019-11-18,-0.004288095737860598,-0.0022227399111000024,0.0
2019-11-19,-0.007390424846604349,-0.0009832647498256852,-0.0005925944462060739
2019-11-20,-0.00768885347681425,-0.0025830904646108044,-0.004346552798030423
2019-11-21,-0.011363369339690288,-0.00456304422574394,-0.0059224254926656394
2019-11-22,-0.012748425337753777,-0.004369498759120183,-0.003760370696056281
2019-11-25,-0.0022193954117115666,0.0,0.0
2019-11-26,-0.004927947881613548,0.0,0.0
2019-11-27,-0.003632826804233158,0.0,0.0
2019-11-29,-0.006257297947237839,-0.0008556816560332248,-0.004011219709926239
2019-12-02,-0.014374393358953741,-0.005628535984430694,-0.012607619505920264
2019-12-03,-0.012700600265247775,-0.004816623653757457,-0.019162024044093506
2019-12-04,-0.006832057035799921,-0.0028815543871210103,-0.012959628924630207
2019-12-05,-0.001619626707939914,-0.002493400137075441,-0.011478820444075333
2019-12-06,0.0,-0.0013365928336358524,-0.0024479634548110196
2019-12-09,-0.0017167918441010066,-0.0026759945506340532,-0.005603042377072209
2019-12-10,0.0,-0.002304751039046704,-0.006693830305293469
2019-12-11,0.0,0.0,-0.0038051389814004466
2019-12-12,0.0,0.0,0.0
2019-12-13,0.0,0.0,0.0
2019-12-16,0.0,0.0,0.0
2019-12-17,0.0,0.0,0.0
2019-12-18,-0.0014464127322967313,-0.00011303904856907465,-0.00043230017186479675
2019-12-19,0.0,0.0,0.0
2019-12-20,0.0,0.0,0.0
2019-12-23,0.0,0.0,0.0
2019-12-24,-0.0021482729706607806,0.0,-0.00019544819997963092
2019-12-26,0.0,0.0,0.0
2019-12-27,0.0,0.0,0.0
2019-12-30,-0.005196769045565541,-0.0023656697000185023,-0.005780822450430323
2019-12-31,-0.0024923216852240637,-0.001024316124915381,-0.00285183121668231
2020-01-02,0.0,0.0,0.0
2020-01-03,-0.0027672834188497974,0.0,-0.007059870562045489
2020-01-06,0.0,0.0,-0.003551442826574047
2020-01-07,0.0,-0.0011365080268920247,-0.00634472593766533
2020-01-08,0.0,0.0,-0.0014733792790460054
2020-01-09,-0.00133073742878409,-0.0008791062051244358,0.0
2020-01-10,-0.001874794384851941,-0.001382297720279313,-0.002855178689662674
2020-01-13,0.0,0.0,0.0
2020-01-14,-0.0027430872087116365,-0.001900457015523771,-0.001514532772802113
2020-01-15,-0.006030568218321597,-0.0008110179838587417,0.0
2020-01-16,-0.0018566507200103999,0.0,0.0
2020-01-17,0.0,0.0,0.0
2020-01-21,-0.0026149921138396426,-0.001947028675028717,-0.0026519776473656886
2020-01-22,-0.0010295818142765922,-0.0002958056570602219,-0.002363668199526492
2020-01-23,-0.0007230170310174033,0.0,-0.0012253884771834533
2020-01-24,-0.0018487424683502063,-0.0034917522321815664,-0.010256469291524128
2020-01-27,-0.013267106141643725,-0.007981496157031476,-0.025825839389640115
2020-01-28,-0.004969467954238915,-0.0035251003773941747,-0.016031897055636013
2020-01-29,-0.0035115866639975346,-0.0033822452299466788,-0.016884873608716267
2020-01-30,-0.005489312799828672,-0.001421928058132682,-0.013803438068168528
2020-01-31,-0.017240432334037714,-0.00664152347319813,-0.0312648572486951
2020-02-03,-0.010041079570999423,-0.003145855911550477,-0.024237057824082142
2020-02-04,-0.004972313072116985,0.0,-0.009619724824323606
2020-02-05,-0.0014366894761241866,0.0,0.0
2020-02-06,0.0,0.0,0.0
2020-02-07,-0.003502576885655251,-0.00041049025914396964,-0.005400853672730133
2020-02-10,0.0,0.0,0.0
2020-02-11,0.0,-5.1657477123101536e-05,0.0
2020-02-12,0.0,0.0,0.0
2020-02-13,0.0,0.0,-0.0016304457368022662
2020-02-14,0.0,0.0,0.0
2020-02-18,-0.00106232399307149,0.0,-0.002919942636890105
2020-02-19,0.0,0.0,0.0
2020-02-20,-0.003193844536073853,0.0,-0.003815519763628039
2020-02-21,-0.010473590861659998,-0.002753757106612853,-0.01429349076077513
2020-02-24,-0.024923673551002223,-0.012321651201408823,-0.04732809071881294
2020-02-25,-0.03782535714080659,-0.02704940263430522,-0.07617499190680088
2020-02-26,-0.03580056304586632,-0.02928819359383783,-0.07966570221209301
2020-02-27,-0.049260322110853294,-0.04346729003315508,-0.12031064906374844
2020-02-28,-0.04780870505512169,-0.0513223844988,-0.12755782942204097
2020-03-02,-0.03719351792222225,-0.03704652604939329,-0.08739126453621471
2020-03-03,-0.044472381624136914,-0.045323043810387875,-0.11304277607181734
2020-03-04,-0.02036220113747611,-0.026349144014357173,-0.07561088331589749
2020-03-05,-0.0323815578910468,-0.03475202944617817,-0.10696808215336084
2020-03-06,-0.03316444063132262,-0.037080968209034615,-0.12219771631192422
2020-03-09,-0.06148894908544511,-0.06540381433852205,-0.18888409024872288
2020-03-10,-0.04519153062110248,-0.05202451362117233,-0.14881796034080141
2020-03-11,-0.06417605174856023,-0.06885622125753055,-0.19041390314261297
2020-03-12,-0.11118168069043277,-0.11593091269320976,-0.26741580729750625
2020-03-13,-0.08528149622611358,-0.08914531277394655,-0.19937979778898884
2020-03-16,-0.14657795838508525,-0.1439661163031405,-0.29532656508770605
2020-03-17,-0.11773002514469844,-0.11680499847230685,-0.25307797517893393
2020-03-18,-0.15176977741298048,-0.13841392792053187,-0.29179151342461684
2020-03-19,-0.14558961539169235,-0.13615484649935583,-0.2884574038171063
2020-03-20,-0.14603161803722364,-0.14375861242336097,-0.31930954377429344
2020-03-23,-0.13204437986525375,-0.13873603767416287,-0.33924960002653304
2020-03-24,-0.08337016189889856,-0.10027129121243283,-0.2772528834500031
2020-03-25,-0.08599972192754968,-0.10173673753114165,-0.2689159871864294
2020-03-26,-0.06605887515388964,-0.07888050975186545,-0.22328599022182982
2020-03-27,-0.08667075104915889,-0.09455692964339124,-0.24945142890926797
2020-03-30,-0.0726847447443476,-0.08295638761951751,-0.22429603588261338
2020-03-31,-0.0761625738633478,-0.08781822853151211,-0.2367171677480434
2020-04-01,-0.10035388433951387,-0.10815011892990001,-0.27041032699408174
2020-04-02,-0.08494249192460557,-0.09528023967141319,-0.2537542710100531
2020-04-03,-0.09438954069201266,-0.1007701310963649,-0.26505028598373315
2020-04-06,-0.05908458544372064,-0.071484546858401,-0.2133603034535072
2020-04-07,-0.06258204053111871,-0.07239619874577352,-0.21462132840940018
2020-04-08,-0.055304585342326296,-0.06411561458012471,-0.18787411668770826
2020-04-09,-0.05444609051645399,-0.05532191887295401,-0.17610851591998988
2020-04-13,-0.05163444197198952,-0.05368296982143561,-0.18443365992125305
2020-04-14,-0.02332984829564455,-0.02861861158229506,-0.15949968528450975
2020-04-15,-0.03295997737870582,-0.03812335247807053,-0.1780162758018039
2020-04-16,-0.018040408795424456,-0.030243158922514057,-0.1732350517351895
2020-04-17,-0.02128083269606118,-0.032224845374582034,-0.15108304667666983
2020-04-20,-0.02877750773392085,-0.0371672098799577,-0.1662625714959337
2020-04-21,-0.045039877343843404,-0.050437215294118154,-0.19183729677778982
2020-04-22,-0.02317431321414387,-0.03534364075608698,-0.1733059258078964
2020-04-23,-0.020597717761697165,-0.03055001793065648,-0.1737518628777761
2020-04-24,-0.02043513403454178,-0.028495780775259605,-0.16225209395753526
2020-04-27,-0.017111404963311094,-0.02465485880255469,-0.14992541278920168
2020-04-28,-0.027370685007992446,-0.0341828688453234,-0.15438182739747996
2020-04-29,-0.008243995363961365,-0.01907847849089328,-0.13190198469033554
2020-04-30,-0.0174073488010984,-0.020246728710536677,-0.13989929104297394
2020-05-01,-0.03239336158866213,-0.03529105441208824,-0.16403288614653455
2020-05-04,-0.021458455005448296,-0.02656236425913494,-0.16048017004009507
2020-05-05,-0.019540615372556802,-0.02421959829845588,-0.15289044368034754
2020-05-06,-0.017906393754665184,-0.02382707016042107,-0.1588027689195205
2020-05-07,-0.008417262260811076,-0.01621238422415705,-0.1491251053557875
2020-05-08,-0.0019450598638133254,-0.010262839351273478,-0.13476953669409608
2020-05-11,0.0,-0.007521449242398948,-0.1346543933633607
2020-05-12,-0.010637033957885844,-0.01555588666434371,-0.15239425307163068
2020-05-13,-0.012762554251568692,-0.020282678797507114,-0.1671957588032017
2020-05-14,0.0,-0.012548821541666033,-0.15759783758373502
2020-05-15,0.0,-0.00886994246989492,-0.15429026069113405
2020-05-18,0.0,0.0,-0.12764939612838666
2020-05-19,-0.0005171726547770206,-0.0014774654837930168,-0.136795468096934
2020-05-20,0.0,0.0,-0.12242216289212371
2020-05-21,-0.011042902751813077,-0.00813299868916284,-0.12924409881417498
2020-05-22,-0.00656798674958281,-0.004871005475378443,-0.12719459078694728
2020-05-26,-0.011402877188509186,-0.006688907919269793,-0.11646852448544176
2020-05-27,-0.018016707796636777,-0.00845276436062381,-0.10336814069837241
2020-05-28,-0.016454209419134558,-0.0060280127165893704,-0.10525816403706767
2020-05-29,-0.004479088219168426,0.0,-0.1009523658457625
2020-06-01,-0.004868721285704702,0.0,-0.09757982706149415
2020-06-02,0.0,0.0,-0.09017020592414926
2020-06-03,-0.0025372009976827314,-0.0037052921379888692,-0.07775195804947022
2020-06-04,-0.0011981113269674548,-0.007450549065651457,-0.08085873708602975
2020-06-05,0.0,-0.002325185971152499,-0.056766527249746734
2020-06-08,-0.0018205593951274857,0.0,-0.04540850647491945
2020-06-09,0.0,0.0,-0.05285352859873338
2020-06-10,0.0,0.0,-0.05788580406022614
2020-06-11,-0.018061706580859038,-0.018543957490585128,-0.11341783906898983
2020-06-12,-0.011656663724883831,-0.015492968322738832,-0.10183832780448265
2020-06-15,-0.00949420418699165,-0.014092819154249092,-0.09437261304702982
2020-06-16,-0.0074502325870383634,-0.005462962177139374,-0.07719974592041468
2020-06-17,0.0,-0.004045962169817563,-0.08052210326561471
2020-06-18,-0.0034248216054464375,-0.0036021871368510094,-0.07997573121782997
2020-06-19,-0.001454553880560483,-0.0007020062566179819,-0.0851734035488948
2020-06-22,0.0,0.0,-0.07923151740452361
2020-06-23,0.0,0.0,-0.07526538122392235
2020-06-24,-0.007434802680669428,-0.009444872159123596,-0.09917452974728314
2020-06-25,-0.0026377996336532927,-0.006813733588555304,-0.08930198050854854
2020-06-26,-0.016679635461311793,-0.01886489861629992,-0.11136537495124255
2020-06-29,-0.008621389730784523,-0.009850895319622688,-0.09831517260324163
2020-06-30,-0.001970914256758771,-0.003054953001553229,-0.08442032146402922
2020-07-01,0.0,0.0,-0.07982215871033715
2020-07-02,0.0,0.0,-0.07564340031161554
2020-07-06,0.0,0.0,-0.060963022191588
2020-07-07,-0.0025602770566821587,-0.003260955799545995,-0.07112202381166999
2020-07-08,0.0,0.0,-0.06385126682898756
2020-07-09,0.0,0.0,-0.06913452158558964
2020-07-10,-0.0016697036235888696,0.0,-0.05939189613018958
2020-07-13,-0.008889901750334883,-0.00810986901801558,-0.0681983781878015
2020-07-14,0.0,-0.005257580435250264,-0.05570630014989575
2020-07-15,-0.009190982173154394,-0.002356886156801963,-0.047130176853523054
2020-07-16,-0.006598704560095148,-0.00481820384502718,-0.05037574794497668
2020-07-17,-0.006324790549245507,-0.003727694983548524,-0.04767063672026828
2020-07-20,0.0,0.0,-0.03966446209607044
2020-07-21,0.0,0.0,-0.03805202286716314
2020-07-22,0.0,0.0,-0.032523628896722445
2020-07-23,-0.006938946191687112,-0.0049975896759965055,-0.04444280217193375
2020-07-24,0.0,-0.004685429752939507,-0.050358083501626516
2020-07-27,0.0,0.0,-0.0433353497235337
2020-07-28,-0.013773071385456803,-0.004425758953072956,-0.0495282151630142
2020-07-29,-0.00289484494014991,0.0,-0.03771538904674765
2020-07-30,-0.003200434313856193,0.0,-0.04132419877329496
2020-07-31,-0.008867904572426921,0.0,-0.03397067125605768
2020-08-03,-0.0012907804894828345,0.0,-0.027033592003270934
2020-08-04,0.0,0.0,-0.023519305073589347
2020-08-05,0.0,0.0,-0.01724078510880278
2020-08-06,0.0,0.0,-0.010923908067027588
2020-08-07,-0.009248526570772908,-0.009485936382604865,-0.010297793674976519
2020-08-10,-0.008105601574717625,-0.00885862541001281,-0.00758381417870857
2020-08-11,-0.03314140717739977,-0.03291024188264735,-0.015492509915521313
2020-08-12,-0.019532306347435635,-0.025741914403617172,-0.0017128021070443866
2020-08-13,-0.018506748060126088,-0.02259882487890419,-0.003756470053001282
2020-08-14,-0.018339181668602156,-0.023369562330905258,-0.003927707003844483
2020-08-17,0.0,-0.014687901365563194,-0.0012285079601758175
2020-08-18,0.0,-0.005804950732442471,0.0
2020-08-19,-0.008273893004533184,-0.012732084445622904,-0.0044043954214109116
2020-08-20,-0.01775428572688198,-0.01721893454107193,-0.0012596745199823234
2020-08-21,-0.009093173198314708,-0.015954491795284076,0.0
2020-08-24,-0.0027623498995621443,-0.010233366675566402,0.0
2020-08-25,-0.003987152613944667,-0.012429591959336017,0.0
2020-08-26,0.0,-0.0015407428390087352,0.0
2020-08-27,-0.008207638070514611,-0.004496398341209962,0.0
2020-08-28,0.0,0.0,0.0
2020-08-31,-0.0005499489339744201,0.0,-0.0021949627140287475
2020-09-01,0.0,0.0,0.0
2020-09-02,0.0,0.0,0.0
2020-09-03,-0.029566796869490042,-0.02275225489302224,-0.03512584371534122
2020-09-04,-0.044427484289881414,-0.03029543240930488,-0.04297319153499879
2020-09-08,-0.06595959243129335,-0.04964495226981236,-0.06953675503188406
2020-09-09,-0.04341949068292006,-0.03312718148360405,-0.05079258567513034
2020-09-10,-0.048094004930443246,-0.038087989021086455,-0.06748420497792329
2020-09-11,-0.052872840005988464,-0.04353116556322134,-0.06698710674030728
2020-09-14,-0.03827427564431363,-0.03433942112733368,-0.05509881591622534
2020-09-15,-0.0292611680465944,-0.031007378289331755,-0.050167036871107906
2020-09-16,-0.04017896696881984,-0.03406021732851516,-0.05455426460312163
2020-09-17,-0.045939260364818546,-0.04327499930989964,-0.0625077000455645
2020-09-18,-0.051492332838208976,-0.045151883482923094,-0.07299128438362246
2020-09-21,-0.05514887749430386,-0.052390770929920505,-0.08371779301472992
2020-09-22,-0.05211374908558386,-0.046233294900172583,-0.07408038700982966
2020-09-23,-0.07134063347915542,-0.06349176985346872,-0.09604454752912994
2020-09-24,-0.06824462250351815,-0.06395283701864563,-0.09334401754781985
2020-09-25,-0.06027682842188298,-0.05553911678044887,-0.07885862535667343
2020-09-28,-0.05265742306105248,-0.04740033859905679,-0.0640184941543741
2020-09-29,-0.045218077297696446,-0.04538941995032708,-0.06852305916069001
2020-09-30,-0.041414001920512256,-0.041930142411785165,-0.06083491095491722
2020-10-01,-0.031666191568109237,-0.03372329370159621,-0.05586399675846376
2020-10-02,-0.045650104244404965,-0.042667215231107836,-0.06490660300682016
2020-10-05,-0.027957357737117494,-0.03227412694591569,-0.048100441797677806
2020-10-06,-0.03281206079330812,-0.03810554845263314,-0.061401825211641614
2020-10-07,-0.0274530850285436,-0.03517110678627944,-0.04507326284415303
2020-10-08,-0.024838089363088733,-0.03264965949151988,-0.037424181610010376
2020-10-09,-0.015674067051034246,-0.02109434584949732,-0.02895973926989459
2020-10-12,-0.0012061861816562436,-0.009988995932048161,-0.013019323969577501
2020-10-13,-0.005978874687076807,-0.015970991687400904,-0.019244131142028054
2020-10-14,-0.008455624233825398,-0.016384960804571858,-0.02573981628705424
2020-10-15,-0.016643656696326503,-0.021309680363732153,-0.02722824745224328
2020-10-16,-0.01780120805350449,-0.02071420479499242,-0.027097001517884634
2020-10-19,-0.023065814649657068,-0.027605990043827577,-0.04298437300680891
2020-10-20,-0.02028321416485579,-0.027407376978547227,-0.0384602404248251
2020-10-21,-0.017337688217820668,-0.024391920424044367,-0.04057149320579001
2020-10-22,-0.022867651282199697,-0.02737315270044738,-0.03556430740565919
2020-10-23,-0.017210163610462348,-0.025403617972556636,-0.03224109216798565
2020-10-26,-0.031178309560035422,-0.033105118851092574,-0.05023126215431095
2020-10-27,-0.026366592631016483,-0.0293068164067245,-0.05310490040956217
2020-10-28,-0.05087062276853338,-0.05054812950094034,-0.08651881988292043
2020-10-29,-0.03989251462455101,-0.04394118445321993,-0.07560515795840239
2020-10-30,-0.04483437366681997,-0.05200163349660214,-0.08681765153502174
2020-11-02,-0.03885320225277189,-0.049029135703101745,-0.07556888635472492
2020-11-03,-0.025100002098100038,-0.03869511052251795,-0.05911466878878269
2020-11-04,-0.005934971308534931,-0.024421779099294216,-0.03837092500975481
2020-11-05,0.0,-0.007344844154386521,-0.01965743652077323
2020-11-06,0.0,-0.00680797542843814,-0.019939495965158982
2020-11-09,-0.02519204326138058,-0.025276872408752205,-0.00847289662367956
2020-11-10,-0.03897393404408034,-0.029226987666176263,-0.009860830901988082
2020-11-11,-0.024284672239505478,-0.023670131359353364,-0.002284429234612584
2020-11-12,-0.024674584144001588,-0.02420475336960337,-0.012240166287576182
2020-11-13,-0.0167074646005424,-0.01726845836347457,0.0
2020-11-16,-0.005301577616741215,-0.014687155614342973,0.0
2020-11-17,-0.011137590381995355,-0.015026641880788727,-0.004791925698091615
2020-11-18,-0.013206643859319689,-0.020664071356572444,-0.016300342296754478
2020-11-19,-0.01534452022055599,-0.01996095005493015,-0.012418228192406455
2020-11-20,-0.019808293135607835,-0.018793473095764957,-0.01912643951129467
2020-11-23,-0.02039625885715135,-0.02360719950524437,-0.013598304180118426
2020-11-24,-0.02921364421889794,-0.024517619801724067,0.0
2020-11-25,-0.023333560825392063,-0.02071364431209244,-0.001584418237524976
2020-11-27,-0.021151102565380775,-0.021673983121349938,0.0
2020-11-30,-0.025814269528295908,-0.0246405180311835,-0.004595548640170977
2020-12-01,-0.008979025360283166,-0.011172379623323181,0.0
2020-12-02,-0.004956404839758233,-0.009462051858284748,0.0
2020-12-03,-0.00507593703893483,-0.006875671126040261,-0.000624157213091503
2020-12-04,0.0,-0.00199669748311615,0.0
2020-12-07,0.0,0.0,-0.0019356376714372292
2020-12-08,-0.0034866777048310205,0.0,0.0
2020-12-09,-0.019566235942632515,-0.01302528884160592,-0.007949201604598666
2020-12-10,-0.018267993811518224,-0.010198870436855745,-0.009224094089742674
2020-12-11,-0.019233390382261017,-0.011582393399131585,-0.010477422935377123
2020-12-14,-0.018882745062014705,-0.011086658036021602,-0.01479100810740086
2020-12-15,-0.009074492730599792,-0.0023676205771653303,-0.00206087725369708
2020-12-16,-0.009857833442589725,0.0,-0.0002917355999730864
2020-12-17,-0.0036201235417543387,0.0,0.0
2020-12-18,-0.006355353702519495,-0.00207529839937437,-0.0035111185091529773
2020-12-21,-0.005660546401378697,-0.0025015954810275742,-0.007403682152316127
2020-12-22,-0.007664903951943414,-0.0006311722456513458,-0.00946142649199433
2020-12-23,-0.011437704854730613,-0.002277081401233061,-0.00872267167949592
2020-12-24,-0.006470349802214614,-0.001077948580370025,-0.005216931179453765
2020-12-28,-0.005954634993097563,0.0,0.0
2020-12-29,-0.006211735931948237,-0.0018603453511395474,-0.00222738052560012
2020-12-30,0.0,0.0,-0.0008888214961600971
2020-12-31,-0.0005905227761394682,0.0,0.0
2021-01-04,0.0,0.0,-0.014754827521051062
2021-01-05,0.0,0.0,-0.007776734833452759
2021-01-06,-0.008762019866906945,-0.003745851846243098,-0.002111296018690645
2021-01-07,0.0,0.0,0.0
2021-01-08,-0.008884337204041803,-0.004556579966397911,0.0
2021-01-11,-0.0077449896960953835,-0.012124533055213438,-0.006554750898592476
2021-01-12,-0.009237071618904635,-0.011917843437113218,-0.00614168784165392
2021-01-13,-0.008943880273314941,-0.007455503982467082,-0.0038800223849408955
2021-01-14,-0.0025392268262729445,-0.010583299423230441,-0.007618910104622678
2021-01-15,-0.010198437344780542,-0.014570358597927213,-0.014754157903199672
2021-01-19,0.0,-0.009017580532432845,-0.006737823815807453
2021-01-20,0.0,0.0,0.0
2021-01-21,0.0,0.0,0.0
2021-01-22,-0.006653495604548643,-0.0010533144205997491,-0.0030106116552376383
2021-01-25,-0.005536487149056746,0.0,0.0
2021-01-26,-0.013345236913379743,-0.00034506604466166824,-0.0014888337468983437
2021-01-27,-0.033093090364829325,-0.013428895869210478,-0.027128487346559593
2021-01-28,-0.02071376211275755,-0.009739493149834466,-0.017632652389204195
2021-01-29,-0.027345442701842804,-0.016464345398879865,-0.03660361503347842
2021-02-01,-0.013637701343359065,-0.0062792445356324444,-0.021139400141404696
2021-02-02,-0.012909168133657167,-0.004322977972869624,-0.007534976764479562
2021-02-03,-0.007796217217459711,-0.004034831353301294,-0.006533808735112001
2021-02-04,-0.01150591041832516,-0.006379439560976863,0.0
2021-02-05,-0.008365035461419423,-0.0013537301049205697,0.0
2021-02-08,0.0,0.0,0.0
2021-02-09,-0.0007447756016669693,0.0,-0.0011135249921484514
2021-02-10,0.0,-0.0006209524350616613,-0.001458325552458617
2021-02-11,0.0,0.0,0.0
2021-02-12,-0.004884826047969915,-0.001433514941834857,0.0
2021-02-16,-0.0019507472856106212,-0.0062307946874011755,-0.00056927241835103
2021-02-17,-0.012628261833863896,-0.010787576943279698,-0.0008894920315511978
2021-02-18,-0.017310001535943975,-0.014997815216443167,-0.005301399808302465
2021-02-19,-0.011695974068114068,-0.012754352766558674,-0.0071464629041616545
2021-02-22,-0.02016981259431372,-0.02003829775065502,-0.014824039911984
2021-02-23,-0.026730214468624114,-0.02329509935064522,-0.013586345503126318
2021-02-24,-0.018321490924150696,-0.020971341214225836,-0.0023889586837897436
2021-02-25,-0.043685052078640485,-0.03692081760767829,-0.026809287349110034
2021-02-26,-0.04445716204241401,-0.04021937766394479,-0.03143215166236213
2021-03-01,-0.03643087067642137,-0.02935401565721507,-0.008389183042271098
2021-03-02,-0.04779516556065355,-0.03796678857052749,-0.01640224298916959
2021-03-03,-0.06308729117634859,-0.0509254304859178,-0.029254149515072658
2021-03-04,-0.07723333288760825,-0.059241233304577645,-0.04227885426278599
2021-03-05,-0.06795082415397202,-0.05558717193438856,-0.02360715326314977
2021-03-08,-0.09082963417815593,-0.06651935212145355,-0.02883986810500938
2021-03-09,-0.0689618102341617,-0.04775997943672816,-0.015093443818303132
2021-03-10,-0.07484997816399386,-0.04801813374522357,-0.009154148671246531
2021-03-11,-0.05677714620647312,-0.03667895040255165,0.0
2021-03-12,-0.0665248789739944,-0.042025331981226155,0.0
2021-03-15,-0.05869245917624777,-0.034893758674454434,0.0
2021-03-16,-0.05408725528612879,-0.03282127244017341,-0.0015696837343783798
2021-03-17,-0.05280065934913625,-0.031979541288637,0.0
2021-03-18,-0.06851993276462698,-0.04510263047345997,-0.014760539319459087
2021-03-19,-0.06516953847973816,-0.040661171651488415,-0.015354347058446294
2021-03-22,-0.05402171498632535,-0.03553468720643538,-0.008437095082220125
2021-03-23,-0.06086414559252251,-0.04163247252021163,-0.016003567023852305
2021-03-24,-0.06508831702310025,-0.049146799823478915,-0.021383406163756224
2021-03-25,-0.06260128893262051,-0.04763852270506219,-0.016255195049808213
2021-03-26,-0.048651368052865185,-0.04352109482472999,0.0
2021-03-29,-0.0556257400154212,-0.049838720673408776,-0.0008680126852336212
2021-03-30,-0.06001487501423086,-0.05358700082311607,-0.004023104579957026
2021-03-31,-0.048965652070315224,-0.04633210803675558,-0.00041517923285627756
2021-04-01,-0.02769048746238345,-0.03390345876072964,0.0
2021-04-05,-0.021192103878739488,-0.026979648927419886,0.0
2021-04-06,-0.024011344714722993,-0.024401769182547883,-0.0009735307519512792
2021-04-07,-0.023750459276477787,-0.025687723628247006,0.0
2021-04-08,-0.013862972364297566,-0.018748600189459896,0.0
2021-04-09,-0.015817330330542,-0.018724109769690633,0.0
2021-04-12,-0.014982859314943475,-0.02152122386856492,-0.0001960788487687104
2021-04-13,-0.008819778841663295,-0.014762878178950167,0.0
2021-04-14,-0.014196299185736061,-0.02087379388949706,-0.004087726727828422
2021-04-15,-0.0025471705267571254,-0.012060645837892459,0.0
2021-04-16,-0.0007015576167318516,-0.009047660496335652,0.0
2021-04-19,-0.010092040872134111,-0.013263631302526724,-0.005306560094486046
2021-04-20,-0.014411338332013801,-0.01670483150206381,-0.01207278294761105
2021-04-21,-0.0008257648430995967,-0.0086082735030244,-0.002879077463271318
2021-04-22,-0.01073936115844698,-0.014227696512053356,-0.01206321674347044
2021-04-23,0.0,-0.009031146760687503,-0.0012663554383812725
2021-04-26,0.0,-0.006557001291614073,0.0
2021-04-27,0.0,-0.0064225361737120235,-0.00021489588801426596
2021-04-28,-0.001537455788973685,-0.009424024593705727,-0.0010602541018529532
2021-04-29,-0.001752511460693107,-0.009893289568351893,0.0
2021-04-30,-0.010081137753058411,-0.012821298107128065,-0.007194706699326425
2021-05-03,-0.011012209979214926,-0.014895415017380675,-0.00446638765898244
2021-05-04,-0.017352379621564662,-0.01839833451868733,-0.011114897222533782
2021-05-05,-0.015961747569649964,-0.02229905356484274,-0.010419252388177758
2021-05-06,-0.007992266022968986,-0.016100817738459727,-0.0023388738739105186
2021-05-07,0.0,-0.008913227851118366,0.0
2021-05-10,-0.016258043991484783,-0.01908397423370234,-0.010435647322188157
2021-05-11,-0.01769036421400949,-0.02117348438473865,-0.01901904222999362
2021-05-12,-0.03443756948820509,-0.03191704438479992,-0.04006049583745008
2021-05-13,-0.030397783852014748,-0.030391171463979072,-0.028375016511187345
2021-05-14,-0.01351352906644776,-0.018573639764907668,-0.01388035690698275
2021-05-17,-0.01580485689611344,-0.017789621414448842,-0.01637529107276836
2021-05-18,-0.01614043668546261,-0.01814104223874491,-0.02475311088077148
2021-05-19,-0.011117641061009209,-0.014995094059845893,-0.02762366374743097
2021-05-20,-0.002652591246857683,-0.009276246901902097,-0.017360482628500207
2021-05-21,-0.0039804784291461726,-0.011625423502035437,-0.018130754761710888
2021-05-24,0.0,-0.005146311502348233,-0.008399161779643505
2021-05-25,0.0,-0.004238146853954294,-0.010506594957641835
2021-05-26,0.0,0.0,-0.008649497338886869
2021-05-27,-0.00391525847720231,-0.0013014504266836147,-0.007494262182083933
2021-05-28,0.0,0.0,-0.006731142493422881
2021-06-01,0.0,-0.0004661482363630398,-0.0072201620490136564
2021-06-02,0.0,0.0,-0.005783674314590814
2021-06-03,-0.008190531563551318,-0.009790323115836386,-0.009391390417916035
2021-06-04,0.0,-4.2253178897277976e-05,-0.0006402591492166154
2021-06-07,-0.0008533649362058027,0.0,-0.0014364877344228422
2021-06-08,-0.0035973975691877547,0.0,-0.0012617142909880918
2021-06-09,-0.0022342935997488045,-0.00018479937416704395,-0.0030832804110119127
2021-06-10,0.0,0.0,0.0
2021-06-11,0.0,0.0,0.0
2021-06-14,0.0,0.0,0.0
2021-06-15,-0.005293868174949257,-0.0031581105750049243,-0.0020116937805257917
2021-06-16,-0.008054634991117249,-0.004817292519375238,-0.0073909751132213986
2021-06-17,-0.011384355583566763,-0.013356565775284879,-0.007823470342175898
2021-06-18,-0.02163883763010921,-0.018179670379957602,-0.02084526022982003
2021-06-21,-0.020661482726071045,-0.014504692512670059,-0.007134851645185458
2021-06-22,-0.015911046378536797,-0.011100552222755855,-0.00204692223244618
2021-06-23,-0.012032623050122426,-0.008068405385579291,-0.003127988178846075
2021-06-24,-0.008212220492445299,-0.006092028162306362,0.0
2021-06-25,-0.011294087368739492,-0.006106798259102542,0.0
2021-06-28,0.0,-0.002786591375000369,0.0
2021-06-29,-0.0029948395975841757,-0.00564744376131987,0.0
2021-06-30,-0.004645784009864484,-0.005240378925956302,0.0
2021-07-01,-0.0037866795442182966,-0.0019404921040049317,0.0
2021-07-02,0.0,0.0,0.0
2021-07-06,0.0,0.0,-0.0020218560598241897
2021-07-07,-0.0032985739990982754,-0.0007275542949041203,0.0
2021-07-08,-0.010748485313603617,-0.003459522347567856,-0.008561024934317096
2021-07-09,-0.00421090310408212,0.0,0.0
2021-07-12,0.0,-0.0010667545581750648,0.0
2021-07-13,0.0,0.0,-0.0035168126585655157
2021-07-14,0.0,0.0,-0.002355974939981409
2021-07-15,-0.014708366383298976,-0.002993643429769932,-0.005610530036453176
2021-07-16,-0.0244035156176442,-0.006412339652432153,-0.013107087279539353
2021-07-19,-0.02487662962897841,-0.012401827495207574,-0.028768596622478992
2021-07-20,-0.022391851090775794,-0.004431874104779521,-0.014042194179285206
2021-07-21,-0.010828959189274734,-0.003506062167629609,-0.0059161074251519175
2021-07-22,-0.008537954188724828,-0.0023150657698753907,-0.003911368302938478
2021-07-23,-0.0006841277442587446,0.0,0.0
2021-07-26,-0.0011883840535572565,0.0,0.0
2021-07-27,-0.007089943942114707,-0.005404746452671971,-0.0047124448070912095
2021-07-28,0.0,-0.0028848607576619223,-0.004897828940903404
2021-07-29,0.0,0.0,-0.0007122769786913619
2021-07-30,-0.002055758962647758,-0.0036959353065767475,-0.0061144744265954065
2021-08-02,-0.001498832439019715,-0.005548895008397059,-0.0079460122536813
2021-08-03,0.0,-0.002960535920756291,0.0
2021-08-04,0.0,0.0,-0.004632387901412405
2021-08-05,-1.324116111001139e-05,-0.0007316659486716892,0.0
2021-08-06,-0.010110729882142788,-0.008091005241787297,0.0
2021-08-09,-0.011662132998602637,-0.010898362651966531,-0.0009399082741974318
2021-08-10,-0.017530853462289775,-0.015347890311444012,0.0
2021-08-11,-0.017221653197384446,-0.013054300797243235,0.0
2021-08-12,-0.016081757629850646,-0.010957666906500685,0.0
2021-08-13,-0.008960298425757074,-0.006861307385850557,0.0
2021-08-16,-0.009234389727103665,-0.005894380092438922,0.0
2021-08-17,-0.018303761078446668,-0.009572357371894213,-0.00706069881494753
2021-08-18,-0.024284384864851072,-0.014371030545201613,-0.017733277845877526
2021-08-19,-0.017634776544027786,-0.014099419312407435,-0.01649887088550095
2021-08-20,-0.01030545273474659,-0.009345079839249482,-0.008491629903320641
2021-08-23,0.0,0.0,-4.022041221907191e-05
2021-08-24,0.0,0.0,0.0
2021-08-25,0.0,-0.0022365790638319005,0.0
2021-08-26,-0.0004998328932578344,-0.005419117001249196,-0.005824918819612557
2021-08-27,0.0,0.0,0.0
2021-08-30,0.0,0.0,0.0
2021-08-31,-0.000777922344832982,0.0,-0.0013491160395050494
2021-09-01,0.0,0.0,-0.0010378479178675404
2021-09-02,0.0,0.0,0.0
2021-09-03,0.0,0.0,-0.0003350311257153127
2021-09-07,-0.002227345066543873,-0.0028010824807805923,-0.0037294679085813076
2021-09-08,-0.009632413753757674,-0.007732774999846148,-0.005043117096015237
2021-09-09,-0.010668747124885192,-0.008541241084123463,-0.009625499129650827
2021-09-10,-0.009401672680023676,-0.011545457183930852,-0.017273744214443942
2021-09-13,-0.007610998302178484,-0.011938658200717045,-0.015036580060815652
2021-09-14,-0.004583051869982868,-0.0141096512297757,-0.020696808777406428
2021-09-15,-0.002588154060606973,-0.009842032234999465,-0.01239819649290308
2021-09-16,-0.010767170807176707,-0.01633822079902869,-0.013930105597764086
2021-09-17,-0.021452936560544145,-0.019256815880836387,-0.022914062632847343
2021-09-20,-0.03366497044536876,-0.028752321855967433,-0.03950235447347805
2021-09-21,-0.02786425188732744,-0.02537173360378997,-0.040282622915956745
2021-09-22,-0.020053760327853443,-0.02107617228862102,-0.03114648662878161
2021-09-23,-0.015989570342186288,-0.01987266132488552,-0.019389724607212555
2021-09-24,-0.020211077758974794,-0.020470259665989143,-0.01795704412358823
2021-09-27,-0.028071747403993985,-0.021535857660882507,-0.020683571119692545
2021-09-28,-0.054300447305960176,-0.037170707654687885,-0.0406264791468145
2021-09-29,-0.0615906591168518,-0.03768994664152847,-0.039121045357381035
2021-09-30,-0.06111951311120434,-0.038758833879900645,-0.05056483901609099
2021-10-01,-0.05699402225724415,-0.03320217777699963,-0.03965442610233616
2021-10-04,-0.0731779366986206,-0.04276346220271776,-0.05212537590104849
2021-10-05,-0.06303884354115652,-0.03768651956109692,-0.04214945552329952
2021-10-06,-0.05915225896064513,-0.034731944499477474,-0.038219593154042886
2021-10-07,-0.05137910177327509,-0.029887384221827573,-0.030238469408203406
2021-10-08,-0.05430172962633695,-0.030473253621881802,-0.03209432444573479
2021-10-11,-0.059222207375452696,-0.03549148232042332,-0.03873973624128424
2021-10-12,-0.060719123342693915,-0.034627286568703286,-0.04106289135843544
2021-10-13,-0.051832372961930884,-0.028900978801354782,-0.03816449005851885
2021-10-14,-0.034068122509651966,-0.019573909708081594,-0.02175259269750518
2021-10-15,-0.0328852009291104,-0.021162838245178506,-0.014454661237576771
2021-10-18,-0.029702920628607687,-0.018177632265904742,-0.011128672831181907
2021-10-19,-0.02399992583975652,-0.013310708593254228,-0.0038176113367730524
2021-10-20,-0.03334889731037294,-0.013753938459987736,-0.00016756937447437448
2021-10-21,-0.0255167219116893,-0.010785845078715606,0.0
2021-10-22,-0.02506215265623446,-0.010300953073727137,-0.0010725536274130976
2021-10-25,-0.025302477299613546,-0.006698806577948746,0.0
2021-10-26,-0.015355069551565292,-0.009286472548179159,0.0
2021-10-27,-0.007859205958123061,-0.00787680373790145,-0.005051568068462853
2021-10-28,-0.0003340783020483462,-0.0004058029000592045,0.0
2021-10-29,-0.0004454099928553612,-0.003896022388885867,0.0
2021-11-01,-0.0006016011676873712,0.0,0.0
2021-11-02,0.0,0.0,0.0
2021-11-03,0.0,0.0,0.0
2021-11-04,0.0,0.0,0.0
2021-11-05,0.0,0.0,0.0
2021-11-08,0.0,0.0,0.0
2021-11-09,0.0,-0.002077277154686308,-0.003498775895770634
2021-11-10,-0.013708508990261659,-0.0051693241612572605,-0.011695818978382233
2021-11-11,-0.005958292025476819,-0.0030140033616036233,-0.01115132262867824
2021-11-12,0.0,0.0,-0.004009208769849226
2021-11-15,-0.002077528064068912,-0.0002972261020725009,-0.004019905532012147
2021-11-16,-0.0010405499508938654,0.0,-0.00017021352606583218
2021-11-17,-0.005324402223636282,-0.000703209419764872,-0.0027713960687008043
2021-11-18,0.0,0.0,0.0
2021-11-19,0.0,0.0,-0.001398665559303236
2021-11-22,-0.01829499691194958,-0.012200531220502131,-0.004591330390835369
2021-11-23,-0.02839978976543911,-0.018292981371743622,-0.0029418059225950755
2021-11-24,-0.024724446233668207,-0.017275623071483226,-0.0006547033502586341
2021-11-26,-0.038589226779286556,-0.024814378698952644,-0.023364647970326224
2021-11-29,-0.01969494710421016,-0.01852054564863337,-0.010472866448612117
2021-11-30,-0.029996712263588243,-0.02297789293152952,-0.029235597512293432
2021-12-01,-0.03546935949233343,-0.03328952550203179,-0.04070536086630083
2021-12-02,-0.03409807358673367,-0.03304650238052054,-0.02708871437974747
2021-12-03,-0.047516566253714476,-0.04121041061577624,-0.035308417380235935
2021-12-06,-0.05150367404210987,-0.035616894280001477,-0.023991743347983485
2021-12-07,-0.023519996722301872,-0.021930111649252404,-0.0037814619314080478
2021-12-08,-0.02663350521571728,-0.018700331820519,-0.0007078435080474232
2021-12-09,-0.042360223569897215,-0.02754871314048446,-0.007883840596963121
2021-12-10,-0.04215254474500074,-0.023777376748578827,0.0
2021-12-13,-0.05971382007642434,-0.02890087002320918,-0.009136167611567658
2021-12-14,-0.06334465803773359,-0.03550051084500072,-0.016538591826484317
2021-12-15,-0.040833495620130056,-0.0272161647616892,-0.0004605077792551038
2021-12-16,-0.059703433290221986,-0.03449320257723021,-0.00919989674843591
2021-12-17,-0.06512516127288426,-0.03310796518259551,-0.019392931785886414
2021-12-20,-0.06757084853100426,-0.04015486533340962,-0.030560141808210095
2021-12-21,-0.051794085742957297,-0.030137390139858278,-0.01332550345759076
2021-12-22,-0.04324861371502564,-0.02506159815048492,-0.0032809624902736534
2021-12-23,-0.03890495156781615,-0.01952153587914962,0.0
2021-12-27,-0.027365746397677415,-0.0132410077193158,0.0
2021-12-28,-0.03360404111326243,-0.015820482318885887,-0.0010101548486259881
2021-12-29,-0.03771417667156274,-0.017812949779304477,0.0
2021-12-30,-0.040149024293403834,-0.016884994577424983,-0.0029897555945092025
2021-12-31,-0.043093705045790576,-0.01966767253536761,-0.005608083872077674
2022-01-03,-0.03269418087276732,-0.014285269665267664,0.0
2022-01-04,-0.03363020669032901,-0.01860734509131734,-0.0006296219570606221
2022-01-05,-0.049904410804070265,-0.029188060916076952,-0.020010169641634712
2022-01-06,-0.05083282912712417,-0.0357106980196108,-0.02095465347633274
2022-01-07,-0.058370901224364724,-0.0387876314653024,-0.024919999328131826
2022-01-10,-0.05889259154284909,-0.038350592970625375,-0.0263251200837189
2022-01-11,-0.05145052789372606,-0.031041135842224565,-0.01740627311137599
2022-01-12,-0.04351234368913437,-0.02777924777103946,-0.014637565271742758
2022-01-13,-0.046389549766442384,-0.037452733414166106,-0.028672688709712735
2022-01-14,-0.04133934732477784,-0.03486090257461871,-0.027876219478986553
2022-01-18,-0.0565944740628781,-0.045423787604832566,-0.04575157876306013
2022-01-19,-0.0624154805031103,-0.047983852002040694,-0.054997808793431635
2022-01-20,-0.06469506314490037,-0.049607351316640624,-0.06542815565557814
2022-01-21,-0.07467973887973223,-0.06046514106288858,-0.08310541561411566
2022-01-24,-0.07515707843586983,-0.05929658190395193,-0.08056402318759748
2022-01-25,-0.08590508918448114,-0.06458940264012036,-0.09175531170358808
2022-01-26,-0.08373609076180644,-0.06637588710577069,-0.09311462326262276
2022-01-27,-0.09852589097008113,-0.07587108308126755,-0.09799737462404645
2022-01-28,-0.09356203682781039,-0.06851098914964082,-0.07603573320927515
2022-01-31,-0.07814857430215605,-0.055656395507213796,-0.058585788663852445
2022-02-01,-0.07452329929572976,-0.05225843935915986,-0.05212485958208768
2022-02-02,-0.06359706002283394,-0.04985272224805137,-0.04319349142935369
2022-02-03,-0.08097439123970207,-0.0650602206009483,-0.06653103751213296
2022-02-04,-0.07599679839156348,-0.05763495620970838,-0.06171720354196708
2022-02-07,-0.07535397876270666,-0.05823059330454505,-0.06519045682457769
2022-02-08,-0.07107634816296293,-0.05229414205873084,-0.05733692816761682
2022-02-09,-0.05902472307174356,-0.0440710830155705,-0.04365209238595158
2022-02-10,-0.06607884661505059,-0.05042126337999486,-0.0609770287238931
2022-02-11,-0.08191818462546441,-0.060929673593074885,-0.07878978210601162
2022-02-14,-0.07540537873481157,-0.05519493242223916,-0.08232777905308308
2022-02-15,-0.06332861973732995,-0.049386109457222105,-0.06785909701929727
2022-02-16,-0.06004991099845114,-0.0474722383978734,-0.06703768722600367
2022-02-17,-0.06950632249640154,-0.052562022375877704,-0.08679142716515886
2022-02-18,-0.07433547248101713,-0.056734318430094355,-0.09333562718643462
2022-02-22,-0.07720162220511695,-0.05980606666318966,-0.10253187429345667
2022-02-23,-0.08295944450769199,-0.06761699900303486,-0.11905616767387506
2022-02-24,-0.07007681258222842,-0.051579197409496014,-0.1058800175703718
2022-02-25,-0.07509788918377558,-0.05450545943722851,-0.08587615941803983
2022-02-28,-0.07317697919339072,-0.04898130425658165,-0.08810900145622336
2022-03-01,-0.07793834035615987,-0.052440959410827825,-0.10221915017832484
2022-03-02,-0.07041354539300049,-0.045906220195150116,-0.08548209852947364
2022-03-03,-0.07590489542907997,-0.0510546181747924,-0.09028758504604562
2022-03-04,-0.08443241345142782,-0.05407139857033938,-0.09750528205485776
2022-03-07,-0.0942281391251274,-0.06024072224300314,-0.12414526401621406
2022-03-08,-0.083508464310178,-0.051605343948089244,-0.13048098129406882
2022-03-09,-0.07295714075650617,-0.048359203948258433,-0.10813586600504577
2022-03-10,-0.07684442507614297,-0.050222760804947586,-0.11196358067075829
2022-03-11,-0.08685717920259395,-0.06027686583442082,-0.12347390479118348
2022-03-14,-0.09848837945063516,-0.070843095228182,-0.12997860710520948
2022-03-15,-0.09311527728987135,-0.06830563779288212,-0.11135268958517697
2022-03-16,-0.07594063190189226,-0.05622458862267832,-0.09146142025814974
2022-03-17,-0.06781540839748346,-0.045813750278531185,-0.08024295161887118
2022-03-18,-0.05979573299643626,-0.041129005501801985,-0.06951647375056658
2022-03-21,-0.0584989294619499,-0.04262085990404285,-0.06992091805701794
2022-03-22,-0.05904028060116717,-0.03912585732855356,-0.05940719845714604
2022-03-23,-0.06441693373676816,-0.04105721347444202,-0.07095081059373265
2022-03-24,-0.043763533241828134,-0.028870636137435013,-0.05762460992196616
2022-03-25,-0.04827883395915611,-0.031294642304312004,-0.052850375457264565
2022-03-28,-0.04880589735573848,-0.029402440956586062,-0.04608303374967082
2022-03-29,-0.0471044951592936,-0.02723422461334124,-0.034391305210897616
2022-03-30,-0.05163149129923694,-0.02774117475355775,-0.04046855682198158
2022-03-31,-0.057387384534802854,-0.03189977197795679,-0.055487661801899346
2022-04-01,-0.06168686347825225,-0.03296290517965417,-0.05226666449497097
2022-04-04,-0.05446809249576268,-0.02605274645066258,-0.044598612184940434
2022-04-05,-0.06432814703546452,-0.03197331876806553,-0.056590543658454284
2022-04-06,-0.07732221249983418,-0.04209734720567471,-0.06575757467789733
2022-04-07,-0.0789217990841592,-0.041512240868599615,-0.061783881372504346
2022-04-08,-0.08537434685997569,-0.044672325305494254,-0.0642711171488759
2022-04-11,-0.09346335576933751,-0.050440274764297355,-0.08006368496302907
2022-04-12,-0.09458074996120946,-0.04991679799836424,-0.08320751922331993
2022-04-13,-0.08298128491691248,-0.04053291588395502,-0.0729627505063184
2022-04-14,-0.09446638407707364,-0.050021840241586624,-0.08422081865106101
2022-04-18,-0.09087898186291832,-0.050462432805158386,-0.08440843276049714
2022-04-19,-0.0859461963201179,-0.043178235700665146,-0.06970622562250828
2022-04-20,-0.09017422974077427,-0.04968635503617547,-0.07028158913120763
2022-04-21,-0.10014026921923036,-0.05757110964341028,-0.08399767696474314
2022-04-22,-0.10907448335903314,-0.06626796937511004,-0.10940763109955765
2022-04-25,-0.11352033941241679,-0.06974757587950653,-0.10433309190190065
2022-04-26,-0.12589607582532958,-0.08097083611256017,-0.12954280894867332
2022-04-27,-0.13533894923675094,-0.08408760247655833,-0.12771654897944684
2022-04-28,-0.1198612919980302,-0.07411079901478423,-0.10613023758176243
2022-04-29,-0.12807695325690882,-0.08374081722484039,-0.13856386132843557
2022-05-02,-0.12172548476447698,-0.07870540825936956,-0.13367500207413818
2022-05-03,-0.12735268100348585,-0.08481935821882935,-0.12948447857172984
2022-05-04,-0.11821657466753732,-0.07581403547865329,-0.10348877751033081
2022-05-05,-0.12860592333111298,-0.08723181827876536,-0.1354491413575094
2022-05-06,-0.13324809892822753,-0.09316326692339139,-0.14035479731720957
2022-05-09,-0.1523238275485933,-0.10963984041450392,-0.16789533718368077
2022-05-10,-0.14710324729151358,-0.10736420794214674,-0.16585010925493326
2022-05-11,-0.15259195500080347,-0.11754073549305133,-0.1795828919956569
2022-05-12,-0.1569227588913068,-0.11980593894981484,-0.18064612344764053
2022-05-13,-0.14831803133896737,-0.11316491802337203,-0.16108839597062274
2022-05-16,-0.15316174574795982,-0.11701723153271815,-0.16439907750457938
2022-05-17,-0.14092252561713303,-0.10645821227832719,-0.14754531420273398
2022-05-18,-0.15642673273371954,-0.12290373360562079,-0.18198044354500043
2022-05-19,-0.15199532938717641,-0.11817257176344564,-0.18675259114630371
2022-05-20,-0.1546621308627223,-0.120612540926606,-0.1866337417308036
2022-05-23,-0.14552390885750977,-0.11248637440172393,-0.17154169833015287
2022-05-24,-0.15293163817860134,-0.1174369261924949,-0.17826944053228233
2022-05-25,-0.15211720475039814,-0.11644625836378253,-0.17050345833984404
2022-05-26,-0.14589086101252202,-0.10864759043363359,-0.15401036611218866
2022-05-27,-0.1342731172399868,-0.09833341732203582,-0.13307866813323943
2022-05-31,-0.13553746105370146,-0.10168249041042565,-0.1385180521318835
2022-06-01,-0.13753345217235002,-0.10282276772487209,-0.1449643222707514
2022-06-02,-0.12768870288585954,-0.0947838113778009,-0.1292051442709744
2022-06-03,-0.13653835648842005,-0.10234931695661587,-0.14344030120055695
2022-06-06,-0.13392387717122278,-0.10073261127597832,-0.14075293013435808
2022-06-07,-0.13165856028320033,-0.09749403687382563,-0.13256998245507734
2022-06-08,-0.1334087811456831,-0.09915069450708125,-0.1419329750375503
2022-06-09,-0.14323540600645612,-0.10873564893117915,-0.16235384957583188
2022-06-10,-0.15570062396508755,-0.12147219286928546,-0.18673798310251388
2022-06-13,-0.16875192292449892,-0.1345183268578506,-0.21826687521727506
2022-06-14,-0.16898910615320117,-0.13608345821501477,-0.22121688567704156
2022-06-15,-0.16065163793990578,-0.12843263538566196,-0.2098524892971898
2022-06-16,-0.17334379191919191,-0.13925083312340536,-0.2355417268336527
2022-06-17,-0.16827685680020243,-0.132982216304384,-0.23385925684249387
2022-06-21,-0.1592512974945659,-0.12639577251515832,-0.21510624425158165
2022-06-22,-0.16230872325987256,-0.12652407808885857,-0.21612784023380982
2022-06-23,-0.1628177102600893,-0.12204261051064447,-0.2086558003859167
2022-06-24,-0.1537289976055225,-0.11537395197830036,-0.18446971528566325
2022-06-27,-0.15673396206833712,-0.11726263215032595,-0.18689434516007986
2022-06-28,-0.16659322341840255,-0.12697750539827757,-0.2032727616990322
2022-06-29,-0.16963629294548543,-0.12726694160176333,-0.2038398286532449
2022-06-30,-0.1753090893099053,-0.13108985354047387,-0.2108136171399687
2022-07-01,-0.18741579294140964,-0.13180948902716205,-0.2024846908210074
2022-07-05,-0.18981992214118715,-0.13108161764316595,-0.20122132407919668
2022-07-06,-0.19208983048915096,-0.13297840741410816,-0.1983671566384394
2022-07-07,-0.18127449922609895,-0.12754071524512212,-0.18637105143812838
2022-07-08,-0.18172905133144668,-0.1287741676211248,-0.18704658438995603
2022-07-11,-0.18956766765633348,-0.1349747143531963,-0.19641787352691575
2022-07-12,-0.1929404097869094,-0.13916643927631211,-0.20384608924344017
2022-07-13,-0.19222871666901575,-0.14057472842267338,-0.20739446960839691
2022-07-14,-0.19302685921187002,-0.14437943788393803,-0.2097712034228626
2022-07-15,-0.18616439645036997,-0.13845664786317458,-0.1945978232487774
2022-07-18,-0.1865978168315059,-0.13858821924932319,-0.2013338620053936
2022-07-19,-0.1765027761665875,-0.13075744482366625,-0.17926808101712643
2022-07-20,-0.1721348873476346,-0.12675673883771943,-0.1744292046861784
2022-07-21,-0.16738160805329305,-0.12339120049749752,-0.16628794337576036
2022-07-22,-0.17098243898968402,-0.12377162630771421,-0.17406853361198804
2022-07-25,-0.17447269062886683,-0.1279491344153474,-0.17298229576351365
2022-07-26,-0.180739636690451,-0.13322108155744927,-0.1825287287286259
2022-07-27,-0.1671585174179423,-0.12248255710463984,-0.16114672634756566
2022-07-28,-0.15688494704969813,-0.1127614064733985,-0.15096863546110162
2022-07-29,-0.15332787377739787,-0.1070780943908034,-0.13890580153114596
2022-08-01,-0.15149217142629157,-0.10444983573362787,-0.14133674289486542
2022-08-02,-0.15156784516186916,-0.10372946583499454,-0.14705749715855632
2022-08-03,-0.14879458107911725,-0.0987845047218836,-0.13371877530639886
2022-08-04,-0.1419568652160591,-0.09386467857214809,-0.1343921704957206
2022-08-05,-0.14508365243215193,-0.09704390367393367,-0.13579942901381337
2022-08-08,-0.14919043509773933,-0.09554030399031299,-0.13686892105599258
2022-08-09,-0.15603268919302749,-0.09743385235035462,-0.14053609993734217
2022-08-10,-0.14506996731322397,-0.08845865046894597,-0.12223756547533815
2022-08-11,-0.14565672892273196,-0.09003243763496194,-0.12285680401451349
2022-08-12,-0.139341485767008,-0.08410891558177924,-0.10766260610555056
2022-08-15,-0.1400528631641239,-0.08457115457123532,-0.10412043543168215
2022-08-16,-0.14329810520857567,-0.0854711701398927,-0.10244005230392184
2022-08-17,-0.1494081339614065,-0.09079727413662331,-0.10893640716435404
2022-08-18,-0.1472864279016477,-0.09036835248650787,-0.10691408383388279
2022-08-19,-0.1581208469637928,-0.09924828048971512,-0.1184348931704079
2022-08-22,-0.17003955127739112,-0.11010882869354954,-0.13730044368751737
2022-08-23,-0.16636689702926866,-0.10791515205253488,-0.13923104682666887
2022-08-24,-0.16686588242786515,-0.10678938812486272,-0.13672090645202084
2022-08-25,-0.15810426154515123,-0.10029996978121813,-0.12455591801375299
2022-08-26,-0.17376664500851424,-0.11304456015417108,-0.1540479296533609
2022-08-29,-0.17845313749562886,-0.11606506706397379,-0.15968734714361743
2022-08-30,-0.18407176419018945,-0.1228222009473442,-0.16895444580797403
2022-08-31,-0.18799669209211678,-0.12682360708705953,-0.17545074976929875
2022-09-01,-0.19789558571206622,-0.13111086571060737,-0.17298020890011512
2022-09-02,-0.19803588230396318,-0.13194869128856024,-0.18185950726610112
2022-09-06,-0.20113919526886737,-0.1356166403087844,-0.1852098392046293
2022-09-07,-0.19776614322636243,-0.12943331733052799,-0.17026575950884293
2022-09-08,-0.19552925166837642,-0.12656275942886563,-0.16478061721275372
2022-09-09,-0.18885150119192684,-0.11964490927895122,-0.15202560632288975
2022-09-12,-0.18521963741094216,-0.11360508222806476,-0.14305041403878727
2022-09-13,-0.20411154622937644,-0.13286826639347182,-0.18010201199081088
2022-09-14,-0.20229269530421345,-0.1308532407371843,-0.177325007596691
2022-09-15,-0.2091435559964404,-0.1374177695859904,-0.18663582859420158
2022-09-16,-0.21212912227210878,-0.1439848361643492,-0.19247751913679123
2022-09-19,-0.21055076322789856,-0.14175132282738323,-0.18694025615484666
2022-09-20,-0.21373537113349417,-0.14454475804593625,-0.1961051494117837
2022-09-21,-0.21508787725229606,-0.1483750782384894,-0.20986501047758044
2022-09-22,-0.21957286595396608,-0.15215198066205382,-0.21652393708666684
2022-09-23,-0.22711598763628216,-0.16171271279358812,-0.23002528158658564
2022-09-26,-0.22968698055893289,-0.163287444412882,-0.2379872253420542
2022-09-27,-0.23064827588796466,-0.16408036040354845,-0.23960296660356817
2022-09-28,-0.22472892026789393,-0.15559858788560943,-0.22464432976309978
2022-09-29,-0.23151018101645282,-0.1629603998179764,-0.24102483316545054
2022-09-30,-0.23227218146855222,-0.16418952299121536,-0.25246008110263696
2022-10-03,-0.2270135938195117,-0.1586866335035143,-0.2331108363690403
2022-10-04,-0.2086075546328704,-0.14206327356806947,-0.20965652773415944
2022-10-05,-0.20910612305111864,-0.14507739928880703,-0.21125140036168832
2022-10-06,-0.20811272548852655,-0.14468253376178353,-0.21933219353265687
2022-10-07,-0.22312398219109697,-0.1580929167890025,-0.24119371640340725
2022-10-10,-0.2313218374437952,-0.1639676035401596,-0.24687904488843104
2022-10-11,-0.23970056935302864,-0.16876733864935767,-0.25178877277671363
2022-10-12,-0.23838584758894654,-0.16799035319830724,-0.25425096619230336
2022-10-13,-0.23672141876380492,-0.16587492266563375,-0.2348871134149172
2022-10-14,-0.24579843362111198,-0.17381073485819487,-0.25299172227818234
2022-10-17,-0.23648564330884692,-0.16236473351717473,-0.23321090401395383
2022-10-18,-0.23762682640309962,-0.16185175999880153,-0.22444836820006941
2022-10-19,-0.23848281014064043,-0.16759607614575167,-0.2296229241435327
2022-10-20,-0.23562534709820349,-0.1686097845897092,-0.23574812271367485
2022-10-21,-0.22948297004840568,-0.16117750675261533,-0.21761638462622923
2022-10-24,-0.2276475867519604,-0.15780181792844816,-0.208320120773401
2022-10-25,-0.22107533480006014,-0.14997613340619098,-0.19544213764034724
2022-10-26,-0.22784618943942136,-0.15439645058128026,-0.20138598269124885
2022-10-27,-0.23094849614251767,-0.15995102278381157,-0.20624364079278346
2022-10-28,-0.2253500799646836,-0.15411993117037204,-0.18669629673365074
2022-10-31,-0.23138085510270623,-0.15834976868382578,-0.19275899120005247
2022-11-01,-0.23250590554610784,-0.15971597158441186,-0.196069672734009
2022-11-02,-0.23952329856083776,-0.16809417567780005,-0.21616952660267197
2022-11-03,-0.24535129476066864,-0.17599584042273575,-0.22446714997065564
2022-11-04,-0.22829961990482905,-0.1651921298074438,-0.2139053816135108
2022-11-07,-0.2237207387108956,-0.16212459898296516,-0.20634788216449373
2022-11-08,-0.21829032851966568,-0.16085277172732193,-0.20190510268640305
2022-11-09,-0.21783449512372854,-0.1613758761814117,-0.21848782824197943
2022-11-10,-0.18908674205296505,-0.13756049764685174,-0.17516510397924023
2022-11-11,-0.17900270025759035,-0.12992676032129225,-0.1675430135630842
2022-11-14,-0.17856165993495066,-0.13142720040823974,-0.17498166359660128
2022-11-15,-0.16685747329293232,-0.12695266112560388,-0.16779318267536802
2022-11-16,-0.17203557965467875,-0.13100014728738174,-0.17466059202787543
2022-11-17,-0.17232909976008504,-0.13428781196290462,-0.17721033190798774
2022-11-18,-0.17379241265983225,-0.13537263908828145,-0.17329501987864537
2022-11-21,-0.18037341889740222,-0.14013094078315935,-0.1765056846667955
2022-11-22,-0.1726991020472476,-0.1359454872901671,-0.1653226418061844
2022-11-23,-0.17012527424632629,-0.13360725271074603,-0.16038578469372133
2022-11-25,-0.1715538077819092,-0.13309013532348202,-0.1606234326256143
2022-11-28,-0.17737406622501983,-0.13825789633014784,-0.1735869262588995
2022-11-29,-0.17799996389349948,-0.13885194033275394,-0.17490246458567282
2022-11-30,-0.1634449076238541,-0.12662710645103037,-0.1493674513442701
2022-12-01,-0.1545936474478794,-0.11810162604264185,-0.15010548839983817
2022-12-02,-0.16029737851481662,-0.12160156161944147,-0.15112082379187064
2022-12-05,-0.16348034122126787,-0.12831633367815087,-0.1663108479740365
2022-12-06,-0.17012020261539662,-0.13437677746383658,-0.17831530062794154
2022-12-07,-0.16889420506863706,-0.13436899983125827,-0.17984558228833158
2022-12-08,-0.1631608853868043,-0.1299581493686277,-0.1736765595868207
2022-12-09,-0.16450235025694326,-0.13086815261300955,-0.1797496883702151
2022-12-12,-0.16258755591005258,-0.1288635375731948,-0.1680370911974568
2022-12-13,-0.1510355255169249,-0.1199615921043865,-0.1619723607667638
2022-12-14,-0.15704229814018156,-0.1246042143168774,-0.16704471130280774
2022-12-15,-0.1712021839737603,-0.13755525509317423,-0.18780335231700307
2022-12-16,-0.17382764870070866,-0.13866437814630495,-0.1968493961584401
2022-12-19,-0.1770942696912049,-0.14281573204287035,-0.20408378807444028
2022-12-20,-0.17454121357574637,-0.13897070718629911,-0.20325815365524236
2022-12-21,-0.1688575373553135,-0.1342970563635818,-0.19141220082140897
2022-12-22,-0.18097830046614816,-0.14283001743603407,-0.2030976687699867
2022-12-23,-0.181252229882101,-0.1422535137515707,-0.19842136418769274
2022-12-27,-0.18800961531217086,-0.1457151167960029,-0.2016674547545102
2022-12-28,-0.19038256153284394,-0.1487300947835134,-0.2112639215420793
2022-12-29,-0.18054171136438635,-0.1403966891836519,-0.19749153929589147
2022-12-30,-0.1823988780745467,-0.14064984568034777,-0.19953050663444327
2023-01-03,-0.17789909904123757,-0.13769950379639717,-0.2027328239689996
2023-01-04,-0.16873296995660914,-0.1333128355727331,-0.19672225018845324
2023-01-05,-0.17781393147142965,-0.1416494558969189,-0.20607684441822505
2023-01-06,-0.16371970740758246,-0.13029485521845074,-0.1879430194673808
2023-01-09,-0.1487196431151141,-0.12425491951881107,-0.18856638083424582
2023-01-10,-0.1438627097791646,-0.12069819204793963,-0.18290400784660577
2023-01-11,-0.13903147429286478,-0.1152724394142477,-0.17240479449230883
2023-01-12,-0.12809102277546836,-0.11150289504914612,-0.1695778071748394
2023-01-13,-0.12078300347524695,-0.10542627205080601,-0.1662587272881817
2023-01-17,-0.11371738336391235,-0.10383503514892245,-0.16795163159633286
2023-01-18,-0.11513602952000801,-0.10742012661811506,-0.1809004662867214
2023-01-19,-0.1216057609702722,-0.11116065960847654,-0.18715703545275475
2023-01-20,-0.1042763973227887,-0.10067519036800132,-0.17177934626204538
2023-01-23,-0.08691190256006542,-0.09455037904868102,-0.16193897095238796
2023-01-24,-0.08972795028565705,-0.09469062625521074,-0.16253525399417956
2023-01-25,-0.09097115491564711,-0.0939419613782595,-0.16268744232494847
2023-01-26,-0.0843374628697825,-0.0870680848628621,-0.15347042838215608
2023-01-27,-0.08326077764491002,-0.08472540831161313,-0.15135847172376393
2023-01-30,-0.0949212985264195,-0.09204828280616939,-0.1623642838928243
2023-01-31,-0.08987963682855038,-0.0857097477678267,-0.15009922780964302
2023-02-01,-0.07516125895456982,-0.07770002973238077,-0.14121580661596744
2023-02-02,-0.05974017887116445,-0.06549605872126674,-0.12859221722110192
2023-02-03,-0.07687476674678984,-0.07839956569351847,-0.13761530556515544
2023-02-06,-0.08442799807559442,-0.08256479091928781,-0.14291074688841
2023-02-07,-0.06860853983164461,-0.07537388163101888,-0.13187785639427652
2023-02-08,-0.07844943883686839,-0.08181747771593695,-0.141497278679229
2023-02-09,-0.0779418789288322,-0.08489555380658675,-0.14907768272652233
2023-02-10,-0.0897005902981276,-0.08995811631777506,-0.14720968548932578
2023-02-13,-0.08437427973232048,-0.08460359835757447,-0.1374464223271984
2023-02-14,-0.07309564320903217,-0.08122653126811319,-0.13768829488499568
2023-02-15,-0.08239152909300984,-0.08208704570185399,-0.1352969530267406
2023-02-16,-0.09358820247354849,-0.08950108510931332,-0.14722011980631833
2023-02-17,-0.09893514094244038,-0.09104250601714492,-0.14958010781448883
2023-02-21,-0.11104266587220046,-0.10029633758586265,-0.16662357208916878
2023-02-22,-0.11245281468070245,-0.09992652536804081,-0.16793493668914505
2023-02-23,-0.09201784177863725,-0.09848708686804863,-0.16350050466464838
2023-02-24,-0.1029430567185039,-0.1070632785543083,-0.17231516116438816
2023-02-27,-0.09874459101218258,-0.10348921905374608,-0.16977168187447145
2023-02-28,-0.10178438006187107,-0.10300019600030685,-0.1722922565661119
2023-03-01,-0.10114009586216122,-0.10315542901630337,-0.17620339486865733
2023-03-02,-0.09467341291764764,-0.10105757377287705,-0.16995720912050916
2023-03-03,-0.08632448137349513,-0.0928232308893493,-0.15655389630121264
2023-03-06,-0.08842814915201447,-0.09205345910591034,-0.15597430816660895
2023-03-07,-0.09667133889860258,-0.10000579647700336,-0.1689106216766062
2023-03-08,-0.08877912852019998,-0.09989293930875165,-0.16773480139931796
2023-03-09,-0.09714813385722254,-0.10563041146883412,-0.1830978825462377
2023-03-10,-0.09972458110942317,-0.10802974911707186,-0.19492510450859168
2023-03-13,-0.0914010891324164,-0.09924311329371527,-0.19614057519045147
2023-03-14,-0.07888349121404437,-0.09178897211164116,-0.18289566039301197
2023-03-15,-0.07872527742516044,-0.08933487960644382,-0.1885997706486222
2023-03-16,-0.06037357303988533,-0.07998799288918901,-0.1743499547761429
2023-03-17,-0.052162184505199605,-0.07731407360387588,-0.18344817020254245
2023-03-20,-0.04793528055460927,-0.0747074614577532,-0.17616583132748387
2023-03-21,-0.04291115819718416,-0.07090991691903914,-0.1654706564101569
2023-03-22,-0.04331565868011111,-0.07763320095413395,-0.1792096997410758
2023-03-23,-0.02748179786999927,-0.06968630883648985,-0.17676002750587727
2023-03-24,-0.032346233433310334,-0.06621504003901513,-0.17211711273795938
2023-03-27,-0.04568752465714587,-0.07462044915817279,-0.17075362745212774
2023-03-28,-0.04593131007534945,-0.07400865371932741,-0.17205873146190853
2023-03-29,-0.036896215475425764,-0.06669483799456277,-0.16027110900501873
2023-03-30,-0.03261804883348929,-0.06365263867642457,-0.15547183217953509
2023-03-31,-0.024624383242470405,-0.05474573761092616,-0.14327976541619392
2023-04-03,-0.023594000535571147,-0.05521761552255333,-0.14011088879512112
2023-04-04,-0.024195035195200054,-0.053588340928885314,-0.1450956419675351
2023-04-05,-0.02775113770019033,-0.05487128469974212,-0.1472263803965138
2023-04-06,-0.0280243746320622,-0.05587522360597352,-0.14417416452932796
2023-04-10,-0.027291226301431326,-0.0558577143549539,-0.143321502684164
2023-04-11,-0.03054559076641561,-0.05745267789865394,-0.14335692846283132
2023-04-12,-0.03771421310339529,-0.060050698893875265,-0.1468990482375926
2023-04-13,-0.028092938738083717,-0.046499120342849865,-0.13558463478109017
2023-04-14,-0.028637282278074938,-0.05196181876743877,-0.13737343300735816
2023-04-17,-0.03618959493941176,-0.054064339010508444,-0.13452145422821393
2023-04-18,-0.03236553207485726,-0.05363075599998868,-0.13378127941014006
2023-04-19,-0.03626752189260796,-0.05470971731374363,-0.1338542687299804
2023-04-20,-0.03394418651046749,-0.0555873331789134,-0.13901004290285723
2023-04-21,-0.04243650297204726,-0.05982475376206342,-0.138232406341825
2023-04-24,-0.043528753247162655,-0.06024959381425632,-0.13749854301305375
2023-04-25,-0.054684081904077586,-0.06682675626730761,-0.1511354318356608
2023-04-26,-0.048128838622383596,-0.0627689416369358,-0.1543960795471605
2023-04-27,-0.0406816029092506,-0.055607960824307634,-0.13785086663364976
2023-04-28,-0.03644282724992487,-0.05320615715588162,-0.13073537503225696
2023-05-01,-0.030128812125367332,-0.05356348119474885,-0.13107100374566505
2023-05-02,-0.0354409481890563,-0.05610963903482025,-0.14113864356933004
2023-05-03,-0.035324157833228176,-0.05525289565730662,-0.14714921734987663
2023-05-04,-0.03233589364898071,-0.05290663952363983,-0.15330571887099642
2023-05-05,-0.02697328265332999,-0.05007698066105193,-0.13766325252421374
2023-05-08,-0.020794947419151888,-0.04925247427162349,-0.1372733653624446
2023-05-09,-0.022895798021617564,-0.04767951262378556,-0.14122415406956146
2023-05-10,-0.014128296017036801,-0.042453490933657356,-0.13737343300735816
2023-05-11,-0.01693298015202671,-0.0446593178980248,-0.13883698593810334
2023-05-12,-0.017272683830953373,-0.04552206805138492,-0.14020047122393486
2023-05-15,-0.01085015959637703,-0.042739999273198714,-0.1376570428331254
2023-05-16,-0.008522093011879783,-0.04518665584025261,-0.14315679317300412
2023-05-17,0.0,-0.044557683158840455,-0.13296821707044038
2023-05-18,0.0,-0.0402478797118172,-0.12477905970007164
2023-05-19,-0.0025590166360233146,-0.04105574669517764,-0.12604451330528077
2023-05-22,0.0,-0.03763582250107156,-0.1259090198816999
2023-05-23,-0.009073653882072708,-0.04308310183549813,-0.1357180922403799
2023-05-24,-0.013841593025817,-0.04550925817983287,-0.14204342610034915
2023-05-25,0.0,-0.04137105312223366,-0.13452980168180773
2023-05-26,0.0,-0.03216427134521205,-0.12323620596018325
2023-05-30,0.0,-0.02999053565122234,-0.1232216488155009
2023-05-31,-0.015518225099086957,-0.031002874287041182,-0.12857755827820483
2023-06-01,-0.002442264814079942,-0.02406635211955399,-0.11999016629247283
2023-06-02,-0.005519027866389692,-0.020944326691989756,-0.10719972962394142
2023-06-05,-0.006810466091669465,-0.0217126754648721,-0.1089885278502094
2023-06-06,-0.007659455981368302,-0.020451484488728577,-0.10689117923560687
2023-06-07,-0.017137006142426192,-0.024692172052486416,-0.11029571872338872
2023-06-08,-0.011018681163182498,-0.0203510726531152,-0.10478965689420716
2023-06-09,-0.007910525140039981,-0.020485384206536117,-0.10376190211999825
2023-06-12,0.0,-0.014679221990163471,-0.09540793344025478
2023-06-13,0.0,-0.010732212653244422,-0.08913685802864657
2023-06-14,0.0,-0.008733429130207249,-0.08839047351948437
2023-06-15,-0.00300084310409765,-0.003989097911669126,-0.07728876743230761
2023-06-16,-0.006076188197096322,-0.006010361178032775,-0.08067661201290144
2023-06-20,-0.004853476513458466,-0.010714744997602499,-0.08502970726396397
2023-06-21,-0.01564645771602413,-0.01683326913165928,-0.08982898408944762
2023-06-22,-0.01134227642898522,-0.013317744973901369,-0.08645152292673897
2023-06-23,-0.018826099689118192,-0.016371307312687544,-0.09344821601173892
2023-06-26,-0.032706053906166876,-0.022558761208861355,-0.09751576727095734
2023-06-27,-0.021330025911668216,-0.015780257392258412,-0.08717703880191607
2023-06-28,-0.02626406032594253,-0.016018105887356637,-0.0875002481331476
2023-06-29,-0.03012744128990308,-0.01722948948375702,-0.08341813972924683
2023-06-30,-0.019902300032360376,-0.00888823481412504,-0.07217259276489507
2023-07-03,-0.0135640520959176,-0.005501928853360316,-0.07108640581552783
2023-07-05,-0.017615400028308636,-0.006835797156941714,-0.0729148035472601
2023-07-06,-0.02580555782230931,-0.012761862192247952,-0.08025964652605921
2023-07-07,-0.0221055910010729,-0.011437577952388644,-0.0828947951081882
2023-07-10,-0.024838712384393724,-0.010431375283886601,-0.08068913319329252
2023-07-11,-0.020858969735541688,-0.006330553796509597,-0.0744909453033098
2023-07-12,-0.0038401885051703166,0.0,-0.06763178160618188
2023-07-13,0.0,0.0,-0.059734479716959665
2023-07-14,-0.0023471259403187172,-0.0013848559918235859,-0.060697694423136994
2023-07-17,0.0,0.0,-0.0570763247383399
2023-07-18,0.0,0.0,-0.05036527744339836
2023-07-19,-0.009005370663958012,0.0,-0.04812612391591209
2023-07-20,-0.029473324123434508,-0.009457331147605386,-0.05455783691009797
2023-07-21,-0.03505659323965482,-0.012546586174388419,-0.05425142428426899
2023-07-24,-0.032456023585395566,-0.011667539409557559,-0.05043612900073291
2023-07-25,-0.02419790800280197,-0.009018031393377868,-0.04776341687743069
2023-07-26,-0.01997258524965584,-0.00849697098052482,-0.04791143148140253
2023-07-27,-0.016937729962430148,-0.013856157153016357,-0.05402828259795078
2023-07-28,-0.006109897486921034,-0.003912407679809049,-0.04468412268517152
2023-07-31,-0.006020492726605875,-0.0005856512742399289,-0.04328103789387572
2023-08-01,-0.01238486168869668,-0.005798428454296789,-0.04583077777398792
2023-08-02,-0.032701658210102735,-0.01628472898635991,-0.05903604216685576
2023-08-03,-0.03335930156610867,-0.017871067419463205,-0.061433593716199164
2023-08-04,-0.031193371243904533,-0.018541407037399482,-0.0664080652689425
2023-08-07,-0.023616849722466804,-0.01713425090291887,-0.057983245031864694
2023-08-08,-0.03183637581000187,-0.02141099018674153,-0.061956938337257905
2023-08-09,-0.04575831832988264,-0.02716126367608751,-0.06855957053369177
2023-08-10,-0.04524314169262955,-0.026857971428142835,-0.0683260454294885
2023-08-11,-0.0585931033213668,-0.030555552343862757,-0.06932264995004178
2023-08-14,-0.04209435925400795,-0.027427843581688482,-0.0639708124159204
2023-08-15,-0.04571127178080636,-0.03249848215317985,-0.07478280078445632
2023-08-16,-0.0494163902117456,-0.03750668432597759,-0.08177318238015363
2023-08-17,-0.05045456609271948,-0.043685257457603544,-0.08885538596538489
2023-08-18,-0.0520374262617348,-0.04486373302756019,-0.08899087938896577
2023-08-21,-0.030672264492934365,-0.03854472765189432,-0.08272387590593988
2023-08-22,-0.0359527771664242,-0.03783788101717411,-0.08527157982176092
2023-08-23,-0.019854248552236498,-0.027502845313153057,-0.0751685142194285
2023-08-24,-0.027207965344545726,-0.03578171254070761,-0.08761487292274306
2023-08-25,-0.03209026945194737,-0.031831232417432354,-0.08148550062580384
2023-08-28,-0.024983040719205207,-0.027987911333240523,-0.07573135654773677
2023-08-29,-0.00826896228514773,-0.018182050579503395,-0.06232178313824477
2023-08-30,-0.002691849148039882,-0.01326762998852049,-0.05872749177852088
2023-08-31,-0.00497787268953076,-0.01344204211797162,-0.060230644214730344
2023-09-01,-0.009963783021256667,-0.01374763438812443,-0.05853987766908475
2023-09-05,-0.009719077757096906,-0.015937951121303362,-0.062488528613695804
2023-09-06,-0.02072752402814726,-0.02129288602848778,-0.06902448297959207
2023-09-07,-0.030574335779854134,-0.02579069555032898,-0.07201409294482297
2023-09-08,-0.03362992216614413,-0.02403823878457345,-0.07069020716445584
2023-09-11,-0.03548442562408294,-0.019223663977913974,-0.06444203635112367
2023-09-12,-0.040546945075503715,-0.026141644806057407,-0.0697708674887545
2023-09-13,-0.035165060555475636,-0.024078691295576493,-0.06861586494634409
2023-09-14,-0.03357600677661454,-0.022036501287617805,-0.06076437225367448
2023-09-15,-0.045127930695372576,-0.02551712099360237,-0.07218511394528582
2023-09-18,-0.04480685115423522,-0.025918134893810785,-0.07151589248276102
2023-09-19,-0.047008964997331315,-0.025354557429853708,-0.0735130716542356
2023-09-20,-0.05735906640430288,-0.03096190672107524,-0.08221722619206906
2023-09-21,-0.07249687595114751,-0.042809747806546006,-0.097269720986363
2023-09-22,-0.0672165805351137,-0.041467833787327546,-0.0993420272401836
2023-09-25,-0.06314525949897987,-0.03975880085437389,-0.09571862159109534
2023-09-26,-0.07257599587682273,-0.04893500036707965,-0.10904278629857056
2023-09-27,-0.06906409292230509,-0.05066271329598082,-0.1088384772819464
2023-09-28,-0.06429003116492615,-0.04898545252041264,-0.10358670739273845
2023-09-29,-0.0621679789652293,-0.048779378246379124,-0.10601561279216665
2023-10-02,-0.057411064440145654,-0.050938416592880675,-0.10594465943661757
2023-10-03,-0.07021851506564247,-0.06044546940224316,-0.11823262011807523
2023-10-04,-0.061712909804084726,-0.05513906812628411,-0.11108170273801521
2023-10-05,-0.059341968681799195,-0.055558649091578816,-0.11224087900722257
2023-10-06,-0.047479389310942866,-0.048611013862404184,-0.10175209996991819
2023-10-09,-0.047211986579088205,-0.04320708729390532,-0.09608967608317065
2023-10-10,-0.04041215965369982,-0.03902564337833436,-0.09138211944900654
2023-10-11,-0.02964653072489898,-0.03387176784676138,-0.08748141546345367
2023-10-12,-0.028047982358439083,-0.036237928999991786,-0.09318140289137433
2023-10-13,-0.03689805930241741,-0.036792711104243425,-0.09773259746797269
2023-10-16,-0.02983306077764436,-0.030223264901496294,-0.08817364332246946
2023-10-17,-0.03860328120825862,-0.02990239126595018,-0.08826322575128309
2023-10-18,-0.05034708572768731,-0.03322555044682607,-0.10048033487540631
2023-10-19,-0.04733517749487648,-0.03765548265413221,-0.10811082364426383
2023-10-20,-0.05114864818799647,-0.03939706207031579,-0.1193355019746305
2023-10-23,-0.04327763885186453,-0.040291024496612926,-0.12081992353936077
2023-10-24,-0.036733833822117146,-0.03758118059620097,-0.11443198377743624
2023-10-25,-0.06095504342862068,-0.045215841356648134,-0.1271307002546478
2023-10-26,-0.07151529033810433,-0.05366741584552992,-0.13745894350758936
2023-10-27,-0.070969567005428,-0.050997807203912116,-0.1415993822884335
2023-10-30,-0.06400306158831903,-0.04408859786613717,-0.13128997170518564
2023-10-31,-0.06472402233062402,-0.042134945698486415,-0.12566511135961123
2023-11-01,-0.053234887852672275,-0.03670172162968266,-0.11647934946868888
2023-11-02,-0.040952987118796136,-0.029462518707410013,-0.09981742490218393
2023-11-03,-0.027965154013774973,-0.02193537584280325,-0.09136135261323586
2023-11-06,-0.024171247870013013,-0.021857533751348912,-0.08976851594999802
2023-11-07,-0.025678614963967394,-0.021165525917993477,-0.08718335029121871
2023-11-08,-0.021971475080518776,-0.020969460600489098,-0.08626604657980852
2023-11-09,-0.02260724127139524,-0.025392645419732185,-0.09365252502836308
2023-11-10,-0.006126267966238275,-0.018518918918510763,-0.07949860307400014
2023-11-13,-0.008133508246778165,-0.020838741053985088,-0.08026799397965301
2023-11-14,0.0,-0.004945708591615361,-0.06272408968219045
2023-11-15,-0.00405651046440092,-0.006092859623279656,-0.061227248735283735
2023-11-16,0.0,-0.002720111255931079,-0.06010970793583181
2023-11-17,-0.00036199464785879876,-0.002166570339970808,-0.05890472247007206
2023-11-20,0.0,0.0,-0.05194976665304207
2023-11-21,-0.00012093327633433404,0.0,-0.05386571084929681
2023-11-22,-0.005752011862145356,0.0,-0.050023337240687527
2023-11-24,-0.01138852233950527,0.0,-0.049456321185582075
2023-11-27,-0.008677512456391034,0.0,-0.051313833206678705
2023-11-28,-0.009594162822623487,0.0,-0.05038400831487755
2023-11-29,-0.0048709471635537405,0.0,-0.05128258115480844
2023-11-30,-0.01699532125440828,-0.0025656788006337417,-0.04769256532009625
2023-12-01,-0.014054365152930348,0.0,-0.0420989570263921
2023-12-04,-0.023602456200111588,-0.0032342582143121135,-0.047279773560050864
2023-12-05,-0.019659108613965914,-0.005260248076763729,-0.04782174725437427
2023-12-06,-0.024528946986199784,-0.0074827999964197645,-0.051541148619793864
2023-12-07,-0.011076971499053068,-0.001163605444821636,-0.043983649170776684
2023-12-08,-0.009631278769443474,-0.0016234399892091078,-0.040068286242327056
2023-12-11,-0.015363017683223013,-0.0035078462221416196,-0.03630103971606391
2023-12-12,-0.00950515080455483,-0.0010140035223283883,-0.03186864365585851
2023-12-13,-0.00465988021976238,0.0,-0.01865299584510549
2023-12-14,0.0,0.0,-0.016055309005935103
2023-12-15,0.0,-0.00015174223095670847,-0.016130334290066606
2023-12-18,0.0,0.0,-0.01167503363158473
2023-12-19,0.0,0.0,-0.005877116321256537
2023-12-20,-0.012254211649162072,-0.007816118445444387,-0.020475082087535013
2023-12-21,0.0,-0.0011168010422540897,-0.010384537665593663
2023-12-22,0.0,-0.00016518020707934067,-0.008741718079006366
2023-12-26,0.0,0.0,-0.0045470208498008535
2023-12-27,0.0,0.0,-0.003123067424520176
2023-12-28,0.0,0.0,-0.0027540488967361387
2023-12-29,-0.0011769982570686288,-0.0025761747813096703,-0.005572739659718939
2024-01-02,-0.017567611959662277,-0.011545915484318825,-0.011201773732090303
2024-01-03,-0.02501460402558353,-0.01980554781078836,-0.01912829170889163
2024-01-04,-0.027688114283327625,-0.022321969215177817,-0.02249109392870341
2024-01-05,-0.022596281307407762,-0.01950112815444016,-0.020706469429232488
2024-01-08,-0.013332681779785416,-0.015294860193387771,-0.006884104259695212
2024-01-09,-0.009592610396279011,-0.013473332213668865,-0.008351830917237346
2024-01-10,-0.00809389923179249,-0.011595060942362734,-0.002733180262751156
2024-01-11,-0.006388321848052159,-0.011201006757159848,-0.0034024017252760608
2024-01-12,-0.003099913435803847,-0.007288919979013819,-0.0026539812518227013
2024-01-16,-0.002633976813803285,-0.010389613077616877,-0.006375418581533343
2024-01-17,-0.005722057223831234,-0.01650937607010361,-0.011956505694846409
2024-01-18,0.0,-0.0109026108258643,-0.003256524883809897
2024-01-19,0.0,-0.001821954201152498,0.0
2024-01-22,-0.0007107942603217232,-0.0013705367909565558,0.0
2024-01-23,0.0,0.0,0.0
2024-01-24,0.0,0.0,0.0
2024-01-25,0.0,0.0,0.0
2024-01-26,-0.0011296846219800427,-0.0021873680050974453,-0.0006517852510764532
2024-01-29,0.0,0.0,0.0
2024-01-30,-0.0007064269266479073,-0.000172359515381304,-0.0006006499345397875
2024-01-31,-0.011967254453673082,-0.0078807130447901,-0.016696720631691142
2024-02-01,-0.006226322096727022,-0.0036340371472134425,-0.004411636041810052
2024-02-02,0.0,0.0,0.0
2024-02-05,0.0,-0.0030012506761080138,-0.0031863375266721894
2024-02-06,0.0,-0.0008371884125715212,-0.0008832884484285541
2024-02-07,0.0,0.0,0.0
2024-02-08,0.0,-0.0008116231112023087,0.0
2024-02-09,0.0,0.0,0.0
2024-02-12,-0.006590123573640527,-0.0023119412764325276,-0.0009489536011326738
2024-02-13,-0.01661203990002791,-0.012523167502827781,-0.014610233020612817
2024-02-14,-0.010029444956803801,-0.00867125780501099,-0.005170432319325569
2024-02-15,-0.011428050245023025,-0.00471702296244636,0.0
2024-02-16,-0.01590711689096358,-0.00898062905525776,-0.0048034698371122175
2024-02-20,-0.020809079953282072,-0.008225964417514775,-0.010779945455182682
2024-02-21,-0.023991427124258502,-0.0098300127813431,-0.009529373538414654
2024-02-22,0.0,0.0,0.0
2024-02-23,-0.000994079479784582,-0.0006497547329550324,0.0
2024-02-26,-0.001761823306670407,-0.0010988909890133902,-0.003786751350190465
2024-02-27,-0.0031587598274628315,0.0,-0.002086863172818809
2024-02-28,-0.00827845879082234,-0.00262156543606451,-0.0037415578905188873
2024-02-29,0.0,0.0,0.0
2024-03-01,0.0,0.0,0.0
2024-03-04,0.0,0.0,-0.0011932620709190767
2024-03-05,-0.0008451614113513806,-0.0018543736777457687,-0.01137419991369426
2024-03-06,0.0,0.0,-0.006291572646030641
2024-03-07,0.0,0.0,0.0
2024-03-08,-0.014613676133783282,-0.002349296509787213,-0.0065285190034380935
2024-03-11,-0.024792310665257,-0.002643719090308916,-0.007643430538104901
2024-03-12,-0.00899921093885725,0.0,0.0
2024-03-13,-0.012760198999524075,-0.001228939552977426,-0.0019245297153409613
2024-03-14,-0.019866838101737283,-0.0034923788071682393,-0.004790095776441405
2024-03-15,-0.02530681856285022,-0.007068168625806948,-0.011241959465241647
2024-03-18,-0.020534123433553875,-0.004333674562405521,-0.004994927329142862
2024-03-19,-0.019878179160182974,-0.003115517194003381,0.0
2024-03-20,-0.0130440724823766,0.0,0.0
2024-03-21,-0.005728727834702574,0.0,0.0
2024-03-22,0.0,0.0,-0.0014021878490158013
2024-03-25,0.0,-0.0003108838477183795,-0.0044528686674827345
2024-03-26,-0.0054808288703974695,-0.0015986087960038198,-0.00724019677208021
2024-03-27,-0.009216515112870693,0.0,0.0
2024-03-28,-0.007283698402720473,0.0,0.0
2024-04-01,0.0,0.0,-0.0020135845401163532
2024-04-02,-0.000138410061930494,0.0,-0.009238067155850849
2024-04-03,0.0,0.0,-0.008157024652842959
2024-04-04,-0.011260714026618879,-0.003909826725916998,-0.020390749517535944
2024-04-05,-0.001416819884712206,0.0,-0.00951787623145961
2024-04-08,0.0,0.0,-0.009888941538303109
2024-04-09,0.0,0.0,-0.008457742742736807
2024-04-10,-0.00119674093887423,-0.00643462456421473,-0.01783473868239205
2024-04-11,0.0,0.0,-0.010522716993517922
2024-04-12,-0.005664509425951647,0.0,-0.02492029251432204
2024-04-15,-0.020376465207338268,-0.014702610117529047,-0.03664207178036727
2024-04-16,-0.01305849817817717,-0.011835082551325482,-0.03862322411610408
2024-04-17,-0.02406893024234713,-0.013491439200640998,-0.04418056132618542
2024-04-18,-0.03107663496893942,-0.016501506881203776,-0.046291163692584125
2024-04-19,-0.053803278550213496,-0.024793179885986172,-0.054644268434943855
2024-04-22,-0.049026127290532906,-0.026420536690527685,-0.04639013302686623
2024-04-23,-0.03739934338252493,-0.021153566272044566,-0.03498059504080964
2024-04-24,-0.04386223300879821,-0.021803919007934325,-0.03477503619815048
2024-04-25,-0.03681690018949446,-0.024477342897890053,-0.039192321020464216
2024-04-26,-0.012481597122947163,-0.013342273051220155,-0.029383298381205902
2024-04-29,-0.01775306510286434,-0.013121623813520555,-0.02629824302017647
2024-04-30,-0.030273868407872273,-0.024688542549850978,-0.041615071737899245
2024-05-01,-0.03996976693094212,-0.026566318809562395,-0.04490754452063517
2024-05-02,-0.03220943327615122,-0.022474552505786893,-0.03618904313752713
2024-05-03,-0.018304688081737464,-0.013858972177135387,-0.024086719811495683
2024-05-06,-0.009291165339632035,-0.008948038425152016,-0.014009318357770972
2024-05-07,-0.00948504033912434,-0.0059773369613080884,-0.012684709070581501
2024-05-08,-0.00966157179620053,-0.008080085526369851,-0.012690470665629006
2024-05-09,-0.010544721740671892,-0.004745325844624726,-0.007664129489432847
2024-05-10,0.0,0.0,-0.006027371851207275
2024-05-13,-0.0058512542802635625,-0.002509551333462312,-0.0062672214772936385
2024-05-14,0.0,0.0,-0.0014597279839466681
2024-05-15,0.0,0.0,0.0
2024-05-16,-0.001785011457169583,0.0,-0.0020816677921289273
2024-05-17,-0.0006893383144563892,0.0,-0.0009193189533599488
2024-05-20,0.0,0.0,-3.7714705911628954e-06
2024-05-21,0.0,0.0,0.0
2024-05-22,-0.0021310817167952134,-0.0032423201300495474,-0.002706123039226127
2024-05-23,0.0,-0.011377975039279509,-0.010066939199768532
2024-05-24,0.0,-0.008754337987160188,-0.0031363756816690236
2024-05-28,0.0,-0.005151585519616808,-0.0028883541648160316
2024-05-29,-0.007054940351875372,-0.008476674585307653,-0.010234122035027826
2024-05-30,-0.015566728613940817,-0.012221011067276133,-0.016148008377126155
2024-05-31,-0.018795599043025746,-0.012270527880601123,-0.008249766384468282
2024-06-03,-0.00747099584219979,-0.011248838025734398,-0.007142891224350745
2024-06-04,-0.00955636042380359,-0.012042757010854,-0.0056508165349143935
2024-06-05,0.0,-0.002130225199299951,0.0
2024-06-06,0.0,0.0,-0.00019981663563328755
2024-06-07,-0.007593630852581912,-0.007415770549957568,-0.001314813526209213
2024-06-10,-0.0021978472691325246,-0.006686201996002894,0.0
2024-06-11,-0.0037403643340568893,-0.0014006004745621414,0.0
2024-06-12,0.0,0.0,0.0
2024-06-13,0.0,-0.0005314354867034243,0.0
2024-06-14,0.0,0.0,-0.000393860697500914
2024-06-17,0.0,0.0,0.0
2024-06-18,0.0,0.0,0.0
2024-06-20,-0.007836429450582383,0.0,-0.0025259318472711234
2024-06-21,-0.016586996540679744,-0.0028620242396568685,-0.004084116333644583
2024-06-24,-0.03803099792543463,-0.008175834596941933,-0.007136769710032742
2024-06-25,-0.018245896647208104,-0.003312305176573105,-0.003231252820371844
2024-06-26,-0.021562138289083266,-0.00443824881811461,-0.0016639025429021626
2024-06-27,-0.02099323291831201,-3.571997278428718e-05,-0.0007580910131023133
2024-06-28,-0.02155113358330918,-0.002084192918103467,-0.0048386478162238955
2024-07-01,-0.020032085045770476,0.0,-0.002176029996875939
2024-07-02,-0.01710852495065618,0.0,0.0
2024-07-03,0.0,0.0,0.0
2024-07-05,0.0,0.0,0.0
2024-07-08,0.0,0.0,0.0
2024-07-09,0.0,-0.0004631327865018964,0.0
2024-07-10,0.0,0.0,0.0
2024-07-11,-0.019494150185129122,-0.0053576203929089905,-0.008763028841120346
2024-07-12,-0.013015844300017676,-0.002925890570958045,-0.003294347634060002
2024-07-15,-0.015503497748674766,0.0,-0.00047745550277622506
2024-07-16,-0.01658311910464305,0.0,0.0
2024-07-17,-0.05036329239570703,-0.007266143173787709,-0.013927543241993634
2024-07-18,-0.04948917396366159,-0.012202293983758938,-0.021635083875087835
2024-07-19,-0.0674016222434497,-0.023034575249574862,-0.028620869163341056
2024-07-22,-0.05109466610144853,-0.01773859451136639,-0.018137710954259423
2024-07-23,-0.05183569008138522,-0.01664274704037283,-0.019667553129619875
2024-07-24,-0.07979367104822976,-0.029554568456810593,-0.042361360853031105
2024-07-25,-0.09191725899351466,-0.04038869450929017,-0.047286132699247974
2024-07-26,-0.08493302955206727,-0.0335242041351661,-0.03672008937118132
2024-07-29,-0.08814504380417365,-0.03250201686468912,-0.03593664406252206
2024-07-30,-0.10418799107033383,-0.037753016047058385,-0.040718564009282754
2024-07-31,-0.06488111790867424,-0.022709094263591356,-0.025568249864342585
2024-08-01,-0.08439052716094653,-0.02857892664104189,-0.03891163395174391
2024-08-02,-0.10092676744965379,-0.03635898291335937,-0.05657822657896616
2024-08-05,-0.12265959480312016,-0.05912008759413401,-0.08485144350207396
2024-08-06,-0.10981711859364873,-0.054866986897654235,-0.07537591675508049
2024-08-07,-0.11778784287473909,-0.05832288197677116,-0.0825275584404711
2024-08-08,-0.09551275502061474,-0.0461161370954285,-0.06138659739010133
2024-08-09,-0.09313131336134961,-0.042113911628970824,-0.057001698886462004
2024-08-12,-0.08548282714402888,-0.0382529961904996,-0.05696111791864311
2024-08-13,-0.06699083615015555,-0.02616858671841049,-0.04107319514207097
2024-08-14,-0.06823739952072749,-0.027865980836219717,-0.03740651945741147
2024-08-15,-0.054137918337213264,-0.019731798752411045,-0.021876760339488377
2024-08-16,-0.047269345122003315,-0.013950511759585948,-0.019930510908354293
2024-08-19,-0.034365122631305534,-0.00704840196642309,-0.010401996273444292
2024-08-20,-0.03757808586946676,-0.004017210810247307,-0.012365908333883846
2024-08-21,-0.0383474769385006,-0.005568830776741973,-0.008178658960131813
2024-08-22,-0.05493389258962611,-0.014365617289906485,-0.017038406138117357
2024-08-23,-0.039484260715257014,-0.0048028268463081725,-0.005750693624377301
2024-08-26,-0.047303948023522446,-0.008229493711990443,-0.00888628420152815
2024-08-27,-0.04391778886594633,-0.00784749253283834,-0.007305263480765434
2024-08-28,-0.050224717508263184,-0.012846805824405672,-0.013237580629903323
2024-08-29,-0.06125989318763336,-0.012130588097783113,-0.013276438414375424
2024-08-30,-0.05490181395472549,-0.008098801326843708,-0.003317386420247259
2024-09-03,-0.09161175066549188,-0.025563892151430623,-0.024398294530978415
2024-09-04,-0.09692909725768983,-0.025721688661721864,-0.025961738781603017
2024-09-05,-0.09240678249838974,-0.021985252022941215,-0.02890140341221359
2024-09-06,-0.11143899015356928,-0.03253481738100272,-0.045662807827319574
2024-09-09,-0.10382364749663531,-0.028722557030416263,-0.03461151606877111
2024-09-10,-0.10084473717508768,-0.024577702815258173,-0.030293649397325817
2024-09-11,-0.07617776298479706,-0.015762300759723846,-0.019951706063520813
2024-09-12,-0.0658555919997349,-0.0069152772726093215,-0.012605947774104287
2024-09-13,-0.05912386980352058,-0.0005885066640219927,-0.007266405696293221
2024-09-16,-0.06494339505868318,-0.001511128209610746,-0.006018907112319338
2024-09-17,-0.0679359068903378,-0.001817978800519704,-0.005755949333585364
2024-09-18,-0.07318416735169198,-0.003611525378265479,-0.008635733342891805
2024-09-19,-0.05454841659386089,0.0,0.0
2024-09-20,-0.05815590687703098,0.0,-0.0019410273951239176
2024-09-23,-0.05482226283634006,0.0,0.0
2024-09-24,-0.04108711993731062,0.0,0.0
2024-09-25,-0.034305528330192625,0.0,-0.0018612489301417234
2024-09-26,-0.026087538548331124,0.0,0.0
2024-09-27,-0.03680909333087323,-0.0018073929416779766,-0.0012532169669906557
2024-09-30,-0.0428078007281214,-0.00401439314353691,0.0
2024-10-01,-0.047058554718884205,-0.005742848710684423,-0.009324107094664358
2024-10-02,-0.04197710578835778,-0.006178916336559648,-0.009187006564132738
2024-10-03,-0.034839100721899774,-0.007918219208024047,-0.010852972899597524
2024-10-04,-0.029676967114620978,-0.002603532168042322,-0.0019800773779126146
2024-10-07,-0.027716794657759225,-0.008481343267306762,-0.011547118478160368
2024-10-08,-0.017722765594736845,-0.002684556891853651,-0.001969655026086037
2024-10-09,-0.019419972934720087,-0.003737138384805605,0.0
2024-10-10,-0.01638102009058695,-0.0016985194926598668,-0.002070122839989863
2024-10-11,-0.009538507976230792,0.0,0.0
2024-10-14,0.0,0.0,0.0
2024-10-15,-0.027395553873553302,-0.004903750943604068,-0.007609466332438197
2024-10-16,-0.023201428667221857,-0.0005365677343581732,-0.002965926179485434
2024-10-17,-0.006565725165839087,0.0,-0.003136579009051843
2024-10-18,-0.0036113297297905023,0.0,0.0
2024-10-21,0.0,0.0,-0.0018227694906369774
2024-10-22,-0.0013489535806725517,0.0,-0.0022967578298412894
2024-10-23,-0.007932326085914987,-0.006743516884361478,-0.011466971013860516
2024-10-24,-0.008979435923991197,-0.004143191321119399,-0.009345804507992939
2024-10-25,-0.002141723122534689,-0.0018742181608669695,-0.009642453103212323
2024-10-28,-0.008161370062589324,0.0,-0.007016576020802745
2024-10-29,-0.00041531101443614826,0.0,-0.005413774419183226
2024-10-30,-0.004655301959691549,-0.0012654161411775888,-0.008696141586719497
2024-10-31,-0.024187190535350123,-0.01778959432416727,-0.027148966384044404
2024-11-01,-0.017305348235378326,-0.013342481404383544,-0.02316756424444455
2024-11-04,-0.018815169108269192,-0.01478048539308685,-0.025914498598100244
2024-11-05,-0.009478336463717985,-0.009007602776262558,-0.01396671208118272
2024-11-06,-0.009341990249530752,-0.0066877661763199425,0.0
2024-11-07,0.0,0.0,0.0
2024-11-08,-0.0038207487305186305,0.0,0.0
2024-11-11,-0.017609287955614672,-0.0074992427781751525,0.0
2024-11-12,-0.016161482181090703,-0.009969772755964668,-0.002892659651372531
2024-11-13,-0.024366831965855873,-0.01201676451121314,-0.002661103682317756
2024-11-14,-0.02528464564884536,-0.018426213742303688,-0.00869473950563715
2024-11-15,-0.038331328183921154,-0.0273076863576468,-0.021783428452175513
2024-11-18,-0.0342817572348435,-0.020599849300626527,-0.01795095748718667
2024-11-19,-0.020077019027511356,-0.014311627373619018,-0.014058522801469464
2024-11-20,-0.02226616644497248,-0.012698836470264818,-0.014036880535914786
2024-11-21,-0.019495484507250693,-0.009600387114485298,-0.008771382415985074
2024-11-22,-0.025466897134365896,-0.005370829870664395,-0.00533384211641863
2024-11-25,-0.04081198737891922,-0.011193154941269268,-0.0023294725755478307
2024-11-26,-0.042165465414626735,-0.01009678012879034,0.0
2024-11-27,-0.044451181497732195,-0.010361641642533836,-0.003801238017440034
2024-11-29,-0.03533907106360512,-0.005609156721917974,0.0
2024-12-02,-0.02516469854937775,-0.0024654723619444985,0.0
2024-12-03,-0.019265236326313384,-0.0009119497092778817,0.0
2024-12-04,-0.008440591098158423,0.0,0.0
2024-12-05,-0.00856958527641738,-0.0017354399698066292,-0.0018697756269248078
2024-12-06,-0.012698199971375446,0.0,0.0
2024-12-09,-0.01683865767460202,0.0,-0.006144213927296471
2024-12-10,-0.02060170972131148,0.0,-0.009089886508104272
2024-12-11,-0.00496683197807557,0.0,-0.0009983265282985654
2024-12-12,-0.013526193484475368,-0.005282374118196875,-0.006406944093794609
2024-12-13,-0.014440224094410259,-0.007672772684906515,-0.006433241162641434
2024-12-16,-0.013422872507022343,-0.002790735121896759,-0.002658328999260884
2024-12-17,-0.01797560114921004,-0.006238850782865235,-0.0065120521951917976
2024-12-18,-0.028769027147555026,-0.021817842370707163,-0.03581283959196879
2024-12-19,-0.032028601551254754,-0.027235593285107385,-0.03664696978795501
2024-12-20,-0.02098669781307483,-0.02008872186383759,-0.026176166469425333
2024-12-23,-0.0038416556838619664,-0.016140899453840563,-0.019079645884312213
2024-12-24,-0.0031206115981730065,-0.010340637457089796,-0.008247578565098723
2024-12-26,-0.006389581963360258,-0.010514848307718205,-0.008649891648860542
2024-12-27,-0.013006117947995444,-0.016702119796153214,-0.019609996830721843
2024-12-30,-0.01625900461514307,-0.02250909278772606,-0.030102126430694764
2024-12-31,-0.024140085295111025,-0.026294549651014854,-0.03425794522240366
2025-01-02,-0.010991964426979361,-0.02258782772481982,-0.03640564607689012
2025-01-03,0.0,-0.015586047704419403,-0.024268185846195833
2025-01-06,0.0,-0.012041342956374601,-0.018864539068103814
2025-01-07,-0.010926148479191045,-0.017678461333960338,-0.029758981751838443
2025-01-08,-0.014692192506370327,-0.01688841735144264,-0.028245056291361204
2025-01-10,-0.015579441865776977,-0.020173175134139854,-0.043221397347668056
2025-01-13,-0.024851457771162933,-0.023551072131110184,-0.04171404615440233
2025-01-14,-0.025542621730408888,-0.024680276466716666,-0.040615582312110377
2025-01-15,-0.016971472560507128,-0.01399431016292485,-0.023046574754669424
2025-01-16,-0.008718356256833593,-0.013167915341164682,-0.02511057396319194
2025-01-17,-0.005082101539375272,-0.007358807391175337,-0.015370396219058557
2025-01-21,0.0,-0.0021523062409641858,-0.006736940238227129
2025-01-22,0.0,0.0,-0.0006403496612205073
2025-01-23,-0.003004700253892434,0.0,0.0
2025-01-24,-0.004710202932372676,0.0,-0.002855132319398934
2025-01-27,-0.049165251998274484,-0.016028420544546007,-0.01739421813759967
2025-01-28,-0.03514956436245498,-0.007054286660653553,-0.008336686319608821
2025-01-29,-0.03427273696317723,-0.00857674044253598,-0.012976575593654394
2025-01-30,-0.021364504602921275,-0.004138930532671892,-0.007769618002161027
2025-01-31,-0.01934396415053985,-0.002468861950892909,-0.012777231847948545
2025-02-03,-0.027143459933502756,-0.005565663535985532,-0.020288612715960608
2025-02-04,-0.019164802201036113,0.0,-0.013210313716621624
2025-02-05,-0.015787407647275487,0.0,-0.009353275581636344
2025-02-06,-0.016003818503906864,-0.0014952644788596148,-0.005743062989272185
2025-02-07,-0.018100386389959255,-0.0029346801992379268,-0.015153476329885618
2025-02-10,-0.00849848061249503,0.0,-0.008542653576480874
2025-02-11,-0.008752203167439965,-0.0023582539692188487,-0.00820597172574733
2025-02-12,-0.01184099967757335,-0.002628321656895416,-0.010907486466890104
2025-02-13,-0.004377783804296098,0.0,-0.0005949189848823977
2025-02-14,-0.004195646451156665,0.0,-0.0006668199916401996
2025-02-18,-0.005339681484574088,0.0,0.0
2025-02-19,-0.004377625754426129,0.0,0.0
2025-02-20,-0.0052532286746039825,-0.002338487679682699,-0.0043341850761717815
2025-02-21,-0.013093523595572143,-0.010733914977865577,-0.021324352695443083
2025-02-24,-0.019622251347232944,-0.015558178743451112,-0.026187496220164364
2025-02-25,-0.025781546438090275,-0.02052379768909529,-0.03074467669997627
2025-02-26,-0.022601019272972867,-0.023005442042762336,-0.03061283444244267
2025-02-27,-0.047786251542915825,-0.0356332203417834,-0.04599172914339311
2025-02-28,-0.04727808819636414,-0.03461027974285824,-0.03086674403425682
2025-03-03,-0.05619782295859188,-0.03934643847369601,-0.047920329448291055
2025-03-04,-0.04562705961756619,-0.03787821838834682,-0.05956885912897136
2025-03-05,-0.03647080128498803,-0.031768829205042426,-0.049074326688583914
2025-03-06,-0.047885637652544166,-0.04031603717374643,-0.06601887799934147
2025-03-07,-0.04167229007085316,-0.036810340639029326,-0.060862725189794076
2025-03-10,-0.061541981096649545,-0.053343580483505404,-0.08619416065157859
2025-03-11,-0.059349502762748085,-0.053223755404778084,-0.09310972017573527
2025-03-12,-0.04731203678311613,-0.048145330089234495,-0.08867786533795485
2025-03-13,-0.048098306324606765,-0.049618883946508485,-0.1013370267178848
2025-03-14,-0.03818163308832767,-0.04024750889734441,-0.0822261775782489
2025-03-17,-0.0349076750940005,-0.03707968376973192,-0.07633762076301753
2025-03-18,-0.037415458220421804,-0.039898276917110675,-0.08617786911282355
2025-03-19,-0.03329269618494257,-0.03480572873001697,-0.07630996488259445
2025-03-20,-0.030306919732814297,-0.034796878690774746,-0.07832812891518437
2025-03-21,-0.03569933602225772,-0.03557693767846015,-0.0775680690290772
2025-03-24,-0.028101295573114693,-0.028131787026609345,-0.061290835039904845
2025-03-25,-0.025488295275173378,-0.024571673267957506,-0.059812993797532577
2025-03-26,-0.04074322450155343,-0.03318957499305586,-0.07030259904083325
2025-03-27,-0.043632140467448566,-0.03036001086555673,-0.07337709055210706
2025-03-28,-0.050814266486966075,-0.03820103588759127,-0.09166605142928796
2025-03-31,-0.0480063786497138,-0.03387573246760456,-0.08663522426177239
2025-04-01,-0.04159156456073243,-0.028861883317264803,-0.08318157698757322
2025-04-02,-0.04183743200099821,-0.027349086051152383,-0.07701304411851961
2025-04-03,-0.06363611303030892,-0.048234723631323306,-0.12168158243133131
2025-04-04,-0.08575897586740366,-0.07407447902009212,-0.17416076124877067
2025-04-07,-0.08597736204897277,-0.07795869292167568,-0.1760861827168385
2025-04-08,-0.09293503128055558,-0.08447697038448576,-0.18902206184283965
2025-04-09,-0.0459072169159459,-0.04129152405481584,-0.11185436731252907
2025-04-10,-0.05499487668892722,-0.04852385471725207,-0.14259093797858846
2025-04-11,-0.03548224861582294,-0.0324086471412498,-0.1270786116016892
2025-04-14,-0.037447434991563444,-0.03303251755633119,-0.12014350223102654
2025-04-15,-0.033985424036607204,-0.03150152349311419,-0.12166370147416139
2025-04-16,-0.03889317720479901,-0.03051101506125342,-0.14134578759218885
2025-04-17,-0.04315932304551229,-0.03274771467653237,-0.14020649247223582
2025-04-21,-0.051934771671506286,-0.04081840024015293,-0.16046966996282852
2025-04-22,-0.03110829127079151,-0.018504147526520853,-0.1393830147913656
2025-04-23,-0.039289224014517066,-0.028828965099297332,-0.12504415603034447
2025-04-24,-0.023691976648825164,-0.014163455626748589,-0.10731832609763792
2025-04-25,-0.0224459814501472,-0.013887999637561377,-0.10073646496973421
2025-04-28,-0.02368795867123863,-0.012069488371798553,-0.10016030079425564
2025-04-29,-0.023130092758387955,-0.009212495501266016,-0.09493906130060947
2025-04-30,-0.022854922501378216,-0.009798580081543995,-0.09359957893127302
2025-05-01,-0.026483193558246798,-0.01396389487925953,-0.08789007010050409
2025-05-02,-0.012894558635245357,-0.004887813587694301,-0.0744578156034631
2025-05-05,-0.01550531440584002,-0.0074228844029912144,-0.08036425337586472
2025-05-06,-0.00319662709958235,0.0,-0.08743923156705735
2025-05-07,-0.0027543716196836154,0.0,-0.0834729173830635
2025-05-08,-0.0040013692919766974,-0.0005225893348292932,-0.07815726643555965
2025-05-09,-0.007884467379944637,-0.003450283982523006,-0.07881313994455597
2025-05-12,0.0,0.0,-0.04882041709676954
2025-05-13,0.0,0.0,-0.041926076308454685
2025-05-14,0.0,-0.0011351924284127568,-0.04094461043712205
2025-05-15,-0.0027978609003787014,-0.001869225104377703,-0.03698147508995864
2025-05-16,-0.003519522068554548,-0.0007735889083806402,-0.0302352680979322
2025-05-19,0.0,0.0,-0.02938564448413372
2025-05-20,0.0,0.0,-0.03315185088966477
2025-05-21,0.0,-0.0011644744954065755,-0.04875207210491994
2025-05-22,0.0,-0.0017589077853891188,-0.0491752547579436
2025-05-23,0.0,0.0,-0.055553670328713056
2025-05-27,0.0,0.0,-0.03623119012710485
2025-05-28,-0.0023442811614353687,-0.0014220268921648627,-0.04160056341703944
2025-05-29,0.0,0.0,-0.03775623709640541
2025-05-30,-0.009558762569700119,-0.004824817816333593,-0.0378343570115085
2025-06-02,0.0,0.0,-0.033887513203099684
2025-06-03,-0.001206771997445677,-0.0007483547833218029,-0.028283780167856487
2025-06-04,0.0,0.0,-0.0282121768682555
2025-06-05,0.0,-0.0020104164220874354,-0.03334067379738004
2025-06-06,0.0,-0.0011809370682421827,-0.02340275568596517
2025-06-09,0.0,-0.0020583242231535515,-0.02250433692682252
2025-06-10,0.0,0.0,-0.01714473856014076
2025-06-11,-0.0015004969583081174,-0.002678305902292122,-0.019841584255983813
2025-06-12,0.0,0.0,-0.01609500716787926
2025-06-13,-0.0031576985758385856,-0.00026015543636348504,-0.027209571732002336
2025-06-16,-0.00023709427927032234,0.0,-0.018072482089041997
2025-06-17,-0.0046967437846632265,-0.004308942262165383,-0.026273722169183666
2025-06-18,-0.00467091296944977,-0.003487180057579198,-0.026574837487926883
2025-06-20,-0.013697692120733018,-0.007684390846502187,-0.028695598479212214
2025-06-23,-0.00945964560096979,-0.002856910426052073,-0.019364758731449716
2025-06-24,-0.005461601639765834,-0.005559273725432301,-0.00845840797970665
2025-06-25,0.0,-0.002752383058771901,-0.008461666287457592
2025-06-26,0.0,0.0,-0.0005094086020431821
2025-06-27,0.0,-0.0028137925487977666,0.0
2025-06-30,0.0,0.0,0.0
2025-07-01,0.0,0.0,-0.001118531087121899
2025-07-02,0.0,0.0,0.0
2025-07-03,0.0,0.0,0.0
2025-07-07,-0.0072582441547033305,-0.0051041059675698275,-0.007862297279128794
2025-07-08,-0.006731477806900532,-0.005022139115623436,-0.008572555644746016
2025-07-09,-0.0027599644556537406,-0.002878977580123787,-0.002562419960826068
2025-07-10,-0.000856071571396888,-0.001216324703592675,0.0
2025-07-11,0.0,0.0,-0.0032975229626984737
2025-07-14,-5.8183051342863834e-05,0.0,-0.0018947501325961014
2025-07-15,0.0,0.0,-0.005843552150760267
2025-07-16,-0.009556813670686282,-0.0011531348910110983,-0.002668557037102448
2025-07-17,-0.006417728643097309,0.0,0.0
2025-07-18,-0.006015243056880504,0.0,-9.048620868445933e-05
2025-07-21,-0.00370255546774112,0.0,0.0
2025-07-22,-0.007147118754864845,0.0,0.0
2025-07-23,-0.0009432479547528683,0.0,0.0
2025-07-24,-0.0012935979747418225,-0.004056517058537601,0.0
2025-07-25,-0.0031516322178144485,-0.005342261291294337,0.0
2025-07-28,-0.003966612219196586,-0.007794133285020544,0.0
2025-07-29,-0.0039725690548683135,-0.008107860491016083,-0.002959442388724365
2025-07-30,-0.001346305632184186,-0.008723909220111348,-0.004205177511141689
2025-07-31,-0.008819082606538853,-0.00937138892574696,-0.007884459481093509
2025-08-01,-0.011354995972823745,-0.013195029140921855,-0.02375050329548234
2025-08-04,0.0,-0.0023649189939213278,-0.009363416514541423
2025-08-05,-0.005786907425888721,-0.005325664608513914,-0.014175796288149578
2025-08-06,-0.005006618802340546,-0.0009837803121252042,-0.006997115827461431
2025-08-07,0.0,0.0,-0.0077890157829031414
2025-08-08,0.0,0.0,-5.005253988366043e-05
2025-08-11,-0.004217230562494234,-0.004848637035133829,-0.0025540550237123094
2025-08-12,-0.00021194668884105816,-0.0007155787958862403,0.0
2025-08-13,0.0,0.0,0.0
2025-08-14,-0.0015016139470557244,-0.0020585316167530676,0.0
2025-08-15,-0.005371124136839711,-0.004454689319012051,-0.0028971350972289978
2025-08-18,-0.0030288143613875773,-0.004547695836012333,-0.0029976063534669084
2025-08-19,-0.011915641276121991,-0.010043618456348047,-0.008838149185095623
2025-08-20,-0.01310528768962127,-0.01158486480950438,-0.011248327051677998
2025-08-21,-0.01606444601937418,-0.013506466234994186,-0.01520746823757091
2025-08-22,-0.006779954925109077,-0.006666136984965432,-0.0002519707387843573
2025-08-25,-0.003384540348764009,-0.007434817814705563,-0.004517281282529262
2025-08-26,0.0,-0.00240793059895128,-0.0004019605104933488
2025-08-27,0.0,-0.0006224013685468543,0.0
2025-08-28,0.0,0.0,0.0
2025-08-29,-0.006762857710193804,-0.002363759089717754,-0.00639818429357164
2025-09-02,-0.006677898616110567,0.0,-0.01327617420766547
2025-09-03,0.0,0.0,-0.008243810045638122
2025-09-04,0.0,0.0,0.0
2025-09-05,0.0,0.0,-0.00316515297838893
2025-09-08,0.0,0.0,-0.0010658398078742248
2025-09-09,0.0,0.0,0.0
2025-09-10,0.0,0.0,0.0
2025-09-11,-0.0008364534348291874,0.0,0.0
2025-09-12,0.0,0.0,-0.0004827613146675125
2025-09-15,0.0,0.0,0.0
2025-09-16,0.0,0.0,-0.0012879303382402618
2025-09-17,-0.0050599443293346535,-0.0026073697814872343,-0.002256848989743432
2025-09-18,0.0,-0.0024827592486368344,0.0
2025-09-19,0.0,0.0,0.0
2025-09-22,0.0,0.0,0.0
2025-09-23,0.0,0.0,-0.005502159197012246
2025-09-24,-0.007276534824423919,-0.003358882416489961,-0.008333114495798322
2025-09-25,-0.011425084760101623,-0.00817611239717686,-0.01330043475723619
2025-09-26,-0.00841685364326561,-0.0027661112770729357,-0.0074770950046685325
2025-09-29,-0.0010633554830991043,0.0,-0.004861257002801045
2025-09-30,0.0,0.0,-0.0007902952847805844
2025-10-01,0.0,0.0,0.0
2025-10-02,0.0,0.0,0.0
2025-10-03,0.0,-0.0003464870391594044,0.0
2025-10-06,0.0,0.0,0.0
2025-10-07,-0.007200856302296499,0.0,-0.0038114057910215715
2025-10-08,0.0,0.0,0.0
2025-10-09,-0.0036362363448381174,-0.002178678286461011,-0.002755570407195207
2025-10-10,-0.026580669552600966,-0.01988295297861864,-0.029792535494217787
2025-10-13,0.0,-0.0005892425462740158,-0.014658587689553637
2025-10-14,-0.004148229488520672,-0.0006804753576763467,-0.016199983530488904
2025-10-15,0.0,0.0,-0.012239203523462971
2025-10-16,0.0,0.0,-0.01845655233852206
2025-10-17,-0.0023501122910699612,-0.0013859812410067507,-0.013283116025679775
2025-10-20,0.0,0.0,-0.002752606184424078
2025-10-21,-0.016471728123864993,-0.011676273110628355,-0.0027199997339427684
2025-10-22,-0.028202157922834536,-0.023987226435547848,-0.008043020849547666
2025-10-23,-0.017213202997515942,-0.014119039935545752,-0.00226249725357508
2025-10-24,-0.014424790588374203,-0.013311227858493813,0.0
2025-10-27,-0.015009666389635967,-0.018079610503201726,0.0
2025-10-28,-0.012066398474729456,-0.016944435965275395,0.0
2025-10-29,0.0,-0.009607266439160433,-4.357825517353753e-05
2025-10-30,-0.0007352831894823497,-0.016843647947833995,-0.009947959060248812
2025-10-31,-0.0023303651749286836,-0.012932372420891847,-0.007356080332226345
2025-11-03,0.0,-0.00984631759265897,-0.005648025306282389
2025-11-04,-0.02058842756652879,-0.02433506670412766,-0.017318565477532855
2025-11-05,-0.01709638437791061,-0.020326230031070036,-0.013728284122854206
2025-11-06,-0.022280196544422592,-0.025932293960381325,-0.024753015810120127
2025-11-07,-0.026160341378377194,-0.026036008525847865,-0.023522408399393457
2025-11-10,-0.002575292696161635,-0.008892796914407142,-0.00848365882746982
2025-11-11,-0.005673248805999842,-0.006884973040545805,-0.006425914875865746
2025-11-12,-0.004612369149816664,-0.0066697065571484915,-0.005800442910961823
2025-11-13,-0.011427627901967052,-0.010133262450784608,-0.022261260780569003
2025-11-14,-0.021170024169543722,-0.020699021058843914,-0.02275181730181386
2025-11-17,-0.01920250493573139,-0.023633102346473644,-0.03170562527249621
2025-11-18,-0.026354647137507126,-0.029126289442787168,-0.03970028647565438
2025-11-19,-0.009538896007837638,-0.021079200131811082,-0.03609547903591803
2025-11-20,-0.024802862339380005,-0.032205948597139544,-0.051100854041684296
2025-11-21,-0.025643344319507544,-0.030584054363156254,-0.04177978412536931
2025-11-24,-0.009857790520795273,-0.019936185270965523,-0.02695878411141006
2025-11-25,-0.005155176158981867,-0.013458823487582983,-0.01814137962236806
2025-11-26,0.0,-0.009183991289884896,-0.011359965386818938
2025-11-28,0.0,-0.002095930082993469,-0.006066022261189352
2025-12-01,0.0,0.0,-0.011357060169807198
2025-12-02,0.0,0.0,-0.008927731876529288
2025-12-03,0.0,0.0,-0.005974543354800743
2025-12-04,-0.003636648437372436,-7.331261157705882e-06,-0.004900675944795152
2025-12-05,0.0,0.0,-0.002973525040808611
2025-12-08,-0.0008802908313284563,-0.005291331365887886,-0.0064404409609228885
2025-12-09,0.0,-0.003909545002369397,-0.0073111557569734975
2025-12-10,0.0,-0.0024380823430451004,-0.000610945879845004
2025-12-11,-0.0031706029649237744,-0.0007188126315852417,0.0
2025-12-12,-0.0068524565012936245,0.0,-0.010663649289958
2025-12-15,-0.009865448933737975,-0.004893710922204253,-0.012243187128677002
2025-12-16,-0.01057383163063097,-0.0032617022981090704,-0.014597918327054149
2025-12-17,-0.026052015812863316,-0.008406177081617172,-0.026020841069229195
2025-12-18,-0.018033040502482,-0.004103265740543316,-0.018293034976815115
2025-12-19,-0.008835306212053307,0.0,-0.009636284596435507
2025-12-22,0.0,0.0,-0.0032618121467905548
2025-12-23,0.0,0.0,0.0
2025-12-24,0.0,0.0,0.0
2025-12-26,0.0,-0.0002735973840887196,-0.0003043635491225549
2025-12-29,-0.011367623594087273,-0.01183775534812348,-0.003795352176308442
2025-12-30,-0.008992943912753404,-0.010023694269377215,-0.005165798186892001
2025-12-31,-0.008526255189375997,-0.012812384014396216,-0.012485456268501505
2026-01-02,0.0,-0.014195919108060173,-0.010614405827551132
2026-01-05,0.0,-0.00436255057462287,-0.004327724243947784
2026-01-06,0.0,0.0,0.0
2026-01-07,-0.00401009356219395,-0.0028966086956779824,-0.003439923431014069
2026-01-08,-0.008695731235010773,-0.00522372078530553,-0.0033636384920727735
2026-01-09,0.0,0.0,0.0
2026-01-12,0.0,0.0,0.0
2026-01-13,0.0,0.0,-0.0019391230550598326
2026-01-14,-0.004246504662447803,-0.005072841192755861,-0.007262141458358462
2026-01-15,0.0,-0.003775591871968853,-0.004700951030372158
2026-01-16,0.0,-0.003978637157347031,-0.005340233902650926
2026-01-20,-0.004665816987140303,-0.00409167685963463,-0.025856840246254453
2026-01-21,0.0,0.0,-0.014568721299190623
2026-01-22,0.0,0.0,-0.009161164996634996
2026-01-23,0.0,0.0,-0.008837289667362302
2026-01-26,0.0,0.0,-0.0038754468419320842
2026-01-27,0.0,0.0,0.0
2026-01-28,0.0,0.0,-8.172305219078524e-05
2026-01-29,0.0,0.0,-0.0013742486884255056
2026-01-30,-0.031889136614731806,-0.03050524683510991,-0.005670236429408004
2026-02-02,-0.044886892729002814,-0.04537649140075617,-0.00030954005384631333
2026-02-03,-0.04082744505181635,-0.03756844556061889,-0.008710921705187835
2026-02-04,-0.048845012578979774,-0.0390344192008073,-0.013739128402657896
2026-02-05,-0.05670317564826288,-0.05359145317995584,-0.025821825694385514
2026-02-06,-0.0364621203120461,-0.03932803104978544,-0.006634610426280219
2026-02-09,-0.024986107321249285,-0.03010508449590321,-0.0019746472422353945
2026-02-10,-0.027066494020415055,-0.03276597569778317,-0.005271836549977316
2026-02-11,-0.020496965943083367,-0.03035036729146079,-0.005320534533132082
2026-02-12,-0.028558209696551873,-0.04000857157036397,-0.020898221704984787
2026-02-13,-0.03492037715437546,-0.043857637705238206,-0.020409562632638045
2026-02-17,-0.04269007665478508,-0.05175318968056053,-0.019399289387274976
2026-02-18,-0.028846684791116295,-0.03989147004767035,-0.013941197045403864
2026-02-19,-0.03018327814459565,-0.040897202491667506,-0.016723978921889704
2026-02-20,-0.019118728746503888,-0.03454582185458088,-0.009900313969051666
2026-02-23,-0.009532644356538778,-0.029773640441569604,-0.02018314499831486
2026-02-24,-0.008133012330366785,-0.030517295234337882,-0.01268596454856774
2026-02-25,0.0,-0.02135150540447961,-0.004652826410651456
