Code,Name,Market,Marcap,Amount,Volume,Close,fs_div,available_date,equity,revenue_q,net_income_q,ocf_q,EY_1_PER,BY_1_PBR,CFY_1_PCR,SY_1_PSR,EY_1_PER_rank,BY_1_PBR_rank,CFY_1_PCR_rank,SY_1_PSR_rank,avg_rank,overall_rank,signal_date,target_weight,top_n
004140,동방,KOSPI,45200337000.0,570045120.0,267511.0,2100.0,CFS,2016-08-16,135578281991.0,142598636481.0,17770927541.0,9745266406.0,1.572636729765975,2.9994971495677123,0.8624065263938187,12.619254275117463,2.0,42.0,44.0,13.0,25.25,1,2016-10-31,0.05,20
010100,한국프랜지,KOSPI,88306218000.0,163964650.0,11271.0,14500.0,CFS,2016-08-16,286079270050.0,308561565105.0,6578008277.0,23410228220.0,0.2979635376072838,3.239627701528334,1.0604113164488598,13.976889604987953,58.0,33.0,29.0,11.0,32.75,2,2016-10-31,0.05,20
010770,평화홀딩스,KOSPI,57331826720.0,47899440.0,12239.0,3920.0,CFS,2016-08-16,150741141923.0,156365217982.0,4282154653.0,18903428162.0,0.2987628267219461,2.629275056230059,1.318878482928618,10.909487935604366,57.0,60.0,18.0,20.0,38.75,3,2016-10-31,0.05,20
000880,한화,KOSPI,2799708752250.0,8264490250.0,222244.0,37350.0,CFS,2016-08-16,15153896000000.0,10864899000000.0,128298000000.0,1441132000000.0,0.18330192366887116,5.412668724138357,2.0589741684263796,15.522898931924072,141.0,7.0,4.0,8.0,40.0,4,2016-10-31,0.05,20
007860,서연,KOSPI,249583544400.0,1301812750.0,118180.0,11100.0,CFS,2016-08-16,1027343294528.0,814105427994.0,23816213414.0,36846037776.0,0.38169525112329483,4.116230086393468,0.590520306370006,13.047421534959177,38.0,17.0,96.0,12.0,40.75,5,2016-10-31,0.05,20
013580,계룡건설,KOSPI,130391242200.0,97271350.0,6690.0,14600.0,CFS,2016-08-16,322317473013.0,478857641391.0,8288745545.0,49161900918.0,0.2542730755578307,2.471925779483064,1.5081350584142221,14.689871292322115,78.0,72.0,11.0,9.0,42.5,6,2016-10-31,0.05,20
097230,한진중공업,KOSPI,413604781200.0,846517920.0,217637.0,3900.0,CFS,2016-08-16,1230559000000.0,853477000000.0,107867000000.0,70742000000.0,1.0431891013159302,2.9752049684477875,0.6841506985944872,8.254034177494658,7.0,43.0,76.0,44.0,42.5,7,2016-10-31,0.05,20
058650,세아홀딩스,KOSPI,480000000000.0,76982500.0,642.0,120000.0,CFS,2016-08-16,2861583776740.0,1039521706752.0,33314468406.0,87182767409.0,0.27762057005,5.9616328682083335,0.7265230617416667,8.6626808896,66.0,3.0,62.0,40.0,42.75,8,2016-10-31,0.05,20
001230,동국제강,KOSPI,780224391900.0,1469491610.0,180723.0,8180.0,CFS,2016-08-16,2457731113000.0,1424470788000.0,134455355000.0,128721153000.0,0.6893163371761538,3.1500311173493833,0.6599186302624487,7.302877494158485,11.0,36.0,81.0,52.0,45.0,9,2016-10-31,0.05,20
036530,S&T홀딩스,KOSPI,237451575000.0,376449100.0,24704.0,15000.0,CFS,2016-08-04,1541613801942.0,378473263610.0,20908945639.0,35517224141.0,0.35222247970349324,6.492329233621634,0.5983068192493565,6.375586493540841,47.0,1.0,93.0,66.0,51.75,10,2016-10-31,0.05,20
122690,서진오토모티브,KOSDAQ,84972117500.0,240356290.0,45238.0,5300.0,CFS,2016-08-16,207660325951.0,335378125819.0,3686360989.0,28328009627.0,0.17353273508807168,2.443864317621601,1.3335202398363204,15.787678861551262,159.0,79.0,16.0,7.0,65.25,11,2016-10-31,0.05,20
038110,에코플라스틱,KOSDAQ,61393756590.0,420674150.0,154963.0,2705.0,CFS,2016-08-16,132570000000.0,283127000000.0,3013000000.0,22356000000.0,0.19630660623173313,2.1593400919466363,1.4565650477652259,18.446631431321574,127.0,120.0,13.0,4.0,66.0,12,2016-10-31,0.05,20
123040,엠에스오토텍,KOSDAQ,65678792970.0,120090945.0,26836.0,4515.0,CFS,2016-08-12,109250239778.0,191921657225.0,5790890347.0,18680419666.0,0.35267946228214614,1.6634020638579954,1.1376834939419564,11.688500871973318,46.0,223.0,25.0,16.0,77.5,13,2016-10-31,0.05,20
024910,경창산업,KOSDAQ,88151200000.0,127033225.0,25303.0,5020.0,CFS,2016-08-16,147470368574.0,165517516262.0,9339408566.0,25796366690.0,0.42379042218370255,1.6729252531332528,1.1705509029939467,7.510618857689969,27.0,218.0,24.0,50.0,79.75,14,2016-10-31,0.05,20
004980,성신양회,KOSPI,182704548020.0,1134808640.0,148090.0,7610.0,CFS,2016-08-16,337387045635.0,197324488368.0,38648738125.0,29081186588.0,0.8461472589236095,1.846626421133575,0.6366822698867154,4.3200783014202715,10.0,175.0,83.0,147.0,103.75,15,2016-10-31,0.05,20
004560,현대비앤지스틸,KOSPI,173406326500.0,962490850.0,83143.0,11500.0,CFS,2016-08-16,337093449116.0,167749375107.0,13693344081.0,38512451699.0,0.3158672317759987,1.9439512728274075,0.8883747779294546,3.8695099191089777,53.0,151.0,41.0,177.0,105.5,16,2016-10-31,0.05,20
053700,삼보모터스,KOSDAQ,89028014850.0,208746890.0,28478.0,7310.0,CFS,2016-08-16,203930616360.0,215909284272.0,3687811207.0,10152935432.0,0.16569216839052095,2.290634208834097,0.4561681151312339,9.700734522083977,176.0,98.0,155.0,30.0,114.75,17,2016-10-31,0.05,20
012860,서연전자,KOSDAQ,84375000000.0,467143185.0,148252.0,3125.0,CFS,2016-08-16,179354185737.0,188104559437.0,2875935069.0,15789448554.0,0.13634062549333334,2.1256792383644445,0.7485368203377778,8.917549484420741,259.0,127.0,59.0,37.0,120.5,18,2016-10-31,0.05,20
092230,KPX홀딩스,KOSPI,269109950200.0,60648700.0,952.0,63700.0,CFS,2016-08-16,917374787743.0,241018038164.0,11787592884.0,40144749633.0,0.17520857738986717,3.408921844254423,0.5967040550253129,3.582447070201271,157.0,29.0,94.0,203.0,120.75,19,2016-10-31,0.05,20
012800,대창,KOSPI,84760664070.0,589512791.0,628500.0,930.0,CFS,2016-08-12,181411287708.0,225272409636.0,3518998341.0,9392209431.0,0.16606752104225225,2.140276857177294,0.4432343485767596,10.630988424062261,175.0,123.0,163.0,24.0,121.25,20,2016-10-31,0.05,20
004140,동방,KOSPI,45200337000.0,570045120.0,267511.0,2100.0,CFS,2016-08-16,135578281991.0,142598636481.0,17770927541.0,9745266406.0,1.572636729765975,2.9994971495677123,0.8624065263938187,12.619254275117463,2.0,42.0,44.0,13.0,25.25,1,2016-10-31,0.03333333333333333,30
010100,한국프랜지,KOSPI,88306218000.0,163964650.0,11271.0,14500.0,CFS,2016-08-16,286079270050.0,308561565105.0,6578008277.0,23410228220.0,0.2979635376072838,3.239627701528334,1.0604113164488598,13.976889604987953,58.0,33.0,29.0,11.0,32.75,2,2016-10-31,0.03333333333333333,30
010770,평화홀딩스,KOSPI,57331826720.0,47899440.0,12239.0,3920.0,CFS,2016-08-16,150741141923.0,156365217982.0,4282154653.0,18903428162.0,0.2987628267219461,2.629275056230059,1.318878482928618,10.909487935604366,57.0,60.0,18.0,20.0,38.75,3,2016-10-31,0.03333333333333333,30
000880,한화,KOSPI,2799708752250.0,8264490250.0,222244.0,37350.0,CFS,2016-08-16,15153896000000.0,10864899000000.0,128298000000.0,1441132000000.0,0.18330192366887116,5.412668724138357,2.0589741684263796,15.522898931924072,141.0,7.0,4.0,8.0,40.0,4,2016-10-31,0.03333333333333333,30
007860,서연,KOSPI,249583544400.0,1301812750.0,118180.0,11100.0,CFS,2016-08-16,1027343294528.0,814105427994.0,23816213414.0,36846037776.0,0.38169525112329483,4.116230086393468,0.590520306370006,13.047421534959177,38.0,17.0,96.0,12.0,40.75,5,2016-10-31,0.03333333333333333,30
013580,계룡건설,KOSPI,130391242200.0,97271350.0,6690.0,14600.0,CFS,2016-08-16,322317473013.0,478857641391.0,8288745545.0,49161900918.0,0.2542730755578307,2.471925779483064,1.5081350584142221,14.689871292322115,78.0,72.0,11.0,9.0,42.5,6,2016-10-31,0.03333333333333333,30
097230,한진중공업,KOSPI,413604781200.0,846517920.0,217637.0,3900.0,CFS,2016-08-16,1230559000000.0,853477000000.0,107867000000.0,70742000000.0,1.0431891013159302,2.9752049684477875,0.6841506985944872,8.254034177494658,7.0,43.0,76.0,44.0,42.5,7,2016-10-31,0.03333333333333333,30
058650,세아홀딩스,KOSPI,480000000000.0,76982500.0,642.0,120000.0,CFS,2016-08-16,2861583776740.0,1039521706752.0,33314468406.0,87182767409.0,0.27762057005,5.9616328682083335,0.7265230617416667,8.6626808896,66.0,3.0,62.0,40.0,42.75,8,2016-10-31,0.03333333333333333,30
001230,동국제강,KOSPI,780224391900.0,1469491610.0,180723.0,8180.0,CFS,2016-08-16,2457731113000.0,1424470788000.0,134455355000.0,128721153000.0,0.6893163371761538,3.1500311173493833,0.6599186302624487,7.302877494158485,11.0,36.0,81.0,52.0,45.0,9,2016-10-31,0.03333333333333333,30
036530,S&T홀딩스,KOSPI,237451575000.0,376449100.0,24704.0,15000.0,CFS,2016-08-04,1541613801942.0,378473263610.0,20908945639.0,35517224141.0,0.35222247970349324,6.492329233621634,0.5983068192493565,6.375586493540841,47.0,1.0,93.0,66.0,51.75,10,2016-10-31,0.03333333333333333,30
122690,서진오토모티브,KOSDAQ,84972117500.0,240356290.0,45238.0,5300.0,CFS,2016-08-16,207660325951.0,335378125819.0,3686360989.0,28328009627.0,0.17353273508807168,2.443864317621601,1.3335202398363204,15.787678861551262,159.0,79.0,16.0,7.0,65.25,11,2016-10-31,0.03333333333333333,30
038110,에코플라스틱,KOSDAQ,61393756590.0,420674150.0,154963.0,2705.0,CFS,2016-08-16,132570000000.0,283127000000.0,3013000000.0,22356000000.0,0.19630660623173313,2.1593400919466363,1.4565650477652259,18.446631431321574,127.0,120.0,13.0,4.0,66.0,12,2016-10-31,0.03333333333333333,30
123040,엠에스오토텍,KOSDAQ,65678792970.0,120090945.0,26836.0,4515.0,CFS,2016-08-12,109250239778.0,191921657225.0,5790890347.0,18680419666.0,0.35267946228214614,1.6634020638579954,1.1376834939419564,11.688500871973318,46.0,223.0,25.0,16.0,77.5,13,2016-10-31,0.03333333333333333,30
024910,경창산업,KOSDAQ,88151200000.0,127033225.0,25303.0,5020.0,CFS,2016-08-16,147470368574.0,165517516262.0,9339408566.0,25796366690.0,0.42379042218370255,1.6729252531332528,1.1705509029939467,7.510618857689969,27.0,218.0,24.0,50.0,79.75,14,2016-10-31,0.03333333333333333,30
004980,성신양회,KOSPI,182704548020.0,1134808640.0,148090.0,7610.0,CFS,2016-08-16,337387045635.0,197324488368.0,38648738125.0,29081186588.0,0.8461472589236095,1.846626421133575,0.6366822698867154,4.3200783014202715,10.0,175.0,83.0,147.0,103.75,15,2016-10-31,0.03333333333333333,30
004560,현대비앤지스틸,KOSPI,173406326500.0,962490850.0,83143.0,11500.0,CFS,2016-08-16,337093449116.0,167749375107.0,13693344081.0,38512451699.0,0.3158672317759987,1.9439512728274075,0.8883747779294546,3.8695099191089777,53.0,151.0,41.0,177.0,105.5,16,2016-10-31,0.03333333333333333,30
053700,삼보모터스,KOSDAQ,89028014850.0,208746890.0,28478.0,7310.0,CFS,2016-08-16,203930616360.0,215909284272.0,3687811207.0,10152935432.0,0.16569216839052095,2.290634208834097,0.4561681151312339,9.700734522083977,176.0,98.0,155.0,30.0,114.75,17,2016-10-31,0.03333333333333333,30
012860,서연전자,KOSDAQ,84375000000.0,467143185.0,148252.0,3125.0,CFS,2016-08-16,179354185737.0,188104559437.0,2875935069.0,15789448554.0,0.13634062549333334,2.1256792383644445,0.7485368203377778,8.917549484420741,259.0,127.0,59.0,37.0,120.5,18,2016-10-31,0.03333333333333333,30
092230,KPX홀딩스,KOSPI,269109950200.0,60648700.0,952.0,63700.0,CFS,2016-08-16,917374787743.0,241018038164.0,11787592884.0,40144749633.0,0.17520857738986717,3.408921844254423,0.5967040550253129,3.582447070201271,157.0,29.0,94.0,203.0,120.75,19,2016-10-31,0.03333333333333333,30
012800,대창,KOSPI,84760664070.0,589512791.0,628500.0,930.0,CFS,2016-08-12,181411287708.0,225272409636.0,3518998341.0,9392209431.0,0.16606752104225225,2.140276857177294,0.4432343485767596,10.630988424062261,175.0,123.0,163.0,24.0,121.25,20,2016-10-31,0.03333333333333333,30
084010,대한제강,KOSPI,229461093540.0,457136120.0,49426.0,9310.0,CFS,2016-08-16,426744003752.0,261189661209.0,19884011274.0,27310476602.0,0.34662104964707297,1.8597662774478556,0.47608030068486007,4.553097122993864,48.0,169.0,143.0,133.0,123.25,21,2016-10-31,0.03333333333333333,30
034020,두산중공업,KOSPI,2781346307200.0,8915980200.0,337885.0,26200.0,CFS,2016-10-28,6936263903348.0,3598417352126.0,86854926372.0,494766789515.0,0.12491062496915378,2.4938512278720095,0.7115500694526387,5.175072723322327,284.0,69.0,68.0,99.0,130.0,22,2016-10-31,0.03333333333333333,30
013520,화승알앤에이,KOSPI,210469544600.0,347421550.0,10625.0,32600.0,CFS,2016-08-16,288397877413.0,417203758710.0,18572934941.0,33256184291.0,0.35298094983382217,1.3702594261849321,0.6320379388705153,7.929009577188965,45.0,350.0,84.0,47.0,131.5,23,2016-10-31,0.03333333333333333,30
013870,지엠비코리아,KOSPI,91260859800.0,169929575.0,35515.0,4785.0,CFS,2016-08-16,219776497640.0,126692103392.0,3158299953.0,11830381946.0,0.13842955062757364,2.4082229569351483,0.5185303742229261,5.552965583258728,249.0,83.0,128.0,86.0,136.5,24,2016-10-31,0.03333333333333333,30
013570,디와이,KOSPI,165024098910.0,396842420.0,63540.0,6270.0,CFS,2016-08-12,400017315725.0,182043511425.0,5497993745.0,30042342301.0,0.13326523292815476,2.4239933341078834,0.7281928518181903,4.412531566660018,268.0,81.0,61.0,144.0,138.5,25,2016-10-31,0.03333333333333333,30
003030,세아제강,KOSPI,418200000000.0,379477500.0,5416.0,69700.0,CFS,2016-08-16,1242433434847.0,435771322330.0,12238366985.0,87837494946.0,0.1170575512673362,2.9709073047513153,0.8401482060832137,4.168066210712578,320.0,44.0,49.0,153.0,141.5,26,2016-10-31,0.03333333333333333,30
027710,팜스토리,KOSDAQ,117060346075.0,739587695.0,549732.0,1325.0,CFS,2016-08-12,155575409615.0,222661910111.0,5474421118.0,45090720061.0,0.18706321317357338,1.3290188764291162,1.5407683839277424,7.608448721596691,138.0,369.0,10.0,49.0,141.5,27,2016-10-31,0.03333333333333333,30
014790,한라,KOSPI,167876733200.0,113182165.0,24578.0,4600.0,CFS,2016-08-16,345601788165.0,448470628812.0,4145663586.0,58116629860.0,0.09877875288557258,2.058664006484253,1.3847453128781755,10.685712552619531,395.0,136.0,15.0,22.0,142.0,28,2016-10-31,0.03333333333333333,30
084690,대상홀딩스,KOSPI,378421022100.0,895104300.0,87187.0,10450.0,CFS,2016-08-16,1033987700576.0,835311543593.0,9754645512.0,54022874419.0,0.10310891776432311,2.7323738381076583,0.571034601822138,8.829441228793721,377.0,53.0,104.0,39.0,143.25,29,2016-10-31,0.03333333333333333,30
005160,동국산업,KOSDAQ,247500000000.0,1627609270.0,323034.0,4950.0,CFS,2016-08-12,465288782848.0,203101885687.0,17774159074.0,35352136021.0,0.287259136549495,1.8799546781737373,0.5713476528646465,3.2824547181737374,60.0,167.0,103.0,248.0,144.5,30,2016-10-31,0.03333333333333333,30
004140,동방,KOSPI,45200337000.0,570045120.0,267511.0,2100.0,CFS,2016-08-16,135578281991.0,142598636481.0,17770927541.0,9745266406.0,1.572636729765975,2.9994971495677123,0.8624065263938187,12.619254275117463,2.0,42.0,44.0,13.0,25.25,1,2016-10-31,0.02,50
010100,한국프랜지,KOSPI,88306218000.0,163964650.0,11271.0,14500.0,CFS,2016-08-16,286079270050.0,308561565105.0,6578008277.0,23410228220.0,0.2979635376072838,3.239627701528334,1.0604113164488598,13.976889604987953,58.0,33.0,29.0,11.0,32.75,2,2016-10-31,0.02,50
010770,평화홀딩스,KOSPI,57331826720.0,47899440.0,12239.0,3920.0,CFS,2016-08-16,150741141923.0,156365217982.0,4282154653.0,18903428162.0,0.2987628267219461,2.629275056230059,1.318878482928618,10.909487935604366,57.0,60.0,18.0,20.0,38.75,3,2016-10-31,0.02,50
000880,한화,KOSPI,2799708752250.0,8264490250.0,222244.0,37350.0,CFS,2016-08-16,15153896000000.0,10864899000000.0,128298000000.0,1441132000000.0,0.18330192366887116,5.412668724138357,2.0589741684263796,15.522898931924072,141.0,7.0,4.0,8.0,40.0,4,2016-10-31,0.02,50
007860,서연,KOSPI,249583544400.0,1301812750.0,118180.0,11100.0,CFS,2016-08-16,1027343294528.0,814105427994.0,23816213414.0,36846037776.0,0.38169525112329483,4.116230086393468,0.590520306370006,13.047421534959177,38.0,17.0,96.0,12.0,40.75,5,2016-10-31,0.02,50
013580,계룡건설,KOSPI,130391242200.0,97271350.0,6690.0,14600.0,CFS,2016-08-16,322317473013.0,478857641391.0,8288745545.0,49161900918.0,0.2542730755578307,2.471925779483064,1.5081350584142221,14.689871292322115,78.0,72.0,11.0,9.0,42.5,6,2016-10-31,0.02,50
097230,한진중공업,KOSPI,413604781200.0,846517920.0,217637.0,3900.0,CFS,2016-08-16,1230559000000.0,853477000000.0,107867000000.0,70742000000.0,1.0431891013159302,2.9752049684477875,0.6841506985944872,8.254034177494658,7.0,43.0,76.0,44.0,42.5,7,2016-10-31,0.02,50
058650,세아홀딩스,KOSPI,480000000000.0,76982500.0,642.0,120000.0,CFS,2016-08-16,2861583776740.0,1039521706752.0,33314468406.0,87182767409.0,0.27762057005,5.9616328682083335,0.7265230617416667,8.6626808896,66.0,3.0,62.0,40.0,42.75,8,2016-10-31,0.02,50
001230,동국제강,KOSPI,780224391900.0,1469491610.0,180723.0,8180.0,CFS,2016-08-16,2457731113000.0,1424470788000.0,134455355000.0,128721153000.0,0.6893163371761538,3.1500311173493833,0.6599186302624487,7.302877494158485,11.0,36.0,81.0,52.0,45.0,9,2016-10-31,0.02,50
036530,S&T홀딩스,KOSPI,237451575000.0,376449100.0,24704.0,15000.0,CFS,2016-08-04,1541613801942.0,378473263610.0,20908945639.0,35517224141.0,0.35222247970349324,6.492329233621634,0.5983068192493565,6.375586493540841,47.0,1.0,93.0,66.0,51.75,10,2016-10-31,0.02,50
122690,서진오토모티브,KOSDAQ,84972117500.0,240356290.0,45238.0,5300.0,CFS,2016-08-16,207660325951.0,335378125819.0,3686360989.0,28328009627.0,0.17353273508807168,2.443864317621601,1.3335202398363204,15.787678861551262,159.0,79.0,16.0,7.0,65.25,11,2016-10-31,0.02,50
038110,에코플라스틱,KOSDAQ,61393756590.0,420674150.0,154963.0,2705.0,CFS,2016-08-16,132570000000.0,283127000000.0,3013000000.0,22356000000.0,0.19630660623173313,2.1593400919466363,1.4565650477652259,18.446631431321574,127.0,120.0,13.0,4.0,66.0,12,2016-10-31,0.02,50
123040,엠에스오토텍,KOSDAQ,65678792970.0,120090945.0,26836.0,4515.0,CFS,2016-08-12,109250239778.0,191921657225.0,5790890347.0,18680419666.0,0.35267946228214614,1.6634020638579954,1.1376834939419564,11.688500871973318,46.0,223.0,25.0,16.0,77.5,13,2016-10-31,0.02,50
024910,경창산업,KOSDAQ,88151200000.0,127033225.0,25303.0,5020.0,CFS,2016-08-16,147470368574.0,165517516262.0,9339408566.0,25796366690.0,0.42379042218370255,1.6729252531332528,1.1705509029939467,7.510618857689969,27.0,218.0,24.0,50.0,79.75,14,2016-10-31,0.02,50
004980,성신양회,KOSPI,182704548020.0,1134808640.0,148090.0,7610.0,CFS,2016-08-16,337387045635.0,197324488368.0,38648738125.0,29081186588.0,0.8461472589236095,1.846626421133575,0.6366822698867154,4.3200783014202715,10.0,175.0,83.0,147.0,103.75,15,2016-10-31,0.02,50
004560,현대비앤지스틸,KOSPI,173406326500.0,962490850.0,83143.0,11500.0,CFS,2016-08-16,337093449116.0,167749375107.0,13693344081.0,38512451699.0,0.3158672317759987,1.9439512728274075,0.8883747779294546,3.8695099191089777,53.0,151.0,41.0,177.0,105.5,16,2016-10-31,0.02,50
053700,삼보모터스,KOSDAQ,89028014850.0,208746890.0,28478.0,7310.0,CFS,2016-08-16,203930616360.0,215909284272.0,3687811207.0,10152935432.0,0.16569216839052095,2.290634208834097,0.4561681151312339,9.700734522083977,176.0,98.0,155.0,30.0,114.75,17,2016-10-31,0.02,50
012860,서연전자,KOSDAQ,84375000000.0,467143185.0,148252.0,3125.0,CFS,2016-08-16,179354185737.0,188104559437.0,2875935069.0,15789448554.0,0.13634062549333334,2.1256792383644445,0.7485368203377778,8.917549484420741,259.0,127.0,59.0,37.0,120.5,18,2016-10-31,0.02,50
092230,KPX홀딩스,KOSPI,269109950200.0,60648700.0,952.0,63700.0,CFS,2016-08-16,917374787743.0,241018038164.0,11787592884.0,40144749633.0,0.17520857738986717,3.408921844254423,0.5967040550253129,3.582447070201271,157.0,29.0,94.0,203.0,120.75,19,2016-10-31,0.02,50
012800,대창,KOSPI,84760664070.0,589512791.0,628500.0,930.0,CFS,2016-08-12,181411287708.0,225272409636.0,3518998341.0,9392209431.0,0.16606752104225225,2.140276857177294,0.4432343485767596,10.630988424062261,175.0,123.0,163.0,24.0,121.25,20,2016-10-31,0.02,50
084010,대한제강,KOSPI,229461093540.0,457136120.0,49426.0,9310.0,CFS,2016-08-16,426744003752.0,261189661209.0,19884011274.0,27310476602.0,0.34662104964707297,1.8597662774478556,0.47608030068486007,4.553097122993864,48.0,169.0,143.0,133.0,123.25,21,2016-10-31,0.02,50
034020,두산중공업,KOSPI,2781346307200.0,8915980200.0,337885.0,26200.0,CFS,2016-10-28,6936263903348.0,3598417352126.0,86854926372.0,494766789515.0,0.12491062496915378,2.4938512278720095,0.7115500694526387,5.175072723322327,284.0,69.0,68.0,99.0,130.0,22,2016-10-31,0.02,50
013520,화승알앤에이,KOSPI,210469544600.0,347421550.0,10625.0,32600.0,CFS,2016-08-16,288397877413.0,417203758710.0,18572934941.0,33256184291.0,0.35298094983382217,1.3702594261849321,0.6320379388705153,7.929009577188965,45.0,350.0,84.0,47.0,131.5,23,2016-10-31,0.02,50
013870,지엠비코리아,KOSPI,91260859800.0,169929575.0,35515.0,4785.0,CFS,2016-08-16,219776497640.0,126692103392.0,3158299953.0,11830381946.0,0.13842955062757364,2.4082229569351483,0.5185303742229261,5.552965583258728,249.0,83.0,128.0,86.0,136.5,24,2016-10-31,0.02,50
013570,디와이,KOSPI,165024098910.0,396842420.0,63540.0,6270.0,CFS,2016-08-12,400017315725.0,182043511425.0,5497993745.0,30042342301.0,0.13326523292815476,2.4239933341078834,0.7281928518181903,4.412531566660018,268.0,81.0,61.0,144.0,138.5,25,2016-10-31,0.02,50
003030,세아제강,KOSPI,418200000000.0,379477500.0,5416.0,69700.0,CFS,2016-08-16,1242433434847.0,435771322330.0,12238366985.0,87837494946.0,0.1170575512673362,2.9709073047513153,0.8401482060832137,4.168066210712578,320.0,44.0,49.0,153.0,141.5,26,2016-10-31,0.02,50
027710,팜스토리,KOSDAQ,117060346075.0,739587695.0,549732.0,1325.0,CFS,2016-08-12,155575409615.0,222661910111.0,5474421118.0,45090720061.0,0.18706321317357338,1.3290188764291162,1.5407683839277424,7.608448721596691,138.0,369.0,10.0,49.0,141.5,27,2016-10-31,0.02,50
014790,한라,KOSPI,167876733200.0,113182165.0,24578.0,4600.0,CFS,2016-08-16,345601788165.0,448470628812.0,4145663586.0,58116629860.0,0.09877875288557258,2.058664006484253,1.3847453128781755,10.685712552619531,395.0,136.0,15.0,22.0,142.0,28,2016-10-31,0.02,50
084690,대상홀딩스,KOSPI,378421022100.0,895104300.0,87187.0,10450.0,CFS,2016-08-16,1033987700576.0,835311543593.0,9754645512.0,54022874419.0,0.10310891776432311,2.7323738381076583,0.571034601822138,8.829441228793721,377.0,53.0,104.0,39.0,143.25,29,2016-10-31,0.02,50
005160,동국산업,KOSDAQ,247500000000.0,1627609270.0,323034.0,4950.0,CFS,2016-08-12,465288782848.0,203101885687.0,17774159074.0,35352136021.0,0.287259136549495,1.8799546781737373,0.5713476528646465,3.2824547181737374,60.0,167.0,103.0,248.0,144.5,30,2016-10-31,0.02,50
015750,성우하이텍,KOSDAQ,460800000000.0,1317631480.0,170942.0,7680.0,CFS,2016-08-16,1135462595140.0,923028248862.0,11819257017.0,60207680313.0,0.10259771716145834,2.4641115345920137,0.522636113828125,8.01239799359375,378.0,74.0,126.0,46.0,156.0,31,2016-10-31,0.02,50
005430,한국공항,KOSPI,141852704000.0,212323750.0,4762.0,44800.0,CFS,2016-08-16,275163341737.0,116451997443.0,5943033574.0,24972402375.0,0.16758322982690552,1.9397821400500057,0.7041783954996021,3.2837441700935077,170.0,152.0,70.0,247.0,159.75,32,2016-10-31,0.02,50
049070,인탑스,KOSDAQ,173720000000.0,3030339600.0,149731.0,20200.0,CFS,2016-08-12,401451144702.0,126999031160.0,9363399105.0,20596116938.0,0.21559749263182132,2.310909191238775,0.47423709274694914,2.9242236048814183,110.0,94.0,144.0,298.0,161.5,33,2016-10-31,0.02,50
005960,동부건설,KOSPI,89907027000.0,0.0,0.0,10500.0,CFS,2016-08-16,96982273195.0,151613505964.0,7657166222.0,63062722225.0,0.34067042265784186,1.0786951413152612,2.805686021627653,6.745346210324583,51.0,540.0,2.0,60.0,163.25,34,2016-10-31,0.02,50
001120,LG상사,KOSPI,1079466000000.0,7684041600.0,278686.0,27850.0,CFS,2016-08-16,1631007497092.0,2845617336811.0,42029691335.0,123275351787.0,0.15574252949143372,1.5109392024315726,0.4568012398241353,10.544537157487127,192.0,287.0,153.0,25.0,164.25,35,2016-10-31,0.02,50
000320,노루홀딩스,KOSPI,220416803700.0,222733550.0,13277.0,16700.0,CFS,2016-08-16,527845127646.0,182051394072.0,8020243877.0,30549677008.0,0.1455468683397844,2.394759014673072,0.5543983307112986,3.3037661560464775,222.0,86.0,110.0,244.0,165.5,36,2016-10-31,0.02,50
010660,화천기계,KOSPI,50820000000.0,24949700.0,1083.0,23100.0,OFS,2016-08-16,126313589683.0,54154086547.0,1339229595.0,8619827309.0,0.10540964935064935,2.4855094388626524,0.6784594497441953,4.2624231835497834,370.0,70.0,77.0,149.0,166.5,37,2016-10-31,0.02,50
140910,광희리츠,KOSPI,22607019050.0,108048470.0,17384.0,6230.0,OFS,2016-08-16,26712923081.0,20107136498.0,2866602851.0,27177873473.0,0.5072058097814537,1.1816207622030557,4.80874960345557,3.5576802856721614,19.0,450.0,1.0,207.0,169.25,38,2016-10-31,0.02,50
009070,KCTC,KOSPI,98100000000.0,48073930.0,14680.0,3270.0,CFS,2016-08-16,177631196000.0,95092831447.0,6041734269.0,7939658355.0,0.24635002116207952,1.8107155555555556,0.32373734373088686,3.8773835452395513,80.0,181.0,243.0,176.0,170.0,39,2016-10-31,0.02,50
017370,우신시스템,KOSPI,69537242540.0,374250960.0,98781.0,3805.0,CFS,2016-08-16,114650162896.0,62835070723.0,2546583936.0,15672397650.0,0.14648748457548486,1.6487591211292227,0.9015254029369799,3.614470084105236,218.0,228.0,39.0,197.0,170.5,40,2016-10-31,0.02,50
016590,신대양제지,KOSPI,91507455050.0,209172850.0,8748.0,23650.0,CFS,2016-08-16,261431550403.0,78126432894.0,3490436375.0,8361692890.0,0.1525749513235971,2.8569426421066226,0.3655087068231169,3.4150849393117286,201.0,49.0,212.0,227.0,172.25,41,2016-10-31,0.02,50
019440,세아특수강,KOSPI,164972500000.0,161760450.0,8421.0,19250.0,CFS,2016-08-16,295037604680.0,167530784626.0,6165539731.0,19814430222.0,0.14949254526663536,1.7884047624907182,0.4804298952128385,4.062029359462941,208.0,182.0,140.0,160.0,172.5,42,2016-10-31,0.02,50
018670,SK가스,KOSPI,853509363100.0,1294052500.0,13484.0,96100.0,CFS,2016-08-12,1596378360015.0,1300320327947.0,54906456240.0,44592776914.0,0.25732093220665453,1.8703700615736103,0.208985531228556,6.093994438322993,77.0,168.0,381.0,72.0,174.5,43,2016-10-31,0.02,50
024900,덕양산업,KOSPI,59919563200.0,383655740.0,206501.0,1840.0,CFS,2016-08-16,89414485123.0,285441092523.0,1605005259.0,11390703373.0,0.10714398926058927,1.4922419381555172,0.7603996267449427,19.054951490233826,359.0,291.0,56.0,3.0,177.25,44,2016-10-31,0.02,50
002300,한국제지,KOSPI,145393768450.0,124287100.0,4286.0,29050.0,CFS,2016-08-16,519217040185.0,164930727257.0,5127162141.0,9393432429.0,0.14105589794278423,3.571109310393557,0.2584273735839055,4.537490953437076,241.0,25.0,317.0,137.0,180.0,45,2016-10-31,0.02,50
004020,현대제철,KOSPI,6592221779000.0,16608751200.0,336705.0,49400.0,CFS,2016-08-16,15864342206970.0,4225743414371.0,243502154021.0,1183389035876.0,0.14775119052984154,2.4065243462389283,0.7180517133970046,2.5640784282060483,215.0,84.0,67.0,356.0,180.5,46,2016-10-31,0.02,50
012620,원일특강,KOSDAQ,47740000000.0,158408850.0,14495.0,10850.0,CFS,2016-08-16,94643571738.0,51913903602.0,2790120858.0,2671185266.0,0.23377636011730205,1.9824795085462925,0.22381108219522414,4.349719614746544,88.0,146.0,357.0,146.0,184.25,47,2016-10-31,0.02,50
003960,사조대림,KOSPI,98349487500.0,218469200.0,13109.0,16500.0,CFS,2016-08-16,252926133022.0,262521667747.0,1991760121.0,11227524254.0,0.08100744280950117,2.571707687058359,0.45663783470147723,10.67709347227661,499.0,62.0,154.0,23.0,184.5,48,2016-10-31,0.02,50
122450,KMH,KOSDAQ,110753772900.0,285224880.0,34738.0,8220.0,CFS,2016-08-16,284004079123.0,48838462202.0,26200624683.0,14281731769.0,0.9462657206867938,2.56428356060997,0.5158011829319812,1.7638572817233569,9.0,63.0,129.0,539.0,185.0,49,2016-10-31,0.02,50
023460,CNH,KOSDAQ,53010000000.0,516960345.0,364714.0,1425.0,CFS,2016-08-16,93378101792.0,24211070260.0,6766387619.0,26577850725.0,0.5105744289002075,1.7615186152046785,2.005497130730051,1.8269058864365215,18.0,198.0,5.0,527.0,187.0,50,2016-10-31,0.02,50
122690,서진오토모티브,KOSDAQ,75913769125.0,78971500.0,16636.0,4735.0,CFS,2017-03-31,212537969759.0,366142705425.0,16379755230.0,44818967988.0,0.8630716360837788,2.799728852996798,2.361572531813082,19.29255836696015,8.0,38.0,5.0,5.0,14.0,1,2017-04-28,0.05,20
038110,에코플라스틱,KOSDAQ,55265729130.0,107193315.0,44315.0,2435.0,CFS,2017-03-31,136505900843.0,304698039493.0,11815867433.0,38618858758.0,0.8552039478358004,2.469991855565699,2.7951397269840017,22.0533082103209,9.0,60.0,3.0,4.0,19.0,2,2017-04-28,0.05,20
007860,서연,KOSPI,237146424400.0,609760900.0,60233.0,10100.0,CFS,2017-03-31,1072030023657.0,890830021478.0,42484676605.0,51060799265.0,0.7165982234392061,4.520540532581608,0.8612535380904525,15.025822526852318,12.0,10.0,47.0,11.0,20.0,3,2017-04-28,0.05,20
010770,평화홀딩스,KOSPI,52797932260.0,37978465.0,10420.0,3610.0,CFS,2017-03-31,157682312532.0,164460386824.0,5190249982.0,22452404028.0,0.39321615524190984,2.986524391817158,1.7010063134620188,12.459608153904624,37.0,34.0,10.0,16.0,24.25,4,2017-04-28,0.05,20
053700,삼보모터스,KOSDAQ,88630863700.0,406245070.0,65459.0,6220.0,CFS,2017-03-31,181954415259.0,241194535450.0,12725153689.0,38175719132.0,0.5742989815408963,2.052946430431773,1.722908591355632,10.88535191381645,16.0,111.0,9.0,20.0,39.0,5,2017-04-28,0.05,20
000880,한화,KOSPI,2994601463250.0,13043109850.0,327182.0,39950.0,CFS,2017-03-31,14227936000000.0,12196546000000.0,137477000000.0,2168445000000.0,0.18363311670969143,4.7511951672389205,2.896472237272757,16.291377867375054,150.0,9.0,2.0,7.0,42.0,6,2017-04-28,0.05,20
002030,아세아,KOSPI,215377659200.0,275143500.0,2795.0,98300.0,CFS,2017-03-31,1225090202229.0,297212926366.0,20917972029.0,41696963793.0,0.38848917026395097,5.688102502271972,0.7743971951014685,5.519846904641259,38.0,3.0,66.0,86.0,48.25,7,2017-04-28,0.05,20
010100,한국프랜지,KOSPI,77344066800.0,75997450.0,5999.0,12700.0,CFS,2017-03-31,288746715817.0,295094143024.0,5040482413.0,13930169006.0,0.2606784267516691,3.7332755796725188,0.7204259916676634,15.261371956924302,88.0,16.0,79.0,10.0,48.25,8,2017-04-28,0.05,20
009410,태영건설,KOSPI,482848000000.0,323602430.0,51299.0,6320.0,CFS,2017-03-31,1261379125469.0,674712436617.0,42483788167.0,194597086387.0,0.35194337072536286,2.6123730976808437,1.6120773940204784,5.589439630003645,49.0,49.0,15.0,83.0,49.0,9,2017-04-28,0.05,20
123040,엠에스오토텍,KOSDAQ,79861921020.0,121591190.0,22094.0,5490.0,CFS,2017-03-29,125262787880.0,201211486150.0,19341026107.0,51319515353.0,0.9687233094308555,1.56849204577273,2.570412266449135,10.077968753073703,6.0,232.0,4.0,24.0,66.5,10,2017-04-28,0.05,20
013870,지엠비코리아,KOSPI,103371757600.0,266205770.0,49354.0,5420.0,CFS,2017-03-31,228957529377.0,134481268599.0,9110584609.0,15912056451.0,0.35253670133978643,2.2148944227393113,0.6157216176036074,5.203791508291042,48.0,84.0,99.0,93.0,81.0,11,2017-04-28,0.05,20
067570,엔브이에이치코리아,KOSDAQ,103256388090.0,36967805.0,10313.0,3595.0,CFS,2017-03-31,155103238324.0,164130801625.0,12508151739.0,21420645675.0,0.48454732807805306,1.5021176044702378,0.8298041824329321,6.35818488951757,21.0,251.0,53.0,60.0,96.25,12,2017-04-28,0.05,20
200880,서연이화,KOSPI,370289586900.0,1816239900.0,133110.0,13700.0,CFS,2017-03-31,679619369045.0,673327314350.0,24772426794.0,51453902580.0,0.2676005771741025,1.8353726193994682,0.5558233814865076,7.273521461804845,83.0,145.0,116.0,45.0,97.25,13,2017-04-28,0.05,20
084870,TBH글로벌,KOSPI,167480256570.0,326503510.0,40671.0,8030.0,CFS,2017-03-31,248949140823.0,259327240099.0,17884806406.0,21750389538.0,0.42715020318887253,1.4864387356544877,0.5194735184540206,6.193619365291853,25.0,256.0,129.0,64.0,118.5,14,2017-04-28,0.05,20
058650,세아홀딩스,KOSPI,548000000000.0,80844000.0,582.0,137000.0,CFS,2017-03-31,2924149208280.0,1050368128021.0,14973867615.0,69065479939.0,0.10929830375912408,5.336038701240876,0.5041275907956204,7.6669206424890515,311.0,5.0,135.0,40.0,122.75,15,2017-04-28,0.05,20
039020,이건홀딩스,KOSDAQ,53654907110.0,17695360.0,4741.0,3745.0,CFS,2017-03-24,97313894920.0,52212865263.0,2081802730.0,11957096513.0,0.15519942850572946,1.8136998116592211,0.8914074896065923,3.892495063383961,197.0,151.0,40.0,163.0,137.75,16,2017-04-28,0.05,20
024910,경창산업,KOSDAQ,86834200000.0,59991500.0,12077.0,4945.0,CFS,2017-03-31,146696896908.0,180345318353.0,2349358519.0,44267348456.0,0.1082227287865841,1.689390780452863,2.039166524526051,8.307570904228978,314.0,195.0,6.0,37.0,138.0,17,2017-04-28,0.05,20
117580,대성에너지,KOSPI,172425000000.0,64220100.0,10268.0,6270.0,OFS,2017-03-31,292297527179.0,217313975484.0,8009804479.0,23800113394.0,0.18581538591271568,1.695215468632739,0.5521267425025373,5.041356543053501,145.0,191.0,119.0,100.0,138.75,18,2017-04-28,0.05,20
054930,유신,KOSDAQ,43500000000.0,16021250.0,1108.0,14500.0,OFS,2017-03-31,86504815188.0,38767794534.0,1843770793.0,8343247933.0,0.16954214188505748,1.9886164411034484,0.7671952122298851,3.5648546697931036,168.0,121.0,69.0,200.0,139.5,19,2017-04-28,0.05,20
034730,SK,KOSPI,17062372022500.0,22741448000.0,93734.0,242500.0,CFS,2017-03-31,42326724000000.0,21749396000000.0,443814000000.0,2869427000000.0,0.10404508808382477,2.4807057274442337,0.6726912286793681,5.09879774542936,326.0,59.0,87.0,98.0,142.5,20,2017-04-28,0.05,20
122690,서진오토모티브,KOSDAQ,75913769125.0,78971500.0,16636.0,4735.0,CFS,2017-03-31,212537969759.0,366142705425.0,16379755230.0,44818967988.0,0.8630716360837788,2.799728852996798,2.361572531813082,19.29255836696015,8.0,38.0,5.0,5.0,14.0,1,2017-04-28,0.03333333333333333,30
038110,에코플라스틱,KOSDAQ,55265729130.0,107193315.0,44315.0,2435.0,CFS,2017-03-31,136505900843.0,304698039493.0,11815867433.0,38618858758.0,0.8552039478358004,2.469991855565699,2.7951397269840017,22.0533082103209,9.0,60.0,3.0,4.0,19.0,2,2017-04-28,0.03333333333333333,30
007860,서연,KOSPI,237146424400.0,609760900.0,60233.0,10100.0,CFS,2017-03-31,1072030023657.0,890830021478.0,42484676605.0,51060799265.0,0.7165982234392061,4.520540532581608,0.8612535380904525,15.025822526852318,12.0,10.0,47.0,11.0,20.0,3,2017-04-28,0.03333333333333333,30
010770,평화홀딩스,KOSPI,52797932260.0,37978465.0,10420.0,3610.0,CFS,2017-03-31,157682312532.0,164460386824.0,5190249982.0,22452404028.0,0.39321615524190984,2.986524391817158,1.7010063134620188,12.459608153904624,37.0,34.0,10.0,16.0,24.25,4,2017-04-28,0.03333333333333333,30
053700,삼보모터스,KOSDAQ,88630863700.0,406245070.0,65459.0,6220.0,CFS,2017-03-31,181954415259.0,241194535450.0,12725153689.0,38175719132.0,0.5742989815408963,2.052946430431773,1.722908591355632,10.88535191381645,16.0,111.0,9.0,20.0,39.0,5,2017-04-28,0.03333333333333333,30
000880,한화,KOSPI,2994601463250.0,13043109850.0,327182.0,39950.0,CFS,2017-03-31,14227936000000.0,12196546000000.0,137477000000.0,2168445000000.0,0.18363311670969143,4.7511951672389205,2.896472237272757,16.291377867375054,150.0,9.0,2.0,7.0,42.0,6,2017-04-28,0.03333333333333333,30
002030,아세아,KOSPI,215377659200.0,275143500.0,2795.0,98300.0,CFS,2017-03-31,1225090202229.0,297212926366.0,20917972029.0,41696963793.0,0.38848917026395097,5.688102502271972,0.7743971951014685,5.519846904641259,38.0,3.0,66.0,86.0,48.25,7,2017-04-28,0.03333333333333333,30
010100,한국프랜지,KOSPI,77344066800.0,75997450.0,5999.0,12700.0,CFS,2017-03-31,288746715817.0,295094143024.0,5040482413.0,13930169006.0,0.2606784267516691,3.7332755796725188,0.7204259916676634,15.261371956924302,88.0,16.0,79.0,10.0,48.25,8,2017-04-28,0.03333333333333333,30
009410,태영건설,KOSPI,482848000000.0,323602430.0,51299.0,6320.0,CFS,2017-03-31,1261379125469.0,674712436617.0,42483788167.0,194597086387.0,0.35194337072536286,2.6123730976808437,1.6120773940204784,5.589439630003645,49.0,49.0,15.0,83.0,49.0,9,2017-04-28,0.03333333333333333,30
123040,엠에스오토텍,KOSDAQ,79861921020.0,121591190.0,22094.0,5490.0,CFS,2017-03-29,125262787880.0,201211486150.0,19341026107.0,51319515353.0,0.9687233094308555,1.56849204577273,2.570412266449135,10.077968753073703,6.0,232.0,4.0,24.0,66.5,10,2017-04-28,0.03333333333333333,30
013870,지엠비코리아,KOSPI,103371757600.0,266205770.0,49354.0,5420.0,CFS,2017-03-31,228957529377.0,134481268599.0,9110584609.0,15912056451.0,0.35253670133978643,2.2148944227393113,0.6157216176036074,5.203791508291042,48.0,84.0,99.0,93.0,81.0,11,2017-04-28,0.03333333333333333,30
067570,엔브이에이치코리아,KOSDAQ,103256388090.0,36967805.0,10313.0,3595.0,CFS,2017-03-31,155103238324.0,164130801625.0,12508151739.0,21420645675.0,0.48454732807805306,1.5021176044702378,0.8298041824329321,6.35818488951757,21.0,251.0,53.0,60.0,96.25,12,2017-04-28,0.03333333333333333,30
200880,서연이화,KOSPI,370289586900.0,1816239900.0,133110.0,13700.0,CFS,2017-03-31,679619369045.0,673327314350.0,24772426794.0,51453902580.0,0.2676005771741025,1.8353726193994682,0.5558233814865076,7.273521461804845,83.0,145.0,116.0,45.0,97.25,13,2017-04-28,0.03333333333333333,30
084870,TBH글로벌,KOSPI,167480256570.0,326503510.0,40671.0,8030.0,CFS,2017-03-31,248949140823.0,259327240099.0,17884806406.0,21750389538.0,0.42715020318887253,1.4864387356544877,0.5194735184540206,6.193619365291853,25.0,256.0,129.0,64.0,118.5,14,2017-04-28,0.03333333333333333,30
058650,세아홀딩스,KOSPI,548000000000.0,80844000.0,582.0,137000.0,CFS,2017-03-31,2924149208280.0,1050368128021.0,14973867615.0,69065479939.0,0.10929830375912408,5.336038701240876,0.5041275907956204,7.6669206424890515,311.0,5.0,135.0,40.0,122.75,15,2017-04-28,0.03333333333333333,30
039020,이건홀딩스,KOSDAQ,53654907110.0,17695360.0,4741.0,3745.0,CFS,2017-03-24,97313894920.0,52212865263.0,2081802730.0,11957096513.0,0.15519942850572946,1.8136998116592211,0.8914074896065923,3.892495063383961,197.0,151.0,40.0,163.0,137.75,16,2017-04-28,0.03333333333333333,30
024910,경창산업,KOSDAQ,86834200000.0,59991500.0,12077.0,4945.0,CFS,2017-03-31,146696896908.0,180345318353.0,2349358519.0,44267348456.0,0.1082227287865841,1.689390780452863,2.039166524526051,8.307570904228978,314.0,195.0,6.0,37.0,138.0,17,2017-04-28,0.03333333333333333,30
117580,대성에너지,KOSPI,172425000000.0,64220100.0,10268.0,6270.0,OFS,2017-03-31,292297527179.0,217313975484.0,8009804479.0,23800113394.0,0.18581538591271568,1.695215468632739,0.5521267425025373,5.041356543053501,145.0,191.0,119.0,100.0,138.75,18,2017-04-28,0.03333333333333333,30
054930,유신,KOSDAQ,43500000000.0,16021250.0,1108.0,14500.0,OFS,2017-03-31,86504815188.0,38767794534.0,1843770793.0,8343247933.0,0.16954214188505748,1.9886164411034484,0.7671952122298851,3.5648546697931036,168.0,121.0,69.0,200.0,139.5,19,2017-04-28,0.03333333333333333,30
034730,SK,KOSPI,17062372022500.0,22741448000.0,93734.0,242500.0,CFS,2017-03-31,42326724000000.0,21749396000000.0,443814000000.0,2869427000000.0,0.10404508808382477,2.4807057274442337,0.6726912286793681,5.09879774542936,326.0,59.0,87.0,98.0,142.5,20,2017-04-28,0.03333333333333333,30
049070,인탑스,KOSDAQ,209840000000.0,873351650.0,71256.0,12200.0,CFS,2017-03-31,423267578256.0,203586868349.0,22013604603.0,15556493252.0,0.4196264697483797,2.017096732062524,0.2965400924895158,3.8808019128669464,30.0,116.0,277.0,165.0,147.0,21,2017-04-28,0.03333333333333333,30
013310,아진산업,KOSDAQ,110837709200.0,285660340.0,33898.0,8440.0,CFS,2017-03-31,135848070924.0,126075993700.0,11369324502.0,22735960383.0,0.41030528631676194,1.2256484900718247,0.8205135435260331,4.549931412692892,33.0,392.0,55.0,124.0,151.0,22,2017-04-28,0.03333333333333333,30
024740,한일단조,KOSDAQ,40912161240.0,454866960.0,169443.0,2685.0,CFS,2017-03-31,87513867101.0,23869604338.0,3131926013.0,8010463765.0,0.30620978389554276,2.1390673200475487,0.783186565775277,2.3337417153765596,71.0,98.0,62.0,377.0,152.0,23,2017-04-28,0.03333333333333333,30
002310,아세아제지,KOSPI,179130040000.0,428201600.0,21358.0,20000.0,CFS,2017-03-31,461142565450.0,173023159502.0,6352935746.0,17900107590.0,0.1418619846453448,2.5743452379623206,0.3997120212779498,3.863632465040481,217.0,51.0,189.0,168.0,156.25,24,2017-04-28,0.03333333333333333,30
084010,대한제강,KOSPI,250164350100.0,537847190.0,53274.0,10150.0,CFS,2017-03-31,440204802223.0,260126447991.0,20022948392.0,19815256481.0,0.32015670312730143,1.7596624061223503,0.31683581570402186,4.15928884970249,61.0,168.0,255.0,146.0,157.5,25,2017-04-28,0.03333333333333333,30
012860,서연전자,KOSDAQ,81675000000.0,87681765.0,28861.0,3025.0,CFS,2017-03-31,188331734087.0,206695307699.0,8146280615.0,3411569477.0,0.39896078922558925,2.3058675737618612,0.16708023150290788,10.122818864964799,36.0,75.0,498.0,22.0,157.75,26,2017-04-28,0.03333333333333333,30
054210,이랜텍,KOSDAQ,124097928360.0,300904680.0,49883.0,6060.0,CFS,2017-03-30,163219337351.0,158985338880.0,6246935637.0,22406961611.0,0.20135503370783264,1.3152462696839817,0.7222348320271348,5.124512261600175,126.0,337.0,78.0,96.0,159.25,27,2017-04-28,0.03333333333333333,30
054090,삼진엘앤디,KOSDAQ,66532581300.0,326820820.0,112195.0,2910.0,CFS,2017-03-30,98816014113.0,66974246203.0,4864046800.0,7824895294.0,0.2924309687049524,1.485227420644207,0.4704399042458315,4.026553300315134,76.0,257.0,152.0,156.0,160.25,28,2017-04-28,0.03333333333333333,30
076080,웰크론한텍,KOSDAQ,56947285880.0,353618975.0,111591.0,3160.0,CFS,2017-03-31,93800114343.0,41702757841.0,2732965837.0,12373018583.0,0.19196460690041933,1.6471393305847222,0.8690857442493447,2.9292182899726984,134.0,210.0,43.0,261.0,162.0,29,2017-04-28,0.03333333333333333,30
041520,이라이콤,KOSDAQ,117133695300.0,262313630.0,27266.0,9610.0,CFS,2017-03-31,228250028201.0,94351764105.0,10007339554.0,9638519534.0,0.34174076138789755,1.9486282543755793,0.3291459219932934,3.222019551704521,53.0,128.0,244.0,227.0,163.0,30,2017-04-28,0.03333333333333333,30
122690,서진오토모티브,KOSDAQ,75913769125.0,78971500.0,16636.0,4735.0,CFS,2017-03-31,212537969759.0,366142705425.0,16379755230.0,44818967988.0,0.8630716360837788,2.799728852996798,2.361572531813082,19.29255836696015,8.0,38.0,5.0,5.0,14.0,1,2017-04-28,0.02,50
038110,에코플라스틱,KOSDAQ,55265729130.0,107193315.0,44315.0,2435.0,CFS,2017-03-31,136505900843.0,304698039493.0,11815867433.0,38618858758.0,0.8552039478358004,2.469991855565699,2.7951397269840017,22.0533082103209,9.0,60.0,3.0,4.0,19.0,2,2017-04-28,0.02,50
007860,서연,KOSPI,237146424400.0,609760900.0,60233.0,10100.0,CFS,2017-03-31,1072030023657.0,890830021478.0,42484676605.0,51060799265.0,0.7165982234392061,4.520540532581608,0.8612535380904525,15.025822526852318,12.0,10.0,47.0,11.0,20.0,3,2017-04-28,0.02,50
010770,평화홀딩스,KOSPI,52797932260.0,37978465.0,10420.0,3610.0,CFS,2017-03-31,157682312532.0,164460386824.0,5190249982.0,22452404028.0,0.39321615524190984,2.986524391817158,1.7010063134620188,12.459608153904624,37.0,34.0,10.0,16.0,24.25,4,2017-04-28,0.02,50
053700,삼보모터스,KOSDAQ,88630863700.0,406245070.0,65459.0,6220.0,CFS,2017-03-31,181954415259.0,241194535450.0,12725153689.0,38175719132.0,0.5742989815408963,2.052946430431773,1.722908591355632,10.88535191381645,16.0,111.0,9.0,20.0,39.0,5,2017-04-28,0.02,50
000880,한화,KOSPI,2994601463250.0,13043109850.0,327182.0,39950.0,CFS,2017-03-31,14227936000000.0,12196546000000.0,137477000000.0,2168445000000.0,0.18363311670969143,4.7511951672389205,2.896472237272757,16.291377867375054,150.0,9.0,2.0,7.0,42.0,6,2017-04-28,0.02,50
002030,아세아,KOSPI,215377659200.0,275143500.0,2795.0,98300.0,CFS,2017-03-31,1225090202229.0,297212926366.0,20917972029.0,41696963793.0,0.38848917026395097,5.688102502271972,0.7743971951014685,5.519846904641259,38.0,3.0,66.0,86.0,48.25,7,2017-04-28,0.02,50
010100,한국프랜지,KOSPI,77344066800.0,75997450.0,5999.0,12700.0,CFS,2017-03-31,288746715817.0,295094143024.0,5040482413.0,13930169006.0,0.2606784267516691,3.7332755796725188,0.7204259916676634,15.261371956924302,88.0,16.0,79.0,10.0,48.25,8,2017-04-28,0.02,50
009410,태영건설,KOSPI,482848000000.0,323602430.0,51299.0,6320.0,CFS,2017-03-31,1261379125469.0,674712436617.0,42483788167.0,194597086387.0,0.35194337072536286,2.6123730976808437,1.6120773940204784,5.589439630003645,49.0,49.0,15.0,83.0,49.0,9,2017-04-28,0.02,50
123040,엠에스오토텍,KOSDAQ,79861921020.0,121591190.0,22094.0,5490.0,CFS,2017-03-29,125262787880.0,201211486150.0,19341026107.0,51319515353.0,0.9687233094308555,1.56849204577273,2.570412266449135,10.077968753073703,6.0,232.0,4.0,24.0,66.5,10,2017-04-28,0.02,50
013870,지엠비코리아,KOSPI,103371757600.0,266205770.0,49354.0,5420.0,CFS,2017-03-31,228957529377.0,134481268599.0,9110584609.0,15912056451.0,0.35253670133978643,2.2148944227393113,0.6157216176036074,5.203791508291042,48.0,84.0,99.0,93.0,81.0,11,2017-04-28,0.02,50
067570,엔브이에이치코리아,KOSDAQ,103256388090.0,36967805.0,10313.0,3595.0,CFS,2017-03-31,155103238324.0,164130801625.0,12508151739.0,21420645675.0,0.48454732807805306,1.5021176044702378,0.8298041824329321,6.35818488951757,21.0,251.0,53.0,60.0,96.25,12,2017-04-28,0.02,50
200880,서연이화,KOSPI,370289586900.0,1816239900.0,133110.0,13700.0,CFS,2017-03-31,679619369045.0,673327314350.0,24772426794.0,51453902580.0,0.2676005771741025,1.8353726193994682,0.5558233814865076,7.273521461804845,83.0,145.0,116.0,45.0,97.25,13,2017-04-28,0.02,50
084870,TBH글로벌,KOSPI,167480256570.0,326503510.0,40671.0,8030.0,CFS,2017-03-31,248949140823.0,259327240099.0,17884806406.0,21750389538.0,0.42715020318887253,1.4864387356544877,0.5194735184540206,6.193619365291853,25.0,256.0,129.0,64.0,118.5,14,2017-04-28,0.02,50
058650,세아홀딩스,KOSPI,548000000000.0,80844000.0,582.0,137000.0,CFS,2017-03-31,2924149208280.0,1050368128021.0,14973867615.0,69065479939.0,0.10929830375912408,5.336038701240876,0.5041275907956204,7.6669206424890515,311.0,5.0,135.0,40.0,122.75,15,2017-04-28,0.02,50
039020,이건홀딩스,KOSDAQ,53654907110.0,17695360.0,4741.0,3745.0,CFS,2017-03-24,97313894920.0,52212865263.0,2081802730.0,11957096513.0,0.15519942850572946,1.8136998116592211,0.8914074896065923,3.892495063383961,197.0,151.0,40.0,163.0,137.75,16,2017-04-28,0.02,50
024910,경창산업,KOSDAQ,86834200000.0,59991500.0,12077.0,4945.0,CFS,2017-03-31,146696896908.0,180345318353.0,2349358519.0,44267348456.0,0.1082227287865841,1.689390780452863,2.039166524526051,8.307570904228978,314.0,195.0,6.0,37.0,138.0,17,2017-04-28,0.02,50
117580,대성에너지,KOSPI,172425000000.0,64220100.0,10268.0,6270.0,OFS,2017-03-31,292297527179.0,217313975484.0,8009804479.0,23800113394.0,0.18581538591271568,1.695215468632739,0.5521267425025373,5.041356543053501,145.0,191.0,119.0,100.0,138.75,18,2017-04-28,0.02,50
054930,유신,KOSDAQ,43500000000.0,16021250.0,1108.0,14500.0,OFS,2017-03-31,86504815188.0,38767794534.0,1843770793.0,8343247933.0,0.16954214188505748,1.9886164411034484,0.7671952122298851,3.5648546697931036,168.0,121.0,69.0,200.0,139.5,19,2017-04-28,0.02,50
034730,SK,KOSPI,17062372022500.0,22741448000.0,93734.0,242500.0,CFS,2017-03-31,42326724000000.0,21749396000000.0,443814000000.0,2869427000000.0,0.10404508808382477,2.4807057274442337,0.6726912286793681,5.09879774542936,326.0,59.0,87.0,98.0,142.5,20,2017-04-28,0.02,50
049070,인탑스,KOSDAQ,209840000000.0,873351650.0,71256.0,12200.0,CFS,2017-03-31,423267578256.0,203586868349.0,22013604603.0,15556493252.0,0.4196264697483797,2.017096732062524,0.2965400924895158,3.8808019128669464,30.0,116.0,277.0,165.0,147.0,21,2017-04-28,0.02,50
013310,아진산업,KOSDAQ,110837709200.0,285660340.0,33898.0,8440.0,CFS,2017-03-31,135848070924.0,126075993700.0,11369324502.0,22735960383.0,0.41030528631676194,1.2256484900718247,0.8205135435260331,4.549931412692892,33.0,392.0,55.0,124.0,151.0,22,2017-04-28,0.02,50
024740,한일단조,KOSDAQ,40912161240.0,454866960.0,169443.0,2685.0,CFS,2017-03-31,87513867101.0,23869604338.0,3131926013.0,8010463765.0,0.30620978389554276,2.1390673200475487,0.783186565775277,2.3337417153765596,71.0,98.0,62.0,377.0,152.0,23,2017-04-28,0.02,50
002310,아세아제지,KOSPI,179130040000.0,428201600.0,21358.0,20000.0,CFS,2017-03-31,461142565450.0,173023159502.0,6352935746.0,17900107590.0,0.1418619846453448,2.5743452379623206,0.3997120212779498,3.863632465040481,217.0,51.0,189.0,168.0,156.25,24,2017-04-28,0.02,50
084010,대한제강,KOSPI,250164350100.0,537847190.0,53274.0,10150.0,CFS,2017-03-31,440204802223.0,260126447991.0,20022948392.0,19815256481.0,0.32015670312730143,1.7596624061223503,0.31683581570402186,4.15928884970249,61.0,168.0,255.0,146.0,157.5,25,2017-04-28,0.02,50
012860,서연전자,KOSDAQ,81675000000.0,87681765.0,28861.0,3025.0,CFS,2017-03-31,188331734087.0,206695307699.0,8146280615.0,3411569477.0,0.39896078922558925,2.3058675737618612,0.16708023150290788,10.122818864964799,36.0,75.0,498.0,22.0,157.75,26,2017-04-28,0.02,50
054210,이랜텍,KOSDAQ,124097928360.0,300904680.0,49883.0,6060.0,CFS,2017-03-30,163219337351.0,158985338880.0,6246935637.0,22406961611.0,0.20135503370783264,1.3152462696839817,0.7222348320271348,5.124512261600175,126.0,337.0,78.0,96.0,159.25,27,2017-04-28,0.02,50
054090,삼진엘앤디,KOSDAQ,66532581300.0,326820820.0,112195.0,2910.0,CFS,2017-03-30,98816014113.0,66974246203.0,4864046800.0,7824895294.0,0.2924309687049524,1.485227420644207,0.4704399042458315,4.026553300315134,76.0,257.0,152.0,156.0,160.25,28,2017-04-28,0.02,50
076080,웰크론한텍,KOSDAQ,56947285880.0,353618975.0,111591.0,3160.0,CFS,2017-03-31,93800114343.0,41702757841.0,2732965837.0,12373018583.0,0.19196460690041933,1.6471393305847222,0.8690857442493447,2.9292182899726984,134.0,210.0,43.0,261.0,162.0,29,2017-04-28,0.02,50
041520,이라이콤,KOSDAQ,117133695300.0,262313630.0,27266.0,9610.0,CFS,2017-03-31,228250028201.0,94351764105.0,10007339554.0,9638519534.0,0.34174076138789755,1.9486282543755793,0.3291459219932934,3.222019551704521,53.0,128.0,244.0,227.0,163.0,30,2017-04-28,0.02,50
000320,노루홀딩스,KOSPI,197319234450.0,154356750.0,10438.0,14950.0,CFS,2017-03-31,533516629124.0,179343138044.0,5239113291.0,27974281588.0,0.10620583047776973,2.70382474679219,0.5670867650784158,3.635593631688145,321.0,43.0,108.0,194.0,166.5,31,2017-04-28,0.02,50
011320,유니크,KOSDAQ,62309241375.0,196333365.0,61168.0,3225.0,CFS,2017-03-30,83224090858.0,67294361797.0,4590170618.0,7277321575.0,0.2946702939536471,1.3356620787136009,0.46717446172726734,4.320024465841123,75.0,323.0,156.0,138.0,173.0,32,2017-04-28,0.02,50
038010,제일테크노스,KOSDAQ,39645000000.0,187743610.0,43052.0,4405.0,CFS,2017-03-31,66558267209.0,41198500828.0,1023372588.0,12303188325.0,0.10325363480892925,1.678856531946021,1.2413356867196368,4.156741160600328,330.0,202.0,23.0,147.0,175.5,33,2017-04-28,0.02,50
037330,인지디스플레,KOSDAQ,85625566130.0,723699380.0,300743.0,2405.0,CFS,2017-03-31,170103543993.0,129987537309.0,1518293356.0,15669183842.0,0.0709271038836634,1.9865975979036719,0.7319862302906329,6.072370353109162,477.0,122.0,77.0,69.0,186.25,34,2017-04-28,0.02,50
004690,삼천리,KOSPI,429832650000.0,289138000.0,2736.0,106000.0,CFS,2017-03-31,1362989762827.0,898891420013.0,3816139587.0,136422869619.0,0.03551279398621766,3.1709777347695667,1.2695440387695072,8.365036206653915,681.0,28.0,21.0,36.0,191.5,35,2017-04-28,0.02,50
009970,영원무역홀딩스,KOSPI,724049935200.0,376359900.0,7030.0,53100.0,CFS,2017-03-31,1755453110905.0,625843613923.0,14257998959.0,144606292965.0,0.07876804217964109,2.4244917726842994,0.7988746959838137,3.4574610589537693,439.0,68.0,58.0,207.0,193.0,36,2017-04-28,0.02,50
034590,인천도시가스,KOSPI,132555046200.0,39414550.0,1296.0,30300.0,OFS,2017-03-31,162821421211.0,153984051858.0,5911922706.0,18545546151.0,0.178399023665385,1.2283306134217922,0.5596330485379892,4.646644734314158,155.0,390.0,112.0,117.0,193.5,37,2017-04-28,0.02,50
023810,인팩,KOSPI,61500000000.0,143344990.0,23359.0,6150.0,CFS,2017-03-30,109294366454.0,63233801245.0,3302677687.0,3430066258.0,0.21480830484552846,1.7771441699837398,0.22309374035772359,4.112767560650407,117.0,161.0,381.0,150.0,202.25,38,2017-04-28,0.02,50
092230,KPX홀딩스,KOSPI,264040375000.0,20902200.0,337.0,62500.0,CFS,2017-03-31,936238978408.0,252755731228.0,4835266967.0,30050145360.0,0.07325041811503259,3.5458174849509283,0.4552356109932051,3.8290466937565895,464.0,18.0,163.0,170.0,203.75,39,2017-04-28,0.02,50
006840,AK홀딩스,KOSPI,854467684500.0,1910075300.0,29463.0,64500.0,CFS,2017-03-31,1011420744775.0,787565671300.0,35687681315.0,185421108254.0,0.16706392511910145,1.1836851915199609,0.8680075870277104,3.6868131379870808,172.0,418.0,45.0,184.0,204.75,40,2017-04-28,0.02,50
019180,티에이치엔,KOSPI,41670000000.0,227260035.0,99327.0,2315.0,CFS,2017-03-31,36127402456.0,79209308374.0,8596852930.0,6642975684.0,0.8252318627309815,0.8669882998800096,0.6376746516918647,7.603485325077994,10.0,673.0,97.0,41.0,205.25,41,2017-04-28,0.02,50
034220,LG디스플레이,KOSPI,10519781580000.0,133307305214.0,4542778.0,29400.0,CFS,2017-03-31,13462388000000.0,7935956000000.0,798037000000.0,1348835000000.0,0.303442421853021,1.2797212468360013,0.512875667519325,3.0175364154281232,72.0,366.0,132.0,252.0,205.5,42,2017-04-28,0.02,50
080470,성창오토텍,KOSDAQ,34018000000.0,235758070.0,50360.0,4660.0,CFS,2017-03-31,48530791335.0,39924347267.0,1171242708.0,3131200728.0,0.13772034899171026,1.4266209458227996,0.36818163654535835,4.694496709624317,226.0,279.0,213.0,113.0,207.75,43,2017-04-28,0.02,50
025530,SJM홀딩스,KOSPI,80046282880.0,41064520.0,7593.0,5360.0,CFS,2017-03-31,230659332759.0,46506328940.0,5366947684.0,4719866153.0,0.26819222534271914,2.881574564865041,0.2358568559679757,2.3239719455664996,82.0,36.0,363.0,379.0,215.0,44,2017-04-28,0.02,50
031510,오스템,KOSDAQ,89310000000.0,430675915.0,124472.0,3435.0,CFS,2017-03-30,134458122893.0,54813000959.0,3693903958.0,13165031719.0,0.16544189712238272,1.5055214745605194,0.5896330408240958,2.4549546952860823,175.0,249.0,102.0,344.0,217.5,45,2017-04-28,0.02,50
049520,유아이엘,KOSDAQ,136709640000.0,184362850.0,15359.0,12000.0,CFS,2017-03-30,173703228150.0,109436386614.0,8369821336.0,14656499507.0,0.24489337653145749,1.2705997042344637,0.4288358745440336,3.2020093568822214,97.0,371.0,172.0,230.0,217.5,46,2017-04-28,0.02,50
098660,에스티오,KOSDAQ,32298650080.0,7865290.0,2066.0,3820.0,CFS,2017-03-31,33858491829.0,29317940569.0,2517567234.0,4557111501.0,0.31178606260810016,1.0482943325846887,0.5643717603940183,3.6308564594969597,66.0,520.0,109.0,195.0,222.5,47,2017-04-28,0.02,50
011210,현대위아,KOSPI,1764960886700.0,18790775500.0,290816.0,64900.0,CFS,2017-03-31,3258589317190.0,2058126036150.0,22850530155.0,380206000822.0,0.051787051661466146,1.8462671562556163,0.8616757542607814,4.664411662964701,590.0,142.0,46.0,115.0,223.25,48,2017-04-28,0.02,50
079960,동양이엔피,KOSDAQ,107682000000.0,59829150.0,4394.0,13700.0,CFS,2017-03-31,190903426883.0,101100389154.0,12908338402.0,4089794383.0,0.4794984640701324,1.7728443647313386,0.1519211895395702,3.7555167680392265,22.0,163.0,540.0,179.0,226.0,49,2017-04-28,0.02,50
002150,도화엔지니어링,KOSPI,162193200000.0,1378053525.0,281387.0,4810.0,OFS,2017-03-30,226063766539.0,117618800706.0,10632708297.0,11911181851.0,0.2622232817898654,1.393793121653682,0.29375292801424474,2.900708555130548,85.0,294.0,280.0,268.0,231.75,50,2017-04-28,0.02,50
013580,계룡건설,KOSPI,159863235300.0,24764100.0,1398.0,17900.0,CFS,2017-08-14,348071819476.0,605828263171.0,23701404405.0,116007858075.0,0.593042030220941,2.177309991398629,2.902677600820456,15.158663892522886,18.0,117.0,2.0,10.0,36.75,1,2017-10-31,0.05,20
004140,동방,KOSPI,57404807050.0,146190025.0,83205.0,1765.0,CFS,2017-08-14,145896603238.0,129194241281.0,12200758757.0,9956015550.0,0.8501558934862755,2.5415398245468017,0.6937408946486477,9.002329102402236,12.0,72.0,61.0,39.0,46.0,2,2017-10-31,0.05,20
014790,한라,KOSPI,150724110460.0,88297275.0,21575.0,4130.0,CFS,2017-08-14,372394751124.0,508568874022.0,14590629307.0,23920300348.0,0.38721420912607457,2.4707045872586404,0.6348101912825181,13.496682713067777,37.0,77.0,72.0,18.0,51.0,3,2017-10-31,0.05,20
004980,성신양회,KOSPI,128685463520.0,165654140.0,31022.0,5360.0,CFS,2017-08-14,330803938396.0,181258443690.0,11668098858.0,35176667221.0,0.3626858399957994,2.570639521724901,1.0934154102194433,5.6341544330476525,43.0,71.0,24.0,98.0,59.0,4,2017-10-31,0.05,20
058650,세아홀딩스,KOSPI,630000000000.0,31378000.0,199.0,157500.0,CFS,2017-08-14,3009199201966.0,1210056027637.0,34446005541.0,106668362281.0,0.21870479708571428,4.7765066697873015,0.6772594430539682,7.682895413568254,117.0,11.0,63.0,55.0,61.5,5,2017-10-31,0.05,20
018670,SK가스,KOSPI,839348265600.0,2376665400.0,25330.0,93600.0,CFS,2017-08-16,1824561763961.0,1652505238083.0,90430388891.0,150644551497.0,0.4309552665905932,2.173783921095887,0.7179120166016579,7.875182714063143,31.0,118.0,57.0,53.0,64.75,6,2017-10-31,0.05,20
009410,태영건설,KOSPI,655512000000.0,810349290.0,93928.0,8580.0,CFS,2017-08-14,1410494990848.0,804254406642.0,86516660128.0,306747979235.0,0.5279333414369226,2.151745491841492,1.871806949285444,4.9076410905795775,22.0,124.0,6.0,132.0,71.0,7,2017-10-31,0.05,20
009200,무림페이퍼,KOSPI,104023275000.0,49942465.0,20029.0,2500.0,CFS,2017-08-14,606918361736.0,254350864289.0,3017133575.0,44127593495.0,0.11601763451496792,5.834447740046639,1.6968353859268515,9.780536684275706,353.0,4.0,7.0,31.0,98.75,8,2017-10-31,0.05,20
054800,아이디스홀딩스,KOSDAQ,131933889000.0,331150.0,26.0,12750.0,CFS,2017-08-11,469672917267.0,102774212921.0,23723315826.0,18727932505.0,0.7192485874800523,3.559911110230367,0.5677974824193956,3.1159306740666155,14.0,27.0,84.0,278.0,100.75,9,2017-10-31,0.05,20
015750,성우하이텍,KOSDAQ,402600000000.0,1923253130.0,286104.0,6710.0,CFS,2017-08-14,1180745587066.0,774830590392.0,12233596758.0,127269243241.0,0.12154591910581222,2.932800762707402,1.264473355598609,7.6982671673323395,326.0,43.0,13.0,54.0,109.0,10,2017-10-31,0.05,20
007280,한국특수형강,KOSPI,39465722820.0,835046215.0,387241.0,2190.0,OFS,2017-08-14,60289700087.0,82534771710.0,6716629246.0,7006837436.0,0.6807557309044112,1.5276471778301512,0.7101694265636663,8.365210700580297,15.0,320.0,58.0,46.0,109.75,11,2017-10-31,0.05,20
033160,엠케이전자,KOSDAQ,240974963450.0,3214956950.0,293589.0,11050.0,CFS,2017-08-14,681178121627.0,178244905889.0,27259614095.0,24247644224.0,0.45248873500762843,2.82675889592297,0.402492339898724,2.958729045326472,26.0,53.0,141.0,304.0,131.0,12,2017-10-31,0.05,20
038010,제일테크노스,KOSDAQ,37170000000.0,75205435.0,18369.0,4130.0,CFS,2017-08-14,68062466687.0,43146875342.0,2432242942.0,4454380256.0,0.26174258186709715,1.831112905219263,0.4793521932741458,4.643193472370191,80.0,204.0,104.0,146.0,133.5,13,2017-10-31,0.05,20
005160,동국산업,KOSDAQ,227826824400.0,211639290.0,50550.0,4200.0,CFS,2017-08-14,520741779020.0,201968511710.0,13111913109.0,27218779832.0,0.230208416300956,2.2856912498842696,0.47788542729650585,3.546000559712845,104.0,103.0,105.0,226.0,134.5,14,2017-10-31,0.05,20
000320,노루홀딩스,KOSPI,239240718000.0,418920350.0,23189.0,18000.0,CFS,2017-08-14,573327708659.0,205596687210.0,77188142782.0,17801942703.0,1.2905519332541044,2.396447032310779,0.29764068343917943,3.4374865437412705,7.0,86.0,225.0,239.0,139.25,15,2017-10-31,0.05,20
012620,원일특강,KOSDAQ,42592000000.0,38123710.0,3922.0,9680.0,CFS,2017-08-14,99548780483.0,56867635235.0,2005242795.0,2942932567.0,0.18832107391059355,2.3372647558931257,0.2763835994552968,5.340687005540946,148.0,97.0,244.0,114.0,150.75,16,2017-10-31,0.05,20
019180,티에이치엔,KOSPI,32220000000.0,71999490.0,40578.0,1790.0,CFS,2017-08-14,38677815078.0,81103122552.0,2651462513.0,9485267797.0,0.3291697719428926,1.2004287733705772,1.1775627308504035,10.068668224953445,51.0,527.0,19.0,28.0,156.25,17,2017-10-31,0.05,20
016920,카스,KOSDAQ,22805497920.0,89826430.0,63922.0,1410.0,CFS,2017-08-14,32212746677.0,35393857495.0,1198702083.0,4259816898.0,0.21024791253494368,1.4124991609479405,0.747156131024742,6.207951717460243,122.0,381.0,50.0,80.0,158.25,18,2017-10-31,0.05,20
084010,대한제강,KOSPI,272346410700.0,555629050.0,50120.0,11050.0,CFS,2017-08-14,455578272821.0,326762735962.0,14827005163.0,28588671198.0,0.21776685251537997,1.6727897079680514,0.4198868804552231,4.799222212947637,118.0,264.0,132.0,136.0,162.5,19,2017-10-31,0.05,20
007540,샘표,KOSPI,92025600000.0,95665000.0,2995.0,32000.0,CFS,2017-08-14,215621921609.0,66835307025.0,8751656654.0,7213153187.0,0.3804009603414702,2.3430645560474477,0.3135281133510675,2.9050745455612352,40.0,95.0,212.0,317.0,166.0,20,2017-10-31,0.05,20
013580,계룡건설,KOSPI,159863235300.0,24764100.0,1398.0,17900.0,CFS,2017-08-14,348071819476.0,605828263171.0,23701404405.0,116007858075.0,0.593042030220941,2.177309991398629,2.902677600820456,15.158663892522886,18.0,117.0,2.0,10.0,36.75,1,2017-10-31,0.03333333333333333,30
004140,동방,KOSPI,57404807050.0,146190025.0,83205.0,1765.0,CFS,2017-08-14,145896603238.0,129194241281.0,12200758757.0,9956015550.0,0.8501558934862755,2.5415398245468017,0.6937408946486477,9.002329102402236,12.0,72.0,61.0,39.0,46.0,2,2017-10-31,0.03333333333333333,30
014790,한라,KOSPI,150724110460.0,88297275.0,21575.0,4130.0,CFS,2017-08-14,372394751124.0,508568874022.0,14590629307.0,23920300348.0,0.38721420912607457,2.4707045872586404,0.6348101912825181,13.496682713067777,37.0,77.0,72.0,18.0,51.0,3,2017-10-31,0.03333333333333333,30
004980,성신양회,KOSPI,128685463520.0,165654140.0,31022.0,5360.0,CFS,2017-08-14,330803938396.0,181258443690.0,11668098858.0,35176667221.0,0.3626858399957994,2.570639521724901,1.0934154102194433,5.6341544330476525,43.0,71.0,24.0,98.0,59.0,4,2017-10-31,0.03333333333333333,30
058650,세아홀딩스,KOSPI,630000000000.0,31378000.0,199.0,157500.0,CFS,2017-08-14,3009199201966.0,1210056027637.0,34446005541.0,106668362281.0,0.21870479708571428,4.7765066697873015,0.6772594430539682,7.682895413568254,117.0,11.0,63.0,55.0,61.5,5,2017-10-31,0.03333333333333333,30
018670,SK가스,KOSPI,839348265600.0,2376665400.0,25330.0,93600.0,CFS,2017-08-16,1824561763961.0,1652505238083.0,90430388891.0,150644551497.0,0.4309552665905932,2.173783921095887,0.7179120166016579,7.875182714063143,31.0,118.0,57.0,53.0,64.75,6,2017-10-31,0.03333333333333333,30
009410,태영건설,KOSPI,655512000000.0,810349290.0,93928.0,8580.0,CFS,2017-08-14,1410494990848.0,804254406642.0,86516660128.0,306747979235.0,0.5279333414369226,2.151745491841492,1.871806949285444,4.9076410905795775,22.0,124.0,6.0,132.0,71.0,7,2017-10-31,0.03333333333333333,30
009200,무림페이퍼,KOSPI,104023275000.0,49942465.0,20029.0,2500.0,CFS,2017-08-14,606918361736.0,254350864289.0,3017133575.0,44127593495.0,0.11601763451496792,5.834447740046639,1.6968353859268515,9.780536684275706,353.0,4.0,7.0,31.0,98.75,8,2017-10-31,0.03333333333333333,30
054800,아이디스홀딩스,KOSDAQ,131933889000.0,331150.0,26.0,12750.0,CFS,2017-08-11,469672917267.0,102774212921.0,23723315826.0,18727932505.0,0.7192485874800523,3.559911110230367,0.5677974824193956,3.1159306740666155,14.0,27.0,84.0,278.0,100.75,9,2017-10-31,0.03333333333333333,30
015750,성우하이텍,KOSDAQ,402600000000.0,1923253130.0,286104.0,6710.0,CFS,2017-08-14,1180745587066.0,774830590392.0,12233596758.0,127269243241.0,0.12154591910581222,2.932800762707402,1.264473355598609,7.6982671673323395,326.0,43.0,13.0,54.0,109.0,10,2017-10-31,0.03333333333333333,30
007280,한국특수형강,KOSPI,39465722820.0,835046215.0,387241.0,2190.0,OFS,2017-08-14,60289700087.0,82534771710.0,6716629246.0,7006837436.0,0.6807557309044112,1.5276471778301512,0.7101694265636663,8.365210700580297,15.0,320.0,58.0,46.0,109.75,11,2017-10-31,0.03333333333333333,30
033160,엠케이전자,KOSDAQ,240974963450.0,3214956950.0,293589.0,11050.0,CFS,2017-08-14,681178121627.0,178244905889.0,27259614095.0,24247644224.0,0.45248873500762843,2.82675889592297,0.402492339898724,2.958729045326472,26.0,53.0,141.0,304.0,131.0,12,2017-10-31,0.03333333333333333,30
038010,제일테크노스,KOSDAQ,37170000000.0,75205435.0,18369.0,4130.0,CFS,2017-08-14,68062466687.0,43146875342.0,2432242942.0,4454380256.0,0.26174258186709715,1.831112905219263,0.4793521932741458,4.643193472370191,80.0,204.0,104.0,146.0,133.5,13,2017-10-31,0.03333333333333333,30
005160,동국산업,KOSDAQ,227826824400.0,211639290.0,50550.0,4200.0,CFS,2017-08-14,520741779020.0,201968511710.0,13111913109.0,27218779832.0,0.230208416300956,2.2856912498842696,0.47788542729650585,3.546000559712845,104.0,103.0,105.0,226.0,134.5,14,2017-10-31,0.03333333333333333,30
000320,노루홀딩스,KOSPI,239240718000.0,418920350.0,23189.0,18000.0,CFS,2017-08-14,573327708659.0,205596687210.0,77188142782.0,17801942703.0,1.2905519332541044,2.396447032310779,0.29764068343917943,3.4374865437412705,7.0,86.0,225.0,239.0,139.25,15,2017-10-31,0.03333333333333333,30
012620,원일특강,KOSDAQ,42592000000.0,38123710.0,3922.0,9680.0,CFS,2017-08-14,99548780483.0,56867635235.0,2005242795.0,2942932567.0,0.18832107391059355,2.3372647558931257,0.2763835994552968,5.340687005540946,148.0,97.0,244.0,114.0,150.75,16,2017-10-31,0.03333333333333333,30
019180,티에이치엔,KOSPI,32220000000.0,71999490.0,40578.0,1790.0,CFS,2017-08-14,38677815078.0,81103122552.0,2651462513.0,9485267797.0,0.3291697719428926,1.2004287733705772,1.1775627308504035,10.068668224953445,51.0,527.0,19.0,28.0,156.25,17,2017-10-31,0.03333333333333333,30
016920,카스,KOSDAQ,22805497920.0,89826430.0,63922.0,1410.0,CFS,2017-08-14,32212746677.0,35393857495.0,1198702083.0,4259816898.0,0.21024791253494368,1.4124991609479405,0.747156131024742,6.207951717460243,122.0,381.0,50.0,80.0,158.25,18,2017-10-31,0.03333333333333333,30
084010,대한제강,KOSPI,272346410700.0,555629050.0,50120.0,11050.0,CFS,2017-08-14,455578272821.0,326762735962.0,14827005163.0,28588671198.0,0.21776685251537997,1.6727897079680514,0.4198868804552231,4.799222212947637,118.0,264.0,132.0,136.0,162.5,19,2017-10-31,0.03333333333333333,30
007540,샘표,KOSPI,92025600000.0,95665000.0,2995.0,32000.0,CFS,2017-08-14,215621921609.0,66835307025.0,8751656654.0,7213153187.0,0.3804009603414702,2.3430645560474477,0.3135281133510675,2.9050745455612352,40.0,95.0,212.0,317.0,166.0,20,2017-10-31,0.03333333333333333,30
027710,팜스토리,KOSDAQ,113526448835.0,262685335.0,205661.0,1285.0,CFS,2017-08-11,168006971141.0,205674938983.0,6372565032.0,10573496554.0,0.22453146724467435,1.4798927726981252,0.37254742529179546,7.246767289688737,109.0,343.0,161.0,60.0,168.25,21,2017-10-31,0.03333333333333333,30
002820,선창산업,KOSPI,100359592440.0,88959200.0,11056.0,7960.0,CFS,2017-08-14,275039154561.0,157101172521.0,2662479948.0,10028575582.0,0.10611760702761977,2.740536782524622,0.3997057117582691,6.261530909062747,398.0,58.0,144.0,79.0,169.75,22,2017-10-31,0.03333333333333333,30
126880,제이엔케이히터,KOSDAQ,48991555130.0,180515180.0,54921.0,3305.0,CFS,2017-08-11,77000788826.0,35946593560.0,4009214060.0,11684609320.0,0.32733919544798906,1.571715546111508,0.9540100769607882,2.934921617786171,52.0,304.0,29.0,310.0,173.75,23,2017-10-31,0.03333333333333333,30
013570,디와이,KOSPI,200818799790.0,242180090.0,31883.0,7630.0,CFS,2017-08-14,422187820069.0,213188005793.0,8106240716.0,16575636084.0,0.16146378176698295,2.102332154711062,0.3301610427177825,4.2463754591887755,202.0,136.0,197.0,162.0,174.25,24,2017-10-31,0.03333333333333333,30
001250,GS글로벌,KOSPI,257505343680.0,745093665.0,240850.0,3120.0,CFS,2017-08-14,376269338632.0,805443682655.0,8515639641.0,56921224966.0,0.13227903575596975,1.4612098267738751,0.8841948544063705,12.511486886360213,297.0,351.0,35.0,19.0,175.5,25,2017-10-31,0.03333333333333333,30
015890,태경산업,KOSPI,151404925000.0,43208700.0,8361.0,5180.0,CFS,2017-08-11,263171814073.0,140617495856.0,5826019621.0,31081274383.0,0.15391889321962282,1.738198503602178,0.821143021153374,3.715004537824645,223.0,239.0,43.0,212.0,179.25,26,2017-10-31,0.03333333333333333,30
021650,한국큐빅,KOSDAQ,30263400000.0,197295375.0,64323.0,3060.0,CFS,2017-08-14,40740743743.0,40664629327.0,1872660559.0,3677442993.0,0.24751489376606725,1.3462051105625938,0.4860581419139951,5.374760182530713,90.0,416.0,102.0,112.0,180.0,27,2017-10-31,0.03333333333333333,30
090350,노루페인트,KOSPI,181200000000.0,1628825840.0,177371.0,9060.0,CFS,2017-08-14,296269066316.0,154561089811.0,19284888919.0,15915009555.0,0.42571498717439293,1.6350389973289183,0.3513247142384106,3.4119445874392937,32.0,275.0,177.0,242.0,181.5,28,2017-10-31,0.03333333333333333,30
136480,하림,KOSDAQ,189619972070.0,2898611705.0,832757.0,3515.0,CFS,2017-08-11,228676882727.0,260111313025.0,18273996549.0,27351163830.0,0.3854867469815676,1.2059746672812597,0.5769679961750667,5.487002454129198,38.0,524.0,82.0,106.0,187.5,29,2017-10-31,0.03333333333333333,30
016740,두올,KOSPI,88626891960.0,773818990.0,160624.0,4860.0,CFS,2017-08-23,126126678612.0,72664608139.0,5798527458.0,18563101232.0,0.26170510235728683,1.4231197306222223,0.8378089684281421,3.2795737967115324,81.0,372.0,40.0,260.0,188.25,30,2017-10-31,0.03333333333333333,30
013580,계룡건설,KOSPI,159863235300.0,24764100.0,1398.0,17900.0,CFS,2017-08-14,348071819476.0,605828263171.0,23701404405.0,116007858075.0,0.593042030220941,2.177309991398629,2.902677600820456,15.158663892522886,18.0,117.0,2.0,10.0,36.75,1,2017-10-31,0.02,50
004140,동방,KOSPI,57404807050.0,146190025.0,83205.0,1765.0,CFS,2017-08-14,145896603238.0,129194241281.0,12200758757.0,9956015550.0,0.8501558934862755,2.5415398245468017,0.6937408946486477,9.002329102402236,12.0,72.0,61.0,39.0,46.0,2,2017-10-31,0.02,50
014790,한라,KOSPI,150724110460.0,88297275.0,21575.0,4130.0,CFS,2017-08-14,372394751124.0,508568874022.0,14590629307.0,23920300348.0,0.38721420912607457,2.4707045872586404,0.6348101912825181,13.496682713067777,37.0,77.0,72.0,18.0,51.0,3,2017-10-31,0.02,50
004980,성신양회,KOSPI,128685463520.0,165654140.0,31022.0,5360.0,CFS,2017-08-14,330803938396.0,181258443690.0,11668098858.0,35176667221.0,0.3626858399957994,2.570639521724901,1.0934154102194433,5.6341544330476525,43.0,71.0,24.0,98.0,59.0,4,2017-10-31,0.02,50
058650,세아홀딩스,KOSPI,630000000000.0,31378000.0,199.0,157500.0,CFS,2017-08-14,3009199201966.0,1210056027637.0,34446005541.0,106668362281.0,0.21870479708571428,4.7765066697873015,0.6772594430539682,7.682895413568254,117.0,11.0,63.0,55.0,61.5,5,2017-10-31,0.02,50
018670,SK가스,KOSPI,839348265600.0,2376665400.0,25330.0,93600.0,CFS,2017-08-16,1824561763961.0,1652505238083.0,90430388891.0,150644551497.0,0.4309552665905932,2.173783921095887,0.7179120166016579,7.875182714063143,31.0,118.0,57.0,53.0,64.75,6,2017-10-31,0.02,50
009410,태영건설,KOSPI,655512000000.0,810349290.0,93928.0,8580.0,CFS,2017-08-14,1410494990848.0,804254406642.0,86516660128.0,306747979235.0,0.5279333414369226,2.151745491841492,1.871806949285444,4.9076410905795775,22.0,124.0,6.0,132.0,71.0,7,2017-10-31,0.02,50
009200,무림페이퍼,KOSPI,104023275000.0,49942465.0,20029.0,2500.0,CFS,2017-08-14,606918361736.0,254350864289.0,3017133575.0,44127593495.0,0.11601763451496792,5.834447740046639,1.6968353859268515,9.780536684275706,353.0,4.0,7.0,31.0,98.75,8,2017-10-31,0.02,50
054800,아이디스홀딩스,KOSDAQ,131933889000.0,331150.0,26.0,12750.0,CFS,2017-08-11,469672917267.0,102774212921.0,23723315826.0,18727932505.0,0.7192485874800523,3.559911110230367,0.5677974824193956,3.1159306740666155,14.0,27.0,84.0,278.0,100.75,9,2017-10-31,0.02,50
015750,성우하이텍,KOSDAQ,402600000000.0,1923253130.0,286104.0,6710.0,CFS,2017-08-14,1180745587066.0,774830590392.0,12233596758.0,127269243241.0,0.12154591910581222,2.932800762707402,1.264473355598609,7.6982671673323395,326.0,43.0,13.0,54.0,109.0,10,2017-10-31,0.02,50
007280,한국특수형강,KOSPI,39465722820.0,835046215.0,387241.0,2190.0,OFS,2017-08-14,60289700087.0,82534771710.0,6716629246.0,7006837436.0,0.6807557309044112,1.5276471778301512,0.7101694265636663,8.365210700580297,15.0,320.0,58.0,46.0,109.75,11,2017-10-31,0.02,50
033160,엠케이전자,KOSDAQ,240974963450.0,3214956950.0,293589.0,11050.0,CFS,2017-08-14,681178121627.0,178244905889.0,27259614095.0,24247644224.0,0.45248873500762843,2.82675889592297,0.402492339898724,2.958729045326472,26.0,53.0,141.0,304.0,131.0,12,2017-10-31,0.02,50
038010,제일테크노스,KOSDAQ,37170000000.0,75205435.0,18369.0,4130.0,CFS,2017-08-14,68062466687.0,43146875342.0,2432242942.0,4454380256.0,0.26174258186709715,1.831112905219263,0.4793521932741458,4.643193472370191,80.0,204.0,104.0,146.0,133.5,13,2017-10-31,0.02,50
005160,동국산업,KOSDAQ,227826824400.0,211639290.0,50550.0,4200.0,CFS,2017-08-14,520741779020.0,201968511710.0,13111913109.0,27218779832.0,0.230208416300956,2.2856912498842696,0.47788542729650585,3.546000559712845,104.0,103.0,105.0,226.0,134.5,14,2017-10-31,0.02,50
000320,노루홀딩스,KOSPI,239240718000.0,418920350.0,23189.0,18000.0,CFS,2017-08-14,573327708659.0,205596687210.0,77188142782.0,17801942703.0,1.2905519332541044,2.396447032310779,0.29764068343917943,3.4374865437412705,7.0,86.0,225.0,239.0,139.25,15,2017-10-31,0.02,50
012620,원일특강,KOSDAQ,42592000000.0,38123710.0,3922.0,9680.0,CFS,2017-08-14,99548780483.0,56867635235.0,2005242795.0,2942932567.0,0.18832107391059355,2.3372647558931257,0.2763835994552968,5.340687005540946,148.0,97.0,244.0,114.0,150.75,16,2017-10-31,0.02,50
019180,티에이치엔,KOSPI,32220000000.0,71999490.0,40578.0,1790.0,CFS,2017-08-14,38677815078.0,81103122552.0,2651462513.0,9485267797.0,0.3291697719428926,1.2004287733705772,1.1775627308504035,10.068668224953445,51.0,527.0,19.0,28.0,156.25,17,2017-10-31,0.02,50
016920,카스,KOSDAQ,22805497920.0,89826430.0,63922.0,1410.0,CFS,2017-08-14,32212746677.0,35393857495.0,1198702083.0,4259816898.0,0.21024791253494368,1.4124991609479405,0.747156131024742,6.207951717460243,122.0,381.0,50.0,80.0,158.25,18,2017-10-31,0.02,50
084010,대한제강,KOSPI,272346410700.0,555629050.0,50120.0,11050.0,CFS,2017-08-14,455578272821.0,326762735962.0,14827005163.0,28588671198.0,0.21776685251537997,1.6727897079680514,0.4198868804552231,4.799222212947637,118.0,264.0,132.0,136.0,162.5,19,2017-10-31,0.02,50
007540,샘표,KOSPI,92025600000.0,95665000.0,2995.0,32000.0,CFS,2017-08-14,215621921609.0,66835307025.0,8751656654.0,7213153187.0,0.3804009603414702,2.3430645560474477,0.3135281133510675,2.9050745455612352,40.0,95.0,212.0,317.0,166.0,20,2017-10-31,0.02,50
027710,팜스토리,KOSDAQ,113526448835.0,262685335.0,205661.0,1285.0,CFS,2017-08-11,168006971141.0,205674938983.0,6372565032.0,10573496554.0,0.22453146724467435,1.4798927726981252,0.37254742529179546,7.246767289688737,109.0,343.0,161.0,60.0,168.25,21,2017-10-31,0.02,50
002820,선창산업,KOSPI,100359592440.0,88959200.0,11056.0,7960.0,CFS,2017-08-14,275039154561.0,157101172521.0,2662479948.0,10028575582.0,0.10611760702761977,2.740536782524622,0.3997057117582691,6.261530909062747,398.0,58.0,144.0,79.0,169.75,22,2017-10-31,0.02,50
126880,제이엔케이히터,KOSDAQ,48991555130.0,180515180.0,54921.0,3305.0,CFS,2017-08-11,77000788826.0,35946593560.0,4009214060.0,11684609320.0,0.32733919544798906,1.571715546111508,0.9540100769607882,2.934921617786171,52.0,304.0,29.0,310.0,173.75,23,2017-10-31,0.02,50
013570,디와이,KOSPI,200818799790.0,242180090.0,31883.0,7630.0,CFS,2017-08-14,422187820069.0,213188005793.0,8106240716.0,16575636084.0,0.16146378176698295,2.102332154711062,0.3301610427177825,4.2463754591887755,202.0,136.0,197.0,162.0,174.25,24,2017-10-31,0.02,50
001250,GS글로벌,KOSPI,257505343680.0,745093665.0,240850.0,3120.0,CFS,2017-08-14,376269338632.0,805443682655.0,8515639641.0,56921224966.0,0.13227903575596975,1.4612098267738751,0.8841948544063705,12.511486886360213,297.0,351.0,35.0,19.0,175.5,25,2017-10-31,0.02,50
015890,태경산업,KOSPI,151404925000.0,43208700.0,8361.0,5180.0,CFS,2017-08-11,263171814073.0,140617495856.0,5826019621.0,31081274383.0,0.15391889321962282,1.738198503602178,0.821143021153374,3.715004537824645,223.0,239.0,43.0,212.0,179.25,26,2017-10-31,0.02,50
021650,한국큐빅,KOSDAQ,30263400000.0,197295375.0,64323.0,3060.0,CFS,2017-08-14,40740743743.0,40664629327.0,1872660559.0,3677442993.0,0.24751489376606725,1.3462051105625938,0.4860581419139951,5.374760182530713,90.0,416.0,102.0,112.0,180.0,27,2017-10-31,0.02,50
090350,노루페인트,KOSPI,181200000000.0,1628825840.0,177371.0,9060.0,CFS,2017-08-14,296269066316.0,154561089811.0,19284888919.0,15915009555.0,0.42571498717439293,1.6350389973289183,0.3513247142384106,3.4119445874392937,32.0,275.0,177.0,242.0,181.5,28,2017-10-31,0.02,50
136480,하림,KOSDAQ,189619972070.0,2898611705.0,832757.0,3515.0,CFS,2017-08-11,228676882727.0,260111313025.0,18273996549.0,27351163830.0,0.3854867469815676,1.2059746672812597,0.5769679961750667,5.487002454129198,38.0,524.0,82.0,106.0,187.5,29,2017-10-31,0.02,50
016740,두올,KOSPI,88626891960.0,773818990.0,160624.0,4860.0,CFS,2017-08-23,126126678612.0,72664608139.0,5798527458.0,18563101232.0,0.26170510235728683,1.4231197306222223,0.8378089684281421,3.2795737967115324,81.0,372.0,40.0,260.0,188.25,30,2017-10-31,0.02,50
212560,네오오토,KOSDAQ,48824770600.0,243643800.0,39503.0,6200.0,OFS,2017-08-11,72701235794.0,35486396974.0,3230453232.0,11563235364.0,0.2646569101954982,1.4890236021713126,0.9473253204798467,2.907245362377596,73.0,339.0,30.0,316.0,189.5,31,2017-10-31,0.02,50
143210,핸즈코퍼레이션,KOSPI,179278797600.0,505262800.0,62782.0,8200.0,CFS,2017-08-11,314453648439.0,160184986684.0,7679727293.0,18680368850.0,0.17134713966867882,1.7539923998185047,0.41678924892566327,3.5739861897422722,180.0,232.0,134.0,222.0,192.0,32,2017-10-31,0.02,50
215200,메가스터디교육,KOSDAQ,95648072400.0,70339350.0,1727.0,41150.0,CFS,2017-08-14,167313401648.0,65108998854.0,4912127054.0,15574921228.0,0.20542503077145127,1.7492605700227368,0.6513428169410762,2.722856706686752,125.0,235.0,68.0,340.0,192.0,33,2017-10-31,0.02,50
034730,SK,KOSPI,20369305981500.0,40598509500.0,141023.0,289500.0,CFS,2017-08-14,43556108000000.0,21967793000000.0,581412000000.0,2208565000000.0,0.11417414035177348,2.138320669322702,0.43370451639459556,4.31390112553698,366.0,129.0,120.0,158.0,193.25,34,2017-10-31,0.02,50
084690,대상홀딩스,KOSPI,357055624680.0,567090350.0,57484.0,9860.0,CFS,2017-08-11,1064401773804.0,834133616235.0,7021819465.0,35813198576.0,0.07866359166074571,2.9810530915398323,0.40120581893195456,9.344578923606834,562.0,41.0,143.0,35.0,195.25,35,2017-10-31,0.02,50
025530,SJM홀딩스,KOSPI,70264507640.0,24417370.0,5198.0,4705.0,CFS,2017-08-14,240294744063.0,41348273840.0,21838940855.0,3629324594.0,1.2432416643060675,3.419859501387947,0.20660926637925559,2.3538640049595316,8.0,29.0,343.0,410.0,197.5,36,2017-10-31,0.02,50
020400,대동금속,KOSDAQ,18936000000.0,30048950.0,772.0,39450.0,OFS,2017-08-14,27187867196.0,19745375071.0,905825761.0,2076927611.0,0.19134468969159274,1.4357766791297,0.4387257310942121,4.170970652936206,145.0,364.0,119.0,169.0,199.25,37,2017-10-31,0.02,50
030720,동원수산,KOSPI,36211712280.0,165805240.0,18598.0,8920.0,CFS,2017-08-14,38243689624.0,49645842894.0,3055470539.0,11300137476.0,0.33751185421712954,1.056113815560229,1.2482301183245788,5.4839541980366135,48.0,628.0,15.0,107.0,199.5,38,2017-10-31,0.02,50
009070,KCTC,KOSPI,75600000000.0,52722885.0,20946.0,2520.0,CFS,2017-08-14,178930091473.0,90427788053.0,2139480918.0,6146105712.0,0.11320004857142857,2.3668001517592594,0.3251907784126984,4.78453905042328,371.0,91.0,201.0,138.0,200.25,39,2017-10-31,0.02,50
049070,인탑스,KOSDAQ,180600000000.0,198976600.0,19018.0,10500.0,CFS,2017-08-11,420342127840.0,181673208666.0,6656514627.0,11096470768.0,0.14743111023255814,2.3274757909191583,0.2457690092580288,4.0237698486378735,240.0,99.0,281.0,182.0,200.5,40,2017-10-31,0.02,50
122450,KMH,KOSDAQ,127146769750.0,492808360.0,52922.0,9350.0,CFS,2017-08-14,358070761330.0,59641245025.0,7872005858.0,15100987168.0,0.2476509902210866,2.816200223049709,0.47507261718695765,1.8762960362191978,89.0,55.0,108.0,551.0,200.75,41,2017-10-31,0.02,50
004100,태양금속,KOSPI,75785500000.0,807461270.0,394242.0,2065.0,CFS,2017-08-14,108295010596.0,116822007563.0,3580372854.0,5882262809.0,0.18897403086342374,1.4289674224752755,0.310469037428004,6.165929237809343,146.0,371.0,214.0,82.0,203.25,42,2017-10-31,0.02,50
038500,삼표시멘트,KOSDAQ,333880808030.0,155135305.0,49958.0,3110.0,CFS,2017-08-14,614931483412.0,183573379195.0,21908357051.0,39556154973.0,0.2624691988768816,1.8417694836677971,0.47389552225410675,2.1992684189084084,76.0,200.0,109.0,450.0,208.75,43,2017-10-31,0.02,50
000430,대원강업,KOSPI,252960000000.0,47026935.0,11584.0,4080.0,CFS,2017-08-14,548541845056.0,249000493111.0,6141722823.0,31196225214.0,0.09711769169829222,2.1684924298545223,0.49329894392789375,3.937389201628716,445.0,120.0,99.0,188.0,213.0,44,2017-10-31,0.02,50
005740,크라운해태홀딩스,KOSPI,173603745000.0,1716371750.0,96043.0,17850.0,CFS,2017-08-14,313279455641.0,222797577030.0,4616150633.0,18683537413.0,0.10636062333793549,1.8045662300718224,0.4304869670409472,5.133473981912084,397.0,213.0,125.0,123.0,214.5,45,2017-10-31,0.02,50
014580,백광소재,KOSPI,78198088500.0,133617175.0,46957.0,2835.0,CFS,2017-08-29,169385136645.0,58201046300.0,2224373236.0,12467208320.0,0.11378146339216463,2.166103288381531,0.6377244538400705,2.977108388013858,368.0,121.0,71.0,302.0,215.5,46,2017-10-31,0.02,50
003070,코오롱글로벌,KOSPI,247062292400.0,367669510.0,38061.0,9800.0,CFS,2017-08-14,437819878030.0,931686600882.0,5119741297.0,29427833094.0,0.08288988574122046,1.772103196230199,0.47644394145514696,15.084237935808938,533.0,226.0,107.0,11.0,219.25,47,2017-10-31,0.02,50
030200,KT,KOSPI,7663631564800.0,25248134509.0,864498.0,29350.0,CFS,2017-08-14,13054354000000.0,5842474000000.0,258078000000.0,1331468000000.0,0.13470271780046625,1.7034161793424738,0.6949540769238416,3.049454531105175,283.0,254.0,60.0,291.0,222.0,48,2017-10-31,0.02,50
035810,이지바이오,KOSDAQ,348945520050.0,2612387090.0,417376.0,6210.0,CFS,2017-08-16,571512710323.0,346294057259.0,12800260825.0,30277396281.0,0.14673076557241216,1.6378279057461709,0.34707304769709135,3.969605997055127,245.0,274.0,183.0,186.0,222.0,49,2017-10-31,0.02,50
058850,KTcs,KOSPI,102657425000.0,297257825.0,124783.0,2405.0,CFS,2017-08-11,155467275409.0,224407762784.0,4494349348.0,5266777017.0,0.17512028372034463,1.514427966696028,0.2052175774718682,8.743946686135951,172.0,329.0,347.0,40.0,222.0,50,2017-10-31,0.02,50
009200,무림페이퍼,KOSPI,138350955750.0,781803655.0,234844.0,3325.0,CFS,2018-04-02,645620045175.0,281492655108.0,25900100795.0,47063483347.0,0.7488231838976652,4.666538381864413,1.360698466934877,8.1385098811072,9.0,8.0,22.0,36.0,18.75,1,2018-04-30,0.05,20
006200,한국전자홀딩스,KOSPI,42263231808.0,85851222.0,95006.0,903.0,CFS,2018-04-02,262543366769.0,148426358374.0,2024665861.0,11289486691.0,0.19162432917557917,6.212098685725762,1.0684925130465783,14.047800134953654,105.0,5.0,41.0,11.0,40.5,2,2018-04-30,0.05,20
013580,계룡건설,KOSPI,172813050450.0,3159138900.0,162534.0,19350.0,CFS,2018-04-02,382329684831.0,611692036500.0,28653034519.0,28834758434.0,0.6632145996934458,2.2123889592564043,0.6674208541291333,14.158468585727114,11.0,95.0,77.0,10.0,48.25,3,2018-04-30,0.05,20
015360,예스코,KOSPI,246000000000.0,30374750.0,741.0,41000.0,CFS,2018-03-30,697419303733.0,333183163263.0,14081744759.0,73279301608.0,0.22897145949593495,2.8350378200528454,1.1915333594796749,5.417612410780488,80.0,48.0,33.0,88.0,62.25,4,2018-04-30,0.05,20
036710,심텍홀딩스,KOSDAQ,74851561785.0,64402240.0,30055.0,2145.0,CFS,2018-03-30,229763944197.0,205618081639.0,2280723208.0,31347395806.0,0.12187979267826309,3.0695945243863156,1.6751765792698217,10.988044964491586,206.0,34.0,7.0,17.0,66.0,5,2018-04-30,0.05,20
058650,세아홀딩스,KOSPI,550000000000.0,128617500.0,929.0,137500.0,CFS,2018-03-30,3045979619742.0,1228454553050.0,42486546716.0,48352502705.0,0.30899306702545454,5.5381447631672724,0.3516545651272727,8.934214931272727,41.0,6.0,202.0,25.0,68.5,6,2018-04-30,0.05,20
267290,경동도시가스,KOSPI,190805198350.0,156591950.0,3890.0,40450.0,CFS,2018-04-02,294331882023.0,395529236965.0,13566332928.0,60238060827.0,0.2844017468143577,1.5425778991780807,1.2628180227354902,8.291791636399093,52.0,250.0,27.0,35.0,91.0,7,2018-04-30,0.05,20
084870,TBH글로벌,KOSPI,145163460240.0,270527670.0,39183.0,6960.0,CFS,2018-03-30,228866690913.0,237543767212.0,17711271655.0,23316365872.0,0.48803663472110137,1.576613636342181,0.6424858110560564,6.545552629270943,19.0,236.0,83.0,62.0,100.0,8,2018-04-30,0.05,20
005990,매일홀딩스,KOSDAQ,220178779200.0,3134814000.0,195079.0,16050.0,CFS,2018-03-30,470445124941.0,413553631720.0,5444825752.0,73467173347.0,0.09891644911073247,2.136650619329985,1.3346821817059107,7.513051588760921,251.0,115.0,24.0,43.0,108.25,9,2018-04-30,0.05,20
002020,코오롱,KOSPI,625975501500.0,1128507200.0,22045.0,51900.0,CFS,2018-04-02,913935633828.0,1236243097041.0,45505663615.0,115172251955.0,0.2907823932786929,1.4600182141920452,0.7359537341574381,7.8996260657398905,49.0,286.0,68.0,39.0,110.5,10,2018-04-30,0.05,20
017390,서울가스,KOSPI,433000000000.0,27159500.0,313.0,86600.0,CFS,2018-04-02,916547585328.0,445586325133.0,22541903212.0,63197605994.0,0.20823929064203234,2.116738072351039,0.5838116027159354,4.116270901921478,94.0,118.0,92.0,146.0,112.5,11,2018-04-30,0.05,20
004960,한신공영,KOSPI,269314075200.0,7992726700.0,346784.0,23300.0,CFS,2018-03-30,351284300625.0,569542225626.0,17223686458.0,91908102129.0,0.25581561520999924,1.3043666595001642,1.3650694203152438,8.459152759885162,62.0,339.0,21.0,32.0,113.5,12,2018-04-30,0.05,20
000700,유수홀딩스,KOSPI,178125994080.0,832723260.0,124606.0,6840.0,CFS,2018-04-02,292199732815.0,156439090387.0,29066102832.0,31040334629.0,0.6527088420109156,1.6404103978432658,0.6970422209137911,3.512998564751645,13.0,214.0,71.0,194.0,123.0,13,2018-04-30,0.05,20
012320,경동인베스트,KOSPI,102405495900.0,358315600.0,8360.0,43300.0,CFS,2018-04-02,400403089747.0,103403284260.0,21282785548.0,6378697781.0,0.831314193089123,3.9099765713550925,0.24915450972392586,4.038974016042043,8.0,16.0,317.0,151.0,123.0,14,2018-04-30,0.05,20
067310,하나마이크론,KOSDAQ,115226285460.0,818681550.0,162217.0,5070.0,CFS,2018-04-02,173369685826.0,105752091225.0,8595467943.0,32477144564.0,0.2983856646488481,1.5046018808458776,1.127421384256085,3.6711099660228514,45.0,263.0,38.0,180.0,131.5,15,2018-04-30,0.05,20
084690,대상홀딩스,KOSPI,339673606440.0,638259040.0,68546.0,9380.0,CFS,2018-04-02,1073261265994.0,834499968245.0,3747526924.0,97500430809.0,0.044130916891383064,3.159684019145541,1.1481661095881759,9.827080496375348,444.0,32.0,35.0,22.0,133.25,16,2018-04-30,0.05,20
079660,사조해표,KOSPI,76612000000.0,89504250.0,8441.0,10700.0,CFS,2018-04-02,148829733481.0,115708600504.0,1528626650.0,25564633222.0,0.07981134287056858,1.9426425818540176,1.3347586916932073,6.041278155067092,296.0,148.0,23.0,68.0,133.75,17,2018-04-30,0.05,20
001230,동국제강,KOSPI,1049760107000.0,20746578140.0,1907960.0,11000.0,CFS,2018-04-02,2370682510712.0,1471272232989.0,43242759779.0,80255144809.0,0.16477196834076302,2.258308822085959,0.3058037518242251,5.6061274311274625,135.0,87.0,248.0,80.0,137.5,18,2018-04-30,0.05,20
054040,한국컴퓨터,KOSDAQ,57695931100.0,120190835.0,33455.0,3590.0,CFS,2018-04-02,94670192894.0,62158239000.0,2030713750.0,11308099329.0,0.14078731108301673,1.6408469555663345,0.783978981769132,4.309367251029596,164.0,213.0,62.0,132.0,142.75,19,2018-04-30,0.05,20
034590,인천도시가스,KOSPI,131242620000.0,30516150.0,1021.0,30000.0,OFS,2018-04-02,171030364733.0,173375813163.0,9183159911.0,19877841351.0,0.2798834680685284,1.3031617681283718,0.6058349445020222,5.284131425081273,55.0,340.0,88.0,92.0,143.75,20,2018-04-30,0.05,20
009200,무림페이퍼,KOSPI,138350955750.0,781803655.0,234844.0,3325.0,CFS,2018-04-02,645620045175.0,281492655108.0,25900100795.0,47063483347.0,0.7488231838976652,4.666538381864413,1.360698466934877,8.1385098811072,9.0,8.0,22.0,36.0,18.75,1,2018-04-30,0.03333333333333333,30
006200,한국전자홀딩스,KOSPI,42263231808.0,85851222.0,95006.0,903.0,CFS,2018-04-02,262543366769.0,148426358374.0,2024665861.0,11289486691.0,0.19162432917557917,6.212098685725762,1.0684925130465783,14.047800134953654,105.0,5.0,41.0,11.0,40.5,2,2018-04-30,0.03333333333333333,30
013580,계룡건설,KOSPI,172813050450.0,3159138900.0,162534.0,19350.0,CFS,2018-04-02,382329684831.0,611692036500.0,28653034519.0,28834758434.0,0.6632145996934458,2.2123889592564043,0.6674208541291333,14.158468585727114,11.0,95.0,77.0,10.0,48.25,3,2018-04-30,0.03333333333333333,30
015360,예스코,KOSPI,246000000000.0,30374750.0,741.0,41000.0,CFS,2018-03-30,697419303733.0,333183163263.0,14081744759.0,73279301608.0,0.22897145949593495,2.8350378200528454,1.1915333594796749,5.417612410780488,80.0,48.0,33.0,88.0,62.25,4,2018-04-30,0.03333333333333333,30
036710,심텍홀딩스,KOSDAQ,74851561785.0,64402240.0,30055.0,2145.0,CFS,2018-03-30,229763944197.0,205618081639.0,2280723208.0,31347395806.0,0.12187979267826309,3.0695945243863156,1.6751765792698217,10.988044964491586,206.0,34.0,7.0,17.0,66.0,5,2018-04-30,0.03333333333333333,30
058650,세아홀딩스,KOSPI,550000000000.0,128617500.0,929.0,137500.0,CFS,2018-03-30,3045979619742.0,1228454553050.0,42486546716.0,48352502705.0,0.30899306702545454,5.5381447631672724,0.3516545651272727,8.934214931272727,41.0,6.0,202.0,25.0,68.5,6,2018-04-30,0.03333333333333333,30
267290,경동도시가스,KOSPI,190805198350.0,156591950.0,3890.0,40450.0,CFS,2018-04-02,294331882023.0,395529236965.0,13566332928.0,60238060827.0,0.2844017468143577,1.5425778991780807,1.2628180227354902,8.291791636399093,52.0,250.0,27.0,35.0,91.0,7,2018-04-30,0.03333333333333333,30
084870,TBH글로벌,KOSPI,145163460240.0,270527670.0,39183.0,6960.0,CFS,2018-03-30,228866690913.0,237543767212.0,17711271655.0,23316365872.0,0.48803663472110137,1.576613636342181,0.6424858110560564,6.545552629270943,19.0,236.0,83.0,62.0,100.0,8,2018-04-30,0.03333333333333333,30
005990,매일홀딩스,KOSDAQ,220178779200.0,3134814000.0,195079.0,16050.0,CFS,2018-03-30,470445124941.0,413553631720.0,5444825752.0,73467173347.0,0.09891644911073247,2.136650619329985,1.3346821817059107,7.513051588760921,251.0,115.0,24.0,43.0,108.25,9,2018-04-30,0.03333333333333333,30
002020,코오롱,KOSPI,625975501500.0,1128507200.0,22045.0,51900.0,CFS,2018-04-02,913935633828.0,1236243097041.0,45505663615.0,115172251955.0,0.2907823932786929,1.4600182141920452,0.7359537341574381,7.8996260657398905,49.0,286.0,68.0,39.0,110.5,10,2018-04-30,0.03333333333333333,30
017390,서울가스,KOSPI,433000000000.0,27159500.0,313.0,86600.0,CFS,2018-04-02,916547585328.0,445586325133.0,22541903212.0,63197605994.0,0.20823929064203234,2.116738072351039,0.5838116027159354,4.116270901921478,94.0,118.0,92.0,146.0,112.5,11,2018-04-30,0.03333333333333333,30
004960,한신공영,KOSPI,269314075200.0,7992726700.0,346784.0,23300.0,CFS,2018-03-30,351284300625.0,569542225626.0,17223686458.0,91908102129.0,0.25581561520999924,1.3043666595001642,1.3650694203152438,8.459152759885162,62.0,339.0,21.0,32.0,113.5,12,2018-04-30,0.03333333333333333,30
000700,유수홀딩스,KOSPI,178125994080.0,832723260.0,124606.0,6840.0,CFS,2018-04-02,292199732815.0,156439090387.0,29066102832.0,31040334629.0,0.6527088420109156,1.6404103978432658,0.6970422209137911,3.512998564751645,13.0,214.0,71.0,194.0,123.0,13,2018-04-30,0.03333333333333333,30
012320,경동인베스트,KOSPI,102405495900.0,358315600.0,8360.0,43300.0,CFS,2018-04-02,400403089747.0,103403284260.0,21282785548.0,6378697781.0,0.831314193089123,3.9099765713550925,0.24915450972392586,4.038974016042043,8.0,16.0,317.0,151.0,123.0,14,2018-04-30,0.03333333333333333,30
067310,하나마이크론,KOSDAQ,115226285460.0,818681550.0,162217.0,5070.0,CFS,2018-04-02,173369685826.0,105752091225.0,8595467943.0,32477144564.0,0.2983856646488481,1.5046018808458776,1.127421384256085,3.6711099660228514,45.0,263.0,38.0,180.0,131.5,15,2018-04-30,0.03333333333333333,30
084690,대상홀딩스,KOSPI,339673606440.0,638259040.0,68546.0,9380.0,CFS,2018-04-02,1073261265994.0,834499968245.0,3747526924.0,97500430809.0,0.044130916891383064,3.159684019145541,1.1481661095881759,9.827080496375348,444.0,32.0,35.0,22.0,133.25,16,2018-04-30,0.03333333333333333,30
079660,사조해표,KOSPI,76612000000.0,89504250.0,8441.0,10700.0,CFS,2018-04-02,148829733481.0,115708600504.0,1528626650.0,25564633222.0,0.07981134287056858,1.9426425818540176,1.3347586916932073,6.041278155067092,296.0,148.0,23.0,68.0,133.75,17,2018-04-30,0.03333333333333333,30
001230,동국제강,KOSPI,1049760107000.0,20746578140.0,1907960.0,11000.0,CFS,2018-04-02,2370682510712.0,1471272232989.0,43242759779.0,80255144809.0,0.16477196834076302,2.258308822085959,0.3058037518242251,5.6061274311274625,135.0,87.0,248.0,80.0,137.5,18,2018-04-30,0.03333333333333333,30
054040,한국컴퓨터,KOSDAQ,57695931100.0,120190835.0,33455.0,3590.0,CFS,2018-04-02,94670192894.0,62158239000.0,2030713750.0,11308099329.0,0.14078731108301673,1.6408469555663345,0.783978981769132,4.309367251029596,164.0,213.0,62.0,132.0,142.75,19,2018-04-30,0.03333333333333333,30
034590,인천도시가스,KOSPI,131242620000.0,30516150.0,1021.0,30000.0,OFS,2018-04-02,171030364733.0,173375813163.0,9183159911.0,19877841351.0,0.2798834680685284,1.3031617681283718,0.6058349445020222,5.284131425081273,55.0,340.0,88.0,92.0,143.75,20,2018-04-30,0.03333333333333333,30
020560,아시아나항공,KOSPI,1087747058200.0,10939095080.0,2087588.0,5300.0,CFS,2018-03-30,1242490608864.0,1647288862702.0,294224976428.0,184591587458.0,1.081961009997609,1.1422606013939207,0.6788033525494852,6.057617348753589,4.0,450.0,74.0,67.0,148.75,21,2018-04-30,0.03333333333333333,30
014710,사조씨푸드,KOSPI,119324502990.0,308441190.0,44583.0,6930.0,OFS,2018-04-02,209512669156.0,103621506474.0,12651401563.0,10430737165.0,0.4241007084374029,1.7558226844117526,0.34965952184604193,3.4736036229770515,24.0,177.0,204.0,199.0,151.0,22,2018-04-30,0.03333333333333333,30
117580,대성에너지,KOSPI,163350000000.0,87012210.0,14650.0,5940.0,OFS,2018-04-02,300180589663.0,235097346809.0,11458870713.0,10229728630.0,0.28059677289256196,1.8376528292806857,0.2504984053872054,5.756898605668809,53.0,162.0,314.0,75.0,151.0,23,2018-04-30,0.03333333333333333,30
002710,TCC동양,KOSPI,46695825000.0,165504890.0,80479.0,2090.0,CFS,2018-03-30,100915803447.0,91443100678.0,560080917.0,9232380802.0,0.04797695871097684,2.1611311813636442,0.7908527841193511,7.8330857782681855,428.0,108.0,60.0,40.0,159.0,24,2018-04-30,0.03333333333333333,30
010470,오리콤,KOSDAQ,60943375000.0,141183610.0,26494.0,5300.0,CFS,2018-03-30,72742237448.0,51747667646.0,5325721319.0,28509533273.0,0.34955210924895447,1.1936036927393667,1.8712146003072525,3.396442526919456,35.0,403.0,6.0,206.0,162.5,25,2018-04-30,0.03333333333333333,30
002460,화성산업,KOSPI,206060740000.0,4205978750.0,257981.0,16550.0,OFS,2018-04-02,348653647090.0,132769163071.0,13980648669.0,31076096539.0,0.2713888859954594,1.6919945404932546,0.6032414818853897,2.5772820784978254,58.0,197.0,89.0,309.0,163.25,26,2018-04-30,0.03333333333333333,30
034730,SK,KOSPI,20685927318000.0,24037675000.0,81983.0,294000.0,CFS,2018-04-02,45756420000000.0,24502621000000.0,1818736000000.0,980699000000.0,0.351685659925415,2.211958849927155,0.18963597520651407,4.738027089301213,33.0,96.0,419.0,108.0,164.0,27,2018-04-30,0.03333333333333333,30
004560,현대비앤지스틸,KOSPI,196024543000.0,4106894550.0,320594.0,13000.0,CFS,2018-03-30,365034076751.0,163969571005.0,4845632347.0,38504961226.0,0.09887807460925951,1.8621855771958107,0.785717148204243,3.345898804212491,252.0,157.0,61.0,210.0,170.0,28,2018-04-30,0.03333333333333333,30
003070,코오롱글로벌,KOSPI,291180558900.0,2907183200.0,257332.0,11550.0,CFS,2018-04-02,465432241338.0,1041017100748.0,3669937653.0,83093788113.0,0.050414597277565705,1.5984317191239514,1.1414743955009286,14.300640189450505,416.0,227.0,36.0,8.0,171.75,29,2018-04-30,0.03333333333333333,30
049070,인탑스,KOSDAQ,159100000000.0,385012630.0,41697.0,9250.0,CFS,2018-03-30,428347466152.0,123355768858.0,7033092006.0,10725548924.0,0.17682192346951603,2.692315940615965,0.269655535487115,3.1013392547580136,115.0,54.0,288.0,230.0,171.75,30,2018-04-30,0.03333333333333333,30
009200,무림페이퍼,KOSPI,138350955750.0,781803655.0,234844.0,3325.0,CFS,2018-04-02,645620045175.0,281492655108.0,25900100795.0,47063483347.0,0.7488231838976652,4.666538381864413,1.360698466934877,8.1385098811072,9.0,8.0,22.0,36.0,18.75,1,2018-04-30,0.02,50
006200,한국전자홀딩스,KOSPI,42263231808.0,85851222.0,95006.0,903.0,CFS,2018-04-02,262543366769.0,148426358374.0,2024665861.0,11289486691.0,0.19162432917557917,6.212098685725762,1.0684925130465783,14.047800134953654,105.0,5.0,41.0,11.0,40.5,2,2018-04-30,0.02,50
013580,계룡건설,KOSPI,172813050450.0,3159138900.0,162534.0,19350.0,CFS,2018-04-02,382329684831.0,611692036500.0,28653034519.0,28834758434.0,0.6632145996934458,2.2123889592564043,0.6674208541291333,14.158468585727114,11.0,95.0,77.0,10.0,48.25,3,2018-04-30,0.02,50
015360,예스코,KOSPI,246000000000.0,30374750.0,741.0,41000.0,CFS,2018-03-30,697419303733.0,333183163263.0,14081744759.0,73279301608.0,0.22897145949593495,2.8350378200528454,1.1915333594796749,5.417612410780488,80.0,48.0,33.0,88.0,62.25,4,2018-04-30,0.02,50
036710,심텍홀딩스,KOSDAQ,74851561785.0,64402240.0,30055.0,2145.0,CFS,2018-03-30,229763944197.0,205618081639.0,2280723208.0,31347395806.0,0.12187979267826309,3.0695945243863156,1.6751765792698217,10.988044964491586,206.0,34.0,7.0,17.0,66.0,5,2018-04-30,0.02,50
058650,세아홀딩스,KOSPI,550000000000.0,128617500.0,929.0,137500.0,CFS,2018-03-30,3045979619742.0,1228454553050.0,42486546716.0,48352502705.0,0.30899306702545454,5.5381447631672724,0.3516545651272727,8.934214931272727,41.0,6.0,202.0,25.0,68.5,6,2018-04-30,0.02,50
267290,경동도시가스,KOSPI,190805198350.0,156591950.0,3890.0,40450.0,CFS,2018-04-02,294331882023.0,395529236965.0,13566332928.0,60238060827.0,0.2844017468143577,1.5425778991780807,1.2628180227354902,8.291791636399093,52.0,250.0,27.0,35.0,91.0,7,2018-04-30,0.02,50
084870,TBH글로벌,KOSPI,145163460240.0,270527670.0,39183.0,6960.0,CFS,2018-03-30,228866690913.0,237543767212.0,17711271655.0,23316365872.0,0.48803663472110137,1.576613636342181,0.6424858110560564,6.545552629270943,19.0,236.0,83.0,62.0,100.0,8,2018-04-30,0.02,50
005990,매일홀딩스,KOSDAQ,220178779200.0,3134814000.0,195079.0,16050.0,CFS,2018-03-30,470445124941.0,413553631720.0,5444825752.0,73467173347.0,0.09891644911073247,2.136650619329985,1.3346821817059107,7.513051588760921,251.0,115.0,24.0,43.0,108.25,9,2018-04-30,0.02,50
002020,코오롱,KOSPI,625975501500.0,1128507200.0,22045.0,51900.0,CFS,2018-04-02,913935633828.0,1236243097041.0,45505663615.0,115172251955.0,0.2907823932786929,1.4600182141920452,0.7359537341574381,7.8996260657398905,49.0,286.0,68.0,39.0,110.5,10,2018-04-30,0.02,50
017390,서울가스,KOSPI,433000000000.0,27159500.0,313.0,86600.0,CFS,2018-04-02,916547585328.0,445586325133.0,22541903212.0,63197605994.0,0.20823929064203234,2.116738072351039,0.5838116027159354,4.116270901921478,94.0,118.0,92.0,146.0,112.5,11,2018-04-30,0.02,50
004960,한신공영,KOSPI,269314075200.0,7992726700.0,346784.0,23300.0,CFS,2018-03-30,351284300625.0,569542225626.0,17223686458.0,91908102129.0,0.25581561520999924,1.3043666595001642,1.3650694203152438,8.459152759885162,62.0,339.0,21.0,32.0,113.5,12,2018-04-30,0.02,50
000700,유수홀딩스,KOSPI,178125994080.0,832723260.0,124606.0,6840.0,CFS,2018-04-02,292199732815.0,156439090387.0,29066102832.0,31040334629.0,0.6527088420109156,1.6404103978432658,0.6970422209137911,3.512998564751645,13.0,214.0,71.0,194.0,123.0,13,2018-04-30,0.02,50
012320,경동인베스트,KOSPI,102405495900.0,358315600.0,8360.0,43300.0,CFS,2018-04-02,400403089747.0,103403284260.0,21282785548.0,6378697781.0,0.831314193089123,3.9099765713550925,0.24915450972392586,4.038974016042043,8.0,16.0,317.0,151.0,123.0,14,2018-04-30,0.02,50
067310,하나마이크론,KOSDAQ,115226285460.0,818681550.0,162217.0,5070.0,CFS,2018-04-02,173369685826.0,105752091225.0,8595467943.0,32477144564.0,0.2983856646488481,1.5046018808458776,1.127421384256085,3.6711099660228514,45.0,263.0,38.0,180.0,131.5,15,2018-04-30,0.02,50
084690,대상홀딩스,KOSPI,339673606440.0,638259040.0,68546.0,9380.0,CFS,2018-04-02,1073261265994.0,834499968245.0,3747526924.0,97500430809.0,0.044130916891383064,3.159684019145541,1.1481661095881759,9.827080496375348,444.0,32.0,35.0,22.0,133.25,16,2018-04-30,0.02,50
079660,사조해표,KOSPI,76612000000.0,89504250.0,8441.0,10700.0,CFS,2018-04-02,148829733481.0,115708600504.0,1528626650.0,25564633222.0,0.07981134287056858,1.9426425818540176,1.3347586916932073,6.041278155067092,296.0,148.0,23.0,68.0,133.75,17,2018-04-30,0.02,50
001230,동국제강,KOSPI,1049760107000.0,20746578140.0,1907960.0,11000.0,CFS,2018-04-02,2370682510712.0,1471272232989.0,43242759779.0,80255144809.0,0.16477196834076302,2.258308822085959,0.3058037518242251,5.6061274311274625,135.0,87.0,248.0,80.0,137.5,18,2018-04-30,0.02,50
054040,한국컴퓨터,KOSDAQ,57695931100.0,120190835.0,33455.0,3590.0,CFS,2018-04-02,94670192894.0,62158239000.0,2030713750.0,11308099329.0,0.14078731108301673,1.6408469555663345,0.783978981769132,4.309367251029596,164.0,213.0,62.0,132.0,142.75,19,2018-04-30,0.02,50
034590,인천도시가스,KOSPI,131242620000.0,30516150.0,1021.0,30000.0,OFS,2018-04-02,171030364733.0,173375813163.0,9183159911.0,19877841351.0,0.2798834680685284,1.3031617681283718,0.6058349445020222,5.284131425081273,55.0,340.0,88.0,92.0,143.75,20,2018-04-30,0.02,50
020560,아시아나항공,KOSPI,1087747058200.0,10939095080.0,2087588.0,5300.0,CFS,2018-03-30,1242490608864.0,1647288862702.0,294224976428.0,184591587458.0,1.081961009997609,1.1422606013939207,0.6788033525494852,6.057617348753589,4.0,450.0,74.0,67.0,148.75,21,2018-04-30,0.02,50
014710,사조씨푸드,KOSPI,119324502990.0,308441190.0,44583.0,6930.0,OFS,2018-04-02,209512669156.0,103621506474.0,12651401563.0,10430737165.0,0.4241007084374029,1.7558226844117526,0.34965952184604193,3.4736036229770515,24.0,177.0,204.0,199.0,151.0,22,2018-04-30,0.02,50
117580,대성에너지,KOSPI,163350000000.0,87012210.0,14650.0,5940.0,OFS,2018-04-02,300180589663.0,235097346809.0,11458870713.0,10229728630.0,0.28059677289256196,1.8376528292806857,0.2504984053872054,5.756898605668809,53.0,162.0,314.0,75.0,151.0,23,2018-04-30,0.02,50
002710,TCC동양,KOSPI,46695825000.0,165504890.0,80479.0,2090.0,CFS,2018-03-30,100915803447.0,91443100678.0,560080917.0,9232380802.0,0.04797695871097684,2.1611311813636442,0.7908527841193511,7.8330857782681855,428.0,108.0,60.0,40.0,159.0,24,2018-04-30,0.02,50
010470,오리콤,KOSDAQ,60943375000.0,141183610.0,26494.0,5300.0,CFS,2018-03-30,72742237448.0,51747667646.0,5325721319.0,28509533273.0,0.34955210924895447,1.1936036927393667,1.8712146003072525,3.396442526919456,35.0,403.0,6.0,206.0,162.5,25,2018-04-30,0.02,50
002460,화성산업,KOSPI,206060740000.0,4205978750.0,257981.0,16550.0,OFS,2018-04-02,348653647090.0,132769163071.0,13980648669.0,31076096539.0,0.2713888859954594,1.6919945404932546,0.6032414818853897,2.5772820784978254,58.0,197.0,89.0,309.0,163.25,26,2018-04-30,0.02,50
034730,SK,KOSPI,20685927318000.0,24037675000.0,81983.0,294000.0,CFS,2018-04-02,45756420000000.0,24502621000000.0,1818736000000.0,980699000000.0,0.351685659925415,2.211958849927155,0.18963597520651407,4.738027089301213,33.0,96.0,419.0,108.0,164.0,27,2018-04-30,0.02,50
004560,현대비앤지스틸,KOSPI,196024543000.0,4106894550.0,320594.0,13000.0,CFS,2018-03-30,365034076751.0,163969571005.0,4845632347.0,38504961226.0,0.09887807460925951,1.8621855771958107,0.785717148204243,3.345898804212491,252.0,157.0,61.0,210.0,170.0,28,2018-04-30,0.02,50
003070,코오롱글로벌,KOSPI,291180558900.0,2907183200.0,257332.0,11550.0,CFS,2018-04-02,465432241338.0,1041017100748.0,3669937653.0,83093788113.0,0.050414597277565705,1.5984317191239514,1.1414743955009286,14.300640189450505,416.0,227.0,36.0,8.0,171.75,29,2018-04-30,0.02,50
049070,인탑스,KOSDAQ,159100000000.0,385012630.0,41697.0,9250.0,CFS,2018-03-30,428347466152.0,123355768858.0,7033092006.0,10725548924.0,0.17682192346951603,2.692315940615965,0.269655535487115,3.1013392547580136,115.0,54.0,288.0,230.0,171.75,30,2018-04-30,0.02,50
000670,영풍,KOSPI,1554681760000.0,865335000.0,1029.0,844000.0,CFS,2018-04-02,3469510849085.0,1063149263988.0,97103539651.0,113458661424.0,0.24983515507636753,2.2316534086596604,0.2919148197223334,2.7353489089316905,64.0,94.0,261.0,281.0,175.0,31,2018-04-30,0.02,50
001040,CJ,KOSPI,4741262175000.0,8128612500.0,50080.0,162500.0,CFS,2018-03-30,11992168809000.0,6978877832000.0,35135816000.0,902817483000.0,0.02964258436098822,2.5293199081529383,0.7616684753358951,5.887780573534726,505.0,65.0,64.0,73.0,176.75,32,2018-04-30,0.02,50
001810,무림SP,KOSDAQ,70175875000.0,430211450.0,136147.0,3170.0,CFS,2018-04-02,194768331312.0,50631441992.0,4865463859.0,3994953517.0,0.2773297153188329,2.775431461481599,0.22771093439162676,2.885974246391655,56.0,51.0,346.0,258.0,177.75,33,2018-04-30,0.02,50
016250,이테크건설,KOSDAQ,408520000000.0,2134800100.0,14767.0,145900.0,CFS,2018-04-02,444629247914.0,443602493334.0,27561615899.0,96791534946.0,0.26986797120336825,1.0883904041760502,0.94772872756291,4.343508208498972,59.0,488.0,47.0,128.0,180.5,34,2018-04-30,0.02,50
035000,지투알,KOSPI,142479717400.0,78696010.0,9128.0,8600.0,CFS,2018-04-02,156906302130.0,154234577940.0,20225445482.0,16771664998.0,0.567812622065181,1.1012536029215902,0.47085059695661635,4.330007968979871,16.0,480.0,130.0,129.0,188.75,35,2018-04-30,0.02,50
000430,대원강업,KOSPI,270010000000.0,1435023900.0,325134.0,4355.0,CFS,2018-04-02,558745922478.0,263336386973.0,7653221298.0,20382445922.0,0.11337685712381022,2.069352699818525,0.30195097843783564,3.901135320514055,219.0,123.0,251.0,164.0,189.25,36,2018-04-30,0.02,50
124500,아이티센,KOSDAQ,68690483750.0,417254810.0,101985.0,4375.0,CFS,2018-04-02,74649440426.0,98814171334.0,2174751932.0,34153544550.0,0.12664065316034406,1.0867508328764681,1.9888370374156814,5.754169482552232,195.0,489.0,4.0,76.0,191.0,37,2018-04-30,0.02,50
053700,삼보모터스,KOSDAQ,141923376600.0,3000751760.0,301170.0,9960.0,CFS,2018-03-30,199091891357.0,240839924946.0,2303063187.0,29539028563.0,0.06491004490376534,1.4028125325549787,0.8325345484487296,6.787885990756508,356.0,303.0,56.0,56.0,192.75,38,2018-04-30,0.02,50
001120,LG상사,KOSPI,1025202000000.0,7518791750.0,285647.0,26450.0,CFS,2018-03-30,1585460435513.0,3442282252234.0,13402567205.0,134147737536.0,0.05229239585954768,1.546485897913777,0.5234002178536522,13.430649773348081,407.0,249.0,109.0,13.0,194.5,39,2018-04-30,0.02,50
042670,두산인프라코어,KOSPI,2133503664750.0,116224858230.0,11531016.0,10250.0,CFS,2018-03-29,3173161629154.0,1648360954952.0,77803251034.0,253927251231.0,0.1458694490559815,1.487300763331862,0.4760755848258732,3.090430041787909,159.0,273.0,128.0,233.0,198.25,40,2018-04-30,0.02,50
006840,AK홀딩스,KOSPI,967071953000.0,1682980100.0,23100.0,73000.0,CFS,2018-03-30,1152064058157.0,910651828911.0,43163574020.0,127705005055.0,0.17853304042620705,1.1912909422955833,0.5282130441642536,3.7666352584666467,113.0,406.0,107.0,169.0,198.75,41,2018-04-30,0.02,50
007160,사조산업,KOSPI,353500000000.0,777749300.0,11079.0,70700.0,CFS,2018-04-02,465605549304.0,245021569795.0,19195657572.0,40979567035.0,0.21720687493069307,1.3171302667722773,0.46370089997171143,2.772521298953324,87.0,333.0,135.0,275.0,207.5,42,2018-04-30,0.02,50
071320,지역난방공사,KOSPI,932088892000.0,541337100.0,6754.0,80500.0,OFS,2018-03-29,1829732552856.0,620745135420.0,40802112406.0,63191727557.0,0.1750996616575922,1.963045122155581,0.2711832663144751,2.6638881366263507,117.0,142.0,285.0,291.0,208.75,43,2018-04-30,0.02,50
004020,현대제철,KOSPI,8086814571000.0,174407878900.0,2932677.0,60600.0,CFS,2018-04-02,17035523008008.0,5079111067034.0,195744482824.0,948319851694.0,0.09682155123277156,2.106580144560112,0.4690696656232258,2.5122925831627803,258.0,120.0,133.0,327.0,209.5,44,2018-04-30,0.02,50
009070,KCTC,KOSPI,98700000000.0,2867624775.0,909210.0,3290.0,CFS,2018-04-10,184377232028.0,91533521527.0,5887417971.0,4200582453.0,0.238598499331307,1.8680570620871326,0.17023637094224925,3.7095652087943263,73.0,156.0,444.0,174.0,211.75,45,2018-04-30,0.02,50
031310,아이즈비전,KOSDAQ,63248021740.0,1041456015.0,257787.0,4010.0,CFS,2018-03-30,75336072066.0,53858807591.0,2963035188.0,7432392923.0,0.1873914855506752,1.1911213978469013,0.4700474556218112,3.4061971337160752,108.0,407.0,132.0,203.0,212.5,46,2018-04-30,0.02,50
101330,모베이스,KOSDAQ,111525365140.0,592059040.0,127553.0,4655.0,CFS,2018-04-02,206968505042.0,79515228556.0,2824003370.0,10487324783.0,0.10128649626764182,1.8557976006820363,0.3761413296368966,2.851915470751715,246.0,158.0,183.0,263.0,212.5,47,2018-04-30,0.02,50
004490,세방전지,KOSPI,455000000000.0,230590750.0,7114.0,32500.0,CFS,2018-04-02,890163290534.0,303187216944.0,27539914631.0,25311514533.0,0.2421091396131868,1.9564028363384616,0.22251880908131869,2.66538212698022,70.0,145.0,358.0,289.0,215.5,48,2018-04-30,0.02,50
039740,한국정보공학,KOSDAQ,35922418560.0,320283120.0,71626.0,4480.0,CFS,2018-03-30,49287022605.0,49172974283.0,1219555413.0,2404775004.0,0.13579880886505655,1.3720407639780032,0.26777428696605,5.475463652411715,175.0,312.0,291.0,84.0,215.5,49,2018-04-30,0.02,50
014790,한라,KOSPI,296703878460.0,64390638430.0,8464909.0,8130.0,CFS,2018-04-02,392631187238.0,501973879504.0,7865988038.0,23479553819.0,0.10604496414172017,1.3233099252894747,0.31653854935590786,6.7673382917597875,235.0,332.0,238.0,58.0,215.75,50,2018-04-30,0.02,50
000880,한화,KOSPI,2106340453500.0,5993336300.0,216953.0,28100.0,CFS,2018-08-14,16561805000000.0,12622249000000.0,671631000000.0,1041259000000.0,1.2754462345039892,7.862833841737256,1.9773802440527453,23.970007277838192,8.0,8.0,15.0,9.0,10.0,1,2018-10-31,0.05,20
200880,서연이화,KOSPI,107978605815.0,347450285.0,88404.0,3995.0,CFS,2018-08-14,688227014117.0,458215982309.0,12427202854.0,36111244707.0,0.4603579666620833,6.3737349535346,1.3377185020843658,16.97432482482919,66.0,15.0,29.0,17.0,31.75,2,2018-10-31,0.05,20
001940,KISCO홀딩스,KOSPI,217097465000.0,106444650.0,9132.0,11750.0,CFS,2018-08-14,1278888464599.0,352501182658.0,26892450695.0,65332284737.0,0.49549082841662845,5.890849368503681,1.2037410890449596,6.494800529485685,53.0,16.0,38.0,141.0,62.0,3,2018-10-31,0.05,20
013580,계룡건설,KOSPI,173259595800.0,129293350.0,6610.0,19400.0,CFS,2018-08-14,393224892035.0,616460585376.0,38199693673.0,57433862477.0,0.8819065633073583,2.269570641783755,1.3259609018896257,14.23206795628459,14.0,237.0,30.0,24.0,76.25,4,2018-10-31,0.05,20
123040,엠에스오토텍,KOSDAQ,49921215370.0,99083710.0,53464.0,1835.0,CFS,2018-08-14,126567693697.0,188583685537.0,4557768808.0,35947197239.0,0.36519694276024994,2.5353488042893377,2.880314268999337,15.110504352851056,103.0,183.0,7.0,20.0,78.25,5,2018-10-31,0.05,20
006200,한국전자홀딩스,KOSPI,33464242240.0,61918451.0,86182.0,715.0,CFS,2018-08-14,266879661907.0,61027668549.0,2196610438.0,12418835413.0,0.2625621010326514,7.975069627842856,1.4844304943687856,7.294672099409235,182.0,7.0,23.0,110.0,80.5,6,2018-10-31,0.05,20
002030,아세아,KOSPI,253063272000.0,160372000.0,1394.0,115500.0,CFS,2018-08-14,1307818448588.0,444046131681.0,42761445986.0,31047439285.0,0.6759012581802072,5.167950442796772,0.4907458761538498,7.0187369059386855,24.0,22.0,170.0,119.0,83.75,7,2018-10-31,0.05,20
024910,경창산업,KOSDAQ,54086697550.0,340051345.0,230332.0,1510.0,CFS,2018-08-14,187603387082.0,151100082234.0,3338117489.0,27176517992.0,0.24687160726824595,3.468567976600376,2.009848574457843,11.174657657315223,205.0,73.0,14.0,49.0,85.25,8,2018-10-31,0.05,20
005740,크라운해태홀딩스,KOSPI,145504000600.0,209102450.0,21434.0,9800.0,CFS,2018-08-14,500832171341.0,280483628001.0,13187793326.0,28674232343.0,0.36254105101217404,3.4420508664763134,0.7882733732339727,7.710678107664347,106.0,75.0,86.0,99.0,91.5,9,2018-10-31,0.05,20
013570,디와이,KOSPI,139494054900.0,1283775560.0,247056.0,5300.0,CFS,2018-08-14,455535558163.0,235911395358.0,14248587046.0,29638000677.0,0.40857904822436986,3.2656270440311075,0.8498713640017643,6.764772750412032,82.0,96.0,73.0,131.0,95.5,10,2018-10-31,0.05,20
007860,서연,KOSPI,79009675060.0,60492735.0,18321.0,3365.0,CFS,2018-08-14,1006809963553.0,731373910480.0,2907527582.0,75613176983.0,0.14719855915326935,12.7428693104791,3.8280464728188948,37.02705573334375,458.0,2.0,2.0,3.0,116.25,11,2018-10-31,0.05,20
053700,삼보모터스,KOSDAQ,88060890300.0,411060910.0,67135.0,6180.0,CFS,2018-08-14,206422725981.0,269642003145.0,5349339915.0,36623967523.0,0.24298368534663792,2.3440908362131334,1.6635747105545673,12.24797987966742,212.0,217.0,18.0,39.0,121.5,12,2018-10-31,0.05,20
084690,대상홀딩스,KOSPI,262178775120.0,138167230.0,19281.0,7240.0,CFS,2018-08-14,1095087039899.0,845268866897.0,29419657633.0,18113049892.0,0.44884880737633376,4.176871447346474,0.276346548399421,12.896068593044848,73.0,47.0,346.0,35.0,125.25,13,2018-10-31,0.05,20
000320,노루홀딩스,KOSPI,155506466700.0,62251500.0,5382.0,11700.0,CFS,2018-08-14,578496931933.0,230447314757.0,11307475289.0,22230297266.0,0.29085543589165735,3.720082799186897,0.5718166642905276,5.927658692202798,153.0,62.0,140.0,167.0,130.5,14,2018-10-31,0.05,20
005710,대원산업,KOSDAQ,114414696000.0,14292440.0,2525.0,5710.0,CFS,2018-08-14,268597427976.0,180002010901.0,12556751283.0,23248843845.0,0.4389908542168394,2.3475780416879313,0.8127922253973389,6.2929682005535375,78.0,216.0,81.0,148.0,130.75,15,2018-10-31,0.05,20
006120,SK디스커버리,KOSPI,514973977750.0,1277828000.0,48122.0,27050.0,CFS,2018-08-14,2437591538432.0,1736466764646.0,121005371867.0,25414301132.0,0.9398950401004025,4.733426626879692,0.19740260463675438,13.487802022408111,12.0,33.0,467.0,28.0,135.0,16,2018-10-31,0.05,20
017000,신원종합개발,KOSDAQ,32066665995.0,152232890.0,47741.0,3185.0,CFS,2018-08-22,68680721678.0,58633171351.0,3188228150.0,6850302033.0,0.3976999854611795,2.1418104922011243,0.854507548002419,7.313909261429596,88.0,276.0,72.0,109.0,136.25,17,2018-10-31,0.05,20
002710,TCC동양,KOSPI,38987662500.0,81396775.0,46628.0,1745.0,CFS,2018-08-14,104387806521.0,105114163459.0,2494822525.0,5555603409.0,0.2559602053598366,2.677457426974495,0.5699857906587757,10.784351430045339,191.0,156.0,143.0,56.0,136.5,18,2018-10-31,0.05,20
037330,인지디스플레,KOSDAQ,47886231370.0,67148180.0,50925.0,1345.0,CFS,2018-08-14,164555411746.0,115041649465.0,3558560409.0,4330692207.0,0.2972512396312218,3.436382589277875,0.3617484260591125,9.6095805557229,149.0,76.0,260.0,71.0,139.0,19,2018-10-31,0.05,20
058650,세아홀딩스,KOSPI,399200000000.0,91646100.0,928.0,99800.0,CFS,2018-08-14,3006371339055.0,1319686837073.0,14102142860.0,116087670229.0,0.1413040366733467,7.530990328294088,1.163203108507014,13.223315000731462,482.0,12.0,40.0,30.0,141.0,20,2018-10-31,0.05,20
000880,한화,KOSPI,2106340453500.0,5993336300.0,216953.0,28100.0,CFS,2018-08-14,16561805000000.0,12622249000000.0,671631000000.0,1041259000000.0,1.2754462345039892,7.862833841737256,1.9773802440527453,23.970007277838192,8.0,8.0,15.0,9.0,10.0,1,2018-10-31,0.03333333333333333,30
200880,서연이화,KOSPI,107978605815.0,347450285.0,88404.0,3995.0,CFS,2018-08-14,688227014117.0,458215982309.0,12427202854.0,36111244707.0,0.4603579666620833,6.3737349535346,1.3377185020843658,16.97432482482919,66.0,15.0,29.0,17.0,31.75,2,2018-10-31,0.03333333333333333,30
001940,KISCO홀딩스,KOSPI,217097465000.0,106444650.0,9132.0,11750.0,CFS,2018-08-14,1278888464599.0,352501182658.0,26892450695.0,65332284737.0,0.49549082841662845,5.890849368503681,1.2037410890449596,6.494800529485685,53.0,16.0,38.0,141.0,62.0,3,2018-10-31,0.03333333333333333,30
013580,계룡건설,KOSPI,173259595800.0,129293350.0,6610.0,19400.0,CFS,2018-08-14,393224892035.0,616460585376.0,38199693673.0,57433862477.0,0.8819065633073583,2.269570641783755,1.3259609018896257,14.23206795628459,14.0,237.0,30.0,24.0,76.25,4,2018-10-31,0.03333333333333333,30
123040,엠에스오토텍,KOSDAQ,49921215370.0,99083710.0,53464.0,1835.0,CFS,2018-08-14,126567693697.0,188583685537.0,4557768808.0,35947197239.0,0.36519694276024994,2.5353488042893377,2.880314268999337,15.110504352851056,103.0,183.0,7.0,20.0,78.25,5,2018-10-31,0.03333333333333333,30
006200,한국전자홀딩스,KOSPI,33464242240.0,61918451.0,86182.0,715.0,CFS,2018-08-14,266879661907.0,61027668549.0,2196610438.0,12418835413.0,0.2625621010326514,7.975069627842856,1.4844304943687856,7.294672099409235,182.0,7.0,23.0,110.0,80.5,6,2018-10-31,0.03333333333333333,30
002030,아세아,KOSPI,253063272000.0,160372000.0,1394.0,115500.0,CFS,2018-08-14,1307818448588.0,444046131681.0,42761445986.0,31047439285.0,0.6759012581802072,5.167950442796772,0.4907458761538498,7.0187369059386855,24.0,22.0,170.0,119.0,83.75,7,2018-10-31,0.03333333333333333,30
024910,경창산업,KOSDAQ,54086697550.0,340051345.0,230332.0,1510.0,CFS,2018-08-14,187603387082.0,151100082234.0,3338117489.0,27176517992.0,0.24687160726824595,3.468567976600376,2.009848574457843,11.174657657315223,205.0,73.0,14.0,49.0,85.25,8,2018-10-31,0.03333333333333333,30
005740,크라운해태홀딩스,KOSPI,145504000600.0,209102450.0,21434.0,9800.0,CFS,2018-08-14,500832171341.0,280483628001.0,13187793326.0,28674232343.0,0.36254105101217404,3.4420508664763134,0.7882733732339727,7.710678107664347,106.0,75.0,86.0,99.0,91.5,9,2018-10-31,0.03333333333333333,30
013570,디와이,KOSPI,139494054900.0,1283775560.0,247056.0,5300.0,CFS,2018-08-14,455535558163.0,235911395358.0,14248587046.0,29638000677.0,0.40857904822436986,3.2656270440311075,0.8498713640017643,6.764772750412032,82.0,96.0,73.0,131.0,95.5,10,2018-10-31,0.03333333333333333,30
007860,서연,KOSPI,79009675060.0,60492735.0,18321.0,3365.0,CFS,2018-08-14,1006809963553.0,731373910480.0,2907527582.0,75613176983.0,0.14719855915326935,12.7428693104791,3.8280464728188948,37.02705573334375,458.0,2.0,2.0,3.0,116.25,11,2018-10-31,0.03333333333333333,30
053700,삼보모터스,KOSDAQ,88060890300.0,411060910.0,67135.0,6180.0,CFS,2018-08-14,206422725981.0,269642003145.0,5349339915.0,36623967523.0,0.24298368534663792,2.3440908362131334,1.6635747105545673,12.24797987966742,212.0,217.0,18.0,39.0,121.5,12,2018-10-31,0.03333333333333333,30
084690,대상홀딩스,KOSPI,262178775120.0,138167230.0,19281.0,7240.0,CFS,2018-08-14,1095087039899.0,845268866897.0,29419657633.0,18113049892.0,0.44884880737633376,4.176871447346474,0.276346548399421,12.896068593044848,73.0,47.0,346.0,35.0,125.25,13,2018-10-31,0.03333333333333333,30
000320,노루홀딩스,KOSPI,155506466700.0,62251500.0,5382.0,11700.0,CFS,2018-08-14,578496931933.0,230447314757.0,11307475289.0,22230297266.0,0.29085543589165735,3.720082799186897,0.5718166642905276,5.927658692202798,153.0,62.0,140.0,167.0,130.5,14,2018-10-31,0.03333333333333333,30
005710,대원산업,KOSDAQ,114414696000.0,14292440.0,2525.0,5710.0,CFS,2018-08-14,268597427976.0,180002010901.0,12556751283.0,23248843845.0,0.4389908542168394,2.3475780416879313,0.8127922253973389,6.2929682005535375,78.0,216.0,81.0,148.0,130.75,15,2018-10-31,0.03333333333333333,30
006120,SK디스커버리,KOSPI,514973977750.0,1277828000.0,48122.0,27050.0,CFS,2018-08-14,2437591538432.0,1736466764646.0,121005371867.0,25414301132.0,0.9398950401004025,4.733426626879692,0.19740260463675438,13.487802022408111,12.0,33.0,467.0,28.0,135.0,16,2018-10-31,0.03333333333333333,30
017000,신원종합개발,KOSDAQ,32066665995.0,152232890.0,47741.0,3185.0,CFS,2018-08-22,68680721678.0,58633171351.0,3188228150.0,6850302033.0,0.3976999854611795,2.1418104922011243,0.854507548002419,7.313909261429596,88.0,276.0,72.0,109.0,136.25,17,2018-10-31,0.03333333333333333,30
002710,TCC동양,KOSPI,38987662500.0,81396775.0,46628.0,1745.0,CFS,2018-08-14,104387806521.0,105114163459.0,2494822525.0,5555603409.0,0.2559602053598366,2.677457426974495,0.5699857906587757,10.784351430045339,191.0,156.0,143.0,56.0,136.5,18,2018-10-31,0.03333333333333333,30
037330,인지디스플레,KOSDAQ,47886231370.0,67148180.0,50925.0,1345.0,CFS,2018-08-14,164555411746.0,115041649465.0,3558560409.0,4330692207.0,0.2972512396312218,3.436382589277875,0.3617484260591125,9.6095805557229,149.0,76.0,260.0,71.0,139.0,19,2018-10-31,0.03333333333333333,30
058650,세아홀딩스,KOSPI,399200000000.0,91646100.0,928.0,99800.0,CFS,2018-08-14,3006371339055.0,1319686837073.0,14102142860.0,116087670229.0,0.1413040366733467,7.530990328294088,1.163203108507014,13.223315000731462,482.0,12.0,40.0,30.0,141.0,20,2018-10-31,0.03333333333333333,30
065130,탑엔지니어링,KOSDAQ,140431299030.0,1736596080.0,202465.0,8790.0,CFS,2018-08-14,295894983007.0,228094081675.0,15898935771.0,29099966579.0,0.452860178060549,2.107044405704662,0.8288740980109696,6.4969585341875336,70.0,287.0,78.0,140.0,143.75,21,2018-10-31,0.03333333333333333,30
016250,이테크건설,KOSDAQ,234640000000.0,1470030200.0,17728.0,83800.0,CFS,2018-08-14,472058722643.0,359382050898.0,44330082605.0,47495170220.0,0.7557122844357314,2.011842493364303,0.809668772928742,6.126526609239686,18.0,324.0,82.0,155.0,144.75,22,2018-10-31,0.03333333333333333,30
005990,매일홀딩스,KOSDAQ,154330920000.0,11425100.0,1009.0,11250.0,CFS,2018-08-14,502681837957.0,408816525655.0,26843732175.0,8256061413.0,0.6957447587301365,3.2571686733740717,0.2139833395148555,10.595842379608701,22.0,97.0,430.0,59.0,152.0,23,2018-10-31,0.03333333333333333,30
092780,동양피스톤,KOSPI,49381725000.0,53970560.0,14472.0,3750.0,CFS,2018-08-14,94861150301.0,85539577764.0,5512633215.0,10927483408.0,0.4465322517591275,1.920976845199312,0.88514391978004,6.928844852139126,75.0,349.0,65.0,124.0,153.25,24,2018-10-31,0.03333333333333333,30
004840,DRB동일,KOSPI,125646000000.0,57907660.0,8938.0,6450.0,CFS,2018-08-14,450124595096.0,150627486272.0,12750293445.0,11983884699.0,0.40591163889021536,3.5824824912532036,0.3815126529774127,4.795297463413081,83.0,66.0,245.0,225.0,154.75,25,2018-10-31,0.03333333333333333,30
006840,AK홀딩스,KOSPI,590841220600.0,1393256050.0,31509.0,44600.0,CFS,2018-08-14,1403299289044.0,893620123297.0,70303324305.0,66359647876.0,0.4759540929362165,2.37508697788375,0.4492553705620721,6.049815701006965,59.0,209.0,197.0,159.0,156.0,26,2018-10-31,0.03333333333333333,30
009070,KCTC,KOSPI,66150000000.0,59366460.0,27427.0,2205.0,CFS,2018-08-14,189452206922.0,100484608782.0,4716158752.0,7581526261.0,0.28517966754346186,2.8639789406198033,0.45844452069538927,6.076166819773243,156.0,129.0,193.0,157.0,158.75,27,2018-10-31,0.03333333333333333,30
038010,제일테크노스,KOSDAQ,33570000000.0,151689580.0,42780.0,3730.0,CFS,2018-08-14,73587398171.0,42357847107.0,2766665895.0,8536136645.0,0.32965932618409294,2.192058330980042,1.0171148817396485,5.047107191778373,126.0,257.0,49.0,210.0,160.5,28,2018-10-31,0.03333333333333333,30
007530,영신금속,KOSDAQ,16041210000.0,99759190.0,80585.0,1250.0,CFS,2018-08-14,34689452319.0,30200390601.0,1341076499.0,2172815153.0,0.334407815619894,2.16252092697496,0.5418082932646602,7.530701387488849,122.0,269.0,155.0,103.0,162.25,29,2018-10-31,0.03333333333333333,30
016740,두올,KOSPI,74974703600.0,272856075.0,100073.0,2770.0,CFS,2018-08-17,156727561339.0,126690016818.0,5270362353.0,13669384408.0,0.28118083033008484,2.0904058810977415,0.7292798104773034,6.7590806357252475,164.0,294.0,99.0,132.0,172.25,30,2018-10-31,0.03333333333333333,30
000880,한화,KOSPI,2106340453500.0,5993336300.0,216953.0,28100.0,CFS,2018-08-14,16561805000000.0,12622249000000.0,671631000000.0,1041259000000.0,1.2754462345039892,7.862833841737256,1.9773802440527453,23.970007277838192,8.0,8.0,15.0,9.0,10.0,1,2018-10-31,0.02,50
200880,서연이화,KOSPI,107978605815.0,347450285.0,88404.0,3995.0,CFS,2018-08-14,688227014117.0,458215982309.0,12427202854.0,36111244707.0,0.4603579666620833,6.3737349535346,1.3377185020843658,16.97432482482919,66.0,15.0,29.0,17.0,31.75,2,2018-10-31,0.02,50
001940,KISCO홀딩스,KOSPI,217097465000.0,106444650.0,9132.0,11750.0,CFS,2018-08-14,1278888464599.0,352501182658.0,26892450695.0,65332284737.0,0.49549082841662845,5.890849368503681,1.2037410890449596,6.494800529485685,53.0,16.0,38.0,141.0,62.0,3,2018-10-31,0.02,50
013580,계룡건설,KOSPI,173259595800.0,129293350.0,6610.0,19400.0,CFS,2018-08-14,393224892035.0,616460585376.0,38199693673.0,57433862477.0,0.8819065633073583,2.269570641783755,1.3259609018896257,14.23206795628459,14.0,237.0,30.0,24.0,76.25,4,2018-10-31,0.02,50
123040,엠에스오토텍,KOSDAQ,49921215370.0,99083710.0,53464.0,1835.0,CFS,2018-08-14,126567693697.0,188583685537.0,4557768808.0,35947197239.0,0.36519694276024994,2.5353488042893377,2.880314268999337,15.110504352851056,103.0,183.0,7.0,20.0,78.25,5,2018-10-31,0.02,50
006200,한국전자홀딩스,KOSPI,33464242240.0,61918451.0,86182.0,715.0,CFS,2018-08-14,266879661907.0,61027668549.0,2196610438.0,12418835413.0,0.2625621010326514,7.975069627842856,1.4844304943687856,7.294672099409235,182.0,7.0,23.0,110.0,80.5,6,2018-10-31,0.02,50
002030,아세아,KOSPI,253063272000.0,160372000.0,1394.0,115500.0,CFS,2018-08-14,1307818448588.0,444046131681.0,42761445986.0,31047439285.0,0.6759012581802072,5.167950442796772,0.4907458761538498,7.0187369059386855,24.0,22.0,170.0,119.0,83.75,7,2018-10-31,0.02,50
024910,경창산업,KOSDAQ,54086697550.0,340051345.0,230332.0,1510.0,CFS,2018-08-14,187603387082.0,151100082234.0,3338117489.0,27176517992.0,0.24687160726824595,3.468567976600376,2.009848574457843,11.174657657315223,205.0,73.0,14.0,49.0,85.25,8,2018-10-31,0.02,50
005740,크라운해태홀딩스,KOSPI,145504000600.0,209102450.0,21434.0,9800.0,CFS,2018-08-14,500832171341.0,280483628001.0,13187793326.0,28674232343.0,0.36254105101217404,3.4420508664763134,0.7882733732339727,7.710678107664347,106.0,75.0,86.0,99.0,91.5,9,2018-10-31,0.02,50
013570,디와이,KOSPI,139494054900.0,1283775560.0,247056.0,5300.0,CFS,2018-08-14,455535558163.0,235911395358.0,14248587046.0,29638000677.0,0.40857904822436986,3.2656270440311075,0.8498713640017643,6.764772750412032,82.0,96.0,73.0,131.0,95.5,10,2018-10-31,0.02,50
007860,서연,KOSPI,79009675060.0,60492735.0,18321.0,3365.0,CFS,2018-08-14,1006809963553.0,731373910480.0,2907527582.0,75613176983.0,0.14719855915326935,12.7428693104791,3.8280464728188948,37.02705573334375,458.0,2.0,2.0,3.0,116.25,11,2018-10-31,0.02,50
053700,삼보모터스,KOSDAQ,88060890300.0,411060910.0,67135.0,6180.0,CFS,2018-08-14,206422725981.0,269642003145.0,5349339915.0,36623967523.0,0.24298368534663792,2.3440908362131334,1.6635747105545673,12.24797987966742,212.0,217.0,18.0,39.0,121.5,12,2018-10-31,0.02,50
084690,대상홀딩스,KOSPI,262178775120.0,138167230.0,19281.0,7240.0,CFS,2018-08-14,1095087039899.0,845268866897.0,29419657633.0,18113049892.0,0.44884880737633376,4.176871447346474,0.276346548399421,12.896068593044848,73.0,47.0,346.0,35.0,125.25,13,2018-10-31,0.02,50
000320,노루홀딩스,KOSPI,155506466700.0,62251500.0,5382.0,11700.0,CFS,2018-08-14,578496931933.0,230447314757.0,11307475289.0,22230297266.0,0.29085543589165735,3.720082799186897,0.5718166642905276,5.927658692202798,153.0,62.0,140.0,167.0,130.5,14,2018-10-31,0.02,50
005710,대원산업,KOSDAQ,114414696000.0,14292440.0,2525.0,5710.0,CFS,2018-08-14,268597427976.0,180002010901.0,12556751283.0,23248843845.0,0.4389908542168394,2.3475780416879313,0.8127922253973389,6.2929682005535375,78.0,216.0,81.0,148.0,130.75,15,2018-10-31,0.02,50
006120,SK디스커버리,KOSPI,514973977750.0,1277828000.0,48122.0,27050.0,CFS,2018-08-14,2437591538432.0,1736466764646.0,121005371867.0,25414301132.0,0.9398950401004025,4.733426626879692,0.19740260463675438,13.487802022408111,12.0,33.0,467.0,28.0,135.0,16,2018-10-31,0.02,50
017000,신원종합개발,KOSDAQ,32066665995.0,152232890.0,47741.0,3185.0,CFS,2018-08-22,68680721678.0,58633171351.0,3188228150.0,6850302033.0,0.3976999854611795,2.1418104922011243,0.854507548002419,7.313909261429596,88.0,276.0,72.0,109.0,136.25,17,2018-10-31,0.02,50
002710,TCC동양,KOSPI,38987662500.0,81396775.0,46628.0,1745.0,CFS,2018-08-14,104387806521.0,105114163459.0,2494822525.0,5555603409.0,0.2559602053598366,2.677457426974495,0.5699857906587757,10.784351430045339,191.0,156.0,143.0,56.0,136.5,18,2018-10-31,0.02,50
037330,인지디스플레,KOSDAQ,47886231370.0,67148180.0,50925.0,1345.0,CFS,2018-08-14,164555411746.0,115041649465.0,3558560409.0,4330692207.0,0.2972512396312218,3.436382589277875,0.3617484260591125,9.6095805557229,149.0,76.0,260.0,71.0,139.0,19,2018-10-31,0.02,50
058650,세아홀딩스,KOSPI,399200000000.0,91646100.0,928.0,99800.0,CFS,2018-08-14,3006371339055.0,1319686837073.0,14102142860.0,116087670229.0,0.1413040366733467,7.530990328294088,1.163203108507014,13.223315000731462,482.0,12.0,40.0,30.0,141.0,20,2018-10-31,0.02,50
065130,탑엔지니어링,KOSDAQ,140431299030.0,1736596080.0,202465.0,8790.0,CFS,2018-08-14,295894983007.0,228094081675.0,15898935771.0,29099966579.0,0.452860178060549,2.107044405704662,0.8288740980109696,6.4969585341875336,70.0,287.0,78.0,140.0,143.75,21,2018-10-31,0.02,50
016250,이테크건설,KOSDAQ,234640000000.0,1470030200.0,17728.0,83800.0,CFS,2018-08-14,472058722643.0,359382050898.0,44330082605.0,47495170220.0,0.7557122844357314,2.011842493364303,0.809668772928742,6.126526609239686,18.0,324.0,82.0,155.0,144.75,22,2018-10-31,0.02,50
005990,매일홀딩스,KOSDAQ,154330920000.0,11425100.0,1009.0,11250.0,CFS,2018-08-14,502681837957.0,408816525655.0,26843732175.0,8256061413.0,0.6957447587301365,3.2571686733740717,0.2139833395148555,10.595842379608701,22.0,97.0,430.0,59.0,152.0,23,2018-10-31,0.02,50
092780,동양피스톤,KOSPI,49381725000.0,53970560.0,14472.0,3750.0,CFS,2018-08-14,94861150301.0,85539577764.0,5512633215.0,10927483408.0,0.4465322517591275,1.920976845199312,0.88514391978004,6.928844852139126,75.0,349.0,65.0,124.0,153.25,24,2018-10-31,0.02,50
004840,DRB동일,KOSPI,125646000000.0,57907660.0,8938.0,6450.0,CFS,2018-08-14,450124595096.0,150627486272.0,12750293445.0,11983884699.0,0.40591163889021536,3.5824824912532036,0.3815126529774127,4.795297463413081,83.0,66.0,245.0,225.0,154.75,25,2018-10-31,0.02,50
006840,AK홀딩스,KOSPI,590841220600.0,1393256050.0,31509.0,44600.0,CFS,2018-08-14,1403299289044.0,893620123297.0,70303324305.0,66359647876.0,0.4759540929362165,2.37508697788375,0.4492553705620721,6.049815701006965,59.0,209.0,197.0,159.0,156.0,26,2018-10-31,0.02,50
009070,KCTC,KOSPI,66150000000.0,59366460.0,27427.0,2205.0,CFS,2018-08-14,189452206922.0,100484608782.0,4716158752.0,7581526261.0,0.28517966754346186,2.8639789406198033,0.45844452069538927,6.076166819773243,156.0,129.0,193.0,157.0,158.75,27,2018-10-31,0.02,50
038010,제일테크노스,KOSDAQ,33570000000.0,151689580.0,42780.0,3730.0,CFS,2018-08-14,73587398171.0,42357847107.0,2766665895.0,8536136645.0,0.32965932618409294,2.192058330980042,1.0171148817396485,5.047107191778373,126.0,257.0,49.0,210.0,160.5,28,2018-10-31,0.02,50
007530,영신금속,KOSDAQ,16041210000.0,99759190.0,80585.0,1250.0,CFS,2018-08-14,34689452319.0,30200390601.0,1341076499.0,2172815153.0,0.334407815619894,2.16252092697496,0.5418082932646602,7.530701387488849,122.0,269.0,155.0,103.0,162.25,29,2018-10-31,0.02,50
016740,두올,KOSPI,74974703600.0,272856075.0,100073.0,2770.0,CFS,2018-08-17,156727561339.0,126690016818.0,5270362353.0,13669384408.0,0.28118083033008484,2.0904058810977415,0.7292798104773034,6.7590806357252475,164.0,294.0,99.0,132.0,172.25,30,2018-10-31,0.02,50
011370,서한,KOSDAQ,170512321850.0,446337060.0,262173.0,1690.0,OFS,2018-08-14,298346218856.0,205524876221.0,27343515159.0,62086599647.0,0.641443735263992,1.74970474637285,1.4564718601771829,4.821349542159202,29.0,425.0,25.0,224.0,175.75,31,2018-10-31,0.02,50
042420,네오위즈홀딩스,KOSDAQ,96539839400.0,129226900.0,11978.0,10900.0,CFS,2018-08-14,495249135756.0,62548246334.0,11628276007.0,15817036952.0,0.4818021691053279,5.129997510188525,0.6553579144238767,2.591603496452471,58.0,23.0,115.0,511.0,176.75,32,2018-10-31,0.02,50
042670,두산인프라코어,KOSPI,1602809369700.0,40145214290.0,5271299.0,7700.0,CFS,2018-08-14,3521738934460.0,2144111832182.0,214397288718.0,168062862289.0,0.535053744434072,2.19722881649935,0.4194207133202785,5.350884197996213,43.0,256.0,215.0,193.0,176.75,33,2018-10-31,0.02,50
001620,동국실업,KOSPI,45475197416.0,184985755.0,224922.0,853.0,CFS,2018-08-14,203608248857.0,168968964024.0,1264698081.0,13769592506.0,0.11124288868331804,4.477347222804193,1.2111738519824704,14.862516151676996,616.0,37.0,37.0,22.0,178.0,34,2018-10-31,0.02,50
021050,서원,KOSPI,47711962950.0,113867049.0,113141.0,1005.0,CFS,2018-08-14,99996107169.0,71912513155.0,3547416017.0,6951494972.0,0.2974026468554675,2.0958288233454456,0.5827884280749341,6.028887407576258,148.0,291.0,138.0,162.0,184.75,35,2018-10-31,0.02,50
043370,평화정공,KOSDAQ,128940000000.0,723202070.0,116970.0,6140.0,CFS,2018-08-14,519292937780.0,257621140154.0,8371884616.0,7330748435.0,0.25971411869086397,4.0273998586939666,0.22741580378470608,7.9919696030401735,187.0,52.0,414.0,93.0,186.5,36,2018-10-31,0.02,50
014790,한라,KOSPI,147336030180.0,549686870.0,145909.0,3790.0,CFS,2018-08-14,300467940367.0,398547847969.0,6326287978.0,90967613196.0,0.17175128093979977,2.039337832028725,2.4696637498611884,10.82010550934745,368.0,316.0,11.0,54.0,187.25,37,2018-10-31,0.02,50
012800,대창,KOSPI,81570746605.0,141459416.0,158796.0,895.0,CFS,2018-08-13,206408733321.0,254808987477.0,5550231316.0,5406264253.0,0.2721677339979031,2.5304259420416764,0.2651079941283075,12.495116108763487,175.0,185.0,363.0,37.0,190.0,38,2018-10-31,0.02,50
002200,수출포장,KOSPI,81400000000.0,221508550.0,10971.0,20350.0,CFS,2018-08-14,223675637108.0,72188399535.0,6605100370.0,11463717452.0,0.32457495675675674,2.7478579497297297,0.5633276389189189,3.5473415004914006,129.0,145.0,147.0,346.0,191.75,39,2018-10-31,0.02,50
000300,대유플러스,KOSPI,79337778480.0,190002980.0,246988.0,788.0,CFS,2018-08-20,132644522921.0,118112931780.0,6811462557.0,24889060285.0,0.343415844884897,1.6718961062722208,1.2548402923217317,5.954940208454397,113.0,461.0,34.0,165.0,193.25,40,2018-10-31,0.02,50
001880,삼호,KOSPI,183675168600.0,148893000.0,11640.0,12100.0,OFS,2018-08-14,329990609703.0,242524878838.0,18235441127.0,35896211032.0,0.3971237106462087,1.796598920900623,0.7817324749035238,5.2816040553889,89.0,401.0,88.0,197.0,193.75,41,2018-10-31,0.02,50
005960,동부건설,KOSPI,145818620670.0,99075790.0,14373.0,6990.0,CFS,2018-08-14,327091185455.0,210921224288.0,9276703990.0,18236518863.0,0.2544724109273801,2.243137288997098,0.5002521290959349,5.785851582434942,196.0,241.0,165.0,177.0,194.75,42,2018-10-31,0.02,50
034300,신세계건설,KOSPI,94800000000.0,76023750.0,3320.0,23700.0,OFS,2018-08-14,162594483278.0,281552832248.0,5351040972.0,21172560361.0,0.2257823194936709,1.7151316801476792,0.8933569772573839,11.87986633957806,238.0,437.0,63.0,43.0,195.25,43,2018-10-31,0.02,50
009180,한솔로지스틱스,KOSPI,20102458500.0,346351805.0,290196.0,1220.0,CFS,2018-08-14,46596126025.0,114595017742.0,690632173.0,4559508813.0,0.13742242979882285,2.317931710939734,0.9072539685630989,22.80218964103321,500.0,222.0,61.0,11.0,198.5,44,2018-10-31,0.02,50
036530,S&T홀딩스,KOSPI,202983380700.0,49513150.0,3930.0,12450.0,CFS,2018-08-10,1499866154246.0,346315517462.0,29943520526.0,6383001972.0,0.5900684168869004,7.389108157887726,0.12578373559427075,6.824509795190341,35.0,13.0,628.0,128.0,201.0,45,2018-10-31,0.02,50
003960,사조대림,KOSPI,119211500000.0,225636300.0,11590.0,20000.0,CFS,2018-08-22,318871617848.0,231936217125.0,11252395009.0,5794762368.0,0.37756072221220266,2.6748394059969045,0.1944363544792239,7.782343721033625,98.0,158.0,470.0,98.0,206.0,46,2018-10-31,0.02,50
090740,연이정보통신,KOSDAQ,33360000000.0,91114345.0,46705.0,2085.0,CFS,2018-09-03,56008674015.0,77501932380.0,3370734732.0,3588909730.0,0.40416483597122305,1.6789170867805756,0.4303249076738609,9.292797647482015,85.0,458.0,207.0,75.0,206.25,47,2018-10-31,0.02,50
001530,동일방직,KOSPI,144839018100.0,60708700.0,1004.0,60900.0,CFS,2018-08-14,529977126527.0,242273281278.0,16754210296.0,5470536369.0,0.4626988090856161,3.6590770462217046,0.1510790791255716,6.69082915518605,65.0,64.0,565.0,134.0,207.0,48,2018-10-31,0.02,50
000070,삼양홀딩스,KOSPI,739096587300.0,908681500.0,10635.0,86300.0,CFS,2018-08-14,1990034000000.0,656001000000.0,57985000000.0,83217000000.0,0.31381554723084565,2.692522241605539,0.4503714476831816,3.550285639371941,136.0,154.0,195.0,345.0,207.5,49,2018-10-31,0.02,50
123700,SJM,KOSPI,46424571550.0,17312880.0,5915.0,2975.0,CFS,2018-08-14,170251549382.0,37442045524.0,3705106407.0,4456113424.0,0.31923667000433525,3.6672723882575067,0.3839443876569282,3.2260541582962654,134.0,63.0,241.0,400.0,209.5,50,2018-10-31,0.02,50
036530,S&T홀딩스,KOSPI,215211295200.0,70700200.0,5418.0,13200.0,CFS,2019-02-28,1503275496222.0,404631820111.0,25464598876.0,90571058508.0,0.4732948398890543,6.985114302783119,1.6833885679435285,7.520642812636165,39.0,6.0,24.0,69.0,34.5,1,2019-04-30,0.05,20
009200,무림페이퍼,KOSPI,148961329800.0,456856305.0,127671.0,3580.0,CFS,2019-04-01,667550639192.0,276686324084.0,22857623979.0,56432919081.0,0.6137867864012584,4.4813686886944,1.515370980019272,7.4297490350143205,26.0,19.0,28.0,70.0,35.75,2,2019-04-30,0.05,20
002030,아세아,KOSPI,281546584000.0,116920500.0,903.0,128500.0,CFS,2019-03-29,1383842591202.0,450412994083.0,39410626359.0,111979417869.0,0.5599162426207949,4.915146088939939,1.5909185084483213,6.399125681922676,31.0,13.0,25.0,89.0,39.5,3,2019-04-30,0.05,20
015750,성우하이텍,KOSDAQ,389600000000.0,1150431295.0,235849.0,4870.0,CFS,2019-04-01,1279481798698.0,969064316979.0,31576648766.0,135919725965.0,0.32419557254620124,3.284090859081109,1.3954797327002053,9.949325636334702,58.0,48.0,31.0,38.0,43.75,4,2019-04-30,0.05,20
124500,아이티센,KOSDAQ,80687783275.0,249280145.0,50109.0,4985.0,CFS,2019-04-01,175480298234.0,427330946826.0,18061392155.0,37537189800.0,0.895371835582256,2.174806285555377,1.8608611255097094,21.184418730135203,14.0,141.0,18.0,8.0,45.25,5,2019-04-30,0.05,20
010100,한국프랜지,KOSPI,53440487100.0,46497605.0,26665.0,1755.0,CFS,2019-04-01,220378356300.0,76214944844.0,6635100774.0,28104383707.0,0.4966347527172895,4.123808899563716,2.103602360840008,5.704659443046132,37.0,22.0,15.0,115.0,47.25,6,2019-04-30,0.05,20
004960,한신공영,KOSPI,211165311500.0,145527550.0,7999.0,18250.0,CFS,2019-03-29,446036783562.0,512424664987.0,73574543524.0,61866091712.0,1.3936861694066642,2.112263517116541,1.1718987606920468,9.706606854071294,4.0,153.0,43.0,42.0,60.5,7,2019-04-30,0.05,20
033160,엠케이전자,KOSDAQ,187109971620.0,889668300.0,105288.0,8580.0,CFS,2019-04-01,848836659574.0,170586155737.0,44589366296.0,135695858023.0,0.9532226617308489,4.536565594151737,2.9008792390516422,3.64675712919121,11.0,16.0,8.0,224.0,64.75,8,2019-04-30,0.05,20
019540,일지테크,KOSDAQ,43716172500.0,160777380.0,50201.0,3235.0,CFS,2019-04-01,122842429608.0,64924258872.0,2986449193.0,13528573484.0,0.2732580664970155,2.8099996542012,1.2378552567931238,5.940525454006752,76.0,76.0,39.0,103.0,73.5,9,2019-04-30,0.05,20
039020,이건홀딩스,KOSDAQ,70464292080.0,47576355.0,15222.0,3120.0,CFS,2019-03-29,269211650382.0,158597467978.0,16507212114.0,7512636444.0,0.9370540242004515,3.8205400556122355,0.42646487872017236,9.002997875743365,13.0,29.0,212.0,52.0,76.5,10,2019-04-30,0.05,20
013580,계룡건설,KOSPI,225058856400.0,338575750.0,13532.0,25200.0,CFS,2019-04-01,439825103107.0,658354960273.0,42698116127.0,45486502289.0,0.7588791094026016,1.9542670310440624,0.8084374552789205,11.701027381084657,20.0,196.0,75.0,23.0,78.5,11,2019-04-30,0.05,20
024900,덕양산업,KOSPI,46079446700.0,193812100.0,136469.0,1415.0,CFS,2019-04-01,77310763476.0,388477869381.0,3195862430.0,41656600622.0,0.2774219448255658,1.67777108912204,3.616067779043015,33.722442190782644,75.0,277.0,6.0,2.0,90.0,12,2019-04-30,0.05,20
267290,경동도시가스,KOSPI,176182303050.0,676729800.0,18234.0,37350.0,CFS,2019-04-01,320490073584.0,446276264415.0,12645556596.0,59797084372.0,0.2871016300067602,1.8190820986886855,1.3576184063170016,10.132147365296914,71.0,233.0,32.0,36.0,93.0,13,2019-04-30,0.05,20
005960,동부건설,KOSPI,172154004000.0,233746270.0,28274.0,8250.0,CFS,2019-04-01,361897851732.0,314455637739.0,22854246886.0,28187637891.0,0.5310186543439327,2.1021750486384274,0.6549400475402245,7.306379879238824,35.0,159.0,106.0,75.0,93.75,14,2019-04-30,0.05,20
001940,KISCO홀딩스,KOSPI,251278768000.0,152304150.0,11290.0,13600.0,CFS,2019-04-18,1279048873334.0,362716945810.0,29581372354.0,25756025866.0,0.47089330450712813,5.090158963744999,0.4099992382324956,5.7739370293315035,40.0,11.0,219.0,110.0,95.0,15,2019-04-30,0.05,20
034730,SK,KOSPI,18047416180500.0,24901779500.0,97164.0,256500.0,CFS,2019-04-01,50887872000000.0,24878527000000.0,1089860000000.0,3162909000000.0,0.2415547996676842,2.819676317709329,0.7010220118750256,5.514036303297738,103.0,74.0,95.0,121.0,98.25,16,2019-04-30,0.05,20
054800,아이디스홀딩스,KOSDAQ,160390218000.0,298521050.0,19386.0,15500.0,CFS,2019-03-29,611162022594.0,146655137420.0,26756176309.0,21870555950.0,0.6672770108461352,3.8104694302117603,0.5454336610478328,3.657458397369346,25.0,30.0,139.0,222.0,104.0,17,2019-04-30,0.05,20
131760,파인텍,KOSDAQ,16407364500.0,1367566630.0,958494.0,1425.0,CFS,2019-03-29,27737375085.0,23034742922.0,2872871863.0,6941602691.0,0.7003859426661728,1.690544211716635,1.6923138852678015,5.615708219805807,21.0,270.0,23.0,117.0,107.75,18,2019-04-30,0.05,20
306200,세아제강,KOSPI,183224980000.0,174693000.0,2727.0,64600.0,OFS,2019-04-01,553451800713.0,352141231300.0,8338643845.0,24798933742.0,0.18204163744485058,3.0206132412349014,0.5413876152039967,7.687624936294167,168.0,56.0,141.0,67.0,108.0,19,2019-04-30,0.05,20
004140,동방,KOSPI,71281702440.0,2793943980.0,1329400.0,2130.0,CFS,2019-04-01,130187333259.0,130312159228.0,13887577092.0,10958791727.0,0.7793067009694165,1.8263780016839901,0.6149567898563787,7.312516663736406,18.0,229.0,121.0,74.0,110.5,20,2019-04-30,0.05,20
036530,S&T홀딩스,KOSPI,215211295200.0,70700200.0,5418.0,13200.0,CFS,2019-02-28,1503275496222.0,404631820111.0,25464598876.0,90571058508.0,0.4732948398890543,6.985114302783119,1.6833885679435285,7.520642812636165,39.0,6.0,24.0,69.0,34.5,1,2019-04-30,0.03333333333333333,30
009200,무림페이퍼,KOSPI,148961329800.0,456856305.0,127671.0,3580.0,CFS,2019-04-01,667550639192.0,276686324084.0,22857623979.0,56432919081.0,0.6137867864012584,4.4813686886944,1.515370980019272,7.4297490350143205,26.0,19.0,28.0,70.0,35.75,2,2019-04-30,0.03333333333333333,30
002030,아세아,KOSPI,281546584000.0,116920500.0,903.0,128500.0,CFS,2019-03-29,1383842591202.0,450412994083.0,39410626359.0,111979417869.0,0.5599162426207949,4.915146088939939,1.5909185084483213,6.399125681922676,31.0,13.0,25.0,89.0,39.5,3,2019-04-30,0.03333333333333333,30
015750,성우하이텍,KOSDAQ,389600000000.0,1150431295.0,235849.0,4870.0,CFS,2019-04-01,1279481798698.0,969064316979.0,31576648766.0,135919725965.0,0.32419557254620124,3.284090859081109,1.3954797327002053,9.949325636334702,58.0,48.0,31.0,38.0,43.75,4,2019-04-30,0.03333333333333333,30
124500,아이티센,KOSDAQ,80687783275.0,249280145.0,50109.0,4985.0,CFS,2019-04-01,175480298234.0,427330946826.0,18061392155.0,37537189800.0,0.895371835582256,2.174806285555377,1.8608611255097094,21.184418730135203,14.0,141.0,18.0,8.0,45.25,5,2019-04-30,0.03333333333333333,30
010100,한국프랜지,KOSPI,53440487100.0,46497605.0,26665.0,1755.0,CFS,2019-04-01,220378356300.0,76214944844.0,6635100774.0,28104383707.0,0.4966347527172895,4.123808899563716,2.103602360840008,5.704659443046132,37.0,22.0,15.0,115.0,47.25,6,2019-04-30,0.03333333333333333,30
004960,한신공영,KOSPI,211165311500.0,145527550.0,7999.0,18250.0,CFS,2019-03-29,446036783562.0,512424664987.0,73574543524.0,61866091712.0,1.3936861694066642,2.112263517116541,1.1718987606920468,9.706606854071294,4.0,153.0,43.0,42.0,60.5,7,2019-04-30,0.03333333333333333,30
033160,엠케이전자,KOSDAQ,187109971620.0,889668300.0,105288.0,8580.0,CFS,2019-04-01,848836659574.0,170586155737.0,44589366296.0,135695858023.0,0.9532226617308489,4.536565594151737,2.9008792390516422,3.64675712919121,11.0,16.0,8.0,224.0,64.75,8,2019-04-30,0.03333333333333333,30
019540,일지테크,KOSDAQ,43716172500.0,160777380.0,50201.0,3235.0,CFS,2019-04-01,122842429608.0,64924258872.0,2986449193.0,13528573484.0,0.2732580664970155,2.8099996542012,1.2378552567931238,5.940525454006752,76.0,76.0,39.0,103.0,73.5,9,2019-04-30,0.03333333333333333,30
039020,이건홀딩스,KOSDAQ,70464292080.0,47576355.0,15222.0,3120.0,CFS,2019-03-29,269211650382.0,158597467978.0,16507212114.0,7512636444.0,0.9370540242004515,3.8205400556122355,0.42646487872017236,9.002997875743365,13.0,29.0,212.0,52.0,76.5,10,2019-04-30,0.03333333333333333,30
013580,계룡건설,KOSPI,225058856400.0,338575750.0,13532.0,25200.0,CFS,2019-04-01,439825103107.0,658354960273.0,42698116127.0,45486502289.0,0.7588791094026016,1.9542670310440624,0.8084374552789205,11.701027381084657,20.0,196.0,75.0,23.0,78.5,11,2019-04-30,0.03333333333333333,30
024900,덕양산업,KOSPI,46079446700.0,193812100.0,136469.0,1415.0,CFS,2019-04-01,77310763476.0,388477869381.0,3195862430.0,41656600622.0,0.2774219448255658,1.67777108912204,3.616067779043015,33.722442190782644,75.0,277.0,6.0,2.0,90.0,12,2019-04-30,0.03333333333333333,30
267290,경동도시가스,KOSPI,176182303050.0,676729800.0,18234.0,37350.0,CFS,2019-04-01,320490073584.0,446276264415.0,12645556596.0,59797084372.0,0.2871016300067602,1.8190820986886855,1.3576184063170016,10.132147365296914,71.0,233.0,32.0,36.0,93.0,13,2019-04-30,0.03333333333333333,30
005960,동부건설,KOSPI,172154004000.0,233746270.0,28274.0,8250.0,CFS,2019-04-01,361897851732.0,314455637739.0,22854246886.0,28187637891.0,0.5310186543439327,2.1021750486384274,0.6549400475402245,7.306379879238824,35.0,159.0,106.0,75.0,93.75,14,2019-04-30,0.03333333333333333,30
001940,KISCO홀딩스,KOSPI,251278768000.0,152304150.0,11290.0,13600.0,CFS,2019-04-18,1279048873334.0,362716945810.0,29581372354.0,25756025866.0,0.47089330450712813,5.090158963744999,0.4099992382324956,5.7739370293315035,40.0,11.0,219.0,110.0,95.0,15,2019-04-30,0.03333333333333333,30
034730,SK,KOSPI,18047416180500.0,24901779500.0,97164.0,256500.0,CFS,2019-04-01,50887872000000.0,24878527000000.0,1089860000000.0,3162909000000.0,0.2415547996676842,2.819676317709329,0.7010220118750256,5.514036303297738,103.0,74.0,95.0,121.0,98.25,16,2019-04-30,0.03333333333333333,30
054800,아이디스홀딩스,KOSDAQ,160390218000.0,298521050.0,19386.0,15500.0,CFS,2019-03-29,611162022594.0,146655137420.0,26756176309.0,21870555950.0,0.6672770108461352,3.8104694302117603,0.5454336610478328,3.657458397369346,25.0,30.0,139.0,222.0,104.0,17,2019-04-30,0.03333333333333333,30
131760,파인텍,KOSDAQ,16407364500.0,1367566630.0,958494.0,1425.0,CFS,2019-03-29,27737375085.0,23034742922.0,2872871863.0,6941602691.0,0.7003859426661728,1.690544211716635,1.6923138852678015,5.615708219805807,21.0,270.0,23.0,117.0,107.75,18,2019-04-30,0.03333333333333333,30
306200,세아제강,KOSPI,183224980000.0,174693000.0,2727.0,64600.0,OFS,2019-04-01,553451800713.0,352141231300.0,8338643845.0,24798933742.0,0.18204163744485058,3.0206132412349014,0.5413876152039967,7.687624936294167,168.0,56.0,141.0,67.0,108.0,19,2019-04-30,0.03333333333333333,30
004140,동방,KOSPI,71281702440.0,2793943980.0,1329400.0,2130.0,CFS,2019-04-01,130187333259.0,130312159228.0,13887577092.0,10958791727.0,0.7793067009694165,1.8263780016839901,0.6149567898563787,7.312516663736406,18.0,229.0,121.0,74.0,110.5,20,2019-04-30,0.03333333333333333,30
084690,대상홀딩스,KOSPI,296580686220.0,52134790.0,6387.0,8190.0,CFS,2019-04-01,1094779716209.0,822940569961.0,7483607958.0,67366103660.0,0.10093183144702483,3.691338536444364,0.9085703390682511,11.099044653913202,360.0,32.0,63.0,30.0,121.25,21,2019-04-30,0.03333333333333333,30
038110,에코플라스틱,KOSDAQ,39402482950.0,228604245.0,151046.0,1535.0,CFS,2019-04-01,118234089919.0,326908625336.0,850643869.0,38445052308.0,0.0863543416874951,3.00067612665511,3.902805044726249,33.18660153989103,422.0,58.0,5.0,3.0,122.0,22,2019-04-30,0.03333333333333333,30
042670,두산인프라코어,KOSPI,1513332498330.0,15362063560.0,2145497.0,7270.0,CFS,2019-03-29,3820814883573.0,1783283897433.0,71723838272.0,277021201452.0,0.18957853175332992,2.524768937288642,0.7322150333986742,4.7135283208439605,156.0,101.0,88.0,147.0,123.0,23,2019-04-30,0.03333333333333333,30
005710,대원산업,KOSDAQ,136055304000.0,288472510.0,43020.0,6790.0,CFS,2019-04-01,276109964774.0,189945009736.0,6446249200.0,22052021996.0,0.18951849756625438,2.029395081679432,0.6483252426821964,5.5843470750982265,157.0,172.0,110.0,119.0,139.5,24,2019-04-30,0.03333333333333333,30
003070,코오롱글로벌,KOSPI,308827865500.0,1566395600.0,127693.0,12250.0,CFS,2019-04-01,446731381018.0,860975673779.0,18802224240.0,78199228635.0,0.24353015178288695,1.4465384472179372,1.0128519783458465,11.151528342626193,101.0,383.0,53.0,28.0,141.25,25,2019-04-30,0.03333333333333333,30
012620,원일특강,KOSDAQ,41712000000.0,13975520.0,1470.0,9480.0,CFS,2019-03-29,108643223085.0,60172129295.0,1182919266.0,11482309680.0,0.11343683026467204,2.6046035453826235,1.1011037284234753,5.770246384253932,317.0,94.0,46.0,111.0,142.0,26,2019-04-30,0.03333333333333333,30
009970,영원무역홀딩스,KOSPI,886313480000.0,108363200.0,1670.0,65000.0,CFS,2019-04-01,2180170848997.0,687097469421.0,49504797235.0,172845196463.0,0.2234189069763443,2.4598191251666397,0.7800634893333677,3.10092302520774,115.0,109.0,79.0,297.0,150.0,27,2019-04-30,0.03333333333333333,30
117580,대성에너지,KOSPI,154275000000.0,181476820.0,32481.0,5610.0,CFS,2019-03-29,301990604647.0,244522480504.0,10183501991.0,14611735730.0,0.26403505405282773,1.9574824478820287,0.37884908714957055,6.339911988436234,81.0,194.0,247.0,91.0,153.25,28,2019-04-30,0.03333333333333333,30
005720,넥센,KOSPI,340539693720.0,496836140.0,79583.0,6360.0,CFS,2019-03-29,1882757212529.0,555163413506.0,46043768489.0,14556159407.0,0.5408329112653552,5.528745245413442,0.17097753566394439,6.520983294974933,34.0,9.0,495.0,87.0,156.25,29,2019-04-30,0.03333333333333333,30
006840,AK홀딩스,KOSPI,683574147600.0,1275012300.0,24530.0,51600.0,CFS,2019-04-01,1473897641463.0,879645844788.0,27072062543.0,92088307605.0,0.15841478287643773,2.156163521744923,0.538863606403596,5.147332431317945,209.0,147.0,142.0,135.0,158.25,30,2019-04-30,0.03333333333333333,30
036530,S&T홀딩스,KOSPI,215211295200.0,70700200.0,5418.0,13200.0,CFS,2019-02-28,1503275496222.0,404631820111.0,25464598876.0,90571058508.0,0.4732948398890543,6.985114302783119,1.6833885679435285,7.520642812636165,39.0,6.0,24.0,69.0,34.5,1,2019-04-30,0.02,50
009200,무림페이퍼,KOSPI,148961329800.0,456856305.0,127671.0,3580.0,CFS,2019-04-01,667550639192.0,276686324084.0,22857623979.0,56432919081.0,0.6137867864012584,4.4813686886944,1.515370980019272,7.4297490350143205,26.0,19.0,28.0,70.0,35.75,2,2019-04-30,0.02,50
002030,아세아,KOSPI,281546584000.0,116920500.0,903.0,128500.0,CFS,2019-03-29,1383842591202.0,450412994083.0,39410626359.0,111979417869.0,0.5599162426207949,4.915146088939939,1.5909185084483213,6.399125681922676,31.0,13.0,25.0,89.0,39.5,3,2019-04-30,0.02,50
015750,성우하이텍,KOSDAQ,389600000000.0,1150431295.0,235849.0,4870.0,CFS,2019-04-01,1279481798698.0,969064316979.0,31576648766.0,135919725965.0,0.32419557254620124,3.284090859081109,1.3954797327002053,9.949325636334702,58.0,48.0,31.0,38.0,43.75,4,2019-04-30,0.02,50
124500,아이티센,KOSDAQ,80687783275.0,249280145.0,50109.0,4985.0,CFS,2019-04-01,175480298234.0,427330946826.0,18061392155.0,37537189800.0,0.895371835582256,2.174806285555377,1.8608611255097094,21.184418730135203,14.0,141.0,18.0,8.0,45.25,5,2019-04-30,0.02,50
010100,한국프랜지,KOSPI,53440487100.0,46497605.0,26665.0,1755.0,CFS,2019-04-01,220378356300.0,76214944844.0,6635100774.0,28104383707.0,0.4966347527172895,4.123808899563716,2.103602360840008,5.704659443046132,37.0,22.0,15.0,115.0,47.25,6,2019-04-30,0.02,50
004960,한신공영,KOSPI,211165311500.0,145527550.0,7999.0,18250.0,CFS,2019-03-29,446036783562.0,512424664987.0,73574543524.0,61866091712.0,1.3936861694066642,2.112263517116541,1.1718987606920468,9.706606854071294,4.0,153.0,43.0,42.0,60.5,7,2019-04-30,0.02,50
033160,엠케이전자,KOSDAQ,187109971620.0,889668300.0,105288.0,8580.0,CFS,2019-04-01,848836659574.0,170586155737.0,44589366296.0,135695858023.0,0.9532226617308489,4.536565594151737,2.9008792390516422,3.64675712919121,11.0,16.0,8.0,224.0,64.75,8,2019-04-30,0.02,50
019540,일지테크,KOSDAQ,43716172500.0,160777380.0,50201.0,3235.0,CFS,2019-04-01,122842429608.0,64924258872.0,2986449193.0,13528573484.0,0.2732580664970155,2.8099996542012,1.2378552567931238,5.940525454006752,76.0,76.0,39.0,103.0,73.5,9,2019-04-30,0.02,50
039020,이건홀딩스,KOSDAQ,70464292080.0,47576355.0,15222.0,3120.0,CFS,2019-03-29,269211650382.0,158597467978.0,16507212114.0,7512636444.0,0.9370540242004515,3.8205400556122355,0.42646487872017236,9.002997875743365,13.0,29.0,212.0,52.0,76.5,10,2019-04-30,0.02,50
013580,계룡건설,KOSPI,225058856400.0,338575750.0,13532.0,25200.0,CFS,2019-04-01,439825103107.0,658354960273.0,42698116127.0,45486502289.0,0.7588791094026016,1.9542670310440624,0.8084374552789205,11.701027381084657,20.0,196.0,75.0,23.0,78.5,11,2019-04-30,0.02,50
024900,덕양산업,KOSPI,46079446700.0,193812100.0,136469.0,1415.0,CFS,2019-04-01,77310763476.0,388477869381.0,3195862430.0,41656600622.0,0.2774219448255658,1.67777108912204,3.616067779043015,33.722442190782644,75.0,277.0,6.0,2.0,90.0,12,2019-04-30,0.02,50
267290,경동도시가스,KOSPI,176182303050.0,676729800.0,18234.0,37350.0,CFS,2019-04-01,320490073584.0,446276264415.0,12645556596.0,59797084372.0,0.2871016300067602,1.8190820986886855,1.3576184063170016,10.132147365296914,71.0,233.0,32.0,36.0,93.0,13,2019-04-30,0.02,50
005960,동부건설,KOSPI,172154004000.0,233746270.0,28274.0,8250.0,CFS,2019-04-01,361897851732.0,314455637739.0,22854246886.0,28187637891.0,0.5310186543439327,2.1021750486384274,0.6549400475402245,7.306379879238824,35.0,159.0,106.0,75.0,93.75,14,2019-04-30,0.02,50
001940,KISCO홀딩스,KOSPI,251278768000.0,152304150.0,11290.0,13600.0,CFS,2019-04-18,1279048873334.0,362716945810.0,29581372354.0,25756025866.0,0.47089330450712813,5.090158963744999,0.4099992382324956,5.7739370293315035,40.0,11.0,219.0,110.0,95.0,15,2019-04-30,0.02,50
034730,SK,KOSPI,18047416180500.0,24901779500.0,97164.0,256500.0,CFS,2019-04-01,50887872000000.0,24878527000000.0,1089860000000.0,3162909000000.0,0.2415547996676842,2.819676317709329,0.7010220118750256,5.514036303297738,103.0,74.0,95.0,121.0,98.25,16,2019-04-30,0.02,50
054800,아이디스홀딩스,KOSDAQ,160390218000.0,298521050.0,19386.0,15500.0,CFS,2019-03-29,611162022594.0,146655137420.0,26756176309.0,21870555950.0,0.6672770108461352,3.8104694302117603,0.5454336610478328,3.657458397369346,25.0,30.0,139.0,222.0,104.0,17,2019-04-30,0.02,50
131760,파인텍,KOSDAQ,16407364500.0,1367566630.0,958494.0,1425.0,CFS,2019-03-29,27737375085.0,23034742922.0,2872871863.0,6941602691.0,0.7003859426661728,1.690544211716635,1.6923138852678015,5.615708219805807,21.0,270.0,23.0,117.0,107.75,18,2019-04-30,0.02,50
306200,세아제강,KOSPI,183224980000.0,174693000.0,2727.0,64600.0,OFS,2019-04-01,553451800713.0,352141231300.0,8338643845.0,24798933742.0,0.18204163744485058,3.0206132412349014,0.5413876152039967,7.687624936294167,168.0,56.0,141.0,67.0,108.0,19,2019-04-30,0.02,50
004140,동방,KOSPI,71281702440.0,2793943980.0,1329400.0,2130.0,CFS,2019-04-01,130187333259.0,130312159228.0,13887577092.0,10958791727.0,0.7793067009694165,1.8263780016839901,0.6149567898563787,7.312516663736406,18.0,229.0,121.0,74.0,110.5,20,2019-04-30,0.02,50
084690,대상홀딩스,KOSPI,296580686220.0,52134790.0,6387.0,8190.0,CFS,2019-04-01,1094779716209.0,822940569961.0,7483607958.0,67366103660.0,0.10093183144702483,3.691338536444364,0.9085703390682511,11.099044653913202,360.0,32.0,63.0,30.0,121.25,21,2019-04-30,0.02,50
038110,에코플라스틱,KOSDAQ,39402482950.0,228604245.0,151046.0,1535.0,CFS,2019-04-01,118234089919.0,326908625336.0,850643869.0,38445052308.0,0.0863543416874951,3.00067612665511,3.902805044726249,33.18660153989103,422.0,58.0,5.0,3.0,122.0,22,2019-04-30,0.02,50
042670,두산인프라코어,KOSPI,1513332498330.0,15362063560.0,2145497.0,7270.0,CFS,2019-03-29,3820814883573.0,1783283897433.0,71723838272.0,277021201452.0,0.18957853175332992,2.524768937288642,0.7322150333986742,4.7135283208439605,156.0,101.0,88.0,147.0,123.0,23,2019-04-30,0.02,50
005710,대원산업,KOSDAQ,136055304000.0,288472510.0,43020.0,6790.0,CFS,2019-04-01,276109964774.0,189945009736.0,6446249200.0,22052021996.0,0.18951849756625438,2.029395081679432,0.6483252426821964,5.5843470750982265,157.0,172.0,110.0,119.0,139.5,24,2019-04-30,0.02,50
003070,코오롱글로벌,KOSPI,308827865500.0,1566395600.0,127693.0,12250.0,CFS,2019-04-01,446731381018.0,860975673779.0,18802224240.0,78199228635.0,0.24353015178288695,1.4465384472179372,1.0128519783458465,11.151528342626193,101.0,383.0,53.0,28.0,141.25,25,2019-04-30,0.02,50
012620,원일특강,KOSDAQ,41712000000.0,13975520.0,1470.0,9480.0,CFS,2019-03-29,108643223085.0,60172129295.0,1182919266.0,11482309680.0,0.11343683026467204,2.6046035453826235,1.1011037284234753,5.770246384253932,317.0,94.0,46.0,111.0,142.0,26,2019-04-30,0.02,50
009970,영원무역홀딩스,KOSPI,886313480000.0,108363200.0,1670.0,65000.0,CFS,2019-04-01,2180170848997.0,687097469421.0,49504797235.0,172845196463.0,0.2234189069763443,2.4598191251666397,0.7800634893333677,3.10092302520774,115.0,109.0,79.0,297.0,150.0,27,2019-04-30,0.02,50
117580,대성에너지,KOSPI,154275000000.0,181476820.0,32481.0,5610.0,CFS,2019-03-29,301990604647.0,244522480504.0,10183501991.0,14611735730.0,0.26403505405282773,1.9574824478820287,0.37884908714957055,6.339911988436234,81.0,194.0,247.0,91.0,153.25,28,2019-04-30,0.02,50
005720,넥센,KOSPI,340539693720.0,496836140.0,79583.0,6360.0,CFS,2019-03-29,1882757212529.0,555163413506.0,46043768489.0,14556159407.0,0.5408329112653552,5.528745245413442,0.17097753566394439,6.520983294974933,34.0,9.0,495.0,87.0,156.25,29,2019-04-30,0.02,50
006840,AK홀딩스,KOSPI,683574147600.0,1275012300.0,24530.0,51600.0,CFS,2019-04-01,1473897641463.0,879645844788.0,27072062543.0,92088307605.0,0.15841478287643773,2.156163521744923,0.538863606403596,5.147332431317945,209.0,147.0,142.0,135.0,158.25,30,2019-04-30,0.02,50
016250,이테크건설,KOSDAQ,309960000000.0,4176067800.0,38400.0,110700.0,CFS,2019-04-01,498705034724.0,470658443998.0,16748745111.0,44779230396.0,0.21614072926829267,1.6089335227900374,0.5778710852497096,6.073795896218867,132.0,311.0,133.0,98.0,168.5,31,2019-04-30,0.02,50
035890,서희건설,KOSDAQ,217702019975.0,1547052205.0,1236594.0,1255.0,CFS,2019-04-01,297368072039.0,332246385562.0,17787394290.0,37181927764.0,0.3268209324294305,1.3659408032738902,0.6831710200625574,6.104608227340358,57.0,427.0,97.0,97.0,169.5,32,2019-04-30,0.02,50
002460,화성산업,KOSPI,186139460000.0,465094700.0,30988.0,14950.0,OFS,2019-04-01,374793428843.0,120379316514.0,12116770039.0,44785395976.0,0.26038047040643614,2.013508736100341,0.9624051982529658,2.5868629148059203,85.0,176.0,57.0,372.0,172.5,33,2019-04-30,0.02,50
004840,DRB동일,KOSPI,128548500000.0,33503950.0,5191.0,6450.0,CFS,2019-03-29,446280829057.0,139123196352.0,6598870205.0,8240732390.0,0.20533480219528039,3.4716922333360563,0.2564240699813689,4.329049233619996,141.0,37.0,364.0,172.0,178.5,34,2019-04-30,0.02,50
024880,케이피에프,KOSDAQ,92570031840.0,346119960.0,64409.0,5430.0,CFS,2019-04-01,148362756140.0,101458316239.0,5698473793.0,12588108387.0,0.24623406429628814,1.602708276004845,0.5439388163442593,4.384067466428561,98.0,312.0,140.0,167.0,179.25,35,2019-04-30,0.02,50
024830,세원물산,KOSDAQ,50684500000.0,9531880.0,1594.0,6070.0,OFS,2019-04-01,175746870603.0,29377122452.0,2263877142.0,8887262537.0,0.17866425767246397,3.46746777817676,0.7013791227692885,2.3184304828497866,176.0,38.0,93.0,421.0,182.0,36,2019-04-30,0.02,50
065130,탑엔지니어링,KOSDAQ,136277472210.0,1130953580.0,133473.0,8530.0,CFS,2019-03-29,303905407730.0,266055615314.0,2606695067.0,23893984324.0,0.07651140059255433,2.2300487586215993,0.701333358669289,7.809232472525328,468.0,133.0,94.0,65.0,190.0,37,2019-04-30,0.02,50
042420,네오위즈홀딩스,KOSDAQ,119567691000.0,56358250.0,4234.0,13500.0,CFS,2019-04-01,516278244648.0,63363904518.0,23095797673.0,10227627090.0,0.772643428332157,4.317874170941379,0.3421535367777571,2.11976676936916,19.0,21.0,280.0,459.0,194.75,38,2019-04-30,0.02,50
023960,에쓰씨엔지니어링,KOSPI,47281349430.0,99733475.0,52393.0,1890.0,OFS,2019-03-28,43011648544.0,126401669612.0,11120199487.0,21116346303.0,0.9407683681671096,0.9096958750654677,1.7864419317610833,10.693575469891153,12.0,720.0,19.0,34.0,196.25,39,2019-04-30,0.02,50
015230,대창단조,KOSPI,82200000000.0,134038650.0,3244.0,41100.0,CFS,2019-04-01,181349274746.0,81961256223.0,3566095618.0,7096170729.0,0.17353263347931874,2.2061955565206812,0.34531244423357665,3.9883822979562042,183.0,135.0,276.0,198.0,198.0,40,2019-04-30,0.02,50
030270,에스마크,KOSDAQ,7547575598.0,0.0,0.0,998.0,CFS,2019-04-01,26781531309.0,6312371720.0,4522250316.0,312088261.0,2.3966638066922217,3.5483621145970003,0.16539788542572476,3.3453771415937528,2.0,36.0,508.0,256.0,200.5,41,2019-04-30,0.02,50
183190,아세아시멘트,KOSPI,395424613500.0,2119906000.0,21068.0,101500.0,CFS,2019-03-29,785942840120.0,248877837786.0,20480844156.0,70539800140.0,0.20717824289913608,1.987592105517731,0.7135600337635533,2.5175755811771188,140.0,186.0,90.0,387.0,200.75,42,2019-04-30,0.02,50
012450,한화에어로스페이스,KOSPI,1608036000000.0,4365810350.0,141251.0,30900.0,CFS,2019-03-29,2635750421463.0,1653891546152.0,57259098721.0,282071874502.0,0.1424323801730807,1.6391115755262942,0.7016556208990345,4.114065969050444,239.0,295.0,92.0,189.0,203.75,43,2019-04-30,0.02,50
002200,수출포장,KOSPI,91400000000.0,77208750.0,3376.0,22850.0,CFS,2019-04-01,231971448124.0,70217797006.0,2539269080.0,16300679999.0,0.11112774967177243,2.5379808328665208,0.7133776804814005,3.0729889280525162,329.0,99.0,91.0,305.0,206.0,44,2019-04-30,0.02,50
034220,LG디스플레이,KOSPI,7138423215000.0,26256683100.0,1317288.0,19950.0,CFS,2019-04-01,14886246000000.0,6947796000000.0,234166000000.0,772524000000.0,0.13121441133271333,2.0853689325563476,0.4328821515522879,3.8931824526181447,259.0,164.0,209.0,205.0,209.25,45,2019-04-30,0.02,50
023600,삼보판지,KOSDAQ,193231500000.0,1286711450.0,108580.0,11950.0,CFS,2019-04-01,362431226287.0,99744779243.0,32549664874.0,27985331738.0,0.6737962469680151,1.875632214659618,0.5793120011592313,2.064772653382083,23.0,212.0,132.0,475.0,210.5,46,2019-04-30,0.02,50
037350,성도이엔지,KOSDAQ,94521700000.0,107034450.0,17575.0,6110.0,CFS,2019-03-29,194696641978.0,168037961083.0,2301913092.0,9463164254.0,0.0974131058582315,2.059808932530837,0.4004652584115605,7.111085013621211,380.0,168.0,223.0,79.0,212.5,47,2019-04-30,0.02,50
123040,엠에스오토텍,KOSDAQ,127450551130.0,1074355565.0,252060.0,4255.0,CFS,2019-04-01,115620145524.0,349373598320.0,19498509752.0,26355975785.0,0.6119552902399442,0.9071765049181079,0.8271749490707754,10.964992939532689,27.0,721.0,74.0,32.0,213.5,48,2019-04-30,0.02,50
015890,태경산업,KOSPI,170988187500.0,310761290.0,53111.0,5850.0,CFS,2019-04-01,310319252047.0,139654475347.0,7214947082.0,20519296708.0,0.16878235128376923,1.8148578365800854,0.4800167077740385,3.2669970338623537,199.0,234.0,171.0,268.0,218.0,49,2019-04-30,0.02,50
140910,에이리츠,KOSPI,21834899460.0,12417040.0,2092.0,5940.0,OFS,2019-03-29,25975623294.0,15814775838.0,5808663382.0,9575321988.0,1.0641062749367933,1.189637870400343,1.7541316378472576,2.897155696452197,9.0,522.0,20.0,327.0,219.5,50,2019-04-30,0.02,50
