Date,Open,High,Low,Close,Adj Close,Volume
2007-04-10,75.06999969482422,75.26000213623047,75.0,75.23999786376953,40.65303421020508,35000
2007-04-11,75.16000366210938,75.29000091552734,75.02999877929688,75.04000091552734,40.54496765136719,87700
2007-04-12,75.05999755859375,75.08000183105469,74.95999908447266,75.02999877929688,40.539588928222656,78100
2007-04-13,75.04000091552734,75.06999969482422,74.8499984741211,74.91000366210938,40.474761962890625,18000
2007-04-16,74.98999786376953,74.98999786376953,74.94000244140625,74.9800033569336,40.512577056884766,52700
2007-04-17,75.16000366210938,75.16999816894531,75.0999984741211,75.16999816894531,40.615211486816406,25600
2007-04-18,75.25,75.33000183105469,75.25,75.30999755859375,40.69086456298828,30400
2007-04-19,75.36000061035156,75.36000061035156,75.25,75.27999877929688,40.674686431884766,59700
2007-04-20,75.30000305175781,75.31999969482422,75.20999908447266,75.26000213623047,40.66389465332031,32200
2007-04-23,75.27999877929688,75.43000030517578,75.22000122070312,75.36000061035156,40.717864990234375,43200
2007-04-24,75.38999938964844,75.5,75.13999938964844,75.4800033569336,40.78271484375,77500
2007-04-25,75.43000030517578,75.55000305175781,75.38999938964844,75.41999816894531,40.75031280517578,264200
2007-04-26,75.37999725341797,75.37999725341797,75.25,75.26000213623047,40.66389465332031,68400
2007-04-27,75.27999877929688,75.29000091552734,75.20999908447266,75.23999786376953,40.65303421020508,44800
2007-04-30,75.41999816894531,75.48999786376953,75.38999938964844,75.48999786376953,40.78813171386719,35900
2007-05-01,75.37000274658203,75.38999938964844,75.20999908447266,75.31999969482422,40.76484680175781,54800
2007-05-02,75.37000274658203,75.41000366210938,75.29000091552734,75.33000183105469,40.77028274536133,28900
2007-05-03,75.33000183105469,75.33000183105469,75.05999755859375,75.27999877929688,40.74321746826172,33800
2007-05-04,75.37999725341797,75.41999816894531,75.30000305175781,75.33999633789062,40.77567672729492,19200
2007-05-07,75.36000061035156,75.5199966430664,75.33999633789062,75.38999938964844,40.8027458190918,135500
2007-05-08,75.4800033569336,75.48999786376953,75.33000183105469,75.4000015258789,40.80817413330078,34000
2007-05-09,75.47000122070312,75.47000122070312,75.29000091552734,75.30999755859375,40.75942611694336,50200
2007-05-10,75.30999755859375,75.37999725341797,75.30999755859375,75.37999725341797,40.797306060791016,42000
2007-05-11,75.47000122070312,75.47000122070312,75.26000213623047,75.27999877929688,40.74321746826172,38200
2007-05-14,75.30000305175781,75.30000305175781,75.18000030517578,75.2300033569336,40.716121673583984,71200
2007-05-15,75.29000091552734,75.30000305175781,75.18000030517578,75.19999694824219,40.699886322021484,31600
2007-05-16,75.19999694824219,75.2699966430664,75.16999816894531,75.2300033569336,40.716121673583984,56600
2007-05-17,75.16000366210938,75.18000030517578,75.08999633789062,75.12000274658203,40.65663528442383,42700
2007-05-18,75.08000183105469,75.08000183105469,74.93000030517578,74.94000244140625,40.55916976928711,62200
2007-05-21,74.94999694824219,75.05000305175781,74.87999725341797,75.04000091552734,40.61332321166992,49400
2007-05-22,75.04000091552734,75.05000305175781,74.88999938964844,74.91999816894531,40.548370361328125,49800
2007-05-23,74.94000244140625,74.95999908447266,74.77999877929688,74.86000061035156,40.51588821411133,47200
2007-05-24,74.83000183105469,74.87000274658203,74.69000244140625,74.8499984741211,40.510494232177734,38600
2007-05-25,74.80999755859375,74.87000274658203,74.80000305175781,74.86000061035156,40.51588821411133,21100
2007-05-29,74.7699966430664,74.80000305175781,74.69000244140625,74.76000213623047,40.46175003051758,27900
2007-05-30,74.87999725341797,74.9000015258789,74.79000091552734,74.83000183105469,40.49966049194336,35200
2007-05-31,74.83000183105469,74.83000183105469,74.66999816894531,74.7699966430664,40.46718978881836,52200
2007-06-01,74.43000030517578,74.43000030517578,74.31999969482422,74.33999633789062,40.37376022338867,84900
2007-06-04,74.38999938964844,74.43000030517578,74.33000183105469,74.41999816894531,40.417240142822266,28500
2007-06-05,74.37000274658203,74.41000366210938,74.25,74.30000305175781,40.35205841064453,37400
2007-06-06,74.2699966430664,74.38999938964844,74.26000213623047,74.37000274658203,40.39006042480469,185900
2007-06-07,74.0999984741211,74.0999984741211,73.73999786376953,73.8499984741211,40.107666015625,75500
2007-06-08,73.75,73.86000061035156,73.63999938964844,73.83999633789062,40.10224151611328,62700
2007-06-11,73.76000213623047,73.8499984741211,73.70999908447266,73.76000213623047,40.058746337890625,77100
2007-06-12,73.61000061035156,73.61000061035156,73.36000061035156,73.4000015258789,39.863250732421875,405400
2007-06-13,73.41999816894531,73.5999984741211,73.33999633789062,73.56999969482422,39.955589294433594,93800
2007-06-14,73.55000305175781,73.63999938964844,73.47000122070312,73.47000122070312,39.901268005371094,109800
2007-06-15,73.68000030517578,73.83999633789062,73.6500015258789,73.83999633789062,40.10224151611328,108600
2007-06-18,73.83000183105469,73.94000244140625,73.7300033569336,73.76000213623047,40.058746337890625,60300
2007-06-19,74.0199966430664,74.19999694824219,73.94000244140625,74.11000061035156,40.248863220214844,73400
2007-06-20,74.02999877929688,74.04000091552734,73.75,73.75,40.0533447265625,70300
2007-06-21,73.93000030517578,73.94000244140625,73.7300033569336,73.79000091552734,40.07508850097656,38500
2007-06-22,73.7300033569336,74.0,73.69000244140625,73.9000015258789,40.13481903076172,55800
2007-06-25,74.0999984741211,74.18000030517578,73.97000122070312,74.0999984741211,40.243446350097656,85500
2007-06-26,74.13999938964844,74.18000030517578,74.02999877929688,74.06999969482422,40.22712707519531,163100
2007-06-27,74.2699966430664,74.2699966430664,74.0999984741211,74.12999725341797,40.259727478027344,212000
2007-06-28,74.16000366210938,74.16000366210938,73.94000244140625,74.02999877929688,40.20539855957031,74300
2007-06-29,74.16000366210938,74.27999877929688,74.12999725341797,74.27999877929688,40.34119415283203,389200
2007-07-02,74.0999984741211,74.25,73.9800033569336,74.2300033569336,40.44090270996094,74900
2007-07-03,74.2699966430664,74.33000183105469,74.05999755859375,74.08000183105469,40.35914993286133,21900
2007-07-05,73.93000030517578,73.93000030517578,73.75,73.77999877929688,40.195716857910156,43100
2007-07-06,73.68000030517578,73.69000244140625,73.58999633789062,73.62999725341797,40.11398696899414,55400
2007-07-09,73.72000122070312,73.73999786376953,73.6500015258789,73.70999908447266,40.157588958740234,34900
2007-07-10,73.95999908447266,74.08999633789062,73.88999938964844,74.08999633789062,40.364601135253906,110400
2007-07-11,74.05000305175781,74.08999633789062,73.81999969482422,73.91000366210938,40.266563415527344,37300
2007-07-12,74.02999877929688,74.02999877929688,73.70999908447266,73.80999755859375,40.2120475769043,28100
2007-07-13,73.9000015258789,73.9800033569336,73.7300033569336,73.93000030517578,40.27744674682617,86400
2007-07-16,73.91000366210938,74.13999938964844,73.91000366210938,74.12999725341797,40.38641357421875,66700
2007-07-17,74.05999755859375,74.08999633789062,73.88999938964844,74.04000091552734,40.33736038208008,37500
2007-07-18,74.08999633789062,74.25,74.0199966430664,74.16000366210938,40.402713775634766,51500
2007-07-19,74.0199966430664,74.12999725341797,73.9800033569336,74.12999725341797,40.38641357421875,23500
2007-07-20,74.22000122070312,74.41999816894531,74.22000122070312,74.33999633789062,40.50080871582031,46300
2007-07-23,74.29000091552734,74.33000183105469,74.16999816894531,74.31999969482422,40.489933013916016,36700
2007-07-24,74.37999725341797,74.38999938964844,74.25,74.3499984741211,40.506263732910156,31400
2007-07-25,74.4000015258789,74.45999908447266,74.37000274658203,74.41999816894531,40.54440689086914,24900
2007-07-26,74.6500015258789,74.70999908447266,74.48999786376953,74.70999908447266,40.70237731933594,51500
2007-07-27,74.5999984741211,74.69999694824219,74.51000213623047,74.6500015258789,40.66969299316406,45700
2007-07-30,74.58000183105469,74.70999908447266,74.5199966430664,74.58000183105469,40.63157272338867,33600
2007-07-31,74.5,74.7300033569336,74.33999633789062,74.7300033569336,40.71328353881836,24300
2007-08-01,74.45999908447266,74.48999786376953,74.26000213623047,74.38999938964844,40.693580627441406,32600
2007-08-02,74.41000366210938,74.54000091552734,74.2300033569336,74.5199966430664,40.76469039916992,40600
2007-08-03,74.61000061035156,74.80000305175781,74.58000183105469,74.7699966430664,40.90146255493164,118800
2007-08-06,74.80000305175781,74.80000305175781,74.48999786376953,74.55999755859375,40.78658676147461,34100
2007-08-07,74.62999725341797,74.70999908447266,74.4000015258789,74.5999984741211,40.8084716796875,41700
2007-08-08,74.43000030517578,74.47000122070312,74.2300033569336,74.36000061035156,40.67716598510742,40900
2007-08-09,74.62000274658203,74.69999694824219,74.33000183105469,74.52999877929688,40.77018737792969,44900
2007-08-10,74.69000244140625,74.69000244140625,74.30999755859375,74.38999938964844,40.693580627441406,33900
2007-08-13,74.26000213623047,74.5199966430664,74.25,74.45999908447266,40.73188781738281,354100
2007-08-14,74.41000366210938,74.6500015258789,74.37000274658203,74.63999938964844,40.830360412597656,38900
2007-08-15,74.72000122070312,74.72000122070312,74.30999755859375,74.6500015258789,40.83584213256836,33600
2007-08-16,74.68000030517578,74.94999694824219,74.5199966430664,74.63999938964844,40.830360412597656,43100
2007-08-17,74.75,74.88999938964844,74.69000244140625,74.87000274658203,40.95618438720703,37300
2007-08-20,74.97000122070312,75.06999969482422,74.69999694824219,74.70999908447266,40.8686408996582,66500
2007-08-21,75.13999938964844,75.16000366210938,74.97000122070312,74.97000122070312,41.010887145996094,24900
2007-08-22,74.9000015258789,75.05000305175781,74.86000061035156,74.97000122070312,41.010887145996094,38900
2007-08-23,74.91999816894531,75.06999969482422,74.88999938964844,74.97000122070312,41.010887145996094,46600
2007-08-24,75.02999877929688,75.06999969482422,74.88999938964844,75.04000091552734,41.04916000366211,54300
2007-08-27,74.93000030517578,75.30999755859375,74.93000030517578,75.30999755859375,41.196876525878906,82200
2007-08-28,75.36000061035156,75.55000305175781,75.33999633789062,75.5199966430664,41.311729431152344,55400
2007-08-29,75.44000244140625,75.5199966430664,75.27999877929688,75.3499984741211,41.2187385559082,92200
2007-08-30,75.47000122070312,75.5199966430664,75.41000366210938,75.4800033569336,41.289852142333984,44500
2007-08-31,75.29000091552734,90.91000366210938,75.29000091552734,75.52999877929688,41.31721115112305,23600
2007-09-04,75.29000091552734,75.31999969482422,75.05000305175781,75.19000244140625,41.29194259643555,85500
2007-09-05,75.33999633789062,75.48999786376953,75.2300033569336,75.4800033569336,41.45119857788086,56800
2007-09-06,75.44000244140625,75.47000122070312,75.2699966430664,75.33999633789062,41.37432861328125,46500
2007-09-07,75.77999877929688,75.87000274658203,75.56999969482422,75.80999755859375,41.63241958618164,45700
2007-09-10,75.94999694824219,76.13999938964844,75.9000015258789,76.02999877929688,41.75322341918945,94800
2007-09-11,75.97000122070312,76.0199966430664,75.8499984741211,75.8499984741211,41.65437698364258,36400
2007-09-12,75.83000183105469,75.83000183105469,75.69999694824219,75.7300033569336,41.58849334716797,73900
2007-09-13,75.5999984741211,75.62999725341797,75.47000122070312,75.54000091552734,41.48415756225586,77800
2007-09-14,75.83999633789062,75.83999633789062,75.44000244140625,75.55000305175781,41.48964309692383,45800
2007-09-17,75.58000183105469,75.61000061035156,75.44999694824219,75.61000061035156,41.52261734008789,39300
2007-09-18,75.58000183105469,75.91999816894531,75.44999694824219,75.81999969482422,41.637901306152344,74700
2007-09-19,75.80000305175781,75.80000305175781,75.58999633789062,75.69999694824219,41.572021484375,93600
2007-09-20,75.55000305175781,75.58000183105469,75.13999938964844,75.16000366210938,41.27548599243164,112700
2007-09-21,75.37000274658203,75.4800033569336,75.22000122070312,75.4800033569336,41.45119857788086,233800
2007-09-24,75.4000015258789,75.45999908447266,75.3499984741211,75.43000030517578,41.423728942871094,121500
2007-09-25,75.68000030517578,75.70999908447266,75.45999908447266,75.4800033569336,41.45119857788086,77500
2007-09-26,75.37999725341797,75.56999969482422,75.33999633789062,75.5,41.462196350097656,173600
2007-09-27,75.5,75.69000244140625,75.48999786376953,75.66000366210938,41.5500602722168,36300
2007-09-28,75.87000274658203,75.87000274658203,75.55999755859375,75.69000244140625,41.566524505615234,129200
2007-10-01,75.27999877929688,75.47000122070312,75.27999877929688,75.36000061035156,41.5406379699707,246000
2007-10-02,75.47000122070312,75.62999725341797,75.38999938964844,75.62999725341797,41.68944549560547,214300
2007-10-03,75.68000030517578,75.69000244140625,75.44999694824219,75.58999633789062,41.667388916015625,99300
2007-10-04,75.56999969482422,75.66999816894531,75.5,75.66999816894531,41.711509704589844,70200
2007-10-05,75.4000015258789,75.43000030517578,75.25,75.3499984741211,41.53511047363281,80500
2007-10-08,75.54000091552734,75.5999984741211,75.37999725341797,75.56999969482422,41.65638732910156,43600
2007-10-09,75.4000015258789,75.44999694824219,75.2699966430664,75.31999969482422,41.51856231689453,67200
2007-10-10,75.33000183105469,75.45999908447266,75.29000091552734,75.4000015258789,41.56265640258789,69900
2007-10-11,75.25,75.4800033569336,75.20999908447266,75.47000122070312,41.60125732421875,125100
2007-10-12,75.31999969482422,75.4800033569336,75.29000091552734,75.3499984741211,41.53511047363281,61200
2007-10-15,75.26000213623047,75.5,75.23999786376953,75.29000091552734,41.50200653076172,394500
2007-10-16,75.43000030517578,75.45999908447266,75.37000274658203,75.44999694824219,41.59021759033203,107100
2007-10-17,75.52999877929688,75.83000183105469,75.44999694824219,75.83000183105469,41.79971694946289,90200
2007-10-18,75.88999938964844,75.94999694824219,75.8499984741211,75.93000030517578,41.8548469543457,92000
2007-10-19,76.05999755859375,76.29000091552734,76.04000091552734,76.29000091552734,42.05327606201172,117300
2007-10-22,76.19999694824219,76.2699966430664,76.12999725341797,76.23999786376953,42.02568817138672,90200
2007-10-23,76.16000366210938,76.30000305175781,76.13999938964844,76.22000122070312,42.01469802856445,84800
2007-10-24,76.43000030517578,76.61000061035156,76.37999725341797,76.5199966430664,42.18004608154297,207300
2007-10-25,76.5,76.55000305175781,76.4000015258789,76.45999908447266,42.146968841552734,88600
2007-10-26,76.31999969482422,76.47000122070312,76.22000122070312,76.3499984741211,42.08634948730469,154300
2007-10-29,76.29000091552734,76.4000015258789,76.25,76.36000061035156,42.091861724853516,54500
2007-10-30,76.33000183105469,76.37999725341797,76.27999877929688,76.37999725341797,42.102882385253906,86800
2007-10-31,76.2699966430664,76.3499984741211,76.0,76.0999984741211,41.94853973388672,116100
2007-11-01,75.94000244140625,76.26000213623047,75.94000244140625,76.25,42.18922424316406,141200
2007-11-02,76.08999633789062,76.41000366210938,76.08999633789062,76.33999633789062,42.23899459838867,105800
2007-11-05,76.43000030517578,76.43000030517578,76.05000305175781,76.12000274658203,42.11729431152344,63500
2007-11-06,76.19999694824219,76.19999694824219,75.94999694824219,76.0,42.050907135009766,55800
2007-11-07,76.22000122070312,76.22000122070312,75.94000244140625,76.11000061035156,42.11171340942383,88700
2007-11-08,76.33999633789062,76.33999633789062,76.11000061035156,76.19999694824219,42.16154098510742,552500
2007-11-09,76.51000213623047,76.51000213623047,76.1500015258789,76.30000305175781,42.2169189453125,36000
2007-11-12,76.0,76.47000122070312,76.0,76.47000122070312,42.31095504760742,47700
2007-11-13,76.31999969482422,76.3499984741211,76.19000244140625,76.23999786376953,42.18366241455078,66900
2007-11-14,76.16999816894531,76.23999786376953,76.08000183105469,76.23999786376953,42.18366241455078,66100
2007-11-15,76.36000061035156,76.5199966430664,76.2699966430664,76.51000213623047,42.333045959472656,94400
2007-11-16,76.5,76.58000183105469,76.44000244140625,76.4800033569336,42.31646728515625,99500
2007-11-19,76.44999694824219,76.86000061035156,76.44999694824219,76.69999694824219,42.438201904296875,144100
2007-11-20,76.80000305175781,76.80000305175781,76.4800033569336,76.52999877929688,42.3441276550293,89500
2007-11-21,76.83999633789062,77.01000213623047,76.7300033569336,77.0,42.604190826416016,49300
2007-11-23,76.9000015258789,76.9000015258789,76.68000030517578,76.8499984741211,42.5212287902832,15000
2007-11-26,77.54000091552734,77.54000091552734,76.69000244140625,77.44999694824219,42.85319900512695,171100
2007-11-27,77.19999694824219,77.5,76.80999755859375,77.04000091552734,42.62629699707031,60000
2007-11-28,77.04000091552734,77.05000305175781,76.81999969482422,76.95999908447266,42.58208465576172,73100
2007-11-29,77.31999969482422,77.38999938964844,71.36000061035156,77.30000305175781,42.770179748535156,119500
2007-11-30,76.9800033569336,77.3499984741211,76.9800033569336,77.30000305175781,42.770179748535156,107300
2007-12-03,77.25,77.37000274658203,77.16000366210938,77.37000274658203,42.979583740234375,78700
2007-12-04,77.43000030517578,77.43000030517578,77.11000061035156,77.33000183105469,42.957374572753906,89300
2007-12-05,77.1500015258789,77.30999755859375,77.08999633789062,77.16000366210938,42.862937927246094,74500
2007-12-06,76.88999938964844,77.06999969482422,76.73999786376953,76.76000213623047,42.640743255615234,75500
2007-12-07,76.5,76.76000213623047,76.33000183105469,76.51000213623047,42.50185775756836,135500
2007-12-10,76.55000305175781,76.58000183105469,76.2300033569336,76.37000274658203,42.424110412597656,84600
2007-12-11,76.63999938964844,76.94999694824219,76.37000274658203,76.87999725341797,42.70741653442383,97200
2007-12-12,76.43000030517578,76.83000183105469,76.37000274658203,76.7300033569336,42.624080657958984,133600
2007-12-13,76.44999694824219,76.55000305175781,76.26000213623047,76.33999633789062,42.40742492675781,62300
2007-12-14,76.1500015258789,76.30999755859375,76.08999633789062,76.16999816894531,42.313011169433594,265300
2007-12-17,76.30000305175781,76.48999786376953,76.2699966430664,76.48999786376953,42.49077224731445,144700
2007-12-18,76.33000183105469,76.7300033569336,76.33000183105469,76.66999816894531,42.59077072143555,72000
2007-12-19,76.83000183105469,77.06999969482422,76.5,76.98999786376953,42.76851272583008,105900
2007-12-20,77.12999725341797,77.16000366210938,76.9000015258789,77.0,42.77408981323242,54800
2007-12-21,77.04000091552734,77.04000091552734,76.44000244140625,76.48999786376953,42.49077224731445,3511900
2007-12-24,76.33999633789062,76.36000061035156,76.19000244140625,76.2699966430664,42.51360321044922,91000
2007-12-26,76.23999786376953,76.33000183105469,76.0,76.04000091552734,42.38542175292969,130800
2007-12-27,76.36000061035156,76.66000366210938,76.08000183105469,76.33999633789062,42.55265808105469,100700
2007-12-28,76.6500015258789,76.75,76.4000015258789,76.72000122070312,42.76446533203125,99000
2007-12-31,76.91999816894531,77.37999725341797,76.80000305175781,77.37999725341797,43.13233947753906,140500
2008-01-02,78.26000213623047,78.26000213623047,76.91000366210938,77.36000061035156,43.1212158203125,2723300
2008-01-03,78.05000305175781,78.05000305175781,77.12999725341797,77.45999908447266,43.17695236206055,281400
2008-01-04,77.73999786376953,77.73999786376953,77.4800033569336,77.55000305175781,43.227081298828125,231100
2008-01-07,77.69999694824219,77.69999694824219,77.37000274658203,77.56999969482422,43.23823928833008,186300
2008-01-08,77.88999938964844,77.88999938964844,77.36000061035156,77.6500015258789,43.2828483581543,144000
2008-01-09,77.4000015258789,77.81999969482422,77.4000015258789,77.55999755859375,43.232669830322266,195500
2008-01-10,77.80000305175781,77.80000305175781,77.36000061035156,77.52999877929688,43.21596908569336,77400
2008-01-11,78.26000213623047,78.26000213623047,77.56999969482422,77.7699966430664,43.34971618652344,139200
2008-01-14,77.95999908447266,77.95999908447266,77.70999908447266,77.87000274658203,43.40547561645508,171500
2008-01-15,78.18000030517578,78.18000030517578,77.70999908447266,78.1500015258789,43.5615348815918,204800
2008-01-16,77.91999816894531,78.20999908447266,77.9000015258789,78.0,43.477928161621094,173700
2008-01-17,77.94000244140625,78.31999969482422,77.94000244140625,78.31999969482422,43.65629577636719,131700
2008-01-18,78.01000213623047,78.41000366210938,78.01000213623047,78.27999877929688,43.634033203125,100500
2008-01-22,78.61000061035156,78.7699966430664,78.25,78.7699966430664,43.90709686279297,205700
2008-01-23,79.26000213623047,79.3499984741211,78.43000030517578,78.63999938964844,43.834678649902344,263500
2008-01-24,78.37999725341797,78.52999877929688,78.0,78.12999725341797,43.55039978027344,136200
2008-01-25,77.70999908447266,78.6500015258789,77.58999633789062,78.6500015258789,43.84023666381836,168800
2008-01-28,78.51000213623047,78.51000213623047,78.22000122070312,78.37000274658203,43.68416976928711,172100
2008-01-29,78.05000305175781,78.31999969482422,78.04000091552734,78.26000213623047,43.62287139892578,107600
2008-01-30,78.01000213623047,78.41999816894531,78.0,78.29000091552734,43.63957977294922,121500
2008-01-31,78.61000061035156,78.62999725341797,78.29000091552734,78.3499984741211,43.67298889160156,120800
2008-02-01,78.44000244140625,78.5,78.1500015258789,78.30999755859375,43.818485260009766,126500
2008-02-04,78.19999694824219,78.19999694824219,77.86000061035156,78.02999877929688,43.66184616088867,181700
2008-02-05,78.19999694824219,78.37999725341797,78.05000305175781,78.23999786376953,43.77931594848633,143400
2008-02-06,78.01000213623047,78.25,78.01000213623047,78.08000183105469,43.68981170654297,149000
2008-02-07,78.1500015258789,78.16000366210938,77.45999908447266,77.5999984741211,43.421241760253906,135100
2008-02-08,77.80000305175781,77.91000366210938,77.66000366210938,77.83000183105469,43.54994201660156,88000
2008-02-11,77.94999694824219,78.08000183105469,77.83999633789062,78.0,43.645023345947266,93500
2008-02-12,77.83000183105469,77.91000366210938,77.52999877929688,77.87000274658203,43.57229995727539,113000
2008-02-13,77.69999694824219,77.81999969482422,77.44999694824219,77.44999694824219,43.3372688293457,123500
2008-02-14,77.30000305175781,77.37000274658203,76.98999786376953,77.08999633789062,43.13587188720703,144900
2008-02-15,77.43000030517578,77.43000030517578,77.05000305175781,77.20999908447266,43.202999114990234,161000
2008-02-19,77.33000183105469,77.33000183105469,76.5,76.5,42.80572509765625,602700
2008-02-20,76.38999938964844,76.7699966430664,76.38999938964844,76.55999755859375,42.83930206298828,197000
2008-02-21,76.9800033569336,77.33000183105469,76.79000091552734,77.19999694824219,43.197418212890625,205100
2008-02-22,77.18000030517578,77.41999816894531,76.9800033569336,77.01000213623047,43.09112548828125,175400
2008-02-25,76.80000305175781,76.94999694824219,76.52999877929688,76.62999725341797,42.878448486328125,180900
2008-02-26,76.70999908447266,77.02999877929688,76.6500015258789,76.91999816894531,43.040733337402344,271500
2008-02-27,77.20999908447266,77.20999908447266,76.91000366210938,77.05999755859375,43.119049072265625,221900
2008-02-28,77.33999633789062,77.69000244140625,77.33999633789062,77.62999725341797,43.43800354003906,146900
2008-02-29,77.7699966430664,78.27999877929688,77.7699966430664,78.12000274658203,43.71217727661133,163100
2008-03-03,77.5999984741211,77.86000061035156,77.45999908447266,77.63999938964844,43.606040954589844,117300
2008-03-04,77.61000061035156,77.62999725341797,77.12999725341797,77.2699966430664,43.39822006225586,229800
2008-03-05,77.29000091552734,77.33000183105469,76.75,76.7699966430664,43.11738586425781,158900
2008-03-06,76.94999694824219,76.95999908447266,76.66999816894531,76.70999908447266,43.08372497558594,187600
2008-03-07,76.94000244140625,77.12999725341797,76.5,76.91999816894531,43.201656341552734,142800
2008-03-10,77.0999984741211,77.23999786376953,76.87999725341797,77.1500015258789,43.33085250854492,71100
2008-03-11,76.91999816894531,76.93000030517578,76.51000213623047,76.70999908447266,43.08372497558594,85900
2008-03-12,76.72000122070312,77.43000030517578,76.72000122070312,77.41999816894531,43.48248291015625,66200
2008-03-13,77.18000030517578,77.43000030517578,76.83999633789062,77.08000183105469,43.29151916503906,207000
2008-03-14,77.36000061035156,77.9000015258789,77.23999786376953,77.41000366210938,43.47688674926758,119900
2008-03-17,77.62999725341797,78.05999755859375,77.0,77.66999816894531,43.622894287109375,83700
2008-03-18,79.83000183105469,79.83000183105469,77.58999633789062,77.73999786376953,43.66220474243164,86200
2008-03-19,77.91000366210938,78.1500015258789,77.7300033569336,77.80000305175781,43.6959228515625,144700
2008-03-20,78.33999633789062,78.33999633789062,77.66999816894531,78.01000213623047,43.81386184692383,77400
2008-03-24,79.01000213623047,79.01000213623047,77.43000030517578,77.58000183105469,43.57236099243164,300600
2008-03-25,78.3499984741211,78.3499984741211,77.5,77.7300033569336,43.656585693359375,134900
2008-03-26,78.2699966430664,78.2699966430664,77.63999938964844,77.80000305175781,43.6959228515625,117400
2008-03-27,77.55000305175781,77.93000030517578,77.55000305175781,77.80999755859375,43.701499938964844,86600
2008-03-28,78.6500015258789,78.6500015258789,77.69999694824219,77.87000274658203,43.73521041870117,78900
2008-03-31,78.37999725341797,78.37999725341797,77.66000366210938,78.13999938964844,43.886863708496094,101600
2008-04-01,77.76000213623047,78.23999786376953,76.69999694824219,77.02999877929688,43.43073654174805,1952300
2008-04-02,77.01000213623047,77.25,76.77999877929688,76.93000030517578,43.37437057495117,170100
2008-04-03,77.16000366210938,77.30000305175781,76.83999633789062,76.9000015258789,43.35744094848633,279000
2008-04-04,77.69999694824219,77.69999694824219,77.2699966430664,77.61000061035156,43.75773239135742,294600
2008-04-07,77.52999877929688,77.52999877929688,77.05000305175781,77.30999755859375,43.588619232177734,105600
2008-04-08,77.5,77.5,77.18000030517578,77.3499984741211,43.61116027832031,97200
2008-04-09,77.5199966430664,77.72000122070312,77.33999633789062,77.6500015258789,43.78032684326172,78500
2008-04-10,77.66999816894531,77.72000122070312,77.30000305175781,77.41999816894531,43.65058517456055,118100
2008-04-11,77.45999908447266,77.87000274658203,77.45999908447266,77.87000274658203,43.90435028076172,174500
2008-04-14,78.13999938964844,78.13999938964844,77.52999877929688,77.61000061035156,43.75773239135742,116900
2008-04-15,77.55000305175781,77.55000305175781,77.22000122070312,77.3499984741211,43.61116027832031,154000
2008-04-16,77.69999694824219,77.69999694824219,76.80999755859375,76.94000244140625,43.37997817993164,284500
2008-04-17,77.0999984741211,77.0999984741211,76.5999984741211,76.87000274658203,43.340518951416016,396200
2008-04-18,76.7699966430664,77.05999755859375,76.44999694824219,76.93000030517578,43.37437057495117,253000
2008-04-21,76.97000122070312,77.16000366210938,76.80000305175781,77.05999755859375,43.44763946533203,106100
2008-04-22,77.0999984741211,77.2699966430664,77.05999755859375,77.2300033569336,43.54352951049805,111400
2008-04-23,77.1500015258789,77.20999908447266,76.91999816894531,77.16000366210938,43.50405502319336,118600
2008-04-24,76.80000305175781,76.94999694824219,76.54000091552734,76.83000183105469,43.317989349365234,126000
2008-04-25,76.66999816894531,76.7699966430664,76.54000091552734,76.7300033569336,43.26161193847656,134300
2008-04-28,76.76000213623047,77.0,76.6500015258789,77.0,43.413814544677734,129600
2008-04-29,77.16999816894531,77.20999908447266,76.94999694824219,76.94999694824219,43.38564682006836,212900
2008-04-30,77.19000244140625,77.56999969482422,76.95999908447266,77.56999969482422,43.73517608642578,193000
2008-05-01,77.37000274658203,77.4000015258789,76.94000244140625,77.27999877929688,43.742008209228516,341900
2008-05-02,77.01000213623047,77.30000305175781,76.7699966430664,77.08999633789062,43.634429931640625,280500
2008-05-05,77.31999969482422,77.31999969482422,77.04000091552734,77.23999786376953,43.71934509277344,154400
2008-05-06,77.37999725341797,77.38999938964844,76.83999633789062,76.95999908447266,43.56088638305664,132800
2008-05-07,76.94999694824219,77.20999908447266,76.8499984741211,77.06999969482422,43.62315368652344,265900
2008-05-08,77.30000305175781,77.5,77.19999694824219,77.44999694824219,43.83820724487305,97900
2008-05-09,77.58000183105469,77.62000274658203,77.27999877929688,77.4000015258789,43.809898376464844,106300
2008-05-12,77.38999938964844,77.51000213623047,77.16999816894531,77.31999969482422,43.76462936401367,101000
2008-05-13,77.52999877929688,77.52999877929688,76.87999725341797,76.91999816894531,43.53821563720703,156900
2008-05-14,77.18000030517578,77.18000030517578,76.63999938964844,76.97000122070312,43.56654357910156,130900
2008-05-15,77.04000091552734,77.37999725341797,76.94999694824219,77.37999725341797,43.7985954284668,99300
2008-05-16,77.31999969482422,77.5199966430664,77.0,77.2300033569336,43.713714599609375,111000
2008-05-19,77.4000015258789,77.44999694824219,77.12999725341797,77.44000244140625,43.83256149291992,548600
2008-05-20,77.62999725341797,77.6500015258789,77.4000015258789,77.41000366210938,43.81559371948242,155100
2008-05-21,77.36000061035156,77.47000122070312,77.25,77.38999938964844,43.80426025390625,111400
2008-05-22,77.0199966430664,77.22000122070312,76.77999877929688,77.08000183105469,43.62876892089844,487800
2008-05-23,77.0,77.48999786376953,77.0,77.41000366210938,43.81559371948242,591200
2008-05-27,77.1500015258789,77.16000366210938,76.9000015258789,76.9800033569336,43.572166442871094,146100
2008-05-28,76.88999938964844,76.88999938964844,76.5,76.58000183105469,43.34579086303711,168900
2008-05-29,76.41999816894531,76.44999694824219,76.16000366210938,76.44999694824219,43.27217483520508,234400
2008-05-30,76.23999786376953,76.6500015258789,76.23999786376953,76.5,43.300479888916016,188500
2008-06-02,76.0199966430664,76.75,75.75,76.58999633789062,43.51179885864258,369000
2008-06-03,76.0999984741211,76.88999938964844,75.98999786376953,76.88999938964844,43.682281494140625,126300
2008-06-04,76.61000061035156,76.75,76.33999633789062,76.5199966430664,43.47205352783203,181200
2008-06-05,76.20999908447266,76.36000061035156,76.0,76.16999816894531,43.27322006225586,108200
2008-06-06,76.19999694824219,76.58999633789062,76.19999694824219,76.55999755859375,43.49479293823242,187100
2008-06-09,76.04000091552734,76.31999969482422,75.88999938964844,75.93000030517578,43.13692092895508,127400
2008-06-10,75.87999725341797,75.98999786376953,75.5,75.5,42.89258575439453,129200
2008-06-11,75.72000122070312,76.05999755859375,75.6500015258789,75.94000244140625,43.142574310302734,114000
2008-06-12,75.55000305175781,75.5999984741211,75.11000061035156,75.11000061035156,42.671043395996094,146700
2008-06-13,75.37999725341797,75.54000091552734,75.0199966430664,75.18000030517578,42.71079635620117,132500
2008-06-16,75.19999694824219,75.44999694824219,75.1500015258789,75.25,42.75057601928711,168500
2008-06-17,75.29000091552734,75.58999633789062,75.0999984741211,75.5,42.89258575439453,199400
2008-06-18,75.4800033569336,75.83999633789062,75.4800033569336,75.75,43.03459548950195,110100
2008-06-19,75.70999908447266,75.79000091552734,75.5,75.55999755859375,42.92668533325195,130100
2008-06-20,75.83999633789062,75.83999633789062,75.58000183105469,75.70999908447266,43.01190185546875,145900
2008-06-23,75.80999755859375,75.80999755859375,75.44999694824219,75.44999694824219,42.86417770385742,99200
2008-06-24,75.69999694824219,75.83000183105469,75.55000305175781,75.7699966430664,43.045982360839844,194100
2008-06-25,75.87000274658203,75.87000274658203,75.4000015258789,75.80000305175781,43.06302261352539,108900
2008-06-26,75.55999755859375,76.05000305175781,75.55999755859375,75.80000305175781,43.06302261352539,100500
2008-06-27,76.54000091552734,76.54000091552734,75.77999877929688,76.0,43.176631927490234,123300
2008-06-30,76.29000091552734,76.29000091552734,75.9800033569336,76.25,43.31867218017578,180900
2008-07-01,75.83999633789062,76.18000030517578,75.54000091552734,75.9000015258789,43.28790283203125,255700
2008-07-02,75.8499984741211,75.8499984741211,75.5,75.63999938964844,43.13959503173828,118400
2008-07-03,75.75,75.83000183105469,75.41000366210938,75.69999694824219,43.1738166809082,303000
2008-07-07,75.69999694824219,75.94999694824219,75.26000213623047,75.73999786376953,43.196651458740234,216700
2008-07-08,75.87000274658203,76.23999786376953,75.79000091552734,76.16999816894531,43.44187545776367,92400
2008-07-09,76.27999877929688,76.3499984741211,75.98999786376953,76.18000030517578,43.44759750366211,812300
2008-07-10,76.22000122070312,76.41000366210938,76.0999984741211,76.38999938964844,43.567325592041016,255500
2008-07-11,76.63999938964844,76.63999938964844,75.9000015258789,75.91000366210938,43.29358673095703,206100
2008-07-14,76.04000091552734,76.45999908447266,76.02999877929688,76.31999969482422,43.527408599853516,193800
2008-07-15,76.22000122070312,76.45999908447266,76.22000122070312,76.38999938964844,43.567325592041016,237100
2008-07-16,76.05999755859375,76.0999984741211,75.63999938964844,75.76000213623047,43.20803451538086,152000
2008-07-17,75.7300033569336,75.81999969482422,75.29000091552734,75.41000366210938,43.0084114074707,101400
2008-07-18,75.51000213623047,75.6500015258789,75.1500015258789,75.29000091552734,42.939964294433594,110400
2008-07-21,75.30000305175781,75.44999694824219,75.1500015258789,75.44999694824219,43.031227111816406,84300
2008-07-22,75.37000274658203,75.43000030517578,75.08000183105469,75.22000122070312,42.90004348754883,118000
2008-07-23,75.16999816894531,75.31999969482422,75.02999877929688,75.25,42.917179107666016,163400
2008-07-24,75.48999786376953,75.86000061035156,75.44000244140625,75.79000091552734,43.225120544433594,132400
2008-07-25,75.62000274658203,75.69000244140625,75.26000213623047,75.30999755859375,42.9514274597168,127300
2008-07-28,75.79000091552734,75.88999938964844,75.56999969482422,75.80999755859375,43.23657989501953,111700
2008-07-29,75.7699966430664,75.7699966430664,75.51000213623047,75.69000244140625,43.1681022644043,90100
2008-07-30,75.58999633789062,75.80000305175781,75.3499984741211,75.70999908447266,43.17951965332031,77400
2008-07-31,75.98999786376953,76.0,75.8499984741211,75.97000122070312,43.32781219482422,120300
2008-08-01,76.12000274658203,76.12000274658203,75.5999984741211,75.80000305175781,43.404544830322266,393000
2008-08-04,75.61000061035156,75.83000183105469,75.5199966430664,75.66000366210938,43.324378967285156,190900
2008-08-05,75.54000091552734,75.5999984741211,75.30999755859375,75.3499984741211,43.14686584472656,158000
2008-08-06,75.19999694824219,75.30000305175781,75.0,75.25,43.089599609375,233300
2008-08-07,75.30999755859375,75.76000213623047,75.23999786376953,75.7300033569336,43.36445236206055,245000
2008-08-08,75.55999755859375,75.72000122070312,75.45999908447266,75.69999694824219,43.347293853759766,231000
2008-08-11,75.7300033569336,75.7300033569336,75.19999694824219,75.37999725341797,43.16402816772461,201200
2008-08-12,75.45999908447266,75.76000213623047,75.45999908447266,75.72000122070312,43.35871887207031,196300
2008-08-13,75.66000366210938,75.7699966430664,75.41999816894531,75.5199966430664,43.24417495727539,135100
2008-08-14,75.69000244140625,75.75,75.5199966430664,75.70999908447266,43.352989196777344,151600
2008-08-15,75.93000030517578,76.0,75.80000305175781,75.94999694824219,43.49041748046875,94500
2008-08-18,75.95999908447266,76.1500015258789,75.9000015258789,76.1500015258789,43.60496139526367,77600
2008-08-19,76.05999755859375,76.05999755859375,75.86000061035156,76.01000213623047,43.52477264404297,109600
2008-08-20,75.91999816894531,76.25,75.91999816894531,76.18000030517578,43.622154235839844,120800
2008-08-21,76.05999755859375,76.2300033569336,75.91000366210938,76.16000366210938,43.610660552978516,105400
2008-08-22,75.9800033569336,76.0,75.75,76.0,43.51905059814453,146100
2008-08-25,76.0,76.22000122070312,76.0,76.20999908447266,43.639305114746094,93000
2008-08-26,76.22000122070312,76.37000274658203,76.05999755859375,76.30999755859375,43.696590423583984,585500
2008-08-27,76.06999969482422,76.36000061035156,76.0199966430664,76.33000183105469,43.70804977416992,391900
2008-08-28,76.30000305175781,76.62000274658203,76.19000244140625,76.4000015258789,43.748130798339844,341400
2008-08-29,76.80999755859375,76.80999755859375,76.19000244140625,76.30000305175781,43.69087600708008,110900
2008-09-02,76.33999633789062,76.33999633789062,75.76000213623047,76.26000213623047,43.833396911621094,149000
2008-09-03,76.2699966430664,76.41999816894531,76.1500015258789,76.36000061035156,43.89088439941406,171600
2008-09-04,76.48999786376953,76.68000030517578,76.36000061035156,76.4000015258789,43.91390609741211,184500
2008-09-05,76.6500015258789,76.77999877929688,76.4000015258789,76.45999908447266,43.948341369628906,174100
2008-09-08,76.83000183105469,77.0,76.37999725341797,77.0,44.25874710083008,148900
2008-09-09,76.97000122070312,77.23999786376953,76.88999938964844,77.13999938964844,44.33920669555664,225100
2008-09-10,76.8499984741211,77.16999816894531,76.80999755859375,77.13999938964844,44.33920669555664,134900
2008-09-11,77.2699966430664,77.30999755859375,76.9800033569336,77.08999633789062,44.31045913696289,183500
2008-09-12,77.12999725341797,77.2300033569336,76.66000366210938,76.83999633789062,44.16675567626953,133700
2008-09-15,78.05000305175781,78.05000305175781,76.91999816894531,77.41999816894531,44.50014114379883,118600
2008-09-16,77.83000183105469,78.0199966430664,76.66999816894531,76.66999816894531,44.069061279296875,166400
2008-09-17,76.62000274658203,77.06999969482422,76.5,76.7699966430664,44.12654495239258,294400
2008-09-18,76.7699966430664,76.95999908447266,75.55999755859375,75.68000030517578,43.50004959106445,359200
2008-09-19,77.52999877929688,77.52999877929688,75.5199966430664,76.61000061035156,44.03455352783203,222800
2008-09-22,75.75,76.44999694824219,75.5,76.41000366210938,43.91960525512695,171800
2008-09-23,76.18000030517578,76.80000305175781,76.05000305175781,76.6500015258789,44.057552337646484,195100
2008-09-24,76.81999969482422,77.0999984741211,76.08000183105469,76.63999938964844,44.05180740356445,3408100
2008-09-25,77.0,77.45999908447266,76.11000061035156,76.88999938964844,44.19551467895508,200100
2008-09-26,76.5999984741211,76.62000274658203,76.11000061035156,76.12000274658203,43.752899169921875,319500
2008-09-29,76.98999786376953,76.98999786376953,75.72000122070312,76.48999786376953,43.965599060058594,461600
2008-09-30,77.0,77.0,75.37999725341797,75.62000274658203,43.465545654296875,240500
2008-10-01,75.26000213623047,76.08000183105469,74.70999908447266,74.94999694824219,43.234222412109375,344400
2008-10-02,75.66000366210938,76.73999786376953,75.05999755859375,76.41000366210938,44.07640838623047,300800
2008-10-03,76.19000244140625,76.19000244140625,75.20999908447266,75.98999786376953,43.83411407470703,209600
2008-10-06,76.01000213623047,76.25,75.0,75.37999725341797,43.48225402832031,326900
2008-10-07,75.48999786376953,76.0,75.0,75.5999984741211,43.60916519165039,252000
2008-10-08,75.6500015258789,75.93000030517578,74.41999816894531,74.4800033569336,42.9631233215332,321800
2008-10-09,74.41999816894531,75.0,71.7300033569336,72.16000366210938,41.62484359741211,366000
2008-10-10,70.25,71.58999633789062,67.0,69.95999908447266,40.35574722290039,648000
2008-10-13,71.51000213623047,73.08999633789062,70.0,72.87000274658203,42.03437042236328,127000
2008-10-14,74.16999816894531,74.47000122070312,72.62000274658203,73.80000305175781,42.57084274291992,368600
2008-10-15,73.05999755859375,73.41999816894531,72.19000244140625,73.3499984741211,42.311283111572266,229700
2008-10-16,73.41000366210938,73.44000244140625,72.48999786376953,73.33999633789062,42.30546569824219,203200
2008-10-17,73.13999938964844,73.81999969482422,72.51000213623047,73.73999786376953,42.53626251220703,304700
2008-10-20,73.23999786376953,74.19000244140625,73.19999694824219,73.70999908447266,42.5189094543457,219900
2008-10-21,74.58999633789062,75.05000305175781,73.9000015258789,74.97000122070312,43.245723724365234,582600
2008-10-22,74.77999877929688,75.43000030517578,74.55999755859375,75.30999755859375,43.4419059753418,416900
2008-10-23,75.4000015258789,75.4000015258789,74.47000122070312,74.95999908447266,43.239990234375,172500
2008-10-24,75.12000274658203,75.12000274658203,73.19000244140625,74.0999984741211,42.743865966796875,283800
2008-10-27,74.04000091552734,74.33999633789062,73.23999786376953,73.69999694824219,42.51315689086914,242800
2008-10-28,73.94999694824219,73.94999694824219,73.0,73.12999725341797,42.18435287475586,185900
2008-10-29,73.41999816894531,74.4000015258789,73.16999816894531,73.66000366210938,42.49010467529297,732300
2008-10-30,73.73999786376953,73.73999786376953,72.7300033569336,73.16999816894531,42.20743179321289,181100
2008-10-31,73.18000030517578,73.68000030517578,72.6500015258789,73.12999725341797,42.18435287475586,282300
2008-11-03,73.16000366210938,73.41000366210938,73.0,73.4000015258789,42.51453399658203,308800
2008-11-04,73.30000305175781,74.1500015258789,73.0,74.13999938964844,42.94315719604492,1260600
2008-11-05,74.23999786376953,74.93000030517578,74.0999984741211,74.69999694824219,43.267478942871094,332200
2008-11-06,74.4000015258789,74.83000183105469,74.16000366210938,74.76000213623047,43.30223846435547,238400
2008-11-07,74.5999984741211,74.73999786376953,74.29000091552734,74.5999984741211,43.20955276489258,223000
2008-11-10,74.55000305175781,74.88999938964844,74.12000274658203,74.5999984741211,43.20955276489258,132800
2008-11-11,74.0999984741211,75.0,74.0,74.79000091552734,43.31962966918945,167200
2008-11-12,74.94999694824219,74.94999694824219,73.91999816894531,74.55000305175781,43.18061447143555,160600
2008-11-13,74.11000061035156,74.91999816894531,74.05999755859375,74.55000305175781,43.18061447143555,222600
2008-11-14,74.68000030517578,74.9000015258789,74.30999755859375,74.80999755859375,43.33121871948242,297400
2008-11-17,74.55000305175781,74.77999877929688,74.33000183105469,74.62000274658203,43.22118377685547,157000
2008-11-18,74.44999694824219,74.80000305175781,74.44999694824219,74.66999816894531,43.25013732910156,205300
2008-11-19,74.37000274658203,74.98999786376953,74.37000274658203,74.93000030517578,43.40070343017578,154900
2008-11-20,74.58000183105469,75.37000274658203,74.58000183105469,74.87000274658203,43.36597442626953,225200
2008-11-21,74.33000183105469,75.05000305175781,74.16999816894531,74.5,43.15165328979492,269000
2008-11-24,74.0,74.9000015258789,73.76000213623047,74.18000030517578,42.96628952026367,410200
2008-11-25,74.3499984741211,75.72000122070312,74.30000305175781,75.45999908447266,43.70772933959961,340200
2008-11-26,75.0999984741211,75.94000244140625,75.08999633789062,75.93000030517578,43.979942321777344,211500
2008-11-28,75.52999877929688,75.69000244140625,75.08999633789062,75.69000244140625,43.84091567993164,97200
2008-12-01,75.72000122070312,76.26000213623047,75.5,75.83999633789062,44.10029602050781,236200
2008-12-02,75.83000183105469,76.41000366210938,75.52999877929688,76.30000305175781,44.36774826049805,259600
2008-12-03,76.0,76.4000015258789,75.61000061035156,75.94000244140625,44.15837478637695,223200
2008-12-04,76.0,76.4000015258789,75.66999816894531,76.2699966430664,44.35031509399414,261300
2008-12-05,75.86000061035156,76.29000091552734,75.51000213623047,75.70999908447266,44.02466583251953,376700
2008-12-08,75.7699966430664,76.02999877929688,75.30000305175781,75.37999725341797,43.832763671875,180600
2008-12-09,75.48999786376953,76.3499984741211,75.48999786376953,75.77999877929688,44.06535720825195,347300
2008-12-10,75.95999908447266,75.95999908447266,75.55000305175781,75.6500015258789,43.989776611328125,299300
2008-12-11,76.0,76.52999877929688,75.66000366210938,76.45999908447266,44.460811614990234,293400
2008-12-12,76.19000244140625,76.72000122070312,75.76000213623047,76.05999755859375,44.22818374633789,542800
2008-12-15,76.26000213623047,76.86000061035156,76.26000213623047,76.86000061035156,44.69342041015625,319800
2008-12-16,76.73999786376953,77.5,76.30000305175781,77.5,45.065513610839844,304200
2008-12-17,77.94999694824219,78.0,77.37000274658203,77.5199966430664,45.077171325683594,234900
2008-12-18,77.75,78.16999816894531,77.72000122070312,78.06999969482422,45.39699172973633,201100
2008-12-19,77.77999877929688,78.0,77.56999969482422,77.56999969482422,45.106239318847656,258500
2008-12-22,77.87999725341797,78.2699966430664,77.75,78.23999786376953,45.49586486816406,261200
2008-12-23,77.62000274658203,78.58999633789062,77.62000274658203,78.52999877929688,45.66445541381836,338900
2008-12-24,77.73999786376953,78.44999694824219,77.66999816894531,78.16999816894531,45.62594223022461,187200
2008-12-26,77.8499984741211,78.41000366210938,77.76000213623047,78.2300033569336,45.66099166870117,138700
2008-12-29,77.95999908447266,78.87999725341797,77.8499984741211,78.72000122070312,45.94697952270508,278100
2008-12-30,78.25,78.9000015258789,78.16999816894531,78.87000274658203,46.03450012207031,292500
2008-12-31,78.44999694824219,79.22000122070312,78.44999694824219,78.97000122070312,46.092857360839844,381800
2009-01-02,78.41999816894531,79.16000366210938,78.37000274658203,78.68000030517578,45.92360305786133,269800
2009-01-05,78.47000122070312,78.8499984741211,77.9000015258789,78.3499984741211,45.73103332519531,648200
2009-01-06,78.2300033569336,78.2300033569336,77.48999786376953,77.8499984741211,45.439151763916016,449700
2009-01-07,78.22000122070312,78.22000122070312,77.61000061035156,78.08999633789062,45.57927322387695,500400
2009-01-08,78.08999633789062,78.08999633789062,77.30000305175781,77.95999908447266,45.50336456298828,305700
2009-01-09,78.08000183105469,78.37000274658203,77.9800033569336,78.23999786376953,45.66683578491211,203700
2009-01-12,78.05000305175781,78.38999938964844,77.76000213623047,77.93000030517578,45.485897064208984,402000
2009-01-13,77.95999908447266,78.37000274658203,77.81999969482422,78.3499984741211,45.73103332519531,235600
2009-01-14,78.41999816894531,78.63999938964844,77.98999786376953,78.63999938964844,45.90028381347656,230600
2009-01-15,78.83999633789062,78.83999633789062,78.16000366210938,78.30000305175781,45.70180892944336,317500
2009-01-16,78.08999633789062,78.45999908447266,77.75,78.41999816894531,45.77187728881836,256200
2009-01-20,78.0,78.11000061035156,77.2300033569336,78.08000183105469,45.57346725463867,374800
2009-01-21,78.0,78.12999725341797,77.41000366210938,77.54000091552734,45.25825500488281,350500
2009-01-22,77.62000274658203,77.83000183105469,77.16999816894531,77.70999908447266,45.35744094848633,373600
2009-01-23,77.62000274658203,77.62000274658203,77.23999786376953,77.55999755859375,45.269866943359375,260100
2009-01-26,77.52999877929688,77.79000091552734,77.1500015258789,77.30000305175781,45.118141174316406,265600
2009-01-27,77.30999755859375,77.97000122070312,77.27999877929688,77.7699966430664,45.39248275756836,382400
2009-01-28,77.80000305175781,77.9000015258789,77.51000213623047,77.80999755859375,45.415828704833984,283700
2009-01-29,77.55000305175781,77.69000244140625,77.01000213623047,77.29000091552734,45.1123161315918,403700
2009-01-30,77.04000091552734,77.45999908447266,77.02999877929688,77.33000183105469,45.13566970825195,337400
2009-02-02,77.05999755859375,77.69000244140625,77.0199966430664,77.30000305175781,45.28739929199219,407600
2009-02-03,77.33000183105469,77.33000183105469,76.31999969482422,76.5,44.8187370300293,391300
2009-02-04,76.3499984741211,76.80000305175781,76.19999694824219,76.63999938964844,44.90072250366211,337800
2009-02-05,76.80999755859375,76.9800033569336,76.47000122070312,76.80999755859375,45.00033187866211,367500
2009-02-06,76.8499984741211,76.8499984741211,76.44999694824219,76.80000305175781,44.99445343017578,344000
2009-02-09,77.12999725341797,77.12999725341797,76.62999725341797,76.81999969482422,45.006195068359375,263800
2009-02-10,77.12000274658203,77.30000305175781,76.75,77.23999786376953,45.252235412597656,291900
2009-02-11,76.91999816894531,77.55000305175781,76.87999725341797,77.5199966430664,45.416290283203125,250000
2009-02-12,77.4800033569336,77.5999984741211,77.22000122070312,77.31999969482422,45.29912567138672,238100
2009-02-13,77.0999984741211,77.23999786376953,76.95999908447266,76.95999908447266,45.08821105957031,300700
2009-02-17,77.18000030517578,77.55999755859375,77.16999816894531,77.45999908447266,45.381141662597656,303100
2009-02-18,77.41999816894531,77.55000305175781,77.05000305175781,77.16000366210938,45.20537567138672,387400
2009-02-19,76.97000122070312,77.06999969482422,76.5999984741211,76.83000183105469,45.01204299926758,351200
2009-02-20,77.13999938964844,77.18000030517578,76.94000244140625,76.97000122070312,45.09407043457031,419300
2009-02-23,76.9800033569336,77.0999984741211,76.7300033569336,77.0999984741211,45.17023849487305,418400
2009-02-24,76.97000122070312,77.22000122070312,76.75,77.04000091552734,45.135066986083984,564800
2009-02-25,76.91000366210938,76.94999694824219,76.55000305175781,76.6500015258789,44.906551361083984,553300
2009-02-26,76.51000213623047,76.58999633789062,76.33000183105469,76.51000213623047,44.82455825805664,612000
2009-02-27,76.51000213623047,76.61000061035156,76.29000091552734,76.58999633789062,44.87144088745117,548700
2009-03-02,76.29000091552734,76.58999633789062,76.19999694824219,76.44000244140625,44.9449577331543,759200
2009-03-03,76.26000213623047,76.4800033569336,76.04000091552734,76.18000030517578,44.79206466674805,893600
2009-03-04,75.97000122070312,76.20999908447266,75.94999694824219,76.16999816894531,44.78618240356445,536700
2009-03-05,76.13999938964844,76.58000183105469,76.06999969482422,76.5199966430664,44.9919548034668,679700
2009-03-06,76.41999816894531,76.58999633789062,76.19999694824219,76.19999694824219,44.8038215637207,690800
2009-03-09,76.33000183105469,76.3499984741211,75.81999969482422,75.91999816894531,44.63916778564453,754100
2009-03-10,75.83000183105469,76.19000244140625,75.72000122070312,76.0,44.68621826171875,635400
2009-03-11,76.13999938964844,76.29000091552734,75.94999694824219,76.16000366210938,44.78030776977539,545900
2009-03-12,76.30000305175781,76.5,76.02999877929688,76.33000183105469,44.880226135253906,438300
2009-03-13,76.36000061035156,76.48999786376953,76.08000183105469,76.2699966430664,44.84498596191406,407000
2009-03-16,76.1500015258789,76.37999725341797,76.04000091552734,76.22000122070312,44.815555572509766,422700
2009-03-17,76.36000061035156,76.36000061035156,75.94000244140625,76.05000305175781,44.71563720703125,600000
2009-03-18,76.26000213623047,78.0,76.12999725341797,77.4000015258789,45.50938415527344,401300
2009-03-19,77.38999938964844,77.8499984741211,77.16000366210938,77.3499984741211,45.479976654052734,375800
2009-03-20,77.16000366210938,77.38999938964844,76.86000061035156,77.0,45.27421188354492,495800
2009-03-23,77.0999984741211,77.16999816894531,76.81999969482422,76.81999969482422,45.168373107910156,335100
2009-03-24,76.62000274658203,77.02999877929688,76.5199966430664,76.77999877929688,45.14485549926758,475500
2009-03-25,76.86000061035156,76.86000061035156,76.5,76.5199966430664,44.9919548034668,573300
2009-03-26,76.62000274658203,76.91999816894531,76.55000305175781,76.77999877929688,45.14485549926758,302200
2009-03-27,77.0,77.08999633789062,76.81999969482422,76.97000122070312,45.25656509399414,411900
2009-03-30,77.08000183105469,77.22000122070312,76.77999877929688,77.12000274658203,45.34475326538086,358200
2009-03-31,77.12000274658203,77.30000305175781,77.02999877929688,77.1500015258789,45.3624153137207,398700
2009-04-01,77.08000183105469,77.1500015258789,76.86000061035156,77.02999877929688,45.455631256103516,521700
2009-04-02,77.05999755859375,77.11000061035156,76.66000366210938,76.87999725341797,45.367122650146484,567900
2009-04-03,76.8499984741211,76.95999908447266,76.45999908447266,76.47000122070312,45.12515640258789,546800
2009-04-06,76.70999908447266,76.79000091552734,76.5199966430664,76.55000305175781,45.172393798828125,541000
2009-04-07,76.75,76.8499984741211,76.56999969482422,76.69999694824219,45.26088333129883,274100
2009-04-08,76.83999633789062,77.05999755859375,76.75,77.05999755859375,45.47332763671875,260600
2009-04-09,76.83000183105469,77.08000183105469,76.69000244140625,76.97000122070312,45.42023468017578,495100
2009-04-13,77.02999877929688,77.16999816894531,76.70999908447266,77.08999633789062,45.49103927612305,376700
2009-04-14,77.22000122070312,77.33999633789062,77.05999755859375,77.29000091552734,45.60906982421875,316000
2009-04-15,77.30999755859375,77.44999694824219,77.0999984741211,77.4000015258789,45.673954010009766,639000
2009-04-16,77.08999633789062,77.30000305175781,77.08999633789062,77.25,45.58546829223633,436800
2009-04-17,77.16999816894531,77.26000213623047,76.69000244140625,76.83999633789062,45.34346389770508,609300
2009-04-20,76.95999908447266,77.30000305175781,76.95999908447266,77.22000122070312,45.56775665283203,247700
2009-04-21,77.27999877929688,77.27999877929688,76.91999816894531,77.06999969482422,45.479244232177734,408000
2009-04-22,77.18000030517578,77.22000122070312,76.94000244140625,77.20999908447266,45.5618782043457,379400
2009-04-23,77.2699966430664,77.30000305175781,76.94999694824219,77.2699966430664,45.59724426269531,374200
2009-04-24,77.12999725341797,77.2699966430664,76.98999786376953,77.2300033569336,45.57365417480469,273100
2009-04-27,77.12000274658203,77.4000015258789,77.11000061035156,77.4000015258789,45.673954010009766,405700
2009-04-28,77.43000030517578,77.43000030517578,76.97000122070312,77.12000274658203,45.50875473022461,431400
2009-04-29,77.23999786376953,77.33000183105469,76.9000015258789,77.01000213623047,45.44384765625,374800
2009-04-30,77.05000305175781,77.25,77.0199966430664,77.2300033569336,45.57365417480469,487600
2009-05-01,76.77999877929688,76.86000061035156,76.66000366210938,76.83000183105469,45.4954719543457,413600
2009-05-04,76.83000183105469,77.02999877929688,76.80000305175781,76.88999938964844,45.531028747558594,449600
2009-05-05,77.0199966430664,77.08999633789062,76.87999725341797,76.87999725341797,45.52512741088867,341000
2009-05-06,76.93000030517578,77.29000091552734,76.93000030517578,77.20999908447266,45.72053527832031,550900
2009-05-07,77.06999969482422,77.19000244140625,76.81999969482422,76.94000244140625,45.56061935424805,517100
2009-05-08,77.12999725341797,77.19000244140625,76.9000015258789,77.12999725341797,45.67314147949219,429100
2009-05-11,77.12000274658203,77.48999786376953,77.05999755859375,77.44999694824219,45.862648010253906,336100
2009-05-12,77.4000015258789,77.54000091552734,77.33000183105469,77.41999816894531,45.84484100341797,356500
2009-05-13,77.5,77.69999694824219,77.44000244140625,77.6500015258789,45.98106384277344,299000
2009-05-14,77.63999938964844,77.7699966430664,77.5199966430664,77.62000274658203,45.96331024169922,396300
2009-05-15,77.58000183105469,77.69000244140625,77.51000213623047,77.5999984741211,45.95143508911133,535900
2009-05-18,77.69000244140625,77.73999786376953,77.26000213623047,77.37000274658203,45.81523513793945,507000
2009-05-19,77.41999816894531,77.55999755859375,77.26000213623047,77.54000091552734,45.915924072265625,362400
2009-05-20,77.6500015258789,77.86000061035156,77.4800033569336,77.7699966430664,46.05210494995117,710600
2009-05-21,77.81999969482422,77.87999725341797,77.25,77.37000274658203,45.81523513793945,292700
2009-05-22,77.3499984741211,77.4800033569336,77.20999908447266,77.3499984741211,45.80340576171875,515000
2009-05-26,77.47000122070312,77.47000122070312,77.19000244140625,77.19000244140625,45.708675384521484,298900
2009-05-27,77.18000030517578,77.22000122070312,76.62000274658203,76.7300033569336,45.4362678527832,473700
2009-05-28,76.7699966430664,76.97000122070312,76.52999877929688,76.93000030517578,45.554725646972656,328800
2009-05-29,76.88999938964844,77.55999755859375,76.8499984741211,77.4800033569336,45.880401611328125,360300
2009-06-01,77.12999725341797,77.30999755859375,76.62000274658203,76.69000244140625,45.57021713256836,510500
2009-06-02,76.88999938964844,76.9800033569336,76.66999816894531,76.9800033569336,45.74257278442383,417500
2009-06-03,77.12999725341797,77.29000091552734,76.94000244140625,77.23999786376953,45.89702606201172,420100
2009-06-04,77.19000244140625,77.19000244140625,76.69999694824219,76.76000213623047,45.61179733276367,457300
2009-06-05,76.5199966430664,76.56999969482422,76.16999816894531,76.23999786376953,45.30281448364258,546400
2009-06-08,76.33999633789062,76.47000122070312,76.01000213623047,76.08000183105469,45.207759857177734,334100
2009-06-09,76.0,76.43000030517578,76.0,76.29000091552734,45.33253479003906,458900
2009-06-10,76.27999877929688,76.38999938964844,76.0,76.0999984741211,45.21963882446289,379800
2009-06-11,75.95999908447266,76.54000091552734,75.95999908447266,76.47000122070312,45.439456939697266,379200
2009-06-12,76.5999984741211,76.76000213623047,76.3499984741211,76.66999816894531,45.558353424072266,289200
2009-06-15,76.58000183105469,76.91000366210938,76.58000183105469,76.81999969482422,45.64746856689453,348500
2009-06-16,76.87000274658203,77.19000244140625,76.81999969482422,77.18000030517578,45.86138916015625,381900
2009-06-17,77.23999786376953,77.5,77.12000274658203,77.13999938964844,45.8376350402832,374700
2009-06-18,77.0,77.0199966430664,76.51000213623047,76.56999969482422,45.498905181884766,502600
2009-06-19,76.61000061035156,76.76000213623047,76.5199966430664,76.75,45.60588455200195,514800
2009-06-22,77.12999725341797,77.1500015258789,76.93000030517578,76.93000030517578,45.712852478027344,336200
2009-06-23,77.0,77.29000091552734,76.94999694824219,77.27999877929688,45.92079544067383,333000
2009-06-24,77.25,77.48999786376953,77.02999877929688,77.11000061035156,45.81980895996094,364400
2009-06-25,77.29000091552734,77.63999938964844,77.05000305175781,77.63999938964844,46.13473129272461,449600
2009-06-26,77.73999786376953,77.75,77.5999984741211,77.68000030517578,46.158470153808594,383500
2009-06-29,77.83000183105469,77.83999633789062,77.58000183105469,77.81999969482422,46.24170684814453,392500
2009-06-30,77.68000030517578,77.80999755859375,77.5,77.69000244140625,46.16440963745117,439600
2009-07-01,77.22000122070312,77.51000213623047,77.13999938964844,77.37999725341797,46.13701248168945,430400
2009-07-02,77.30000305175781,77.54000091552734,77.2699966430664,77.41000366210938,46.154911041259766,373000
2009-07-06,77.43000030517578,77.4800033569336,77.26000213623047,77.3499984741211,46.11911392211914,240300
2009-07-07,77.5,77.68000030517578,77.41999816894531,77.51000213623047,46.21452713012695,281200
2009-07-08,77.69000244140625,78.08000183105469,77.55000305175781,78.04000091552734,46.530540466308594,337200
2009-07-09,77.9000015258789,77.94000244140625,77.62000274658203,77.80999755859375,46.39338302612305,462400
2009-07-10,77.79000091552734,78.08999633789062,77.79000091552734,78.08999633789062,46.560325622558594,440100
2009-07-13,78.11000061035156,78.19000244140625,77.9000015258789,77.95999908447266,46.48282241821289,789000
2009-07-14,77.83999633789062,77.86000061035156,77.52999877929688,77.7300033569336,46.34567642211914,374300
2009-07-15,77.5199966430664,77.58999633789062,77.30000305175781,77.33999633789062,46.1131477355957,1087100
2009-07-16,77.75,77.75,77.45999908447266,77.68000030517578,46.315853118896484,529400
2009-07-17,77.58000183105469,77.61000061035156,77.38999938964844,77.4800033569336,46.19663619995117,575800
2009-07-20,77.58000183105469,77.7699966430664,77.4800033569336,77.7300033569336,46.34567642211914,473200
2009-07-21,77.66000366210938,78.23999786376953,77.55000305175781,78.19999694824219,46.62590789794922,438600
2009-07-22,78.23999786376953,78.23999786376953,77.94999694824219,78.02999877929688,46.5245475769043,608300
2009-07-23,78.06999969482422,78.12000274658203,77.56999969482422,77.7699966430664,46.369529724121094,498100
2009-07-24,77.79000091552734,77.87999725341797,77.5999984741211,77.80000305175781,46.387454986572266,417900
2009-07-27,77.5999984741211,77.69999694824219,77.5,77.69999694824219,46.32779312133789,597100
2009-07-28,77.75,77.9800033569336,77.51000213623047,77.77999877929688,46.37549591064453,686600
2009-07-29,77.9800033569336,77.98999786376953,77.5999984741211,77.75,46.35761642456055,420200
2009-07-30,77.69000244140625,78.0999984741211,77.6500015258789,78.0999984741211,46.56626510620117,415200
2009-07-31,78.2699966430664,78.4800033569336,78.0999984741211,78.44000244140625,46.76898956298828,481200
2009-08-03,78.13999938964844,78.18000030517578,77.80999755859375,77.93000030517578,46.61946487426758,596900
2009-08-04,78.19999694824219,78.30000305175781,77.69999694824219,77.86000061035156,46.577613830566406,485900
2009-08-05,77.73999786376953,77.8499984741211,77.5999984741211,77.68000030517578,46.46989440917969,485200
2009-08-06,77.73999786376953,77.80999755859375,77.62000274658203,77.7300033569336,46.49980163574219,331800
2009-08-07,77.26000213623047,77.5,77.08999633789062,77.19000244140625,46.17677307128906,986100
2009-08-10,77.45999908447266,77.83999633789062,77.33000183105469,77.81999969482422,46.55365753173828,482000
2009-08-11,77.97000122070312,78.0199966430664,77.7699966430664,77.97000122070312,46.64339828491211,444600
2009-08-12,77.94999694824219,78.0,77.55999755859375,77.91999816894531,46.61344909667969,419500
2009-08-13,77.94000244140625,78.27999877929688,77.79000091552734,78.12000274658203,46.73311996459961,562200
2009-08-14,78.37000274658203,78.5,78.16999816894531,78.36000061035156,46.87668228149414,640800
2009-08-17,78.62000274658203,78.62000274658203,78.25,78.58000183105469,47.008304595947266,483900
2009-08-18,78.58000183105469,78.61000061035156,78.26000213623047,78.47000122070312,46.9424934387207,466600
2009-08-19,78.7300033569336,78.7300033569336,78.33999633789062,78.55999755859375,46.99635314941406,384500
2009-08-20,78.33000183105469,78.66999816894531,78.33000183105469,78.66999816894531,47.06214141845703,487700
2009-08-21,78.5999984741211,78.7300033569336,78.29000091552734,78.41999816894531,46.91257095336914,705500
2009-08-24,78.4000015258789,78.75,78.25,78.56999969482422,47.0023078918457,760500
2009-08-25,78.5999984741211,78.70999908447266,78.37999725341797,78.69999694824219,47.08009719848633,554900
2009-08-26,78.73999786376953,78.8499984741211,78.62000274658203,78.75,47.10997772216797,512000
2009-08-27,78.66000366210938,78.7300033569336,78.5,78.66000366210938,47.056156158447266,402300
2009-08-28,78.56999969482422,78.81999969482422,78.4800033569336,78.81999969482422,47.151885986328125,633000
2009-08-31,78.8499984741211,78.9800033569336,78.62999725341797,78.97000122070312,47.24164962768555,421700
2009-09-01,78.66000366210938,78.86000061035156,78.52999877929688,78.80000305175781,47.29621887207031,653800
2009-09-02,78.77999877929688,79.05999755859375,78.69000244140625,78.97000122070312,47.398311614990234,390700
2009-09-03,78.9800033569336,78.98999786376953,78.77999877929688,78.83000183105469,47.31425476074219,443300
2009-09-04,78.97000122070312,78.9800033569336,78.6500015258789,78.75,47.26618957519531,423200
2009-09-08,78.79000091552734,78.83999633789062,78.63999938964844,78.70999908447266,47.242210388183594,494800
2009-09-09,78.72000122070312,78.83999633789062,78.51000213623047,78.83999633789062,47.320213317871094,523900
2009-09-10,78.94000244140625,79.2300033569336,78.83999633789062,79.13999938964844,47.50030517578125,490200
2009-09-11,79.20999908447266,79.33000183105469,79.02999877929688,79.18000030517578,47.5243034362793,370000
2009-09-14,79.12999725341797,79.12999725341797,78.83000183105469,78.87999725341797,47.34425735473633,429800
2009-09-15,78.91999816894531,78.98999786376953,78.80999755859375,78.94000244140625,47.38026428222656,378100
2009-09-16,78.9000015258789,79.01000213623047,78.75,78.95999908447266,47.39225769042969,535500
2009-09-17,78.98999786376953,79.19000244140625,78.87000274658203,79.19000244140625,47.53032684326172,879600
2009-09-18,79.18000030517578,79.19000244140625,78.94999694824219,79.0999984741211,47.47626495361328,432800
2009-09-21,79.0999984741211,79.12000274658203,78.93000030517578,79.04000091552734,47.4402961730957,414600
2009-09-22,79.04000091552734,79.08999633789062,78.91000366210938,78.94000244140625,47.38026428222656,641400
2009-09-23,79.05000305175781,79.18000030517578,78.91999816894531,79.16999816894531,47.51829147338867,540700
2009-09-24,79.23999786376953,79.29000091552734,79.12000274658203,79.20999908447266,47.54230499267578,781200
2009-09-25,79.27999877929688,79.5,79.20999908447266,79.45999908447266,47.69236755371094,440400
2009-09-28,79.41000366210938,79.51000213623047,79.26000213623047,79.5,47.716400146484375,463800
2009-09-29,79.36000061035156,79.5199966430664,79.30999755859375,79.5,47.716400146484375,752400
2009-09-30,79.44000244140625,79.55000305175781,79.4000015258789,79.5,47.716400146484375,575600
2009-10-01,79.4000015258789,79.61000061035156,79.27999877929688,79.61000061035156,47.93192672729492,2491800
2009-10-02,79.80999755859375,79.80999755859375,79.33000183105469,79.37000274658203,47.78743362426758,787100
2009-10-05,79.61000061035156,79.61000061035156,79.41999816894531,79.48999786376953,47.85966491699219,465500
2009-10-06,79.52999877929688,79.61000061035156,79.4000015258789,79.58000183105469,47.913848876953125,769800
2009-10-07,79.63999938964844,79.66000366210938,79.52999877929688,79.62000274658203,47.93795394897461,802700
2009-10-08,79.70999908447266,79.70999908447266,79.3499984741211,79.58999633789062,47.919857025146484,1109400
2009-10-09,79.43000030517578,79.43000030517578,79.0,79.01000213623047,47.570674896240234,1349300
2009-10-12,79.04000091552734,79.30000305175781,78.91999816894531,79.27999877929688,47.73323440551758,350700
2009-10-13,79.43000030517578,79.43000030517578,79.13999938964844,79.33999633789062,47.769351959228516,745700
2009-10-14,79.12999725341797,79.23999786376953,78.94999694824219,79.0,47.56465530395508,1088300
2009-10-15,78.95999908447266,79.08999633789062,78.80999755859375,79.0199966430664,47.57670593261719,736700
2009-10-16,79.06999969482422,79.0999984741211,78.9000015258789,79.05000305175781,47.59477233886719,858500
2009-10-19,79.16000366210938,79.18000030517578,78.91000366210938,79.16000366210938,47.660980224609375,973400
2009-10-20,79.30000305175781,79.33999633789062,79.19999694824219,79.31999969482422,47.75731658935547,533100
2009-10-21,79.26000213623047,79.31999969482422,79.06999969482422,79.30999755859375,47.75127410888672,453700
2009-10-22,79.16000366210938,79.30999755859375,79.11000061035156,79.23999786376953,47.70909881591797,349200
2009-10-23,79.12999725341797,79.18000030517578,78.94000244140625,79.0,47.56465530395508,552700
2009-10-26,79.0,79.06999969482422,78.83000183105469,78.9000015258789,47.504451751708984,390700
2009-10-27,79.04000091552734,79.23999786376953,78.83999633789062,79.18000030517578,47.67300033569336,315300
2009-10-28,79.16999816894531,79.29000091552734,78.88999938964844,79.0999984741211,47.6248664855957,766700
2009-10-29,79.06999969482422,79.22000122070312,78.95999908447266,79.13999938964844,47.648948669433594,357900
2009-10-30,79.30000305175781,79.47000122070312,79.13999938964844,79.47000122070312,47.84761047363281,428700
2009-11-02,79.29000091552734,79.31999969482422,79.05000305175781,79.1500015258789,47.807106018066406,525700
2009-11-03,79.16999816894531,79.16999816894531,78.94999694824219,79.01000213623047,47.72260284423828,609900
2009-11-04,79.01000213623047,79.11000061035156,78.8499984741211,78.98999786376953,47.710533142089844,446700
2009-11-05,78.98999786376953,79.11000061035156,78.88999938964844,79.05999755859375,47.752803802490234,454300
2009-11-06,79.13999938964844,79.19000244140625,78.9800033569336,79.08000183105469,47.76488494873047,413500
2009-11-09,79.19000244140625,79.25,79.12999725341797,79.23999786376953,47.86145782470703,335200
2009-11-10,79.36000061035156,79.37999725341797,79.16000366210938,79.2699966430664,47.87961196899414,432700
2009-11-11,79.31999969482422,79.54000091552734,79.30000305175781,79.47000122070312,48.000431060791016,681700
2009-11-12,79.33999633789062,79.58000183105469,79.2699966430664,79.55999755859375,48.054805755615234,480300
2009-11-13,79.48999786376953,79.51000213623047,79.3499984741211,79.51000213623047,48.02458190917969,398000
2009-11-16,79.62999725341797,79.7699966430664,79.55999755859375,79.70999908447266,48.1453971862793,488700
2009-11-17,79.7300033569336,79.7699966430664,79.5999984741211,79.69000244140625,48.13331985473633,729200
2009-11-18,79.77999877929688,79.77999877929688,79.62000274658203,79.70999908447266,48.1453971862793,660800
2009-11-19,79.83999633789062,79.87999725341797,79.70999908447266,79.7699966430664,48.1816291809082,699900
2009-11-20,79.7699966430664,79.81999969482422,79.69000244140625,79.7300033569336,48.157501220703125,476900
2009-11-23,79.7699966430664,79.83999633789062,79.62000274658203,79.79000091552734,48.19373321533203,517500
2009-11-24,79.86000061035156,80.0,79.80000305175781,79.98999786376953,48.31452560424805,586900
2009-11-25,79.93000030517578,80.1500015258789,79.9000015258789,80.1500015258789,48.41117477416992,579800
2009-11-27,80.29000091552734,80.29000091552734,80.11000061035156,80.29000091552734,48.4957160949707,117700
2009-11-30,80.33000183105469,80.33000183105469,80.22000122070312,80.25,48.47157287597656,373600
2009-12-01,80.05999755859375,80.0999984741211,79.88999938964844,79.88999938964844,48.401885986328125,535900
2009-12-02,79.94999694824219,79.94999694824219,79.72000122070312,79.77999877929688,48.33525085449219,463400
2009-12-03,79.69999694824219,79.70999908447266,79.5999984741211,79.69999694824219,48.28676223754883,454800
2009-12-04,79.36000061035156,79.45999908447266,79.26000213623047,79.37000274658203,48.08686828613281,618000
2009-12-07,79.45999908447266,79.62000274658203,79.38999938964844,79.58000183105469,48.21406173706055,482200
2009-12-08,79.73999786376953,79.83000183105469,79.70999908447266,79.70999908447266,48.29283905029297,387300
2009-12-09,79.81999969482422,79.81999969482422,79.56999969482422,79.62999725341797,48.24433517456055,580600
2009-12-10,79.61000061035156,79.61000061035156,79.38999938964844,79.5199966430664,48.177764892578125,624500
2009-12-11,79.36000061035156,79.45999908447266,79.23999786376953,79.43000030517578,48.123199462890625,280200
2009-12-14,79.44999694824219,79.4800033569336,79.2699966430664,79.36000061035156,48.08079147338867,393800
2009-12-15,79.1500015258789,79.36000061035156,79.1500015258789,79.29000091552734,48.03838348388672,517200
2009-12-16,79.33999633789062,79.44999694824219,79.30999755859375,79.33000183105469,48.0626106262207,709400
2009-12-17,79.47000122070312,79.58999633789062,79.44000244140625,79.55000305175781,48.19588088989258,514100
2009-12-18,79.55000305175781,79.5999984741211,79.44999694824219,79.52999877929688,48.18381881713867,349000
2009-12-21,79.37999725341797,79.41000366210938,79.16000366210938,79.16000366210938,47.95961380004883,654800
2009-12-22,79.08999633789062,79.0999984741211,78.9000015258789,78.98999786376953,47.85662841796875,603200
2009-12-23,79.0,79.08000183105469,78.93000030517578,78.9800033569336,47.8505859375,680000
2009-12-24,78.72000122070312,78.75,78.61000061035156,78.66000366210938,47.656707763671875,567900
2009-12-28,78.43000030517578,78.61000061035156,78.36000061035156,78.48999786376953,47.70835494995117,2665700
2009-12-29,78.37999725341797,78.54000091552734,78.3499984741211,78.54000091552734,47.738746643066406,741700
2009-12-30,78.61000061035156,78.70999908447266,78.51000213623047,78.6500015258789,47.80559158325195,599000
2009-12-31,78.54000091552734,78.63999938964844,78.33000183105469,78.58999633789062,47.7691535949707,404300
2010-01-04,78.5999984741211,78.7300033569336,78.54000091552734,78.68000030517578,47.82382583618164,1098100
2010-01-05,78.88999938964844,79.0,78.79000091552734,78.91000366210938,47.96367263793945,814600
2010-01-06,78.97000122070312,78.9800033569336,78.69999694824219,78.87999725341797,47.945411682128906,981300
2010-01-07,78.72000122070312,78.87000274658203,78.72000122070312,78.81999969482422,47.908935546875,661700
2010-01-08,78.87999725341797,78.95999908447266,78.76000213623047,78.9000015258789,47.95759963989258,1270000
2010-01-11,78.91999816894531,78.95999908447266,78.83000183105469,78.93000030517578,47.97577667236328,2237100
2010-01-12,79.11000061035156,79.2300033569336,79.08000183105469,79.2300033569336,48.158145904541016,702100
2010-01-13,79.1500015258789,79.23999786376953,78.9800033569336,79.05000305175781,48.048736572265625,460500
2010-01-14,79.18000030517578,79.27999877929688,79.12999725341797,79.23999786376953,48.164180755615234,777700
2010-01-15,79.3499984741211,79.43000030517578,79.2699966430664,79.29000091552734,48.194618225097656,745300
2010-01-19,79.33999633789062,79.38999938964844,79.2300033569336,79.25,48.17033386230469,782000
2010-01-20,79.43000030517578,79.47000122070312,79.37000274658203,79.44000244140625,48.285804748535156,417300
2010-01-21,79.48999786376953,79.62000274658203,79.43000030517578,79.52999877929688,48.340518951416016,647300
2010-01-22,79.5999984741211,79.66000366210938,79.5,79.5,48.322269439697266,403200
2010-01-25,79.58000183105469,79.58000183105469,79.3499984741211,79.38999938964844,48.25539016723633,692900
2010-01-26,79.58999633789062,79.62999725341797,79.45999908447266,79.58000183105469,48.370872497558594,494400
2010-01-27,79.62999725341797,79.66000366210938,79.43000030517578,79.47000122070312,48.304019927978516,597800
2010-01-28,79.30999755859375,79.55000305175781,79.30999755859375,79.5,48.322269439697266,696100
2010-01-29,79.44000244140625,79.63999938964844,79.4000015258789,79.5999984741211,48.383060455322266,469400
2010-02-01,79.4000015258789,79.41000366210938,79.23999786376953,79.30000305175781,48.351348876953125,437300
2010-02-02,79.27999877929688,79.37999725341797,79.19000244140625,79.3499984741211,48.3818244934082,573000
2010-02-03,79.23999786376953,79.31999969482422,79.16999816894531,79.30000305175781,48.351348876953125,444700
2010-02-04,79.37000274658203,79.5199966430664,79.37000274658203,79.44999694824219,48.44278335571289,428800
2010-02-05,79.58000183105469,79.70999908447266,79.44000244140625,79.58000183105469,48.522056579589844,903800
2010-02-08,79.62999725341797,79.62999725341797,79.45999908447266,79.58999633789062,48.528133392333984,411100
2010-02-09,79.54000091552734,79.58999633789062,79.37000274658203,79.43000030517578,48.430599212646484,691600
2010-02-10,79.44999694824219,79.45999908447266,79.18000030517578,79.25,48.32086944580078,453700
2010-02-11,79.19000244140625,79.20999908447266,78.97000122070312,79.12000274658203,48.24159622192383,505300
2010-02-12,79.29000091552734,79.38999938964844,79.19999694824219,79.2300033569336,48.308658599853516,387900
2010-02-16,79.19999694824219,79.37999725341797,79.16000366210938,79.33000183105469,48.36962127685547,1246100
2010-02-17,79.30000305175781,79.31999969482422,79.04000091552734,79.1500015258789,48.259849548339844,660100
2010-02-18,79.23999786376953,79.23999786376953,78.94000244140625,79.04000091552734,48.192813873291016,510600
2010-02-19,79.01000213623047,79.04000091552734,78.87999725341797,79.04000091552734,48.192813873291016,509300
2010-02-22,79.08999633789062,79.08999633789062,78.94000244140625,79.01000213623047,48.174495697021484,484700
2010-02-23,79.12999725341797,79.31999969482422,79.0999984741211,79.30999755859375,48.357425689697266,516000
2010-02-24,79.38999938964844,79.47000122070312,79.30999755859375,79.41000366210938,48.41840362548828,378600
2010-02-25,79.5199966430664,79.5199966430664,79.37999725341797,79.5199966430664,48.48550796508789,858200
2010-02-26,79.51000213623047,79.72000122070312,79.51000213623047,79.61000061035156,48.54034423828125,936200
2010-03-01,79.52999877929688,79.52999877929688,79.36000061035156,79.45999908447266,48.591712951660156,565000
2010-03-02,79.44999694824219,79.54000091552734,79.4000015258789,79.5199966430664,48.628448486328125,709800
2010-03-03,79.5,79.54000091552734,79.41000366210938,79.52999877929688,48.63456726074219,731900
2010-03-04,79.51000213623047,79.61000061035156,79.44000244140625,79.58999633789062,48.67118453979492,461200
2010-03-05,79.47000122070312,79.48999786376953,79.31999969482422,79.47000122070312,48.59782409667969,900200
2010-03-08,79.33999633789062,79.37000274658203,79.30000305175781,79.33999633789062,48.51832580566406,720200
2010-03-09,79.38999938964844,79.41999816894531,79.30000305175781,79.38999938964844,48.54891586303711,577300
2010-03-10,79.29000091552734,79.33000183105469,79.19999694824219,79.33000183105469,48.51222229003906,1147900
2010-03-11,79.29000091552734,79.3499984741211,79.2300033569336,79.31999969482422,48.50611877441406,337600
2010-03-12,79.23999786376953,79.43000030517578,79.20999908447266,79.3499984741211,48.524444580078125,554900
2010-03-15,79.44000244140625,79.47000122070312,79.36000061035156,79.45999908447266,48.591712951660156,459600
2010-03-16,79.41999816894531,79.5999984741211,79.38999938964844,79.5999984741211,48.67735290527344,523800
2010-03-17,79.58999633789062,79.62000274658203,79.55000305175781,79.62000274658203,48.689552307128906,380500
2010-03-18,79.63999938964844,79.66000366210938,79.44000244140625,79.4800033569336,48.603965759277344,594000
2010-03-19,79.54000091552734,79.61000061035156,79.47000122070312,79.54000091552734,48.640655517578125,341300
2010-03-22,79.56999969482422,79.62999725341797,79.55000305175781,79.62000274658203,48.689552307128906,484000
2010-03-23,79.6500015258789,79.69999694824219,79.58000183105469,79.62000274658203,48.689552307128906,538700
2010-03-24,79.37000274658203,79.47000122070312,79.13999938964844,79.22000122070312,48.444969177246094,654000
2010-03-25,79.19000244140625,79.20999908447266,78.83999633789062,78.97000122070312,48.2921028137207,998900
2010-03-26,79.02999877929688,79.18000030517578,78.94999694824219,79.13999938964844,48.396026611328125,863200
2010-03-29,79.12000274658203,79.18000030517578,78.97000122070312,78.97000122070312,48.2921028137207,853200
2010-03-30,79.08999633789062,79.13999938964844,78.9800033569336,79.12999725341797,48.389915466308594,465600
2010-03-31,79.2300033569336,79.27999877929688,79.12999725341797,79.19999694824219,48.43271255493164,463000
2010-04-01,78.9800033569336,78.9800033569336,78.83999633789062,78.93000030517578,48.417381286621094,605200
2010-04-05,78.68000030517578,78.69000244140625,78.4000015258789,78.47000122070312,48.135231018066406,817000
2010-04-06,78.52999877929688,78.58999633789062,78.5,78.52999877929688,48.17200469970703,487900
2010-04-07,78.5999984741211,78.87999725341797,78.5999984741211,78.83000183105469,48.356040954589844,526900
2010-04-08,78.97000122070312,78.9800033569336,78.7699966430664,78.79000091552734,48.33150100708008,669600
2010-04-09,78.86000061035156,78.9800033569336,78.79000091552734,78.94000244140625,48.42353820800781,338100
2010-04-12,78.94000244140625,79.08999633789062,78.93000030517578,79.0199966430664,48.47260665893555,606500
2010-04-13,79.18000030517578,79.19999694824219,79.06999969482422,79.18000030517578,48.57072448730469,464600
2010-04-14,79.19000244140625,79.25,79.06999969482422,79.12000274658203,48.533939361572266,605000
2010-04-15,79.08999633789062,79.2699966430664,78.97000122070312,79.23999786376953,48.60750961303711,712200
2010-04-16,79.30999755859375,79.41999816894531,79.25,79.41000366210938,48.71184539794922,481900
2010-04-19,79.45999908447266,79.45999908447266,79.26000213623047,79.30999755859375,48.650474548339844,436600
2010-04-20,79.37999725341797,79.38999938964844,79.27999877929688,79.38999938964844,48.699562072753906,391100
2010-04-21,79.4000015258789,79.5,79.36000061035156,79.44999694824219,48.73634719848633,704900
2010-04-22,79.5,79.58999633789062,79.36000061035156,79.4000015258789,48.7056770324707,476400
2010-04-23,79.33999633789062,79.37000274658203,79.22000122070312,79.33999633789062,48.66886520385742,533300
2010-04-26,79.44999694824219,79.44999694824219,79.27999877929688,79.30000305175781,48.64435577392578,447200
2010-04-27,79.44999694824219,79.6500015258789,79.4000015258789,79.58999633789062,48.822227478027344,598500
2010-04-28,79.55999755859375,79.58999633789062,79.41999816894531,79.54000091552734,48.79159164428711,733100
2010-04-29,79.58000183105469,79.66000366210938,79.48999786376953,79.56999969482422,48.809993743896484,689300
2010-04-30,79.68000030517578,79.8499984741211,79.5999984741211,79.80000305175781,48.95107650756836,516100
2010-05-03,79.44999694824219,79.52999877929688,79.37000274658203,79.5199966430664,48.92459487915039,533800
2010-05-04,79.70999908447266,79.79000091552734,79.62000274658203,79.75,49.06612014770508,468400
2010-05-05,79.87000274658203,79.98999786376953,79.75,79.79000091552734,49.0907096862793,504900
2010-05-06,79.80999755859375,81.33999633789062,78.87000274658203,80.0999984741211,49.28146743774414,1561600
2010-05-07,80.13999938964844,80.51000213623047,79.9000015258789,79.9000015258789,49.15841293334961,767500
2010-05-10,79.72000122070312,79.98999786376953,79.70999908447266,79.80999755859375,49.10300827026367,517000
2010-05-11,79.91000366210938,79.93000030517578,79.7300033569336,79.91999816894531,49.17068862915039,568700
2010-05-12,79.91000366210938,79.94000244140625,79.69000244140625,79.69999694824219,49.035343170166016,2226900
2010-05-13,79.94999694824219,79.94999694824219,79.70999908447266,79.8499984741211,49.12763595581055,413300
2010-05-14,80.04000091552734,80.26000213623047,79.97000122070312,80.12000274658203,49.29376983642578,698500
2010-05-17,80.22000122070312,80.37999725341797,80.06999969482422,80.12999725341797,49.299949645996094,380900
2010-05-18,80.2300033569336,80.4800033569336,80.05000305175781,80.43000030517578,49.484493255615234,753200
2010-05-19,80.33999633789062,80.54000091552734,80.31999969482422,80.44999694824219,49.49679946899414,459400
2010-05-20,80.6500015258789,80.69999694824219,80.4000015258789,80.58999633789062,49.58292007446289,801300
2010-05-21,80.91000366210938,80.9800033569336,80.5999984741211,80.69999694824219,49.65061950683594,997400
2010-05-24,80.69999694824219,80.7699966430664,80.63999938964844,80.69000244140625,49.644432067871094,836400
2010-05-25,80.81999969482422,80.94000244140625,80.5,80.70999908447266,49.65677261352539,1072100
2010-05-26,80.58000183105469,80.62000274658203,80.37000274658203,80.61000061035156,49.59528350830078,700200
2010-05-27,80.41000366210938,80.41000366210938,80.18000030517578,80.30000305175781,49.404502868652344,870700
2010-05-28,80.3499984741211,80.5,80.30000305175781,80.45999908447266,49.5029411315918,511900
2010-06-01,80.25,80.37000274658203,80.13999938964844,80.27999877929688,49.54243469238281,595400
2010-06-02,80.25,80.31999969482422,80.13999938964844,80.20999908447266,49.49923324584961,2665400
2010-06-03,80.0,80.19000244140625,80.0,80.12000274658203,49.443668365478516,1188600
2010-06-04,80.31999969482422,80.47000122070312,80.23999786376953,80.33999633789062,49.5794677734375,2046300
2010-06-07,80.30999755859375,80.61000061035156,80.30999755859375,80.58999633789062,49.7337646484375,472900
2010-06-08,80.5,80.63999938964844,80.5,80.55999755859375,49.71524429321289,538700
2010-06-09,80.45999908447266,80.58999633789062,80.36000061035156,80.55999755859375,49.71524429321289,446300
2010-06-10,80.36000061035156,80.44999694824219,80.19999694824219,80.2300033569336,49.51157760620117,845800
2010-06-11,80.33999633789062,80.47000122070312,80.23999786376953,80.36000061035156,49.591773986816406,621300
2010-06-14,80.30000305175781,80.4000015258789,80.19999694824219,80.37999725341797,49.604183197021484,539600
2010-06-15,80.44000244140625,80.47000122070312,80.19999694824219,80.23999786376953,49.517765045166016,808100
2010-06-16,80.36000061035156,80.44000244140625,80.29000091552734,80.43000030517578,49.63496780395508,662000
2010-06-17,80.47000122070312,80.72000122070312,80.45999908447266,80.6500015258789,49.77076721191406,785200
2010-06-18,80.66999816894531,80.69999694824219,80.58000183105469,80.62000274658203,49.75227355957031,902100
2010-06-21,80.45999908447266,80.68000030517578,80.45999908447266,80.63999938964844,49.764617919921875,624500
2010-06-22,80.69999694824219,80.87000274658203,80.63999938964844,80.83000183105469,49.88188171386719,496900
2010-06-23,80.9000015258789,81.0999984741211,80.81999969482422,81.02999877929688,50.00529861450195,583500
2010-06-24,81.11000061035156,81.12000274658203,80.83999633789062,80.91999816894531,49.93743133544922,451400
2010-06-25,80.91999816894531,81.08999633789062,80.9000015258789,81.0199966430664,49.99909973144531,449400
2010-06-28,81.11000061035156,81.2300033569336,81.05999755859375,81.16999816894531,50.09169387817383,1230200
2010-06-29,81.19000244140625,81.37000274658203,81.19000244140625,81.36000061035156,50.20894241333008,1188300
2010-06-30,81.4000015258789,81.44999694824219,81.2300033569336,81.37999725341797,50.22129440307617,1286700
2010-07-01,81.26000213623047,81.33000183105469,81.11000061035156,81.19000244140625,50.245426177978516,1631400
2010-07-02,81.16000366210938,81.2300033569336,81.02999877929688,81.13999938964844,50.2144775390625,640400
2010-07-06,81.13999938964844,81.36000061035156,81.12000274658203,81.33999633789062,50.338233947753906,787900
2010-07-07,81.37000274658203,81.37999725341797,81.20999908447266,81.23999786376953,50.2763786315918,588100
2010-07-08,81.11000061035156,81.25,81.02999877929688,81.18000030517578,50.23922348022461,619500
2010-07-09,81.11000061035156,81.12000274658203,81.0,81.08999633789062,50.183509826660156,582400
2010-07-12,81.13999938964844,81.20999908447266,81.05999755859375,81.12000274658203,50.20210266113281,425700
2010-07-13,81.06999969482422,81.06999969482422,80.91999816894531,80.9800033569336,50.11543273925781,514100
2010-07-14,81.08999633789062,81.2300033569336,81.01000213623047,81.19000244140625,50.245426177978516,795800
2010-07-15,81.23999786376953,81.4000015258789,81.16999816894531,81.2699966430664,50.294918060302734,2924400
2010-07-16,81.37999725341797,81.58000183105469,81.29000091552734,81.54000091552734,50.462039947509766,350800
2010-07-19,81.58000183105469,81.61000061035156,81.44000244140625,81.44999694824219,50.40632247924805,455600
2010-07-20,81.58999633789062,81.62999725341797,81.44000244140625,81.44000244140625,50.400115966796875,2581000
2010-07-21,81.48999786376953,81.79000091552734,81.48999786376953,81.7300033569336,50.57963180541992,791100
2010-07-22,81.72000122070312,81.72000122070312,81.58999633789062,81.63999938964844,50.523895263671875,473900
2010-07-23,81.63999938964844,81.6500015258789,81.44999694824219,81.5,50.43724060058594,713500
2010-07-26,81.5199966430664,81.55999755859375,81.4000015258789,81.54000091552734,50.462039947509766,570400
2010-07-27,81.38999938964844,81.55999755859375,81.38999938964844,81.5,50.43724060058594,815500
2010-07-28,81.44999694824219,81.66999816894531,81.44999694824219,81.63999938964844,50.523895263671875,513600
2010-07-29,81.63999938964844,81.75,81.54000091552734,81.7300033569336,50.57963180541992,507100
2010-07-30,81.93000030517578,81.95999908447266,81.80000305175781,81.8499984741211,50.653865814208984,1510600
2010-08-02,81.61000061035156,81.62999725341797,81.51000213623047,81.5999984741211,50.642662048339844,2218700
2010-08-03,81.75,81.83000183105469,81.5999984741211,81.81999969482422,50.779197692871094,1232500
2010-08-04,81.7699966430664,81.79000091552734,81.62000274658203,81.66000366210938,50.679901123046875,1559400
2010-08-05,81.75,81.80000305175781,81.68000030517578,81.79000091552734,50.76060485839844,753400
2010-08-06,81.91999816894531,82.02999877929688,81.83000183105469,82.02999877929688,50.90956115722656,2527100
2010-08-09,81.9800033569336,82.0,81.86000061035156,81.93000030517578,50.84748840332031,427000
2010-08-10,81.91999816894531,82.11000061035156,81.8499984741211,82.0999984741211,50.95298767089844,1123200
2010-08-11,82.13999938964844,82.19999694824219,82.08000183105469,82.16000366210938,50.99020767211914,865000
2010-08-12,82.06999969482422,82.18000030517578,81.9800033569336,82.01000213623047,50.89713668823242,482900
2010-08-13,82.11000061035156,82.25,82.01000213623047,82.23999786376953,51.039886474609375,670400
2010-08-16,82.5199966430664,82.5999984741211,82.44000244140625,82.55000305175781,51.23228454589844,585500
2010-08-17,82.4800033569336,82.48999786376953,82.3499984741211,82.43000030517578,51.15779113769531,823700
2010-08-18,82.48999786376953,82.52999877929688,82.3499984741211,82.37999725341797,51.12676239013672,500300
2010-08-19,82.27999877929688,82.5999984741211,82.27999877929688,82.56999969482422,51.244686126708984,490300
2010-08-20,82.58999633789062,82.5999984741211,82.44000244140625,82.45999908447266,51.17641067504883,626400
2010-08-23,82.37000274658203,82.55000305175781,82.37000274658203,82.51000213623047,51.207435607910156,399200
2010-08-24,82.69999694824219,82.83000183105469,82.63999938964844,82.80000305175781,51.38742446899414,543000
2010-08-25,82.87000274658203,82.9800033569336,82.61000061035156,82.69000244140625,51.319156646728516,1040100
2010-08-26,82.70999908447266,82.80000305175781,82.63999938964844,82.76000213623047,51.362579345703125,459400
2010-08-27,82.68000030517578,82.83000183105469,82.36000061035156,82.37999725341797,51.12676239013672,736600
2010-08-30,82.56999969482422,82.75,82.5,82.75,51.35636901855469,499700
2010-08-31,82.80999755859375,82.91999816894531,82.80000305175781,82.88999938964844,51.44327163696289,553800
2010-09-01,82.58000183105469,82.5999984741211,82.23999786376953,82.4000015258789,51.278953552246094,547900
2010-09-02,82.30999755859375,82.3499984741211,82.19000244140625,82.23999786376953,51.179443359375,636800
2010-09-03,82.02999877929688,82.12999725341797,81.87999725341797,82.08999633789062,51.08606719970703,814100
2010-09-07,82.29000091552734,82.45999908447266,82.18000030517578,82.44000244140625,51.30392837524414,751900
2010-09-08,82.29000091552734,82.31999969482422,82.19000244140625,82.20999908447266,51.16074752807617,499800
2010-09-09,82.08000183105469,82.12000274658203,81.87000274658203,81.9000015258789,50.96784973144531,586000
2010-09-10,81.83000183105469,81.87999725341797,81.72000122070312,81.80000305175781,50.905609130859375,417400
2010-09-13,81.77999877929688,82.06999969482422,81.76000213623047,82.01000213623047,51.03627395629883,732400
2010-09-14,82.0,82.19999694824219,82.0,82.12999725341797,51.110965728759766,678800
2010-09-15,82.08000183105469,82.18000030517578,82.01000213623047,82.05000305175781,51.06118392944336,469300
2010-09-16,81.94999694824219,82.0,81.80999755859375,81.91999816894531,50.98029708862305,490600
2010-09-17,81.98999786376953,82.12999725341797,81.97000122070312,82.0,51.03004837036133,553400
2010-09-20,81.9800033569336,82.08999633789062,81.94999694824219,82.05999755859375,51.067386627197266,510300
2010-09-21,82.06999969482422,82.41999816894531,82.06999969482422,82.36000061035156,51.254119873046875,577700
2010-09-22,82.44999694824219,82.56999969482422,82.38999938964844,82.43000030517578,51.29765319824219,497700
2010-09-23,82.58000183105469,82.58999633789062,82.4000015258789,82.44999694824219,51.310115814208984,684300
2010-09-24,82.41000366210938,82.41000366210938,82.23999786376953,82.26000213623047,51.19186782836914,563500
2010-09-27,82.44999694824219,82.63999938964844,82.37999725341797,82.61000061035156,51.40966796875,785900
2010-09-28,82.61000061035156,82.83000183105469,82.61000061035156,82.79000091552734,51.52169418334961,818200
2010-09-29,82.77999877929688,82.79000091552734,82.66000366210938,82.69999694824219,51.465667724609375,430600
2010-09-30,82.63999938964844,82.69999694824219,82.38999938964844,82.66000366210938,51.44076919555664,770400
2010-10-01,82.38999938964844,82.43000030517578,82.22000122070312,82.37000274658203,51.39900207519531,1249200
2010-10-04,82.45999908447266,82.58999633789062,82.38999938964844,82.58000183105469,51.53007507324219,571700
2010-10-05,82.55000305175781,82.63999938964844,82.51000213623047,82.5999984741211,51.542484283447266,758800
2010-10-06,82.8499984741211,82.88999938964844,82.76000213623047,82.79000091552734,51.661048889160156,454000
2010-10-07,82.88999938964844,82.94999694824219,82.83000183105469,82.93000030517578,51.74839782714844,559800
2010-10-08,83.0,83.05999755859375,82.83000183105469,82.83000183105469,51.686031341552734,1220000
2010-10-11,82.94999694824219,82.95999908447266,82.79000091552734,82.80000305175781,51.66732406616211,442300
2010-10-12,82.91000366210938,82.93000030517578,82.72000122070312,82.72000122070312,51.617366790771484,431400
2010-10-13,82.75,82.86000061035156,82.66000366210938,82.8499984741211,51.69852828979492,612500
2010-10-14,82.73999786376953,82.83999633789062,82.5199966430664,82.52999877929688,51.49883270263672,926900
2010-10-15,82.41000366210938,82.54000091552734,82.33999633789062,82.33999633789062,51.38029098510742,829400
2010-10-18,82.5199966430664,82.68000030517578,82.45999908447266,82.6500015258789,51.57370376586914,486900
2010-10-19,82.5,82.80000305175781,82.5,82.7699966430664,51.648616790771484,470800
2010-10-20,82.73999786376953,82.87999725341797,82.66999816894531,82.73999786376953,51.62984848022461,602700
2010-10-21,82.75,82.79000091552734,82.6500015258789,82.66999816894531,51.58620834350586,673900
2010-10-22,82.63999938964844,82.7300033569336,82.61000061035156,82.62000274658203,51.555015563964844,524400
2010-10-25,82.79000091552734,82.83000183105469,82.62000274658203,82.66999816894531,51.58620834350586,1413900
2010-10-26,82.5,82.58000183105469,82.41000366210938,82.44000244140625,51.44269561767578,386600
2010-10-27,82.33999633789062,82.41000366210938,82.23999786376953,82.2699966430664,51.33660888671875,1980200
2010-10-28,82.41999816894531,82.55000305175781,82.37000274658203,82.55000305175781,51.51133728027344,700500
2010-10-29,82.61000061035156,82.70999908447266,82.56999969482422,82.69999694824219,51.604888916015625,442900
2010-11-01,82.63999938964844,82.68000030517578,82.38999938964844,82.47000122070312,51.603660583496094,648700
2010-11-02,82.62999725341797,82.62999725341797,82.55000305175781,82.61000061035156,51.69123840332031,870300
2010-11-03,82.77999877929688,82.91999816894531,82.5199966430664,82.69999694824219,51.74755859375,1443800
2010-11-04,82.87000274658203,83.0,82.83999633789062,82.95999908447266,51.91026306152344,838100
2010-11-05,82.76000213623047,82.86000061035156,82.61000061035156,82.61000061035156,51.69123840332031,1200000
2010-11-08,82.66999816894531,82.72000122070312,82.61000061035156,82.62999725341797,51.703758239746094,556900
2010-11-09,82.62999725341797,82.6500015258789,82.19000244140625,82.20999908447266,51.44096755981445,502300
2010-11-10,82.19999694824219,82.2699966430664,81.86000061035156,82.18000030517578,51.42219924926758,884000
2010-11-11,82.25,82.26000213623047,82.05999755859375,82.20999908447266,51.44096755981445,252900
2010-11-12,82.08999633789062,82.19000244140625,81.80999755859375,81.83999633789062,51.209442138671875,779900
2010-11-15,81.68000030517578,81.77999877929688,81.38999938964844,81.44999694824219,50.96546173095703,1803700
2010-11-16,81.52999877929688,81.72000122070312,81.26000213623047,81.72000122070312,51.13436508178711,1044200
2010-11-17,81.76000213623047,81.9000015258789,81.66000366210938,81.73999786376953,51.1468505859375,507300
2010-11-18,81.68000030517578,81.73999786376953,81.52999877929688,81.73999786376953,51.1468505859375,558600
2010-11-19,81.7300033569336,81.83999633789062,81.66999816894531,81.76000213623047,51.159400939941406,1286400
2010-11-22,81.88999938964844,82.0,81.88999938964844,82.0,51.30954360961914,650500
2010-11-23,82.08999633789062,82.20999908447266,82.0199966430664,82.0199966430664,51.322105407714844,728000
2010-11-24,81.86000061035156,81.9000015258789,81.5999984741211,81.62999725341797,51.077999114990234,539400
2010-11-26,81.80999755859375,81.81999969482422,81.61000061035156,81.81999969482422,51.196929931640625,341200
2010-11-29,81.95999908447266,81.95999908447266,81.7699966430664,81.87999725341797,51.234493255615234,373100
2010-11-30,82.12000274658203,82.13999938964844,81.87000274658203,81.91000366210938,51.25326919555664,517500
2010-12-01,81.36000061035156,81.47000122070312,81.16000366210938,81.19000244140625,50.93952560424805,1170600
2010-12-02,81.1500015258789,81.31999969482422,81.0999984741211,81.12000274658203,50.8956413269043,720300
2010-12-03,81.37000274658203,81.44999694824219,81.18000030517578,81.25,50.97722625732422,569200
2010-12-06,81.37000274658203,81.5199966430664,81.33000183105469,81.5199966430664,51.146583557128906,1060300
2010-12-07,81.23999786376953,81.2699966430664,80.77999877929688,80.93000030517578,50.77641296386719,990300
2010-12-08,80.62999725341797,80.66000366210938,80.25,80.51000213623047,50.51293182373047,966500
2010-12-09,80.63999938964844,80.72000122070312,80.44999694824219,80.58000183105469,50.556800842285156,791900
2010-12-10,80.5199966430664,80.55000305175781,80.31999969482422,80.31999969482422,50.393714904785156,934600
2010-12-13,80.23999786376953,80.58999633789062,80.18000030517578,80.52999877929688,50.52546691894531,1026300
2010-12-14,80.33000183105469,80.43000030517578,79.91000366210938,80.0199966430664,50.205448150634766,1305100
2010-12-15,80.08999633789062,80.16999816894531,79.70999908447266,79.7699966430664,50.04861068725586,926500
2010-12-16,79.72000122070312,79.98999786376953,79.58999633789062,79.94999694824219,50.161563873291016,1117000
2010-12-17,80.0,80.4800033569336,80.0,80.44000244140625,50.468994140625,868800
2010-12-20,80.5199966430664,80.69999694824219,80.37999725341797,80.48999786376953,50.500335693359375,639600
2010-12-21,80.55000305175781,80.5999984741211,80.37999725341797,80.58000183105469,50.556800842285156,1499700
2010-12-22,80.58000183105469,80.62000274658203,80.43000030517578,80.48999786376953,50.500335693359375,546700
2010-12-23,80.43000030517578,80.43000030517578,80.31999969482422,80.4000015258789,50.44390869140625,477000
2010-12-27,79.79000091552734,80.04000091552734,79.69999694824219,80.04000091552734,50.5848274230957,514800
2010-12-28,79.94000244140625,79.97000122070312,79.5199966430664,79.5199966430664,50.25617218017578,688600
2010-12-29,79.55999755859375,80.08000183105469,79.54000091552734,79.98999786376953,50.55323028564453,642100
2010-12-30,79.97000122070312,80.0199966430664,79.77999877929688,80.0,50.559539794921875,670800
2010-12-31,80.0,80.30999755859375,80.0,80.2699966430664,50.73016357421875,534500
2011-01-03,80.02999877929688,80.2300033569336,79.95999908447266,80.16999816894531,50.66699981689453,936500
2011-01-04,80.22000122070312,80.33000183105469,80.08000183105469,80.18000030517578,50.67329406738281,1784100
2011-01-05,79.93000030517578,79.9800033569336,79.68000030517578,79.83000183105469,50.45209503173828,837300
2011-01-06,79.9000015258789,79.95999908447266,79.7699966430664,79.9000015258789,50.496376037597656,591000
2011-01-07,80.0,80.30000305175781,79.94000244140625,80.19999694824219,50.685970306396484,847000
2011-01-10,80.29000091552734,80.38999938964844,80.20999908447266,80.38999938964844,50.80601501464844,509800
2011-01-11,80.37999725341797,80.38999938964844,80.13999938964844,80.2300033569336,50.70487976074219,980700
2011-01-12,80.0999984741211,80.25,80.0,80.18000030517578,50.67329406738281,517500
2011-01-13,80.11000061035156,80.43000030517578,80.11000061035156,80.43000030517578,50.831295013427734,1025900
2011-01-14,80.4800033569336,80.54000091552734,80.30000305175781,80.31999969482422,50.761783599853516,1107000
2011-01-18,80.25,80.30000305175781,80.0999984741211,80.23999786376953,50.71120834350586,766200
2011-01-19,80.26000213623047,80.37000274658203,80.19999694824219,80.33999633789062,50.774417877197266,722200
2011-01-20,80.19000244140625,80.22000122070312,79.93000030517578,80.04000091552734,50.5848274230957,1012000
2011-01-21,80.0199966430664,80.19999694824219,79.9800033569336,80.19999694824219,50.685970306396484,573300
2011-01-24,80.18000030517578,80.30999755859375,80.16999816894531,80.19000244140625,50.67961502075195,582000
2011-01-25,80.2699966430664,80.4800033569336,80.1500015258789,80.4000015258789,50.81235885620117,1380800
2011-01-26,80.27999877929688,80.33999633789062,80.12000274658203,80.12000274658203,50.635398864746094,1104100
2011-01-27,80.19000244140625,80.3499984741211,80.12000274658203,80.27999877929688,50.73650360107422,441100
2011-01-28,80.1500015258789,80.5,80.12999725341797,80.44999694824219,50.84393310546875,1006300
2011-01-31,80.41999816894531,80.45999908447266,80.26000213623047,80.33999633789062,50.774417877197266,1061200
2011-02-01,79.98999786376953,80.05000305175781,79.83999633789062,79.95999908447266,50.67619705200195,1186900
2011-02-02,80.02999877929688,80.05999755859375,79.79000091552734,79.87000274658203,50.6191520690918,810400
2011-02-03,79.69999694824219,79.80999755859375,79.5999984741211,79.5999984741211,50.44805145263672,851500
2011-02-04,79.5199966430664,79.58000183105469,79.27999877929688,79.33000183105469,50.27691650390625,988600
2011-02-07,79.25,79.4000015258789,79.20999908447266,79.33999633789062,50.28322982788086,1222300
2011-02-08,79.33999633789062,79.37999725341797,79.06999969482422,79.08999633789062,50.124813079833984,994100
2011-02-09,79.12000274658203,79.4000015258789,79.0199966430664,79.27999877929688,50.2452278137207,1252300
2011-02-10,79.16999816894531,79.27999877929688,79.0199966430664,79.02999877929688,50.08679962158203,519000
2011-02-11,79.30000305175781,79.41000366210938,79.19999694824219,79.30000305175781,50.257938385009766,769000
2011-02-14,79.27999877929688,79.55000305175781,79.23999786376953,79.38999938964844,50.314910888671875,559300
2011-02-15,79.37000274658203,79.52999877929688,79.33999633789062,79.5,50.384666442871094,473400
2011-02-16,79.5,79.63999938964844,79.41999816894531,79.52999877929688,50.40367889404297,635400
2011-02-17,79.66999816894531,79.7300033569336,79.62999725341797,79.6500015258789,50.479713439941406,561800
2011-02-18,79.55999755859375,79.68000030517578,79.5,79.6500015258789,50.479713439941406,555800
2011-02-22,79.7300033569336,79.9800033569336,79.72000122070312,79.94999694824219,50.669864654541016,1618800
2011-02-23,80.0199966430664,80.11000061035156,79.91000366210938,79.94000244140625,50.66352844238281,638700
2011-02-24,80.01000213623047,80.13999938964844,79.9800033569336,80.0199966430664,50.71421813964844,939000
2011-02-25,80.0999984741211,80.23999786376953,80.05999755859375,80.23999786376953,50.853660583496094,998100
2011-02-28,80.23999786376953,80.3499984741211,80.19999694824219,80.3499984741211,50.92333984375,1833400
2011-03-01,79.91999816894531,80.12999725341797,79.87000274658203,80.0999984741211,50.89921569824219,558500
2011-03-02,80.06999969482422,80.18000030517578,79.91999816894531,79.94000244140625,50.797550201416016,595200
2011-03-03,79.7699966430664,79.79000091552734,79.58000183105469,79.62000274658203,50.594181060791016,840700
2011-03-04,79.73999786376953,79.91999816894531,79.72000122070312,79.88999938964844,50.76575469970703,960000
2011-03-07,79.80999755859375,80.0199966430664,79.77999877929688,79.87999725341797,50.759429931640625,443900
2011-03-08,79.8499984741211,79.88999938964844,79.76000213623047,79.80999755859375,50.71493911743164,499600
2011-03-09,79.87999725341797,80.06999969482422,79.79000091552734,79.94999694824219,50.803890228271484,712800
2011-03-10,80.1500015258789,80.33999633789062,80.02999877929688,80.31999969482422,51.039031982421875,553100
2011-03-11,80.3499984741211,80.38999938964844,80.2699966430664,80.33000183105469,51.04536056518555,724200
2011-03-14,80.43000030517578,80.54000091552734,80.4000015258789,80.41000366210938,51.0962028503418,568800
2011-03-15,80.66999816894531,80.69000244140625,80.44999694824219,80.45999908447266,51.12798309326172,601100
2011-03-16,80.66999816894531,81.16000366210938,80.58999633789062,80.83999633789062,51.369415283203125,875800
2011-03-17,80.69000244140625,80.79000091552734,80.55000305175781,80.72000122070312,51.293216705322266,540100
2011-03-18,80.58000183105469,80.72000122070312,80.54000091552734,80.70999908447266,51.28684997558594,533600
2011-03-21,80.6500015258789,80.6500015258789,80.4000015258789,80.4800033569336,51.140689849853516,813800
2011-03-22,80.41000366210938,80.4800033569336,80.37000274658203,80.44999694824219,51.121604919433594,999300
2011-03-23,80.58999633789062,80.62000274658203,80.38999938964844,80.41999816894531,51.10256576538086,1049500
2011-03-24,80.38999938964844,80.41999816894531,80.2699966430664,80.29000091552734,51.01995849609375,650000
2011-03-25,80.36000061035156,80.38999938964844,80.12000274658203,80.18000030517578,50.9500617980957,727400
2011-03-28,80.05999755859375,80.18000030517578,80.04000091552734,80.11000061035156,50.90557098388672,810700
2011-03-29,80.08000183105469,80.19000244140625,79.93000030517578,79.97000122070312,50.81658935546875,649500
2011-03-30,80.05000305175781,80.13999938964844,79.9800033569336,80.11000061035156,50.90557098388672,746900
2011-03-31,80.20999908447266,80.23999786376953,80.0,80.0199966430664,50.84838104248047,717300
2011-04-01,79.69000244140625,79.93000030517578,79.66000366210938,79.88999938964844,50.910789489746094,953300
2011-04-04,79.9800033569336,80.08999633789062,79.93000030517578,79.98999786376953,50.97455978393555,605000
2011-04-05,79.93000030517578,79.97000122070312,79.79000091552734,79.80999755859375,50.8598747253418,990900
2011-04-06,79.7699966430664,79.79000091552734,79.69000244140625,79.69000244140625,50.78337478637695,476600
2011-04-07,79.7300033569336,79.77999877929688,79.5999984741211,79.66999816894531,50.770626068115234,679700
2011-04-08,79.55999755859375,79.66999816894531,79.54000091552734,79.62000274658203,50.73875427246094,687500
2011-04-11,79.62000274658203,79.70999908447266,79.56999969482422,79.62999725341797,50.74513244628906,444000
2011-04-12,79.7699966430664,79.94999694824219,79.7699966430664,79.91000366210938,50.92355728149414,778200
2011-04-13,79.86000061035156,80.08999633789062,79.83999633789062,80.05999755859375,51.01914978027344,514500
2011-04-14,80.08999633789062,80.1500015258789,80.0,80.0199966430664,50.993656158447266,562100
2011-04-15,80.19000244140625,80.27999877929688,80.16000366210938,80.2699966430664,51.1529655456543,1045900
2011-04-18,80.25,80.44999694824219,80.19000244140625,80.36000061035156,51.210323333740234,795500
2011-04-19,80.45999908447266,80.54000091552734,80.41999816894531,80.48999786376953,51.29317855834961,531200
2011-04-20,80.43000030517578,80.5,80.36000061035156,80.37999725341797,51.22307205200195,631200
2011-04-21,80.38999938964844,80.4800033569336,80.37999725341797,80.44000244140625,51.26132583618164,568100
2011-04-25,80.45999908447266,80.54000091552734,80.41000366210938,80.48999786376953,51.29317855834961,719400
2011-04-26,80.58000183105469,80.75,80.55999755859375,80.73999786376953,51.45249557495117,538200
2011-04-27,80.58999633789062,80.7300033569336,80.55000305175781,80.69999694824219,51.427024841308594,760700
2011-04-28,80.79000091552734,80.87000274658203,80.73999786376953,80.8499984741211,51.522586822509766,1046600
2011-04-29,80.80999755859375,80.98999786376953,80.80999755859375,80.95999908447266,51.592708587646484,526000
2011-05-02,80.86000061035156,80.86000061035156,80.69000244140625,80.76000213623047,51.60739517211914,820700
2011-05-03,80.83999633789062,80.87999725341797,80.75,80.8499984741211,51.664913177490234,693400
2011-05-04,80.86000061035156,81.0,80.83000183105469,80.94999694824219,51.72880935668945,821600
2011-05-05,81.01000213623047,81.16999816894531,80.98999786376953,81.12999725341797,51.84383773803711,581500
2011-05-06,81.05000305175781,81.29000091552734,80.98999786376953,81.19000244140625,51.88216018676758,602600
2011-05-09,81.23999786376953,81.30000305175781,81.19000244140625,81.26000213623047,51.92692184448242,544300
2011-05-10,81.19000244140625,81.20999908447266,81.02999877929688,81.05000305175781,51.79270553588867,643600
2011-05-11,81.0199966430664,81.20999908447266,80.9800033569336,81.1500015258789,51.85660934448242,570800
2011-05-12,81.11000061035156,81.19999694824219,81.0,81.06999969482422,51.80549240112305,994000
2011-05-13,81.18000030517578,81.36000061035156,81.16000366210938,81.19000244140625,51.88216018676758,696200
2011-05-16,81.26000213623047,81.38999938964844,81.19000244140625,81.37999725341797,52.00358581542969,1271500
2011-05-17,81.48999786376953,81.54000091552734,81.44000244140625,81.51000213623047,52.086673736572266,713200
2011-05-18,81.47000122070312,81.48999786376953,81.2699966430664,81.27999877929688,51.93971252441406,705300
2011-05-19,81.04000091552734,81.29000091552734,81.04000091552734,81.25,51.9205207824707,759900
2011-05-20,81.26000213623047,81.38999938964844,81.26000213623047,81.31999969482422,51.96528625488281,752700
2011-05-23,81.52999877929688,81.52999877929688,81.37000274658203,81.37000274658203,51.997215270996094,540400
2011-05-24,81.37000274658203,81.44999694824219,81.30999755859375,81.41999816894531,52.02915954589844,1002500
2011-05-25,81.48999786376953,81.5199966430664,81.37999725341797,81.44999694824219,52.04828643798828,486300
2011-05-26,81.48999786376953,81.6500015258789,81.44999694824219,81.55999755859375,52.118621826171875,1436000
2011-05-27,81.58999633789062,81.62000274658203,81.54000091552734,81.58999633789062,52.137779235839844,774700
2011-05-31,81.55000305175781,81.75,81.45999908447266,81.69000244140625,52.20170211791992,1267900
2011-06-01,81.62999725341797,81.86000061035156,81.5999984741211,81.86000061035156,52.45417404174805,1058300
2011-06-02,81.68000030517578,81.73999786376953,81.52999877929688,81.52999877929688,52.242706298828125,892100
2011-06-03,81.83000183105469,81.83000183105469,81.54000091552734,81.66999816894531,52.33238983154297,747300
2011-06-06,81.55999755859375,81.69000244140625,81.55000305175781,81.62000274658203,52.30036544799805,841900
2011-06-07,81.55999755859375,81.7300033569336,81.48999786376953,81.72000122070312,52.364444732666016,917800
2011-06-08,81.7699966430664,81.97000122070312,81.75,81.87999725341797,52.46699523925781,825100
2011-06-09,81.87000274658203,81.88999938964844,81.62999725341797,81.69000244140625,52.34524154663086,1069900
2011-06-10,81.77999877929688,81.87000274658203,81.69000244140625,81.79000091552734,52.40928649902344,975900
2011-06-13,81.66999816894531,81.83999633789062,81.6500015258789,81.70999908447266,52.3580207824707,844200
2011-06-14,81.51000213623047,81.51000213623047,81.37000274658203,81.37000274658203,52.14017868041992,860100
2011-06-15,81.44999694824219,81.77999877929688,81.41000366210938,81.69999694824219,52.35163116455078,1002500
2011-06-16,81.80000305175781,81.87999725341797,81.69999694824219,81.75,52.38365936279297,885200
2011-06-17,81.70999908447266,81.8499984741211,81.69000244140625,81.83000183105469,52.434913635253906,1254100
2011-06-20,81.8499984741211,81.87000274658203,81.66999816894531,81.7300033569336,52.370845794677734,804700
2011-06-21,81.63999938964844,81.83000183105469,81.63999938964844,81.75,52.38365936279297,700300
2011-06-22,81.81999969482422,81.91000366210938,81.68000030517578,81.7699966430664,52.396484375,681100
2011-06-23,81.91000366210938,82.04000091552734,81.9000015258789,81.97000122070312,52.52463150024414,925200
2011-06-24,81.93000030517578,82.13999938964844,81.91999816894531,82.05000305175781,52.57590103149414,725000
2011-06-27,82.04000091552734,82.04000091552734,81.7699966430664,81.80999755859375,52.4221305847168,704000
2011-06-28,81.70999908447266,81.72000122070312,81.38999938964844,81.51000213623047,52.229896545410156,2249600
2011-06-29,81.44999694824219,81.5,81.2699966430664,81.33000183105469,52.11454391479492,1438900
2011-06-30,81.41000366210938,81.44000244140625,81.01000213623047,81.16000366210938,52.00558853149414,1808400
2011-07-01,81.04000091552734,81.12000274658203,80.87999725341797,80.9800033569336,52.02939987182617,922700
2011-07-05,81.0999984741211,81.2699966430664,81.0999984741211,81.25,52.20286560058594,739900
2011-07-06,81.26000213623047,81.37000274658203,81.20999908447266,81.30000305175781,52.2349967956543,1144400
2011-07-07,81.11000061035156,81.1500015258789,80.9800033569336,81.12999725341797,52.1257438659668,915900
2011-07-08,81.44000244140625,81.62999725341797,81.41999816894531,81.55000305175781,52.3956298828125,1066800
2011-07-11,81.70999908447266,81.86000061035156,81.68000030517578,81.79000091552734,52.5497932434082,592200
2011-07-12,81.88999938964844,81.91999816894531,81.69999694824219,81.87000274658203,52.6011848449707,882600
2011-07-13,81.79000091552734,81.9800033569336,81.75,81.9800033569336,52.67189025878906,1043600
2011-07-14,81.81999969482422,81.93000030517578,81.66999816894531,81.66999816894531,52.47269821166992,998500
2011-07-15,81.58000183105469,81.87000274658203,81.56999969482422,81.81999969482422,52.56906509399414,574100
2011-07-18,81.83999633789062,81.86000061035156,81.70999908447266,81.70999908447266,52.498390197753906,799100
2011-07-19,81.63999938964844,81.94000244140625,81.62999725341797,81.93000030517578,52.63975524902344,799000
2011-07-20,81.87999725341797,81.91999816894531,81.76000213623047,81.80000305175781,52.5562629699707,822100
2011-07-21,81.70999908447266,81.75,81.51000213623047,81.62000274658203,52.44057083129883,656800
2011-07-22,81.70999908447266,81.83999633789062,81.69000244140625,81.83999633789062,52.58193588256836,926000
2011-07-25,81.61000061035156,81.80000305175781,81.52999877929688,81.56999969482422,52.4084587097168,797600
2011-07-26,81.68000030517578,81.86000061035156,81.62999725341797,81.7699966430664,52.536949157714844,605900
2011-07-27,81.66000366210938,81.79000091552734,81.56999969482422,81.5999984741211,52.42771530151367,846300
2011-07-28,81.73999786376953,81.87999725341797,81.69999694824219,81.83999633789062,52.58193588256836,1649000
2011-07-29,81.95999908447266,82.29000091552734,81.86000061035156,82.26000213623047,52.85176086425781,1959000
2011-08-01,82.05000305175781,82.37000274658203,82.0199966430664,82.30000305175781,53.019935607910156,1305200
2011-08-02,82.37000274658203,82.75,82.29000091552734,82.6500015258789,53.24541473388672,1295500
2011-08-03,82.73999786376953,82.94999694824219,82.69000244140625,82.70999908447266,53.28403091430664,1389200
2011-08-04,82.83000183105469,83.22000122070312,82.7699966430664,83.20999908447266,53.60618591308594,1100600
2011-08-05,82.94000244140625,83.16999816894531,82.55999755859375,82.66999816894531,53.2582893371582,1354000
2011-08-08,82.62000274658203,83.18000030517578,82.62000274658203,83.05999755859375,53.509552001953125,4990000
2011-08-09,83.05000305175781,83.9800033569336,82.72000122070312,83.3499984741211,53.69635772705078,2320800
2011-08-10,83.76000213623047,84.04000091552734,83.58000183105469,84.01000213623047,54.12156295776367,2467300
2011-08-11,83.5199966430664,83.72000122070312,83.13999938964844,83.19999694824219,53.599708557128906,1863900
2011-08-12,83.33999633789062,83.6500015258789,83.29000091552734,83.47000122070312,53.773681640625,1140700
2011-08-15,83.4800033569336,83.58000183105469,83.30999755859375,83.33000183105469,53.68347930908203,1549600
2011-08-16,83.30000305175781,83.63999938964844,83.25,83.58000183105469,53.84452819824219,1283500
2011-08-17,83.5999984741211,83.79000091552734,83.45999908447266,83.7300033569336,53.94118118286133,958800
2011-08-18,84.02999877929688,84.25,83.88999938964844,83.91000366210938,54.05714416503906,2431000
2011-08-19,83.91999816894531,84.02999877929688,83.81999969482422,83.98999786376953,54.108646392822266,1547900
2011-08-22,83.83000183105469,83.9000015258789,83.69999694824219,83.80000305175781,53.98626708984375,1035400
2011-08-23,83.68000030517578,83.80000305175781,83.51000213623047,83.55000305175781,53.82520294189453,1660600
2011-08-24,83.5,83.5,83.05999755859375,83.06999969482422,53.515987396240234,1464900
2011-08-25,83.20999908447266,83.33999633789062,83.12000274658203,83.30000305175781,53.664127349853516,2174800
2011-08-26,83.47000122070312,83.54000091552734,83.22000122070312,83.4000015258789,53.72854995727539,971100
2011-08-29,83.20999908447266,83.2300033569336,83.04000091552734,83.19999694824219,53.599708557128906,1632100
2011-08-30,83.43000030517578,83.56999969482422,83.2300033569336,83.51000213623047,53.79945373535156,830500
2011-08-31,83.62999725341797,83.63999938964844,83.33999633789062,83.4000015258789,53.72854995727539,2267600
2011-09-01,83.31999969482422,83.54000091552734,83.05000305175781,83.54000091552734,53.95658493041992,1902400
2011-09-02,83.75,83.88999938964844,83.62999725341797,83.7699966430664,54.10512924194336,1355800
2011-09-06,83.93000030517578,83.95999908447266,83.77999877929688,83.88999938964844,54.18262481689453,1240900
2011-09-07,83.77999877929688,83.80000305175781,83.62000274658203,83.69999694824219,54.05989074707031,1235500
2011-09-08,83.87000274658203,83.87000274658203,83.63999938964844,83.80999755859375,54.13093948364258,973600
2011-09-09,83.7699966430664,84.0,83.75,83.87999725341797,54.17616653442383,909700
2011-09-12,83.83000183105469,83.8499984741211,83.54000091552734,83.62999725341797,54.0146598815918,2441200
2011-09-13,83.68000030517578,83.68000030517578,83.44000244140625,83.54000091552734,53.95658493041992,995300
2011-09-14,83.5,83.72000122070312,83.5,83.72000122070312,54.072818756103516,1044900
2011-09-15,83.55999755859375,83.62999725341797,83.4800033569336,83.55999755859375,53.96950912475586,1146400
2011-09-16,83.36000061035156,83.5999984741211,83.33999633789062,83.52999877929688,53.9500846862793,1211300
2011-09-19,83.86000061035156,83.97000122070312,83.77999877929688,83.79000091552734,54.1180305480957,1104100
2011-09-20,83.88999938964844,83.94000244140625,83.80000305175781,83.9000015258789,54.18906784057617,705500
2011-09-21,83.91999816894531,84.16999816894531,83.86000061035156,84.12999725341797,54.33767318725586,1434000
2011-09-22,84.38999938964844,84.58000183105469,84.30000305175781,84.33000183105469,54.46681213378906,1033100
2011-09-23,84.38999938964844,84.38999938964844,83.98999786376953,84.05000305175781,54.28596496582031,803000
2011-09-26,83.95999908447266,84.06999969482422,83.75,83.79000091552734,54.1180305480957,986600
2011-09-27,83.62000274658203,83.66999816894531,83.45999908447266,83.62000274658203,54.00825881958008,1943800
2011-09-28,83.5999984741211,83.62999725341797,83.4000015258789,83.44000244140625,53.89198303222656,2090900
2011-09-29,83.36000061035156,83.55000305175781,83.33999633789062,83.43000030517578,53.88554382324219,1204300
2011-09-30,83.63999938964844,83.80000305175781,83.55000305175781,83.73999786376953,54.08573913574219,1283000
2011-10-03,83.69999694824219,84.01000213623047,83.61000061035156,84.0,54.39268493652344,2078800
2011-10-04,84.0,84.05000305175781,83.6500015258789,83.66999816894531,54.17898941040039,1500000
2011-10-05,83.58000183105469,83.5999984741211,83.2699966430664,83.30999755859375,53.94587326049805,3989600
2011-10-06,83.3499984741211,83.38999938964844,83.20999908447266,83.26000213623047,53.913482666015625,1159300
2011-10-07,83.08000183105469,83.25,82.97000122070312,83.08000183105469,53.79696273803711,4949900
2011-10-10,83.05000305175781,83.12999725341797,82.72000122070312,82.95999908447266,53.719200134277344,1072500
2011-10-11,83.01000213623047,83.0199966430664,82.9000015258789,82.91999816894531,53.693363189697266,976200
2011-10-12,82.73999786376953,82.95999908447266,82.72000122070312,82.9000015258789,53.68040084838867,2032400
2011-10-13,83.0199966430664,83.12000274658203,82.9000015258789,83.0,53.74515151977539,1690600
2011-10-14,82.77999877929688,82.94999694824219,82.75,82.8499984741211,53.648006439208984,861400
2011-10-17,82.8499984741211,83.1500015258789,82.8499984741211,83.13999938964844,53.8358154296875,1680700
2011-10-18,83.18000030517578,83.2699966430664,83.01000213623047,83.05000305175781,53.77753829956055,844700
2011-10-19,83.08000183105469,83.36000061035156,83.0199966430664,83.2699966430664,53.91997146606445,1940700
2011-10-20,83.2300033569336,83.41000366210938,83.12000274658203,83.2300033569336,53.894081115722656,1844200
2011-10-21,83.25,83.31999969482422,83.0999984741211,83.0999984741211,53.80988693237305,1885800
2011-10-24,83.12999725341797,83.22000122070312,83.08000183105469,83.16000366210938,53.84878158569336,1261000
2011-10-25,83.1500015258789,83.61000061035156,83.1500015258789,83.58999633789062,54.1272087097168,1615800
2011-10-26,83.45999908447266,83.63999938964844,83.36000061035156,83.37999725341797,53.99120330810547,887900
2011-10-27,83.29000091552734,83.30999755859375,82.9000015258789,82.94999694824219,53.71280288696289,1586200
2011-10-28,83.08999633789062,83.30999755859375,83.01000213623047,83.25,53.906982421875,654900
2011-10-31,83.55000305175781,83.6500015258789,83.4000015258789,83.62000274658203,54.14662551879883,1457400
2011-11-01,83.80000305175781,84.04000091552734,83.62000274658203,84.02999877929688,54.549102783203125,2003400
2011-11-02,83.77999877929688,84.02999877929688,83.77999877929688,83.9800033569336,54.516624450683594,1038100
2011-11-03,83.80000305175781,83.97000122070312,83.76000213623047,83.7699966430664,54.38032913208008,1275300
2011-11-04,83.75,83.91999816894531,83.7300033569336,83.88999938964844,54.45820236206055,2324000
2011-11-07,83.80999755859375,84.11000061035156,83.7699966430664,83.91000366210938,54.4712028503418,2067200
2011-11-08,83.87999725341797,83.94999694824219,83.62999725341797,83.6500015258789,54.30241394042969,1891400
2011-11-09,83.93000030517578,83.93000030517578,83.66999816894531,83.75,54.367332458496094,1346800
2011-11-10,83.61000061035156,83.7699966430664,83.44999694824219,83.6500015258789,54.30241394042969,2487500
2011-11-11,83.62000274658203,83.63999938964844,83.51000213623047,83.58999633789062,54.263484954833984,698100
2011-11-14,83.66000366210938,83.68000030517578,83.47000122070312,83.5999984741211,54.26996612548828,1279600
2011-11-15,83.63999938964844,83.72000122070312,83.5,83.55000305175781,54.23749542236328,1323200
2011-11-16,83.70999908447266,83.70999908447266,83.58999633789062,83.70999908447266,54.34137725830078,1705400
2011-11-17,83.5999984741211,83.75,83.5199966430664,83.66999816894531,54.315399169921875,1147800
2011-11-18,83.69000244140625,83.69999694824219,83.37999725341797,83.62000274658203,54.2829475402832,1032700
2011-11-21,83.66999816894531,83.7300033569336,83.58000183105469,83.5999984741211,54.26996612548828,2076200
2011-11-22,83.62999725341797,83.7300033569336,83.51000213623047,83.69000244140625,54.328426361083984,1217400
2011-11-23,83.5999984741211,83.83000183105469,83.56999969482422,83.77999877929688,54.38679122924805,1525400
2011-11-25,83.62000274658203,83.79000091552734,83.62000274658203,83.66000366210938,54.308921813964844,1453300
2011-11-28,83.3499984741211,83.7300033569336,83.27999877929688,83.66000366210938,54.308921813964844,1550300
2011-11-29,83.55000305175781,83.69999694824219,83.38999938964844,83.54000091552734,54.23099136352539,744300
2011-11-30,83.48999786376953,83.5,83.1500015258789,83.36000061035156,54.11417770385742,1965300
2011-12-01,83.0999984741211,83.20999908447266,82.83000183105469,83.12999725341797,54.096553802490234,1570600
2011-12-02,83.08000183105469,83.41999816894531,83.02999877929688,83.4000015258789,54.272254943847656,2347000
2011-12-05,83.22000122070312,83.43000030517578,83.0999984741211,83.41000366210938,54.27882385253906,2386300
2011-12-06,83.26000213623047,83.38999938964844,83.18000030517578,83.30000305175781,54.207183837890625,858400
2011-12-07,83.3499984741211,83.5199966430664,83.26000213623047,83.41000366210938,54.27882385253906,1397000
2011-12-08,83.4000015258789,83.66000366210938,83.4000015258789,83.5999984741211,54.40245056152344,1075900
2011-12-09,83.56999969482422,83.68000030517578,83.37000274658203,83.4000015258789,54.272254943847656,1187600
2011-12-12,83.5199966430664,83.58999633789062,83.47000122070312,83.48999786376953,54.330867767333984,841400
2011-12-13,83.41000366210938,83.7699966430664,83.41000366210938,83.69999694824219,54.46751022338867,2088000
2011-12-14,83.73999786376953,83.9000015258789,83.66999816894531,83.86000061035156,54.57163619995117,1996800
2011-12-15,83.77999877929688,83.87000274658203,83.75,83.81999969482422,54.54560089111328,2590900
2011-12-16,83.91999816894531,84.05999755859375,83.91999816894531,84.05000305175781,54.69527053833008,1355900
2011-12-19,84.06999969482422,84.19999694824219,84.0,84.0199966430664,54.675743103027344,1316300
2011-12-20,84.11000061035156,84.11000061035156,83.8499984741211,83.8499984741211,54.56511688232422,1285400
2011-12-21,83.88999938964844,83.9000015258789,83.62000274658203,83.62000274658203,54.41546630859375,1065100
2011-12-22,83.76000213623047,83.83000183105469,83.72000122070312,83.77999877929688,54.51956558227539,859700
2011-12-23,83.04000091552734,83.37999725341797,83.01000213623047,83.29000091552734,54.589054107666016,990300
2011-12-27,83.1500015258789,83.25,82.87999725341797,83.08999633789062,54.45796585083008,1686800
2011-12-28,83.12000274658203,83.43000030517578,83.0199966430664,83.41000366210938,54.667720794677734,1416800
2011-12-29,83.41000366210938,83.55000305175781,83.31999969482422,83.4800033569336,54.71354675292969,1062300
2011-12-30,83.5999984741211,83.6500015258789,83.45999908447266,83.54000091552734,54.75291061401367,1535100
2012-01-03,83.43000030517578,83.43000030517578,83.18000030517578,83.27999877929688,54.5825080871582,2282600
2012-01-04,83.31999969482422,83.36000061035156,83.20999908447266,83.31999969482422,54.60871124267578,2227400
2012-01-05,83.30000305175781,83.41000366210938,83.22000122070312,83.29000091552734,54.589054107666016,1194800
2012-01-06,83.30999755859375,83.44999694824219,83.29000091552734,83.33999633789062,54.621761322021484,1053000
2012-01-09,83.33999633789062,83.55000305175781,83.33999633789062,83.41000366210938,54.667720794677734,833800
2012-01-10,83.41999816894531,83.5,83.33999633789062,83.37000274658203,54.64147186279297,964100
2012-01-11,83.51000213623047,83.58999633789062,83.44999694824219,83.56999969482422,54.77254104614258,853400
2012-01-12,83.6500015258789,83.6500015258789,83.37000274658203,83.44999694824219,54.693870544433594,2047900
2012-01-13,83.69999694824219,83.77999877929688,83.58999633789062,83.69999694824219,54.85776138305664,889100
2012-01-17,83.7699966430664,83.81999969482422,83.62000274658203,83.62999725341797,54.811866760253906,878100
2012-01-18,83.80000305175781,83.80999755859375,83.61000061035156,83.61000061035156,54.79877853393555,1904100
2012-01-19,83.61000061035156,83.68000030517578,83.47000122070312,83.52999877929688,54.74633026123047,1783800
2012-01-20,83.55000305175781,83.55999755859375,83.23999786376953,83.37000274658203,54.64147186279297,1139400
2012-01-23,83.30000305175781,83.38999938964844,83.22000122070312,83.2699966430664,54.575931549072266,885500
2012-01-24,83.37999725341797,83.37999725341797,83.25,83.29000091552734,54.589054107666016,1057600
2012-01-25,83.3499984741211,83.7699966430664,83.30999755859375,83.52999877929688,54.74633026123047,1101200
2012-01-26,83.66999816894531,83.7699966430664,83.58999633789062,83.75,54.890541076660156,2096700
2012-01-27,83.81999969482422,83.91000366210938,83.72000122070312,83.9000015258789,54.98883819580078,1708100
2012-01-30,84.05999755859375,84.13999938964844,83.91000366210938,84.0,55.05439758300781,1646400
2012-01-31,84.02999877929688,84.06999969482422,83.9000015258789,84.06999969482422,55.10026550292969,3801200
2012-02-01,83.8499984741211,83.91000366210938,83.73999786376953,83.77999877929688,55.04375457763672,2908500
2012-02-02,83.8499984741211,84.02999877929688,83.79000091552734,83.91000366210938,55.129173278808594,2303800
2012-02-03,83.7699966430664,83.80999755859375,83.69000244140625,83.80000305175781,55.05693054199219,1326000
2012-02-06,83.79000091552734,83.88999938964844,83.7300033569336,83.83999633789062,55.08317184448242,2564400
2012-02-07,83.77999877929688,83.80000305175781,83.61000061035156,83.7300033569336,55.01091003417969,1496300
2012-02-08,83.72000122070312,83.75,83.5999984741211,83.62999725341797,54.94520568847656,1088200
2012-02-09,83.6500015258789,83.6500015258789,83.52999877929688,83.63999938964844,54.9517822265625,937500
2012-02-10,83.72000122070312,83.79000091552734,83.6500015258789,83.69999694824219,54.99118423461914,1003600
2012-02-13,83.7300033569336,83.76000213623047,83.62999725341797,83.69000244140625,54.98466491699219,933300
2012-02-14,83.7699966430664,83.93000030517578,83.75,83.80000305175781,55.05693054199219,953400
2012-02-15,83.83999633789062,83.87999725341797,83.69000244140625,83.69000244140625,54.98466491699219,1290200
2012-02-16,83.70999908447266,83.77999877929688,83.61000061035156,83.69999694824219,54.99118423461914,976100
2012-02-17,83.55000305175781,83.58000183105469,83.41999816894531,83.51000213623047,54.86637878417969,1172700
2012-02-21,83.52999877929688,83.54000091552734,83.44000244140625,83.45999908447266,54.8335075378418,900400
2012-02-22,83.58999633789062,83.76000213623047,83.5199966430664,83.73999786376953,55.01750564575195,1847600
2012-02-23,83.70999908447266,83.81999969482422,83.62999725341797,83.77999877929688,55.04375457763672,991600
2012-02-24,83.83000183105469,83.87000274658203,83.77999877929688,83.83999633789062,55.08317184448242,1276200
2012-02-27,84.0199966430664,84.0199966430664,83.94000244140625,83.98999786376953,55.181739807128906,970300
2012-02-28,84.06999969482422,84.08999633789062,83.94999694824219,83.9800033569336,55.1751594543457,1615700
2012-02-29,84.04000091552734,84.05000305175781,83.83000183105469,83.9000015258789,55.122581481933594,1128100
2012-03-01,83.48999786376953,83.63999938964844,83.45999908447266,83.56999969482422,55.03369903564453,1559000
2012-03-02,83.58999633789062,83.79000091552734,83.58000183105469,83.73999786376953,55.14569091796875,1074400
2012-03-05,83.7300033569336,83.7699966430664,83.54000091552734,83.56999969482422,55.03369903564453,1208500
2012-03-06,83.75,83.80000305175781,83.69000244140625,83.70999908447266,55.12588119506836,704800
2012-03-07,83.73999786376953,83.77999877929688,83.66999816894531,83.7300033569336,55.139068603515625,809900
2012-03-08,83.70999908447266,83.7300033569336,83.55999755859375,83.5999984741211,55.0534553527832,847000
2012-03-09,83.55999755859375,83.55999755859375,83.43000030517578,83.5199966430664,55.00079345703125,1251700
2012-03-12,83.66000366210938,83.68000030517578,83.56999969482422,83.58000183105469,55.0402717590332,1095300
2012-03-13,83.45999908447266,83.54000091552734,83.33000183105469,83.33000183105469,54.87566375732422,1346400
2012-03-14,83.26000213623047,83.26000213623047,82.81999969482422,82.83999633789062,54.55295181274414,1069500
2012-03-15,82.8499984741211,82.97000122070312,82.80000305175781,82.86000061035156,54.56614685058594,747300
2012-03-16,82.69999694824219,82.91000366210938,82.6500015258789,82.8499984741211,54.55958938598633,1452700
2012-03-19,82.83999633789062,82.87000274658203,82.58999633789062,82.62999725341797,54.414703369140625,945800
2012-03-20,82.69999694824219,82.7300033569336,82.58999633789062,82.6500015258789,54.4278450012207,971200
2012-03-21,82.83999633789062,82.97000122070312,82.76000213623047,82.88999938964844,54.585933685302734,1520500
2012-03-22,82.97000122070312,83.05000305175781,82.94999694824219,83.01000213623047,54.664920806884766,1169100
2012-03-23,83.05999755859375,83.18000030517578,83.01000213623047,83.16000366210938,54.76369857788086,1151600
2012-03-26,83.08000183105469,83.19000244140625,83.02999877929688,83.1500015258789,54.7570915222168,1137700
2012-03-27,83.16999816894531,83.3499984741211,83.16999816894531,83.29000091552734,54.84930419921875,1095500
2012-03-28,83.29000091552734,83.37000274658203,83.20999908447266,83.2699966430664,54.83612060546875,639000
2012-03-29,83.38999938964844,83.45999908447266,83.30999755859375,83.44999694824219,54.954708099365234,1040900
2012-03-30,83.47000122070312,83.5,83.20999908447266,83.27999877929688,54.842735290527344,1454300
2012-04-02,83.05000305175781,83.19999694824219,82.93000030517578,83.0,54.84011459350586,1856700
2012-04-03,83.12000274658203,83.13999938964844,82.6500015258789,82.69000244140625,54.63526916503906,962700
2012-04-04,82.94999694824219,82.94999694824219,82.69000244140625,82.91999816894531,54.787227630615234,1045100
2012-04-05,83.0999984741211,83.0999984741211,82.95999908447266,83.08000183105469,54.89295196533203,857200
2012-04-09,83.44999694824219,83.52999877929688,83.36000061035156,83.37000274658203,55.084537506103516,1167600
2012-04-10,83.5199966430664,83.69000244140625,83.4800033569336,83.61000061035156,55.24314880371094,1209700
2012-04-11,83.5,83.51000213623047,83.4000015258789,83.48999786376953,55.163841247558594,1017900
2012-04-12,83.5199966430664,83.55999755859375,83.44000244140625,83.5,55.17043685913086,876200
2012-04-13,83.62000274658203,83.73999786376953,83.58000183105469,83.70999908447266,55.3091926574707,2484000
2012-04-16,83.7300033569336,83.80000305175781,83.66999816894531,83.70999908447266,55.3091926574707,1235900
2012-04-17,83.72000122070312,83.72000122070312,83.61000061035156,83.69999694824219,55.30260467529297,838200
2012-04-18,83.7699966430664,83.77999877929688,83.68000030517578,83.76000213623047,55.342227935791016,726200
2012-04-19,83.83000183105469,83.83000183105469,83.7300033569336,83.73999786376953,55.32905197143555,664200
2012-04-20,83.73999786376953,83.76000213623047,83.62999725341797,83.7300033569336,55.322425842285156,592900
2012-04-23,83.88999938964844,83.88999938964844,83.7699966430664,83.83000183105469,55.388465881347656,843700
2012-04-24,83.79000091552734,83.83000183105469,83.69999694824219,83.7300033569336,55.322425842285156,1104600
2012-04-25,83.69999694824219,83.76000213623047,83.56999969482422,83.70999908447266,55.3091926574707,905200
2012-04-26,83.8499984741211,83.87999725341797,83.77999877929688,83.81999969482422,55.381866455078125,751400
2012-04-27,83.83000183105469,83.88999938964844,83.7699966430664,83.87000274658203,55.41488265991211,890600
2012-04-30,83.91999816894531,83.94000244140625,83.87999725341797,83.91999816894531,55.44795227050781,912700
2012-05-01,83.81999969482422,83.81999969482422,83.58000183105469,83.61000061035156,55.3685188293457,1993800
2012-05-02,83.69000244140625,83.77999877929688,83.68000030517578,83.73999786376953,55.45460891723633,768300
2012-05-03,83.6500015258789,83.8499984741211,83.6500015258789,83.8499984741211,55.52741622924805,1258600
2012-05-04,83.9000015258789,83.95999908447266,83.8499984741211,83.94000244140625,55.587013244628906,633500
2012-05-07,83.97000122070312,83.97000122070312,83.91000366210938,83.91000366210938,55.5671501159668,1049200
2012-05-08,83.95999908447266,84.0999984741211,83.95999908447266,83.98999786376953,55.6201286315918,761300
2012-05-09,83.98999786376953,84.04000091552734,83.9000015258789,83.94000244140625,55.587013244628906,1595100
2012-05-10,83.8499984741211,83.94000244140625,83.76000213623047,83.88999938964844,55.55385971069336,1650600
2012-05-11,84.0199966430664,84.02999877929688,83.91999816894531,83.94999694824219,55.59363555908203,1734700
2012-05-14,84.08000183105469,84.13999938964844,84.02999877929688,84.0999984741211,55.69298553466797,759400
2012-05-15,84.12000274658203,84.13999938964844,84.01000213623047,84.12000274658203,55.70619583129883,1469000
2012-05-16,84.0,84.12000274658203,83.94999694824219,84.06999969482422,55.67311477661133,1371000
2012-05-17,84.08000183105469,84.20999908447266,83.94999694824219,84.13999938964844,55.71949005126953,1500200
2012-05-18,84.05000305175781,84.19000244140625,84.01000213623047,84.08999633789062,55.68634033203125,1041300
2012-05-21,84.12999725341797,84.13999938964844,84.06999969482422,84.0999984741211,55.69298553466797,2278400
2012-05-22,84.02999877929688,84.02999877929688,83.87000274658203,83.95999908447266,55.600250244140625,1593200
2012-05-23,84.05999755859375,84.12000274658203,84.0199966430664,84.0199966430664,55.64003372192383,1218300
2012-05-24,84.01000213623047,84.04000091552734,83.93000030517578,83.93000030517578,55.58039474487305,860300
2012-05-25,83.98999786376953,84.05999755859375,83.9800033569336,84.02999877929688,55.646644592285156,738700
2012-05-29,84.08000183105469,84.12000274658203,84.01000213623047,84.02999877929688,55.646644592285156,1351600
2012-05-30,84.2300033569336,84.37000274658203,84.20999908447266,84.3499984741211,55.85853958129883,693800
2012-05-31,84.48999786376953,84.63999938964844,84.41999816894531,84.51000213623047,55.964508056640625,1459100
2012-06-01,84.5999984741211,84.66999816894531,84.47000122070312,84.62000274658203,56.16092300415039,1657000
2012-06-04,84.44000244140625,84.5,84.3499984741211,84.41000366210938,56.021568298339844,1700800
2012-06-05,84.33999633789062,84.37000274658203,84.22000122070312,84.23999786376953,55.908729553222656,2069200
2012-06-06,84.31999969482422,84.31999969482422,84.02999877929688,84.08000183105469,55.80253601074219,3526600
2012-06-07,84.08999633789062,84.16999816894531,84.01000213623047,84.11000061035156,55.82246017456055,2325800
2012-06-08,84.25,84.30000305175781,84.06999969482422,84.16000366210938,55.85563278198242,1572200
2012-06-11,84.13999938964844,84.30000305175781,84.12000274658203,84.2300033569336,55.90209197998047,1175500
2012-06-12,84.19000244140625,84.20999908447266,84.06999969482422,84.0999984741211,55.81581115722656,1194400
2012-06-13,84.1500015258789,84.30000305175781,84.06999969482422,84.27999877929688,55.93525695800781,1212900
2012-06-14,84.29000091552734,84.29000091552734,84.1500015258789,84.2300033569336,55.90209197998047,718800
2012-06-15,84.33999633789062,84.43000030517578,84.31999969482422,84.41999816894531,56.0281867980957,793200
2012-06-18,84.44000244140625,84.45999908447266,84.31999969482422,84.43000030517578,56.03487014770508,845900
2012-06-19,84.36000061035156,84.37000274658203,84.26000213623047,84.31999969482422,55.96179962158203,908900
2012-06-20,84.19000244140625,84.30000305175781,84.05999755859375,84.16000366210938,55.85563278198242,1274100
2012-06-21,84.2699966430664,84.38999938964844,84.2300033569336,84.30000305175781,55.94857406616211,972700
2012-06-22,84.27999877929688,84.29000091552734,84.11000061035156,84.12999725341797,55.83576202392578,2219900
2012-06-25,84.33000183105469,84.36000061035156,84.26000213623047,84.3499984741211,55.98169708251953,1189200
2012-06-26,84.27999877929688,84.37000274658203,84.25,84.26000213623047,55.92200469970703,1166300
2012-06-27,84.37000274658203,84.37999725341797,84.2699966430664,84.3499984741211,55.98169708251953,669200
2012-06-28,84.44999694824219,84.5,84.41000366210938,84.44000244140625,56.04145431518555,916300
2012-06-29,84.27999877929688,84.38999938964844,84.2300033569336,84.37999725341797,56.00161361694336,2044900
2012-07-02,84.26000213623047,84.44999694824219,84.2300033569336,84.37000274658203,56.11937713623047,1244100
2012-07-03,84.41999816894531,84.41999816894531,84.2300033569336,84.25,56.0395622253418,1731700
2012-07-05,84.33000183105469,84.48999786376953,84.29000091552734,84.48999786376953,56.19921875,1283700
2012-07-06,84.52999877929688,84.62999725341797,84.51000213623047,84.56999969482422,56.25238800048828,861200
2012-07-09,84.62999725341797,84.73999786376953,84.5999984741211,84.7300033569336,56.35884094238281,800000
2012-07-10,84.75,84.83000183105469,84.69999694824219,84.80999755859375,56.41202926635742,791600
2012-07-11,84.75,84.87999725341797,84.68000030517578,84.69000244140625,56.33224105834961,1357600
2012-07-12,84.83000183105469,84.8499984741211,84.76000213623047,84.8499984741211,56.438629150390625,2024300
2012-07-13,84.80999755859375,84.86000061035156,84.75,84.86000061035156,56.44534683227539,703600
2012-07-16,85.0,85.06999969482422,84.9000015258789,84.91000366210938,56.47858428955078,1885600
2012-07-17,84.93000030517578,84.94999694824219,84.86000061035156,84.87999725341797,56.45857238769531,1046800
2012-07-18,84.98999786376953,85.08000183105469,84.9800033569336,85.0199966430664,56.55172348022461,630600
2012-07-19,85.0,85.11000061035156,84.98999786376953,85.0,56.5384407043457,864100
2012-07-20,85.13999938964844,85.19999694824219,85.11000061035156,85.16000366210938,56.64486312866211,881700
2012-07-23,85.27999877929688,85.27999877929688,85.16000366210938,85.19999694824219,56.671443939208984,912200
2012-07-24,85.16999816894531,85.3499984741211,85.12999725341797,85.30000305175781,56.737953186035156,743200
2012-07-25,85.31999969482422,85.36000061035156,85.2699966430664,85.36000061035156,56.77787399291992,483400
2012-07-26,85.33000183105469,85.3499984741211,85.27999877929688,85.30000305175781,56.737953186035156,702700
2012-07-27,85.0999984741211,85.13999938964844,84.86000061035156,84.9800033569336,56.525115966796875,957400
2012-07-30,85.04000091552734,85.18000030517578,84.94999694824219,85.13999938964844,56.631553649902344,1772900
2012-07-31,85.25,85.27999877929688,85.12000274658203,85.2300033569336,56.69144058227539,754800
2012-08-01,85.01000213623047,85.06999969482422,84.91000366210938,84.94000244140625,56.62275314331055,1587100
2012-08-02,85.12000274658203,85.20999908447266,85.05999755859375,85.0999984741211,56.72941589355469,899500
2012-08-03,84.94000244140625,84.94999694824219,84.77999877929688,84.79000091552734,56.522743225097656,1918100
2012-08-06,84.93000030517578,84.94000244140625,84.81999969482422,84.87000274658203,56.576107025146484,1236000
2012-08-07,84.69000244140625,84.69000244140625,84.55999755859375,84.6500015258789,56.42942428588867,1753600
2012-08-08,84.69000244140625,84.73999786376953,84.5999984741211,84.62999725341797,56.416099548339844,948500
2012-08-09,84.54000091552734,84.63999938964844,84.44000244140625,84.58000183105469,56.38270950317383,1676600
2012-08-10,84.77999877929688,84.77999877929688,84.62000274658203,84.68000030517578,56.4494514465332,898300
2012-08-13,84.69999694824219,84.7699966430664,84.68000030517578,84.69000244140625,56.456092834472656,911800
2012-08-14,84.5199966430664,84.54000091552734,84.43000030517578,84.4800033569336,56.31610107421875,1119600
2012-08-15,84.36000061035156,84.36000061035156,84.16999816894531,84.18000030517578,56.116092681884766,780400
2012-08-16,84.23999786376953,84.25,84.0,84.08999633789062,56.05612564086914,723800
2012-08-17,84.16000366210938,84.29000091552734,84.16000366210938,84.2300033569336,56.14947509765625,799100
2012-08-20,84.20999908447266,84.29000091552734,84.16999816894531,84.19000244140625,56.122779846191406,741100
2012-08-21,84.23999786376953,84.33999633789062,84.12000274658203,84.33999633789062,56.22281265258789,661500
2012-08-22,84.47000122070312,84.70999908447266,84.45999908447266,84.68000030517578,56.4494514465332,1242900
2012-08-23,84.7699966430664,84.80000305175781,84.72000122070312,84.72000122070312,56.47609329223633,1125400
2012-08-24,84.86000061035156,84.86000061035156,84.69000244140625,84.72000122070312,56.47609329223633,3865000
2012-08-27,84.80000305175781,84.86000061035156,84.77999877929688,84.8499984741211,56.56277847290039,715600
2012-08-28,84.8499984741211,84.91999816894531,84.81999969482422,84.87999725341797,56.58272933959961,1081700
2012-08-29,84.8499984741211,84.86000061035156,84.75,84.80999755859375,56.536094665527344,853600
2012-08-30,84.9000015258789,84.94000244140625,84.8499984741211,84.87999725341797,56.58272933959961,573200
2012-08-31,84.93000030517578,85.18000030517578,84.88999938964844,85.18000030517578,56.78274917602539,1176500
2012-09-04,84.94999694824219,84.98999786376953,84.87999725341797,84.94000244140625,56.745338439941406,2076400
2012-09-05,84.93000030517578,85.0,84.9000015258789,84.94000244140625,56.745338439941406,1049300
2012-09-06,84.80000305175781,84.80000305175781,84.63999938964844,84.73999786376953,56.61170959472656,2350400
2012-09-07,84.93000030517578,84.97000122070312,84.73999786376953,84.73999786376953,56.61170959472656,928300
2012-09-10,84.73999786376953,84.7699966430664,84.6500015258789,84.76000213623047,56.62509536743164,990500
2012-09-11,84.76000213623047,84.76000213623047,84.6500015258789,84.6500015258789,56.55158233642578,912300
2012-09-12,84.55000305175781,84.56999969482422,84.4800033569336,84.52999877929688,56.471431732177734,808600
2012-09-13,84.61000061035156,84.70999908447266,84.30000305175781,84.69999694824219,56.584999084472656,1350200
2012-09-14,84.5199966430664,84.5199966430664,84.26000213623047,84.27999877929688,56.30440139770508,2127500
2012-09-17,84.33999633789062,84.48999786376953,84.33999633789062,84.4000015258789,56.384586334228516,852900
2012-09-18,84.56999969482422,84.63999938964844,84.47000122070312,84.5,56.45138168334961,3447100
2012-09-19,84.63999938964844,84.70999908447266,84.5999984741211,84.61000061035156,56.52488708496094,1133600
2012-09-20,84.75,84.76000213623047,84.58000183105469,84.62999725341797,56.538238525390625,948600
2012-09-21,84.62999725341797,84.76000213623047,84.58000183105469,84.72000122070312,56.59836959838867,1264700
2012-09-24,84.77999877929688,84.83999633789062,84.75,84.80999755859375,56.65848922729492,1697300
2012-09-25,84.86000061035156,84.98999786376953,84.80000305175781,84.9800033569336,56.772029876708984,1235500
2012-09-26,85.0999984741211,85.16999816894531,85.0199966430664,85.12000274658203,56.86561965942383,1245800
2012-09-27,85.06999969482422,85.13999938964844,85.05000305175781,85.06999969482422,56.83218002319336,963400
2012-09-28,85.1500015258789,85.19000244140625,85.04000091552734,85.1500015258789,56.885581970214844,1426400
2012-10-01,84.94999694824219,85.05000305175781,84.93000030517578,85.04000091552734,56.9284553527832,994800
2012-10-02,84.98999786376953,85.05000305175781,84.97000122070312,85.04000091552734,56.9284553527832,771000
2012-10-03,84.97000122070312,85.08000183105469,84.94999694824219,85.01000213623047,56.908382415771484,1630200
2012-10-04,84.9800033569336,85.0199966430664,84.87000274658203,84.87000274658203,56.814659118652344,666500
2012-10-05,84.81999969482422,84.81999969482422,84.7300033569336,84.77999877929688,56.75442123413086,665100
2012-10-08,84.83999633789062,84.93000030517578,84.75,84.88999938964844,56.82804870605469,588800
2012-10-09,84.75,84.83999633789062,84.73999786376953,84.73999786376953,56.72762680053711,1113600
2012-10-10,84.76000213623047,84.88999938964844,84.69000244140625,84.87000274658203,56.814659118652344,633000
2012-10-11,84.80000305175781,84.94000244140625,84.76000213623047,84.94000244140625,56.86151885986328,821900
2012-10-12,85.0,85.02999877929688,84.95999908447266,85.0,56.90167999267578,2403700
2012-10-15,84.9800033569336,85.01000213623047,84.94000244140625,84.97000122070312,56.88162612915039,803000
2012-10-16,84.94000244140625,84.94000244140625,84.80000305175781,84.80000305175781,56.76781463623047,1308000
2012-10-17,84.75,84.76000213623047,84.5,84.58999633789062,56.62721633911133,5638300
2012-10-18,84.6500015258789,84.6500015258789,84.4800033569336,84.55000305175781,56.600425720214844,1367200
2012-10-19,84.5199966430664,84.73999786376953,84.5199966430664,84.68000030517578,56.68746566772461,1120200
2012-10-22,84.66999816894531,84.68000030517578,84.52999877929688,84.55999755859375,56.60716247558594,588400
2012-10-23,84.69000244140625,84.76000213623047,84.62999725341797,84.75,56.73435592651367,949800
2012-10-24,84.69000244140625,84.75,84.68000030517578,84.70999908447266,56.707550048828125,648000
2012-10-25,84.52999877929688,84.63999938964844,84.5,84.56999969482422,56.61384963989258,650900
2012-10-26,84.63999938964844,84.77999877929688,84.61000061035156,84.75,56.73435592651367,583800
2012-10-31,84.88999938964844,84.95999908447266,84.80000305175781,84.88999938964844,56.82804870605469,1030900
2012-11-01,84.7300033569336,84.77999877929688,84.6500015258789,84.76000213623047,56.74103546142578,1039100
2012-11-02,84.69000244140625,84.80000305175781,84.58000183105469,84.79000091552734,56.7610969543457,1107500
2012-11-05,84.83000183105469,84.94000244140625,84.81999969482422,84.91999816894531,56.848114013671875,1520800
2012-11-06,84.79000091552734,84.86000061035156,84.61000061035156,84.6500015258789,56.66737747192383,1074400
2012-11-07,85.0,85.0199966430664,84.83000183105469,84.8499984741211,56.8012809753418,1036900
2012-11-08,84.8499984741211,85.05000305175781,84.81999969482422,84.9800033569336,56.88828659057617,667800
2012-11-09,84.87999725341797,84.9800033569336,84.81999969482422,84.9000015258789,56.834720611572266,1533200
2012-11-12,84.9800033569336,85.04000091552734,84.91000366210938,85.02999877929688,56.92179870605469,842200
2012-11-13,85.0,85.0999984741211,84.95999908447266,85.0199966430664,56.915077209472656,3720600
2012-11-14,84.91999816894531,85.0199966430664,84.87000274658203,85.0,56.90167999267578,810800
2012-11-15,84.91000366210938,85.02999877929688,84.87999725341797,84.98999786376953,56.89500045776367,1045400
2012-11-16,84.9800033569336,85.05000305175781,84.91999816894531,84.94999694824219,56.86820983886719,1151500
2012-11-19,84.9000015258789,84.95999908447266,84.8499984741211,84.94999694824219,56.86820983886719,1094200
2012-11-20,84.91999816894531,84.94000244140625,84.79000091552734,84.81999969482422,56.78120422363281,770400
2012-11-21,84.75,84.7699966430664,84.69999694824219,84.7300033569336,56.7209587097168,643200
2012-11-23,84.69000244140625,84.77999877929688,84.66000366210938,84.75,56.73435592651367,664200
2012-11-26,84.86000061035156,84.87000274658203,84.7300033569336,84.7300033569336,56.7209587097168,951100
2012-11-27,84.80999755859375,84.91999816894531,84.80000305175781,84.9000015258789,56.834720611572266,873200
2012-11-28,84.93000030517578,85.0,84.9000015258789,84.94999694824219,56.86820983886719,803400
2012-11-29,84.91999816894531,85.0199966430664,84.91000366210938,85.0,56.90167999267578,921600
2012-11-30,85.05999755859375,85.06999969482422,84.94000244140625,84.94000244140625,56.86151885986328,976300
2012-12-03,84.69999694824219,84.86000061035156,84.6500015258789,84.83999633789062,56.90646743774414,2669300
2012-12-04,84.88999938964844,84.91999816894531,84.8499984741211,84.91000366210938,56.95344161987305,918000
2012-12-05,84.86000061035156,84.98999786376953,84.86000061035156,84.97000122070312,56.993675231933594,1058300
2012-12-06,85.0,85.04000091552734,84.94000244140625,84.97000122070312,56.993675231933594,771800
2012-12-07,84.81999969482422,84.9000015258789,84.77999877929688,84.80999755859375,56.88631057739258,1239200
2012-12-10,84.86000061035156,84.88999938964844,84.80999755859375,84.86000061035156,56.91987609863281,1378600
2012-12-11,84.7300033569336,84.83000183105469,84.7300033569336,84.79000091552734,56.872920989990234,2083600
2012-12-12,84.80000305175781,84.81999969482422,84.61000061035156,84.66000366210938,56.785743713378906,1105800
2012-12-13,84.55999755859375,84.62999725341797,84.48999786376953,84.48999786376953,56.67168045043945,1208700
2012-12-14,84.54000091552734,84.62000274658203,84.51000213623047,84.54000091552734,56.70526123046875,2883600
2012-12-17,84.58999633789062,84.58999633789062,84.38999938964844,84.38999938964844,56.604637145996094,1348100
2012-12-18,84.31999969482422,84.37999725341797,84.19000244140625,84.19999694824219,56.47716522216797,1772600
2012-12-19,84.26000213623047,84.44000244140625,84.26000213623047,84.37999725341797,56.59790802001953,2254500
2012-12-20,84.47000122070312,84.5199966430664,84.4000015258789,84.4000015258789,56.611351013183594,1117200
2012-12-21,84.5199966430664,84.56999969482422,84.48999786376953,84.5199966430664,56.69186019897461,1312800
2012-12-24,83.91000366210938,83.97000122070312,83.88999938964844,83.94999694824219,56.309505462646484,830100
2012-12-26,83.94999694824219,84.05000305175781,83.94999694824219,84.0199966430664,56.35641860961914,1009700
2012-12-27,84.0,84.16999816894531,83.91999816894531,84.08999633789062,56.40340042114258,965200
2012-12-28,84.1500015258789,84.16000366210938,84.04000091552734,84.11000061035156,56.416839599609375,1627500
2012-12-31,84.12999725341797,84.16000366210938,83.95999908447266,84.02999877929688,56.36311340332031,2099100
2013-01-02,83.77999877929688,83.94000244140625,83.77999877929688,83.9000015258789,56.275943756103516,1857300
2013-01-03,83.91000366210938,83.93000030517578,83.6500015258789,83.6500015258789,56.108306884765625,1908500
2013-01-04,83.61000061035156,83.77999877929688,83.58000183105469,83.77999877929688,56.19546127319336,1822700
2013-01-07,83.70999908447266,83.76000213623047,83.66000366210938,83.72000122070312,56.155216217041016,1866600
2013-01-08,83.75,83.8499984741211,83.7300033569336,83.80000305175781,56.2088623046875,1189000
2013-01-09,83.7699966430664,83.80000305175781,83.68000030517578,83.7699966430664,56.188743591308594,1439600
2013-01-10,83.75,83.80000305175781,83.66999816894531,83.7699966430664,56.188743591308594,1198700
2013-01-11,83.66999816894531,83.8499984741211,83.66999816894531,83.83000183105469,56.229034423828125,1385000
2013-01-14,83.86000061035156,83.93000030517578,83.83000183105469,83.83000183105469,56.229034423828125,893900
2013-01-15,83.93000030517578,84.0,83.91000366210938,83.94000244140625,56.302791595458984,1283200
2013-01-16,83.98999786376953,84.0199966430664,83.87999725341797,83.93000030517578,56.29605484008789,1136500
2013-01-17,83.83999633789062,83.86000061035156,83.73999786376953,83.79000091552734,56.20217514038086,1043700
2013-01-18,83.79000091552734,83.91999816894531,83.79000091552734,83.91999816894531,56.289363861083984,920000
2013-01-22,83.79000091552734,83.91000366210938,83.77999877929688,83.83999633789062,56.23570251464844,2053700
2013-01-23,83.91000366210938,83.9800033569336,83.91000366210938,83.97000122070312,56.32291030883789,1278200
2013-01-24,83.88999938964844,83.91999816894531,83.83000183105469,83.8499984741211,56.24243927001953,1061700
2013-01-25,83.66999816894531,83.70999908447266,83.55999755859375,83.58000183105469,56.061309814453125,1473000
2013-01-28,83.4000015258789,83.5199966430664,83.37000274658203,83.4800033569336,55.99427795410156,1427100
2013-01-29,83.47000122070312,83.55000305175781,83.36000061035156,83.38999938964844,55.93385314941406,1082600
2013-01-30,83.33999633789062,83.37000274658203,83.25,83.30000305175781,55.87351989746094,1626700
2013-01-31,83.43000030517578,83.44999694824219,83.33000183105469,83.44999694824219,55.97410583496094,1630700
2013-02-01,83.44000244140625,83.44000244140625,83.05000305175781,83.05000305175781,55.81686782836914,1840500
2013-02-04,83.22000122070312,83.36000061035156,83.19000244140625,83.33999633789062,56.01179122924805,1742600
2013-02-05,83.26000213623047,83.29000091552734,83.16999816894531,83.19999694824219,55.917659759521484,2385600
2013-02-06,83.30000305175781,83.43000030517578,83.2699966430664,83.4000015258789,56.052066802978516,2416200
2013-02-07,83.4000015258789,83.4800033569336,83.36000061035156,83.41000366210938,56.058799743652344,1047200
2013-02-08,83.38999938964844,83.41999816894531,83.25,83.38999938964844,56.04536056518555,892100
2013-02-11,83.30999755859375,83.37000274658203,83.27999877929688,83.29000091552734,55.978172302246094,2254800
2013-02-12,83.30999755859375,83.33000183105469,83.23999786376953,83.30999755859375,55.9915771484375,1120300
2013-02-13,83.20999908447266,83.26000213623047,83.16000366210938,83.19999694824219,55.917659759521484,1154500
2013-02-14,83.19999694824219,83.33000183105469,83.19999694824219,83.31999969482422,55.99832534790039,945500
2013-02-15,83.2699966430664,83.31999969482422,83.19000244140625,83.25,55.951255798339844,2579400
2013-02-19,83.30000305175781,83.31999969482422,83.19000244140625,83.22000122070312,55.93113327026367,1055800
2013-02-20,83.16999816894531,83.31999969482422,83.16999816894531,83.27999877929688,55.97141647338867,944600
2013-02-21,83.37999725341797,83.4000015258789,83.30999755859375,83.36000061035156,56.025238037109375,803000
2013-02-22,83.4000015258789,83.41999816894531,83.36000061035156,83.4000015258789,56.052066802978516,829500
2013-02-25,83.36000061035156,83.70999908447266,83.30999755859375,83.66999816894531,56.233558654785156,1017700
2013-02-26,83.62000274658203,83.80000305175781,83.62000274658203,83.70999908447266,56.260433197021484,1070500
2013-02-27,83.80000305175781,83.80000305175781,83.61000061035156,83.69000244140625,56.246978759765625,691400
2013-02-28,83.7300033569336,83.75,83.66000366210938,83.7300033569336,56.27385711669922,628400
2013-03-01,83.62000274658203,83.66999816894531,83.54000091552734,83.62000274658203,56.30485916137695,839700
2013-03-04,83.66000366210938,83.66999816894531,83.5999984741211,83.5999984741211,56.291343688964844,914700
2013-03-05,83.5999984741211,83.61000061035156,83.52999877929688,83.55000305175781,56.25773620605469,1009500
2013-03-06,83.48999786376953,83.5199966430664,83.41000366210938,83.41000366210938,56.16343688964844,919600
2013-03-07,83.36000061035156,83.37999725341797,83.26000213623047,83.29000091552734,56.082664489746094,764800
2013-03-08,83.12000274658203,83.1500015258789,82.9000015258789,83.05999755859375,55.92778396606445,6339500
2013-03-11,83.04000091552734,83.13999938964844,83.0199966430664,83.0199966430664,55.900882720947266,1668900
2013-03-12,83.06999969482422,83.18000030517578,83.06999969482422,83.18000030517578,56.008583068847656,1214000
2013-03-13,83.11000061035156,83.18000030517578,83.05999755859375,83.08000183105469,55.94124984741211,1287700
2013-03-14,83.06999969482422,83.16999816894531,83.04000091552734,83.11000061035156,55.96146774291992,1735500
2013-03-15,83.11000061035156,83.25,83.11000061035156,83.20999908447266,56.02877426147461,894000
2013-03-18,83.31999969482422,83.38999938964844,83.30000305175781,83.37000274658203,56.13651657104492,1176100
2013-03-19,83.41999816894531,83.55000305175781,83.4000015258789,83.41999816894531,56.17013931274414,2258800
2013-03-20,83.4000015258789,83.44000244140625,83.33999633789062,83.33999633789062,56.11634063720703,819100
2013-03-21,83.44999694824219,83.44999694824219,83.33999633789062,83.36000061035156,56.12981414794922,1017000
2013-03-22,83.4000015258789,83.45999908447266,83.3499984741211,83.44000244140625,56.18364715576172,722900
2013-03-25,83.37999725341797,83.4800033569336,83.36000061035156,83.43000030517578,56.176918029785156,1071500
2013-03-26,83.4000015258789,83.4800033569336,83.3499984741211,83.45999908447266,56.197105407714844,655500
2013-03-27,83.5,83.62999725341797,83.48999786376953,83.62999725341797,56.31157684326172,1096500
2013-03-28,83.5999984741211,83.66000366210938,83.55000305175781,83.63999938964844,56.31830596923828,906400
2013-04-01,83.27999877929688,83.44000244140625,83.27999877929688,83.41000366210938,56.36966323852539,1056100
2013-04-02,83.37000274658203,83.41999816894531,83.31999969482422,83.41999816894531,56.376461029052734,2004900
2013-04-03,83.43000030517578,83.58000183105469,83.41999816894531,83.47000122070312,56.41020584106445,1293900
2013-04-04,83.58000183105469,83.73999786376953,83.58000183105469,83.70999908447266,56.57242202758789,784400
2013-04-05,83.97000122070312,83.98999786376953,83.91000366210938,83.94000244140625,56.727882385253906,1041600
2013-04-08,83.94000244140625,84.0,83.86000061035156,83.9000015258789,56.70084762573242,1088700
2013-04-09,83.8499984741211,83.91999816894531,83.77999877929688,83.80999755859375,56.639991760253906,1455400
2013-04-10,83.76000213623047,83.76000213623047,83.62999725341797,83.6500015258789,56.53188705444336,864100
2013-04-11,83.66000366210938,83.69999694824219,83.63999938964844,83.69000244140625,56.55889129638672,1152300
2013-04-12,83.72000122070312,83.88999938964844,83.72000122070312,83.88999938964844,56.69407272338867,1110300
2013-04-15,83.8499984741211,83.98999786376953,83.8499984741211,83.9800033569336,56.75486755371094,1435800
2013-04-16,83.91999816894531,83.98999786376953,83.88999938964844,83.95999908447266,56.741371154785156,893700
2013-04-17,83.93000030517578,84.08000183105469,83.93000030517578,84.0,56.76844024658203,916300
2013-04-18,84.01000213623047,84.06999969482422,83.9800033569336,84.05000305175781,56.80221176147461,744700
2013-04-19,84.05999755859375,84.05999755859375,83.97000122070312,83.9800033569336,56.75486755371094,1219800
2013-04-22,84.05999755859375,84.08999633789062,84.02999877929688,84.08999633789062,56.82924270629883,872500
2013-04-23,84.08999633789062,84.16999816894531,83.98999786376953,84.06999969482422,56.81572723388672,899100
2013-04-24,84.01000213623047,84.0999984741211,84.0,84.05000305175781,56.80221176147461,851500
2013-04-25,84.05000305175781,84.05000305175781,83.9800033569336,84.0,56.76844024658203,875200
2013-04-26,84.08000183105469,84.16000366210938,84.05999755859375,84.11000061035156,56.84275436401367,732500
2013-04-29,84.19000244140625,84.23999786376953,84.16000366210938,84.18000030517578,56.89003372192383,697900
2013-04-30,84.08999633789062,84.25,84.08999633789062,84.18000030517578,56.89003372192383,792600
2013-05-01,84.0999984741211,84.16000366210938,84.08000183105469,84.16000366210938,56.98622131347656,872300
2013-05-02,84.1500015258789,84.19000244140625,84.11000061035156,84.18000030517578,56.99974060058594,801900
2013-05-03,83.98999786376953,83.98999786376953,83.77999877929688,83.77999877929688,56.72892379760742,894100
2013-05-06,83.80000305175781,83.80999755859375,83.69000244140625,83.7699966430664,56.722110748291016,1101900
2013-05-07,83.69000244140625,83.73999786376953,83.66000366210938,83.69000244140625,56.66794967651367,1174000
2013-05-08,83.70999908447266,83.79000091552734,83.69000244140625,83.7699966430664,56.722110748291016,792000
2013-05-09,83.73999786376953,83.80000305175781,83.62999725341797,83.63999938964844,56.63407516479492,830200
2013-05-10,83.62000274658203,83.62000274658203,83.3499984741211,83.43000030517578,56.49189376831055,804900
2013-05-13,83.31999969482422,83.37000274658203,83.30000305175781,83.33999633789062,56.43098831176758,962500
2013-05-14,83.33000183105469,83.37999725341797,83.1500015258789,83.18000030517578,56.3226203918457,1085600
2013-05-15,83.22000122070312,83.30000305175781,83.13999938964844,83.27999877929688,56.39030838012695,1295000
2013-05-16,83.33000183105469,83.4800033569336,83.33000183105469,83.4000015258789,56.47156524658203,1367000
2013-05-17,83.37000274658203,83.37999725341797,83.19999694824219,83.22000122070312,56.3497200012207,920800
2013-05-20,83.29000091552734,83.33999633789062,83.12000274658203,83.19999694824219,56.33611297607422,1911900
2013-05-21,83.1500015258789,83.31999969482422,83.0999984741211,83.27999877929688,56.39030838012695,757500
2013-05-22,83.30000305175781,83.41000366210938,82.97000122070312,83.0,56.200721740722656,1320000
2013-05-23,83.08000183105469,83.12000274658203,82.93000030517578,82.98999786376953,56.193973541259766,1309000
2013-05-24,83.01000213623047,83.12000274658203,82.95999908447266,83.0,56.200721740722656,941100
2013-05-28,82.94000244140625,82.94999694824219,82.5,82.54000091552734,55.88926696777344,943200
2013-05-29,82.5,82.62000274658203,82.44000244140625,82.61000061035156,55.93669509887695,1453200
2013-05-30,82.55999755859375,82.66999816894531,82.52999877929688,82.54000091552734,55.88926696777344,1593200
2013-05-31,82.62000274658203,82.6500015258789,82.19000244140625,82.4000015258789,55.794464111328125,1391000
2013-06-03,82.0999984741211,82.29000091552734,82.04000091552734,82.16000366210938,55.74358367919922,2786500
2013-06-04,82.16999816894531,82.20999908447266,82.06999969482422,82.12999725341797,55.72324752807617,1378500
2013-06-05,82.11000061035156,82.2300033569336,82.08999633789062,82.0999984741211,55.702850341796875,1224100
2013-06-06,82.16000366210938,82.4000015258789,82.06999969482422,82.20999908447266,55.77753829956055,1101400
2013-06-07,82.0999984741211,82.26000213623047,81.95999908447266,82.0,55.63504409790039,1194600
2013-06-10,81.8499984741211,81.91999816894531,81.77999877929688,81.79000091552734,55.49252700805664,996500
2013-06-11,81.56999969482422,81.83000183105469,81.5,81.83000183105469,55.51970672607422,2045800
2013-06-12,81.73999786376953,81.83000183105469,81.61000061035156,81.66999816894531,55.4111328125,1255800
2013-06-13,81.77999877929688,82.05999755859375,81.73999786376953,82.02999877929688,55.65536880493164,1600400
2013-06-14,82.0999984741211,82.19000244140625,82.05999755859375,82.12000274658203,55.716434478759766,1128700
2013-06-17,82.13999938964844,82.18000030517578,82.01000213623047,82.05999755859375,55.67573165893555,1028600
2013-06-18,81.87999725341797,82.02999877929688,81.87000274658203,81.98999786376953,55.628257751464844,1328400
2013-06-19,82.01000213623047,82.05999755859375,81.33000183105469,81.51000213623047,55.302574157714844,1557800
2013-06-20,80.91000366210938,81.08000183105469,80.76000213623047,80.7699966430664,54.800514221191406,1505200
2013-06-21,80.8499984741211,80.9000015258789,80.41999816894531,80.44000244140625,54.57661437988281,1687300
2013-06-24,79.94000244140625,80.33999633789062,79.79000091552734,80.05000305175781,54.3120231628418,3496300
2013-06-25,80.29000091552734,80.33000183105469,80.08999633789062,80.23999786376953,54.440914154052734,6285500
2013-06-26,80.69000244140625,80.69000244140625,80.33999633789062,80.5199966430664,54.63086700439453,2360500
2013-06-27,80.68000030517578,80.83999633789062,80.6500015258789,80.83999633789062,54.84797286987305,895100
2013-06-28,80.70999908447266,80.97000122070312,80.5999984741211,80.87999725341797,54.87514114379883,1066100
2013-07-01,80.66000366210938,80.87999725341797,80.6500015258789,80.8499984741211,54.96828842163086,1415900
2013-07-02,80.87999725341797,80.94999694824219,80.83000183105469,80.87000274658203,54.98188018798828,874000
2013-07-03,80.87999725341797,80.95999908447266,80.80000305175781,80.80999755859375,54.941070556640625,562300
2013-07-05,80.13999938964844,80.19999694824219,79.87999725341797,79.91000366210938,54.329185485839844,1563000
2013-07-08,80.05999755859375,80.33000183105469,80.05999755859375,80.2699966430664,54.57395553588867,1975500
2013-07-09,80.36000061035156,80.41999816894531,80.31999969482422,80.36000061035156,54.63511657714844,1352500
2013-07-10,80.37999725341797,80.41000366210938,80.16000366210938,80.16000366210938,54.499141693115234,3070900
2013-07-11,80.54000091552734,80.69999694824219,80.45999908447266,80.69999694824219,54.86630630493164,1029600
2013-07-12,80.73999786376953,80.80999755859375,80.5,80.58999633789062,54.791507720947266,1393700
2013-07-15,80.66000366210938,80.81999969482422,80.63999938964844,80.80999755859375,54.941070556640625,2293200
2013-07-16,80.87000274658203,80.94000244140625,80.83999633789062,80.93000030517578,55.02267837524414,1929100
2013-07-17,81.12999725341797,81.19999694824219,81.04000091552734,81.11000061035156,55.145042419433594,1612200
2013-07-18,81.12999725341797,81.13999938964844,80.91999816894531,80.9800033569336,55.05665969848633,1372000
2013-07-19,81.0,81.19000244140625,81.0,81.19000244140625,55.19947814941406,1412000
2013-07-22,81.1500015258789,81.29000091552734,81.1500015258789,81.23999786376953,55.23341751098633,1041200
2013-07-23,81.13999938964844,81.25,81.0999984741211,81.22000122070312,55.219852447509766,1570700
2013-07-24,81.0199966430664,81.04000091552734,80.83000183105469,80.95999908447266,55.04307556152344,1171100
2013-07-25,80.79000091552734,80.98999786376953,80.77999877929688,80.93000030517578,55.02267837524414,777300
2013-07-26,81.0,81.04000091552734,80.91999816894531,80.98999786376953,55.0634651184082,1013900
2013-07-29,80.97000122070312,80.98999786376953,80.87000274658203,80.9800033569336,55.05665969848633,1536900
2013-07-30,80.94000244140625,81.0,80.83000183105469,80.93000030517578,55.02267837524414,1289700
2013-07-31,80.5999984741211,81.0199966430664,80.5999984741211,81.0199966430664,55.0838737487793,1400500
2013-08-01,80.5999984741211,80.68000030517578,80.37000274658203,80.45999908447266,54.815399169921875,1449800
2013-08-02,80.61000061035156,80.7699966430664,80.61000061035156,80.72000122070312,54.992576599121094,1042700
2013-08-05,80.72000122070312,80.7699966430664,80.61000061035156,80.75,55.013023376464844,1503100
2013-08-06,80.66000366210938,80.70999908447266,80.61000061035156,80.69999694824219,54.97891616821289,824900
2013-08-07,80.72000122070312,80.83000183105469,80.70999908447266,80.81999969482422,55.060665130615234,925100
2013-08-08,80.86000061035156,80.95999908447266,80.83999633789062,80.86000061035156,55.08793258666992,731600
2013-08-09,80.79000091552734,80.97000122070312,80.7699966430664,80.95999908447266,55.156105041503906,746900
2013-08-12,80.94999694824219,81.0,80.77999877929688,80.80999755859375,55.053890228271484,1036200
2013-08-13,80.62999725341797,80.62999725341797,80.45999908447266,80.52999877929688,54.863101959228516,900800
2013-08-14,80.51000213623047,80.55999755859375,80.45999908447266,80.48999786376953,54.835880279541016,809100
2013-08-15,80.25,80.3499984741211,80.13999938964844,80.19999694824219,54.63829803466797,913900
2013-08-16,80.20999908447266,80.23999786376953,79.87999725341797,79.98999786376953,54.495243072509766,813800
2013-08-19,79.88999938964844,79.93000030517578,79.7300033569336,79.76000213623047,54.33855056762695,766500
2013-08-20,79.87000274658203,79.98999786376953,79.83999633789062,79.98999786376953,54.495243072509766,982500
2013-08-21,79.88999938964844,79.95999908447266,79.68000030517578,79.68000030517578,54.284027099609375,737300
2013-08-22,79.69000244140625,79.79000091552734,79.5999984741211,79.76000213623047,54.33855056762695,751500
2013-08-23,79.69999694824219,80.02999877929688,79.66000366210938,79.98999786376953,54.495243072509766,1628700
2013-08-26,80.12000274658203,80.1500015258789,80.04000091552734,80.12999725341797,54.59062194824219,683400
2013-08-27,80.20999908447266,80.37000274658203,80.16000366210938,80.33000183105469,54.726871490478516,731300
2013-08-28,80.23999786376953,80.25,80.12000274658203,80.19000244140625,54.63150405883789,768800
2013-08-29,80.0199966430664,80.30999755859375,80.0199966430664,80.2699966430664,54.685997009277344,855000
2013-08-30,80.26000213623047,80.33999633789062,80.1500015258789,80.16000366210938,54.611026763916016,1216800
2013-09-03,79.88999938964844,79.91000366210938,79.62999725341797,79.80999755859375,54.48886489868164,1608800
2013-09-04,79.87000274658203,79.9000015258789,79.6500015258789,79.70999908447266,54.42058563232422,810100
2013-09-05,79.47000122070312,79.5199966430664,79.13999938964844,79.16000366210938,54.04506301879883,1637700
2013-09-06,79.5,79.62000274658203,79.43000030517578,79.45999908447266,54.24989318847656,954100
2013-09-09,79.68000030517578,79.69999694824219,79.61000061035156,79.66000366210938,54.38646697998047,989800
2013-09-10,79.58999633789062,79.63999938964844,79.44000244140625,79.48999786376953,54.27033615112305,1120800
2013-09-11,79.5999984741211,79.70999908447266,79.5,79.70999908447266,54.42058563232422,1474000
2013-09-12,79.79000091552734,79.8499984741211,79.66000366210938,79.69000244140625,54.40690231323242,757000
2013-09-13,79.72000122070312,79.83000183105469,79.69999694824219,79.81999969482422,54.49566650390625,1067000
2013-09-16,80.20999908447266,80.22000122070312,79.87000274658203,79.91999816894531,54.56395721435547,816700
2013-09-17,80.0,80.01000213623047,79.9000015258789,79.98999786376953,54.611732482910156,952700
2013-09-18,79.98999786376953,80.70999908447266,79.83999633789062,80.62999725341797,55.04867172241211,1103800
2013-09-19,80.7699966430664,80.7699966430664,80.48999786376953,80.54000091552734,54.987239837646484,1050200
2013-09-20,80.5199966430664,80.56999969482422,80.44000244140625,80.52999877929688,54.98040771484375,560900
2013-09-23,80.48999786376953,80.62999725341797,80.48999786376953,80.58999633789062,55.0213623046875,833000
2013-09-24,80.69999694824219,80.81999969482422,80.6500015258789,80.76000213623047,55.13744354248047,1052900
2013-09-25,80.80000305175781,80.94999694824219,80.7699966430664,80.93000030517578,55.25349426269531,788300
2013-09-26,80.80000305175781,80.8499984741211,80.7699966430664,80.80999755859375,55.17158889770508,679000
2013-09-27,80.80000305175781,80.91000366210938,80.77999877929688,80.83000183105469,55.18522262573242,488200
2013-09-30,80.83000183105469,80.88999938964844,80.73999786376953,80.87999725341797,55.21937942504883,1218500
2013-10-01,80.6500015258789,80.69000244140625,80.55000305175781,80.61000061035156,55.15234375,1146300
2013-10-02,80.66000366210938,80.77999877929688,80.6500015258789,80.69999694824219,55.21389389038086,984500
2013-10-03,80.62999725341797,80.76000213623047,80.62000274658203,80.73999786376953,55.241302490234375,6070900
2013-10-04,80.62000274658203,80.68000030517578,80.5999984741211,80.6500015258789,55.1796760559082,749000
2013-10-07,80.83000183105469,80.83999633789062,80.69000244140625,80.70999908447266,55.22075653076172,840000
2013-10-08,80.66000366210938,80.76000213623047,80.63999938964844,80.68000030517578,55.200199127197266,841700
2013-10-09,80.69999694824219,80.72000122070312,80.58000183105469,80.62999725341797,55.165985107421875,1117400
2013-10-10,80.5199966430664,80.68000030517578,80.48999786376953,80.6500015258789,55.1796760559082,899700
2013-10-11,80.75,80.81999969482422,80.66000366210938,80.68000030517578,55.200199127197266,762600
2013-10-14,80.68000030517578,80.69999694824219,80.47000122070312,80.5199966430664,55.09073257446289,486600
2013-10-15,80.62999725341797,80.6500015258789,80.5,80.5,55.07708740234375,939600
2013-10-16,80.5199966430664,80.83999633789062,80.4800033569336,80.83999633789062,55.30972671508789,936300
2013-10-17,80.9800033569336,81.13999938964844,80.94999694824219,81.12000274658203,55.50124740600586,717600
2013-10-18,81.18000030517578,81.25,81.13999938964844,81.20999908447266,55.56281280517578,805700
2013-10-21,81.19999694824219,81.19999694824219,81.0999984741211,81.11000061035156,55.49443817138672,952900
2013-10-22,81.31999969482422,81.43000030517578,81.31999969482422,81.37000274658203,55.672306060791016,763900
2013-10-23,81.44999694824219,81.52999877929688,81.4000015258789,81.41000366210938,55.699668884277344,741100
2013-10-24,81.5199966430664,81.52999877929688,81.37999725341797,81.41000366210938,55.699668884277344,706500
2013-10-25,81.45999908447266,81.51000213623047,81.41999816894531,81.5,55.761260986328125,703100
2013-10-28,81.44000244140625,81.5199966430664,81.41999816894531,81.43000030517578,55.71337890625,943100
2013-10-29,81.4000015258789,81.48999786376953,81.37999725341797,81.48999786376953,55.75440979003906,683700
2013-10-30,81.54000091552734,81.58999633789062,81.31999969482422,81.4000015258789,55.692832946777344,907100
2013-10-31,81.47000122070312,81.52999877929688,81.30999755859375,81.4000015258789,55.692832946777344,1615500
2013-11-01,81.16000366210938,81.19000244140625,81.0,81.0,55.54267883300781,1010100
2013-11-04,81.05999755859375,81.11000061035156,81.0199966430664,81.05000305175781,55.576942443847656,701100
2013-11-05,81.0,81.0,80.80999755859375,80.80999755859375,55.412384033203125,2158400
2013-11-06,80.94000244140625,80.98999786376953,80.9000015258789,80.94999694824219,55.50836944580078,1300300
2013-11-07,81.04000091552734,81.12000274658203,80.98999786376953,81.11000061035156,55.618106842041016,839300
2013-11-08,80.69000244140625,80.69999694824219,80.55999755859375,80.58000183105469,55.25465774536133,2391600
2013-11-11,80.58999633789062,80.58999633789062,80.5,80.51000213623047,55.206668853759766,1695300
2013-11-12,80.44999694824219,80.54000091552734,80.43000030517578,80.47000122070312,55.17925262451172,1787400
2013-11-13,80.6500015258789,80.72000122070312,80.5999984741211,80.69000244140625,55.33012008666992,1375900
2013-11-14,80.80000305175781,80.94000244140625,80.76000213623047,80.91999816894531,55.48781967163086,1175300
2013-11-15,80.93000030517578,80.95999908447266,80.87000274658203,80.94999694824219,55.50836944580078,818600
2013-11-18,80.97000122070312,81.12000274658203,80.97000122070312,81.0999984741211,55.61123275756836,875500
2013-11-19,81.02999877929688,81.05999755859375,80.87999725341797,80.94000244140625,55.50153350830078,820200
2013-11-20,80.9000015258789,81.04000091552734,80.68000030517578,80.72000122070312,55.35067367553711,1025000
2013-11-21,80.66999816894531,80.7699966430664,80.56999969482422,80.72000122070312,55.35067367553711,3170500
2013-11-22,80.77999877929688,80.9000015258789,80.7699966430664,80.9000015258789,55.47406768798828,1977800
2013-11-25,80.9000015258789,80.98999786376953,80.88999938964844,80.95999908447266,55.515228271484375,1588700
2013-11-26,80.9800033569336,81.05999755859375,80.97000122070312,80.97000122070312,55.522071838378906,1177800
2013-11-27,81.0199966430664,81.02999877929688,80.83999633789062,80.94000244140625,55.50153350830078,1571100
2013-11-29,80.80999755859375,81.0,80.80999755859375,80.9800033569336,55.528934478759766,1058600
2013-12-02,80.66000366210938,80.70999908447266,80.5,80.5,55.319358825683594,1297500
2013-12-03,80.58999633789062,80.66999816894531,80.55000305175781,80.58000183105469,55.37432098388672,1043700
2013-12-04,80.38999938964844,80.4800033569336,80.33999633789062,80.45999908447266,55.291847229003906,1816600
2013-12-05,80.4000015258789,80.44999694824219,80.30999755859375,80.31999969482422,55.19565200805664,2193800
2013-12-06,80.36000061035156,80.47000122070312,80.30999755859375,80.44000244140625,55.27816390991211,1622700
2013-12-09,80.5199966430664,80.55999755859375,80.47000122070312,80.5199966430664,55.333091735839844,957100
2013-12-10,80.68000030517578,80.72000122070312,80.5999984741211,80.69000244140625,55.44994354248047,957400
2013-12-11,80.6500015258789,80.66999816894531,80.5199966430664,80.55000305175781,55.35370635986328,1326200
2013-12-12,80.41999816894531,80.47000122070312,80.33000183105469,80.33999633789062,55.20939254760742,1917600
2013-12-13,80.43000030517578,80.47000122070312,80.37999725341797,80.43000030517578,55.2712516784668,1117500
2013-12-16,80.5,80.55000305175781,80.41999816894531,80.45999908447266,55.291847229003906,1865100
2013-12-17,80.48999786376953,80.62000274658203,80.45999908447266,80.61000061035156,55.39495849609375,2186000
2013-12-18,80.52999877929688,80.73999786376953,80.41999816894531,80.58000183105469,55.37432098388672,1787000
2013-12-19,80.36000061035156,80.47000122070312,80.30999755859375,80.43000030517578,55.2712516784668,1591400
2013-12-20,80.48999786376953,80.58999633789062,80.44000244140625,80.58000183105469,55.37432098388672,1135800
2013-12-23,80.55999755859375,80.61000061035156,80.44000244140625,80.4800033569336,55.30561065673828,3419000
2013-12-24,80.16000366210938,80.16000366210938,80.06999969482422,80.06999969482422,55.1890983581543,575000
2013-12-26,80.04000091552734,80.06999969482422,79.94999694824219,79.94999694824219,55.106414794921875,2086900
2013-12-27,79.93000030517578,80.01000213623047,79.9000015258789,79.94999694824219,55.106414794921875,1983400
2013-12-30,80.04000091552734,80.0999984741211,80.01000213623047,80.08000183105469,55.19603729248047,2818200
2013-12-31,80.05999755859375,80.12999725341797,79.9800033569336,80.05000305175781,55.17531204223633,1633600
2014-01-02,80.0999984741211,80.18000030517578,80.05000305175781,80.12000274658203,55.22358703613281,1413300
2014-01-03,80.08000183105469,80.20999908447266,80.05999755859375,80.12999725341797,55.230499267578125,1577300
2014-01-06,80.19999694824219,80.26000213623047,80.1500015258789,80.19999694824219,55.278743743896484,1287400
2014-01-07,80.2699966430664,80.30000305175781,80.22000122070312,80.30000305175781,55.34765625,2719600
2014-01-08,80.13999938964844,80.16000366210938,80.04000091552734,80.04000091552734,55.16844940185547,3472700
2014-01-09,80.1500015258789,80.22000122070312,80.08000183105469,80.19000244140625,55.27184295654297,1043900
2014-01-10,80.45999908447266,80.58000183105469,80.43000030517578,80.58000183105469,55.5406494140625,1374900
2014-01-13,80.62999725341797,80.76000213623047,80.5999984741211,80.69000244140625,55.616485595703125,784400
2014-01-14,80.69000244140625,80.70999908447266,80.55999755859375,80.56999969482422,55.53376007080078,798700
2014-01-15,80.48999786376953,80.56999969482422,80.44999694824219,80.5199966430664,55.49930191040039,780600
2014-01-16,80.6500015258789,80.69999694824219,80.62999725341797,80.69999694824219,55.62334060668945,988200
2014-01-17,80.69000244140625,80.79000091552734,80.63999938964844,80.79000091552734,55.68537902832031,668600
2014-01-21,80.73999786376953,80.8499984741211,80.7300033569336,80.79000091552734,55.68537902832031,2570400
2014-01-22,80.69999694824219,80.73999786376953,80.63999938964844,80.6500015258789,55.58889389038086,1637900
2014-01-23,80.77999877929688,80.98999786376953,80.77999877929688,80.87000274658203,55.74052429199219,1552800
2014-01-24,81.0,81.11000061035156,80.98999786376953,81.08000183105469,55.8852653503418,1174900
2014-01-27,81.06999969482422,81.12000274658203,80.91000366210938,80.93000030517578,55.781864166259766,8599900
2014-01-28,81.01000213623047,81.04000091552734,80.91999816894531,81.0,55.830169677734375,4081300
2014-01-29,81.11000061035156,81.23999786376953,81.05000305175781,81.18000030517578,55.9542236328125,3245200
2014-01-30,81.12000274658203,81.18000030517578,81.05000305175781,81.18000030517578,55.9542236328125,2204000
2014-01-31,81.22000122070312,81.33000183105469,81.22000122070312,81.29000091552734,56.03003692626953,3366900
2014-02-03,81.12000274658203,81.37999725341797,81.05999755859375,81.37999725341797,56.2103157043457,4118600
2014-02-04,81.30000305175781,81.31999969482422,81.20999908447266,81.25,56.12052536010742,1923700
2014-02-05,81.23999786376953,81.26000213623047,81.08000183105469,81.08000183105469,56.00308609008789,1353800
2014-02-06,81.05000305175781,81.08000183105469,80.9800033569336,81.05000305175781,55.98236846923828,2321400
2014-02-07,81.08000183105469,81.19999694824219,81.05000305175781,81.1500015258789,56.05145263671875,921100
2014-02-10,81.1500015258789,81.20999908447266,81.11000061035156,81.19999694824219,56.0859260559082,1302200
2014-02-11,81.02999877929688,81.06999969482422,80.97000122070312,81.02999877929688,55.96855926513672,5401900
2014-02-12,80.94999694824219,80.94999694824219,80.80000305175781,80.88999938964844,55.87181854248047,3057200
2014-02-13,81.0199966430664,81.0999984741211,81.01000213623047,81.08999633789062,56.00998306274414,3466300
2014-02-14,81.11000061035156,81.12000274658203,81.04000091552734,81.05999755859375,55.98926544189453,4205900
2014-02-18,81.0999984741211,81.22000122070312,81.08000183105469,81.16999816894531,56.065242767333984,2767900
2014-02-19,81.26000213623047,81.3499984741211,81.08000183105469,81.0999984741211,56.01687240600586,1985600
2014-02-20,81.05000305175781,81.0999984741211,80.95999908447266,81.08999633789062,56.00998306274414,1079500
2014-02-21,81.0,81.1500015258789,80.9800033569336,81.1500015258789,56.05145263671875,592600
2014-02-24,81.13999938964844,81.1500015258789,81.08000183105469,81.12999725341797,56.0376091003418,3138000
2014-02-25,81.2300033569336,81.31999969482422,81.19000244140625,81.29000091552734,56.14815902709961,1424300
2014-02-26,81.2699966430664,81.47000122070312,81.2699966430664,81.45999908447266,56.2655143737793,987100
2014-02-27,81.55999755859375,81.55999755859375,81.47000122070312,81.55999755859375,56.33460235595703,670700
2014-02-28,81.48999786376953,81.5,81.38999938964844,81.5,56.2932014465332,2445800
2014-03-03,81.44000244140625,81.52999877929688,81.36000061035156,81.5,56.41225814819336,1398800
2014-03-04,81.37000274658203,81.37999725341797,81.20999908447266,81.22000122070312,56.218387603759766,1083400
2014-03-05,81.19999694824219,81.33000183105469,81.13999938964844,81.33000183105469,56.29454040527344,1623500
2014-03-06,81.13999938964844,81.18000030517578,81.08000183105469,81.12999725341797,56.15614318847656,1739100
2014-03-07,80.9000015258789,80.94999694824219,80.86000061035156,80.88999938964844,55.99000549316406,1926100
2014-03-10,80.9000015258789,80.94999694824219,80.87999725341797,80.94000244140625,56.024635314941406,2006400
2014-03-11,80.94000244140625,80.97000122070312,80.87999725341797,80.93000030517578,56.0176887512207,2263600
2014-03-12,81.05999755859375,81.12000274658203,81.01000213623047,81.0999984741211,56.13534164428711,2303700
2014-03-13,81.01000213623047,81.36000061035156,81.01000213623047,81.33999633789062,56.301517486572266,2204100
2014-03-14,81.41000366210938,81.43000030517578,81.27999877929688,81.29000091552734,56.266910552978516,1835300
2014-03-17,81.26000213623047,81.29000091552734,81.16000366210938,81.18000030517578,56.19075393676758,2693700
2014-03-18,81.19999694824219,81.29000091552734,81.18000030517578,81.2699966430664,56.25307846069336,1487900
2014-03-19,81.25,81.26000213623047,80.8499984741211,80.88999938964844,55.99000549316406,2357300
2014-03-20,80.9000015258789,80.91000366210938,80.80999755859375,80.81999969482422,55.94156265258789,826700
2014-03-21,80.88999938964844,81.05999755859375,80.86000061035156,81.05000305175781,56.10075759887695,1149700
2014-03-24,80.94999694824219,81.11000061035156,80.91999816894531,81.05999755859375,56.10770797729492,4480700
2014-03-25,81.02999877929688,81.13999938964844,81.0,81.04000091552734,56.09382629394531,1477200
2014-03-26,81.12999725341797,81.29000091552734,81.0999984741211,81.26000213623047,56.24614715576172,3725100
2014-03-27,81.2300033569336,81.37000274658203,81.19999694824219,81.33999633789062,56.301517486572266,2935700
2014-03-28,81.37000274658203,81.37000274658203,81.13999938964844,81.19000244140625,56.197669982910156,1387200
2014-03-31,81.0999984741211,81.22000122070312,81.05999755859375,81.19000244140625,56.197669982910156,2791900
2014-04-01,80.94000244140625,80.97000122070312,80.87999725341797,80.91000366210938,56.135231018066406,2824000
2014-04-02,80.8499984741211,80.87999725341797,80.70999908447266,80.75,56.024234771728516,3058800
2014-04-03,80.79000091552734,80.87000274658203,80.75,80.81999969482422,56.07278060913086,1978900
2014-04-04,80.94000244140625,81.11000061035156,80.94000244140625,81.05999755859375,56.23929977416992,936500
2014-04-07,81.08999633789062,81.25,81.08999633789062,81.20999908447266,56.34333801269531,1099400
2014-04-08,81.2300033569336,81.30000305175781,81.16000366210938,81.2699966430664,56.3850212097168,674200
2014-04-09,81.19000244140625,81.31999969482422,81.12999725341797,81.25,56.371124267578125,3904300
2014-04-10,81.36000061035156,81.56999969482422,81.31999969482422,81.5,56.54458999633789,1101400
2014-04-11,81.5999984741211,81.62000274658203,81.48999786376953,81.55000305175781,56.57924270629883,1570700
2014-04-14,81.54000091552734,81.58999633789062,81.48999786376953,81.54000091552734,56.572322845458984,2437000
2014-04-15,81.4800033569336,81.66999816894531,81.45999908447266,81.58000183105469,56.600067138671875,2219600
2014-04-16,81.47000122070312,81.55999755859375,81.44999694824219,81.52999877929688,56.56538772583008,2892500
2014-04-17,81.56999969482422,81.56999969482422,81.25,81.31999969482422,56.41969299316406,1054500
2014-04-21,81.33000183105469,81.41999816894531,81.30000305175781,81.33999633789062,56.43358612060547,3440000
2014-04-22,81.26000213623047,81.3499984741211,81.23999786376953,81.33999633789062,56.43358612060547,1573300
2014-04-23,81.41000366210938,81.51000213623047,81.4000015258789,81.47000122070312,56.52374267578125,1792600
2014-04-24,81.38999938964844,81.48999786376953,81.3499984741211,81.48999786376953,56.53764343261719,814300
2014-04-25,81.54000091552734,81.62999725341797,81.51000213623047,81.5199966430664,56.55845642089844,1456300
2014-04-28,81.48999786376953,81.54000091552734,81.4000015258789,81.43000030517578,56.49602127075195,851800
2014-04-29,81.33999633789062,81.4800033569336,81.33999633789062,81.47000122070312,56.52374267578125,840500
2014-04-30,81.54000091552734,81.6500015258789,81.4800033569336,81.6500015258789,56.64863204956055,1861000
2014-05-01,81.5,81.69000244140625,81.4800033569336,81.66999816894531,56.786277770996094,1774100
2014-05-02,81.52999877929688,81.80000305175781,81.47000122070312,81.76000213623047,56.84889221191406,1517900
2014-05-05,81.77999877929688,81.79000091552734,81.62999725341797,81.66999816894531,56.786277770996094,1813300
2014-05-06,81.69999694824219,81.7699966430664,81.68000030517578,81.75,56.841915130615234,1304000
2014-05-07,81.75,81.86000061035156,81.69999694824219,81.79000091552734,56.86973571777344,1070900
2014-05-08,81.86000061035156,81.94999694824219,81.7699966430664,81.83000183105469,56.897560119628906,1937800
2014-05-09,81.77999877929688,81.80999755859375,81.72000122070312,81.7300033569336,56.828033447265625,1523700
2014-05-12,81.69000244140625,81.69999694824219,81.58999633789062,81.6500015258789,56.77240753173828,996800
2014-05-13,81.72000122070312,81.80999755859375,81.72000122070312,81.80000305175781,56.87668228149414,1551700
2014-05-14,81.91000366210938,82.08000183105469,81.91000366210938,82.01000213623047,57.02269744873047,1266000
2014-05-15,82.0999984741211,82.27999877929688,82.0999984741211,82.16000366210938,57.12701416015625,1113300
2014-05-16,82.1500015258789,82.20999908447266,82.11000061035156,82.16000366210938,57.12701416015625,754200
2014-05-19,82.23999786376953,82.2699966430664,82.0999984741211,82.12999725341797,57.10615158081055,1171300
2014-05-20,82.05999755859375,82.2300033569336,82.05999755859375,82.16999816894531,57.13395690917969,1292900
2014-05-21,82.04000091552734,82.11000061035156,82.01000213623047,82.0999984741211,57.08528137207031,1189300
2014-05-22,82.08000183105469,82.0999984741211,82.0,82.05000305175781,57.050498962402344,493300
2014-05-23,82.0999984741211,82.13999938964844,82.05999755859375,82.12999725341797,57.10615158081055,841900
2014-05-27,82.13999938964844,82.22000122070312,82.05999755859375,82.20999908447266,57.16176986694336,884200
2014-05-28,82.31999969482422,82.51000213623047,82.31999969482422,82.4800033569336,57.34952926635742,708300
2014-05-29,82.5,82.5999984741211,82.4000015258789,82.41000366210938,57.30081558227539,1413700
2014-05-30,82.33999633789062,82.4000015258789,82.30000305175781,82.33000183105469,57.245208740234375,1462600
2014-06-02,82.05999755859375,82.12999725341797,81.93000030517578,81.94999694824219,57.10513687133789,1071100
2014-06-03,81.87999725341797,81.9000015258789,81.73999786376953,81.75,56.965782165527344,652700
2014-06-04,81.80000305175781,81.80999755859375,81.68000030517578,81.76000213623047,56.972740173339844,1466400
2014-06-05,81.73999786376953,81.87999725341797,81.7300033569336,81.8499984741211,57.03547286987305,611600
2014-06-06,82.0,82.0199966430664,81.81999969482422,81.83999633789062,57.02850341796875,1039800
2014-06-09,81.81999969482422,81.81999969482422,81.70999908447266,81.7699966430664,56.97972869873047,1205400
2014-06-10,81.66999816894531,81.69999694824219,81.5999984741211,81.61000061035156,56.86820602416992,1505400
2014-06-11,81.70999908447266,81.7300033569336,81.62000274658203,81.63999938964844,56.889137268066406,1646000
2014-06-12,81.69999694824219,81.88999938964844,81.6500015258789,81.8499984741211,57.03547286987305,1693500
2014-06-13,81.68000030517578,81.86000061035156,81.66999816894531,81.83000183105469,57.02153396606445,835600
2014-06-16,81.80000305175781,81.87000274658203,81.76000213623047,81.80999755859375,57.007572174072266,3534000
2014-06-17,81.72000122070312,81.73999786376953,81.62000274658203,81.62000274658203,56.87519836425781,612900
2014-06-18,81.70999908447266,81.8499984741211,81.66000366210938,81.83000183105469,57.02153396606445,1495900
2014-06-19,81.95999908447266,81.97000122070312,81.69000244140625,81.76000213623047,56.972740173339844,3345400
2014-06-20,81.69999694824219,81.81999969482422,81.69999694824219,81.80999755859375,57.007572174072266,2863700
2014-06-23,81.9000015258789,81.91000366210938,81.76000213623047,81.77999877929688,56.9866828918457,1136900
2014-06-24,81.88999938964844,81.94999694824219,81.80000305175781,81.93000030517578,57.091217041015625,1305800
2014-06-25,82.11000061035156,82.12999725341797,81.98999786376953,82.04000091552734,57.16787338256836,1928000
2014-06-26,82.11000061035156,82.19999694824219,82.06999969482422,82.1500015258789,57.24454116821289,533200
2014-06-27,82.19999694824219,82.23999786376953,82.12999725341797,82.1500015258789,57.24454116821289,633900
2014-06-30,82.19999694824219,82.2300033569336,82.12999725341797,82.22000122070312,57.29332733154297,904900
2014-07-01,81.91999816894531,81.9800033569336,81.87000274658203,81.88999938964844,57.18294906616211,1288100
2014-07-02,81.80000305175781,81.80000305175781,81.66000366210938,81.66999816894531,57.02933883666992,981800
2014-07-03,81.55000305175781,81.63999938964844,81.5,81.56999969482422,56.95951461791992,667100
2014-07-07,81.63999938964844,81.69000244140625,81.62999725341797,81.66999816894531,57.02933883666992,1656900
2014-07-08,81.80999755859375,81.87999725341797,81.77999877929688,81.81999969482422,57.13405227661133,1397600
2014-07-09,81.80999755859375,81.93000030517578,81.75,81.9000015258789,57.18995666503906,1275800
2014-07-10,82.01000213623047,82.05000305175781,81.9000015258789,81.91999816894531,57.20391845703125,665400
2014-07-11,82.02999877929688,82.0999984741211,81.98999786376953,82.04000091552734,57.2877082824707,958600
2014-07-14,82.0,82.0,81.88999938964844,81.91999816894531,57.20391845703125,994700
2014-07-15,81.87000274658203,81.9800033569336,81.79000091552734,81.86000061035156,57.162010192871094,3125400
2014-07-16,81.88999938964844,81.91999816894531,81.83999633789062,81.88999938964844,57.18294906616211,767200
2014-07-17,82.05000305175781,82.16999816894531,81.9800033569336,82.11000061035156,57.33658218383789,841700
2014-07-18,82.1500015258789,82.1500015258789,82.0199966430664,82.11000061035156,57.33658218383789,1146600
2014-07-21,82.12999725341797,82.22000122070312,82.11000061035156,82.11000061035156,57.33658218383789,2327800
2014-07-22,82.16999816894531,82.22000122070312,82.08999633789062,82.22000122070312,57.41343688964844,776700
2014-07-23,82.26000213623047,82.29000091552734,82.16999816894531,82.18000030517578,57.38545227050781,1361700
2014-07-24,82.0999984741211,82.0999984741211,81.9800033569336,82.0199966430664,57.27375411987305,800900
2014-07-25,82.12999725341797,82.18000030517578,82.08999633789062,82.16999816894531,57.378456115722656,1414500
2014-07-28,82.19999694824219,82.22000122070312,82.08999633789062,82.1500015258789,57.364540100097656,1249900
2014-07-29,82.2300033569336,82.2699966430664,82.12000274658203,82.22000122070312,57.41343688964844,1271300
2014-07-30,82.06999969482422,82.06999969482422,81.8499984741211,81.91000366210938,57.1969108581543,1913600
2014-07-31,81.7699966430664,81.91999816894531,81.75,81.81999969482422,57.13405227661133,3113700
2014-08-01,81.77999877929688,81.95999908447266,81.66000366210938,81.91999816894531,57.32441711425781,3550300
2014-08-04,81.97000122070312,82.08999633789062,81.93000030517578,82.02999877929688,57.40141677856445,4089900
2014-08-05,81.97000122070312,82.0199966430664,81.87000274658203,81.91999816894531,57.32441711425781,3960800
2014-08-06,82.04000091552734,82.08000183105469,81.9800033569336,82.01000213623047,57.38740158081055,2925900
2014-08-07,82.05000305175781,82.19999694824219,81.98999786376953,82.19000244140625,57.513328552246094,2207500
2014-08-08,82.2300033569336,82.33000183105469,82.12000274658203,82.12999725341797,57.47135925292969,1608500
2014-08-11,82.18000030517578,82.2300033569336,82.11000061035156,82.16999816894531,57.49934005737305,928800
2014-08-12,82.18000030517578,82.18000030517578,82.08000183105469,82.0999984741211,57.45036697387695,2365300
2014-08-13,82.16999816894531,82.27999877929688,82.12000274658203,82.25,57.55534744262695,944100
2014-08-14,82.37000274658203,82.37999725341797,82.20999908447266,82.33000183105469,57.61128616333008,2623800
2014-08-15,82.38999938964844,82.63999938964844,82.3499984741211,82.4800033569336,57.716346740722656,6875700
2014-08-18,82.41000366210938,82.43000030517578,82.30000305175781,82.30999755859375,57.59729766845703,4011900
2014-08-19,82.4000015258789,82.41000366210938,82.23999786376953,82.30000305175781,57.59033966064453,1674900
2014-08-20,82.26000213623047,82.29000091552734,82.12999725341797,82.18000030517578,57.506385803222656,5183000
2014-08-21,82.22000122070312,82.30999755859375,82.20999908447266,82.2699966430664,57.56932067871094,3563500
2014-08-22,82.2699966430664,82.33000183105469,82.12999725341797,82.2699966430664,57.56932067871094,1193000
2014-08-25,82.31999969482422,82.33999633789062,82.26000213623047,82.30000305175781,57.59033966064453,1897400
2014-08-26,82.37999725341797,82.38999938964844,82.30000305175781,82.33999633789062,57.618316650390625,1317100
2014-08-27,82.41000366210938,82.48999786376953,82.36000061035156,82.47000122070312,57.70928192138672,1062900
2014-08-28,82.5999984741211,82.62000274658203,82.5199966430664,82.58000183105469,57.78627014160156,685500
2014-08-29,82.54000091552734,82.62999725341797,82.52999877929688,82.58000183105469,57.78627014160156,1081300
2014-09-02,82.25,82.25,82.11000061035156,82.12000274658203,57.58920669555664,1211100
2014-09-03,82.08999633789062,82.26000213623047,82.05999755859375,82.26000213623047,57.687400817871094,972800
2014-09-04,82.19000244140625,82.2300033569336,82.08000183105469,82.12000274658203,57.58920669555664,1882600
2014-09-05,82.16000366210938,82.20999908447266,82.04000091552734,82.08999633789062,57.56816482543945,1872800
2014-09-08,82.19000244140625,82.22000122070312,82.01000213623047,82.02999877929688,57.52607345581055,2740700
2014-09-09,81.91999816894531,81.97000122070312,81.87000274658203,81.88999938964844,57.427921295166016,1288600
2014-09-10,81.80000305175781,81.80000305175781,81.73999786376953,81.73999786376953,57.32271194458008,2719000
2014-09-11,81.8499984741211,81.86000061035156,81.68000030517578,81.68000030517578,57.280643463134766,2529000
2014-09-12,81.5999984741211,81.62999725341797,81.51000213623047,81.55000305175781,57.18949890136719,1921700
2014-09-15,81.5999984741211,81.62999725341797,81.55000305175781,81.58999633789062,57.217491149902344,2550500
2014-09-16,81.5999984741211,81.68000030517578,81.55000305175781,81.55999755859375,57.19648742675781,1077700
2014-09-17,81.6500015258789,81.69000244140625,81.45999908447266,81.45999908447266,57.12635040283203,2606500
2014-09-18,81.47000122070312,81.4800033569336,81.41000366210938,81.47000122070312,57.133384704589844,1802900
2014-09-19,81.51000213623047,81.63999938964844,81.45999908447266,81.63999938964844,57.25257873535156,1238900
2014-09-22,81.69999694824219,81.7699966430664,81.66999816894531,81.73999786376953,57.32271194458008,638400
2014-09-23,81.77999877929688,81.80000305175781,81.72000122070312,81.77999877929688,57.350765228271484,986900
2014-09-24,81.79000091552734,81.83000183105469,81.69999694824219,81.7300033569336,57.31572723388672,3552500
2014-09-25,81.81999969482422,81.94000244140625,81.80999755859375,81.93000030517578,57.45597839355469,3152500
2014-09-26,81.8499984741211,81.91000366210938,81.7699966430664,81.8499984741211,57.399818420410156,3500300
2014-09-29,81.95999908447266,81.9800033569336,81.91000366210938,81.94999694824219,57.47002029418945,9772600
2014-09-30,81.93000030517578,82.0199966430664,81.9000015258789,81.93000030517578,57.45597839355469,8536000
2014-10-01,81.97000122070312,82.12999725341797,81.97000122070312,82.12000274658203,57.702579498291016,5094500
2014-10-02,82.18000030517578,82.2300033569336,82.04000091552734,82.05999755859375,57.660430908203125,2731500
2014-10-03,81.97000122070312,82.06999969482422,81.91999816894531,82.01000213623047,57.625301361083984,3526900
2014-10-06,82.0999984741211,82.25,82.05000305175781,82.19999694824219,57.75883865356445,3645800
2014-10-07,82.31999969482422,82.44999694824219,82.26000213623047,82.41000366210938,57.90636444091797,3012400
2014-10-08,82.45999908447266,82.62999725341797,82.29000091552734,82.62999725341797,58.060935974121094,1586800
2014-10-09,82.58999633789062,82.61000061035156,82.45999908447266,82.5,57.969547271728516,2160900
2014-10-10,82.5,82.58999633789062,82.4800033569336,82.56999969482422,58.01876449584961,1538200
2014-10-13,82.69000244140625,82.83999633789062,82.66999816894531,82.80999755859375,58.187477111816406,1178400
2014-10-14,82.9000015258789,82.91999816894531,82.79000091552734,82.91999816894531,58.26474380493164,5402700
2014-10-15,83.58000183105469,84.06999969482422,83.01000213623047,83.11000061035156,58.39820861816406,5461400
2014-10-16,83.3499984741211,83.37000274658203,82.91000366210938,82.97000122070312,58.29984664916992,3699800
2014-10-17,82.91999816894531,83.0,82.80999755859375,82.91000366210938,58.25770568847656,2143400
2014-10-20,83.0199966430664,83.05000305175781,82.91999816894531,82.9800033569336,58.306888580322266,1379300
2014-10-21,82.91000366210938,82.97000122070312,82.83999633789062,82.86000061035156,58.22257614135742,1647700
2014-10-22,82.75,82.87999725341797,82.73999786376953,82.83999633789062,58.208473205566406,2292400
2014-10-23,82.7699966430664,82.7699966430664,82.54000091552734,82.58999633789062,58.03286361694336,6617200
2014-10-24,82.6500015258789,82.75,82.5999984741211,82.66000366210938,58.08205795288086,2202100
2014-10-27,82.66000366210938,82.70999908447266,82.5999984741211,82.62999725341797,58.060935974121094,2454200
2014-10-28,82.63999938964844,82.66999816894531,82.56999969482422,82.58000183105469,58.02581787109375,2201200
2014-10-29,82.55000305175781,82.55999755859375,82.33999633789062,82.44000244140625,57.927452087402344,2219900
2014-10-30,82.55000305175781,82.58999633789062,82.47000122070312,82.5,57.969547271728516,4741900
2014-10-31,82.44000244140625,82.47000122070312,82.33999633789062,82.36000061035156,57.871238708496094,4598600
2014-11-03,82.19999694824219,82.23999786376953,82.04000091552734,82.1500015258789,57.84518814086914,3063600
2014-11-04,82.19999694824219,82.27999877929688,82.12999725341797,82.12999725341797,57.831119537353516,3231100
2014-11-05,82.16000366210938,82.23999786376953,82.11000061035156,82.2300033569336,57.90147399902344,2566600
2014-11-06,82.0999984741211,82.16999816894531,82.01000213623047,82.04000091552734,57.767730712890625,2183500
2014-11-07,82.16000366210938,82.33000183105469,82.12000274658203,82.31999969482422,57.964874267578125,1772400
2014-11-10,82.3499984741211,82.36000061035156,82.13999938964844,82.1500015258789,57.84518814086914,2490600
2014-11-11,82.0999984741211,82.23999786376953,82.08999633789062,82.19000244140625,57.87336349487305,1102500
2014-11-12,82.27999877929688,82.31999969482422,82.16000366210938,82.18000030517578,57.866268157958984,809800
2014-11-13,82.22000122070312,82.29000091552734,82.18000030517578,82.23999786376953,57.9085807800293,1665300
2014-11-14,82.19000244140625,82.31999969482422,82.1500015258789,82.26000213623047,57.92264175415039,1519100
2014-11-17,82.38999938964844,82.38999938964844,82.2300033569336,82.26000213623047,57.92264175415039,1787000
2014-11-18,82.33999633789062,82.37999725341797,82.30000305175781,82.37999725341797,58.007137298583984,1607500
2014-11-19,82.19999694824219,82.33999633789062,82.1500015258789,82.16999816894531,57.85927200317383,1368600
2014-11-20,82.37000274658203,82.4000015258789,82.20999908447266,82.2699966430664,57.9296989440918,914900
2014-11-21,82.30999755859375,82.45999908447266,82.30999755859375,82.44999694824219,58.056396484375,3286200
2014-11-24,82.37999725341797,82.48999786376953,82.3499984741211,82.45999908447266,58.063419342041016,1118300
2014-11-25,82.41999816894531,82.6500015258789,82.4000015258789,82.61000061035156,58.16908264160156,1010800
2014-11-26,82.72000122070312,82.77999877929688,82.69999694824219,82.7300033569336,58.2535400390625,1149600
2014-11-28,82.81999969482422,82.9000015258789,82.80999755859375,82.87000274658203,58.35214614868164,726300
2014-12-01,82.80999755859375,82.83000183105469,82.56999969482422,82.58000183105469,58.264678955078125,3682100
2014-12-02,82.5,82.5,82.38999938964844,82.4000015258789,58.1376953125,5205900
2014-12-03,82.37000274658203,82.41999816894531,82.33000183105469,82.37999725341797,58.12356948852539,3877200
2014-12-04,82.41000366210938,82.56999969482422,82.38999938964844,82.5199966430664,58.22234344482422,1558300
2014-12-05,82.4000015258789,82.4000015258789,82.18000030517578,82.27999877929688,58.05299758911133,3695700
2014-12-08,82.30000305175781,82.5,82.25,82.44999694824219,58.17292022705078,2838200
2014-12-09,82.52999877929688,82.62000274658203,82.44000244140625,82.4800033569336,58.194114685058594,3727800
2014-12-10,82.5199966430664,82.7300033569336,82.5,82.69999694824219,58.349342346191406,4081900
2014-12-11,82.5999984741211,82.66000366210938,82.51000213623047,82.62000274658203,58.29287338256836,3280600
2014-12-12,82.80999755859375,82.9800033569336,82.69999694824219,82.9000015258789,58.49044418334961,6232900
2014-12-15,82.83999633789062,82.88999938964844,82.70999908447266,82.75,58.38459014892578,5511400
2014-12-16,82.9800033569336,82.9800033569336,82.79000091552734,82.94000244140625,58.51865005493164,6532800
2014-12-17,82.91000366210938,82.95999908447266,82.68000030517578,82.73999786376953,58.37753677368164,3942400
2014-12-18,82.61000061035156,82.66000366210938,82.54000091552734,82.61000061035156,58.28584289550781,1625500
2014-12-19,82.5999984741211,82.79000091552734,82.58000183105469,82.79000091552734,58.41282653808594,2204800
2014-12-22,82.69999694824219,82.79000091552734,82.68000030517578,82.75,58.38459014892578,2157100
2014-12-23,82.29000091552734,82.31999969482422,82.0,82.01000213623047,58.130149841308594,6121200
2014-12-24,81.98999786376953,82.04000091552734,81.8499984741211,82.04000091552734,58.15141296386719,2280200
2014-12-26,82.11000061035156,82.19000244140625,82.05000305175781,82.11000061035156,58.20104217529297,1300800
2014-12-29,82.23999786376953,82.3499984741211,82.16000366210938,82.25,58.300254821777344,2730600
2014-12-30,82.44000244140625,82.4800033569336,82.29000091552734,82.30999755859375,58.34280776977539,5854700
2014-12-31,82.4000015258789,82.44999694824219,82.3499984741211,82.37000274658203,58.38534164428711,1708900
2015-01-02,82.43000030517578,82.69000244140625,82.41999816894531,82.6500015258789,58.5837516784668,2218800
2015-01-05,82.73999786376953,82.91999816894531,82.69999694824219,82.88999938964844,58.75391387939453,5820100
2015-01-06,83.02999877929688,83.37999725341797,83.02999877929688,83.12999725341797,58.92401123046875,3887600
2015-01-07,83.13999938964844,83.27999877929688,83.05000305175781,83.18000030517578,58.959449768066406,2433400
2015-01-08,83.11000061035156,83.11000061035156,82.97000122070312,83.05000305175781,58.867332458496094,1873400
2015-01-09,83.01000213623047,83.29000091552734,83.0,83.19000244140625,58.966556549072266,1646100
2015-01-12,83.25,83.33000183105469,83.19999694824219,83.30000305175781,59.044490814208984,4397900
2015-01-13,83.30999755859375,83.47000122070312,83.2300033569336,83.37999725341797,59.10123062133789,2223400
2015-01-14,83.63999938964844,83.72000122070312,83.55000305175781,83.56999969482422,59.23586654663086,2481200
2015-01-15,83.55000305175781,83.95999908447266,83.55000305175781,83.94000244140625,59.498165130615234,4214500
2015-01-16,83.80999755859375,83.8499984741211,83.58000183105469,83.69000244140625,59.32097244262695,3631300
2015-01-20,83.69999694824219,83.83000183105469,83.56999969482422,83.5999984741211,59.25718307495117,3029500
2015-01-21,83.79000091552734,83.80000305175781,83.43000030517578,83.44000244140625,59.14379119873047,2473900
2015-01-22,83.62999725341797,83.62999725341797,83.37000274658203,83.45999908447266,59.157955169677734,2157400
2015-01-23,83.63999938964844,83.7699966430664,83.61000061035156,83.7300033569336,59.34933090209961,6255000
2015-01-26,83.7300033569336,83.75,83.58000183105469,83.62999725341797,59.27843475341797,7810500
2015-01-27,83.86000061035156,83.88999938964844,83.62999725341797,83.68000030517578,59.31385040283203,1154100
2015-01-28,83.63999938964844,84.08999633789062,83.62000274658203,83.9800033569336,59.526512145996094,1394600
2015-01-29,83.94000244140625,83.97000122070312,83.76000213623047,83.88999938964844,59.462745666503906,1551300
2015-01-30,84.19999694824219,84.3499984741211,84.11000061035156,84.3499984741211,59.788761138916016,10474400
2015-02-02,83.94999694824219,84.18000030517578,83.91000366210938,84.08000183105469,59.717803955078125,6070500
2015-02-03,83.93000030517578,83.98999786376953,83.7699966430664,83.81999969482422,59.53309631347656,1237200
2015-02-04,83.6500015258789,83.86000061035156,83.55999755859375,83.8499984741211,59.554439544677734,2945700
2015-02-05,83.69000244140625,83.76000213623047,83.61000061035156,83.66999816894531,59.426517486572266,2128200
2015-02-06,83.37999725341797,83.41999816894531,83.11000061035156,83.12999725341797,59.043025970458984,2907700
2015-02-09,83.2699966430664,83.29000091552734,83.05999755859375,83.0999984741211,59.021732330322266,1384600
2015-02-10,83.0,83.04000091552734,82.9000015258789,82.94999694824219,58.9151496887207,1447900
2015-02-11,83.0,83.05000305175781,82.88999938964844,82.94999694824219,58.9151496887207,1904000
2015-02-12,82.98999786376953,83.0999984741211,82.95999908447266,82.98999786376953,58.943603515625,4662900
2015-02-13,83.02999877929688,83.02999877929688,82.80000305175781,82.80000305175781,58.80863571166992,1883000
2015-02-17,82.77999877929688,82.80000305175781,82.44000244140625,82.47000122070312,58.57425308227539,5281500
2015-02-18,82.58999633789062,82.81999969482422,82.48999786376953,82.69999694824219,58.73762512207031,3813000
2015-02-19,82.73999786376953,82.80999755859375,82.5999984741211,82.62999725341797,58.687889099121094,1322700
2015-02-20,82.75,82.87999725341797,82.52999877929688,82.6500015258789,58.70208740234375,3145800
2015-02-23,82.80000305175781,82.88999938964844,82.75,82.81999969482422,58.82284927368164,3952700
2015-02-24,82.81999969482422,83.22000122070312,82.68000030517578,83.16000366210938,59.0643424987793,2542200
2015-02-25,83.1500015258789,83.26000213623047,83.08000183105469,83.23999786376953,59.121124267578125,4934600
2015-02-26,83.13999938964844,83.23999786376953,83.0,83.01000213623047,58.95778274536133,2187500
2015-02-27,83.02999877929688,83.11000061035156,82.93000030517578,83.08000183105469,59.00750732421875,4094400
2015-03-02,82.95999908447266,83.0,82.62999725341797,82.6500015258789,58.8167610168457,2476100
2015-03-03,82.62999725341797,82.70999908447266,82.52999877929688,82.55000305175781,58.74564743041992,2648100
2015-03-04,82.5999984741211,82.66000366210938,82.51000213623047,82.55000305175781,58.74564743041992,1425400
2015-03-05,82.56999969482422,82.68000030517578,82.5,82.5999984741211,58.78120803833008,1340800
2015-03-06,82.30999755859375,82.30999755859375,82.02999877929688,82.12000274658203,58.43960952758789,1580000
2015-03-09,82.27999877929688,82.30000305175781,82.18000030517578,82.22000122070312,58.51081085205078,1982300
2015-03-10,82.44999694824219,82.55000305175781,82.43000030517578,82.54000091552734,58.73850631713867,3766100
2015-03-11,82.54000091552734,82.69000244140625,82.51000213623047,82.62999725341797,58.80254364013672,4829700
2015-03-12,82.87000274658203,82.88999938964844,82.6500015258789,82.69000244140625,58.845245361328125,8421500
2015-03-13,82.61000061035156,82.7699966430664,82.58000183105469,82.61000061035156,58.788333892822266,2114500
2015-03-16,82.81999969482422,82.87000274658203,82.66999816894531,82.7699966430664,58.90218734741211,1203700
2015-03-17,82.77999877929688,82.83999633789062,82.73999786376953,82.83999633789062,58.951969146728516,1471300
2015-03-18,82.93000030517578,83.3499984741211,82.7699966430664,83.3499984741211,59.314937591552734,5534300
2015-03-19,83.30000305175781,83.31999969482422,83.05000305175781,83.0999984741211,59.13705825805664,1208100
2015-03-20,83.1500015258789,83.33000183105469,83.1500015258789,83.31999969482422,59.29353332519531,1011200
2015-03-23,83.36000061035156,83.37000274658203,83.22000122070312,83.36000061035156,59.3220329284668,1572700
2015-03-24,83.41000366210938,83.55000305175781,83.33000183105469,83.5,59.42167282104492,2300500
2015-03-25,83.5999984741211,83.5999984741211,83.3499984741211,83.37000274658203,59.32917022705078,1559900
2015-03-26,83.25,83.26000213623047,83.0199966430664,83.0999984741211,59.13705825805664,2342500
2015-03-27,83.18000030517578,83.29000091552734,83.12999725341797,83.18000030517578,59.19394302368164,6542300
2015-03-30,83.30000305175781,83.31999969482422,83.20999908447266,83.27999877929688,59.265113830566406,1634800
2015-03-31,83.30000305175781,83.44000244140625,83.23999786376953,83.37000274658203,59.32917022705078,1996000
2015-04-01,83.37000274658203,83.55000305175781,83.3499984741211,83.51000213623047,59.56526184082031,3132700
2015-04-02,83.54000091552734,83.55000305175781,83.37000274658203,83.4000015258789,59.48676681518555,791200
2015-04-06,83.5999984741211,83.61000061035156,83.38999938964844,83.47000122070312,59.53675079345703,1768800
2015-04-07,83.4000015258789,83.54000091552734,83.33000183105469,83.5199966430664,59.5723876953125,977400
2015-04-08,83.5199966430664,83.54000091552734,83.33999633789062,83.45999908447266,59.52960968017578,3470700
2015-04-09,83.4800033569336,83.4800033569336,83.19999694824219,83.27999877929688,59.40121078491211,1025400
2015-04-10,83.3499984741211,83.37999725341797,83.19999694824219,83.23999786376953,59.3726806640625,4290100
2015-04-13,83.30000305175781,83.3499984741211,83.19999694824219,83.26000213623047,59.3869514465332,6046400
2015-04-14,83.52999877929688,83.58999633789062,83.4000015258789,83.41000366210938,59.49391174316406,1398100
2015-04-15,83.55000305175781,83.58000183105469,83.45999908447266,83.48999786376953,59.55097198486328,1022400
2015-04-16,83.51000213623047,83.55999755859375,83.37999725341797,83.47000122070312,59.53675079345703,1289900
2015-04-17,83.44999694824219,83.66000366210938,83.4000015258789,83.61000061035156,59.63657760620117,1693900
2015-04-20,83.55000305175781,83.58999633789062,83.41999816894531,83.5199966430664,59.5723876953125,2463600
2015-04-21,83.4800033569336,83.5199966430664,83.36000061035156,83.41999816894531,59.50105285644531,1788000
2015-04-22,83.38999938964844,83.4000015258789,83.11000061035156,83.11000061035156,59.27995300292969,1501300
2015-04-23,83.19000244140625,83.37000274658203,83.13999938964844,83.2699966430664,59.39404296875,5518000
2015-04-24,83.37999725341797,83.4800033569336,83.33000183105469,83.4000015258789,59.48676681518555,1597900
2015-04-27,83.44000244140625,83.44000244140625,83.27999877929688,83.33999633789062,59.443965911865234,1591400
2015-04-28,83.2699966430664,83.29000091552734,83.05999755859375,83.08000183105469,59.258541107177734,1217700
2015-04-29,82.83000183105469,82.91999816894531,82.72000122070312,82.81999969482422,59.07310485839844,1905200
2015-04-30,82.69000244140625,82.91000366210938,82.56999969482422,82.91000366210938,59.13727951049805,4229900
2015-05-01,82.55999755859375,82.62999725341797,82.41999816894531,82.5,58.9578742980957,7173200
2015-05-04,82.56999969482422,82.5999984741211,82.36000061035156,82.37999725341797,58.87218475341797,1190000
2015-05-05,82.41999816894531,82.41999816894531,82.13999938964844,82.25,58.77926254272461,4175700
2015-05-06,82.19999694824219,82.19999694824219,81.94999694824219,82.0199966430664,58.6148796081543,3938900
2015-05-07,82.0999984741211,82.25,82.08000183105469,82.19000244140625,58.73639678955078,3602900
2015-05-08,82.4800033569336,82.55000305175781,82.3499984741211,82.41000366210938,58.89360809326172,1735900
2015-05-11,82.25,82.31999969482422,81.91999816894531,81.9800033569336,58.58631134033203,929200
2015-05-12,81.8499984741211,82.02999877929688,81.75,81.87999725341797,58.514869689941406,2139600
2015-05-13,82.11000061035156,82.16000366210938,81.80000305175781,81.83999633789062,58.48625946044922,2372000
2015-05-14,81.94999694824219,82.05999755859375,81.9000015258789,82.0,58.60060119628906,1485300
2015-05-15,82.16000366210938,82.37000274658203,82.13999938964844,82.33000183105469,58.8364372253418,1402700
2015-05-18,82.26000213623047,82.26000213623047,82.0199966430664,82.02999877929688,58.62205123901367,3747700
2015-05-19,81.80000305175781,81.97000122070312,81.76000213623047,81.8499984741211,58.49339294433594,4856500
2015-05-20,81.87999725341797,81.95999908447266,81.77999877929688,81.8499984741211,58.49339294433594,4097400
2015-05-21,82.0,82.16000366210938,81.94999694824219,82.11000061035156,58.67920684814453,2314100
2015-05-22,82.05999755859375,82.08999633789062,81.91000366210938,82.05999755859375,58.64348220825195,816600
2015-05-26,82.05999755859375,82.30999755859375,82.02999877929688,82.26000213623047,58.786399841308594,1178300
2015-05-27,82.27999877929688,82.33999633789062,82.13999938964844,82.30000305175781,58.81499481201172,2564500
2015-05-28,82.33000183105469,82.37999725341797,82.25,82.30999755859375,58.822139739990234,1073300
2015-05-29,82.41999816894531,82.45999908447266,82.29000091552734,82.33999633789062,58.84357833862305,2494300
2015-06-01,82.19000244140625,82.19000244140625,81.86000061035156,81.9000015258789,58.647369384765625,1362800
2015-06-02,81.80000305175781,81.83000183105469,81.5999984741211,81.66999816894531,58.482669830322266,1510000
2015-06-03,81.5199966430664,81.52999877929688,81.22000122070312,81.30999755859375,58.22488784790039,1390000
2015-06-04,81.41999816894531,81.61000061035156,81.4000015258789,81.51000213623047,58.368106842041016,1111300
2015-06-05,81.2699966430664,81.3499984741211,81.0999984741211,81.19000244140625,58.138980865478516,4115300
2015-06-08,81.2699966430664,81.33999633789062,81.2300033569336,81.29000091552734,58.210548400878906,4954500
2015-06-09,81.19999694824219,81.19999694824219,81.01000213623047,81.05000305175781,58.03873062133789,2883300
2015-06-10,80.91999816894531,81.0,80.83000183105469,80.87999725341797,57.91697311401367,1222800
2015-06-11,81.0,81.2699966430664,80.94000244140625,81.26000213623047,58.1890983581543,1815900
2015-06-12,81.16999816894531,81.41999816894531,81.12000274658203,81.19999694824219,58.1461067199707,1785100
2015-06-15,81.37999725341797,81.43000030517578,81.19000244140625,81.20999908447266,58.15324401855469,2082900
2015-06-16,81.33999633789062,81.41999816894531,81.2300033569336,81.41999816894531,58.30363845825195,2250700
2015-06-17,81.37999725341797,81.47000122070312,81.0999984741211,81.44999694824219,58.32513427734375,865700
2015-06-18,81.37000274658203,81.44000244140625,81.19999694824219,81.38999938964844,58.28218078613281,1210300
2015-06-19,81.55000305175781,81.6500015258789,81.51000213623047,81.62000274658203,58.446861267089844,1176700
2015-06-22,81.41999816894531,81.48999786376953,81.20999908447266,81.2300033569336,58.16758346557617,1020000
2015-06-23,81.04000091552734,81.2300033569336,81.0,81.04000091552734,58.031517028808594,1096000
2015-06-24,81.1500015258789,81.2300033569336,81.08000183105469,81.19000244140625,58.138980865478516,6836900
2015-06-25,81.16000366210938,81.19999694824219,81.04000091552734,81.08000183105469,58.060184478759766,2894500
2015-06-26,80.94000244140625,80.9800033569336,80.8499984741211,80.93000030517578,57.95273208618164,963000
2015-06-29,81.19000244140625,81.4000015258789,81.08000183105469,81.33999633789062,58.24637985229492,2168400
2015-06-30,81.26000213623047,81.4800033569336,81.23999786376953,81.26000213623047,58.1890983581543,1547800
2015-07-01,80.87000274658203,81.02999877929688,80.83000183105469,80.9000015258789,58.04774475097656,5399300
2015-07-02,81.05999755859375,81.18000030517578,81.05999755859375,81.0999984741211,58.19120407104492,1060100
2015-07-06,81.44000244140625,81.44000244140625,81.22000122070312,81.37999725341797,58.39211654663086,2210700
2015-07-07,81.69000244140625,81.7699966430664,81.45999908447266,81.45999908447266,58.44953155517578,4183200
2015-07-08,81.63999938964844,81.76000213623047,81.55999755859375,81.69000244140625,58.614566802978516,1967800
2015-07-09,81.55999755859375,81.58000183105469,81.37999725341797,81.41999816894531,58.42081832885742,1670900
2015-07-10,81.0199966430664,81.16000366210938,80.94999694824219,81.04000091552734,58.14815902709961,2038300
2015-07-13,80.86000061035156,81.01000213623047,80.83999633789062,80.8499984741211,58.0118293762207,2846500
2015-07-14,81.0,81.06999969482422,80.95999908447266,81.0,58.119468688964844,1567700
2015-07-15,81.01000213623047,81.26000213623047,80.9800033569336,81.2300033569336,58.28450393676758,2631000
2015-07-16,81.06999969482422,81.27999877929688,81.05000305175781,81.2300033569336,58.28450393676758,1063100
2015-07-17,81.25,81.31999969482422,81.19999694824219,81.23999786376953,58.29170608520508,807900
2015-07-20,81.19000244140625,81.22000122070312,81.08000183105469,81.12999725341797,58.21276092529297,1026900
2015-07-21,81.12000274658203,81.33000183105469,81.0999984741211,81.27999877929688,58.32039260864258,1422900
2015-07-22,81.31999969482422,81.43000030517578,81.30000305175781,81.30999755859375,58.3419189453125,1624100
2015-07-23,81.3499984741211,81.54000091552734,81.29000091552734,81.5,58.47822952270508,1178400
2015-07-24,81.58999633789062,81.61000061035156,81.5,81.55000305175781,58.51410675048828,804300
2015-07-27,81.69000244140625,81.72000122070312,81.61000061035156,81.70999908447266,58.628902435302734,2022800
2015-07-28,81.61000061035156,81.6500015258789,81.55999755859375,81.56999969482422,58.52845001220703,1434700
2015-07-29,81.56999969482422,81.58000183105469,81.44000244140625,81.5,58.47822952270508,1020500
2015-07-30,81.4800033569336,81.58000183105469,81.44000244140625,81.52999877929688,58.49977111816406,788000
2015-07-31,81.77999877929688,81.83000183105469,81.72000122070312,81.80999755859375,58.70064163208008,1589100
2015-08-03,81.69999694824219,81.8499984741211,81.63999938964844,81.83000183105469,58.836570739746094,2085800
2015-08-04,81.76000213623047,81.77999877929688,81.52999877929688,81.55000305175781,58.63523483276367,1007300
2015-08-05,81.44999694824219,81.47000122070312,81.30999755859375,81.41999816894531,58.541748046875,2097000
2015-08-06,81.44000244140625,81.55000305175781,81.41999816894531,81.47000122070312,58.57774353027344,1173000
2015-08-07,81.5999984741211,81.70999908447266,81.55000305175781,81.63999938964844,58.69995880126953,1773800
2015-08-10,81.58000183105469,81.61000061035156,81.41999816894531,81.47000122070312,58.57774353027344,1173300
2015-08-11,81.73999786376953,81.88999938964844,81.70999908447266,81.77999877929688,58.800621032714844,1424200
2015-08-12,81.91999816894531,82.02999877929688,81.7300033569336,81.75,58.77901077270508,1029700
2015-08-13,81.66999816894531,81.75,81.55000305175781,81.58000183105469,58.65681076049805,845500
2015-08-14,81.55000305175781,81.66999816894531,81.51000213623047,81.55000305175781,58.63523483276367,2279800
2015-08-17,81.73999786376953,81.77999877929688,81.66000366210938,81.69999694824219,58.74307632446289,821900
2015-08-18,81.5999984741211,81.66000366210938,81.5199966430664,81.55000305175781,58.63523483276367,1083900
2015-08-19,81.47000122070312,81.87000274658203,81.41999816894531,81.83999633789062,58.84375762939453,1356600
2015-08-20,81.87000274658203,81.97000122070312,81.83999633789062,81.91000366210938,58.89405059814453,1536900
2015-08-21,81.97000122070312,82.08999633789062,81.87000274658203,82.04000091552734,58.987548828125,3459200
2015-08-24,82.30000305175781,82.43000030517578,81.93000030517578,82.0199966430664,58.973182678222656,4751800
2015-08-25,81.91999816894531,81.91999816894531,81.5999984741211,81.75,58.77901077270508,5325500
2015-08-26,81.54000091552734,81.73999786376953,81.3499984741211,81.4000015258789,58.52738571166992,2742500
2015-08-27,81.37000274658203,81.62000274658203,81.3499984741211,81.51000213623047,58.60649108886719,2671000
2015-08-28,81.69000244140625,81.73999786376953,81.51000213623047,81.55000305175781,58.63523483276367,2723900
2015-08-31,81.68000030517578,81.69999694824219,81.43000030517578,81.44000244140625,58.556148529052734,3103700
2015-09-01,81.38999938964844,81.54000091552734,81.33999633789062,81.47000122070312,58.69881057739258,2577700
2015-09-02,81.38999938964844,81.5,81.33000183105469,81.41000366210938,58.65556716918945,1934700
2015-09-03,81.5199966430664,81.56999969482422,81.4000015258789,81.47000122070312,58.69881057739258,2503000
2015-09-04,81.61000061035156,81.69999694824219,81.4800033569336,81.66999816894531,58.84292221069336,1213800
2015-09-08,81.5199966430664,81.5199966430664,81.41000366210938,81.47000122070312,58.69881057739258,1194600
2015-09-09,81.22000122070312,81.56999969482422,81.19999694824219,81.44999694824219,58.684410095214844,4265400
2015-09-10,81.43000030517578,81.43000030517578,81.27999877929688,81.27999877929688,58.56194305419922,1889000
2015-09-11,81.48999786376953,81.52999877929688,81.41999816894531,81.44999694824219,58.684410095214844,1411500
2015-09-14,81.55000305175781,81.55999755859375,81.44000244140625,81.47000122070312,58.69881057739258,905900
2015-09-15,81.38999938964844,81.4000015258789,81.05999755859375,81.12999725341797,58.4538459777832,1697300
2015-09-16,81.06999969482422,81.13999938964844,81.0,81.08000183105469,58.417808532714844,1579000
2015-09-17,81.04000091552734,81.54000091552734,81.0199966430664,81.54000091552734,58.7492561340332,1833200
2015-09-18,81.62999725341797,81.77999877929688,81.58999633789062,81.7699966430664,58.91492462158203,1639800
2015-09-21,81.62000274658203,81.66999816894531,81.41000366210938,81.47000122070312,58.69881057739258,933800
2015-09-22,81.5999984741211,81.77999877929688,81.58000183105469,81.62000274658203,58.80686950683594,1444000
2015-09-23,81.66000366210938,81.69999694824219,81.55000305175781,81.62000274658203,58.80686950683594,709000
2015-09-24,81.83999633789062,81.86000061035156,81.62999725341797,81.6500015258789,58.8285026550293,1454400
2015-09-25,81.5999984741211,81.62999725341797,81.5,81.5,58.72040939331055,1134000
2015-09-28,81.62999725341797,81.7699966430664,81.54000091552734,81.70999908447266,58.871700286865234,1305000
2015-09-29,81.72000122070312,81.87999725341797,81.69999694824219,81.7699966430664,58.91492462158203,1256600
2015-09-30,81.79000091552734,81.94000244140625,81.75,81.93000030517578,59.03023910522461,4432000
2015-10-01,81.88999938964844,81.95999908447266,81.80000305175781,81.80999755859375,59.06196975708008,2023700
2015-10-02,82.16999816894531,82.33999633789062,82.0,82.12000274658203,59.28581619262695,1770400
2015-10-05,82.0199966430664,82.0199966430664,81.80000305175781,81.80000305175781,59.054805755615234,4199900
2015-10-06,81.9000015258789,81.98999786376953,81.80000305175781,81.91000366210938,59.134151458740234,1925300
2015-10-07,81.87000274658203,81.97000122070312,81.80000305175781,81.91000366210938,59.134151458740234,1871000
2015-10-08,81.91999816894531,81.97000122070312,81.73999786376953,81.77999877929688,59.040321350097656,1118100
2015-10-09,81.68000030517578,81.83999633789062,81.68000030517578,81.7699966430664,59.03312683105469,1197400
2015-10-12,81.83999633789062,81.97000122070312,81.80000305175781,81.91000366210938,59.134151458740234,864100
2015-10-13,81.94000244140625,82.0,81.86000061035156,81.95999908447266,59.170318603515625,971700
2015-10-14,82.08000183105469,82.26000213623047,82.04000091552734,82.26000213623047,59.38685989379883,786300
2015-10-15,82.1500015258789,82.22000122070312,82.05999755859375,82.0999984741211,59.271358489990234,2264300
2015-10-16,82.05999755859375,82.1500015258789,82.04000091552734,82.06999969482422,59.249691009521484,1241200
2015-10-19,82.08000183105469,82.12000274658203,81.9800033569336,82.06999969482422,59.249691009521484,840100
2015-10-20,81.94000244140625,81.9800033569336,81.9000015258789,81.94000244140625,59.15586471557617,1348200
2015-10-21,82.08999633789062,82.18000030517578,82.02999877929688,82.08999633789062,59.264122009277344,943500
2015-10-22,82.08999633789062,82.29000091552734,82.08999633789062,82.2300033569336,59.365238189697266,1101300
2015-10-23,82.08000183105469,82.08000183105469,82.0,82.0199966430664,59.21360397338867,1367100
2015-10-26,82.13999938964844,82.19999694824219,82.11000061035156,82.11000061035156,59.278602600097656,1512200
2015-10-27,82.26000213623047,82.27999877929688,82.12999725341797,82.12999725341797,59.29304122924805,929400
2015-10-28,82.18000030517578,82.18000030517578,81.88999938964844,81.9000015258789,59.12699890136719,2617300
2015-10-29,81.80000305175781,81.80000305175781,81.56999969482422,81.61000061035156,58.917606353759766,943200
2015-10-30,81.61000061035156,81.79000091552734,81.58999633789062,81.79000091552734,59.04755783081055,1474100
2015-11-02,81.44000244140625,81.54000091552734,81.41000366210938,81.45999908447266,58.93107604980469,2939200
2015-11-03,81.4000015258789,81.44000244140625,81.26000213623047,81.31999969482422,58.82978057861328,3997100
2015-11-04,81.38999938964844,81.44000244140625,81.2300033569336,81.37000274658203,58.86600112915039,3594400
2015-11-05,81.3499984741211,81.37000274658203,81.11000061035156,81.22000122070312,58.75745391845703,1715400
2015-11-06,80.9800033569336,81.0199966430664,80.83000183105469,80.9000015258789,58.52593994140625,1198700
2015-11-09,80.7699966430664,80.93000030517578,80.75,80.83000183105469,58.475303649902344,2358300
2015-11-10,80.93000030517578,81.04000091552734,80.83999633789062,80.91999816894531,58.5404167175293,1421000
2015-11-11,80.93000030517578,80.97000122070312,80.87000274658203,80.93000030517578,58.547630310058594,1303500
2015-11-12,81.04000091552734,81.05999755859375,80.94000244140625,80.94000244140625,58.55489730834961,1263900
2015-11-13,81.01000213623047,81.12000274658203,81.01000213623047,81.08999633789062,58.663414001464844,1583300
2015-11-16,81.12000274658203,81.19999694824219,81.05000305175781,81.08999633789062,58.663414001464844,949100
2015-11-17,81.02999877929688,81.23999786376953,80.95999908447266,81.18000030517578,58.7285270690918,1155900
2015-11-18,81.12999725341797,81.19000244140625,81.06999969482422,81.13999938964844,58.69959259033203,944100
2015-11-19,81.27999877929688,81.30000305175781,81.2300033569336,81.25,58.77913284301758,1085500
2015-11-20,81.31999969482422,81.31999969482422,81.19999694824219,81.2300033569336,58.764671325683594,1273800
2015-11-23,81.20999908447266,81.30999755859375,81.1500015258789,81.26000213623047,58.786399841308594,1647300
2015-11-24,81.29000091552734,81.3499984741211,81.25,81.29000091552734,58.808101654052734,1361900
2015-11-25,81.33000183105469,81.36000061035156,81.2699966430664,81.30000305175781,58.81533432006836,904600
2015-11-27,81.37000274658203,81.38999938964844,81.30999755859375,81.33999633789062,58.84427261352539,516000
2015-11-30,81.33000183105469,81.37999725341797,81.26000213623047,81.30000305175781,58.81533432006836,6285200
2015-12-01,81.16999816894531,81.44999694824219,81.13999938964844,81.44000244140625,59.03788757324219,1780200
2015-12-02,81.4000015258789,81.41000366210938,81.27999877929688,81.33999633789062,58.965389251708984,1413700
2015-12-03,81.1500015258789,81.1500015258789,80.68000030517578,80.70999908447266,58.50870132446289,2510600
2015-12-04,80.87000274658203,81.04000091552734,80.79000091552734,81.02999877929688,58.74068832397461,3815200
2015-12-07,81.05999755859375,81.29000091552734,81.04000091552734,81.16999816894531,58.842140197753906,1543300
2015-12-08,81.25,81.2699966430664,81.11000061035156,81.19000244140625,58.8566780090332,1687300
2015-12-09,81.11000061035156,81.26000213623047,80.97000122070312,81.16000366210938,58.83489990234375,2076900
2015-12-10,81.22000122070312,81.22000122070312,81.12999725341797,81.1500015258789,58.827667236328125,2004100
2015-12-11,81.37000274658203,81.41999816894531,81.2699966430664,81.37000274658203,58.987159729003906,1994400
2015-12-14,81.19999694824219,81.26000213623047,80.9800033569336,80.98999786376953,58.7116813659668,2974600
2015-12-15,80.87999725341797,80.95999908447266,80.81999969482422,80.9000015258789,58.64640808105469,1806300
2015-12-16,80.87000274658203,81.0,80.69000244140625,80.80999755859375,58.58121109008789,2332700
2015-12-17,80.91999816894531,81.0199966430664,80.88999938964844,80.9800033569336,58.70441436767578,2290500
2015-12-18,81.08999633789062,81.16999816894531,81.0199966430664,81.16000366210938,58.83489990234375,3211500
2015-12-21,81.19000244140625,81.2300033569336,81.04000091552734,81.06999969482422,58.76968002319336,3158300
2015-12-22,81.02999877929688,81.04000091552734,80.94000244140625,80.95999908447266,58.68990707397461,2348600
2015-12-23,80.62000274658203,80.73999786376953,80.58999633789062,80.73999786376953,58.69719696044922,2538600
2015-12-24,80.75,80.83000183105469,80.69999694824219,80.80000305175781,58.7408447265625,1361700
2015-12-28,80.70999908447266,80.87999725341797,80.70999908447266,80.80000305175781,58.7408447265625,1580600
2015-12-29,80.7300033569336,80.7300033569336,80.51000213623047,80.55000305175781,58.559085845947266,2586600
2015-12-30,80.52999877929688,80.6500015258789,80.47000122070312,80.5999984741211,58.595401763916016,2367200
2015-12-31,80.7300033569336,80.80999755859375,80.63999938964844,80.76000213623047,58.71171569824219,2419700
2016-01-04,80.79000091552734,80.93000030517578,80.69999694824219,80.72000122070312,58.68266296386719,2750500
2016-01-05,80.76000213623047,80.9000015258789,80.69999694824219,80.81999969482422,58.7553596496582,1513600
2016-01-06,81.02999877929688,81.18000030517578,80.9800033569336,81.18000030517578,59.01707458496094,2391100
2016-01-07,81.12000274658203,81.19999694824219,80.97000122070312,81.19000244140625,59.02436065673828,2792900
2016-01-08,81.13999938964844,81.31999969482422,81.0999984741211,81.29000091552734,59.0970344543457,1405100
2016-01-11,81.11000061035156,81.16000366210938,80.94999694824219,80.94999694824219,58.84986114501953,2146900
2016-01-12,81.08000183105469,81.33000183105469,81.0,81.16000366210938,59.00251770019531,1645300
2016-01-13,81.19999694824219,81.44999694824219,81.16000366210938,81.36000061035156,59.147926330566406,2887800
2016-01-14,81.33999633789062,81.47000122070312,81.22000122070312,81.26000213623047,59.075233459472656,4545800
2016-01-15,81.5,81.5199966430664,81.36000061035156,81.4000015258789,59.177001953125,1773900
2016-01-19,81.4000015258789,81.4000015258789,81.2300033569336,81.30000305175781,59.10430145263672,3856700
2016-01-20,81.52999877929688,81.61000061035156,81.30000305175781,81.38999938964844,59.16972351074219,7796900
2016-01-21,81.52999877929688,81.55999755859375,81.33000183105469,81.33999633789062,59.13338851928711,3062600
2016-01-22,81.31999969482422,81.33000183105469,81.19999694824219,81.30999755859375,59.11161804199219,3004100
2016-01-25,81.4000015258789,81.43000030517578,81.30000305175781,81.30999755859375,59.11161804199219,2164700
2016-01-26,81.41000366210938,81.47000122070312,81.31999969482422,81.43000030517578,59.198848724365234,2659100
2016-01-27,81.3499984741211,81.5,81.25,81.43000030517578,59.198848724365234,1734400
2016-01-28,81.41000366210938,81.52999877929688,81.37000274658203,81.48999786376953,59.242462158203125,1487600
2016-01-29,81.76000213623047,81.80000305175781,81.6500015258789,81.7300033569336,59.41692352294922,3634300
2016-02-01,81.5199966430664,81.62999725341797,81.33000183105469,81.38999938964844,59.295997619628906,2255300
2016-02-02,81.66999816894531,81.72000122070312,81.58000183105469,81.66999816894531,59.49995803833008,2554600
2016-02-03,81.66000366210938,81.93000030517578,81.55999755859375,81.7300033569336,59.54370880126953,3238200
2016-02-04,81.73999786376953,81.86000061035156,81.69000244140625,81.79000091552734,59.58738708496094,1179000
2016-02-05,81.69999694824219,81.80000305175781,81.5999984741211,81.70999908447266,59.529083251953125,2360200
2016-02-08,81.91999816894531,82.13999938964844,81.8499984741211,82.05999755859375,59.784095764160156,2519500
2016-02-09,82.20999908447266,82.22000122070312,81.97000122070312,82.05000305175781,59.77680587768555,2354500
2016-02-10,82.0999984741211,82.2300033569336,81.91999816894531,82.22000122070312,59.90068435668945,2553900
2016-02-11,82.5,82.58000183105469,82.22000122070312,82.2699966430664,59.93709945678711,1887700
2016-02-12,82.16000366210938,82.19999694824219,81.88999938964844,82.0,59.74040222167969,1474600
2016-02-16,81.88999938964844,81.93000030517578,81.80000305175781,81.87999725341797,59.65300750732422,1488800
2016-02-17,81.80999755859375,81.87999725341797,81.66000366210938,81.86000061035156,59.63842010498047,2158200
2016-02-18,81.86000061035156,82.1500015258789,81.86000061035156,82.13999938964844,59.84238052368164,1819100
2016-02-19,82.05999755859375,82.1500015258789,82.0,82.02999877929688,59.76226806640625,1862600
2016-02-22,82.05000305175781,82.08999633789062,81.97000122070312,82.05000305175781,59.77680587768555,1596900
2016-02-23,81.94000244140625,82.2300033569336,81.9000015258789,82.0999984741211,59.8132209777832,2243700
2016-02-24,82.23999786376953,82.48999786376953,82.11000061035156,82.16000366210938,59.856964111328125,2434300
2016-02-25,82.23999786376953,82.38999938964844,82.2300033569336,82.27999877929688,59.94440460205078,2407600
2016-02-26,82.12000274658203,82.20999908447266,82.02999877929688,82.19999694824219,59.886138916015625,1628400
2016-02-29,82.12999725341797,82.31999969482422,82.12999725341797,82.25,59.92254638671875,1827800
2016-03-01,82.16999816894531,82.16999816894531,81.7300033569336,81.80999755859375,59.72177505493164,2546300
2016-03-02,81.75,81.80999755859375,81.6500015258789,81.76000213623047,59.685264587402344,2137300
2016-03-03,81.77999877929688,81.94000244140625,81.73999786376953,81.80000305175781,59.71446990966797,2750500
2016-03-04,81.8499984741211,81.87000274658203,81.6500015258789,81.76000213623047,59.685264587402344,1147700
2016-03-07,81.70999908447266,81.77999877929688,81.66999816894531,81.73999786376953,59.670684814453125,1303200
2016-03-08,82.06999969482422,82.12999725341797,82.0,82.01000213623047,59.86777877807617,1713100
2016-03-09,81.88999938964844,82.0,81.83999633789062,81.87000274658203,59.76558303833008,2010000
2016-03-10,81.95999908447266,82.0199966430664,81.76000213623047,81.83000183105469,59.736366271972656,1785600
2016-03-11,81.9000015258789,81.9000015258789,81.72000122070312,81.72000122070312,59.656089782714844,1422300
2016-03-14,81.83000183105469,81.97000122070312,81.80000305175781,81.9000015258789,59.78741455078125,1534200
2016-03-15,81.9800033569336,82.01000213623047,81.79000091552734,81.81999969482422,59.729034423828125,1870200
2016-03-16,81.76000213623047,82.13999938964844,81.70999908447266,82.13999938964844,59.962669372558594,1402900
2016-03-17,82.20999908447266,82.33999633789062,82.18000030517578,82.31999969482422,60.094112396240234,1571000
2016-03-18,82.38999938964844,82.45999908447266,82.31999969482422,82.38999938964844,60.145137786865234,1219400
2016-03-21,82.30000305175781,82.30000305175781,82.20999908447266,82.23999786376953,60.03569793701172,1613600
2016-03-22,82.38999938964844,82.41999816894531,82.19000244140625,82.22000122070312,60.02109146118164,2150200
2016-03-23,82.2699966430664,82.41000366210938,82.2300033569336,82.4000015258789,60.152469635009766,1234500
2016-03-24,82.5199966430664,82.5199966430664,82.20999908447266,82.30000305175781,60.07947540283203,1752300
2016-03-28,82.29000091552734,82.44000244140625,82.27999877929688,82.33999633789062,60.10866928100586,2369600
2016-03-29,82.44999694824219,82.73999786376953,82.41999816894531,82.68000030517578,60.356895446777344,1841800
2016-03-30,82.62999725341797,82.73999786376953,82.54000091552734,82.6500015258789,60.33498764038086,1624300
2016-03-31,82.72000122070312,82.91999816894531,82.69000244140625,82.80999755859375,60.45174789428711,3037600
2016-04-01,82.6500015258789,82.79000091552734,82.52999877929688,82.7300033569336,60.51981735229492,3027400
2016-04-04,82.7699966430664,82.86000061035156,82.69999694824219,82.7300033569336,60.51981735229492,1452400
2016-04-05,82.95999908447266,82.98999786376953,82.87999725341797,82.87999725341797,60.62954330444336,2149200
2016-04-06,82.9000015258789,82.91999816894531,82.80000305175781,82.83999633789062,60.60028839111328,1833100
2016-04-07,83.08000183105469,83.1500015258789,83.0,83.11000061035156,60.79779052734375,1533400
2016-04-08,83.05999755859375,83.06999969482422,82.97000122070312,83.04000091552734,60.746578216552734,1402100
2016-04-11,82.98999786376953,83.06999969482422,82.93000030517578,83.02999877929688,60.7392692565918,1214400
2016-04-12,82.91999816894531,82.9800033569336,82.81999969482422,82.9000015258789,60.644187927246094,2388000
2016-04-13,82.87000274658203,83.0,82.80000305175781,82.94999694824219,60.680721282958984,1749400
2016-04-14,82.94999694824219,82.9800033569336,82.8499984741211,82.87999725341797,60.62954330444336,1617200
2016-04-15,82.98999786376953,83.13999938964844,82.95999908447266,83.06999969482422,60.768524169921875,1181000
2016-04-18,83.0199966430664,83.04000091552734,82.95999908447266,83.04000091552734,60.746578216552734,1395400
2016-04-19,83.04000091552734,83.08999633789062,82.94000244140625,83.08999633789062,60.783145904541016,1163600
2016-04-20,83.11000061035156,83.1500015258789,82.86000061035156,82.86000061035156,60.614906311035156,2388600
2016-04-21,82.80000305175781,82.86000061035156,82.68000030517578,82.76000213623047,60.54177474975586,1683900
2016-04-22,82.81999969482422,82.87999725341797,82.70999908447266,82.7300033569336,60.51981735229492,5115300
2016-04-25,82.72000122070312,82.7699966430664,82.62000274658203,82.62999725341797,60.446651458740234,2483300
2016-04-26,82.66999816894531,82.66999816894531,82.44000244140625,82.51000213623047,60.35889434814453,1689600
2016-04-27,82.61000061035156,82.80999755859375,82.55000305175781,82.76000213623047,60.54177474975586,1456400
2016-04-28,82.77999877929688,82.97000122070312,82.73999786376953,82.91000366210938,60.65148162841797,1625800
2016-04-29,82.87000274658203,82.9800033569336,82.81999969482422,82.97000122070312,60.695377349853516,2856900
2016-05-02,82.77999877929688,82.77999877929688,82.62999725341797,82.66000366210938,60.58837890625,2443700
2016-05-03,82.94999694824219,82.95999908447266,82.83999633789062,82.88999938964844,60.75695037841797,1765500
2016-05-04,82.94000244140625,83.01000213623047,82.83000183105469,82.91999816894531,60.7789306640625,2868300
2016-05-05,82.95999908447266,83.0999984741211,82.87000274658203,83.06999969482422,60.88888168334961,1270700
2016-05-06,83.06999969482422,83.0999984741211,82.97000122070312,83.02999877929688,60.859588623046875,1520600
2016-05-09,83.11000061035156,83.13999938964844,83.02999877929688,83.08999633789062,60.903533935546875,1373200
2016-05-10,83.08999633789062,83.16000366210938,83.02999877929688,83.08999633789062,60.903533935546875,1889300
2016-05-11,83.13999938964844,83.26000213623047,83.06999969482422,83.11000061035156,60.9182014465332,2381000
2016-05-12,83.0999984741211,83.18000030517578,83.05999755859375,83.12000274658203,60.92554473876953,1653300
2016-05-13,83.16000366210938,83.23999786376953,83.08999633789062,83.20999908447266,60.991458892822266,1397400
2016-05-16,83.1500015258789,83.1500015258789,83.0199966430664,83.02999877929688,60.859588623046875,3132000
2016-05-17,83.12999725341797,83.12999725341797,82.94000244140625,82.97000122070312,60.81559371948242,1735900
2016-05-18,82.91999816894531,82.91999816894531,82.5199966430664,82.58000183105469,60.529720306396484,1685900
2016-05-19,82.62999725341797,82.69000244140625,82.58999633789062,82.66999816894531,60.59568405151367,1464000
2016-05-20,82.66000366210938,82.7699966430664,82.62000274658203,82.66999816894531,60.59568405151367,2044000
2016-05-23,82.7300033569336,82.7699966430664,82.62999725341797,82.69000244140625,60.61034393310547,1310700
2016-05-24,82.69000244140625,82.69999694824219,82.55999755859375,82.6500015258789,60.5810432434082,2656800
2016-05-25,82.66999816894531,82.69999694824219,82.58999633789062,82.62000274658203,60.55901336669922,1474800
2016-05-26,82.72000122070312,82.81999969482422,82.66999816894531,82.76000213623047,60.661659240722656,1571700
2016-05-27,82.80000305175781,82.80999755859375,82.6500015258789,82.7300033569336,60.63968276977539,2045600
2016-05-31,82.66000366210938,82.88999938964844,82.5999984741211,82.80000305175781,60.69096374511719,1361400
2016-06-01,82.73999786376953,82.77999877929688,82.5999984741211,82.66000366210938,60.7122802734375,1625600
2016-06-02,82.75,82.88999938964844,82.7300033569336,82.81999969482422,60.829795837402344,1503200
2016-06-03,83.22000122070312,83.37000274658203,83.16999816894531,83.33999633789062,61.21173095703125,1964500
2016-06-06,83.2300033569336,83.25,83.12999725341797,83.20999908447266,61.1162223815918,1603100
2016-06-07,83.27999877929688,83.30000305175781,83.19999694824219,83.22000122070312,61.12361526489258,1283100
2016-06-08,83.30000305175781,83.33000183105469,83.25,83.31999969482422,61.197021484375,1374500
2016-06-09,83.47000122070312,83.47000122070312,83.37000274658203,83.4000015258789,61.25579071044922,1611200
2016-06-10,83.48999786376953,83.58000183105469,83.43000030517578,83.4800033569336,61.3145751953125,1575300
2016-06-13,83.55999755859375,83.58000183105469,83.4800033569336,83.5,61.3292350769043,1681500
2016-06-14,83.62000274658203,83.62000274658203,83.47000122070312,83.48999786376953,61.32189178466797,1524200
2016-06-15,83.55999755859375,83.75,83.54000091552734,83.68000030517578,61.461463928222656,1345100
2016-06-16,83.81999969482422,83.91000366210938,83.69000244140625,83.7699966430664,61.52754211425781,1111400
2016-06-17,83.70999908447266,83.73999786376953,83.58999633789062,83.6500015258789,61.43936538696289,1860800
2016-06-20,83.4800033569336,83.52999877929688,83.44000244140625,83.45999908447266,61.299869537353516,2347500
2016-06-21,83.4800033569336,83.5,83.33000183105469,83.3499984741211,61.21903991699219,1785100
2016-06-22,83.37999725341797,83.41999816894531,83.31999969482422,83.37999725341797,61.24111557006836,1337700
2016-06-23,83.2699966430664,83.37000274658203,83.22000122070312,83.2300033569336,61.1309700012207,1152800
2016-06-24,83.83999633789062,83.91999816894531,83.66999816894531,83.69999694824219,61.476131439208984,2030400
2016-06-27,84.16000366210938,84.16999816894531,84.01000213623047,84.12000274658203,61.784610748291016,2465500
2016-06-28,84.25,84.25,84.12000274658203,84.22000122070312,61.858062744140625,2971800
2016-06-29,84.31999969482422,84.33000183105469,84.12999725341797,84.19000244140625,61.83598709106445,2425700
2016-06-30,84.20999908447266,84.41000366210938,84.19000244140625,84.30000305175781,61.91684341430664,3362300
2016-07-01,84.44000244140625,84.4800033569336,84.23999786376953,84.37000274658203,62.08901596069336,2531600
2016-07-05,84.5999984741211,84.70999908447266,84.48999786376953,84.66000366210938,62.30247116088867,3193800
2016-07-06,84.73999786376953,84.80999755859375,84.62999725341797,84.80999755859375,62.41284942626953,1936800
2016-07-07,84.66999816894531,84.7699966430664,84.58000183105469,84.66999816894531,62.30980682373047,2032500
2016-07-08,84.80000305175781,84.91999816894531,84.68000030517578,84.88999938964844,62.47168731689453,1748000
2016-07-11,84.80999755859375,84.83999633789062,84.61000061035156,84.63999938964844,62.28773880004883,2617100
2016-07-12,84.52999877929688,84.52999877929688,84.2300033569336,84.30000305175781,62.037532806396484,1775400
2016-07-13,84.51000213623047,84.52999877929688,84.43000030517578,84.44999694824219,62.14789962768555,1352500
2016-07-14,84.30000305175781,84.38999938964844,84.23999786376953,84.31999969482422,62.0522575378418,1621500
2016-07-15,84.26000213623047,84.26000213623047,84.0,84.05000305175781,61.853538513183594,2233900
2016-07-18,84.19999694824219,84.20999908447266,84.0,84.08000183105469,61.875614166259766,2155800
2016-07-19,84.16999816894531,84.2300033569336,84.11000061035156,84.20999908447266,61.97127914428711,1559600
2016-07-20,84.16000366210938,84.16000366210938,84.05000305175781,84.12000274658203,61.9050407409668,1688100
2016-07-21,84.05000305175781,84.2300033569336,83.94999694824219,84.22000122070312,61.978633880615234,2076000
2016-07-22,84.13999938964844,84.27999877929688,84.08999633789062,84.2300033569336,61.98600769042969,1612000
2016-07-25,84.2300033569336,84.27999877929688,84.13999938964844,84.18000030517578,61.949195861816406,1204600
2016-07-26,84.2699966430664,84.2699966430664,84.11000061035156,84.16999816894531,61.94185256958008,2385100
2016-07-27,84.22000122070312,84.41999816894531,84.19999694824219,84.41999816894531,62.12583541870117,1575400
2016-07-28,84.36000061035156,84.44999694824219,84.2699966430664,84.37000274658203,62.08901596069336,1418900
2016-07-29,84.48999786376953,84.63999938964844,84.44000244140625,84.63999938964844,62.28773880004883,2757900
2016-08-01,84.25,84.44000244140625,84.19999694824219,84.20999908447266,62.09233093261719,3705700
2016-08-02,84.18000030517578,84.25,84.05000305175781,84.12999725341797,62.03336715698242,4575700
2016-08-03,84.12999725341797,84.18000030517578,83.9800033569336,84.12999725341797,62.03336715698242,3472400
2016-08-04,84.2699966430664,84.37999725341797,84.23999786376953,84.27999877929688,62.143951416015625,1202000
2016-08-05,84.25,84.25,83.9800033569336,84.0,61.937477111816406,2018700
2016-08-08,83.95999908447266,84.06999969482422,83.87999725341797,84.01000213623047,61.94486618041992,1843100
2016-08-09,84.05999755859375,84.25,84.05000305175781,84.25,62.1218376159668,2262700
2016-08-10,84.30999755859375,84.38999938964844,84.25,84.36000061035156,62.20295333862305,1672200
2016-08-11,84.38999938964844,84.38999938964844,84.08000183105469,84.13999938964844,62.04071807861328,1760100
2016-08-12,84.41000366210938,84.47000122070312,84.30999755859375,84.33000183105469,62.18080520629883,1606000
2016-08-15,84.22000122070312,84.31999969482422,84.18000030517578,84.19000244140625,62.07758712768555,1942500
2016-08-16,84.22000122070312,84.2300033569336,84.11000061035156,84.1500015258789,62.048091888427734,2163100
2016-08-17,84.19000244140625,84.33999633789062,84.1500015258789,84.27999877929688,62.143951416015625,2024600
2016-08-18,84.31999969482422,84.41000366210938,84.23999786376953,84.37000274658203,62.21030807495117,1750900
2016-08-19,84.22000122070312,84.26000213623047,84.08000183105469,84.19999694824219,62.08495330810547,1995100
2016-08-22,84.29000091552734,84.3499984741211,84.2300033569336,84.31999969482422,62.17344665527344,1388100
2016-08-23,84.44000244140625,84.44999694824219,84.31999969482422,84.36000061035156,62.20295333862305,1668300
2016-08-24,84.43000030517578,84.44999694824219,84.31999969482422,84.3499984741211,62.195560455322266,2083300
2016-08-25,84.31999969482422,84.37999725341797,84.25,84.26000213623047,62.12918472290039,1737800
2016-08-26,84.37999725341797,84.48999786376953,84.05000305175781,84.05000305175781,61.97435760498047,2874500
2016-08-29,84.2300033569336,84.33999633789062,84.18000030517578,84.33999633789062,62.18813705444336,1446800
2016-08-30,84.36000061035156,84.36000061035156,84.2300033569336,84.2699966430664,62.13656997680664,4750700
2016-08-31,84.30000305175781,84.3499984741211,84.20999908447266,84.20999908447266,62.09233093261719,1911900
2016-09-01,83.9000015258789,84.19000244140625,83.9000015258789,84.16000366210938,62.17803955078125,3108600
2016-09-02,84.12999725341797,84.12999725341797,83.94000244140625,84.04000091552734,62.08940505981445,1797500
2016-09-06,84.0999984741211,84.3499984741211,84.0199966430664,84.29000091552734,62.274085998535156,4316100
2016-09-07,84.4000015258789,84.4000015258789,84.27999877929688,84.30000305175781,62.281455993652344,1849500
2016-09-08,84.16999816894531,84.20999908447266,83.87000274658203,83.9800033569336,62.045047760009766,3475600
2016-09-09,83.70999908447266,83.80999755859375,83.56999969482422,83.61000061035156,61.7717170715332,2888900
2016-09-12,83.55000305175781,83.68000030517578,83.51000213623047,83.63999938964844,61.7938232421875,3191000
2016-09-13,83.7699966430664,83.7699966430664,83.29000091552734,83.4000015258789,61.616519927978516,2669800
2016-09-14,83.41999816894531,83.5999984741211,83.4000015258789,83.51000213623047,61.697818756103516,2124500
2016-09-15,83.47000122070312,83.61000061035156,83.4000015258789,83.58000183105469,61.74955749511719,1817200
2016-09-16,83.6500015258789,83.69000244140625,83.55000305175781,83.6500015258789,61.80119323730469,1307800
2016-09-19,83.63999938964844,83.66999816894531,83.55999755859375,83.58999633789062,61.75690841674805,1558100
2016-09-20,83.66000366210938,83.76000213623047,83.61000061035156,83.61000061035156,61.7717170715332,1260900
2016-09-21,83.55000305175781,83.8499984741211,83.52999877929688,83.8499984741211,61.949005126953125,1979800
2016-09-22,83.94000244140625,84.0999984741211,83.91000366210938,84.0199966430664,62.074581146240234,1473900
2016-09-23,84.02999877929688,84.08000183105469,83.9800033569336,84.0,62.05984115600586,1441500
2016-09-26,84.08000183105469,84.16999816894531,84.05000305175781,84.13999938964844,62.163265228271484,1709200
2016-09-27,84.26000213623047,84.2699966430664,84.12999725341797,84.23999786376953,62.237117767333984,2458100
2016-09-28,84.23999786376953,84.30000305175781,84.18000030517578,84.23999786376953,62.237117767333984,2284600
2016-09-29,84.13999938964844,84.30999755859375,84.11000061035156,84.25,62.244537353515625,2886200
2016-09-30,84.25,84.27999877929688,84.0199966430664,84.13999938964844,62.163265228271484,1663600
2016-10-03,83.94999694824219,84.01000213623047,83.83999633789062,83.88999938964844,62.097354888916016,1509200
2016-10-04,83.83999633789062,83.8499984741211,83.5999984741211,83.61000061035156,61.890140533447266,1815500
2016-10-05,83.66000366210938,83.66999816894531,83.44000244140625,83.47000122070312,61.78649139404297,2666100
2016-10-06,83.45999908447266,83.55999755859375,83.37999725341797,83.44000244140625,61.764278411865234,1148500
2016-10-07,83.5199966430664,83.52999877929688,83.30999755859375,83.51000213623047,61.81610107421875,1783300
2016-10-10,83.37999725341797,83.43000030517578,83.30999755859375,83.41999816894531,61.74946975708008,1425500
2016-10-11,83.37999725341797,83.43000030517578,83.27999877929688,83.29000091552734,61.65325927734375,1476700
2016-10-12,83.30000305175781,83.36000061035156,83.2300033569336,83.33999633789062,61.69022750854492,1286400
2016-10-13,83.5199966430664,83.54000091552734,83.43000030517578,83.44000244140625,61.764278411865234,1625500
2016-10-14,83.33999633789062,83.45999908447266,83.26000213623047,83.2699966430664,61.63844299316406,1379900
2016-10-17,83.33000183105469,83.47000122070312,83.27999877929688,83.44999694824219,61.77166748046875,1008900
2016-10-18,83.37999725341797,83.56999969482422,83.37000274658203,83.55999755859375,61.85309600830078,1167300
2016-10-19,83.51000213623047,83.62000274658203,83.5,83.62000274658203,61.89752960205078,1546400
2016-10-20,83.62999725341797,83.68000030517578,83.52999877929688,83.56999969482422,61.86050796508789,1283200
2016-10-21,83.5999984741211,83.6500015258789,83.52999877929688,83.63999938964844,61.91229248046875,1018800
2016-10-24,83.6500015258789,83.6500015258789,83.44999694824219,83.5199966430664,61.82352828979492,1453900
2016-10-25,83.4800033569336,83.5999984741211,83.45999908447266,83.5199966430664,61.82352828979492,1462100
2016-10-26,83.38999938964844,83.44999694824219,83.33999633789062,83.37000274658203,61.712432861328125,1144500
2016-10-27,83.16999816894531,83.19999694824219,83.0199966430664,83.13999938964844,61.54219436645508,1848200
2016-10-28,83.08999633789062,83.18000030517578,83.06999969482422,83.0999984741211,61.512596130371094,1574400
2016-10-31,83.20999908447266,83.25,83.13999938964844,83.19000244140625,61.57921600341797,1664700
2016-11-01,82.88999938964844,83.06999969482422,82.83000183105469,83.0,61.55919647216797,1623500
2016-11-02,83.05999755859375,83.19999694824219,83.0,83.08000183105469,61.618534088134766,3138400
2016-11-03,83.05999755859375,83.12999725341797,83.01000213623047,83.02999877929688,61.58144760131836,2335700
2016-11-04,83.08000183105469,83.23999786376953,83.08000183105469,83.18000030517578,61.69270324707031,1047000
2016-11-07,83.16000366210938,83.16000366210938,83.05999755859375,83.06999969482422,61.61112594604492,1290000
2016-11-08,83.12000274658203,83.12999725341797,82.9000015258789,82.91999816894531,61.49989318847656,2509100
2016-11-09,82.5,82.61000061035156,82.0199966430664,82.0999984741211,60.89167022705078,3448800
2016-11-10,81.98999786376953,82.0999984741211,81.73999786376953,81.75,60.63211441040039,2836000
2016-11-11,81.72000122070312,81.83000183105469,81.56999969482422,81.5999984741211,60.52084732055664,1580900
2016-11-14,81.44000244140625,81.5,81.20999908447266,81.29000091552734,60.29096221923828,2079400
2016-11-15,81.43000030517578,81.52999877929688,81.37000274658203,81.4000015258789,60.37252426147461,2098100
2016-11-16,81.47000122070312,81.58000183105469,81.41999816894531,81.56999969482422,60.49857711791992,1629100
2016-11-17,81.44000244140625,81.4800033569336,81.22000122070312,81.23999786376953,60.253875732421875,1762200
2016-11-18,81.27999877929688,81.3499984741211,81.0,81.04000091552734,60.105464935302734,1561600
2016-11-21,81.0999984741211,81.1500015258789,81.0,81.02999877929688,60.09809494018555,2074000
2016-11-22,81.19000244140625,81.22000122070312,81.06999969482422,81.0999984741211,60.14999771118164,1866900
2016-11-23,80.88999938964844,81.0,80.69999694824219,80.88999938964844,59.99422073364258,1642900
2016-11-25,80.91000366210938,80.98999786376953,80.81999969482422,80.91999816894531,60.016456604003906,942700
2016-11-28,81.01000213623047,81.13999938964844,81.0,81.11000061035156,60.157440185546875,1352600
2016-11-29,81.01000213623047,81.23999786376953,81.0,81.16999816894531,60.201942443847656,1583600
2016-11-30,80.93000030517578,81.04000091552734,80.80000305175781,80.88999938964844,59.99422073364258,2372200
2016-12-01,80.4800033569336,80.5199966430664,80.2699966430664,80.43000030517578,59.77134323120117,2998200
2016-12-02,80.62000274658203,80.87000274658203,80.61000061035156,80.72000122070312,59.98686218261719,1951400
2016-12-05,80.5999984741211,80.91000366210938,80.54000091552734,80.81999969482422,60.0611572265625,2479500
2016-12-06,80.8499984741211,80.87999725341797,80.7699966430664,80.80999755859375,60.053707122802734,2337800
2016-12-07,80.93000030517578,81.05999755859375,80.9000015258789,81.0,60.19488525390625,4273100
2016-12-08,80.88999938964844,80.9000015258789,80.77999877929688,80.83999633789062,60.07599639892578,2323000
2016-12-09,80.80000305175781,80.8499984741211,80.52999877929688,80.5999984741211,59.89760971069336,2697000
2016-12-12,80.5,80.58999633789062,80.43000030517578,80.51000213623047,59.830753326416016,3464800
2016-12-13,80.6500015258789,80.69999694824219,80.4800033569336,80.5999984741211,59.89760971069336,4372500
2016-12-14,80.76000213623047,80.77999877929688,80.18000030517578,80.19000244140625,59.592960357666016,2971300
2016-12-15,80.19999694824219,80.26000213623047,80.05999755859375,80.06999969482422,59.503780364990234,2651200
2016-12-16,80.1500015258789,80.2699966430664,80.02999877929688,80.13999938964844,59.55580139160156,3080100
2016-12-19,80.33999633789062,80.4000015258789,80.23999786376953,80.3499984741211,59.71186447143555,2936800
2016-12-20,80.2300033569336,80.37000274658203,80.19999694824219,80.36000061035156,59.71928787231445,5853400
2016-12-21,80.44000244140625,80.5,80.38999938964844,80.4800033569336,59.80847930908203,2752300
2016-12-22,80.16999816894531,80.27999877929688,80.16999816894531,80.22000122070312,59.76749038696289,2851500
2016-12-23,80.36000061035156,80.36000061035156,80.26000213623047,80.26000213623047,59.79728317260742,2096800
2016-12-27,80.12999725341797,80.19999694824219,80.12000274658203,80.19999694824219,59.75259017944336,2178300
2016-12-28,80.23999786376953,80.47000122070312,80.18000030517578,80.4000015258789,59.901611328125,4097100
2016-12-29,80.54000091552734,80.6500015258789,80.4800033569336,80.62000274658203,60.065528869628906,3115800
2016-12-30,80.62999725341797,80.83000183105469,80.62000274658203,80.79000091552734,60.192169189453125,2338200
2017-01-03,80.55000305175781,80.83999633789062,80.5,80.80000305175781,60.19962692260742,3312600
2017-01-04,80.83999633789062,80.87999725341797,80.75,80.86000061035156,60.244293212890625,3095000
2017-01-05,80.9800033569336,81.27999877929688,80.9000015258789,81.2699966430664,60.54976272583008,3890400
2017-01-06,81.0999984741211,81.12999725341797,80.94999694824219,80.94999694824219,60.311363220214844,2287900
2017-01-09,81.16999816894531,81.18000030517578,81.08999633789062,81.1500015258789,60.46037292480469,1785900
2017-01-10,81.13999938964844,81.18000030517578,81.05999755859375,81.12999725341797,60.44548034667969,2250700
2017-01-11,81.13999938964844,81.43000030517578,81.05999755859375,81.16999816894531,60.47529983520508,2327600
2017-01-12,81.37000274658203,81.41999816894531,81.1500015258789,81.19000244140625,60.49018478393555,2981200
2017-01-13,81.12000274658203,81.1500015258789,80.91000366210938,81.05999755859375,60.39332580566406,2425000
2017-01-17,81.33999633789062,81.4000015258789,81.20999908447266,81.30999755859375,60.57957077026367,2188600
2017-01-18,81.20999908447266,81.20999908447266,80.87999725341797,80.88999938964844,60.266658782958984,1981700
2017-01-19,80.77999877929688,80.83999633789062,80.63999938964844,80.75,60.16236877441406,2121300
2017-01-20,80.66999816894531,80.8499984741211,80.62000274658203,80.80999755859375,60.20705032348633,1836300
2017-01-23,80.81999969482422,81.19000244140625,80.81999969482422,81.02999877929688,60.371002197265625,1490200
2017-01-24,80.97000122070312,81.05000305175781,80.81999969482422,80.91000366210938,60.28158950805664,2136000
2017-01-25,80.73999786376953,80.79000091552734,80.62000274658203,80.66999816894531,60.10272979736328,1897400
2017-01-26,80.62000274658203,80.7300033569336,80.5199966430664,80.69999694824219,60.12508010864258,2381600
2017-01-27,80.73999786376953,80.83999633789062,80.73999786376953,80.79000091552734,60.192169189453125,1768700
2017-01-30,80.77999877929688,80.88999938964844,80.75,80.7699966430664,60.177276611328125,2699500
2017-01-31,80.80000305175781,81.0199966430664,80.80000305175781,80.94000244140625,60.303924560546875,2857600
2017-02-01,80.55999755859375,80.75,80.5,80.62999725341797,60.197879791259766,2313400
2017-02-02,80.79000091552734,80.8499984741211,80.66999816894531,80.68000030517578,60.23525619506836,1745400
2017-02-03,80.86000061035156,80.94000244140625,80.61000061035156,80.69999694824219,60.25012969970703,2398900
2017-02-06,80.95999908447266,81.01000213623047,80.80000305175781,80.94999694824219,60.43681716918945,3238100
2017-02-07,80.95999908447266,81.1500015258789,80.9000015258789,81.08000183105469,60.53388214111328,5239300
2017-02-08,81.08000183105469,81.3499984741211,81.08000183105469,81.30000305175781,60.698143005371094,2172700
2017-02-09,81.13999938964844,81.22000122070312,81.02999877929688,81.08000183105469,60.53388214111328,3410400
2017-02-10,80.94999694824219,81.08999633789062,80.94000244140625,81.05999755859375,60.51894760131836,2011900
2017-02-13,80.9800033569336,81.01000213623047,80.87999725341797,80.97000122070312,60.45174789428711,1863000
2017-02-14,80.94000244140625,80.97000122070312,80.66000366210938,80.80000305175781,60.324832916259766,2178300
2017-02-15,80.61000061035156,80.72000122070312,80.5999984741211,80.66999816894531,60.227725982666016,1503700
2017-02-16,80.73999786376953,80.94000244140625,80.7300033569336,80.81999969482422,60.33979415893555,3290700
2017-02-17,81.0,81.05000305175781,80.95999908447266,81.01000213623047,60.48161697387695,1520000
2017-02-21,80.94000244140625,81.08000183105469,80.9000015258789,81.0,60.47414016723633,1811300
2017-02-22,81.16999816894531,81.16999816894531,80.87999725341797,81.05000305175781,60.511474609375,1965800
2017-02-23,81.16999816894531,81.19999694824219,81.12999725341797,81.19999694824219,60.62343978881836,1590500
2017-02-24,81.36000061035156,81.5199966430664,81.31999969482422,81.5,60.84742736816406,1703800
2017-02-27,81.45999908447266,81.47000122070312,81.29000091552734,81.33000183105469,60.72053146362305,2005600
2017-02-28,81.33000183105469,81.41000366210938,81.26000213623047,81.2699966430664,60.67572021484375,1975700
2017-03-01,80.77999877929688,80.80999755859375,80.70999908447266,80.77999877929688,60.427371978759766,2954300
2017-03-02,80.70999908447266,80.72000122070312,80.54000091552734,80.62999725341797,60.315162658691406,2077300
2017-03-03,80.63999938964844,80.69000244140625,80.52999877929688,80.69000244140625,60.36003875732422,2242600
2017-03-06,80.72000122070312,80.72000122070312,80.56999969482422,80.63999938964844,60.322662353515625,1880900
2017-03-07,80.5999984741211,80.62999725341797,80.48999786376953,80.48999786376953,60.210453033447266,1644800
2017-03-08,80.23999786376953,80.3499984741211,80.20999908447266,80.30000305175781,60.06832504272461,2172700
2017-03-09,80.16000366210938,80.18000030517578,80.0199966430664,80.05000305175781,59.88130569458008,2761300
2017-03-10,80.13999938964844,80.2300033569336,80.0999984741211,80.20999908447266,60.0009651184082,3430900
2017-03-13,80.12000274658203,80.20999908447266,80.02999877929688,80.05000305175781,59.88130569458008,2164600
2017-03-14,80.02999877929688,80.13999938964844,80.0199966430664,80.04000091552734,59.87383270263672,3620700
2017-03-15,80.16000366210938,80.55000305175781,80.12999725341797,80.54000091552734,60.24784851074219,2281200
2017-03-16,80.4800033569336,80.52999877929688,80.41000366210938,80.41999816894531,60.15804672241211,2617800
2017-03-17,80.47000122070312,80.61000061035156,80.47000122070312,80.58000183105469,60.277767181396484,1293000
2017-03-20,80.58999633789062,80.75,80.56999969482422,80.73999786376953,60.397457122802734,1510900
2017-03-21,80.69999694824219,80.93000030517578,80.66000366210938,80.93000030517578,60.53959655761719,2079000
2017-03-22,81.0,81.11000061035156,80.94999694824219,81.04000091552734,60.621856689453125,1339600
2017-03-23,81.06999969482422,81.0999984741211,80.88999938964844,81.0,60.59196090698242,1790300
2017-03-24,80.94000244140625,81.06999969482422,80.93000030517578,80.9800033569336,60.57699203491211,3736700
2017-03-27,81.19999694824219,81.22000122070312,81.08999633789062,81.1500015258789,60.70412063598633,1870300
2017-03-28,81.2300033569336,81.2300033569336,80.95999908447266,81.0,60.59196090698242,1990800
2017-03-29,81.05000305175781,81.16000366210938,81.02999877929688,81.16000366210938,60.711666107177734,1356800
2017-03-30,81.0999984741211,81.11000061035156,80.97000122070312,81.02999877929688,60.61438751220703,1403500
2017-03-31,81.01000213623047,81.0999984741211,81.01000213623047,81.08000183105469,60.651763916015625,2399400
2017-04-03,80.97000122070312,81.19999694824219,80.91000366210938,81.19999694824219,60.87221908569336,2142600
2017-04-04,81.18000030517578,81.18000030517578,81.08000183105469,81.11000061035156,60.80473327636719,1983200
2017-04-05,81.06999969482422,81.23999786376953,81.0199966430664,81.18000030517578,60.85720443725586,2050500
2017-04-06,81.18000030517578,81.2300033569336,81.05999755859375,81.20999908447266,60.879669189453125,1855300
2017-04-07,81.30000305175781,81.36000061035156,81.01000213623047,81.02999877929688,60.74477005004883,1608200
2017-04-10,81.12000274658203,81.19000244140625,81.06999969482422,81.11000061035156,60.80473327636719,1481700
2017-04-11,81.23999786376953,81.41000366210938,81.2300033569336,81.37000274658203,60.9996337890625,1340500
2017-04-12,81.36000061035156,81.55999755859375,81.33000183105469,81.55999755859375,61.14208221435547,1801600
2017-04-13,81.61000061035156,81.7300033569336,81.5199966430664,81.68000030517578,61.232032775878906,1393500
2017-04-17,81.69000244140625,81.7300033569336,81.54000091552734,81.62999725341797,61.19453048706055,1494600
2017-04-18,81.72000122070312,81.97000122070312,81.72000122070312,81.91999816894531,61.41194534301758,1782800
2017-04-19,81.83000183105469,81.83000183105469,81.72000122070312,81.7699966430664,61.29948043823242,1437000
2017-04-20,81.73999786376953,81.73999786376953,81.58000183105469,81.66000366210938,61.217037200927734,1425700
2017-04-21,81.7300033569336,81.79000091552734,81.66000366210938,81.68000030517578,61.232032775878906,1241700
2017-04-24,81.4800033569336,81.58999633789062,81.43000030517578,81.56999969482422,61.149566650390625,2665700
2017-04-25,81.41000366210938,81.45999908447266,81.2699966430664,81.31999969482422,60.96215057373047,1670900
2017-04-26,81.29000091552734,81.41999816894531,81.26000213623047,81.4000015258789,61.02211380004883,1876200
2017-04-27,81.41999816894531,81.52999877929688,81.37000274658203,81.45999908447266,61.06708908081055,1543100
2017-04-28,81.4000015258789,81.58999633789062,81.36000061035156,81.55000305175781,61.13455581665039,2100000
2017-05-01,81.33999633789062,81.41000366210938,81.13999938964844,81.2300033569336,61.020389556884766,1478100
2017-05-02,81.23999786376953,81.37999725341797,81.19999694824219,81.37000274658203,61.12553787231445,1664300
2017-05-03,81.4000015258789,81.44999694824219,81.22000122070312,81.27999877929688,61.05795669555664,2948400
2017-05-04,81.13999938964844,81.19999694824219,81.08999633789062,81.19000244140625,60.99030685424805,1216100
2017-05-05,81.19999694824219,81.23999786376953,81.0999984741211,81.23999786376953,61.02788162231445,1658900
2017-05-08,81.19000244140625,81.20999908447266,81.05999755859375,81.0999984741211,60.922706604003906,1832300
2017-05-09,81.05000305175781,81.0999984741211,81.0,81.05999755859375,60.89268493652344,2532200
2017-05-10,81.13999938964844,81.19999694824219,81.01000213623047,81.05000305175781,60.88517379760742,1845500
2017-05-11,81.0,81.11000061035156,80.93000030517578,81.11000061035156,60.93027877807617,1421500
2017-05-12,81.29000091552734,81.37999725341797,81.25,81.3499984741211,61.11054611206055,1510300
2017-05-15,81.30000305175781,81.38999938964844,81.30000305175781,81.33000183105469,61.09552764892578,1823500
2017-05-16,81.36000061035156,81.51000213623047,81.36000061035156,81.41000366210938,61.155616760253906,1760600
2017-05-17,81.62999725341797,81.87000274658203,81.62999725341797,81.8499984741211,61.486167907714844,1987100
2017-05-18,81.87000274658203,81.88999938964844,81.73999786376953,81.77999877929688,61.433528900146484,1881800
2017-05-19,81.80999755859375,81.83000183105469,81.69999694824219,81.83000183105469,61.47112274169922,1394700
2017-05-22,81.80000305175781,81.80000305175781,81.73999786376953,81.76000213623047,61.418540954589844,1570700
2017-05-23,81.83999633789062,81.83999633789062,81.58000183105469,81.58999633789062,61.29084777832031,1679500
2017-05-24,81.62999725341797,81.7699966430664,81.58000183105469,81.76000213623047,61.418540954589844,1568700
2017-05-25,81.7699966430664,81.79000091552734,81.69000244140625,81.76000213623047,61.418540954589844,1108400
2017-05-26,81.7699966430664,81.80999755859375,81.7300033569336,81.80000305175781,61.44859313964844,952700
2017-05-30,81.87000274658203,81.91999816894531,81.81999969482422,81.91999816894531,61.5387077331543,1283300
2017-05-31,81.91999816894531,82.01000213623047,81.9000015258789,81.95999908447266,61.568790435791016,2290100
2017-06-01,81.70999908447266,81.81999969482422,81.69000244140625,81.80999755859375,61.58530044555664,1710900
2017-06-02,81.98999786376953,82.11000061035156,81.97000122070312,82.08000183105469,61.78857421875,1795200
2017-06-05,81.9800033569336,82.01000213623047,81.93000030517578,81.94999694824219,61.69071578979492,1916200
2017-06-06,82.11000061035156,82.1500015258789,82.05000305175781,82.0999984741211,61.80361557006836,3262500
2017-06-07,82.08000183105469,82.0999984741211,81.97000122070312,81.98999786376953,61.72085189819336,1743500
2017-06-08,81.97000122070312,81.97000122070312,81.80999755859375,81.93000030517578,61.67567825317383,1827800
2017-06-09,81.80000305175781,81.91000366210938,81.7699966430664,81.86000061035156,61.62297439575195,1404500
2017-06-12,81.79000091552734,81.94999694824219,81.7699966430664,81.83999633789062,61.60786819458008,2053900
2017-06-13,81.80999755859375,81.88999938964844,81.79000091552734,81.86000061035156,61.62297439575195,1515100
2017-06-14,82.20999908447266,82.33000183105469,82.08000183105469,82.16000366210938,61.848793029785156,2472800
2017-06-15,82.12999725341797,82.12999725341797,82.02999877929688,82.06999969482422,61.78098678588867,2063400
2017-06-16,82.08000183105469,82.16999816894531,82.06999969482422,82.16000366210938,61.848793029785156,1376200
2017-06-19,82.0999984741211,82.13999938964844,82.01000213623047,82.04000091552734,61.75848388671875,1776500
2017-06-20,82.11000061035156,82.20999908447266,82.08000183105469,82.16000366210938,61.848793029785156,1864100
2017-06-21,82.1500015258789,82.2300033569336,82.0999984741211,82.19999694824219,61.878929138183594,1249600
2017-06-22,82.23999786376953,82.2699966430664,82.16000366210938,82.2300033569336,61.901512145996094,1195100
2017-06-23,82.2300033569336,82.27999877929688,82.19000244140625,82.25,61.91655731201172,1356000
2017-06-26,82.3499984741211,82.38999938964844,82.30999755859375,82.33999633789062,61.98430633544922,4665500
2017-06-27,82.19000244140625,82.19000244140625,82.04000091552734,82.05999755859375,61.773521423339844,2374200
2017-06-28,82.08000183105469,82.0999984741211,81.94999694824219,82.05999755859375,61.773521423339844,1604300
2017-06-29,81.83999633789062,81.97000122070312,81.79000091552734,81.88999938964844,61.64552688598633,1548100
2017-06-30,81.87000274658203,81.9000015258789,81.76000213623047,81.83000183105469,61.60038757324219,1978100
2017-07-03,81.66000366210938,81.66999816894531,81.43000030517578,81.5,61.60719680786133,1092500
2017-07-05,81.48999786376953,81.58000183105469,81.44999694824219,81.55000305175781,61.644954681396484,1917100
2017-07-06,81.41000366210938,81.43000030517578,81.30000305175781,81.36000061035156,61.50136947631836,1827500
2017-07-07,81.36000061035156,81.38999938964844,81.30999755859375,81.33999633789062,61.48627853393555,2441500
2017-07-10,81.41000366210938,81.44999694824219,81.36000061035156,81.37999725341797,61.51646423339844,2228800
2017-07-11,81.41999816894531,81.5,81.37000274658203,81.45999908447266,61.57692337036133,1931500
2017-07-12,81.69999694824219,81.72000122070312,81.61000061035156,81.6500015258789,61.72058868408203,1378800
2017-07-13,81.63999938964844,81.6500015258789,81.5,81.62000274658203,61.697914123535156,1321400
2017-07-14,81.77999877929688,81.8499984741211,81.62999725341797,81.6500015258789,61.72058868408203,1201700
2017-07-17,81.72000122070312,81.79000091552734,81.66000366210938,81.76000213623047,61.80372619628906,1432500
2017-07-18,81.9000015258789,81.97000122070312,81.87000274658203,81.94999694824219,61.947349548339844,1607300
2017-07-19,81.97000122070312,82.0,81.93000030517578,81.95999908447266,61.954917907714844,1589100
2017-07-20,82.0199966430664,82.08999633789062,81.97000122070312,82.01000213623047,61.99268341064453,1646800
2017-07-21,82.05999755859375,82.16000366210938,82.05999755859375,82.0999984741211,62.060733795166016,1942000
2017-07-24,82.08999633789062,82.0999984741211,82.0,82.05999755859375,62.0305061340332,1417400
2017-07-25,81.9000015258789,81.91000366210938,81.73999786376953,81.75,61.79616165161133,1385000
2017-07-26,81.76000213623047,82.0,81.7300033569336,81.94999694824219,61.947349548339844,1583000
2017-07-27,81.8499984741211,81.9000015258789,81.79000091552734,81.8499984741211,61.87172317504883,1224000
2017-07-28,81.83999633789062,82.0,81.83999633789062,82.0,61.98516082763672,1867100
2017-07-31,81.95999908447266,82.0,81.91000366210938,81.98999786376953,61.97758102416992,2561600
2017-08-01,81.76000213623047,81.98999786376953,81.75,81.9800033569336,62.2296142578125,1783600
2017-08-02,81.97000122070312,82.02999877929688,81.93000030517578,81.93000030517578,62.19164276123047,1336600
2017-08-03,82.04000091552734,82.16000366210938,82.0,82.0999984741211,62.32069396972656,1904800
2017-08-04,82.01000213623047,82.01000213623047,81.8499984741211,81.97000122070312,62.22200012207031,1046700
2017-08-07,81.95999908447266,82.01000213623047,81.91000366210938,82.0,62.24479293823242,1257900
2017-08-08,81.98999786376953,81.98999786376953,81.83999633789062,81.88999938964844,62.16129684448242,1929000
2017-08-09,82.08999633789062,82.0999984741211,81.94999694824219,81.94999694824219,62.20680618286133,1808600
2017-08-10,81.9800033569336,82.08000183105469,81.94000244140625,82.06999969482422,62.29789733886719,1376700
2017-08-11,81.97000122070312,82.1500015258789,81.94999694824219,82.13999938964844,62.35105514526367,1153400
2017-08-14,82.08999633789062,82.13999938964844,82.02999877929688,82.08000183105469,62.30550003051758,2082000
2017-08-15,81.9000015258789,81.98999786376953,81.87999725341797,81.94000244140625,62.19929885864258,1419600
2017-08-16,81.91999816894531,82.12999725341797,81.88999938964844,82.05999755859375,62.29029846191406,1594800
2017-08-17,82.05000305175781,82.20999908447266,82.01000213623047,82.20999908447266,62.404170989990234,1723600
2017-08-18,82.26000213623047,82.30000305175781,82.0999984741211,82.16999816894531,62.37380599975586,1663100
2017-08-21,82.22000122070312,82.26000213623047,82.16999816894531,82.20999908447266,62.404170989990234,1258400
2017-08-22,82.19000244140625,82.19999694824219,82.0999984741211,82.11000061035156,62.32829666137695,1157400
2017-08-23,82.2300033569336,82.3499984741211,82.19999694824219,82.3499984741211,62.51051712036133,1237800
2017-08-24,82.2300033569336,82.31999969482422,82.20999908447266,82.2300033569336,62.41937255859375,1540200
2017-08-25,82.23999786376953,82.3499984741211,82.20999908447266,82.33000183105469,62.49526596069336,1453100
2017-08-28,82.33000183105469,82.38999938964844,82.27999877929688,82.37000274658203,62.525630950927734,1408700
2017-08-29,82.5199966430664,82.58000183105469,82.38999938964844,82.45999908447266,62.593929290771484,2054300
2017-08-30,82.44000244140625,82.45999908447266,82.38999938964844,82.44999694824219,62.586368560791016,1150700
2017-08-31,82.4800033569336,82.55999755859375,82.44999694824219,82.5199966430664,62.6395149230957,1696700
2017-09-01,82.30999755859375,82.33000183105469,82.1500015258789,82.20999908447266,62.53607177734375,1471200
2017-09-05,82.44999694824219,82.58999633789062,82.37999725341797,82.55000305175781,62.794708251953125,2008400
2017-09-06,82.58000183105469,82.62000274658203,82.4000015258789,82.41000366210938,62.68818664550781,1586500
2017-09-07,82.52999877929688,82.70999908447266,82.51000213623047,82.66999816894531,62.88594436645508,1899100
2017-09-08,82.66999816894531,82.66999816894531,82.55000305175781,82.58000183105469,62.81749725341797,2702200
2017-09-11,82.41999816894531,82.47000122070312,82.30000305175781,82.33000183105469,62.62733459472656,1423100
2017-09-12,82.26000213623047,82.31999969482422,82.1500015258789,82.20999908447266,62.53607177734375,1604300
2017-09-13,82.19000244140625,82.20999908447266,82.0999984741211,82.11000061035156,62.4599723815918,1594000
2017-09-14,82.08000183105469,82.18000030517578,82.08000183105469,82.16000366210938,62.49803161621094,1325200
2017-09-15,82.19999694824219,82.25,82.11000061035156,82.16999816894531,62.50564193725586,1536200
2017-09-18,82.12000274658203,82.13999938964844,82.04000091552734,82.11000061035156,62.4599723815918,1756300
2017-09-19,82.11000061035156,82.13999938964844,82.05000305175781,82.05000305175781,62.41432571411133,1220000
2017-09-20,82.12999725341797,82.13999938964844,81.88999938964844,81.9800033569336,62.36111068725586,1672500
2017-09-21,82.01000213623047,82.08999633789062,81.94000244140625,81.95999908447266,62.345890045166016,1168200
2017-09-22,82.11000061035156,82.12000274658203,82.01000213623047,82.04000091552734,62.40675354003906,1394100
2017-09-25,82.06999969482422,82.2300033569336,82.05000305175781,82.22000122070312,62.54366683959961,2626100
2017-09-26,82.16999816894531,82.18000030517578,82.08999633789062,82.18000030517578,62.513248443603516,1446500
2017-09-27,81.91999816894531,81.9800033569336,81.86000061035156,81.93000030517578,62.32306671142578,1511900
2017-09-28,81.8499984741211,81.94999694824219,81.80000305175781,81.94999694824219,62.3382682800293,1198400
2017-09-29,81.94999694824219,81.97000122070312,81.83000183105469,81.95999908447266,62.345890045166016,3001200
2017-10-02,81.75,81.80000305175781,81.69000244140625,81.76000213623047,62.32150650024414,3642600
2017-10-03,81.72000122070312,81.81999969482422,81.70999908447266,81.80000305175781,62.351966857910156,2752100
2017-10-04,81.87000274658203,81.87999725341797,81.73999786376953,81.80000305175781,62.351966857910156,2616700
2017-10-05,81.81999969482422,81.81999969482422,81.68000030517578,81.73999786376953,62.306251525878906,2859800
2017-10-06,81.58999633789062,81.72000122070312,81.5199966430664,81.6500015258789,62.2376594543457,1860000
2017-10-09,81.66000366210938,81.73999786376953,81.6500015258789,81.7300033569336,62.29863357543945,987800
2017-10-10,81.75,81.88999938964844,81.72000122070312,81.7699966430664,62.329097747802734,4719400
2017-10-11,81.77999877929688,81.83000183105469,81.76000213623047,81.80999755859375,62.35959243774414,1249500
2017-10-12,81.86000061035156,81.88999938964844,81.7699966430664,81.87999725341797,62.41293716430664,1723400
2017-10-13,82.01000213623047,82.05999755859375,81.93000030517578,82.05000305175781,62.542537689208984,1772800
2017-10-16,82.0,82.0199966430664,81.91000366210938,81.97000122070312,62.4815673828125,1471500
2017-10-17,81.9000015258789,82.0,81.88999938964844,81.9800033569336,62.489200592041016,1381100
2017-10-18,81.81999969482422,81.86000061035156,81.79000091552734,81.8499984741211,62.39005661010742,1522900
2017-10-19,81.91000366210938,82.01000213623047,81.8499984741211,81.88999938964844,62.42060089111328,1515800
2017-10-20,81.73999786376953,81.75,81.63999938964844,81.69000244140625,62.26810836791992,1935600
2017-10-23,81.7300033569336,81.81999969482422,81.7300033569336,81.76000213623047,62.32150650024414,2649700
2017-10-24,81.62999725341797,81.68000030517578,81.58999633789062,81.62000274658203,62.21476745605469,2287200
2017-10-25,81.51000213623047,81.55999755859375,81.45999908447266,81.55000305175781,62.16140365600586,1576700
2017-10-26,81.58999633789062,81.5999984741211,81.43000030517578,81.44999694824219,62.085205078125,1915600
2017-10-27,81.5199966430664,81.62999725341797,81.4800033569336,81.62999725341797,62.22238540649414,1734400
2017-10-30,81.75,81.83999633789062,81.70999908447266,81.81999969482422,62.36723709106445,1542600
2017-10-31,81.83999633789062,81.8499984741211,81.7699966430664,81.7699966430664,62.329097747802734,1977100
2017-11-01,81.58999633789062,81.72000122070312,81.5199966430664,81.6500015258789,62.369606018066406,1596000
2017-11-02,81.7300033569336,81.80000305175781,81.69000244140625,81.7300033569336,62.43069839477539,2373200
2017-11-03,81.7699966430664,81.80000305175781,81.6500015258789,81.80000305175781,62.484161376953125,1370500
2017-11-06,81.86000061035156,81.88999938964844,81.80000305175781,81.86000061035156,62.530033111572266,1336700
2017-11-07,81.80999755859375,81.88999938964844,81.80000305175781,81.88999938964844,62.55293655395508,2450800
2017-11-08,81.86000061035156,81.9000015258789,81.80000305175781,81.83000183105469,62.50708770751953,2312700
2017-11-09,81.75,81.79000091552734,81.66999816894531,81.75,62.44603729248047,2115800
2017-11-10,81.52999877929688,81.55000305175781,81.41999816894531,81.41999816894531,62.19389724731445,1724400
2017-11-13,81.54000091552734,81.55000305175781,81.41999816894531,81.43000030517578,62.20157241821289,1698500
2017-11-14,81.47000122070312,81.52999877929688,81.44000244140625,81.52999877929688,62.27793502807617,1659300
2017-11-15,81.63999938964844,81.7300033569336,81.55000305175781,81.72000122070312,62.423072814941406,2859400
2017-11-16,81.62999725341797,81.69000244140625,81.56999969482422,81.61000061035156,62.33903503417969,1637000
2017-11-17,81.69000244140625,81.73999786376953,81.6500015258789,81.69000244140625,62.40017318725586,2257700
2017-11-20,81.6500015258789,81.69999694824219,81.5999984741211,81.63999938964844,62.36195755004883,1528300
2017-11-21,81.7300033569336,81.79000091552734,81.61000061035156,81.70999908447266,62.41543197631836,1925700
2017-11-22,81.7300033569336,81.88999938964844,81.72000122070312,81.87999725341797,62.545284271240234,1631900
2017-11-24,81.83999633789062,81.87999725341797,81.80999755859375,81.86000061035156,62.530033111572266,837000
2017-11-27,81.87000274658203,81.88999938964844,81.79000091552734,81.83000183105469,62.50708770751953,1516900
2017-11-28,81.9000015258789,81.94999694824219,81.83000183105469,81.83000183105469,62.50708770751953,1846700
2017-11-29,81.6500015258789,81.69000244140625,81.5999984741211,81.62999725341797,62.35430908203125,1837400
2017-11-30,81.66000366210938,81.68000030517578,81.45999908447266,81.51000213623047,62.262638092041016,3044100
2017-12-01,81.5,81.80999755859375,81.3499984741211,81.55999755859375,62.429534912109375,2384800
2017-12-04,81.51000213623047,81.58000183105469,81.45999908447266,81.56999969482422,62.43717956542969,1834000
2017-12-05,81.58999633789062,81.68000030517578,81.51000213623047,81.66999816894531,62.51374053955078,1763900
2017-12-06,81.75,81.8499984741211,81.73999786376953,81.76000213623047,62.582611083984375,1509300
2017-12-07,81.6500015258789,81.80000305175781,81.56999969482422,81.6500015258789,62.498409271240234,1641000
2017-12-08,81.61000061035156,81.68000030517578,81.56999969482422,81.62000274658203,62.47541809082031,1368300
2017-12-11,81.66000366210938,81.69999694824219,81.54000091552734,81.55999755859375,62.429534912109375,1780800
2017-12-12,81.54000091552734,81.55000305175781,81.45999908447266,81.55000305175781,62.421852111816406,2962800
2017-12-13,81.62000274658203,81.8499984741211,81.55999755859375,81.77999877929688,62.59787368774414,2095400
2017-12-14,81.66999816894531,81.81999969482422,81.62000274658203,81.80999755859375,62.620853424072266,1998800
2017-12-15,81.76000213623047,81.83000183105469,81.66999816894531,81.81999969482422,62.62852096557617,2781800
2017-12-18,81.79000091552734,81.79000091552734,81.6500015258789,81.69000244140625,62.529014587402344,1946900
2017-12-19,81.56999969482422,81.56999969482422,81.36000061035156,81.44000244140625,62.337669372558594,3307700
2017-12-20,81.27999877929688,81.37000274658203,81.25,81.27999877929688,62.21520233154297,2325500
2017-12-21,81.30999755859375,81.37999725341797,81.2699966430664,81.33000183105469,62.25345230102539,3103400
2017-12-22,81.33999633789062,81.4000015258789,81.31999969482422,81.37000274658203,62.284095764160156,2566700
2017-12-26,81.2300033569336,81.27999877929688,81.16999816894531,81.23999786376953,62.346229553222656,1696400
2017-12-27,81.33000183105469,81.5199966430664,81.23999786376953,81.48999786376953,62.53809356689453,1708000
2017-12-28,81.45999908447266,81.47000122070312,81.37999725341797,81.44000244140625,62.4997444152832,2235000
2017-12-29,81.5,81.56999969482422,81.45999908447266,81.56999969482422,62.599517822265625,2531500
2018-01-02,81.44999694824219,81.5,81.22000122070312,81.33999633789062,62.423011779785156,3104500
2018-01-03,81.43000030517578,81.43000030517578,81.29000091552734,81.41000366210938,62.47667694091797,2216700
2018-01-04,81.33000183105469,81.37000274658203,81.25,81.37000274658203,62.446044921875,2152400
2018-01-05,81.3499984741211,81.36000061035156,81.19999694824219,81.26000213623047,62.36159133911133,4257400
2018-01-08,81.33000183105469,81.33000183105469,81.20999908447266,81.2699966430664,62.369258880615234,2587300
2018-01-09,81.19000244140625,81.2300033569336,81.01000213623047,81.02999877929688,62.18510437011719,2725200
2018-01-10,80.87999725341797,81.05000305175781,80.81999969482422,81.04000091552734,62.19277572631836,3411400
2018-01-11,81.01000213623047,81.12000274658203,80.95999908447266,81.04000091552734,62.19277572631836,3381600
2018-01-12,81.0,81.12000274658203,80.94000244140625,81.02999877929688,62.18510437011719,2829100
2018-01-16,81.1500015258789,81.19000244140625,81.02999877929688,81.08999633789062,62.23111343383789,4300500
2018-01-17,81.04000091552734,81.12000274658203,80.9800033569336,81.0,62.16205596923828,3674600
2018-01-18,80.81999969482422,80.9000015258789,80.80000305175781,80.83999633789062,62.039276123046875,2528400
2018-01-19,80.7699966430664,80.80000305175781,80.6500015258789,80.66999816894531,61.908817291259766,2148300
2018-01-22,80.7300033569336,80.76000213623047,80.61000061035156,80.61000061035156,61.862754821777344,5473200
2018-01-23,80.77999877929688,80.86000061035156,80.72000122070312,80.81999969482422,62.023929595947266,2442900
2018-01-24,80.72000122070312,80.75,80.62999725341797,80.7300033569336,61.95484924316406,1709700
2018-01-25,80.7300033569336,80.95999908447266,80.66000366210938,80.94999694824219,62.123714447021484,2537700
2018-01-26,80.86000061035156,80.87000274658203,80.72000122070312,80.80000305175781,62.008583068847656,1590200
2018-01-29,80.66000366210938,80.7300033569336,80.54000091552734,80.69000244140625,61.92414474487305,2219700
2018-01-30,80.56999969482422,80.62000274658203,80.48999786376953,80.54000091552734,61.80903244018555,2735100
2018-01-31,80.70999908447266,80.70999908447266,80.43000030517578,80.55999755859375,61.82442855834961,3082600
2018-02-01,80.37000274658203,80.41000366210938,80.13999938964844,80.16000366210938,61.652870178222656,2814300
2018-02-02,80.04000091552734,80.11000061035156,79.87000274658203,79.91999816894531,61.468292236328125,3137600
2018-02-05,79.87000274658203,80.43000030517578,79.80000305175781,80.2699966430664,61.737464904785156,4349200
2018-02-06,80.2300033569336,80.25,80.01000213623047,80.01000213623047,61.53751754760742,3891500
2018-02-07,80.11000061035156,80.11000061035156,79.80000305175781,79.83000183105469,61.39906311035156,3797200
2018-02-08,79.69999694824219,79.87999725341797,79.62000274658203,79.7699966430664,61.35289001464844,4639800
2018-02-09,79.61000061035156,79.81999969482422,79.55000305175781,79.56999969482422,61.1990852355957,3725500
2018-02-12,79.68000030517578,79.73999786376953,79.55000305175781,79.58999633789062,61.214454650878906,5336200
2018-02-13,79.62000274658203,79.68000030517578,79.52999877929688,79.66000366210938,61.26832580566406,2669400
2018-02-14,79.5,79.54000091552734,79.3499984741211,79.4000015258789,61.06834030151367,3509700
2018-02-15,79.47000122070312,79.5999984741211,79.44999694824219,79.4800033569336,61.12986373901367,1981200
2018-02-16,79.68000030517578,79.72000122070312,79.58999633789062,79.6500015258789,61.26063919067383,1957800
2018-02-20,79.58999633789062,79.58999633789062,79.44000244140625,79.56999969482422,61.1990852355957,2294300
2018-02-21,79.55999755859375,79.58999633789062,79.2300033569336,79.2699966430664,60.968345642089844,2330100
2018-02-22,79.36000061035156,79.45999908447266,79.33000183105469,79.37000274658203,61.04529571533203,2156000
2018-02-23,79.48999786376953,79.62000274658203,79.4800033569336,79.58000183105469,61.206809997558594,1660600
2018-02-26,79.69999694824219,79.7699966430664,79.61000061035156,79.62000274658203,61.2375602722168,2715300
2018-02-27,79.62999725341797,79.66000366210938,79.33999633789062,79.44999694824219,61.10678482055664,3007200
2018-02-28,79.47000122070312,79.55999755859375,79.45999908447266,79.55000305175781,61.18372344970703,1947700
2018-03-01,79.41999816894531,79.58999633789062,79.33000183105469,79.5199966430664,61.287757873535156,2877400
2018-03-02,79.37999725341797,79.44999694824219,79.27999877929688,79.37000274658203,61.17217254638672,4448000
2018-03-05,79.45999908447266,79.5,79.26000213623047,79.31999969482422,61.13362503051758,2229100
2018-03-06,79.37999725341797,79.47000122070312,79.33999633789062,79.3499984741211,61.15673828125,1905000
2018-03-07,79.44000244140625,79.5,79.30000305175781,79.33000183105469,61.14133071899414,2167700
2018-03-08,79.36000061035156,79.48999786376953,79.36000061035156,79.41999816894531,61.210716247558594,1479700
2018-03-09,79.27999877929688,79.36000061035156,79.2300033569336,79.31999969482422,61.13362503051758,2290800
2018-03-12,79.33000183105469,79.41000366210938,79.30000305175781,79.4000015258789,61.19527816772461,2253900
2018-03-13,79.44000244140625,79.4800033569336,79.37000274658203,79.41999816894531,61.210716247558594,2471700
2018-03-14,79.4000015258789,79.6500015258789,79.4000015258789,79.58999633789062,61.341712951660156,1733800
2018-03-15,79.54000091552734,79.62999725341797,79.5,79.5999984741211,61.34944534301758,1590100
2018-03-16,79.51000213623047,79.55999755859375,79.47000122070312,79.52999877929688,61.295475006103516,1492000
2018-03-19,79.44999694824219,79.55999755859375,79.41999816894531,79.47000122070312,61.24922561645508,1328100
2018-03-20,79.3499984741211,79.4000015258789,79.31999969482422,79.37000274658203,61.17217254638672,2234600
2018-03-21,79.29000091552734,79.41999816894531,79.13999938964844,79.37000274658203,61.17217254638672,1760300
2018-03-22,79.54000091552734,79.6500015258789,79.43000030517578,79.5,61.27231979370117,2871700
2018-03-23,79.5,79.55000305175781,79.43000030517578,79.5199966430664,61.287757873535156,2114500
2018-03-26,79.5,79.56999969482422,79.44999694824219,79.47000122070312,61.24922561645508,2303700
2018-03-27,79.51000213623047,79.77999877929688,79.51000213623047,79.73999786376953,61.45730972290039,1693500
2018-03-28,79.83000183105469,79.87000274658203,79.69000244140625,79.7300033569336,61.44960403442383,3251800
2018-03-29,79.76000213623047,79.94999694824219,79.76000213623047,79.93000030517578,61.603763580322266,2157300
2018-04-02,79.62999725341797,79.77999877929688,79.58999633789062,79.72000122070312,61.59601974487305,2336700
2018-04-03,79.68000030517578,79.69000244140625,79.55000305175781,79.62999725341797,61.5264778137207,2580800
2018-04-04,79.69999694824219,79.69999694824219,79.58000183105469,79.62999725341797,61.5264778137207,2226300
2018-04-05,79.55999755859375,79.55999755859375,79.45999908447266,79.5199966430664,61.44149398803711,1978300
2018-04-06,79.68000030517578,79.73999786376953,79.5999984741211,79.72000122070312,61.59601974487305,2155900
2018-04-09,79.66000366210938,79.80000305175781,79.58999633789062,79.80000305175781,61.65785598754883,2052000
2018-04-10,79.69999694824219,79.76000213623047,79.62999725341797,79.66000366210938,61.54967498779297,1854600
2018-04-11,79.75,79.80000305175781,79.66999816894531,79.72000122070312,61.59601974487305,1645200
2018-04-12,79.66000366210938,79.69999694824219,79.55000305175781,79.56999969482422,61.4801025390625,1397700
2018-04-13,79.54000091552734,79.63999938964844,79.5199966430664,79.62999725341797,61.5264778137207,1461800
2018-04-16,79.5,79.63999938964844,79.5,79.63999938964844,61.53420639038086,1939600
2018-04-17,79.63999938964844,79.68000030517578,79.58999633789062,79.66999816894531,61.557411193847656,1588500
2018-04-18,79.61000061035156,79.61000061035156,79.37999725341797,79.41000366210938,61.35651779174805,1721200
2018-04-19,79.30000305175781,79.30000305175781,79.16000366210938,79.22000122070312,61.209712982177734,1602300
2018-04-20,79.19999694824219,79.19999694824219,79.0199966430664,79.0199966430664,61.055171966552734,1576600
2018-04-23,78.98999786376953,79.0199966430664,78.93000030517578,78.9800033569336,61.02427673339844,2263300
2018-04-24,78.91999816894531,78.94000244140625,78.81999969482422,78.83999633789062,60.916107177734375,2664000
2018-04-25,78.76000213623047,78.80000305175781,78.69000244140625,78.7300033569336,60.831119537353516,2201300
2018-04-26,78.8499984741211,78.93000030517578,78.83999633789062,78.88999938964844,60.9547233581543,3297100
2018-04-27,78.94000244140625,79.04000091552734,78.94000244140625,79.01000213623047,61.0474739074707,1407300
2018-04-30,79.02999877929688,79.0999984741211,79.01000213623047,79.05000305175781,61.078346252441406,1602900
2018-05-01,78.86000061035156,78.87000274658203,78.7300033569336,78.75,60.9838752746582,1410700
2018-05-02,78.81999969482422,78.86000061035156,78.7300033569336,78.76000213623047,60.991615295410156,1434000
2018-05-03,78.9000015258789,78.94999694824219,78.81999969482422,78.83000183105469,61.04583740234375,1477700
2018-05-04,78.91999816894531,78.94999694824219,78.77999877929688,78.87999725341797,61.08451843261719,1342100
2018-05-07,78.88999938964844,78.9000015258789,78.80999755859375,78.83999633789062,61.053585052490234,1634400
2018-05-08,78.76000213623047,78.83000183105469,78.69999694824219,78.77999877929688,61.007118225097656,1380900
2018-05-09,78.68000030517578,78.75,78.6500015258789,78.69000244140625,60.93741989135742,2260900
2018-05-10,78.83999633789062,78.87999725341797,78.77999877929688,78.8499984741211,61.06129837036133,1695500
2018-05-11,78.93000030517578,78.94000244140625,78.83000183105469,78.93000030517578,61.1232795715332,1457800
2018-05-14,78.8499984741211,78.88999938964844,78.81999969482422,78.83000183105469,61.04583740234375,1519500
2018-05-15,78.61000061035156,78.61000061035156,78.37000274658203,78.45999908447266,60.759315490722656,1602600
2018-05-16,78.48999786376953,78.52999877929688,78.38999938964844,78.4000015258789,60.71284103393555,2201300
2018-05-17,78.4000015258789,78.41999816894531,78.30000305175781,78.33000183105469,60.65867614746094,2036000
2018-05-18,78.41999816894531,78.54000091552734,78.41999816894531,78.54000091552734,60.82123565673828,1539700
2018-05-21,78.4800033569336,78.55999755859375,78.44999694824219,78.54000091552734,60.82123565673828,1254900
2018-05-22,78.58000183105469,78.5999984741211,78.5,78.55999755859375,60.83674240112305,2225800
2018-05-23,78.66999816894531,78.80999755859375,78.66000366210938,78.80000305175781,61.0225944519043,1177200
2018-05-24,78.88999938964844,79.0199966430664,78.88999938964844,78.95999908447266,61.14650344848633,1209400
2018-05-25,79.05999755859375,79.1500015258789,79.05000305175781,79.12999725341797,61.278141021728516,1039500
2018-05-29,79.27999877929688,79.77999877929688,79.26000213623047,79.68000030517578,61.704044342041016,2414400
2018-05-30,79.38999938964844,79.55000305175781,79.31999969482422,79.44000244140625,61.5181999206543,3549700
2018-05-31,79.41999816894531,79.52999877929688,79.31999969482422,79.41000366210938,61.4949951171875,4272100
2018-06-01,79.02999877929688,79.12999725341797,78.94999694824219,79.08999633789062,61.533103942871094,3442400
2018-06-04,79.05999755859375,79.05999755859375,78.91000366210938,78.91999816894531,61.40082931518555,2272100
2018-06-05,79.0,79.05000305175781,78.91999816894531,78.98999786376953,61.455326080322266,2760500
2018-06-06,78.8499984741211,78.8499984741211,78.69000244140625,78.7699966430664,61.28410720825195,2624600
2018-06-07,78.75,79.11000061035156,78.73999786376953,78.97000122070312,61.43977737426758,3290700
2018-06-08,78.91000366210938,78.94999694824219,78.8499984741211,78.87000274658203,61.361942291259766,1977000
2018-06-11,78.77999877929688,78.83000183105469,78.73999786376953,78.80000305175781,61.30746841430664,1725200
2018-06-12,78.70999908447266,78.81999969482422,78.70999908447266,78.79000091552734,61.29970169067383,1850400
2018-06-13,78.79000091552734,78.86000061035156,78.58000183105469,78.73999786376953,61.260807037353516,1542800
2018-06-14,78.87999725341797,78.91999816894531,78.81999969482422,78.91000366210938,61.39307403564453,3920100
2018-06-15,79.05000305175781,79.0999984741211,78.91999816894531,78.91999816894531,61.40082931518555,1827800
2018-06-18,78.95999908447266,78.95999908447266,78.86000061035156,78.91999816894531,61.40082931518555,3510300
2018-06-19,79.04000091552734,79.0999984741211,79.01000213623047,79.05000305175781,61.5019645690918,2767100
2018-06-20,79.05000305175781,79.05000305175781,78.86000061035156,78.87000274658203,61.361942291259766,2102200
2018-06-21,78.93000030517578,79.0,78.87999725341797,78.91000366210938,61.39307403564453,2695400
2018-06-22,78.91999816894531,78.9800033569336,78.88999938964844,78.95999908447266,61.431949615478516,1509900
2018-06-25,79.0,79.05999755859375,78.94000244140625,78.94999694824219,61.4241828918457,4554800
2018-06-26,79.0,79.08000183105469,78.98999786376953,79.08000183105469,61.52531051635742,1670800
2018-06-27,79.18000030517578,79.29000091552734,79.18000030517578,79.2699966430664,61.67314147949219,1762700
2018-06-28,79.23999786376953,79.2699966430664,79.18000030517578,79.20999908447266,61.6264762878418,1266500
2018-06-29,79.23999786376953,79.30000305175781,79.18000030517578,79.19000244140625,61.61088562011719,1419000
2018-07-02,79.02999877929688,79.06999969482422,78.91999816894531,78.95999908447266,61.57267761230469,1800600
2018-07-03,78.95999908447266,79.12999725341797,78.95999908447266,79.12000274658203,61.69745635986328,1121900
2018-07-05,79.12999725341797,79.23999786376953,79.0999984741211,79.2300033569336,61.78324508666992,1991900
2018-07-06,79.31999969482422,79.33999633789062,79.25,79.31999969482422,61.85342788696289,1331800
2018-07-09,79.22000122070312,79.2699966430664,79.19999694824219,79.25,61.79885482788086,1556600
2018-07-10,79.19000244140625,79.25,79.16000366210938,79.19999694824219,61.75986862182617,1661500
2018-07-11,79.2300033569336,79.25,79.16000366210938,79.23999786376953,61.7910270690918,3750100
2018-07-12,79.20999908447266,79.31999969482422,79.19999694824219,79.30000305175781,61.83779525756836,1807800
2018-07-13,79.33000183105469,79.37999725341797,79.31999969482422,79.37000274658203,61.89241027832031,4071900
2018-07-16,79.2699966430664,79.31999969482422,79.1500015258789,79.26000213623047,61.806663513183594,1688000
2018-07-17,79.2300033569336,79.30000305175781,79.22000122070312,79.2300033569336,61.78324508666992,2432200
2018-07-18,79.23999786376953,79.27999877929688,79.18000030517578,79.19000244140625,61.75202560424805,2182900
2018-07-19,79.18000030517578,79.37000274658203,79.12000274658203,79.33999633789062,61.86901092529297,1990100
2018-07-20,79.29000091552734,79.29000091552734,79.12000274658203,79.16000366210938,61.7286262512207,1607800
2018-07-23,79.11000061035156,79.12999725341797,78.87000274658203,78.91000366210938,61.53371810913086,1427200
2018-07-24,78.95999908447266,79.05000305175781,78.9000015258789,79.02999877929688,61.627296447753906,1811100
2018-07-25,79.05000305175781,79.12000274658203,78.95999908447266,79.02999877929688,61.627296447753906,2075200
2018-07-26,79.02999877929688,79.02999877929688,79.02999877929688,79.02999877929688,61.627296447753906,0
2018-07-27,79.05000305175781,79.08999633789062,79.0,79.01000213623047,61.611698150634766,1376600
2018-07-30,78.94000244140625,79.0,78.91999816894531,78.91999816894531,61.5414924621582,2115400
2018-07-31,79.0199966430664,79.08000183105469,78.91999816894531,78.9800033569336,61.58830261230469,3328200
2018-08-01,78.75,78.77999877929688,78.6500015258789,78.75,61.5546760559082,3168600
2018-08-02,78.80000305175781,78.80999755859375,78.72000122070312,78.79000091552734,61.5859489440918,2817700
2018-08-03,78.9000015258789,78.98999786376953,78.86000061035156,78.95999908447266,61.718814849853516,2711600
2018-08-06,79.06999969482422,79.12000274658203,79.01000213623047,79.02999877929688,61.7735481262207,2083800
2018-08-07,78.97000122070312,78.9800033569336,78.87000274658203,78.88999938964844,61.664100646972656,1886900
2018-08-08,78.88999938964844,78.91000366210938,78.83999633789062,78.87000274658203,61.64848709106445,2101300
2018-08-09,78.94000244140625,79.0199966430664,78.91999816894531,79.0199966430664,61.76571273803711,2603800
2018-08-10,79.0199966430664,79.25,79.0199966430664,79.18000030517578,61.89077377319336,2414900
2018-08-13,79.16999816894531,79.20999908447266,79.0999984741211,79.19000244140625,61.898590087890625,3315700
2018-08-14,79.20999908447266,79.25,79.12999725341797,79.13999938964844,61.859500885009766,2692700
2018-08-15,79.20999908447266,79.30000305175781,79.19999694824219,79.2300033569336,61.929874420166016,3051300
2018-08-16,79.2699966430664,79.30000305175781,79.19000244140625,79.2699966430664,61.961124420166016,2226900
2018-08-17,79.33000183105469,79.41000366210938,79.30000305175781,79.36000061035156,62.03150939941406,1018100
2018-08-20,79.43000030517578,79.5199966430664,79.43000030517578,79.45999908447266,62.10966491699219,2473200
2018-08-21,79.4000015258789,79.43000030517578,79.36000061035156,79.41999816894531,62.07840347290039,1883300
2018-08-22,79.5199966430664,79.5199966430664,79.41000366210938,79.47000122070312,62.117496490478516,2025500
2018-08-23,79.51000213623047,79.51000213623047,79.44000244140625,79.47000122070312,62.117496490478516,1447500
2018-08-24,79.38999938964844,79.5199966430664,79.3499984741211,79.51000213623047,62.14873123168945,1845300
2018-08-27,79.44000244140625,79.45999908447266,79.4000015258789,79.41000366210938,62.07054138183594,2340800
2018-08-28,79.33999633789062,79.3499984741211,79.26000213623047,79.29000091552734,61.97677230834961,2375800
2018-08-29,79.30999755859375,79.30999755859375,79.19000244140625,79.23999786376953,61.93767166137695,1560100
2018-08-30,79.31999969482422,79.36000061035156,79.26000213623047,79.30000305175781,61.984554290771484,1157400
2018-08-31,79.41999816894531,79.43000030517578,79.30999755859375,79.31999969482422,62.00022506713867,2888300
2018-09-04,79.0,79.06999969482422,78.97000122070312,79.01000213623047,61.90461730957031,2400700
2018-09-05,79.04000091552734,79.05999755859375,78.95999908447266,79.02999877929688,61.92032241821289,2558000
2018-09-06,79.08999633789062,79.18000030517578,79.05000305175781,79.1500015258789,62.01432418823242,2133300
2018-09-07,78.97000122070312,78.97000122070312,78.86000061035156,78.9000015258789,61.818458557128906,2481100
2018-09-10,78.91000366210938,78.97000122070312,78.87999725341797,78.94999694824219,61.85761260986328,1464300
2018-09-11,78.81999969482422,78.87999725341797,78.75,78.77999877929688,61.724403381347656,1496800
2018-09-12,78.88999938964844,78.91999816894531,78.83000183105469,78.83999633789062,61.77142333984375,1088400
2018-09-13,78.94999694824219,78.9800033569336,78.87000274658203,78.88999938964844,61.810611724853516,1723800
2018-09-14,78.76000213623047,78.80999755859375,78.7300033569336,78.76000213623047,61.708744049072266,3196000
2018-09-17,78.69999694824219,78.80000305175781,78.68000030517578,78.75,61.700923919677734,2375200
2018-09-18,78.69999694824219,78.69999694824219,78.54000091552734,78.56999969482422,61.55990982055664,2504000
2018-09-19,78.52999877929688,78.55999755859375,78.38999938964844,78.44999694824219,61.46586227416992,1968700
2018-09-20,78.44000244140625,78.58999633789062,78.43000030517578,78.55000305175781,61.544219970703125,2297700
2018-09-21,78.51000213623047,78.5999984741211,78.51000213623047,78.5999984741211,61.58343505859375,1750600
2018-09-24,78.48999786376953,78.58000183105469,78.47000122070312,78.5,61.505043029785156,2915800
2018-09-25,78.44000244140625,78.45999908447266,78.37999725341797,78.44000244140625,61.458045959472656,1698200
2018-09-26,78.5,78.69000244140625,78.48999786376953,78.63999938964844,61.61472702026367,1831100
2018-09-27,78.66000366210938,78.69999694824219,78.62000274658203,78.69999694824219,61.66173553466797,1374700
2018-09-28,78.76000213623047,78.79000091552734,78.66000366210938,78.69999694824219,61.66173553466797,2577700
2018-10-01,78.41999816894531,78.4800033569336,78.36000061035156,78.37000274658203,61.54631042480469,2853300
2018-10-02,78.44999694824219,78.55000305175781,78.44999694824219,78.51000213623047,61.65625762939453,2597600
2018-10-03,78.4000015258789,78.4000015258789,78.0199966430664,78.11000061035156,61.34212112426758,2300300
2018-10-04,77.97000122070312,78.01000213623047,77.87000274658203,77.91000366210938,61.185028076171875,3221400
2018-10-05,77.83000183105469,77.87999725341797,77.66000366210938,77.7699966430664,61.0750846862793,2299100
2018-10-08,77.79000091552734,77.80000305175781,77.72000122070312,77.73999786376953,61.05158615112305,1885400
2018-10-09,77.73999786376953,77.88999938964844,77.73999786376953,77.88999938964844,61.1693115234375,4273200
2018-10-10,77.7699966430664,77.86000061035156,77.69999694824219,77.83000183105469,61.12224197387695,2813100
2018-10-11,77.91000366210938,78.12999725341797,77.9000015258789,78.05000305175781,61.29502487182617,3245600
2018-10-12,78.0199966430664,78.13999938964844,78.01000213623047,78.02999877929688,61.2792854309082,2365700
2018-10-15,78.11000061035156,78.11000061035156,78.0,78.01000213623047,61.263572692871094,2077800
2018-10-16,78.0,78.0999984741211,77.97000122070312,78.06999969482422,61.3106803894043,2367000
2018-10-17,78.05000305175781,78.0999984741211,77.91000366210938,77.93000030517578,61.20075607299805,1877300
2018-10-18,77.87999725341797,78.0,77.80999755859375,77.87999725341797,61.16147232055664,1681500
2018-10-19,77.88999938964844,77.91000366210938,77.79000091552734,77.83999633789062,61.130062103271484,1716700
2018-10-22,77.87999725341797,77.93000030517578,77.80000305175781,77.80999755859375,61.10653305053711,1520000
2018-10-23,78.0199966430664,78.08999633789062,77.9000015258789,77.91999816894531,61.19293212890625,1934300
2018-10-24,78.06999969482422,78.1500015258789,78.05000305175781,78.12999725341797,61.357791900634766,1615500
2018-10-25,78.05999755859375,78.12000274658203,78.0,78.04000091552734,61.28715515136719,1981000
2018-10-26,78.22000122070312,78.30000305175781,78.16000366210938,78.18000030517578,61.39711380004883,2224400
2018-10-29,78.1500015258789,78.19000244140625,78.05000305175781,78.11000061035156,61.34212112426758,1900700
2018-10-30,78.0199966430664,78.0999984741211,77.98999786376953,78.0,61.25571060180664,2546300
2018-10-31,77.9000015258789,77.98999786376953,77.83999633789062,77.83999633789062,61.130062103271484,6206300
2018-11-01,77.6500015258789,77.81999969482422,77.63999938964844,77.79000091552734,61.24345397949219,3784100
2018-11-02,77.69000244140625,77.70999908447266,77.45999908447266,77.5,61.0151252746582,2024600
2018-11-05,77.56999969482422,77.61000061035156,77.52999877929688,77.55999755859375,61.0623664855957,1858900
2018-11-06,77.56999969482422,77.58999633789062,77.5199966430664,77.55000305175781,61.05450439453125,2024700
2018-11-07,77.69999694824219,77.7699966430664,77.5999984741211,77.62000274658203,61.109580993652344,2673700
2018-11-08,77.62000274658203,77.6500015258789,77.48999786376953,77.48999786376953,61.00726318359375,2233100
2018-11-09,77.56999969482422,77.72000122070312,77.56999969482422,77.68000030517578,61.1568603515625,1697200
2018-11-12,77.77999877929688,77.80999755859375,77.73999786376953,77.80000305175781,61.251304626464844,1067200
2018-11-13,77.70999908447266,77.7699966430664,77.66000366210938,77.76000213623047,61.21982955932617,2735900
2018-11-14,77.70999908447266,77.9000015258789,77.66000366210938,77.81999969482422,61.267093658447266,2905100
2018-11-15,77.87000274658203,77.88999938964844,77.69999694824219,77.83000183105469,61.27495574951172,2557800
2018-11-16,77.94000244140625,78.0199966430664,77.8499984741211,78.0,61.408790588378906,1811300
2018-11-19,77.94000244140625,78.02999877929688,77.94000244140625,78.0,61.408790588378906,2495900
2018-11-20,77.9800033569336,78.02999877929688,77.91999816894531,77.94999694824219,61.36940002441406,1891300
2018-11-21,77.98999786376953,78.02999877929688,77.93000030517578,78.02999877929688,61.43238830566406,3871300
2018-11-23,78.08999633789062,78.12000274658203,78.0,78.0199966430664,61.42454147338867,644500
2018-11-26,77.94000244140625,78.0,77.91999816894531,77.95999908447266,61.377296447753906,1520500
2018-11-27,77.94999694824219,78.05000305175781,77.94999694824219,78.01000213623047,61.41664123535156,2563100
2018-11-28,78.01000213623047,78.0999984741211,77.93000030517578,78.05000305175781,61.44816589355469,2217500
2018-11-29,78.12000274658203,78.16999816894531,78.04000091552734,78.11000061035156,61.495365142822266,2395900
2018-11-30,78.0999984741211,78.13999938964844,78.05000305175781,78.13999938964844,61.51901626586914,2181200
2018-12-03,77.98999786376953,78.06999969482422,77.94999694824219,78.06999969482422,61.61527633666992,2187500
2018-12-04,78.1500015258789,78.37999725341797,78.1500015258789,78.26000213623047,61.76524353027344,3204700
2018-12-06,78.38999938964844,78.55999755859375,78.36000061035156,78.4000015258789,61.87574768066406,4447800
2018-12-07,78.4000015258789,78.58999633789062,78.37999725341797,78.55999755859375,62.002017974853516,3806000
2018-12-10,78.58000183105469,78.69999694824219,78.52999877929688,78.63999938964844,62.06514358520508,2712100
2018-12-11,78.66000366210938,78.7300033569336,78.58000183105469,78.6500015258789,62.07304382324219,4157200
2018-12-12,78.62000274658203,78.6500015258789,78.55999755859375,78.56999969482422,62.00989532470703,2662400
2018-12-13,78.58999633789062,78.68000030517578,78.58999633789062,78.62999725341797,62.05725860595703,2587600
2018-12-14,78.69000244140625,78.75,78.66000366210938,78.69999694824219,62.112491607666016,3490600
2018-12-17,78.7300033569336,78.86000061035156,78.72000122070312,78.8499984741211,62.23086929321289,2924300
2018-12-18,78.83999633789062,79.0,78.83999633789062,78.97000122070312,62.32560729980469,3210700
2018-12-19,79.08000183105469,79.26000213623047,79.0,79.11000061035156,62.43604278564453,3117500
2018-12-20,79.19000244140625,79.20999908447266,78.97000122070312,79.0,62.349266052246094,3451000
2018-12-21,79.02999877929688,79.05999755859375,78.94000244140625,79.0,62.349266052246094,4516100
2018-12-24,78.91999816894531,79.0,78.7300033569336,78.81999969482422,62.363521575927734,6031000
2018-12-26,78.87000274658203,78.9000015258789,78.6500015258789,78.6500015258789,62.2289924621582,5912400
2018-12-27,78.94000244140625,78.98999786376953,78.80999755859375,78.81999969482422,62.363521575927734,2751800
2018-12-28,78.86000061035156,79.0199966430664,78.81999969482422,79.01000213623047,62.51390838623047,3495100
2018-12-31,78.94999694824219,79.25,78.93000030517578,79.20999908447266,62.67208480834961,5651100
2019-01-02,79.27999877929688,79.37999725341797,79.25,79.37000274658203,62.79868698120117,4142500
2019-01-03,79.38999938964844,79.75,79.37000274658203,79.68000030517578,63.04393768310547,4908400
2019-01-04,79.47000122070312,79.4800033569336,79.33999633789062,79.44000244140625,62.85404968261719,4583600
2019-01-07,79.47000122070312,79.51000213623047,79.29000091552734,79.31999969482422,62.7591438293457,4121700
2019-01-08,79.25,79.31999969482422,79.19999694824219,79.22000122070312,62.68000793457031,1745400
2019-01-09,79.23999786376953,79.36000061035156,79.2300033569336,79.33000183105469,62.767024993896484,1989600
2019-01-10,79.2699966430664,79.3499984741211,79.13999938964844,79.16999816894531,62.64043426513672,2579900
2019-01-11,79.33999633789062,79.4000015258789,79.30000305175781,79.33000183105469,62.767024993896484,3097100
2019-01-14,79.3499984741211,79.37000274658203,79.25,79.26000213623047,62.7116584777832,2395700
2019-01-15,79.36000061035156,79.4000015258789,79.22000122070312,79.2699966430664,62.71957778930664,1742900
2019-01-16,79.2300033569336,79.31999969482422,79.19000244140625,79.30000305175781,62.743255615234375,1697700
2019-01-17,79.30000305175781,79.30999755859375,79.18000030517578,79.20999908447266,62.67208480834961,2394700
2019-01-18,79.20999908447266,79.29000091552734,79.13999938964844,79.1500015258789,62.62459945678711,3722400
2019-01-22,79.30000305175781,79.4000015258789,79.27999877929688,79.29000091552734,62.73543930053711,3917700
2019-01-23,79.25,79.43000030517578,79.25,79.37000274658203,62.79868698120117,2536100
2019-01-24,79.5199966430664,79.58999633789062,79.48999786376953,79.54000091552734,62.9332160949707,2700300
2019-01-25,79.45999908447266,79.51000213623047,79.41000366210938,79.44999694824219,62.86197280883789,2073100
2019-01-28,79.45999908447266,79.52999877929688,79.44999694824219,79.4800033569336,62.885719299316406,2938200
2019-01-29,79.54000091552734,79.63999938964844,79.54000091552734,79.63999938964844,63.012271881103516,1772300
2019-01-30,79.58000183105469,79.75,79.51000213623047,79.72000122070312,63.07558059692383,2961400
2019-01-31,79.9800033569336,80.08999633789062,79.94000244140625,80.08999633789062,63.36833953857422,3698100
2019-02-01,79.79000091552734,79.88999938964844,79.5999984741211,79.66999816894531,63.19226837158203,3335000
2019-02-04,79.61000061035156,79.61000061035156,79.52999877929688,79.5999984741211,63.13676071166992,4078600
2019-02-05,79.69999694824219,79.80000305175781,79.69000244140625,79.7699966430664,63.27157974243164,2400300
2019-02-06,79.79000091552734,79.80999755859375,79.69000244140625,79.73999786376953,63.24778366088867,2724700
2019-02-07,79.79000091552734,79.83999633789062,79.75,79.80000305175781,63.29537582397461,2474700
2019-02-08,79.87000274658203,79.9800033569336,79.83999633789062,79.91999816894531,63.39055252075195,1538700
2019-02-11,79.8499984741211,79.91999816894531,79.80999755859375,79.88999938964844,63.36677169799805,2600900
2019-02-12,79.8499984741211,79.88999938964844,79.80999755859375,79.87999725341797,63.35884475708008,1541200
2019-02-13,79.80000305175781,79.80999755859375,79.70999908447266,79.76000213623047,63.26362609863281,1631600
2019-02-14,79.95999908447266,79.98999786376953,79.8499984741211,79.9000015258789,63.374698638916016,1895800
2019-02-15,79.88999938964844,79.93000030517578,79.87000274658203,79.93000030517578,63.39848709106445,1917900
2019-02-19,80.0,80.02999877929688,79.93000030517578,80.0,63.45404052734375,3792100
2019-02-20,79.9800033569336,80.01000213623047,79.91999816894531,79.97000122070312,63.43019485473633,1768400
2019-02-21,79.83000183105469,79.83000183105469,79.7699966430664,79.80999755859375,63.3033447265625,3411400
2019-02-22,79.91999816894531,80.08000183105469,79.87000274658203,79.98999786376953,63.446109771728516,1936600
2019-02-25,79.95999908447266,79.98999786376953,79.91000366210938,79.95999908447266,63.42231369018555,2244600
2019-02-26,80.05999755859375,80.12000274658203,80.0199966430664,80.06999969482422,63.50953674316406,1405200
2019-02-27,80.0199966430664,80.0199966430664,79.8499984741211,79.91000366210938,63.38261795043945,1323000
2019-02-28,79.91000366210938,79.91000366210938,79.73999786376953,79.81999969482422,63.31125259399414,4028500
2019-03-01,79.55000305175781,79.58000183105469,79.38999938964844,79.38999938964844,63.115684509277344,3035000
2019-03-04,79.52999877929688,79.58000183105469,79.47000122070312,79.52999877929688,63.22697067260742,2531300
2019-03-05,79.4800033569336,79.61000061035156,79.47000122070312,79.58999633789062,63.27468490600586,1924500
2019-03-06,79.66000366210938,79.76000213623047,79.62999725341797,79.69000244140625,63.35417556762695,1629000
2019-03-07,79.83999633789062,79.95999908447266,79.79000091552734,79.91999816894531,63.53702926635742,2322200
2019-03-08,79.95999908447266,80.05000305175781,79.87999725341797,80.0199966430664,63.61653137207031,4388500
2019-03-11,80.02999877929688,80.02999877929688,79.97000122070312,79.9800033569336,63.58470916748047,1891100
2019-03-12,80.05000305175781,80.19000244140625,80.0199966430664,80.16999816894531,63.73572540283203,1958500
2019-03-13,80.13999938964844,80.16000366210938,80.0999984741211,80.12999725341797,63.70402526855469,1318600
2019-03-14,80.13999938964844,80.13999938964844,80.01000213623047,80.05999755859375,63.64832305908203,4058400
2019-03-15,80.19000244140625,80.26000213623047,80.13999938964844,80.20999908447266,63.767578125,1639300
2019-03-18,80.16999816894531,80.19999694824219,80.08999633789062,80.16000366210938,63.72782516479492,5344200
2019-03-19,80.08000183105469,80.18000030517578,80.05999755859375,80.12000274658203,63.69603729248047,2702400
2019-03-20,80.19000244140625,80.48999786376953,80.16999816894531,80.47000122070312,63.97425842285156,2528700
2019-03-21,80.51000213623047,80.54000091552734,80.4800033569336,80.48999786376953,63.99015808105469,1980500
2019-03-22,80.81999969482422,80.9800033569336,80.75,80.93000030517578,64.33998107910156,2734000
2019-03-25,80.94999694824219,81.18000030517578,80.87999725341797,81.02999877929688,64.41950225830078,2034000
2019-03-26,80.9800033569336,81.12000274658203,80.94999694824219,81.05000305175781,64.43541717529297,3527200
2019-03-27,81.18000030517578,81.30999755859375,81.16000366210938,81.19999694824219,64.55464935302734,2121900
2019-03-28,81.20999908447266,81.2699966430664,81.12999725341797,81.23999786376953,64.58646392822266,1818300
2019-03-29,81.08000183105469,81.19999694824219,81.06999969482422,81.18000030517578,64.53872680664062,1937000
2019-04-01,80.86000061035156,80.86000061035156,80.62000274658203,80.66000366210938,64.28368377685547,4106700
2019-04-02,80.69999694824219,80.77999877929688,80.66000366210938,80.69999694824219,64.31561279296875,6305600
2019-04-03,80.58000183105469,80.62999725341797,80.54000091552734,80.58999633789062,64.2279281616211,2177300
2019-04-04,80.62000274658203,80.68000030517578,80.58000183105469,80.66999816894531,64.29167175292969,1586000
2019-04-05,80.61000061035156,80.73999786376953,80.5999984741211,80.7300033569336,64.3395004272461,2131700
2019-04-08,80.73999786376953,80.73999786376953,80.61000061035156,80.6500015258789,64.27571105957031,3794200
2019-04-09,80.77999877929688,80.81999969482422,80.72000122070312,80.7699966430664,64.37138366699219,1919100
2019-04-10,80.80999755859375,80.9000015258789,80.80000305175781,80.87999725341797,64.45904541015625,3414300
2019-04-11,80.80999755859375,80.81999969482422,80.70999908447266,80.73999786376953,64.34744262695312,2641800
2019-04-12,80.66999816894531,80.69000244140625,80.58000183105469,80.58999633789062,64.2279281616211,1821800
2019-04-15,80.58000183105469,80.62999725341797,80.56999969482422,80.61000061035156,64.24388122558594,1671300
2019-04-16,80.52999877929688,80.55000305175781,80.44999694824219,80.47000122070312,64.13229370117188,2002000
2019-04-17,80.47000122070312,80.56999969482422,80.45999908447266,80.47000122070312,64.13229370117188,1797500
2019-04-18,80.5999984741211,80.63999938964844,80.52999877929688,80.58000183105469,64.21994018554688,1604600
2019-04-22,80.58000183105469,80.58000183105469,80.45999908447266,80.5,64.15620422363281,1840100
2019-04-23,80.5999984741211,80.6500015258789,80.56999969482422,80.63999938964844,64.26777648925781,2643500
2019-04-24,80.80000305175781,80.86000061035156,80.76000213623047,80.8499984741211,64.43514251708984,1370500
2019-04-25,80.8499984741211,80.87999725341797,80.7699966430664,80.83000183105469,64.41920471191406,1238100
2019-04-26,81.01000213623047,81.05000305175781,80.9800033569336,81.01000213623047,64.56266021728516,1622500
2019-04-29,80.9000015258789,80.91999816894531,80.80000305175781,80.83999633789062,64.4271469116211,1737800
2019-04-30,80.80000305175781,80.95999908447266,80.80000305175781,80.95999908447266,64.52278900146484,2376200
2019-05-01,80.77999877929688,81.0199966430664,80.70999908447266,80.7699966430664,64.52679443359375,2035300
2019-05-02,80.70999908447266,80.7300033569336,80.52999877929688,80.58999633789062,64.38298797607422,2061100
2019-05-03,80.72000122070312,80.79000091552734,80.68000030517578,80.73999786376953,64.50283813476562,1877500
2019-05-06,80.86000061035156,80.91000366210938,80.81999969482422,80.83999633789062,64.58270263671875,2261500
2019-05-07,80.94999694824219,81.0,80.91000366210938,80.95999908447266,64.67858123779297,3223200
2019-05-08,81.0199966430664,81.05999755859375,80.9000015258789,80.9000015258789,64.6306381225586,4750500
2019-05-09,81.05000305175781,81.06999969482422,80.86000061035156,80.9800033569336,64.6945571899414,1926100
2019-05-10,80.98999786376953,81.06999969482422,80.94999694824219,80.97000122070312,64.68660736083984,4679900
2019-05-13,81.12000274658203,81.19999694824219,81.0999984741211,81.13999938964844,64.82239532470703,3427000
2019-05-14,81.16000366210938,81.19999694824219,81.13999938964844,81.19000244140625,64.86231994628906,4478100
2019-05-15,81.33999633789062,81.36000061035156,81.22000122070312,81.30999755859375,64.95819854736328,1940900
2019-05-16,81.23999786376953,81.23999786376953,81.16999816894531,81.19000244140625,64.86231994628906,1862700
2019-05-17,81.30000305175781,81.30999755859375,81.16000366210938,81.20999908447266,64.87830352783203,1615200
2019-05-20,81.20999908447266,81.25,81.11000061035156,81.11000061035156,64.79840850830078,2188000
2019-05-21,81.11000061035156,81.12000274658203,81.05000305175781,81.06999969482422,64.76649475097656,1747000
2019-05-22,81.12000274658203,81.2699966430664,81.12000274658203,81.22000122070312,64.88629913330078,4000500
2019-05-23,81.30999755859375,81.58000183105469,81.30999755859375,81.51000213623047,65.11797332763672,5334000
2019-05-24,81.51000213623047,81.52999877929688,81.45999908447266,81.51000213623047,65.11797332763672,1770100
2019-05-28,81.63999938964844,81.69000244140625,81.58000183105469,81.68000030517578,65.25379180908203,1910600
2019-05-29,81.75,81.86000061035156,81.66000366210938,81.66000366210938,65.23782348632812,3142700
2019-05-30,81.73999786376953,81.91000366210938,81.66999816894531,81.87999725341797,65.41358184814453,2253600
2019-05-31,82.04000091552734,82.23999786376953,81.98999786376953,82.23999786376953,65.70117950439453,5898700
2019-06-03,82.13999938964844,82.31999969482422,82.04000091552734,82.27999877929688,65.8877182006836,3787000
2019-06-04,82.16000366210938,82.20999908447266,82.02999877929688,82.13999938964844,65.7756118774414,2906700
2019-06-05,82.18000030517578,82.27999877929688,82.06999969482422,82.13999938964844,65.7756118774414,7341700
2019-06-06,82.16999816894531,82.26000213623047,82.06999969482422,82.12000274658203,65.75961303710938,2995300
2019-06-07,82.36000061035156,82.44999694824219,82.27999877929688,82.33999633789062,65.93580627441406,2490100
2019-06-10,82.26000213623047,82.26000213623047,82.13999938964844,82.16999816894531,65.79965209960938,2417400
2019-06-11,82.12000274658203,82.18000030517578,82.08000183105469,82.11000061035156,65.75164031982422,3362100
2019-06-12,82.1500015258789,82.25,82.12999725341797,82.25,65.8637466430664,1904400
2019-06-13,82.30000305175781,82.43000030517578,82.29000091552734,82.38999938964844,65.9758071899414,1946300
2019-06-14,82.30999755859375,82.41999816894531,82.30000305175781,82.4000015258789,65.9838638305664,2260700
2019-06-17,82.30000305175781,82.43000030517578,82.30000305175781,82.4000015258789,65.9838638305664,2792600
2019-06-18,82.66000366210938,82.72000122070312,82.52999877929688,82.58999633789062,66.13597869873047,3342000
2019-06-19,82.4800033569336,82.87000274658203,82.44999694824219,82.87000274658203,66.36022186279297,2496900
2019-06-20,83.0199966430664,83.12999725341797,82.9800033569336,83.0,66.46432495117188,2171600
2019-06-21,82.8499984741211,82.87000274658203,82.70999908447266,82.7699966430664,66.2801284790039,2398100
2019-06-24,82.87999725341797,82.97000122070312,82.8499984741211,82.91999816894531,66.4002685546875,2803800
2019-06-25,82.98999786376953,83.05000305175781,82.88999938964844,82.94999694824219,66.42424011230469,2699800
2019-06-26,82.93000030517578,82.94000244140625,82.75,82.76000213623047,66.27210998535156,2195800
2019-06-27,82.88999938964844,83.02999877929688,82.83000183105469,83.0,66.46432495117188,2021400
2019-06-28,82.95999908447266,83.08999633789062,82.94999694824219,83.06999969482422,66.52037811279297,2554600
2019-07-01,82.91000366210938,82.94999694824219,82.75,82.87000274658203,66.51557159423828,2354400
2019-07-02,82.91999816894531,83.05999755859375,82.86000061035156,83.02999877929688,66.64398956298828,3127100
2019-07-03,83.11000061035156,83.22000122070312,83.08000183105469,83.18000030517578,66.76435852050781,1720800
2019-07-05,82.83000183105469,82.8499984741211,82.62000274658203,82.79000091552734,66.45132446289062,2356800
2019-07-08,82.87999725341797,82.91999816894531,82.76000213623047,82.77999877929688,66.44330596923828,1761500
2019-07-09,82.79000091552734,82.79000091552734,82.66000366210938,82.66999816894531,66.35501861572266,1839400
2019-07-10,82.7699966430664,82.80999755859375,82.68000030517578,82.73999786376953,66.41119384765625,2097200
2019-07-11,82.70999908447266,82.7699966430664,82.43000030517578,82.47000122070312,66.19450378417969,3024100
2019-07-12,82.47000122070312,82.56999969482422,82.44000244140625,82.54000091552734,66.25064086914062,2265000
2019-07-15,82.52999877929688,82.66000366210938,82.52999877929688,82.66000366210938,66.34701538085938,2245900
2019-07-16,82.5199966430664,82.58000183105469,82.45999908447266,82.55000305175781,66.25869750976562,2294100
2019-07-17,82.66999816894531,82.80999755859375,82.63999938964844,82.80000305175781,66.45935821533203,2062300
2019-07-18,82.7699966430664,82.9800033569336,82.7300033569336,82.94999694824219,66.57975006103516,3323200
2019-07-19,82.8499984741211,82.91999816894531,82.80999755859375,82.86000061035156,66.50753021240234,2167300
2019-07-22,83.0199966430664,83.02999877929688,82.91999816894531,82.94999694824219,66.57975006103516,1725500
2019-07-23,82.91000366210938,82.94999694824219,82.81999969482422,82.87999725341797,66.52359008789062,1799600
2019-07-24,82.94999694824219,83.02999877929688,82.93000030517578,82.95999908447266,66.5877914428711,2535800
2019-07-25,82.93000030517578,82.94999694824219,82.7300033569336,82.87000274658203,66.51557159423828,2199000
2019-07-26,82.91999816894531,82.91999816894531,82.83000183105469,82.87000274658203,66.51557159423828,2413500
2019-07-29,82.95999908447266,82.97000122070312,82.87999725341797,82.91999816894531,66.55570220947266,1771900
2019-07-30,82.94000244140625,82.94999694824219,82.83999633789062,82.9000015258789,66.53961181640625,1968800
2019-07-31,82.91999816894531,83.1500015258789,82.77999877929688,83.0,66.61991119384766,2628700
2019-08-01,82.97000122070312,83.44000244140625,82.94000244140625,83.4000015258789,67.09698486328125,3278400
2019-08-02,83.44000244140625,83.5199966430664,83.37000274658203,83.4800033569336,67.16132354736328,5392400
2019-08-05,83.76000213623047,83.9000015258789,83.69999694824219,83.83999633789062,67.45098114013672,4284300
2019-08-06,83.87000274658203,84.06999969482422,83.83000183105469,84.05000305175781,67.61991882324219,4939700
2019-08-07,84.44999694824219,84.5,84.02999877929688,84.05000305175781,67.61991882324219,5516400
2019-08-08,83.9000015258789,84.16999816894531,83.79000091552734,84.12000274658203,67.67623138427734,3244200
2019-08-09,84.16000366210938,84.23999786376953,83.94999694824219,83.97000122070312,67.5555419921875,2832800
2019-08-12,84.2300033569336,84.41000366210938,84.18000030517578,84.33999633789062,67.85321807861328,3008000
2019-08-13,84.37999725341797,84.41000366210938,84.12999725341797,84.20999908447266,67.74862670898438,3299800
2019-08-14,84.52999877929688,84.58000183105469,84.44999694824219,84.51000213623047,67.98997497558594,3395400
2019-08-15,84.66999816894531,85.0199966430664,84.5999984741211,84.91999816894531,68.31981658935547,4358100
2019-08-16,84.7699966430664,84.86000061035156,84.58999633789062,84.83000183105469,68.24742889404297,3913600
2019-08-19,84.54000091552734,84.63999938964844,84.5,84.55999755859375,68.03019714355469,3640100
2019-08-20,84.73999786376953,84.77999877929688,84.68000030517578,84.77999877929688,68.20726013183594,2568100
2019-08-21,84.69999694824219,84.88999938964844,84.6500015258789,84.73999786376953,68.1750259399414,2532300
2019-08-22,84.6500015258789,84.7699966430664,84.54000091552734,84.58000183105469,68.04631042480469,3232600
2019-08-23,84.55000305175781,84.9800033569336,84.5199966430664,84.88999938964844,68.29568481445312,3100100
2019-08-26,84.93000030517578,84.98999786376953,84.77999877929688,84.83999633789062,68.25547790527344,2358800
2019-08-27,84.97000122070312,85.13999938964844,84.94000244140625,85.12999725341797,68.48881530761719,2450800
2019-08-28,85.29000091552734,85.30000305175781,85.13999938964844,85.16000366210938,68.51293182373047,3352400
2019-08-29,85.12000274658203,85.12000274658203,84.94999694824219,85.11000061035156,68.47269439697266,2812400
2019-08-30,85.02999877929688,85.16999816894531,85.0,85.0999984741211,68.46467590332031,2861800
2019-09-03,84.9800033569336,85.18000030517578,84.83999633789062,84.98999786376953,68.52753448486328,3345800
2019-09-04,84.97000122070312,85.16000366210938,84.94999694824219,85.1500015258789,68.65652465820312,2864100
2019-09-05,84.8499984741211,84.9000015258789,84.58000183105469,84.70999908447266,68.30179595947266,3162800
2019-09-06,84.76000213623047,84.8499984741211,84.72000122070312,84.80999755859375,68.38241577148438,2764600
2019-09-09,84.47000122070312,84.55000305175781,84.4000015258789,84.41999816894531,68.06794738769531,2618400
2019-09-10,84.36000061035156,84.37999725341797,83.95999908447266,83.98999786376953,67.72127532958984,2425900
2019-09-11,83.91999816894531,84.04000091552734,83.91000366210938,83.94000244140625,67.68091583251953,2030200
2019-09-12,84.1500015258789,84.18000030517578,83.7300033569336,83.77999877929688,67.55194091796875,3025200
2019-09-13,83.62000274658203,83.66999816894531,83.29000091552734,83.30000305175781,67.1649169921875,3111300
2019-09-16,83.52999877929688,83.5999984741211,83.41000366210938,83.5199966430664,67.34226989746094,2971000
2019-09-17,83.58000183105469,83.77999877929688,83.51000213623047,83.70999908447266,67.49551391601562,2974900
2019-09-18,83.88999938964844,84.04000091552734,83.72000122070312,83.7699966430664,67.54383850097656,2557800
2019-09-19,83.98999786376953,84.01000213623047,83.86000061035156,83.88999938964844,67.64060974121094,2631100
2019-09-20,83.98999786376953,84.19999694824219,83.94999694824219,84.19000244140625,67.88253021240234,2436700
2019-09-23,84.30000305175781,84.45999908447266,84.23999786376953,84.25,67.930908203125,2365800
2019-09-24,84.3499984741211,84.55999755859375,84.31999969482422,84.54000091552734,68.16471862792969,3043500
2019-09-25,84.44000244140625,84.44999694824219,84.08000183105469,84.13999938964844,67.84220123291016,3009500
2019-09-26,84.30999755859375,84.37000274658203,84.23999786376953,84.27999877929688,67.95504760742188,2909900
2019-09-27,84.2699966430664,84.41000366210938,84.2699966430664,84.37000274658203,68.02764892578125,2778400
2019-09-30,84.26000213623047,84.47000122070312,84.2300033569336,84.43000030517578,68.0760269165039,5258400
2019-10-01,84.05000305175781,84.5199966430664,84.0199966430664,84.33000183105469,68.14231872558594,5383100
2019-10-02,84.5,84.5999984741211,84.41999816894531,84.5199966430664,68.29582977294922,3741400
2019-10-03,84.62000274658203,84.93000030517578,84.61000061035156,84.80000305175781,68.52206420898438,3149600
2019-10-04,84.86000061035156,84.9800033569336,84.81999969482422,84.94000244140625,68.63519287109375,3309600
2019-10-07,84.80000305175781,84.87999725341797,84.70999908447266,84.72000122070312,68.45741271972656,4701400
2019-10-08,84.91000366210938,84.91999816894531,84.69999694824219,84.76000213623047,68.4897232055664,3876100
2019-10-09,84.77999877929688,84.77999877929688,84.58999633789062,84.66000366210938,68.40895080566406,3187900
2019-10-10,84.56999969482422,84.58999633789062,84.3499984741211,84.4000015258789,68.19884490966797,3683300
2019-10-11,84.1500015258789,84.16999816894531,83.95999908447266,84.08999633789062,67.94834899902344,3411200
2019-10-14,84.23999786376953,84.25,84.16999816894531,84.2300033569336,68.06147003173828,1600400
2019-10-15,84.18000030517578,84.2300033569336,83.97000122070312,84.01000213623047,67.88372039794922,2408500
2019-10-16,84.05000305175781,84.1500015258789,84.0199966430664,84.0999984741211,67.95643615722656,2549900
2019-10-17,84.08000183105469,84.20999908447266,84.0199966430664,84.0999984741211,67.95643615722656,2420600
2019-10-18,84.13999938964844,84.23999786376953,84.12999725341797,84.13999938964844,67.9887924194336,2467600
2019-10-21,84.05000305175781,84.08999633789062,83.94000244140625,83.94000244140625,67.82711791992188,2328000
2019-10-22,84.11000061035156,84.13999938964844,83.97000122070312,84.08999633789062,67.94834899902344,4545600
2019-10-23,84.22000122070312,84.25,84.12000274658203,84.12999725341797,67.98064422607422,4250400
2019-10-24,84.18000030517578,84.2699966430664,84.12000274658203,84.13999938964844,67.9887924194336,2353700
2019-10-25,84.19000244140625,84.19000244140625,83.94999694824219,84.0,67.87564086914062,2157500
2019-10-28,83.83999633789062,83.8499984741211,83.76000213623047,83.81999969482422,67.73020935058594,2861600
2019-10-29,83.93000030517578,83.93000030517578,83.81999969482422,83.83999633789062,67.74632263183594,2729800
2019-10-30,83.94000244140625,84.12000274658203,83.88999938964844,84.11000061035156,67.96450805664062,2831800
2019-10-31,84.33999633789062,84.5199966430664,84.30000305175781,84.51000213623047,68.2877426147461,3058400
2019-11-01,84.25,84.36000061035156,84.11000061035156,84.25,68.22700500488281,2771900
2019-11-04,84.05000305175781,84.05999755859375,83.95999908447266,84.01000213623047,68.03266143798828,2444500
2019-11-05,83.79000091552734,83.80000305175781,83.62000274658203,83.72000122070312,67.79776763916016,2890600
2019-11-06,83.75,83.94000244140625,83.7300033569336,83.9000015258789,67.94355773925781,3147000
2019-11-07,83.62000274658203,83.62000274658203,83.26000213623047,83.47000122070312,67.59532165527344,3767100
2019-11-08,83.44999694824219,83.58999633789062,83.37999725341797,83.38999938964844,67.53052520751953,2130600
2019-11-11,83.5,83.52999877929688,83.37999725341797,83.44000244140625,67.57105255126953,1926100
2019-11-12,83.47000122070312,83.55000305175781,83.37999725341797,83.48999786376953,67.611572265625,3072600
2019-11-13,83.66000366210938,83.70999908447266,83.58999633789062,83.63999938964844,67.73301696777344,2690800
2019-11-14,83.93000030517578,83.95999908447266,83.87000274658203,83.87999725341797,67.92735290527344,2299700
2019-11-15,83.81999969482422,83.91999816894531,83.80000305175781,83.8499984741211,67.90308380126953,2342200
2019-11-18,83.98999786376953,84.04000091552734,83.94999694824219,83.97000122070312,68.00022888183594,3553000
2019-11-19,83.9800033569336,84.0999984741211,83.97000122070312,84.05999755859375,68.0731430053711,3712600
2019-11-20,84.20999908447266,84.30000305175781,84.1500015258789,84.29000091552734,68.2593994140625,4924100
2019-11-21,84.18000030517578,84.19000244140625,84.06999969482422,84.1500015258789,68.14603424072266,2779600
2019-11-22,84.23999786376953,84.25,84.12999725341797,84.19999694824219,68.1865005493164,3119700
2019-11-25,84.26000213623047,84.30999755859375,84.2300033569336,84.27999877929688,68.25126647949219,3444700
2019-11-26,84.4000015258789,84.44000244140625,84.3499984741211,84.41999816894531,68.3646469116211,3207400
2019-11-27,84.30999755859375,84.3499984741211,84.2699966430664,84.29000091552734,68.2593994140625,2293000
2019-11-29,84.29000091552734,84.30999755859375,84.19000244140625,84.29000091552734,68.2593994140625,2535100
2019-12-02,83.83000183105469,83.88999938964844,83.76000213623047,83.88999938964844,68.08084106445312,3745800
2019-12-03,84.16999816894531,84.43000030517578,84.12999725341797,84.33999633789062,68.4460220336914,3393600
2019-12-04,84.26000213623047,84.27999877929688,84.05999755859375,84.16999816894531,68.30807495117188,3876800
2019-12-05,84.04000091552734,84.12999725341797,83.9800033569336,84.08000183105469,68.23503875732422,2850000
2019-12-06,83.91000366210938,84.0999984741211,83.87000274658203,83.97000122070312,68.145751953125,4121700
2019-12-09,84.08000183105469,84.08999633789062,83.9800033569336,83.98999786376953,68.16200256347656,2795100
2019-12-10,84.04000091552734,84.05000305175781,83.9000015258789,83.93000030517578,68.11327362060547,2700500
2019-12-11,84.06999969482422,84.25,84.04000091552734,84.20999908447266,68.34050750732422,2581800
2019-12-12,84.1500015258789,84.16000366210938,83.70999908447266,83.80999755859375,68.01591491699219,4645900
2019-12-13,84.02999877929688,84.2300033569336,83.86000061035156,84.19000244140625,68.3243179321289,3877700
2019-12-16,84.05000305175781,84.06999969482422,83.94000244140625,83.95999908447266,68.1376724243164,2876500
2019-12-17,84.08000183105469,84.0999984741211,83.94000244140625,83.97000122070312,68.145751953125,3282700
2019-12-18,83.98999786376953,83.98999786376953,83.80000305175781,83.86000061035156,68.05651092529297,3786100
2019-12-19,83.87999725341797,83.98999786376953,83.83000183105469,83.91999816894531,68.1052017211914,3240600
2019-12-20,83.87000274658203,83.95999908447266,83.81999969482422,83.94000244140625,68.12141418457031,3646300
2019-12-23,83.79000091552734,83.80000305175781,83.62999725341797,83.69999694824219,68.07830047607422,4192500
2019-12-24,83.62999725341797,83.80000305175781,83.61000061035156,83.77999877929688,68.14336395263672,1682800
2019-12-26,83.81999969482422,83.86000061035156,83.72000122070312,83.86000061035156,68.20844268798828,2036400
2019-12-27,83.95999908447266,83.98999786376953,83.93000030517578,83.9800033569336,68.30606842041016,1940300
2019-12-30,83.76000213623047,83.94999694824219,83.7300033569336,83.94999694824219,68.2816390991211,2562000
2019-12-31,83.8499984741211,83.91999816894531,83.7699966430664,83.86000061035156,68.20844268798828,5931300
2020-01-02,83.9800033569336,84.11000061035156,83.93000030517578,83.97000122070312,68.29792785644531,5511000
2020-01-03,84.18000030517578,84.29000091552734,84.0999984741211,84.2699966430664,68.54193115234375,5368300
2020-01-06,84.30000305175781,84.30999755859375,84.11000061035156,84.16999816894531,68.46060180664062,3710400
2020-01-07,84.19999694824219,84.19999694824219,84.06999969482422,84.0999984741211,68.40365600585938,3029900
2020-01-08,84.12999725341797,84.19999694824219,83.9000015258789,83.97000122070312,68.29792785644531,3674400
2020-01-09,83.91000366210938,84.0999984741211,83.86000061035156,84.06999969482422,68.37925720214844,5886600
2020-01-10,84.16000366210938,84.23999786376953,84.0999984741211,84.20999908447266,68.49310302734375,4525700
2020-01-13,84.18000030517578,84.18000030517578,84.0999984741211,84.16000366210938,68.45245361328125,3735700
2020-01-14,84.19999694824219,84.29000091552734,84.18000030517578,84.27999877929688,68.550048828125,3492300
2020-01-15,84.4000015258789,84.41000366210938,84.30999755859375,84.41000366210938,68.65582275390625,2594300
2020-01-16,84.37000274658203,84.43000030517578,84.30999755859375,84.36000061035156,68.61512756347656,4784100
2020-01-17,84.2699966430664,84.36000061035156,84.25,84.3499984741211,68.60701751708984,3090600
2020-01-21,84.48999786376953,84.58999633789062,84.41999816894531,84.55999755859375,68.77777862548828,2910600
2020-01-22,84.58999633789062,84.62999725341797,84.55999755859375,84.62999725341797,68.83475494384766,4192100
2020-01-23,84.77999877929688,84.83000183105469,84.72000122070312,84.77999877929688,68.95675659179688,3104800
2020-01-24,84.83000183105469,85.0,84.80000305175781,84.91000366210938,69.06249237060547,4548400
2020-01-27,85.16999816894531,85.19999694824219,85.0999984741211,85.19000244140625,69.29022979736328,3208600
2020-01-28,85.12999725341797,85.13999938964844,84.9800033569336,85.04000091552734,69.168212890625,3993400
2020-01-29,85.16999816894531,85.33000183105469,85.13999938964844,85.27999877929688,69.36345672607422,4177500
2020-01-30,85.36000061035156,85.44999694824219,85.2300033569336,85.30000305175781,69.37969207763672,4795700
2020-01-31,85.4000015258789,85.58000183105469,85.37999725341797,85.5199966430664,69.55862426757812,6264000
2020-02-03,85.22000122070312,85.30000305175781,85.08999633789062,85.26000213623047,69.49585723876953,6030800
2020-02-04,85.02999877929688,85.04000091552734,84.91999816894531,85.0,69.2839584350586,4180900
2020-02-05,84.88999938964844,84.94000244140625,84.83000183105469,84.86000061035156,69.1698226928711,3537200
2020-02-06,84.91000366210938,84.95999908447266,84.8499984741211,84.94000244140625,69.23501586914062,3435700
2020-02-07,85.16999816894531,85.2300033569336,85.11000061035156,85.19999694824219,69.44694519042969,4169700
2020-02-10,85.3499984741211,85.38999938964844,85.2699966430664,85.33000183105469,69.55293273925781,2785500
2020-02-11,85.29000091552734,85.31999969482422,85.18000030517578,85.19000244140625,69.4388427734375,3799400
2020-02-12,85.0999984741211,85.12999725341797,85.05000305175781,85.08999633789062,69.35728454589844,4127500
2020-02-13,85.13999938964844,85.2300033569336,85.0999984741211,85.16999816894531,69.42250061035156,2852500
2020-02-14,85.31999969482422,85.33999633789062,85.25,85.26000213623047,69.49585723876953,3069000
2020-02-18,85.43000030517578,85.47000122070312,85.31999969482422,85.38999938964844,69.60179901123047,3645200
2020-02-19,85.36000061035156,85.43000030517578,85.31999969482422,85.37999725341797,69.59368133544922,3109600
2020-02-20,85.4800033569336,85.58999633789062,85.44999694824219,85.58999633789062,69.76486206054688,8404000
2020-02-21,85.76000213623047,85.93000030517578,85.7300033569336,85.80000305175781,69.93601989746094,6561500
2020-02-24,86.16999816894531,86.19000244140625,86.05999755859375,86.06999969482422,70.15612030029297,6314500
2020-02-25,86.08999633789062,86.25,86.06999969482422,86.13999938964844,70.21315002441406,7928900
2020-02-26,86.08000183105469,86.29000091552734,86.0,86.08999633789062,70.17239379882812,8015900
2020-02-27,86.26000213623047,86.37999725341797,86.12000274658203,86.19000244140625,70.25390625,9514600
2020-02-28,86.5199966430664,86.87000274658203,86.4000015258789,86.76000213623047,70.7185287475586,16377200
2020-03-02,86.81999969482422,86.91000366210938,86.5,86.52999877929688,70.67198181152344,10154400
2020-03-03,86.56999969482422,87.5199966430664,86.54000091552734,87.05000305175781,71.09666442871094,9323900
2020-03-04,87.26000213623047,87.4000015258789,87.0,87.02999877929688,71.08033752441406,7445600
2020-03-05,87.37999725341797,87.5,87.27999877929688,87.36000061035156,71.34989929199219,5385000
2020-03-06,88.20999908447266,88.26000213623047,87.66000366210938,87.95999908447266,71.83992004394531,10176200
2020-03-09,89.26000213623047,89.31999969482422,87.72000122070312,87.7699966430664,71.68472290039062,12445600
2020-03-10,87.44000244140625,87.69000244140625,86.58999633789062,86.58999633789062,70.72099304199219,14177600
2020-03-11,86.77999877929688,87.23999786376953,84.87000274658203,84.94999694824219,69.38153076171875,10511600
2020-03-12,83.4800033569336,84.88999938964844,76.48999786376953,80.33000183105469,65.60822296142578,16986900
2020-03-13,81.69000244140625,84.44999694824219,81.5,83.72000122070312,68.37694549560547,14137500
2020-03-16,81.31999969482422,84.6500015258789,79.51000213623047,84.5999984741211,69.09571075439453,8411000
2020-03-17,83.55000305175781,84.72000122070312,82.79000091552734,82.8499984741211,67.66641235351562,13629700
2020-03-18,81.44000244140625,82.66999816894531,80.30999755859375,80.8499984741211,66.03292083740234,10076800
2020-03-19,79.73999786376953,81.58000183105469,79.58000183105469,80.80000305175781,65.99208068847656,11007200
2020-03-20,80.69999694824219,82.55000305175781,80.69000244140625,82.16999816894531,67.11100769042969,8864500
2020-03-23,81.20999908447266,83.98999786376953,81.19999694824219,83.98999786376953,68.59748077392578,10973300
2020-03-24,82.94999694824219,84.23999786376953,82.73999786376953,84.08000183105469,68.67098999023438,9371200
2020-03-25,84.13999938964844,85.6500015258789,84.13999938964844,85.20999908447266,69.59388732910156,9655500
2020-03-26,85.05000305175781,85.69000244140625,85.04000091552734,85.5999984741211,69.91240692138672,10803800
2020-03-27,85.37000274658203,86.13999938964844,85.20999908447266,86.05999755859375,70.2880859375,4975200
2020-03-30,86.0199966430664,86.56999969482422,86.0199966430664,86.1500015258789,70.36161804199219,6030800
2020-03-31,86.25,86.41999816894531,85.3499984741211,85.3499984741211,69.70816802978516,8523900
2020-04-01,86.12000274658203,86.26000213623047,85.55000305175781,85.5999984741211,70.06838989257812,5995000
2020-04-02,86.12000274658203,86.18000030517578,85.88999938964844,86.0,70.39581298828125,6356100
2020-04-03,86.05000305175781,86.12999725341797,85.83000183105469,85.95999908447266,70.36308288574219,4151200
2020-04-06,86.30000305175781,86.30000305175781,86.0,86.2300033569336,70.58412170410156,4373100
2020-04-07,86.2300033569336,86.38999938964844,86.05999755859375,86.30999755859375,70.64956665039062,6009600
2020-04-08,86.30000305175781,86.52999877929688,86.19999694824219,86.52999877929688,70.82965850830078,4572300
2020-04-09,86.75,87.4800033569336,86.75,87.4800033569336,71.60730743408203,5070700
2020-04-13,87.38999938964844,87.38999938964844,86.94000244140625,87.19999694824219,71.37808990478516,7018100
2020-04-14,87.38999938964844,87.38999938964844,87.11000061035156,87.19999694824219,71.37808990478516,5818300
2020-04-15,87.23999786376953,87.6500015258789,87.19999694824219,87.62999725341797,71.73004913330078,3922500
2020-04-16,87.62999725341797,87.80000305175781,87.5,87.68000030517578,71.77095794677734,3459600
2020-04-17,87.70999908447266,87.86000061035156,87.41999816894531,87.55999755859375,71.67276763916016,3528300
2020-04-20,87.52999877929688,87.54000091552734,87.33999633789062,87.41999816894531,71.55813598632812,3705200
2020-04-21,87.69999694824219,87.70999908447266,87.44000244140625,87.52999877929688,71.6482162475586,4513000
2020-04-22,87.44999694824219,87.5199966430664,87.33000183105469,87.45999908447266,71.59088897705078,3240100
2020-04-23,87.56999969482422,87.66999816894531,87.5,87.5999984741211,71.70550537109375,2587200
2020-04-24,87.55999755859375,87.62000274658203,87.47000122070312,87.56999969482422,71.68094635009766,2272600
2020-04-27,87.52999877929688,87.55000305175781,87.23999786376953,87.26000213623047,71.42720794677734,3117300
2020-04-28,87.5,87.55000305175781,87.4000015258789,87.5199966430664,71.64006042480469,3118800
2020-04-29,87.63999938964844,87.70999908447266,87.4800033569336,87.58000183105469,71.68912506103516,4867500
2020-04-30,87.69000244140625,87.72000122070312,87.5,87.51000213623047,71.6318130493164,5390100
2020-05-01,87.37999725341797,87.44999694824219,87.16000366210938,87.30000305175781,71.6023178100586,4857100
2020-05-04,87.33999633789062,87.41999816894531,87.2699966430664,87.38999938964844,71.6761474609375,7276600
2020-05-05,87.30999755859375,87.37000274658203,87.27999877929688,87.30999755859375,71.6104965209961,3625600
2020-05-06,87.23999786376953,87.27999877929688,86.86000061035156,86.91999816894531,71.29064178466797,5006600
2020-05-07,87.18000030517578,87.23999786376953,86.97000122070312,87.19999694824219,71.52030181884766,3425600
2020-05-08,87.12999725341797,87.16999816894531,86.9000015258789,86.94999694824219,71.31523895263672,3078900
2020-05-11,86.93000030517578,86.97000122070312,86.62999725341797,86.68000030517578,71.09382629394531,4344300
2020-05-12,86.87000274658203,87.06999969482422,86.77999877929688,86.95999908447266,71.32345581054688,3942700
2020-05-13,87.13999938964844,87.19000244140625,87.01000213623047,87.05999755859375,71.40547943115234,2628900
2020-05-14,87.2300033569336,87.30000305175781,87.18000030517578,87.30000305175781,71.6023178100586,2844700
2020-05-15,87.51000213623047,87.51000213623047,87.27999877929688,87.3499984741211,71.64330291748047,2871300
2020-05-18,87.38999938964844,87.38999938964844,87.06999969482422,87.19000244140625,71.51210021972656,3573700
2020-05-19,87.2699966430664,87.30999755859375,87.16000366210938,87.30000305175781,71.6023178100586,3083000
2020-05-20,87.37000274658203,87.56999969482422,87.2699966430664,87.52999877929688,71.79097747802734,4388600
2020-05-21,87.5999984741211,87.69000244140625,87.55999755859375,87.62000274658203,71.86478424072266,5762200
2020-05-22,87.68000030517578,87.68000030517578,87.61000061035156,87.6500015258789,71.88936614990234,3710300
2020-05-26,87.66000366210938,87.66000366210938,87.52999877929688,87.5999984741211,71.8483657836914,5193900
2020-05-27,87.75,87.77999877929688,87.56999969482422,87.63999938964844,71.88118743896484,7606400
2020-05-28,87.55000305175781,87.66999816894531,87.5,87.66999816894531,71.90576934814453,7381900
2020-05-29,87.72000122070312,87.94000244140625,87.62999725341797,87.91999816894531,72.1108169555664,6196500
2020-06-01,87.58999633789062,87.68000030517578,87.55000305175781,87.68000030517578,72.05248260498047,4345600
2020-06-02,87.66999816894531,87.75,87.62999725341797,87.75,72.11003875732422,5445500
2020-06-03,87.62999725341797,87.68000030517578,87.45999908447266,87.55000305175781,71.9456558227539,5036400
2020-06-04,87.61000061035156,87.63999938964844,87.30000305175781,87.33999633789062,71.7730712890625,6341700
2020-06-05,87.19999694824219,87.33000183105469,87.02999877929688,87.33000183105469,71.7648696899414,6465600
2020-06-08,87.27999877929688,87.48999786376953,87.22000122070312,87.41999816894531,71.83882904052734,4491000
2020-06-09,87.58999633789062,87.62000274658203,87.4800033569336,87.4800033569336,71.88809204101562,5445200
2020-06-10,87.63999938964844,87.8499984741211,87.5,87.8499984741211,72.19215393066406,3951600
2020-06-11,87.94000244140625,87.94000244140625,87.68000030517578,87.69000244140625,72.06069946289062,5026500
2020-06-12,87.83000183105469,87.91000366210938,87.69000244140625,87.77999877929688,72.13465881347656,4087300
2020-06-15,87.86000061035156,88.05999755859375,87.79000091552734,87.95999908447266,72.28257751464844,4486100
2020-06-16,88.08999633789062,88.08999633789062,87.77999877929688,87.8499984741211,72.19215393066406,9338500
2020-06-17,87.93000030517578,87.94000244140625,87.70999908447266,87.87000274658203,72.2086410522461,3900300
2020-06-18,87.94000244140625,88.0,87.87999725341797,87.97000122070312,72.29082489013672,2988600
2020-06-19,87.94000244140625,88.0199966430664,87.94000244140625,88.0,72.31543731689453,2606400
2020-06-22,88.12000274658203,88.16000366210938,87.94999694824219,87.97000122070312,72.29082489013672,3048400
2020-06-23,88.01000213623047,88.0199966430664,87.91000366210938,87.93000030517578,72.25790405273438,3037100
2020-06-24,87.91000366210938,88.0,87.8499984741211,87.94000244140625,72.26615142822266,3256700
2020-06-25,88.12999725341797,88.13999938964844,88.0,88.02999877929688,72.34008026123047,4318400
2020-06-26,88.16999816894531,88.20999908447266,88.05000305175781,88.19000244140625,72.47157287597656,2911700
2020-06-29,88.22000122070312,88.26000213623047,88.12999725341797,88.25,72.5208740234375,3047300
2020-06-30,88.3499984741211,88.36000061035156,88.16999816894531,88.33999633789062,72.59478759765625,5405900
2020-07-01,88.13999938964844,88.19999694824219,88.0,88.19999694824219,72.61298370361328,3569200
2020-07-02,88.2300033569336,88.33999633789062,88.16999816894531,88.33999633789062,72.72819519042969,4007000
2020-07-06,88.25,88.33000183105469,88.18000030517578,88.30999755859375,72.70355987548828,4026800
2020-07-07,88.37000274658203,88.44999694824219,88.29000091552734,88.44999694824219,72.81877899169922,3300800
2020-07-08,88.4800033569336,88.48999786376953,88.3499984741211,88.4000015258789,72.77760314941406,2908100
2020-07-09,88.44999694824219,88.69000244140625,88.43000030517578,88.63999938964844,72.97517395019531,3189700
2020-07-10,88.75,88.75,88.5199966430664,88.54000091552734,72.89288330078125,2960500
2020-07-13,88.52999877929688,88.5999984741211,88.48999786376953,88.58000183105469,72.92578125,3115800
2020-07-14,88.66999816894531,88.73999786376953,88.63999938964844,88.69000244140625,73.01632690429688,3067300
2020-07-15,88.72000122070312,88.7699966430664,88.62999725341797,88.69999694824219,73.02456665039062,3349900
2020-07-16,88.81999969482422,88.86000061035156,88.76000213623047,88.76000213623047,73.073974609375,2856100
2020-07-17,88.91000366210938,88.93000030517578,88.7699966430664,88.8499984741211,73.14810180664062,2430300
2020-07-20,89.0,89.0,88.87999725341797,88.94000244140625,73.2221450805664,2771000
2020-07-21,89.01000213623047,89.04000091552734,88.97000122070312,88.98999786376953,73.26334381103516,3044700
2020-07-22,89.12000274658203,89.13999938964844,89.05000305175781,89.11000061035156,73.36214447021484,5609100
2020-07-23,89.23999786376953,89.23999786376953,89.1500015258789,89.19000244140625,73.42798614501953,4394900
2020-07-24,89.16000366210938,89.2300033569336,89.08999633789062,89.16999816894531,73.41155242919922,2980400
2020-07-27,89.2699966430664,89.27999877929688,89.0,89.11000061035156,73.36214447021484,5146900
2020-07-28,89.20999908447266,89.23999786376953,89.08000183105469,89.1500015258789,73.39507293701172,5547800
2020-07-29,89.19999694824219,89.29000091552734,89.16000366210938,89.29000091552734,73.51033782958984,3136200
2020-07-30,89.31999969482422,89.37000274658203,89.30000305175781,89.33999633789062,73.55146026611328,2621100
2020-07-31,89.3499984741211,89.47000122070312,89.2699966430664,89.45999908447266,73.65029907226562,5110000
2020-08-03,89.31999969482422,89.33000183105469,89.16999816894531,89.2699966430664,73.62470245361328,6270000
2020-08-04,89.37000274658203,89.45999908447266,89.3499984741211,89.45999908447266,73.78138732910156,5325100
2020-08-05,89.37000274658203,89.38999938964844,89.27999877929688,89.33999633789062,73.68244934082031,4931500
2020-08-06,89.4800033569336,89.58000183105469,89.44000244140625,89.4800033569336,73.79792022705078,3933400
2020-08-07,89.55000305175781,89.58999633789062,89.3499984741211,89.37999725341797,73.71544647216797,3764400
2020-08-10,89.4800033569336,89.5,89.2699966430664,89.27999877929688,73.63292694091797,3708400
2020-08-11,89.0999984741211,89.0999984741211,88.87999725341797,88.97000122070312,73.37730407714844,8125700
2020-08-12,88.8499984741211,88.8499984741211,88.70999908447266,88.73999786376953,73.18758392333984,4530800
2020-08-13,88.7699966430664,88.7699966430664,88.36000061035156,88.44999694824219,72.94845581054688,3969800
2020-08-14,88.5,88.54000091552734,88.33000183105469,88.3499984741211,72.86593627929688,3454400
2020-08-17,88.44000244140625,88.55000305175781,88.38999938964844,88.45999908447266,72.95668029785156,3995400
2020-08-18,88.56999969482422,88.62999725341797,88.51000213623047,88.58000183105469,73.05563354492188,6371100
2020-08-19,88.69999694824219,88.69999694824219,88.4000015258789,88.43000030517578,72.93194580078125,4628100
2020-08-20,88.66000366210938,88.68000030517578,88.56999969482422,88.58000183105469,73.05563354492188,4623400
2020-08-21,88.68000030517578,88.7699966430664,88.58000183105469,88.7699966430664,73.21234130859375,3642100
2020-08-24,88.75,88.79000091552734,88.63999938964844,88.66999816894531,73.12986755371094,2960400
2020-08-25,88.5199966430664,88.55999755859375,88.33999633789062,88.5,72.98966979980469,4830800
2020-08-26,88.47000122070312,88.51000213623047,88.3499984741211,88.44999694824219,72.94845581054688,4853800
2020-08-27,88.62000274658203,88.62000274658203,88.12000274658203,88.12999725341797,72.68451690673828,5125700
2020-08-28,88.23999786376953,88.29000091552734,88.12000274658203,88.19999694824219,72.7422866821289,4281200
2020-08-31,88.30000305175781,88.54000091552734,88.26000213623047,88.45999908447266,72.95668029785156,16000300
2020-09-01,88.25,88.56999969482422,88.18000030517578,88.55000305175781,73.1574478149414,7201700
2020-09-02,88.54000091552734,88.7699966430664,88.52999877929688,88.73999786376953,73.31440734863281,5054900
2020-09-03,88.80999755859375,88.88999938964844,88.70999908447266,88.75,73.32268524169922,7543900
2020-09-04,88.62000274658203,88.63999938964844,88.2300033569336,88.2300033569336,72.89308166503906,6588300
2020-09-08,88.41999816894531,88.48999786376953,88.31999969482422,88.36000061035156,73.00048065185547,4440300
2020-09-09,88.4000015258789,88.44999694824219,88.23999786376953,88.30000305175781,72.95089721679688,6048200
2020-09-10,88.2300033569336,88.36000061035156,88.16999816894531,88.31999969482422,72.96742248535156,5331800
2020-09-11,88.43000030517578,88.45999908447266,88.3499984741211,88.41000366210938,73.04179382324219,5301400
2020-09-14,88.48999786376953,88.52999877929688,88.4000015258789,88.41000366210938,73.04179382324219,4256400
2020-09-15,88.45999908447266,88.48999786376953,88.4000015258789,88.45999908447266,73.08307647705078,3746900
2020-09-16,88.58000183105469,88.5999984741211,88.33999633789062,88.44000244140625,73.0665512084961,4851800
2020-09-17,88.5999984741211,88.61000061035156,88.41999816894531,88.44000244140625,73.0665512084961,2815400
2020-09-18,88.5199966430664,88.5199966430664,88.33000183105469,88.33999633789062,72.98392486572266,2938800
2020-09-21,88.48999786376953,88.5,88.37999725341797,88.38999938964844,73.02526092529297,4981500
2020-09-22,88.4000015258789,88.47000122070312,88.3499984741211,88.41999816894531,73.05003356933594,4442200
2020-09-23,88.41000366210938,88.44000244140625,88.22000122070312,88.22000122070312,72.88482666015625,4659600
2020-09-24,88.31999969482422,88.33000183105469,88.19000244140625,88.2300033569336,72.89308166503906,4225900
2020-09-25,88.30000305175781,88.30000305175781,88.19000244140625,88.22000122070312,72.88482666015625,5602600
2020-09-28,88.2699966430664,88.30999755859375,88.2300033569336,88.30000305175781,72.95089721679688,4215100
2020-09-29,88.38999938964844,88.44000244140625,88.33000183105469,88.36000061035156,73.00048065185547,7929700
2020-09-30,88.27999877929688,88.30000305175781,88.12999725341797,88.22000122070312,72.88482666015625,6113600
2020-10-01,87.98999786376953,88.19000244140625,87.97000122070312,88.16000366210938,72.95929718017578,4485900
2020-10-02,88.20999908447266,88.20999908447266,87.9800033569336,88.0999984741211,72.90959930419922,5557100
2020-10-05,87.9800033569336,87.9800033569336,87.7699966430664,87.7699966430664,72.63652801513672,6298400
2020-10-06,87.86000061035156,88.04000091552734,87.73999786376953,87.88999938964844,72.73584747314453,5705900
2020-10-07,87.81999969482422,87.9000015258789,87.72000122070312,87.7699966430664,72.63652801513672,3494600
2020-10-08,87.88999938964844,87.94999694824219,87.8499984741211,87.91999816894531,72.76066589355469,5661600
2020-10-09,87.83000183105469,87.94000244140625,87.76000213623047,87.94000244140625,72.77719116210938,4105000
2020-10-12,87.98999786376953,88.0999984741211,87.95999908447266,88.06999969482422,72.88481140136719,3383500
2020-10-13,88.12000274658203,88.19999694824219,88.08999633789062,88.13999938964844,72.94275665283203,4121100
2020-10-14,88.16999816894531,88.2300033569336,88.12000274658203,88.19000244140625,72.9841079711914,6966400
2020-10-15,88.19000244140625,88.23999786376953,88.0999984741211,88.13999938964844,72.94275665283203,3877900
2020-10-16,88.16000366210938,88.20999908447266,88.04000091552734,88.06999969482422,72.88481140136719,3424500
2020-10-19,88.01000213623047,88.02999877929688,87.91999816894531,87.98999786376953,72.81857299804688,5206600
2020-10-20,87.93000030517578,87.93000030517578,87.80999755859375,87.83999633789062,72.6944580078125,4652700
2020-10-21,87.80000305175781,87.83999633789062,87.72000122070312,87.73999786376953,72.61170959472656,4115700
2020-10-22,87.7300033569336,87.73999786376953,87.56999969482422,87.58999633789062,72.487548828125,5036700
2020-10-23,87.58000183105469,87.75,87.56999969482422,87.69999694824219,72.57857513427734,3237300
2020-10-26,87.80999755859375,87.91000366210938,87.80000305175781,87.83000183105469,72.68619537353516,4177000
2020-10-27,87.97000122070312,88.05999755859375,87.9000015258789,88.04000091552734,72.85995483398438,3293100
2020-10-28,88.08999633789062,88.08999633789062,87.88999938964844,87.91999816894531,72.76066589355469,4766400
2020-10-29,87.91999816894531,87.94000244140625,87.63999938964844,87.7300033569336,72.6034164428711,4200700
2020-10-30,87.68000030517578,87.76000213623047,87.5,87.58000183105469,72.47929382324219,9731400
2020-11-02,87.55999755859375,87.62999725341797,87.5199966430664,87.55000305175781,72.57962036132812,4021200
2020-11-03,87.5199966430664,87.54000091552734,87.41999816894531,87.52999877929688,72.56299591064453,3985400
2020-11-04,88.06999969482422,88.19000244140625,88.0,88.12999725341797,73.06044006347656,5667400
2020-11-05,88.27999877929688,88.29000091552734,88.11000061035156,88.22000122070312,73.13505554199219,4128700
2020-11-06,88.01000213623047,88.06999969482422,87.91999816894531,88.0199966430664,72.9692153930664,3844500
2020-11-09,87.73999786376953,87.76000213623047,87.44000244140625,87.61000061035156,72.62933349609375,5712700
2020-11-10,87.43000030517578,87.55000305175781,87.38999938964844,87.44000244140625,72.48838806152344,5169600
2020-11-11,87.44000244140625,87.51000213623047,87.37999725341797,87.5,72.53816223144531,3365700
2020-11-12,87.6500015258789,87.79000091552734,87.5999984741211,87.79000091552734,72.77855682373047,4178500
2020-11-13,87.83000183105469,87.87999725341797,87.79000091552734,87.81999969482422,72.80340576171875,3199500
2020-11-16,87.81999969482422,87.87999725341797,87.79000091552734,87.87000274658203,72.84488677978516,4059400
2020-11-17,87.95999908447266,88.05000305175781,87.91999816894531,88.0199966430664,72.9692153930664,5537500
2020-11-18,88.12000274658203,88.12999725341797,88.05000305175781,88.12000274658203,73.05216217041016,6089500
2020-11-19,88.20999908447266,88.33999633789062,88.16999816894531,88.30000305175781,73.20137786865234,6207000
2020-11-20,88.31999969482422,88.41000366210938,88.25,88.37999725341797,73.26766204833984,6611300
2020-11-23,88.36000061035156,88.37000274658203,88.2699966430664,88.30999755859375,73.20966339111328,3506600
2020-11-24,88.30000305175781,88.31999969482422,88.19999694824219,88.22000122070312,73.13505554199219,4678800
2020-11-25,88.2699966430664,88.30999755859375,88.16999816894531,88.18000030517578,73.10184478759766,5282000
2020-11-27,88.29000091552734,88.37999725341797,88.27999877929688,88.37000274658203,73.25936889648438,2226300
2020-11-30,88.37000274658203,88.5,88.3499984741211,88.48999786376953,73.3588638305664,4729900
2020-12-01,88.26000213623047,88.2699966430664,88.0,88.08000183105469,73.13715362548828,7331400
2020-12-02,88.0199966430664,88.19000244140625,87.81999969482422,87.93000030517578,73.01260375976562,4631300
2020-12-03,88.12999725341797,88.19000244140625,88.0,88.0999984741211,73.15375518798828,3685300
2020-12-04,88.0,88.0199966430664,87.80999755859375,87.87000274658203,72.96279907226562,4880200
2020-12-07,87.9800033569336,88.06999969482422,87.95999908447266,87.98999786376953,73.06242370605469,4734800
2020-12-08,88.1500015258789,88.16000366210938,88.01000213623047,88.0199966430664,73.08733367919922,3737300
2020-12-09,87.88999938964844,87.91999816894531,87.80999755859375,87.87000274658203,72.96279907226562,5163900
2020-12-10,87.95999908447266,88.0999984741211,87.91999816894531,88.05000305175781,73.11225128173828,4731400
2020-12-11,88.16000366210938,88.2300033569336,88.12000274658203,88.19000244140625,73.22846984863281,5317100
2020-12-14,88.11000061035156,88.19000244140625,88.01000213623047,88.16000366210938,73.20359802246094,5176800
2020-12-15,88.11000061035156,88.20999908447266,88.0999984741211,88.19999694824219,73.23678588867188,6539900
2020-12-16,88.08999633789062,88.19000244140625,87.98999786376953,88.11000061035156,73.16207122802734,4186700
2020-12-17,88.2300033569336,88.30000305175781,88.04000091552734,88.12999725341797,73.17866516113281,4963600
2020-12-18,88.19000244140625,88.23999786376953,88.05999755859375,88.0999984741211,73.15375518798828,3472700
2020-12-21,88.19000244140625,88.22000122070312,88.05999755859375,88.11000061035156,73.16207122802734,5364200
2020-12-22,88.1500015258789,88.26000213623047,88.08999633789062,88.25,73.27830505371094,4697300
2020-12-23,87.86000061035156,87.87000274658203,87.69999694824219,87.86000061035156,73.19583892822266,5643700
2020-12-24,87.98999786376953,88.02999877929688,87.93000030517578,88.01000213623047,73.32081604003906,1980900
2020-12-28,87.94000244140625,88.02999877929688,87.87000274658203,87.9800033569336,73.29582977294922,4706500
2020-12-29,87.94999694824219,88.05000305175781,87.91000366210938,88.01000213623047,73.32081604003906,4884800
2020-12-30,88.02999877929688,88.08000183105469,87.9800033569336,88.06999969482422,73.37080383300781,3609800
2020-12-31,88.11000061035156,88.20999908447266,88.08999633789062,88.19000244140625,73.47077941894531,6134900
2021-01-04,88.04000091552734,88.0999984741211,87.9800033569336,88.06999969482422,73.37080383300781,7568400
2021-01-05,88.0199966430664,88.04000091552734,87.81999969482422,87.91999816894531,73.24581909179688,6452700
2021-01-06,87.61000061035156,87.61000061035156,87.33999633789062,87.52999877929688,72.9209213256836,5933700
2021-01-07,87.36000061035156,87.41999816894531,87.33000183105469,87.3499984741211,72.77096557617188,6196100
2021-01-08,87.38999938964844,87.38999938964844,87.16999816894531,87.2699966430664,72.70433044433594,7688800
2021-01-11,87.25,87.25,87.0999984741211,87.18000030517578,72.62934112548828,5404300
2021-01-12,87.08999633789062,87.16000366210938,86.94000244140625,87.16000366210938,72.61268615722656,6078800
2021-01-13,87.2699966430664,87.51000213623047,87.22000122070312,87.38999938964844,72.8042984008789,7357100
2021-01-14,87.4000015258789,87.5,87.20999908447266,87.27999877929688,72.71263122558594,7191900
2021-01-15,87.33999633789062,87.43000030517578,87.27999877929688,87.3499984741211,72.77096557617188,4083600
2021-01-19,87.37000274658203,87.4800033569336,87.30000305175781,87.47000122070312,72.87094116210938,7636500
2021-01-20,87.41999816894531,87.5,87.4000015258789,87.45999908447266,72.86259460449219,5889500
2021-01-21,87.33000183105469,87.4000015258789,87.2699966430664,87.33999633789062,72.76262664794922,7890800
2021-01-22,87.41000366210938,87.41999816894531,87.30999755859375,87.37999725341797,72.79595947265625,4439800
2021-01-25,87.48999786376953,87.58999633789062,87.44999694824219,87.58000183105469,72.96257781982422,5126900
2021-01-26,87.54000091552734,87.62000274658203,87.5,87.56999969482422,72.95423889160156,4608700
2021-01-27,87.62999725341797,87.69999694824219,87.55999755859375,87.56999969482422,72.95423889160156,4248500
2021-01-28,87.55999755859375,87.56999969482422,87.41000366210938,87.5,72.89592742919922,4359300
2021-01-29,87.29000091552734,87.4800033569336,87.29000091552734,87.43000030517578,72.83757781982422,6088400
2021-02-01,87.23999786376953,87.37000274658203,87.2300033569336,87.31999969482422,72.86178588867188,5774700
2021-02-02,87.20999908447266,87.23999786376953,87.16999816894531,87.20999908447266,72.77001953125,4554500
2021-02-03,87.1500015258789,87.16999816894531,87.05999755859375,87.05999755859375,72.64486694335938,4271700
2021-02-04,87.05000305175781,87.11000061035156,86.94000244140625,87.08000183105469,72.66157531738281,4652200
2021-02-05,87.08000183105469,87.12999725341797,86.94999694824219,86.95999908447266,72.5614242553711,4401300
2021-02-08,86.97000122070312,87.12000274658203,86.94000244140625,87.05999755859375,72.64486694335938,5571500
2021-02-09,87.05999755859375,87.13999938964844,87.01000213623047,87.0199966430664,72.61148834228516,4474000
2021-02-10,87.12000274658203,87.16000366210938,87.06999969482422,87.16000366210938,72.72831726074219,3735500
2021-02-11,87.16000366210938,87.19000244140625,87.0199966430664,87.06999969482422,72.65319061279297,4578200
2021-02-12,86.93000030517578,86.97000122070312,86.80999755859375,86.83999633789062,72.4612808227539,4825400
2021-02-16,86.56999969482422,86.58999633789062,86.41000366210938,86.43000030517578,72.11915588378906,6702200
2021-02-17,86.58000183105469,86.62000274658203,86.48999786376953,86.61000061035156,72.26939392089844,5217000
2021-02-18,86.4800033569336,86.5999984741211,86.41999816894531,86.55999755859375,72.22765350341797,4607000
2021-02-19,86.43000030517578,86.44999694824219,86.19999694824219,86.26000213623047,71.97731018066406,4011100
2021-02-22,86.19000244140625,86.29000091552734,86.0,86.0199966430664,71.77703094482422,4809400
2021-02-23,85.87000274658203,86.05000305175781,85.81999969482422,86.0,71.76038360595703,6475900
2021-02-24,85.68000030517578,85.98999786376953,85.62000274658203,85.94999694824219,71.7186508178711,5164600
2021-02-25,85.5999984741211,85.66000366210938,84.91999816894531,85.19999694824219,71.09281158447266,9956100
2021-02-26,85.56999969482422,85.94000244140625,85.30000305175781,85.94000244140625,71.7103042602539,8580200
2021-03-01,85.61000061035156,85.75,85.52999877929688,85.69999694824219,71.61756896972656,7152000
2021-03-02,85.6500015258789,85.70999908447266,85.5999984741211,85.69000244140625,71.60916137695312,5338800
2021-03-03,85.47000122070312,85.5199966430664,85.33000183105469,85.41999816894531,71.38355255126953,6022500
2021-03-04,85.44999694824219,85.4800033569336,85.05000305175781,85.1500015258789,71.15792846679688,9701800
2021-03-05,85.0,85.12999725341797,84.91999816894531,85.0999984741211,71.11614990234375,6871000
2021-03-08,84.95999908447266,85.0,84.70999908447266,84.70999908447266,70.79020690917969,5806700
2021-03-09,84.93000030517578,85.06999969482422,84.93000030517578,84.98999786376953,71.024169921875,7671800
2021-03-10,85.06999969482422,85.20999908447266,85.04000091552734,85.1500015258789,71.15792846679688,5286700
2021-03-11,85.13999938964844,85.2300033569336,85.04000091552734,85.16000366210938,71.16629791259766,5510000
2021-03-12,84.73999786376953,84.75,84.58000183105469,84.6500015258789,70.7401123046875,5717100
2021-03-15,84.66000366210938,84.80000305175781,84.66000366210938,84.75,70.8236312866211,5012200
2021-03-16,84.80000305175781,84.8499984741211,84.66000366210938,84.73999786376953,70.81527709960938,6159100
2021-03-17,84.5999984741211,84.80000305175781,84.44000244140625,84.70999908447266,70.79020690917969,7370600
2021-03-18,84.30000305175781,84.47000122070312,84.22000122070312,84.36000061035156,70.49771881103516,4905200
2021-03-19,84.80000305175781,84.87000274658203,84.30000305175781,84.43000030517578,70.55622100830078,4969200
2021-03-22,84.62999725341797,84.70999908447266,84.55000305175781,84.66999816894531,70.7568130493164,4748300
2021-03-23,84.87000274658203,84.87999725341797,84.68000030517578,84.86000061035156,70.91557312011719,5148600
2021-03-24,84.76000213623047,85.0,84.73999786376953,84.98999786376953,71.024169921875,5148200
2021-03-25,85.02999877929688,85.05999755859375,84.83000183105469,84.93000030517578,70.97407531738281,3876300
2021-03-26,84.76000213623047,84.91999816894531,84.7300033569336,84.77999877929688,70.84872436523438,3376200
2021-03-29,84.80000305175781,84.83000183105469,84.58000183105469,84.66999816894531,70.7568130493164,3775500
2021-03-30,84.56999969482422,84.7699966430664,84.51000213623047,84.76000213623047,70.83203125,4769200
2021-03-31,84.76000213623047,84.8499984741211,84.62999725341797,84.72000122070312,70.79859161376953,6949300
2021-04-01,84.77999877929688,84.83999633789062,84.66999816894531,84.80000305175781,71.0263900756836,4780200
2021-04-05,84.62000274658203,84.70999908447266,84.55000305175781,84.66999816894531,70.91754150390625,8200600
2021-04-06,84.77999877929688,84.98999786376953,84.76000213623047,84.97000122070312,71.16879272460938,5400600
2021-04-07,84.9000015258789,85.0199966430664,84.8499984741211,84.87000274658203,71.08502197265625,5480200
2021-04-08,84.97000122070312,85.06999969482422,84.94999694824219,85.05999755859375,71.2441635131836,3872300
2021-04-09,84.97000122070312,85.06999969482422,84.8499984741211,84.94999694824219,71.15202331542969,9748500
2021-04-12,84.93000030517578,84.93000030517578,84.8499984741211,84.93000030517578,71.13529205322266,3995700
2021-04-13,84.88999938964844,85.1500015258789,84.88999938964844,85.1500015258789,71.31954956054688,4097500
2021-04-14,85.05999755859375,85.12999725341797,85.01000213623047,85.08999633789062,71.269287109375,4592300
2021-04-15,85.33000183105469,85.55999755859375,85.2699966430664,85.44999694824219,71.57080078125,5395000
2021-04-16,85.22000122070312,85.30999755859375,85.05999755859375,85.22000122070312,71.378173828125,6199700
2021-04-19,85.11000061035156,85.19000244140625,85.05999755859375,85.16999816894531,71.33629608154297,6165300
2021-04-20,85.1500015258789,85.36000061035156,85.13999938964844,85.30999755859375,71.45355224609375,6383700
2021-04-21,85.27999877929688,85.4000015258789,85.23999786376953,85.4000015258789,71.5289077758789,4508300
2021-04-22,85.41000366210938,85.45999908447266,85.29000091552734,85.44000244140625,71.56243896484375,4007800
2021-04-23,85.4800033569336,85.5,85.3499984741211,85.44999694824219,71.57080078125,6435700
2021-04-26,85.45999908447266,85.48999786376953,85.37000274658203,85.38999938964844,71.52059173583984,3797400
2021-04-27,85.37000274658203,85.37000274658203,85.1500015258789,85.16999816894531,71.33629608154297,4450300
2021-04-28,85.19999694824219,85.2300033569336,85.02999877929688,85.20999908447266,71.36981201171875,5479200
2021-04-29,85.05999755859375,85.13999938964844,84.94999694824219,85.13999938964844,71.31120300292969,6247600
2021-04-30,85.22000122070312,85.26000213623047,85.11000061035156,85.26000213623047,71.4117202758789,6867600
2021-05-03,85.12000274658203,85.30999755859375,85.11000061035156,85.1500015258789,71.42928314208984,4601200
2021-05-04,85.23999786376953,85.38999938964844,85.20999908447266,85.26000213623047,71.52157592773438,5520300
2021-05-05,85.20999908447266,85.33999633789062,85.16999816894531,85.30999755859375,71.56353759765625,5950300
2021-05-06,85.25,85.4000015258789,85.23999786376953,85.3499984741211,71.59707641601562,4143600
2021-05-07,85.4800033569336,85.5999984741211,85.30000305175781,85.36000061035156,71.60543823242188,4886300
2021-05-10,85.37000274658203,85.38999938964844,85.13999938964844,85.16000366210938,71.43769836425781,6211800
2021-05-11,85.0199966430664,85.04000091552734,84.94000244140625,84.98999786376953,71.29508209228516,6630800
2021-05-12,84.8499984741211,84.8499984741211,84.66000366210938,84.69000244140625,71.04341888427734,7011700
2021-05-13,84.68000030517578,84.9000015258789,84.68000030517578,84.86000061035156,71.18605041503906,6991000
2021-05-14,84.9800033569336,85.05999755859375,84.91999816894531,85.05999755859375,71.35380554199219,6262100
2021-05-17,85.04000091552734,85.04000091552734,84.94999694824219,84.9800033569336,71.28670501708984,4753000
2021-05-18,84.91000366210938,84.93000030517578,84.8499984741211,84.88999938964844,71.21118927001953,4631000
2021-05-19,84.91000366210938,85.0,84.69999694824219,84.80000305175781,71.13568115234375,6511300
2021-05-20,84.88999938964844,85.08999633789062,84.88999938964844,85.08000183105469,71.37056732177734,5283900
2021-05-21,85.12000274658203,85.1500015258789,85.02999877929688,85.0999984741211,71.38735961914062,5050800
2021-05-24,85.1500015258789,85.23999786376953,85.13999938964844,85.19999694824219,71.47126007080078,6954500
2021-05-25,85.25,85.41999816894531,85.23999786376953,85.41999816894531,71.6557846069336,5235500
2021-05-26,85.37000274658203,85.45999908447266,85.31999969482422,85.38999938964844,71.63063049316406,4834400
2021-05-27,85.31999969482422,85.33999633789062,85.19999694824219,85.2699966430664,71.52998352050781,5215200
2021-05-28,85.2699966430664,85.38999938964844,85.25,85.26000213623047,71.52157592773438,5258500
2021-06-01,85.06999969482422,85.13999938964844,84.9800033569336,85.12000274658203,71.51654815673828,5398000
2021-06-02,85.11000061035156,85.2300033569336,85.08999633789062,85.20999908447266,71.59217071533203,5479900
2021-06-03,85.12999725341797,85.12999725341797,85.02999877929688,85.05000305175781,71.45769500732422,4829000
2021-06-04,85.16000366210938,85.38999938964844,85.13999938964844,85.38999938964844,71.7433853149414,19321400
2021-06-07,85.33000183105469,85.36000061035156,85.29000091552734,85.33000183105469,71.69294738769531,10706500
2021-06-08,85.48999786376953,85.51000213623047,85.44000244140625,85.48999786376953,71.827392578125,5099600
2021-06-09,85.69000244140625,85.73999786376953,85.5999984741211,85.66000366210938,71.9702377319336,4810300
2021-06-10,85.54000091552734,85.86000061035156,85.51000213623047,85.83999633789062,72.1214370727539,7400300
2021-06-11,85.81999969482422,85.8499984741211,85.73999786376953,85.81999969482422,72.10466003417969,4194500
2021-06-14,85.76000213623047,85.76000213623047,85.58000183105469,85.5999984741211,71.91984558105469,4438400
2021-06-15,85.55999755859375,85.62999725341797,85.5199966430664,85.5999984741211,71.91984558105469,6173600
2021-06-16,85.68000030517578,85.7300033569336,85.26000213623047,85.36000061035156,71.71817779541016,7302400
2021-06-17,85.5,85.87000274658203,85.4800033569336,85.6500015258789,71.96183776855469,6467500
2021-06-18,85.72000122070312,85.98999786376953,85.62999725341797,85.91999816894531,72.18865203857422,5842800
2021-06-21,85.72000122070312,85.75,85.5999984741211,85.62000274658203,71.93663787841797,7907000
2021-06-22,85.5199966430664,85.75,85.51000213623047,85.73999786376953,72.03746795654297,4082900
2021-06-23,85.69000244140625,85.76000213623047,85.62999725341797,85.68000030517578,71.9870376586914,5739900
2021-06-24,85.7300033569336,85.77999877929688,85.69000244140625,85.72000122070312,72.02063751220703,4852100
2021-06-25,85.73999786376953,85.75,85.44999694824219,85.55999755859375,71.88619995117188,6018500
2021-06-28,85.69000244140625,85.83999633789062,85.66999816894531,85.79000091552734,72.07948303222656,5664100
2021-06-29,85.66000366210938,85.83000183105469,85.66000366210938,85.83000183105469,72.11304473876953,10672700
2021-06-30,85.9000015258789,85.9800033569336,85.87000274658203,85.88999938964844,72.16348266601562,4846600
2021-07-01,85.7300033569336,85.77999877929688,85.62999725341797,85.75,72.1567611694336,5768000
2021-07-02,85.76000213623047,85.9000015258789,85.73999786376953,85.9000015258789,72.28296661376953,4315700
2021-07-06,86.0,86.2699966430664,86.0,86.20999908447266,72.54379272460938,5711600
2021-07-07,86.30000305175781,86.44000244140625,86.2300033569336,86.38999938964844,72.69529724121094,5933900
2021-07-08,86.44000244140625,86.56999969482422,86.37999725341797,86.47000122070312,72.76264190673828,6991200
2021-07-09,86.2699966430664,86.2699966430664,86.19999694824219,86.19999694824219,72.53540802001953,10304900
2021-07-12,86.26000213623047,86.29000091552734,86.12000274658203,86.16999816894531,72.51013946533203,9073900
2021-07-13,86.16000366210938,86.2300033569336,85.87000274658203,85.9000015258789,72.28296661376953,8583600
2021-07-14,86.08000183105469,86.20999908447266,86.05999755859375,86.19000244140625,72.5269775390625,5036200
2021-07-15,86.33999633789062,86.41000366210938,86.18000030517578,86.4000015258789,72.70372772216797,3423000
2021-07-16,86.19999694824219,86.37000274658203,86.19000244140625,86.31999969482422,72.63638305664062,5725100
2021-07-19,86.70999908447266,86.88999938964844,86.68000030517578,86.80999755859375,73.04873657226562,6493300
2021-07-20,87.05000305175781,87.08000183105469,86.66999816894531,86.72000122070312,72.97299194335938,6762200
2021-07-21,86.48999786376953,86.54000091552734,86.36000061035156,86.44000244140625,72.73735809326172,6293000
2021-07-22,86.44999694824219,86.69999694824219,86.44999694824219,86.62999725341797,72.897216796875,4894900
2021-07-23,86.41000366210938,86.55999755859375,86.4000015258789,86.52999877929688,72.81311798095703,8887500
2021-07-26,86.62999725341797,86.62999725341797,86.44999694824219,86.4800033569336,72.77102661132812,5427900
2021-07-27,86.68000030517578,86.72000122070312,86.5999984741211,86.69999694824219,72.95614624023438,4344100
2021-07-28,86.58999633789062,86.77999877929688,86.5,86.77999877929688,73.0234603881836,6636700
2021-07-29,86.5999984741211,86.69000244140625,86.58000183105469,86.62999725341797,72.897216796875,5201000
2021-07-30,86.69999694824219,86.77999877929688,86.66999816894531,86.76000213623047,73.00666046142578,7557200
2021-08-02,86.68000030517578,86.94000244140625,86.62999725341797,86.83000183105469,73.1802749633789,4660800
2021-08-03,86.83999633789062,86.94000244140625,86.80999755859375,86.8499984741211,73.1971206665039,5297700
2021-08-04,87.01000213623047,87.05000305175781,86.63999938964844,86.8499984741211,73.1971206665039,3916900
2021-08-05,86.7699966430664,86.79000091552734,86.62000274658203,86.6500015258789,73.0285873413086,4613800
2021-08-06,86.31999969482422,86.4000015258789,86.22000122070312,86.23999786376953,72.6830062866211,4329800
2021-08-09,86.31999969482422,86.37000274658203,86.08000183105469,86.08000183105469,72.54814147949219,4541300
2021-08-10,86.12000274658203,86.12000274658203,85.94999694824219,85.94999694824219,72.43856811523438,4312300
2021-08-11,85.97000122070312,86.13999938964844,85.86000061035156,86.01000213623047,72.48915100097656,6494000
2021-08-12,85.9800033569336,86.05000305175781,85.9000015258789,86.0199966430664,72.49755859375,4946500
2021-08-13,86.12999725341797,86.36000061035156,86.11000061035156,86.36000061035156,72.78414154052734,4329600
2021-08-16,86.47000122070312,86.5999984741211,86.41000366210938,86.44000244140625,72.8515625,3918900
2021-08-17,86.37000274658203,86.47000122070312,86.33000183105469,86.3499984741211,72.77568054199219,7168400
2021-08-18,86.33000183105469,86.43000030517578,86.23999786376953,86.33000183105469,72.75885009765625,4561900
2021-08-19,86.48999786376953,86.5199966430664,86.41000366210938,86.5199966430664,72.9189682006836,5345600
2021-08-20,86.54000091552734,86.56999969482422,86.47000122070312,86.5,72.90211486816406,3581200
2021-08-23,86.4800033569336,86.52999877929688,86.43000030517578,86.5199966430664,72.9189682006836,4005500
2021-08-24,86.44999694824219,86.4800033569336,86.3499984741211,86.3499984741211,72.77568054199219,5164800
2021-08-25,86.38999938964844,86.4000015258789,86.13999938964844,86.20999908447266,72.65771484375,3904900
2021-08-26,86.23999786376953,86.25,86.11000061035156,86.22000122070312,72.66615295410156,4810900
2021-08-27,86.23999786376953,86.47000122070312,86.16999816894531,86.47000122070312,72.87686920166016,4780900
2021-08-30,86.41000366210938,86.56999969482422,86.38999938964844,86.56999969482422,72.96113586425781,4119000
2021-08-31,86.55999755859375,86.61000061035156,86.38999938964844,86.45999908447266,72.86841583251953,4974900
2021-09-01,86.41000366210938,86.41000366210938,86.25,86.33999633789062,72.88108825683594,4792400
2021-09-02,86.41000366210938,86.45999908447266,86.33999633789062,86.45999908447266,72.98238372802734,4885100
2021-09-03,86.26000213623047,86.30000305175781,86.20999908447266,86.27999877929688,72.83043670654297,4059700
2021-09-07,86.08000183105469,86.0999984741211,85.95999908447266,86.02999877929688,72.61939239501953,4839700
2021-09-08,86.12999725341797,86.25,86.08999633789062,86.16999816894531,72.7375717163086,4864600
2021-09-09,86.26000213623047,86.51000213623047,86.19000244140625,86.4800033569336,72.99925231933594,5504600
2021-09-10,86.33999633789062,86.37999725341797,86.11000061035156,86.2699966430664,72.82198333740234,3711400
2021-09-13,86.33999633789062,86.41999816894531,86.33000183105469,86.4000015258789,72.9317398071289,4047300
2021-09-14,86.47000122070312,86.68000030517578,86.44000244140625,86.61000061035156,73.10899353027344,4758300
2021-09-15,86.58999633789062,86.5999984741211,86.43000030517578,86.52999877929688,73.04147338867188,6204400
2021-09-16,86.3499984741211,86.45999908447266,86.30000305175781,86.37000274658203,72.90638732910156,4604000
2021-09-17,86.25,86.27999877929688,86.18000030517578,86.26000213623047,72.81356811523438,6217800
2021-09-20,86.38999938964844,86.52999877929688,86.37999725341797,86.5,73.01612854003906,6195100
2021-09-21,86.51000213623047,86.5199966430664,86.44000244140625,86.4800033569336,72.99925231933594,6962300
2021-09-22,86.4800033569336,86.5999984741211,86.4000015258789,86.56999969482422,73.0752182006836,6006200
2021-09-23,86.3499984741211,86.37000274658203,86.06999969482422,86.11000061035156,72.68695068359375,5222300
2021-09-24,86.01000213623047,86.02999877929688,85.87999725341797,85.93000030517578,72.53498840332031,4170600
2021-09-27,85.80000305175781,85.91999816894531,85.7699966430664,85.83000183105469,72.4505844116211,4858500
2021-09-28,85.56999969482422,85.62999725341797,85.38999938964844,85.45999908447266,72.13822174072266,6253700
2021-09-29,85.58000183105469,85.66999816894531,85.37999725341797,85.47000122070312,72.14669036865234,5123500
2021-09-30,85.44000244140625,85.5,85.37999725341797,85.44999694824219,72.12983703613281,5877700
2021-10-01,85.45999908447266,85.6500015258789,85.43000030517578,85.61000061035156,72.37496948242188,6029900
2021-10-04,85.51000213623047,85.62000274658203,85.44000244140625,85.55000305175781,72.32427215576172,7280000
2021-10-05,85.5,85.5199966430664,85.30999755859375,85.33999633789062,72.1467056274414,4395400
2021-10-06,85.36000061035156,85.41000366210938,85.30999755859375,85.37999725341797,72.18055725097656,7177800
2021-10-07,85.2300033569336,85.25,85.12000274658203,85.13999938964844,71.97764587402344,5363500
2021-10-08,85.08000183105469,85.08000183105469,84.87999725341797,84.93000030517578,71.80009460449219,4547100
2021-10-11,84.83000183105469,84.87999725341797,84.77999877929688,84.80000305175781,71.69019317626953,3286600
2021-10-12,84.88999938964844,85.13999938964844,84.88999938964844,85.11000061035156,71.95227813720703,5529600
2021-10-13,85.19999694824219,85.36000061035156,85.19999694824219,85.33999633789062,72.1467056274414,5018100
2021-10-14,85.38999938964844,85.5,85.33000183105469,85.48999786376953,72.27355194091797,4336400
2021-10-15,85.33999633789062,85.33999633789062,85.23999786376953,85.27999877929688,72.09600067138672,5801200
2021-10-18,85.16000366210938,85.29000091552734,85.05999755859375,85.2300033569336,72.05370330810547,5863600
2021-10-19,85.13999938964844,85.13999938964844,84.9800033569336,84.98999786376953,71.8508529663086,3865900
2021-10-20,84.95999908447266,85.05999755859375,84.88999938964844,84.88999938964844,71.76628875732422,5332400
2021-10-21,84.87000274658203,84.88999938964844,84.73999786376953,84.7699966430664,71.66483306884766,6073300
2021-10-22,84.87000274658203,84.9800033569336,84.79000091552734,84.94999694824219,71.8169937133789,6076100
2021-10-25,84.91999816894531,85.05999755859375,84.91000366210938,84.98999786376953,71.8508529663086,4652500
2021-10-26,85.06999969482422,85.16000366210938,84.94000244140625,85.16000366210938,71.99455261230469,5752800
2021-10-27,85.30999755859375,85.58999633789062,85.19999694824219,85.47000122070312,72.25662231445312,7618400
2021-10-28,85.41999816894531,85.51000213623047,85.30000305175781,85.36000061035156,72.16361999511719,6225800
2021-10-29,85.16000366210938,85.44000244140625,85.12999725341797,85.37999725341797,72.18055725097656,8975200
2021-11-01,85.0199966430664,85.19000244140625,84.9800033569336,85.18000030517578,72.12467956542969,5201400
2021-11-02,85.22000122070312,85.38999938964844,85.20999908447266,85.33999633789062,72.26011657714844,4199400
2021-11-03,85.38999938964844,85.41000366210938,85.06999969482422,85.19000244140625,72.13311767578125,5058700
2021-11-04,85.25,85.58000183105469,85.23999786376953,85.58000183105469,72.46336364746094,5564100
2021-11-05,85.62999725341797,85.9000015258789,85.56999969482422,85.83999633789062,72.68351745605469,4595900
2021-11-08,85.72000122070312,85.7300033569336,85.5999984741211,85.6500015258789,72.52261352539062,6517200
2021-11-09,85.91999816894531,86.02999877929688,85.87000274658203,85.88999938964844,72.72584533691406,6027800
2021-11-10,85.75,85.7699966430664,85.19999694824219,85.30999755859375,72.2347412109375,6206400
2021-11-11,85.31999969482422,85.3499984741211,85.1500015258789,85.16999816894531,72.11617279052734,3847100
2021-11-12,85.29000091552734,85.36000061035156,85.11000061035156,85.18000030517578,72.12467956542969,4890900
2021-11-15,85.0999984741211,85.12000274658203,84.81999969482422,84.83000183105469,71.82829284667969,6239500
2021-11-16,84.83000183105469,84.94999694824219,84.73999786376953,84.7699966430664,71.7774887084961,5580700
2021-11-17,84.7300033569336,84.97000122070312,84.70999908447266,84.94999694824219,71.92988586425781,6589200
2021-11-18,84.91999816894531,85.08000183105469,84.9000015258789,85.05000305175781,72.01457214355469,5320700
2021-11-19,85.25,85.33000183105469,85.19000244140625,85.2300033569336,72.16696166992188,5498200
2021-11-22,85.01000213623047,85.05999755859375,84.75,84.80999755859375,71.81135559082031,7497100
2021-11-23,84.69000244140625,84.70999908447266,84.47000122070312,84.47000122070312,71.52347564697266,5779500
2021-11-24,84.4800033569336,84.69000244140625,84.43000030517578,84.66999816894531,71.69281768798828,4757400
2021-11-26,85.08999633789062,85.31999969482422,85.04000091552734,85.2699966430664,72.20087432861328,4402500
2021-11-29,84.98999786376953,85.29000091552734,84.97000122070312,85.26000213623047,72.19239807128906,6133000
2021-11-30,85.48999786376953,85.69999694824219,85.23999786376953,85.41999816894531,72.32786560058594,11234800
2021-12-01,85.16000366210938,85.36000061035156,85.05999755859375,85.33999633789062,72.37451171875,7737300
2021-12-02,85.41999816894531,85.44999694824219,85.19000244140625,85.3499984741211,72.38298034667969,8831600
2021-12-03,85.26000213623047,85.83000183105469,85.25,85.68000030517578,72.66284942626953,7440900
2021-12-06,85.69000244140625,85.70999908447266,85.41000366210938,85.44999694824219,72.46780395507812,6865000
2021-12-07,85.31999969482422,85.44999694824219,85.25,85.26000213623047,72.30670166015625,5351200
2021-12-08,85.18000030517578,85.19999694824219,84.94999694824219,85.0,72.0861587524414,9064200
2021-12-09,85.08000183105469,85.18000030517578,84.97000122070312,85.04000091552734,72.12012481689453,8096700
2021-12-10,85.16000366210938,85.2699966430664,85.05000305175781,85.06999969482422,72.14553833007812,6869100
2021-12-13,85.25,85.43000030517578,85.2300033569336,85.36000061035156,72.39146423339844,4955300
2021-12-14,85.25,85.30000305175781,85.08000183105469,85.22000122070312,72.27273559570312,5165800
2021-12-15,85.04000091552734,85.20999908447266,84.97000122070312,85.11000061035156,72.17943572998047,6036000
2021-12-16,85.1500015258789,85.31999969482422,85.1500015258789,85.22000122070312,72.27273559570312,6067700
2021-12-17,85.33999633789062,85.4800033569336,85.31999969482422,85.37000274658203,72.39996337890625,4884200
2021-12-20,85.37999725341797,85.43000030517578,85.19999694824219,85.2300033569336,72.28121185302734,7129100
2021-12-21,85.19000244140625,85.19000244140625,84.94999694824219,85.13999938964844,72.20490264892578,6237800
2021-12-22,85.22000122070312,85.2300033569336,85.08999633789062,85.2300033569336,72.28121185302734,5110000
2021-12-23,84.93000030517578,84.93000030517578,84.73999786376953,84.83000183105469,72.17146301269531,4631200
2021-12-27,84.83999633789062,84.93000030517578,84.80999755859375,84.87000274658203,72.20549011230469,5311700
2021-12-28,85.01000213623047,85.0199966430664,84.80999755859375,84.86000061035156,72.19701385498047,5674800
2021-12-29,84.66999816894531,84.72000122070312,84.5199966430664,84.58000183105469,71.9587631225586,7757900
2021-12-30,84.69000244140625,84.79000091552734,84.55999755859375,84.7699966430664,72.12043762207031,6352100
2021-12-31,84.77999877929688,84.91000366210938,84.7300033569336,84.75,72.10340118408203,7162600
2022-01-03,84.44000244140625,84.44000244140625,84.16999816894531,84.18000030517578,71.61847686767578,7244300
2022-01-04,84.0999984741211,84.18000030517578,84.0,84.16999816894531,71.60993957519531,7384500
2022-01-05,84.20999908447266,84.20999908447266,83.86000061035156,83.87999725341797,71.36322021484375,7076500
2022-01-06,83.75,83.81999969482422,83.68000030517578,83.79000091552734,71.28666687011719,6011000
2022-01-07,83.70999908447266,83.72000122070312,83.44000244140625,83.55999755859375,71.09100341796875,6345100
2022-01-10,83.37999725341797,83.5199966430664,83.30999755859375,83.48999786376953,71.03143310546875,5912300
2022-01-11,83.47000122070312,83.68000030517578,83.41000366210938,83.66000366210938,71.17607116699219,6755600
2022-01-12,83.7300033569336,83.79000091552734,83.62000274658203,83.62999725341797,71.15054321289062,6672700
2022-01-13,83.6500015258789,83.79000091552734,83.56999969482422,83.7699966430664,71.26963806152344,5746300
2022-01-14,83.58999633789062,83.5999984741211,83.30000305175781,83.30999755859375,70.87830352783203,6843000
2022-01-18,83.02999877929688,83.08000183105469,82.79000091552734,82.79000091552734,70.4358901977539,7453100
2022-01-19,82.97000122070312,83.12000274658203,82.94000244140625,82.98999786376953,70.60603332519531,8644100
2022-01-20,83.11000061035156,83.13999938964844,83.02999877929688,83.08000183105469,70.6826171875,4951300
2022-01-21,83.3499984741211,83.4800033569336,83.27999877929688,83.38999938964844,70.94637298583984,5204500
2022-01-24,83.44999694824219,83.5,83.25,83.26000213623047,70.83576202392578,10332200
2022-01-25,83.30000305175781,83.4000015258789,83.13999938964844,83.1500015258789,70.74214935302734,5872700
2022-01-26,83.22000122070312,83.26000213623047,82.69000244140625,82.69000244140625,70.35082244873047,7382500
2022-01-27,82.9000015258789,83.08999633789062,82.88999938964844,82.95999908447266,70.5805435180664,6295600
2022-01-28,82.77999877929688,83.08000183105469,82.7699966430664,83.05999755859375,70.66558837890625,5992500
2022-01-31,82.9000015258789,83.08000183105469,82.87000274658203,83.0,70.61454772949219,8033400
2022-02-01,82.88999938964844,82.91000366210938,82.69000244140625,82.83000183105469,70.58642578125,5013300
2022-02-02,82.94999694824219,83.13999938964844,82.91000366210938,82.94999694824219,70.68867492675781,7248800
2022-02-03,82.61000061035156,82.68000030517578,82.51000213623047,82.5999984741211,70.39041900634766,6156500
2022-02-04,82.19999694824219,82.22000122070312,82.01000213623047,82.08999633789062,69.95580291748047,7746000
2022-02-07,82.08999633789062,82.22000122070312,82.0199966430664,82.16000366210938,70.01546478271484,6252200
2022-02-08,81.9800033569336,82.01000213623047,81.88999938964844,81.88999938964844,69.7853775024414,6727000
2022-02-09,82.02999877929688,82.13999938964844,81.94000244140625,81.94999694824219,69.8365249633789,5862000
2022-02-10,81.62999725341797,81.69000244140625,81.19999694824219,81.19999694824219,69.19735717773438,8869700
2022-02-11,81.44999694824219,81.79000091552734,81.1500015258789,81.7300033569336,69.6490249633789,11100900
2022-02-14,81.37999725341797,81.45999908447266,81.18000030517578,81.2699966430664,69.25701141357422,6301600
2022-02-15,81.16999816894531,81.27999877929688,81.08000183105469,81.0999984741211,69.11214447021484,6731200
2022-02-16,81.23999786376953,81.26000213623047,80.95999908447266,81.20999908447266,69.20590209960938,7142400
2022-02-17,81.30000305175781,81.48999786376953,81.25,81.38999938964844,69.35929870605469,6833600
2022-02-18,81.5,81.55000305175781,81.41000366210938,81.52999877929688,69.47856903076172,4744400
2022-02-22,81.38999938964844,81.4800033569336,81.30000305175781,81.4800033569336,69.43598175048828,7058800
2022-02-23,81.30000305175781,81.31999969482422,81.06999969482422,81.06999969482422,69.08659362792969,7938900
2022-02-24,81.38999938964844,81.4800033569336,81.1500015258789,81.25,69.23997497558594,8883500
2022-02-25,81.19999694824219,81.33000183105469,81.13999938964844,81.31999969482422,69.29959869384766,5923200
2022-02-28,81.66000366210938,81.94999694824219,81.63999938964844,81.91999816894531,69.81095886230469,6494400
2022-03-01,82.04000091552734,82.48999786376953,82.02999877929688,82.22000122070312,70.17711639404297,9319000
2022-03-02,81.86000061035156,81.91000366210938,81.20999908447266,81.20999908447266,69.31501770019531,6491500
2022-03-03,81.47000122070312,81.62999725341797,81.3499984741211,81.56999969482422,69.62230682373047,10349100
2022-03-04,81.88999938964844,82.0199966430664,81.7699966430664,81.86000061035156,69.86981201171875,8042600
2022-03-07,81.52999877929688,81.7300033569336,81.37999725341797,81.45999908447266,69.52841186523438,6425400
2022-03-08,81.05000305175781,81.12999725341797,80.97000122070312,81.08000183105469,69.20409393310547,8565900
2022-03-09,80.9000015258789,81.0,80.79000091552734,80.86000061035156,69.01631927490234,5761500
2022-03-10,80.58000183105469,80.61000061035156,80.29000091552734,80.43000030517578,68.64927673339844,8261200
2022-03-11,80.4000015258789,80.48999786376953,80.33000183105469,80.37000274658203,68.59809112548828,7883400
2022-03-14,79.93000030517578,79.94000244140625,79.61000061035156,79.62999725341797,67.96644592285156,15449700
2022-03-15,79.94000244140625,80.01000213623047,79.66000366210938,79.76000213623047,68.07743072509766,6265000
2022-03-16,79.7699966430664,79.87999725341797,79.36000061035156,79.87999725341797,68.17984008789062,8156400
2022-03-17,80.0199966430664,80.16000366210938,79.88999938964844,79.94999694824219,68.23958587646484,6774600
2022-03-18,80.06999969482422,80.2300033569336,80.04000091552734,80.18000030517578,68.43589782714844,8895700
2022-03-21,79.80000305175781,79.83000183105469,79.31999969482422,79.36000061035156,67.73599243164062,6831300
2022-03-22,79.1500015258789,79.25,79.05000305175781,79.16000366210938,67.56529998779297,6488400
2022-03-23,79.33000183105469,79.5199966430664,79.13999938964844,79.5199966430664,67.87255859375,8919400
2022-03-24,79.12999725341797,79.44000244140625,79.11000061035156,79.41999816894531,67.78720092773438,18907400
2022-03-25,79.0999984741211,79.0999984741211,78.61000061035156,78.72000122070312,67.18976593017578,21372500
2022-03-28,78.80999755859375,79.04000091552734,78.76000213623047,78.94999694824219,67.38606262207031,7494000
2022-03-29,79.08000183105469,79.33000183105469,78.98999786376953,79.30000305175781,67.68478393554688,7308100
2022-03-30,79.08999633789062,79.51000213623047,79.08000183105469,79.4800033569336,67.83841705322266,7071800
2022-03-31,79.5199966430664,79.66999816894531,79.44000244140625,79.54000091552734,67.88963317871094,8244200
2022-04-01,78.83000183105469,79.30000305175781,78.7699966430664,79.16999816894531,67.74248504638672,6326900
2022-04-04,79.20999908447266,79.23999786376953,78.95999908447266,79.2300033569336,67.7938232421875,9091700
2022-04-05,79.0,79.0199966430664,78.37999725341797,78.43000030517578,67.10929870605469,6956300
2022-04-06,78.01000213623047,78.4000015258789,77.9000015258789,78.19000244140625,66.9039306640625,8649400
2022-04-07,78.0999984741211,78.19000244140625,77.91000366210938,78.02999877929688,66.76702880859375,9157600
2022-04-08,77.66000366210938,77.81999969482422,77.51000213623047,77.61000061035156,66.40767669677734,8989600
2022-04-11,77.4000015258789,77.44000244140625,77.18000030517578,77.25,66.09960174560547,7858300
2022-04-12,77.62000274658203,77.75,77.45999908447266,77.5,66.31352233886719,8168200
2022-04-13,77.58999633789062,77.8499984741211,77.56999969482422,77.58999633789062,66.39054107666016,7790300
2022-04-14,77.55999755859375,77.5999984741211,77.01000213623047,77.05999755859375,65.93702697753906,7046100
2022-04-18,77.06999969482422,77.08000183105469,76.77999877929688,76.80999755859375,65.72311401367188,7187800
2022-04-19,76.52999877929688,76.6500015258789,76.30000305175781,76.33000183105469,65.31240844726562,11568000
2022-04-20,76.61000061035156,76.91000366210938,76.55999755859375,76.80999755859375,65.72311401367188,7366100
2022-04-21,76.68000030517578,76.69000244140625,76.16999816894531,76.4000015258789,65.37232208251953,7869900
2022-04-22,76.18000030517578,76.47000122070312,76.0999984741211,76.30000305175781,65.28672790527344,8625100
2022-04-25,76.66999816894531,77.0199966430664,76.66999816894531,76.77999877929688,65.69742584228516,6091600
2022-04-26,77.12000274658203,77.16000366210938,76.9000015258789,76.9800033569336,65.86858367919922,8837100
2022-04-27,76.98999786376953,77.06999969482422,76.66000366210938,76.73999786376953,65.66321563720703,10802000
2022-04-28,76.54000091552734,76.70999908447266,76.44000244140625,76.70999908447266,65.6375503540039,7644000
2022-04-29,76.27999877929688,76.5199966430664,76.16000366210938,76.19000244140625,65.19264221191406,7120400
2022-05-02,75.81999969482422,75.83999633789062,75.58000183105469,75.66000366210938,64.85916900634766,10166700
2022-05-03,76.08000183105469,76.1500015258789,75.77999877929688,75.83999633789062,65.01343536376953,7769000
2022-05-04,75.77999877929688,76.33000183105469,75.63999938964844,76.33000183105469,65.43350219726562,12238000
2022-05-05,75.87000274658203,75.87000274658203,75.26000213623047,75.56999969482422,64.78201293945312,10540000
2022-05-06,75.26000213623047,75.5199966430664,75.16999816894531,75.25,64.50768280029297,8803000
2022-05-09,75.18000030517578,75.62000274658203,75.13999938964844,75.58999633789062,64.79911804199219,7420300
2022-05-10,75.88999938964844,76.02999877929688,75.73999786376953,75.80999755859375,64.98773956298828,24792700
2022-05-11,75.5199966430664,76.08999633789062,75.47000122070312,76.06999969482422,65.21061706542969,9843600
2022-05-12,76.2300033569336,76.38999938964844,76.16000366210938,76.22000122070312,65.33918762207031,6079800
2022-05-13,76.05999755859375,76.0999984741211,75.88999938964844,75.94000244140625,65.09918212890625,5024800
2022-05-16,76.04000091552734,76.23999786376953,76.02999877929688,76.05999755859375,65.20204162597656,6104400
2022-05-17,75.68000030517578,75.83000183105469,75.58999633789062,75.61000061035156,64.81627655029297,5881200
2022-05-18,75.54000091552734,75.97000122070312,75.54000091552734,75.93000030517578,65.09063720703125,4963300
2022-05-19,76.33999633789062,76.37000274658203,76.04000091552734,76.08999633789062,65.22776794433594,5461400
2022-05-20,76.12000274658203,76.37000274658203,76.12000274658203,76.31999969482422,65.42491912841797,6960100
2022-05-23,76.29000091552734,76.37000274658203,76.0,76.05000305175781,65.19349670410156,7332900
2022-05-24,76.31999969482422,76.77999877929688,76.31999969482422,76.66999816894531,65.7249526977539,6587100
2022-05-25,76.91999816894531,77.0,76.79000091552734,76.9800033569336,65.99070739746094,5737200
2022-05-26,77.0,77.0999984741211,76.80999755859375,76.9000015258789,65.92212677001953,5328400
2022-05-27,77.11000061035156,77.22000122070312,77.0,77.12000274658203,66.1107406616211,6355300
2022-05-31,76.66999816894531,76.73999786376953,76.45999908447266,76.68000030517578,65.73355102539062,9067000
2022-06-01,76.55999755859375,76.63999938964844,76.05999755859375,76.19000244140625,65.43980407714844,7294600
2022-06-02,76.30000305175781,76.33000183105469,76.05000305175781,76.26000213623047,65.49992370605469,5276600
2022-06-03,75.98999786376953,76.19000244140625,75.98999786376953,76.1500015258789,65.40544891357422,5549600
2022-06-06,76.02999877929688,76.08999633789062,75.66999816894531,75.69999694824219,65.01892852783203,6698000
2022-06-07,75.8499984741211,76.11000061035156,75.81999969482422,75.95999908447266,65.24226379394531,6989800
2022-06-08,75.80000305175781,75.93000030517578,75.6500015258789,75.6500015258789,64.97601318359375,3778300
2022-06-09,75.5999984741211,75.69999694824219,75.51000213623047,75.55000305175781,64.89009094238281,4828500
2022-06-10,75.26000213623047,75.41999816894531,74.76000213623047,74.91000366210938,64.3404312133789,14690800
2022-06-13,74.20999908447266,74.25,73.37000274658203,73.69999694824219,63.301109313964844,11255300
2022-06-14,73.91000366210938,74.01000213623047,73.19999694824219,73.30000305175781,62.957576751708984,9530100
2022-06-15,73.8499984741211,74.19000244140625,73.5,74.13999938964844,63.679039001464844,9098600
2022-06-16,73.48999786376953,74.31999969482422,73.41000366210938,74.30000305175781,63.81648254394531,8477600
2022-06-17,74.38999938964844,74.48999786376953,74.04000091552734,74.33999633789062,63.850826263427734,4913600
2022-06-21,74.11000061035156,74.27999877929688,73.94000244140625,74.0,63.55878448486328,7069900
2022-06-22,74.63999938964844,74.75,74.54000091552734,74.61000061035156,64.08272552490234,8407600
2022-06-23,74.9000015258789,75.33000183105469,74.87999725341797,74.97000122070312,64.39192962646484,8542600
2022-06-24,74.86000061035156,75.12999725341797,74.77999877929688,74.83000183105469,64.27169036865234,6979000
2022-06-27,74.54000091552734,74.7300033569336,74.38999938964844,74.47000122070312,63.962493896484375,6238900
2022-06-28,74.43000030517578,74.51000213623047,74.30999755859375,74.51000213623047,63.996856689453125,5578800
2022-06-29,74.51000213623047,74.94000244140625,74.51000213623047,74.94000244140625,64.36618041992188,3896400
2022-06-30,75.16999816894531,75.44999694824219,75.16999816894531,75.26000213623047,64.64100646972656,4387100
2022-07-01,75.61000061035156,76.05000305175781,75.52999877929688,75.70999908447266,65.1565170288086,5801800
2022-07-05,75.8499984741211,75.97000122070312,75.69999694824219,75.83999633789062,65.26837921142578,6253900
2022-07-06,76.02999877929688,76.05000305175781,75.36000061035156,75.37999725341797,64.87248992919922,5312000
2022-07-07,75.44999694824219,75.45999908447266,75.0999984741211,75.16999816894531,64.69178009033203,7536700
2022-07-08,75.01000213623047,75.04000091552734,74.83999633789062,74.91999816894531,64.47664642333984,4187100
2022-07-11,75.19000244140625,75.38999938964844,75.1500015258789,75.19999694824219,64.71761322021484,4128600
2022-07-12,75.4800033569336,75.62000274658203,75.33000183105469,75.33000183105469,64.8294906616211,6013700
2022-07-13,74.87000274658203,75.62999725341797,74.8499984741211,75.56999969482422,65.03604888916016,6382700
2022-07-14,75.0999984741211,75.43000030517578,74.94999694824219,75.33000183105469,64.8294906616211,5598000
2022-07-15,75.36000061035156,75.69999694824219,75.36000061035156,75.5999984741211,65.06182861328125,5276400
2022-07-18,75.44999694824219,75.47000122070312,75.22000122070312,75.37000274658203,64.86393737792969,3438000
2022-07-19,75.37999725341797,75.43000030517578,75.18000030517578,75.30999755859375,64.81227111816406,3493400
2022-07-20,75.55000305175781,75.55999755859375,75.19999694824219,75.23999786376953,64.75202941894531,3966900
2022-07-21,75.43000030517578,75.9000015258789,75.43000030517578,75.86000061035156,65.28560638427734,6832900
2022-07-22,76.37000274658203,76.6500015258789,76.27999877929688,76.4800033569336,65.81918334960938,6617000
2022-07-25,76.13999938964844,76.2699966430664,76.08999633789062,76.19999694824219,65.57820892333984,4256200
2022-07-26,76.51000213623047,76.56999969482422,76.19000244140625,76.22000122070312,65.59542083740234,6964100
2022-07-27,76.3499984741211,76.69000244140625,76.33999633789062,76.43000030517578,65.77615356445312,5919600
2022-07-28,76.95999908447266,77.06999969482422,76.80999755859375,76.95999908447266,66.2322769165039,5140200
2022-07-29,76.80000305175781,77.16999816894531,76.75,76.9000015258789,66.1806411743164,6601700
2022-08-01,76.9000015258789,77.13999938964844,76.81999969482422,77.08000183105469,66.46778106689453,5370800
2022-08-02,77.08999633789062,77.18000030517578,76.23999786376953,76.30000305175781,65.79517364501953,10808300
2022-08-03,76.2300033569336,76.69000244140625,75.97000122070312,76.68000030517578,66.12285614013672,5747700
2022-08-04,76.72000122070312,76.87999725341797,76.63999938964844,76.87000274658203,66.2867202758789,9869900
2022-08-05,76.05000305175781,76.0999984741211,75.86000061035156,76.0,65.53646850585938,8946400
2022-08-08,76.30000305175781,76.44999694824219,76.26000213623047,76.33999633789062,65.82966613769531,8534700
2022-08-09,76.16000366210938,76.26000213623047,76.08999633789062,76.16999816894531,65.68309783935547,6888800
2022-08-10,76.5,76.7300033569336,76.30999755859375,76.37999725341797,65.86417388916016,4305000
2022-08-11,76.56999969482422,76.66999816894531,75.91999816894531,75.94999694824219,65.49336242675781,5179500
2022-08-12,76.20999908447266,76.30000305175781,76.01000213623047,76.30000305175781,65.79517364501953,4376800
2022-08-15,76.47000122070312,76.54000091552734,76.36000061035156,76.37999725341797,65.86417388916016,3922300
2022-08-16,76.2699966430664,76.29000091552734,76.02999877929688,76.27999877929688,65.7779541015625,4104000
2022-08-17,75.93000030517578,76.01000213623047,75.70999908447266,75.83000183105469,65.38990020751953,4131100
2022-08-18,76.04000091552734,76.16000366210938,75.94000244140625,75.97000122070312,65.51061248779297,4026800
2022-08-19,75.52999877929688,75.55999755859375,75.36000061035156,75.48999786376953,65.09673309326172,5115800
2022-08-22,75.33000183105469,75.36000061035156,75.08999633789062,75.1500015258789,64.80351257324219,4158600
2022-08-23,75.12000274658203,75.44999694824219,75.01000213623047,75.12000274658203,64.7776870727539,6294800
2022-08-24,74.97000122070312,75.01000213623047,74.83999633789062,74.93000030517578,64.6137924194336,3808600
2022-08-25,74.9800033569336,75.4000015258789,74.91999816894531,75.33999633789062,64.96734619140625,3688400
2022-08-26,75.2300033569336,75.37000274658203,75.05000305175781,75.19000244140625,64.83799743652344,4276600
2022-08-29,74.94999694824219,74.95999908447266,74.79000091552734,74.8499984741211,64.54481506347656,3263800
2022-08-30,74.93000030517578,75.08000183105469,74.69999694824219,74.91000366210938,64.5965805053711,6878700
2022-08-31,74.8499984741211,74.94000244140625,74.51000213623047,74.5999984741211,64.3292236328125,5155600
2022-09-01,74.0199966430664,74.11000061035156,73.75,74.04000091552734,63.98012924194336,6160700
2022-09-02,74.25,74.4800033569336,74.18000030517578,74.2300033569336,64.14430236816406,3600600
2022-09-06,73.94000244140625,73.94999694824219,73.54000091552734,73.55999755859375,63.56536865234375,6869800
2022-09-07,73.80000305175781,74.08999633789062,73.77999877929688,74.08999633789062,64.02333068847656,4208300
2022-09-08,73.95999908447266,74.12000274658203,73.83999633789062,73.86000061035156,63.82455825805664,3580300
2022-09-09,73.94999694824219,74.08999633789062,73.79000091552734,73.83000183105469,63.79867172241211,3831700
2022-09-12,74.0,74.06999969482422,73.6500015258789,73.73999786376953,63.72087097167969,4008200
2022-09-13,73.27999877929688,73.43000030517578,73.22000122070312,73.37000274658203,63.40117263793945,9481200
2022-09-14,73.30000305175781,73.55999755859375,73.27999877929688,73.45999908447266,63.47892761230469,4332200
2022-09-15,73.30999755859375,73.38999938964844,73.19000244140625,73.23999786376953,63.288795471191406,4967200
2022-09-16,73.08000183105469,73.30999755859375,73.0199966430664,73.16000366210938,63.2197151184082,5050000
2022-09-19,72.98999786376953,73.18000030517578,72.91000366210938,73.11000061035156,63.17647171020508,6374900
2022-09-20,72.70999908447266,72.87999725341797,72.62000274658203,72.75,62.865413665771484,4750500
2022-09-21,72.81999969482422,72.98999786376953,72.44000244140625,72.94999694824219,63.038238525390625,6360300
2022-09-22,72.4800033569336,72.48999786376953,72.11000061035156,72.19999694824219,62.3901481628418,5216100
2022-09-23,72.25,72.25,71.75,72.0,62.21733856201172,6885400
2022-09-26,71.7699966430664,71.80999755859375,71.05999755859375,71.08000183105469,61.42230987548828,8658900
2022-09-27,71.12000274658203,71.20999908447266,70.66999816894531,70.7699966430664,61.154422760009766,9946100
2022-09-28,71.43000030517578,71.9000015258789,71.29000091552734,71.87000274658203,62.10496520996094,11649700
2022-09-29,71.44000244140625,71.63999938964844,71.2699966430664,71.5,61.78520584106445,6100300
2022-09-30,71.69999694824219,71.87000274658203,71.25,71.33000183105469,61.638336181640625,8919100
2022-10-03,71.69999694824219,72.18000030517578,71.58000183105469,71.7699966430664,62.15449905395508,6762600
2022-10-04,72.02999877929688,72.23999786376953,71.87999725341797,71.94999694824219,62.310367584228516,6124400
2022-10-05,71.58000183105469,71.63999938964844,71.27999877929688,71.56999969482422,61.98127365112305,7252400
2022-10-06,71.52999877929688,71.5999984741211,71.23999786376953,71.30000305175781,61.74747085571289,7108400
2022-10-07,71.01000213623047,71.12000274658203,70.87000274658203,70.93000030517578,61.427032470703125,5023200
2022-10-10,70.93000030517578,70.93000030517578,70.45999908447266,70.61000061035156,61.1498908996582,4950700
2022-10-11,70.72000122070312,70.94999694824219,70.52999877929688,70.62999725341797,61.167205810546875,9225500
2022-10-12,70.55000305175781,70.81999969482422,70.51000213623047,70.70999908447266,61.23649978637695,5442000
2022-10-13,69.87000274658203,70.69999694824219,69.79000091552734,70.45999908447266,61.0200080871582,6668900
2022-10-14,70.81999969482422,70.83000183105469,70.08999633789062,70.12000274658203,60.725547790527344,6544400
2022-10-17,70.55000305175781,70.68000030517578,70.2699966430664,70.2699966430664,60.85545349121094,19605200
2022-10-18,70.45999908447266,70.54000091552734,70.13999938964844,70.43000030517578,60.99402618408203,7008000
2022-10-19,69.98999786376953,70.08999633789062,69.77999877929688,69.8499984741211,60.4917106628418,6483600
2022-10-20,69.70999908447266,69.8499984741211,69.33999633789062,69.37999725341797,60.08466339111328,6260900
2022-10-21,69.13999938964844,69.58000183105469,69.08999633789062,69.5,60.188629150390625,6984400
2022-10-24,69.4800033569336,69.69000244140625,69.2300033569336,69.4000015258789,60.10199737548828,7259400
2022-10-25,69.94000244140625,70.20999908447266,69.91000366210938,70.05999755859375,60.673587799072266,7780900
2022-10-26,70.22000122070312,70.47000122070312,70.16999816894531,70.33999633789062,60.91606140136719,7001000
2022-10-27,70.54000091552734,70.86000061035156,70.37999725341797,70.70999908447266,61.23649978637695,5493300
2022-10-28,70.4000015258789,70.70999908447266,70.37999725341797,70.56999969482422,61.115257263183594,4828800
2022-10-31,70.36000061035156,70.4000015258789,70.05999755859375,70.3499984741211,60.92475128173828,6785000
2022-11-01,70.58000183105469,70.61000061035156,70.0999984741211,70.26000213623047,60.98814392089844,7019000
2022-11-02,70.3499984741211,70.7300033569336,70.0,70.1500015258789,60.89263153076172,10223800
2022-11-03,69.61000061035156,69.9800033569336,69.56999969482422,69.87999725341797,60.658233642578125,6408200
2022-11-04,69.93000030517578,70.0999984741211,69.73999786376953,69.9000015258789,60.67560958862305,8780400
2022-11-07,69.91000366210938,69.93000030517578,69.62999725341797,69.62999725341797,60.441246032714844,6246100
2022-11-08,69.80000305175781,70.06999969482422,69.77999877929688,69.94000244140625,60.7103271484375,6358100
2022-11-09,69.86000061035156,70.13999938964844,69.79000091552734,70.04000091552734,60.79716491699219,7269400
2022-11-10,70.9000015258789,71.48999786376953,70.88999938964844,71.48999786376953,62.05579376220703,7014100
2022-11-11,71.33000183105469,71.52999877929688,71.25,71.48999786376953,62.05579376220703,4525300
2022-11-14,71.29000091552734,71.38999938964844,71.20999908447266,71.26000213623047,61.856117248535156,6914500
2022-11-15,71.66000366210938,71.7699966430664,71.54000091552734,71.76000213623047,62.2901725769043,11948800
2022-11-16,71.97000122070312,72.2300033569336,71.9000015258789,72.16999816894531,62.64604949951172,8856700
2022-11-17,71.80000305175781,71.9000015258789,71.66000366210938,71.87000274658203,62.38563919067383,6260600
2022-11-18,71.93000030517578,72.04000091552734,71.7300033569336,71.75,62.28145980834961,8564600
2022-11-21,71.98999786376953,72.04000091552734,71.72000122070312,71.75,62.28145980834961,6834600
2022-11-22,71.94000244140625,72.19000244140625,71.93000030517578,72.12000274658203,62.60263442993164,9534200
2022-11-23,72.2300033569336,72.55999755859375,72.2300033569336,72.55999755859375,62.98455810546875,4855000
2022-11-25,72.4000015258789,72.55999755859375,72.4000015258789,72.55999755859375,62.98455810546875,2536400
2022-11-28,72.61000061035156,72.66999816894531,72.38999938964844,72.47000122070312,62.90644073486328,5852100
2022-11-29,72.19999694824219,72.37999725341797,72.16000366210938,72.19999694824219,62.67210006713867,5437600
2022-11-30,72.1500015258789,72.7699966430664,72.01000213623047,72.76000213623047,63.158206939697266,5479900
2022-12-01,72.7300033569336,73.19999694824219,72.66000366210938,73.19999694824219,63.6845588684082,7462500
2022-12-02,72.94999694824219,73.51000213623047,72.79000091552734,73.5,63.94556427001953,6828300
2022-12-05,73.16000366210938,73.16999816894531,72.83000183105469,72.91999816894531,63.440940856933594,7552900
2022-12-06,73.08000183105469,73.23999786376953,73.0,73.16000366210938,63.64975357055664,7584100
2022-12-07,73.4800033569336,73.83000183105469,73.44000244140625,73.80000305175781,64.20658111572266,7472500
2022-12-08,73.58000183105469,73.73999786376953,73.47000122070312,73.58999633789062,64.02384948730469,5378100
2022-12-09,73.41999816894531,73.45999908447266,73.16000366210938,73.16000366210938,63.64975357055664,12079600
2022-12-12,73.45999908447266,73.51000213623047,73.05000305175781,73.16000366210938,63.64975357055664,7533500
2022-12-13,74.1500015258789,74.1500015258789,73.61000061035156,73.66000366210938,64.08475494384766,12563900
2022-12-14,73.70999908447266,73.9000015258789,73.43000030517578,73.83999633789062,64.24137115478516,9833900
2022-12-15,73.87999725341797,73.95999908447266,73.70999908447266,73.87999725341797,64.27613830566406,7800400
2022-12-16,73.45999908447266,73.83000183105469,73.41000366210938,73.69000244140625,64.11087799072266,6541900
2022-12-19,73.38999938964844,73.41000366210938,73.1500015258789,73.25,63.7280387878418,6300000
2022-12-20,72.80000305175781,72.9000015258789,72.69000244140625,72.7699966430664,63.310428619384766,6130500
2022-12-21,73.04000091552734,73.0999984741211,72.83000183105469,72.94000244140625,63.45832824707031,8169000
2022-12-22,72.94999694824219,73.06999969482422,72.86000061035156,72.93000030517578,63.44966506958008,6833800
2022-12-23,72.5,72.62000274658203,72.44999694824219,72.52999877929688,63.25082778930664,4693400
2022-12-27,72.12999725341797,72.2300033569336,71.95999908447266,71.97000122070312,62.76245880126953,6959600
2022-12-28,72.12000274658203,72.18000030517578,71.86000061035156,71.87000274658203,62.675228118896484,7868200
2022-12-29,71.97000122070312,72.16999816894531,71.94999694824219,72.13999938964844,62.91070556640625,7391000
2022-12-30,71.9800033569336,72.08000183105469,71.80000305175781,71.83999633789062,62.64908218383789,7051900
2023-01-03,72.44999694824219,72.4800033569336,72.06999969482422,72.22000122070312,62.98046875,8634800
2023-01-04,72.69999694824219,72.76000213623047,72.48999786376953,72.62999725341797,63.33805465698242,5257100
2023-01-05,72.33999633789062,72.58999633789062,72.22000122070312,72.55000305175781,63.26826477050781,5632400
2023-01-06,72.6500015258789,73.38999938964844,72.56999969482422,73.3499984741211,63.96590805053711,5627200
2023-01-09,73.30999755859375,73.6500015258789,73.2699966430664,73.55000305175781,64.14030456542969,7398200
2023-01-10,73.30999755859375,73.37999725341797,73.08999633789062,73.26000213623047,63.88742446899414,4827900
2023-01-11,73.47000122070312,73.69000244140625,73.44999694824219,73.6500015258789,64.22753143310547,8453200
2023-01-12,73.87999725341797,74.22000122070312,73.61000061035156,74.22000122070312,64.724609375,5927600
2023-01-13,74.05999755859375,74.22000122070312,73.9000015258789,73.97000122070312,64.50659942626953,6331600
2023-01-17,73.76000213623047,74.0,73.73999786376953,73.87000274658203,64.41938018798828,6815100
2023-01-18,74.5999984741211,74.66000366210938,74.27999877929688,74.55000305175781,65.01240539550781,5112800
2023-01-19,74.36000061035156,74.47000122070312,74.26000213623047,74.4000015258789,64.88156127929688,4765200
2023-01-20,74.12999725341797,74.19000244140625,73.93000030517578,74.06999969482422,64.59378814697266,4714300
2023-01-23,73.87999725341797,74.05999755859375,73.8499984741211,73.88999938964844,64.43681335449219,6116700
2023-01-24,73.94999694824219,74.25,73.77999877929688,74.22000122070312,64.724609375,3907700
2023-01-25,74.20999908447266,74.36000061035156,74.08000183105469,74.30999755859375,64.80307006835938,4414400
2023-01-26,74.26000213623047,74.3499984741211,74.05000305175781,74.16999816894531,64.68101501464844,3866800
2023-01-27,74.0,74.12999725341797,73.94999694824219,74.08999633789062,64.61122131347656,4474100
2023-01-30,73.95999908447266,74.08999633789062,73.86000061035156,73.87999725341797,64.42809295654297,6258700
2023-01-31,74.12000274658203,74.22000122070312,73.86000061035156,74.22000122070312,64.724609375,5502300
2023-02-01,74.16000366210938,74.58000183105469,73.91999816894531,74.5199966430664,65.14069366455078,7473900
2023-02-02,74.80000305175781,74.86000061035156,74.55000305175781,74.56999969482422,65.18439483642578,4273500
2023-02-03,74.0199966430664,74.0999984741211,73.79000091552734,73.91000366210938,64.60745239257812,5332900
2023-02-06,73.51000213623047,73.56999969482422,73.43000030517578,73.44999694824219,64.20536041259766,5282300
2023-02-07,73.38999938964844,73.69999694824219,73.31999969482422,73.3499984741211,64.1179428100586,4674500
2023-02-08,73.38999938964844,73.58999633789062,73.23999786376953,73.4800033569336,64.23157501220703,4308200
2023-02-09,73.68000030517578,73.69000244140625,73.13999938964844,73.18000030517578,63.96934509277344,4268100
2023-02-10,73.12000274658203,73.13999938964844,72.83000183105469,72.87000274658203,63.6983642578125,3606100
2023-02-13,72.88999938964844,73.06999969482422,72.87000274658203,73.06999969482422,63.873191833496094,3805800
2023-02-14,72.9800033569336,73.08000183105469,72.61000061035156,72.81999969482422,63.65464401245117,4328000
2023-02-15,72.72000122070312,72.79000091552734,72.54000091552734,72.66000366210938,63.51479721069336,4370800
2023-02-16,72.43000030517578,72.55999755859375,72.30000305175781,72.37999725341797,63.27001953125,5912000
2023-02-17,72.19999694824219,72.55000305175781,72.19000244140625,72.54000091552734,63.40988540649414,5165700
2023-02-21,72.08000183105469,72.1500015258789,71.88999938964844,71.91000366210938,62.85920715332031,16093200
2023-02-22,72.0999984741211,72.25,72.04000091552734,72.06999969482422,62.999046325683594,4375600
2023-02-23,72.12999725341797,72.3499984741211,72.0999984741211,72.33000183105469,63.22633361816406,4789200
2023-02-24,71.95999908447266,72.02999877929688,71.80000305175781,71.93000030517578,62.87667465209961,4345900
2023-02-27,72.05000305175781,72.18000030517578,71.97000122070312,72.05000305175781,62.9815673828125,3340500
2023-02-28,71.80999755859375,72.08999633789062,71.76000213623047,72.06999969482422,62.999046325683594,5032400
2023-03-01,71.68000030517578,71.83000183105469,71.44000244140625,71.4800033569336,62.62584686279297,4427800
2023-03-02,71.20999908447266,71.3499984741211,71.16999816894531,71.33000183105469,62.494422912597656,4966600
2023-03-03,71.68000030517578,71.87999725341797,71.52999877929688,71.87999725341797,62.97627639770508,4008600
2023-03-06,72.02999877929688,72.02999877929688,71.69999694824219,71.70999908447266,62.82732009887695,4538700
2023-03-07,71.83000183105469,71.8499984741211,71.51000213623047,71.62999725341797,62.75725555419922,4253100
2023-03-08,71.77999877929688,71.9000015258789,71.44000244140625,71.56999969482422,62.704681396484375,4774500
2023-03-09,71.66000366210938,71.95999908447266,71.62000274658203,71.80999755859375,62.91493225097656,4597800
2023-03-10,72.51000213623047,72.83000183105469,72.41000366210938,72.66999816894531,63.668399810791016,4779500
2023-03-13,73.33000183105469,73.81999969482422,73.04000091552734,73.25,64.17658233642578,7270500
2023-03-14,73.0,73.19000244140625,72.66000366210938,72.79000091552734,63.773555755615234,5432500
2023-03-15,73.61000061035156,73.8499984741211,73.20999908447266,73.54000091552734,64.43065643310547,6677200
2023-03-16,73.83000183105469,73.87999725341797,73.08000183105469,73.19000244140625,64.12400817871094,6964800
2023-03-17,73.48999786376953,73.91999816894531,73.48999786376953,73.72000122070312,64.58834838867188,4352700
2023-03-20,73.77999877929688,73.83999633789062,73.36000061035156,73.4000015258789,64.30799865722656,6924500
2023-03-21,73.19999694824219,73.37000274658203,73.12999725341797,73.19999694824219,64.13275909423828,3997700
2023-03-22,73.19999694824219,73.91999816894531,73.06999969482422,73.8499984741211,64.70226287841797,5220500
2023-03-23,73.80000305175781,74.11000061035156,73.68000030517578,74.0199966430664,64.85120391845703,5392100
2023-03-24,74.23999786376953,74.41999816894531,74.02999877929688,74.16999816894531,64.98262023925781,4638000
2023-03-27,73.5999984741211,73.7300033569336,73.4000015258789,73.4000015258789,64.30799865722656,5769800
2023-03-28,73.26000213623047,73.37000274658203,73.19999694824219,73.2699966430664,64.194091796875,3473300
2023-03-29,73.16000366210938,73.41999816894531,73.1500015258789,73.3499984741211,64.2641830444336,4231300
2023-03-30,73.31999969482422,73.5199966430664,73.31999969482422,73.44999694824219,64.35179901123047,3455300
2023-03-31,73.58999633789062,73.87000274658203,73.47000122070312,73.83000183105469,64.6847152709961,4549200
2023-04-03,73.58000183105469,73.98999786376953,73.5199966430664,73.95999908447266,64.95960998535156,5346200
2023-04-04,73.76000213623047,74.31999969482422,73.72000122070312,74.26000213623047,65.22313690185547,4126700
2023-04-05,74.44999694824219,74.9000015258789,74.37999725341797,74.45999908447266,65.3987808227539,4345900
2023-04-06,74.51000213623047,74.5999984741211,74.41999816894531,74.44000244140625,65.3812255859375,4381700
2023-04-10,74.02999877929688,74.05000305175781,73.80999755859375,73.94000244140625,64.94207000732422,4224300
2023-04-11,74.0199966430664,74.02999877929688,73.80999755859375,73.97000122070312,64.96843719482422,4401600
2023-04-12,74.26000213623047,74.26000213623047,73.8499984741211,74.05000305175781,65.03868103027344,4134800
2023-04-13,74.20999908447266,74.29000091552734,73.94999694824219,74.01000213623047,65.00357055664062,5012700
2023-04-14,73.75,73.80000305175781,73.61000061035156,73.68000030517578,64.71372985839844,4349600
2023-04-17,73.44999694824219,73.4800033569336,73.26000213623047,73.27999877929688,64.3624038696289,5085500
2023-04-18,73.30999755859375,73.48999786376953,73.29000091552734,73.38999938964844,64.45901489257812,3728400
2023-04-19,73.29000091552734,73.31999969482422,73.1500015258789,73.29000091552734,64.37117767333984,4611000
2023-04-20,73.5,73.61000061035156,73.48999786376953,73.61000061035156,64.65222930908203,3605400
2023-04-21,73.7300033569336,73.7699966430664,73.43000030517578,73.4800033569336,64.53805541992188,3371600
2023-04-24,73.62000274658203,73.80000305175781,73.62000274658203,73.7699966430664,64.79277038574219,2993000
2023-04-25,74.05999755859375,74.29000091552734,74.05999755859375,74.25,65.2143783569336,3508100
2023-04-26,74.20999908447266,74.27999877929688,73.9000015258789,73.98999786376953,64.98597717285156,5819900
2023-04-27,73.80999755859375,73.83000183105469,73.62999725341797,73.66999816894531,64.7049331665039,3078100
2023-04-28,74.02999877929688,74.0999984741211,73.88999938964844,74.08000183105469,65.06503295898438,4469100
2023-05-01,73.5999984741211,73.66000366210938,73.05999755859375,73.13999938964844,64.39588165283203,4546500
2023-05-02,73.33000183105469,73.87000274658203,73.31999969482422,73.86000061035156,65.02982330322266,4825100
2023-05-03,74.0199966430664,74.18000030517578,73.86000061035156,74.16999816894531,65.302734375,4205600
2023-05-04,73.91999816894531,74.37999725341797,73.9000015258789,74.06999969482422,65.21471405029297,11535800
2023-05-05,73.80999755859375,73.86000061035156,73.68000030517578,73.80000305175781,64.97700500488281,3143200
2023-05-08,73.5,73.61000061035156,73.41999816894531,73.44999694824219,64.66883087158203,9895900
2023-05-09,73.43000030517578,73.5,73.36000061035156,73.37000274658203,64.5984115600586,3827700
2023-05-10,73.68000030517578,73.87999725341797,73.6500015258789,73.81999969482422,64.99461364746094,5291800
2023-05-11,74.18000030517578,74.23999786376953,74.0199966430664,74.05999755859375,65.2059097290039,4745900
2023-05-12,74.01000213623047,74.05999755859375,73.66999816894531,73.66999816894531,64.86253356933594,2970500
2023-05-15,73.5199966430664,73.52999877929688,73.43000030517578,73.4800033569336,64.69526672363281,3268600
2023-05-16,73.2699966430664,73.31999969482422,73.16000366210938,73.30000305175781,64.53675079345703,3818500
2023-05-17,73.37999725341797,73.38999938964844,73.12000274658203,73.16999816894531,64.42228698730469,4574400
2023-05-18,73.01000213623047,73.01000213623047,72.83000183105469,72.87000274658203,64.15816497802734,3530000
2023-05-19,72.72000122070312,72.94000244140625,72.61000061035156,72.66999816894531,63.9820671081543,4166800
2023-05-22,72.70999908447266,72.87999725341797,72.61000061035156,72.6500015258789,63.964500427246094,5294900
2023-05-23,72.55999755859375,72.77999877929688,72.4800033569336,72.69999694824219,64.00850677490234,4561100
2023-05-24,72.73999786376953,72.76000213623047,72.48999786376953,72.5,63.83240509033203,4245100
2023-05-25,72.45999908447266,72.48999786376953,72.19999694824219,72.2300033569336,63.5947151184082,4012300
2023-05-26,72.16000366210938,72.33000183105469,72.06999969482422,72.31999969482422,63.6739501953125,3783100
2023-05-30,72.55000305175781,72.80000305175781,72.5199966430664,72.80000305175781,64.09657287597656,3533000
2023-05-31,72.80999755859375,73.12999725341797,72.76000213623047,73.04000091552734,64.30784606933594,4898400
2023-06-01,73.05000305175781,73.19000244140625,72.97000122070312,73.05000305175781,64.48174285888672,3984000
2023-06-02,73.01000213623047,73.0199966430664,72.63999938964844,72.63999938964844,64.11981964111328,4595500
2023-06-05,72.48999786376953,72.8499984741211,72.41999816894531,72.6500015258789,64.12867736816406,4674600
2023-06-06,72.69000244140625,72.76000213623047,72.52999877929688,72.75,64.2169189453125,5001900
2023-06-07,72.69999694824219,72.76000213623047,72.29000091552734,72.33999633789062,63.85501480102539,4326500
2023-06-08,72.43000030517578,72.73999786376953,72.41999816894531,72.69999694824219,64.17280578613281,3567600
2023-06-09,72.54000091552734,72.6500015258789,72.44999694824219,72.55000305175781,64.0404052734375,12690400
2023-06-12,72.62999725341797,72.70999908447266,72.41000366210938,72.69999694824219,64.17280578613281,4632800
2023-06-13,72.86000061035156,72.91999816894531,72.30999755859375,72.37999725341797,63.89033889770508,4302500
2023-06-14,72.5,72.61000061035156,72.19999694824219,72.44000244140625,63.94329071044922,5986200
2023-06-15,72.76000213623047,72.91000366210938,72.66999816894531,72.88999938964844,64.34052276611328,5061200
2023-06-16,72.68000030517578,72.83000183105469,72.54000091552734,72.7300033569336,64.19928741455078,3905300
2023-06-20,72.77999877929688,72.94999694824219,72.7699966430664,72.83000183105469,64.28755187988281,4921700
2023-06-21,72.69000244140625,72.98999786376953,72.58000183105469,72.94999694824219,64.39346313476562,3678700
2023-06-22,72.7300033569336,72.83999633789062,72.52999877929688,72.5999984741211,64.08451843261719,3975500
2023-06-23,72.9800033569336,72.98999786376953,72.69000244140625,72.80999755859375,64.2698745727539,4163100
2023-06-26,72.91000366210938,72.9800033569336,72.83000183105469,72.9000015258789,64.34931945800781,6287800
2023-06-27,72.91999816894531,73.02999877929688,72.66999816894531,72.76000213623047,64.22576141357422,4816100
2023-06-28,72.86000061035156,73.0,72.73999786376953,72.98999786376953,64.42876434326172,5517200
2023-06-29,72.4800033569336,72.51000213623047,72.31999969482422,72.44000244140625,63.94329071044922,5803000
2023-06-30,72.5,72.70999908447266,72.43000030517578,72.69000244140625,64.16398620605469,5612300
2023-07-03,72.48999786376953,72.6500015258789,72.27999877929688,72.30000305175781,63.98166275024414,3146500
2023-07-05,72.2699966430664,72.29000091552734,71.94000244140625,72.0,63.71620178222656,4415700
2023-07-06,71.58000183105469,71.62999725341797,71.3499984741211,71.54000091552734,63.3090934753418,5613400
2023-07-07,71.54000091552734,71.70999908447266,71.45999908447266,71.5,63.27372741699219,5726600
2023-07-10,71.55999755859375,71.83000183105469,71.55000305175781,71.75,63.494956970214844,4450800
2023-07-11,71.83999633789062,71.95999908447266,71.7699966430664,71.9000015258789,63.6276969909668,5709100
2023-07-12,72.27999877929688,72.5199966430664,72.2300033569336,72.47000122070312,64.13208770751953,6397500
2023-07-13,72.75,72.94999694824219,72.69999694824219,72.91000366210938,64.52152252197266,5868400
2023-07-14,72.7699966430664,72.8499984741211,72.55999755859375,72.56999969482422,64.22061157226562,7410000
2023-07-17,72.58000183105469,72.69000244140625,72.51000213623047,72.6500015258789,64.29141235351562,5942700
2023-07-18,72.87999725341797,72.93000030517578,72.7300033569336,72.73999786376953,64.37103271484375,7748100
2023-07-19,72.87000274658203,72.9800033569336,72.7699966430664,72.91000366210938,64.52152252197266,11522100
2023-07-20,72.66999816894531,72.68000030517578,72.43000030517578,72.56999969482422,64.22061157226562,5262100
2023-07-21,72.69999694824219,72.75,72.58999633789062,72.62000274658203,64.26484680175781,5170600
2023-07-24,72.70999908447266,72.76000213623047,72.48999786376953,72.5,64.15866088867188,3553400
2023-07-25,72.3499984741211,72.48999786376953,72.31999969482422,72.41999816894531,64.08787536621094,4200800
2023-07-26,72.58999633789062,72.68000030517578,72.41999816894531,72.66000366210938,64.30026245117188,4478200
2023-07-27,72.5199966430664,72.56999969482422,71.97000122070312,72.04000091552734,63.7515754699707,5342600
2023-07-28,72.16999816894531,72.30999755859375,72.11000061035156,72.29000091552734,63.97281265258789,5273200
2023-07-31,72.30000305175781,72.48999786376953,72.30000305175781,72.41999816894531,64.08787536621094,4607900
2023-08-01,71.93000030517578,71.98999786376953,71.69999694824219,71.77999877929688,63.691253662109375,11078000
2023-08-02,71.55000305175781,71.58000183105469,71.33000183105469,71.55000305175781,63.48715591430664,6546700
2023-08-03,71.12999725341797,71.19999694824219,71.02999877929688,71.11000061035156,63.09675216674805,5395200
2023-08-04,71.37000274658203,71.7300033569336,71.3499984741211,71.69999694824219,63.62024688720703,6925000
2023-08-07,71.62999725341797,71.66999816894531,71.52999877929688,71.58999633789062,63.52264404296875,4987400
2023-08-08,71.87000274658203,71.9800033569336,71.79000091552734,71.8499984741211,63.753360748291016,4338200
2023-08-09,71.8499984741211,71.95999908447266,71.81999969482422,71.87000274658203,63.771080017089844,4937800
2023-08-10,71.93000030517578,72.0199966430664,71.45999908447266,71.47000122070312,63.416175842285156,5195800
2023-08-11,71.26000213623047,71.47000122070312,71.22000122070312,71.23999786376953,63.21207809448242,4577400
2023-08-14,71.16000366210938,71.31999969482422,71.04000091552734,71.1500015258789,63.1322135925293,7992400
2023-08-15,71.02999877929688,71.19999694824219,70.97000122070312,70.98999786376953,62.99024963378906,5028100
2023-08-16,70.98999786376953,71.12000274658203,70.76000213623047,70.79000091552734,62.81278991699219,5149700
2023-08-17,70.80000305175781,70.81999969482422,70.58000183105469,70.72000122070312,62.750675201416016,7357800
2023-08-18,70.76000213623047,70.97000122070312,70.7300033569336,70.87000274658203,62.883785247802734,5094400
2023-08-21,70.61000061035156,70.63999938964844,70.44999694824219,70.52999877929688,62.58209991455078,4280100
2023-08-22,70.55000305175781,70.69000244140625,70.4800033569336,70.62000274658203,62.661956787109375,4301900
2023-08-23,70.9800033569336,71.2699966430664,70.97000122070312,71.26000213623047,63.229820251464844,5205800
2023-08-24,71.1500015258789,71.25,71.06999969482422,71.08999633789062,63.07896423339844,4186400
2023-08-25,71.01000213623047,71.22000122070312,70.86000061035156,71.08999633789062,63.07896423339844,4853100
2023-08-28,71.25,71.25,71.11000061035156,71.22000122070312,63.194339752197266,3969000
2023-08-29,71.12999725341797,71.68000030517578,71.11000061035156,71.66000366210938,63.584774017333984,6214600
2023-08-30,71.7300033569336,71.7699966430664,71.62000274658203,71.62999725341797,63.55812072753906,4721500
2023-08-31,71.72000122070312,71.86000061035156,71.68000030517578,71.75,63.66463851928711,4747100
2023-09-01,71.55000305175781,71.56999969482422,71.12999725341797,71.20999908447266,63.35854721069336,3940700
2023-09-05,71.05000305175781,71.05999755859375,70.80999755859375,70.81999969482422,63.011539459228516,4634300
2023-09-06,70.9000015258789,70.91000366210938,70.66000366210938,70.73999786376953,62.940364837646484,7800400
2023-09-07,70.88999938964844,70.98999786376953,70.80999755859375,70.9800033569336,63.15390396118164,4742800
2023-09-08,71.08999633789062,71.16999816894531,70.9800033569336,71.0,63.17169952392578,4270600
2023-09-11,70.9000015258789,70.94999694824219,70.83000183105469,70.88999938964844,63.07380294799805,4215800
2023-09-12,70.93000030517578,70.95999908447266,70.8499984741211,70.94000244140625,63.118309020996094,4246300
2023-09-13,70.86000061035156,71.12000274658203,70.86000061035156,71.05000305175781,63.21617889404297,6142500
2023-09-14,71.0999984741211,71.13999938964844,70.91000366210938,70.93000030517578,63.10941696166992,5227300
2023-09-15,70.9000015258789,70.91999816894531,70.7699966430664,70.79000091552734,62.984859466552734,4946100
2023-09-18,70.66999816894531,70.87999725341797,70.66999816894531,70.86000061035156,63.0471305847168,5882500
2023-09-19,70.80999755859375,70.86000061035156,70.68000030517578,70.70999908447266,62.913658142089844,4200900
2023-09-20,70.83999633789062,70.91999816894531,70.62000274658203,70.62000274658203,62.833595275878906,5518400
2023-09-21,70.2699966430664,70.29000091552734,70.16999816894531,70.18000030517578,62.442115783691406,9127100
2023-09-22,70.27999877929688,70.51000213623047,70.2300033569336,70.47000122070312,62.700130462646484,8149800
2023-09-25,70.11000061035156,70.18000030517578,69.94000244140625,69.94999694824219,62.237457275390625,22744300
2023-09-26,70.08000183105469,70.08999633789062,69.8499984741211,69.87999725341797,62.175167083740234,7329100
2023-09-27,70.0999984741211,70.11000061035156,69.48999786376953,69.62999725341797,61.9527587890625,7701800
2023-09-28,69.51000213623047,69.83000183105469,69.37999725341797,69.80999755859375,62.11290740966797,9004600
2023-09-29,70.05999755859375,70.12999725341797,69.69000244140625,69.77999877929688,62.08622741699219,7650600
2023-10-02,69.31999969482422,69.37000274658203,69.06999969482422,69.11000061035156,61.65974807739258,6719800
2023-10-03,68.9800033569336,69.05999755859375,68.52999877929688,68.55000305175781,61.16012191772461,8099500
2023-10-04,68.83000183105469,69.02999877929688,68.66000366210938,69.0,61.56159591674805,7915900
2023-10-05,69.12999725341797,69.1500015258789,68.97000122070312,69.05000305175781,61.606201171875,6845000
2023-10-06,68.54000091552734,68.94000244140625,68.48999786376953,68.77999877929688,61.36531448364258,8385100
2023-10-09,69.13999938964844,69.4800033569336,69.05999755859375,69.4800033569336,61.98988342285156,3561600
2023-10-10,69.2300033569336,69.55999755859375,69.13999938964844,69.41000366210938,61.927406311035156,11555900
2023-10-11,69.62999725341797,69.73999786376953,69.5199966430664,69.7300033569336,62.21291732788086,18074400
2023-10-12,69.58999633789062,69.61000061035156,69.06999969482422,69.12999725341797,61.67757034301758,6144000
2023-10-13,69.52999877929688,69.55999755859375,69.3499984741211,69.44999694824219,61.96308898925781,5570100
2023-10-16,69.26000213623047,69.26000213623047,69.05999755859375,69.08999633789062,61.64189529418945,4914800
2023-10-17,68.68000030517578,68.7699966430664,68.5199966430664,68.63999938964844,61.240413665771484,5851900
2023-10-18,68.5,68.55000305175781,68.2300033569336,68.33999633789062,60.97275161743164,5885900
2023-10-19,68.2699966430664,68.41000366210938,68.0,68.04000091552734,60.7050895690918,9433800
2023-10-20,68.22000122070312,68.37999725341797,68.19000244140625,68.29000091552734,60.928138732910156,5197700
2023-10-23,68.08000183105469,68.6500015258789,67.98999786376953,68.55000305175781,61.16012191772461,9587100
2023-10-24,68.58999633789062,68.79000091552734,68.4800033569336,68.77999877929688,61.36531448364258,9462100
2023-10-25,68.5,68.5199966430664,68.19999694824219,68.26000213623047,60.90137481689453,7392400
2023-10-26,68.3499984741211,68.7300033569336,68.33999633789062,68.72000122070312,61.31177520751953,11426600
2023-10-27,68.66999816894531,68.72000122070312,68.5199966430664,68.72000122070312,61.31177520751953,5325500
2023-10-30,68.5,68.63999938964844,68.38999938964844,68.55000305175781,61.16012191772461,5905300
2023-10-31,68.63999938964844,68.75,68.51000213623047,68.52999877929688,61.14225769042969,9248200
2023-11-01,68.4800033569336,69.0,68.44999694824219,68.98999786376953,61.73554992675781,9330800
2023-11-02,69.43000030517578,69.5,69.22000122070312,69.38999938964844,62.093502044677734,8409100
2023-11-03,70.02999877929688,70.16999816894531,69.79000091552734,69.80000305175781,62.460384368896484,7995700
2023-11-06,69.62999725341797,69.66999816894531,69.44000244140625,69.5,62.19194412231445,7822000
2023-11-07,69.68000030517578,69.98999786376953,69.6500015258789,69.8499984741211,62.50513458251953,7986100
2023-11-08,69.87999725341797,70.1500015258789,69.87000274658203,70.06999969482422,62.702003479003906,6543700
2023-11-09,70.0,70.04000091552734,69.5199966430664,69.55000305175781,62.23666763305664,6979700
2023-11-10,69.86000061035156,69.87000274658203,69.62000274658203,69.68000030517578,62.35298538208008,4381800
2023-11-13,69.41999816894531,69.68000030517578,69.36000061035156,69.66000366210938,62.33510208129883,6058600
2023-11-14,70.48999786376953,70.56999969482422,70.4000015258789,70.51000213623047,63.095699310302734,8237100
2023-11-15,70.22000122070312,70.23999786376953,70.02999877929688,70.12000274658203,62.746761322021484,6793500
2023-11-16,70.41000366210938,70.61000061035156,70.41000366210938,70.54000091552734,63.12257385253906,5623900
2023-11-17,70.61000061035156,70.69999694824219,70.4800033569336,70.63999938964844,63.21205139160156,5657300
2023-11-20,70.58000183105469,70.7699966430664,70.51000213623047,70.73999786376953,63.3015251159668,6959100
2023-11-21,70.80999755859375,70.87999725341797,70.66999816894531,70.83999633789062,63.39103698730469,5737800
2023-11-22,70.9800033569336,71.02999877929688,70.73999786376953,70.9000015258789,63.4447135925293,4949100
2023-11-24,70.6500015258789,70.69999694824219,70.55000305175781,70.55999755859375,63.14046096801758,3534800
2023-11-27,70.75,70.98999786376953,70.69999694824219,70.98999786376953,63.525245666503906,5257000
2023-11-28,70.94999694824219,71.30999755859375,70.9000015258789,71.29000091552734,63.7936897277832,7051400
2023-11-29,71.55000305175781,71.69999694824219,71.45999908447266,71.66000366210938,64.12480926513672,7615800
2023-11-30,71.51000213623047,71.5199966430664,71.30000305175781,71.43000030517578,63.919010162353516,9880000
2023-12-01,71.22000122070312,71.83999633789062,71.19999694824219,71.80999755859375,64.44034576416016,7643500
2023-12-04,71.56999969482422,71.66999816894531,71.41000366210938,71.5199966430664,64.18011474609375,11164600
2023-12-05,71.83000183105469,72.04000091552734,71.75,71.9800033569336,64.59288787841797,8393500
2023-12-06,72.1500015258789,72.30999755859375,72.05000305175781,72.19000244140625,64.7813491821289,9365200
2023-12-07,72.11000061035156,72.36000061035156,72.0999984741211,72.16999816894531,64.76342010498047,9876000
2023-12-08,71.87000274658203,71.94999694824219,71.70999908447266,71.81999969482422,64.44931030273438,7349900
2023-12-11,71.79000091552734,71.87999725341797,71.61000061035156,71.83000183105469,64.45829772949219,12895800
2023-12-12,71.87000274658203,72.05999755859375,71.79000091552734,72.04000091552734,64.6467514038086,8052300
2023-12-13,72.20999908447266,73.01000213623047,72.16999816894531,72.95999908447266,65.47234344482422,7172600
2023-12-14,73.36000061035156,73.62999725341797,73.30000305175781,73.51000213623047,65.96590423583984,9105500
2023-12-15,73.4000015258789,73.52999877929688,73.30999755859375,73.4000015258789,65.86717224121094,7996700
2023-12-18,73.30000305175781,73.30999755859375,73.19999694824219,73.25,65.73257446289062,6144200
2023-12-19,73.36000061035156,73.47000122070312,73.33999633789062,73.38999938964844,65.85820770263672,6924100
2023-12-20,73.51000213623047,73.66999816894531,73.4000015258789,73.62999725341797,66.07357025146484,7496100
2023-12-21,73.77999877929688,73.81999969482422,73.51000213623047,73.62000274658203,66.0645980834961,6912600
2023-12-22,73.52999877929688,73.54000091552734,73.27999877929688,73.36000061035156,66.0205078125,5890700
2023-12-26,73.3499984741211,73.4800033569336,73.31999969482422,73.43000030517578,66.08351135253906,6394600
2023-12-27,73.69999694824219,73.91999816894531,73.63999938964844,73.9000015258789,66.50650787353516,7467700
2023-12-28,73.80999755859375,73.88999938964844,73.63999938964844,73.72000122070312,66.34447479248047,8166600
2023-12-29,73.55000305175781,73.70999908447266,73.4800033569336,73.55000305175781,66.19147491455078,6939800
2024-01-02,73.26000213623047,73.36000061035156,73.19000244140625,73.23999786376953,65.91252136230469,8334200
2024-01-03,73.01000213623047,73.3499984741211,72.87999725341797,73.30000305175781,65.96651458740234,6477200
2024-01-04,72.95999908447266,73.05000305175781,72.87999725341797,72.97000122070312,65.66951751708984,5056900
2024-01-05,72.76000213623047,73.16999816894531,72.69000244140625,72.75,65.4715347290039,6223400
2024-01-08,72.83000183105469,73.18000030517578,72.79000091552734,73.06999969482422,65.75953674316406,7937500
2024-01-09,72.9800033569336,73.13999938964844,72.94999694824219,73.05999755859375,65.75052642822266,5649400
2024-01-10,73.19000244140625,73.23999786376953,72.93000030517578,72.93000030517578,65.633544921875,6578400
2024-01-11,73.04000091552734,73.36000061035156,72.94000244140625,73.30999755859375,65.97551727294922,7537300
2024-01-12,73.48999786376953,73.63999938964844,73.3499984741211,73.45999908447266,66.11048889160156,4461200
2024-01-16,73.20999908447266,73.2699966430664,72.8499984741211,72.94000244140625,65.64251708984375,5724700
2024-01-17,72.76000213623047,72.83999633789062,72.62999725341797,72.7699966430664,65.48954010009766,12370300
2024-01-18,72.80000305175781,72.83000183105469,72.58999633789062,72.66999816894531,65.3995361328125,6086200
2024-01-19,72.58000183105469,72.68000030517578,72.43000030517578,72.66999816894531,65.3995361328125,7883100
2024-01-22,72.88999938964844,72.94000244140625,72.76000213623047,72.79000091552734,65.50753784179688,10321400
2024-01-23,72.68000030517578,72.68000030517578,72.55000305175781,72.62000274658203,65.35452270507812,6840400
2024-01-24,72.93000030517578,72.93000030517578,72.44999694824219,72.47000122070312,65.21953582763672,7483800
2024-01-25,72.75,72.81999969482422,72.66000366210938,72.80999755859375,65.52550506591797,8361100
2024-01-26,72.81999969482422,72.81999969482422,72.6500015258789,72.69999694824219,65.4265365600586,9120500
2024-01-29,72.9000015258789,73.05999755859375,72.80999755859375,72.98999786376953,65.6875228881836,7677600
2024-01-30,73.16000366210938,73.18000030517578,72.87000274658203,73.12000274658203,65.80452728271484,6688100
2024-01-31,73.4000015258789,73.58999633789062,73.27999877929688,73.43000030517578,66.08351135253906,9916600
2024-02-01,73.51000213623047,73.83000183105469,73.4000015258789,73.66000366210938,66.48242950439453,12060800
2024-02-02,73.02999877929688,73.13999938964844,72.87000274658203,73.0,65.88672637939453,7820000
2024-02-05,72.58000183105469,72.61000061035156,72.3499984741211,72.41999816894531,65.36327362060547,7577100
2024-02-06,72.52999877929688,72.83000183105469,72.5,72.76000213623047,65.6701431274414,8310500
2024-02-07,72.6500015258789,72.86000061035156,72.61000061035156,72.62000274658203,65.54378509521484,9257500
2024-02-08,72.5,72.55999755859375,72.38999938964844,72.43000030517578,65.3722915649414,7987500
2024-02-09,72.33000183105469,72.4000015258789,72.29000091552734,72.37000274658203,65.31812286376953,5940700
2024-02-12,72.44999694824219,72.48999786376953,72.30999755859375,72.38999938964844,65.33618927001953,6063000
2024-02-13,71.9800033569336,72.0,71.73999786376953,71.76000213623047,64.767578125,12938800
2024-02-14,71.83000183105469,72.08999633789062,71.80999755859375,72.02999877929688,65.01124572753906,6915700
2024-02-15,72.30999755859375,72.33999633789062,72.11000061035156,72.2300033569336,65.19180297851562,6733900
2024-02-16,71.91000366210938,72.01000213623047,71.86000061035156,72.0,64.98418426513672,5029200
2024-02-20,72.12000274658203,72.20999908447266,72.05000305175781,72.08999633789062,65.0654067993164,7605000
2024-02-21,72.16999816894531,72.16999816894531,71.86000061035156,71.88999938964844,64.88490295410156,6625600
2024-02-22,71.93000030517578,72.0199966430664,71.83999633789062,71.91999816894531,64.9119873046875,11884200
2024-02-23,71.93000030517578,72.25,71.93000030517578,72.18000030517578,65.14667510986328,6147200
2024-02-26,72.19999694824219,72.19999694824219,71.93000030517578,72.05000305175781,65.02934265136719,5255800
2024-02-27,72.0199966430664,72.11000061035156,71.91000366210938,71.94000244140625,64.9300537109375,5534300
2024-02-28,72.0,72.12999725341797,71.95999908447266,72.0999984741211,65.0744400024414,5255300
2024-02-29,72.19999694824219,72.36000061035156,72.16999816894531,72.22000122070312,65.18272399902344,6002900
2024-03-01,71.94000244140625,72.37000274658203,71.80999755859375,72.31999969482422,65.45606994628906,6366800
2024-03-04,72.12999725341797,72.2300033569336,72.0999984741211,72.1500015258789,65.3022232055664,26404700
2024-03-05,72.44999694824219,72.62000274658203,72.38999938964844,72.54000091552734,65.65518188476562,6208600
2024-03-06,72.62000274658203,72.80999755859375,72.61000061035156,72.66999816894531,65.77286529541016,28955300
2024-03-07,72.83999633789062,72.8499984741211,72.66000366210938,72.79000091552734,65.88150787353516,7495500
2024-03-08,72.91000366210938,72.97000122070312,72.80999755859375,72.86000061035156,65.94486236572266,7187700
2024-03-11,72.9000015258789,72.91000366210938,72.76000213623047,72.83000183105469,65.91769409179688,5626200
2024-03-12,72.70999908447266,72.72000122070312,72.55000305175781,72.61000061035156,65.71858215332031,4699400
2024-03-13,72.54000091552734,72.62000274658203,72.47000122070312,72.48999786376953,65.6099624633789,6123200
2024-03-14,72.30000305175781,72.30000305175781,72.05000305175781,72.05999755859375,65.22075653076172,5214000
2024-03-15,72.02999877929688,72.11000061035156,71.97000122070312,72.0199966430664,65.1845703125,4783900
2024-03-18,72.01000213623047,72.04000091552734,71.9000015258789,71.93000030517578,65.10310363769531,5284200
2024-03-19,72.05000305175781,72.19000244140625,72.0199966430664,72.12000274658203,65.27506256103516,4560100
2024-03-20,72.16999816894531,72.38999938964844,72.02999877929688,72.25,65.39273834228516,5287200
2024-03-21,72.4000015258789,72.44000244140625,72.23999786376953,72.30999755859375,65.447021484375,5492900
2024-03-22,72.61000061035156,72.62000274658203,72.48999786376953,72.55000305175781,65.66426086425781,4169400
2024-03-25,72.5,72.5,72.36000061035156,72.41000366210938,65.53754425048828,7950500
2024-03-26,72.44000244140625,72.48999786376953,72.31999969482422,72.47000122070312,65.59185791015625,7603100
2024-03-27,72.56999969482422,72.75,72.5199966430664,72.72000122070312,65.81810760498047,7825200
2024-03-28,72.63999938964844,72.75,72.56999969482422,72.62999725341797,65.73665618896484,5326400
2024-04-01,72.1500015258789,72.19000244140625,71.86000061035156,71.91999816894531,65.2882308959961,6157500
2024-04-02,71.68000030517578,71.8499984741211,71.58000183105469,71.83999633789062,65.21558380126953,9043000
2024-04-03,71.6500015258789,71.9000015258789,71.55999755859375,71.88999938964844,65.26099395751953,5419200
2024-04-04,72.05999755859375,72.05999755859375,71.87000274658203,72.04000091552734,65.39715576171875,12412900
2024-04-05,71.7699966430664,71.93000030517578,71.68000030517578,71.68000030517578,65.07034301757812,11531700
2024-04-08,71.61000061035156,71.69999694824219,71.56999969482422,71.62000274658203,65.01585388183594,13873100
2024-04-09,71.81999969482422,71.93000030517578,71.80999755859375,71.87999725341797,65.25192260742188,8886200
2024-04-10,71.37999725341797,71.4000015258789,71.01000213623047,71.04000091552734,64.48936462402344,8196500
2024-04-11,71.19000244140625,71.2300033569336,70.91000366210938,71.04000091552734,64.48936462402344,16574100
2024-04-12,71.26000213623047,71.3499984741211,71.19000244140625,71.19999694824219,64.63460540771484,12479100
2024-04-15,70.8499984741211,70.86000061035156,70.62999725341797,70.7300033569336,64.20794677734375,8079200
2024-04-16,70.5199966430664,70.61000061035156,70.41999816894531,70.55000305175781,64.04454803466797,14378900
2024-04-17,70.7699966430664,70.94000244140625,70.66000366210938,70.88999938964844,64.35317993164062,6568500
2024-04-18,70.87999725341797,70.88999938964844,70.63999938964844,70.69999694824219,64.18070983886719,6349500
2024-04-19,70.8499984741211,70.87999725341797,70.7300033569336,70.79000091552734,64.26242065429688,8338300
2024-04-22,70.76000213623047,70.87999725341797,70.72000122070312,70.81999969482422,64.28966522216797,5938300
2024-04-23,70.77999877929688,71.11000061035156,70.70999908447266,70.94999694824219,64.40766143798828,6044400
2024-04-24,70.83999633789062,70.83999633789062,70.62999725341797,70.7699966430664,64.2442626953125,4616600
2024-04-25,70.44999694824219,70.58999633789062,70.37000274658203,70.56999969482422,64.06270599365234,5367500
2024-04-26,70.69999694824219,70.83000183105469,70.69999694824219,70.7300033569336,64.20794677734375,4256600
2024-04-29,70.8499984741211,70.9800033569336,70.81999969482422,70.94000244140625,64.3985824584961,4799500
2024-04-30,70.7300033569336,70.83999633789062,70.61000061035156,70.66999816894531,64.1534652709961,6605800
2024-05-01,70.5999984741211,70.93000030517578,70.5,70.70999908447266,64.38472747802734,8119200
2024-05-02,70.69000244140625,71.0199966430664,70.6500015258789,70.98999786376953,64.63971710205078,6014800
2024-05-03,71.44999694824219,71.55000305175781,71.18000030517578,71.3499984741211,64.96749114990234,7256900
2024-05-06,71.4000015258789,71.47000122070312,71.33999633789062,71.41999816894531,65.03124237060547,5584300
2024-05-07,71.63999938964844,71.7300033569336,71.51000213623047,71.55999755859375,65.15872955322266,4635400
2024-05-08,71.41999816894531,71.47000122070312,71.38999938964844,71.38999938964844,65.00393676757812,6774500
2024-05-09,71.4000015258789,71.62000274658203,71.36000061035156,71.58000183105469,65.17692565917969,4525200
2024-05-10,71.45999908447266,71.4800033569336,71.3499984741211,71.37999725341797,64.99481201171875,5562000
2024-05-13,71.5999984741211,71.5999984741211,71.43000030517578,71.44000244140625,65.0494613647461,5600500
2024-05-14,71.62999725341797,71.69999694824219,71.54000091552734,71.6500015258789,65.24066925048828,4272500
2024-05-15,72.0199966430664,72.16000366210938,71.94000244140625,72.11000061035156,65.65950012207031,4208200
2024-05-16,72.12999725341797,72.16000366210938,71.97000122070312,71.98999786376953,65.55024719238281,4359500
2024-05-17,71.93000030517578,71.98999786376953,71.80000305175781,71.80999755859375,65.38636779785156,4373500
2024-05-20,71.7699966430664,71.80000305175781,71.7300033569336,71.73999786376953,65.32262420654297,3699600
2024-05-21,71.93000030517578,71.93000030517578,71.8499984741211,71.88999938964844,65.4592056274414,4612300
2024-05-22,71.73999786376953,71.87999725341797,71.72000122070312,71.80000305175781,65.37727355957031,4306200
2024-05-23,71.81999969482422,71.8499984741211,71.51000213623047,71.58999633789062,65.18605041503906,3589900
2024-05-24,71.56999969482422,71.69000244140625,71.52999877929688,71.66999816894531,65.25889587402344,4025200
2024-05-28,71.73999786376953,71.73999786376953,71.30999755859375,71.33000183105469,64.94928741455078,4743400
2024-05-29,71.19999694824219,71.20999908447266,70.97000122070312,71.06999969482422,64.71256256103516,4877500
2024-05-30,71.31999969482422,71.41999816894531,71.26000213623047,71.37999725341797,64.99481201171875,3723200
2024-05-31,71.55000305175781,71.68000030517578,71.54000091552734,71.63999938964844,65.23158264160156,4193000
2024-06-03,71.56999969482422,71.83000183105469,71.52999877929688,71.81999969482422,65.59599304199219,4798900
2024-06-04,71.95999908447266,72.13999938964844,71.91000366210938,72.08999633789062,65.84259033203125,5298400
2024-06-05,72.18000030517578,72.30000305175781,72.0,72.29000091552734,66.0252456665039,5506400
2024-06-06,72.16999816894531,72.33000183105469,72.16999816894531,72.30000305175781,66.0344009399414,4119700
2024-06-07,71.83000183105469,71.83000183105469,71.70999908447266,71.72000122070312,65.50464630126953,3826500
2024-06-10,71.62000274658203,71.6500015258789,71.54000091552734,71.61000061035156,65.40419006347656,3925100
2024-06-11,71.68000030517578,71.93000030517578,71.66000366210938,71.9000015258789,65.66903686523438,4073200
2024-06-12,72.41999816894531,72.58000183105469,72.22000122070312,72.2300033569336,65.970458984375,4495700
2024-06-13,72.45999908447266,72.63999938964844,72.38999938964844,72.55000305175781,66.26274108886719,4339600
2024-06-14,72.66000366210938,72.7300033569336,72.5999984741211,72.66000366210938,66.36318969726562,3527000
2024-06-17,72.37000274658203,72.41000366210938,72.29000091552734,72.38999938964844,66.11659240722656,4019000
2024-06-18,72.4800033569336,72.73999786376953,72.47000122070312,72.63999938964844,66.34491729736328,8491900
2024-06-20,72.4000015258789,72.52999877929688,72.3499984741211,72.5,66.21705627441406,4227800
2024-06-21,72.63999938964844,72.68000030517578,72.43000030517578,72.5199966430664,66.23532104492188,4115300
2024-06-24,72.54000091552734,72.58000183105469,72.45999908447266,72.55999755859375,66.27185821533203,31937200
2024-06-25,72.56999969482422,72.61000061035156,72.4800033569336,72.5999984741211,66.30838012695312,5958500
2024-06-26,72.30000305175781,72.31999969482422,72.2300033569336,72.26000213623047,65.99784088134766,5910600
2024-06-27,72.4000015258789,72.45999908447266,72.36000061035156,72.38999938964844,66.11659240722656,5514800
2024-06-28,72.55000305175781,72.55000305175781,72.05000305175781,72.05000305175781,65.80606079101562,4824500
2024-07-01,71.58000183105469,71.76000213623047,71.4000015258789,71.44999694824219,65.45882415771484,4960000
2024-07-02,71.69000244140625,71.73999786376953,71.56999969482422,71.66000366210938,65.65125274658203,6080100
2024-07-03,71.86000061035156,72.0999984741211,71.80999755859375,72.06999969482422,66.02684783935547,4438600
2024-07-05,72.26000213623047,72.44999694824219,72.22000122070312,72.4000015258789,66.32914733886719,4201700
2024-07-08,72.38999938964844,72.44999694824219,72.29000091552734,72.4000015258789,66.32914733886719,4742300
2024-07-09,72.37000274658203,72.41999816894531,72.20999908447266,72.37000274658203,66.30168151855469,8533200
2024-07-10,72.41999816894531,72.47000122070312,72.31999969482422,72.43000030517578,66.35664367675781,5591500
2024-07-11,72.83000183105469,72.94000244140625,72.7699966430664,72.79000091552734,66.68647766113281,4978100
2024-07-12,72.8499984741211,72.9800033569336,72.80000305175781,72.9800033569336,66.86054229736328,4656800
2024-07-15,72.80999755859375,72.91000366210938,72.7300033569336,72.75,66.64982604980469,4557200
2024-07-16,72.81999969482422,73.04000091552734,72.80999755859375,73.02999877929688,66.90633392333984,4636600
2024-07-17,72.94000244140625,73.13999938964844,72.88999938964844,73.0999984741211,66.9704818725586,8365100
2024-07-18,72.9800033569336,73.11000061035156,72.87000274658203,72.91000366210938,66.7964096069336,7673700
2024-07-19,72.98999786376953,72.98999786376953,72.69999694824219,72.72000122070312,66.6223373413086,5593100
2024-07-22,72.83000183105469,72.8499984741211,72.5999984741211,72.69000244140625,66.5948715209961,5055700
2024-07-23,72.7300033569336,72.83000183105469,72.69000244140625,72.69999694824219,66.60401153564453,6981700
2024-07-24,72.79000091552734,72.83999633789062,72.48999786376953,72.48999786376953,66.41162109375,5080200
2024-07-25,72.56999969482422,72.80999755859375,72.56999969482422,72.6500015258789,66.55821990966797,4567700
2024-07-26,72.88999938964844,72.95999908447266,72.83999633789062,72.94000244140625,66.82389831542969,3692700
2024-07-29,73.05000305175781,73.13999938964844,72.95999908447266,73.02999877929688,66.90633392333984,5185000
2024-07-30,73.13999938964844,73.16999816894531,72.97000122070312,73.12000274658203,66.98881530761719,4282400
2024-07-31,73.37999725341797,73.5199966430664,73.19000244140625,73.5199966430664,67.35527801513672,6041400
2024-08-01,73.5,73.68000030517578,73.44000244140625,73.56999969482422,67.60704040527344,8733700
2024-08-02,74.12999725341797,74.44000244140625,74.0,74.41000366210938,68.37899017333984,6476300
2024-08-05,74.79000091552734,74.80000305175781,74.19000244140625,74.33999633789062,68.31464385986328,8354200
2024-08-06,74.26000213623047,74.27999877929688,73.87999725341797,73.87999725341797,67.89193725585938,6484400
2024-08-07,73.80999755859375,73.87999725341797,73.58999633789062,73.69999694824219,67.72651672363281,5907200
2024-08-08,73.5,73.62999725341797,73.47000122070312,73.58999633789062,67.62544250488281,4357500
2024-08-09,73.9000015258789,73.94000244140625,73.80999755859375,73.8499984741211,67.86436462402344,6093100
2024-08-12,73.80999755859375,74.0199966430664,73.73999786376953,73.9800033569336,67.98381042480469,4822900
2024-08-13,74.19000244140625,74.2699966430664,74.13999938964844,74.26000213623047,68.24113464355469,4049000
2024-08-14,74.30999755859375,74.4800033569336,74.26000213623047,74.4000015258789,68.36978149414062,6333600
2024-08-15,73.95999908447266,74.08999633789062,73.91000366210938,74.08999633789062,68.08490753173828,5108300
2024-08-16,74.22000122070312,74.25,74.05000305175781,74.25,68.23194122314453,4647700
2024-08-19,74.23999786376953,74.41999816894531,74.20999908447266,74.33999633789062,68.31464385986328,4964700
2024-08-20,74.48999786376953,74.58000183105469,74.41000366210938,74.55999755859375,68.51680755615234,4444000
2024-08-21,74.6500015258789,74.83999633789062,74.5,74.72000122070312,68.66385650634766,4541800
2024-08-22,74.55999755859375,74.58000183105469,74.33000183105469,74.41999816894531,68.3881607055664,3999700
2024-08-23,74.58000183105469,74.77999877929688,74.4800033569336,74.75,68.69142150878906,4292000
2024-08-26,74.8499984741211,74.8499984741211,74.66999816894531,74.66999816894531,68.61788177490234,4427200
2024-08-27,74.51000213623047,74.69999694824219,74.48999786376953,74.66999816894531,68.61788177490234,3715900
2024-08-28,74.66999816894531,74.7300033569336,74.5999984741211,74.62000274658203,68.57194519042969,5179900
2024-08-29,74.51000213623047,74.55999755859375,74.41999816894531,74.51000213623047,68.47086334228516,3840800
2024-08-30,74.55000305175781,74.63999938964844,74.31999969482422,74.36000061035156,68.33302307128906,5037400
2024-09-03,74.41000366210938,74.55999755859375,74.33000183105469,74.44999694824219,68.6242904663086,6220100
2024-09-04,74.48999786376953,74.80999755859375,74.47000122070312,74.77999877929688,68.928466796875,7338600
2024-09-05,74.93000030517578,74.98999786376953,74.7300033569336,74.95999908447266,69.09440612792969,9994300
2024-09-06,75.0,75.36000061035156,74.87000274658203,75.05000305175781,69.17733764648438,22536000
2024-09-09,75.02999877929688,75.20999908447266,74.94000244140625,75.1500015258789,69.2695083618164,5040900
2024-09-10,75.18000030517578,75.41999816894531,75.13999938964844,75.4000015258789,69.49996948242188,5653900
2024-09-11,75.27999877929688,75.51000213623047,75.2300033569336,75.36000061035156,69.46308898925781,6471000
2024-09-12,75.33000183105469,75.38999938964844,75.19000244140625,75.27999877929688,69.38934326171875,5685400
2024-09-13,75.45999908447266,75.5199966430664,75.36000061035156,75.44000244140625,69.5368423461914,4786700
2024-09-16,75.5,75.66999816894531,75.44000244140625,75.63999938964844,69.72120666503906,4734900
2024-09-17,75.63999938964844,75.66000366210938,75.5,75.54000091552734,69.62901306152344,5398400
2024-09-18,75.41999816894531,75.66999816894531,75.30000305175781,75.30999755859375,69.4169921875,5695700
2024-09-19,75.22000122070312,75.3499984741211,75.16999816894531,75.30999755859375,69.4169921875,5135600
2024-09-20,75.22000122070312,75.38999938964844,75.13999938964844,75.30000305175781,69.40778350830078,4265000
2024-09-23,75.18000030517578,75.36000061035156,75.05000305175781,75.25,69.36170959472656,6632500
2024-09-24,75.12000274658203,75.37000274658203,75.06999969482422,75.33999633789062,69.44464874267578,5017900
2024-09-25,75.2300033569336,75.2300033569336,75.05999755859375,75.05999755859375,69.18656921386719,4793100
2024-09-26,75.13999938964844,75.16999816894531,74.91999816894531,75.05999755859375,69.18656921386719,4919700
2024-09-27,75.2300033569336,75.33000183105469,75.1500015258789,75.27999877929688,69.38934326171875,3927900
2024-09-30,75.25,75.26000213623047,75.02999877929688,75.11000061035156,69.23265075683594,5661900
2024-10-01,75.12999725341797,75.26000213623047,75.05000305175781,75.11000061035156,69.4369888305664,6267100
2024-10-02,74.8499984741211,75.0,74.7699966430664,74.97000122070312,69.30753326416016,6902500
2024-10-03,74.83000183105469,74.8499984741211,74.63999938964844,74.63999938964844,69.00247192382812,7733800
2024-10-04,74.16999816894531,74.30000305175781,74.11000061035156,74.1500015258789,68.5494613647461,5218300
2024-10-07,73.94000244140625,74.0199966430664,73.88999938964844,73.93000030517578,68.34608459472656,7044200
2024-10-08,73.87999725341797,74.04000091552734,73.81999969482422,74.04000091552734,68.44776916503906,8642400
2024-10-09,73.94000244140625,73.94000244140625,73.80000305175781,73.83999633789062,68.26286315917969,4997800
2024-10-10,73.79000091552734,73.8499984741211,73.62000274658203,73.80999755859375,68.23514556884766,4579000
2024-10-11,73.83000183105469,73.91999816894531,73.7300033569336,73.81999969482422,68.24439239501953,8508000
2024-10-14,73.5999984741211,73.7699966430664,73.58000183105469,73.7699966430664,68.19817352294922,3380100
2024-10-15,73.98999786376953,74.08999633789062,73.8499984741211,74.05999755859375,68.46625518798828,4456200
2024-10-16,74.13999938964844,74.23999786376953,74.11000061035156,74.16000366210938,68.55870819091797,7437800
2024-10-17,73.98999786376953,73.98999786376953,73.76000213623047,73.80000305175781,68.22592163085938,4250400
2024-10-18,73.9000015258789,73.9800033569336,73.83999633789062,73.83999633789062,68.26286315917969,3930300
2024-10-21,73.6500015258789,73.6500015258789,73.31999969482422,73.33999633789062,67.80064392089844,5259900
2024-10-22,73.44999694824219,73.48999786376953,73.27999877929688,73.37000274658203,67.828369140625,4633000
2024-10-23,73.36000061035156,73.37000274658203,73.08000183105469,73.19000244140625,67.66197967529297,6429400
2024-10-24,73.27999877929688,73.44000244140625,73.16999816894531,73.30999755859375,67.77291107177734,6219500
2024-10-25,73.4800033569336,73.4800033569336,73.12999725341797,73.16000366210938,67.63426208496094,4641400
2024-10-28,73.23999786376953,73.27999877929688,72.94999694824219,73.06999969482422,67.55104064941406,4582800
2024-10-29,72.9000015258789,73.13999938964844,72.79000091552734,73.12999725341797,67.60650634765625,5543800
2024-10-30,73.2699966430664,73.43000030517578,73.0199966430664,73.05999755859375,67.54179382324219,4610300
2024-10-31,72.94999694824219,73.16000366210938,72.83000183105469,73.05000305175781,67.53255462646484,6115700
2024-11-01,73.04000091552734,73.08000183105469,72.51000213623047,72.54000091552734,67.27104187011719,6409800
2024-11-04,72.81999969482422,73.01000213623047,72.69999694824219,72.83000183105469,67.53997802734375,6860100
2024-11-05,72.5999984741211,73.02999877929688,72.5999984741211,73.01000213623047,67.7068862915039,6236900
2024-11-06,72.26000213623047,72.58999633789062,72.2300033569336,72.41000366210938,67.15047454833984,6382500
2024-11-07,72.5,73.02999877929688,72.5,72.94999694824219,67.65125274658203,6590200
2024-11-08,72.95999908447266,73.23999786376953,72.95999908447266,73.08999633789062,67.78108978271484,5398500
2024-11-11,73.0,73.0,72.8499984741211,72.94999694824219,67.65125274658203,4372000
2024-11-12,72.73999786376953,72.81999969482422,72.45999908447266,72.51000213623047,67.24320220947266,7197800
2024-11-13,72.91999816894531,72.91999816894531,72.41000366210938,72.4800033569336,67.21539306640625,5458100
2024-11-14,72.5999984741211,72.72000122070312,72.41000366210938,72.45999908447266,67.19683074951172,6643300
2024-11-15,72.33999633789062,72.66000366210938,72.19999694824219,72.4800033569336,67.21539306640625,18467300
2024-11-18,72.4000015258789,72.61000061035156,72.33000183105469,72.55000305175781,67.28031921386719,4964800
2024-11-19,72.76000213623047,72.77999877929688,72.66000366210938,72.68000030517578,67.4008560180664,4900500
2024-11-20,72.51000213623047,72.69000244140625,72.5,72.5999984741211,67.32666778564453,6557800
2024-11-21,72.5999984741211,72.73999786376953,72.5,72.55999755859375,67.28958129882812,5115500
2024-11-22,72.62000274658203,72.66999816894531,72.5199966430664,72.58999633789062,67.31742095947266,10409500
2024-11-25,73.01000213623047,73.2699966430664,73.01000213623047,73.26000213623047,67.93873596191406,10207100
2024-11-26,73.18000030517578,73.18000030517578,72.94000244140625,73.12999725341797,67.81817626953125,5537900
2024-11-27,73.20999908447266,73.41999816894531,73.20999908447266,73.33000183105469,68.00363159179688,5366600
2024-11-29,73.5,73.62999725341797,73.5,73.5999984741211,68.25403594970703,3870800
2024-12-02,73.29000091552734,73.4800033569336,73.16999816894531,73.41999816894531,68.29400634765625,6212800
2024-12-03,73.52999877929688,73.55000305175781,73.19999694824219,73.25,68.13590240478516,6249200
2024-12-04,73.19999694824219,73.55000305175781,73.08999633789062,73.5,68.36844635009766,6769700
2024-12-05,73.37999725341797,73.55999755859375,73.3499984741211,73.51000213623047,68.37776947021484,6146200
2024-12-06,73.7300033569336,73.79000091552734,73.56999969482422,73.70999908447266,68.56377410888672,4880500
2024-12-09,73.6500015258789,73.6500015258789,73.47000122070312,73.48999786376953,68.35913848876953,5432900
2024-12-10,73.37999725341797,73.47000122070312,73.31999969482422,73.41000366210938,68.28472900390625,5751900
2024-12-11,73.58999633789062,73.58999633789062,73.22000122070312,73.25,68.13590240478516,4642900
2024-12-12,73.01000213623047,73.20999908447266,72.93000030517578,72.95999908447266,67.86615753173828,6880600
2024-12-13,72.91000366210938,72.91000366210938,72.63999938964844,72.66999816894531,67.59640502929688,5171400
2024-12-16,72.75,72.88999938964844,72.6500015258789,72.75,67.67080688476562,7871100
2024-12-17,72.73999786376953,72.83999633789062,72.70999908447266,72.76000213623047,67.68012237548828,6084800
2024-12-18,72.76000213623047,72.81999969482422,72.18000030517578,72.19000244140625,67.14991760253906,7962700
2024-12-19,72.04000091552734,72.12000274658203,71.87999725341797,71.98999786376953,66.9638671875,7669100
2024-12-20,72.30000305175781,72.41000366210938,72.19000244140625,72.20999908447266,67.16851043701172,6696400
2024-12-23,72.12999725341797,72.20999908447266,71.94000244140625,71.9800033569336,66.9545669555664,7605400
2024-12-24,71.6500015258789,71.8499984741211,71.62000274658203,71.8499984741211,67.05068969726562,4185300
2024-12-26,71.62999725341797,71.91999816894531,71.62999725341797,71.9000015258789,67.09734344482422,8714400
2024-12-27,71.88999938964844,71.93000030517578,71.73999786376953,71.75,66.95736694335938,9018700
2024-12-30,71.9000015258789,72.08000183105469,71.9000015258789,72.02999877929688,67.21868133544922,8054500
2024-12-31,72.08999633789062,72.16999816894531,71.87999725341797,71.91000366210938,67.10668182373047,8724200
2025-01-02,72.19000244140625,72.19000244140625,71.8499984741211,71.94000244140625,67.13468170166016,8053300
2025-01-03,71.97000122070312,72.05999755859375,71.83000183105469,71.8499984741211,67.05068969726562,6857000
2025-01-06,71.77999877929688,71.87999725341797,71.69999694824219,71.77999877929688,66.98536682128906,5375700
2025-01-07,71.72000122070312,71.7699966430664,71.44000244140625,71.52999877929688,66.7520751953125,7875900
2025-01-08,71.4800033569336,71.66000366210938,71.44999694824219,71.61000061035156,66.82672119140625,5844300
2025-01-10,71.73999786376953,71.73999786376953,71.18000030517578,71.23999786376953,66.48143768310547,9602400
2025-01-13,71.23999786376953,71.25,71.0999984741211,71.16999816894531,66.4161148071289,11856300
2025-01-14,71.1500015258789,71.25,71.11000061035156,71.22000122070312,66.4627685546875,5166000
2025-01-15,71.5999984741211,71.87999725341797,71.5999984741211,71.79000091552734,66.99469757080078,5867900
2025-01-16,71.69999694824219,72.02999877929688,71.63999938964844,71.93000030517578,67.1253433227539,8494100
2025-01-17,72.0999984741211,72.0999984741211,71.91000366210938,71.94999694824219,67.14401245117188,5600200
2025-01-21,72.20999908447266,72.20999908447266,72.06999969482422,72.16000366210938,67.33998107910156,8491600
2025-01-22,72.1500015258789,72.19999694824219,71.97000122070312,72.01000213623047,67.19999694824219,6616600
2025-01-23,72.0,72.0,71.80000305175781,71.9000015258789,67.09734344482422,7529700
2025-01-24,72.0,72.08999633789062,71.87000274658203,72.04000091552734,67.22798919677734,5555700
2025-01-27,72.33999633789062,72.44000244140625,72.26000213623047,72.41999816894531,67.58261108398438,8621200
2025-01-28,72.38999938964844,72.38999938964844,72.20999908447266,72.37999725341797,67.54527282714844,4424300
2025-01-29,72.43000030517578,72.48999786376953,72.16999816894531,72.33999633789062,67.50796508789062,5780200
2025-01-30,72.45999908447266,72.52999877929688,72.37999725341797,72.44000244140625,67.60128784179688,5622300
2025-01-31,72.4800033569336,72.54000091552734,72.19999694824219,72.33999633789062,67.50796508789062,6738300
2025-02-03,72.2300033569336,72.43000030517578,72.05999755859375,72.16999816894531,67.5688247680664,7163800
2025-02-04,72.04000091552734,72.29000091552734,71.97000122070312,72.2699966430664,67.66242980957031,7296200
2025-02-05,72.5199966430664,72.76000213623047,72.5,72.63999938964844,68.00885772705078,8981700
2025-02-06,72.55999755859375,72.6500015258789,72.4800033569336,72.55999755859375,67.93395233154297,5722100
2025-02-07,72.38999938964844,72.44000244140625,72.2699966430664,72.33999633789062,67.72798156738281,6415300
2025-02-10,72.44999694824219,72.51000213623047,72.31999969482422,72.36000061035156,67.7467041015625,5439200
2025-02-11,72.30999755859375,72.30999755859375,72.18000030517578,72.23999786376953,67.63436126708984,6870800
2025-02-12,71.93000030517578,71.98999786376953,71.75,71.87000274658203,67.2879409790039,5279600
2025-02-13,72.16000366210938,72.37000274658203,72.06999969482422,72.30000305175781,67.69053649902344,6452900
2025-02-14,72.45999908447266,72.68000030517578,72.45999908447266,72.52999877929688,67.90587615966797,6131500
2025-02-18,72.3499984741211,72.44999694824219,72.25,72.26000213623047,67.65309143066406,7151700
2025-02-19,72.29000091552734,72.38999938964844,72.20999908447266,72.36000061035156,67.7467041015625,4720700
2025-02-20,72.45999908447266,72.5,72.41999816894531,72.44999694824219,67.83096313476562,6199000
2025-02-21,72.54000091552734,72.86000061035156,72.52999877929688,72.7699966430664,68.13055419921875,4460600
2025-02-24,72.69999694824219,72.91999816894531,72.69000244140625,72.87000274658203,68.22418212890625,5580100
2025-02-25,73.11000061035156,73.33000183105469,73.05000305175781,73.33000183105469,68.65484619140625,4835300
2025-02-26,73.30999755859375,73.4800033569336,73.20999908447266,73.44000244140625,68.75784301757812,5825400
2025-02-27,73.30999755859375,73.41999816894531,73.22000122070312,73.3499984741211,68.67359161376953,14908500
2025-02-28,73.5199966430664,73.69000244140625,73.41000366210938,73.66000366210938,68.9638442993164,8363500
2025-03-03,73.25,73.62999725341797,73.22000122070312,73.61000061035156,69.12252044677734,7549300
2025-03-04,73.61000061035156,73.75,73.31999969482422,73.4000015258789,68.92533111572266,7693100
2025-03-05,73.30000305175781,73.5199966430664,73.12999725341797,73.13999938964844,68.68116760253906,7758400
2025-03-06,73.11000061035156,73.19999694824219,72.9000015258789,73.08000183105469,68.62482452392578,7196400
2025-03-07,73.33000183105469,73.37000274658203,72.94999694824219,73.0,68.5497055053711,5036100
2025-03-10,73.30000305175781,73.47000122070312,73.2699966430664,73.33999633789062,68.86897277832031,8167000
2025-03-11,73.19999694824219,73.43000030517578,73.04000091552734,73.05999755859375,68.60607147216797,8359200
2025-03-12,72.91000366210938,73.05999755859375,72.88999938964844,72.91000366210938,68.46521759033203,6193000
2025-03-13,72.91999816894531,73.1500015258789,72.7699966430664,73.12999725341797,68.67176818847656,4711400
2025-03-14,73.0199966430664,73.06999969482422,72.94000244140625,72.94999694824219,68.50274658203125,5094900
2025-03-17,73.12999725341797,73.23999786376953,73.01000213623047,73.05000305175781,68.5966796875,4772900
2025-03-18,72.9800033569336,73.22000122070312,72.97000122070312,73.12999725341797,68.67176818847656,4196100
2025-03-19,73.06999969482422,73.37999725341797,73.0,73.3499984741211,68.87835693359375,4201600
2025-03-20,73.6500015258789,73.66999816894531,73.3499984741211,73.37999725341797,68.90653991699219,3760700
2025-03-21,73.44000244140625,73.5199966430664,73.30000305175781,73.31999969482422,68.85020446777344,7078500
2025-03-24,73.19000244140625,73.22000122070312,72.9800033569336,73.0,68.5497055053711,5637000
2025-03-25,73.0,73.16999816894531,72.98999786376953,73.08999633789062,68.63422393798828,6133700
2025-03-26,73.0199966430664,73.05999755859375,72.88999938964844,72.93000030517578,68.4839859008789,4856900
2025-03-27,72.87999725341797,72.91999816894531,72.81999969482422,72.9000015258789,68.455810546875,5567900
2025-03-28,73.16000366210938,73.3499984741211,73.06999969482422,73.31999969482422,68.85020446777344,4850500
2025-03-31,73.5,73.55999755859375,73.2699966430664,73.44999694824219,68.9722671508789,7106000
2025-04-01,73.22000122070312,73.58000183105469,73.20999908447266,73.44000244140625,69.18897247314453,4667900
2025-04-02,73.61000061035156,73.62000274658203,73.18000030517578,73.37999725341797,69.13243103027344,5313100
2025-04-03,73.76000213623047,74.0,73.62000274658203,73.76000213623047,69.49044036865234,7426200
2025-04-04,74.19999694824219,74.33999633789062,73.70999908447266,73.81999969482422,69.54698181152344,12678000
2025-04-07,73.6500015258789,73.69000244140625,72.8499984741211,72.93000030517578,68.7084732055664,14283000
2025-04-08,72.91999816894531,73.05000305175781,72.45999908447266,72.51000213623047,68.31278991699219,12629200
2025-04-09,71.48999786376953,72.69999694824219,71.4800033569336,72.68000030517578,68.47295379638672,20862000
2025-04-10,72.41999816894531,72.61000061035156,72.05999755859375,72.0999984741211,67.92654418945312,8058500
2025-04-11,71.69000244140625,72.1500015258789,71.41000366210938,72.0199966430664,67.85115051269531,7260400
2025-04-14,72.22000122070312,72.52999877929688,72.19999694824219,72.43000030517578,68.23741912841797,5409300
2025-04-15,72.36000061035156,72.73999786376953,72.3499984741211,72.61000061035156,68.40699768066406,5667500
2025-04-16,72.66000366210938,72.8499984741211,72.51000213623047,72.80999755859375,68.59542083740234,33963000
2025-04-17,72.79000091552734,72.83000183105469,72.5999984741211,72.6500015258789,68.4446792602539,7613800
2025-04-21,72.48999786376953,72.63999938964844,72.25,72.25,68.06784057617188,6092900
2025-04-22,72.48999786376953,72.52999877929688,72.37000274658203,72.37999725341797,68.1903076171875,5408200
2025-04-23,72.81999969482422,73.12999725341797,72.5,72.52999877929688,68.33162689208984,5283000
2025-04-24,72.80000305175781,72.94999694824219,72.75,72.94000244140625,68.71791076660156,3751500
2025-04-25,73.08999633789062,73.19000244140625,73.01000213623047,73.18000030517578,68.94400787353516,4021800
2025-04-28,73.0999984741211,73.38999938964844,73.08999633789062,73.36000061035156,69.11358642578125,4685400
2025-04-29,73.29000091552734,73.55999755859375,73.27999877929688,73.55000305175781,69.29258728027344,3790700
2025-04-30,73.5,73.58000183105469,73.37000274658203,73.5,69.2454833984375,8020700
2025-05-01,73.33999633789062,73.37000274658203,72.94999694824219,73.05999755859375,69.05268096923828,6295400
2025-05-02,72.70999908447266,72.8499984741211,72.61000061035156,72.69999694824219,68.71241760253906,6960800
2025-05-05,72.62999725341797,72.69000244140625,72.4800033569336,72.5999984741211,68.61791229248047,7575000
2025-05-06,72.55999755859375,72.7699966430664,72.5,72.76000213623047,68.7691421508789,6994000
2025-05-07,72.80000305175781,72.97000122070312,72.79000091552734,72.9000015258789,68.9014663696289,4357400
2025-05-08,72.86000061035156,72.91999816894531,72.51000213623047,72.51000213623047,68.53285217285156,4283200
2025-05-09,72.61000061035156,72.73999786376953,72.55999755859375,72.56999969482422,68.58954620361328,3730700
2025-05-12,72.30000305175781,72.44999694824219,72.30000305175781,72.31999969482422,68.35326385498047,6982800
2025-05-13,72.30000305175781,72.43000030517578,72.19999694824219,72.29000091552734,68.32490539550781,5610300
2025-05-14,72.23999786376953,72.29000091552734,72.01000213623047,72.04000091552734,68.08863067626953,6426700
2025-05-15,72.25,72.44999694824219,72.16999816894531,72.43000030517578,68.45722198486328,5659000
2025-05-16,72.62000274658203,72.68000030517578,72.44999694824219,72.4800033569336,68.5044937133789,5310000
2025-05-19,72.16999816894531,72.4800033569336,72.05999755859375,72.45999908447266,68.485595703125,5787700
2025-05-20,72.30000305175781,72.38999938964844,72.19999694824219,72.33000183105469,68.36272430419922,5810300
2025-05-21,72.1500015258789,72.19999694824219,71.80000305175781,71.87999725341797,67.93739318847656,10880400
2025-05-22,71.87000274658203,72.08999633789062,71.76000213623047,72.08000183105469,68.12642669677734,7067200
2025-05-23,72.2699966430664,72.29000091552734,72.08999633789062,72.19000244140625,68.23041534423828,4272600
2025-05-27,72.37000274658203,72.5999984741211,72.31999969482422,72.52999877929688,68.55175018310547,6148800
2025-05-28,72.41000366210938,72.45999908447266,72.29000091552734,72.37000274658203,68.40052795410156,5214700
2025-05-29,72.4800033569336,72.69999694824219,72.4800033569336,72.62999725341797,68.6462631225586,4685800
2025-05-30,72.62999725341797,72.77999877929688,72.54000091552734,72.7699966430664,68.77857971191406,5995600
2025-06-02,72.3499984741211,72.52999877929688,72.23999786376953,72.37000274658203,68.62687683105469,6888000
2025-06-03,72.44000244140625,72.5,72.26000213623047,72.29000091552734,68.5510025024414,7436800
2025-06-04,72.54000091552734,72.80999755859375,72.51000213623047,72.73999786376953,68.97772216796875,8343000
2025-06-05,72.76000213623047,72.83000183105469,72.58000183105469,72.5999984741211,68.84497833251953,6620600
2025-06-06,72.37000274658203,72.48999786376953,72.19000244140625,72.20999908447266,68.47512817382812,14677200
2025-06-09,72.19999694824219,72.38999938964844,72.19999694824219,72.31999969482422,68.57945251464844,10147300
2025-06-10,72.51000213623047,72.55999755859375,72.37999725341797,72.45999908447266,68.71220397949219,9257000
2025-06-11,72.58999633789062,72.72000122070312,72.5199966430664,72.69000244140625,68.9302978515625,8034900
2025-06-12,72.9000015258789,72.97000122070312,72.81999969482422,72.95999908447266,69.18634033203125,5950100
2025-06-13,72.80999755859375,72.8499984741211,72.55000305175781,72.69999694824219,68.9397964477539,5656200
2025-06-16,72.6500015258789,72.79000091552734,72.55000305175781,72.55999755859375,68.8070297241211,6415500
2025-06-17,72.69000244140625,72.81999969482422,72.5999984741211,72.79000091552734,69.02516174316406,5123400
2025-06-18,72.87000274658203,73.0199966430664,72.76000213623047,72.83000183105469,69.06307220458984,5176900
2025-06-20,72.70999908447266,72.95999908447266,72.66999816894531,72.87999725341797,69.11048126220703,5396600
2025-06-23,73.05000305175781,73.22000122070312,72.9800033569336,73.05999755859375,69.28116607666016,5391900
2025-06-24,72.98999786376953,73.31999969482422,72.98999786376953,73.27999877929688,69.48979187011719,8789700
2025-06-25,73.19000244140625,73.30999755859375,73.0999984741211,73.30000305175781,69.50875854492188,5346300
2025-06-26,73.37000274658203,73.5199966430664,73.30000305175781,73.51000213623047,69.7079086303711,5373300
2025-06-27,73.37999725341797,73.55000305175781,73.31999969482422,73.33999633789062,69.54669189453125,6928700
2025-06-30,73.51000213623047,73.66999816894531,73.44999694824219,73.62999725341797,69.82170867919922,6986700
2025-07-01,73.38999938964844,73.44999694824219,73.2300033569336,73.33999633789062,69.76937103271484,6286300
2025-07-02,73.16999816894531,73.26000213623047,73.13999938964844,73.26000213623047,69.6932601928711,6342300
2025-07-03,73.12999725341797,73.16999816894531,73.04000091552734,73.08000183105469,69.52203369140625,6428400
2025-07-07,72.95999908447266,73.0199966430664,72.79000091552734,72.83999633789062,69.293701171875,8191000
2025-07-08,72.73999786376953,72.80000305175781,72.69999694824219,72.80000305175781,69.25567626953125,5934200
2025-07-09,72.88999938964844,73.0999984741211,72.88999938964844,73.08999633789062,69.53154754638672,6720200
2025-07-10,73.08000183105469,73.11000061035156,72.97000122070312,73.0999984741211,69.54105377197266,6650900
2025-07-11,72.88999938964844,72.9000015258789,72.7699966430664,72.80000305175781,69.25567626953125,4962400
2025-07-14,72.7699966430664,72.86000061035156,72.69999694824219,72.79000091552734,69.24617004394531,5624700
2025-07-15,72.87999725341797,72.87999725341797,72.55000305175781,72.56999969482422,69.03684997558594,5908400
2025-07-16,72.69999694824219,72.77999877929688,72.5199966430664,72.70999908447266,69.17003631591797,7874900
2025-07-17,72.72000122070312,72.81999969482422,72.68000030517578,72.7300033569336,69.18907165527344,6857300
2025-07-18,72.87999725341797,72.9000015258789,72.80999755859375,72.8499984741211,69.30322265625,5206800
2025-07-21,73.0999984741211,73.18000030517578,73.04000091552734,73.05999755859375,69.50299835205078,5338500
2025-07-22,73.0999984741211,73.23999786376953,73.08000183105469,73.18000030517578,69.61714935302734,5507300
2025-07-23,73.08000183105469,73.12000274658203,73.0,73.02999877929688,69.47445678710938,5269400
2025-07-24,72.83999633789062,73.04000091552734,72.81999969482422,72.94000244140625,69.38884735107422,6139200
2025-07-25,72.94999694824219,73.12000274658203,72.93000030517578,73.12000274658203,69.5600814819336,4845900
2025-07-28,73.0199966430664,73.05000305175781,72.95999908447266,73.0,69.44593048095703,5806600
2025-07-29,73.08000183105469,73.38999938964844,73.08000183105469,73.37999725341797,69.80742645263672,7397900
2025-07-30,73.19000244140625,73.3499984741211,73.12999725341797,73.19000244140625,69.62667083740234,5554600
2025-07-31,73.3499984741211,73.36000061035156,73.18000030517578,73.19999694824219,69.63617706298828,6463200
2025-08-01,73.5,73.61000061035156,73.37999725341797,73.58999633789062,70.23941802978516,10782300
2025-08-04,73.62999725341797,73.6500015258789,73.5,73.63999938964844,70.2871322631836,6834400
2025-08-05,73.55999755859375,73.69999694824219,73.54000091552734,73.66999816894531,70.31576538085938,8145300
2025-08-06,73.56999969482422,73.6500015258789,73.33999633789062,73.61000061035156,70.25850677490234,8082200
2025-08-07,73.69999694824219,73.69999694824219,73.52999877929688,73.58000183105469,70.22987365722656,4193100
2025-08-08,73.5,73.51000213623047,73.4000015258789,73.41999816894531,70.07715606689453,5566300
2025-08-11,73.48999786376953,73.55000305175781,73.44000244140625,73.47000122070312,70.1248779296875,8668100
2025-08-12,73.38999938964844,73.4800033569336,73.33000183105469,73.4800033569336,70.13441467285156,5493400
2025-08-13,73.69000244140625,73.77999877929688,73.66999816894531,73.75,70.39212036132812,6208900
2025-08-14,73.75,73.75,73.48999786376953,73.54000091552734,70.19169616699219,6818100
2025-08-15,73.52999877929688,73.58999633789062,73.38999938964844,73.44000244140625,70.09623718261719,4309100
2025-08-18,73.47000122070312,73.63999938964844,73.30999755859375,73.36000061035156,70.01988983154297,6941600
2025-08-19,73.44000244140625,73.51000213623047,73.44000244140625,73.5,70.15351867675781,5098500
2025-08-20,73.48999786376953,73.5999984741211,73.45999908447266,73.55000305175781,70.20122528076172,5512500
2025-08-21,73.44000244140625,73.47000122070312,73.29000091552734,73.37000274658203,70.0294418334961,5695500
2025-08-22,73.5,73.80999755859375,73.4800033569336,73.73999786376953,70.38259887695312,5828700
2025-08-25,73.62999725341797,73.72000122070312,73.58999633789062,73.63999938964844,70.2871322631836,5361700
2025-08-26,73.6500015258789,73.76000213623047,73.58999633789062,73.7300033569336,70.373046875,4648300
2025-08-27,73.66000366210938,73.80999755859375,73.58999633789062,73.80000305175781,70.43985748291016,6053900
2025-08-28,73.79000091552734,73.91999816894531,73.76000213623047,73.88999938964844,70.5257568359375,5857300
2025-08-29,73.81999969482422,73.87000274658203,73.76000213623047,73.80000305175781,70.43985748291016,7736300
2025-09-02,73.33999633789062,73.43000030517578,73.30999755859375,73.4000015258789,70.28951263427734,6222400
2025-09-03,73.44999694824219,73.72000122070312,73.44000244140625,73.63999938964844,70.51934814453125,6005100
2025-09-04,73.80000305175781,73.93000030517578,73.72000122070312,73.91999816894531,70.78746795654297,8842600
2025-09-05,74.29000091552734,74.37000274658203,74.25,74.2699966430664,71.12262725830078,6321800
2025-09-08,74.43000030517578,74.5199966430664,74.41000366210938,74.51000213623047,71.35247039794922,6414400
2025-09-09,74.47000122070312,74.5199966430664,74.30000305175781,74.37000274658203,71.21842193603516,6613200
2025-09-10,74.48999786376953,74.62000274658203,74.44000244140625,74.5,71.34288024902344,5680700
2025-09-11,74.56999969482422,74.76000213623047,74.56999969482422,74.66000366210938,71.4961166381836,6437200
2025-09-12,74.54000091552734,74.58000183105469,74.43000030517578,74.56999969482422,71.40992736816406,5493000
2025-09-15,74.66000366210938,74.7300033569336,74.6500015258789,74.70999908447266,71.54399871826172,7193600
2025-09-16,74.70999908447266,74.7699966430664,74.6500015258789,74.72000122070312,71.55358123779297,7012200
2025-09-17,74.80000305175781,74.91999816894531,74.52999877929688,74.58999633789062,71.42906188964844,8872000
2025-09-18,74.38999938964844,74.4800033569336,74.29000091552734,74.4000015258789,71.24711608886719,7641400
2025-09-19,74.41000366210938,74.44999694824219,74.33999633789062,74.43000030517578,71.2758560180664,5295700
2025-09-22,74.38999938964844,74.41000366210938,74.2699966430664,74.29000091552734,71.14177703857422,7813900
2025-09-23,74.37000274658203,74.44999694824219,74.30999755859375,74.44000244140625,71.28544616699219,6492000
2025-09-24,74.37000274658203,74.37999725341797,74.26000213623047,74.29000091552734,71.14177703857422,5158400
2025-09-25,74.19000244140625,74.22000122070312,74.06999969482422,74.20999908447266,71.065185546875,7402700
2025-09-26,74.22000122070312,74.33000183105469,74.1500015258789,74.20999908447266,71.065185546875,5531400
2025-09-29,74.30999755859375,74.44000244140625,74.29000091552734,74.4000015258789,71.24711608886719,5534500
2025-09-30,74.43000030517578,74.54000091552734,74.33999633789062,74.37000274658203,71.21842193603516,8840700
2025-10-01,74.31999969482422,74.36000061035156,74.20999908447266,74.31999969482422,71.39806365966797,8762900
2025-10-02,74.29000091552734,74.41999816894531,74.25,74.4000015258789,71.47489166259766,7155600
2025-10-03,74.41999816894531,74.44999694824219,74.29000091552734,74.30999755859375,71.38843536376953,8372400
2025-10-06,74.16999816894531,74.27999877929688,74.12999725341797,74.13999938964844,71.22512817382812,8688800
2025-10-07,74.22000122070312,74.3499984741211,74.19000244140625,74.27999877929688,71.359619140625,7229500
2025-10-08,74.4000015258789,74.41000366210938,74.26000213623047,74.27999877929688,71.359619140625,6298400
2025-10-09,74.23999786376953,74.26000213623047,74.18000030517578,74.2300033569336,71.31159210205078,9071000
2025-10-10,74.43000030517578,74.58000183105469,74.36000061035156,74.5199966430664,71.59019470214844,7202600
2025-10-13,74.54000091552734,74.63999938964844,74.44999694824219,74.63999938964844,71.7054672241211,4358400
2025-10-14,74.62999725341797,74.77999877929688,74.56999969482422,74.75,71.81114959716797,6550100
2025-10-15,74.7699966430664,74.87000274658203,74.66000366210938,74.69999694824219,71.76309967041016,6264800
2025-10-16,74.66999816894531,75.0,74.66999816894531,74.9800033569336,72.03211212158203,8485100
2025-10-17,74.91000366210938,74.91999816894531,74.80999755859375,74.87999725341797,71.93601989746094,20337500
2025-10-20,74.94999694824219,74.98999786376953,74.91000366210938,74.9800033569336,72.03211212158203,6287200
2025-10-21,75.0999984741211,75.1500015258789,75.05000305175781,75.06999969482422,72.11856842041016,6179900
2025-10-22,75.02999877929688,75.08000183105469,74.97000122070312,75.06999969482422,72.11856842041016,7164500
2025-10-23,74.98999786376953,75.0199966430664,74.9000015258789,74.91999816894531,71.97445678710938,6041700
2025-10-24,75.04000091552734,75.05000305175781,74.91000366210938,75.0199966430664,72.07051849365234,6912300
2025-10-27,74.95999908447266,75.05999755859375,74.88999938964844,75.05999755859375,72.10896301269531,7706600
2025-10-28,75.04000091552734,75.12000274658203,75.01000213623047,75.0999984741211,72.14736938476562,7399700
2025-10-29,75.06999969482422,75.08000183105469,74.70999908447266,74.7300033569336,71.79191589355469,8938700
2025-10-30,74.51000213623047,74.72000122070312,74.5,74.5999984741211,71.66703796386719,7109500
2025-10-31,74.66000366210938,74.68000030517578,74.54000091552734,74.58000183105469,71.64783477783203,7106700
2025-11-03,74.23999786376953,74.29000091552734,74.16999816894531,74.25,71.56494903564453,7085100
2025-11-04,74.26000213623047,74.37000274658203,74.23999786376953,74.29000091552734,71.60348510742188,11476200
2025-11-05,74.23999786376953,74.26000213623047,74.04000091552734,74.08000183105469,71.40109252929688,10862500
2025-11-06,74.30000305175781,74.4000015258789,74.27999877929688,74.37000274658203,71.68060302734375,6461200
2025-11-07,74.26000213623047,74.43000030517578,74.26000213623047,74.33000183105469,71.64203643798828,7073200
2025-11-10,74.31999969482422,74.37000274658203,74.27999877929688,74.30999755859375,71.62275695800781,7235100
2025-11-11,74.45999908447266,74.52999877929688,74.41999816894531,74.5199966430664,71.8251724243164,5229400
2025-11-12,74.4800033569336,74.54000091552734,74.44000244140625,74.48999786376953,71.79625701904297,7129700
2025-11-13,74.36000061035156,74.41000366210938,74.2699966430664,74.2699966430664,71.58419799804688,7105100
2025-11-14,74.4000015258789,74.41999816894531,74.16000366210938,74.16000366210938,71.47819519042969,6473000
2025-11-17,74.20999908447266,74.27999877929688,74.19000244140625,74.19999694824219,71.51673889160156,6908300
2025-11-18,74.33000183105469,74.37999725341797,74.18000030517578,74.26000213623047,71.5745620727539,8009200
2025-11-19,74.33999633789062,74.37000274658203,74.19999694824219,74.2300033569336,71.545654296875,7527500
2025-11-20,74.30999755859375,74.4000015258789,74.29000091552734,74.33999633789062,71.65167236328125,8461100
2025-11-21,74.55000305175781,74.55000305175781,74.4000015258789,74.5199966430664,71.8251724243164,6818400
2025-11-24,74.62000274658203,74.68000030517578,74.55000305175781,74.6500015258789,71.95046997070312,5734400
2025-11-25,74.69999694824219,74.88999938964844,74.69999694824219,74.81999969482422,72.11431121826172,7446200
2025-11-26,74.77999877929688,74.9000015258789,74.68000030517578,74.9000015258789,72.19142150878906,7327100
2025-11-28,74.86000061035156,74.87999725341797,74.70999908447266,74.77999877929688,72.07575988769531,4812100
2025-12-01,74.2699966430664,74.30000305175781,74.20999908447266,74.25,71.79439544677734,6891500
2025-12-02,74.25,74.36000061035156,74.22000122070312,74.31999969482422,71.86207580566406,6756900
2025-12-03,74.41000366210938,74.47000122070312,74.33999633789062,74.43000030517578,71.96845245361328,9774000
2025-12-04,74.36000061035156,74.37000274658203,74.26000213623047,74.29000091552734,71.83306884765625,7337500
2025-12-05,74.30999755859375,74.33000183105469,74.1500015258789,74.19999694824219,71.74604034423828,7270500
2025-12-08,74.19999694824219,74.20999908447266,73.9800033569336,74.08999633789062,71.63967895507812,8585700
2025-12-09,74.20999908447266,74.20999908447266,74.01000213623047,74.04000091552734,71.59134674072266,6665200
2025-12-10,74.01000213623047,74.2699966430664,74.0,74.26000213623047,71.80406188964844,8771100
2025-12-11,74.41000366210938,74.43000030517578,74.23999786376953,74.26000213623047,71.80406188964844,8924600
2025-12-12,74.05000305175781,74.08999633789062,74.01000213623047,74.02999877929688,71.58164978027344,8117600
2025-12-15,74.16999816894531,74.23999786376953,74.08000183105469,74.12000274658203,71.6686782836914,10495500
2025-12-16,74.12000274658203,74.2699966430664,74.05999755859375,74.26000213623047,71.80406188964844,6999300
2025-12-17,74.18000030517578,74.2699966430664,74.16999816894531,74.23999786376953,71.78472137451172,10071300
2025-12-18,74.1500015258789,74.19999694824219,74.08999633789062,74.1500015258789,71.9370346069336,6940500
2025-12-19,74.06999969482422,74.12999725341797,74.0199966430664,74.04000091552734,71.83032989501953,7540400
2025-12-22,74.02999877929688,74.04000091552734,73.97000122070312,74.0199966430664,71.8109130859375,9855300
2025-12-23,73.86000061035156,74.0199966430664,73.8499984741211,74.01000213623047,71.80121612548828,10188700
2025-12-24,74.08000183105469,74.19999694824219,74.05000305175781,74.19000244140625,71.97584533691406,5341700
2025-12-26,74.25,74.27999877929688,74.13999938964844,74.19000244140625,71.97584533691406,6730500
2025-12-29,74.26000213623047,74.30000305175781,74.20999908447266,74.30000305175781,72.08257293701172,9105700
2025-12-30,74.2300033569336,74.29000091552734,74.18000030517578,74.2699966430664,72.05345153808594,7743200
2025-12-31,74.16999816894531,74.25,74.05999755859375,74.06999969482422,71.85942077636719,8846700
2026-01-02,74.12999725341797,74.16000366210938,74.0199966430664,74.04000091552734,71.83032989501953,7453500
2026-01-05,74.11000061035156,74.20999908447266,74.08000183105469,74.18000030517578,71.96615600585938,11059100
2026-01-06,74.12999725341797,74.19000244140625,74.02999877929688,74.18000030517578,71.96615600585938,9079000
2026-01-07,74.30000305175781,74.31999969482422,74.19999694824219,74.26000213623047,72.04375457763672,11576600
2026-01-08,74.12000274658203,74.18000030517578,74.0999984741211,74.12999725341797,71.91764068603516,9906800
2026-01-09,74.18000030517578,74.36000061035156,74.12999725341797,74.29000091552734,72.07286071777344,10536800
2026-01-12,74.20999908447266,74.30000305175781,74.16000366210938,74.22000122070312,72.00495147705078,9851000
2026-01-13,74.30999755859375,74.31999969482422,74.22000122070312,74.27999877929688,72.06314849853516,11835200
2026-01-14,74.31999969482422,74.45999908447266,74.31999969482422,74.43000030517578,72.20868682861328,8765900
2026-01-15,74.44999694824219,74.47000122070312,74.31999969482422,74.31999969482422,72.10196685791016,9959500
2026-01-16,74.31999969482422,74.33000183105469,74.18000030517578,74.19999694824219,71.98554229736328,16105100
2026-01-20,73.91000366210938,74.02999877929688,73.9000015258789,73.93000030517578,71.7236099243164,12982700
2026-01-21,74.01000213623047,74.16000366210938,73.94999694824219,74.13999938964844,71.92733764648438,11453200
2026-01-22,74.08999633789062,74.20999908447266,74.05000305175781,74.16999816894531,71.9564437866211,13512400
2026-01-23,74.19999694824219,74.26000213623047,74.12000274658203,74.25,72.0340576171875,8079700
2026-01-26,74.33999633789062,74.37999725341797,74.30999755859375,74.33999633789062,72.12135314941406,7137300
2026-01-27,74.30999755859375,74.37999725341797,74.25,74.27999877929688,72.06314849853516,9827900
2026-01-28,74.23999786376953,74.26000213623047,74.1500015258789,74.25,72.0340576171875,9328300
2026-01-29,74.1500015258789,74.31999969482422,74.13999938964844,74.26000213623047,72.04375457763672,16397300
2026-01-30,74.25,74.30000305175781,74.16999816894531,74.2300033569336,72.01465606689453,8977500
2026-02-02,74.02999877929688,74.04000091552734,73.88999938964844,73.91000366210938,71.941650390625,8636400
2026-02-03,73.86000061035156,73.94000244140625,73.83999633789062,73.93000030517578,71.96112060546875,11287100
2026-02-04,73.88999938964844,73.95999908447266,73.8499984741211,73.9000015258789,71.93192291259766,11709600
2026-02-05,74.05999755859375,74.23999786376953,74.01000213623047,74.22000122070312,72.24339294433594,12216700
2026-02-06,74.2300033569336,74.25,74.12999725341797,74.2300033569336,72.25313568115234,8257200
2026-02-09,74.16999816894531,74.2699966430664,74.13999938964844,74.25,72.2726058959961,9429800
2026-02-10,74.44999694824219,74.5199966430664,74.43000030517578,74.47000122070312,72.48674011230469,8288400
2026-02-11,74.30999755859375,74.4800033569336,74.29000091552734,74.31999969482422,72.34072875976562,7968800
2026-02-12,74.45999908447266,74.68000030517578,74.43000030517578,74.66000366210938,72.67167663574219,9884300
2026-02-13,74.83999633789062,74.9000015258789,74.80999755859375,74.87999725341797,72.88580322265625,8307900
2026-02-17,74.88999938964844,74.91000366210938,74.83000183105469,74.87000274658203,72.87609100341797,9689000
2026-02-18,74.79000091552734,74.86000061035156,74.7699966430664,74.79000091552734,72.7982177734375,6972500
2026-02-19,74.72000122070312,74.8499984741211,74.72000122070312,74.81999969482422,72.8274154663086,8147900
2026-02-20,74.83999633789062,74.83999633789062,74.69000244140625,74.80999755859375,72.81767272949219,9131300
2026-02-23,74.83999633789062,75.0199966430664,74.83999633789062,74.97000122070312,72.9734115600586,6286900
2026-02-24,74.94999694824219,74.97000122070312,74.88999938964844,74.93000030517578,72.93448638916016,9854400
2026-02-25,74.87999725341797,74.97000122070312,74.87000274658203,74.91000366210938,72.91502380371094,7002000
2026-02-26,74.93000030517578,75.02999877929688,74.93000030517578,75.0199966430664,73.02207946777344,14876200
2026-02-27,75.1500015258789,75.2300033569336,75.12999725341797,75.16999816894531,73.16809844970703,8500900
2026-03-02,74.72000122070312,74.73999786376953,74.55000305175781,74.63999938964844,72.87324523925781,8732600
2026-03-03,74.33000183105469,74.66000366210938,74.30999755859375,74.55999755859375,72.79513549804688,8939900
2026-03-04,74.56999969482422,74.5999984741211,74.5,74.51000213623047,72.7463150024414,11305400
2026-03-05,74.27999877929688,74.37000274658203,74.23999786376953,74.33999633789062,72.58032989501953,10025800
2026-03-06,74.12000274658203,74.41999816894531,74.06999969482422,74.23999786376953,72.48271179199219,10878000
2026-03-09,74.1500015258789,74.5,74.11000061035156,74.44999694824219,72.68772888183594,8201800
2026-03-10,74.38999938964844,74.44999694824219,74.20999908447266,74.22000122070312,72.46318817138672,8622900
2026-03-11,74.08999633789062,74.0999984741211,73.8499984741211,73.88999938964844,72.1409912109375,9003400
2026-03-12,73.77999877929688,73.83000183105469,73.55999755859375,73.62000274658203,71.87738037109375,12383500
2026-03-13,73.73999786376953,73.80000305175781,73.51000213623047,73.55000305175781,71.80904388427734,7060100
2026-03-16,73.83000183105469,73.87999725341797,73.73999786376953,73.83000183105469,72.08241271972656,7716600
2026-03-17,73.93000030517578,74.01000213623047,73.93000030517578,73.9800033569336,72.22886657714844,5948100
2026-03-18,73.9000015258789,73.94999694824219,73.66999816894531,73.68000030517578,71.93596649169922,9210900
2026-03-19,73.5199966430664,73.86000061035156,73.5,73.76000213623047,72.01407623291016,8861500
2026-03-20,73.51000213623047,73.52999877929688,73.16000366210938,73.16999816894531,71.43803405761719,12983200
2026-03-23,73.30000305175781,73.61000061035156,73.23999786376953,73.44999694824219,71.7114028930664,14898800
2026-03-24,73.18000030517578,73.41000366210938,73.12000274658203,73.26000213623047,71.52591705322266,11800800
2026-03-25,73.56999969482422,73.62000274658203,73.44999694824219,73.54000091552734,71.79927062988281,9313300
2026-03-26,73.33000183105469,73.43000030517578,73.0999984741211,73.11000061035156,71.37945556640625,8602900
2026-03-27,72.9800033569336,73.20999908447266,72.94000244140625,73.11000061035156,71.37945556640625,13021800
2026-03-30,73.4800033569336,73.5999984741211,73.41999816894531,73.4800033569336,71.74069213867188,10353800
2026-03-31,73.66999816894531,73.77999877929688,73.56999969482422,73.63999938964844,71.89691162109375,10948300
2026-04-01,73.43000030517578,73.55999755859375,73.38999938964844,73.41999816894531,71.9262924194336,9624800
2026-04-02,73.36000061035156,73.6500015258789,73.33999633789062,73.58000183105469,72.08304595947266,7975600
2026-04-06,73.44999694824219,73.55999755859375,73.41999816894531,73.47000122070312,71.97528839111328,9844300
2026-04-07,73.48999786376953,73.5999984741211,73.25,73.58000183105469,72.08304595947266,7270000
2026-04-08,73.94000244140625,73.94999694824219,73.66999816894531,73.72000122070312,72.2201919555664,5760200
2026-04-09,73.68000030517578,73.88999938964844,73.58000183105469,73.75,72.24958038330078,5646600
2026-04-10,73.73999786376953,73.7699966430664,73.62999725341797,73.63999938964844,72.1418228149414,6334300
2026-04-13,73.63999938964844,73.81999969482422,73.5999984741211,73.80000305175781,72.298583984375,6438100
2026-04-14,73.83999633789062,73.98999786376953,73.77999877929688,73.9800033569336,72.47491455078125,5600100
2026-04-15,73.9000015258789,73.93000030517578,73.81999969482422,73.87999725341797,72.37693786621094,6724300
2026-04-16,73.94999694824219,73.95999908447266,73.72000122070312,73.7699966430664,72.26918029785156,7582500
2026-04-17,74.05999755859375,74.1500015258789,74.01000213623047,74.05999755859375,72.55328369140625,5806900
2026-04-20,74.05000305175781,74.05999755859375,73.93000030517578,74.01000213623047,72.5042953491211,7609600
2026-04-21,73.94000244140625,73.9800033569336,73.7699966430664,73.77999877929688,72.27896881103516,5852600
2026-04-22,73.95999908447266,73.9800033569336,73.8499984741211,73.86000061035156,72.35734558105469,5936800
2026-04-23,73.86000061035156,73.93000030517578,73.62000274658203,73.7300033569336,72.22999572753906,6181500
2026-04-24,73.75,73.88999938964844,73.66000366210938,73.86000061035156,72.35734558105469,5118200
2026-04-27,73.80000305175781,73.8499984741211,73.69999694824219,73.73999786376953,72.23979187011719,6095200
2026-04-28,73.6500015258789,73.72000122070312,73.5999984741211,73.72000122070312,72.2201919555664,7242000
2026-04-29,73.55000305175781,73.55000305175781,73.31999969482422,73.38999938964844,71.89691162109375,7207000
2026-04-30,73.52999877929688,73.58000183105469,73.44999694824219,73.5,72.00467681884766,7829100
2026-05-01,73.30000305175781,73.52999877929688,73.26000213623047,73.36000061035156,72.10491943359375,6933100
2026-05-04,73.26000213623047,73.27999877929688,72.9800033569336,73.11000061035156,71.85919952392578,7912200
2026-05-05,73.19000244140625,73.30999755859375,73.18000030517578,73.23999786376953,71.98698425292969,8336200
2026-05-06,73.5,73.56999969482422,73.47000122070312,73.55000305175781,72.29167938232422,7658300
2026-05-07,73.6500015258789,73.6500015258789,73.31999969482422,73.36000061035156,72.10491943359375,9777000
2026-05-08,73.55999755859375,73.61000061035156,73.5199966430664,73.55000305175781,72.29167938232422,7382800
2026-05-11,73.47000122070312,73.5,73.36000061035156,73.37000274658203,72.11476135253906,9494200
2026-05-12,73.20999908447266,73.2300033569336,73.12999725341797,73.1500015258789,71.89852142333984,7431700
2026-05-13,73.12999725341797,73.19000244140625,73.02999877929688,73.18000030517578,71.92801666259766,10761000
2026-05-14,73.22000122070312,73.37999725341797,73.1500015258789,73.16000366210938,71.9083480834961,6262500
2026-05-15,72.81999969482422,72.83999633789062,72.69999694824219,72.73999786376953,71.49552917480469,12189900
2026-05-18,72.77999877929688,72.86000061035156,72.58999633789062,72.69000244140625,71.4463882446289,8771700
2026-05-19,72.47000122070312,72.55000305175781,72.33999633789062,72.44999694824219,71.21049499511719,13221200
2026-05-20,72.4800033569336,72.9000015258789,72.45999908447266,72.8499984741211,71.60364532470703,11123000
2026-05-21,72.6500015258789,72.94000244140625,72.58000183105469,72.93000030517578,71.68228912353516,10364600
2026-05-22,73.04000091552734,73.05000305175781,72.81999969482422,73.0,71.75109100341797,6817600
2026-05-26,73.26000213623047,73.27999877929688,73.12999725341797,73.20999908447266,71.9574966430664,7374200
2026-05-27,73.29000091552734,73.33999633789062,73.23999786376953,73.27999877929688,72.02628326416016,7349100
2026-05-28,73.29000091552734,73.4800033569336,73.23999786376953,73.41999816894531,72.16389465332031,7239100
2026-05-29,73.47000122070312,73.55000305175781,73.37999725341797,73.45999908447266,72.20321655273438,9177400
2026-06-01,73.0,73.19000244140625,72.94000244140625,73.18000030517578,72.1706771850586,7268300
2026-06-02,73.2699966430664,73.30000305175781,73.16000366210938,73.19999694824219,72.19039154052734,7682700
2026-06-03,73.04000091552734,73.12000274658203,72.9800033569336,73.05999755859375,72.05232238769531,9330700
2026-06-04,73.19000244140625,73.2300033569336,73.12999725341797,73.16000366210938,72.15094757080078,6815000
2026-06-05,72.94000244140625,72.94999694824219,72.81999969482422,72.83000183105469,71.82549285888672,8487200
2026-06-08,72.9800033569336,73.01000213623047,72.80000305175781,72.80999755859375,71.80577087402344,14019000
2026-06-09,72.91999816894531,73.0,72.83999633789062,72.97000122070312,71.96356964111328,8703500
2026-06-10,72.97000122070312,73.04000091552734,72.83999633789062,72.91000366210938,71.9043960571289,5252500
2026-06-11,72.9800033569336,73.36000061035156,72.93000030517578,73.33000183105469,72.318603515625,9058700
2026-06-12,73.20999908447266,73.29000091552734,73.11000061035156,73.23999786376953,72.22984313964844,7379300
2026-06-15,73.37999725341797,73.43000030517578,73.29000091552734,73.30000305175781,72.28900909423828,7738300
2026-06-16,73.33999633789062,73.4800033569336,73.31999969482422,73.41000366210938,72.39749908447266,5902800
2026-06-17,73.41999816894531,73.47000122070312,73.12000274658203,73.13999938964844,72.13121795654297,8531600
2026-06-18,73.31999969482422,73.5,73.31999969482422,73.33999633789062,72.32846069335938,6312500
2026-06-22,73.16999816894531,73.22000122070312,73.11000061035156,73.13999938964844,72.13121795654297,7359400
2026-06-23,73.18000030517578,73.30000305175781,73.18000030517578,73.22000122070312,72.21011352539062,7081800
2026-06-24,73.4800033569336,73.5999984741211,73.45999908447266,73.55000305175781,72.53556823730469,7819400
2026-06-25,73.6500015258789,73.7300033569336,73.58999633789062,73.5999984741211,72.58488464355469,7638100
2026-06-26,73.56999969482422,73.72000122070312,73.55999755859375,73.66999816894531,72.6539077758789,5965100
2026-06-29,73.69000244140625,73.7300033569336,73.63999938964844,73.70999908447266,72.69336700439453,7224800
2026-06-30,73.62000274658203,73.62000274658203,73.4000015258789,73.41000366210938,72.39749908447266,11653200
2026-07-01,73.02999877929688,73.13999938964844,72.98999786376953,73.05999755859375,72.29261016845703,20719000
2026-07-02,73.05999755859375,73.16999816894531,73.04000091552734,73.11000061035156,72.34208679199219,7627600
2026-07-06,73.08999633789062,73.13999938964844,73.02999877929688,73.13999938964844,72.37176513671875,10191800
2026-07-07,73.01000213623047,73.04000091552734,72.80000305175781,72.8499984741211,72.0848159790039,8412400
2026-07-08,72.7300033569336,72.73999786376953,72.58999633789062,72.69999694824219,71.93638610839844,8944900
2026-07-09,72.75,72.91999816894531,72.75,72.83000183105469,72.06502532958984,8250700
2026-07-10,72.83000183105469,72.8499984741211,72.69999694824219,72.7699966430664,72.00565338134766,7170500
2026-07-13,72.6500015258789,72.75,72.48999786376953,72.5,71.73849487304688,7595500
2026-07-14,72.69000244140625,72.79000091552734,72.62999725341797,72.69999694824219,71.93638610839844,8081100
2026-07-15,72.75,72.88999938964844,72.72000122070312,72.81999969482422,72.05513763427734,6181200
2026-07-16,72.7300033569336,72.83000183105469,72.69000244140625,72.80999755859375,72.04522705078125,6108700
2026-07-17,72.88999938964844,73.0,72.83999633789062,72.86000061035156,72.0947036743164,5836000
2026-07-20,72.83000183105469,72.83999633789062,72.62000274658203,72.68000030517578,71.9166030883789,5578300
2026-07-21,72.56999969482422,72.58000183105469,72.4800033569336,72.5199966430664,71.7582778930664,5679100
2026-07-22,72.48999786376953,72.5199966430664,72.37999725341797,72.4000015258789,71.63954162597656,5863000
2026-07-23,72.19999694824219,72.2699966430664,72.16999816894531,72.25,71.4911117553711,7641600
2026-07-24,72.2699966430664,72.43000030517578,72.2699966430664,72.30999755859375,71.55048370361328,5695400
2026-07-27,72.43000030517578,72.5,72.38999938964844,72.45999908447266,71.69891357421875,5667200
2026-07-28,72.52999877929688,72.69999694824219,72.51000213623047,72.63999938964844,71.87701416015625,5279700
2026-07-29,72.55999755859375,72.62999725341797,72.37000274658203,72.37999725341797,71.6197509765625,6755300
2026-07-30,72.44000244140625,72.4800033569336,72.36000061035156,72.41999816894531,71.6593246459961,7744200
2026-07-31,72.30000305175781,72.33000183105469,72.12999725341797,72.2300033569336,71.4713363647461,6366400
2026-08-03,72.12000274658203,72.18000030517578,72.06999969482422,72.1500015258789,71.6421127319336,6747500
2026-08-04,72.33999633789062,72.44999694824219,72.33000183105469,72.44000244140625,71.9300765991211,7988700
2026-08-05,72.41999816894531,72.5,72.37000274658203,72.45999908447266,71.94993591308594,11713600
2026-08-06,72.3499984741211,72.37999725341797,72.22000122070312,72.25,71.74140930175781,9424200
2026-08-07,72.44999694824219,72.4800033569336,72.31999969482422,72.4000015258789,71.8903579711914,10067600
2026-08-10,72.37000274658203,72.37000274658203,72.13999938964844,72.1500015258789,71.6421127319336,5899200
2026-08-11,72.25,72.31999969482422,72.19999694824219,72.20999908447266,71.70169830322266,9482900
2026-08-12,72.38999938964844,72.38999938964844,72.25,72.27999877929688,71.77120208740234,7233400
2026-08-13,72.48999786376953,72.61000061035156,72.44999694824219,72.4800033569336,71.96979522705078,16962500
2026-08-14,72.47000122070312,72.4800033569336,72.2699966430664,72.30999755859375,71.80098724365234,6219800
2026-08-17,72.23999786376953,72.29000091552734,72.12999725341797,72.16000366210938,71.65205383300781,7752100
2026-08-18,72.08000183105469,72.26000213623047,72.06999969482422,72.22000122070312,71.71162414550781,6902300
2026-08-19,72.51000213623047,72.56999969482422,72.38999938964844,72.55999755859375,72.04922485351562,6644700
2026-08-20,72.33000183105469,72.43000030517578,72.2699966430664,72.33999633789062,71.83077239990234,7095400
2026-08-21,72.30000305175781,72.3499984741211,72.19999694824219,72.2300033569336,71.7215576171875,7013600
2026-08-24,72.30000305175781,72.43000030517578,72.30000305175781,72.37000274658203,71.86056518554688,6783800
2026-08-25,72.55000305175781,72.68000030517578,72.5199966430664,72.66999816894531,72.15845489501953,6290400
2026-08-26,72.58000183105469,72.58999633789062,72.5,72.58000183105469,72.069091796875,7061900
2026-08-27,72.58000183105469,72.62999725341797,72.5,72.54000091552734,72.02937316894531,6872800
2026-08-28,72.51000213623047,72.66000366210938,72.30000305175781,72.30999755859375,71.80098724365234,7870400
2026-08-31,72.2300033569336,72.26000213623047,72.16000366210938,72.23999786376953,71.73148345947266,6571400
2026-09-01,71.8499984741211,71.98999786376953,71.7699966430664,71.79000091552734,71.5351791381836,8138500
2026-09-02,71.80999755859375,71.86000061035156,71.73999786376953,71.83000183105469,71.57504272460938,11187400
2026-09-03,72.01000213623047,72.05000305175781,71.91999816894531,71.93000030517578,71.6746826171875,9479200
2026-09-04,71.94999694824219,72.0199966430664,71.91999816894531,71.94999694824219,71.69461059570312,8164800
2026-09-08,71.94999694824219,72.0,71.80999755859375,71.88999938964844,71.63482666015625,10852600
2026-09-09,71.8499984741211,71.9000015258789,71.6500015258789,71.7300033569336,71.47539520263672,9970700
2026-09-10,71.41000366210938,71.51000213623047,71.25,71.2699966430664,71.01702117919922,12570600
2026-09-11,71.41000366210938,71.44999694824219,71.18000030517578,71.22000122070312,70.96720123291016,9358600
2026-09-14,71.13999938964844,71.3499984741211,71.02999877929688,71.16999816894531,70.9173812866211,11356000
2026-09-15,71.11000061035156,71.16999816894531,71.06999969482422,71.1500015258789,70.89745330810547,12776700
2026-09-16,71.23999786376953,71.41000366210938,71.08999633789062,71.11000061035156,70.85759735107422,7993000
2026-09-17,71.41000366210938,71.4800033569336,71.33999633789062,71.47000122070312,71.21631622314453,7151000
2026-09-18,71.2699966430664,71.37000274658203,71.18000030517578,71.19999694824219,70.94727325439453,6688400
2026-09-21,71.38999938964844,71.4000015258789,71.30999755859375,71.4000015258789,71.14656829833984,7591100
2026-09-22,71.43000030517578,71.45999908447266,71.30000305175781,71.41000366210938,71.15653228759766,7795700
2026-09-23,71.2699966430664,71.29000091552734,70.68000030517578,70.80999755859375,70.55865478515625,12871900
2026-09-24,70.86000061035156,70.88999938964844,70.44000244140625,70.44999694824219,70.19993591308594,12878000
2026-09-25,70.54000091552734,70.6500015258789,70.33999633789062,70.62999725341797,70.3792953491211,9329800
2026-09-28,70.30999755859375,70.38999938964844,70.12999725341797,70.27999877929688,70.0305404663086,11046400
2026-09-29,70.26000213623047,70.2699966430664,70.0199966430664,70.2300033569336,69.98072052001953,12011700
2026-09-30,70.31999969482422,70.4000015258789,69.97000122070312,70.1500015258789,69.9010009765625,14736200
2026-10-01,69.73999786376953,70.19000244140625,69.6500015258789,70.08999633789062,70.08999633789062,20246800
2026-10-02,70.23999786376953,70.30000305175781,69.87999725341797,69.94000244140625,69.94000244140625,13884100
