Date,Open,High,Low,Close,Adj Close,Volume
2002-07-30,81.94000244140625,82.12000274658203,81.69999694824219,81.7699966430664,40.138587951660156,41300
2002-07-31,82.05000305175781,82.58000183105469,82.05000305175781,82.5199966430664,40.50673294067383,32600
2002-08-01,82.54000091552734,82.9000015258789,82.5199966430664,82.86000061035156,40.673614501953125,71400
2002-08-02,83.0199966430664,83.69999694824219,82.9000015258789,83.5,40.987789154052734,120300
2002-08-05,83.68000030517578,83.91999816894531,83.52999877929688,83.91999816894531,41.19394302368164,159300
2002-08-06,83.51000213623047,83.51000213623047,83.02999877929688,83.23999786376953,40.86015319824219,90100
2002-08-07,83.19000244140625,83.6500015258789,83.0999984741211,83.5,40.987789154052734,38100
2002-08-08,83.33000183105469,83.4000015258789,83.08999633789062,83.20999908447266,40.84541702270508,142600
2002-08-09,83.31999969482422,83.87999725341797,83.31999969482422,83.83000183105469,41.14976119995117,99600
2002-08-12,84.0999984741211,84.27999877929688,83.94999694824219,84.0,41.23322677612305,38100
2002-08-13,84.31999969482422,84.73999786376953,84.05999755859375,84.66999816894531,41.56209945678711,109300
2002-08-14,84.98999786376953,85.2300033569336,84.36000061035156,84.41999816894531,41.439388275146484,146100
2002-08-15,84.0,84.33000183105469,83.75,83.93000030517578,41.19887161254883,60500
2002-08-16,84.25,84.2699966430664,83.2699966430664,83.37999725341797,40.928855895996094,55800
2002-08-19,83.51000213623047,83.51000213623047,83.12999725341797,83.45999908447266,40.968135833740234,41600
2002-08-20,83.80000305175781,84.2300033569336,83.69999694824219,84.2300033569336,41.346126556396484,56900
2002-08-21,83.77999877929688,84.04000091552734,83.69999694824219,84.0199966430664,41.243019104003906,37900
2002-08-22,83.80000305175781,83.80000305175781,83.5,83.56999969482422,41.022151947021484,43600
2002-08-23,83.72000122070312,84.0,83.66000366210938,83.94999694824219,41.20868682861328,26500
2002-08-26,83.91999816894531,84.19999694824219,83.87000274658203,83.98999786376953,41.22826385498047,27800
2002-08-27,83.75,83.93000030517578,83.56999969482422,83.73999786376953,41.10557556152344,38800
2002-08-28,84.08999633789062,84.16999816894531,84.0,84.05000305175781,41.257728576660156,40200
2002-08-29,84.56999969482422,84.58999633789062,84.33000183105469,84.44000244140625,41.449195861816406,101500
2002-08-30,84.58000183105469,84.63999938964844,84.30000305175781,84.5999984741211,41.52771759033203,28900
2002-09-03,85.08999633789062,85.5999984741211,85.0,85.2300033569336,41.98089599609375,110700
2002-09-04,85.16000366210938,85.44999694824219,85.08000183105469,85.19999694824219,41.96610641479492,77300
2002-09-05,85.5999984741211,85.6500015258789,85.19000244140625,85.54000091552734,42.133609771728516,57900
2002-09-06,85.08999633789062,85.25,84.83999633789062,84.87999725341797,41.80848693847656,32200
2002-09-09,84.94000244140625,85.1500015258789,84.75,84.76000213623047,41.74940490722656,88800
2002-09-10,84.70999908447266,85.20999908447266,84.66000366210938,85.05999755859375,41.897159576416016,21400
2002-09-11,84.61000061035156,84.75,84.48999786376953,84.75,41.74445724487305,77500
2002-09-12,84.80000305175781,85.2300033569336,84.80000305175781,85.19000244140625,41.96116638183594,39900
2002-09-13,85.37999725341797,85.6500015258789,85.29000091552734,85.58999633789062,42.15817642211914,125900
2002-09-16,85.70999908447266,85.91999816894531,85.62000274658203,85.62000274658203,42.17299270629883,108700
2002-09-17,85.4000015258789,85.95999908447266,85.4000015258789,85.9000015258789,42.31092071533203,30400
2002-09-18,85.91999816894531,86.22000122070312,85.91000366210938,86.0,42.36016845703125,76400
2002-09-19,86.41999816894531,86.47000122070312,86.12000274658203,86.43000030517578,42.571983337402344,61100
2002-09-20,86.30000305175781,86.4800033569336,86.19999694824219,86.4000015258789,42.55717849731445,128600
2002-09-23,86.87999725341797,87.05999755859375,86.72000122070312,86.88999938964844,42.79852294921875,293700
2002-09-24,87.05999755859375,87.44999694824219,86.87999725341797,87.19999694824219,42.95123291015625,158200
2002-09-25,86.69999694824219,86.98999786376953,86.4000015258789,86.54000091552734,42.626136779785156,88900
2002-09-26,86.33000183105469,86.58999633789062,86.05999755859375,86.4800033569336,42.59661865234375,256100
2002-09-27,86.58000183105469,87.05000305175781,86.51000213623047,87.05000305175781,42.877384185791016,199400
2002-09-30,87.4000015258789,87.69999694824219,87.30999755859375,87.55999755859375,43.1285514831543,97200
2002-10-01,86.76000213623047,87.0199966430664,86.54000091552734,86.54000091552734,42.752105712890625,150100
2002-10-02,86.56999969482422,86.86000061035156,86.37999725341797,86.83000183105469,42.89540100097656,43000
2002-10-03,86.8499984741211,86.87000274658203,86.41999816894531,86.77999877929688,42.87065505981445,37500
2002-10-04,86.16999816894531,86.95999908447266,86.16000366210938,86.87000274658203,42.91511535644531,61400
2002-10-07,87.18000030517578,87.26000213623047,86.94999694824219,87.20999908447266,43.08312225341797,80300
2002-10-08,86.93000030517578,87.5,86.87000274658203,87.05000305175781,43.004058837890625,134600
2002-10-09,87.44000244140625,87.48999786376953,87.16999816894531,87.48999786376953,43.22146224975586,94500
2002-10-10,87.4000015258789,87.47000122070312,86.9000015258789,86.98999786376953,42.974456787109375,120400
2002-10-11,86.68000030517578,86.7699966430664,86.18000030517578,86.37000274658203,42.66814041137695,133600
2002-10-14,86.5999984741211,86.5999984741211,86.12999725341797,86.30000305175781,42.63357162475586,51300
2002-10-15,85.33999633789062,85.58000183105469,84.80000305175781,84.8499984741211,41.91722869873047,167000
2002-10-16,84.93000030517578,85.22000122070312,84.80999755859375,84.8499984741211,41.91722869873047,124200
2002-10-17,84.22000122070312,84.54000091552734,84.22000122070312,84.4000015258789,41.69495391845703,205300
2002-10-18,84.41000366210938,84.70999908447266,83.87999725341797,84.6500015258789,41.81843948364258,98600
2002-10-21,84.69999694824219,84.69999694824219,83.9800033569336,84.0,41.49733352661133,572300
2002-10-22,84.05000305175781,84.18000030517578,83.87000274658203,83.95999908447266,41.47754669189453,197500
2002-10-23,84.19999694824219,84.5,84.05000305175781,84.13999938964844,41.566505432128906,64300
2002-10-24,84.05000305175781,84.70999908447266,83.91999816894531,84.54000091552734,41.76410675048828,41800
2002-10-25,84.95999908447266,84.95999908447266,84.7300033569336,84.91000366210938,41.94686508178711,566500
2002-10-28,85.11000061035156,85.22000122070312,85.0,85.01000213623047,41.996273040771484,22100
2002-10-29,85.41999816894531,86.11000061035156,85.33000183105469,85.77999877929688,42.376678466796875,118300
2002-10-30,85.62999725341797,85.9800033569336,85.58000183105469,85.7699966430664,42.371726989746094,53000
2002-10-31,85.6500015258789,86.69999694824219,85.61000061035156,86.20999908447266,42.589107513427734,71100
2002-11-01,85.7300033569336,85.76000213623047,85.08999633789062,85.4000015258789,42.33384704589844,63400
2002-11-04,84.94999694824219,85.12999725341797,84.80999755859375,85.12999725341797,42.199954986572266,85000
2002-11-05,85.0,85.0,84.75,84.9000015258789,42.085975646972656,426300
2002-11-06,84.66000366210938,85.6500015258789,84.66000366210938,85.18000030517578,42.22473907470703,135100
2002-11-07,85.68000030517578,86.06999969482422,85.55000305175781,86.01000213623047,42.636199951171875,68000
2002-11-08,86.08999633789062,86.22000122070312,85.98999786376953,86.22000122070312,42.74028396606445,27300
2002-11-11,86.0999984741211,86.44000244140625,86.0999984741211,86.44000244140625,42.84932327270508,52100
2002-11-12,86.45999908447266,86.48999786376953,86.12000274658203,86.16999816894531,42.715511322021484,48200
2002-11-13,86.12999725341797,86.37000274658203,86.0999984741211,86.2699966430664,42.76505661010742,330200
2002-11-14,85.66000366210938,85.70999908447266,85.19000244140625,85.19000244140625,42.2297248840332,71800
2002-11-15,84.9000015258789,85.25,84.6500015258789,85.25,42.259437561035156,40900
2002-11-18,85.12999725341797,85.44000244140625,85.05000305175781,85.33000183105469,42.29911422729492,35300
2002-11-19,85.62000274658203,85.66999816894531,85.31999969482422,85.4000015258789,42.33384704589844,11000
2002-11-20,85.58999633789062,85.5999984741211,84.80999755859375,84.93000030517578,42.10081100463867,251800
2002-11-21,84.56999969482422,84.6500015258789,84.23999786376953,84.44000244140625,41.85789108276367,95000
2002-11-22,84.55000305175781,84.55999755859375,84.26000213623047,84.33999633789062,41.808349609375,144800
2002-11-25,84.5,84.51000213623047,84.19999694824219,84.20999908447266,41.74390411376953,49700
2002-11-26,84.54000091552734,84.9800033569336,84.45999908447266,84.97000122070312,42.12063217163086,103800
2002-11-27,84.56999969482422,84.61000061035156,83.75,84.0,41.63978958129883,324900
2002-11-29,83.97000122070312,84.16000366210938,83.88999938964844,84.12000274658203,41.699302673339844,15000
2002-12-02,83.0,83.6500015258789,82.98999786376953,83.56999969482422,41.68434143066406,78000
2002-12-03,83.81999969482422,83.81999969482422,83.4000015258789,83.55999755859375,41.67933654785156,38200
2002-12-04,83.94000244140625,83.9800033569336,83.73999786376953,83.8499984741211,41.824005126953125,135600
2002-12-05,83.63999938964844,84.22000122070312,83.63999938964844,84.08000183105469,41.938716888427734,194900
2002-12-06,84.81999969482422,84.81999969482422,84.1500015258789,84.41999816894531,42.10829162597656,194800
2002-12-09,84.5,84.79000091552734,84.41000366210938,84.73999786376953,42.267906188964844,143900
2002-12-10,84.69999694824219,84.79000091552734,84.54000091552734,84.66999816894531,42.23298263549805,154600
2002-12-11,84.95999908447266,85.13999938964844,84.79000091552734,84.94999694824219,42.37266540527344,287200
2002-12-12,84.9000015258789,85.12999725341797,84.81999969482422,85.0199966430664,42.407562255859375,69800
2002-12-13,84.9800033569336,84.9800033569336,84.56999969482422,84.70999908447266,42.25299835205078,32400
2002-12-16,84.79000091552734,84.80000305175781,84.33000183105469,84.36000061035156,42.0783576965332,37600
2002-12-17,84.6500015258789,84.6500015258789,84.38999938964844,84.55999755859375,42.17813491821289,73700
2002-12-18,84.87999725341797,85.08000183105469,84.83999633789062,85.08000183105469,42.43753433227539,106600
2002-12-19,85.20999908447266,85.5999984741211,85.08999633789062,85.5199966430664,42.6569938659668,187800
2002-12-20,85.45999908447266,85.58000183105469,85.37000274658203,85.5199966430664,42.6569938659668,79900
2002-12-23,85.37000274658203,85.52999877929688,85.22000122070312,85.47000122070312,42.63205337524414,109300
2002-12-24,85.83000183105469,85.87999725341797,85.77999877929688,85.79000091552734,42.79167556762695,37400
2002-12-26,85.80000305175781,85.91999816894531,85.69000244140625,85.91999816894531,42.85648727416992,85200
2002-12-27,86.2699966430664,86.54000091552734,86.1500015258789,86.43000030517578,43.11090850830078,149600
2002-12-30,86.44000244140625,86.76000213623047,86.41000366210938,86.58999633789062,43.19070053100586,60700
2002-12-31,86.2699966430664,86.45999908447266,86.08000183105469,86.1500015258789,43.17866897583008,194300
2003-01-02,85.5999984741211,85.73999786376953,84.73999786376953,84.79000091552734,42.49703598022461,106700
2003-01-03,84.69999694824219,84.93000030517578,84.5999984741211,84.93000030517578,42.56719970703125,518400
2003-01-06,84.80000305175781,84.80000305175781,84.51000213623047,84.72000122070312,42.46194839477539,214500
2003-01-07,84.72000122070312,85.04000091552734,84.68000030517578,84.98999786376953,42.59726333618164,101700
2003-01-08,85.16999816894531,85.30000305175781,85.12000274658203,85.19000244140625,42.69752883911133,162600
2003-01-09,84.58000183105469,84.62000274658203,84.05999755859375,84.16000366210938,42.181312561035156,98000
2003-01-10,84.55999755859375,84.61000061035156,84.0199966430664,84.25,42.226341247558594,235800
2003-01-13,84.19999694824219,84.45999908447266,84.13999938964844,84.4000015258789,42.30156707763672,219700
2003-01-14,84.5999984741211,84.69000244140625,84.54000091552734,84.5999984741211,42.40176773071289,204500
2003-01-15,84.76000213623047,85.04000091552734,84.72000122070312,84.79000091552734,42.49703598022461,239000
2003-01-16,84.66000366210938,84.80000305175781,84.31999969482422,84.76000213623047,42.48202133178711,205700
2003-01-17,85.1500015258789,85.22000122070312,85.05999755859375,85.11000061035156,42.65740966796875,60100
2003-01-21,84.93000030517578,85.4000015258789,84.93000030517578,85.4000015258789,42.80281066894531,82600
2003-01-22,85.55000305175781,85.75,85.44999694824219,85.75,42.978179931640625,120500
2003-01-23,85.43000030517578,85.70999908447266,85.43000030517578,85.56999969482422,42.88795471191406,78300
2003-01-24,85.80000305175781,86.02999877929688,85.69000244140625,85.73999786376953,42.97316360473633,209400
2003-01-27,85.62999725341797,85.69000244140625,85.4000015258789,85.4800033569336,42.842864990234375,413800
2003-01-28,85.44000244140625,85.5,85.12000274658203,85.48999786376953,42.84788131713867,1596500
2003-01-29,85.52999877929688,85.52999877929688,85.0,85.12000274658203,42.66241455078125,83200
2003-01-30,85.0,85.51000213623047,84.94000244140625,85.44999694824219,42.827816009521484,31700
2003-01-31,85.62000274658203,85.62000274658203,85.25,85.48999786376953,42.84788131713867,44000
2003-02-03,85.25,85.30000305175781,84.86000061035156,85.08000183105469,42.78152847290039,57400
2003-02-04,85.38999938964844,85.41999816894531,85.22000122070312,85.36000061035156,42.922245025634766,88700
2003-02-05,85.26000213623047,85.41000366210938,84.80000305175781,85.02999877929688,42.756370544433594,138100
2003-02-06,85.27999877929688,85.43000030517578,85.25,85.36000061035156,42.922245025634766,92500
2003-02-07,85.08999633789062,85.48999786376953,85.0199966430664,85.4000015258789,42.94237518310547,44200
2003-02-10,85.4000015258789,85.4800033569336,85.12000274658203,85.23999786376953,42.86195755004883,29100
2003-02-11,85.16000366210938,85.3499984741211,85.0199966430664,85.31999969482422,42.902130126953125,272100
2003-02-12,85.45999908447266,85.69000244140625,85.37999725341797,85.69000244140625,43.08823776245117,50300
2003-02-13,85.80000305175781,86.26000213623047,85.73999786376953,86.0,43.244110107421875,107100
2003-02-14,85.80999755859375,85.9000015258789,85.5,85.69999694824219,43.09324645996094,51300
2003-02-18,85.5199966430664,85.69999694824219,85.37000274658203,85.69999694824219,43.09324645996094,62600
2003-02-19,85.80000305175781,86.05999755859375,85.80000305175781,86.0199966430664,43.25416946411133,34600
2003-02-20,86.0199966430664,86.3499984741211,85.97000122070312,86.31999969482422,43.404991149902344,59400
2003-02-21,86.2699966430664,86.29000091552734,85.97000122070312,86.0,43.244110107421875,21500
2003-02-24,86.29000091552734,86.37000274658203,86.13999938964844,86.33999633789062,43.41507339477539,47000
2003-02-25,86.55999755859375,86.76000213623047,86.44999694824219,86.45999908447266,43.475406646728516,72800
2003-02-26,86.51000213623047,86.77999877929688,86.44999694824219,86.72000122070312,43.60615158081055,52900
2003-02-27,86.69999694824219,86.83000183105469,86.5199966430664,86.80000305175781,43.6463737487793,209300
2003-02-28,86.75,87.1500015258789,86.61000061035156,87.08999633789062,43.79218292236328,80700
2003-03-03,86.80999755859375,87.08000183105469,86.77999877929688,87.02999877929688,43.88296890258789,24800
2003-03-04,87.0199966430664,87.23999786376953,86.97000122070312,87.19999694824219,43.96866226196289,41100
2003-03-05,87.37999725341797,87.44000244140625,87.12000274658203,87.36000061035156,44.04938888549805,50500
2003-03-06,87.37000274658203,87.38999938964844,87.06999969482422,87.18000030517578,43.95859146118164,83600
2003-03-07,87.72000122070312,87.7300033569336,87.22000122070312,87.47000122070312,44.10482406616211,79800
2003-03-10,87.66000366210938,87.81999969482422,87.66000366210938,87.76000213623047,44.25107192993164,58500
2003-03-11,87.77999877929688,87.86000061035156,87.58999633789062,87.73999786376953,44.2409782409668,61200
2003-03-12,87.66999816894531,87.69000244140625,87.5,87.54000091552734,44.14012145996094,51600
2003-03-13,86.94000244140625,87.08000183105469,86.55000305175781,86.56999969482422,43.6509895324707,326900
2003-03-14,86.75,86.93000030517578,86.66000366210938,86.8499984741211,43.79218673706055,50800
2003-03-17,87.0999984741211,87.0999984741211,86.11000061035156,86.16999816894531,43.449363708496094,98700
2003-03-18,86.25,86.3499984741211,85.69999694824219,85.69999694824219,43.21234893798828,203900
2003-03-19,85.6500015258789,85.69999694824219,85.2699966430664,85.29000091552734,43.0056037902832,152800
2003-03-20,85.5999984741211,85.69999694824219,85.04000091552734,85.3499984741211,43.03582763671875,170600
2003-03-21,85.12999725341797,85.12999725341797,84.52999877929688,84.56999969482422,42.64257049560547,148800
2003-03-24,85.25,85.4800033569336,85.18000030517578,85.38999938964844,43.056053161621094,45800
2003-03-25,85.5,85.6500015258789,85.11000061035156,85.4000015258789,43.06107711791992,107500
2003-03-26,85.4000015258789,85.5999984741211,85.33999633789062,85.5999984741211,43.161922454833984,75400
2003-03-27,85.79000091552734,85.87999725341797,85.56999969482422,85.76000213623047,43.24256896972656,45800
2003-03-28,86.02999877929688,86.05000305175781,85.8499984741211,85.9000015258789,43.313194274902344,144700
2003-03-31,86.30000305175781,86.58999633789062,86.30000305175781,86.5199966430664,43.62580490112305,99300
2003-04-01,86.2300033569336,86.2699966430664,85.19999694824219,86.16000366210938,43.569679260253906,36500
2003-04-02,85.5999984741211,85.72000122070312,85.41999816894531,85.55000305175781,43.26120376586914,147400
2003-04-03,85.48999786376953,85.77999877929688,85.45999908447266,85.69999694824219,43.337074279785156,170400
2003-04-04,85.54000091552734,85.76000213623047,85.44999694824219,85.55000305175781,43.26120376586914,26400
2003-04-07,84.8499984741211,85.3499984741211,84.76000213623047,85.3499984741211,43.160057067871094,62300
2003-04-08,85.37999725341797,85.66999816894531,85.37999725341797,85.66999816894531,43.3218879699707,41500
2003-04-09,85.72000122070312,85.9800033569336,85.5,85.95999908447266,43.46855163574219,101000
2003-04-10,85.87000274658203,85.98999786376953,85.69000244140625,85.7300033569336,43.35222625732422,77900
2003-04-11,85.30000305175781,85.62000274658203,85.19999694824219,85.51000213623047,43.24097442626953,102800
2003-04-14,85.4800033569336,85.4800033569336,85.12999725341797,85.2699966430664,43.11960983276367,107700
2003-04-15,85.5999984741211,85.63999938964844,85.33999633789062,85.56999969482422,43.271305084228516,27600
2003-04-16,85.48999786376953,85.79000091552734,85.48999786376953,85.76000213623047,43.36738586425781,23700
2003-04-17,85.94999694824219,85.95999908447266,84.75,85.6500015258789,43.311798095703125,20600
2003-04-21,85.36000061035156,85.48999786376953,85.19000244140625,85.48999786376953,43.230865478515625,24300
2003-04-22,85.7300033569336,85.81999969482422,85.41000366210938,85.51000213623047,43.24097442626953,24200
2003-04-23,85.5199966430664,85.58999633789062,85.37999725341797,85.47000122070312,43.220733642578125,75600
2003-04-24,85.75,86.12999725341797,85.75,85.97000122070312,43.47358322143555,87400
2003-04-25,86.01000213623047,86.2300033569336,85.98999786376953,86.11000061035156,43.54437255859375,325600
2003-04-28,86.3499984741211,86.3499984741211,86.0,86.0199966430664,43.49886703491211,41300
2003-04-29,85.83999633789062,85.94000244140625,85.66000366210938,85.87000274658203,43.42300796508789,54900
2003-04-30,85.8499984741211,86.41000366210938,85.80000305175781,86.38999938964844,43.686012268066406,113200
2003-05-01,86.23999786376953,86.44000244140625,86.0,86.12000274658203,43.72254943847656,77200
2003-05-02,86.04000091552734,86.13999938964844,85.62999725341797,85.6500015258789,43.483943939208984,158900
2003-05-05,85.66000366210938,85.98999786376953,85.5199966430664,85.91999816894531,43.62099838256836,76900
2003-05-06,85.95999908447266,86.45999908447266,85.80000305175781,86.44999694824219,43.89009094238281,74900
2003-05-07,86.69999694824219,87.1500015258789,86.69999694824219,87.05000305175781,44.19467544555664,159400
2003-05-08,87.30000305175781,87.56999969482422,87.05999755859375,87.13999938964844,44.240386962890625,113200
2003-05-09,87.0199966430664,87.30000305175781,86.97000122070312,87.27999877929688,44.31147003173828,82800
2003-05-12,87.80000305175781,87.80999755859375,87.4000015258789,87.6500015258789,44.49932098388672,36300
2003-05-13,87.37000274658203,87.7300033569336,87.36000061035156,87.7300033569336,44.53993225097656,120300
2003-05-14,87.91000366210938,88.29000091552734,87.72000122070312,88.20999908447266,44.78362274169922,177500
2003-05-15,87.88999938964844,88.30000305175781,87.83000183105469,88.12000274658203,44.73793411254883,68500
2003-05-16,88.4000015258789,88.61000061035156,88.20999908447266,88.58999633789062,44.97654342651367,137800
2003-05-19,88.91999816894531,88.91999816894531,88.44999694824219,88.56999969482422,44.96640396118164,69000
2003-05-20,88.44999694824219,89.16000366210938,88.44000244140625,89.16000366210938,45.26588439941406,130900
2003-05-21,88.83999633789062,89.36000061035156,88.83999633789062,88.87999725341797,45.12374496459961,83500
2003-05-22,89.08000183105469,89.30000305175781,89.01000213623047,89.30000305175781,45.33700180053711,414300
2003-05-23,89.36000061035156,89.5,89.13999938964844,89.19999694824219,45.28622817993164,82200
2003-05-27,89.26000213623047,89.3499984741211,88.8499984741211,88.87000274658203,45.118675231933594,176200
2003-05-28,88.66999816894531,88.97000122070312,88.47000122070312,88.88999938964844,45.128822326660156,204400
2003-05-29,89.12000274658203,89.38999938964844,89.08000183105469,89.36000061035156,45.36744689941406,97800
2003-05-30,89.20999908447266,89.36000061035156,88.88999938964844,89.30999755859375,45.34209060668945,165000
2003-06-02,88.69999694824219,88.76000213623047,88.51000213623047,88.72000122070312,45.16591262817383,165700
2003-06-03,88.97000122070312,89.44000244140625,88.97000122070312,89.30999755859375,45.46630096435547,77000
2003-06-04,89.48999786376953,89.62999725341797,89.2699966430664,89.56999969482422,45.59865188598633,183600
2003-06-05,89.76000213623047,89.81999969482422,89.19000244140625,89.25,45.435768127441406,61500
2003-06-06,88.97000122070312,89.19000244140625,88.83999633789062,89.1500015258789,45.384857177734375,110900
2003-06-09,89.52999877929688,89.68000030517578,89.37000274658203,89.63999938964844,45.63427734375,48800
2003-06-10,89.9000015258789,90.19999694824219,89.9000015258789,90.13999938964844,45.88887023925781,65600
2003-06-11,90.20999908447266,90.37000274658203,89.94000244140625,89.94999694824219,45.7921028137207,79600
2003-06-12,90.08000183105469,90.4800033569336,90.02999877929688,90.30000305175781,45.970314025878906,50100
2003-06-13,90.5199966430664,90.76000213623047,90.47000122070312,90.62999725341797,46.13828659057617,75200
2003-06-16,90.80000305175781,90.80000305175781,90.13999938964844,90.16000366210938,45.89901351928711,161200
2003-06-17,89.95999908447266,90.0199966430664,89.62000274658203,89.66999816894531,45.64958953857422,135200
2003-06-18,89.44000244140625,89.5,89.0999984741211,89.12999725341797,45.374671936035156,252300
2003-06-19,89.13999938964844,89.37999725341797,88.8499984741211,89.26000213623047,45.440860748291016,202600
2003-06-20,89.0199966430664,89.16999816894531,88.86000061035156,89.12000274658203,45.36957931518555,61300
2003-06-23,89.12000274658203,89.58999633789062,89.0999984741211,89.45999908447266,45.54264831542969,38100
2003-06-24,89.56999969482422,89.91000366210938,89.41999816894531,89.87999725341797,45.75647735595703,132200
2003-06-25,90.16000366210938,90.16000366210938,89.01000213623047,89.19999694824219,45.41030502319336,164700
2003-06-26,88.86000061035156,88.86000061035156,88.2300033569336,88.31999969482422,44.9622802734375,470200
2003-06-27,88.47000122070312,88.5,87.88999938964844,88.23999786376953,44.921573638916016,244200
2003-06-30,88.2300033569336,88.48999786376953,88.12000274658203,88.44999694824219,45.028465270996094,126500
2003-07-01,88.2300033569336,88.55999755859375,87.93000030517578,88.0199966430664,45.148006439208984,167200
2003-07-02,87.52999877929688,88.20999908447266,87.52999877929688,88.11000061035156,45.19416427612305,86900
2003-07-03,88.0199966430664,88.06999969482422,87.48999786376953,87.55000305175781,44.90693283081055,205300
2003-07-07,87.16000366210938,87.36000061035156,87.05999755859375,87.08000183105469,44.66584014892578,196100
2003-07-08,87.37999725341797,87.4000015258789,86.91000366210938,87.11000061035156,44.68124771118164,156700
2003-07-09,87.33000183105469,87.45999908447266,87.12999725341797,87.2699966430664,44.76325988769531,90600
2003-07-10,87.5199966430664,87.62999725341797,87.27999877929688,87.47000122070312,44.86589050292969,292800
2003-07-11,87.33999633789062,87.79000091552734,87.33999633789062,87.77999877929688,45.02488708496094,37900
2003-07-14,87.66999816894531,87.86000061035156,87.25,87.2699966430664,44.76325988769531,187400
2003-07-15,87.16000366210938,87.25,85.88999938964844,86.08000183105469,44.152896881103516,530600
2003-07-16,85.5199966430664,86.12999725341797,85.5199966430664,86.11000061035156,44.16829299926758,304400
2003-07-17,85.47000122070312,85.97000122070312,85.45999908447266,85.93000030517578,44.07600784301758,173800
2003-07-18,85.81999969482422,85.9000015258789,85.68000030517578,85.70999908447266,43.963157653808594,182600
2003-07-21,85.44000244140625,85.5999984741211,84.4000015258789,84.58999633789062,43.38864517211914,497800
2003-07-22,84.68000030517578,84.93000030517578,84.4800033569336,84.88999938964844,43.54253387451172,121500
2003-07-23,85.25,85.5,85.08000183105469,85.1500015258789,43.67587661743164,209400
2003-07-24,84.80000305175781,84.88999938964844,84.6500015258789,84.81999969482422,43.50662612915039,186300
2003-07-25,84.9000015258789,85.30999755859375,84.63999938964844,84.70999908447266,43.45020294189453,34700
2003-07-28,84.44999694824219,84.47000122070312,84.05999755859375,84.08999633789062,43.132171630859375,124100
2003-07-29,83.97000122070312,84.6500015258789,83.2699966430664,83.2699966430664,42.71158981323242,297800
2003-07-30,83.69999694824219,84.31999969482422,83.6500015258789,83.94000244140625,43.055233001708984,158600
2003-07-31,83.5,83.72000122070312,82.69999694824219,83.37999725341797,42.76802444458008,241800
2003-08-01,82.70999908447266,83.33000183105469,82.63999938964844,83.0,42.94236755371094,160400
2003-08-04,83.08999633789062,83.66000366210938,83.0,83.61000061035156,43.257965087890625,498600
2003-08-05,83.55000305175781,83.76000213623047,82.83000183105469,83.05000305175781,42.96824264526367,169300
2003-08-06,83.26000213623047,84.04000091552734,83.22000122070312,83.9000015258789,43.408016204833984,338000
2003-08-07,84.16999816894531,84.2300033569336,83.69000244140625,84.19999694824219,43.56317138671875,292400
2003-08-08,84.37000274658203,84.75,84.0999984741211,84.19000244140625,43.55801773071289,235900
2003-08-11,84.05000305175781,84.05000305175781,83.55999755859375,83.83999633789062,43.3769416809082,150300
2003-08-12,83.86000061035156,84.0999984741211,83.5999984741211,83.69000244140625,43.29936218261719,197500
2003-08-13,83.25,83.30000305175781,82.66999816894531,82.76000213623047,42.81819534301758,346200
2003-08-14,82.5,82.94999694824219,82.16000366210938,82.93000030517578,42.90614318847656,314300
2003-08-15,83.0999984741211,83.0999984741211,82.9000015258789,82.9000015258789,42.890621185302734,10700
2003-08-18,83.13999938964844,83.22000122070312,82.87000274658203,83.1500015258789,43.01996612548828,137700
2003-08-19,83.08000183105469,83.80999755859375,83.0,83.80999755859375,43.361427307128906,162100
2003-08-20,83.86000061035156,83.9000015258789,83.22000122070312,83.41000366210938,43.15448760986328,99000
2003-08-21,83.25,83.4000015258789,82.66999816894531,83.0999984741211,42.994102478027344,129800
2003-08-22,82.87999725341797,83.2300033569336,82.8499984741211,83.16000366210938,43.02513885498047,241900
2003-08-25,83.0999984741211,83.30000305175781,82.6500015258789,82.80000305175781,42.838890075683594,99600
2003-08-26,82.54000091552734,83.0999984741211,82.5,83.0999984741211,42.994102478027344,87500
2003-08-27,83.16000366210938,83.16000366210938,82.66000366210938,82.9000015258789,42.890621185302734,50800
2003-08-28,83.05999755859375,83.55000305175781,83.05999755859375,83.4800033569336,43.19071578979492,64600
2003-08-29,83.51000213623047,83.52999877929688,83.05999755859375,83.25,43.07170486450195,62600
2003-09-02,82.4000015258789,82.69999694824219,82.1500015258789,82.1500015258789,42.89626693725586,118000
2003-09-03,82.26000213623047,82.4000015258789,82.19000244140625,82.36000061035156,43.00592803955078,105600
2003-09-04,82.5999984741211,82.94999694824219,82.41000366210938,82.88999938964844,43.282649993896484,145000
2003-09-05,83.62000274658203,84.0,83.37999725341797,83.94000244140625,43.8309326171875,130000
2003-09-08,83.80999755859375,84.37000274658203,83.55000305175781,83.55000305175781,43.627315521240234,224000
2003-09-09,83.76000213623047,83.98999786376953,83.48999786376953,83.94999694824219,43.836143493652344,69300
2003-09-10,84.0999984741211,84.58000183105469,84.0199966430664,84.5199966430664,44.1337776184082,136800
2003-09-11,84.27999877929688,84.30000305175781,84.05000305175781,84.22000122070312,43.97713088989258,79200
2003-09-12,84.69999694824219,85.02999877929688,84.52999877929688,84.55999755859375,44.1546630859375,146000
2003-09-15,84.45999908447266,84.81999969482422,84.25,84.70999908447266,44.233009338378906,125700
2003-09-16,84.58000183105469,84.7699966430664,84.36000061035156,84.63999938964844,44.19646453857422,80100
2003-09-17,84.77999877929688,85.23999786376953,84.6500015258789,85.11000061035156,44.44188690185547,177100
2003-09-18,85.12000274658203,85.18000030517578,84.68000030517578,85.0999984741211,44.4366569519043,132200
2003-09-19,85.05000305175781,85.18000030517578,84.87999725341797,85.0999984741211,44.4366569519043,195200
2003-09-22,84.66000366210938,84.77999877929688,84.25,84.7300033569336,44.24348449707031,249500
2003-09-23,84.61000061035156,84.95999908447266,84.5199966430664,84.93000030517578,44.347900390625,96300
2003-09-24,84.87000274658203,85.51000213623047,84.80999755859375,85.36000061035156,44.5723762512207,258000
2003-09-25,85.44999694824219,85.66000366210938,85.33999633789062,85.4800033569336,44.63506317138672,314800
2003-09-26,85.73999786376953,86.1500015258789,85.66999816894531,86.12999725341797,44.9744758605957,281300
2003-09-29,85.9000015258789,86.06999969482422,85.72000122070312,85.76000213623047,44.78126907348633,97500
2003-09-30,85.94000244140625,86.87999725341797,85.94000244140625,86.58999633789062,45.21467208862305,450400
2003-10-01,86.2699966430664,86.45999908447266,86.05000305175781,86.23999786376953,45.41534423828125,102100
2003-10-02,85.7300033569336,86.1500015258789,85.55999755859375,85.93000030517578,45.25209045410156,163500
2003-10-03,85.16999816894531,85.16999816894531,84.6500015258789,84.73999786376953,44.62540817260742,319500
2003-10-06,84.56999969482422,85.11000061035156,84.56999969482422,84.98999786376953,44.757080078125,89900
2003-10-07,84.93000030517578,84.94999694824219,84.45999908447266,84.5,44.498992919921875,93000
2003-10-08,84.33999633789062,84.80000305175781,84.33999633789062,84.6500015258789,44.57799530029297,116100
2003-10-09,84.16999816894531,84.4000015258789,84.0999984741211,84.37999725341797,44.435829162597656,173700
2003-10-10,84.6500015258789,84.80000305175781,84.56999969482422,84.62999725341797,44.56748962402344,73400
2003-10-13,84.75,84.75,84.3499984741211,84.5,44.498992919921875,62100
2003-10-14,84.18000030517578,84.43000030517578,84.08000183105469,84.16000366210938,44.31996536254883,118700
2003-10-15,83.83999633789062,83.93000030517578,83.6500015258789,83.86000061035156,44.161991119384766,62800
2003-10-16,83.95999908447266,84.1500015258789,83.37000274658203,83.4000015258789,43.91972351074219,89600
2003-10-17,83.56999969482422,83.9000015258789,83.43000030517578,83.8499984741211,44.156734466552734,84800
2003-10-20,83.75,84.13999938964844,83.66000366210938,83.91000366210938,44.18833541870117,90700
2003-10-21,84.16000366210938,84.31999969482422,84.0,84.05999755859375,44.267311096191406,213400
2003-10-22,84.51000213623047,84.76000213623047,84.37000274658203,84.66999816894531,44.58855438232422,167300
2003-10-23,84.69999694824219,84.75,84.23999786376953,84.4000015258789,44.44635772705078,146700
2003-10-24,84.75,85.1500015258789,84.62000274658203,84.98999786376953,44.757080078125,136500
2003-10-27,84.80999755859375,85.0,84.62999725341797,84.76000213623047,44.635929107666016,171300
2003-10-28,84.66000366210938,85.2699966430664,84.44000244140625,85.16000366210938,44.84659194946289,174300
2003-10-29,85.0199966430664,85.05000305175781,84.61000061035156,84.61000061035156,44.55691146850586,111400
2003-10-30,84.1500015258789,84.41000366210938,84.06999969482422,84.30000305175781,44.393699645996094,302000
2003-10-31,84.44999694824219,84.66000366210938,84.41000366210938,84.5999984741211,44.551673889160156,77600
2003-11-03,84.05999755859375,84.0999984741211,83.7300033569336,84.0,44.3820915222168,133500
2003-11-04,84.16000366210938,84.30999755859375,84.08999633789062,84.30000305175781,44.540557861328125,84700
2003-11-05,84.23999786376953,84.29000091552734,83.91999816894531,84.0,44.3820915222168,172900
2003-11-06,83.75,83.7699966430664,83.52999877929688,83.56999969482422,44.15488815307617,143700
2003-11-07,83.31999969482422,83.5,83.22000122070312,83.43000030517578,44.08094787597656,112900
2003-11-10,83.5,83.66999816894531,83.2699966430664,83.4000015258789,44.0650749206543,97800
2003-11-11,83.30000305175781,83.75,83.30000305175781,83.52999877929688,44.13374328613281,27300
2003-11-12,83.58000183105469,83.80999755859375,83.58000183105469,83.80000305175781,44.276397705078125,80200
2003-11-13,84.12000274658203,84.55000305175781,84.11000061035156,84.52999877929688,44.66210174560547,134700
2003-11-14,84.55999755859375,85.0,84.55999755859375,84.98999786376953,44.9051628112793,70000
2003-11-17,85.08000183105469,85.36000061035156,85.08000183105469,85.08999633789062,44.95797348022461,113300
2003-11-18,84.94000244140625,85.44000244140625,84.87000274658203,85.44000244140625,45.14291000366211,95700
2003-11-19,85.5,85.52999877929688,84.81999969482422,84.86000061035156,44.83645248413086,524800
2003-11-20,85.31999969482422,85.38999938964844,84.98999786376953,85.38999938964844,45.116477966308594,59600
2003-11-21,85.4800033569336,85.55000305175781,85.33999633789062,85.3499984741211,45.0953369140625,237400
2003-11-24,85.08999633789062,85.12999725341797,84.80000305175781,84.9000015258789,44.85756301879883,164400
2003-11-25,84.97000122070312,85.26000213623047,84.97000122070312,85.11000061035156,44.968536376953125,126400
2003-11-26,85.01000213623047,85.1500015258789,84.80000305175781,84.9000015258789,44.85756301879883,56800
2003-11-28,84.58000183105469,84.58000183105469,84.33000183105469,84.33999633789062,44.56173324584961,121400
2003-12-01,83.72000122070312,83.75,83.2699966430664,83.5999984741211,44.2894172668457,201100
2003-12-02,83.66000366210938,83.83999633789062,83.4000015258789,83.83999633789062,44.416568756103516,278700
2003-12-03,83.80000305175781,83.94000244140625,83.51000213623047,83.62000274658203,44.30002212524414,119300
2003-12-04,83.6500015258789,83.94999694824219,83.58999633789062,83.80000305175781,44.395362854003906,78000
2003-12-05,84.5199966430664,85.0,84.41999816894531,84.81999969482422,44.93569564819336,1858200
2003-12-08,84.81999969482422,84.81999969482422,84.44999694824219,84.5,44.766204833984375,107200
2003-12-09,84.72000122070312,84.8499984741211,83.9000015258789,84.08000183105469,44.54369354248047,282800
2003-12-10,84.37999725341797,84.38999938964844,84.05000305175781,84.29000091552734,44.65497970581055,158200
2003-12-11,84.1500015258789,84.87999725341797,84.0199966430664,84.80000305175781,44.92511749267578,52200
2003-12-12,84.87000274658203,85.16000366210938,84.7699966430664,84.80000305175781,44.92511749267578,96700
2003-12-15,84.76000213623047,84.94999694824219,84.56999969482422,84.76000213623047,44.9039306640625,204500
2003-12-16,84.81999969482422,84.94999694824219,84.58999633789062,84.93000030517578,45.44436264038086,79000
2003-12-17,85.23999786376953,85.43000030517578,85.08999633789062,85.1500015258789,45.562137603759766,92600
2003-12-18,85.16000366210938,85.47000122070312,85.08000183105469,85.44000244140625,45.71729278564453,71900
2003-12-19,85.30999755859375,85.44999694824219,85.16000366210938,85.44999694824219,45.72263717651367,342100
2003-12-22,85.52999877929688,85.56999969482422,85.13999938964844,85.22000122070312,45.59956359863281,80500
2003-12-23,85.08999633789062,85.12000274658203,84.63999938964844,84.63999938964844,45.28921127319336,87400
2003-12-24,84.94000244140625,85.18000030517578,84.87000274658203,85.16999816894531,45.572784423828125,33900
2003-12-26,85.36000061035156,85.45999908447266,85.31999969482422,85.44000244140625,45.71729278564453,120800
2003-12-29,85.12000274658203,85.19999694824219,84.91999816894531,84.91999816894531,45.439022064208984,88300
2003-12-30,84.75,84.94999694824219,84.62999725341797,84.83000183105469,45.390892028808594,86500
2003-12-31,84.5999984741211,84.7300033569336,84.5,84.69999694824219,45.47087097167969,182200
2004-01-02,84.5199966430664,84.5199966430664,83.75,84.0199966430664,45.10585021972656,259700
2004-01-05,83.80000305175781,84.01000213623047,83.72000122070312,83.94999694824219,45.06821060180664,210700
2004-01-06,84.0999984741211,84.69000244140625,84.0999984741211,84.58000183105469,45.40646743774414,144300
2004-01-07,84.52999877929688,84.93000030517578,84.48999786376953,84.7699966430664,45.50843048095703,66500
2004-01-08,84.69999694824219,84.88999938964844,84.5999984741211,84.7699966430664,45.50843048095703,140000
2004-01-09,85.69999694824219,85.81999969482422,85.55000305175781,85.7699966430664,46.04533004760742,914600
2004-01-12,85.69999694824219,86.1500015258789,85.62999725341797,85.7699966430664,46.04533004760742,136000
2004-01-13,85.76000213623047,86.25,85.6500015258789,86.2300033569336,46.29225158691406,77200
2004-01-14,86.0999984741211,86.44000244140625,85.98999786376953,86.4000015258789,46.38353729248047,114200
2004-01-15,86.4000015258789,86.87000274658203,86.12000274658203,86.44999694824219,46.41034698486328,472900
2004-01-16,86.62000274658203,86.62000274658203,86.0,86.08999633789062,46.217071533203125,64400
2004-01-20,85.87999725341797,86.22000122070312,85.83999633789062,85.94000244140625,46.13658142089844,86900
2004-01-21,86.08999633789062,86.2300033569336,85.9000015258789,86.19000244140625,46.270729064941406,248700
2004-01-22,86.31999969482422,86.55999755859375,86.16000366210938,86.55999755859375,46.46937561035156,176000
2004-01-23,86.66999816894531,86.77999877929688,85.81999969482422,85.91000366210938,46.12046432495117,344900
2004-01-26,85.9000015258789,85.9000015258789,85.4800033569336,85.55000305175781,45.927215576171875,283700
2004-01-27,85.52999877929688,85.91999816894531,85.52999877929688,85.88999938964844,46.109710693359375,138100
2004-01-28,85.86000061035156,86.2300033569336,84.77999877929688,85.2699966430664,45.77686309814453,805400
2004-01-29,85.04000091552734,85.25,84.86000061035156,85.16999816894531,45.723167419433594,155100
2004-01-30,85.4800033569336,85.5999984741211,85.27999877929688,85.55999755859375,45.93256759643555,110000
2004-02-02,85.22000122070312,85.66999816894531,85.1500015258789,85.22000122070312,45.88680648803711,78600
2004-02-03,85.4800033569336,85.55000305175781,85.33000183105469,85.55000305175781,46.06450653076172,89200
2004-02-04,85.45999908447266,85.45999908447266,85.25,85.41000366210938,45.98912811279297,126100
2004-02-05,85.37999725341797,85.5,85.0,85.08999633789062,45.81678771972656,209700
2004-02-06,85.5999984741211,85.75,85.5199966430664,85.61000061035156,46.09676742553711,297000
2004-02-09,85.80999755859375,85.9000015258789,85.69999694824219,85.80999755859375,46.20448303222656,176000
2004-02-10,85.69999694824219,85.75,85.51000213623047,85.56999969482422,46.075225830078125,344200
2004-02-11,85.47000122070312,86.30000305175781,85.37999725341797,86.0199966430664,46.317527770996094,202200
2004-02-12,86.0999984741211,86.19999694824219,85.83000183105469,85.97000122070312,46.29063415527344,109000
2004-02-13,86.20999908447266,86.4000015258789,86.08000183105469,86.19000244140625,46.40904998779297,205900
2004-02-17,86.31999969482422,86.31999969482422,86.0999984741211,86.19000244140625,46.40904998779297,48000
2004-02-18,86.5199966430664,86.5199966430664,86.11000061035156,86.16999816894531,46.398284912109375,74200
2004-02-19,86.0199966430664,86.25,85.9800033569336,86.2300033569336,46.43062973022461,39700
2004-02-20,86.18000030517578,86.19999694824219,85.81999969482422,85.94000244140625,46.27449417114258,62300
2004-02-23,86.0199966430664,86.26000213623047,85.95999908447266,86.22000122070312,46.425235748291016,230200
2004-02-24,86.36000061035156,86.55999755859375,86.26000213623047,86.37000274658203,46.506019592285156,299600
2004-02-25,86.47000122070312,86.54000091552734,86.4000015258789,86.47000122070312,46.55988693237305,108700
2004-02-26,86.31999969482422,86.38999938964844,86.19999694824219,86.33999633789062,46.489864349365234,169800
2004-02-27,86.56999969482422,86.73999786376953,86.44000244140625,86.68000030517578,46.67291259765625,161900
2004-03-01,86.6500015258789,86.7300033569336,86.36000061035156,86.5199966430664,46.722076416015625,284600
2004-03-02,86.29000091552734,86.30999755859375,85.86000061035156,86.0199966430664,46.4520378112793,284500
2004-03-03,85.87000274658203,85.9800033569336,85.69999694824219,85.94000244140625,46.408870697021484,270400
2004-03-04,85.9000015258789,86.20999908447266,85.83000183105469,86.20999908447266,46.55460739135742,383700
2004-03-05,87.44999694824219,87.5,87.2300033569336,87.27999877929688,47.13248062133789,904800
2004-03-08,87.69000244140625,87.77999877929688,87.58999633789062,87.7699966430664,47.397071838378906,208400
2004-03-09,87.76000213623047,88.13999938964844,87.7300033569336,88.0999984741211,47.57529067993164,254300
2004-03-10,87.94000244140625,88.16000366210938,87.91999816894531,88.08999633789062,47.56990432739258,245100
2004-03-11,88.30999755859375,88.33000183105469,87.72000122070312,88.0999984741211,47.57529067993164,486800
2004-03-12,88.05000305175781,88.16999816894531,87.81999969482422,87.83000183105469,47.429447174072266,245600
2004-03-15,87.8499984741211,88.02999877929688,87.70999908447266,87.87999725341797,47.45648956298828,432800
2004-03-16,87.75,88.37000274658203,87.63999938964844,88.30999755859375,47.688690185546875,178400
2004-03-17,88.55000305175781,88.55000305175781,88.16000366210938,88.25,47.65630340576172,522300
2004-03-18,88.06999969482422,88.27999877929688,87.9000015258789,87.97000122070312,47.50506591796875,207200
2004-03-19,87.91000366210938,87.97000122070312,87.73999786376953,87.8499984741211,47.440303802490234,329500
2004-03-22,88.0,88.2300033569336,87.94999694824219,88.18000030517578,47.618492126464844,87300
2004-03-23,88.13999938964844,88.30999755859375,88.0999984741211,88.30999755859375,47.688690185546875,200400
2004-03-24,88.2699966430664,88.33000183105469,88.16999816894531,88.25,47.65630340576172,397900
2004-03-25,88.0999984741211,88.19999694824219,88.0199966430664,88.12999725341797,47.59149932861328,71000
2004-03-26,88.05000305175781,88.05000305175781,87.44000244140625,87.56999969482422,47.289093017578125,316200
2004-03-29,87.22000122070312,87.23999786376953,87.04000091552734,87.19999694824219,47.08928298950195,196500
2004-03-30,87.44999694824219,87.44999694824219,87.1500015258789,87.2300033569336,47.10551834106445,78500
2004-03-31,87.30999755859375,87.62000274658203,87.29000091552734,87.55000305175781,47.27828598022461,222000
2004-04-01,87.22000122070312,87.25,86.87999725341797,87.08000183105469,47.16240310668945,438500
2004-04-02,85.69999694824219,85.80000305175781,85.3499984741211,85.47000122070312,46.290401458740234,321800
2004-04-05,85.12999725341797,85.19999694824219,84.9000015258789,85.05000305175781,46.06291961669922,214500
2004-04-06,85.30000305175781,85.41000366210938,85.19999694824219,85.3499984741211,46.22539520263672,87400
2004-04-07,85.37999725341797,85.58999633789062,85.30000305175781,85.36000061035156,46.2308349609375,144100
2004-04-08,85.2699966430664,85.41000366210938,85.19000244140625,85.19999694824219,46.14418029785156,43200
2004-04-12,85.01000213623047,85.01000213623047,84.83000183105469,84.93000030517578,45.9979133605957,98900
2004-04-13,84.44000244140625,84.56999969482422,84.2699966430664,84.2699966430664,45.640499114990234,382100
2004-04-14,83.69999694824219,84.22000122070312,83.69999694824219,84.20999908447266,45.608001708984375,473900
2004-04-15,84.0999984741211,84.2699966430664,83.94999694824219,84.08999633789062,45.543006896972656,128200
2004-04-16,84.36000061035156,84.48999786376953,84.19999694824219,84.4000015258789,45.71087646484375,135900
2004-04-19,84.51000213623047,84.55999755859375,84.1500015258789,84.18000030517578,45.591712951660156,211700
2004-04-20,84.08000183105469,84.19999694824219,83.56999969482422,83.56999969482422,45.26138687133789,395700
2004-04-21,83.62000274658203,83.94000244140625,83.62000274658203,83.73999786376953,45.35343933105469,340300
2004-04-22,84.05999755859375,84.19999694824219,83.9000015258789,84.06999969482422,45.53215789794922,1074000
2004-04-23,83.7699966430664,83.83999633789062,83.58999633789062,83.72000122070312,45.34259796142578,94800
2004-04-26,83.62000274658203,83.77999877929688,83.62000274658203,83.70999908447266,45.337181091308594,51700
2004-04-27,83.88999938964844,84.04000091552734,83.66999816894531,84.04000091552734,45.51588439941406,65700
2004-04-28,83.8499984741211,83.95999908447266,83.44000244140625,83.48999786376953,45.21803283691406,86800
2004-04-29,83.56999969482422,83.69999694824219,83.11000061035156,83.30000305175781,45.11514663696289,197000
2004-04-30,83.36000061035156,83.56999969482422,83.20999908447266,83.5,45.22348403930664,57000
2004-05-03,83.16000366210938,83.33000183105469,83.12000274658203,83.19999694824219,45.2060661315918,69400
2004-05-04,83.4000015258789,83.6500015258789,82.95999908447266,82.95999908447266,45.0756721496582,588700
2004-05-05,83.25,83.25,82.76000213623047,82.7699966430664,44.972442626953125,290200
2004-05-06,82.76000213623047,82.83000183105469,82.6500015258789,82.69000244140625,44.928955078125,256000
2004-05-07,81.9800033569336,81.9800033569336,81.5199966430664,81.66999816894531,44.37474822998047,428400
2004-05-10,81.70999908447266,81.83999633789062,81.55000305175781,81.6500015258789,44.36393356323242,275300
2004-05-11,81.66999816894531,81.8499984741211,81.62000274658203,81.80999755859375,44.450809478759766,132400
2004-05-12,81.7699966430664,81.91000366210938,81.5999984741211,81.69000244140625,44.3856315612793,74100
2004-05-13,81.5,81.54000091552734,81.30999755859375,81.44000244140625,44.249813079833984,143200
2004-05-14,81.5999984741211,81.93000030517578,81.56999969482422,81.8499984741211,44.47254180908203,186900
2004-05-17,82.22000122070312,82.44000244140625,82.22000122070312,82.37999725341797,44.76053237915039,623700
2004-05-18,82.18000030517578,82.25,82.05999755859375,82.22000122070312,44.67362594604492,148000
2004-05-19,81.83000183105469,81.94999694824219,81.76000213623047,81.83999633789062,44.4671516418457,59200
2004-05-20,82.19999694824219,82.29000091552734,82.05000305175781,82.25,44.689884185791016,136900
2004-05-21,82.47000122070312,82.47000122070312,82.0,82.06999969482422,44.59207534790039,212800
2004-05-24,82.0999984741211,82.1500015258789,81.94000244140625,82.12999725341797,44.62470245361328,64000
2004-05-25,82.2699966430664,82.33999633789062,82.13999938964844,82.16000366210938,44.64095687866211,74600
2004-05-26,82.43000030517578,82.61000061035156,82.33999633789062,82.56999969482422,44.86376953125,131000
2004-05-27,82.91000366210938,83.05000305175781,82.77999877929688,83.0199966430664,45.10825729370117,577000
2004-05-28,82.93000030517578,83.0199966430664,82.58999633789062,82.79000091552734,44.983314514160156,59800
2004-06-01,82.26000213623047,82.30000305175781,81.91000366210938,82.0999984741211,44.759220123291016,188900
2004-06-02,82.08000183105469,82.16999816894531,81.94999694824219,81.95999908447266,44.682899475097656,141200
2004-06-03,81.9800033569336,82.16000366210938,81.9000015258789,82.08999633789062,44.753780364990234,165000
2004-06-04,82.12000274658203,82.12000274658203,81.72000122070312,81.75,44.56843948364258,157000
2004-06-07,81.68000030517578,81.87999725341797,81.55999755859375,81.87000274658203,44.633846282958984,119600
2004-06-08,81.68000030517578,81.8499984741211,81.56999969482422,81.8499984741211,44.622920989990234,627400
2004-06-09,81.62999725341797,81.7300033569336,81.41000366210938,81.61000061035156,44.4920539855957,146000
2004-06-10,81.56999969482422,81.76000213623047,81.45999908447266,81.69999694824219,44.54115295410156,156600
2004-06-14,81.5,81.55000305175781,81.25,81.30000305175781,44.32307052612305,185900
2004-06-15,81.9000015258789,82.47000122070312,81.83000183105469,82.37999725341797,44.91184997558594,423700
2004-06-16,82.08000183105469,82.2699966430664,82.01000213623047,82.19999694824219,44.81373977661133,55100
2004-06-17,82.02999877929688,82.43000030517578,81.94999694824219,82.43000030517578,44.939170837402344,91500
2004-06-18,82.44000244140625,82.4800033569336,82.25,82.26000213623047,44.84648132324219,114600
2004-06-21,82.4000015258789,82.47000122070312,82.2699966430664,82.38999938964844,44.91730499267578,44300
2004-06-22,82.33999633789062,82.36000061035156,82.25,82.27999877929688,44.857383728027344,209400
2004-06-23,82.18000030517578,82.41999816894531,82.16999816894531,82.4000015258789,44.92280197143555,149000
2004-06-24,82.75,82.88999938964844,82.6500015258789,82.72000122070312,45.09724426269531,188800
2004-06-25,82.62000274658203,82.7699966430664,82.5999984741211,82.76000213623047,45.11904525756836,61200
2004-06-28,82.44999694824219,82.5,82.13999938964844,82.1500015258789,44.786495208740234,102800
2004-06-29,82.22000122070312,82.54000091552734,82.0999984741211,82.54000091552734,44.99909210205078,103600
2004-06-30,82.66000366210938,83.11000061035156,82.61000061035156,83.05000305175781,45.27717590332031,452200
2004-07-01,82.7699966430664,83.0199966430664,82.56999969482422,82.94000244140625,45.36631393432617,115500
2004-07-02,83.72000122070312,83.83999633789062,83.44999694824219,83.6500015258789,45.754669189453125,146900
2004-07-06,83.66000366210938,83.7300033569336,83.45999908447266,83.48999786376953,45.66712951660156,107100
2004-07-07,83.5,83.66000366210938,83.45999908447266,83.52999877929688,45.689056396484375,61500
2004-07-08,83.58999633789062,83.75,83.51000213623047,83.54000091552734,45.694454193115234,186500
2004-07-09,83.63999938964844,83.72000122070312,83.55000305175781,83.68000030517578,45.77109146118164,192300
2004-07-12,83.7300033569336,83.83999633789062,83.72000122070312,83.77999877929688,45.825801849365234,182400
2004-07-13,83.58999633789062,83.62000274658203,83.41000366210938,83.5999984741211,45.72732925415039,84200
2004-07-14,83.54000091552734,83.62999725341797,83.5,83.55999755859375,45.705440521240234,252300
2004-07-15,83.55999755859375,83.5999984741211,83.44999694824219,83.5199966430664,45.683570861816406,77600
2004-07-16,83.91999816894531,84.33000183105469,83.91999816894531,84.33000183105469,46.126583099365234,225800
2004-07-19,84.2300033569336,84.33999633789062,84.20999908447266,84.30999755859375,46.11569595336914,44700
2004-07-20,84.12000274658203,84.25,83.72000122070312,83.76000213623047,45.81485366821289,111200
2004-07-21,83.55000305175781,83.62000274658203,83.33999633789062,83.58000183105469,45.71637725830078,98800
2004-07-22,83.69000244140625,83.80999755859375,83.62999725341797,83.68000030517578,45.77109146118164,54400
2004-07-23,83.69999694824219,83.9000015258789,83.69999694824219,83.87999725341797,45.880489349365234,54000
2004-07-26,83.69000244140625,83.73999786376953,83.58000183105469,83.58999633789062,45.72183609008789,65300
2004-07-27,83.56999969482422,83.56999969482422,82.97000122070312,83.0,45.39916229248047,73800
2004-07-28,82.86000061035156,83.1500015258789,82.7699966430664,83.12999725341797,45.470237731933594,83600
2004-07-29,83.08999633789062,83.22000122070312,83.05000305175781,83.20999908447266,45.51400375366211,39600
2004-07-30,83.5199966430664,83.80000305175781,83.51000213623047,83.77999877929688,45.825801849365234,64700
2004-08-02,83.76000213623047,83.76000213623047,83.5199966430664,83.58999633789062,45.871307373046875,226300
2004-08-03,83.58999633789062,83.87999725341797,83.58999633789062,83.79000091552734,45.98106002807617,167700
2004-08-04,83.79000091552734,84.0,83.70999908447266,83.73999786376953,45.9536247253418,103100
2004-08-05,83.9000015258789,84.06999969482422,83.9000015258789,83.98999786376953,46.09081268310547,130000
2004-08-06,85.05000305175781,85.19999694824219,84.86000061035156,85.13999938964844,46.72190475463867,235700
2004-08-09,85.0,85.04000091552734,84.8499984741211,84.86000061035156,46.5682373046875,96100
2004-08-10,84.97000122070312,85.04000091552734,84.48999786376953,84.51000213623047,46.3762092590332,151600
2004-08-11,84.55000305175781,84.80000305175781,84.5199966430664,84.80000305175781,46.535316467285156,174900
2004-08-12,84.69999694824219,84.95999908447266,84.5999984741211,84.91000366210938,46.59569549560547,80100
2004-08-13,85.19999694824219,85.29000091552734,85.05999755859375,85.05999755859375,46.67802429199219,78300
2004-08-16,85.02999877929688,85.04000091552734,84.79000091552734,84.97000122070312,46.62860870361328,304300
2004-08-17,85.04000091552734,85.37000274658203,85.01000213623047,85.37000274658203,46.848114013671875,66400
2004-08-18,85.5,85.55000305175781,85.04000091552734,85.08999633789062,46.6944694519043,79600
2004-08-19,85.11000061035156,85.31999969482422,85.0199966430664,85.30000305175781,46.809688568115234,61800
2004-08-20,85.2300033569336,85.33000183105469,85.12000274658203,85.12999725341797,46.71644592285156,36700
2004-08-23,84.91999816894531,84.95999908447266,84.80999755859375,84.83999633789062,46.55728530883789,73100
2004-08-24,84.75,84.93000030517578,84.69999694824219,84.91999816894531,46.601192474365234,94300
2004-08-25,84.9800033569336,85.16999816894531,84.93000030517578,84.93000030517578,46.606666564941406,88900
2004-08-26,85.13999938964844,85.30000305175781,85.01000213623047,85.30000305175781,46.809688568115234,98700
2004-08-27,85.27999877929688,85.4000015258789,85.18000030517578,85.19999694824219,46.75483322143555,62200
2004-08-30,85.36000061035156,85.54000091552734,85.29000091552734,85.5,46.91945266723633,41400
2004-08-31,85.58000183105469,85.98999786376953,85.5199966430664,85.87000274658203,47.12253952026367,127600
2004-09-01,85.69999694824219,85.75,85.3499984741211,85.58999633789062,47.114803314208984,209500
2004-09-02,85.58000183105469,85.58000183105469,85.12000274658203,85.12999725341797,46.861568450927734,107100
2004-09-03,84.9000015258789,84.95999908447266,84.66000366210938,84.9000015258789,46.73494338989258,211800
2004-09-07,84.83000183105469,84.97000122070312,84.7300033569336,84.94999694824219,46.76249694824219,53300
2004-09-08,84.80000305175781,85.47000122070312,84.73999786376953,85.44000244140625,47.03221130371094,142700
2004-09-09,85.48999786376953,85.66000366210938,85.25,85.29000091552734,46.94965744018555,105300
2004-09-10,85.58000183105469,85.6500015258789,85.43000030517578,85.45999908447266,47.043212890625,150300
2004-09-13,85.5199966430664,85.69000244140625,85.44000244140625,85.66999816894531,47.15885925292969,90300
2004-09-14,85.62999725341797,85.77999877929688,85.4800033569336,85.69000244140625,47.169864654541016,119500
2004-09-15,85.6500015258789,85.68000030517578,85.5,85.5999984741211,47.12030792236328,66900
2004-09-16,85.6500015258789,86.18000030517578,85.6500015258789,86.06999969482422,47.3790168762207,249500
2004-09-17,86.0,86.12999725341797,85.7699966430664,85.7699966430664,47.213863372802734,142100
2004-09-20,86.01000213623047,86.29000091552734,86.01000213623047,86.26000213623047,47.48357391357422,181200
2004-09-21,86.16999816894531,86.4000015258789,85.95999908447266,86.31999969482422,47.51667022705078,81700
2004-09-22,86.25,86.70999908447266,86.22000122070312,86.66999816894531,47.70930480957031,93600
2004-09-23,86.72000122070312,86.75,86.31999969482422,86.37000274658203,47.5442008972168,246700
2004-09-24,86.29000091552734,86.37000274658203,86.11000061035156,86.36000061035156,47.538665771484375,93100
2004-09-27,86.52999877929688,86.63999938964844,86.44000244140625,86.5999984741211,47.67076873779297,201200
2004-09-28,86.5999984741211,86.69000244140625,86.37000274658203,86.51000213623047,47.62119674682617,202800
2004-09-29,86.16000366210938,86.18000030517578,85.94999694824219,85.97000122070312,47.32400131225586,226100
2004-09-30,85.69999694824219,85.9000015258789,85.5199966430664,85.87999725341797,47.274444580078125,175000
2004-10-01,85.3499984741211,85.38999938964844,85.12999725341797,85.27999877929688,47.0850715637207,270200
2004-10-04,85.01000213623047,85.3499984741211,85.0,85.30999755859375,47.101654052734375,278100
2004-10-05,85.30999755859375,85.4000015258789,85.20999908447266,85.30999755859375,47.101654052734375,220000
2004-10-06,85.2699966430664,85.2699966430664,84.97000122070312,85.02999877929688,46.9470329284668,137100
2004-10-07,85.01000213623047,85.05999755859375,84.83000183105469,84.87999725341797,46.86418533325195,130500
2004-10-08,85.58000183105469,85.68000030517578,85.48999786376953,85.5999984741211,47.26173782348633,123400
2004-10-11,85.55999755859375,85.75,85.55000305175781,85.73999786376953,47.33905029296875,48800
2004-10-12,85.8499984741211,85.87999725341797,85.7300033569336,85.73999786376953,47.33905029296875,142700
2004-10-13,85.66999816894531,86.05999755859375,85.61000061035156,86.05000305175781,47.51020050048828,130600
2004-10-14,86.06999969482422,86.4000015258789,85.98999786376953,86.3499984741211,47.67585372924805,81300
2004-10-15,86.20999908447266,86.2699966430664,85.79000091552734,86.05999755859375,47.51570510864258,195100
2004-10-18,86.1500015258789,86.20999908447266,85.94000244140625,86.19000244140625,47.58747100830078,207800
2004-10-19,85.87999725341797,86.25,85.8499984741211,86.16000366210938,47.570926666259766,65300
2004-10-20,86.44999694824219,86.55999755859375,86.33000183105469,86.55000305175781,47.786277770996094,110700
2004-10-21,86.45999908447266,86.75,86.43000030517578,86.43000030517578,47.72004699707031,156600
2004-10-22,86.43000030517578,86.66999816894531,86.31999969482422,86.66999816894531,47.852516174316406,64100
2004-10-25,86.80000305175781,86.87000274658203,86.69000244140625,86.7699966430664,47.90770721435547,172300
2004-10-26,86.75,86.80999755859375,86.58000183105469,86.62000274658203,47.82489013671875,37400
2004-10-27,86.72000122070312,86.80000305175781,86.01000213623047,86.08999633789062,47.532249450683594,126800
2004-10-28,85.94000244140625,86.31999969482422,85.86000061035156,86.22000122070312,47.60407638549805,49500
2004-10-29,86.20999908447266,86.47000122070312,86.0999984741211,86.47000122070312,47.742088317871094,341100
2004-11-01,86.05999755859375,86.1500015258789,85.73999786376953,85.77999877929688,47.50666809082031,128800
2004-11-02,85.80999755859375,86.0,85.70999908447266,85.98999786376953,47.62303161621094,191300
2004-11-03,85.5199966430664,86.0,85.44999694824219,85.95999908447266,47.606380462646484,139800
2004-11-04,86.0999984741211,86.16999816894531,85.87000274658203,85.91000366210938,47.578712463378906,435100
2004-11-05,85.30999755859375,85.37000274658203,85.08000183105469,85.2699966430664,47.22425079345703,886400
2004-11-08,85.16999816894531,85.19999694824219,85.02999877929688,85.1500015258789,47.157806396484375,300600
2004-11-09,85.16000366210938,85.26000213623047,85.0999984741211,85.16999816894531,47.16887283325195,95000
2004-11-10,85.08000183105469,85.19000244140625,84.80000305175781,85.0,47.074745178222656,118700
2004-11-11,85.19999694824219,85.19999694824219,84.9800033569336,84.9800033569336,47.06364822387695,94500
2004-11-12,85.16000366210938,85.41999816894531,85.05999755859375,85.30000305175781,47.24088668823242,154700
2004-11-15,85.30000305175781,85.4000015258789,85.19000244140625,85.33999633789062,47.263031005859375,144700
2004-11-16,85.22000122070312,85.2699966430664,85.1500015258789,85.25,47.21318054199219,125900
2004-11-17,85.25,85.73999786376953,85.22000122070312,85.69999694824219,47.46237564086914,199600
2004-11-18,85.58000183105469,85.81999969482422,85.56999969482422,85.7699966430664,47.501190185546875,110100
2004-11-19,85.69999694824219,85.75,85.16000366210938,85.30000305175781,47.24088668823242,2162100
2004-11-22,85.25,85.43000030517578,85.23999786376953,85.36000061035156,47.27410888671875,168100
2004-11-23,85.2699966430664,85.58999633789062,85.20999908447266,85.27999877929688,47.22981262207031,183600
2004-11-24,85.33999633789062,85.4000015258789,85.25,85.4000015258789,47.29627227783203,51900
2004-11-26,85.05000305175781,85.12999725341797,85.0199966430664,85.08999633789062,47.12456130981445,62600
2004-11-29,84.73999786376953,84.77999877929688,84.51000213623047,84.58000183105469,46.84212875366211,455700
2004-11-30,84.47000122070312,84.62000274658203,84.4000015258789,84.5,46.797794342041016,182100
2004-12-01,84.45999908447266,84.45999908447266,84.0999984741211,84.20999908447266,46.782249450683594,257600
2004-12-02,84.04000091552734,84.16999816894531,83.87999725341797,84.0199966430664,46.67673873901367,886300
2004-12-03,84.83000183105469,85.08000183105469,84.75,84.86000061035156,47.14332962036133,224100
2004-12-06,84.9800033569336,85.11000061035156,84.87999725341797,85.0199966430664,47.23230743408203,325500
2004-12-07,84.94999694824219,85.05999755859375,84.8499984741211,85.01000213623047,47.22669219970703,1053000
2004-12-08,85.19999694824219,85.66000366210938,85.19999694824219,85.63999938964844,47.576698303222656,158500
2004-12-09,85.58000183105469,85.79000091552734,85.37000274658203,85.44000244140625,47.465606689453125,169400
2004-12-10,85.58000183105469,85.69999694824219,85.4800033569336,85.56999969482422,47.537776947021484,191900
2004-12-13,85.5,85.77999877929688,85.47000122070312,85.62999725341797,47.57112121582031,141800
2004-12-14,85.5,85.80999755859375,85.41000366210938,85.77999877929688,47.654422760009766,190900
2004-12-15,85.94999694824219,86.08999633789062,85.87999725341797,86.08999633789062,47.82664108276367,95000
2004-12-16,85.91999816894531,85.91999816894531,85.43000030517578,85.43000030517578,47.46002960205078,478500
2004-12-17,85.19999694824219,85.5,85.19999694824219,85.31999969482422,47.39887237548828,163600
2004-12-20,85.5199966430664,85.5199966430664,85.33000183105469,85.41999816894531,47.454490661621094,62900
2004-12-21,85.43000030517578,85.56999969482422,85.30999755859375,85.54000091552734,47.52114486694336,168400
2004-12-22,85.58000183105469,85.58000183105469,85.30999755859375,85.44999694824219,47.47114562988281,465100
2004-12-23,85.41000366210938,85.44000244140625,85.30000305175781,85.33999633789062,47.41002655029297,66400
2004-12-27,85.0999984741211,85.16000366210938,84.83000183105469,84.9800033569336,47.21002960205078,165200
2004-12-28,84.94000244140625,85.01000213623047,84.66999816894531,84.97000122070312,47.204471588134766,366800
2004-12-29,85.05000305175781,85.05000305175781,84.73999786376953,84.80000305175781,47.11003112792969,127800
2004-12-30,84.91000366210938,85.18000030517578,84.81999969482422,85.12000274658203,47.28782272338867,135000
2004-12-31,84.9800033569336,85.16999816894531,84.94999694824219,84.94999694824219,47.34410858154297,151300
2005-01-03,84.91999816894531,85.16000366210938,84.83000183105469,85.12000274658203,47.43883514404297,323400
2005-01-04,85.12000274658203,85.12000274658203,84.58000183105469,84.58999633789062,47.143428802490234,1181000
2005-01-05,84.68000030517578,84.87000274658203,84.61000061035156,84.7300033569336,47.22149658203125,369000
2005-01-06,84.63999938964844,84.9000015258789,84.63999938964844,84.80999755859375,47.266082763671875,389100
2005-01-07,84.94000244140625,85.0,84.69999694824219,84.73999786376953,47.227046966552734,182400
2005-01-10,84.80999755859375,84.83999633789062,84.63999938964844,84.7300033569336,47.22149658203125,226300
2005-01-11,84.80000305175781,84.94999694824219,84.72000122070312,84.9000015258789,47.316253662109375,483900
2005-01-12,84.87000274658203,85.08999633789062,84.80000305175781,85.02999877929688,47.388648986816406,100600
2005-01-13,85.12000274658203,85.38999938964844,84.97000122070312,85.37000274658203,47.57816696166992,101600
2005-01-14,85.16999816894531,85.44000244140625,85.0999984741211,85.31999969482422,47.550289154052734,510300
2005-01-18,85.13999938964844,85.31999969482422,85.02999877929688,85.29000091552734,47.53355407714844,215100
2005-01-19,85.30000305175781,85.37000274658203,85.16000366210938,85.33999633789062,47.56147384643555,95500
2005-01-20,85.27999877929688,85.5,85.22000122070312,85.48999786376953,47.64505386352539,151800
2005-01-21,85.44999694824219,85.66999816894531,85.38999938964844,85.66000366210938,47.739784240722656,324700
2005-01-24,85.66000366210938,85.7300033569336,85.5199966430664,85.6500015258789,47.73421096801758,217000
2005-01-25,85.5999984741211,85.66000366210938,85.26000213623047,85.33000183105469,47.55591583251953,270900
2005-01-26,85.38999938964844,85.47000122070312,85.30000305175781,85.3499984741211,47.56705856323242,674400
2005-01-27,85.20999908447266,85.22000122070312,85.13999938964844,85.22000122070312,47.49457931518555,60300
2005-01-28,85.44000244140625,85.68000030517578,85.44000244140625,85.66000366210938,47.739784240722656,103200
2005-01-31,85.58999633789062,85.69999694824219,85.47000122070312,85.69000244140625,47.756492614746094,74900
2005-02-01,85.41999816894531,85.48999786376953,85.29000091552734,85.37000274658203,47.72355651855469,115300
2005-02-02,85.41000366210938,85.41999816894531,85.22000122070312,85.37999725341797,47.729087829589844,220900
2005-02-03,85.05999755859375,85.23999786376953,85.05999755859375,85.23999786376953,47.65088653564453,65000
2005-02-04,85.5999984741211,85.9000015258789,85.5999984741211,85.68000030517578,47.89681625366211,414100
2005-02-07,85.7300033569336,85.87999725341797,85.66000366210938,85.8499984741211,47.99187469482422,149600
2005-02-08,85.83000183105469,86.04000091552734,85.72000122070312,85.93000030517578,48.036563873291016,120800
2005-02-09,85.91000366210938,86.3499984741211,85.91000366210938,86.3499984741211,48.27131271362305,325200
2005-02-10,86.16999816894531,86.19000244140625,85.80999755859375,85.80999755859375,47.96949768066406,175800
2005-02-11,85.7699966430664,85.87000274658203,85.63999938964844,85.69999694824219,47.90799331665039,176400
2005-02-14,85.66999816894531,85.87000274658203,85.61000061035156,85.80999755859375,47.96949768066406,129200
2005-02-15,85.69999694824219,85.80000305175781,85.62000274658203,85.68000030517578,47.89681625366211,130000
2005-02-16,85.62999725341797,85.69999694824219,85.29000091552734,85.37000274658203,47.72355651855469,64900
2005-02-17,85.16000366210938,85.31999969482422,85.12000274658203,85.18000030517578,47.61730194091797,128000
2005-02-18,84.80000305175781,84.94999694824219,84.66999816894531,84.75,47.376895904541016,243900
2005-02-22,84.80000305175781,84.87000274658203,84.68000030517578,84.76000213623047,47.38251495361328,104700
2005-02-23,85.02999877929688,85.05000305175781,84.66000366210938,84.83000183105469,47.421688079833984,258300
2005-02-24,85.01000213623047,85.01000213623047,84.6500015258789,84.69000244140625,47.3433952331543,142500
2005-02-25,84.75,84.87999725341797,84.62999725341797,84.80999755859375,47.41044998168945,425500
2005-02-28,84.6500015258789,84.77999877929688,84.1500015258789,84.26000213623047,47.103004455566406,397900
2005-03-01,83.9800033569336,84.12999725341797,83.88999938964844,84.02999877929688,47.10357666015625,300500
2005-03-02,83.97000122070312,84.11000061035156,83.93000030517578,84.0199966430664,47.09797286987305,149600
2005-03-03,84.12999725341797,84.18000030517578,83.94000244140625,83.97000122070312,47.0699348449707,598500
2005-03-04,84.23999786376953,84.44999694824219,84.19999694824219,84.3499984741211,47.282981872558594,179400
2005-03-07,84.38999938964844,84.5,84.36000061035156,84.37000274658203,47.294193267822266,163100
2005-03-08,84.1500015258789,84.16000366210938,83.94000244140625,83.97000122070312,47.0699348449707,696200
2005-03-09,83.69999694824219,83.69999694824219,83.25,83.33000183105469,46.711185455322266,262300
2005-03-10,83.4000015258789,83.6500015258789,83.20999908447266,83.4800033569336,46.79526138305664,262300
2005-03-11,83.33999633789062,83.4000015258789,83.11000061035156,83.12999725341797,46.59907150268555,203400
2005-03-14,83.04000091552734,83.33000183105469,83.0199966430664,83.33000183105469,46.711185455322266,192300
2005-03-15,83.48999786376953,83.48999786376953,83.06999969482422,83.16999816894531,46.62151336669922,99600
2005-03-16,83.3499984741211,83.68000030517578,83.27999877929688,83.36000061035156,46.727962493896484,223700
2005-03-17,83.69000244140625,83.80000305175781,83.55000305175781,83.68000030517578,46.90737533569336,342100
2005-03-18,83.5199966430664,83.54000091552734,83.37999725341797,83.47000122070312,46.789642333984375,200300
2005-03-21,83.41999816894531,83.44999694824219,83.33000183105469,83.37000274658203,46.73362731933594,448200
2005-03-22,83.58000183105469,83.66000366210938,82.76000213623047,82.76000213623047,46.39167404174805,302800
2005-03-23,82.58000183105469,83.0199966430664,82.58000183105469,82.94999694824219,46.49816131591797,355900
2005-03-24,82.98999786376953,83.0999984741211,82.91999816894531,83.0199966430664,46.53740692138672,132000
2005-03-28,82.81999969482422,82.8499984741211,82.69999694824219,82.75,46.386077880859375,68500
2005-03-29,82.91000366210938,83.0999984741211,82.91000366210938,83.08999633789062,46.5766716003418,349300
2005-03-30,83.04000091552734,83.29000091552734,83.0199966430664,83.27999877929688,46.68314743041992,244500
2005-03-31,83.62000274658203,83.69000244140625,83.45999908447266,83.69000244140625,46.91294860839844,675000
2005-04-01,83.69000244140625,83.7300033569336,83.08000183105469,83.58000183105469,47.00807189941406,367200
2005-04-04,83.48999786376953,83.79000091552734,83.47000122070312,83.54000091552734,46.98556137084961,135900
2005-04-05,83.55000305175781,83.6500015258789,83.44000244140625,83.55000305175781,46.99120330810547,75100
2005-04-06,83.7300033569336,83.80000305175781,83.69000244140625,83.80000305175781,47.13175964355469,51200
2005-04-07,83.83000183105469,84.0,83.45999908447266,83.4800033569336,46.9517936706543,196500
2005-04-08,83.44999694824219,83.58000183105469,83.30999755859375,83.56999969482422,47.00239944458008,86300
2005-04-11,83.55000305175781,83.81999969482422,83.48999786376953,83.81999969482422,47.14297866821289,41900
2005-04-12,83.69999694824219,84.2699966430664,83.62999725341797,84.26000213623047,47.390480041503906,146100
2005-04-13,84.37000274658203,84.43000030517578,84.0999984741211,84.30000305175781,47.413002014160156,171500
2005-04-14,84.37999725341797,84.5199966430664,84.25,84.5199966430664,47.53671646118164,194700
2005-04-15,84.72000122070312,85.06999969482422,84.51000213623047,85.06999969482422,47.846046447753906,177900
2005-04-18,85.12999725341797,85.16000366210938,84.87000274658203,84.88999938964844,47.74481964111328,326100
2005-04-19,84.95999908447266,85.37999725341797,84.94000244140625,85.37999725341797,48.020423889160156,107600
2005-04-20,84.87999725341797,85.37999725341797,84.87999725341797,85.33000183105469,47.992347717285156,229300
2005-04-21,85.0,85.16999816894531,84.70999908447266,84.72000122070312,47.64924621582031,565200
2005-04-22,85.01000213623047,85.13999938964844,84.87999725341797,85.08000183105469,47.851688385009766,74800
2005-04-25,85.06999969482422,85.12000274658203,85.0,85.08000183105469,47.851688385009766,79100
2005-04-26,85.19000244140625,85.19999694824219,84.86000061035156,85.04000091552734,47.829193115234375,119600
2005-04-27,85.27999877929688,85.44999694824219,85.18000030517578,85.30000305175781,47.975460052490234,123700
2005-04-28,85.43000030517578,85.81999969482422,85.37000274658203,85.81999969482422,48.267860412597656,103300
2005-04-29,85.5999984741211,85.87999725341797,85.4800033569336,85.51000213623047,48.09354019165039,174200
2005-05-02,85.30999755859375,85.37999725341797,85.12999725341797,85.33000183105469,48.14262771606445,141400
2005-05-03,85.38999938964844,85.51000213623047,85.18000030517578,85.44000244140625,48.20469665527344,259200
2005-05-04,85.25,85.5,85.19999694824219,85.41999816894531,48.19342803955078,114500
2005-05-05,85.5199966430664,85.80000305175781,85.36000061035156,85.69000244140625,48.34572982788086,108000
2005-05-06,85.18000030517578,85.27999877929688,84.98999786376953,85.08000183105469,48.00157928466797,591000
2005-05-09,85.02999877929688,85.08999633789062,84.94999694824219,85.06999969482422,47.99589920043945,32900
2005-05-10,85.16999816894531,85.38999938964844,85.16000366210938,85.37000274658203,48.16520690917969,101300
2005-05-11,85.52999877929688,85.69999694824219,85.41999816894531,85.4800033569336,48.227256774902344,408600
2005-05-12,85.30000305175781,85.62000274658203,85.19999694824219,85.55999755859375,48.27241516113281,546800
2005-05-13,85.76000213623047,85.9000015258789,85.62999725341797,85.77999877929688,48.39650344848633,214400
2005-05-16,85.9000015258789,85.91999816894531,85.75,85.79000091552734,48.40218734741211,111900
2005-05-17,85.93000030517578,86.01000213623047,85.87000274658203,85.9000015258789,48.46421813964844,112800
2005-05-18,86.2300033569336,86.30000305175781,86.05999755859375,86.18000030517578,48.62215805053711,93000
2005-05-19,86.13999938964844,86.2300033569336,85.91999816894531,85.91999816894531,48.475460052490234,116200
2005-05-20,85.91999816894531,85.97000122070312,85.83000183105469,85.91000366210938,48.46982955932617,70400
2005-05-23,86.05000305175781,86.37000274658203,86.0199966430664,86.30000305175781,48.68992614746094,163800
2005-05-24,86.52999877929688,86.58000183105469,86.31999969482422,86.52999877929688,48.819637298583984,188900
2005-05-25,86.69999694824219,86.69999694824219,86.20999908447266,86.22000122070312,48.644718170166016,150000
2005-05-26,86.22000122070312,86.43000030517578,86.16999816894531,86.2699966430664,48.67295837402344,181400
2005-05-27,86.33999633789062,86.41999816894531,86.22000122070312,86.36000061035156,48.723758697509766,69600
2005-05-31,86.61000061035156,86.80999755859375,86.61000061035156,86.80999755859375,48.97761917114258,122600
2005-06-01,86.70999908447266,87.12999725341797,86.6500015258789,87.08000183105469,49.279842376708984,781400
2005-06-02,87.01000213623047,87.18000030517578,86.95999908447266,87.05000305175781,49.26286315917969,154500
2005-06-03,87.4800033569336,87.48999786376953,86.55000305175781,86.55000305175781,48.97987365722656,245300
2005-06-06,86.62000274658203,86.83999633789062,86.52999877929688,86.77999877929688,49.11006164550781,311700
2005-06-07,87.0199966430664,87.0999984741211,86.77999877929688,87.02999877929688,49.251529693603516,111200
2005-06-08,87.01000213623047,87.02999877929688,86.83999633789062,86.87000274658203,49.160980224609375,104600
2005-06-09,86.66000366210938,86.8499984741211,86.45999908447266,86.81999969482422,49.13273239135742,783400
2005-06-10,86.55000305175781,86.55000305175781,86.26000213623047,86.2699966430664,48.82143020629883,200900
2005-06-13,86.12999725341797,86.16999816894531,85.97000122070312,86.04000091552734,48.691253662109375,276400
2005-06-14,86.02999877929688,86.02999877929688,85.80999755859375,85.94000244140625,48.634666442871094,301500
2005-06-15,85.80000305175781,85.91000366210938,85.69999694824219,85.91000366210938,48.6176872253418,116700
2005-06-16,85.87000274658203,86.19000244140625,85.7699966430664,86.18000030517578,48.77048110961914,215700
2005-06-17,86.02999877929688,86.18000030517578,85.94000244140625,86.08000183105469,48.71391677856445,149000
2005-06-20,85.81999969482422,85.94999694824219,85.73999786376953,85.94999694824219,48.64033126831055,178800
2005-06-21,86.05000305175781,86.25,85.98999786376953,86.22000122070312,48.79309844970703,217900
2005-06-22,86.62999725341797,86.94999694824219,86.44999694824219,86.87000274658203,49.160980224609375,487300
2005-06-23,86.75,86.81999969482422,86.62000274658203,86.77999877929688,49.11006164550781,169200
2005-06-24,86.98999786376953,87.05000305175781,86.88999938964844,86.98999786376953,49.228885650634766,67500
2005-06-27,87.05999755859375,87.13999938964844,86.9800033569336,87.05999755859375,49.26853561401367,880800
2005-06-28,86.94999694824219,86.94999694824219,86.66000366210938,86.69000244140625,49.059139251708984,168000
2005-06-29,86.91999816894531,86.91999816894531,86.52999877929688,86.66000366210938,49.042137145996094,350300
2005-06-30,86.66000366210938,87.0,86.5999984741211,86.95999908447266,49.21194076538086,299500
2005-07-01,86.48999786376953,86.54000091552734,85.83999633789062,85.94999694824219,48.788448333740234,270000
2005-07-05,85.69000244140625,85.83000183105469,85.55999755859375,85.5999984741211,48.58976745605469,142200
2005-07-06,85.7300033569336,85.81999969482422,85.62999725341797,85.77999877929688,48.691978454589844,299700
2005-07-07,86.16999816894531,86.20999908447266,85.95999908447266,85.9800033569336,48.80550765991211,209900
2005-07-08,86.05999755859375,86.05999755859375,85.55000305175781,85.66999816894531,48.629547119140625,157300
2005-07-11,85.43000030517578,85.66999816894531,85.3499984741211,85.62999725341797,48.606815338134766,171300
2005-07-12,85.5,85.58999633789062,85.4000015258789,85.41000366210938,48.48194122314453,123700
2005-07-13,85.41000366210938,85.43000030517578,85.27999877929688,85.33000183105469,48.43653869628906,108300
2005-07-14,85.37999725341797,85.4000015258789,85.1500015258789,85.22000122070312,48.37405776977539,236000
2005-07-15,85.16000366210938,85.30000305175781,85.13999938964844,85.23999786376953,48.38543701171875,318800
2005-07-18,85.20999908447266,85.29000091552734,85.02999877929688,85.0999984741211,48.30598068237305,182700
2005-07-19,85.12000274658203,85.31999969482422,85.05999755859375,85.22000122070312,48.37405776977539,156600
2005-07-20,85.23999786376953,85.47000122070312,84.93000030517578,85.37999725341797,48.464900970458984,341100
2005-07-21,85.06999969482422,85.08999633789062,84.7300033569336,84.75,48.107295989990234,509200
2005-07-22,85.0,85.19999694824219,84.9000015258789,85.1500015258789,48.33436965942383,368100
2005-07-25,85.08000183105469,85.20999908447266,84.95999908447266,85.0,48.249210357666016,125600
2005-07-26,85.0199966430664,85.0999984741211,85.0,85.05999755859375,48.28325653076172,90800
2005-07-27,84.9000015258789,85.0,84.86000061035156,84.94000244140625,48.21514129638672,64600
2005-07-28,85.01000213623047,85.33999633789062,85.01000213623047,85.30999755859375,48.4251708984375,142900
2005-07-29,85.06999969482422,85.13999938964844,84.75,84.80000305175781,48.135677337646484,205800
2005-08-01,84.45999908447266,84.45999908447266,84.19999694824219,84.36000061035156,48.0394172668457,109700
2005-08-02,84.3499984741211,84.4800033569336,84.26000213623047,84.27999877929688,47.99388885498047,337600
2005-08-03,84.41000366210938,84.55000305175781,84.37000274658203,84.48999786376953,48.11347198486328,129600
2005-08-04,84.5,84.58999633789062,84.33999633789062,84.43000030517578,48.079280853271484,179300
2005-08-05,84.08000183105469,84.08000183105469,83.91000366210938,83.9800033569336,47.823036193847656,160100
2005-08-08,83.94999694824219,84.0,83.75,83.76000213623047,47.697784423828125,146800
2005-08-09,83.80999755859375,84.0,83.70999908447266,84.0,47.83439636230469,293300
2005-08-10,84.11000061035156,84.13999938964844,83.87000274658203,83.95999908447266,47.81163787841797,91900
2005-08-11,84.06999969482422,84.33999633789062,83.95999908447266,84.31999969482422,48.01665496826172,278200
2005-08-12,84.37000274658203,84.7699966430664,84.33000183105469,84.66000366210938,48.21027755737305,130600
2005-08-15,84.69000244140625,84.69000244140625,84.54000091552734,84.55000305175781,48.147605895996094,147200
2005-08-16,84.80999755859375,84.97000122070312,84.77999877929688,84.94999694824219,48.375423431396484,214800
2005-08-17,84.80000305175781,84.87000274658203,84.54000091552734,84.62000274658203,48.1874885559082,138400
2005-08-18,84.80000305175781,85.08000183105469,84.7699966430664,85.06999969482422,48.443756103515625,247800
2005-08-19,84.86000061035156,85.05999755859375,84.83000183105469,85.0199966430664,48.415279388427734,76000
2005-08-22,84.91000366210938,85.1500015258789,84.76000213623047,85.08999633789062,48.45513916015625,1267300
2005-08-23,85.0999984741211,85.30000305175781,85.02999877929688,85.25,48.546268463134766,90400
2005-08-24,85.36000061035156,85.37999725341797,85.1500015258789,85.29000091552734,48.569061279296875,80500
2005-08-25,85.30000305175781,85.4000015258789,85.19999694824219,85.33999633789062,48.597496032714844,202000
2005-08-26,85.38999938964844,85.43000030517578,85.11000061035156,85.19999694824219,48.517799377441406,100500
2005-08-29,85.37000274658203,85.37999725341797,85.16000366210938,85.26000213623047,48.55194091796875,176500
2005-08-30,85.43000030517578,85.79000091552734,85.3499984741211,85.66000366210938,48.77972412109375,168900
2005-08-31,85.86000061035156,86.25,85.8499984741211,86.22000122070312,49.09859848022461,290100
2005-09-01,85.9000015258789,86.19999694824219,85.8499984741211,86.02999877929688,49.14662170410156,242800
2005-09-02,85.97000122070312,86.16000366210938,85.91000366210938,86.05000305175781,49.15806198120117,71800
2005-09-06,86.02999877929688,86.04000091552734,85.69999694824219,85.77999877929688,49.00379943847656,142800
2005-09-07,85.66999816894531,85.69000244140625,85.38999938964844,85.5,48.84382247924805,125000
2005-09-08,85.62999725341797,85.6500015258789,85.44999694824219,85.5,48.84382247924805,264600
2005-09-09,85.63999938964844,85.73999786376953,85.5,85.56999969482422,48.88386154174805,79400
2005-09-12,85.37999725341797,85.4000015258789,85.1500015258789,85.30000305175781,48.729610443115234,103600
2005-09-13,85.48999786376953,85.6500015258789,85.4800033569336,85.55999755859375,48.87812423706055,120800
2005-09-14,85.58999633789062,85.62000274658203,85.33000183105469,85.37999725341797,48.7752685546875,108000
2005-09-15,85.41000366210938,85.41000366210938,85.0199966430664,85.12000274658203,48.62675094604492,97600
2005-09-16,85.01000213623047,85.05000305175781,84.7300033569336,84.79000091552734,48.438228607177734,224800
2005-09-19,84.80999755859375,85.01000213623047,84.73999786376953,84.95999908447266,48.53536605834961,203400
2005-09-20,84.93000030517578,84.98999786376953,84.6500015258789,84.88999938964844,48.4953727722168,124000
2005-09-21,85.25,85.33999633789062,85.19000244140625,85.27999877929688,48.71820068359375,101500
2005-09-22,85.33000183105469,85.37999725341797,85.22000122070312,85.33999633789062,48.7524299621582,124700
2005-09-23,85.19000244140625,85.19000244140625,84.87000274658203,84.87000274658203,48.48395919799805,101200
2005-09-26,84.62000274658203,84.75,84.55999755859375,84.6500015258789,48.35828399658203,69300
2005-09-27,84.70999908447266,84.8499984741211,84.48999786376953,84.69999694824219,48.38680648803711,93400
2005-09-28,84.63999938964844,84.91999816894531,84.58000183105469,84.87000274658203,48.48395919799805,71000
2005-09-29,84.72000122070312,84.73999786376953,84.61000061035156,84.68000030517578,48.37541198730469,116200
2005-09-30,84.68000030517578,84.7300033569336,84.38999938964844,84.44000244140625,48.238311767578125,145900
2005-10-03,84.16000366210938,84.16000366210938,83.80000305175781,83.83999633789062,48.053199768066406,138400
2005-10-04,84.0,84.05999755859375,83.83999633789062,83.87999725341797,48.07609558105469,151200
2005-10-05,84.04000091552734,84.16999816894531,83.94000244140625,84.08000183105469,48.190711975097656,130300
2005-10-06,84.05000305175781,84.11000061035156,83.91999816894531,83.97000122070312,48.12765121459961,218100
2005-10-07,83.76000213623047,84.16000366210938,83.72000122070312,84.08000183105469,48.190711975097656,59900
2005-10-10,84.30000305175781,84.33999633789062,84.0,84.0999984741211,48.202186584472656,42900
2005-10-11,84.04000091552734,84.06999969482422,83.83000183105469,83.94000244140625,48.110477447509766,105800
2005-10-12,83.91999816894531,83.93000030517578,83.55999755859375,83.62000274658203,47.92710876464844,139500
2005-10-13,83.45999908447266,83.55000305175781,83.3499984741211,83.48999786376953,47.852535247802734,303100
2005-10-14,83.66999816894531,83.69000244140625,83.25,83.48999786376953,47.852535247802734,134300
2005-10-17,83.4800033569336,83.58999633789062,83.33999633789062,83.38999938964844,47.795257568359375,153000
2005-10-18,83.4800033569336,83.52999877929688,83.4000015258789,83.51000213623047,47.864051818847656,81700
2005-10-19,83.69999694824219,83.7699966430664,83.55999755859375,83.61000061035156,47.92133712768555,68100
2005-10-20,83.5,83.69000244140625,83.41999816894531,83.66000366210938,47.94999313354492,111500
2005-10-21,83.73999786376953,84.08000183105469,83.7300033569336,84.02999877929688,48.16206359863281,92500
2005-10-24,83.94999694824219,83.97000122070312,83.58000183105469,83.66999816894531,47.95573806762695,343300
2005-10-25,83.7300033569336,83.80999755859375,83.18000030517578,83.27999877929688,47.732234954833984,190500
2005-10-26,83.05999755859375,83.11000061035156,82.87999725341797,82.95999908447266,47.548797607421875,148700
2005-10-27,83.12000274658203,83.2300033569336,82.95999908447266,83.1500015258789,47.65770721435547,245800
2005-10-28,83.19999694824219,83.25,82.87999725341797,83.05999755859375,47.60609817504883,784300
2005-10-31,83.05999755859375,83.26000213623047,83.05000305175781,83.12000274658203,47.64048385620117,123300
2005-11-01,82.9000015258789,82.91000366210938,82.68000030517578,82.77999877929688,47.610591888427734,144000
2005-11-02,82.6500015258789,82.83999633789062,82.55000305175781,82.61000061035156,47.512786865234375,85800
2005-11-03,82.69000244140625,82.69000244140625,82.30000305175781,82.31999969482422,47.346012115478516,201600
2005-11-04,82.38999938964844,82.5,82.1500015258789,82.27999877929688,47.3230094909668,156200
2005-11-07,82.4800033569336,82.5,82.31999969482422,82.43000030517578,47.40924835205078,132400
2005-11-08,82.69999694824219,82.88999938964844,82.69999694824219,82.83999633789062,47.64506912231445,71200
2005-11-09,82.6500015258789,82.73999786376953,82.37999725341797,82.4000015258789,47.39202880859375,124300
2005-11-10,82.5999984741211,82.88999938964844,82.55000305175781,82.87000274658203,47.662384033203125,102700
2005-11-11,83.0,83.0199966430664,82.80000305175781,82.97000122070312,47.71985626220703,72600
2005-11-14,82.83000183105469,82.87000274658203,82.45999908447266,82.5999984741211,47.50703811645508,199700
2005-11-15,82.5999984741211,82.91000366210938,82.5999984741211,82.87999725341797,47.66813278198242,194100
2005-11-16,83.0,83.33000183105469,83.0,83.30000305175781,47.90965270996094,102500
2005-11-17,83.2300033569336,83.5999984741211,83.16999816894531,83.45999908447266,48.0016975402832,99900
2005-11-18,83.26000213623047,83.41000366210938,83.20999908447266,83.26000213623047,47.88664245605469,100000
2005-11-21,83.41999816894531,83.55000305175781,83.33000183105469,83.41999816894531,47.97868728637695,274600
2005-11-22,83.4800033569336,83.75,83.41000366210938,83.70999908447266,48.14548873901367,186700
2005-11-23,83.68000030517578,83.75,83.4000015258789,83.48999786376953,48.01893615722656,177200
2005-11-25,83.62999725341797,83.73999786376953,83.58999633789062,83.73999786376953,48.16273498535156,31400
2005-11-28,83.72000122070312,83.93000030517578,83.69999694824219,83.8499984741211,48.22600173950195,158300
2005-11-29,83.83999633789062,83.83999633789062,83.37999725341797,83.38999938964844,47.961429595947266,86300
2005-11-30,83.54000091552734,83.54000091552734,83.23999786376953,83.3499984741211,47.938419342041016,46100
2005-12-01,83.0999984741211,83.23999786376953,82.75,82.87999725341797,47.83052444458008,321100
2005-12-02,82.88999938964844,82.97000122070312,82.80000305175781,82.94999694824219,47.87091827392578,343200
2005-12-05,82.83999633789062,82.83999633789062,82.5999984741211,82.69999694824219,47.72659683227539,305700
2005-12-06,82.80999755859375,83.16999816894531,82.80999755859375,83.08999633789062,47.951725006103516,1021700
2005-12-07,83.0999984741211,83.13999938964844,82.91999816894531,83.04000091552734,47.922889709472656,73000
2005-12-08,83.1500015258789,83.43000030517578,83.0999984741211,83.4000015258789,48.13059616088867,70600
2005-12-09,83.16999816894531,83.23999786376953,82.94000244140625,83.02999877929688,47.91704177856445,66100
2005-12-12,83.0999984741211,83.0999984741211,82.80000305175781,82.83999633789062,47.80741500854492,592500
2005-12-13,83.05000305175781,83.0999984741211,82.9000015258789,83.04000091552734,47.922889709472656,210700
2005-12-14,83.37000274658203,83.5999984741211,83.29000091552734,83.55999755859375,48.222923278808594,83300
2005-12-15,83.43000030517578,83.47000122070312,83.18000030517578,83.44999694824219,48.159461975097656,116500
2005-12-16,83.69999694824219,83.72000122070312,83.4800033569336,83.5999984741211,48.24601745605469,420400
2005-12-19,83.5,83.69999694824219,83.44000244140625,83.6500015258789,48.27487564086914,143600
2005-12-20,83.51000213623047,83.56999969482422,83.4000015258789,83.51000213623047,48.19410705566406,103600
2005-12-21,83.41000366210938,83.45999908447266,83.3499984741211,83.4000015258789,48.13059616088867,143700
2005-12-22,83.5199966430664,83.7699966430664,83.5199966430664,83.7300033569336,48.321067810058594,124500
2005-12-23,83.69000244140625,84.12000274658203,83.61000061035156,83.93000030517578,48.43647766113281,84100
2005-12-27,83.93000030517578,84.33000183105469,83.91000366210938,84.33000183105469,48.66733932495117,178300
2005-12-28,83.95999908447266,84.02999877929688,83.75,83.77999877929688,48.517921447753906,558000
2005-12-29,83.91999816894531,83.93000030517578,83.68000030517578,83.87999725341797,48.575775146484375,159100
2005-12-30,84.02999877929688,84.08999633789062,83.75,83.91000366210938,48.59315872192383,166900
2006-01-03,83.69000244140625,84.02999877929688,83.62000274658203,83.9000015258789,48.58735275268555,299500
2006-01-04,83.91000366210938,84.12000274658203,83.80999755859375,84.05000305175781,48.674278259277344,112300
2006-01-05,84.04000091552734,84.11000061035156,83.93000030517578,84.06999969482422,48.685829162597656,159700
2006-01-06,84.0199966430664,84.05000305175781,83.86000061035156,83.95999908447266,48.622108459472656,179100
2006-01-09,83.91999816894531,84.0,83.80999755859375,84.0,48.645301818847656,78600
2006-01-10,83.81999969482422,83.87999725341797,83.61000061035156,83.66000366210938,48.448387145996094,140500
2006-01-11,83.77999877929688,83.77999877929688,83.43000030517578,83.44999694824219,48.326805114746094,384300
2006-01-12,83.62999725341797,83.79000091552734,83.52999877929688,83.75,48.50052261352539,97800
2006-01-13,83.9000015258789,84.16000366210938,83.81999969482422,84.12000274658203,48.71479415893555,96200
2006-01-17,84.05999755859375,84.2699966430664,84.0199966430664,84.22000122070312,48.772705078125,166600
2006-01-18,84.31999969482422,84.33999633789062,84.11000061035156,84.25,48.79008102416992,125900
2006-01-19,84.04000091552734,84.16999816894531,83.94999694824219,84.04000091552734,48.66844177246094,108600
2006-01-20,84.1500015258789,84.18000030517578,83.97000122070312,84.18000030517578,48.749568939208984,98000
2006-01-23,83.93000030517578,84.22000122070312,83.88999938964844,84.16000366210938,48.73794174194336,79100
2006-01-24,84.0199966430664,84.11000061035156,83.91000366210938,84.0199966430664,48.65688705444336,66200
2006-01-25,83.87000274658203,83.87000274658203,83.47000122070312,83.5,48.35576248168945,95500
2006-01-26,83.37999725341797,83.41999816894531,83.19999694824219,83.31999969482422,48.25150680541992,77100
2006-01-27,83.5199966430664,83.5199966430664,83.1500015258789,83.37999725341797,48.28624725341797,114600
2006-01-30,83.27999877929688,83.31999969482422,83.12999725341797,83.19999694824219,48.18201446533203,125400
2006-01-31,83.29000091552734,83.38999938964844,83.11000061035156,83.31999969482422,48.25150680541992,255700
2006-02-01,83.0,83.05000305175781,82.76000213623047,82.80000305175781,48.102779388427734,474200
2006-02-02,82.86000061035156,82.9800033569336,82.77999877929688,82.80000305175781,48.102779388427734,94800
2006-02-03,82.68000030517578,83.08999633789062,82.56999969482422,83.05000305175781,48.248069763183594,283800
2006-02-06,83.0,83.02999877929688,82.91999816894531,82.93000030517578,48.178279876708984,53300
2006-02-07,83.05000305175781,83.05999755859375,82.79000091552734,82.83000183105469,48.1202278137207,228800
2006-02-08,82.94999694824219,82.95999908447266,82.69999694824219,82.77999877929688,48.091129302978516,62000
2006-02-09,82.80000305175781,82.94999694824219,82.66999816894531,82.86000061035156,48.13764953613281,96600
2006-02-10,83.05000305175781,83.06999969482422,82.52999877929688,82.62000274658203,47.9981803894043,102900
2006-02-13,82.69999694824219,82.69999694824219,82.56999969482422,82.62000274658203,47.9981803894043,66000
2006-02-14,82.52999877929688,82.62000274658203,82.41000366210938,82.5,47.9284782409668,77100
2006-02-15,82.69999694824219,82.73999786376953,82.45999908447266,82.6500015258789,48.01563262939453,75200
2006-02-16,82.68000030517578,82.68000030517578,82.51000213623047,82.61000061035156,47.99238967895508,248200
2006-02-17,82.91999816894531,83.01000213623047,82.83999633789062,82.88999938964844,48.155094146728516,199200
2006-02-21,82.9000015258789,82.94000244140625,82.7699966430664,82.79000091552734,48.09695816040039,164200
2006-02-22,82.94999694824219,83.0999984741211,82.9000015258789,83.0999984741211,48.277042388916016,115700
2006-02-23,82.94999694824219,82.95999908447266,82.76000213623047,82.9000015258789,48.16084289550781,73300
2006-02-24,82.95999908447266,82.95999908447266,82.72000122070312,82.80000305175781,48.102779388427734,343300
2006-02-27,82.86000061035156,82.86000061035156,82.61000061035156,82.63999938964844,48.00983428955078,287700
2006-02-28,82.79000091552734,83.01000213623047,82.7699966430664,82.97000122070312,48.20155715942383,95900
2006-03-01,82.63999938964844,82.7300033569336,82.44999694824219,82.54000091552734,48.10655212402344,227000
2006-03-02,82.30999755859375,82.41000366210938,82.0999984741211,82.20999908447266,47.91425323486328,113300
2006-03-03,82.16000366210938,82.16000366210938,81.9800033569336,82.01000213623047,47.797637939453125,76500
2006-03-06,81.7699966430664,81.91000366210938,81.6500015258789,81.75,47.646121978759766,350700
2006-03-07,81.6500015258789,81.83000183105469,81.5999984741211,81.79000091552734,47.66940689086914,130300
2006-03-08,81.79000091552734,81.83999633789062,81.70999908447266,81.83000183105469,47.692779541015625,84500
2006-03-09,81.80000305175781,81.91000366210938,81.70999908447266,81.91000366210938,47.7393684387207,507200
2006-03-10,81.73999786376953,81.79000091552734,81.54000091552734,81.75,47.646121978759766,408500
2006-03-13,81.6500015258789,81.7300033569336,81.55000305175781,81.68000030517578,47.60533142089844,246900
2006-03-14,81.9000015258789,82.19999694824219,81.81999969482422,82.1500015258789,47.87923812866211,122700
2006-03-15,81.9800033569336,82.11000061035156,81.9000015258789,82.0,47.791831970214844,118400
2006-03-16,82.12000274658203,82.55000305175781,82.11000061035156,82.5199966430664,48.09490203857422,174900
2006-03-17,82.41000366210938,82.45999908447266,82.30000305175781,82.3499984741211,47.99579620361328,111300
2006-03-20,82.56999969482422,82.5999984741211,82.43000030517578,82.51000213623047,48.089088439941406,240100
2006-03-21,82.45999908447266,82.45999908447266,82.05000305175781,82.16999816894531,47.890892028808594,96800
2006-03-22,82.30000305175781,82.36000061035156,82.16000366210938,82.2699966430664,47.949180603027344,131500
2006-03-23,82.31999969482422,82.31999969482422,81.98999786376953,82.05999755859375,47.826812744140625,109700
2006-03-24,82.11000061035156,82.51000213623047,82.04000091552734,82.41999816894531,48.036582946777344,68800
2006-03-27,82.31999969482422,82.37999725341797,82.18000030517578,82.23999786376953,47.931705474853516,79700
2006-03-28,82.1500015258789,82.18000030517578,81.75,81.83999633789062,47.69856643676758,125600
2006-03-29,81.7699966430664,81.9000015258789,81.63999938964844,81.76000213623047,47.65195846557617,58100
2006-03-30,81.63999938964844,81.66000366210938,81.3499984741211,81.5199966430664,47.5120735168457,100800
2006-03-31,81.58999633789062,81.66000366210938,81.43000030517578,81.58000183105469,47.547019958496094,87400
2006-04-03,81.08999633789062,81.26000213623047,81.05000305175781,81.2300033569336,47.49442672729492,244300
2006-04-04,81.29000091552734,81.36000061035156,81.13999938964844,81.23999786376953,47.500247955322266,127200
2006-04-05,81.47000122070312,81.4800033569336,81.31999969482422,81.43000030517578,47.61137008666992,101800
2006-04-06,81.30000305175781,81.31999969482422,81.12000274658203,81.19999694824219,47.47688293457031,289900
2006-04-07,81.0199966430664,81.06999969482422,80.73999786376953,80.83000183105469,47.26054763793945,129700
2006-04-10,80.9000015258789,80.94999694824219,80.80000305175781,80.93000030517578,47.31897735595703,118300
2006-04-11,81.08000183105469,81.13999938964844,80.94999694824219,81.08000183105469,47.40670394897461,154100
2006-04-12,81.0999984741211,81.19000244140625,80.80000305175781,80.88999938964844,47.29561996459961,201600
2006-04-13,80.5999984741211,80.69999694824219,80.44000244140625,80.45999908447266,47.044189453125,175800
2006-04-17,80.68000030517578,80.83999633789062,80.54000091552734,80.7699966430664,47.2254524230957,162200
2006-04-18,80.94999694824219,81.12000274658203,80.7699966430664,81.02999877929688,47.37748336791992,276200
2006-04-19,80.79000091552734,80.81999969482422,80.62000274658203,80.80000305175781,47.24296951293945,128600
2006-04-20,80.7699966430664,80.80999755859375,80.62000274658203,80.7300033569336,47.20207595825195,128400
2006-04-21,80.83000183105469,80.91999816894531,80.6500015258789,80.9000015258789,47.301448822021484,108500
2006-04-24,80.88999938964844,81.13999938964844,80.8499984741211,81.0,47.35993957519531,118800
2006-04-25,80.97000122070312,80.97000122070312,80.4800033569336,80.48999786376953,47.0617561340332,241400
2006-04-26,80.5,80.5199966430664,80.3499984741211,80.44999694824219,47.03833770751953,76300
2006-04-27,80.4000015258789,80.79000091552734,80.33999633789062,80.66999816894531,47.1669807434082,132900
2006-04-28,80.68000030517578,80.80999755859375,80.55000305175781,80.80999755859375,47.24884033203125,70700
2006-05-01,80.27999877929688,80.3499984741211,80.01000213623047,80.08000183105469,46.99298858642578,169700
2006-05-02,80.11000061035156,80.2699966430664,80.02999877929688,80.20999908447266,47.06927490234375,87900
2006-05-03,80.20999908447266,80.2300033569336,79.91000366210938,80.0999984741211,47.004703521728516,116600
2006-05-04,80.16999816894531,80.16999816894531,79.9800033569336,80.05000305175781,46.975406646728516,193200
2006-05-05,80.31999969482422,80.41000366210938,80.1500015258789,80.23999786376953,47.086875915527344,85200
2006-05-08,80.33999633789062,80.3499984741211,80.13999938964844,80.27999877929688,47.11033248901367,82400
2006-05-09,80.25,80.2699966430664,80.12000274658203,80.25,47.09272766113281,59600
2006-05-10,80.37999725341797,80.5,80.16000366210938,80.29000091552734,47.11622619628906,98600
2006-05-11,80.18000030517578,80.18000030517578,80.0,80.1500015258789,47.03407287597656,203700
2006-05-12,79.87999725341797,80.0199966430664,79.80999755859375,79.8499984741211,46.85800552368164,134700
2006-05-15,79.83999633789062,80.19999694824219,79.83999633789062,80.0199966430664,46.95777130126953,106100
2006-05-16,80.22000122070312,80.41999816894531,80.13999938964844,80.31999969482422,47.133811950683594,86200
2006-05-17,80.06999969482422,80.19000244140625,79.94000244140625,80.08999633789062,46.99880599975586,245300
2006-05-18,80.41999816894531,80.66000366210938,80.33000183105469,80.66000366210938,47.33332443237305,168500
2006-05-19,80.58999633789062,80.83999633789062,80.4800033569336,80.61000061035156,47.30397033691406,223600
2006-05-22,80.91999816894531,81.01000213623047,80.69999694824219,80.72000122070312,47.368534088134766,189000
2006-05-23,80.56999969482422,80.72000122070312,80.5,80.69000244140625,47.35093688964844,102500
2006-05-24,80.95999908447266,81.0,80.77999877929688,80.80999755859375,47.42136764526367,171700
2006-05-25,80.87000274658203,80.91999816894531,80.62999725341797,80.68000030517578,47.345096588134766,181600
2006-05-26,80.73999786376953,80.94999694824219,80.72000122070312,80.75,47.38618469238281,178000
2006-05-30,80.70999908447266,80.75,80.55000305175781,80.68000030517578,47.345096588134766,95600
2006-05-31,80.7699966430664,80.7699966430664,80.37000274658203,80.43000030517578,47.198387145996094,110900
2006-06-01,80.06999969482422,80.30000305175781,80.04000091552734,80.2699966430664,47.27732849121094,96100
2006-06-02,80.77999877929688,80.91999816894531,80.62000274658203,80.88999938964844,47.6424674987793,403900
2006-06-05,80.86000061035156,80.87999725341797,80.66999816894531,80.7300033569336,47.548240661621094,100200
2006-06-06,80.66999816894531,80.8499984741211,80.5999984741211,80.80000305175781,47.58942794799805,96600
2006-06-07,80.68000030517578,80.7699966430664,80.58000183105469,80.69000244140625,47.52465057373047,141900
2006-06-08,80.81999969482422,81.0999984741211,80.73999786376953,80.80000305175781,47.58942794799805,152600
2006-06-09,80.8499984741211,81.06999969482422,80.83000183105469,81.0,47.70723342895508,73900
2006-06-12,80.94000244140625,81.01000213623047,80.86000061035156,80.95999908447266,47.68370056152344,122500
2006-06-13,81.11000061035156,81.1500015258789,80.94000244140625,81.06999969482422,47.74846267700195,111600
2006-06-14,80.83999633789062,80.9000015258789,80.52999877929688,80.52999877929688,47.43040466308594,165500
2006-06-15,80.47000122070312,80.5,80.33000183105469,80.3499984741211,47.324440002441406,112200
2006-06-16,80.52999877929688,80.52999877929688,80.22000122070312,80.30000305175781,47.29493713378906,126100
2006-06-19,80.25,80.27999877929688,80.0999984741211,80.20999908447266,47.24195861816406,67200
2006-06-20,80.22000122070312,80.22000122070312,80.08000183105469,80.1500015258789,47.20662307739258,105200
2006-06-21,80.2300033569336,80.2300033569336,80.0999984741211,80.13999938964844,47.20075988769531,180600
2006-06-22,80.05999755859375,80.08000183105469,79.87999725341797,79.87999725341797,47.04757308959961,112600
2006-06-23,79.9000015258789,79.97000122070312,79.7300033569336,79.80999755859375,47.00638198852539,167600
2006-06-26,79.83999633789062,79.8499984741211,79.68000030517578,79.76000213623047,46.97691345214844,264400
2006-06-27,79.83000183105469,80.0,79.80000305175781,79.97000122070312,47.10062789916992,231900
2006-06-28,79.87999725341797,79.94000244140625,79.68000030517578,79.70999908447266,46.9474983215332,229700
2006-06-29,79.8499984741211,80.06999969482422,79.83999633789062,80.04000091552734,47.14183807373047,328400
2006-06-30,80.12999725341797,80.41999816894531,80.0199966430664,80.31999969482422,47.30673599243164,125400
2006-07-03,80.02999877929688,80.05000305175781,79.87000274658203,79.97000122070312,47.28425216674805,41200
2006-07-05,79.83000183105469,79.83000183105469,79.58000183105469,79.68000030517578,47.1128044128418,1712900
2006-07-06,79.73999786376953,79.93000030517578,79.70999908447266,79.93000030517578,47.2606086730957,132400
2006-07-07,80.12999725341797,80.26000213623047,80.0199966430664,80.18000030517578,47.4084358215332,274600
2006-07-10,80.12000274658203,80.25,80.08999633789062,80.23999786376953,47.443931579589844,133200
2006-07-11,80.3499984741211,80.4800033569336,80.30999755859375,80.33000183105469,47.49715042114258,167200
2006-07-12,80.19999694824219,80.4000015258789,80.16999816894531,80.4000015258789,47.53854751586914,114300
2006-07-13,80.41999816894531,80.58999633789062,80.3499984741211,80.58000183105469,47.644935607910156,343800
2006-07-14,80.58000183105469,80.69000244140625,80.5199966430664,80.63999938964844,47.68041229248047,397600
2006-07-17,80.55000305175781,80.62999725341797,80.44000244140625,80.56999969482422,47.63906478881836,153400
2006-07-18,80.43000030517578,80.43000030517578,80.19000244140625,80.26000213623047,47.4556999206543,182100
2006-07-19,80.0999984741211,80.77999877929688,80.0999984741211,80.7699966430664,47.75730514526367,235300
2006-07-20,80.68000030517578,80.94999694824219,80.6500015258789,80.94000244140625,47.85782241821289,297600
2006-07-21,81.05000305175781,81.05999755859375,80.79000091552734,80.88999938964844,47.828269958496094,288300
2006-07-24,80.91999816894531,80.94999694824219,80.81999969482422,80.88999938964844,47.828269958496094,361000
2006-07-25,80.7699966430664,80.94000244140625,80.70999908447266,80.80999755859375,47.78095245361328,176500
2006-07-26,80.79000091552734,81.05999755859375,80.76000213623047,81.01000213623047,47.89918518066406,157700
2006-07-27,81.11000061035156,81.11000061035156,80.9000015258789,81.0,47.89330291748047,74200
2006-07-28,81.23999786376953,81.31999969482422,81.18000030517578,81.22000122070312,48.02336120605469,89400
2006-07-31,81.26000213623047,81.3499984741211,81.18000030517578,81.3499984741211,48.1002197265625,89700
2006-08-01,80.94999694824219,81.05000305175781,80.86000061035156,81.05000305175781,48.11151123046875,97600
2006-08-02,81.05000305175781,81.19999694824219,80.94999694824219,81.12000274658203,48.153038024902344,91200
2006-08-03,81.12000274658203,81.2699966430664,81.0199966430664,81.13999938964844,48.16493606567383,111500
2006-08-04,81.55000305175781,81.56999969482422,81.41999816894531,81.54000091552734,48.40237045288086,157100
2006-08-07,81.4800033569336,81.48999786376953,81.37000274658203,81.43000030517578,48.337093353271484,172600
2006-08-08,81.41999816894531,81.55000305175781,81.33000183105469,81.44000244140625,48.342994689941406,118200
2006-08-09,81.20999908447266,81.41000366210938,81.20999908447266,81.4000015258789,48.31928253173828,110700
2006-08-10,81.41999816894531,81.41999816894531,81.19000244140625,81.41999816894531,48.331180572509766,166700
2006-08-11,81.20999908447266,81.25,81.12999725341797,81.16000366210938,48.17678451538086,192000
2006-08-14,81.08000183105469,81.11000061035156,81.0,81.0199966430664,48.09370040893555,191700
2006-08-15,81.33999633789062,81.4800033569336,81.30000305175781,81.41000366210938,48.325199127197266,147200
2006-08-16,81.7300033569336,81.80999755859375,81.66000366210938,81.75,48.527015686035156,182600
2006-08-17,81.9000015258789,81.9000015258789,81.68000030517578,81.7300033569336,48.51515197753906,300000
2006-08-18,81.83000183105469,81.97000122070312,81.7699966430664,81.94999694824219,48.64571762084961,344300
2006-08-21,81.98999786376953,82.05000305175781,81.95999908447266,82.05000305175781,48.705108642578125,83800
2006-08-22,82.0199966430664,82.16000366210938,82.0,82.08000183105469,48.722938537597656,187200
2006-08-23,82.01000213623047,82.05999755859375,81.87999725341797,82.0,48.67546081542969,239800
2006-08-24,82.13999938964844,82.16999816894531,82.05999755859375,82.08000183105469,48.722938537597656,111400
2006-08-25,82.08000183105469,82.23999786376953,82.02999877929688,82.19000244140625,48.78820037841797,96900
2006-08-28,82.1500015258789,82.19000244140625,82.08000183105469,82.18000030517578,48.782249450683594,106000
2006-08-29,81.97000122070312,82.25,81.87999725341797,82.25,48.82382583618164,248600
2006-08-30,82.2699966430664,82.4000015258789,82.26000213623047,82.3499984741211,48.88319396972656,131800
2006-08-31,82.41999816894531,82.55000305175781,82.38999938964844,82.45999908447266,48.948516845703125,171200
2006-09-01,82.1500015258789,82.30999755859375,82.05000305175781,82.2699966430664,49.02119064331055,252800
2006-09-05,82.16000366210938,82.16000366210938,81.95999908447266,82.0,48.86032485961914,284800
2006-09-06,81.77999877929688,81.94999694824219,81.72000122070312,81.94000244140625,48.82455825805664,334400
2006-09-07,81.83000183105469,82.05000305175781,81.75,82.0,48.86032485961914,135200
2006-09-08,82.08000183105469,82.19999694824219,82.05000305175781,82.08000183105469,48.907962799072266,66000
2006-09-11,82.04000091552734,82.0999984741211,81.83999633789062,81.93000030517578,48.818580627441406,196600
2006-09-12,81.87000274658203,82.16000366210938,81.81999969482422,82.16000366210938,48.95565414428711,111000
2006-09-13,82.23999786376953,82.31999969482422,82.16000366210938,82.23999786376953,49.003292083740234,114000
2006-09-14,82.0999984741211,82.26000213623047,82.01000213623047,82.08000183105469,48.907962799072266,69600
2006-09-15,82.20999908447266,82.29000091552734,81.98999786376953,82.02999877929688,48.878204345703125,110900
2006-09-18,81.7300033569336,81.94999694824219,81.7300033569336,81.91000366210938,48.806697845458984,188000
2006-09-19,82.23999786376953,82.44000244140625,82.22000122070312,82.4000015258789,49.09864044189453,128400
2006-09-20,82.58999633789062,82.58999633789062,82.36000061035156,82.41999816894531,49.110595703125,112200
2006-09-21,82.41000366210938,83.0199966430664,82.41000366210938,83.01000213623047,49.46207046508789,114600
2006-09-22,83.12000274658203,83.2699966430664,83.0999984741211,83.26000213623047,49.611122131347656,327000
2006-09-25,83.4000015258789,83.56999969482422,83.30000305175781,83.54000091552734,49.777931213378906,286200
2006-09-26,83.45999908447266,83.45999908447266,83.23999786376953,83.33000183105469,49.6528205871582,276800
2006-09-27,83.55000305175781,83.55000305175781,83.20999908447266,83.30999755859375,49.640872955322266,233800
2006-09-28,83.23999786376953,83.26000213623047,83.08999633789062,83.2300033569336,49.593223571777344,160800
2006-09-29,83.31999969482422,83.3499984741211,82.94999694824219,83.13999938964844,49.53959274291992,259000
2006-10-02,82.80000305175781,83.04000091552734,82.75,82.97000122070312,49.62689208984375,337500
2006-10-03,83.04000091552734,83.05000305175781,82.87999725341797,82.95999908447266,49.620933532714844,135400
2006-10-04,83.0999984741211,83.33999633789062,83.06999969482422,83.33999633789062,49.84821319580078,136000
2006-10-05,83.25,83.25,82.94999694824219,83.05000305175781,49.67475128173828,139800
2006-10-06,82.9000015258789,82.9000015258789,82.5,82.5999984741211,49.40559768676758,624700
2006-10-09,82.69999694824219,82.83999633789062,82.56999969482422,82.69999694824219,49.46541213989258,898300
2006-10-10,82.41000366210938,82.44000244140625,82.16000366210938,82.19999694824219,49.16632843017578,1711900
2006-10-11,82.4000015258789,82.41000366210938,81.98999786376953,82.0999984741211,49.10653305053711,502600
2006-10-12,82.1500015258789,82.26000213623047,82.06999969482422,82.1500015258789,49.13648223876953,230000
2006-10-13,82.04000091552734,82.04000091552734,81.9000015258789,82.01000213623047,49.05271911621094,1280200
2006-10-16,82.13999938964844,82.1500015258789,82.0199966430664,82.1500015258789,49.13648223876953,240400
2006-10-17,82.33999633789062,82.44999694824219,82.12000274658203,82.23999786376953,49.190269470214844,300300
2006-10-18,82.20999908447266,82.29000091552734,82.12000274658203,82.22000122070312,49.17828369140625,294600
2006-10-19,82.11000061035156,82.25,82.02999877929688,82.1500015258789,49.13648223876953,175500
2006-10-20,82.19999694824219,82.19999694824219,82.0999984741211,82.12999725341797,49.1245231628418,69200
2006-10-23,81.9800033569336,81.98999786376953,81.80000305175781,81.9000015258789,48.98688888549805,356600
2006-10-24,81.91999816894531,82.01000213623047,81.91000366210938,82.01000213623047,49.05271911621094,203700
2006-10-25,82.02999877929688,82.31999969482422,81.9800033569336,82.30999755859375,49.23217010498047,127200
2006-10-26,82.52999877929688,82.5999984741211,82.43000030517578,82.58999633789062,49.39961624145508,115900
2006-10-27,82.83999633789062,82.87000274658203,82.69999694824219,82.86000061035156,49.56113052368164,249000
2006-10-30,82.87000274658203,82.91000366210938,82.75,82.9000015258789,49.585044860839844,128800
2006-10-31,82.97000122070312,83.2699966430664,82.9000015258789,83.2699966430664,49.80635070800781,266600
2006-11-01,83.04000091552734,83.52999877929688,82.9000015258789,83.25,49.97926712036133,396400
2006-11-02,83.12999725341797,83.12999725341797,82.97000122070312,83.0199966430664,49.84113311767578,163200
2006-11-03,82.58000183105469,82.6500015258789,82.3499984741211,82.38999938964844,49.46292495727539,271800
2006-11-06,82.37999725341797,82.4800033569336,82.30000305175781,82.47000122070312,49.51097106933594,227000
2006-11-07,82.72000122070312,82.88999938964844,82.69999694824219,82.75,49.679080963134766,203300
2006-11-08,82.80999755859375,82.94999694824219,82.70999908447266,82.93000030517578,49.78715133666992,146200
2006-11-09,82.86000061035156,82.95999908447266,82.83999633789062,82.91999816894531,49.78114700317383,211000
2006-11-10,83.0,83.19999694824219,83.0,83.0999984741211,49.88919448852539,111300
2006-11-13,83.12000274658203,83.12000274658203,82.88999938964844,83.05999755859375,49.86516571044922,153600
2006-11-14,83.2300033569336,83.33999633789062,83.19000244140625,83.2300033569336,49.967262268066406,222800
2006-11-15,83.16000366210938,83.16000366210938,82.94000244140625,83.0,49.82918930053711,237100
2006-11-16,83.19000244140625,83.19000244140625,82.72000122070312,82.79000091552734,49.70307159423828,497900
2006-11-17,82.91000366210938,83.22000122070312,82.81999969482422,83.08999633789062,49.883174896240234,362400
2006-11-20,83.19000244140625,83.19000244140625,83.04000091552734,83.13999938964844,49.9132194519043,178200
2006-11-21,83.22000122070312,83.30000305175781,83.08000183105469,83.26000213623047,49.98527145385742,413200
2006-11-22,83.3499984741211,83.44999694824219,83.29000091552734,83.38999938964844,50.06333923339844,133400
2006-11-24,83.62000274658203,83.62000274658203,83.45999908447266,83.4800033569336,50.11735534667969,119200
2006-11-27,83.33999633789062,83.56999969482422,83.23999786376953,83.55999755859375,50.16539001464844,708600
2006-11-28,83.70999908447266,83.79000091552734,83.5199966430664,83.70999908447266,50.25541687011719,470600
2006-11-29,83.91999816894531,83.91999816894531,83.58999633789062,83.61000061035156,50.19537353515625,335500
2006-11-30,83.87000274658203,84.06999969482422,83.80000305175781,84.05000305175781,50.45956802368164,418500
2006-12-01,83.72000122070312,84.08000183105469,83.66000366210938,83.94000244140625,50.576419830322266,289800
2006-12-04,83.83999633789062,83.95999908447266,83.77999877929688,83.93000030517578,50.57042694091797,208200
2006-12-05,83.87000274658203,84.0,83.7300033569336,83.81999969482422,50.50412368774414,1133300
2006-12-06,83.79000091552734,83.80000305175781,83.62999725341797,83.69000244140625,50.42580032348633,156800
2006-12-07,83.75,83.75,83.56999969482422,83.66000366210938,50.40773010253906,138200
2006-12-08,83.63999938964844,83.63999938964844,83.23999786376953,83.27999877929688,50.178749084472656,277000
2006-12-11,83.51000213623047,83.55999755859375,83.43000030517578,83.54000091552734,50.335453033447266,167800
2006-12-12,83.56999969482422,83.7300033569336,83.5,83.69000244140625,50.42580032348633,360000
2006-12-13,83.37000274658203,83.41999816894531,83.16000366210938,83.26000213623047,50.16670227050781,188300
2006-12-14,83.2300033569336,83.2300033569336,83.06999969482422,83.12999725341797,50.088375091552734,314000
2006-12-15,83.5999984741211,83.6500015258789,83.0999984741211,83.1500015258789,50.100425720214844,215600
2006-12-18,83.18000030517578,83.2300033569336,83.0999984741211,83.19000244140625,50.124534606933594,111600
2006-12-19,83.18000030517578,83.26000213623047,83.0999984741211,83.16999816894531,50.112483978271484,174000
2006-12-20,83.11000061035156,83.20999908447266,83.11000061035156,83.1500015258789,50.100425720214844,139300
2006-12-21,83.26000213623047,83.52999877929688,83.16000366210938,83.44999694824219,50.28117752075195,624200
2006-12-22,83.27999877929688,83.33999633789062,83.04000091552734,83.06999969482422,50.052207946777344,268500
2006-12-26,83.18000030517578,83.29000091552734,83.05000305175781,83.12999725341797,50.088375091552734,144500
2006-12-27,83.01000213623047,83.01000213623047,82.62000274658203,82.66999816894531,49.95481872558594,193400
2006-12-28,82.80000305175781,82.80000305175781,82.30000305175781,82.4800033569336,49.84004211425781,185100
2006-12-29,82.43000030517578,82.48999786376953,82.30999755859375,82.44000244140625,49.81586837768555,272100
2007-01-03,82.70999908447266,82.80000305175781,82.4800033569336,82.68000030517578,49.96086502075195,1210700
2007-01-04,82.83000183105469,82.9800033569336,82.7300033569336,82.9800033569336,50.142181396484375,171200
2007-01-05,82.58000183105469,82.80999755859375,82.5199966430664,82.70999908447266,49.97901153564453,201000
2007-01-08,82.72000122070312,82.7699966430664,82.66000366210938,82.7699966430664,50.015262603759766,163800
2007-01-09,82.81999969482422,82.83000183105469,82.69999694824219,82.75,50.003196716308594,168600
2007-01-10,82.62000274658203,82.69000244140625,82.55999755859375,82.61000061035156,49.91856384277344,95900
2007-01-11,82.55000305175781,82.55000305175781,82.29000091552734,82.38999938964844,49.78562927246094,361700
2007-01-12,82.29000091552734,82.30000305175781,82.11000061035156,82.22000122070312,49.68288803100586,161000
2007-01-16,82.30000305175781,82.37999725341797,82.26000213623047,82.37999725341797,49.779571533203125,162600
2007-01-17,82.33000183105469,82.36000061035156,82.13999938964844,82.22000122070312,49.68288803100586,141300
2007-01-18,82.22000122070312,82.33999633789062,82.08999633789062,82.33000183105469,49.7493782043457,225400
2007-01-19,82.26000213623047,82.37000274658203,82.1500015258789,82.19999694824219,49.670814514160156,270800
2007-01-22,82.30000305175781,82.37999725341797,82.2699966430664,82.3499984741211,49.761436462402344,119000
2007-01-23,82.23999786376953,82.29000091552734,82.06999969482422,82.11000061035156,49.616432189941406,412800
2007-01-24,82.12999725341797,82.1500015258789,82.06999969482422,82.12000274658203,49.62247848510742,138400
2007-01-25,82.05000305175781,82.05000305175781,81.75,81.80000305175781,49.42914962768555,201700
2007-01-26,81.7300033569336,81.88999938964844,81.6500015258789,81.79000091552734,49.42304992675781,441300
2007-01-29,81.91999816894531,81.91999816894531,81.6500015258789,81.7300033569336,49.38680648803711,161700
2007-01-30,81.77999877929688,81.83000183105469,81.75,81.80999755859375,49.4351692199707,200500
2007-01-31,81.75,82.13999938964844,81.75,82.11000061035156,49.616432189941406,412200
2007-02-01,82.01000213623047,82.05999755859375,81.69999694824219,81.73999786376953,49.58067321777344,238600
2007-02-02,81.79000091552734,81.9000015258789,81.73999786376953,81.80999755859375,49.62311553955078,163500
2007-02-05,81.87999725341797,81.94000244140625,81.86000061035156,81.9000015258789,49.677711486816406,216000
2007-02-06,81.86000061035156,82.1500015258789,81.83000183105469,82.12999725341797,49.81718826293945,238100
2007-02-07,82.2300033569336,82.31999969482422,82.18000030517578,82.30999755859375,49.9264030456543,155000
2007-02-08,82.26000213623047,82.4000015258789,82.19999694824219,82.33000183105469,49.93852233886719,447600
2007-02-09,82.18000030517578,82.19000244140625,82.01000213623047,82.08000183105469,49.786903381347656,237400
2007-02-12,82.05000305175781,82.0999984741211,81.91000366210938,81.97000122070312,49.72016143798828,146900
2007-02-13,81.97000122070312,81.98999786376953,81.86000061035156,81.91000366210938,49.68377685546875,204800
2007-02-14,82.05000305175781,82.43000030517578,82.05000305175781,82.37999725341797,49.96883773803711,192600
2007-02-15,82.58999633789062,82.6500015258789,82.51000213623047,82.51000213623047,50.0477180480957,317000
2007-02-16,82.61000061035156,82.69000244140625,82.55999755859375,82.5999984741211,50.10226821899414,308900
2007-02-20,82.58999633789062,82.73999786376953,82.58999633789062,82.69999694824219,50.162899017333984,152900
2007-02-21,82.55000305175781,82.69000244140625,82.55000305175781,82.69000244140625,50.15693283081055,173000
2007-02-22,82.55000305175781,82.55999755859375,82.41000366210938,82.4800033569336,50.0295295715332,135000
2007-02-23,82.58999633789062,82.87999725341797,82.58000183105469,82.80999755859375,50.229713439941406,111700
2007-02-26,82.98999786376953,83.0999984741211,82.91999816894531,83.06999969482422,50.38734436035156,160900
2007-02-27,83.29000091552734,84.06999969482422,83.19999694824219,83.7699966430664,50.81199264526367,496500
2007-02-28,83.61000061035156,83.69999694824219,83.4000015258789,83.4800033569336,50.63605499267578,228100
2007-03-01,83.56999969482422,83.58999633789062,83.19999694824219,83.27999877929688,50.68169403076172,500500
2007-03-02,83.41999816894531,83.61000061035156,83.30999755859375,83.55000305175781,50.846031188964844,249000
2007-03-05,83.72000122070312,83.72000122070312,83.45999908447266,83.5999984741211,50.87644577026367,298800
2007-03-06,83.36000061035156,83.61000061035156,83.36000061035156,83.48999786376953,50.80953598022461,302200
2007-03-07,83.44000244140625,83.66999816894531,83.41999816894531,83.63999938964844,50.90079116821289,265500
2007-03-08,83.51000213623047,83.68000030517578,83.48999786376953,83.62999725341797,50.894676208496094,170300
2007-03-09,83.12000274658203,83.27999877929688,83.11000061035156,83.16000366210938,50.60868453979492,333800
2007-03-12,83.30000305175781,83.44000244140625,83.2699966430664,83.38999938964844,50.74866485595703,253300
2007-03-13,83.69000244140625,83.80000305175781,83.51000213623047,83.76000213623047,50.973819732666016,196000
2007-03-14,83.69000244140625,83.93000030517578,83.61000061035156,83.6500015258789,50.90691375732422,267900
2007-03-15,83.55999755859375,83.62000274658203,83.48999786376953,83.55999755859375,50.852142333984375,338900
2007-03-16,83.44000244140625,83.58999633789062,83.41000366210938,83.55000305175781,50.846031188964844,340500
2007-03-19,83.41000366210938,83.44000244140625,83.33999633789062,83.44000244140625,50.77910614013672,238200
2007-03-20,83.63999938964844,83.63999938964844,83.5199966430664,83.55999755859375,50.852142333984375,169400
2007-03-21,83.45999908447266,83.77999877929688,83.30000305175781,83.68000030517578,50.92513656616211,369800
2007-03-22,83.61000061035156,83.61000061035156,83.31999969482422,83.4000015258789,50.7547492980957,236500
2007-03-23,83.51000213623047,83.5199966430664,83.20999908447266,83.2699966430664,50.67561721801758,163400
2007-03-26,83.18000030517578,83.5,83.1500015258789,83.33999633789062,50.718223571777344,142100
2007-03-27,83.27999877929688,83.37000274658203,83.2300033569336,83.31999969482422,50.70603561401367,165900
2007-03-28,83.47000122070312,83.5999984741211,83.2300033569336,83.30999755859375,50.70000076293945,240500
2007-03-29,83.19999694824219,83.26000213623047,83.1500015258789,83.19000244140625,50.62693405151367,121400
2007-03-30,83.20999908447266,83.5199966430664,82.94999694824219,83.08999633789062,50.56610107421875,464400
2007-04-02,82.94999694824219,82.95999908447266,82.80000305175781,82.86000061035156,50.62226104736328,156600
2007-04-03,82.79000091552734,82.83999633789062,82.75,82.79000091552734,50.579551696777344,257400
2007-04-04,82.91999816894531,83.0,82.81999969482422,82.91999816894531,50.65895462036133,182300
2007-04-05,82.81999969482422,82.91000366210938,82.70999908447266,82.70999908447266,50.53065872192383,161200
2007-04-09,82.38999938964844,82.4000015258789,82.30000305175781,82.33000183105469,50.298458099365234,198900
2007-04-10,82.5,82.56999969482422,82.47000122070312,82.5,50.402366638183594,97600
2007-04-11,82.58000183105469,82.62000274658203,82.4000015258789,82.4000015258789,50.34123229980469,150700
2007-04-12,82.52999877929688,82.56999969482422,82.43000030517578,82.4800033569336,50.390140533447266,111200
2007-04-13,82.52999877929688,82.52999877929688,82.27999877929688,82.33999633789062,50.304595947265625,139100
2007-04-16,82.47000122070312,82.5,82.37000274658203,82.43000030517578,50.35956573486328,262300
2007-04-17,82.58999633789062,82.80000305175781,82.58999633789062,82.77999877929688,50.57343292236328,1080400
2007-04-18,82.87000274658203,83.02999877929688,82.87000274658203,82.97000122070312,50.68948745727539,252500
2007-04-19,83.06999969482422,83.08999633789062,82.8499984741211,82.95999908447266,50.683380126953125,153600
2007-04-20,82.9800033569336,82.9800033569336,82.81999969482422,82.87000274658203,50.62843704223633,88800
2007-04-23,82.91999816894531,83.12000274658203,82.83999633789062,83.04000091552734,50.73223876953125,90500
2007-04-24,83.11000061035156,83.30000305175781,83.0999984741211,83.19999694824219,50.830020904541016,660500
2007-04-25,83.16999816894531,83.30000305175781,83.11000061035156,83.1500015258789,50.79948425292969,537400
2007-04-26,83.0999984741211,83.11000061035156,82.88999938964844,82.91000366210938,50.6528205871582,307600
2007-04-27,82.97000122070312,82.98999786376953,82.86000061035156,82.91000366210938,50.6528205871582,180000
2007-04-30,83.08000183105469,83.29000091552734,83.06999969482422,83.2699966430664,50.872772216796875,171500
2007-05-01,83.04000091552734,83.08000183105469,82.7699966430664,82.95999908447266,50.875240325927734,158900
2007-05-02,82.98999786376953,82.98999786376953,82.86000061035156,82.86000061035156,50.81392288208008,167000
2007-05-03,82.80000305175781,82.87000274658203,82.66000366210938,82.7699966430664,50.758724212646484,113200
2007-05-04,82.94000244140625,83.0,82.88999938964844,82.9800033569336,50.88749694824219,144800
2007-05-07,83.01000213623047,83.05000305175781,82.94999694824219,83.05000305175781,50.93046188354492,104500
2007-05-08,83.12999725341797,83.12999725341797,83.02999877929688,83.05000305175781,50.93046188354492,158900
2007-05-09,83.0199966430664,83.05000305175781,82.7699966430664,82.77999877929688,50.76483154296875,201600
2007-05-10,82.83000183105469,83.01000213623047,82.80999755859375,82.98999786376953,50.893653869628906,153100
2007-05-11,83.08999633789062,83.12999725341797,82.77999877929688,82.81999969482422,50.789390563964844,178000
2007-05-14,82.83000183105469,82.8499984741211,82.69999694824219,82.69999694824219,50.715755462646484,142400
2007-05-15,82.83000183105469,82.8499984741211,82.56999969482422,82.69000244140625,50.70967483520508,168400
2007-05-16,82.66999816894531,82.72000122070312,82.61000061035156,82.63999938964844,50.678993225097656,191300
2007-05-17,82.54000091552734,82.58000183105469,82.37999725341797,82.41999816894531,50.54409408569336,263500
2007-05-18,82.33999633789062,82.41999816894531,82.12999725341797,82.18000030517578,50.396881103515625,236400
2007-05-21,82.16000366210938,82.29000091552734,82.0999984741211,82.29000091552734,50.46435546875,222000
2007-05-22,82.19999694824219,82.26000213623047,82.0,82.05999755859375,50.32334899902344,217000
2007-05-23,82.11000061035156,82.11000061035156,81.8499984741211,81.9000015258789,50.225162506103516,228100
2007-05-24,81.9000015258789,82.01000213623047,81.70999908447266,82.01000213623047,50.292640686035156,153300
2007-05-25,81.88999938964844,82.01000213623047,81.86000061035156,81.91999816894531,50.23746871948242,183900
2007-05-29,81.9000015258789,81.93000030517578,81.75,81.75,50.13321304321289,152800
2007-05-30,82.04000091552734,82.04000091552734,81.80999755859375,81.83000183105469,50.1822624206543,245600
2007-05-31,81.91000366210938,81.91000366210938,81.63999938964844,81.80000305175781,50.16387176513672,235100
2007-06-01,81.30999755859375,81.33000183105469,81.08000183105469,81.12000274658203,49.9477424621582,230300
2007-06-04,81.22000122070312,81.27999877929688,81.12000274658203,81.25,50.027774810791016,139200
2007-06-05,81.16000366210938,81.19999694824219,80.91999816894531,80.98999786376953,49.86769104003906,351500
2007-06-06,80.98999786376953,81.12999725341797,80.98999786376953,81.02999877929688,49.89230728149414,266800
2007-06-07,80.70999908447266,80.7300033569336,80.20999908447266,80.22000122070312,49.393558502197266,472300
2007-06-08,80.16000366210938,80.37999725341797,80.08000183105469,80.37000274658203,49.485958099365234,409900
2007-06-11,80.16999816894531,80.31999969482422,80.12000274658203,80.16000366210938,49.356658935546875,198300
2007-06-12,79.86000061035156,79.93000030517578,79.5199966430664,79.58999633789062,49.00569534301758,698800
2007-06-13,79.62999725341797,79.91999816894531,79.5999984741211,79.8499984741211,49.165740966796875,514600
2007-06-14,79.8499984741211,80.05000305175781,79.77999877929688,79.87000274658203,49.1780891418457,207300
2007-06-15,79.94999694824219,80.22000122070312,79.87000274658203,80.22000122070312,49.393558502197266,594800
2007-06-18,80.19000244140625,80.29000091552734,80.01000213623047,80.18000030517578,49.36896896362305,413500
2007-06-19,80.41999816894531,80.68000030517578,80.31999969482422,80.56999969482422,49.609092712402344,460100
2007-06-20,80.47000122070312,80.48999786376953,80.2699966430664,80.30999755859375,49.44898223876953,152900
2007-06-21,80.33000183105469,80.41999816894531,80.19000244140625,80.20999908447266,49.3874397277832,276700
2007-06-22,80.11000061035156,80.45999908447266,80.02999877929688,80.44999694824219,49.535186767578125,246000
2007-06-25,80.69000244140625,80.77999877929688,80.55000305175781,80.70999908447266,49.69528579711914,253200
2007-06-26,80.7699966430664,80.80000305175781,80.58000183105469,80.7300033569336,49.70759582519531,141000
2007-06-27,80.93000030517578,81.01000213623047,80.68000030517578,80.72000122070312,49.701473236083984,218600
2007-06-28,80.76000213623047,80.80999755859375,80.56999969482422,80.66999816894531,49.6706428527832,436800
2007-06-29,80.93000030517578,81.13999938964844,80.7699966430664,81.08999633789062,49.92929458618164,374700
2007-07-02,80.76000213623047,80.97000122070312,80.6500015258789,80.9000015258789,50.005271911621094,1030600
2007-07-03,80.9000015258789,80.98999786376953,80.6500015258789,80.66000366210938,49.856956481933594,169200
2007-07-05,80.44000244140625,80.5,80.11000061035156,80.20999908447266,49.57883834838867,269000
2007-07-06,80.04000091552734,80.0999984741211,79.93000030517578,80.0199966430664,49.4613151550293,468100
2007-07-09,80.16999816894531,80.30999755859375,80.08999633789062,80.30999755859375,49.64057922363281,118900
2007-07-10,80.58999633789062,80.86000061035156,80.5,80.86000061035156,49.980594635009766,191300
2007-07-11,80.80999755859375,80.88999938964844,80.5199966430664,80.58000183105469,49.80750274658203,218100
2007-07-12,80.62000274658203,80.72000122070312,80.27999877929688,80.3499984741211,49.665367126464844,309700
2007-07-13,80.55999755859375,80.5999984741211,80.29000091552734,80.52999877929688,49.77657699584961,157400
2007-07-16,80.5199966430664,80.8499984741211,80.5199966430664,80.8499984741211,49.97442626953125,154100
2007-07-17,80.69000244140625,80.80999755859375,80.52999877929688,80.68000030517578,49.869285583496094,136600
2007-07-18,80.75,81.13999938964844,80.7300033569336,80.97000122070312,50.04857635498047,215700
2007-07-19,80.7699966430664,80.97000122070312,80.75,80.95999908447266,50.042381286621094,200600
2007-07-20,81.16000366210938,81.51000213623047,81.11000061035156,81.36000061035156,50.28963851928711,463300
2007-07-23,81.30000305175781,81.43000030517578,81.26000213623047,81.33000183105469,50.27111053466797,327500
2007-07-24,81.45999908447266,81.61000061035156,81.37000274658203,81.55000305175781,50.40708541870117,251200
2007-07-25,81.56999969482422,81.76000213623047,81.52999877929688,81.66000366210938,50.47507095336914,409500
2007-07-26,82.08999633789062,82.5,82.01000213623047,82.30999755859375,50.87686538696289,391800
2007-07-27,82.30999755859375,82.56999969482422,82.18000030517578,82.47000122070312,50.97576141357422,305800
2007-07-30,82.4800033569336,82.5199966430664,82.19999694824219,82.26000213623047,50.84593200683594,279600
2007-07-31,82.2300033569336,82.62000274658203,82.1500015258789,82.5999984741211,51.056087493896484,417200
2007-08-01,82.16999816894531,82.4000015258789,82.04000091552734,82.05000305175781,50.91459274291992,195100
2007-08-02,82.0999984741211,82.2300033569336,81.95999908447266,82.11000061035156,50.95187759399414,212100
2007-08-03,82.26000213623047,82.63999938964844,81.91000366210938,82.63999938964844,51.28072738647461,950100
2007-08-06,82.44999694824219,82.69000244140625,82.25,82.30999755859375,51.07598876953125,267900
2007-08-07,82.37000274658203,82.55999755859375,82.08000183105469,82.30000305175781,51.069766998291016,567300
2007-08-08,82.04000091552734,82.04000091552734,81.61000061035156,81.7300033569336,50.716068267822266,314600
2007-08-09,82.29000091552734,82.29000091552734,81.87999725341797,82.19000244140625,51.00151824951172,235600
2007-08-10,82.4000015258789,82.4000015258789,81.93000030517578,82.06999969482422,50.92701721191406,685000
2007-08-13,82.0,82.23999786376953,81.94999694824219,82.19999694824219,51.00770568847656,154400
2007-08-14,81.97000122070312,82.51000213623047,81.97000122070312,82.5,51.193851470947266,530100
2007-08-15,82.70999908447266,82.81999969482422,82.44000244140625,82.6500015258789,51.286888122558594,902100
2007-08-16,82.88999938964844,83.47000122070312,82.87000274658203,82.97000122070312,51.48551559448242,900500
2007-08-17,82.94999694824219,83.06999969482422,82.87000274658203,83.02999877929688,51.52272415161133,308400
2007-08-20,83.13999938964844,83.44000244140625,83.05000305175781,83.20999908447266,51.634464263916016,926600
2007-08-21,83.48999786376953,83.63999938964844,83.33000183105469,83.56999969482422,51.85782241821289,459200
2007-08-22,83.1500015258789,83.43000030517578,83.12999725341797,83.30000305175781,51.69028854370117,197000
2007-08-23,83.23999786376953,83.5,83.16999816894531,83.33000183105469,51.70890426635742,234900
2007-08-24,83.45999908447266,83.47000122070312,83.20999908447266,83.36000061035156,51.72749328613281,123400
2007-08-27,83.47000122070312,83.62999725341797,83.36000061035156,83.58999633789062,51.87024688720703,120000
2007-08-28,83.69000244140625,84.05000305175781,83.69000244140625,84.0199966430664,52.13705825805664,274400
2007-08-29,83.94000244140625,84.16999816894531,83.69999694824219,83.69999694824219,51.938499450683594,507600
2007-08-30,84.04000091552734,84.19999694824219,83.94999694824219,84.12000274658203,52.19908142089844,201800
2007-08-31,83.83999633789062,84.41999816894531,83.76000213623047,84.13999938964844,52.211483001708984,261500
2007-09-04,83.83999633789062,84.0,83.44000244140625,83.6500015258789,52.114356994628906,281800
2007-09-05,83.77999877929688,84.20999908447266,83.77999877929688,84.16999816894531,52.43829345703125,313300
2007-09-06,84.12999725341797,84.19999694824219,83.93000030517578,83.98999786376953,52.32614517211914,267100
2007-09-07,84.52999877929688,84.88999938964844,84.48999786376953,84.88999938964844,52.886878967285156,410800
2007-09-10,84.87000274658203,85.2300033569336,84.79000091552734,85.08000183105469,53.00523376464844,238000
2007-09-11,84.9800033569336,85.08999633789062,84.80999755859375,84.9000015258789,52.89311599731445,123200
2007-09-12,84.79000091552734,84.83999633789062,84.56999969482422,84.69000244140625,52.76227569580078,147900
2007-09-13,84.47000122070312,84.47000122070312,84.0999984741211,84.19000244140625,52.450740814208984,178500
2007-09-14,84.66999816894531,84.66999816894531,84.12999725341797,84.30000305175781,52.519287109375,160700
2007-09-17,84.25,84.37000274658203,84.13999938964844,84.3499984741211,52.550411224365234,237900
2007-09-18,84.1500015258789,84.47000122070312,83.91000366210938,84.26000213623047,52.494388580322266,344700
2007-09-19,84.08999633789062,84.12999725341797,83.7699966430664,83.95999908447266,52.307456970214844,1369300
2007-09-20,83.68000030517578,83.73999786376953,83.01000213623047,83.01000213623047,51.71562576293945,685800
2007-09-21,83.22000122070312,83.5,83.22000122070312,83.43000030517578,51.977298736572266,754900
2007-09-24,83.45999908447266,83.58000183105469,83.37000274658203,83.54000091552734,52.045814514160156,236300
2007-09-25,83.80999755859375,83.91999816894531,83.54000091552734,83.55000305175781,52.05204391479492,225500
2007-09-26,83.44999694824219,83.66000366210938,83.3499984741211,83.58000183105469,52.07073211669922,151100
2007-09-27,83.66999816894531,83.95999908447266,83.61000061035156,83.8499984741211,52.238914489746094,437100
2007-09-28,84.04000091552734,84.18000030517578,83.73999786376953,83.87999725341797,52.25762939453125,185600
2007-10-01,83.62999725341797,83.77999877929688,83.5199966430664,83.66999816894531,52.32014846801758,510600
2007-10-02,83.6500015258789,83.9800033569336,83.58999633789062,83.8499984741211,52.43268585205078,205900
2007-10-03,84.06999969482422,84.0999984741211,83.66999816894531,83.79000091552734,52.395164489746094,1232800
2007-10-04,83.70999908447266,83.97000122070312,83.70999908447266,83.94000244140625,52.48896408081055,120300
2007-10-05,83.47000122070312,83.5,83.12000274658203,83.19999694824219,52.026268005371094,1173000
2007-10-08,83.30000305175781,83.79000091552734,83.08000183105469,83.5,52.21384048461914,129100
2007-10-09,83.27999877929688,83.45999908447266,83.11000061035156,83.23999786376953,52.05126190185547,184000
2007-10-10,83.16000366210938,83.44000244140625,83.05999755859375,83.31999969482422,52.101261138916016,298700
2007-10-11,83.01000213623047,83.3499984741211,82.8499984741211,83.33000183105469,52.10755157470703,264100
2007-10-12,82.94000244140625,83.33999633789062,82.94000244140625,83.05000305175781,51.932437896728516,151400
2007-10-15,82.86000061035156,83.19999694824219,82.83999633789062,83.12999725341797,51.98249435424805,196200
2007-10-16,83.2699966430664,83.38999938964844,83.16000366210938,83.36000061035156,52.12628173828125,205200
2007-10-17,83.4000015258789,84.27999877929688,83.37000274658203,83.87000274658203,52.44521713256836,201200
2007-10-18,84.13999938964844,84.26000213623047,84.05999755859375,84.19000244140625,52.645328521728516,193200
2007-10-19,84.33000183105469,84.94000244140625,84.33000183105469,84.91000366210938,53.095558166503906,270500
2007-10-22,84.87999725341797,84.88999938964844,84.58000183105469,84.75,52.99549102783203,218900
2007-10-23,84.58999633789062,84.83999633789062,84.5,84.7300033569336,52.983028411865234,368300
2007-10-24,84.93000030517578,85.33999633789062,84.91999816894531,85.16000366210938,53.25185775756836,273300
2007-10-25,85.2300033569336,85.27999877929688,85.05999755859375,85.08999633789062,53.20811462402344,169800
2007-10-26,84.83999633789062,85.16999816894531,84.76000213623047,84.87999725341797,53.07679748535156,189500
2007-10-29,84.88999938964844,85.05000305175781,84.81999969482422,84.94999694824219,53.12053298950195,171500
2007-10-30,85.0,85.04000091552734,84.8499984741211,85.04000091552734,53.176815032958984,118400
2007-10-31,84.83000183105469,84.9800033569336,84.45999908447266,84.47000122070312,52.820396423339844,313300
2007-11-01,84.33999633789062,85.01000213623047,84.33999633789062,84.86000061035156,53.251522064208984,219100
2007-11-02,84.6500015258789,85.30999755859375,84.6500015258789,85.08999633789062,53.395843505859375,337600
2007-11-05,85.22000122070312,85.27999877929688,84.91000366210938,84.98999786376953,53.33308792114258,172100
2007-11-06,84.87000274658203,85.18000030517578,84.77999877929688,84.83999633789062,53.23896408081055,184100
2007-11-07,85.0199966430664,85.22000122070312,84.9000015258789,85.1500015258789,53.433528900146484,299700
2007-11-08,85.2300033569336,85.52999877929688,85.16000366210938,85.33999633789062,53.5527229309082,1078400
2007-11-09,85.5999984741211,85.86000061035156,85.56999969482422,85.8499984741211,53.872764587402344,276700
2007-11-12,85.97000122070312,86.0,85.7699966430664,86.0,53.96689224243164,117900
2007-11-13,85.73999786376953,85.73999786376953,85.44999694824219,85.55999755859375,53.69076156616211,125300
2007-11-14,85.2300033569336,85.62000274658203,85.2300033569336,85.62000274658203,53.728416442871094,96400
2007-11-15,85.73999786376953,86.20999908447266,85.69999694824219,86.0999984741211,54.02967071533203,210400
2007-11-16,86.11000061035156,86.33999633789062,86.0199966430664,86.0999984741211,54.02967071533203,742300
2007-11-19,86.19999694824219,86.80999755859375,86.0999984741211,86.72000122070312,54.41865921020508,503500
2007-11-20,86.68000030517578,86.8499984741211,86.33000183105469,86.48999786376953,54.2744026184082,378500
2007-11-21,87.05000305175781,87.22000122070312,86.91000366210938,87.16999816894531,54.701072692871094,317600
2007-11-23,86.94999694824219,87.2300033569336,86.68000030517578,86.91000366210938,54.53793716430664,216700
2007-11-26,87.1500015258789,88.25,87.0199966430664,88.0999984741211,55.28464126586914,637600
2007-11-27,87.66999816894531,88.04000091552734,87.02999877929688,87.27999877929688,54.77011489868164,353300
2007-11-28,87.23999786376953,87.36000061035156,86.86000061035156,86.97000122070312,54.57556915283203,159600
2007-11-29,87.44000244140625,87.75,87.33000183105469,87.45999908447266,54.88312911987305,145300
2007-11-30,86.91999816894531,87.58000183105469,86.69999694824219,87.58000183105469,54.95835876464844,395100
2007-12-03,88.05000305175781,88.05000305175781,87.4000015258789,87.62999725341797,55.17556381225586,214700
2007-12-04,87.83999633789062,87.86000061035156,87.37000274658203,87.70999908447266,55.22594451904297,196800
2007-12-05,87.41000366210938,87.66999816894531,87.27999877929688,87.37999725341797,55.01818084716797,284600
2007-12-06,87.19999694824219,87.27999877929688,86.80999755859375,86.91999816894531,54.728546142578125,217900
2007-12-07,86.7300033569336,86.7300033569336,86.19999694824219,86.36000061035156,54.3759880065918,193000
2007-12-10,86.41999816894531,86.47000122070312,85.93000030517578,86.16000366210938,54.25002670288086,257800
2007-12-11,86.27999877929688,87.33999633789062,86.27999877929688,87.33999633789062,54.993011474609375,318800
2007-12-12,86.19000244140625,86.8499984741211,86.0,86.61000061035156,54.5333366394043,470500
2007-12-13,86.41000366210938,86.47000122070312,85.97000122070312,85.97000122070312,54.13032913208008,221000
2007-12-14,85.83000183105469,85.91999816894531,85.62000274658203,85.72000122070312,53.97298049926758,240100
2007-12-17,85.9000015258789,86.27999877929688,85.80000305175781,86.2300033569336,54.294071197509766,191000
2007-12-18,86.30999755859375,86.69000244140625,86.2300033569336,86.4000015258789,54.4011344909668,644300
2007-12-19,86.80999755859375,87.19999694824219,86.30000305175781,87.08999633789062,54.83555603027344,411600
2007-12-20,87.04000091552734,87.30999755859375,86.91000366210938,86.94999694824219,54.74745559692383,308600
2007-12-21,86.88999938964844,86.91999816894531,86.2699966430664,86.31999969482422,54.35079574584961,560200
2007-12-24,86.08000183105469,86.22000122070312,85.97000122070312,86.06999969482422,54.19337463378906,197400
2007-12-26,85.9800033569336,86.25,85.58999633789062,85.66000366210938,53.93521499633789,135700
2007-12-27,86.37999725341797,86.37999725341797,85.6500015258789,85.91999816894531,54.29728317260742,211000
2007-12-28,86.22000122070312,86.70999908447266,86.16000366210938,86.61000061035156,54.73335266113281,302900
2007-12-31,86.72000122070312,87.12999725341797,86.6500015258789,87.01000213623047,54.98611831665039,181100
2008-01-02,86.98999786376953,87.7300033569336,86.94000244140625,87.62999725341797,55.37797546386719,564700
2008-01-03,87.5,87.83999633789062,87.30999755859375,87.80999755859375,55.4916877746582,198600
2008-01-04,88.0,88.23999786376953,87.94999694824219,88.04000091552734,55.6370735168457,368700
2008-01-07,87.87000274658203,88.30000305175781,87.87000274658203,88.19999694824219,55.73818588256836,341100
2008-01-08,88.08999633789062,88.41999816894531,87.87000274658203,88.38999938964844,55.85824203491211,293200
2008-01-09,88.44000244140625,88.72000122070312,88.2300033569336,88.25,55.769805908203125,335600
2008-01-10,88.43000030517578,88.47000122070312,87.91000366210938,88.01000213623047,55.61812210083008,258300
2008-01-11,88.12000274658203,88.58999633789062,88.05000305175781,88.56999969482422,55.971954345703125,310100
2008-01-14,88.5199966430664,88.6500015258789,88.4000015258789,88.61000061035156,55.997283935546875,347000
2008-01-15,88.9000015258789,89.19999694824219,88.79000091552734,89.19000244140625,56.363800048828125,353700
2008-01-16,89.23999786376953,89.7300033569336,88.80000305175781,89.0199966430664,56.25638961791992,459400
2008-01-17,89.01000213623047,89.79000091552734,88.93000030517578,89.73999786376953,56.71139144897461,608600
2008-01-18,89.48999786376953,89.69999694824219,89.30999755859375,89.61000061035156,56.62921905517578,628100
2008-01-22,90.80000305175781,90.80000305175781,89.87999725341797,90.61000061035156,57.26115798950195,863800
2008-01-23,91.76000213623047,91.77999877929688,90.12000274658203,90.19000244140625,56.9957389831543,1417600
2008-01-24,89.91000366210938,90.12999725341797,89.36000061035156,89.37000274658203,56.47758865356445,398500
2008-01-25,89.0,90.19999694824219,88.97000122070312,90.19999694824219,57.002079010009766,442600
2008-01-28,89.93000030517578,90.11000061035156,89.77999877929688,89.87000274658203,56.79349136352539,254900
2008-01-29,89.69000244140625,89.7300033569336,89.31999969482422,89.51000213623047,56.5660400390625,433100
2008-01-30,89.33999633789062,89.6500015258789,89.01000213623047,89.47000122070312,56.54071044921875,694000
2008-01-31,90.19000244140625,90.19000244140625,89.63999938964844,89.93000030517578,56.83143997192383,384900
2008-02-01,90.04000091552734,90.12000274658203,89.55999755859375,89.94000244140625,57.015892028808594,597500
2008-02-04,89.4000015258789,89.62000274658203,89.33000183105469,89.44000244140625,56.698974609375,442300
2008-02-05,90.05999755859375,90.19000244140625,89.79000091552734,90.06999969482422,57.09834671020508,234400
2008-02-06,89.79000091552734,89.94000244140625,89.66000366210938,89.91000366210938,56.9969367980957,161700
2008-02-07,89.97000122070312,89.9800033569336,88.68000030517578,88.9000015258789,56.356597900390625,246500
2008-02-08,89.38999938964844,89.69000244140625,89.2699966430664,89.6500015258789,56.83208084106445,219300
2008-02-11,89.80000305175781,90.05000305175781,89.66000366210938,89.8499984741211,56.958866119384766,200000
2008-02-12,89.45999908447266,89.70999908447266,89.18000030517578,89.66000366210938,56.83841323852539,425500
2008-02-13,89.27999877929688,89.6500015258789,89.25,89.27999877929688,56.5975341796875,310900
2008-02-14,89.0199966430664,89.16000366210938,88.55999755859375,88.79000091552734,56.28689193725586,477900
2008-02-15,88.93000030517578,89.1500015258789,88.81999969482422,88.9800033569336,56.407325744628906,512000
2008-02-19,88.5199966430664,88.79000091552734,88.19000244140625,88.33999633789062,56.00161361694336,564300
2008-02-20,88.19000244140625,88.54000091552734,88.08999633789062,88.26000213623047,55.950927734375,496700
2008-02-21,88.5,89.22000122070312,88.5,89.16999816894531,56.527793884277344,361900
2008-02-22,89.12000274658203,89.38999938964844,88.83999633789062,88.91999816894531,56.36932373046875,237200
2008-02-25,88.75,88.91999816894531,88.23999786376953,88.33000183105469,55.99525833129883,175400
2008-02-26,88.4800033569336,88.70999908447266,88.4000015258789,88.55000305175781,56.13475036621094,259700
2008-02-27,89.05000305175781,89.08000183105469,88.43000030517578,88.76000213623047,56.26788330078125,201600
2008-02-28,89.5,89.80000305175781,89.30000305175781,89.80000305175781,56.92715072631836,289500
2008-02-29,90.25,90.80999755859375,90.1500015258789,90.76000213623047,57.53569412231445,420700
2008-03-03,90.29000091552734,90.44000244140625,90.01000213623047,90.25,57.38949966430664,480300
2008-03-04,90.3499984741211,90.6500015258789,89.81999969482422,89.91000366210938,57.17332458496094,305600
2008-03-05,90.11000061035156,90.12999725341797,89.43000030517578,89.5199966430664,56.925289154052734,358300
2008-03-06,89.86000061035156,90.36000061035156,89.81999969482422,90.23999786376953,57.38310241699219,292600
2008-03-07,90.77999877929688,90.8499984741211,90.12000274658203,90.55000305175781,57.580265045166016,414000
2008-03-10,90.72000122070312,91.33999633789062,90.62999725341797,91.19999694824219,57.99362564086914,200300
2008-03-11,90.4800033569336,90.5,90.0199966430664,90.20999908447266,57.36408996582031,350800
2008-03-12,90.43000030517578,91.30000305175781,90.29000091552734,91.25,58.02534866333008,289800
2008-03-13,91.47000122070312,91.52999877929688,90.5199966430664,90.7699966430664,57.72011947631836,626400
2008-03-14,91.16000366210938,91.88999938964844,91.16000366210938,91.70999908447266,58.317901611328125,301700
2008-03-17,91.66999816894531,92.58999633789062,91.66999816894531,92.16999816894531,58.610382080078125,569100
2008-03-18,92.05999755859375,92.05999755859375,91.41999816894531,91.54000091552734,58.209835052490234,333400
2008-03-19,91.44999694824219,92.4000015258789,91.41999816894531,92.33000183105469,58.712127685546875,1370400
2008-03-20,92.47000122070312,92.55999755859375,92.08000183105469,92.52999877929688,58.83933639526367,626300
2008-03-24,91.61000061035156,91.61000061035156,90.9000015258789,90.9000015258789,57.80280303955078,898300
2008-03-25,91.19000244140625,91.37000274658203,91.04000091552734,91.22000122070312,58.006290435791016,314600
2008-03-26,91.45999908447266,91.58999633789062,91.16999816894531,91.29000091552734,58.050811767578125,615400
2008-03-27,91.19000244140625,91.51000213623047,90.9800033569336,91.16999816894531,57.9744987487793,345100
2008-03-28,91.27999877929688,91.63999938964844,91.08999633789062,91.52999877929688,58.20341873168945,131800
2008-03-31,91.91999816894531,91.97000122070312,91.62000274658203,91.69000244140625,58.30517578125,431000
2008-04-01,91.54000091552734,91.54000091552734,90.37000274658203,90.58000183105469,57.79541778564453,786700
2008-04-02,90.31999969482422,90.5999984741211,90.08000183105469,90.27999877929688,57.60399627685547,734700
2008-04-03,90.5999984741211,90.5999984741211,90.13999938964844,90.27999877929688,57.60399627685547,560200
2008-04-04,90.75,91.0,90.73999786376953,90.97000122070312,58.04417037963867,421800
2008-04-07,90.47000122070312,90.63999938964844,90.05999755859375,90.37000274658203,57.6613655090332,330400
2008-04-08,90.62999725341797,90.6500015258789,90.29000091552734,90.37999725341797,57.667762756347656,469900
2008-04-09,90.55000305175781,91.08000183105469,90.43000030517578,90.91999816894531,58.01227569580078,761000
2008-04-10,90.91999816894531,91.02999877929688,90.36000061035156,90.55999755859375,57.7826042175293,199700
2008-04-11,90.94999694824219,91.08999633789062,90.83000183105469,90.94999694824219,58.031471252441406,716400
2008-04-14,90.94000244140625,91.08999633789062,90.66000366210938,90.72000122070312,57.88467025756836,246000
2008-04-15,90.44000244140625,90.5999984741211,90.19000244140625,90.30999755859375,57.62309265136719,273700
2008-04-16,90.25,90.3499984741211,89.45999908447266,89.69999694824219,57.23389434814453,1116400
2008-04-17,89.66999816894531,89.7699966430664,89.18000030517578,89.48999786376953,57.09988021850586,815000
2008-04-18,88.93000030517578,89.47000122070312,88.6500015258789,89.4000015258789,57.04243850708008,2284800
2008-04-21,89.2699966430664,89.5199966430664,89.1500015258789,89.41000366210938,57.048824310302734,303600
2008-04-22,89.33999633789062,89.66999816894531,89.25,89.4800033569336,57.09347152709961,427900
2008-04-23,89.43000030517578,89.5,89.12999725341797,89.38999938964844,57.03606033325195,191300
2008-04-24,88.79000091552734,89.0199966430664,88.54000091552734,88.69000244140625,56.58940505981445,306600
2008-04-25,88.51000213623047,88.75,88.27999877929688,88.56999969482422,56.51288986206055,211400
2008-04-28,88.5,88.80999755859375,88.45999908447266,88.7300033569336,56.61492156982422,167800
2008-04-29,88.9000015258789,89.12000274658203,88.7699966430664,88.88999938964844,56.7170524597168,144300
2008-04-30,88.86000061035156,89.26000213623047,88.58000183105469,89.16999816894531,56.895694732666016,168700
2008-05-01,89.30000305175781,89.37000274658203,88.69999694824219,88.87999725341797,56.88928985595703,336700
2008-05-02,88.29000091552734,88.5,88.08000183105469,88.16000366210938,56.42849349975586,341700
2008-05-05,88.36000061035156,88.41000366210938,88.0,88.29000091552734,56.51166915893555,158800
2008-05-06,88.47000122070312,88.58000183105469,87.93000030517578,88.01000213623047,56.33247375488281,557400
2008-05-07,87.91000366210938,88.4000015258789,87.80999755859375,88.36000061035156,56.556461334228516,361300
2008-05-08,88.52999877929688,88.93000030517578,88.4800033569336,88.93000030517578,56.921302795410156,445600
2008-05-09,89.1500015258789,89.20999908447266,88.87999725341797,89.02999877929688,56.98530578613281,236600
2008-05-12,88.94999694824219,89.2300033569336,88.83000183105469,88.87999725341797,56.88928985595703,112200
2008-05-13,88.36000061035156,88.55999755859375,88.08000183105469,88.13999938964844,56.415653228759766,458800
2008-05-14,88.37999725341797,88.37999725341797,87.77999877929688,88.11000061035156,56.39646530151367,174400
2008-05-15,88.02999877929688,88.63999938964844,88.02999877929688,88.5999984741211,56.710086822509766,269100
2008-05-16,88.4000015258789,88.9000015258789,88.37000274658203,88.44999694824219,56.61406326293945,318100
2008-05-19,88.55000305175781,88.68000030517578,88.2300033569336,88.6500015258789,56.742069244384766,163600
2008-05-20,88.8499984741211,88.95999908447266,88.63999938964844,88.91999816894531,56.914886474609375,230400
2008-05-21,88.61000061035156,88.94000244140625,88.55999755859375,88.70999908447266,56.780452728271484,183100
2008-05-22,88.37000274658203,88.37999725341797,87.8499984741211,88.12999725341797,56.40922546386719,223800
2008-05-23,88.30999755859375,88.6500015258789,88.30000305175781,88.5199966430664,56.658870697021484,413200
2008-05-27,88.08999633789062,88.31999969482422,87.95999908447266,88.08999633789062,56.3836555480957,258900
2008-05-28,87.76000213623047,87.81999969482422,87.4000015258789,87.43000030517578,55.961204528808594,197900
2008-05-29,87.2300033569336,87.2300033569336,86.76000213623047,87.0199966430664,55.69876480102539,387600
2008-05-30,87.3499984741211,87.4800033569336,87.23999786376953,87.30999755859375,55.8843994140625,2838400
2008-06-02,87.5,87.66000366210938,86.19000244140625,87.5199966430664,56.21648406982422,240300
2008-06-03,87.36000061035156,88.16999816894531,87.18000030517578,87.9800033569336,56.51194763183594,561500
2008-06-04,88.19000244140625,88.19999694824219,87.55999755859375,87.66000366210938,56.30640411376953,462400
2008-06-05,87.41000366210938,87.44999694824219,87.12000274658203,87.19999694824219,56.01094055175781,1079400
2008-06-06,87.69999694824219,88.05000305175781,87.52999877929688,87.95999908447266,56.499107360839844,250000
2008-06-09,87.5199966430664,87.7300033569336,87.19999694824219,87.33000183105469,56.09443664550781,288000
2008-06-10,87.12000274658203,87.20999908447266,86.68000030517578,86.80999755859375,55.760406494140625,221200
2008-06-11,86.98999786376953,87.33999633789062,86.72000122070312,86.9000015258789,55.8182487487793,247100
2008-06-12,86.5199966430664,86.5199966430664,86.0,86.13999938964844,55.330039978027344,546800
2008-06-13,86.13999938964844,86.43000030517578,85.86000061035156,85.94000244140625,55.201595306396484,579300
2008-06-16,86.12999725341797,86.16000366210938,85.80000305175781,85.94999694824219,55.2080192565918,180600
2008-06-17,86.11000061035156,86.31999969482422,85.93000030517578,86.23999786376953,55.3942985534668,266600
2008-06-18,86.38999938964844,86.77999877929688,86.3499984741211,86.70999908447266,55.696224212646484,296200
2008-06-19,86.5199966430664,86.61000061035156,86.19000244140625,86.20999908447266,55.3750114440918,152900
2008-06-20,86.69000244140625,86.83999633789062,86.47000122070312,86.61000061035156,55.6319580078125,318300
2008-06-23,86.70999908447266,86.8499984741211,86.45999908447266,86.56999969482422,55.60630798339844,472000
2008-06-24,86.80000305175781,87.1500015258789,86.75,87.02999877929688,55.90168380737305,273400
2008-06-25,87.01000213623047,87.08000183105469,86.55999755859375,87.0199966430664,55.89532470703125,254200
2008-06-26,87.02999877929688,87.61000061035156,87.02999877929688,87.51000213623047,56.21006393432617,320500
2008-06-27,87.62000274658203,88.05000305175781,87.5199966430664,87.94000244140625,56.48625183105469,173000
2008-06-30,87.83999633789062,88.04000091552734,87.7300033569336,88.0,56.5247802734375,240500
2008-07-01,88.01000213623047,88.11000061035156,87.47000122070312,87.47000122070312,56.37141799926758,355300
2008-07-02,87.55000305175781,87.80000305175781,87.48999786376953,87.68000030517578,56.50677490234375,469800
2008-07-03,87.56999969482422,87.87999725341797,87.44999694824219,87.70999908447266,56.526100158691406,261800
2008-07-07,87.7699966430664,88.44999694824219,87.54000091552734,88.12000274658203,56.790306091308594,507900
2008-07-08,88.18000030517578,88.47000122070312,88.1500015258789,88.33999633789062,56.93206787109375,206400
2008-07-09,88.3499984741211,88.83000183105469,88.25,88.76000213623047,57.202781677246094,308200
2008-07-10,88.80000305175781,88.94000244140625,88.41000366210938,88.79000091552734,57.22209548950195,291100
2008-07-11,88.79000091552734,88.88999938964844,87.8499984741211,87.95999908447266,56.687217712402344,378000
2008-07-14,88.01000213623047,88.63999938964844,88.0,88.43000030517578,56.99009704589844,296400
2008-07-15,88.62000274658203,89.0999984741211,88.54000091552734,88.75,57.1963005065918,506300
2008-07-16,88.44999694824219,88.5,87.94000244140625,87.94000244140625,56.67430877685547,309500
2008-07-17,87.9000015258789,88.08999633789062,87.36000061035156,87.5199966430664,56.40362548828125,266400
2008-07-18,87.55000305175781,87.7300033569336,87.1500015258789,87.22000122070312,56.21028137207031,365500
2008-07-21,87.16999816894531,87.41999816894531,87.05000305175781,87.41999816894531,56.33920669555664,264600
2008-07-22,87.33999633789062,87.37999725341797,87.01000213623047,87.12000274658203,56.145851135253906,263000
2008-07-23,86.94999694824219,87.05999755859375,86.69000244140625,86.9800033569336,56.0556526184082,550000
2008-07-24,87.08999633789062,87.77999877929688,87.06999969482422,87.7300033569336,56.538944244384766,276300
2008-07-25,87.51000213623047,87.63999938964844,87.0999984741211,87.22000122070312,56.21028137207031,296900
2008-07-28,87.51000213623047,87.87999725341797,87.4800033569336,87.72000122070312,56.53251266479492,363000
2008-07-29,87.58000183105469,87.62000274658203,87.30000305175781,87.47000122070312,56.37141799926758,190000
2008-07-30,87.2699966430664,87.80000305175781,87.1500015258789,87.63999938964844,56.48094177246094,274900
2008-07-31,88.11000061035156,88.33999633789062,88.04000091552734,88.33999633789062,56.93206787109375,275000
2008-08-01,87.7300033569336,88.0999984741211,87.70999908447266,88.08000183105469,56.96058654785156,308500
2008-08-04,87.91999816894531,88.19999694824219,87.8499984741211,88.0199966430664,56.9217529296875,367500
2008-08-05,87.94000244140625,88.04000091552734,87.56999969482422,87.56999969482422,56.63074493408203,355600
2008-08-06,87.56999969482422,87.61000061035156,87.19999694824219,87.5999984741211,56.65011978149414,272400
2008-08-07,87.97000122070312,88.5999984741211,87.86000061035156,88.41999816894531,57.18041229248047,341200
2008-08-08,88.51000213623047,88.54000091552734,88.22000122070312,88.37999725341797,57.15452575683594,202800
2008-08-11,88.26000213623047,88.26000213623047,87.66999816894531,87.94999694824219,56.87648391723633,412500
2008-08-12,88.2699966430664,88.58000183105469,88.23999786376953,88.55999755859375,57.27093505859375,302200
2008-08-13,88.69999694824219,88.72000122070312,88.19999694824219,88.37000274658203,57.14808654785156,210100
2008-08-14,88.63999938964844,88.77999877929688,88.45999908447266,88.63999938964844,57.32271194458008,303000
2008-08-15,88.87999725341797,89.11000061035156,88.83000183105469,88.97000122070312,57.53611373901367,292500
2008-08-18,88.95999908447266,89.2300033569336,88.87999725341797,89.19000244140625,57.678375244140625,381000
2008-08-19,89.29000091552734,89.31999969482422,88.95999908447266,89.05999755859375,57.59430694580078,373400
2008-08-20,89.22000122070312,89.44999694824219,89.13999938964844,89.31999969482422,57.76244354248047,487300
2008-08-21,89.37000274658203,89.37000274658203,88.94000244140625,89.12999725341797,57.63959884643555,279900
2008-08-22,88.95999908447266,88.95999908447266,88.69999694824219,88.87000274658203,57.471435546875,157200
2008-08-25,89.37999725341797,89.55000305175781,89.3499984741211,89.45999908447266,57.85301971435547,232700
2008-08-26,89.36000061035156,89.48999786376953,89.19000244140625,89.48999786376953,57.87234878540039,166900
2008-08-27,89.11000061035156,89.6500015258789,89.11000061035156,89.62000274658203,57.95644760131836,255700
2008-08-28,89.37000274658203,89.58999633789062,89.19999694824219,89.48999786376953,57.87234878540039,201600
2008-08-29,89.29000091552734,89.41999816894531,89.0999984741211,89.37999725341797,57.8012580871582,496900
2008-09-02,88.88999938964844,89.58999633789062,88.69999694824219,89.56999969482422,58.115989685058594,349200
2008-09-03,89.55999755859375,89.9000015258789,89.52999877929688,89.79000091552734,58.258628845214844,410300
2008-09-04,89.95999908447266,90.27999877929688,89.8499984741211,90.23999786376953,58.55063247680664,460500
2008-09-05,90.47000122070312,90.63999938964844,90.0,90.04000091552734,58.420894622802734,363400
2008-09-08,89.43000030517578,90.08000183105469,89.23999786376953,90.05000305175781,58.42737579345703,418500
2008-09-09,89.87999725341797,90.52999877929688,89.73999786376953,90.45999908447266,58.693416595458984,323800
2008-09-10,89.93000030517578,90.3499984741211,89.87000274658203,90.2300033569336,58.544132232666016,248900
2008-09-11,90.48999786376953,90.54000091552734,90.0,90.06999969482422,58.440399169921875,393500
2008-09-12,90.16999816894531,90.19999694824219,89.47000122070312,89.62000274658203,58.14836120605469,358300
2008-09-15,90.97000122070312,91.41000366210938,90.62000274658203,91.33999633789062,59.26435089111328,526200
2008-09-16,92.62999725341797,92.63999938964844,91.02999877929688,91.08000183105469,59.09568405151367,810900
2008-09-17,91.66999816894531,92.11000061035156,91.31999969482422,91.9000015258789,59.62770462036133,829800
2008-09-18,91.4000015258789,91.93000030517578,90.79000091552734,90.81999969482422,58.92696762084961,687700
2008-09-19,89.05999755859375,89.75,89.05999755859375,89.19999694824219,57.87583541870117,1339500
2008-09-22,88.63999938964844,89.11000061035156,88.4800033569336,89.01000213623047,57.75261688232422,785800
2008-09-23,89.13999938964844,89.29000091552734,88.72000122070312,89.01000213623047,57.75261688232422,455500
2008-09-24,89.33000183105469,89.54000091552734,89.01000213623047,89.23999786376953,57.90182876586914,415400
2008-09-25,89.19999694824219,89.19999694824219,88.44999694824219,88.97000122070312,57.726619720458984,427200
2008-09-26,89.13999938964844,89.29000091552734,88.83000183105469,88.91000366210938,57.68772506713867,310600
2008-09-29,89.48999786376953,91.06999969482422,89.48999786376953,90.1500015258789,58.492271423339844,528000
2008-09-30,90.29000091552734,90.29000091552734,88.77999877929688,88.95999908447266,57.72011947631836,477900
2008-10-01,89.13999938964844,89.80000305175781,88.7699966430664,89.27999877929688,58.127044677734375,349200
2008-10-02,89.43000030517578,89.91999816894531,89.31999969482422,89.77999877929688,58.452613830566406,298000
2008-10-03,89.87999725341797,90.19999694824219,89.0,90.12000274658203,58.673980712890625,505400
2008-10-06,90.44000244140625,91.31999969482422,90.43000030517578,90.8499984741211,59.149253845214844,1065200
2008-10-07,90.44000244140625,91.05000305175781,90.2699966430664,90.77999877929688,59.10367965698242,825400
2008-10-08,91.06999969482422,91.2300033569336,88.51000213623047,89.62000274658203,58.34840774536133,869200
2008-10-09,88.66999816894531,88.79000091552734,88.23999786376953,88.72000122070312,57.762454986572266,577200
2008-10-10,88.44999694824219,88.44999694824219,87.41000366210938,87.68000030517578,57.08540725708008,1154600
2008-10-13,87.26000213623047,87.76000213623047,86.87000274658203,87.08000183105469,56.694705963134766,478400
2008-10-14,87.05000305175781,87.4000015258789,86.62000274658203,86.66999816894531,56.427730560302734,736700
2008-10-15,86.66000366210938,87.37999725341797,86.58999633789062,87.37999725341797,56.89004135131836,247200
2008-10-16,87.11000061035156,87.58999633789062,87.05000305175781,87.4000015258789,56.90302658081055,330400
2008-10-17,87.9000015258789,87.94999694824219,86.94000244140625,87.94999694824219,57.26115417480469,445800
2008-10-20,87.48999786376953,88.0999984741211,87.29000091552734,88.04000091552734,57.31972122192383,315900
2008-10-21,88.58999633789062,89.12999725341797,88.18000030517578,88.97000122070312,57.92521667480469,225500
2008-10-22,89.11000061035156,89.6500015258789,89.05999755859375,89.6500015258789,58.367950439453125,347700
2008-10-23,89.91000366210938,90.1500015258789,89.29000091552734,89.7699966430664,58.44612121582031,330000
2008-10-24,90.4000015258789,90.4000015258789,89.16999816894531,89.38999938964844,58.198646545410156,1924600
2008-10-27,89.45999908447266,89.68000030517578,88.91000366210938,89.33999633789062,58.16609573364258,213700
2008-10-28,88.9000015258789,89.33000183105469,88.30999755859375,88.62000274658203,57.69738006591797,278100
2008-10-29,88.69000244140625,89.04000091552734,88.31999969482422,88.75,57.781951904296875,255400
2008-10-30,88.05999755859375,88.30999755859375,87.83000183105469,88.06999969482422,57.339290618896484,406300
2008-10-31,88.43000030517578,88.7300033569336,87.58999633789062,87.88999938964844,57.222068786621094,264100
2008-11-03,87.69999694824219,87.8499984741211,87.38999938964844,87.70999908447266,57.31357192993164,1942300
2008-11-04,87.73999786376953,88.87999725341797,87.73999786376953,88.76000213623047,57.999698638916016,269700
2008-11-05,88.77999877929688,89.2300033569336,88.66999816894531,89.2300033569336,58.30681228637695,286500
2008-11-06,88.80000305175781,89.16999816894531,88.5,88.95999908447266,58.13037872314453,173000
2008-11-07,88.7300033569336,88.8499984741211,88.44000244140625,88.63999938964844,57.921207427978516,212300
2008-11-10,88.54000091552734,88.97000122070312,88.29000091552734,88.7300033569336,57.980079650878906,205400
2008-11-11,88.72000122070312,89.37000274658203,88.72000122070312,89.05999755859375,58.19572067260742,130100
2008-11-12,89.27999877929688,89.75,89.25,89.61000061035156,58.555137634277344,266900
2008-11-13,89.48999786376953,89.94999694824219,88.87999725341797,88.95999908447266,58.13037872314453,300500
2008-11-14,89.7300033569336,90.05999755859375,89.52999877929688,89.83999633789062,58.70539474487305,324100
2008-11-17,89.8499984741211,90.30000305175781,89.80000305175781,90.22000122070312,58.95372009277344,473100
2008-11-18,90.5999984741211,91.1500015258789,90.41999816894531,90.91999816894531,59.411163330078125,543600
2008-11-19,91.30000305175781,92.05000305175781,91.08999633789062,91.9000015258789,60.05149841308594,432400
2008-11-20,93.11000061035156,93.75,92.61000061035156,93.75,61.26033020019531,727900
2008-11-21,92.73999786376953,93.12000274658203,92.43000030517578,92.88999938964844,60.69837188720703,791300
2008-11-24,92.5199966430664,92.5999984741211,91.70999908447266,92.0199966430664,60.1298828125,611600
2008-11-25,93.20999908447266,95.69999694824219,92.8499984741211,93.5999984741211,61.1623649597168,411600
2008-11-26,93.7300033569336,94.23999786376953,93.69000244140625,94.16999816894531,61.534812927246094,483400
2008-11-28,94.05000305175781,94.5199966430664,94.01000213623047,94.36000061035156,61.658973693847656,134000
2008-12-01,95.05000305175781,96.08000183105469,94.63999938964844,95.31999969482422,62.49358367919922,663900
2008-12-02,95.26000213623047,95.87000274658203,95.16999816894531,95.81999969482422,62.82136535644531,278300
2008-12-03,95.7699966430664,96.12000274658203,95.19999694824219,95.97000122070312,62.919715881347656,352200
2008-12-04,96.16999816894531,96.79000091552734,95.87000274658203,96.56999969482422,63.31308364868164,443800
2008-12-05,96.25,96.66000366210938,95.41999816894531,95.55000305175781,62.64437484741211,557500
2008-12-08,95.5,95.70999908447266,95.06999969482422,95.19000244140625,62.40835189819336,523400
2008-12-09,95.37999725341797,96.20999908447266,95.06999969482422,96.0,62.939414978027344,1421700
2008-12-10,95.48999786376953,95.91000366210938,95.27999877929688,95.91000366210938,62.8803825378418,737000
2008-12-11,96.04000091552734,96.55999755859375,95.62999725341797,96.48999786376953,63.260650634765625,327500
2008-12-12,96.4800033569336,96.7699966430664,95.48999786376953,96.76000213623047,63.43765640258789,281300
2008-12-15,96.83999633789062,97.23999786376953,96.70999908447266,96.97000122070312,63.575321197509766,328900
2008-12-16,98.51000213623047,98.62999725341797,96.63999938964844,98.51000213623047,64.58499908447266,406000
2008-12-17,99.77999877929688,100.0199966430664,99.01000213623047,99.18000030517578,65.02427673339844,667900
2008-12-18,99.94999694824219,100.30999755859375,99.66999816894531,99.8499984741211,65.46350860595703,477700
2008-12-19,99.44000244140625,99.98999786376953,99.44000244140625,99.5199966430664,65.24716186523438,598000
2008-12-22,99.55999755859375,99.72000122070312,99.1500015258789,99.26000213623047,65.07669830322266,804200
2008-12-23,99.0999984741211,99.55000305175781,99.0,99.20999908447266,65.0439224243164,324500
2008-12-24,99.16000366210938,99.44000244140625,99.05000305175781,99.11000061035156,64.97833251953125,129200
2008-12-26,99.51000213623047,99.63999938964844,99.19999694824219,99.63999938964844,65.32583618164062,181100
2008-12-29,99.44999694824219,99.91999816894531,99.37999725341797,99.48999786376953,65.46995544433594,211900
2008-12-30,99.2300033569336,99.63999938964844,99.0999984741211,99.62999725341797,65.56210327148438,201300
2008-12-31,99.37000274658203,99.58000183105469,98.19999694824219,98.52999877929688,64.83820343017578,404600
2009-01-02,98.77999877929688,98.95999908447266,96.94000244140625,97.12000274658203,63.91035842895508,455200
2009-01-05,96.70999908447266,97.30000305175781,96.44999694824219,96.94999694824219,63.798492431640625,1383500
2009-01-06,96.20999908447266,97.08000183105469,96.0,96.88999938964844,63.75900650024414,900800
2009-01-07,96.73999786376953,97.13999938964844,96.55000305175781,96.91000366210938,63.77217483520508,296700
2009-01-08,97.01000213623047,97.52999877929688,96.86000061035156,97.16999816894531,63.94322967529297,262600
2009-01-09,97.0,97.94999694824219,97.0,97.62000274658203,64.23939514160156,278700
2009-01-12,97.37999725341797,98.30999755859375,97.33999633789062,98.2300033569336,64.64079284667969,747700
2009-01-13,97.9800033569336,98.36000061035156,97.91000366210938,98.30000305175781,64.68681335449219,157700
2009-01-14,98.72000122070312,99.22000122070312,98.69999694824219,98.8499984741211,65.04882049560547,321100
2009-01-15,98.97000122070312,99.12000274658203,98.58999633789062,98.7699966430664,64.99617767333984,414500
2009-01-16,97.55000305175781,98.5,97.47000122070312,97.86000061035156,64.3973388671875,288800
2009-01-20,96.80999755859375,98.05000305175781,96.75,97.70999908447266,64.29864501953125,357200
2009-01-21,97.0999984741211,97.55000305175781,96.62000274658203,96.83999633789062,63.72613525390625,484100
2009-01-22,96.72000122070312,96.7699966430664,95.9000015258789,96.19999694824219,63.30495834350586,262600
2009-01-23,95.86000061035156,96.22000122070312,95.55999755859375,96.22000122070312,63.318084716796875,361900
2009-01-26,95.8499984741211,96.11000061035156,95.55999755859375,95.9800033569336,63.160186767578125,324900
2009-01-27,95.91000366210938,96.75,95.8499984741211,96.61000061035156,63.574764251708984,269300
2009-01-28,96.75,96.81999969482422,95.58000183105469,95.98999786376953,63.16678237915039,266200
2009-01-29,95.51000213623047,95.73999786376953,94.4800033569336,94.73999786376953,62.34419631958008,325900
2009-01-30,95.0199966430664,95.1500015258789,94.62000274658203,94.69999694824219,62.31787109375,296900
2009-02-02,94.80000305175781,95.37000274658203,94.47000122070312,95.19999694824219,62.823333740234375,347600
2009-02-03,94.83999633789062,94.94000244140625,94.19999694824219,94.37999725341797,62.282203674316406,436000
2009-02-04,94.1500015258789,94.25,93.5,93.9000015258789,61.96550750732422,325000
2009-02-05,94.02999877929688,94.45999908447266,93.73999786376953,94.12000274658203,62.11065673828125,641800
2009-02-06,94.0,94.02999877929688,93.5,93.55000305175781,61.73451232910156,667000
2009-02-09,93.5199966430664,93.58000183105469,93.12000274658203,93.36000061035156,61.609127044677734,468300
2009-02-10,94.0999984741211,94.8499984741211,93.9800033569336,94.61000061035156,62.43401336669922,437400
2009-02-11,94.86000061035156,95.48999786376953,94.81999969482422,95.33999633789062,62.91571044921875,316800
2009-02-12,95.58000183105469,95.77999877929688,95.20999908447266,95.30999755859375,62.89594268798828,379900
2009-02-13,94.91000366210938,95.02999877929688,94.41999816894531,94.55999755859375,62.40098571777344,304100
2009-02-17,95.55999755859375,96.22000122070312,95.55999755859375,96.1500015258789,63.450252532958984,416200
2009-02-18,96.13999938964844,96.19000244140625,95.33999633789062,95.44999694824219,62.98835754394531,422300
2009-02-19,94.55999755859375,95.29000091552734,94.55999755859375,94.91999816894531,62.63861083984375,229300
2009-02-20,95.4800033569336,95.87000274658203,95.12999725341797,95.19000244140625,62.816734313964844,338800
2009-02-23,94.83000183105469,95.31999969482422,94.69000244140625,95.27999877929688,62.87617492675781,440600
2009-02-24,95.43000030517578,95.79000091552734,94.8499984741211,94.91999816894531,62.63861083984375,557000
2009-02-25,94.87000274658203,95.12999725341797,93.97000122070312,94.05999755859375,62.071044921875,428700
2009-02-26,93.83000183105469,94.05999755859375,93.66000366210938,93.81999969482422,61.912681579589844,224800
2009-02-27,94.06999969482422,94.27999877929688,93.55999755859375,93.73999786376953,61.85987091064453,288300
2009-03-02,93.97000122070312,94.62999725341797,93.9000015258789,94.43000030517578,62.4804801940918,500400
2009-03-03,93.9000015258789,94.61000061035156,93.77999877929688,94.30999755859375,62.40113067626953,528400
2009-03-04,93.47000122070312,93.87000274658203,93.44000244140625,93.83000183105469,62.083534240722656,331600
2009-03-05,94.51000213623047,95.05000305175781,94.19000244140625,94.93000030517578,62.81136703491211,475000
2009-03-06,94.45999908447266,95.18000030517578,94.45999908447266,94.4800033569336,62.513633728027344,414800
2009-03-09,94.62999725341797,94.76000213623047,94.0999984741211,94.5199966430664,62.540077209472656,224900
2009-03-10,94.05000305175781,94.1500015258789,93.7300033569336,93.83000183105469,62.083534240722656,244500
2009-03-11,93.62999725341797,94.5,93.55999755859375,94.5,62.5268440246582,320700
2009-03-12,94.56999969482422,95.0999984741211,94.4000015258789,94.7699966430664,62.70552062988281,271100
2009-03-13,94.5,95.0999984741211,94.30000305175781,94.69999694824219,62.659156799316406,553200
2009-03-16,94.06999969482422,94.38999938964844,94.0199966430664,94.16000366210938,62.3018684387207,512100
2009-03-17,94.45999908447266,94.62999725341797,93.79000091552734,93.9800033569336,62.18280792236328,222200
2009-03-18,94.1500015258789,97.5,94.1500015258789,97.19999694824219,64.31330108642578,751400
2009-03-19,97.51000213623047,97.68000030517578,96.8499984741211,96.87000274658203,64.09498596191406,711100
2009-03-20,97.04000091552734,97.20999908447266,96.69999694824219,96.87000274658203,64.09498596191406,231400
2009-03-23,96.80999755859375,97.0999984741211,96.48999786376953,96.54000091552734,63.876609802246094,285100
2009-03-24,96.41000366210938,96.80999755859375,96.0,96.4000015258789,63.78401184082031,810500
2009-03-25,96.16999816894531,96.41999816894531,95.66999816894531,95.81999969482422,63.40022659301758,443500
2009-03-26,95.83000183105469,96.33999633789062,95.6500015258789,96.06999969482422,63.56562423706055,507900
2009-03-27,96.27999877929688,96.4000015258789,95.81999969482422,96.01000213623047,63.5260009765625,394200
2009-03-30,96.55000305175781,96.66999816894531,96.11000061035156,96.41999816894531,63.79724884033203,321200
2009-03-31,96.41999816894531,96.69999694824219,96.41000366210938,96.58999633789062,63.90970230102539,1150800
2009-04-01,96.56999969482422,96.72000122070312,96.22000122070312,96.55000305175781,64.06636047363281,230200
2009-04-02,96.22000122070312,96.29000091552734,95.69999694824219,95.91999816894531,63.64825439453125,552400
2009-04-03,95.51000213623047,95.73999786376953,94.79000091552734,94.81999969482422,62.91836929321289,1177200
2009-04-06,94.97000122070312,95.04000091552734,94.54000091552734,94.5999984741211,62.77238464355469,363600
2009-04-07,94.81999969482422,95.01000213623047,94.66999816894531,94.83999633789062,62.931636810302734,289700
2009-04-08,94.9800033569336,95.30999755859375,94.8499984741211,95.30999755859375,63.243499755859375,250800
2009-04-09,94.72000122070312,95.16000366210938,94.5999984741211,94.75,62.8719482421875,249600
2009-04-13,95.16000366210938,95.45999908447266,95.11000061035156,95.30999755859375,63.243499755859375,207300
2009-04-14,95.55999755859375,95.91000366210938,95.41999816894531,95.80000305175781,63.568634033203125,254000
2009-04-15,95.93000030517578,96.01000213623047,95.5,95.88999938964844,63.62836456298828,238500
2009-04-16,95.68000030517578,95.80000305175781,95.3499984741211,95.51000213623047,63.376155853271484,240100
2009-04-17,95.23999786376953,95.27999877929688,94.6500015258789,94.73999786376953,62.86528396606445,239400
2009-04-20,95.0999984741211,95.5,95.08000183105469,95.4000015258789,63.3032341003418,277700
2009-04-21,95.79000091552734,95.86000061035156,94.9000015258789,95.02999877929688,63.05768966674805,218500
2009-04-22,95.13999938964844,95.19000244140625,94.5,94.80000305175781,62.90503692626953,160900
2009-04-23,94.69999694824219,94.9000015258789,94.43000030517578,94.77999877929688,62.891815185546875,238200
2009-04-24,94.51000213623047,94.6500015258789,94.23999786376953,94.41000366210938,62.64629364013672,253500
2009-04-27,94.80000305175781,94.94999694824219,94.44999694824219,94.80000305175781,62.90503692626953,207500
2009-04-28,95.11000061035156,95.12000274658203,94.19999694824219,94.33999633789062,62.599884033203125,283800
2009-04-29,94.3499984741211,94.55000305175781,93.51000213623047,93.83000183105469,62.261470794677734,454400
2009-04-30,93.58999633789062,93.79000091552734,93.29000091552734,93.66999816894531,62.1552619934082,410500
2009-05-01,93.16000366210938,93.20999908447266,92.83000183105469,93.08999633789062,61.95560073852539,562700
2009-05-04,93.1500015258789,93.36000061035156,92.95999908447266,93.18000030517578,62.01548767089844,516400
2009-05-05,93.19000244140625,93.36000061035156,92.97000122070312,93.16000366210938,62.0022087097168,245000
2009-05-06,93.08000183105469,93.55000305175781,93.01000213623047,93.19999694824219,62.02884292602539,442600
2009-05-07,92.68000030517578,92.97000122070312,92.25,92.41999816894531,61.509708404541016,489800
2009-05-08,92.51000213623047,92.80000305175781,92.41000366210938,92.52999877929688,61.58290481567383,399900
2009-05-11,93.1500015258789,93.44999694824219,92.98999786376953,93.4000015258789,62.16192626953125,698000
2009-05-12,93.2300033569336,93.4800033569336,93.08999633789062,93.33999633789062,62.122005462646484,206800
2009-05-13,93.56999969482422,93.86000061035156,93.55999755859375,93.7699966430664,62.408138275146484,287500
2009-05-14,93.70999908447266,93.83000183105469,93.55000305175781,93.77999877929688,62.41482162475586,186500
2009-05-15,93.62999725341797,93.69999694824219,93.4000015258789,93.55000305175781,62.261756896972656,254100
2009-05-18,93.61000061035156,93.68000030517578,92.95999908447266,93.0,61.89568328857422,456100
2009-05-19,92.80000305175781,92.93000030517578,92.58999633789062,92.87000274658203,61.8092155456543,268900
2009-05-20,92.87999725341797,93.29000091552734,92.7300033569336,93.16000366210938,62.0022087097168,408600
2009-05-21,93.45999908447266,93.45999908447266,92.05999755859375,92.13999938964844,61.323360443115234,374900
2009-05-22,91.73999786376953,92.01000213623047,91.45999908447266,91.5999984741211,60.963966369628906,382200
2009-05-26,91.87000274658203,91.98999786376953,90.97000122070312,90.98999786376953,60.55796432495117,519900
2009-05-27,91.0,91.05999755859375,89.87999725341797,89.95999908447266,59.872474670410156,733500
2009-05-28,90.61000061035156,90.62999725341797,89.70999908447266,90.43000030517578,60.185272216796875,660100
2009-05-29,90.47000122070312,91.54000091552734,90.44999694824219,91.44999694824219,60.8641242980957,1119300
2009-06-01,90.26000213623047,90.3499984741211,89.43000030517578,89.69000244140625,59.87086868286133,970300
2009-06-02,89.91999816894531,90.04000091552734,89.44999694824219,89.98999786376953,60.07111358642578,1903800
2009-06-03,90.27999877929688,90.63999938964844,90.13999938964844,90.54000091552734,60.43824768066406,568800
2009-06-04,89.9800033569336,90.08999633789062,89.33999633789062,89.48999786376953,59.73733139038086,591100
2009-06-05,88.68000030517578,89.13999938964844,88.41000366210938,88.5999984741211,59.14319610595703,1273900
2009-06-08,88.70999908447266,88.83999633789062,88.08000183105469,88.1500015258789,58.84284973144531,1135800
2009-06-09,88.55000305175781,88.79000091552734,88.29000091552734,88.52999877929688,59.096492767333984,1127200
2009-06-10,88.2699966430664,88.4800033569336,87.69999694824219,88.0,58.74268341064453,1406500
2009-06-11,87.9800033569336,88.94999694824219,87.81999969482422,88.5999984741211,59.14319610595703,781400
2009-06-12,88.72000122070312,89.29000091552734,88.72000122070312,89.06999969482422,59.45697021484375,608300
2009-06-15,89.41000366210938,89.62000274658203,89.30000305175781,89.47000122070312,59.72397994995117,531500
2009-06-16,89.44000244140625,90.0,89.29000091552734,89.97000122070312,60.057716369628906,403000
2009-06-17,90.0,90.4000015258789,89.7300033569336,89.7300033569336,59.897499084472656,594800
2009-06-18,89.2300033569336,89.41999816894531,88.54000091552734,88.63999938964844,59.169960021972656,1015500
2009-06-19,88.51000213623047,89.06999969482422,88.44000244140625,89.05000305175781,59.44365692138672,850900
2009-06-22,89.41000366210938,89.63999938964844,89.30000305175781,89.52999877929688,59.7640380859375,1218000
2009-06-23,89.55999755859375,89.94999694824219,89.43000030517578,89.81999969482422,59.9576301574707,492200
2009-06-24,89.87000274658203,90.31999969482422,89.4800033569336,89.4800033569336,59.73060607910156,687600
2009-06-25,89.69999694824219,90.5999984741211,89.48999786376953,90.5999984741211,60.47824478149414,790700
2009-06-26,90.66999816894531,90.9000015258789,90.5,90.72000122070312,60.55838394165039,263700
2009-06-29,90.97000122070312,91.08999633789062,90.72000122070312,90.91000366210938,60.68519973754883,903200
2009-06-30,90.45999908447266,90.98999786376953,90.31999969482422,90.66999816894531,60.525001525878906,608800
2009-07-01,90.05000305175781,90.36000061035156,89.87999725341797,90.36000061035156,60.48617172241211,394100
2009-07-02,90.52999877929688,90.87999725341797,90.52999877929688,90.66000366210938,60.68701171875,431700
2009-07-06,90.51000213623047,90.7699966430664,90.41000366210938,90.72000122070312,60.7271614074707,472200
2009-07-07,90.58000183105469,91.08999633789062,90.58000183105469,91.08000183105469,60.96818542480469,741600
2009-07-08,91.16000366210938,92.27999877929688,91.08000183105469,92.12999725341797,61.67099380493164,658900
2009-07-09,91.5999984741211,91.73999786376953,91.25,91.58999633789062,61.30951690673828,668900
2009-07-10,91.95999908447266,92.3499984741211,91.81999969482422,92.16000366210938,61.69110870361328,400300
2009-07-13,92.20999908447266,92.30999755859375,91.75,91.83000183105469,61.470184326171875,327400
2009-07-14,91.30999755859375,91.56999969482422,91.06999969482422,91.22000122070312,61.06185531616211,942100
2009-07-15,90.73999786376953,90.81999969482422,90.04000091552734,90.04000091552734,60.271934509277344,714400
2009-07-16,90.6500015258789,90.88999938964844,90.5199966430664,90.58000183105469,60.633453369140625,194900
2009-07-17,90.19000244140625,90.37999725341797,89.97000122070312,89.97000122070312,60.22510528564453,616000
2009-07-20,89.75,90.61000061035156,89.70999908447266,90.30000305175781,60.446006774902344,335400
2009-07-21,90.08999633789062,91.37000274658203,90.08000183105469,91.30999755859375,61.122100830078125,837700
2009-07-22,91.19999694824219,91.19999694824219,90.6500015258789,90.7699966430664,60.760597229003906,298300
2009-07-23,90.76000213623047,90.77999877929688,89.70999908447266,89.88999938964844,60.17155456542969,518100
2009-07-24,89.8499984741211,90.12000274658203,89.83000183105469,90.08000183105469,60.29874038696289,292400
2009-07-27,89.58999633789062,89.81999969482422,89.37999725341797,89.66000366210938,60.017608642578125,326800
2009-07-28,89.83999633789062,90.31999969482422,89.58000183105469,89.83999633789062,60.13811111450195,299300
2009-07-29,90.23999786376953,90.2699966430664,89.55000305175781,89.9000015258789,60.17829132080078,265200
2009-07-30,89.72000122070312,90.30000305175781,89.55000305175781,90.26000213623047,60.419273376464844,367400
2009-07-31,90.6500015258789,91.23999786376953,90.45999908447266,91.16999816894531,61.028358459472656,631800
2009-08-03,90.37000274658203,90.4000015258789,89.69999694824219,89.94000244140625,60.379878997802734,453700
2009-08-04,90.16999816894531,90.23999786376953,89.3499984741211,89.68000030517578,60.205360412597656,552000
2009-08-05,89.27999877929688,89.95999908447266,89.12999725341797,89.16999816894531,59.86295700073242,393900
2009-08-06,89.12999725341797,89.5,88.97000122070312,89.16999816894531,59.86295700073242,311200
2009-08-07,88.66000366210938,88.76000213623047,88.47000122070312,88.58000183105469,59.46684646606445,507200
2009-08-10,88.69000244140625,89.18000030517578,88.5999984741211,89.1500015258789,59.84952926635742,1487700
2009-08-11,89.4800033569336,89.7699966430664,89.38999938964844,89.7699966430664,60.265750885009766,327400
2009-08-12,89.8499984741211,89.91999816894531,89.13999938964844,89.5199966430664,60.09789276123047,624700
2009-08-13,89.79000091552734,90.38999938964844,89.69999694824219,90.22000122070312,60.567840576171875,614700
2009-08-14,90.43000030517578,90.97000122070312,90.41999816894531,90.5,60.75585174560547,695000
2009-08-17,90.87000274658203,91.16999816894531,90.8499984741211,91.12000274658203,61.172019958496094,572900
2009-08-18,91.12999725341797,91.1500015258789,90.77999877929688,90.80000305175781,60.95723342895508,514700
2009-08-19,91.43000030517578,91.44999694824219,90.94000244140625,91.13999938964844,61.18550491333008,495400
2009-08-20,91.23999786376953,91.43000030517578,90.97000122070312,91.37999725341797,61.34659957885742,542900
2009-08-21,91.30999755859375,91.37999725341797,90.41999816894531,90.44999694824219,60.722293853759766,435100
2009-08-24,90.23999786376953,91.04000091552734,90.2300033569336,91.01000213623047,61.09819793701172,369100
2009-08-25,90.93000030517578,91.33000183105469,90.72000122070312,91.25,61.25929260253906,315800
2009-08-26,91.33000183105469,91.43000030517578,91.13999938964844,91.37000274658203,61.339866638183594,219600
2009-08-27,91.08999633789062,91.44999694824219,91.01000213623047,91.12000274658203,61.172019958496094,378700
2009-08-28,90.93000030517578,91.38999938964844,90.86000061035156,91.33000183105469,61.313018798828125,303500
2009-08-31,91.41000366210938,91.69999694824219,91.26000213623047,91.5999984741211,61.49432373046875,483700
2009-09-01,91.12999725341797,91.77999877929688,90.9800033569336,91.58000183105469,61.65385818481445,464500
2009-09-02,91.70999908447266,92.12999725341797,91.61000061035156,92.08000183105469,61.99047088623047,381900
2009-09-03,91.83000183105469,92.02999877929688,91.7300033569336,91.75,61.7683219909668,246400
2009-09-04,91.69999694824219,91.81999969482422,91.16999816894531,91.19999694824219,61.398067474365234,521400
2009-09-08,90.98999786376953,91.43000030517578,90.95999908447266,90.98999786376953,61.256629943847656,408700
2009-09-09,90.86000061035156,91.08999633789062,90.66000366210938,91.06999969482422,61.31052780151367,568400
2009-09-10,91.41000366210938,92.06999969482422,91.37000274658203,91.75,61.7683219909668,626900
2009-09-11,92.1500015258789,92.44999694824219,91.95999908447266,92.0199966430664,61.950103759765625,1319500
2009-09-14,91.76000213623047,91.88999938964844,91.43000030517578,91.4800033569336,61.58650588989258,477100
2009-09-15,91.12000274658203,91.47000122070312,91.12000274658203,91.29000091552734,61.458621978759766,710100
2009-09-16,91.41999816894531,91.44999694824219,90.9800033569336,91.22000122070312,61.41146469116211,743200
2009-09-17,91.27999877929688,91.68000030517578,91.0,91.66999816894531,61.71442794799805,846500
2009-09-18,91.38999938964844,91.52999877929688,91.04000091552734,91.18000030517578,61.38458251953125,910200
2009-09-21,91.33999633789062,91.5199966430664,91.0,91.12000274658203,61.34416198730469,617200
2009-09-22,91.05000305175781,91.36000061035156,91.04000091552734,91.36000061035156,61.505733489990234,438800
2009-09-23,91.1500015258789,91.61000061035156,90.9000015258789,91.55999755859375,61.640411376953125,794500
2009-09-24,91.5999984741211,91.93000030517578,91.4800033569336,91.80999755859375,61.808685302734375,501200
2009-09-25,91.87000274658203,92.20999908447266,91.66999816894531,92.18000030517578,62.05778884887695,454100
2009-09-28,92.0999984741211,92.43000030517578,92.05000305175781,92.33999633789062,62.16551971435547,514000
2009-09-29,92.0999984741211,92.44999694824219,91.98999786376953,92.30000305175781,62.13859176635742,276400
2009-09-30,92.20999908447266,92.48999786376953,92.16000366210938,92.37000274658203,62.18568801879883,670900
2009-10-01,92.44999694824219,92.94999694824219,92.33000183105469,92.80999755859375,62.65351104736328,1762800
2009-10-02,93.20999908447266,93.2300033569336,92.69000244140625,92.7699966430664,62.626502990722656,936600
2009-10-05,93.02999877929688,93.05999755859375,92.69999694824219,92.76000213623047,62.619789123535156,509100
2009-10-06,92.6500015258789,92.69000244140625,92.44000244140625,92.45999908447266,62.4172477722168,382300
2009-10-07,92.80000305175781,93.13999938964844,92.77999877929688,93.05000305175781,62.81557846069336,269500
2009-10-08,93.16999816894531,93.19999694824219,92.61000061035156,92.70999908447266,62.58601760864258,422200
2009-10-09,92.26000213623047,92.44000244140625,91.62000274658203,91.81999969482422,61.98522186279297,543800
2009-10-12,91.81999969482422,92.20999908447266,91.77999877929688,92.08999633789062,62.16748809814453,464800
2009-10-13,92.25,92.36000061035156,92.06999969482422,92.30000305175781,62.30923080444336,489200
2009-10-14,91.76000213623047,92.0,91.51000213623047,91.66999816894531,61.88393783569336,523400
2009-10-15,91.30000305175781,91.75,91.2300033569336,91.37000274658203,61.681419372558594,826100
2009-10-16,91.55000305175781,91.79000091552734,91.33999633789062,91.79000091552734,61.9649543762207,765300
2009-10-19,91.62000274658203,91.93000030517578,91.55999755859375,91.93000030517578,62.05946731567383,487000
2009-10-20,92.18000030517578,92.33000183105469,92.06999969482422,92.13999938964844,62.20123291015625,640800
2009-10-21,91.86000061035156,91.94000244140625,91.56999969482422,91.93000030517578,62.05946731567383,406400
2009-10-22,91.54000091552734,91.83000183105469,91.51000213623047,91.66000366210938,61.87717819213867,421300
2009-10-23,91.29000091552734,91.45999908447266,91.19999694824219,91.20999908447266,61.573394775390625,424800
2009-10-26,91.0199966430664,91.0999984741211,90.62999725341797,90.69000244140625,61.222354888916016,762500
2009-10-27,90.87999725341797,91.5,90.87999725341797,91.47000122070312,61.7489013671875,669800
2009-10-28,91.4800033569336,91.94000244140625,91.44000244140625,91.75,61.93793487548828,684100
2009-10-29,91.48999786376953,91.52999877929688,91.08000183105469,91.30999755859375,61.640907287597656,351200
2009-10-30,91.58000183105469,92.0,91.55000305175781,91.98999786376953,62.09999465942383,600100
2009-11-02,91.27999877929688,91.27999877929688,90.88999938964844,90.9800033569336,61.93659973144531,671100
2009-11-03,91.2300033569336,91.2300033569336,90.5999984741211,90.7699966430664,61.7935676574707,353000
2009-11-04,90.4800033569336,90.69999694824219,90.2300033569336,90.5199966430664,61.62343215942383,497700
2009-11-05,90.41000366210938,90.5999984741211,90.29000091552734,90.54000091552734,61.6370964050293,147600
2009-11-06,90.75,90.83000183105469,90.43000030517578,90.80999755859375,61.82086181640625,327300
2009-11-09,90.7699966430664,90.97000122070312,90.73999786376953,90.8499984741211,61.84804153442383,531500
2009-11-10,91.08000183105469,91.16000366210938,90.75,90.91999816894531,61.89569854736328,523000
2009-11-11,91.19999694824219,91.41999816894531,91.05000305175781,91.18000030517578,62.0727424621582,275600
2009-11-12,90.97000122070312,91.23999786376953,90.62000274658203,91.20999908447266,62.0931396484375,374500
2009-11-13,91.19999694824219,91.30000305175781,91.06999969482422,91.27999877929688,62.14080047607422,229300
2009-11-16,91.45999908447266,91.88999938964844,91.37000274658203,91.7699966430664,62.474369049072266,514800
2009-11-17,91.69999694824219,92.02999877929688,91.5999984741211,91.97000122070312,62.61051559448242,506000
2009-11-18,91.81999969482422,91.91000366210938,91.62000274658203,91.73999786376953,62.45396423339844,285300
2009-11-19,91.86000061035156,92.08999633789062,91.7699966430664,91.8499984741211,62.52886199951172,378200
2009-11-20,91.9000015258789,91.9800033569336,91.69999694824219,91.83999633789062,62.52204513549805,304200
2009-11-23,91.61000061035156,91.75,91.45999908447266,91.70999908447266,62.43352508544922,505100
2009-11-24,91.9000015258789,92.26000213623047,91.80000305175781,92.18000030517578,62.753501892089844,753800
2009-11-25,92.11000061035156,92.54000091552734,91.9800033569336,92.48999786376953,62.96454620361328,431200
2009-11-27,92.9000015258789,93.0,92.7300033569336,92.91000366210938,63.25048828125,412200
2009-11-30,92.87999725341797,93.12000274658203,92.72000122070312,93.05999755859375,63.3525505065918,404100
2009-12-01,92.61000061035156,92.66000366210938,92.30000305175781,92.33999633789062,63.003265380859375,529600
2009-12-02,92.26000213623047,92.41000366210938,92.0199966430664,92.1500015258789,62.873592376708984,463800
2009-12-03,91.5999984741211,91.77999877929688,91.56999969482422,91.72000122070312,62.58024597167969,463500
2009-12-04,90.95999908447266,91.13999938964844,90.79000091552734,91.04000091552734,62.11627960205078,756700
2009-12-07,91.05999755859375,91.37000274658203,91.04000091552734,91.29000091552734,62.2868537902832,399100
2009-12-08,91.73999786376953,91.87999725341797,91.5,91.61000061035156,62.505157470703125,502200
2009-12-09,91.6500015258789,91.80000305175781,91.37000274658203,91.43000030517578,62.38238525390625,721800
2009-12-10,91.25,91.27999877929688,90.8499984741211,91.12000274658203,62.17084884643555,423200
2009-12-11,90.80999755859375,90.80999755859375,90.4800033569336,90.66999816894531,61.86381149291992,454000
2009-12-14,90.73999786376953,90.86000061035156,90.62999725341797,90.66999816894531,61.86381149291992,195200
2009-12-15,90.30999755859375,90.47000122070312,90.19999694824219,90.37999725341797,61.665950775146484,326000
2009-12-16,90.54000091552734,90.69999694824219,90.27999877929688,90.37999725341797,61.665950775146484,761500
2009-12-17,90.9000015258789,91.18000030517578,90.7300033569336,91.18000030517578,62.2117919921875,468800
2009-12-18,90.9800033569336,91.12999725341797,90.69999694824219,90.7300033569336,61.90473556518555,517600
2009-12-21,90.31999969482422,90.33000183105469,89.75,89.80000305175781,61.27023696899414,609900
2009-12-22,89.55000305175781,89.58999633789062,89.33000183105469,89.4000015258789,60.99726867675781,366700
2009-12-23,89.56999969482422,89.77999877929688,89.3499984741211,89.36000061035156,60.96998596191406,351400
2009-12-24,89.30000305175781,89.36000061035156,89.04000091552734,89.04000091552734,60.75166702270508,160200
2009-12-28,88.94999694824219,88.97000122070312,88.79000091552734,88.80000305175781,60.58791732788086,1181400
2009-12-29,88.73999786376953,88.93000030517578,88.62999725341797,88.87000274658203,60.74785232543945,428800
2009-12-30,88.91999816894531,89.05999755859375,88.80999755859375,89.02999877929688,60.857208251953125,473100
2009-12-31,88.58999633789062,88.95999908447266,88.29000091552734,88.5999984741211,60.56327819824219,304300
2010-01-04,88.73999786376953,88.94999694824219,88.62999725341797,88.81999969482422,60.71370315551758,619100
2010-01-05,89.05999755859375,89.3499984741211,89.05999755859375,89.20999908447266,60.98025131225586,1547500
2010-01-06,89.1500015258789,89.19999694824219,88.77999877929688,88.8499984741211,60.734195709228516,365500
2010-01-07,88.87000274658203,89.05000305175781,88.80999755859375,88.8499984741211,60.734195709228516,390900
2010-01-08,89.12999725341797,89.13999938964844,88.81999969482422,88.95999908447266,60.809391021728516,382500
2010-01-11,89.01000213623047,89.1500015258789,88.93000030517578,89.0199966430664,60.85039520263672,653600
2010-01-12,89.5999984741211,89.72000122070312,89.4800033569336,89.66000366210938,61.28791427612305,403000
2010-01-13,89.4800033569336,89.66999816894531,89.19999694824219,89.2300033569336,60.99396514892578,281900
2010-01-14,89.48999786376953,89.7699966430664,89.38999938964844,89.6500015258789,61.28102493286133,511700
2010-01-15,89.9800033569336,90.1500015258789,89.95999908447266,90.05000305175781,61.554473876953125,429200
2010-01-19,89.86000061035156,89.95999908447266,89.70999908447266,89.88999938964844,61.4450798034668,411900
2010-01-20,90.13999938964844,90.31999969482422,90.12999725341797,90.19999694824219,61.65699768066406,228800
2010-01-21,90.08000183105469,90.5999984741211,90.05999755859375,90.52999877929688,61.88258743286133,349200
2010-01-22,90.45999908447266,90.68000030517578,90.43000030517578,90.61000061035156,61.937259674072266,272900
2010-01-25,90.41000366210938,90.52999877929688,90.4000015258789,90.41000366210938,61.800575256347656,1699000
2010-01-26,90.69000244140625,90.70999908447266,90.41999816894531,90.58999633789062,61.92359161376953,490600
2010-01-27,90.63999938964844,90.80999755859375,90.30000305175781,90.37999725341797,61.78004455566406,342100
2010-01-28,90.08999633789062,90.44999694824219,90.08999633789062,90.3499984741211,61.75957107543945,318100
2010-01-29,90.26000213623047,90.69999694824219,90.1500015258789,90.69999694824219,61.99879455566406,396700
2010-02-01,90.26000213623047,90.26000213623047,89.98999786376953,90.08999633789062,61.78622055053711,634300
2010-02-02,90.12999725341797,90.25,90.0999984741211,90.23999786376953,61.88906478881836,426000
2010-02-03,89.9800033569336,90.05000305175781,89.77999877929688,89.80999755859375,61.5941162109375,435300
2010-02-04,90.19999694824219,90.58999633789062,90.19999694824219,90.55000305175781,62.10163497924805,503400
2010-02-05,90.48999786376953,91.0,90.43000030517578,90.83999633789062,62.3005256652832,694700
2010-02-08,90.68000030517578,90.77999877929688,90.55999755859375,90.76000213623047,62.245643615722656,257600
2010-02-09,90.5199966430664,90.7300033569336,90.25,90.2699966430664,61.90961837768555,481200
2010-02-10,90.41000366210938,90.45999908447266,89.88999938964844,90.0199966430664,61.738162994384766,496200
2010-02-11,90.02999877929688,90.02999877929688,89.66999816894531,89.91000366210938,61.66271209716797,496900
2010-02-12,90.19999694824219,90.2699966430664,90.0999984741211,90.12000274658203,61.806793212890625,219800
2010-02-16,89.94000244140625,90.3499984741211,89.91000366210938,90.31999969482422,61.94392013549805,175400
2010-02-17,90.08999633789062,90.22000122070312,89.68000030517578,89.83999633789062,61.61469650268555,358000
2010-02-18,89.9000015258789,89.9000015258789,89.30999755859375,89.5199966430664,61.395198822021484,474300
2010-02-19,89.45999908447266,89.56999969482422,89.26000213623047,89.56999969482422,61.429569244384766,527900
2010-02-22,89.44000244140625,89.58000183105469,89.41999816894531,89.5,61.38149642944336,349700
2010-02-23,89.61000061035156,90.2300033569336,89.58000183105469,90.18000030517578,61.84787368774414,557200
2010-02-24,90.20999908447266,90.37999725341797,90.05000305175781,90.2300033569336,61.88219451904297,394300
2010-02-25,90.56999969482422,90.62000274658203,90.41999816894531,90.55999755859375,62.108524322509766,256600
2010-02-26,90.62000274658203,90.91000366210938,90.61000061035156,90.69999694824219,62.204524993896484,609900
2010-03-01,90.55999755859375,90.62000274658203,90.4000015258789,90.55000305175781,62.269134521484375,468600
2010-03-02,90.36000061035156,90.62000274658203,90.31999969482422,90.5999984741211,62.303565979003906,417900
2010-03-03,90.41000366210938,90.55999755859375,90.30000305175781,90.51000213623047,62.241668701171875,476700
2010-03-04,90.47000122070312,90.77999877929688,90.37000274658203,90.66999816894531,62.35163497924805,431100
2010-03-05,90.30999755859375,90.33000183105469,90.05000305175781,90.23999786376953,62.05598831176758,549900
2010-03-08,90.01000213623047,90.08000183105469,89.97000122070312,90.0,61.89091491699219,399800
2010-03-09,90.18000030517578,90.2300033569336,90.0,90.2300033569336,62.049110412597656,350500
2010-03-10,89.93000030517578,90.0999984741211,89.87999725341797,90.08000183105469,61.94593811035156,329800
2010-03-11,89.91000366210938,90.13999938964844,89.8499984741211,90.0,61.89091491699219,283100
2010-03-12,89.80000305175781,90.25,89.79000091552734,90.13999938964844,61.987247467041016,276400
2010-03-15,90.12999725341797,90.19999694824219,89.97000122070312,90.13999938964844,61.987247467041016,190100
2010-03-16,90.16000366210938,90.52999877929688,90.12999725341797,90.48999786376953,62.2279052734375,388200
2010-03-17,90.55999755859375,90.62999725341797,90.44999694824219,90.5999984741211,62.303565979003906,288300
2010-03-18,90.52999877929688,90.58999633789062,90.33000183105469,90.36000061035156,62.13850021362305,202600
2010-03-19,90.23999786376953,90.5199966430664,90.2300033569336,90.23999786376953,62.05598831176758,171300
2010-03-22,90.45999908447266,90.54000091552734,90.38999938964844,90.54000091552734,62.26228332519531,338100
2010-03-23,90.51000213623047,90.5999984741211,90.3499984741211,90.3499984741211,62.13160705566406,244100
2010-03-24,89.87000274658203,89.98999786376953,89.31999969482422,89.44999694824219,61.51271438598633,531300
2010-03-25,89.2699966430664,89.37000274658203,88.81999969482422,89.12000274658203,61.285858154296875,601900
2010-03-26,89.02999877929688,89.36000061035156,89.0199966430664,89.33000183105469,61.43018341064453,734100
2010-03-29,89.30000305175781,89.37000274658203,89.0999984741211,89.19999694824219,61.34080123901367,521400
2010-03-30,89.19000244140625,89.29000091552734,89.0199966430664,89.29000091552734,61.4027099609375,246500
2010-03-31,89.45999908447266,89.58000183105469,89.3499984741211,89.5,61.54707717895508,398900
2010-04-01,89.11000061035156,89.16000366210938,88.94000244140625,89.05999755859375,61.41949462890625,397600
2010-04-05,88.44000244140625,88.52999877929688,88.12000274658203,88.26000213623047,60.86783981323242,656100
2010-04-06,88.55999755859375,88.5999984741211,88.37000274658203,88.5199966430664,61.047088623046875,566100
2010-04-07,88.51000213623047,89.16999816894531,88.48999786376953,89.06999969482422,61.42647933959961,562000
2010-04-08,89.16000366210938,89.30999755859375,88.91999816894531,88.97000122070312,61.35741424560547,465400
2010-04-09,88.8499984741211,89.0999984741211,88.75,89.06999969482422,61.42647933959961,314600
2010-04-12,89.20999908447266,89.41000366210938,89.12000274658203,89.30999755859375,61.59190368652344,402000
2010-04-13,89.52999877929688,89.58999633789062,89.33000183105469,89.4800033569336,61.70918273925781,309100
2010-04-14,89.4800033569336,89.56999969482422,89.19999694824219,89.23999786376953,61.54364776611328,315800
2010-04-15,89.11000061035156,89.47000122070312,89.06999969482422,89.38999938964844,61.647090911865234,299900
2010-04-16,89.54000091552734,89.95999908447266,89.43000030517578,89.93000030517578,62.01945114135742,409900
2010-04-19,89.8499984741211,89.87999725341797,89.63999938964844,89.70999908447266,61.8678092956543,215300
2010-04-20,89.66999816894531,89.75,89.55000305175781,89.75,61.895408630371094,171300
2010-04-21,89.83999633789062,90.08000183105469,89.75,90.04000091552734,62.09534454345703,446500
2010-04-22,90.1500015258789,90.25,89.80000305175781,89.83000183105469,61.9505500793457,169300
2010-04-23,89.61000061035156,89.68000030517578,89.48999786376953,89.58000183105469,61.778167724609375,174200
2010-04-26,89.77999877929688,89.80999755859375,89.55000305175781,89.63999938964844,61.819496154785156,161900
2010-04-27,90.05000305175781,90.54000091552734,89.94999694824219,90.4800033569336,62.39881134033203,442800
2010-04-28,90.16000366210938,90.29000091552734,89.86000061035156,90.0199966430664,62.081581115722656,409700
2010-04-29,90.01000213623047,90.2300033569336,89.88999938964844,90.16999816894531,62.18500900268555,350500
2010-04-30,90.27999877929688,90.7300033569336,90.2699966430664,90.72000122070312,62.5643196105957,423200
2010-05-03,90.16999816894531,90.27999877929688,90.11000061035156,90.20999908447266,62.400413513183594,300500
2010-05-04,90.76000213623047,90.88999938964844,90.61000061035156,90.81999969482422,62.82236862182617,355000
2010-05-05,91.18000030517578,91.58999633789062,90.9800033569336,91.16999816894531,63.064430236816406,672000
2010-05-06,91.23999786376953,93.05999755859375,91.0999984741211,92.16999816894531,63.756168365478516,902400
2010-05-07,91.93000030517578,92.75,91.77999877929688,91.91999816894531,63.58322525024414,3856500
2010-05-10,90.98999786376953,91.41000366210938,90.9800033569336,91.22000122070312,63.09903335571289,836200
2010-05-11,91.41000366210938,91.45999908447266,91.02999877929688,91.33000183105469,63.17512130737305,891400
2010-05-12,91.22000122070312,91.33999633789062,91.04000091552734,91.0999984741211,63.01603317260742,424000
2010-05-13,91.3499984741211,91.43000030517578,90.88999938964844,91.3499984741211,63.188961029052734,420300
2010-05-14,91.76000213623047,92.20999908447266,91.69999694824219,91.94000244140625,63.597103118896484,488700
2010-05-17,91.93000030517578,92.33000183105469,91.69999694824219,91.73999786376953,63.45869827270508,535100
2010-05-18,91.77999877929688,92.4800033569336,91.73999786376953,92.41000366210938,63.92216873168945,1711400
2010-05-19,92.43000030517578,92.88999938964844,92.37999725341797,92.48999786376953,63.97751235961914,839700
2010-05-20,93.20999908447266,93.62999725341797,93.05000305175781,93.38999938964844,64.60008239746094,1221600
2010-05-21,94.13999938964844,94.20999908447266,93.2699966430664,93.44000244140625,64.63465881347656,1196200
2010-05-24,93.5199966430664,93.66999816894531,93.33000183105469,93.44000244140625,64.63465881347656,2949400
2010-05-25,94.02999877929688,94.19999694824219,93.62000274658203,93.76000213623047,64.85602569580078,1064000
2010-05-26,93.45999908447266,93.5999984741211,93.11000061035156,93.56999969482422,64.72457885742188,551600
2010-05-27,92.87999725341797,92.9000015258789,92.56999969482422,92.68000030517578,64.10894775390625,522800
2010-05-28,92.9000015258789,93.13999938964844,92.72000122070312,93.0999984741211,64.39948272705078,511700
2010-06-01,93.16000366210938,93.19000244140625,92.7300033569336,92.95999908447266,64.48274230957031,978900
2010-06-02,92.91999816894531,93.02999877929688,92.38999938964844,92.43000030517578,64.1150894165039,519100
2010-06-03,92.13999938964844,92.55999755859375,92.08000183105469,92.30000305175781,64.02485656738281,274300
2010-06-04,93.19000244140625,93.61000061035156,93.08999633789062,93.58000183105469,64.91278839111328,728300
2010-06-07,93.47000122070312,93.9800033569336,93.41999816894531,93.95999908447266,65.1764144897461,413800
2010-06-08,93.68000030517578,93.91999816894531,93.62999725341797,93.66999816894531,64.97521209716797,604300
2010-06-09,93.41000366210938,93.79000091552734,93.30000305175781,93.68000030517578,64.98217010498047,264000
2010-06-10,93.29000091552734,93.33000183105469,92.7699966430664,92.80999755859375,64.37867736816406,655200
2010-06-11,93.23999786376953,93.55999755859375,93.0,93.4000015258789,64.78790283203125,404800
2010-06-14,92.93000030517578,93.33000183105469,92.80999755859375,93.31999969482422,64.73247528076172,627700
2010-06-15,93.33999633789062,93.43000030517578,92.9000015258789,93.02999877929688,64.5312728881836,1114400
2010-06-16,93.30999755859375,93.37000274658203,93.0199966430664,93.29000091552734,64.71162414550781,621900
2010-06-17,93.38999938964844,93.87000274658203,93.38999938964844,93.7300033569336,65.01686096191406,792500
2010-06-18,93.66999816894531,93.70999908447266,93.52999877929688,93.54000091552734,64.88502502441406,463400
2010-06-21,93.02999877929688,93.51000213623047,93.0,93.47000122070312,64.83647155761719,569100
2010-06-22,93.54000091552734,94.06999969482422,93.48999786376953,94.02999877929688,65.22496032714844,549200
2010-06-23,94.12000274658203,94.52999877929688,94.0999984741211,94.37999725341797,65.46771240234375,632500
2010-06-24,94.56999969482422,94.66000366210938,94.16999816894531,94.30000305175781,65.4122314453125,1075100
2010-06-25,94.20999908447266,94.68000030517578,94.19000244140625,94.44999694824219,65.51632690429688,455400
2010-06-28,94.77999877929688,95.12999725341797,94.77999877929688,95.12000274658203,65.98098754882812,924300
2010-06-29,95.33999633789062,95.5999984741211,95.30000305175781,95.52999877929688,66.26538848876953,920400
2010-06-30,95.61000061035156,95.66999816894531,95.33000183105469,95.66999816894531,66.3625717163086,891500
2010-07-01,95.43000030517578,95.83999633789062,95.33999633789062,95.37999725341797,66.33329010009766,1293700
2010-07-02,95.20999908447266,95.41999816894531,95.08000183105469,95.20999908447266,66.21510314941406,1072400
2010-07-06,95.16000366210938,95.56999969482422,95.05000305175781,95.44000244140625,66.3750228881836,914100
2010-07-07,95.51000213623047,95.5199966430664,95.11000061035156,95.13999938964844,66.16642761230469,473900
2010-07-08,94.8499984741211,95.04000091552734,94.70999908447266,94.91000366210938,66.0064468383789,508400
2010-07-09,94.77999877929688,94.86000061035156,94.66000366210938,94.66000366210938,65.8326187133789,439800
2010-07-12,94.81999969482422,95.05999755859375,94.75,94.81999969482422,65.94385528564453,685200
2010-07-13,94.62999725341797,94.66999816894531,94.33000183105469,94.3499984741211,65.61700439453125,679700
2010-07-14,94.68000030517578,94.9800033569336,94.5,94.81999969482422,65.94385528564453,566500
2010-07-15,95.0199966430664,95.48999786376953,95.0199966430664,95.30999755859375,66.28462219238281,703600
2010-07-16,95.38999938964844,95.91999816894531,95.38999938964844,95.86000061035156,66.66719055175781,864200
2010-07-19,95.72000122070312,95.83999633789062,95.5199966430664,95.61000061035156,66.4932632446289,489800
2010-07-20,95.9000015258789,96.11000061035156,95.69000244140625,95.70999908447266,66.56283569335938,895900
2010-07-21,95.77999877929688,96.41000366210938,95.7699966430664,96.31999969482422,66.98709106445312,470700
2010-07-22,96.05000305175781,96.05000305175781,95.77999877929688,95.79000091552734,66.61846160888672,656800
2010-07-23,95.86000061035156,95.93000030517578,95.1500015258789,95.4800033569336,66.40293884277344,799500
2010-07-26,95.44000244140625,95.55000305175781,95.2300033569336,95.44999694824219,66.38199615478516,626300
2010-07-27,95.13999938964844,95.36000061035156,95.0999984741211,95.12000274658203,66.1524887084961,528200
2010-07-28,95.18000030517578,95.61000061035156,95.0999984741211,95.52999877929688,66.43766021728516,933000
2010-07-29,95.48999786376953,95.91999816894531,95.43000030517578,95.7300033569336,66.57673645019531,737300
2010-07-30,96.2300033569336,96.3499984741211,96.02999877929688,96.29000091552734,66.96623229980469,563600
2010-08-02,95.79000091552734,95.91999816894531,95.68000030517578,95.73999786376953,66.75910949707031,1160900
2010-08-03,96.02999877929688,96.26000213623047,95.98999786376953,96.19000244140625,67.07286834716797,911900
2010-08-04,96.1500015258789,96.16999816894531,95.79000091552734,95.79000091552734,66.7939453125,777600
2010-08-05,96.12000274658203,96.29000091552734,96.02999877929688,96.25,67.11470794677734,817400
2010-08-06,96.68000030517578,96.88999938964844,96.52999877929688,96.87999725341797,67.55401611328125,438400
2010-08-09,96.75,96.87999725341797,96.69999694824219,96.86000061035156,67.54009246826172,464800
2010-08-10,96.80999755859375,97.41999816894531,96.72000122070312,97.3499984741211,67.88174438476562,641200
2010-08-11,97.69999694824219,97.93000030517578,97.63999938964844,97.9000015258789,68.26528930664062,911200
2010-08-12,97.95999908447266,97.97000122070312,97.55000305175781,97.6500015258789,68.09097290039062,1701100
2010-08-13,97.83999633789062,98.08999633789062,97.77999877929688,98.06999969482422,68.3837890625,705800
2010-08-16,98.66000366210938,98.80999755859375,98.54000091552734,98.77999877929688,68.8788833618164,1453200
2010-08-17,98.5199966430664,98.54000091552734,98.0999984741211,98.27999877929688,68.53021240234375,774300
2010-08-18,98.54000091552734,98.66000366210938,98.13999938964844,98.18000030517578,68.46052551269531,1148600
2010-08-19,98.1500015258789,98.7699966430664,98.12000274658203,98.62000274658203,68.76730346679688,684100
2010-08-20,98.61000061035156,98.68000030517578,98.25,98.30000305175781,68.54420471191406,306000
2010-08-23,98.26000213623047,98.5,98.16000366210938,98.43000030517578,68.63481903076172,575600
2010-08-24,98.97000122070312,99.38999938964844,98.83999633789062,99.20999908447266,69.17874145507812,973400
2010-08-25,99.47000122070312,99.66000366210938,98.66999816894531,98.76000213623047,68.8649673461914,690100
2010-08-26,98.80999755859375,99.20999908447266,98.70999908447266,99.20999908447266,69.17874145507812,845000
2010-08-27,98.77999877929688,99.12999725341797,97.9000015258789,98.06999969482422,68.3837890625,1014100
2010-08-30,98.38999938964844,98.83000183105469,98.30999755859375,98.81999969482422,68.9067611694336,463500
2010-08-31,99.22000122070312,99.33999633789062,99.01000213623047,99.26000213623047,69.21360778808594,1276700
2010-09-01,98.63999938964844,98.69000244140625,97.91999816894531,98.30000305175781,68.71519470214844,1268700
2010-09-02,98.06999969482422,98.08999633789062,97.83000183105469,97.88999938964844,68.4285659790039,1273500
2010-09-03,97.12000274658203,97.5,97.08000183105469,97.33000183105469,68.03711700439453,1308300
2010-09-07,97.8499984741211,98.12999725341797,97.7300033569336,98.0999984741211,68.57540130615234,778200
2010-09-08,97.83999633789062,98.0,97.62000274658203,97.83000183105469,68.38663482666016,1124900
2010-09-09,97.38999938964844,97.47000122070312,97.01000213623047,97.05999755859375,67.84838104248047,929300
2010-09-10,96.79000091552734,96.9000015258789,96.58000183105469,96.77999877929688,67.65262603759766,725300
2010-09-13,96.72000122070312,97.30000305175781,96.72000122070312,97.23999786376953,67.97421264648438,1450100
2010-09-14,97.41999816894531,97.79000091552734,97.41000366210938,97.7300033569336,68.31673431396484,590900
2010-09-15,97.5999984741211,97.83000183105469,97.33999633789062,97.38999938964844,68.07907104492188,900600
2010-09-16,97.27999877929688,97.36000061035156,96.86000061035156,97.05000305175781,67.84135437011719,2902900
2010-09-17,97.33999633789062,97.54000091552734,97.16999816894531,97.2699966430664,67.9951400756836,1738600
2010-09-20,97.41999816894531,97.56999969482422,97.20999908447266,97.56999969482422,68.20488739013672,619900
2010-09-21,97.8499984741211,98.48999786376953,97.51000213623047,98.4800033569336,68.84093475341797,1279500
2010-09-22,98.76000213623047,99.0199966430664,98.55999755859375,98.62999725341797,68.9458999633789,978800
2010-09-23,99.13999938964844,99.13999938964844,98.55000305175781,98.7699966430664,69.04366302490234,514000
2010-09-24,98.36000061035156,98.45999908447266,98.23999786376953,98.27999877929688,68.7011489868164,1317500
2010-09-27,98.63999938964844,99.05000305175781,98.63999938964844,99.04000091552734,69.2324447631836,782100
2010-09-28,99.06999969482422,99.5,99.05999755859375,99.37000274658203,69.46318054199219,776000
2010-09-29,99.38999938964844,99.44000244140625,99.08000183105469,99.12999725341797,69.29541778564453,820400
2010-09-30,99.05999755859375,99.06999969482422,98.4000015258789,99.01000213623047,69.21150970458984,813200
2010-10-01,98.51000213623047,98.94999694824219,98.37999725341797,98.83000183105469,69.2486343383789,846600
2010-10-04,99.02999877929688,99.23999786376953,98.95999908447266,99.18000030517578,69.49385833740234,1260800
2010-10-05,99.23999786376953,99.30000305175781,99.08999633789062,99.19999694824219,69.50791931152344,1092900
2010-10-06,99.87999725341797,100.12000274658203,99.75,99.83999633789062,69.95626068115234,614400
2010-10-07,99.91999816894531,100.05999755859375,99.83000183105469,99.94000244140625,70.0263671875,534700
2010-10-08,100.19999694824219,100.37999725341797,99.97000122070312,99.9800033569336,70.05439758300781,868200
2010-10-11,100.12000274658203,100.19999694824219,99.95999908447266,100.08000183105469,70.12447357177734,400300
2010-10-12,100.0999984741211,100.26000213623047,99.7300033569336,99.79000091552734,69.92131042480469,991900
2010-10-13,99.4800033569336,99.83000183105469,99.31999969482422,99.79000091552734,69.92131042480469,473800
2010-10-14,99.75,99.80999755859375,99.1500015258789,99.22000122070312,69.52190399169922,955100
2010-10-15,99.08000183105469,99.1500015258789,98.62000274658203,98.79000091552734,69.22059631347656,807100
2010-10-18,99.2300033569336,99.48999786376953,99.08999633789062,99.26000213623047,69.5499038696289,1149600
2010-10-19,99.12999725341797,99.73999786376953,99.11000061035156,99.5999984741211,69.78817749023438,763700
2010-10-20,99.37000274658203,99.76000213623047,99.29000091552734,99.54000091552734,69.74608612060547,615100
2010-10-21,99.37000274658203,99.45999908447266,98.98999786376953,98.98999786376953,69.36073303222656,594300
2010-10-22,98.87999725341797,99.11000061035156,98.87000274658203,99.0199966430664,69.38177490234375,643600
2010-10-25,99.4000015258789,99.5,98.94999694824219,98.98999786376953,69.36073303222656,1436800
2010-10-26,98.66999816894531,98.72000122070312,98.33000183105469,98.33000183105469,68.89826965332031,831800
2010-10-27,98.12000274658203,98.19000244140625,97.75,97.76000213623047,68.49889373779297,1223500
2010-10-28,98.12999725341797,98.41999816894531,98.08000183105469,98.33000183105469,68.89826965332031,738700
2010-10-29,98.54000091552734,98.83999633789062,98.48999786376953,98.7699966430664,69.20655822753906,768600
2010-11-01,98.83999633789062,98.83999633789062,98.30000305175781,98.37000274658203,69.0907211303711,1042700
2010-11-02,98.62000274658203,98.7300033569336,98.55999755859375,98.69999694824219,69.32254791259766,356700
2010-11-03,99.02999877929688,99.19000244140625,98.41999816894531,99.0199966430664,69.5472412109375,912000
2010-11-04,99.5999984741211,99.94999694824219,99.5999984741211,99.81999969482422,70.10910034179688,1092500
2010-11-05,99.68000030517578,99.8499984741211,99.4000015258789,99.4000015258789,69.81411743164062,1108100
2010-11-08,99.55000305175781,99.66999816894531,99.31999969482422,99.43000030517578,69.83521270751953,469400
2010-11-09,99.43000030517578,99.4800033569336,98.55999755859375,98.58999633789062,69.2452392578125,744600
2010-11-10,98.6500015258789,99.04000091552734,98.05999755859375,98.95999908447266,69.50509643554688,1298900
2010-11-11,99.0199966430664,99.06999969482422,98.58000183105469,98.8499984741211,69.4278564453125,403500
2010-11-12,98.61000061035156,98.80000305175781,98.0199966430664,98.02999877929688,68.85186004638672,2041400
2010-11-15,97.45999908447266,97.7300033569336,96.76000213623047,96.7699966430664,67.96691131591797,1174200
2010-11-16,97.19999694824219,97.54000091552734,96.6500015258789,97.48999786376953,68.47261810302734,954600
2010-11-17,97.5199966430664,97.7699966430664,97.08999633789062,97.20999908447266,68.27595520019531,580200
2010-11-18,96.95999908447266,97.05000305175781,96.5999984741211,96.9800033569336,68.11441040039062,2968200
2010-11-19,96.97000122070312,97.19000244140625,96.91999816894531,97.18000030517578,68.2549057006836,530600
2010-11-22,97.4800033569336,97.70999908447266,97.37000274658203,97.69999694824219,68.62012481689453,495400
2010-11-23,98.08999633789062,98.2300033569336,97.79000091552734,97.9000015258789,68.76063537597656,659400
2010-11-24,97.48999786376953,97.54000091552734,96.77999877929688,96.8499984741211,68.02312469482422,1112700
2010-11-26,97.11000061035156,97.27999877929688,97.0199966430664,97.2699966430664,68.31804656982422,210100
2010-11-29,97.55000305175781,97.61000061035156,97.30000305175781,97.4800033569336,68.46562957763672,527800
2010-11-30,98.01000213623047,98.02999877929688,97.55999755859375,97.6500015258789,68.58499908447266,874200
2010-12-01,96.41000366210938,96.68000030517578,96.08000183105469,96.12999725341797,67.68307495117188,1967700
2010-12-02,96.06999969482422,96.3499984741211,95.87000274658203,95.88999938964844,67.51412963867188,983500
2010-12-03,96.5,96.54000091552734,95.80000305175781,95.9000015258789,67.5211410522461,374500
2010-12-06,96.36000061035156,96.51000213623047,96.16999816894531,96.5,67.94364166259766,902000
2010-12-07,95.6500015258789,95.73999786376953,94.66999816894531,94.9000015258789,66.8170394897461,1335700
2010-12-08,94.25,94.29000091552734,93.43000030517578,94.08999633789062,66.24674987792969,2155300
2010-12-09,94.33000183105469,94.51000213623047,93.9000015258789,94.29000091552734,66.38761138916016,1664700
2010-12-10,93.9800033569336,94.08999633789062,93.48999786376953,93.48999786376953,65.8243179321289,1002400
2010-12-13,93.3499984741211,94.05999755859375,93.20999908447266,93.79000091552734,66.03553771972656,1323400
2010-12-14,93.4000015258789,93.62000274658203,92.5,92.80000305175781,65.33847045898438,1878500
2010-12-15,93.04000091552734,93.20999908447266,92.0999984741211,92.41999816894531,65.07093811035156,1871900
2010-12-16,92.45999908447266,92.98999786376953,92.05999755859375,92.97000122070312,65.45817565917969,1351000
2010-12-17,93.19999694824219,93.87000274658203,93.12000274658203,93.7699966430664,66.0214614868164,1361700
2010-12-20,94.12000274658203,94.36000061035156,93.55000305175781,93.76000213623047,66.01443481445312,804000
2010-12-21,93.91999816894531,93.97000122070312,93.47000122070312,93.95999908447266,66.1552505493164,848500
2010-12-22,93.91000366210938,93.94999694824219,93.56999969482422,93.69999694824219,65.97215270996094,308900
2010-12-23,93.54000091552734,93.54000091552734,93.23999786376953,93.37000274658203,65.73985290527344,540600
2010-12-27,93.37000274658203,93.7699966430664,93.12000274658203,93.7300033569336,65.9932861328125,407100
2010-12-28,93.31999969482422,93.37000274658203,92.5,92.5,65.30003356933594,955200
2010-12-29,92.61000061035156,93.69999694824219,92.47000122070312,93.54000091552734,66.03424072265625,1362200
2010-12-30,93.36000061035156,93.48999786376953,93.04000091552734,93.3499984741211,65.90008544921875,529800
2010-12-31,93.43000030517578,94.1500015258789,93.41000366210938,93.81999969482422,66.23186492919922,674300
2011-01-03,93.19000244140625,93.79000091552734,93.04000091552734,93.52999877929688,66.02716064453125,1396100
2011-01-04,93.6500015258789,93.87999725341797,93.4800033569336,93.75,66.18254089355469,1234100
2011-01-05,93.05999755859375,93.16999816894531,92.55000305175781,92.73999786376953,65.46949005126953,1111900
2011-01-06,93.01000213623047,93.29000091552734,92.83999633789062,93.22000122070312,65.80834197998047,1452400
2011-01-07,93.30000305175781,94.01000213623047,93.18000030517578,93.83999633789062,66.24600219726562,736500
2011-01-10,94.01000213623047,94.16000366210938,93.81999969482422,94.16000366210938,66.47196197509766,1096400
2011-01-11,94.04000091552734,94.04000091552734,93.55999755859375,93.79000091552734,66.21074676513672,760400
2011-01-12,93.41000366210938,93.69000244140625,93.23999786376953,93.5199966430664,66.02013397216797,753000
2011-01-13,93.48999786376953,94.1500015258789,93.45999908447266,94.1500015258789,66.46488952636719,1051500
2011-01-14,94.33000183105469,94.43000030517578,93.86000061035156,93.88999938964844,66.28129577636719,734500
2011-01-18,93.68000030517578,93.83999633789062,93.33999633789062,93.66000366210938,66.11890411376953,1063800
2011-01-19,93.62000274658203,93.97000122070312,93.61000061035156,93.9000015258789,66.28836822509766,732200
2011-01-20,93.48999786376953,93.55999755859375,92.94000244140625,93.16999816894531,65.77297973632812,697000
2011-01-21,93.0999984741211,93.4800033569336,92.9800033569336,93.4800033569336,65.99188995361328,523900
2011-01-24,93.5199966430664,93.66000366210938,93.43000030517578,93.48999786376953,65.9989242553711,497800
2011-01-25,93.66999816894531,94.18000030517578,93.41000366210938,93.95999908447266,66.3307113647461,1126500
2011-01-26,93.76000213623047,93.7699966430664,93.30000305175781,93.38999938964844,65.92839050292969,869900
2011-01-27,93.47000122070312,93.80000305175781,93.26000213623047,93.73999786376953,66.17545318603516,531500
2011-01-28,93.51000213623047,94.31999969482422,93.48999786376953,94.16999816894531,66.4789810180664,1056600
2011-01-31,94.06999969482422,94.20999908447266,93.69000244140625,93.80000305175781,66.21778869628906,555100
2011-02-01,93.25,93.36000061035156,93.0199966430664,93.12999725341797,65.909912109375,1009200
2011-02-02,93.37000274658203,93.41999816894531,92.76000213623047,92.91000366210938,65.75428009033203,1120000
2011-02-03,92.58999633789062,92.7699966430664,92.33999633789062,92.37999725341797,65.37915802001953,1310900
2011-02-04,92.13999938964844,92.2699966430664,91.6500015258789,91.80999755859375,64.97571563720703,1523900
2011-02-07,91.56999969482422,91.80000305175781,91.45999908447266,91.7699966430664,64.94744110107422,850700
2011-02-08,91.69999694824219,91.77999877929688,91.06999969482422,91.13999938964844,64.50153350830078,997200
2011-02-09,91.31999969482422,91.8499984741211,91.0999984741211,91.66000366210938,64.86959075927734,786000
2011-02-10,91.55999755859375,91.69999694824219,91.27999877929688,91.36000061035156,64.65727996826172,617000
2011-02-11,91.76000213623047,92.0199966430664,91.5999984741211,91.77999877929688,64.95445251464844,1492700
2011-02-14,91.6500015258789,92.0199966430664,91.6500015258789,91.80999755859375,64.97571563720703,1311100
2011-02-15,91.77999877929688,92.04000091552734,91.75,92.0199966430664,65.12432861328125,603700
2011-02-16,91.91999816894531,92.16000366210938,91.68000030517578,91.88999938964844,65.0323486328125,620100
2011-02-17,92.23999786376953,92.37999725341797,92.11000061035156,92.2300033569336,65.27300262451172,776500
2011-02-18,91.98999786376953,92.22000122070312,91.86000061035156,92.20999908447266,65.25887298583984,418400
2011-02-22,92.5199966430664,93.11000061035156,92.47000122070312,93.0999984741211,65.88866424560547,1383500
2011-02-23,93.08000183105469,93.25,92.80000305175781,92.87000274658203,65.72594451904297,651700
2011-02-24,93.1500015258789,93.3499984741211,93.0,93.11000061035156,65.89575958251953,508800
2011-02-25,93.08000183105469,93.41000366210938,93.08000183105469,93.41000366210938,66.10804748535156,571900
2011-02-28,93.41999816894531,93.48999786376953,93.33000183105469,93.37000274658203,66.07980346679688,372400
2011-03-01,92.7300033569336,93.30000305175781,92.69000244140625,93.26000213623047,66.15495300292969,530800
2011-03-02,93.0999984741211,93.29000091552734,92.7699966430664,92.7699966430664,65.80734252929688,425400
2011-03-03,92.44999694824219,92.5,92.12000274658203,92.13999938964844,65.36054229736328,616800
2011-03-04,92.36000061035156,92.81999969482422,92.33000183105469,92.80000305175781,65.82865142822266,637300
2011-03-07,92.41000366210938,92.9000015258789,92.36000061035156,92.56999969482422,65.66554260253906,489600
2011-03-08,92.5199966430664,92.62000274658203,92.33999633789062,92.3499984741211,65.50943756103516,538100
2011-03-09,92.55999755859375,93.05999755859375,92.44000244140625,92.88999938964844,65.89250946044922,626000
2011-03-10,93.13999938964844,93.68000030517578,93.0,93.68000030517578,66.45294952392578,1576500
2011-03-11,93.69000244140625,93.7300033569336,93.33000183105469,93.45999908447266,66.2968521118164,690300
2011-03-14,93.73999786376953,93.9800033569336,93.66999816894531,93.66999816894531,66.44580078125,806200
2011-03-15,94.52999877929688,94.66000366210938,93.97000122070312,94.01000213623047,66.6869888305664,1661100
2011-03-16,94.4800033569336,95.29000091552734,94.31999969482422,94.80999755859375,67.2545166015625,1588800
2011-03-17,94.52999877929688,94.72000122070312,94.26000213623047,94.5199966430664,67.04876708984375,639900
2011-03-18,94.2300033569336,94.5199966430664,94.19999694824219,94.45999908447266,67.00623321533203,1513200
2011-03-21,94.1500015258789,94.18000030517578,93.73999786376953,93.97000122070312,66.65864562988281,1029000
2011-03-22,93.80000305175781,94.02999877929688,93.77999877929688,94.0199966430664,66.69406127929688,573500
2011-03-23,94.29000091552734,94.33000183105469,93.77999877929688,93.9000015258789,66.60892486572266,696900
2011-03-24,93.62999725341797,93.76000213623047,93.37999725341797,93.41999816894531,66.26846313476562,1098100
2011-03-25,93.58000183105469,93.62000274658203,93.0999984741211,93.16999816894531,66.09107208251953,782400
2011-03-28,93.04000091552734,93.27999877929688,92.94999694824219,93.19999694824219,66.11239624023438,634900
2011-03-29,93.08999633789062,93.33000183105469,92.80000305175781,92.93000030517578,65.92090606689453,1047300
2011-03-30,92.94999694824219,93.27999877929688,92.91999816894531,93.25,66.14785766601562,773500
2011-03-31,93.41000366210938,93.44000244140625,92.97000122070312,93.01000213623047,65.9776382446289,1093100
2011-04-01,92.54000091552734,92.95999908447266,92.51000213623047,92.95999908447266,66.11848449707031,1062700
2011-04-04,93.08999633789062,93.30999755859375,93.0199966430664,93.16999816894531,66.2677993774414,886100
2011-04-05,93.02999877929688,93.08999633789062,92.61000061035156,92.69999694824219,65.9334487915039,777000
2011-04-06,92.58000183105469,92.58000183105469,92.26000213623047,92.30000305175781,65.64898681640625,857500
2011-04-07,92.31999969482422,92.4800033569336,92.12000274658203,92.30999755859375,65.65613555908203,743800
2011-04-08,92.01000213623047,92.20999908447266,91.94000244140625,92.04000091552734,65.46414184570312,595100
2011-04-11,92.06999969482422,92.2699966430664,91.95999908447266,92.16000366210938,65.54946899414062,364200
2011-04-12,92.55000305175781,92.87000274658203,92.52999877929688,92.68000030517578,65.91932678222656,1055400
2011-04-13,92.48999786376953,93.04000091552734,92.45999908447266,93.04000091552734,66.17530822753906,678700
2011-04-14,93.19000244140625,93.19000244140625,92.7300033569336,92.7300033569336,65.95487213134766,1036300
2011-04-15,93.2699966430664,93.44999694824219,93.1500015258789,93.41000366210938,66.43850708007812,881400
2011-04-18,93.33999633789062,93.75,93.13999938964844,93.63999938964844,66.60212707519531,902400
2011-04-19,93.62999725341797,93.8499984741211,93.5999984741211,93.76000213623047,66.68745422363281,532000
2011-04-20,93.62999725341797,93.6500015258789,93.36000061035156,93.38999938964844,66.42430877685547,708200
2011-04-21,93.47000122070312,93.69000244140625,93.43000030517578,93.45999908447266,66.47410583496094,670600
2011-04-25,93.56999969482422,93.81999969482422,93.5199966430664,93.79000091552734,66.70878601074219,826200
2011-04-26,93.9000015258789,94.19000244140625,93.8499984741211,94.19000244140625,66.99330139160156,519700
2011-04-27,93.87000274658203,93.97000122070312,93.66000366210938,93.91999816894531,66.80125427246094,1379500
2011-04-28,94.18000030517578,94.3499984741211,94.0,94.27999877929688,67.05731964111328,975600
2011-04-29,94.1500015258789,94.4800033569336,94.11000061035156,94.47000122070312,67.19248962402344,436000
2011-05-02,94.13999938964844,94.38999938964844,94.08000183105469,94.19999694824219,67.1717758178711,632300
2011-05-03,94.41000366210938,94.5,94.2699966430664,94.44999694824219,67.35002899169922,1660700
2011-05-04,94.45999908447266,94.77999877929688,94.45999908447266,94.69000244140625,67.5212173461914,1169500
2011-05-05,94.9000015258789,95.19000244140625,94.8499984741211,95.16000366210938,67.85630798339844,898400
2011-05-06,94.7699966430664,95.38999938964844,94.72000122070312,95.20999908447266,67.89199829101562,1034800
2011-05-09,95.2300033569336,95.38999938964844,95.20999908447266,95.3499984741211,67.9917984008789,559600
2011-05-10,95.13999938964844,95.19999694824219,94.86000061035156,94.88999938964844,67.6637954711914,661600
2011-05-11,94.8499984741211,95.2699966430664,94.76000213623047,95.2300033569336,67.90625762939453,611100
2011-05-12,95.26000213623047,95.3499984741211,94.87999725341797,95.0199966430664,67.75650024414062,652000
2011-05-13,95.2699966430664,95.70999908447266,95.2300033569336,95.38999938964844,68.0203628540039,494100
2011-05-16,95.41999816894531,95.63999938964844,95.26000213623047,95.62000274658203,68.1843490600586,590800
2011-05-17,95.83000183105469,95.97000122070312,95.70999908447266,95.9000015258789,68.38398742675781,986400
2011-05-18,95.80000305175781,95.83000183105469,95.3499984741211,95.3499984741211,67.9917984008789,790700
2011-05-19,94.98999786376953,95.48999786376953,94.94999694824219,95.44999694824219,68.06304168701172,718000
2011-05-20,95.44999694824219,95.70999908447266,95.44000244140625,95.68000030517578,68.22718048095703,669600
2011-05-23,96.05999755859375,96.08999633789062,95.76000213623047,95.80999755859375,68.3198013305664,928000
2011-05-24,95.69000244140625,95.9800033569336,95.63999938964844,95.91000366210938,68.39116668701172,639300
2011-05-25,96.0199966430664,96.08000183105469,95.80000305175781,95.91999816894531,68.39823150634766,1345600
2011-05-26,96.05000305175781,96.44999694824219,96.0199966430664,96.44999694824219,68.77616882324219,806200
2011-05-27,96.33999633789062,96.51000213623047,96.30999755859375,96.44000244140625,68.76908874511719,943800
2011-05-31,96.2699966430664,96.62999725341797,96.22000122070312,96.58999633789062,68.87603759765625,2917900
2011-06-01,96.69999694824219,97.16999816894531,96.66000366210938,97.13999938964844,69.44365692138672,2997200
2011-06-02,96.75,97.0,96.55000305175781,96.55999755859375,69.0290298461914,1744400
2011-06-03,97.19000244140625,97.19000244140625,96.68000030517578,96.94000244140625,69.3006820678711,1531200
2011-06-06,96.70999908447266,96.97000122070312,96.62999725341797,96.87999725341797,69.25776672363281,1106900
2011-06-07,96.68000030517578,97.08000183105469,96.51000213623047,97.05999755859375,69.38645935058594,1710300
2011-06-08,97.12000274658203,97.41000366210938,97.08000183105469,97.2699966430664,69.53659057617188,1471600
2011-06-09,97.30000305175781,97.37999725341797,96.77999877929688,96.87999725341797,69.25776672363281,1016900
2011-06-10,97.11000061035156,97.37999725341797,97.0999984741211,97.19000244140625,69.47942352294922,1020500
2011-06-13,96.95999908447266,97.31999969482422,96.9000015258789,96.9800033569336,69.32920837402344,1009900
2011-06-14,96.47000122070312,96.55000305175781,96.19999694824219,96.20999908447266,68.77881622314453,2088800
2011-06-15,96.44999694824219,97.26000213623047,96.44999694824219,97.25,69.52229309082031,1352300
2011-06-16,97.37999725341797,97.66999816894531,97.22000122070312,97.5199966430664,69.71529388427734,1958400
2011-06-17,97.30999755859375,97.51000213623047,97.23999786376953,97.44999694824219,69.66527557373047,998000
2011-06-20,97.58000183105469,97.58000183105469,97.16000366210938,97.30000305175781,69.55799865722656,774100
2011-06-21,97.2300033569336,97.33000183105469,97.0,97.16999816894531,69.46509552001953,1064900
2011-06-22,97.38999938964844,97.44999694824219,96.98999786376953,97.12999725341797,69.43647766113281,1119300
2011-06-23,97.55999755859375,97.87000274658203,97.55999755859375,97.63999938964844,69.80108642578125,1264700
2011-06-24,97.69000244140625,98.19000244140625,97.66999816894531,98.05000305175781,70.09416961669922,997200
2011-06-27,98.12999725341797,98.1500015258789,97.62000274658203,97.66999816894531,69.82255554199219,1185700
2011-06-28,97.5199966430664,97.55000305175781,96.58999633789062,96.7699966430664,69.17912292480469,1315300
2011-06-29,96.58000183105469,96.66999816894531,96.12999725341797,96.19000244140625,68.76449584960938,1376300
2011-06-30,96.4000015258789,96.41000366210938,95.5199966430664,95.86000061035156,68.52861785888672,1948200
2011-07-01,95.76000213623047,95.80000305175781,95.25,95.38999938964844,68.35736083984375,1921800
2011-07-05,95.79000091552734,96.0199966430664,95.73999786376953,95.98999786376953,68.78731536865234,2896800
2011-07-06,96.2300033569336,96.4000015258789,96.08000183105469,96.16000366210938,68.90908813476562,1234900
2011-07-07,95.83000183105469,95.86000061035156,95.6500015258789,95.79000091552734,68.64395141601562,1289100
2011-07-08,96.58000183105469,96.9000015258789,96.54000091552734,96.80999755859375,69.37496185302734,1278100
2011-07-11,97.25,97.55999755859375,97.12999725341797,97.55000305175781,69.90523529052734,1158800
2011-07-12,97.69000244140625,97.72000122070312,97.36000061035156,97.69000244140625,70.00550079345703,1205400
2011-07-13,97.48999786376953,97.86000061035156,97.30000305175781,97.8499984741211,70.12019348144531,1247900
2011-07-14,97.48999786376953,97.72000122070312,97.27999877929688,97.29000091552734,69.71891021728516,959000
2011-07-15,97.1500015258789,97.73999786376953,97.12999725341797,97.69000244140625,70.00550079345703,874200
2011-07-18,97.77999877929688,97.9000015258789,97.55999755859375,97.62999725341797,69.96251678466797,883600
2011-07-19,97.52999877929688,98.0,97.44000244140625,98.0,70.22766876220703,1211400
2011-07-20,97.70999908447266,97.77999877929688,97.47000122070312,97.5199966430664,69.8836898803711,752900
2011-07-21,97.29000091552734,97.4000015258789,96.79000091552734,96.9800033569336,69.49671936035156,1211000
2011-07-22,97.19000244140625,97.36000061035156,97.13999938964844,97.3499984741211,69.76188659667969,813700
2011-07-25,97.0,97.5199966430664,96.91999816894531,97.04000091552734,69.53973388671875,1541700
2011-07-26,97.19000244140625,97.56999969482422,97.1500015258789,97.44999694824219,69.8335189819336,655600
2011-07-27,97.30999755859375,97.54000091552734,97.06999969482422,97.29000091552734,69.71891021728516,1066600
2011-07-28,97.58999633789062,97.63999938964844,97.4000015258789,97.4800033569336,69.85504150390625,671500
2011-07-29,98.02999877929688,98.79000091552734,98.0,98.66000366210938,70.7006607055664,1602200
2011-08-01,98.30999755859375,98.98999786376953,98.30000305175781,98.77999877929688,70.95783233642578,2389600
2011-08-02,99.12000274658203,99.79000091552734,98.94000244140625,99.69000244140625,71.61145782470703,2287600
2011-08-03,99.69000244140625,100.12999725341797,99.58999633789062,99.7699966430664,71.66891479492188,1922600
2011-08-04,99.91000366210938,101.11000061035156,99.87000274658203,101.08999633789062,72.61719512939453,2813700
2011-08-05,100.30000305175781,100.9000015258789,99.79000091552734,99.91999816894531,71.77672576904297,3041500
2011-08-08,100.61000061035156,101.63999938964844,100.54000091552734,101.51000213623047,72.91889953613281,5178100
2011-08-09,101.20999908447266,103.76000213623047,101.0,102.0999984741211,73.34269714355469,3768400
2011-08-10,102.8499984741211,103.69000244140625,102.4800033569336,103.44999694824219,74.31248474121094,2768900
2011-08-11,102.7699966430664,103.02999877929688,101.66999816894531,101.93000030517578,73.22059631347656,2344700
2011-08-12,102.25,102.69000244140625,102.12999725341797,102.63999938964844,73.7306137084961,1176300
2011-08-15,102.52999877929688,102.72000122070312,102.25,102.26000213623047,73.4576187133789,986300
2011-08-16,102.30999755859375,103.02999877929688,102.29000091552734,102.7300033569336,73.7953109741211,2025400
2011-08-17,102.91000366210938,103.44999694824219,102.62000274658203,103.44999694824219,74.31248474121094,826200
2011-08-18,104.13999938964844,104.72000122070312,103.75,103.98999786376953,74.70034790039062,2211800
2011-08-19,103.97000122070312,104.0999984741211,103.62000274658203,104.0999984741211,74.77938842773438,683200
2011-08-22,103.63999938964844,103.94999694824219,103.58000183105469,103.91000366210938,74.6428451538086,913600
2011-08-23,103.5999984741211,104.12999725341797,103.45999908447266,103.48999786376953,74.34121704101562,1414200
2011-08-24,103.33000183105469,103.3499984741211,102.37999725341797,102.37999725341797,73.54381561279297,1089800
2011-08-25,102.6500015258789,103.12000274658203,102.55999755859375,103.01000213623047,73.99640655517578,1391200
2011-08-26,103.47000122070312,103.7699966430664,103.0199966430664,103.33999633789062,74.23341369628906,1080300
2011-08-29,102.52999877929688,102.8499984741211,102.52999877929688,102.66000366210938,73.74498748779297,1106000
2011-08-30,103.19000244140625,103.58000183105469,103.16000366210938,103.37000274658203,74.2550277709961,693800
2011-08-31,103.61000061035156,103.62000274658203,102.9800033569336,103.0,73.9892349243164,1069300
2011-09-01,103.05000305175781,103.5999984741211,102.5,103.58999633789062,74.5788345336914,1566800
2011-09-02,104.25,104.66000366210938,104.01000213623047,104.54000091552734,75.26277923583984,1137900
2011-09-06,105.01000213623047,105.05999755859375,104.58000183105469,104.68000030517578,75.36361694335938,1200500
2011-09-07,104.2699966430664,104.48999786376953,104.04000091552734,104.12000274658203,74.96043395996094,945800
2011-09-08,104.44999694824219,104.66000366210938,104.19000244140625,104.62999725341797,75.32756805419922,935700
2011-09-09,104.81999969482422,105.29000091552734,104.73999786376953,105.13999938964844,75.69477081298828,1014200
2011-09-12,105.04000091552734,105.18000030517578,104.80000305175781,104.81999969482422,75.46434020996094,2177800
2011-09-13,104.70999908447266,104.80999755859375,104.41999816894531,104.51000213623047,75.2411880493164,932600
2011-09-14,104.51000213623047,104.80999755859375,104.30000305175781,104.56999969482422,75.28435516357422,1214000
2011-09-15,103.79000091552734,103.9800033569336,103.5999984741211,103.79000091552734,74.72283172607422,1037900
2011-09-16,103.58999633789062,104.0199966430664,103.55000305175781,103.98999786376953,74.86679077148438,699000
2011-09-19,104.76000213623047,105.02999877929688,104.69999694824219,104.83999633789062,75.47872161865234,896500
2011-09-20,104.81999969482422,104.9800033569336,104.70999908447266,104.9800033569336,75.57957458496094,1005000
2011-09-21,104.94000244140625,105.56999969482422,104.79000091552734,105.43000030517578,75.90355682373047,929500
2011-09-22,106.30999755859375,106.66000366210938,106.0,106.41000366210938,76.60905456542969,3436500
2011-09-23,106.3499984741211,106.44000244140625,105.5199966430664,105.52999877929688,75.97550201416016,1764700
2011-09-26,105.33999633789062,105.5,105.0,105.08999633789062,75.65877532958984,1214800
2011-09-27,104.33000183105469,104.51000213623047,104.16999816894531,104.38999938964844,75.1548080444336,1159700
2011-09-28,104.30999755859375,104.41000366210938,103.80000305175781,104.41000366210938,75.169189453125,1270500
2011-09-29,104.2300033569336,104.69999694824219,104.0999984741211,104.41000366210938,75.169189453125,1096000
2011-09-30,105.06999969482422,105.16999816894531,104.69999694824219,105.06999969482422,75.64436340332031,1604500
2011-10-03,105.08000183105469,105.83000183105469,104.97000122070312,105.83000183105469,76.34483337402344,2105600
2011-10-04,106.05999755859375,106.26000213623047,105.29000091552734,105.29000091552734,75.95527648925781,2056100
2011-10-05,105.18000030517578,105.23999786376953,104.76000213623047,104.8499984741211,75.63782501220703,1174300
2011-10-06,104.58000183105469,104.70999908447266,104.08999633789062,104.12000274658203,75.11127471923828,1336400
2011-10-07,103.58000183105469,103.87999725341797,103.25,103.58000183105469,74.7216796875,2276300
2011-10-10,102.69000244140625,102.93000030517578,102.12999725341797,102.48999786376953,73.93538665771484,803900
2011-10-11,102.9800033569336,103.06999969482422,102.72000122070312,102.83000183105469,74.18065643310547,978400
2011-10-12,102.41000366210938,102.6500015258789,102.05000305175781,102.4800033569336,73.92810821533203,2324400
2011-10-13,102.80000305175781,103.23999786376953,102.69999694824219,102.88999938964844,74.22386932373047,1474100
2011-10-14,102.36000061035156,102.58999633789062,102.2300033569336,102.37999725341797,73.85600280761719,703100
2011-10-17,102.55999755859375,103.08000183105469,102.55999755859375,103.05000305175781,74.33931732177734,1274600
2011-10-18,103.16000366210938,103.44999694824219,102.70999908447266,102.94000244140625,74.25997924804688,912600
2011-10-19,102.80999755859375,103.29000091552734,102.73999786376953,103.0999984741211,74.37544250488281,733400
2011-10-20,102.97000122070312,103.44999694824219,102.61000061035156,102.88999938964844,74.22386932373047,700200
2011-10-21,102.80000305175781,102.98999786376953,102.5199966430664,102.69999694824219,74.08689880371094,1276000
2011-10-24,102.76000213623047,102.80999755859375,102.52999877929688,102.6500015258789,74.05084228515625,1381500
2011-10-25,102.55999755859375,103.56999969482422,102.55000305175781,103.52999877929688,74.68563842773438,1020200
2011-10-26,103.23999786376953,103.48999786376953,102.75,102.7699966430664,74.13738250732422,989900
2011-10-27,102.13999938964844,102.31999969482422,101.36000061035156,101.52999877929688,73.24285888671875,1636600
2011-10-28,101.9000015258789,102.2699966430664,101.87999725341797,102.13999938964844,73.68295288085938,936300
2011-10-31,102.79000091552734,103.51000213623047,102.73999786376953,103.51000213623047,74.67115783691406,1182700
2011-11-01,104.2300033569336,104.58000183105469,103.86000061035156,104.54000091552734,75.56678771972656,2251700
2011-11-02,103.9000015258789,104.4000015258789,103.81999969482422,104.29000091552734,75.38609313964844,1088000
2011-11-03,103.80000305175781,104.16999816894531,103.70999908447266,103.80000305175781,75.03189086914062,739700
2011-11-04,103.81999969482422,104.20999908447266,103.76000213623047,104.11000061035156,75.2559814453125,735400
2011-11-07,104.05000305175781,104.6500015258789,103.97000122070312,104.2300033569336,75.3427505493164,844100
2011-11-08,104.11000061035156,104.4000015258789,103.69000244140625,103.76000213623047,75.00299072265625,418300
2011-11-09,104.62999725341797,104.88999938964844,103.7699966430664,104.68000030517578,75.66804504394531,760300
2011-11-10,104.25,104.52999877929688,103.83999633789062,104.16999816894531,75.29934692382812,664200
2011-11-11,103.88999938964844,103.91000366210938,103.58000183105469,103.69000244140625,74.95240020751953,323600
2011-11-14,104.08000183105469,104.41000366210938,104.02999877929688,104.33999633789062,75.4222640991211,586500
2011-11-15,104.4000015258789,104.66999816894531,104.08999633789062,104.19999694824219,75.32100677490234,480100
2011-11-16,104.51000213623047,104.5999984741211,104.23999786376953,104.58000183105469,75.59574127197266,335200
2011-11-17,104.41000366210938,105.01000213623047,104.33000183105469,104.79000091552734,75.74755096435547,805500
2011-11-18,104.61000061035156,104.70999908447266,104.25,104.4000015258789,75.4655990600586,1883100
2011-11-21,104.75,104.91000366210938,104.63999938964844,104.69000244140625,75.67529296875,692300
2011-11-22,104.79000091552734,105.02999877929688,104.55999755859375,105.01000213623047,75.90656280517578,2619500
2011-11-23,104.77999877929688,105.43000030517578,104.70999908447266,105.37000274658203,76.16677856445312,2189500
2011-11-25,104.9800033569336,104.9800033569336,104.68000030517578,104.69999694824219,75.68247985839844,466700
2011-11-28,103.95999908447266,104.83999633789062,103.91999816894531,104.70999908447266,75.6896743774414,1286600
2011-11-29,104.38999938964844,104.76000213623047,104.12999725341797,104.51000213623047,75.54512023925781,602100
2011-11-30,104.02999877929688,104.19999694824219,103.80999755859375,103.9000015258789,75.1041488647461,962800
2011-12-01,103.5,103.87999725341797,103.29000091552734,103.66999816894531,75.08243560791016,1027100
2011-12-02,103.48999786376953,104.16999816894531,103.47000122070312,104.12999725341797,75.41558074951172,892400
2011-12-05,103.56999969482422,104.20999908447266,103.56999969482422,104.06999969482422,75.37216186523438,979100
2011-12-06,103.7699966430664,104.0199966430664,103.6500015258789,103.80000305175781,75.17665100097656,543000
2011-12-07,104.01000213623047,104.3499984741211,103.91000366210938,104.2699966430664,75.51702117919922,739300
2011-12-08,104.2300033569336,104.80999755859375,104.12000274658203,104.80000305175781,75.90088653564453,658200
2011-12-09,104.70999908447266,104.7699966430664,104.08000183105469,104.08000183105469,75.37940216064453,961100
2011-12-12,104.47000122070312,104.68000030517578,104.37000274658203,104.44000244140625,75.64012145996094,1068900
2011-12-13,104.23999786376953,105.01000213623047,104.1500015258789,104.91999816894531,75.98773193359375,512500
2011-12-14,105.0199966430664,105.37999725341797,104.91000366210938,105.36000061035156,76.3064193725586,760100
2011-12-15,105.05000305175781,105.37000274658203,105.02999877929688,105.2699966430664,76.24126434326172,968900
2011-12-16,105.43000030517578,105.9000015258789,105.43000030517578,105.77999877929688,76.6106185913086,748700
2011-12-19,105.75,106.18000030517578,105.68000030517578,106.13999938964844,76.871337890625,1126600
2011-12-20,105.69999694824219,105.69999694824219,105.18000030517578,105.18000030517578,76.17610168457031,1365000
2011-12-21,105.31999969482422,105.37000274658203,104.83000183105469,104.83999633789062,75.92981719970703,479000
2011-12-22,105.1500015258789,105.31999969482422,104.94000244140625,104.97000122070312,76.02395629882812,731900
2011-12-23,104.72000122070312,104.77999877929688,104.37999725341797,104.54000091552734,75.71257019042969,435500
2011-12-27,104.43000030517578,104.44000244140625,104.25,104.41000366210938,75.75536346435547,616500
2011-12-28,104.58000183105469,105.18000030517578,104.54000091552734,105.06999969482422,76.2342300415039,919900
2011-12-29,105.02999877929688,105.31999969482422,104.91000366210938,105.19999694824219,76.32855987548828,556000
2011-12-30,105.33000183105469,106.04000091552734,105.27999877929688,105.56999969482422,76.59700012207031,1230000
2012-01-03,104.9000015258789,105.19000244140625,104.7699966430664,104.9000015258789,76.11084747314453,1297700
2012-01-04,104.88999938964844,104.93000030517578,104.44999694824219,104.56999969482422,75.87142181396484,1789000
2012-01-05,104.66000366210938,105.01000213623047,104.5199966430664,104.58999633789062,75.88599395751953,1311300
2012-01-06,104.72000122070312,105.05999755859375,104.72000122070312,105.0,76.18341827392578,998200
2012-01-09,104.94000244140625,105.2699966430664,104.9000015258789,105.0199966430664,76.19796752929688,379900
2012-01-10,104.73999786376953,105.01000213623047,104.69000244140625,104.80999755859375,76.04561614990234,1636100
2012-01-11,105.08000183105469,105.44999694824219,105.08000183105469,105.41999816894531,76.48815155029297,931600
2012-01-12,105.36000061035156,105.41000366210938,105.08999633789062,105.19999694824219,76.32855987548828,685000
2012-01-13,105.69999694824219,105.91000366210938,105.63999938964844,105.66999816894531,76.6695556640625,554000
2012-01-17,105.62000274658203,105.83000183105469,105.5999984741211,105.7699966430664,76.74214172363281,1158100
2012-01-18,105.91999816894531,105.91999816894531,105.38999938964844,105.44000244140625,76.5027084350586,455200
2012-01-19,105.2300033569336,105.30000305175781,104.69000244140625,104.80999755859375,76.04561614990234,1587200
2012-01-20,104.61000061035156,104.77999877929688,104.41999816894531,104.44999694824219,75.78439331054688,650600
2012-01-23,104.13999938964844,104.31999969482422,104.0,104.22000122070312,75.61750030517578,734000
2012-01-24,104.33999633789062,104.33999633789062,104.05000305175781,104.33999633789062,75.70455932617188,1388100
2012-01-25,104.27999877929688,105.44000244140625,104.2300033569336,104.83999633789062,76.06736755371094,1149200
2012-01-26,105.12000274658203,105.45999908447266,105.12000274658203,105.4000015258789,76.47367095947266,1055000
2012-01-27,105.55999755859375,105.75,105.37000274658203,105.72000122070312,76.7058334350586,767600
2012-01-30,106.0999984741211,106.30999755859375,106.0199966430664,106.08000183105469,76.96703338623047,1152400
2012-01-31,105.93000030517578,106.48999786376953,105.93000030517578,106.4800033569336,77.25724029541016,1001800
2012-02-01,106.04000091552734,106.08000183105469,105.83999633789062,105.91999816894531,76.98907470703125,1698800
2012-02-02,105.9800033569336,106.12999725341797,105.87999725341797,106.06999969482422,77.09803771972656,839900
2012-02-03,105.27999877929688,105.41000366210938,105.08999633789062,105.2300033569336,76.48750305175781,1112600
2012-02-06,105.2699966430664,105.58999633789062,105.1500015258789,105.5199966430664,76.69828796386719,2968500
2012-02-07,105.06999969482422,105.1500015258789,104.76000213623047,104.83999633789062,76.20406341552734,1164900
2012-02-08,104.83000183105469,105.0,104.7300033569336,104.88999938964844,76.24040985107422,404800
2012-02-09,104.69999694824219,104.80000305175781,104.37999725341797,104.6500015258789,76.06591796875,1802500
2012-02-10,105.1500015258789,105.33999633789062,105.0199966430664,105.23999786376953,76.49476623535156,1322600
2012-02-13,105.04000091552734,105.30000305175781,105.0,105.16999816894531,76.44387817382812,299300
2012-02-14,105.31999969482422,105.55000305175781,105.2300033569336,105.38999938964844,76.60379791259766,615500
2012-02-15,105.36000061035156,105.68000030517578,105.3499984741211,105.47000122070312,76.66191864013672,344100
2012-02-16,105.20999908447266,105.33999633789062,104.80999755859375,104.98999786376953,76.31307983398438,1540500
2012-02-17,104.66999816894531,104.91999816894531,104.63999938964844,104.87999725341797,76.23310089111328,653600
2012-02-21,104.66999816894531,104.70999908447266,104.37000274658203,104.5,75.9569320678711,635300
2012-02-22,104.66000366210938,105.0,104.66000366210938,104.91000366210938,76.25489807128906,538200
2012-02-23,104.81999969482422,105.19000244140625,104.68000030517578,105.05999755859375,76.36396026611328,805900
2012-02-24,105.12999725341797,105.20999908447266,105.05999755859375,105.13999938964844,76.42211151123047,360100
2012-02-27,105.5999984741211,105.66000366210938,105.44999694824219,105.48999786376953,76.67652893066406,588600
2012-02-28,105.69000244140625,105.80000305175781,105.45999908447266,105.54000091552734,76.71286010742188,817900
2012-02-29,105.5,105.52999877929688,104.98999786376953,105.12000274658203,76.40755462646484,787500
2012-03-01,104.4800033569336,104.63999938964844,104.33999633789062,104.61000061035156,76.16007995605469,1185200
2012-03-02,104.7300033569336,105.0999984741211,104.7300033569336,105.02999877929688,76.46578979492188,360100
2012-03-05,104.94000244140625,105.08999633789062,104.77999877929688,104.81999969482422,76.31292724609375,1406100
2012-03-06,105.2300033569336,105.41999816894531,105.19999694824219,105.26000213623047,76.63323974609375,605800
2012-03-07,105.20999908447266,105.25,105.01000213623047,105.05999755859375,76.48764038085938,436100
2012-03-08,104.97000122070312,105.06999969482422,104.70999908447266,104.75,76.26193237304688,329900
2012-03-09,104.62999725341797,104.70999908447266,104.43000030517578,104.66999816894531,76.20372772216797,286800
2012-03-12,104.86000061035156,104.9000015258789,104.63999938964844,104.63999938964844,76.18186950683594,503100
2012-03-13,104.4000015258789,104.44000244140625,103.87000274658203,103.88999938964844,75.63587188720703,618600
2012-03-14,103.38999938964844,103.44000244140625,102.62000274658203,102.69999694824219,74.76948547363281,1733100
2012-03-15,102.56999969482422,102.9000015258789,102.56999969482422,102.66999816894531,74.74758911132812,2302300
2012-03-16,102.23999786376953,102.6500015258789,102.1500015258789,102.63999938964844,74.7258071899414,681200
2012-03-19,102.5,102.55999755859375,101.83000183105469,102.01000213623047,74.26708984375,1133200
2012-03-20,102.11000061035156,102.25,101.7699966430664,102.05999755859375,74.30354309082031,769100
2012-03-21,102.2699966430664,102.62999725341797,102.26000213623047,102.58000183105469,74.68209838867188,458100
2012-03-22,102.81999969482422,102.9000015258789,102.62999725341797,102.70999908447266,74.77678680419922,326200
2012-03-23,102.9800033569336,103.25,102.94999694824219,103.08999633789062,75.05337524414062,396100
2012-03-26,103.0199966430664,103.12999725341797,102.66999816894531,102.97000122070312,74.966064453125,471700
2012-03-27,103.16000366210938,103.61000061035156,103.13999938964844,103.54000091552734,75.3810043334961,579200
2012-03-28,103.36000061035156,103.73999786376953,103.36000061035156,103.36000061035156,75.24996948242188,314700
2012-03-29,103.7300033569336,103.79000091552734,103.56999969482422,103.79000091552734,75.56303405761719,727700
2012-03-30,103.7699966430664,103.91000366210938,103.1500015258789,103.27999877929688,75.19181060791016,502600
2012-04-02,103.52999877929688,103.54000091552734,103.25,103.3499984741211,75.37187194824219,1433800
2012-04-03,103.51000213623047,103.69000244140625,102.51000213623047,102.58999633789062,74.8176040649414,833100
2012-04-04,103.01000213623047,103.12000274658203,102.9000015258789,103.11000061035156,75.19685363769531,461300
2012-04-05,103.56999969482422,103.5999984741211,103.29000091552734,103.56999969482422,75.53234100341797,456400
2012-04-09,104.66000366210938,104.76000213623047,104.52999877929688,104.62999725341797,76.30535125732422,573700
2012-04-10,104.80000305175781,105.19999694824219,104.72000122070312,105.12000274658203,76.66268157958984,900500
2012-04-11,104.70999908447266,104.83000183105469,104.61000061035156,104.70999908447266,76.36371612548828,435000
2012-04-12,104.79000091552734,104.81999969482422,104.47000122070312,104.5,76.21055603027344,451500
2012-04-13,104.9000015258789,105.1500015258789,104.87000274658203,105.12999725341797,76.66997528076172,461400
2012-04-16,105.08999633789062,105.41999816894531,105.05000305175781,105.0999984741211,76.64811706542969,1179600
2012-04-17,104.97000122070312,105.08000183105469,104.87999725341797,104.98999786376953,76.56791687011719,923400
2012-04-18,105.13999938964844,105.2300033569336,105.08000183105469,105.19999694824219,76.72103881835938,502900
2012-04-19,105.30999755859375,105.4000015258789,105.2699966430664,105.31999969482422,76.80858612060547,408800
2012-04-20,105.12999725341797,105.33000183105469,105.06999969482422,105.33000183105469,76.81587982177734,377500
2012-04-23,105.5999984741211,105.72000122070312,105.51000213623047,105.54000091552734,76.968994140625,746600
2012-04-24,105.43000030517578,105.45999908447266,105.25,105.2699966430664,76.77213287353516,506100
2012-04-25,105.0199966430664,105.31999969482422,104.7699966430664,105.13999938964844,76.6772689819336,681200
2012-04-26,105.5,105.52999877929688,105.30999755859375,105.48999786376953,76.93256378173828,314300
2012-04-27,105.41999816894531,105.61000061035156,105.41000366210938,105.5999984741211,77.01271057128906,368100
2012-04-30,105.69000244140625,105.80999755859375,105.63999938964844,105.69000244140625,77.07835388183594,1820300
2012-05-01,105.66000366210938,105.69999694824219,105.22000122070312,105.33000183105469,76.93815612792969,864100
2012-05-02,105.56999969482422,105.61000061035156,105.38999938964844,105.52999877929688,77.08421325683594,1030200
2012-05-03,105.30999755859375,105.58000183105469,105.30999755859375,105.5199966430664,77.07696533203125,360000
2012-05-04,105.68000030517578,105.94000244140625,105.66999816894531,105.94000244140625,77.38370513916016,814100
2012-05-07,105.9800033569336,106.04000091552734,105.87000274658203,105.91000366210938,77.3617935180664,490800
2012-05-08,106.12000274658203,106.37999725341797,106.0999984741211,106.1500015258789,77.537109375,522300
2012-05-09,106.44000244140625,106.5,106.13999938964844,106.23999786376953,77.60289001464844,961400
2012-05-10,106.0,106.12999725341797,105.8499984741211,106.08999633789062,77.49330139160156,347000
2012-05-11,106.44000244140625,106.47000122070312,106.2699966430664,106.44000244140625,77.74896240234375,403500
2012-05-14,106.87999725341797,107.0,106.7300033569336,106.91000366210938,78.09228515625,650200
2012-05-15,106.83999633789062,107.0,106.76000213623047,106.94000244140625,78.11417388916016,922100
2012-05-16,106.6500015258789,107.08000183105469,106.62000274658203,107.0199966430664,78.17259979248047,761600
2012-05-17,106.91999816894531,107.43000030517578,106.9000015258789,107.41999816894531,78.46483612060547,764000
2012-05-18,107.0999984741211,107.44000244140625,107.06999969482422,107.3499984741211,78.41361999511719,831900
2012-05-21,107.18000030517578,107.26000213623047,107.06999969482422,107.06999969482422,78.20913696289062,791600
2012-05-22,106.79000091552734,106.94000244140625,106.62999725341797,106.83999633789062,78.04115295410156,538300
2012-05-23,107.12999725341797,107.4000015258789,107.08000183105469,107.12000274658203,78.24563598632812,658000
2012-05-24,106.95999908447266,107.04000091552734,106.8499984741211,106.88999938964844,78.07766723632812,417700
2012-05-25,107.11000061035156,107.25,107.05999755859375,107.19999694824219,78.30409240722656,370400
2012-05-29,107.26000213623047,107.47000122070312,107.11000061035156,107.11000061035156,78.23834991455078,865400
2012-05-30,107.8499984741211,108.20999908447266,107.80999755859375,108.12999725341797,78.98346710205078,645600
2012-05-31,108.33999633789062,108.88999938964844,108.30000305175781,108.55000305175781,79.29022979736328,2994300
2012-06-01,109.05999755859375,109.37000274658203,108.91000366210938,109.30999755859375,79.9712905883789,2186400
2012-06-04,108.83999633789062,108.98999786376953,108.63999938964844,108.68000030517578,79.51040649414062,849500
2012-06-05,108.51000213623047,108.6500015258789,108.30999755859375,108.31999969482422,79.2470474243164,836700
2012-06-06,108.29000091552734,108.31999969482422,107.58000183105469,107.61000061035156,78.72757720947266,1492800
2012-06-07,107.58000183105469,107.94000244140625,107.51000213623047,107.87000274658203,78.91780853271484,631800
2012-06-08,108.38999938964844,108.43000030517578,107.86000061035156,107.94999694824219,78.9762954711914,468000
2012-06-11,107.70999908447266,108.31999969482422,107.70999908447266,108.23999786376953,79.18846130371094,1050900
2012-06-12,107.91999816894531,108.0999984741211,107.63999938964844,107.66000366210938,78.76419067382812,569700
2012-06-13,107.8499984741211,108.30999755859375,107.70999908447266,108.2300033569336,79.18119812011719,1332100
2012-06-14,108.16000366210938,108.25,107.83000183105469,107.94000244140625,78.96903991699219,802600
2012-06-15,108.38999938964844,108.54000091552734,108.26000213623047,108.44000244140625,79.33480072021484,769400
2012-06-18,108.45999908447266,108.52999877929688,108.23999786376953,108.41000366210938,79.3128662109375,718800
2012-06-19,108.16999816894531,108.20999908447266,107.87999725341797,108.04000091552734,79.04217529296875,1536800
2012-06-20,107.69999694824219,108.12000274658203,107.52999877929688,107.81999969482422,78.88121795654297,913100
2012-06-21,107.93000030517578,108.19999694824219,107.87000274658203,108.05000305175781,79.04950714111328,1655900
2012-06-22,107.62999725341797,107.81999969482422,107.56999969482422,107.58000183105469,78.70568084716797,1770300
2012-06-25,107.98999786376953,108.18000030517578,107.9800033569336,108.16999816894531,79.13727569580078,594900
2012-06-26,107.9000015258789,108.12000274658203,107.81999969482422,107.93000030517578,78.96173858642578,2395600
2012-06-27,108.06999969482422,108.12000274658203,107.8499984741211,108.08000183105469,79.07147979736328,3445300
2012-06-28,108.47000122070312,108.54000091552734,108.3499984741211,108.43000030517578,79.3274917602539,413400
2012-06-29,107.81999969482422,108.04000091552734,107.77999877929688,107.93000030517578,78.96173858642578,646900
2012-07-02,108.0,108.54000091552734,107.9800033569336,108.2699966430664,79.32804107666016,1580800
2012-07-03,108.25,108.2699966430664,107.94999694824219,108.0,79.13024139404297,588000
2012-07-05,108.13999938964844,108.36000061035156,108.08000183105469,108.29000091552734,79.34270477294922,1602600
2012-07-06,108.62000274658203,108.76000213623047,108.55999755859375,108.66999816894531,79.62109375,1146900
2012-07-09,108.7699966430664,108.98999786376953,108.73999786376953,108.97000122070312,79.84093475341797,495300
2012-07-10,108.88999938964844,109.08000183105469,108.86000061035156,109.0199966430664,79.87760162353516,631900
2012-07-11,109.06999969482422,109.33999633789062,108.87999725341797,108.91999816894531,79.80430603027344,825800
2012-07-12,109.08000183105469,109.19999694824219,109.04000091552734,109.16999816894531,79.98745727539062,840400
2012-07-13,109.12999725341797,109.12999725341797,108.91000366210938,109.08000183105469,79.92151641845703,307900
2012-07-16,109.41999816894531,109.54000091552734,109.27999877929688,109.31999969482422,80.09738159179688,349400
2012-07-17,109.1500015258789,109.30000305175781,109.0,109.04000091552734,79.89222717285156,637900
2012-07-18,109.22000122070312,109.27999877929688,109.12999725341797,109.1500015258789,79.97283172607422,606000
2012-07-19,109.05999755859375,109.19999694824219,108.94000244140625,108.98999786376953,79.85560607910156,949100
2012-07-20,109.29000091552734,109.5,109.29000091552734,109.41999816894531,80.17061614990234,250900
2012-07-23,109.73999786376953,109.7699966430664,109.5199966430664,109.5999984741211,80.30255889892578,1675600
2012-07-24,109.44000244140625,109.88999938964844,109.41999816894531,109.80999755859375,80.4563980102539,905500
2012-07-25,109.76000213623047,109.87999725341797,109.69000244140625,109.87000274658203,80.50029754638672,1246800
2012-07-26,109.66000366210938,109.73999786376953,109.5,109.52999877929688,80.25121307373047,742000
2012-07-27,109.18000030517578,109.18000030517578,108.36000061035156,108.73999786376953,79.67237854003906,1072300
2012-07-30,108.77999877929688,109.12000274658203,108.70999908447266,109.08999633789062,79.9288558959961,666000
2012-07-31,109.26000213623047,109.31999969482422,108.94000244140625,109.27999877929688,80.06807708740234,2209700
2012-08-01,108.83999633789062,109.05000305175781,108.55000305175781,108.72000122070312,79.77606201171875,977300
2012-08-02,109.05000305175781,109.27999877929688,108.93000030517578,108.9800033569336,79.96676635742188,620000
2012-08-03,108.5199966430664,108.62999725341797,108.19000244140625,108.41000366210938,79.54856872558594,765500
2012-08-06,108.4800033569336,108.66000366210938,108.43000030517578,108.4800033569336,79.59992218017578,850800
2012-08-07,107.9800033569336,108.0199966430664,107.79000091552734,107.91000366210938,79.18170166015625,1228200
2012-08-08,107.94999694824219,108.05999755859375,107.68000030517578,107.76000213623047,79.07161712646484,862800
2012-08-09,107.62999725341797,107.83000183105469,107.41999816894531,107.68000030517578,79.01293182373047,833700
2012-08-10,108.13999938964844,108.18000030517578,107.68000030517578,107.98999786376953,79.24039459228516,466900
2012-08-13,108.0999984741211,108.19000244140625,107.91999816894531,107.91999816894531,79.18902587890625,729500
2012-08-14,107.5,107.62999725341797,107.38999938964844,107.38999938964844,78.80010223388672,642100
2012-08-15,107.13999938964844,107.20999908447266,106.80000305175781,106.8499984741211,78.40390014648438,934600
2012-08-16,106.87999725341797,106.9800033569336,106.43000030517578,106.58999633789062,78.21306610107422,861400
2012-08-17,106.68000030517578,106.9000015258789,106.68000030517578,106.72000122070312,78.30844116210938,784300
2012-08-20,106.69999694824219,106.91999816894531,106.68000030517578,106.77999877929688,78.35250091552734,1000100
2012-08-21,106.66999816894531,106.88999938964844,106.41999816894531,106.87000274658203,78.41851806640625,684500
2012-08-22,107.26000213623047,107.69999694824219,107.18000030517578,107.69999694824219,79.02753448486328,730600
2012-08-23,107.86000061035156,108.01000213623047,107.69999694824219,107.88999938964844,79.16698455810547,440200
2012-08-24,108.06999969482422,108.13999938964844,107.80000305175781,107.83999633789062,79.13029479980469,311500
2012-08-27,108.01000213623047,108.12999725341797,107.9800033569336,108.12000274658203,79.3357162475586,467400
2012-08-28,108.19000244140625,108.37000274658203,108.13999938964844,108.16000366210938,79.3651123046875,615000
2012-08-29,108.16000366210938,108.16000366210938,107.91999816894531,108.08999633789062,79.31372833251953,764700
2012-08-30,108.3499984741211,108.44999694824219,108.27999877929688,108.29000091552734,79.46052551269531,642200
2012-08-31,108.29000091552734,108.98999786376953,108.22000122070312,108.98999786376953,79.97411346435547,912700
2012-09-04,108.5999984741211,108.83000183105469,108.5199966430664,108.58999633789062,79.79114532470703,1200200
2012-09-05,108.55999755859375,108.68000030517578,108.44000244140625,108.55000305175781,79.76177215576172,782300
2012-09-06,108.05999755859375,108.08000183105469,107.79000091552734,107.80999755859375,79.21798706054688,1376700
2012-09-07,108.52999877929688,108.56999969482422,107.94999694824219,107.94999694824219,79.32090759277344,2748500
2012-09-10,108.04000091552734,108.0999984741211,107.81999969482422,108.0,79.35769653320312,1614100
2012-09-11,107.93000030517578,107.94999694824219,107.70999908447266,107.80000305175781,79.210693359375,375200
2012-09-12,107.38999938964844,107.80000305175781,107.19999694824219,107.2699966430664,78.82125854492188,660700
2012-09-13,107.55999755859375,107.7699966430664,106.7699966430664,107.58000183105469,79.04907989501953,1458700
2012-09-14,106.9800033569336,107.58000183105469,106.41999816894531,106.56999969482422,78.30690002441406,1050800
2012-09-17,106.66999816894531,106.95999908447266,106.6500015258789,106.79000091552734,78.46855926513672,745300
2012-09-18,107.22000122070312,107.27999877929688,107.01000213623047,107.05999755859375,78.66695404052734,578700
2012-09-19,107.36000061035156,107.41000366210938,107.18000030517578,107.30999755859375,78.85061645507812,437200
2012-09-20,107.69000244140625,107.73999786376953,107.23999786376953,107.37000274658203,78.89473724365234,422300
2012-09-21,107.26000213623047,107.61000061035156,107.2300033569336,107.5999984741211,79.0637435913086,682000
2012-09-24,107.73999786376953,107.93000030517578,107.73999786376953,107.83999633789062,79.2400894165039,943800
2012-09-25,107.94999694824219,108.25,107.69999694824219,108.23999786376953,79.53401947021484,471900
2012-09-26,108.48999786376953,108.69000244140625,108.43000030517578,108.69000244140625,79.86463165283203,444600
2012-09-27,108.43000030517578,108.54000091552734,108.31999969482422,108.45999908447266,79.69560241699219,295400
2012-09-28,108.58000183105469,108.69999694824219,108.36000061035156,108.45999908447266,79.69560241699219,612500
2012-10-01,108.41000366210938,108.54000091552734,108.2300033569336,108.5199966430664,79.84359741210938,1213500
2012-10-02,108.30000305175781,108.55999755859375,108.29000091552734,108.44999694824219,79.79202270507812,846500
2012-10-03,108.44000244140625,108.55999755859375,108.30000305175781,108.55999755859375,79.87298583984375,938000
2012-10-04,108.31999969482422,108.41999816894531,108.08999633789062,108.12999725341797,79.55661010742188,376700
2012-10-05,107.76000213623047,107.80999755859375,107.56999969482422,107.63999938964844,79.1960678100586,805200
2012-10-08,107.87999725341797,108.01000213623047,107.86000061035156,107.98999786376953,79.45361328125,403700
2012-10-09,107.69999694824219,107.94999694824219,107.68000030517578,107.7699966430664,79.2917251586914,387200
2012-10-10,107.5999984741211,108.06999969482422,107.52999877929688,108.02999877929688,79.48299407958984,318100
2012-10-11,107.69000244140625,108.13999938964844,107.62999725341797,108.12999725341797,79.55661010742188,1217500
2012-10-12,108.20999908447266,108.37999725341797,108.11000061035156,108.13999938964844,79.56393432617188,427900
2012-10-15,108.18000030517578,108.25,108.05999755859375,108.16999816894531,79.58601379394531,635000
2012-10-16,107.93000030517578,107.93000030517578,107.66000366210938,107.66000366210938,79.21080017089844,585500
2012-10-17,107.33999633789062,107.37999725341797,106.94000244140625,106.9800033569336,78.71051025390625,597300
2012-10-18,107.08000183105469,107.18000030517578,106.75,106.79000091552734,78.57064819335938,1157500
2012-10-19,106.94999694824219,107.33999633789062,106.91999816894531,107.23999786376953,78.90177154541016,808100
2012-10-22,107.02999877929688,107.12999725341797,106.87999725341797,106.87999725341797,78.63687133789062,760000
2012-10-23,107.19999694824219,107.38999938964844,107.19999694824219,107.38999938964844,79.01210021972656,414600
2012-10-24,107.1500015258789,107.31999969482422,107.08999633789062,107.16000366210938,78.8429183959961,682400
2012-10-25,106.6500015258789,107.04000091552734,106.58999633789062,106.7699966430664,78.55599212646484,437300
2012-10-26,107.13999938964844,107.45999908447266,107.11000061035156,107.44999694824219,79.05632019042969,414800
2012-10-31,107.69000244140625,107.9800033569336,107.6500015258789,107.88999938964844,79.37998962402344,728100
2012-11-01,107.63999938964844,107.68000030517578,107.4000015258789,107.52999877929688,79.2216567993164,918300
2012-11-02,107.29000091552734,107.63999938964844,107.25,107.62000274658203,79.28792572021484,527200
2012-11-05,107.83999633789062,107.98999786376953,107.80999755859375,107.87999725341797,79.47950744628906,805400
2012-11-06,107.79000091552734,107.86000061035156,107.37000274658203,107.38999938964844,79.11846923828125,486000
2012-11-07,108.33000183105469,108.54000091552734,108.19999694824219,108.29000091552734,79.7815170288086,979800
2012-11-08,108.2699966430664,108.79000091552734,108.1500015258789,108.7699966430664,80.13521575927734,514700
2012-11-09,108.70999908447266,108.81999969482422,108.55000305175781,108.77999877929688,80.14254760742188,368200
2012-11-12,108.77999877929688,108.87000274658203,108.69999694824219,108.8499984741211,80.19409942626953,267900
2012-11-13,108.98999786376953,109.0,108.80999755859375,108.9800033569336,80.28988647460938,1608900
2012-11-14,108.69999694824219,109.02999877929688,108.66999816894531,109.01000213623047,80.31195068359375,1477300
2012-11-15,108.79000091552734,109.06999969482422,108.7699966430664,108.95999908447266,80.275146484375,1448500
2012-11-16,108.94000244140625,109.19999694824219,108.91000366210938,109.02999877929688,80.32675170898438,578100
2012-11-19,108.72000122070312,108.81999969482422,108.68000030517578,108.80999755859375,80.1646499633789,712300
2012-11-20,108.63999938964844,108.69999694824219,108.36000061035156,108.36000061035156,79.83309936523438,970700
2012-11-21,108.19999694824219,108.27999877929688,108.16000366210938,108.19999694824219,79.71525573730469,291500
2012-11-23,108.19999694824219,108.20999908447266,108.12999725341797,108.13999938964844,79.6710433959961,466000
2012-11-26,108.4000015258789,108.5199966430664,108.29000091552734,108.31999969482422,79.8035888671875,1522400
2012-11-27,108.38999938964844,108.58000183105469,108.33000183105469,108.56999969482422,79.98786926269531,579100
2012-11-28,108.7699966430664,108.87000274658203,108.66000366210938,108.70999908447266,80.09099578857422,1057500
2012-11-29,108.70999908447266,108.86000061035156,108.6500015258789,108.81999969482422,80.17205047607422,814200
2012-11-30,108.9000015258789,108.91000366210938,108.76000213623047,108.80000305175781,80.15726470947266,557800
2012-12-03,108.44000244140625,108.63999938964844,108.37000274658203,108.62000274658203,80.12557983398438,750400
2012-12-04,108.69000244140625,108.81999969482422,108.66000366210938,108.80999755859375,80.26569366455078,479300
2012-12-05,108.91999816894531,109.05999755859375,108.87000274658203,108.9000015258789,80.3321533203125,505500
2012-12-06,109.0999984741211,109.1500015258789,108.94999694824219,108.95999908447266,80.3763656616211,443700
2012-12-07,108.69000244140625,108.86000061035156,108.62999725341797,108.6500015258789,80.14765930175781,515700
2012-12-10,108.79000091552734,108.81999969482422,108.6500015258789,108.75,80.22146606445312,707500
2012-12-11,108.51000213623047,108.55000305175781,108.41999816894531,108.54000091552734,80.0665512084961,734300
2012-12-12,108.41999816894531,108.5999984741211,108.08000183105469,108.08000183105469,79.72721099853516,1165600
2012-12-13,107.94999694824219,108.0999984741211,107.80000305175781,107.87000274658203,79.57233428955078,862900
2012-12-14,108.0,108.1500015258789,108.0,108.11000061035156,79.74935913085938,380700
2012-12-17,108.01000213623047,108.02999877929688,107.51000213623047,107.54000091552734,79.32891845703125,660100
2012-12-18,107.4800033569336,107.54000091552734,107.0,107.12000274658203,79.01910400390625,846400
2012-12-19,107.2699966430664,107.52999877929688,107.22000122070312,107.2699966430664,79.12974548339844,675300
2012-12-20,107.41999816894531,107.58000183105469,107.29000091552734,107.33999633789062,79.18138885498047,377100
2012-12-21,107.73999786376953,107.80999755859375,107.61000061035156,107.62999725341797,79.395263671875,499200
2012-12-24,107.55000305175781,107.58000183105469,107.5,107.5199966430664,79.31414031982422,903400
2012-12-26,107.48999786376953,107.63999938964844,107.4800033569336,107.58999633789062,79.47736358642578,780000
2012-12-27,107.54000091552734,108.0199966430664,107.5199966430664,107.80999755859375,79.63988494873047,446700
2012-12-28,108.01000213623047,108.06999969482422,107.9000015258789,108.05999755859375,79.82455444335938,552200
2012-12-31,107.91000366210938,107.95999908447266,107.44999694824219,107.48999786376953,79.4035415649414,1742800
2013-01-02,107.0,107.1500015258789,106.94999694824219,107.0,79.04151153564453,2561300
2013-01-03,107.02999877929688,107.05000305175781,106.44000244140625,106.44999694824219,78.6352767944336,2131900
2013-01-04,106.33999633789062,106.5,106.20999908447266,106.5,78.6722412109375,975400
2013-01-07,106.5,106.5999984741211,106.41999816894531,106.55999755859375,78.71650695800781,1387400
2013-01-08,106.70999908447266,106.83999633789062,106.69000244140625,106.81999969482422,78.9085922241211,364200
2013-01-09,106.8499984741211,106.9800033569336,106.73999786376953,106.87999725341797,78.95282745361328,517700
2013-01-10,106.58000183105469,106.7699966430664,106.52999877929688,106.56999969482422,78.7238998413086,689100
2013-01-11,106.41000366210938,106.91000366210938,106.37000274658203,106.91000366210938,78.97510528564453,553900
2013-01-14,107.0199966430664,107.05999755859375,106.8499984741211,106.87000274658203,78.94554138183594,971700
2013-01-15,107.22000122070312,107.2699966430664,107.08999633789062,107.12999725341797,79.13761138916016,428800
2013-01-16,107.30000305175781,107.33999633789062,107.1500015258789,107.2699966430664,79.24100494384766,534000
2013-01-17,106.83999633789062,106.91000366210938,106.66999816894531,106.77999877929688,78.87902069091797,436100
2013-01-18,106.95999908447266,107.12999725341797,106.93000030517578,107.08000183105469,79.10066223144531,560100
2013-01-22,106.87000274658203,107.22000122070312,106.8499984741211,107.16999816894531,79.16712188720703,595400
2013-01-23,107.25,107.3499984741211,107.1500015258789,107.22000122070312,79.20407104492188,603600
2013-01-24,107.13999938964844,107.16000366210938,106.91000366210938,107.04000091552734,79.07108306884766,376300
2013-01-25,106.52999877929688,106.62999725341797,106.26000213623047,106.33000183105469,78.54661560058594,570600
2013-01-28,105.88999938964844,106.13999938964844,105.88999938964844,106.11000061035156,78.38410949707031,1328000
2013-01-29,106.1500015258789,106.31999969482422,105.93000030517578,105.94999694824219,78.2658920288086,480600
2013-01-30,105.87000274658203,106.02999877929688,105.72000122070312,106.01000213623047,78.31022644042969,453200
2013-01-31,106.11000061035156,106.11000061035156,105.93000030517578,106.0999984741211,78.37670135498047,902500
2013-02-01,106.41000366210938,106.43000030517578,105.55999755859375,105.5999984741211,78.11042785644531,2587800
2013-02-04,105.93000030517578,106.2699966430664,105.88999938964844,106.20999908447266,78.56169891357422,693400
2013-02-05,105.80999755859375,105.87999725341797,105.7300033569336,105.83000183105469,78.28059387207031,797700
2013-02-06,106.05999755859375,106.19999694824219,105.94999694824219,106.1500015258789,78.51725006103516,816800
2013-02-07,106.1500015258789,106.44999694824219,106.13999938964844,106.19999694824219,78.55424499511719,970000
2013-02-08,106.22000122070312,106.31999969482422,105.97000122070312,106.27999877929688,78.6133804321289,952800
2013-02-11,106.19999694824219,106.30999755859375,106.16999816894531,106.16999816894531,78.53208923339844,558800
2013-02-12,106.01000213623047,106.16999816894531,105.9800033569336,106.05999755859375,78.4506607055664,531500
2013-02-13,105.72000122070312,105.87000274658203,105.63999938964844,105.69000244140625,78.17700958251953,610700
2013-02-14,105.94999694824219,106.1500015258789,105.80999755859375,106.13999938964844,78.5098648071289,988000
2013-02-15,106.04000091552734,106.0999984741211,105.8499984741211,106.04000091552734,78.43588256835938,681700
2013-02-19,106.19000244140625,106.20999908447266,105.86000061035156,105.87000274658203,78.31012725830078,498800
2013-02-20,105.83000183105469,106.12000274658203,105.79000091552734,106.0999984741211,78.48026275634766,869900
2013-02-21,106.33000183105469,106.5,106.27999877929688,106.30999755859375,78.63561248779297,681000
2013-02-22,106.33999633789062,106.4800033569336,106.33000183105469,106.44000244140625,78.7317886352539,412800
2013-02-25,106.16999816894531,107.26000213623047,106.16000366210938,107.26000213623047,79.33831024169922,2909000
2013-02-26,107.05999755859375,107.37999725341797,106.9800033569336,107.05999755859375,79.19034576416016,860900
2013-02-27,107.33999633789062,107.37000274658203,106.91999816894531,107.01000213623047,79.15340423583984,398800
2013-02-28,107.12000274658203,107.16999816894531,106.98999786376953,107.16000366210938,79.26433563232422,534400
2013-03-01,107.19000244140625,107.33000183105469,107.11000061035156,107.30000305175781,79.46208953857422,876500
2013-03-04,107.22000122070312,107.26000213623047,107.05000305175781,107.05000305175781,79.27690887451172,572600
2013-03-05,106.97000122070312,107.01000213623047,106.81999969482422,106.94000244140625,79.1954345703125,224700
2013-03-06,106.62000274658203,106.77999877929688,106.5999984741211,106.5999984741211,78.94368743896484,1091700
2013-03-07,106.41000366210938,106.43000030517578,106.16999816894531,106.19000244140625,78.6400146484375,804500
2013-03-08,105.63999938964844,105.83999633789062,105.56999969482422,105.6500015258789,78.24015045166016,1651900
2013-03-11,105.75,105.80000305175781,105.6500015258789,105.69999694824219,78.27714538574219,1465800
2013-03-12,105.86000061035156,106.05000305175781,105.8499984741211,105.98999786376953,78.491943359375,525300
2013-03-13,105.80000305175781,106.01000213623047,105.72000122070312,105.9000015258789,78.42526245117188,1116500
2013-03-14,105.69000244140625,106.01000213623047,105.66000366210938,105.93000030517578,78.44747924804688,557400
2013-03-15,105.98999786376953,106.31999969482422,105.98999786376953,106.30000305175781,78.72148895263672,1184700
2013-03-18,106.68000030517578,106.69000244140625,106.48999786376953,106.6500015258789,78.98070526123047,1442000
2013-03-19,106.7699966430664,107.11000061035156,106.73999786376953,106.9800033569336,79.22505950927734,545300
2013-03-20,106.69999694824219,106.83000183105469,106.55999755859375,106.56999969482422,78.92143249511719,742800
2013-03-21,106.8499984741211,106.86000061035156,106.68000030517578,106.8499984741211,79.12879943847656,669700
2013-03-22,106.91999816894531,106.94999694824219,106.68000030517578,106.88999938964844,79.15840148925781,297000
2013-03-25,106.70999908447266,107.12000274658203,106.68000030517578,106.97000122070312,79.21766662597656,319500
2013-03-26,106.75,107.12000274658203,106.7300033569336,107.08000183105469,79.29913330078125,546300
2013-03-27,107.45999908447266,107.66000366210938,107.45999908447266,107.54000091552734,79.63983917236328,623700
2013-03-28,107.43000030517578,107.56999969482422,107.31999969482422,107.33999633789062,79.49166107177734,378400
2013-04-01,107.22000122070312,107.55000305175781,107.22000122070312,107.4800033569336,79.7030029296875,2471100
2013-04-02,107.31999969482422,107.3499984741211,107.22000122070312,107.2699966430664,79.54732513427734,984900
2013-04-03,107.41000366210938,107.81999969482422,107.41000366210938,107.72000122070312,79.88106536865234,1234000
2013-04-04,107.91000366210938,108.16000366210938,107.87999725341797,108.1500015258789,80.19990539550781,584800
2013-04-05,108.52999877929688,108.69999694824219,108.43000030517578,108.48999786376953,80.45198059082031,663800
2013-04-08,108.43000030517578,108.51000213623047,108.12999725341797,108.13999938964844,80.19247436523438,858200
2013-04-09,108.31999969482422,108.37999725341797,108.12000274658203,108.18000030517578,80.22215270996094,507800
2013-04-10,107.94000244140625,107.97000122070312,107.70999908447266,107.7300033569336,79.88836669921875,340900
2013-04-11,107.8499984741211,107.97000122070312,107.79000091552734,107.8499984741211,79.9774398803711,1132200
2013-04-12,108.25,108.44999694824219,108.12999725341797,108.44999694824219,80.4223403930664,827700
2013-04-15,108.4000015258789,108.69000244140625,108.36000061035156,108.69000244140625,80.60025787353516,587300
2013-04-16,108.3499984741211,108.51000213623047,108.33000183105469,108.37999725341797,80.37040710449219,1226700
2013-04-17,108.44000244140625,108.80999755859375,108.4000015258789,108.58000183105469,80.51873779296875,988300
2013-04-18,108.66000366210938,108.76000213623047,108.56999969482422,108.63999938964844,80.5632095336914,705600
2013-04-19,108.58000183105469,108.58000183105469,108.48999786376953,108.58000183105469,80.51873779296875,750500
2013-04-22,108.62999725341797,108.75,108.58000183105469,108.63999938964844,80.5632095336914,379900
2013-04-23,108.7699966430664,109.04000091552734,108.54000091552734,108.56999969482422,80.51130676269531,449800
2013-04-24,108.55999755859375,108.69000244140625,108.55000305175781,108.62000274658203,80.5484390258789,279400
2013-04-25,108.47000122070312,108.54000091552734,108.38999938964844,108.5,80.45943450927734,293300
2013-04-26,108.77999877929688,108.91999816894531,108.75,108.88999938964844,80.74861907958984,433300
2013-04-29,108.95999908447266,108.98999786376953,108.83000183105469,108.8499984741211,80.71900177001953,810000
2013-04-30,109.01000213623047,109.13999938964844,108.79000091552734,108.83000183105469,80.70418548583984,752700
2013-05-01,108.91999816894531,109.16999816894531,108.91999816894531,109.05000305175781,80.96769714355469,803600
2013-05-02,108.98999786376953,109.05999755859375,108.93000030517578,109.05000305175781,80.96769714355469,921300
2013-05-03,108.47000122070312,108.5,108.05000305175781,108.12000274658203,80.27716064453125,879500
2013-05-06,108.1500015258789,108.19000244140625,107.88999938964844,107.9800033569336,80.17325592041016,434000
2013-05-07,107.80999755859375,107.94000244140625,107.80999755859375,107.83000183105469,80.06190490722656,544000
2013-05-08,107.93000030517578,108.08999633789062,107.9000015258789,107.95999908447266,80.15839385986328,1114400
2013-05-09,108.04000091552734,108.23999786376953,107.91000366210938,107.94000244140625,80.14356231689453,587300
2013-05-10,107.75,107.75,107.08000183105469,107.33000183105469,79.6906509399414,529700
2013-05-13,107.0999984741211,107.16999816894531,107.06999969482422,107.13999938964844,79.54960632324219,417600
2013-05-14,107.27999877929688,107.31999969482422,106.66999816894531,106.70999908447266,79.23031616210938,876900
2013-05-15,107.02999877929688,107.12999725341797,106.7300033569336,106.98999786376953,79.43817901611328,768200
2013-05-16,107.23999786376953,107.62000274658203,107.22000122070312,107.5,79.8168716430664,697900
2013-05-17,107.33000183105469,107.37000274658203,106.9000015258789,106.91999816894531,79.38619995117188,365800
2013-05-20,107.08999633789062,107.12000274658203,106.7300033569336,106.83999633789062,79.32681274414062,1440000
2013-05-21,106.80000305175781,107.13999938964844,106.58000183105469,107.12000274658203,79.53471374511719,530600
2013-05-22,107.19999694824219,107.43000030517578,106.22000122070312,106.2699966430664,78.9035873413086,1797400
2013-05-23,106.61000061035156,106.63999938964844,106.12999725341797,106.37999725341797,78.98527526855469,950100
2013-05-24,106.5,106.68000030517578,106.36000061035156,106.41999816894531,79.01497650146484,349800
2013-05-28,106.08000183105469,106.1500015258789,105.1500015258789,105.16999816894531,78.08687591552734,1157000
2013-05-29,105.25,105.5999984741211,105.19000244140625,105.5999984741211,78.40616607666016,1588400
2013-05-30,105.56999969482422,105.75,105.41000366210938,105.61000061035156,78.41357421875,578000
2013-05-31,105.70999908447266,105.75,104.83000183105469,105.31999969482422,78.1982650756836,1639400
2013-06-03,104.9800033569336,105.83999633789062,104.22000122070312,105.33000183105469,78.3113021850586,3269200
2013-06-04,105.08999633789062,105.31999969482422,105.01000213623047,105.05999755859375,78.11054229736328,1235100
2013-06-05,105.29000091552734,105.61000061035156,105.25,105.56999969482422,78.48971557617188,1298900
2013-06-06,105.4800033569336,106.33000183105469,105.30000305175781,105.69999694824219,78.58634948730469,2471900
2013-06-07,105.3499984741211,105.55000305175781,104.87999725341797,104.87999725341797,77.97671508789062,652300
2013-06-10,104.68000030517578,104.80999755859375,104.47000122070312,104.62000274658203,77.78338623046875,694600
2013-06-11,104.25,104.87999725341797,104.19000244140625,104.87999725341797,77.97671508789062,756100
2013-06-12,104.48999786376953,104.94999694824219,104.41000366210938,104.41000366210938,77.62722778320312,528700
2013-06-13,104.66999816894531,105.31999969482422,104.66000366210938,105.19999694824219,78.21463012695312,1180100
2013-06-14,105.41000366210938,105.63999938964844,105.2699966430664,105.33999633789062,78.31873321533203,599700
2013-06-17,105.45999908447266,105.4800033569336,105.0199966430664,105.08999633789062,78.1328353881836,478400
2013-06-18,104.8499984741211,105.12000274658203,104.79000091552734,105.02999877929688,78.0882339477539,429000
2013-06-19,105.08999633789062,107.58999633789062,103.4800033569336,103.58999633789062,77.01759338378906,1281500
2013-06-20,103.22000122070312,103.43000030517578,102.80999755859375,103.12000274658203,76.66816711425781,1982500
2013-06-21,102.91000366210938,103.0,102.0199966430664,102.02999877929688,75.85774993896484,1777200
2013-06-24,101.26000213623047,102.19999694824219,101.25,101.77999877929688,75.67186737060547,2731500
2013-06-25,102.05999755859375,102.12000274658203,101.55999755859375,101.66000366210938,75.58265686035156,772000
2013-06-26,102.23999786376953,102.30999755859375,101.76000213623047,102.06999969482422,75.88749694824219,1015300
2013-06-27,102.48999786376953,102.66000366210938,102.22000122070312,102.62000274658203,76.29642486572266,949000
2013-06-28,102.12999725341797,102.55999755859375,101.97000122070312,102.5,76.20724487304688,1017700
2013-07-01,102.20999908447266,102.4800033569336,102.02999877929688,102.4000015258789,76.2362289428711,1127100
2013-07-02,102.41999816894531,102.56999969482422,102.27999877929688,102.44000244140625,76.26605224609375,385400
2013-07-03,102.44999694824219,102.6500015258789,102.2300033569336,102.23999786376953,76.11712646484375,1233200
2013-07-05,100.88999938964844,100.93000030517578,100.44999694824219,100.5199966430664,74.83659362792969,924100
2013-07-08,100.86000061035156,101.19000244140625,100.83999633789062,101.11000061035156,75.27583312988281,1137200
2013-07-09,101.27999877929688,101.38999938964844,101.19999694824219,101.27999877929688,75.40242004394531,558400
2013-07-10,101.23999786376953,101.37999725341797,100.9000015258789,100.91999816894531,75.13439178466797,1005500
2013-07-11,101.66000366210938,101.93000030517578,101.56999969482422,101.93000030517578,75.88633728027344,818700
2013-07-12,102.20999908447266,102.30999755859375,101.68000030517578,101.8499984741211,75.8268051147461,1919500
2013-07-15,101.97000122070312,102.16999816894531,101.94000244140625,102.16999816894531,76.06501007080078,563700
2013-07-16,102.16000366210938,102.31999969482422,102.0999984741211,102.22000122070312,76.10221862792969,713300
2013-07-17,102.80999755859375,102.8499984741211,102.5199966430664,102.66999816894531,76.43724822998047,696300
2013-07-18,102.63999938964844,102.63999938964844,102.19000244140625,102.19000244140625,76.07992553710938,717800
2013-07-19,102.44999694824219,102.76000213623047,102.44000244140625,102.75,76.49681091308594,459500
2013-07-22,102.73999786376953,102.86000061035156,102.66999816894531,102.73999786376953,76.4893569946289,450300
2013-07-23,102.51000213623047,102.6500015258789,102.38999938964844,102.62000274658203,76.40003204345703,13316500
2013-07-24,102.0,102.11000061035156,101.6500015258789,101.93000030517578,75.88633728027344,837400
2013-07-25,101.62000274658203,102.08999633789062,101.5999984741211,102.08000183105469,75.9980239868164,712300
2013-07-26,102.18000030517578,102.23999786376953,102.05999755859375,102.16999816894531,76.06501007080078,544900
2013-07-29,102.04000091552734,102.08999633789062,101.8499984741211,101.95999908447266,75.90866088867188,420300
2013-07-30,102.05999755859375,102.0999984741211,101.80999755859375,101.93000030517578,75.88633728027344,306800
2013-07-31,101.22000122070312,102.08000183105469,101.13999938964844,102.0,75.93848419189453,930500
2013-08-01,101.48999786376953,101.52999877929688,100.86000061035156,100.95999908447266,75.2681655883789,1177300
2013-08-02,101.4800033569336,101.81999969482422,101.41999816894531,101.81999969482422,75.90936279296875,4360000
2013-08-05,101.61000061035156,101.6500015258789,101.41000366210938,101.5,75.6707992553711,390400
2013-08-06,101.44000244140625,101.58999633789062,101.38999938964844,101.52999877929688,75.69320678710938,257000
2013-08-07,101.6500015258789,101.95999908447266,101.62999725341797,101.9000015258789,75.96900177001953,493200
2013-08-08,102.04000091552734,102.1500015258789,101.93000030517578,102.05000305175781,76.08087921142578,804900
2013-08-09,101.9000015258789,102.12999725341797,101.87999725341797,102.12000274658203,76.13304901123047,557600
2013-08-12,102.2699966430664,102.2699966430664,101.87999725341797,101.91999816894531,75.9839096069336,400400
2013-08-13,101.30000305175781,101.30000305175781,100.91999816894531,101.0,75.29804992675781,566500
2013-08-14,101.0,101.1500015258789,100.97000122070312,101.08999633789062,75.36518859863281,1672300
2013-08-15,100.52999877929688,100.86000061035156,100.30000305175781,100.52999877929688,74.94768524169922,15452300
2013-08-16,100.55999755859375,100.55999755859375,99.8499984741211,100.13999938964844,74.65689086914062,1066900
2013-08-19,99.86000061035156,99.91999816894531,99.61000061035156,99.70999908447266,74.33627319335938,892200
2013-08-20,100.06999969482422,100.2699966430664,100.05000305175781,100.25,74.73889923095703,1221100
2013-08-21,100.0,100.25,99.58000183105469,99.62000274658203,74.26925659179688,945100
2013-08-22,99.54000091552734,99.75,99.33000183105469,99.58000183105469,74.2394027709961,755100
2013-08-23,99.5,100.20999908447266,99.41000366210938,100.13999938964844,74.65689086914062,991100
2013-08-26,100.36000061035156,100.38999938964844,100.1500015258789,100.33999633789062,74.80599975585938,512600
2013-08-27,100.68000030517578,100.97000122070312,100.52999877929688,100.91000366210938,75.23097229003906,532500
2013-08-28,100.62000274658203,100.6500015258789,100.30000305175781,100.5,74.92528533935547,761700
2013-08-29,100.20999908447266,100.7300033569336,100.16000366210938,100.5999984741211,74.99980926513672,470900
2013-08-30,100.66999816894531,100.72000122070312,100.41000366210938,100.41000366210938,74.8581771850586,1038200
2013-09-03,99.83000183105469,99.91999816894531,99.2699966430664,99.69000244140625,74.43331146240234,796000
2013-09-04,99.75,99.79000091552734,99.29000091552734,99.36000061035156,74.18692016601562,824400
2013-09-05,99.02999877929688,99.11000061035156,98.5999984741211,98.5999984741211,73.61953735351562,1722700
2013-09-06,99.30999755859375,99.58999633789062,99.04000091552734,99.19999694824219,74.06746673583984,1033900
2013-09-09,99.58999633789062,99.62999725341797,99.3499984741211,99.4000015258789,74.21681213378906,764300
2013-09-10,99.05000305175781,99.2699966430664,98.94000244140625,98.94000244140625,73.87335205078125,1895300
2013-09-11,99.26000213623047,99.45999908447266,99.0,99.44000244140625,74.24667358398438,885300
2013-09-12,99.72000122070312,99.81999969482422,99.41000366210938,99.44999694824219,74.25416564941406,796800
2013-09-13,99.47000122070312,99.69000244140625,99.44999694824219,99.58000183105469,74.35121154785156,1166500
2013-09-16,100.4800033569336,100.5,99.76000213623047,99.80000305175781,74.51545715332031,1855200
2013-09-17,100.05000305175781,100.05999755859375,99.80000305175781,100.0,74.6648178100586,943300
2013-09-18,99.9000015258789,101.48999786376953,99.58999633789062,101.23999786376953,75.59062957763672,1341800
2013-09-19,101.2300033569336,101.2300033569336,100.0,100.88999938964844,75.32930755615234,1592800
2013-09-20,100.95999908447266,101.1500015258789,100.83000183105469,100.98999786376953,75.40394592285156,300600
2013-09-23,101.08999633789062,101.37999725341797,101.08999633789062,101.37000274658203,75.68769836425781,2003200
2013-09-24,101.45999908447266,101.80000305175781,101.41000366210938,101.73999786376953,75.9639663696289,1149800
2013-09-25,101.69999694824219,102.04000091552734,101.66999816894531,102.0199966430664,76.17295837402344,569900
2013-09-26,101.7699966430664,101.87000274658203,101.66999816894531,101.80000305175781,76.00875854492188,568100
2013-09-27,101.83999633789062,102.1500015258789,101.83999633789062,101.94000244140625,76.11328887939453,2349400
2013-09-30,102.05999755859375,102.11000061035156,101.83999633789062,102.11000061035156,76.24021911621094,3785200
2013-10-01,101.8499984741211,101.88999938964844,101.66000366210938,101.7300033569336,76.07047271728516,1937000
2013-10-02,101.87000274658203,102.1500015258789,101.86000061035156,101.9000015258789,76.19758605957031,799900
2013-10-03,101.83000183105469,102.27999877929688,101.77999877929688,102.04000091552734,76.30230712890625,651800
2013-10-04,101.91999816894531,101.95999908447266,101.63999938964844,101.76000213623047,76.09291076660156,1160900
2013-10-07,102.05999755859375,102.08000183105469,101.80999755859375,101.8499984741211,76.1602554321289,454400
2013-10-08,101.80000305175781,102.0,101.69999694824219,101.80000305175781,76.12278747558594,818100
2013-10-09,101.79000091552734,101.83000183105469,101.54000091552734,101.62000274658203,75.98824310302734,506500
2013-10-10,101.2699966430664,101.4800033569336,101.19000244140625,101.4000015258789,75.82369232177734,649100
2013-10-11,101.69000244140625,101.83000183105469,101.5,101.55000305175781,75.93588256835938,850100
2013-10-14,101.55000305175781,101.69000244140625,101.12999725341797,101.20999908447266,75.6816177368164,183200
2013-10-15,101.41000366210938,101.45999908447266,101.16999816894531,101.2300033569336,75.6965560913086,368100
2013-10-16,101.12999725341797,101.7300033569336,101.0,101.72000122070312,76.06300354003906,2339600
2013-10-17,102.0999984741211,102.41000366210938,102.04000091552734,102.30000305175781,76.49669647216797,2950500
2013-10-18,102.43000030517578,102.45999908447266,102.27999877929688,102.30999755859375,76.50419616699219,582600
2013-10-21,102.27999877929688,102.29000091552734,102.11000061035156,102.23999786376953,76.45183563232422,321700
2013-10-22,102.75,102.97000122070312,102.72000122070312,102.94999694824219,76.98273468017578,484700
2013-10-23,103.0199966430664,103.30999755859375,103.0199966430664,103.12999725341797,77.11734771728516,280800
2013-10-24,103.20999908447266,103.2300033569336,102.91000366210938,102.91999816894531,76.96036529541016,591200
2013-10-25,103.01000213623047,103.13999938964844,102.9800033569336,103.0999984741211,77.09490203857422,552800
2013-10-28,103.0,103.12000274658203,102.95999908447266,103.0,77.02012634277344,600800
2013-10-29,102.91000366210938,103.13999938964844,102.87999725341797,103.13999938964844,77.12480163574219,274700
2013-10-30,103.19999694824219,103.4000015258789,102.76000213623047,102.87000274658203,76.92291259765625,1753100
2013-10-31,103.11000061035156,103.12999725341797,102.55999755859375,102.75,76.83319091796875,893000
2013-11-01,102.37999725341797,102.41999816894531,101.98999786376953,102.0199966430664,76.40702819824219,680100
2013-11-04,102.20999908447266,102.31999969482422,102.16999816894531,102.22000122070312,76.55683898925781,437000
2013-11-05,101.93000030517578,101.98999786376953,101.66999816894531,101.76000213623047,76.21234130859375,656900
2013-11-06,101.91999816894531,102.11000061035156,101.91999816894531,102.06999969482422,76.44452667236328,692700
2013-11-07,102.16000366210938,102.41999816894531,102.12999725341797,102.33999633789062,76.64671325683594,415000
2013-11-08,101.33000183105469,101.4000015258789,101.16000366210938,101.19000244140625,75.78541564941406,2497700
2013-11-11,101.25,101.26000213623047,101.13999938964844,101.13999938964844,75.74797058105469,144000
2013-11-12,101.08999633789062,101.25,100.9800033569336,101.05000305175781,75.68057250976562,1052100
2013-11-13,101.36000061035156,101.5199966430664,101.31999969482422,101.47000122070312,75.9951171875,1122700
2013-11-14,101.55000305175781,101.98999786376953,101.55000305175781,101.95999908447266,76.36211395263672,694100
2013-11-15,101.97000122070312,101.98999786376953,101.79000091552734,101.87999725341797,76.30221557617188,359200
2013-11-18,101.94000244140625,102.2699966430664,101.94000244140625,102.23999786376953,76.57181549072266,2853000
2013-11-19,102.04000091552734,102.0999984741211,101.83000183105469,101.86000061035156,76.28724670410156,559100
2013-11-20,101.87999725341797,102.11000061035156,101.26000213623047,101.30000305175781,75.86782836914062,1562700
2013-11-21,101.08999633789062,101.44000244140625,100.95999908447266,101.38999938964844,75.9352035522461,804800
2013-11-22,101.48999786376953,101.70999908447266,101.44999694824219,101.68000030517578,76.15245056152344,807900
2013-11-25,101.62999725341797,101.83999633789062,101.61000061035156,101.76000213623047,76.21234130859375,487400
2013-11-26,101.8499984741211,102.08000183105469,101.80999755859375,101.9800033569336,76.37714385986328,425400
2013-11-27,101.94000244140625,101.94999694824219,101.5,101.75,76.20482635498047,476900
2013-11-29,101.55999755859375,101.7699966430664,101.55000305175781,101.69000244140625,76.15990447998047,652100
2013-12-02,101.30000305175781,101.33000183105469,101.01000213623047,101.08999633789062,75.83282470703125,2912200
2013-12-03,101.3499984741211,101.44000244140625,101.2300033569336,101.2699966430664,75.96788024902344,477200
2013-12-04,100.7699966430664,100.93000030517578,100.70999908447266,100.80999755859375,75.62278747558594,943600
2013-12-05,100.6500015258789,100.77999877929688,100.51000213623047,100.55999755859375,75.43522644042969,374100
2013-12-06,100.5,100.80999755859375,100.45999908447266,100.6500015258789,75.5027847290039,415600
2013-12-09,100.70999908447266,100.8499984741211,100.6500015258789,100.7699966430664,75.59280395507812,540900
2013-12-10,101.0999984741211,101.2300033569336,100.97000122070312,101.19000244140625,75.9078369140625,334700
2013-12-11,101.02999877929688,101.11000061035156,100.80000305175781,100.80000305175781,75.61530303955078,371700
2013-12-12,100.61000061035156,100.69000244140625,100.4800033569336,100.51000213623047,75.39777374267578,1156200
2013-12-13,100.66000366210938,100.72000122070312,100.55000305175781,100.66000366210938,75.51029205322266,434000
2013-12-16,100.86000061035156,100.87000274658203,100.5199966430664,100.61000061035156,75.47278594970703,572400
2013-12-17,100.5999984741211,100.93000030517578,100.5999984741211,100.93000030517578,75.71279907226562,694800
2013-12-18,100.6500015258789,101.04000091552734,100.1500015258789,100.55000305175781,75.42778778076172,1997700
2013-12-19,100.11000061035156,100.22000122070312,100.0,100.12999725341797,75.11267852783203,978700
2013-12-20,100.26000213623047,100.45999908447266,100.18000030517578,100.44000244140625,75.34522247314453,510500
2013-12-23,100.27999877929688,100.37999725341797,100.0999984741211,100.12000274658203,75.10525512695312,5238400
2013-12-24,99.83999633789062,99.91000366210938,99.69999694824219,99.7300033569336,74.81265258789062,770600
2013-12-26,99.48999786376953,99.55999755859375,99.43000030517578,99.4800033569336,74.74801635742188,787500
2013-12-27,99.47000122070312,99.5999984741211,99.37999725341797,99.41999816894531,74.70294189453125,640400
2013-12-30,99.55000305175781,99.69999694824219,99.54000091552734,99.69000244140625,74.90579986572266,1328000
2013-12-31,99.51000213623047,99.62999725341797,99.18000030517578,99.23999786376953,74.56766510009766,1553600
2014-01-02,99.38999938964844,99.68000030517578,99.37999725341797,99.62999725341797,74.86076354980469,1161800
2014-01-03,99.51000213623047,99.73999786376953,99.4800033569336,99.56999969482422,74.81559753417969,637500
2014-01-06,99.66000366210938,99.97000122070312,99.66000366210938,99.8499984741211,75.02603149414062,666200
2014-01-07,99.91999816894531,100.05000305175781,99.8499984741211,100.01000213623047,75.14619445800781,1055700
2014-01-08,99.68000030517578,99.73999786376953,99.45999908447266,99.5199966430664,74.77806091308594,1216700
2014-01-09,99.66999816894531,99.83000183105469,99.5,99.77999877929688,74.97344970703125,806100
2014-01-10,100.30000305175781,100.66999816894531,100.29000091552734,100.62000274658203,75.60460662841797,713300
2014-01-13,100.72000122070312,100.97000122070312,100.69999694824219,100.91000366210938,75.82247924804688,581600
2014-01-14,100.69999694824219,100.77999877929688,100.51000213623047,100.52999877929688,75.53694152832031,366700
2014-01-15,100.26000213623047,100.48999786376953,100.2300033569336,100.44000244140625,75.46935272216797,997300
2014-01-16,100.68000030517578,100.7699966430664,100.61000061035156,100.72000122070312,75.67975616455078,333300
2014-01-17,100.69999694824219,100.95999908447266,100.61000061035156,100.95999908447266,75.86006164550781,754400
2014-01-21,100.80000305175781,100.91999816894531,100.77999877929688,100.8499984741211,75.77737426757812,1927100
2014-01-22,100.62000274658203,100.7300033569336,100.55000305175781,100.56999969482422,75.5670166015625,1150900
2014-01-23,100.9000015258789,101.37999725341797,100.9000015258789,101.25,76.0780029296875,1080200
2014-01-24,101.5999984741211,101.75,101.44999694824219,101.66000366210938,76.38603973388672,564300
2014-01-27,101.48999786376953,101.69000244140625,101.33000183105469,101.3499984741211,76.15310668945312,758600
2014-01-28,101.48999786376953,101.51000213623047,101.30999755859375,101.5,76.26580810546875,452700
2014-01-29,101.80999755859375,102.12999725341797,101.62000274658203,101.9800033569336,76.62647247314453,1420200
2014-01-30,101.73999786376953,101.91000366210938,101.63999938964844,101.87999725341797,76.55133056640625,685400
2014-01-31,102.20999908447266,102.27999877929688,102.05000305175781,102.27999877929688,76.85189056396484,670500
2014-02-03,101.95999908447266,102.66999816894531,101.86000061035156,102.66000366210938,77.26961517333984,4629800
2014-02-04,102.31999969482422,102.38999938964844,102.23999786376953,102.3499984741211,77.03627014160156,2617300
2014-02-05,102.20999908447266,102.25,101.9800033569336,101.9800033569336,76.7578353881836,817600
2014-02-06,101.86000061035156,101.87999725341797,101.70999908447266,101.79000091552734,76.61479949951172,885900
2014-02-07,101.87999725341797,102.20999908447266,101.86000061035156,102.05999755859375,76.81800079345703,1065800
2014-02-10,101.94999694824219,102.13999938964844,101.94999694824219,102.11000061035156,76.85563659667969,589300
2014-02-11,101.75,101.81999969482422,101.61000061035156,101.66000366210938,76.51695251464844,625800
2014-02-12,101.5199966430664,101.5199966430664,101.27999877929688,101.41999816894531,76.33631896972656,743500
2014-02-13,101.79000091552734,101.91999816894531,101.7300033569336,101.9000015258789,76.69756317138672,941400
2014-02-14,101.8499984741211,101.9000015258789,101.72000122070312,101.83000183105469,76.64491271972656,463400
2014-02-18,101.9800033569336,102.16999816894531,101.93000030517578,102.08000183105469,76.83307647705078,1003600
2014-02-19,102.29000091552734,102.30999755859375,101.83000183105469,101.87999725341797,76.6825180053711,907200
2014-02-20,101.76000213623047,101.94000244140625,101.56999969482422,101.7699966430664,76.59976959228516,842900
2014-02-21,101.66000366210938,101.91000366210938,101.63999938964844,101.9000015258789,76.69756317138672,405000
2014-02-24,101.9000015258789,101.91000366210938,101.6500015258789,101.80000305175781,76.62232971191406,1531100
2014-02-25,101.98999786376953,102.16999816894531,101.94999694824219,102.1500015258789,76.88575744628906,402600
2014-02-26,102.1500015258789,102.44999694824219,102.11000061035156,102.44999694824219,77.11154174804688,486000
2014-02-27,102.51000213623047,102.63999938964844,102.4800033569336,102.56999969482422,77.20191192626953,559400
2014-02-28,102.37999725341797,102.55999755859375,102.16000366210938,102.47000122070312,77.12664794921875,609900
2014-03-03,102.5999984741211,102.83000183105469,102.43000030517578,102.80999755859375,77.50812530517578,2540500
2014-03-04,102.44000244140625,102.44000244140625,102.0,102.0199966430664,76.91252899169922,1080200
2014-03-05,101.87999725341797,102.13999938964844,101.80999755859375,102.12999725341797,76.99545288085938,614700
2014-03-06,101.69000244140625,101.80999755859375,101.61000061035156,101.69000244140625,76.66370391845703,534700
2014-03-07,101.16999816894531,101.37000274658203,101.1500015258789,101.25,76.33201599121094,645100
2014-03-10,101.27999877929688,101.43000030517578,101.25,101.36000061035156,76.41490936279297,1013900
2014-03-11,101.31999969482422,101.54000091552734,101.2300033569336,101.45999908447266,76.49034118652344,1571000
2014-03-12,101.7699966430664,101.91999816894531,101.69000244140625,101.86000061035156,76.7918930053711,819000
2014-03-13,101.58999633789062,102.47000122070312,101.58000183105469,102.45999908447266,77.2442626953125,1638900
2014-03-14,102.5999984741211,102.61000061035156,102.29000091552734,102.47000122070312,77.25180053710938,1314400
2014-03-17,102.26000213623047,102.33000183105469,102.04000091552734,102.05999755859375,76.942626953125,1085400
2014-03-18,102.08000183105469,102.30999755859375,102.05999755859375,102.30999755859375,77.13114166259766,861200
2014-03-19,102.16000366210938,102.22000122070312,101.20999908447266,101.36000061035156,76.41490936279297,1355500
2014-03-20,101.31999969482422,101.45999908447266,101.2300033569336,101.37999725341797,76.43000030517578,1748100
2014-03-21,101.37000274658203,101.5999984741211,101.36000061035156,101.56999969482422,76.57327270507812,466500
2014-03-24,101.31999969482422,101.70999908447266,101.30999755859375,101.61000061035156,76.60343170166016,1222600
2014-03-25,101.52999877929688,101.70999908447266,101.44999694824219,101.55000305175781,76.55819702148438,739400
2014-03-26,101.58999633789062,101.9800033569336,101.58000183105469,101.9800033569336,76.88236999511719,830000
2014-03-27,101.83999633789062,102.19000244140625,101.83999633789062,102.08000183105469,76.95777893066406,303600
2014-03-28,101.9800033569336,102.02999877929688,101.63999938964844,101.72000122070312,76.68636322021484,661600
2014-03-31,101.44999694824219,101.76000213623047,101.37999725341797,101.7300033569336,76.69383239746094,1982900
2014-04-01,101.4000015258789,101.41999816894531,101.26000213623047,101.33000183105469,76.53533172607422,2562600
2014-04-02,101.05000305175781,101.08000183105469,100.86000061035156,100.88999938964844,76.20295715332031,806800
2014-04-03,100.97000122070312,101.12000274658203,100.91000366210938,100.95999908447266,76.25580596923828,298000
2014-04-04,101.25,101.62999725341797,101.25,101.58000183105469,76.7240982055664,731900
2014-04-07,101.73999786376953,101.91999816894531,101.72000122070312,101.81999969482422,76.90534973144531,1751700
2014-04-08,101.80000305175781,102.0,101.66000366210938,101.95999908447266,77.01111602783203,666100
2014-04-09,101.72000122070312,102.06999969482422,101.62999725341797,101.93000030517578,76.98846435546875,1350500
2014-04-10,102.0,102.58999633789062,102.0,102.36000061035156,77.31321716308594,1056600
2014-04-11,102.62000274658203,102.6500015258789,102.44000244140625,102.56999969482422,77.47187805175781,918500
2014-04-14,102.44000244140625,102.52999877929688,102.30000305175781,102.41000366210938,77.35102844238281,1468600
2014-04-15,102.33000183105469,102.73999786376953,102.26000213623047,102.52999877929688,77.44164276123047,614300
2014-04-16,102.27999877929688,102.43000030517578,102.25,102.37000274658203,77.32080078125,1405500
2014-04-17,102.30999755859375,102.30999755859375,101.6500015258789,101.79000091552734,76.8827133178711,584600
2014-04-21,101.87999725341797,101.95999908447266,101.70999908447266,101.7699966430664,76.86762237548828,1021100
2014-04-22,101.61000061035156,101.75,101.5199966430664,101.7300033569336,76.83738708496094,482800
2014-04-23,101.87999725341797,102.06999969482422,101.83999633789062,101.98999786376953,77.03382110595703,306400
2014-04-24,101.76000213623047,102.04000091552734,101.75,101.95999908447266,77.01111602783203,345700
2014-04-25,102.12999725341797,102.33999633789062,102.08000183105469,102.0999984741211,77.11688995361328,388900
2014-04-28,102.06999969482422,102.16999816894531,101.80999755859375,101.94999694824219,77.00352478027344,574900
2014-04-29,101.79000091552734,102.04000091552734,101.76000213623047,102.04000091552734,77.07157135009766,760100
2014-04-30,102.18000030517578,102.36000061035156,102.0,102.30999755859375,77.27547454833984,544700
2014-05-01,102.18000030517578,102.61000061035156,102.11000061035156,102.41000366210938,77.49795532226562,21829500
2014-05-02,102.11000061035156,102.73999786376953,102.0,102.55999755859375,77.61148834228516,1343700
2014-05-05,102.70999908447266,102.70999908447266,102.41999816894531,102.5,77.56607818603516,929400
2014-05-06,102.5199966430664,102.6500015258789,102.44999694824219,102.62000274658203,77.65691375732422,566300
2014-05-07,102.55999755859375,102.7699966430664,102.41999816894531,102.69999694824219,77.71742248535156,1107600
2014-05-08,102.80000305175781,102.9800033569336,102.6500015258789,102.80999755859375,77.80067443847656,1444300
2014-05-09,102.63999938964844,102.80000305175781,102.63999938964844,102.7300033569336,77.74015808105469,354500
2014-05-12,102.54000091552734,102.61000061035156,102.41000366210938,102.45999908447266,77.53582000732422,759600
2014-05-13,102.72000122070312,102.86000061035156,102.68000030517578,102.86000061035156,77.8385238647461,603700
2014-05-14,103.11000061035156,103.4800033569336,103.06999969482422,103.33000183105469,78.19416046142578,635400
2014-05-15,103.5,103.88999938964844,103.33000183105469,103.69999694824219,78.47415924072266,1347300
2014-05-16,103.52999877929688,103.66999816894531,103.45999908447266,103.4800033569336,78.30770111083984,452600
2014-05-19,103.61000061035156,103.73999786376953,103.3499984741211,103.3499984741211,78.20928955078125,325400
2014-05-20,103.38999938964844,103.76000213623047,103.38999938964844,103.6500015258789,78.43636322021484,34764400
2014-05-21,103.41000366210938,103.51000213623047,103.27999877929688,103.48999786376953,78.31523895263672,881700
2014-05-22,103.43000030517578,103.4800033569336,103.27999877929688,103.37999725341797,78.23204040527344,678800
2014-05-23,103.52999877929688,103.62000274658203,103.47000122070312,103.58999633789062,78.3908920288086,486800
2014-05-27,103.5,103.63999938964844,103.33999633789062,103.62000274658203,78.41364288330078,997000
2014-05-28,103.95999908447266,104.26000213623047,103.94000244140625,104.19000244140625,78.84497833251953,968200
2014-05-29,104.30999755859375,104.52999877929688,104.05999755859375,104.05999755859375,78.74658966064453,753100
2014-05-30,103.91000366210938,104.0999984741211,103.7699966430664,103.9800033569336,78.68602752685547,902400
2014-06-02,103.52999877929688,103.68000030517578,103.2300033569336,103.33000183105469,78.32596588134766,2032800
2014-06-03,103.18000030517578,103.18000030517578,102.80000305175781,102.80999755859375,77.93179321289062,1563600
2014-06-04,102.91000366210938,102.91999816894531,102.66999816894531,102.7300033569336,77.87120819091797,1566600
2014-06-05,102.68000030517578,103.0,102.68000030517578,102.87999725341797,77.98484802246094,1585800
2014-06-06,103.0999984741211,103.19999694824219,102.7699966430664,102.80000305175781,77.92424774169922,940600
2014-06-09,102.69000244140625,102.70999908447266,102.55000305175781,102.6500015258789,77.8105239868164,816500
2014-06-10,102.52999877929688,102.55999755859375,102.4000015258789,102.47000122070312,77.67412567138672,1207100
2014-06-11,102.56999969482422,102.69999694824219,102.47000122070312,102.61000061035156,77.78022003173828,814800
2014-06-12,102.6500015258789,103.05999755859375,102.55999755859375,103.01000213623047,78.08345031738281,1319500
2014-06-13,102.54000091552734,102.94000244140625,102.52999877929688,102.80999755859375,77.93179321289062,752900
2014-06-16,102.81999969482422,102.94999694824219,102.73999786376953,102.80999755859375,77.93179321289062,1401000
2014-06-17,102.62000274658203,102.66000366210938,102.36000061035156,102.37999725341797,77.6058349609375,33268500
2014-06-18,102.62999725341797,102.91999816894531,102.41999816894531,102.91999816894531,78.01521301269531,1472200
2014-06-19,103.08000183105469,103.16000366210938,102.55999755859375,102.66000366210938,77.81810760498047,1055000
2014-06-20,102.56999969482422,102.79000091552734,102.52999877929688,102.77999877929688,77.90907287597656,577000
2014-06-23,102.91999816894531,102.95999908447266,102.70999908447266,102.70999908447266,77.85596466064453,764200
2014-06-24,102.9800033569336,103.12999725341797,102.79000091552734,103.12999725341797,78.17435455322266,443800
2014-06-25,103.4000015258789,103.47000122070312,103.19999694824219,103.2300033569336,78.25013732910156,977500
2014-06-26,103.41999816894531,103.62000274658203,103.4000015258789,103.5,78.45486450195312,822300
2014-06-27,103.62000274658203,103.7300033569336,103.5,103.5,78.45486450195312,933200
2014-06-30,103.61000061035156,103.68000030517578,103.43000030517578,103.58000183105469,78.51549530029297,1268900
2014-07-01,103.13999938964844,103.26000213623047,103.02999877929688,103.05000305175781,78.25879669189453,17393000
2014-07-02,102.83999633789062,102.8499984741211,102.5999984741211,102.62999725341797,77.9398422241211,1779100
2014-07-03,102.22000122070312,102.45999908447266,102.19999694824219,102.41999816894531,77.78034210205078,1079900
2014-07-07,102.54000091552734,102.73999786376953,102.54000091552734,102.66999816894531,77.97026062011719,1031000
2014-07-08,102.98999786376953,103.19000244140625,102.94999694824219,103.13999938964844,78.3271484375,491500
2014-07-09,103.05000305175781,103.27999877929688,102.80000305175781,103.16000366210938,78.34233856201172,1113900
2014-07-10,103.5199966430664,103.63999938964844,103.33999633789062,103.37999725341797,78.5094223022461,728600
2014-07-11,103.5,103.6500015258789,103.45999908447266,103.55000305175781,78.6385269165039,688600
2014-07-14,103.47000122070312,103.47000122070312,103.29000091552734,103.31999969482422,78.46385192871094,974800
2014-07-15,103.29000091552734,103.55999755859375,103.12999725341797,103.2300033569336,78.39546203613281,933500
2014-07-16,103.26000213623047,103.41999816894531,103.19999694824219,103.37999725341797,78.5094223022461,15784300
2014-07-17,103.69999694824219,104.05000305175781,103.54000091552734,103.9800033569336,78.965087890625,1367400
2014-07-18,103.87999725341797,103.93000030517578,103.62999725341797,103.7699966430664,78.80561828613281,386900
2014-07-21,103.83999633789062,104.04000091552734,103.80000305175781,103.80000305175781,78.82835388183594,339600
2014-07-22,103.83999633789062,103.93000030517578,103.68000030517578,103.93000030517578,78.92710876464844,484200
2014-07-23,104.02999877929688,104.05000305175781,103.88999938964844,103.91999816894531,78.91948699951172,523600
2014-07-24,103.61000061035156,103.6500015258789,103.48999786376953,103.5,78.6005630493164,600900
2014-07-25,103.7699966430664,103.93000030517578,103.69999694824219,103.9000015258789,78.9043197631836,781400
2014-07-28,103.77999877929688,103.9000015258789,103.63999938964844,103.77999877929688,78.81318664550781,1448000
2014-07-29,103.9000015258789,103.94999694824219,103.72000122070312,103.91999816894531,78.91948699951172,465700
2014-07-30,103.48999786376953,103.5,103.0999984741211,103.19000244140625,78.3651351928711,1067500
2014-07-31,102.93000030517578,103.30000305175781,102.87999725341797,103.16000366210938,78.34233856201172,1506500
2014-08-01,103.2699966430664,103.66999816894531,103.05000305175781,103.56999969482422,78.80341339111328,3466800
2014-08-04,103.66999816894531,103.7699966430664,103.58999633789062,103.62999725341797,78.84911346435547,1672600
2014-08-05,103.5,103.7699966430664,103.36000061035156,103.68000030517578,78.88714599609375,1013000
2014-08-06,103.98999786376953,103.98999786376953,103.73999786376953,103.7699966430664,78.95561981201172,1139100
2014-08-07,103.81999969482422,104.23999786376953,103.69000244140625,104.23999786376953,79.31315612792969,1386100
2014-08-08,104.41000366210938,104.56999969482422,104.11000061035156,104.1500015258789,79.24473571777344,913900
2014-08-11,104.18000030517578,104.2300033569336,104.01000213623047,104.0999984741211,79.2066879272461,419800
2014-08-12,104.13999938964844,104.19999694824219,103.94999694824219,103.94999694824219,79.09254455566406,416300
2014-08-13,104.11000061035156,104.33999633789062,104.05999755859375,104.29000091552734,79.35125732421875,732400
2014-08-14,104.48999786376953,104.55000305175781,104.30999755859375,104.5,79.5110092163086,638800
2014-08-15,104.48999786376953,105.2300033569336,104.44999694824219,104.91999816894531,79.83063507080078,1570700
2014-08-18,104.69000244140625,104.73999786376953,104.54000091552734,104.58999633789062,79.57953643798828,13822300
2014-08-19,104.80999755859375,104.80999755859375,104.43000030517578,104.4800033569336,79.49581146240234,769900
2014-08-20,104.41000366210938,104.45999908447266,104.12000274658203,104.16999816894531,79.25997161865234,1052200
2014-08-21,104.19000244140625,104.44000244140625,104.19000244140625,104.38999938964844,79.42732238769531,630300
2014-08-22,104.36000061035156,104.45999908447266,104.06999969482422,104.4000015258789,79.43495178222656,1393400
2014-08-25,104.4000015258789,104.5,104.30000305175781,104.4800033569336,79.49581146240234,837500
2014-08-26,104.61000061035156,104.62999725341797,104.43000030517578,104.45999908447266,79.48059844970703,590200
2014-08-27,104.63999938964844,104.76000213623047,104.54000091552734,104.75,79.70124053955078,881300
2014-08-28,105.0199966430664,105.04000091552734,104.80999755859375,104.88999938964844,79.80776977539062,938400
2014-08-29,104.87000274658203,105.04000091552734,104.80999755859375,104.9000015258789,79.81538391113281,1407100
2014-09-02,104.30000305175781,104.30999755859375,104.05000305175781,104.05000305175781,79.30545043945312,2058600
2014-09-03,103.93000030517578,104.23999786376953,103.87000274658203,104.19999694824219,79.4197998046875,1456900
2014-09-04,104.08000183105469,104.16000366210938,103.7699966430664,103.83000183105469,79.13778686523438,1994400
2014-09-05,104.18000030517578,104.23999786376953,103.80999755859375,103.86000061035156,79.16065979003906,1098400
2014-09-08,104.12999725341797,104.18000030517578,103.66999816894531,103.75,79.07684326171875,1340900
2014-09-09,103.52999877929688,103.6500015258789,103.45999908447266,103.51000213623047,78.89391326904297,1205900
2014-09-10,103.33000183105469,103.37999725341797,103.2300033569336,103.25,78.69576263427734,1311800
2014-09-11,103.4000015258789,103.45999908447266,103.0999984741211,103.12000274658203,78.59664916992188,1224800
2014-09-12,102.87999725341797,102.94000244140625,102.68000030517578,102.7300033569336,78.29948425292969,2178400
2014-09-15,102.87000274658203,102.97000122070312,102.83000183105469,102.91999816894531,78.4442138671875,1505400
2014-09-16,103.04000091552734,103.1500015258789,102.87000274658203,102.88999938964844,78.42133331298828,24978400
2014-09-17,103.05000305175781,103.2699966430664,102.62000274658203,102.62999725341797,78.22318267822266,2704700
2014-09-18,102.62999725341797,102.6500015258789,102.44999694824219,102.55999755859375,78.16984558105469,556800
2014-09-19,102.7300033569336,102.9800033569336,102.58000183105469,102.94999694824219,78.467041015625,920600
2014-09-22,103.05000305175781,103.2300033569336,102.98999786376953,103.16999816894531,78.63472747802734,1932600
2014-09-23,103.26000213623047,103.38999938964844,103.16999816894531,103.38999938964844,78.80242156982422,963700
2014-09-24,103.33000183105469,103.41000366210938,103.06999969482422,103.0999984741211,78.58138275146484,485300
2014-09-25,103.25,103.61000061035156,103.25,103.5999984741211,78.96250915527344,399000
2014-09-26,103.4800033569336,103.48999786376953,103.26000213623047,103.37999725341797,78.79483032226562,716100
2014-09-29,103.7300033569336,103.77999877929688,103.63999938964844,103.70999908447266,79.04629516601562,2344500
2014-09-30,103.5999984741211,103.7699966430664,103.54000091552734,103.62000274658203,78.97772979736328,1544600
2014-10-01,103.83999633789062,104.30999755859375,103.83999633789062,104.30000305175781,79.64130401611328,3346000
2014-10-02,104.25,104.37999725341797,103.97000122070312,103.98999786376953,79.4045639038086,2084100
2014-10-03,103.7300033569336,103.97000122070312,103.61000061035156,103.95999908447266,79.3816909790039,1159100
2014-10-06,103.97000122070312,104.26000213623047,103.87999725341797,104.12999725341797,79.51144409179688,1201700
2014-10-07,104.45999908447266,104.77999877929688,104.33999633789062,104.73999786376953,79.97728729248047,1429800
2014-10-08,104.80999755859375,105.12999725341797,104.48999786376953,105.11000061035156,80.2597885131836,2701900
2014-10-09,105.04000091552734,105.18000030517578,104.91000366210938,104.93000030517578,80.12235260009766,5848000
2014-10-10,105.0999984741211,105.38999938964844,105.02999877929688,105.33999633789062,80.43536376953125,4675300
2014-10-13,105.5199966430664,105.94000244140625,105.44000244140625,105.88999938964844,80.85535430908203,2074300
2014-10-14,105.91000366210938,106.12999725341797,105.7699966430664,106.0999984741211,81.01573944091797,2196700
2014-10-15,107.5,108.87999725341797,106.44999694824219,106.69999694824219,81.47386169433594,2196800
2014-10-16,107.23999786376953,107.31999969482422,106.25,106.41000366210938,81.25247955322266,1786700
2014-10-17,106.13999938964844,106.26000213623047,105.87999725341797,106.0999984741211,81.01573944091797,1143300
2014-10-20,106.38999938964844,106.41999816894531,106.11000061035156,106.25,81.1302719116211,1562200
2014-10-21,106.0,106.19999694824219,105.91000366210938,105.95999908447266,80.90878295898438,1973200
2014-10-22,105.83999633789062,105.95999908447266,105.72000122070312,105.93000030517578,80.88597869873047,951800
2014-10-23,105.62999725341797,105.68000030517578,105.30999755859375,105.48999786376953,80.54994201660156,1281700
2014-10-24,105.5999984741211,105.81999969482422,105.5199966430664,105.58000183105469,80.61860656738281,678800
2014-10-27,105.55000305175781,105.79000091552734,105.55000305175781,105.69000244140625,80.7026596069336,872500
2014-10-28,105.58000183105469,105.61000061035156,105.37000274658203,105.43000030517578,80.50411987304688,771500
2014-10-29,105.29000091552734,105.3499984741211,104.73999786376953,105.08000183105469,80.2368392944336,1453100
2014-10-30,105.27999877929688,105.44000244140625,105.13999938964844,105.19000244140625,80.32089233398438,1363500
2014-10-31,105.12000274658203,105.16000366210938,104.88999938964844,105.0199966430664,80.19104766845703,886900
2014-11-03,104.69999694824219,104.8499984741211,104.44999694824219,104.80000305175781,80.16126251220703,2348900
2014-11-04,104.87999725341797,105.05000305175781,104.75,104.79000091552734,80.15357208251953,3854700
2014-11-05,104.63999938964844,104.83000183105469,104.62000274658203,104.81999969482422,80.17652893066406,1079700
2014-11-06,104.62000274658203,104.79000091552734,104.48999786376953,104.5,79.93177032470703,1026100
2014-11-07,104.7699966430664,105.18000030517578,104.76000213623047,105.16999816894531,80.44426727294922,994200
2014-11-10,105.16000366210938,105.16000366210938,104.7300033569336,104.73999786376953,80.11531829833984,1427900
2014-11-11,104.73999786376953,104.7699966430664,104.62000274658203,104.75,80.12295532226562,1220800
2014-11-12,104.98999786376953,105.05999755859375,104.68000030517578,104.70999908447266,80.09233093261719,658300
2014-11-13,104.83999633789062,104.94999694824219,104.72000122070312,104.87999725341797,80.2224349975586,743400
2014-11-14,104.75,105.16000366210938,104.69999694824219,105.0999984741211,80.39066314697266,629800
2014-11-17,105.25,105.25,104.91000366210938,104.9800033569336,80.29891967773438,496500
2014-11-18,105.01000213623047,105.12999725341797,104.9800033569336,105.0999984741211,80.39066314697266,510100
2014-11-19,104.81999969482422,105.11000061035156,104.7699966430664,104.81999969482422,80.17652893066406,560000
2014-11-20,105.22000122070312,105.22000122070312,104.88999938964844,105.01000213623047,80.3218002319336,811500
2014-11-21,105.04000091552734,105.22000122070312,105.01000213623047,105.22000122070312,80.48251342773438,855800
2014-11-24,105.04000091552734,105.3499984741211,104.98999786376953,105.33999633789062,80.57425689697266,13802400
2014-11-25,105.29000091552734,105.62999725341797,105.25,105.5999984741211,80.77314758300781,1244600
2014-11-26,105.81999969482422,105.9000015258789,105.73999786376953,105.77999877929688,80.91085052490234,523300
2014-11-28,106.06999969482422,106.19999694824219,106.0,106.19000244140625,81.22444152832031,367300
2014-12-01,106.30999755859375,106.37000274658203,105.75,105.75,81.02523803710938,2063400
2014-12-02,105.43000030517578,105.5,105.26000213623047,105.27999877929688,80.66513061523438,990600
2014-12-03,105.22000122070312,105.3499984741211,105.1500015258789,105.31999969482422,80.69579315185547,851900
2014-12-04,105.33999633789062,105.69000244140625,105.26000213623047,105.69000244140625,80.97925567626953,968300
2014-12-05,105.27999877929688,105.30999755859375,104.93000030517578,105.0999984741211,80.52716064453125,1035900
2014-12-08,105.0999984741211,105.62999725341797,105.08999633789062,105.44999694824219,80.79535675048828,858300
2014-12-09,105.91999816894531,106.12000274658203,105.73999786376953,105.83999633789062,81.09419250488281,945900
2014-12-10,105.79000091552734,106.37000274658203,105.77999877929688,106.31999969482422,81.46199798583984,996800
2014-12-11,106.0999984741211,106.25,105.91000366210938,106.13999938964844,81.32405853271484,15223600
2014-12-12,106.62000274658203,107.0199966430664,106.47000122070312,107.01000213623047,81.9906997680664,7233700
2014-12-15,106.62999725341797,106.94999694824219,106.5,106.62000274658203,81.69181823730469,1248100
2014-12-16,107.27999877929688,107.27999877929688,106.76000213623047,107.16000366210938,82.1055679321289,10633800
2014-12-17,106.9800033569336,107.19999694824219,106.38999938964844,106.41999816894531,81.53857421875,2086100
2014-12-18,105.86000061035156,105.94999694824219,105.7300033569336,105.81999969482422,81.078857421875,4833300
2014-12-19,105.98999786376953,106.20999908447266,105.91000366210938,106.20999908447266,81.3777084350586,847800
2014-12-22,106.12000274658203,106.30000305175781,106.05000305175781,106.20999908447266,81.3777084350586,2366700
2014-12-23,105.91000366210938,105.9800033569336,105.31999969482422,105.33000183105469,80.70344543457031,1360300
2014-12-24,105.02999877929688,105.27999877929688,104.94000244140625,105.25,80.76175689697266,1098200
2014-12-26,105.44000244140625,105.44000244140625,105.25,105.38999938964844,80.86918640136719,373600
2014-12-29,105.58000183105469,105.83000183105469,105.55999755859375,105.75,81.1453857421875,2447300
2014-12-30,106.01000213623047,106.08000183105469,105.80999755859375,105.87000274658203,81.23745727539062,1194700
2014-12-31,105.94000244140625,106.08000183105469,105.93000030517578,105.98999786376953,81.3295669555664,1010400
2015-01-02,106.08999633789062,106.66000366210938,106.05999755859375,106.52999877929688,81.74397277832031,2028600
2015-01-05,106.70999908447266,107.25,106.66000366210938,107.18000030517578,82.24271392822266,1521700
2015-01-06,107.62999725341797,108.47000122070312,107.52999877929688,107.9000015258789,82.7951889038086,1890200
2015-01-07,107.58999633789062,108.01000213623047,107.45999908447266,107.87999725341797,82.77985382080078,1558000
2015-01-08,107.52999877929688,107.56999969482422,107.30999755859375,107.44000244140625,82.44222259521484,1671000
2015-01-09,107.56999969482422,108.0999984741211,107.45999908447266,107.97000122070312,82.8488540649414,1107800
2015-01-12,108.08000183105469,108.44000244140625,108.0199966430664,108.3499984741211,83.14045715332031,2700900
2015-01-13,108.2300033569336,108.63999938964844,108.12000274658203,108.44999694824219,83.21721649169922,1038800
2015-01-14,109.19999694824219,109.3499984741211,108.87999725341797,108.94999694824219,83.60089111328125,1545800
2015-01-15,109.01000213623047,109.9000015258789,108.94000244140625,109.87999725341797,84.31453704833984,1374100
2015-01-16,109.63999938964844,109.73999786376953,109.05999755859375,109.06999969482422,83.6929702758789,1689100
2015-01-20,109.29000091552734,109.66000366210938,109.16000366210938,109.31999969482422,83.88483428955078,1346200
2015-01-21,109.38999938964844,109.52999877929688,108.75,108.80000305175781,83.48577117919922,2298200
2015-01-22,109.06999969482422,109.0999984741211,108.4000015258789,108.52999877929688,83.27864837646484,1330800
2015-01-23,108.93000030517578,109.27999877929688,108.93000030517578,109.23999786376953,83.82334899902344,1248200
2015-01-26,109.16000366210938,109.2699966430664,108.9000015258789,108.98999786376953,83.63157653808594,1546200
2015-01-27,109.58999633789062,109.70999908447266,109.0199966430664,109.13999938964844,83.74662780761719,863300
2015-01-28,109.18000030517578,110.12999725341797,109.18000030517578,109.9800033569336,84.3912582397461,3346300
2015-01-29,109.66999816894531,109.80000305175781,109.41999816894531,109.58999633789062,84.09197235107422,1393400
2015-01-30,110.5199966430664,110.58999633789062,110.06999969482422,110.55000305175781,84.82864379882812,2219800
2015-02-02,109.94999694824219,110.4000015258789,109.93000030517578,110.2300033569336,84.72251892089844,11544700
2015-02-03,109.7300033569336,109.73999786376953,109.29000091552734,109.30000305175781,84.0077896118164,1465200
2015-02-04,108.95999908447266,109.54000091552734,108.87999725341797,109.4800033569336,84.14612579345703,1655500
2015-02-05,109.2300033569336,109.2699966430664,108.97000122070312,109.08000183105469,83.83866882324219,1392700
2015-02-06,108.37000274658203,108.47000122070312,107.8499984741211,107.86000061035156,82.90093231201172,2016700
2015-02-09,108.19999694824219,108.20999908447266,107.80000305175781,107.80999755859375,82.86251068115234,1599900
2015-02-10,107.62999725341797,107.73999786376953,107.45999908447266,107.54000091552734,82.65499114990234,1244500
2015-02-11,107.6500015258789,107.75,107.31999969482422,107.5,82.62425994873047,1286100
2015-02-12,107.4800033569336,107.80999755859375,107.45999908447266,107.54000091552734,82.65499114990234,1845200
2015-02-13,107.5,107.55000305175781,107.16999816894531,107.18000030517578,82.37836456298828,1302400
2015-02-17,107.05999755859375,107.1500015258789,106.25,106.41999816894531,81.79419708251953,2170100
2015-02-18,106.5,107.20999908447266,106.4000015258789,106.93000030517578,82.18617248535156,8204600
2015-02-19,106.83000183105469,107.05999755859375,106.55999755859375,106.66000366210938,81.9786148071289,1459500
2015-02-20,107.02999877929688,107.20999908447266,106.38999938964844,106.5999984741211,81.93256378173828,1893000
2015-02-23,106.88999938964844,107.12000274658203,106.8499984741211,107.08999633789062,82.3091049194336,818200
2015-02-24,106.94000244140625,107.80999755859375,106.70999908447266,107.80000305175781,82.85489654541016,1180900
2015-02-25,107.77999877929688,107.94999694824219,107.62999725341797,107.9000015258789,82.93173217773438,595300
2015-02-26,107.73999786376953,107.86000061035156,107.25,107.26000213623047,82.4398422241211,865900
2015-02-27,107.51000213623047,107.68000030517578,107.2300033569336,107.63999938964844,82.73186492919922,2901700
2015-03-02,107.37999725341797,107.41000366210938,106.6500015258789,106.66999816894531,82.11605834960938,10270800
2015-03-03,106.63999938964844,106.80999755859375,106.4000015258789,106.44000244140625,81.93897247314453,1224400
2015-03-04,106.62999725341797,106.72000122070312,106.37000274658203,106.5199966430664,82.00056457519531,1871100
2015-03-05,106.54000091552734,106.75,106.36000061035156,106.58000183105469,82.04674530029297,2253200
2015-03-06,105.83999633789062,105.86000061035156,105.44000244140625,105.48999786376953,81.2076416015625,1734000
2015-03-09,105.9000015258789,105.9800033569336,105.75,105.9800033569336,81.58485412597656,1218100
2015-03-10,106.44999694824219,106.58999633789062,106.29000091552734,106.43000030517578,81.93125915527344,1309200
2015-03-11,106.38999938964844,106.70999908447266,106.33000183105469,106.62000274658203,82.07754516601562,945700
2015-03-12,107.01000213623047,107.05999755859375,106.55000305175781,106.72000122070312,82.154541015625,916800
2015-03-13,106.61000061035156,106.93000030517578,106.5,106.55999755859375,82.03131103515625,846900
2015-03-16,106.95999908447266,107.0999984741211,106.75,106.93000030517578,82.31615447998047,639400
2015-03-17,107.16999816894531,107.19999694824219,107.0199966430664,107.1500015258789,82.48554229736328,768500
2015-03-18,107.44999694824219,108.4800033569336,107.12999725341797,108.37999725341797,83.43240356445312,1963600
2015-03-19,108.12999725341797,108.29000091552734,107.7300033569336,107.87000274658203,83.03976440429688,985600
2015-03-20,108.2300033569336,108.30999755859375,108.12000274658203,108.30999755859375,83.3785400390625,1194800
2015-03-23,108.41000366210938,108.5,108.19999694824219,108.44999694824219,83.48631286621094,795100
2015-03-24,108.45999908447266,108.77999877929688,108.37000274658203,108.77999877929688,83.74032592773438,584500
2015-03-25,108.79000091552734,108.83999633789062,108.30999755859375,108.30999755859375,83.3785400390625,1240200
2015-03-26,108.13999938964844,108.1500015258789,107.61000061035156,107.69999694824219,82.90892028808594,928300
2015-03-27,107.91000366210938,108.19999694824219,107.91000366210938,108.12000274658203,83.23226928710938,2492500
2015-03-30,108.16000366210938,108.23999786376953,107.97000122070312,108.11000061035156,83.22455596923828,2017700
2015-03-31,108.0999984741211,108.4000015258789,108.0199966430664,108.38999938964844,83.44013977050781,2137200
2015-04-01,108.55000305175781,108.8499984741211,108.52999877929688,108.7300033569336,83.83720397949219,2570100
2015-04-02,108.70999908447266,108.7300033569336,108.38999938964844,108.41999816894531,83.59818267822266,1126400
2015-04-06,108.94999694824219,109.04000091552734,108.48999786376953,108.55999755859375,83.70610809326172,1268500
2015-04-07,108.43000030517578,108.69000244140625,108.31999969482422,108.6500015258789,83.7755126953125,750700
2015-04-08,108.66999816894531,108.69000244140625,108.33000183105469,108.55000305175781,83.69842529296875,886400
2015-04-09,108.4800033569336,108.48999786376953,108.01000213623047,108.11000061035156,83.35913848876953,890600
2015-04-10,108.31999969482422,108.37999725341797,108.05999755859375,108.08000183105469,83.33598327636719,789700
2015-04-13,108.13999938964844,108.37000274658203,108.12000274658203,108.30000305175781,83.50567626953125,624800
2015-04-14,108.80000305175781,108.97000122070312,108.52999877929688,108.62000274658203,83.75234985351562,825400
2015-04-15,108.79000091552734,108.8499984741211,108.62999725341797,108.68000030517578,83.79862976074219,566400
2015-04-16,108.73999786376953,108.9000015258789,108.43000030517578,108.76000213623047,83.86031341552734,903300
2015-04-17,108.66999816894531,109.12000274658203,108.5999984741211,108.9800033569336,84.02994537353516,1945700
2015-04-20,108.93000030517578,108.95999908447266,108.6500015258789,108.77999877929688,83.8757553100586,878100
2015-04-21,108.69999694824219,108.72000122070312,108.5,108.55000305175781,83.69842529296875,811000
2015-04-22,108.4800033569336,108.4800033569336,107.9000015258789,107.91999816894531,83.21263122558594,725100
2015-04-23,107.98999786376953,108.37999725341797,107.93000030517578,108.25,83.46708679199219,918700
2015-04-24,108.41999816894531,108.66000366210938,108.41000366210938,108.62999725341797,83.7601089477539,739100
2015-04-27,108.51000213623047,108.62000274658203,108.30000305175781,108.45999908447266,83.62899780273438,854400
2015-04-28,108.19999694824219,108.44000244140625,107.91999816894531,107.95999908447266,83.24347686767578,1101100
2015-04-29,107.44999694824219,107.7300033569336,107.30999755859375,107.55999755859375,82.93505096435547,1118000
2015-04-30,107.18000030517578,107.62000274658203,106.95999908447266,107.52999877929688,82.91191101074219,2650600
2015-05-01,107.05000305175781,107.16000366210938,106.69999694824219,106.77999877929688,82.45863342285156,1854300
2015-05-04,106.87000274658203,107.0199966430664,106.55000305175781,106.55999755859375,82.2886962890625,2784900
2015-05-05,106.62000274658203,106.62000274658203,106.12000274658203,106.37999725341797,82.14972686767578,2050800
2015-05-06,106.19999694824219,106.2699966430664,105.73999786376953,105.86000061035156,81.7481918334961,1802100
2015-05-07,106.05000305175781,106.41999816894531,105.97000122070312,106.30999755859375,82.09571075439453,2201300
2015-05-08,106.95999908447266,107.04000091552734,106.5999984741211,106.72000122070312,82.41228485107422,1004300
2015-05-11,106.38999938964844,106.38999938964844,105.63999938964844,105.66999816894531,81.6014404296875,1324400
2015-05-12,105.5,105.97000122070312,105.4000015258789,105.75,81.6632080078125,1431000
2015-05-13,106.1500015258789,106.1500015258789,105.55999755859375,105.61000061035156,81.55509948730469,1221200
2015-05-14,105.75,106.08000183105469,105.75,105.97000122070312,81.83309173583984,617500
2015-05-15,106.27999877929688,106.80000305175781,106.2300033569336,106.7300033569336,82.42005920410156,854900
2015-05-18,106.30000305175781,106.38999938964844,105.98999786376953,106.01000213623047,81.86402130126953,1000400
2015-05-19,105.52999877929688,105.9800033569336,105.41999816894531,105.54000091552734,81.50109100341797,1240400
2015-05-20,105.80000305175781,106.06999969482422,105.62000274658203,105.7699966430664,81.6787338256836,1682600
2015-05-21,106.0999984741211,106.41999816894531,106.02999877929688,106.4000015258789,82.16519165039062,836700
2015-05-22,106.19999694824219,106.27999877929688,105.94000244140625,106.16000366210938,81.97986602783203,852300
2015-05-26,106.20999908447266,106.81999969482422,106.16999816894531,106.81999969482422,82.489501953125,1925600
2015-05-27,106.68000030517578,106.83999633789062,106.45999908447266,106.76000213623047,82.44319152832031,1015000
2015-05-28,106.75,106.94999694824219,106.66000366210938,106.86000061035156,82.52039337158203,1068200
2015-05-29,107.05000305175781,107.19000244140625,106.91000366210938,106.91999816894531,82.56675720214844,1148500
2015-06-01,106.7300033569336,106.80999755859375,106.1500015258789,106.27999877929688,82.20246124267578,2161700
2015-06-02,105.87999725341797,105.91000366210938,105.47000122070312,105.54000091552734,81.63009643554688,1484500
2015-06-03,105.13999938964844,105.13999938964844,104.58000183105469,104.63999938964844,80.9339599609375,1703400
2015-06-04,104.86000061035156,105.30000305175781,104.86000061035156,105.1500015258789,81.32843780517578,1594800
2015-06-05,104.41000366210938,104.70999908447266,104.20999908447266,104.38999938964844,80.74061584472656,1384900
2015-06-08,104.66000366210938,104.73999786376953,104.52999877929688,104.54000091552734,80.85662841796875,877800
2015-06-09,104.44999694824219,104.48999786376953,104.08000183105469,104.19999694824219,80.59368133544922,822400
2015-06-10,104.02999877929688,104.08999633789062,103.76000213623047,103.80000305175781,80.28427124023438,967000
2015-06-11,104.16000366210938,104.62999725341797,104.0199966430664,104.62000274658203,80.91853332519531,3069700
2015-06-12,104.44000244140625,104.98999786376953,104.41999816894531,104.55999755859375,80.8720932006836,1578100
2015-06-15,105.08999633789062,105.1500015258789,104.70999908447266,104.80999755859375,81.06546020507812,1478800
2015-06-16,105.04000091552734,105.23999786376953,104.88999938964844,105.20999908447266,81.3748550415039,779000
2015-06-17,105.05999755859375,105.37999725341797,104.58000183105469,105.2699966430664,81.42124938964844,1994000
2015-06-18,105.12999725341797,105.29000091552734,104.79000091552734,105.19000244140625,81.35941314697266,1481600
2015-06-19,105.58000183105469,105.77999877929688,105.51000213623047,105.75,81.79253387451172,1849600
2015-06-22,105.27999877929688,105.31999969482422,104.81999969482422,104.86000061035156,81.10415649414062,860300
2015-06-23,104.4800033569336,104.91000366210938,104.43000030517578,104.54000091552734,80.85662841796875,925000
2015-06-24,104.72000122070312,104.9000015258789,104.52999877929688,104.8499984741211,81.096435546875,1176500
2015-06-25,104.58999633789062,104.7699966430664,104.43000030517578,104.58999633789062,80.895263671875,919800
2015-06-26,104.19000244140625,104.29000091552734,103.97000122070312,104.08999633789062,80.50861358642578,1441500
2015-06-29,104.75,105.4000015258789,104.61000061035156,105.30000305175781,81.4444580078125,1500900
2015-06-30,104.8499984741211,105.37000274658203,104.8499984741211,105.01000213623047,81.22013854980469,1599400
2015-07-01,104.4000015258789,104.51000213623047,104.1500015258789,104.30000305175781,80.79564666748047,3738800
2015-07-02,104.66000366210938,104.86000061035156,104.58999633789062,104.66999816894531,81.082275390625,1924600
2015-07-06,105.45999908447266,105.55999755859375,105.0199966430664,105.41000366210938,81.65553283691406,1723300
2015-07-07,105.9800033569336,106.30999755859375,105.63999938964844,105.69000244140625,81.8724136352539,2083900
2015-07-08,105.9000015258789,106.23999786376953,105.79000091552734,106.11000061035156,82.19776916503906,1991200
2015-07-09,105.58999633789062,105.72000122070312,105.3499984741211,105.37000274658203,81.62451171875,1206900
2015-07-10,104.69000244140625,104.97000122070312,104.45999908447266,104.63999938964844,81.05899810791016,3719900
2015-07-13,104.18000030517578,104.58999633789062,104.18000030517578,104.36000061035156,80.8421401977539,1322300
2015-07-14,104.63999938964844,104.72000122070312,104.54000091552734,104.69000244140625,81.09778594970703,1321600
2015-07-15,104.56999969482422,105.16999816894531,104.55999755859375,105.08999633789062,81.40763854980469,1239500
2015-07-16,104.81999969482422,105.16999816894531,104.75,105.05000305175781,81.37664031982422,811400
2015-07-17,104.94999694824219,105.16000366210938,104.94000244140625,105.05999755859375,81.38434600830078,881300
2015-07-20,104.87999725341797,104.91999816894531,104.66999816894531,104.8499984741211,81.22175598144531,842500
2015-07-21,104.73999786376953,105.19000244140625,104.69999694824219,105.13999938964844,81.44640350341797,676600
2015-07-22,105.16999816894531,105.43000030517578,105.16000366210938,105.2699966430664,81.54703521728516,523800
2015-07-23,105.16999816894531,105.69999694824219,105.13999938964844,105.69999694824219,81.88015747070312,1064800
2015-07-24,105.77999877929688,105.8499984741211,105.61000061035156,105.80000305175781,81.95764923095703,1098400
2015-07-27,106.18000030517578,106.2300033569336,106.0,106.1500015258789,82.22875213623047,1392600
2015-07-28,105.88999938964844,105.98999786376953,105.80000305175781,105.8499984741211,81.9963607788086,6205200
2015-07-29,105.75,106.08999633789062,105.55000305175781,105.69999694824219,81.88015747070312,2107300
2015-07-30,105.62999725341797,105.8499984741211,105.55999755859375,105.81999969482422,81.97315979003906,683200
2015-07-31,106.3499984741211,106.5199966430664,106.23999786376953,106.44000244140625,82.45338439941406,1113000
2015-08-03,106.30000305175781,106.69999694824219,106.26000213623047,106.5999984741211,82.70477294921875,2627700
2015-08-04,106.44999694824219,106.5,105.98999786376953,106.05000305175781,82.27806854248047,1036000
2015-08-05,105.80000305175781,105.81999969482422,105.48999786376953,105.63999938964844,81.95993041992188,1283300
2015-08-06,105.80000305175781,106.05999755859375,105.75,106.01000213623047,82.24703216552734,731700
2015-08-07,106.0999984741211,106.45999908447266,106.04000091552734,106.43000030517578,82.57286834716797,1533700
2015-08-10,106.08000183105469,106.19000244140625,105.87000274658203,105.98999786376953,82.23152923583984,1123900
2015-08-11,106.55999755859375,106.93000030517578,106.55000305175781,106.69000244140625,82.7745590209961,2263800
2015-08-12,106.86000061035156,107.22000122070312,106.63999938964844,106.6500015258789,82.74357604980469,1765700
2015-08-13,106.41000366210938,106.63999938964844,106.27999877929688,106.37000274658203,82.5263671875,1626500
2015-08-14,106.18000030517578,106.44000244140625,106.08000183105469,106.26000213623047,82.44098663330078,612500
2015-08-17,106.62000274658203,106.69999694824219,106.43000030517578,106.44999694824219,82.58836364746094,905300
2015-08-18,106.2699966430664,106.48999786376953,106.23999786376953,106.27999877929688,82.4565200805664,690400
2015-08-19,106.06999969482422,107.01000213623047,106.05999755859375,106.93000030517578,82.96080780029297,1444500
2015-08-20,107.08999633789062,107.30999755859375,107.01000213623047,107.22000122070312,83.18582916259766,1933300
2015-08-21,107.37000274658203,107.70999908447266,107.25,107.6500015258789,83.51942443847656,2123600
2015-08-24,108.5,108.76000213623047,107.58000183105469,107.83000183105469,83.6590805053711,3074800
2015-08-25,107.41000366210938,107.41999816894531,106.8499984741211,107.23999786376953,83.2012939453125,2925500
2015-08-26,106.75,107.2300033569336,106.48999786376953,106.58000183105469,82.68924713134766,3512900
2015-08-27,106.43000030517578,106.70999908447266,106.33000183105469,106.5199966430664,82.6426773071289,1414100
2015-08-28,106.94999694824219,107.02999877929688,106.45999908447266,106.54000091552734,82.6582260131836,1998000
2015-08-31,106.91999816894531,106.94999694824219,106.33000183105469,106.36000061035156,82.5185317993164,5431600
2015-09-01,106.48999786376953,106.69999694824219,106.37999725341797,106.66999816894531,82.88922119140625,3749700
2015-09-02,106.43000030517578,106.66999816894531,106.33000183105469,106.37999725341797,82.66389465332031,2441700
2015-09-03,106.63999938964844,106.69000244140625,106.37000274658203,106.63999938964844,82.86589813232422,1791300
2015-09-04,106.83999633789062,107.08000183105469,106.62000274658203,106.97000122070312,83.12236785888672,1421300
2015-09-08,106.5199966430664,106.62999725341797,106.41999816894531,106.5,82.75714111328125,1583500
2015-09-09,106.08999633789062,106.68000030517578,106.05999755859375,106.54000091552734,82.78820037841797,1397200
2015-09-10,106.44999694824219,106.45999908447266,106.16999816894531,106.30000305175781,82.6017074584961,1601600
2015-09-11,106.5199966430664,106.70999908447266,106.4800033569336,106.58000183105469,82.81929779052734,1069000
2015-09-14,106.80000305175781,106.80999755859375,106.55999755859375,106.68000030517578,82.89704895019531,897500
2015-09-15,106.47000122070312,106.51000213623047,105.81999969482422,105.83999633789062,82.24429321289062,1903000
2015-09-16,105.77999877929688,106.0199966430664,105.69999694824219,105.80999755859375,82.22097778320312,1305300
2015-09-17,105.76000213623047,106.69999694824219,105.76000213623047,106.69000244140625,82.90474700927734,2394300
2015-09-18,106.97000122070312,107.20999908447266,106.8499984741211,107.19000244140625,83.29329681396484,2074200
2015-09-21,106.80000305175781,107.19000244140625,106.4800033569336,106.58000183105469,82.81929779052734,1591700
2015-09-22,106.98999786376953,107.30000305175781,106.91000366210938,107.11000061035156,83.23113250732422,1395500
2015-09-23,107.02999877929688,107.12000274658203,106.8499984741211,106.98999786376953,83.13790893554688,1364300
2015-09-24,107.43000030517578,107.54000091552734,107.12000274658203,107.1500015258789,83.26220703125,1393000
2015-09-25,106.83000183105469,106.95999908447266,106.70999908447266,106.87000274658203,83.0446548461914,1564000
2015-09-28,107.0199966430664,107.4800033569336,106.97000122070312,107.4800033569336,83.51861572265625,1926000
2015-09-29,107.56999969482422,107.93000030517578,107.4800033569336,107.8499984741211,83.8061752319336,2460900
2015-09-30,107.62000274658203,107.9000015258789,107.58999633789062,107.87000274658203,83.82172393798828,2676000
2015-10-01,107.9000015258789,108.05000305175781,107.75,107.79000091552734,83.8870849609375,10101300
2015-10-02,108.75,108.97000122070312,108.12999725341797,108.30999755859375,84.29178619384766,3320200
2015-10-05,108.08000183105469,108.08000183105469,107.66999816894531,107.70999908447266,83.82481384277344,3034900
2015-10-06,107.62999725341797,107.9800033569336,107.58999633789062,107.93000030517578,83.99604797363281,2104000
2015-10-07,107.66999816894531,107.80999755859375,107.5199966430664,107.66000366210938,83.78592681884766,2338000
2015-10-08,107.69999694824219,107.79000091552734,107.27999877929688,107.37999725341797,83.56797790527344,2176800
2015-10-09,107.33000183105469,107.52999877929688,107.27999877929688,107.44000244140625,83.61471557617188,1069400
2015-10-12,107.6500015258789,107.81999969482422,107.55999755859375,107.80000305175781,83.89488983154297,1336300
2015-10-13,107.87999725341797,107.94000244140625,107.62000274658203,107.9000015258789,83.97269439697266,1849700
2015-10-14,108.27999877929688,108.51000213623047,108.05999755859375,108.48999786376953,84.43182373046875,1359600
2015-10-15,108.30999755859375,108.33999633789062,108.05000305175781,108.12000274658203,84.14390563964844,1075500
2015-10-16,108.2300033569336,108.2300033569336,107.97000122070312,108.02999877929688,84.07386779785156,1773000
2015-10-19,108.02999877929688,108.05000305175781,107.75,107.9800033569336,84.0349349975586,1744500
2015-10-20,107.66999816894531,107.7300033569336,107.55999755859375,107.61000061035156,83.74697875976562,1134500
2015-10-21,107.80999755859375,108.05000305175781,107.80999755859375,107.9800033569336,84.0349349975586,6576500
2015-10-22,108.02999877929688,108.19999694824219,107.8499984741211,108.08999633789062,84.12055206298828,2411400
2015-10-23,107.62000274658203,107.62000274658203,107.44999694824219,107.4800033569336,83.64579010009766,2029600
2015-10-26,107.66000366210938,107.80000305175781,107.62999725341797,107.76000213623047,83.86371612548828,3131500
2015-10-27,108.0,108.19000244140625,107.94000244140625,108.02999877929688,84.07386779785156,1373100
2015-10-28,107.9800033569336,108.0,107.33000183105469,107.47000122070312,83.63798522949219,2058200
2015-10-29,107.20999908447266,107.22000122070312,106.79000091552734,106.80999755859375,83.12439727783203,1772400
2015-10-30,106.88999938964844,107.08000183105469,106.8499984741211,107.0199966430664,83.28780364990234,3424800
2015-11-02,106.62999725341797,106.69999694824219,106.5199966430664,106.55000305175781,83.04855346679688,5313500
2015-11-03,106.45999908447266,106.5199966430664,106.22000122070312,106.2699966430664,82.83032989501953,1941700
2015-11-04,106.30000305175781,106.47000122070312,106.05999755859375,106.16000366210938,82.74456787109375,1933200
2015-11-05,106.16000366210938,106.19000244140625,105.93000030517578,106.08999633789062,82.69000244140625,1554600
2015-11-06,105.44000244140625,105.5199966430664,105.2300033569336,105.37000274658203,82.1287841796875,2968600
2015-11-09,105.04000091552734,105.3499984741211,105.0199966430664,105.19000244140625,81.98854064941406,3223900
2015-11-10,105.36000061035156,105.58000183105469,105.25,105.38999938964844,82.14439392089844,1467900
2015-11-11,105.29000091552734,105.38999938964844,105.25,105.33999633789062,82.10543060302734,1638100
2015-11-12,105.3499984741211,105.58000183105469,105.3499984741211,105.4000015258789,82.15220642089844,2399100
2015-11-13,105.62000274658203,105.83000183105469,105.62000274658203,105.80000305175781,82.46397399902344,2665300
2015-11-16,105.98999786376953,106.08999633789062,105.81999969482422,105.94000244140625,82.57308197021484,1412800
2015-11-17,105.62000274658203,106.05999755859375,105.54000091552734,105.91000366210938,82.5496826171875,1180000
2015-11-18,105.79000091552734,105.97000122070312,105.68000030517578,105.86000061035156,82.5107421875,941500
2015-11-19,106.12000274658203,106.19999694824219,106.02999877929688,106.08999633789062,82.69000244140625,1967200
2015-11-20,106.1500015258789,106.2300033569336,105.94999694824219,105.94999694824219,82.58090209960938,1287900
2015-11-23,105.88999938964844,106.18000030517578,105.8499984741211,106.08999633789062,82.69000244140625,1377100
2015-11-24,106.1500015258789,106.31999969482422,106.12000274658203,106.19000244140625,82.76795196533203,1094500
2015-11-25,106.25,106.31999969482422,106.08999633789062,106.25,82.8146743774414,752400
2015-11-27,106.3499984741211,106.44000244140625,106.33999633789062,106.36000061035156,82.90039825439453,759600
2015-11-30,106.3499984741211,106.41999816894531,106.33999633789062,106.4000015258789,82.93167877197266,2266900
2015-12-01,106.23999786376953,106.80999755859375,106.23999786376953,106.80000305175781,83.3726577758789,2805800
2015-12-02,106.55999755859375,106.62999725341797,106.36000061035156,106.5,83.13849639892578,1579000
2015-12-03,106.02999877929688,106.04000091552734,105.16999816894531,105.37999725341797,82.26416778564453,2750500
2015-12-04,105.58999633789062,105.87999725341797,105.48999786376953,105.7699966430664,82.56863403320312,2231500
2015-12-07,105.83000183105469,106.3499984741211,105.80000305175781,106.11000061035156,82.83406066894531,1954000
2015-12-08,106.37000274658203,106.37000274658203,106.05000305175781,106.16999816894531,82.88088989257812,1519900
2015-12-09,106.11000061035156,106.45999908447266,105.87000274658203,106.33000183105469,83.00580596923828,3711100
2015-12-10,106.37000274658203,106.37999725341797,106.08999633789062,106.0999984741211,82.82621002197266,1545000
2015-12-11,106.61000061035156,107.08999633789062,106.58000183105469,106.94999694824219,83.48978424072266,3352900
2015-12-14,106.5,106.63999938964844,106.16000366210938,106.16000366210938,82.87310028076172,2204400
2015-12-15,105.76000213623047,105.98999786376953,105.72000122070312,105.88999938964844,82.6623306274414,1591000
2015-12-16,105.69000244140625,105.9800033569336,105.4000015258789,105.61000061035156,82.44371795654297,1911800
2015-12-17,105.76000213623047,106.11000061035156,105.76000213623047,106.05000305175781,82.78722381591797,1202600
2015-12-18,106.30000305175781,106.54000091552734,106.20999908447266,106.43000030517578,83.0838851928711,4396700
2015-12-21,106.38999938964844,106.61000061035156,106.38999938964844,106.4800033569336,83.12287902832031,1603200
2015-12-22,106.30000305175781,106.36000061035156,106.08000183105469,106.18000030517578,82.88867950439453,1411800
2015-12-23,105.9000015258789,105.98999786376953,105.80000305175781,105.94000244140625,82.70136260986328,1380800
2015-12-24,105.86000061035156,105.97000122070312,105.77999877929688,105.97000122070312,82.85299682617188,654200
2015-12-28,105.94000244140625,106.16000366210938,105.87999725341797,105.98999786376953,82.86869812011719,2198300
2015-12-29,105.87999725341797,105.87999725341797,105.3499984741211,105.43000030517578,82.43082427978516,1752500
2015-12-30,105.3499984741211,105.58999633789062,105.27999877929688,105.47000122070312,82.46208953857422,1358100
2015-12-31,105.63999938964844,105.79000091552734,105.5,105.58999633789062,82.55590057373047,1906000
2016-01-04,106.08999633789062,106.4000015258789,105.98999786376953,106.04000091552734,82.90774536132812,6183700
2016-01-05,105.97000122070312,106.19999694824219,105.83000183105469,106.01000213623047,82.88428497314453,2122800
2016-01-06,106.45999908447266,106.66999816894531,106.37000274658203,106.6500015258789,83.38471984863281,1906100
2016-01-07,106.79000091552734,106.87999725341797,106.41999816894531,106.87999725341797,83.56450653076172,3106000
2016-01-08,106.77999877929688,107.19999694824219,106.69000244140625,107.1500015258789,83.77556610107422,1783200
2016-01-11,106.77999877929688,107.05000305175781,106.69999694824219,106.80999755859375,83.5097427368164,4816100
2016-01-12,106.7699966430664,107.52999877929688,106.69999694824219,107.29000091552734,83.88507080078125,8962500
2016-01-13,107.22000122070312,107.86000061035156,107.12999725341797,107.70999908447266,84.21338653564453,2664100
2016-01-14,107.5999984741211,107.80000305175781,107.23999786376953,107.48999786376953,84.0414047241211,2597300
2016-01-15,108.16999816894531,108.19000244140625,107.88999938964844,107.98999786376953,84.4323501586914,4334300
2016-01-19,107.81999969482422,108.08999633789062,107.72000122070312,107.8499984741211,84.32288360595703,4896500
2016-01-20,108.37000274658203,108.77999877929688,108.30000305175781,108.37999725341797,84.73726654052734,4949100
2016-01-21,108.5199966430664,108.62999725341797,108.04000091552734,108.11000061035156,84.52613067626953,2385700
2016-01-22,107.75,107.95999908447266,107.62000274658203,107.87000274658203,84.3385238647461,1735600
2016-01-25,108.11000061035156,108.23999786376953,108.0,108.2300033569336,84.62001037597656,1190900
2016-01-26,108.2300033569336,108.43000030517578,108.12999725341797,108.30999755859375,84.68255615234375,1288000
2016-01-27,108.2300033569336,108.41999816894531,107.8499984741211,108.38999938964844,84.74507904052734,1802300
2016-01-28,108.2300033569336,108.58999633789062,108.18000030517578,108.52999877929688,84.85458374023438,2222900
2016-01-29,108.91000366210938,109.18000030517578,108.77999877929688,109.11000061035156,85.30802917480469,3805500
2016-02-01,108.80999755859375,108.94999694824219,108.55999755859375,108.69999694824219,85.11148834228516,6813000
2016-02-02,109.22000122070312,109.55000305175781,109.20999908447266,109.47000122070312,85.71439361572266,4141600
2016-02-03,109.37000274658203,110.06999969482422,109.31999969482422,109.3499984741211,85.6204605102539,12145000
2016-02-04,109.4800033569336,109.6500015258789,109.29000091552734,109.61000061035156,85.82405090332031,2431100
2016-02-05,109.4000015258789,109.81999969482422,109.30999755859375,109.75,85.93365478515625,1440200
2016-02-08,110.13999938964844,110.6500015258789,110.08000183105469,110.56999969482422,86.57569885253906,2824800
2016-02-09,110.91999816894531,110.91999816894531,110.48999786376953,110.58999633789062,86.59131622314453,2679600
2016-02-10,110.56999969482422,110.95999908447266,110.30999755859375,110.91999816894531,86.84977722167969,2027200
2016-02-11,111.73999786376953,112.01000213623047,111.30000305175781,111.43000030517578,87.24903869628906,3743000
2016-02-12,110.94000244140625,111.08999633789062,110.37999725341797,110.58000183105469,86.58353424072266,3258700
2016-02-16,110.37999725341797,110.4000015258789,110.11000061035156,110.25,86.3251953125,2816800
2016-02-17,110.0199966430664,110.04000091552734,109.66999816894531,109.9800033569336,86.11373901367188,4856500
2016-02-18,109.87999725341797,110.54000091552734,109.87999725341797,110.48999786376953,86.51302337646484,3125700
2016-02-19,110.38999938964844,110.62999725341797,110.29000091552734,110.48999786376953,86.51302337646484,1340000
2016-02-22,110.37999725341797,110.47000122070312,110.30000305175781,110.37999725341797,86.42689514160156,1012200
2016-02-23,110.08999633789062,110.69999694824219,110.04000091552734,110.5999984741211,86.59921264648438,2257800
2016-02-24,111.0199966430664,111.38999938964844,110.48999786376953,110.5999984741211,86.59921264648438,2947700
2016-02-25,110.91999816894531,111.16000366210938,110.69999694824219,110.93000030517578,86.85755920410156,1983600
2016-02-26,110.3499984741211,110.5,110.2300033569336,110.38999938964844,86.43476104736328,2957900
2016-02-29,110.4000015258789,110.62999725341797,110.33999633789062,110.56999969482422,86.57569885253906,3861600
2016-03-01,110.54000091552734,110.54000091552734,109.5,109.55000305175781,85.89901733398438,5901200
2016-03-02,109.2699966430664,109.4000015258789,109.16000366210938,109.36000061035156,85.75005340576172,3011200
2016-03-03,109.33999633789062,109.62000274658203,109.25,109.48999786376953,85.85199737548828,2093000
2016-03-04,109.2699966430664,109.44000244140625,108.93000030517578,109.12000274658203,85.56182861328125,1781200
2016-03-07,108.94999694824219,108.9800033569336,108.80999755859375,108.9000015258789,85.38935089111328,2349400
2016-03-08,109.54000091552734,109.75,109.45999908447266,109.52999877929688,85.88330841064453,1747600
2016-03-09,109.19000244140625,109.31999969482422,108.9800033569336,109.0999984741211,85.54618072509766,1537800
2016-03-10,109.11000061035156,109.23999786376953,108.54000091552734,108.70999908447266,85.24034881591797,2798700
2016-03-11,108.7300033569336,108.7300033569336,108.30999755859375,108.4000015258789,84.997314453125,1785000
2016-03-14,108.54000091552734,108.69000244140625,108.43000030517578,108.4800033569336,85.0600357055664,2661800
2016-03-15,108.70999908447266,108.80000305175781,108.43000030517578,108.45999908447266,85.04434204101562,2960800
2016-03-16,108.30999755859375,110.95999908447266,108.19999694824219,109.02999877929688,85.49129486083984,2052300
2016-03-17,109.1500015258789,109.2699966430664,109.06999969482422,109.1500015258789,85.58533477783203,2745500
2016-03-18,109.30000305175781,109.47000122070312,109.20999908447266,109.33999633789062,85.73433685302734,2434600
2016-03-21,109.0999984741211,109.18000030517578,108.98999786376953,109.02999877929688,85.49129486083984,1725000
2016-03-22,109.27999877929688,109.30000305175781,108.7699966430664,108.80000305175781,85.31097412109375,1437700
2016-03-23,108.91999816894531,109.4000015258789,108.91999816894531,109.30000305175781,85.7030258178711,1405400
2016-03-24,109.4800033569336,109.58000183105469,109.01000213623047,109.19000244140625,85.61670684814453,1548200
2016-03-28,109.30999755859375,109.5199966430664,109.2300033569336,109.3499984741211,85.7421875,1291400
2016-03-29,109.5999984741211,110.08999633789062,109.52999877929688,110.08999633789062,86.32244873046875,2981000
2016-03-30,109.83999633789062,110.0199966430664,109.61000061035156,109.94000244140625,86.20481872558594,2808800
2016-03-31,110.06999969482422,110.44000244140625,109.91999816894531,110.33999633789062,86.51844787597656,3759100
2016-04-01,110.18000030517578,110.30999755859375,109.91000366210938,110.13999938964844,86.49331665039062,5489100
2016-04-04,110.25,110.33999633789062,110.11000061035156,110.2699966430664,86.59544372558594,3035600
2016-04-05,110.68000030517578,110.76000213623047,110.55000305175781,110.70999908447266,86.9409408569336,1951500
2016-04-06,110.56999969482422,110.66000366210938,110.33000183105469,110.47000122070312,86.75247192382812,1646000
2016-04-07,110.77999877929688,111.08999633789062,110.73999786376953,111.04000091552734,87.20008850097656,2069600
2016-04-08,110.80999755859375,110.88999938964844,110.68000030517578,110.87000274658203,87.06663513183594,1309500
2016-04-11,110.5999984741211,110.91999816894531,110.56999969482422,110.8499984741211,87.05091094970703,879600
2016-04-12,110.54000091552734,110.66000366210938,110.33000183105469,110.41000366210938,86.70533752441406,1363200
2016-04-13,110.25,110.55999755859375,110.22000122070312,110.48999786376953,86.76813507080078,1466400
2016-04-14,110.2699966430664,110.41999816894531,110.13999938964844,110.2300033569336,86.56401824951172,1403900
2016-04-15,110.3499984741211,110.66000366210938,110.30999755859375,110.55999755859375,86.82318115234375,1657800
2016-04-18,110.4800033569336,110.4800033569336,110.27999877929688,110.44999694824219,86.73675537109375,1297800
2016-04-19,110.30000305175781,110.38999938964844,110.12999725341797,110.2699966430664,86.59544372558594,1219600
2016-04-20,110.27999877929688,110.44999694824219,109.68000030517578,109.70999908447266,86.15563201904297,1939800
2016-04-21,109.47000122070312,109.66000366210938,109.4000015258789,109.52999877929688,86.0143051147461,1636600
2016-04-22,109.52999877929688,109.58999633789062,109.33999633789062,109.41000366210938,85.92008972167969,952100
2016-04-25,109.36000061035156,109.5,109.27999877929688,109.29000091552734,85.82582092285156,1416300
2016-04-26,109.23999786376953,109.25,109.0,109.05999755859375,85.64517974853516,1127100
2016-04-27,109.3499984741211,109.76000213623047,109.19000244140625,109.66000366210938,86.11637115478516,1734000
2016-04-28,109.68000030517578,110.06999969482422,109.62999725341797,110.04000091552734,86.41481018066406,2807300
2016-04-29,109.81999969482422,110.0999984741211,109.72000122070312,110.0,86.38338470458984,2858500
2016-05-02,109.66000366210938,109.79000091552734,109.51000213623047,109.5199966430664,86.13250732421875,2226800
2016-05-03,110.13999938964844,110.2699966430664,110.08000183105469,110.16999816894531,86.64369201660156,2330900
2016-05-04,110.19000244140625,110.38999938964844,110.0,110.37000274658203,86.80104064941406,1176900
2016-05-05,110.33000183105469,110.66999816894531,110.13999938964844,110.66999816894531,87.0368881225586,1257500
2016-05-06,110.58999633789062,110.63999938964844,110.29000091552734,110.41000366210938,86.83251953125,1675600
2016-05-09,110.55000305175781,110.62999725341797,110.45999908447266,110.62000274658203,86.99763488769531,1459900
2016-05-10,110.56999969482422,110.6500015258789,110.4800033569336,110.5999984741211,86.9819107055664,1506900
2016-05-11,110.55000305175781,110.88999938964844,110.48999786376953,110.7699966430664,87.11561584472656,1606800
2016-05-12,110.44000244140625,110.5999984741211,110.36000061035156,110.47000122070312,86.87960052490234,1261500
2016-05-13,110.54000091552734,110.91999816894531,110.48999786376953,110.88999938964844,87.20997619628906,5007300
2016-05-16,110.62000274658203,110.62000274658203,110.44999694824219,110.48999786376953,86.89537048339844,1708100
2016-05-17,110.41000366210938,110.56999969482422,110.33000183105469,110.33999633789062,86.77739715576172,1158700
2016-05-18,110.0999984741211,110.12000274658203,109.31999969482422,109.44999694824219,86.07746887207031,2946500
2016-05-19,109.56999969482422,109.7300033569336,109.51000213623047,109.55999755859375,86.16397094726562,1345000
2016-05-20,109.58000183105469,109.73999786376953,109.4800033569336,109.62999725341797,86.21902465820312,1059400
2016-05-23,109.72000122070312,109.80000305175781,109.56999969482422,109.69999694824219,86.2740707397461,892300
2016-05-24,109.51000213623047,109.62999725341797,109.36000061035156,109.5199966430664,86.13250732421875,965200
2016-05-25,109.48999786376953,109.62999725341797,109.41999816894531,109.47000122070312,86.0931625366211,890300
2016-05-26,109.6500015258789,109.9000015258789,109.58000183105469,109.80999755859375,86.3605728149414,998200
2016-05-27,109.8499984741211,109.88999938964844,109.47000122070312,109.5999984741211,86.1954574584961,1995300
2016-05-31,109.33000183105469,109.83999633789062,109.33000183105469,109.7300033569336,86.29766845703125,1734700
2016-06-01,109.8499984741211,109.9000015258789,109.4800033569336,109.52999877929688,86.2685317993164,2786400
2016-06-02,109.69999694824219,109.94999694824219,109.69999694824219,109.87000274658203,86.5362777709961,5038500
2016-06-03,110.72000122070312,110.91000366210938,110.69000244140625,110.88999938964844,87.3396987915039,1971300
2016-06-06,110.66000366210938,110.80999755859375,110.56999969482422,110.5999984741211,87.11125183105469,1715700
2016-06-07,110.80999755859375,110.88999938964844,110.75,110.76000213623047,87.23731231689453,2672900
2016-06-08,110.83999633789062,110.94000244140625,110.79000091552734,110.88999938964844,87.3396987915039,1284200
2016-06-09,111.20999908447266,111.25,111.05000305175781,111.05999755859375,87.47356414794922,1328400
2016-06-10,111.38999938964844,111.58000183105469,111.2699966430664,111.44999694824219,87.78077697753906,1878900
2016-06-13,111.6500015258789,111.75,111.4800033569336,111.66999816894531,87.95408630371094,1026200
2016-06-14,111.95999908447266,111.95999908447266,111.61000061035156,111.63999938964844,87.93042755126953,1390600
2016-06-15,111.63999938964844,112.0999984741211,111.63999938964844,111.9800033569336,88.1982192993164,2377600
2016-06-16,112.27999877929688,112.52999877929688,111.98999786376953,112.0999984741211,88.29273986816406,3088700
2016-06-17,112.0,112.0,111.63999938964844,111.72000122070312,87.99340057373047,3140900
2016-06-20,111.2300033569336,111.30999755859375,111.16000366210938,111.23999786376953,87.61537170410156,1956500
2016-06-21,111.22000122070312,111.36000061035156,110.97000122070312,110.98999786376953,87.41842651367188,1494500
2016-06-22,110.98999786376953,111.2300033569336,110.95999908447266,111.20999908447266,87.59176635742188,1378700
2016-06-23,110.75,110.9800033569336,110.6500015258789,110.68000030517578,87.1742935180664,1715000
2016-06-24,112.47000122070312,112.4800033569336,112.08999633789062,112.20999908447266,88.37936401367188,4390000
2016-06-27,112.95999908447266,113.23999786376953,112.9000015258789,113.18000030517578,89.14336395263672,4493700
2016-06-28,113.1500015258789,113.2300033569336,112.94999694824219,113.16000366210938,89.12757873535156,1799700
2016-06-29,113.06999969482422,113.16000366210938,112.69000244140625,112.69999694824219,88.76529693603516,2670900
2016-06-30,112.87999725341797,113.19999694824219,112.72000122070312,112.94999694824219,88.96217346191406,5690800
2016-07-01,113.30000305175781,113.31999969482422,112.87000274658203,113.08999633789062,89.19723510742188,5292300
2016-07-05,113.51000213623047,113.91000366210938,113.47000122070312,113.70999908447266,89.68627166748047,2926300
2016-07-06,113.81999969482422,113.83999633789062,113.55000305175781,113.7300033569336,89.70203399658203,1921600
2016-07-07,113.5199966430664,113.7699966430664,113.31999969482422,113.58000183105469,89.58368682861328,1323000
2016-07-08,113.58999633789062,113.83000183105469,113.41999816894531,113.80000305175781,89.7572021484375,2097900
2016-07-11,113.4800033569336,113.58000183105469,113.19999694824219,113.19999694824219,89.28399658203125,2728800
2016-07-12,112.73999786376953,112.83000183105469,112.37999725341797,112.52999877929688,88.75555419921875,4116200
2016-07-13,112.86000061035156,113.0199966430664,112.77999877929688,112.81999969482422,88.98428344726562,3077200
2016-07-14,112.19999694824219,112.48999786376953,112.18000030517578,112.3499984741211,88.6136245727539,2761900
2016-07-15,112.02999877929688,112.0999984741211,111.80000305175781,111.91999816894531,88.27445983886719,2811600
2016-07-18,112.0999984741211,112.19999694824219,111.77999877929688,111.88999938964844,88.25077819824219,4173500
2016-07-19,112.16000366210938,112.29000091552734,112.05999755859375,112.19000244140625,88.48736572265625,4171900
2016-07-20,112.02999877929688,112.02999877929688,111.8499984741211,111.95999908447266,88.30599975585938,2213700
2016-07-21,111.68000030517578,112.25,111.66000366210938,112.20999908447266,88.50318145751953,1944700
2016-07-22,111.95999908447266,112.31999969482422,111.91999816894531,112.12000274658203,88.43217468261719,1140000
2016-07-25,112.08999633789062,112.2300033569336,112.01000213623047,112.02999877929688,88.36116027832031,889100
2016-07-26,112.19999694824219,112.19999694824219,111.88999938964844,112.0999984741211,88.41639709472656,1694100
2016-07-27,112.23999786376953,112.58000183105469,112.11000061035156,112.58000183105469,88.79499816894531,1962700
2016-07-28,112.4000015258789,112.73999786376953,112.36000061035156,112.63999938964844,88.84230041503906,1220200
2016-07-29,112.8499984741211,113.0999984741211,112.76000213623047,113.06999969482422,89.18147277832031,2386800
2016-08-01,112.55999755859375,112.7699966430664,112.4800033569336,112.5199966430664,88.87184143066406,2479100
2016-08-02,112.0199966430664,112.4800033569336,112.0199966430664,112.25,88.65861511230469,2920500
2016-08-03,112.31999969482422,112.3499984741211,112.0199966430664,112.30999755859375,88.7059555053711,1148600
2016-08-04,112.55000305175781,112.80000305175781,112.54000091552734,112.58000183105469,88.91926574707031,1065000
2016-08-05,112.26000213623047,112.36000061035156,111.87000274658203,111.87999725341797,88.3663558959961,2368100
2016-08-08,111.75,111.98999786376953,111.63999938964844,111.81999969482422,88.3189926147461,1304000
2016-08-09,111.94999694824219,112.26000213623047,111.88999938964844,112.22000122070312,88.6349105834961,1817000
2016-08-10,112.27999877929688,112.5999984741211,112.26000213623047,112.5199966430664,88.87184143066406,1262500
2016-08-11,112.43000030517578,112.5,111.87000274658203,111.9800033569336,88.44537353515625,1823600
2016-08-12,112.54000091552734,112.69999694824219,112.3499984741211,112.37999725341797,88.76126861572266,1377100
2016-08-15,112.20999908447266,112.27999877929688,112.02999877929688,112.05000305175781,88.50064849853516,1031800
2016-08-16,111.94999694824219,112.05000305175781,111.7699966430664,111.86000061035156,88.35061645507812,1433500
2016-08-17,111.88999938964844,112.19000244140625,111.75,112.04000091552734,88.49272155761719,1733900
2016-08-18,112.12000274658203,112.31999969482422,111.94999694824219,112.23999786376953,88.65067291259766,1245600
2016-08-19,111.93000030517578,112.04000091552734,111.72000122070312,111.86000061035156,88.35061645507812,1396700
2016-08-22,112.11000061035156,112.19999694824219,111.98999786376953,112.11000061035156,88.54803466796875,1084600
2016-08-23,112.19000244140625,112.30000305175781,112.0,112.0999984741211,88.54012298583984,939900
2016-08-24,112.19000244140625,112.22000122070312,111.97000122070312,112.05999755859375,88.50850677490234,1345600
2016-08-25,111.95999908447266,112.08000183105469,111.86000061035156,111.87999725341797,88.3663558959961,1037700
2016-08-26,112.05000305175781,112.31999969482422,111.37000274658203,111.44999694824219,88.02671813964844,1988300
2016-08-29,111.6500015258789,111.9800033569336,111.63999938964844,111.91000366210938,88.39005279541016,1497400
2016-08-30,111.95999908447266,112.0,111.83999633789062,111.9000015258789,88.38216400146484,2498400
2016-08-31,111.91000366210938,112.05000305175781,111.7699966430664,111.7699966430664,88.27945709228516,2008100
2016-09-01,111.33000183105469,111.81999969482422,111.2699966430664,111.79000091552734,88.41789245605469,1775900
2016-09-02,111.58000183105469,111.66999816894531,111.30999755859375,111.5,88.18851470947266,1550100
2016-09-06,111.47000122070312,112.0999984741211,111.41999816894531,112.0199966430664,88.59980773925781,1284000
2016-09-07,112.18000030517578,112.26000213623047,112.0199966430664,112.08000183105469,88.64729309082031,836800
2016-09-08,111.87000274658203,111.97000122070312,111.4000015258789,111.52999877929688,88.21224212646484,1287300
2016-09-09,111.12999725341797,111.1500015258789,110.94999694824219,111.0,87.79301452636719,1700700
2016-09-12,110.87999725341797,111.19000244140625,110.83999633789062,111.0999984741211,87.87212371826172,1446600
2016-09-13,111.18000030517578,111.19000244140625,110.44000244140625,110.69000244140625,87.5478744506836,1993700
2016-09-14,110.70999908447266,111.08999633789062,110.70999908447266,110.94000244140625,87.74559020996094,1062100
2016-09-15,110.87999725341797,111.05000305175781,110.66999816894531,110.97000122070312,87.76934051513672,994100
2016-09-16,111.0999984741211,111.16999816894531,110.94999694824219,111.08999633789062,87.86420440673828,833600
2016-09-19,110.98999786376953,111.08000183105469,110.9000015258789,110.9000015258789,87.71395111083984,490400
2016-09-20,111.02999877929688,111.22000122070312,110.98999786376953,111.06999969482422,87.8484115600586,1177800
2016-09-21,110.94999694824219,111.30000305175781,110.83000183105469,111.25,87.99079132080078,1108300
2016-09-22,111.44000244140625,111.70999908447266,111.41000366210938,111.58000183105469,88.2518310546875,1012300
2016-09-23,111.52999877929688,111.69999694824219,111.5,111.62999725341797,88.2913589477539,952500
2016-09-26,111.77999877929688,112.05000305175781,111.76000213623047,111.94999694824219,88.54444885253906,764000
2016-09-27,112.2699966430664,112.2699966430664,112.02999877929688,112.13999938964844,88.6946792602539,1583700
2016-09-28,112.19000244140625,112.30000305175781,112.05000305175781,112.08999633789062,88.6551513671875,594800
2016-09-29,111.88999938964844,112.33000183105469,111.81999969482422,112.16000366210938,88.71053314208984,1123900
2016-09-30,112.16999816894531,112.19999694824219,111.72000122070312,111.87999725341797,88.48908996582031,1774600
2016-10-03,111.69999694824219,111.7300033569336,111.44999694824219,111.47000122070312,88.28315734863281,3112000
2016-10-04,111.33000183105469,111.43000030517578,110.94999694824219,110.95999908447266,87.87925720214844,3949600
2016-10-05,110.91000366210938,110.94999694824219,110.58999633789062,110.70999908447266,87.68123626708984,1490600
2016-10-06,110.58999633789062,110.7699966430664,110.45999908447266,110.4800033569336,87.49910736083984,1577400
2016-10-07,110.58000183105469,110.72000122070312,110.37999725341797,110.63999938964844,87.62580871582031,1601100
2016-10-10,110.4000015258789,110.4000015258789,110.18000030517578,110.3499984741211,87.39617156982422,1067000
2016-10-11,110.33000183105469,110.51000213623047,110.19999694824219,110.31999969482422,87.3724136352539,1942600
2016-10-12,110.2300033569336,110.31999969482422,110.0999984741211,110.31999969482422,87.3724136352539,1037800
2016-10-13,110.51000213623047,110.69000244140625,110.51000213623047,110.55000305175781,87.55451202392578,1188400
2016-10-14,110.2699966430664,110.56999969482422,110.18000030517578,110.20999908447266,87.28524780273438,2105300
2016-10-17,110.31999969482422,110.55000305175781,110.31999969482422,110.44999694824219,87.47530364990234,1490800
2016-10-18,110.30999755859375,110.66999816894531,110.30000305175781,110.66999816894531,87.64957427978516,1484400
2016-10-19,110.51000213623047,110.80000305175781,110.51000213623047,110.72000122070312,87.68917083740234,1264200
2016-10-20,110.87999725341797,110.87999725341797,110.58000183105469,110.62000274658203,87.60999298095703,979900
2016-10-21,110.77999877929688,110.77999877929688,110.58999633789062,110.73999786376953,87.70503234863281,571100
2016-10-24,110.80999755859375,110.80999755859375,110.45999908447266,110.58999633789062,87.586181640625,900800
2016-10-25,110.44999694824219,110.73999786376953,110.43000030517578,110.56999969482422,87.57037353515625,735100
2016-10-26,110.41000366210938,110.45999908447266,110.29000091552734,110.33000183105469,87.38030242919922,1136600
2016-10-27,109.94999694824219,110.0,109.72000122070312,109.94999694824219,87.07933044433594,3668500
2016-10-28,109.8499984741211,110.05999755859375,109.80000305175781,109.97000122070312,87.09519958496094,1313200
2016-10-31,110.0999984741211,110.13999938964844,109.95999908447266,110.05999755859375,87.16647338867188,4413900
2016-11-01,109.58999633789062,110.12000274658203,109.52999877929688,109.91000366210938,87.16961669921875,2004000
2016-11-02,110.11000061035156,110.43000030517578,110.02999877929688,110.23999786376953,87.43136596679688,1455900
2016-11-03,110.08000183105469,110.2300033569336,110.01000213623047,110.16999816894531,87.37581634521484,686600
2016-11-04,110.30000305175781,110.55999755859375,110.27999877929688,110.51000213623047,87.64547729492188,1699800
2016-11-07,110.0999984741211,110.16999816894531,110.01000213623047,110.05000305175781,87.28068542480469,2617900
2016-11-08,110.06999969482422,110.11000061035156,109.61000061035156,109.66000366210938,86.97136688232422,1182200
2016-11-09,109.16000366210938,109.16000366210938,107.91000366210938,107.98999786376953,85.64685821533203,6381300
2016-11-10,107.66999816894531,108.02999877929688,107.31999969482422,107.33999633789062,85.13138580322266,5445300
2016-11-11,107.55000305175781,107.63999938964844,107.08000183105469,107.12000274658203,84.95687866210938,2482900
2016-11-14,106.5,106.9000015258789,106.27999877929688,106.5,84.46513366699219,3753800
2016-11-15,106.48999786376953,106.69000244140625,106.41999816894531,106.5,84.46513366699219,1391700
2016-11-16,106.2699966430664,106.66999816894531,106.2699966430664,106.5999984741211,84.54442596435547,2765700
2016-11-17,106.41999816894531,106.4800033569336,106.05000305175781,106.12999725341797,84.17169189453125,2499200
2016-11-18,106.0999984741211,106.20999908447266,105.55999755859375,105.66000366210938,83.79896545410156,4093700
2016-11-21,105.73999786376953,105.88999938964844,105.62999725341797,105.75,83.87030792236328,1364300
2016-11-22,105.88999938964844,106.08000183105469,105.75,105.8499984741211,83.94963073730469,1744700
2016-11-23,105.25,105.58999633789062,105.0,105.47000122070312,83.64825439453125,4607100
2016-11-25,105.51000213623047,105.55999755859375,105.23999786376953,105.37999725341797,83.57686614990234,948200
2016-11-28,105.7300033569336,105.9000015258789,105.62000274658203,105.86000061035156,83.95759582519531,2474800
2016-11-29,105.68000030517578,106.0,105.61000061035156,105.97000122070312,84.0448226928711,1745000
2016-11-30,105.29000091552734,105.52999877929688,105.16999816894531,105.26000213623047,83.48171997070312,3362500
2016-12-01,104.62000274658203,104.80999755859375,104.30999755859375,104.70999908447266,83.16324615478516,3467600
2016-12-02,104.93000030517578,105.31999969482422,104.93000030517578,105.18000030517578,83.53651428222656,1660400
2016-12-05,104.83000183105469,105.4000015258789,104.70999908447266,105.13999938964844,83.5047607421875,2281600
2016-12-06,105.16999816894531,105.27999877929688,105.08000183105469,105.18000030517578,83.53651428222656,989400
2016-12-07,105.37000274658203,105.58000183105469,105.36000061035156,105.52999877929688,83.81449127197266,1237600
2016-12-08,105.19000244140625,105.26000213623047,105.02999877929688,105.12999725341797,83.49681091308594,1357500
2016-12-09,105.08000183105469,105.19999694824219,104.54000091552734,104.58999633789062,83.06790924072266,3261000
2016-12-12,104.5199966430664,104.72000122070312,104.37000274658203,104.61000061035156,83.08381652832031,1538200
2016-12-13,104.79000091552734,104.86000061035156,104.4800033569336,104.66999816894531,83.13150024414062,1993500
2016-12-14,105.0199966430664,105.0999984741211,103.77999877929688,103.80000305175781,82.44046783447266,3941000
2016-12-15,103.77999877929688,103.81999969482422,103.43000030517578,103.51000213623047,82.21015930175781,1999200
2016-12-16,103.69000244140625,103.95999908447266,103.45999908447266,103.63999938964844,82.31338500976562,1811800
2016-12-19,104.0,104.16999816894531,103.87999725341797,104.12000274658203,82.69461822509766,1691800
2016-12-20,103.75,103.95999908447266,103.68000030517578,103.9000015258789,82.5199203491211,969400
2016-12-21,104.0,104.12999725341797,103.94000244140625,104.06999969482422,82.65491485595703,1870500
2016-12-22,103.79000091552734,103.94999694824219,103.70999908447266,103.86000061035156,82.61913299560547,1872100
2016-12-23,103.97000122070312,104.08000183105469,103.94000244140625,103.95999908447266,82.69869995117188,830400
2016-12-27,103.70999908447266,103.80999755859375,103.69999694824219,103.80999755859375,82.57933807373047,1148800
2016-12-28,103.86000061035156,104.30000305175781,103.79000091552734,104.19000244140625,82.88164520263672,1369800
2016-12-29,104.36000061035156,104.66000366210938,104.36000061035156,104.51000213623047,83.13616180419922,1328600
2016-12-30,104.55999755859375,104.95999908447266,104.52999877929688,104.81999969482422,83.38276672363281,2439500
2017-01-03,104.3499984741211,104.88999938964844,104.29000091552734,104.7699966430664,83.34302520751953,3230500
2017-01-04,104.7300033569336,104.94000244140625,104.62000274658203,104.88999938964844,83.43850708007812,1523000
2017-01-05,105.0999984741211,105.68000030517578,105.02999877929688,105.56999969482422,83.97940063476562,3344400
2017-01-06,105.18000030517578,105.37999725341797,105.04000091552734,105.08999633789062,83.59758758544922,1601400
2017-01-09,105.47000122070312,105.52999877929688,105.36000061035156,105.48999786376953,83.91578674316406,1275000
2017-01-10,105.44000244140625,105.5999984741211,105.38999938964844,105.44000244140625,83.87600708007812,1352700
2017-01-11,105.5,105.93000030517578,105.30999755859375,105.55999755859375,83.97144317626953,1833700
2017-01-12,105.81999969482422,106.02999877929688,105.58999633789062,105.62000274658203,84.0191650390625,1544700
2017-01-13,105.37000274658203,105.55999755859375,105.05000305175781,105.38999938964844,83.83626556396484,1833200
2017-01-17,105.97000122070312,106.02999877929688,105.7300033569336,105.91999816894531,84.2578125,1656800
2017-01-18,105.5999984741211,105.69000244140625,105.12999725341797,105.16999816894531,83.6612319946289,3640400
2017-01-19,104.83000183105469,104.88999938964844,104.55999755859375,104.7699966430664,83.34302520751953,1840000
2017-01-20,104.63999938964844,104.91999816894531,104.4800033569336,104.81999969482422,83.38276672363281,1306400
2017-01-23,105.01000213623047,105.56999969482422,104.83999633789062,105.37000274658203,83.82032012939453,1720200
2017-01-24,105.13999938964844,105.27999877929688,104.83000183105469,104.97000122070312,83.50210571289062,1344000
2017-01-25,104.55000305175781,104.68000030517578,104.30999755859375,104.44999694824219,83.08849334716797,1816000
2017-01-26,104.41000366210938,104.62000274658203,104.18000030517578,104.58999633789062,83.1998062133789,2212900
2017-01-27,104.6500015258789,104.80000305175781,104.63999938964844,104.72000122070312,83.30326080322266,2285200
2017-01-30,104.73999786376953,104.94999694824219,104.69000244140625,104.69000244140625,83.2794189453125,1909300
2017-01-31,104.79000091552734,105.22000122070312,104.79000091552734,105.05000305175781,83.56573486328125,1411700
2017-02-01,104.55999755859375,104.8499984741211,104.38999938964844,104.69000244140625,83.40562438964844,2055100
2017-02-02,105.02999877929688,105.0999984741211,104.72000122070312,104.7300033569336,83.43745422363281,1423500
2017-02-03,105.0,105.22000122070312,104.62000274658203,104.80999755859375,83.501220703125,1711100
2017-02-06,105.23999786376953,105.41000366210938,105.0,105.30999755859375,83.89958953857422,1500500
2017-02-07,105.25,105.69000244140625,105.18000030517578,105.5,84.0509262084961,1540600
2017-02-08,105.5,106.0,105.5,105.93000030517578,84.39354705810547,3182200
2017-02-09,105.93000030517578,105.93000030517578,105.27999877929688,105.30000305175781,83.8916015625,1530200
2017-02-10,105.06999969482422,105.30999755859375,105.06999969482422,105.2300033569336,83.83586120605469,1646400
2017-02-13,105.0,105.08000183105469,104.87999725341797,105.06999969482422,83.70838165283203,1045200
2017-02-14,105.0199966430664,105.0999984741211,104.45999908447266,104.69000244140625,83.40562438964844,2318100
2017-02-15,104.33000183105469,104.55999755859375,104.31999969482422,104.48999786376953,83.24623107910156,2750900
2017-02-16,104.5999984741211,105.01000213623047,104.5999984741211,104.91000366210938,83.58087921142578,2459800
2017-02-17,105.19999694824219,105.31999969482422,105.12000274658203,105.19000244140625,83.80397033691406,2237700
2017-02-21,104.94000244140625,105.27999877929688,104.91999816894531,105.13999938964844,83.7641372680664,2832700
2017-02-22,105.36000061035156,105.41999816894531,104.95999908447266,105.30999755859375,83.89958953857422,2812800
2017-02-23,105.5,105.58999633789062,105.43000030517578,105.58999633789062,84.12268829345703,1842700
2017-02-24,105.94000244140625,106.16000366210938,105.81999969482422,106.08000183105469,84.51304626464844,2677000
2017-02-27,105.98999786376953,106.0,105.63999938964844,105.69999694824219,84.2103271484375,3292600
2017-02-28,105.75,105.91000366210938,105.62999725341797,105.6500015258789,84.17044067382812,2482500
2017-03-01,104.70999908447266,104.80000305175781,104.6500015258789,104.7699966430664,83.58403015136719,2249000
2017-03-02,104.55999755859375,104.5999984741211,104.33000183105469,104.47000122070312,83.3447494506836,2023300
2017-03-03,104.5,104.58000183105469,104.26000213623047,104.56999969482422,83.424560546875,2509000
2017-03-06,104.58999633789062,104.5999984741211,104.43000030517578,104.55000305175781,83.40857696533203,1401700
2017-03-07,104.43000030517578,104.4800033569336,104.3499984741211,104.4000015258789,83.28890991210938,1596300
2017-03-08,103.91999816894531,104.1500015258789,103.9000015258789,104.05000305175781,83.0096435546875,2392800
2017-03-09,103.94000244140625,103.9800033569336,103.69999694824219,103.76000213623047,82.7783203125,2322900
2017-03-10,103.9800033569336,104.01000213623047,103.75,103.9800033569336,82.95382690429688,1333000
2017-03-13,103.80999755859375,103.91999816894531,103.69000244140625,103.72000122070312,82.74637603759766,1342600
2017-03-14,103.7699966430664,103.94000244140625,103.75,103.83000183105469,82.83413696289062,864600
2017-03-15,103.98999786376953,104.73999786376953,103.91999816894531,104.73999786376953,83.56010437011719,3701900
2017-03-16,104.48999786376953,104.62000274658203,104.41999816894531,104.44999694824219,83.32878112792969,2749900
2017-03-17,104.58000183105469,104.81999969482422,104.55999755859375,104.7300033569336,83.55216217041016,1186700
2017-03-20,104.75,105.01000213623047,104.75,104.9800033569336,83.75162506103516,1362700
2017-03-21,104.91000366210938,105.37000274658203,104.91000366210938,105.33000183105469,84.03079223632812,1407000
2017-03-22,105.52999877929688,105.7300033569336,105.44999694824219,105.52999877929688,84.1904067993164,2231300
2017-03-23,105.58999633789062,105.63999938964844,105.23999786376953,105.41999816894531,84.10257720947266,2584700
2017-03-24,105.38999938964844,105.61000061035156,105.3499984741211,105.4800033569336,84.15049743652344,2540000
2017-03-27,105.91999816894531,105.95999908447266,105.66999816894531,105.73999786376953,84.35790252685547,2614000
2017-03-28,105.86000061035156,105.86000061035156,105.37000274658203,105.37999725341797,84.0707015991211,1356800
2017-03-29,105.55999755859375,105.72000122070312,105.55999755859375,105.68000030517578,84.31005096435547,1860400
2017-03-30,105.62999725341797,105.63999938964844,105.36000061035156,105.37999725341797,84.0707015991211,1487800
2017-03-31,105.52999877929688,105.62999725341797,105.44999694824219,105.58999633789062,84.23828125,1698500
2017-04-03,105.55999755859375,106.0,105.52999877929688,105.94999694824219,84.65292358398438,4175500
2017-04-04,105.91999816894531,106.0199966430664,105.80000305175781,105.80000305175781,84.5330810546875,1319600
2017-04-05,105.66999816894531,106.0999984741211,105.62000274658203,106.0,84.69290924072266,2551100
2017-04-06,106.02999877929688,106.0999984741211,105.80000305175781,105.93000030517578,84.636962890625,1496300
2017-04-07,106.19000244140625,106.31999969482422,105.61000061035156,105.61000061035156,84.38128662109375,1185400
2017-04-10,105.75,105.91999816894531,105.69999694824219,105.80000305175781,84.5330810546875,1752500
2017-04-11,106.05000305175781,106.4000015258789,106.02999877929688,106.29000091552734,84.9245834350586,2219200
2017-04-12,106.37000274658203,106.68000030517578,106.29000091552734,106.62000274658203,85.1882553100586,2273600
2017-04-13,106.80000305175781,107.01000213623047,106.61000061035156,106.94000244140625,85.44393920898438,1868200
2017-04-17,106.94999694824219,107.04000091552734,106.68000030517578,106.7699966430664,85.30807495117188,1110500
2017-04-18,107.05999755859375,107.47000122070312,107.0,107.37999725341797,85.79546356201172,1678400
2017-04-19,107.12000274658203,107.16999816894531,106.98999786376953,107.0999984741211,85.57178497314453,1750000
2017-04-20,106.93000030517578,107.01000213623047,106.72000122070312,106.86000061035156,85.3800277709961,1694700
2017-04-21,106.95999908447266,107.12000274658203,106.87999725341797,106.91000366210938,85.41999053955078,2792500
2017-04-24,106.43000030517578,106.69000244140625,106.37000274658203,106.69000244140625,85.24414825439453,3558000
2017-04-25,106.3499984741211,106.47000122070312,106.08999633789062,106.13999938964844,84.80474090576172,1985700
2017-04-26,106.13999938964844,106.41999816894531,106.12000274658203,106.41999816894531,85.02848052978516,1314400
2017-04-27,106.37999725341797,106.62000274658203,106.33000183105469,106.48999786376953,85.08436584472656,1988200
2017-04-28,106.31999969482422,106.6500015258789,106.2699966430664,106.5999984741211,85.17228698730469,5489800
2017-05-01,106.31999969482422,106.48999786376953,106.05000305175781,106.20999908447266,84.9882583618164,2044400
2017-05-02,106.16000366210938,106.48999786376953,106.13999938964844,106.43000030517578,85.16429138183594,1585300
2017-05-03,106.44999694824219,106.48999786376953,106.1500015258789,106.20999908447266,84.9882583618164,1861300
2017-05-04,105.8499984741211,105.98999786376953,105.81999969482422,105.97000122070312,84.79618072509766,1237100
2017-05-05,105.9800033569336,106.0199966430664,105.80000305175781,105.98999786376953,84.81220245361328,980000
2017-05-08,105.88999938964844,105.88999938964844,105.66999816894531,105.7300033569336,84.60416412353516,4887400
2017-05-09,105.58999633789062,105.66000366210938,105.47000122070312,105.61000061035156,84.50814056396484,1457900
2017-05-10,105.83999633789062,105.86000061035156,105.5,105.56999969482422,84.47605895996094,995500
2017-05-11,105.41000366210938,105.69999694824219,105.41000366210938,105.6500015258789,84.54013061523438,1088800
2017-05-12,106.05999755859375,106.27999877929688,106.05999755859375,106.19000244140625,84.97222900390625,2005600
2017-05-15,106.13999938964844,106.16999816894531,106.05000305175781,106.12000274658203,84.91620635986328,672200
2017-05-16,106.11000061035156,106.41000366210938,106.11000061035156,106.26000213623047,85.02828216552734,1314500
2017-05-17,106.80000305175781,107.16999816894531,106.7300033569336,107.11000061035156,85.70838165283203,5644700
2017-05-18,107.19999694824219,107.25,106.97000122070312,107.08000183105469,85.68439483642578,1715200
2017-05-19,106.97000122070312,107.06999969482422,106.80000305175781,107.05000305175781,85.66038513183594,3503100
2017-05-22,106.93000030517578,107.01000213623047,106.87999725341797,106.93000030517578,85.5643081665039,1425800
2017-05-23,107.05000305175781,107.05000305175781,106.5999984741211,106.6500015258789,85.34030151367188,2984700
2017-05-24,106.6500015258789,106.93000030517578,106.55000305175781,106.87000274658203,85.51636505126953,1776300
2017-05-25,106.93000030517578,106.9800033569336,106.80000305175781,106.93000030517578,85.5643081665039,1361000
2017-05-26,107.02999877929688,107.08000183105469,106.94000244140625,107.0,85.6203842163086,1016600
2017-05-30,107.18000030517578,107.2699966430664,107.0999984741211,107.2699966430664,85.83641815185547,2335200
2017-05-31,107.22000122070312,107.4000015258789,107.16000366210938,107.31999969482422,85.87644958496094,1752300
2017-06-01,106.94000244140625,107.12000274658203,106.9000015258789,107.0999984741211,85.83154296875,1769300
2017-06-02,107.5,107.69000244140625,107.41000366210938,107.56999969482422,86.20825958251953,1803200
2017-06-05,107.4000015258789,107.48999786376953,107.37000274658203,107.38999938964844,86.0639877319336,1414900
2017-06-06,107.77999877929688,107.83000183105469,107.66000366210938,107.7300033569336,86.33650207519531,2078900
2017-06-07,107.62000274658203,107.70999908447266,107.43000030517578,107.52999877929688,86.1761703491211,1795800
2017-06-08,107.43000030517578,107.43000030517578,107.16999816894531,107.36000061035156,86.03992462158203,3863000
2017-06-09,107.1500015258789,107.33999633789062,107.11000061035156,107.26000213623047,85.95978546142578,1203400
2017-06-12,107.12000274658203,107.44999694824219,107.12000274658203,107.23999786376953,85.9437255859375,766700
2017-06-13,107.13999938964844,107.31999969482422,107.13999938964844,107.27999877929688,85.97581481933594,682300
2017-06-14,107.91999816894531,108.16999816894531,107.70999908447266,107.83999633789062,86.42461395263672,3712100
2017-06-15,107.69000244140625,107.72000122070312,107.56999969482422,107.6500015258789,86.2723159790039,2000400
2017-06-16,107.66999816894531,107.83000183105469,107.66999816894531,107.70999908447266,86.32042694091797,3460300
2017-06-19,107.58999633789062,107.62999725341797,107.41000366210938,107.41000366210938,86.08000183105469,1105900
2017-06-20,107.5,107.76000213623047,107.5,107.68000030517578,86.29640197753906,1252000
2017-06-21,107.55999755859375,107.73999786376953,107.54000091552734,107.66999816894531,86.28833770751953,1159800
2017-06-22,107.83000183105469,107.86000061035156,107.63999938964844,107.7699966430664,86.36849975585938,1160100
2017-06-23,107.72000122070312,107.83999633789062,107.66999816894531,107.80000305175781,86.39256286621094,1581000
2017-06-26,107.9000015258789,108.01000213623047,107.87999725341797,107.88999938964844,86.4646987915039,3625000
2017-06-27,107.5199966430664,107.55000305175781,107.26000213623047,107.36000061035156,86.03992462158203,1755200
2017-06-28,107.30999755859375,107.30999755859375,107.08999633789062,107.26000213623047,85.95978546142578,1530900
2017-06-29,106.69999694824219,106.97000122070312,106.63999938964844,106.86000061035156,85.63923645019531,1997200
2017-06-30,106.83999633789062,106.83999633789062,106.54000091552734,106.61000061035156,85.43885803222656,1909600
2017-07-03,106.44999694824219,106.45999908447266,106.01000213623047,106.05999755859375,85.12506103515625,1255300
2017-07-05,106.04000091552734,106.26000213623047,105.9800033569336,106.13999938964844,85.18927001953125,10477800
2017-07-06,105.94000244140625,105.97000122070312,105.7300033569336,105.94000244140625,85.02873992919922,1794300
2017-07-07,105.80999755859375,105.88999938964844,105.72000122070312,105.7699966430664,84.89228057861328,1799900
2017-07-10,105.83999633789062,106.01000213623047,105.83000183105469,105.91000366210938,85.00467681884766,1247700
2017-07-11,105.87000274658203,106.08000183105469,105.83999633789062,106.05000305175781,85.11703491210938,1112600
2017-07-12,106.44999694824219,106.51000213623047,106.31999969482422,106.36000061035156,85.3658447265625,2451700
2017-07-13,106.3499984741211,106.3499984741211,106.05000305175781,106.25,85.27757263183594,2095900
2017-07-14,106.69000244140625,106.73999786376953,106.37999725341797,106.4000015258789,85.39791870117188,1260400
2017-07-17,106.45999908447266,106.61000061035156,106.4000015258789,106.52999877929688,85.50227355957031,1289200
2017-07-18,106.87000274658203,106.97000122070312,106.77999877929688,106.91999816894531,85.8153076171875,1776100
2017-07-19,106.93000030517578,107.01000213623047,106.8499984741211,106.91999816894531,85.8153076171875,2466000
2017-07-20,107.0999984741211,107.16000366210938,106.91000366210938,106.94999694824219,85.83937072753906,2317200
2017-07-21,107.1500015258789,107.2699966430664,107.12000274658203,107.13999938964844,85.99187469482422,1664200
2017-07-24,107.08000183105469,107.1500015258789,106.98999786376953,107.06999969482422,85.9356918334961,2342700
2017-07-25,106.69999694824219,106.69999694824219,106.44000244140625,106.47000122070312,85.4540786743164,2513600
2017-07-26,106.47000122070312,106.91999816894531,106.41000366210938,106.80999755859375,85.72701263427734,3010400
2017-07-27,106.5999984741211,106.7300033569336,106.5199966430664,106.63999938964844,85.590576171875,1853000
2017-07-28,106.62999725341797,106.8499984741211,106.5999984741211,106.81999969482422,85.73503875732422,1001600
2017-07-31,106.76000213623047,106.86000061035156,106.69000244140625,106.8499984741211,85.75910186767578,921800
2017-08-01,106.5199966430664,106.98999786376953,106.47000122070312,106.94999694824219,85.97212982177734,1958300
2017-08-02,106.9000015258789,107.05000305175781,106.83999633789062,106.8499984741211,85.8917236328125,516100
2017-08-03,107.06999969482422,107.25,106.9800033569336,107.22000122070312,86.18917083740234,1576200
2017-08-04,106.97000122070312,106.97000122070312,106.69999694824219,106.93000030517578,85.95604705810547,1266100
2017-08-07,106.87999725341797,107.0,106.81999969482422,106.98999786376953,86.0042724609375,554100
2017-08-08,106.94999694824219,106.95999908447266,106.7300033569336,106.9000015258789,85.93194580078125,1277800
2017-08-09,107.29000091552734,107.31999969482422,107.02999877929688,107.02999877929688,86.03643798828125,1268000
2017-08-10,107.23999786376953,107.47000122070312,107.22000122070312,107.43000030517578,86.35801696777344,1412000
2017-08-11,107.37000274658203,107.62000274658203,107.31999969482422,107.55000305175781,86.4544906616211,911000
2017-08-14,107.33999633789062,107.44999694824219,107.25,107.29000091552734,86.24547576904297,1386100
2017-08-15,106.86000061035156,107.05999755859375,106.83000183105469,106.97000122070312,85.98822784423828,1146300
2017-08-16,106.87000274658203,107.33000183105469,106.8499984741211,107.16999816894531,86.14900207519531,2160100
2017-08-17,107.20999908447266,107.58999633789062,107.16999816894531,107.55000305175781,86.4544906616211,1637300
2017-08-18,107.73999786376953,107.80999755859375,107.41000366210938,107.56999969482422,86.47053527832031,1235700
2017-08-21,107.5999984741211,107.70999908447266,107.55999755859375,107.63999938964844,86.52680206298828,718800
2017-08-22,107.54000091552734,107.54000091552734,107.37000274658203,107.43000030517578,86.35801696777344,984500
2017-08-23,107.66000366210938,107.80000305175781,107.56999969482422,107.80000305175781,86.65540313720703,1246100
2017-08-24,107.62999725341797,107.75,107.56999969482422,107.62999725341797,86.51873779296875,2520900
2017-08-25,107.63999938964844,107.87000274658203,107.56999969482422,107.80999755859375,86.6634521484375,1007500
2017-08-28,107.76000213623047,107.91999816894531,107.72000122070312,107.91000366210938,86.74384307861328,921700
2017-08-29,108.41000366210938,108.43000030517578,108.04000091552734,108.16000366210938,86.94478607177734,1590200
2017-08-30,107.98999786376953,108.12999725341797,107.98999786376953,108.06999969482422,86.8724136352539,1299900
2017-08-31,108.08000183105469,108.25,108.06999969482422,108.23999786376953,87.00910949707031,1023600
2017-09-01,107.95999908447266,107.98999786376953,107.69999694824219,107.76000213623047,86.75310516357422,3460000
2017-09-05,108.16000366210938,108.5199966430664,108.12999725341797,108.51000213623047,87.35690307617188,3054800
2017-09-06,108.4800033569336,108.55000305175781,108.12999725341797,108.25,87.1475830078125,1601500
2017-09-07,108.3499984741211,108.80999755859375,108.3499984741211,108.72000122070312,87.5259780883789,4292500
2017-09-08,108.68000030517578,108.68000030517578,108.5,108.63999938964844,87.46159362792969,1249100
2017-09-11,108.19999694824219,108.23999786376953,108.0199966430664,108.0199966430664,86.96240234375,2206200
2017-09-12,107.8499984741211,107.8499984741211,107.66000366210938,107.76000213623047,86.75310516357422,3167800
2017-09-13,107.77999877929688,107.77999877929688,107.5199966430664,107.54000091552734,86.57598114013672,1590900
2017-09-14,107.43000030517578,107.58000183105469,107.4000015258789,107.55999755859375,86.59208679199219,1377700
2017-09-15,107.56999969482422,107.69000244140625,107.37999725341797,107.69000244140625,86.69676971435547,1477000
2017-09-18,107.26000213623047,107.36000061035156,107.16999816894531,107.2699966430664,86.35863494873047,3032500
2017-09-19,107.30000305175781,107.3499984741211,107.12000274658203,107.1500015258789,86.2619857788086,673300
2017-09-20,107.25,107.2699966430664,106.7699966430664,106.94000244140625,86.09296417236328,2397500
2017-09-21,106.98999786376953,107.12999725341797,106.80000305175781,106.80000305175781,85.98025512695312,2390000
2017-09-22,107.13999938964844,107.16000366210938,106.95999908447266,106.98999786376953,86.13320922851562,826600
2017-09-25,107.11000061035156,107.38999938964844,107.0,107.30999755859375,86.39080047607422,1927000
2017-09-26,107.20999908447266,107.27999877929688,107.12000274658203,107.22000122070312,86.31837463378906,1061000
2017-09-27,106.69000244140625,106.83000183105469,106.63999938964844,106.66999816894531,85.87556457519531,4039100
2017-09-28,106.54000091552734,106.7300033569336,106.4800033569336,106.6500015258789,85.85948944091797,1873300
2017-09-29,106.76000213623047,106.7699966430664,106.45999908447266,106.5199966430664,85.75485229492188,2037800
2017-10-02,106.41999816894531,106.47000122070312,106.23999786376953,106.23999786376953,85.65726470947266,3221600
2017-10-03,106.2699966430664,106.43000030517578,106.23999786376953,106.38999938964844,85.7782211303711,2521700
2017-10-04,106.48999786376953,106.48999786376953,106.26000213623047,106.36000061035156,85.75403594970703,2198300
2017-10-05,106.4000015258789,106.45999908447266,106.19000244140625,106.25,85.66534423828125,1779900
2017-10-06,105.97000122070312,106.23999786376953,105.8499984741211,106.12000274658203,85.56050872802734,2350600
2017-10-09,106.20999908447266,106.27999877929688,106.13999938964844,106.23999786376953,85.65726470947266,893100
2017-10-10,106.30000305175781,106.52999877929688,106.25,106.27999877929688,85.68952178955078,1123100
2017-10-11,106.43000030517578,106.44000244140625,106.27999877929688,106.4000015258789,85.78629302978516,2841200
2017-10-12,106.47000122070312,106.54000091552734,106.36000061035156,106.5,85.86685180664062,1349300
2017-10-13,106.81999969482422,106.91999816894531,106.69000244140625,106.86000061035156,86.15717315673828,1521700
2017-10-16,106.66999816894531,106.79000091552734,106.56999969482422,106.68000030517578,86.01203155517578,1666100
2017-10-17,106.5199966430664,106.68000030517578,106.5,106.63999938964844,85.97978210449219,673800
2017-10-18,106.30999755859375,106.41000366210938,106.2699966430664,106.37000274658203,85.76211547851562,1788500
2017-10-19,106.66000366210938,106.69999694824219,106.41000366210938,106.4800033569336,85.85076141357422,1518700
2017-10-20,106.13999938964844,106.20999908447266,106.0,106.04000091552734,85.49602508544922,2651400
2017-10-23,106.08999633789062,106.20999908447266,106.08999633789062,106.13999938964844,85.57666778564453,709800
2017-10-24,105.87999725341797,105.95999908447266,105.76000213623047,105.81999969482422,85.3186264038086,1605600
2017-10-25,105.47000122070312,105.73999786376953,105.47000122070312,105.6500015258789,85.18155670166016,1838800
2017-10-26,105.75,105.7699966430664,105.5,105.51000213623047,85.06868743896484,2062400
2017-10-27,105.62000274658203,105.86000061035156,105.54000091552734,105.8499984741211,85.34281921386719,1315000
2017-10-30,106.08999633789062,106.23999786376953,106.02999877929688,106.2300033569336,85.6491470336914,1692700
2017-10-31,106.23999786376953,106.25,106.13999938964844,106.16000366210938,85.59276580810547,1178000
2017-11-01,105.91999816894531,106.22000122070312,105.91999816894531,106.05999755859375,85.64444732666016,1321500
2017-11-02,106.18000030517578,106.3499984741211,106.12000274658203,106.19999694824219,85.7574691772461,1997900
2017-11-03,106.33999633789062,106.4000015258789,106.1500015258789,106.37000274658203,85.89479064941406,2532400
2017-11-06,106.47000122070312,106.55999755859375,106.4000015258789,106.5,85.99974822998047,858400
2017-11-07,106.5199966430664,106.62000274658203,106.45999908447266,106.54000091552734,86.03205108642578,734800
2017-11-08,106.58999633789062,106.62999725341797,106.37999725341797,106.41000366210938,85.92709350585938,947800
2017-11-09,106.2699966430664,106.45999908447266,106.2300033569336,106.37000274658203,85.89479064941406,925900
2017-11-10,106.0,106.02999877929688,105.79000091552734,105.83000183105469,85.458740234375,1862000
2017-11-13,105.91000366210938,105.95999908447266,105.7699966430664,105.77999877929688,85.4183349609375,868300
2017-11-14,105.80999755859375,106.0,105.79000091552734,105.93000030517578,85.53946685791016,1629200
2017-11-15,106.27999877929688,106.3499984741211,106.08999633789062,106.30999755859375,85.84626770019531,1933100
2017-11-16,106.13999938964844,106.19999694824219,106.0199966430664,106.04000091552734,85.62825012207031,1749200
2017-11-17,106.2300033569336,106.27999877929688,106.0999984741211,106.18000030517578,85.74136352539062,941200
2017-11-20,106.05000305175781,106.1500015258789,105.94999694824219,106.01000213623047,85.60404968261719,1153400
2017-11-21,106.18000030517578,106.2300033569336,105.94999694824219,106.02999877929688,85.62020111083984,835600
2017-11-22,106.13999938964844,106.41999816894531,106.0999984741211,106.37000274658203,85.89479064941406,1657900
2017-11-24,106.2699966430664,106.33999633789062,106.23999786376953,106.27999877929688,85.82212829589844,614400
2017-11-27,106.33000183105469,106.41999816894531,106.19000244140625,106.3499984741211,85.87862396240234,1927500
2017-11-28,106.51000213623047,106.55000305175781,106.27999877929688,106.37000274658203,85.89479064941406,1388000
2017-11-29,106.0199966430664,106.08000183105469,105.87999725341797,106.02999877929688,85.62020111083984,3193600
2017-11-30,105.95999908447266,106.01000213623047,105.58999633789062,105.69999694824219,85.3537368774414,3306400
2017-12-01,105.69999694824219,106.33999633789062,105.5,105.93000030517578,85.66913604736328,4341500
2017-12-04,105.6500015258789,105.87999725341797,105.63999938964844,105.87999725341797,85.62871551513672,2356200
2017-12-05,105.70999908447266,105.98999786376953,105.69000244140625,105.95999908447266,85.69342041015625,1586000
2017-12-06,106.19999694824219,106.30999755859375,106.16000366210938,106.18000030517578,85.87135314941406,1459000
2017-12-07,106.18000030517578,106.2699966430664,105.86000061035156,105.98999786376953,85.7176742553711,1953400
2017-12-08,105.97000122070312,106.0199966430664,105.83000183105469,105.91000366210938,85.65298461914062,2519500
2017-12-11,105.97000122070312,106.0199966430664,105.80999755859375,105.83999633789062,85.59636688232422,702200
2017-12-12,105.73999786376953,105.76000213623047,105.5999984741211,105.75,85.52359771728516,2557500
2017-12-13,105.9000015258789,106.22000122070312,105.79000091552734,106.18000030517578,85.87135314941406,1477800
2017-12-14,105.98999786376953,106.2300033569336,105.86000061035156,106.13999938964844,85.83897399902344,982100
2017-12-15,105.9800033569336,106.16999816894531,105.91999816894531,106.12000274658203,85.82280731201172,1845200
2017-12-18,106.02999877929688,106.05999755859375,105.83999633789062,105.87999725341797,85.62871551513672,1610300
2017-12-19,105.62000274658203,105.62999725341797,105.25,105.4000015258789,85.24053955078125,4535100
2017-12-20,105.0999984741211,105.29000091552734,105.04000091552734,105.08999633789062,84.98983764648438,3027000
2017-12-21,104.94000244140625,105.01000213623047,104.87000274658203,105.0,85.04975891113281,2098800
2017-12-22,104.98999786376953,105.04000091552734,104.94999694824219,105.04000091552734,85.08219146728516,696900
2017-12-26,105.05000305175781,105.19999694824219,105.02999877929688,105.08000183105469,85.1145248413086,2584800
2017-12-27,105.2300033569336,105.56999969482422,105.2300033569336,105.52999877929688,85.47905731201172,2291500
2017-12-28,105.43000030517578,105.4800033569336,105.33999633789062,105.4000015258789,85.37376403808594,1540500
2017-12-29,105.47000122070312,105.63999938964844,105.45999908447266,105.56999969482422,85.51142120361328,1849600
2018-01-02,105.44000244140625,105.47000122070312,105.08999633789062,105.22000122070312,85.22796630859375,3902000
2018-01-03,105.3499984741211,105.41000366210938,105.22000122070312,105.33000183105469,85.31704711914062,2135900
2018-01-04,105.0999984741211,105.29000091552734,105.0199966430664,105.27999877929688,85.27651977539062,2430000
2018-01-05,105.27999877929688,105.31999969482422,105.05999755859375,105.1500015258789,85.1712417602539,2163600
2018-01-08,105.19999694824219,105.22000122070312,105.01000213623047,105.0999984741211,85.13078308105469,2450600
2018-01-09,104.91999816894531,104.91999816894531,104.58000183105469,104.5999984741211,84.72573852539062,5924200
2018-01-10,104.29000091552734,104.62000274658203,104.2300033569336,104.56999969482422,84.70148468017578,2142500
2018-01-11,104.5199966430664,104.7300033569336,104.41999816894531,104.63999938964844,84.7581558227539,1798700
2018-01-12,104.41999816894531,104.61000061035156,104.4000015258789,104.56999969482422,84.70148468017578,1430700
2018-01-16,104.73999786376953,104.76000213623047,104.4800033569336,104.62000274658203,84.74192810058594,5927500
2018-01-17,104.45999908447266,104.62999725341797,104.31999969482422,104.38999938964844,84.55564880371094,2186100
2018-01-18,104.11000061035156,104.20999908447266,103.9800033569336,104.05999755859375,84.28836059570312,3326100
2018-01-19,104.0,104.0,103.7300033569336,103.79000091552734,84.06965637207031,2921600
2018-01-22,103.87000274658203,103.94999694824219,103.66999816894531,103.75,84.0372543334961,8047400
2018-01-23,103.98999786376953,104.11000061035156,103.9000015258789,104.05000305175781,84.28025817871094,1780100
2018-01-24,103.87000274658203,103.94999694824219,103.7300033569336,103.8499984741211,84.11825561523438,1952200
2018-01-25,103.73999786376953,104.08999633789062,103.62000274658203,104.08000183105469,84.3045654296875,3342000
2018-01-26,103.95999908447266,103.95999908447266,103.66000366210938,103.7699966430664,84.05345153808594,3324500
2018-01-29,103.5,103.55000305175781,103.30999755859375,103.51000213623047,83.8428726196289,2328200
2018-01-30,103.41999816894531,103.4800033569336,103.22000122070312,103.2699966430664,83.6484375,2346900
2018-01-31,103.44000244140625,103.48999786376953,103.0199966430664,103.30000305175781,83.67276763916016,2966400
2018-02-01,103.0999984741211,103.0999984741211,102.56999969482422,102.5999984741211,83.24118041992188,8958300
2018-02-02,102.29000091552734,102.37000274658203,102.11000061035156,102.22000122070312,82.93281555175781,5753500
2018-02-05,102.25,103.30999755859375,102.08999633789062,103.05999755859375,83.61434173583984,6902000
2018-02-06,102.94999694824219,103.04000091552734,102.61000061035156,102.61000061035156,83.24922943115234,5382900
2018-02-07,102.75,102.7699966430664,102.19000244140625,102.30999755859375,83.00586700439453,4773700
2018-02-08,102.02999877929688,102.52999877929688,101.88999938964844,102.4000015258789,83.078857421875,5685300
2018-02-09,102.11000061035156,102.80999755859375,102.11000061035156,102.22000122070312,82.93281555175781,4376900
2018-02-12,102.22000122070312,102.36000061035156,102.08000183105469,102.19000244140625,82.90851593017578,2836300
2018-02-13,102.2699966430664,102.38999938964844,102.18000030517578,102.36000061035156,83.04647827148438,2698100
2018-02-14,102.05999755859375,102.05999755859375,101.62999725341797,101.73999786376953,82.54338836669922,4141900
2018-02-15,101.76000213623047,101.95999908447266,101.73999786376953,101.7699966430664,82.5677490234375,3057300
2018-02-16,102.08999633789062,102.18000030517578,101.95999908447266,102.01000213623047,82.76246643066406,2277800
2018-02-20,101.80999755859375,101.95999908447266,101.72000122070312,101.9000015258789,82.67322540283203,2138300
2018-02-21,102.0,102.0,101.47000122070312,101.5999984741211,82.42977142333984,2253900
2018-02-22,101.76000213623047,101.87000274658203,101.69999694824219,101.73999786376953,82.54338836669922,4411800
2018-02-23,102.01000213623047,102.20999908447266,101.9800033569336,102.12999725341797,82.8598403930664,4484700
2018-02-26,102.36000061035156,102.44999694824219,102.19999694824219,102.25,82.95718383789062,2725600
2018-02-27,102.29000091552734,102.33000183105469,101.73999786376953,101.93000030517578,82.69754791259766,3308900
2018-02-28,102.05000305175781,102.19000244140625,101.97000122070312,102.16999816894531,82.89228820800781,2521400
2018-03-01,102.16000366210938,102.61000061035156,102.02999877929688,102.44999694824219,83.24897766113281,5352600
2018-03-02,102.31999969482422,102.33000183105469,102.01000213623047,102.06999969482422,82.94017791748047,2140800
2018-03-05,102.3499984741211,102.3499984741211,101.81999969482422,101.94000244140625,82.83460235595703,2059300
2018-03-06,101.97000122070312,102.1500015258789,101.91999816894531,101.93000030517578,82.82642364501953,2331300
2018-03-07,102.16000366210938,102.22000122070312,101.91999816894531,101.93000030517578,82.82642364501953,1258100
2018-03-08,102.06999969482422,102.23999786376953,102.0199966430664,102.13999938964844,82.99706268310547,1636700
2018-03-09,101.88999938964844,102.0,101.7699966430664,101.91999816894531,82.81829833984375,1604500
2018-03-12,102.0,102.16999816894531,101.94000244140625,102.16000366210938,83.01333618164062,1885700
2018-03-13,102.31999969482422,102.37999725341797,102.12999725341797,102.33000183105469,83.15149688720703,1742100
2018-03-14,102.2699966430664,102.66000366210938,102.25,102.52999877929688,83.31402587890625,2598900
2018-03-15,102.51000213623047,102.62000274658203,102.38999938964844,102.48999786376953,83.28150177001953,2758000
2018-03-16,102.36000061035156,102.38999938964844,102.23999786376953,102.37000274658203,83.18397521972656,3595300
2018-03-19,102.1500015258789,102.45999908447266,102.13999938964844,102.2699966430664,83.10269927978516,2825000
2018-03-20,102.08999633789062,102.16000366210938,102.04000091552734,102.06999969482422,82.94017791748047,2600600
2018-03-21,101.94000244140625,102.22000122070312,101.68000030517578,102.13999938964844,82.99706268310547,3365600
2018-03-22,102.5199966430664,102.7699966430664,102.38999938964844,102.55999755859375,83.33834075927734,5026500
2018-03-23,102.45999908447266,102.75,102.45999908447266,102.69999694824219,83.45213317871094,2519000
2018-03-26,102.5199966430664,102.6500015258789,102.38999938964844,102.41999816894531,83.22460174560547,4184900
2018-03-27,102.52999877929688,103.05000305175781,102.5199966430664,103.0,83.69590759277344,3495900
2018-03-28,103.20999908447266,103.26000213623047,102.88999938964844,102.9800033569336,83.67969512939453,2762500
2018-03-29,103.01000213623047,103.30999755859375,103.01000213623047,103.19000244140625,83.85032653808594,2572100
2018-04-02,102.94000244140625,103.33999633789062,102.88999938964844,103.12000274658203,83.93575286865234,2748800
2018-04-03,102.95999908447266,103.0,102.75,102.79000091552734,83.66714477539062,4229600
2018-04-04,103.0,103.0,102.68000030517578,102.7300033569336,83.61833190917969,2216900
2018-04-05,102.56999969482422,102.61000061035156,102.43000030517578,102.47000122070312,83.40672302246094,1789300
2018-04-06,102.80000305175781,102.95999908447266,102.66000366210938,102.91999816894531,83.7729721069336,2651200
2018-04-09,102.73999786376953,102.94000244140625,102.6500015258789,102.94000244140625,83.78923797607422,2071100
2018-04-10,102.80999755859375,102.87000274658203,102.68000030517578,102.76000213623047,83.64273071289062,1622400
2018-04-11,102.95999908447266,103.0,102.76000213623047,102.86000061035156,83.7241439819336,2520600
2018-04-12,102.72000122070312,102.7300033569336,102.45999908447266,102.48999786376953,83.4229736328125,2188600
2018-04-13,102.4000015258789,102.62999725341797,102.4000015258789,102.58000183105469,83.49618530273438,2937700
2018-04-16,102.33000183105469,102.55000305175781,102.30999755859375,102.52999877929688,83.45555877685547,1637400
2018-04-17,102.4800033569336,102.66000366210938,102.44000244140625,102.58999633789062,83.50440979003906,1301800
2018-04-18,102.37999725341797,102.5,102.19000244140625,102.19000244140625,83.17880249023438,2127600
2018-04-19,101.94999694824219,102.0199966430664,101.79000091552734,101.91000366210938,82.95085144042969,3181500
2018-04-20,101.77999877929688,101.83999633789062,101.56999969482422,101.56999969482422,82.67414855957031,2309400
2018-04-23,101.4800033569336,101.52999877929688,101.33999633789062,101.47000122070312,82.59272766113281,5022800
2018-04-24,101.33000183105469,101.44999694824219,101.26000213623047,101.3499984741211,82.49507141113281,3178800
2018-04-25,101.19000244140625,101.25,101.05999755859375,101.12999725341797,82.31597900390625,3295800
2018-04-26,101.37000274658203,101.45999908447266,101.30999755859375,101.41999816894531,82.5520248413086,1989500
2018-04-27,101.51000213623047,101.6500015258789,101.5,101.58999633789062,82.69041442871094,2409300
2018-04-30,101.63999938964844,101.80999755859375,101.62000274658203,101.69999694824219,82.77993774414062,3504400
2018-05-01,101.5,101.5,101.30999755859375,101.3499984741211,82.65025329589844,1894000
2018-05-02,101.38999938964844,101.51000213623047,101.30000305175781,101.37000274658203,82.66657257080078,3852600
2018-05-03,101.58000183105469,101.7699966430664,101.55999755859375,101.62999725341797,82.87860870361328,6026900
2018-05-04,101.75,101.79000091552734,101.48999786376953,101.63999938964844,82.88675689697266,2370500
2018-05-07,101.62999725341797,101.66000366210938,101.54000091552734,101.58999633789062,82.84597778320312,1854900
2018-05-08,101.43000030517578,101.5199966430664,101.31999969482422,101.41999816894531,82.7073745727539,1654600
2018-05-09,101.19000244140625,101.30000305175781,101.16000366210938,101.19000244140625,82.51981353759766,2838400
2018-05-10,101.43000030517578,101.4800033569336,101.30000305175781,101.4000015258789,82.69107055664062,4183700
2018-05-11,101.47000122070312,101.47000122070312,101.30000305175781,101.41000366210938,82.69920349121094,2816300
2018-05-14,101.25,101.27999877929688,101.18000030517578,101.19000244140625,82.51981353759766,4762000
2018-05-15,100.80000305175781,100.80000305175781,100.48999786376953,100.62999725341797,82.06314849853516,6812500
2018-05-16,100.5,100.69999694824219,100.41999816894531,100.41999816894531,81.8918685913086,4784200
2018-05-17,100.45999908447266,100.5199966430664,100.33000183105469,100.36000061035156,81.84293365478516,1702300
2018-05-18,100.55000305175781,100.80999755859375,100.55000305175781,100.75,82.1610107421875,2642300
2018-05-21,100.69999694824219,100.83000183105469,100.63999938964844,100.81999969482422,82.21808624267578,2845100
2018-05-22,100.81999969482422,100.83000183105469,100.69000244140625,100.77999877929688,82.18540954589844,1977000
2018-05-23,101.08999633789062,101.30000305175781,101.06999969482422,101.23999786376953,82.56056213378906,5102500
2018-05-24,101.47000122070312,101.63999938964844,101.43000030517578,101.5,82.77261352539062,2994100
2018-05-25,101.80999755859375,101.91000366210938,101.76000213623047,101.9000015258789,83.09879302978516,2838400
2018-05-29,102.3499984741211,103.19999694824219,102.23999786376953,103.0,83.99581146240234,11256200
2018-05-30,102.56999969482422,102.72000122070312,102.37999725341797,102.55999755859375,83.63704681396484,4512200
2018-05-31,102.56999969482422,102.73999786376953,102.33999633789062,102.51000213623047,83.59628295898438,5321700
2018-06-01,101.8499984741211,102.08999633789062,101.7699966430664,101.93000030517578,83.28733825683594,7891000
2018-06-04,101.81999969482422,101.83000183105469,101.56999969482422,101.56999969482422,82.99324035644531,3131800
2018-06-05,101.83999633789062,101.97000122070312,101.72000122070312,101.83000183105469,83.20569610595703,4305500
2018-06-06,101.55999755859375,101.58999633789062,101.36000061035156,101.41999816894531,82.87066650390625,3910500
2018-06-07,101.41999816894531,102.12999725341797,101.38999938964844,101.8499984741211,83.22203826904297,4400400
2018-06-08,101.73999786376953,101.86000061035156,101.68000030517578,101.70999908447266,83.10762023925781,7342800
2018-06-11,101.52999877929688,101.63999938964844,101.51000213623047,101.61000061035156,83.0259017944336,1875800
2018-06-12,101.47000122070312,101.5999984741211,101.44999694824219,101.55000305175781,82.97686767578125,1664800
2018-06-13,101.58000183105469,101.6500015258789,101.16000366210938,101.43000030517578,82.87885284423828,3294700
2018-06-14,101.62000274658203,101.76000213623047,101.54000091552734,101.75,83.1402816772461,3626400
2018-06-15,101.97000122070312,102.0999984741211,101.80000305175781,101.83000183105469,83.20569610595703,5826500
2018-06-18,101.95999908447266,101.9800033569336,101.80000305175781,101.87999725341797,83.24654388427734,4600500
2018-06-19,102.18000030517578,102.27999877929688,102.08999633789062,102.1500015258789,83.46714782714844,4172800
2018-06-20,102.11000061035156,102.12999725341797,101.80999755859375,101.81999969482422,83.19754028320312,3059000
2018-06-21,101.9800033569336,102.16999816894531,101.9800033569336,102.08999633789062,83.41814422607422,2680500
2018-06-22,101.95999908447266,102.16000366210938,101.94999694824219,102.11000061035156,83.43450164794922,2309500
2018-06-25,102.22000122070312,102.4000015258789,102.20999908447266,102.25,83.54888153076172,8110800
2018-06-26,102.2699966430664,102.36000061035156,102.20999908447266,102.30000305175781,83.58971405029297,3873200
2018-06-27,102.55999755859375,102.7300033569336,102.4800033569336,102.69000244140625,83.90838623046875,3044200
2018-06-28,102.68000030517578,102.70999908447266,102.51000213623047,102.58999633789062,83.82669067382812,3705600
2018-06-29,102.58000183105469,102.68000030517578,102.5,102.51000213623047,83.76132202148438,2721200
2018-07-02,102.41999816894531,102.44999694824219,102.22000122070312,102.25,83.70403289794922,3911500
2018-07-03,102.29000091552734,102.51000213623047,102.27999877929688,102.51000213623047,83.9168472290039,1463800
2018-07-05,102.4800033569336,102.63999938964844,102.45999908447266,102.5199966430664,83.92501831054688,1682300
2018-07-06,102.63999938964844,102.70999908447266,102.5199966430664,102.61000061035156,83.99868774414062,3206500
2018-07-09,102.37000274658203,102.44000244140625,102.33000183105469,102.3499984741211,83.7858657836914,2258800
2018-07-10,102.25,102.36000061035156,102.20999908447266,102.2699966430664,83.7203369140625,4461100
2018-07-11,102.45999908447266,102.51000213623047,102.31999969482422,102.4800033569336,83.89228057861328,2198700
2018-07-12,102.3499984741211,102.4800033569336,102.33000183105469,102.44000244140625,83.85955810546875,1385900
2018-07-13,102.55000305175781,102.63999938964844,102.4800033569336,102.61000061035156,83.99868774414062,2891800
2018-07-16,102.38999938964844,102.4800033569336,102.26000213623047,102.44000244140625,83.85955810546875,1782600
2018-07-17,102.5,102.5,102.3499984741211,102.37999725341797,83.81040954589844,1034700
2018-07-18,102.43000030517578,102.44999694824219,102.2699966430664,102.30000305175781,83.74493408203125,1355300
2018-07-19,102.37000274658203,102.66999816894531,102.3499984741211,102.58000183105469,83.9741439819336,4201700
2018-07-20,102.45999908447266,102.45999908447266,102.18000030517578,102.22000122070312,83.67941284179688,3362700
2018-07-23,102.0999984741211,102.11000061035156,101.69999694824219,101.72000122070312,83.27015686035156,5285700
2018-07-24,101.69999694824219,101.83999633789062,101.62999725341797,101.79000091552734,83.32744598388672,3293800
2018-07-25,101.91000366210938,101.9800033569336,101.66000366210938,101.72000122070312,83.27015686035156,2403800
2018-07-26,101.81999969482422,101.87000274658203,101.58999633789062,101.61000061035156,83.18004608154297,2598200
2018-07-27,101.83999633789062,101.83999633789062,101.68000030517578,101.7699966430664,83.3110580444336,1435100
2018-07-30,101.56999969482422,101.76000213623047,101.55999755859375,101.63999938964844,83.20465850830078,3832700
2018-07-31,101.80000305175781,101.83000183105469,101.70999908447266,101.77999877929688,83.31929779052734,3053600
2018-08-01,101.26000213623047,101.41000366210938,101.19000244140625,101.33999633789062,83.12239837646484,5366800
2018-08-02,101.41000366210938,101.4800033569336,101.31999969482422,101.45999908447266,83.22084045410156,3370800
2018-08-03,101.54000091552734,101.75,101.52999877929688,101.72000122070312,83.43408966064453,2174800
2018-08-06,101.79000091552734,101.94999694824219,101.76000213623047,101.7699966430664,83.47510528564453,3867200
2018-08-07,101.70999908447266,101.70999908447266,101.54000091552734,101.55999755859375,83.30281829833984,2181400
2018-08-08,101.58999633789062,101.70999908447266,101.58000183105469,101.6500015258789,83.37665557861328,2777900
2018-08-09,101.80999755859375,101.93000030517578,101.79000091552734,101.93000030517578,83.60628509521484,4318000
2018-08-10,102.19999694824219,102.5,102.16999816894531,102.37000274658203,83.96724700927734,4327800
2018-08-13,102.30999755859375,102.45999908447266,102.2300033569336,102.33999633789062,83.94263458251953,1764700
2018-08-14,102.31999969482422,102.33000183105469,102.19000244140625,102.23999786376953,83.86058044433594,2487600
2018-08-15,102.45999908447266,102.68000030517578,102.43000030517578,102.48999786376953,84.065673828125,4810700
2018-08-16,102.51000213623047,102.5199966430664,102.27999877929688,102.45999908447266,84.04106140136719,2594400
2018-08-17,102.55000305175781,102.63999938964844,102.4000015258789,102.5,84.0738525390625,3043400
2018-08-20,102.69999694824219,102.86000061035156,102.68000030517578,102.81999969482422,84.3363265991211,2901100
2018-08-21,102.7300033569336,102.7300033569336,102.61000061035156,102.68000030517578,84.22151184082031,2516700
2018-08-22,102.95999908447266,102.95999908447266,102.7699966430664,102.87000274658203,84.37735748291016,2396500
2018-08-23,102.91000366210938,102.94999694824219,102.83000183105469,102.86000061035156,84.36912536621094,871000
2018-08-24,102.68000030517578,102.91000366210938,102.63999938964844,102.88999938964844,84.39373779296875,1296600
2018-08-27,102.75,102.77999877929688,102.63999938964844,102.66000366210938,84.20509338378906,1851900
2018-08-28,102.4800033569336,102.5199966430664,102.38999938964844,102.43000030517578,84.01642608642578,1506300
2018-08-29,102.45999908447266,102.47000122070312,102.30000305175781,102.4000015258789,83.99179077148438,1420400
2018-08-30,102.54000091552734,102.68000030517578,102.51000213623047,102.58999633789062,84.14768981933594,2780900
2018-08-31,102.81999969482422,102.83000183105469,102.5999984741211,102.61000061035156,84.1640853881836,2132200
2018-09-04,102.26000213623047,102.31999969482422,102.12000274658203,102.16999816894531,83.97179412841797,3419500
2018-09-05,102.1500015258789,102.2300033569336,102.05000305175781,102.16000366210938,83.96353149414062,1332300
2018-09-06,102.22000122070312,102.44999694824219,102.20999908447266,102.37000274658203,84.13613891601562,1656700
2018-09-07,102.01000213623047,102.04000091552734,101.87000274658203,101.91000366210938,83.75806427001953,4405000
2018-09-10,101.88999938964844,102.01000213623047,101.88999938964844,101.97000122070312,83.80740356445312,3110800
2018-09-11,101.7699966430664,101.80000305175781,101.5999984741211,101.5999984741211,83.5032730102539,3360500
2018-09-12,101.76000213623047,101.80999755859375,101.72000122070312,101.72000122070312,83.6019287109375,1398800
2018-09-13,101.86000061035156,101.86000061035156,101.69000244140625,101.70999908447266,83.5937271118164,1281600
2018-09-14,101.51000213623047,101.62000274658203,101.45999908447266,101.5199966430664,83.43755340576172,3749900
2018-09-17,101.41000366210938,101.58000183105469,101.37999725341797,101.54000091552734,83.4539794921875,3808400
2018-09-18,101.41000366210938,101.41999816894531,101.08999633789062,101.12000274658203,83.10879516601562,4972900
2018-09-19,101.05999755859375,101.06999969482422,100.80000305175781,100.94999694824219,82.96904754638672,5515900
2018-09-20,100.83000183105469,101.05999755859375,100.80000305175781,100.95999908447266,82.9773178100586,2973500
2018-09-21,100.9000015258789,101.05999755859375,100.9000015258789,101.0,83.01016235351562,1024100
2018-09-24,100.8499984741211,101.01000213623047,100.83999633789062,100.88999938964844,82.91978454589844,2389800
2018-09-25,100.7699966430664,100.80999755859375,100.68000030517578,100.79000091552734,82.83758544921875,2878300
2018-09-26,100.88999938964844,101.13999938964844,100.83999633789062,101.12000274658203,83.10879516601562,2502900
2018-09-27,101.05000305175781,101.1500015258789,100.98999786376953,101.12000274658203,83.10879516601562,6342800
2018-09-28,101.29000091552734,101.30000305175781,101.12999725341797,101.16999816894531,83.14990997314453,3931000
2018-10-01,100.83000183105469,100.88999938964844,100.70999908447266,100.70999908447266,82.9390640258789,6408000
2018-10-02,100.86000061035156,101.04000091552734,100.86000061035156,100.97000122070312,83.15321350097656,2915000
2018-10-03,100.77999877929688,100.79000091552734,100.08999633789062,100.22000122070312,82.53556060791016,6612700
2018-10-04,99.9800033569336,100.12999725341797,99.87999725341797,99.95999908447266,82.32140350341797,6427500
2018-10-05,99.81999969482422,99.91000366210938,99.5999984741211,99.72000122070312,82.12372589111328,5676600
2018-10-08,99.81999969482422,99.86000061035156,99.73999786376953,99.76000213623047,82.15669250488281,1947800
2018-10-09,99.79000091552734,99.94999694824219,99.76000213623047,99.94999694824219,82.31317138671875,3066300
2018-10-10,99.70999908447266,100.02999877929688,99.66999816894531,100.0,82.35436248779297,3001900
2018-10-11,100.22000122070312,100.55000305175781,100.08999633789062,100.41000366210938,82.69197082519531,5821500
2018-10-12,100.29000091552734,100.52999877929688,100.23999786376953,100.29000091552734,82.59318542480469,2647900
2018-10-15,100.38999938964844,100.44000244140625,100.26000213623047,100.3499984741211,82.6426010131836,1860000
2018-10-16,100.2699966430664,100.3499984741211,100.19999694824219,100.33999633789062,82.63434600830078,2703900
2018-10-17,100.31999969482422,100.41999816894531,100.05000305175781,100.05000305175781,82.39556121826172,3336200
2018-10-18,100.0,100.4000015258789,99.94999694824219,100.2300033569336,82.54374694824219,2587700
2018-10-19,100.22000122070312,100.23999786376953,100.02999877929688,100.11000061035156,82.44493103027344,5531900
2018-10-22,100.22000122070312,100.26000213623047,100.12000274658203,100.12999725341797,82.46138000488281,1690100
2018-10-23,100.6500015258789,100.79000091552734,100.33999633789062,100.38999938964844,82.67552947998047,4420100
2018-10-24,100.66999816894531,100.95999908447266,100.5999984741211,100.93000030517578,83.1202163696289,4881200
2018-10-25,100.75,100.81999969482422,100.5999984741211,100.69000244140625,82.92256927490234,3559900
2018-10-26,101.06999969482422,101.30000305175781,101.04000091552734,101.13999938964844,83.29315948486328,4220800
2018-10-29,101.01000213623047,101.23999786376953,100.8499984741211,101.12999725341797,83.28495025634766,3766900
2018-10-30,100.94000244140625,101.05999755859375,100.87000274658203,100.91000366210938,83.10376739501953,5746600
2018-10-31,100.61000061035156,100.73999786376953,100.55000305175781,100.66000366210938,82.89789581298828,3956700
2018-11-01,100.36000061035156,100.56999969482422,100.33000183105469,100.52999877929688,82.96883392333984,4834300
2018-11-02,100.29000091552734,100.31999969482422,99.93000030517578,99.97000122070312,82.5066909790039,5250900
2018-11-05,100.16000366210938,100.19999694824219,100.02999877929688,100.02999877929688,82.55619812011719,2446700
2018-11-06,100.0999984741211,100.0999984741211,99.91000366210938,99.91999816894531,82.46546936035156,2456700
2018-11-07,100.08999633789062,100.16999816894531,99.91000366210938,99.91999816894531,82.46546936035156,3297600
2018-11-08,100.0,100.0199966430664,99.75,99.77999877929688,82.34986877441406,2188900
2018-11-09,99.93000030517578,100.22000122070312,99.91999816894531,100.16999816894531,82.67174530029297,2772700
2018-11-12,100.37999725341797,100.51000213623047,100.33000183105469,100.47000122070312,82.91934967041016,3704900
2018-11-13,100.41999816894531,100.58000183105469,100.3499984741211,100.55000305175781,82.98538970947266,3265000
2018-11-14,100.43000030517578,100.95999908447266,100.38999938964844,100.76000213623047,83.15867614746094,4626400
2018-11-15,101.01000213623047,101.05999755859375,100.70999908447266,100.83000183105469,83.21641540527344,2621300
2018-11-16,101.05999755859375,101.18000030517578,100.9800033569336,101.13999938964844,83.47232818603516,7226700
2018-11-19,101.05999755859375,101.31999969482422,101.05999755859375,101.29000091552734,83.59610748291016,3447800
2018-11-20,101.31999969482422,101.41999816894531,101.2300033569336,101.2699966430664,83.57957458496094,3658600
2018-11-21,101.18000030517578,101.25,101.06999969482422,101.25,83.56312561035156,1897000
2018-11-23,101.45999908447266,101.47000122070312,101.30999755859375,101.30999755859375,83.61258697509766,531200
2018-11-26,101.19000244140625,101.2300033569336,101.12999725341797,101.2300033569336,83.54657745361328,2345600
2018-11-27,101.19999694824219,101.4000015258789,101.19000244140625,101.33000183105469,83.62910461425781,2334400
2018-11-28,101.25,101.45999908447266,101.16999816894531,101.31999969482422,83.6208724975586,3582500
2018-11-29,101.58999633789062,101.7300033569336,101.45999908447266,101.58000183105469,83.83541107177734,4313000
2018-11-30,101.7300033569336,101.81999969482422,101.66000366210938,101.77999877929688,84.00051879882812,3069700
2018-12-03,101.44000244140625,101.79000091552734,101.41000366210938,101.79000091552734,84.18408966064453,6008500
2018-12-04,101.97000122070312,102.45999908447266,101.94000244140625,102.26000213623047,84.57279968261719,7748800
2018-12-06,102.6500015258789,102.97000122070312,102.5,102.5199966430664,84.78787231445312,9429900
2018-12-07,102.48999786376953,102.86000061035156,102.36000061035156,102.81999969482422,85.03597259521484,7319100
2018-12-10,102.83999633789062,103.04000091552734,102.70999908447266,102.87999725341797,85.08557891845703,9045700
2018-12-11,102.63999938964844,102.8499984741211,102.5,102.62000274658203,84.87052154541016,5290100
2018-12-12,102.44999694824219,102.5,102.30999755859375,102.33999633789062,84.63899230957031,3727200
2018-12-13,102.45999908447266,102.5,102.33999633789062,102.4000015258789,84.68861389160156,4116000
2018-12-14,102.56999969482422,102.72000122070312,102.5199966430664,102.55999755859375,84.82093811035156,3530000
2018-12-17,102.66000366210938,102.93000030517578,102.6500015258789,102.86000061035156,85.06900024414062,7627000
2018-12-18,102.75,102.94999694824219,102.68000030517578,102.9000015258789,85.27871704101562,4461400
2018-12-19,103.01000213623047,103.4800033569336,102.77999877929688,103.26000213623047,85.57706451416016,7710900
2018-12-20,103.44999694824219,103.47000122070312,103.08999633789062,103.12999725341797,85.46931457519531,9245200
2018-12-21,103.19999694824219,103.2300033569336,103.05999755859375,103.22000122070312,85.54393768310547,4918800
2018-12-24,103.37999725341797,103.48999786376953,103.26000213623047,103.4800033569336,85.7593994140625,6373000
2018-12-26,103.47000122070312,103.62000274658203,102.94999694824219,102.98999786376953,85.3532943725586,5477700
2018-12-27,103.43000030517578,103.62999725341797,103.2300033569336,103.25,85.56877136230469,4602100
2018-12-28,103.41999816894531,103.81999969482422,103.38999938964844,103.80999755859375,86.03285217285156,4543100
2018-12-31,103.69000244140625,104.66000366210938,103.62999725341797,104.19999694824219,86.35613250732422,7227500
2019-01-02,104.30999755859375,104.43000030517578,104.18000030517578,104.41999816894531,86.53843688964844,18668600
2019-01-03,104.45999908447266,105.31999969482422,104.44000244140625,105.25,87.22630310058594,10616700
2019-01-04,104.55000305175781,104.58999633789062,104.2699966430664,104.4000015258789,86.52183532714844,6616700
2019-01-07,104.5199966430664,104.56999969482422,104.06999969482422,104.11000061035156,86.281494140625,5459200
2019-01-08,104.0,104.08999633789062,103.8499984741211,103.8499984741211,86.0660400390625,6879500
2019-01-09,103.83999633789062,103.98999786376953,103.7699966430664,103.91000366210938,86.1157455444336,3248700
2019-01-10,104.06999969482422,104.13999938964844,103.79000091552734,103.86000061035156,86.07431030273438,14413000
2019-01-11,104.13999938964844,104.26000213623047,104.06999969482422,104.16999816894531,86.33122253417969,3825700
2019-01-14,104.20999908447266,104.29000091552734,104.05000305175781,104.11000061035156,86.281494140625,3090100
2019-01-15,104.29000091552734,104.29000091552734,103.97000122070312,104.01000213623047,86.19863891601562,4148000
2019-01-16,103.88999938964844,104.0,103.80999755859375,103.94999694824219,86.14891815185547,4820800
2019-01-17,103.9000015258789,103.94999694824219,103.68000030517578,103.76000213623047,85.99147033691406,5328100
2019-01-18,103.61000061035156,103.72000122070312,103.3499984741211,103.43000030517578,85.71797180175781,6617500
2019-01-22,103.72000122070312,103.91000366210938,103.66999816894531,103.79000091552734,86.01629638671875,5814400
2019-01-23,103.61000061035156,103.8499984741211,103.58000183105469,103.73999786376953,85.9748764038086,3507300
2019-01-24,104.05999755859375,104.18000030517578,103.9800033569336,104.06999969482422,86.24835968017578,6030700
2019-01-25,103.88999938964844,103.94000244140625,103.7300033569336,103.83000183105469,86.0494384765625,2763300
2019-01-28,103.79000091552734,103.9800033569336,103.79000091552734,103.86000061035156,86.07431030273438,3116100
2019-01-29,103.94000244140625,104.16000366210938,103.93000030517578,104.16000366210938,86.32295227050781,2836700
2019-01-30,104.05000305175781,104.43000030517578,103.95999908447266,104.4000015258789,86.52183532714844,5788300
2019-01-31,104.63999938964844,104.93000030517578,104.61000061035156,104.87999725341797,86.91964721679688,10206500
2019-02-01,104.47000122070312,104.48999786376953,104.08999633789062,104.0999984741211,86.45454406738281,9191900
2019-02-04,103.97000122070312,103.97000122070312,103.80999755859375,103.87000274658203,86.26358032226562,7283500
2019-02-05,104.0,104.18000030517578,103.98999786376953,104.05000305175781,86.41307067871094,3331100
2019-02-06,104.27999877929688,104.29000091552734,104.06999969482422,104.12999725341797,86.47945404052734,3489800
2019-02-07,104.41999816894531,104.55000305175781,104.3499984741211,104.47000122070312,86.76184844970703,6937400
2019-02-08,104.62999725341797,104.7300033569336,104.58999633789062,104.61000061035156,86.87812805175781,2602700
2019-02-11,104.44999694824219,104.54000091552734,104.37000274658203,104.44999694824219,86.74519348144531,2637200
2019-02-12,104.37999725341797,104.38999938964844,104.22000122070312,104.30999755859375,86.62893676757812,3305300
2019-02-13,104.06999969482422,104.16999816894531,104.0,104.05000305175781,86.41307067871094,3772100
2019-02-14,104.61000061035156,104.62000274658203,104.41000366210938,104.54000091552734,86.81999969482422,10568700
2019-02-15,104.3499984741211,104.47000122070312,104.33999633789062,104.44000244140625,86.73695373535156,6879000
2019-02-19,104.62999725341797,104.69999694824219,104.55000305175781,104.62000274658203,86.88641357421875,8557400
2019-02-20,104.62000274658203,104.69999694824219,104.5199966430664,104.5999984741211,86.86979675292969,4751100
2019-02-21,104.30000305175781,104.33999633789062,104.22000122070312,104.29000091552734,86.61235046386719,4140200
2019-02-22,104.5,104.72000122070312,104.45999908447266,104.5999984741211,86.86979675292969,3351000
2019-02-25,104.43000030517578,104.5,104.36000061035156,104.44000244140625,86.73695373535156,2849600
2019-02-26,104.75,104.79000091552734,104.5999984741211,104.75,86.9943618774414,2647700
2019-02-27,104.56999969482422,104.58000183105469,104.30000305175781,104.37999725341797,86.68712615966797,2530600
2019-02-28,104.33999633789062,104.3499984741211,104.05999755859375,104.11000061035156,86.46287536621094,4949900
2019-03-01,103.73999786376953,103.8499984741211,103.56999969482422,103.56999969482422,86.17912292480469,9003000
2019-03-04,103.7300033569336,103.94999694824219,103.66000366210938,103.88999938964844,86.44541931152344,3506600
2019-03-05,103.7699966430664,103.95999908447266,103.69999694824219,103.94999694824219,86.49532318115234,2112200
2019-03-06,103.98999786376953,104.29000091552734,103.98999786376953,104.23999786376953,86.73665618896484,2401600
2019-03-07,104.44000244140625,104.66999816894531,104.43000030517578,104.58999633789062,87.02782440185547,4822900
2019-03-08,104.69000244140625,104.83000183105469,104.58000183105469,104.73999786376953,87.15267181396484,5212000
2019-03-11,104.7300033569336,104.7300033569336,104.56999969482422,104.66000366210938,87.0860824584961,4654100
2019-03-12,104.73999786376953,105.0,104.69999694824219,104.94999694824219,87.32737731933594,4942800
2019-03-13,104.83999633789062,104.94000244140625,104.80000305175781,104.91000366210938,87.29412078857422,1715000
2019-03-14,104.86000061035156,104.91000366210938,104.6500015258789,104.76000213623047,87.1693344116211,2514700
2019-03-15,105.08000183105469,105.16999816894531,104.97000122070312,105.08999633789062,87.44388580322266,7846600
2019-03-18,104.98999786376953,105.08000183105469,104.94000244140625,104.94999694824219,87.32737731933594,4166200
2019-03-19,104.77999877929688,104.98999786376953,104.75,104.87999725341797,87.2691650390625,2138000
2019-03-20,105.02999877929688,105.63999938964844,105.01000213623047,105.61000061035156,87.87660217285156,8061700
2019-03-21,105.7300033569336,105.75,105.4800033569336,105.55999755859375,87.83496856689453,4633500
2019-03-22,106.08999633789062,106.51000213623047,106.04000091552734,106.33999633789062,88.48400115966797,4721900
2019-03-25,106.33999633789062,106.86000061035156,106.25,106.61000061035156,88.70864868164062,7828800
2019-03-26,106.38999938964844,106.69000244140625,106.33999633789062,106.5199966430664,88.63378143310547,7483700
2019-03-27,106.80999755859375,107.08000183105469,106.75,106.83000183105469,88.8917236328125,3555900
2019-03-28,106.80000305175781,106.91000366210938,106.66000366210938,106.83999633789062,88.9000244140625,3769600
2019-03-29,106.47000122070312,106.68000030517578,106.44000244140625,106.66999816894531,88.75859832763672,2748900
2019-04-01,106.0999984741211,106.12999725341797,105.68000030517578,105.72000122070312,88.14826965332031,9430400
2019-04-02,105.81999969482422,105.91999816894531,105.76000213623047,105.9000015258789,88.2983627319336,7318600
2019-04-03,105.56999969482422,105.69000244140625,105.5199966430664,105.56999969482422,88.02318572998047,5207300
2019-04-04,105.62000274658203,105.72000122070312,105.55000305175781,105.68000030517578,88.11488342285156,2293700
2019-04-05,105.5999984741211,105.80000305175781,105.58999633789062,105.7300033569336,88.1565933227539,1749900
2019-04-08,105.70999908447266,105.76000213623047,105.55999755859375,105.55999755859375,88.01483917236328,3591500
2019-04-09,105.81999969482422,105.87999725341797,105.72000122070312,105.75,88.17326354980469,3210600
2019-04-10,105.91999816894531,106.06999969482422,105.91000366210938,106.0,88.38170623779297,2059800
2019-04-11,105.83000183105469,105.87000274658203,105.72000122070312,105.76000213623047,88.18161010742188,1547500
2019-04-12,105.38999938964844,105.44999694824219,105.2699966430664,105.2699966430664,87.77307891845703,6032100
2019-04-15,105.29000091552734,105.41999816894531,105.29000091552734,105.41000366210938,87.8897476196289,2410700
2019-04-16,105.19000244140625,105.25,105.02999877929688,105.05000305175781,87.58960723876953,5003600
2019-04-17,105.0,105.18000030517578,105.0,105.06999969482422,87.6063003540039,2348800
2019-04-18,105.33000183105469,105.45999908447266,105.29000091552734,105.31999969482422,87.81475830078125,4893200
2019-04-22,105.26000213623047,105.2699966430664,105.12000274658203,105.16999816894531,87.68968200683594,3630000
2019-04-23,105.31999969482422,105.38999938964844,105.27999877929688,105.36000061035156,87.84806823730469,2462100
2019-04-24,105.66000366210938,105.7699966430664,105.63999938964844,105.76000213623047,88.18161010742188,3266700
2019-04-25,105.7300033569336,105.79000091552734,105.58999633789062,105.62999725341797,88.07320404052734,1457600
2019-04-26,105.97000122070312,105.98999786376953,105.8499984741211,105.91000366210938,88.306640625,2156100
2019-04-29,105.72000122070312,105.7699966430664,105.61000061035156,105.69000244140625,88.12325286865234,2715000
2019-04-30,105.62999725341797,105.93000030517578,105.62000274658203,105.9000015258789,88.2983627319336,3621900
2019-05-01,105.69999694824219,106.11000061035156,105.55000305175781,105.63999938964844,88.25821685791016,6870700
2019-05-02,105.52999877929688,105.56999969482422,105.2699966430664,105.33999633789062,88.00758361816406,3126200
2019-05-03,105.45999908447266,105.62000274658203,105.43000030517578,105.4800033569336,88.12456512451172,2625200
2019-05-06,105.87999725341797,105.91999816894531,105.7300033569336,105.75,88.35011291503906,3370100
2019-05-07,106.01000213623047,106.19000244140625,105.95999908447266,106.11000061035156,88.6509017944336,3965800
2019-05-08,106.20999908447266,106.25,105.86000061035156,105.91000366210938,88.48381805419922,4226600
2019-05-09,106.30000305175781,106.43000030517578,106.05000305175781,106.19000244140625,88.71772003173828,4224100
2019-05-10,106.23999786376953,106.41999816894531,106.05000305175781,106.12000274658203,88.65927124023438,2855400
2019-05-13,106.56999969482422,106.73999786376953,106.5199966430664,106.6500015258789,89.10206604003906,5653400
2019-05-14,106.56999969482422,106.62000274658203,106.44000244140625,106.55000305175781,89.01850128173828,2573200
2019-05-15,106.94000244140625,106.97000122070312,106.73999786376953,106.88999938964844,89.30257415771484,5512300
2019-05-16,106.6500015258789,106.72000122070312,106.55000305175781,106.68000030517578,89.12713623046875,3898400
2019-05-17,106.91000366210938,106.91000366210938,106.62000274658203,106.7300033569336,89.16887664794922,2128400
2019-05-20,106.75,106.83999633789062,106.52999877929688,106.55000305175781,89.01850128173828,2439600
2019-05-21,106.4800033569336,106.5199966430664,106.33999633789062,106.43000030517578,88.91828155517578,2675300
2019-05-22,106.5999984741211,106.80000305175781,106.56999969482422,106.75,89.18563079833984,3561900
2019-05-23,107.01000213623047,107.55999755859375,107.01000213623047,107.4000015258789,89.72864532470703,6184500
2019-05-24,107.33000183105469,107.37000274658203,107.2300033569336,107.37000274658203,89.70357513427734,2422800
2019-05-28,107.62000274658203,107.83999633789062,107.52999877929688,107.83999633789062,90.09622955322266,7039000
2019-05-29,108.08999633789062,108.23999786376953,107.77999877929688,107.80000305175781,90.06283569335938,5251800
2019-05-30,107.86000061035156,108.23999786376953,107.72000122070312,108.19000244140625,90.38866424560547,3461100
2019-05-31,108.55999755859375,108.94999694824219,108.48999786376953,108.91000366210938,90.99019622802734,6020600
2019-06-03,108.87999725341797,109.33999633789062,108.7699966430664,109.22000122070312,91.42801666259766,23830900
2019-06-04,108.76000213623047,108.98999786376953,108.5999984741211,108.81999969482422,91.09317779541016,5503200
2019-06-05,108.95999908447266,109.12999725341797,108.76000213623047,108.81999969482422,91.09317779541016,7712300
2019-06-06,108.91000366210938,109.0999984741211,108.7300033569336,108.80000305175781,91.07645416259766,2392400
2019-06-07,109.4000015258789,109.41999816894531,109.13999938964844,109.2300033569336,91.43638610839844,2805900
2019-06-10,108.86000061035156,108.87999725341797,108.68000030517578,108.69000244140625,90.98433685302734,6071200
2019-06-11,108.62000274658203,108.7699966430664,108.58000183105469,108.69000244140625,90.98433685302734,2735800
2019-06-12,108.7699966430664,108.98999786376953,108.76000213623047,108.97000122070312,91.21873474121094,2062800
2019-06-13,109.06999969482422,109.33000183105469,109.05000305175781,109.23999786376953,91.44475555419922,1684700
2019-06-14,109.16000366210938,109.37999725341797,109.1500015258789,109.31999969482422,91.51171112060547,3880700
2019-06-17,109.30000305175781,109.37999725341797,109.16999816894531,109.30000305175781,91.49501037597656,3038800
2019-06-18,109.75,109.80000305175781,109.41000366210938,109.51000213623047,91.6707534790039,4564900
2019-06-19,109.27999877929688,109.9000015258789,109.20999908447266,109.80999755859375,91.92189025878906,4541500
2019-06-20,110.04000091552734,110.27999877929688,109.97000122070312,109.98999786376953,92.07255554199219,4575000
2019-06-21,109.7300033569336,109.7699966430664,109.44999694824219,109.54000091552734,91.6958999633789,4305200
2019-06-24,109.73999786376953,109.94000244140625,109.70999908447266,109.91999816894531,92.01396179199219,3046300
2019-06-25,110.02999877929688,110.2300033569336,109.94999694824219,110.08999633789062,92.15630340576172,5251000
2019-06-26,109.94999694824219,109.94999694824219,109.5999984741211,109.63999938964844,91.77957153320312,6675000
2019-06-27,109.7699966430664,110.02999877929688,109.68000030517578,109.97000122070312,92.05584716796875,2538400
2019-06-28,109.87000274658203,110.11000061035156,109.80999755859375,110.0199966430664,92.09765625,4341500
2019-07-01,109.81999969482422,109.87000274658203,109.5,109.69000244140625,91.98197937011719,8183600
2019-07-02,109.80999755859375,110.1500015258789,109.79000091552734,110.08000183105469,92.30899810791016,3117100
2019-07-03,110.20999908447266,110.4000015258789,110.19999694824219,110.29000091552734,92.4851303100586,2607000
2019-07-05,109.6500015258789,109.6500015258789,109.33999633789062,109.58999633789062,91.89812469482422,3664100
2019-07-08,109.75,109.81999969482422,109.4800033569336,109.4800033569336,91.80587005615234,3254100
2019-07-09,109.48999786376953,109.5,109.33999633789062,109.41000366210938,91.74717712402344,2061800
2019-07-10,109.51000213623047,109.62000274658203,109.33999633789062,109.47000122070312,91.7974853515625,4343700
2019-07-11,109.33000183105469,109.4000015258789,108.87999725341797,108.93000030517578,91.34465026855469,4769800
2019-07-12,108.91999816894531,109.16999816894531,108.88999938964844,109.05000305175781,91.44532775878906,4141900
2019-07-15,109.13999938964844,109.27999877929688,109.06999969482422,109.27999877929688,91.63815307617188,1753200
2019-07-16,108.93000030517578,109.08000183105469,108.83000183105469,109.04000091552734,91.43690490722656,2766100
2019-07-17,109.2300033569336,109.55999755859375,109.22000122070312,109.55000305175781,91.86457824707031,2624400
2019-07-18,109.43000030517578,109.88999938964844,109.4000015258789,109.81999969482422,92.09098052978516,2386700
2019-07-19,109.58999633789062,109.7300033569336,109.51000213623047,109.62000274658203,91.92325592041016,1728100
2019-07-22,109.79000091552734,109.80000305175781,109.62999725341797,109.66999816894531,91.96517181396484,1629800
2019-07-23,109.55000305175781,109.66000366210938,109.41999816894531,109.48999786376953,91.81423950195312,2329800
2019-07-24,109.63999938964844,109.75,109.55999755859375,109.6500015258789,91.94843292236328,2268500
2019-07-25,109.5199966430664,109.52999877929688,109.2300033569336,109.45999908447266,91.78909301757812,3172000
2019-07-26,109.5,109.51000213623047,109.31999969482422,109.44000244140625,91.77237701416016,3004100
2019-07-29,109.62000274658203,109.66000366210938,109.5199966430664,109.54000091552734,91.85621643066406,2505600
2019-07-30,109.62999725341797,109.66999816894531,109.44999694824219,109.58999633789062,91.89812469482422,2514800
2019-07-31,109.55999755859375,109.98999786376953,109.38999938964844,109.87000274658203,92.13291931152344,6669300
2019-08-01,109.83999633789062,110.91999816894531,109.79000091552734,110.91999816894531,93.1779556274414,16938700
2019-08-02,110.94000244140625,111.19999694824219,110.83999633789062,111.1500015258789,93.37118530273438,8503000
2019-08-05,111.81999969482422,112.19999694824219,111.76000213623047,112.11000061035156,94.17757415771484,7626200
2019-08-06,111.87999725341797,112.30000305175781,111.79000091552734,112.29000091552734,94.32877349853516,6462400
2019-08-07,113.06999969482422,113.2699966430664,112.16999816894531,112.29000091552734,94.32877349853516,9665300
2019-08-08,111.98999786376953,112.41000366210938,111.66000366210938,112.30000305175781,94.33717346191406,5178800
2019-08-09,112.37999725341797,112.5999984741211,112.05999755859375,112.12999725341797,94.1944351196289,2869000
2019-08-12,112.54000091552734,112.9800033569336,112.51000213623047,112.83999633789062,94.79080200195312,4739900
2019-08-13,112.86000061035156,112.88999938964844,112.1500015258789,112.44000244140625,94.45476531982422,5888000
2019-08-14,113.08999633789062,113.29000091552734,113.0,113.19000244140625,95.0848159790039,8124300
2019-08-15,113.33999633789062,114.16999816894531,113.27999877929688,113.91000366210938,95.68964385986328,5240200
2019-08-16,113.51000213623047,113.66999816894531,113.16999816894531,113.61000061035156,95.43765258789062,4957800
2019-08-19,113.04000091552734,113.26000213623047,113.01000213623047,113.06999969482422,94.9840087890625,3691400
2019-08-20,113.5199966430664,113.66000366210938,113.45999908447266,113.56999969482422,95.40404510498047,3161800
2019-08-21,113.2699966430664,113.56999969482422,113.20999908447266,113.2699966430664,95.15202331542969,4921700
2019-08-22,113.05000305175781,113.37000274658203,113.0,113.0199966430664,94.94200897216797,5860400
2019-08-23,113.12999725341797,113.94000244140625,113.01000213623047,113.77999877929688,95.58045196533203,8192600
2019-08-26,113.7300033569336,113.93000030517578,113.58000183105469,113.66999816894531,95.48804473876953,7581600
2019-08-27,113.80999755859375,114.19000244140625,113.80999755859375,114.16000366210938,95.89967346191406,3266900
2019-08-28,114.3499984741211,114.38999938964844,114.12000274658203,114.19999694824219,95.93328094482422,2505400
2019-08-29,114.0999984741211,114.0999984741211,113.69000244140625,113.9800033569336,95.74845886230469,4232400
2019-08-30,113.77999877929688,114.05000305175781,113.73999786376953,114.01000213623047,95.77366638183594,3651100
2019-09-03,113.87999725341797,114.44000244140625,113.69999694824219,114.06999969482422,95.9840087890625,11754000
2019-09-04,113.94999694824219,114.30000305175781,113.94999694824219,114.25,96.135498046875,3447000
2019-09-05,113.58999633789062,113.62000274658203,113.08000183105469,113.33000183105469,95.36137390136719,4597800
2019-09-06,113.33999633789062,113.52999877929688,113.2699966430664,113.4000015258789,95.42027282714844,3111000
2019-09-09,112.86000061035156,112.94000244140625,112.69000244140625,112.69999694824219,94.83126831054688,4818700
2019-09-10,112.52999877929688,112.62999725341797,111.87999725341797,111.87999725341797,94.14128112792969,4797200
2019-09-11,111.77999877929688,111.97000122070312,111.75,111.7699966430664,94.04867553710938,4737000
2019-09-12,112.0999984741211,112.16000366210938,111.3499984741211,111.5199966430664,93.83832550048828,8612500
2019-09-13,111.0999984741211,111.20999908447266,110.5,110.5,92.9800796508789,24187700
2019-09-16,110.9000015258789,111.0999984741211,110.75,110.9800033569336,93.38394165039062,5388300
2019-09-17,111.04000091552734,111.37999725341797,110.94000244140625,111.2699966430664,93.62797546386719,8211700
2019-09-18,111.56999969482422,111.80000305175781,111.19999694824219,111.30999755859375,93.66162872314453,5170400
2019-09-19,111.58000183105469,111.58999633789062,111.31999969482422,111.36000061035156,93.70372009277344,7131900
2019-09-20,111.54000091552734,112.0199966430664,111.4800033569336,112.0,94.24224853515625,9915000
2019-09-23,112.13999938964844,112.4800033569336,112.05999755859375,112.16000366210938,94.37689971923828,13163900
2019-09-24,112.22000122070312,112.81999969482422,112.20999908447266,112.72000122070312,94.84809112548828,10459100
2019-09-25,112.58999633789062,112.69000244140625,111.9000015258789,111.9800033569336,94.22540283203125,8430900
2019-09-26,112.25,112.43000030517578,112.16000366210938,112.22000122070312,94.42737579345703,4233000
2019-09-27,112.2300033569336,112.48999786376953,112.19000244140625,112.37999725341797,94.56199645996094,4545500
2019-09-30,112.20999908447266,112.51000213623047,112.16999816894531,112.47000122070312,94.63772583007812,2797900
2019-10-01,111.8499984741211,112.86000061035156,111.80999755859375,112.61000061035156,94.89982604980469,8555100
2019-10-02,112.7300033569336,113.18000030517578,112.70999908447266,113.0,95.22846221923828,3908600
2019-10-03,113.16000366210938,113.87999725341797,113.13999938964844,113.58999633789062,95.7256851196289,6128300
2019-10-04,113.58000183105469,113.88999938964844,113.51000213623047,113.80999755859375,95.91106414794922,4707600
2019-10-07,113.55999755859375,113.68000030517578,113.4000015258789,113.43000030517578,95.59082794189453,3193100
2019-10-08,113.81999969482422,113.87000274658203,113.4800033569336,113.66999816894531,95.7930908203125,4304900
2019-10-09,113.55000305175781,113.55000305175781,113.19999694824219,113.37999725341797,95.54867553710938,3336800
2019-10-10,113.05999755859375,113.08000183105469,112.55999755859375,112.66999816894531,94.95034790039062,3924400
2019-10-11,112.12999725341797,112.18000030517578,111.72000122070312,111.9000015258789,94.30146789550781,8685300
2019-10-14,112.25,112.29000091552734,112.16000366210938,112.20999908447266,94.56269073486328,1932200
2019-10-15,112.16000366210938,112.23999786376953,111.63999938964844,111.66999816894531,94.10762023925781,6638500
2019-10-16,111.83999633789062,112.0199966430664,111.75,111.88999938964844,94.29304504394531,2755500
2019-10-17,111.80000305175781,112.08999633789062,111.72000122070312,111.8499984741211,94.25935363769531,3188700
2019-10-18,111.91999816894531,112.12000274658203,111.87000274658203,111.94999694824219,94.34362030029297,2406400
2019-10-21,111.66000366210938,111.79000091552734,111.51000213623047,111.54000091552734,93.998046875,1735300
2019-10-22,111.80999755859375,111.8499984741211,111.5,111.80000305175781,94.21717071533203,3334400
2019-10-23,112.0199966430664,112.06999969482422,111.79000091552734,111.83999633789062,94.25091552734375,3305600
2019-10-24,111.88999938964844,112.06999969482422,111.77999877929688,111.81999969482422,94.23399353027344,2645400
2019-10-25,111.9000015258789,111.91999816894531,111.41999816894531,111.58000183105469,94.03175354003906,2381000
2019-10-28,111.19000244140625,111.22000122070312,111.05000305175781,111.16000366210938,93.67786407470703,5837600
2019-10-29,111.30000305175781,111.3499984741211,111.1500015258789,111.26000213623047,93.76212310791016,2199500
2019-10-30,111.3499984741211,111.80999755859375,111.30999755859375,111.80000305175781,94.21717071533203,5276700
2019-10-31,112.11000061035156,112.58000183105469,112.06999969482422,112.51000213623047,94.8155746459961,5540700
2019-11-01,112.18000030517578,112.41999816894531,111.87999725341797,112.12999725341797,94.63658905029297,8149400
2019-11-04,111.62999725341797,111.69000244140625,111.5,111.55999755859375,94.155517578125,4145200
2019-11-05,111.12999725341797,111.16999816894531,110.8499984741211,110.95999908447266,93.64916229248047,6853500
2019-11-06,111.19000244140625,111.38999938964844,110.9800033569336,111.27999877929688,93.91921997070312,4129800
2019-11-07,110.70999908447266,110.70999908447266,109.9800033569336,110.38999938964844,93.16805267333984,5890100
2019-11-08,110.29000091552734,110.63999938964844,110.23999786376953,110.23999786376953,93.04147338867188,3037300
2019-11-11,110.48999786376953,110.5199966430664,110.23999786376953,110.36000061035156,93.14274597167969,1563000
2019-11-12,110.3499984741211,110.5,110.18000030517578,110.41000366210938,93.1849594116211,4446200
2019-11-13,110.81999969482422,110.86000061035156,110.62999725341797,110.70999908447266,93.4381332397461,2475200
2019-11-14,111.19000244140625,111.4000015258789,111.13999938964844,111.2699966430664,93.91077423095703,3189600
2019-11-15,111.08999633789062,111.29000091552734,111.08000183105469,111.18000030517578,93.83478546142578,2104500
2019-11-18,111.36000061035156,111.48999786376953,111.33000183105469,111.37000274658203,93.99514770507812,1893600
2019-11-19,111.38999938964844,111.62000274658203,111.38999938964844,111.58000183105469,94.1723861694336,8306500
2019-11-20,111.80000305175781,112.0199966430664,111.72000122070312,111.98999786376953,94.51844024658203,3838000
2019-11-21,111.72000122070312,111.83000183105469,111.56999969482422,111.70999908447266,94.28213500976562,3034700
2019-11-22,111.7699966430664,111.80999755859375,111.5999984741211,111.69000244140625,94.26524353027344,1879700
2019-11-25,111.69999694824219,111.77999877929688,111.68000030517578,111.73999786376953,94.30744171142578,3573100
2019-11-26,111.91000366210938,111.98999786376953,111.8499984741211,111.94999694824219,94.48469543457031,3579300
2019-11-27,111.72000122070312,111.7699966430664,111.61000061035156,111.66000366210938,94.23989868164062,2351800
2019-11-29,111.62000274658203,111.62999725341797,111.44000244140625,111.56999969482422,94.1639633178711,2882300
2019-12-02,110.87000274658203,111.12000274658203,110.80999755859375,111.01000213623047,93.82587432861328,6826400
2019-12-03,111.58000183105469,112.16999816894531,111.56999969482422,112.0,94.66265106201172,6561900
2019-12-04,111.7699966430664,111.86000061035156,111.38999938964844,111.56999969482422,94.29918670654297,2072200
2019-12-05,111.1500015258789,111.41999816894531,111.13999938964844,111.30999755859375,94.07947540283203,3062000
2019-12-06,110.87999725341797,111.19000244140625,110.83000183105469,110.97000122070312,93.79207611083984,2717400
2019-12-09,111.20999908447266,111.22000122070312,111.04000091552734,111.05999755859375,93.8681411743164,1928500
2019-12-10,111.1500015258789,111.19000244140625,110.91000366210938,110.93000030517578,93.75830078125,1707000
2019-12-11,111.0999984741211,111.47000122070312,111.08000183105469,111.38999938964844,94.14705657958984,2462600
2019-12-12,111.27999877929688,111.30000305175781,110.30999755859375,110.51000213623047,93.40330505371094,5490400
2019-12-13,110.80999755859375,111.2300033569336,110.4800033569336,111.16000366210938,93.95267486572266,4162000
2019-12-16,110.87999725341797,110.87999725341797,110.56999969482422,110.63999938964844,93.51319122314453,3028500
2019-12-17,110.7699966430664,110.81999969482422,110.58000183105469,110.6500015258789,93.52162170410156,3471400
2019-12-18,110.58000183105469,110.61000061035156,110.2300033569336,110.3499984741211,93.26805877685547,2249500
2019-12-19,110.12000274658203,110.41999816894531,110.08000183105469,110.27999877929688,93.3408432006836,1962500
2019-12-20,110.11000061035156,110.30000305175781,110.08000183105469,110.27999877929688,93.3408432006836,4660500
2019-12-23,110.30999755859375,110.37999725341797,110.08999633789062,110.18000030517578,93.25621795654297,1809400
2019-12-24,110.04000091552734,110.41000366210938,110.04000091552734,110.37000274658203,93.41702270507812,857600
2019-12-26,110.41000366210938,110.52999877929688,110.2699966430664,110.52999877929688,93.55240631103516,1285100
2019-12-27,110.62000274658203,110.7300033569336,110.62000274658203,110.69000244140625,93.68787384033203,1771100
2019-12-30,110.30999755859375,110.62000274658203,110.23999786376953,110.62000274658203,93.62864685058594,2035400
2019-12-31,110.44000244140625,110.48999786376953,110.20999908447266,110.22000122070312,93.2900619506836,2801600
2020-01-02,110.69000244140625,110.94999694824219,110.62999725341797,110.7300033569336,93.72174072265625,4022300
2020-01-03,111.1500015258789,111.48999786376953,111.04000091552734,111.47000122070312,94.34806060791016,3839600
2020-01-06,111.66000366210938,111.66999816894531,111.26000213623047,111.3499984741211,94.24651336669922,2714300
2020-01-07,111.33000183105469,111.43000030517578,111.19000244140625,111.19000244140625,94.11107635498047,2038800
2020-01-08,111.29000091552734,111.41999816894531,110.79000091552734,110.93000030517578,93.89102172851562,5081100
2020-01-09,110.68000030517578,111.04000091552734,110.62999725341797,111.01000213623047,93.95873260498047,3680600
2020-01-10,111.08999633789062,111.31999969482422,111.08999633789062,111.25,94.16184997558594,2600000
2020-01-13,111.11000061035156,111.13999938964844,110.9800033569336,111.12000274658203,94.0518569946289,2672600
2020-01-14,111.18000030517578,111.36000061035156,111.16000366210938,111.33999633789062,94.23805236816406,2376300
2020-01-15,111.55000305175781,111.62000274658203,111.43000030517578,111.62000274658203,94.47503662109375,2734800
2020-01-16,111.44999694824219,111.51000213623047,111.30000305175781,111.38999938964844,94.28033447265625,2200500
2020-01-17,111.12999725341797,111.30000305175781,111.08999633789062,111.30000305175781,94.20417785644531,2627000
2020-01-21,111.55000305175781,111.77999877929688,111.54000091552734,111.73999786376953,94.57657623291016,2355600
2020-01-22,111.73999786376953,111.81999969482422,111.68000030517578,111.76000213623047,94.5935287475586,1787600
2020-01-23,112.02999877929688,112.23999786376953,111.98999786376953,112.04000091552734,94.83051300048828,1891300
2020-01-24,112.18000030517578,112.61000061035156,112.16000366210938,112.44000244140625,95.16905975341797,7932600
2020-01-27,113.19000244140625,113.20999908447266,113.02999877929688,113.19999694824219,95.81230163574219,3824600
2020-01-28,113.08999633789062,113.12000274658203,112.77999877929688,112.81999969482422,95.49068450927734,1923600
2020-01-29,112.97000122070312,113.41000366210938,112.97000122070312,113.36000061035156,95.94774627685547,2429500
2020-01-30,113.55000305175781,113.83000183105469,113.4000015258789,113.47000122070312,96.0408706665039,4405500
2020-01-31,113.72000122070312,114.12000274658203,113.69000244140625,114.04000091552734,96.52332305908203,9764500
2020-02-03,113.61000061035156,113.83999633789062,113.31999969482422,113.79000091552734,96.44112396240234,5722100
2020-02-04,113.23999786376953,113.25,112.95999908447266,113.12999725341797,95.8817367553711,2569600
2020-02-05,112.70999908447266,112.87000274658203,112.62000274658203,112.63999938964844,95.46642303466797,9027500
2020-02-06,112.61000061035156,112.80000305175781,112.55999755859375,112.72000122070312,95.53421783447266,1697100
2020-02-07,113.18000030517578,113.36000061035156,113.08999633789062,113.26000213623047,95.99190521240234,6177900
2020-02-10,113.5,113.62000274658203,113.37000274658203,113.4800033569336,96.1783676147461,1909100
2020-02-11,113.33000183105469,113.37000274658203,113.13999938964844,113.20999908447266,95.94951629638672,1657100
2020-02-12,112.97000122070312,112.98999786376953,112.83000183105469,112.91999816894531,95.70375061035156,1473800
2020-02-13,112.9800033569336,113.13999938964844,112.94000244140625,113.0199966430664,95.78852081298828,1868000
2020-02-14,113.2699966430664,113.37000274658203,113.20999908447266,113.30000305175781,96.02582550048828,2043600
2020-02-18,113.44999694824219,113.6500015258789,113.3499984741211,113.4800033569336,96.1783676147461,8356600
2020-02-19,113.36000061035156,113.51000213623047,113.30000305175781,113.45999908447266,96.16138458251953,1681800
2020-02-20,113.62999725341797,113.94000244140625,113.62000274658203,113.79000091552734,96.44112396240234,3452900
2020-02-21,114.08999633789062,114.52999877929688,114.08000183105469,114.25,96.83100128173828,5381000
2020-02-24,115.19999694824219,115.29000091552734,115.0199966430664,115.13999938964844,97.58526611328125,6803600
2020-02-25,115.11000061035156,115.70999908447266,115.08000183105469,115.45999908447266,97.85650634765625,10014300
2020-02-26,115.20999908447266,115.79000091552734,115.08999633789062,115.4000015258789,97.80564880371094,19649400
2020-02-27,116.13999938964844,116.33999633789062,115.58000183105469,115.95999908447266,98.28023529052734,8629700
2020-02-28,116.88999938964844,117.44999694824219,116.76000213623047,117.26000213623047,99.3820571899414,13437000
2020-03-02,117.55000305175781,117.94000244140625,116.97000122070312,117.04000091552734,99.31414031982422,19402100
2020-03-03,117.16000366210938,119.29000091552734,117.02999877929688,118.4000015258789,100.46818542480469,11462300
2020-03-04,118.56999969482422,118.91000366210938,118.05000305175781,118.13999938964844,100.24754333496094,7627100
2020-03-05,119.0,119.31999969482422,118.91999816894531,119.19000244140625,101.1385498046875,5284200
2020-03-06,120.9800033569336,121.30999755859375,120.08999633789062,120.4000015258789,102.16525268554688,11614800
2020-03-09,123.25,123.41000366210938,121.44999694824219,121.4800033569336,103.08171081542969,24791700
2020-03-10,120.87999725341797,121.76000213623047,119.25,119.25,101.1894760131836,15072900
2020-03-11,120.2699966430664,120.58999633789062,117.5999984741211,118.05999755859375,100.17967987060547,13316100
2020-03-12,120.1500015258789,120.7699966430664,114.4000015258789,118.12000274658203,100.23059844970703,10671600
2020-03-13,117.80000305175781,118.9800033569336,117.01000213623047,117.3499984741211,99.57719421386719,8697200
2020-03-16,120.02999877929688,120.68000030517578,119.0,120.44999694824219,102.20769500732422,6971700
2020-03-17,119.91000366210938,120.29000091552734,117.41999816894531,117.43000030517578,99.64507293701172,5680300
2020-03-18,116.5999984741211,117.80000305175781,115.33999633789062,115.80000305175781,98.26194763183594,13256300
2020-03-19,116.13999938964844,117.62999725341797,115.91999816894531,116.18000030517578,98.58440399169922,6702900
2020-03-20,117.63999938964844,119.87999725341797,117.41000366210938,119.13999938964844,101.09610748291016,9641600
2020-03-23,119.44999694824219,121.05999755859375,119.44999694824219,120.55000305175781,102.29257202148438,12234700
2020-03-24,119.5199966430664,119.97000122070312,119.26000213623047,119.7300033569336,101.59673309326172,5235500
2020-03-25,119.76000213623047,120.26000213623047,119.4000015258789,119.80000305175781,101.65616607666016,5527600
2020-03-26,120.19000244140625,120.5,119.91000366210938,120.08999633789062,101.9022445678711,3384400
2020-03-27,120.80999755859375,121.38999938964844,120.68000030517578,120.9800033569336,102.657470703125,5282300
2020-03-30,121.79000091552734,122.08999633789062,121.18000030517578,121.26000213623047,102.89505767822266,4649400
2020-03-31,121.44999694824219,121.80999755859375,121.30999755859375,121.4800033569336,103.08171081542969,6356500
2020-04-01,122.12999725341797,122.26000213623047,121.7300033569336,121.83000183105469,103.50142669677734,9256400
2020-04-02,122.16999816894531,122.22000122070312,121.66999816894531,121.8499984741211,103.51838684082031,4789400
2020-04-03,122.04000091552734,122.29000091552734,121.81999969482422,121.94000244140625,103.59488677978516,3441100
2020-04-06,121.52999877929688,121.5999984741211,121.27999877929688,121.38999938964844,103.1275863647461,4697500
2020-04-07,120.55000305175781,120.88999938964844,120.2699966430664,120.8499984741211,102.66885375976562,9340600
2020-04-08,120.5999984741211,120.87000274658203,120.45999908447266,120.69999694824219,102.54141998291016,3341000
2020-04-09,120.63999938964844,121.11000061035156,120.52999877929688,120.95999908447266,102.76229095458984,4543600
2020-04-13,120.8499984741211,121.0199966430664,120.66999816894531,120.69999694824219,102.54141998291016,2103100
2020-04-14,120.83999633789062,121.05000305175781,120.80000305175781,120.86000061035156,102.67733001708984,2180100
2020-04-15,121.5199966430664,122.02999877929688,121.4800033569336,121.94000244140625,103.59488677978516,3137400
2020-04-16,122.11000061035156,122.25,121.98999786376953,122.06999969482422,103.70529174804688,1901600
2020-04-17,121.97000122070312,122.30000305175781,121.63999938964844,121.75,103.43345642089844,2375000
2020-04-20,121.9800033569336,122.08000183105469,121.79000091552734,122.06999969482422,103.70529174804688,4230700
2020-04-21,122.56999969482422,122.69000244140625,122.30000305175781,122.41000366210938,103.994140625,3287700
2020-04-22,122.12999725341797,122.25,121.80999755859375,122.02999877929688,103.67131805419922,3168700
2020-04-23,121.97000122070312,122.13999938964844,121.87000274658203,122.11000061035156,103.73924255371094,2345900
2020-04-24,121.88999938964844,122.1500015258789,121.87999725341797,122.13999938964844,103.7647476196289,2373500
2020-04-27,121.8499984741211,121.87999725341797,121.45999908447266,121.48999786376953,103.2125473022461,2508100
2020-04-28,121.75,122.08999633789062,121.73999786376953,122.0199966430664,103.66281127929688,2847600
2020-04-29,122.02999877929688,122.20999908447266,121.70999908447266,121.95999908447266,103.61185455322266,2600100
2020-04-30,122.05000305175781,122.26000213623047,121.66999816894531,121.66999816894531,103.3655014038086,5371500
2020-05-01,121.79000091552734,121.91000366210938,121.56999969482422,121.70999908447266,103.50834655761719,8357700
2020-05-04,121.68000030517578,121.81999969482422,121.55000305175781,121.7300033569336,103.52535247802734,3580500
2020-05-05,121.44999694824219,121.68000030517578,121.37000274658203,121.63999938964844,103.44879913330078,3487600
2020-05-06,120.98999786376953,121.27999877929688,120.8499984741211,121.19000244140625,103.06612396240234,3279500
2020-05-07,121.30000305175781,121.9800033569336,121.26000213623047,121.93000030517578,103.69542694091797,3252800
2020-05-08,121.62000274658203,121.9800033569336,121.44000244140625,121.52999877929688,103.35525512695312,3486800
2020-05-11,121.51000213623047,121.58000183105469,121.08999633789062,121.19000244140625,103.06612396240234,4569400
2020-05-12,121.12999725341797,121.62999725341797,121.11000061035156,121.58999633789062,103.4062728881836,4267700
2020-05-13,121.73999786376953,121.98999786376953,121.6500015258789,121.83999633789062,103.6189193725586,2615800
2020-05-14,122.05000305175781,122.20999908447266,121.9800033569336,122.02999877929688,103.78048706054688,2257600
2020-05-15,122.19999694824219,122.2300033569336,121.86000061035156,121.94999694824219,103.71244049072266,1828900
2020-05-18,121.66000366210938,121.66999816894531,121.05999755859375,121.19999694824219,103.07461547851562,3091200
2020-05-19,121.16999816894531,121.55999755859375,121.16999816894531,121.54000091552734,103.36373901367188,1941700
2020-05-20,121.37000274658203,121.70999908447266,121.27999877929688,121.56999969482422,103.38928985595703,2366700
2020-05-21,121.69000244140625,121.8499984741211,121.5999984741211,121.6500015258789,103.45731353759766,2063800
2020-05-22,121.70999908447266,121.87999725341797,121.69000244140625,121.87999725341797,103.65293884277344,1352400
2020-05-26,121.5,121.62999725341797,121.38999938964844,121.55999755859375,103.38079833984375,3484800
2020-05-27,121.48999786376953,121.83999633789062,121.4800033569336,121.66000366210938,103.46585083007812,2542900
2020-05-28,121.44000244140625,121.61000061035156,121.37000274658203,121.55000305175781,103.37230682373047,3873900
2020-05-29,121.75,121.98999786376953,121.62999725341797,121.94000244140625,103.70397186279297,2993800
2020-06-01,121.62000274658203,121.7699966430664,121.48999786376953,121.7699966430664,103.66307830810547,8531700
2020-06-02,121.62999725341797,121.73999786376953,121.48999786376953,121.56999969482422,103.49284362792969,4711800
2020-06-03,121.16999816894531,121.19000244140625,120.75,120.8499984741211,102.87991333007812,4226600
2020-06-04,120.66000366210938,120.66999816894531,120.30999755859375,120.37000274658203,102.47126007080078,4744100
2020-06-05,119.5999984741211,119.80999755859375,119.3499984741211,119.7699966430664,101.96044158935547,10611700
2020-06-08,119.66999816894531,120.01000213623047,119.66000366210938,119.9000015258789,102.07112884521484,3314700
2020-06-09,120.37000274658203,120.52999877929688,120.25,120.33000183105469,102.43721008300781,3238600
2020-06-10,120.61000061035156,121.2300033569336,120.55000305175781,121.2300033569336,103.20337677001953,4944600
2020-06-11,121.68000030517578,121.8499984741211,121.58999633789062,121.66000366210938,103.56942749023438,6365800
2020-06-12,121.44000244140625,121.66000366210938,121.33000183105469,121.38999938964844,103.33959197998047,3051000
2020-06-15,121.66000366210938,121.73999786376953,121.29000091552734,121.29000091552734,103.25446319580078,2658000
2020-06-16,120.83999633789062,121.2699966430664,120.7300033569336,121.04000091552734,103.04161834716797,5252000
2020-06-17,121.16000366210938,121.2699966430664,120.97000122070312,121.2300033569336,103.20337677001953,2308300
2020-06-18,121.51000213623047,121.55999755859375,121.41999816894531,121.5,103.43327331542969,1694600
2020-06-19,121.2300033569336,121.61000061035156,121.2300033569336,121.54000091552734,103.46728515625,2033200
2020-06-22,121.66000366210938,121.70999908447266,121.37000274658203,121.43000030517578,103.37364196777344,2284900
2020-06-23,121.30999755859375,121.43000030517578,121.23999786376953,121.38999938964844,103.33959197998047,2010600
2020-06-24,121.29000091552734,121.66000366210938,121.29000091552734,121.62000274658203,103.535400390625,2310700
2020-06-25,121.80000305175781,121.83000183105469,121.61000061035156,121.63999938964844,103.55243682861328,1650900
2020-06-26,121.80000305175781,122.06999969482422,121.77999877929688,121.97000122070312,103.83335876464844,3413900
2020-06-29,121.93000030517578,122.13999938964844,121.91999816894531,122.08999633789062,103.93549346923828,28632400
2020-06-30,122.1500015258789,122.19000244140625,121.79000091552734,121.87000274658203,103.74822998046875,4126700
2020-07-01,121.52999877929688,121.66000366210938,121.3499984741211,121.56999969482422,103.58633422851562,8416500
2020-07-02,121.44000244140625,121.73999786376953,121.3499984741211,121.72000122070312,103.71417236328125,3054100
2020-07-06,121.41000366210938,121.55999755859375,121.29000091552734,121.54000091552734,103.5607681274414,2821900
2020-07-07,121.62999725341797,121.94000244140625,121.56999969482422,121.93000030517578,103.89306640625,2920400
2020-07-08,121.72000122070312,121.87000274658203,121.61000061035156,121.73999786376953,103.73115539550781,2096700
2020-07-09,121.7699966430664,122.23999786376953,121.76000213623047,122.12999725341797,104.06346130371094,2769400
2020-07-10,122.25,122.29000091552734,121.8499984741211,121.88999938964844,103.8589859008789,1939000
2020-07-13,121.70999908447266,122.04000091552734,121.68000030517578,122.0199966430664,103.9697494506836,2051100
2020-07-14,122.18000030517578,122.2300033569336,121.98999786376953,122.01000213623047,103.96117401123047,1721500
2020-07-15,121.83000183105469,122.08999633789062,121.81999969482422,121.97000122070312,103.92715454101562,2085400
2020-07-16,122.16000366210938,122.25,122.05999755859375,122.05999755859375,104.00383758544922,1907100
2020-07-17,122.12000274658203,122.1500015258789,121.97000122070312,122.02999877929688,103.97825622558594,2405200
2020-07-20,122.19999694824219,122.22000122070312,122.0199966430664,122.11000061035156,104.04641723632812,2695900
2020-07-21,122.16000366210938,122.27999877929688,122.12000274658203,122.23999786376953,104.15718841552734,3228400
2020-07-22,122.38999938964844,122.38999938964844,122.23999786376953,122.27999877929688,104.19126892089844,2431500
2020-07-23,122.43000030517578,122.44999694824219,122.29000091552734,122.4000015258789,104.29351043701172,2006500
2020-07-24,122.30000305175781,122.43000030517578,122.2699966430664,122.33999633789062,104.2424545288086,3395600
2020-07-27,122.44000244140625,122.45999908447266,122.12000274658203,122.1500015258789,104.0805435180664,1976500
2020-07-28,122.30000305175781,122.47000122070312,122.26000213623047,122.44000244140625,104.32760620117188,1870300
2020-07-29,122.44999694824219,122.5999984741211,122.30999755859375,122.5999984741211,104.46395111083984,1874200
2020-07-30,122.75,122.77999877929688,122.66999816894531,122.7699966430664,104.60879516601562,28331800
2020-07-31,122.63999938964844,122.88999938964844,122.58999633789062,122.80000305175781,104.6343765258789,4039200
2020-08-03,122.5199966430664,122.6500015258789,122.45999908447266,122.63999938964844,104.58323669433594,6595900
2020-08-04,122.83000183105469,123.08999633789062,122.79000091552734,123.05999755859375,104.94135284423828,3842000
2020-08-05,122.75,122.77999877929688,122.61000061035156,122.6500015258789,104.59174346923828,2423700
2020-08-06,122.88999938964844,123.05999755859375,122.7300033569336,122.79000091552734,104.71112060546875,2286500
2020-08-07,122.83000183105469,122.9000015258789,122.48999786376953,122.52999877929688,104.4893798828125,2363400
2020-08-10,122.69999694824219,122.72000122070312,122.4000015258789,122.4000015258789,104.37850952148438,1994900
2020-08-11,121.95999908447266,122.04000091552734,121.69000244140625,121.9800033569336,104.0203857421875,7166500
2020-08-12,121.6500015258789,121.76000213623047,121.47000122070312,121.62000274658203,103.71338653564453,5538100
2020-08-13,121.5999984741211,121.70999908447266,121.25,121.37000274658203,103.50019836425781,5748400
2020-08-14,121.4800033569336,121.58999633789062,121.41999816894531,121.43000030517578,103.55136108398438,2722800
2020-08-17,121.69000244140625,121.83000183105469,121.5999984741211,121.62999725341797,103.7219009399414,3357700
2020-08-18,121.76000213623047,121.91999816894531,121.69000244140625,121.83999633789062,103.90100860595703,1853600
2020-08-19,121.9000015258789,121.97000122070312,121.6500015258789,121.68000030517578,103.76453399658203,4493800
2020-08-20,122.05000305175781,122.08000183105469,121.94999694824219,122.02999877929688,104.06298828125,2880300
2020-08-21,122.11000061035156,122.1500015258789,121.91999816894531,122.12000274658203,104.1397933959961,2103700
2020-08-24,122.08999633789062,122.20999908447266,121.93000030517578,121.94999694824219,103.99476623535156,1974900
2020-08-25,121.55999755859375,121.72000122070312,121.38999938964844,121.66000366210938,103.74750518798828,3562800
2020-08-26,121.54000091552734,121.66999816894531,121.37999725341797,121.61000061035156,103.70487213134766,3337400
2020-08-27,121.87000274658203,121.87000274658203,121.18000030517578,121.18000030517578,103.3381576538086,4672900
2020-08-28,121.41000366210938,121.52999877929688,121.26000213623047,121.37999725341797,103.50872039794922,2277200
2020-08-31,121.4000015258789,121.70999908447266,121.37999725341797,121.51000213623047,103.61958312988281,3273300
2020-09-01,121.4000015258789,121.81999969482422,121.30000305175781,121.81999969482422,103.9592514038086,4622900
2020-09-02,121.72000122070312,122.04000091552734,121.69999694824219,121.98999786376953,104.10430145263672,3013400
2020-09-03,122.08000183105469,122.38999938964844,122.0199966430664,122.1500015258789,104.2408676147461,5750500
2020-09-04,121.83000183105469,121.91999816894531,121.37999725341797,121.47000122070312,103.66056823730469,7512800
2020-09-08,121.73999786376953,121.91999816894531,121.69999694824219,121.7300033569336,103.8824234008789,3442700
2020-09-09,121.76000213623047,121.83000183105469,121.54000091552734,121.66999816894531,103.83122253417969,3964300
2020-09-10,121.51000213623047,121.83999633789062,121.44000244140625,121.81999969482422,103.9592514038086,3164200
2020-09-11,121.87999725341797,122.01000213623047,121.83999633789062,122.01000213623047,104.12132263183594,4905000
2020-09-14,122.0199966430664,122.0999984741211,121.83000183105469,121.9000015258789,104.02750396728516,1797100
2020-09-15,121.83000183105469,121.9000015258789,121.76000213623047,121.83999633789062,103.97630310058594,2897600
2020-09-16,122.0,122.0,121.66000366210938,121.7699966430664,103.91656494140625,4015700
2020-09-17,122.05000305175781,122.05000305175781,121.7699966430664,121.80999755859375,103.95069122314453,3426800
2020-09-18,121.8499984741211,121.87999725341797,121.69999694824219,121.69999694824219,103.85681915283203,5606900
2020-09-21,122.01000213623047,122.1500015258789,121.9000015258789,121.91999816894531,104.04458618164062,5838100
2020-09-22,121.91999816894531,122.02999877929688,121.87999725341797,121.91999816894531,104.04458618164062,3387900
2020-09-23,121.91999816894531,121.95999908447266,121.76000213623047,121.91999816894531,104.04458618164062,3172000
2020-09-24,121.97000122070312,122.0199966430664,121.91000366210938,121.9800033569336,104.09576416015625,2866900
2020-09-25,122.05999755859375,122.12000274658203,122.0,122.08000183105469,104.18107604980469,2187400
2020-09-28,122.04000091552734,122.08000183105469,122.0,122.05999755859375,104.16401672363281,4167200
2020-09-29,122.12999725341797,122.22000122070312,122.08999633789062,122.1500015258789,104.2408676147461,2577100
2020-09-30,122.02999877929688,122.02999877929688,121.66000366210938,121.81999969482422,103.9592514038086,4276400
2020-10-01,121.52999877929688,121.9000015258789,121.43000030517578,121.80999755859375,104.01815795898438,8733800
2020-10-02,121.91000366210938,121.93000030517578,121.5999984741211,121.69000244140625,103.91565704345703,7509700
2020-10-05,121.3499984741211,121.36000061035156,120.91999816894531,120.91999816894531,103.25812530517578,6132200
2020-10-06,120.94999694824219,121.4000015258789,120.87000274658203,121.19999694824219,103.49723815917969,8516400
2020-10-07,120.97000122070312,121.0999984741211,120.77999877929688,120.8499984741211,103.19837188720703,7116700
2020-10-08,120.98999786376953,121.08999633789062,120.94000244140625,121.06999969482422,103.38622283935547,3499000
2020-10-09,120.97000122070312,121.12999725341797,120.77999877929688,121.01000213623047,103.33499908447266,4358500
2020-10-12,121.05999755859375,121.13999938964844,120.98999786376953,121.13999938964844,103.44599151611328,3287900
2020-10-13,121.2699966430664,121.43000030517578,121.2699966430664,121.41000366210938,103.67656707763672,6583300
2020-10-14,121.4800033569336,121.55000305175781,121.4000015258789,121.44999694824219,103.71070098876953,5200600
2020-10-15,121.58000183105469,121.5999984741211,121.29000091552734,121.31999969482422,103.59971618652344,3839200
2020-10-16,121.31999969482422,121.45999908447266,121.20999908447266,121.25,103.5399398803711,2726200
2020-10-19,121.0199966430664,121.12999725341797,120.9000015258789,121.05000305175781,103.36914825439453,3635800
2020-10-20,120.9000015258789,120.9800033569336,120.75,120.79000091552734,103.14714050292969,6129700
2020-10-21,120.63999938964844,120.76000213623047,120.55999755859375,120.62999725341797,103.0104751586914,6425300
2020-10-22,120.52999877929688,120.56999969482422,120.19999694824219,120.20999908447266,102.65182495117188,6749000
2020-10-23,120.19000244140625,120.48999786376953,120.18000030517578,120.37999725341797,102.79700469970703,5049900
2020-10-26,120.63999938964844,120.83000183105469,120.58999633789062,120.69999694824219,103.07027435302734,4817800
2020-10-27,120.87000274658203,121.01000213623047,120.81999969482422,120.97000122070312,103.30081176757812,3620100
2020-10-28,121.1500015258789,121.18000030517578,120.87999725341797,120.95999908447266,103.29228210449219,5586600
2020-10-29,120.91999816894531,120.94000244140625,120.37000274658203,120.44999694824219,102.8567886352539,7504800
2020-10-30,120.4000015258789,120.44999694824219,120.05999755859375,120.05999755859375,102.52372741699219,7246800
2020-11-02,120.33999633789062,120.41999816894531,120.12999725341797,120.19000244140625,102.69976806640625,7674300
2020-11-03,120.01000213623047,120.02999877929688,119.83000183105469,119.91999816894531,102.46906280517578,9203500
2020-11-04,120.93000030517578,121.05999755859375,120.77999877929688,120.93000030517578,103.33207702636719,14922300
2020-11-05,120.9800033569336,121.0199966430664,120.7699966430664,120.91000366210938,103.31497955322266,6250700
2020-11-06,120.52999877929688,120.58999633789062,120.36000061035156,120.5,102.96464538574219,10402200
2020-11-09,119.58999633789062,119.62999725341797,119.19000244140625,119.61000061035156,102.20416259765625,11195800
2020-11-10,119.22000122070312,119.5,119.20999908447266,119.2699966430664,101.91365051269531,4810500
2020-11-11,119.27999877929688,119.51000213623047,119.26000213623047,119.45999908447266,102.07601165771484,1699900
2020-11-12,119.81999969482422,120.1500015258789,119.77999877929688,120.13999938964844,102.65705871582031,6324000
2020-11-13,120.08999633789062,120.12999725341797,119.95999908447266,119.9800033569336,102.52033233642578,6766000
2020-11-16,119.9000015258789,120.0,119.87999725341797,119.88999938964844,102.44343566894531,3911400
2020-11-17,120.12000274658203,120.25,120.08999633789062,120.19999694824219,102.70830535888672,4707900
2020-11-18,120.27999877929688,120.27999877929688,119.98999786376953,120.16000366210938,102.67412567138672,7931200
2020-11-19,120.29000091552734,120.41000366210938,120.25,120.29000091552734,102.78522491455078,9323000
2020-11-20,120.3499984741211,120.5199966430664,120.33000183105469,120.5,102.96464538574219,16772200
2020-11-23,120.33999633789062,120.36000061035156,120.19999694824219,120.26000213623047,102.75955963134766,2511900
2020-11-24,120.16999816894531,120.19000244140625,120.01000213623047,120.06999969482422,102.59722900390625,4349300
2020-11-25,120.16000366210938,120.33000183105469,120.0999984741211,120.11000061035156,102.63140869140625,2125500
2020-11-27,120.30999755859375,120.47000122070312,120.30000305175781,120.47000122070312,102.93902587890625,2988100
2020-11-30,120.41999816894531,120.51000213623047,120.3499984741211,120.38999938964844,102.87065124511719,2390900
2020-12-01,119.97000122070312,120.01000213623047,119.52999877929688,119.66999816894531,102.32343292236328,13902200
2020-12-02,119.55999755859375,119.58000183105469,119.30000305175781,119.47000122070312,102.15245819091797,5578500
2020-12-03,119.6500015258789,119.9000015258789,119.5999984741211,119.79000091552734,102.42607116699219,4484900
2020-12-04,119.41000366210938,119.44000244140625,119.19999694824219,119.31999969482422,102.02417755126953,4709100
2020-12-07,119.61000061035156,119.76000213623047,119.58999633789062,119.69000244140625,102.34053039550781,4441600
2020-12-08,119.91000366210938,120.04000091552734,119.80000305175781,119.80999755859375,102.44314575195312,4735700
2020-12-09,119.58999633789062,119.7699966430664,119.47000122070312,119.63999938964844,102.29779815673828,3444100
2020-12-10,119.73999786376953,119.94999694824219,119.63999938964844,119.91000366210938,102.52864074707031,3557600
2020-12-11,120.08000183105469,120.2699966430664,120.05000305175781,120.1500015258789,102.73385620117188,4336600
2020-12-14,119.83999633789062,120.16000366210938,119.77999877929688,120.08000183105469,102.67400360107422,2870600
2020-12-15,119.93000030517578,120.02999877929688,119.83999633789062,119.95999908447266,102.5714111328125,2889200
2020-12-16,119.69000244140625,120.0,119.63999938964844,119.86000061035156,102.48592376708984,5058400
2020-12-17,119.98999786376953,120.06999969482422,119.62000274658203,119.69999694824219,102.41145324707031,3233200
2020-12-18,119.79000091552734,119.8499984741211,119.58000183105469,119.5999984741211,102.3259048461914,3189500
2020-12-21,119.79000091552734,119.83000183105469,119.58000183105469,119.68000030517578,102.39433288574219,2850500
2020-12-22,119.83000183105469,119.9000015258789,119.70999908447266,119.87999725341797,102.56546783447266,3688500
2020-12-23,119.6500015258789,119.66000366210938,119.41999816894531,119.62999725341797,102.35155487060547,3047100
2020-12-24,119.73999786376953,119.80000305175781,119.70999908447266,119.80000305175781,102.49705505371094,1529300
2020-12-28,119.61000061035156,119.80999755859375,119.54000091552734,119.80999755859375,102.50559997558594,3677500
2020-12-29,119.63999938964844,119.83000183105469,119.63999938964844,119.79000091552734,102.48847961425781,2157300
2020-12-30,119.73999786376953,119.87000274658203,119.7300033569336,119.87000274658203,102.55693817138672,2549100
2020-12-31,119.8499984741211,120.0,119.8499984741211,119.94999694824219,102.6253662109375,2626200
2021-01-04,119.68000030517578,120.05999755859375,119.6500015258789,119.9800033569336,102.65099334716797,5499000
2021-01-05,119.87000274658203,119.88999938964844,119.58000183105469,119.69999694824219,102.41145324707031,5004400
2021-01-06,119.12000274658203,119.12000274658203,118.7699966430664,119.0,101.81256866455078,10039300
2021-01-07,118.58000183105469,118.66000366210938,118.4800033569336,118.58000183105469,101.45320892333984,7751700
2021-01-08,118.3499984741211,118.43000030517578,118.12999725341797,118.23999786376953,101.16232299804688,8378700
2021-01-11,118.1500015258789,118.16000366210938,117.98999786376953,118.01000213623047,100.96556091308594,6061000
2021-01-12,117.7699966430664,118.04000091552734,117.56999969482422,117.98999786376953,100.94844055175781,6516600
2021-01-13,118.16999816894531,118.55000305175781,118.13999938964844,118.4000015258789,101.29920196533203,7562900
2021-01-14,118.38999938964844,118.47000122070312,118.02999877929688,118.12999725341797,101.06819152832031,8113000
2021-01-15,118.37999725341797,118.52999877929688,118.20999908447266,118.44999694824219,101.34197998046875,5978400
2021-01-19,118.27999877929688,118.5199966430664,118.2300033569336,118.5199966430664,101.40188598632812,4035700
2021-01-20,118.38999938964844,118.56999969482422,118.36000061035156,118.56999969482422,101.44468688964844,4277700
2021-01-21,118.37000274658203,118.4800033569336,118.30000305175781,118.4000015258789,101.29920196533203,4254500
2021-01-22,118.5,118.5999984741211,118.44000244140625,118.58000183105469,101.45320892333984,4706200
2021-01-25,118.75,119.05999755859375,118.70999908447266,119.05999755859375,101.8638916015625,5689200
2021-01-26,118.94000244140625,119.05999755859375,118.91999816894531,119.0199966430664,101.82966613769531,4257100
2021-01-27,119.22000122070312,119.33999633789062,119.12000274658203,119.16000366210938,101.94944763183594,5764700
2021-01-28,119.0,119.01000213623047,118.72000122070312,118.8499984741211,101.6842269897461,5394200
2021-01-29,118.51000213623047,118.79000091552734,118.47000122070312,118.63999938964844,101.50459289550781,7952100
2021-02-01,118.56999969482422,118.7699966430664,118.52999877929688,118.70999908447266,101.63125610351562,3640700
2021-02-02,118.33999633789062,118.45999908447266,118.30000305175781,118.41000366210938,101.37440490722656,3609800
2021-02-03,118.25,118.30999755859375,118.0999984741211,118.12000274658203,101.12615203857422,3844200
2021-02-04,117.9800033569336,118.12999725341797,117.88999938964844,118.08000183105469,101.0919189453125,2146000
2021-02-05,118.05000305175781,118.18000030517578,117.83000183105469,117.83000183105469,100.87789154052734,5498000
2021-02-08,117.80999755859375,118.04000091552734,117.73999786376953,117.87999725341797,100.92068481445312,2861300
2021-02-09,118.01000213623047,118.12999725341797,117.91999816894531,117.97000122070312,100.99772644042969,4458500
2021-02-10,118.0999984741211,118.2699966430664,118.08999633789062,118.2699966430664,101.25457000732422,6726800
2021-02-11,118.2699966430664,118.30999755859375,118.12999725341797,118.18000030517578,101.17753601074219,5949900
2021-02-12,117.88999938964844,118.0199966430664,117.75,117.79000091552734,100.8436279296875,8802400
2021-02-16,117.2699966430664,117.37999725341797,116.86000061035156,116.94000244140625,100.11592102050781,8909000
2021-02-17,117.0199966430664,117.16999816894531,116.87999725341797,117.0199966430664,100.18440246582031,4789700
2021-02-18,116.83000183105469,117.0999984741211,116.73999786376953,117.01000213623047,100.17584991455078,4469900
2021-02-19,116.66000366210938,116.7699966430664,116.37000274658203,116.54000091552734,99.7734375,5851800
2021-02-22,116.44999694824219,116.66999816894531,116.26000213623047,116.3499984741211,99.61080169677734,3828000
2021-02-23,116.2699966430664,116.58000183105469,116.16999816894531,116.44000244140625,99.68783569335938,7344900
2021-02-24,115.86000061035156,116.33999633789062,115.79000091552734,116.27999877929688,99.55087280273438,7133700
2021-02-25,115.61000061035156,115.72000122070312,114.0999984741211,114.7300033569336,98.22389221191406,35760600
2021-02-26,115.13999938964844,115.80999755859375,114.70999908447266,115.76000213623047,99.10568237304688,28188400
2021-03-01,115.47000122070312,115.69000244140625,115.25,115.55999755859375,98.99430084228516,9616500
2021-03-02,115.45999908447266,115.77999877929688,115.41000366210938,115.7699966430664,99.17423248291016,6271000
2021-03-03,115.22000122070312,115.23999786376953,114.93000030517578,115.1500015258789,98.64306640625,8377300
2021-03-04,115.13999938964844,115.2699966430664,114.41000366210938,114.58000183105469,98.15478515625,12327900
2021-03-05,114.12000274658203,114.56999969482422,114.0199966430664,114.41999816894531,98.01776123046875,8634600
2021-03-08,114.1500015258789,114.18000030517578,113.93000030517578,113.97000122070312,97.63224029541016,7416400
2021-03-09,114.47000122070312,114.61000061035156,114.29000091552734,114.51000213623047,98.0948486328125,7035000
2021-03-10,114.51000213623047,114.86000061035156,114.44999694824219,114.75,98.30045318603516,5683100
2021-03-11,114.73999786376953,114.87000274658203,114.54000091552734,114.70999908447266,98.26616668701172,7576500
2021-03-12,113.9800033569336,113.98999786376953,113.76000213623047,113.87999725341797,97.55511474609375,7332600
2021-03-15,113.94999694824219,114.12999725341797,113.91999816894531,114.0199966430664,97.67506408691406,4465500
2021-03-16,114.1500015258789,114.23999786376953,113.87000274658203,114.0,97.65794372558594,5479400
2021-03-17,113.56999969482422,114.05000305175781,113.36000061035156,113.80999755859375,97.49519348144531,8975900
2021-03-18,112.9000015258789,113.2300033569336,112.79000091552734,113.0999984741211,96.88695526123047,8281400
2021-03-19,112.86000061035156,113.19999694824219,112.83000183105469,113.02999877929688,96.82697296142578,8748100
2021-03-22,113.31999969482422,113.45999908447266,113.2300033569336,113.4000015258789,97.1439437866211,4679800
2021-03-23,113.6500015258789,113.9800033569336,113.56999969482422,113.95999908447266,97.62366485595703,7544000
2021-03-24,113.7300033569336,114.12999725341797,113.69999694824219,114.11000061035156,97.75221252441406,14634800
2021-03-25,114.16999816894531,114.23999786376953,113.79000091552734,113.95999908447266,97.62366485595703,10573800
2021-03-26,113.6500015258789,113.88999938964844,113.56999969482422,113.58000183105469,97.29814910888672,6409700
2021-03-29,113.68000030517578,113.69000244140625,113.08999633789062,113.19000244140625,96.96406555175781,6298000
2021-03-30,112.87999725341797,113.16000366210938,112.77999877929688,113.08999633789062,96.87836456298828,5784900
2021-03-31,113.05999755859375,113.19000244140625,112.79000091552734,112.93000030517578,96.74131774902344,8620000
2021-04-01,113.20999908447266,113.41999816894531,113.12999725341797,113.36000061035156,97.16991424560547,8535300
2021-04-05,112.97000122070312,113.12999725341797,112.80000305175781,113.04000091552734,96.89562225341797,9944500
2021-04-06,113.27999877929688,113.61000061035156,113.23999786376953,113.58999633789062,97.36707305908203,8765200
2021-04-07,113.56999969482422,113.80000305175781,113.4800033569336,113.5199966430664,97.30706787109375,6316800
2021-04-08,113.72000122070312,113.91999816894531,113.69999694824219,113.91000366210938,97.64138793945312,6334700
2021-04-09,113.54000091552734,113.81999969482422,113.44000244140625,113.61000061035156,97.38422393798828,5887400
2021-04-12,113.5199966430664,113.56999969482422,113.41999816894531,113.54000091552734,97.32422637939453,5466000
2021-04-13,113.56999969482422,114.01000213623047,113.54000091552734,114.01000213623047,97.7270736694336,7663800
2021-04-14,113.81999969482422,113.91000366210938,113.72000122070312,113.87000274658203,97.60707092285156,4876900
2021-04-15,114.2300033569336,114.7699966430664,114.2300033569336,114.5999984741211,98.23281860351562,9958500
2021-04-16,114.26000213623047,114.47000122070312,114.2300033569336,114.29000091552734,97.96707916259766,7334900
2021-04-19,114.0999984741211,114.36000061035156,114.04000091552734,114.16999816894531,97.86422729492188,5738600
2021-04-20,114.13999938964844,114.58999633789062,114.13999938964844,114.51000213623047,98.15567016601562,6468300
2021-04-21,114.5,114.62999725341797,114.33999633789062,114.56999969482422,98.20709228515625,7976500
2021-04-22,114.55999755859375,114.69000244140625,114.29000091552734,114.66000366210938,98.28426361083984,7681300
2021-04-23,114.63999938964844,114.6500015258789,114.33000183105469,114.51000213623047,98.15567016601562,5509900
2021-04-26,114.45999908447266,114.55000305175781,114.38999938964844,114.38999938964844,98.05280303955078,7145300
2021-04-27,114.2300033569336,114.33000183105469,113.94000244140625,113.94000244140625,97.66706848144531,7720500
2021-04-28,113.94999694824219,114.11000061035156,113.66000366210938,114.08999633789062,97.79563903808594,8692900
2021-04-29,113.55000305175781,113.9000015258789,113.44000244140625,113.88999938964844,97.62419891357422,5547800
2021-04-30,113.94000244140625,114.02999877929688,113.7699966430664,113.98999786376953,97.70993041992188,5160000
2021-05-03,113.95999908447266,114.3499984741211,113.91999816894531,114.11000061035156,97.87635803222656,8593300
2021-05-04,114.33999633789062,114.55999755859375,114.19999694824219,114.26000213623047,98.00501251220703,11171000
2021-05-05,114.13999938964844,114.43000030517578,114.13999938964844,114.4000015258789,98.1250991821289,6810000
2021-05-06,114.31999969482422,114.58000183105469,114.30000305175781,114.44999694824219,98.16800689697266,6546200
2021-05-07,114.72000122070312,114.94999694824219,114.38999938964844,114.48999786376953,98.20227813720703,10657600
2021-05-10,114.54000091552734,114.62999725341797,114.20999908447266,114.26000213623047,98.00501251220703,5906800
2021-05-11,114.08999633789062,114.16999816894531,114.0199966430664,114.06999969482422,97.842041015625,6591300
2021-05-12,113.6500015258789,113.7300033569336,113.47000122070312,113.5199966430664,97.37026977539062,14509800
2021-05-13,113.66000366210938,113.94000244140625,113.58999633789062,113.9000015258789,97.69622039794922,8242700
2021-05-14,114.06999969482422,114.19000244140625,113.94999694824219,114.1500015258789,97.91063690185547,7943100
2021-05-17,114.06999969482422,114.12000274658203,113.98999786376953,114.04000091552734,97.81631469726562,6711100
2021-05-18,114.02999877929688,114.08999633789062,113.91999816894531,114.04000091552734,97.81631469726562,4319600
2021-05-19,114.0199966430664,114.25,113.5999984741211,113.69999694824219,97.52466583251953,13156500
2021-05-20,113.9000015258789,114.18000030517578,113.87000274658203,114.16999816894531,97.92782592773438,8412700
2021-05-21,114.27999877929688,114.30999755859375,114.08000183105469,114.20999908447266,97.96214294433594,6648700
2021-05-24,114.2699966430664,114.43000030517578,114.22000122070312,114.31999969482422,98.05648040771484,4826000
2021-05-25,114.44000244140625,114.76000213623047,114.44000244140625,114.73999786376953,98.41671752929688,5748200
2021-05-26,114.66000366210938,114.80999755859375,114.55999755859375,114.61000061035156,98.30520629882812,4501600
2021-05-27,114.36000061035156,114.41000366210938,114.19999694824219,114.41000366210938,98.13365173339844,5998100
2021-05-28,114.36000061035156,114.63999938964844,114.36000061035156,114.4000015258789,98.1250991821289,5575700
2021-06-01,114.19000244140625,114.31999969482422,114.05000305175781,114.30000305175781,98.1070785522461,9498100
2021-06-02,114.41999816894531,114.51000213623047,114.37000274658203,114.43000030517578,98.21865844726562,4269900
2021-06-03,114.33000183105469,114.33000183105469,114.08999633789062,114.13999938964844,97.9697265625,3591200
2021-06-04,114.43000030517578,114.77999877929688,114.41000366210938,114.7699966430664,98.51045227050781,6326000
2021-06-07,114.62999725341797,114.72000122070312,114.5999984741211,114.68000030517578,98.43323516845703,3068500
2021-06-08,115.04000091552734,115.06999969482422,114.95999908447266,115.01000213623047,98.71648406982422,4760500
2021-06-09,115.41999816894531,115.55000305175781,115.22000122070312,115.37000274658203,99.02546691894531,5679300
2021-06-10,115.12000274658203,115.79000091552734,115.06999969482422,115.77999877929688,99.37738800048828,6494800
2021-06-11,115.69999694824219,115.72000122070312,115.51000213623047,115.61000061035156,99.2314682006836,3914200
2021-06-14,115.48999786376953,115.5,115.19999694824219,115.25,98.92249298095703,3730900
2021-06-15,115.19000244140625,115.29000091552734,115.12999725341797,115.2699966430664,98.93964385986328,4212700
2021-06-16,115.31999969482422,115.37999725341797,114.30999755859375,114.4800033569336,98.26158905029297,13529000
2021-06-17,114.66000366210938,115.26000213623047,114.58000183105469,114.88999938964844,98.61347961425781,8838100
2021-06-18,115.04000091552734,115.58000183105469,114.80999755859375,115.54000091552734,99.17139434814453,13435000
2021-06-21,115.26000213623047,115.3499984741211,115.08000183105469,115.16999816894531,98.85381317138672,6460000
2021-06-22,115.04000091552734,115.41000366210938,115.01000213623047,115.37999725341797,99.03404998779297,5459700
2021-06-23,115.25,115.37000274658203,115.0999984741211,115.1500015258789,98.83665466308594,5429800
2021-06-24,115.1500015258789,115.27999877929688,115.08000183105469,115.12999725341797,98.81947326660156,3631700
2021-06-25,115.20999908447266,115.25,114.69000244140625,114.88999938964844,98.61347961425781,6716800
2021-06-28,115.11000061035156,115.36000061035156,115.0999984741211,115.25,98.92249298095703,4968900
2021-06-29,115.0999984741211,115.31999969482422,115.08999633789062,115.30999755859375,98.9739761352539,3373200
2021-06-30,115.4800033569336,115.66000366210938,115.45999908447266,115.48999786376953,99.12846374511719,6572800
2021-07-01,115.37999725341797,115.44999694824219,115.16999816894531,115.33000183105469,99.05722045898438,11966200
2021-07-02,115.47000122070312,115.75,115.44000244140625,115.75,99.41792297363281,5071900
2021-07-06,115.88999938964844,116.44000244140625,115.88999938964844,116.36000061035156,99.94183349609375,9095300
2021-07-07,116.58000183105469,116.91000366210938,116.47000122070312,116.69999694824219,100.23390197753906,7456400
2021-07-08,116.91999816894531,117.19000244140625,116.81999969482422,117.0,100.49153900146484,7368000
2021-07-09,116.5199966430664,116.54000091552734,116.4000015258789,116.41000366210938,99.98479461669922,5531200
2021-07-12,116.51000213623047,116.55999755859375,116.26000213623047,116.3499984741211,99.9332504272461,3867700
2021-07-13,116.41000366210938,116.52999877929688,115.88999938964844,115.98999786376953,99.62408447265625,6926500
2021-07-14,116.30999755859375,116.5199966430664,116.20999908447266,116.48999786376953,100.0534896850586,6029200
2021-07-15,116.79000091552734,117.04000091552734,116.52999877929688,116.9800033569336,100.4743423461914,5704500
2021-07-16,116.66999816894531,116.9800033569336,116.66000366210938,116.95999908447266,100.45720672607422,3577900
2021-07-19,117.73999786376953,118.11000061035156,117.68000030517578,117.95999908447266,101.31608581542969,20557500
2021-07-20,118.47000122070312,118.5199966430664,117.70999908447266,117.80999755859375,101.18722534179688,8729000
2021-07-21,117.33000183105469,117.41000366210938,117.0199966430664,117.12999725341797,100.60322570800781,7438300
2021-07-22,117.12999725341797,117.63999938964844,117.12000274658203,117.4000015258789,100.8351058959961,6363500
2021-07-23,116.9800033569336,117.25,116.97000122070312,117.22000122070312,100.68052673339844,6804600
2021-07-26,117.4000015258789,117.41999816894531,117.12000274658203,117.13999938964844,100.6117935180664,6179600
2021-07-27,117.62000274658203,117.70999908447266,117.51000213623047,117.63999938964844,101.04124450683594,8621200
2021-07-28,117.41999816894531,117.75,117.26000213623047,117.73999786376953,101.12715148925781,11533500
2021-07-29,117.30999755859375,117.52999877929688,117.27999877929688,117.37999725341797,100.81791687011719,6203800
2021-07-30,117.58000183105469,117.77999877929688,117.56999969482422,117.70999908447266,101.10140228271484,5656400
2021-08-02,117.81999969482422,118.37999725341797,117.70999908447266,118.1500015258789,101.54485321044922,19495800
2021-08-03,118.18000030517578,118.37000274658203,118.12000274658203,118.18000030517578,101.57064056396484,6627300
2021-08-04,118.52999877929688,118.62999725341797,117.77999877929688,118.1500015258789,101.54485321044922,7545000
2021-08-05,117.9000015258789,117.95999908447266,117.63999938964844,117.72000122070312,101.17529296875,5164600
2021-08-06,117.13999938964844,117.25,117.0,117.02999877929688,100.5822525024414,7807600
2021-08-09,117.19999694824219,117.30999755859375,116.77999877929688,116.77999877929688,100.36740112304688,10842500
2021-08-10,116.87000274658203,116.87999725341797,116.55000305175781,116.55999755859375,100.17830657958984,7192400
2021-08-11,116.63999938964844,116.98999786376953,116.44000244140625,116.69000244140625,100.29005432128906,7254300
2021-08-12,116.56999969482422,116.69999694824219,116.43000030517578,116.56999969482422,100.18687438964844,6932200
2021-08-13,116.75,117.23999786376953,116.7300033569336,117.23999786376953,100.76275634765625,6896500
2021-08-16,117.55000305175781,117.81999969482422,117.5,117.5,100.98619079589844,6928100
2021-08-17,117.4800033569336,117.69999694824219,117.41999816894531,117.44000244140625,100.93463897705078,7785500
2021-08-18,117.38999938964844,117.48999786376953,117.12999725341797,117.37999725341797,100.883056640625,7025800
2021-08-19,117.62999725341797,117.72000122070312,117.52999877929688,117.63999938964844,101.10651397705078,6242600
2021-08-20,117.63999938964844,117.70999908447266,117.41000366210938,117.52999877929688,101.01201629638672,6510200
2021-08-23,117.5,117.58000183105469,117.4000015258789,117.55999755859375,101.0377426147461,3958500
2021-08-24,117.41000366210938,117.51000213623047,117.20999908447266,117.23999786376953,100.76275634765625,3649700
2021-08-25,117.19999694824219,117.23999786376953,116.72000122070312,116.77999877929688,100.36740112304688,5874700
2021-08-26,116.72000122070312,116.83000183105469,116.58999633789062,116.77999877929688,100.36740112304688,6850600
2021-08-27,116.77999877929688,117.16000366210938,116.62999725341797,117.16000366210938,100.6939926147461,6360700
2021-08-30,117.13999938964844,117.4000015258789,117.0999984741211,117.38999938964844,100.89165496826172,6546200
2021-08-31,117.33000183105469,117.48999786376953,117.12000274658203,117.16999816894531,100.70257568359375,7418400
2021-09-01,117.25,117.29000091552734,117.04000091552734,117.13999938964844,100.74560546875,11908600
2021-09-02,117.2699966430664,117.27999877929688,117.13999938964844,117.27999877929688,100.86601257324219,2976200
2021-09-03,117.01000213623047,117.05000305175781,116.87999725341797,117.0,100.62517547607422,4988900
2021-09-07,116.58999633789062,116.68000030517578,116.44000244140625,116.54000091552734,100.22956848144531,7098600
2021-09-08,116.69999694824219,116.94000244140625,116.62999725341797,116.86000061035156,100.50476837158203,6046200
2021-09-09,116.91000366210938,117.31999969482422,116.80999755859375,117.19000244140625,100.78861999511719,7009500
2021-09-10,116.93000030517578,117.02999877929688,116.70999908447266,116.81999969482422,100.47034454345703,8147100
2021-09-13,116.93000030517578,117.05999755859375,116.91000366210938,116.95999908447266,100.59076690673828,4269300
2021-09-14,117.16000366210938,117.5199966430664,117.0999984741211,117.4000015258789,100.9692153930664,6991000
2021-09-15,117.33000183105469,117.3499984741211,117.0,117.19999694824219,100.79719543457031,5108900
2021-09-16,116.79000091552734,117.01000213623047,116.68000030517578,116.83000183105469,100.47894287109375,5682700
2021-09-17,116.54000091552734,116.56999969482422,116.37999725341797,116.48999786376953,100.1865463256836,7611700
2021-09-20,116.91000366210938,117.20999908447266,116.81999969482422,117.08000183105469,100.69397735595703,8781600
2021-09-21,117.12000274658203,117.1500015258789,116.94000244140625,117.01000213623047,100.63378143310547,4867900
2021-09-22,117.01000213623047,117.22000122070312,116.79000091552734,117.12000274658203,100.72838592529297,10966400
2021-09-23,116.58000183105469,116.61000061035156,116.05999755859375,116.05999755859375,99.81675720214844,10650100
2021-09-24,115.9000015258789,115.91000366210938,115.63999938964844,115.70999908447266,99.51573181152344,10528000
2021-09-27,115.4000015258789,115.5999984741211,115.37000274658203,115.4000015258789,99.24909210205078,6742100
2021-09-28,114.9800033569336,115.22000122070312,114.7300033569336,114.95999908447266,98.8707046508789,10295500
2021-09-29,115.19999694824219,115.36000061035156,114.87000274658203,115.08000183105469,98.97389221191406,8364000
2021-09-30,114.97000122070312,115.26000213623047,114.91999816894531,115.22000122070312,99.09429168701172,7307900
2021-10-01,115.36000061035156,115.66000366210938,115.26000213623047,115.61000061035156,99.49877166748047,19830100
2021-10-04,115.41000366210938,115.66999816894531,115.26000213623047,115.47000122070312,99.37831115722656,7691800
2021-10-05,115.29000091552734,115.31999969482422,114.98999786376953,115.11000061035156,99.0684814453125,6861900
2021-10-06,115.1500015258789,115.26000213623047,115.05000305175781,115.13999938964844,99.09429168701172,7473500
2021-10-07,114.87999725341797,114.91000366210938,114.66999816894531,114.68000030517578,98.69840240478516,8160200
2021-10-08,114.62000274658203,114.62000274658203,114.30000305175781,114.43000030517578,98.48322296142578,9455100
2021-10-11,114.2300033569336,114.31999969482422,114.12999725341797,114.1500015258789,98.24227905273438,2261300
2021-10-12,114.3499984741211,114.70999908447266,114.27999877929688,114.66999816894531,98.68978881835938,7938400
2021-10-13,114.73999786376953,115.05000305175781,114.68000030517578,114.88999938964844,98.8791275024414,11662400
2021-10-14,115.0199966430664,115.20999908447266,114.9000015258789,115.16000366210938,99.11154174804688,9518200
2021-10-15,114.73999786376953,114.7699966430664,114.52999877929688,114.58999633789062,98.6209716796875,8689700
2021-10-18,114.25,114.5199966430664,114.06999969482422,114.43000030517578,98.48322296142578,8703300
2021-10-19,114.2699966430664,114.31999969482422,114.0,114.0199966430664,98.13037872314453,7445200
2021-10-20,114.0199966430664,114.20999908447266,113.94000244140625,113.97000122070312,98.08734893798828,6230000
2021-10-21,113.9000015258789,113.94999694824219,113.62999725341797,113.66999816894531,97.82914733886719,7103900
2021-10-22,113.77999877929688,114.05000305175781,113.66999816894531,113.95999908447266,98.0787353515625,10204600
2021-10-25,113.9800033569336,114.22000122070312,113.9800033569336,114.0999984741211,98.19921875,4835000
2021-10-26,114.12000274658203,114.23999786376953,113.9000015258789,114.23999786376953,98.31970977783203,5603100
2021-10-27,114.63999938964844,115.05999755859375,114.31999969482422,114.87999725341797,98.87052917480469,16140300
2021-10-28,114.76000213623047,114.91000366210938,114.45999908447266,114.58000183105469,98.6123275756836,9940400
2021-10-29,114.2699966430664,114.86000061035156,114.19000244140625,114.62999725341797,98.6553726196289,11254300
2021-11-01,114.22000122070312,114.62999725341797,114.19000244140625,114.54000091552734,98.64761352539062,14479000
2021-11-02,114.66999816894531,114.95999908447266,114.66000366210938,114.81999969482422,98.88874816894531,12191100
2021-11-03,114.83999633789062,114.87999725341797,114.2699966430664,114.45999908447266,98.57870483398438,17031100
2021-11-04,114.66000366210938,115.16999816894531,114.66000366210938,115.08000183105469,99.11266326904297,12665400
2021-11-05,115.33999633789062,115.80999755859375,115.22000122070312,115.70999908447266,99.65525817871094,12955100
2021-11-08,115.5199966430664,115.5199966430664,115.16000366210938,115.20999908447266,99.22465515136719,7404300
2021-11-09,115.69999694824219,115.9800033569336,115.6500015258789,115.73999786376953,99.6811294555664,12345400
2021-11-10,115.54000091552734,115.56999969482422,114.54000091552734,114.75,98.82850646972656,19425100
2021-11-11,114.75,114.80000305175781,114.37999725341797,114.37999725341797,98.50979614257812,3746100
2021-11-12,114.80000305175781,114.94000244140625,114.5199966430664,114.62000274658203,98.716552734375,10613400
2021-11-15,114.55000305175781,114.58000183105469,114.12999725341797,114.16999816894531,98.32897186279297,8021400
2021-11-16,114.18000030517578,114.4000015258789,114.05000305175781,114.06999969482422,98.24285125732422,6573700
2021-11-17,114.06999969482422,114.48999786376953,114.05000305175781,114.4800033569336,98.59595489501953,10006200
2021-11-18,114.30999755859375,114.58000183105469,114.29000091552734,114.55000305175781,98.65621948242188,10183400
2021-11-19,114.91999816894531,115.11000061035156,114.79000091552734,114.86000061035156,98.92323303222656,10731600
2021-11-22,114.33000183105469,114.44000244140625,113.94999694824219,114.0199966430664,98.19976806640625,10876200
2021-11-23,113.81999969482422,113.87999725341797,113.55000305175781,113.55000305175781,97.79499816894531,11543700
2021-11-24,113.56999969482422,113.91999816894531,113.5,113.9000015258789,98.09639739990234,8322900
2021-11-26,114.9800033569336,115.38999938964844,114.91999816894531,115.37000274658203,99.36248016357422,13878500
2021-11-29,114.69000244140625,115.19999694824219,114.66000366210938,115.11000061035156,99.1385498046875,13908200
2021-11-30,115.81999969482422,116.1500015258789,115.22000122070312,115.80000305175781,99.73281860351562,19416800
2021-12-01,115.30000305175781,115.93000030517578,115.16000366210938,115.93000030517578,99.92070770263672,24991000
2021-12-02,115.9000015258789,115.94999694824219,115.41000366210938,115.68000030517578,99.7052001953125,11448900
2021-12-03,115.48999786376953,116.63999938964844,115.38999938964844,116.36000061035156,100.29133605957031,19790900
2021-12-06,116.19000244140625,116.27999877929688,115.6500015258789,115.77999877929688,99.79141998291016,9863200
2021-12-07,115.45999908447266,115.69999694824219,115.26000213623047,115.33999633789062,99.41215515136719,7678400
2021-12-08,115.16999816894531,115.19999694824219,114.81999969482422,114.97000122070312,99.0932846069336,11126500
2021-12-09,115.25,115.44000244140625,115.0999984741211,115.26000213623047,99.34321594238281,9198400
2021-12-10,115.44000244140625,115.66000366210938,115.27999877929688,115.33999633789062,99.41215515136719,5051500
2021-12-13,115.62999725341797,115.98999786376953,115.61000061035156,115.88999938964844,99.88622283935547,5706900
2021-12-14,115.6500015258789,115.80999755859375,115.43000030517578,115.69000244140625,99.7138442993164,4749500
2021-12-15,115.41000366210938,115.7300033569336,115.27999877929688,115.5199966430664,99.56731414794922,8428000
2021-12-16,115.58000183105469,115.91000366210938,115.55999755859375,115.75,99.85717010498047,9085400
2021-12-17,116.12000274658203,116.33999633789062,115.94000244140625,116.01000213623047,100.08148193359375,7933100
2021-12-20,116.19999694824219,116.3499984741211,115.87999725341797,115.91000366210938,99.99522399902344,13772100
2021-12-21,115.48999786376953,115.54000091552734,115.2300033569336,115.44999694824219,99.59835815429688,7672800
2021-12-22,115.62999725341797,115.63999938964844,115.33999633789062,115.55999755859375,99.69324493408203,5538200
2021-12-23,115.4800033569336,115.48999786376953,115.18000030517578,115.31999969482422,99.48622131347656,7209700
2021-12-27,115.27999877929688,115.41999816894531,115.25,115.36000061035156,99.5207290649414,3471800
2021-12-28,115.55000305175781,115.58000183105469,115.27999877929688,115.33999633789062,99.50350189208984,8314500
2021-12-29,114.97000122070312,115.06999969482422,114.66999816894531,114.75,98.99449157714844,11879900
2021-12-30,114.9800033569336,115.13999938964844,114.79000091552734,115.12999725341797,99.32230377197266,10296000
2021-12-31,115.16000366210938,115.30999755859375,115.0,115.0,99.21018981933594,7584500
2022-01-03,114.37000274658203,114.41000366210938,113.93000030517578,113.93000030517578,98.28702545166016,27744600
2022-01-04,113.66999816894531,113.88999938964844,113.58000183105469,113.87000274658203,98.23535919189453,15911800
2022-01-05,113.88999938964844,113.9000015258789,113.30999755859375,113.38999938964844,97.82124328613281,13715700
2022-01-06,113.12999725341797,113.20999908447266,112.9800033569336,113.11000061035156,97.57967376708984,10957400
2022-01-07,112.95999908447266,113.0,112.47000122070312,112.73999786376953,97.26046752929688,13318200
2022-01-10,112.44999694824219,112.75,112.37999725341797,112.70999908447266,97.23457336425781,8430700
2022-01-11,112.66000366210938,112.98999786376953,112.55999755859375,112.9800033569336,97.46752166748047,8086500
2022-01-12,113.16999816894531,113.43000030517578,112.9800033569336,113.0,97.4847640991211,7996500
2022-01-13,113.06999969482422,113.4000015258789,112.9800033569336,113.36000061035156,97.79534912109375,8431100
2022-01-14,113.06999969482422,113.08999633789062,112.55000305175781,112.58000183105469,97.12244415283203,10595700
2022-01-18,112.0999984741211,112.19999694824219,111.69000244140625,111.7300033569336,96.38912200927734,11594100
2022-01-19,111.91000366210938,112.22000122070312,111.83999633789062,112.0,96.62206268310547,10349700
2022-01-20,112.18000030517578,112.23999786376953,112.02999877929688,112.23999786376953,96.8291244506836,8297300
2022-01-21,112.87000274658203,113.05000305175781,112.6500015258789,112.88999938964844,97.3898696899414,13250000
2022-01-24,113.23999786376953,113.29000091552734,112.7699966430664,112.79000091552734,97.30360412597656,22377400
2022-01-25,112.88999938964844,113.08999633789062,112.56999969482422,112.63999938964844,97.17417907714844,13534000
2022-01-26,112.66000366210938,112.76000213623047,111.83999633789062,111.83999633789062,96.48402404785156,12694700
2022-01-27,112.11000061035156,112.5199966430664,112.08999633789062,112.30999755859375,96.88951873779297,11609400
2022-01-28,112.1500015258789,112.66000366210938,112.12000274658203,112.56999969482422,97.11381530761719,6713500
2022-01-31,112.36000061035156,112.6500015258789,112.29000091552734,112.56999969482422,97.11381530761719,8258600
2022-02-01,112.5,112.54000091552734,112.12999725341797,112.30999755859375,96.98255157470703,16338700
2022-02-02,112.4000015258789,112.80999755859375,112.4000015258789,112.54000091552734,97.1811752319336,5997100
2022-02-03,112.04000091552734,112.16000366210938,111.91999816894531,112.05999755859375,96.76667022705078,8032600
2022-02-04,111.41999816894531,111.44999694824219,111.08999633789062,111.19999694824219,96.02403259277344,8616400
2022-02-07,111.2300033569336,111.3499984741211,111.08999633789062,111.2300033569336,96.04993438720703,10294700
2022-02-08,110.93000030517578,110.98999786376953,110.80999755859375,110.87000274658203,95.73905944824219,8111500
2022-02-09,111.12999725341797,111.37000274658203,110.9800033569336,111.0199966430664,95.86862182617188,10113400
2022-02-10,110.61000061035156,110.68000030517578,109.95999908447266,110.0,94.98780822753906,16633900
2022-02-11,110.47000122070312,111.2300033569336,109.91999816894531,111.13999938964844,95.97222900390625,18315600
2022-02-14,110.54000091552734,110.83000183105469,110.20999908447266,110.37000274658203,95.30734252929688,11090000
2022-02-15,110.05000305175781,110.23999786376953,109.95999908447266,110.04000091552734,95.02235412597656,8490500
2022-02-16,110.31999969482422,110.33999633789062,109.94000244140625,110.2699966430664,95.22098541259766,9007700
2022-02-17,110.52999877929688,110.9000015258789,110.5199966430664,110.86000061035156,95.7304458618164,8749500
2022-02-18,111.04000091552734,111.2300033569336,110.97000122070312,111.22000122070312,96.04132080078125,8486800
2022-02-22,110.97000122070312,111.22000122070312,110.83999633789062,111.20999908447266,96.03266906738281,8392500
2022-02-23,110.80000305175781,110.9000015258789,110.51000213623047,110.62999725341797,95.53181457519531,7941800
2022-02-24,111.5199966430664,111.55000305175781,110.7300033569336,110.88999938964844,95.75633239746094,19162100
2022-02-25,110.72000122070312,110.87999725341797,110.4800033569336,110.86000061035156,95.7304458618164,8101900
2022-02-28,111.62000274658203,112.13999938964844,111.58000183105469,112.12000274658203,96.81846618652344,12291800
2022-03-01,112.5999984741211,113.48999786376953,112.55000305175781,113.11000061035156,97.76141357421875,28285600
2022-03-02,112.45999908447266,112.55999755859375,111.38999938964844,111.41000366210938,96.2921371459961,12303800
2022-03-03,111.69000244140625,112.0999984741211,111.48999786376953,111.88999938964844,96.70697784423828,12247400
2022-03-04,112.87999725341797,113.30000305175781,112.7699966430664,113.0,97.66635131835938,20102300
2022-03-07,112.47000122070312,113.08000183105469,112.44000244140625,112.5199966430664,97.25151062011719,13633200
2022-03-08,111.87000274658203,112.06999969482422,111.6500015258789,111.79000091552734,96.62054443359375,10819400
2022-03-09,111.33000183105469,111.43000030517578,110.9800033569336,111.0999984741211,96.02417755126953,7932300
2022-03-10,110.72000122070312,110.83000183105469,110.36000061035156,110.58999633789062,95.58338928222656,11100100
2022-03-11,110.47000122070312,110.69999694824219,110.3499984741211,110.55999755859375,95.5574722290039,5567600
2022-03-14,109.66999816894531,109.73999786376953,109.16000366210938,109.16000366210938,94.34744262695312,8622500
2022-03-15,109.73999786376953,109.80000305175781,109.02999877929688,109.11000061035156,94.3042221069336,9294400
2022-03-16,109.0,109.12000274658203,108.25,108.95999908447266,94.1745834350586,12847300
2022-03-17,109.02999877929688,109.23999786376953,108.55000305175781,108.75,93.99307250976562,7215900
2022-03-18,108.93000030517578,109.22000122070312,108.93000030517578,109.06999969482422,94.26964569091797,7509200
2022-03-21,108.27999877929688,108.44999694824219,107.56999969482422,107.6500015258789,93.04234313964844,11003600
2022-03-22,107.19999694824219,107.23999786376953,106.97000122070312,107.05999755859375,92.53240203857422,7710300
2022-03-23,107.31999969482422,107.77999877929688,107.08999633789062,107.77999877929688,93.15467834472656,11222700
2022-03-24,107.1500015258789,107.5,107.11000061035156,107.18000030517578,92.63609313964844,11112300
2022-03-25,106.69000244140625,106.69999694824219,105.97000122070312,106.08000183105469,91.68537902832031,9055600
2022-03-28,106.25,106.69999694824219,106.12000274658203,106.31999969482422,91.8927993774414,12858500
2022-03-29,106.58000183105469,106.9800033569336,106.3499984741211,106.8499984741211,92.35086822509766,7539900
2022-03-30,106.62999725341797,107.30000305175781,106.55999755859375,107.2699966430664,92.7138671875,6430100
2022-03-31,107.43000030517578,107.62000274658203,107.2699966430664,107.47000122070312,92.88676452636719,9147200
2022-04-01,106.30999755859375,107.01000213623047,106.19999694824219,106.6500015258789,92.28192901611328,10237000
2022-04-04,106.76000213623047,106.77999877929688,106.37999725341797,106.58000183105469,92.22136688232422,7372100
2022-04-05,106.2699966430664,106.29000091552734,105.19999694824219,105.30999755859375,91.1224365234375,9675600
2022-04-06,104.6500015258789,105.31999969482422,104.6500015258789,104.94000244140625,90.8022689819336,9054400
2022-04-07,104.68000030517578,104.97000122070312,104.45999908447266,104.68000030517578,90.57732391357422,5518900
2022-04-08,104.08000183105469,104.41999816894531,104.0,104.1500015258789,90.11875915527344,8091800
2022-04-11,103.77999877929688,103.9000015258789,103.5199966430664,103.6500015258789,89.68611907958984,7356400
2022-04-12,104.19000244140625,104.58999633789062,104.02999877929688,104.1500015258789,90.11875915527344,12211000
2022-04-13,104.44000244140625,104.91000366210938,104.30999755859375,104.37999725341797,90.31773376464844,6346100
2022-04-14,104.2300033569336,104.2699966430664,103.31999969482422,103.44000244140625,89.50440216064453,6158700
2022-04-18,103.52999877929688,103.55000305175781,103.11000061035156,103.13999938964844,89.24479675292969,4591500
2022-04-19,102.73999786376953,102.93000030517578,102.38999938964844,102.45999908447266,88.65638732910156,7004900
2022-04-20,102.87999725341797,103.41999816894531,102.76000213623047,103.26000213623047,89.3486328125,7479300
2022-04-21,102.97000122070312,102.9800033569336,102.2699966430664,102.69000244140625,88.85542297363281,9137500
2022-04-22,102.43000030517578,103.0199966430664,102.37999725341797,102.73999786376953,88.89866638183594,5451600
2022-04-25,103.55000305175781,103.9800033569336,103.33999633789062,103.4000015258789,89.46977996826172,8617400
2022-04-26,104.0999984741211,104.2699966430664,103.76000213623047,104.08999633789062,90.06682586669922,9575400
2022-04-27,104.02999877929688,104.12999725341797,103.45999908447266,103.51000213623047,89.56495666503906,7908900
2022-04-28,103.16000366210938,103.38999938964844,102.95999908447266,103.36000061035156,89.43519592285156,6943500
2022-04-29,102.5999984741211,103.20999908447266,102.55000305175781,102.80999755859375,88.95924377441406,10012500
2022-05-02,102.1500015258789,102.22000122070312,101.81999969482422,101.91999816894531,88.29653930664062,11327000
2022-05-03,102.5199966430664,102.5999984741211,102.0199966430664,102.04000091552734,88.40049743652344,8129100
2022-05-04,102.0,102.77999877929688,101.80999755859375,102.69999694824219,88.97222900390625,11934700
2022-05-05,101.88999938964844,102.02999877929688,101.1500015258789,101.66999816894531,88.07992553710938,11675700
2022-05-06,101.1500015258789,101.61000061035156,100.98999786376953,101.08999633789062,87.57746124267578,12538400
2022-05-09,101.13999938964844,101.88999938964844,101.08999633789062,101.83999633789062,88.22720336914062,7301200
2022-05-10,102.30999755859375,102.58000183105469,102.12000274658203,102.18000030517578,88.52175903320312,8054600
2022-05-11,101.93000030517578,102.8499984741211,101.79000091552734,102.80999755859375,89.06754302978516,7167900
2022-05-12,103.12000274658203,103.56999969482422,103.01000213623047,103.1500015258789,89.36209869384766,8132400
2022-05-13,102.87000274658203,102.94000244140625,102.55000305175781,102.61000061035156,88.8943099975586,6016900
2022-05-16,102.9800033569336,103.33000183105469,102.87000274658203,103.04000091552734,89.26680755615234,3315600
2022-05-17,102.3499984741211,102.6500015258789,102.2300033569336,102.26000213623047,88.59107971191406,4286800
2022-05-18,102.26000213623047,103.0999984741211,102.19000244140625,102.98999786376953,89.22348022460938,4465500
2022-05-19,103.9000015258789,103.93000030517578,103.27999877929688,103.36000061035156,89.54405975341797,5137600
2022-05-20,103.30000305175781,103.98999786376953,103.2699966430664,103.83999633789062,89.95986938476562,5908800
2022-05-23,103.56999969482422,103.7699966430664,103.19999694824219,103.20999908447266,89.41409301757812,5720600
2022-05-24,103.73999786376953,104.47000122070312,103.70999908447266,104.0999984741211,90.18511962890625,6786600
2022-05-25,104.47000122070312,104.47000122070312,104.06999969482422,104.30999755859375,90.36703491210938,4274500
2022-05-26,104.37000274658203,104.41000366210938,103.87999725341797,104.26000213623047,90.32373809814453,3478900
2022-05-27,104.44999694824219,104.58999633789062,104.22000122070312,104.41000366210938,90.45368194580078,2508200
2022-05-31,103.62000274658203,103.62999725341797,103.1500015258789,103.31999969482422,89.50939178466797,6773200
2022-06-01,103.2699966430664,103.37000274658203,102.41999816894531,102.61000061035156,89.00540924072266,5555900
2022-06-02,102.91000366210938,102.91999816894531,102.5199966430664,102.76000213623047,89.13551330566406,3014300
2022-06-03,102.36000061035156,102.6500015258789,102.33000183105469,102.55999755859375,88.96204376220703,2687800
2022-06-06,102.30999755859375,102.41000366210938,101.7300033569336,101.79000091552734,88.29414367675781,4800600
2022-06-07,102.05999755859375,102.43000030517578,102.04000091552734,102.19999694824219,88.64974975585938,3230000
2022-06-08,102.01000213623047,102.16999816894531,101.80999755859375,101.81999969482422,88.32015228271484,2917900
2022-06-09,101.69000244140625,101.94000244140625,101.51000213623047,101.7300033569336,88.24209594726562,4178600
2022-06-10,101.20999908447266,101.30999755859375,100.5999984741211,100.7300033569336,87.37467193603516,4443400
2022-06-13,99.66000366210938,99.80000305175781,98.41999816894531,98.94000244140625,85.82200622558594,9200800
2022-06-14,99.16000366210938,99.30000305175781,97.98999786376953,98.1500015258789,85.13674926757812,7829800
2022-06-15,98.94999694824219,99.55999755859375,98.4000015258789,99.5199966430664,86.32508087158203,10256200
2022-06-16,98.55000305175781,100.22000122070312,98.43000030517578,100.16999816894531,86.88895416259766,9168800
2022-06-17,100.26000213623047,100.45999908447266,99.55000305175781,100.19999694824219,86.9149398803711,7029700
2022-06-21,99.66000366210938,99.94999694824219,99.55000305175781,99.68000030517578,86.46389770507812,10342000
2022-06-22,100.83999633789062,101.12000274658203,100.70999908447266,100.94000244140625,87.55681610107422,9501900
2022-06-23,101.55999755859375,102.16999816894531,101.4000015258789,101.51000213623047,88.05126953125,9247200
2022-06-24,101.37999725341797,101.76000213623047,101.06999969482422,101.1500015258789,87.7389907836914,5127000
2022-06-27,100.56999969482422,101.0199966430664,100.44999694824219,100.58000183105469,87.24456787109375,5439400
2022-06-28,100.47000122070312,100.73999786376953,100.33000183105469,100.70999908447266,87.35730743408203,3763300
2022-06-29,100.87999725341797,101.5199966430664,100.79000091552734,101.5199966430664,88.05992889404297,3559600
2022-06-30,102.0999984741211,102.54000091552734,102.01000213623047,102.30000305175781,88.73651885986328,5409500
2022-07-01,103.12000274658203,103.97000122070312,102.9800033569336,103.23999786376953,89.68777465820312,63222900
2022-07-05,103.75,104.0199966430664,103.44000244140625,103.62000274658203,90.01787567138672,6651400
2022-07-06,104.0,104.01000213623047,102.72000122070312,102.73999786376953,89.25343322753906,4754700
2022-07-07,102.7699966430664,102.7699966430664,102.02999877929688,102.11000061035156,88.70613098144531,4058100
2022-07-08,101.83000183105469,101.83999633789062,101.37000274658203,101.48999786376953,88.16748809814453,3664900
2022-07-11,102.02999877929688,102.45999908447266,101.9800033569336,102.29000091552734,88.86248779296875,2765700
2022-07-12,102.83000183105469,103.02999877929688,102.44999694824219,102.52999877929688,89.07098388671875,3669200
2022-07-13,101.91000366210938,103.05000305175781,101.77999877929688,102.97000122070312,89.45320892333984,6809400
2022-07-14,102.19999694824219,102.63999938964844,101.93000030517578,102.4000015258789,88.95806121826172,5370400
2022-07-15,102.47000122070312,102.98999786376953,102.44000244140625,102.75,89.26210021972656,3834000
2022-07-18,102.41999816894531,102.5999984741211,102.02999877929688,102.44999694824219,89.00149536132812,3150700
2022-07-19,102.31999969482422,102.41000366210938,101.87999725341797,101.9800033569336,88.59317779541016,2996100
2022-07-20,102.4800033569336,102.48999786376953,101.80000305175781,101.87999725341797,88.50627899169922,53057500
2022-07-21,102.29000091552734,103.04000091552734,102.19000244140625,103.04000091552734,89.51402282714844,5344300
2022-07-22,104.0,104.45999908447266,103.81999969482422,104.22000122070312,90.53913879394531,7747100
2022-07-25,103.58000183105469,103.9000015258789,103.55000305175781,103.8499984741211,90.21771240234375,2994500
2022-07-26,104.55000305175781,104.69999694824219,103.8499984741211,103.88999938964844,90.25243377685547,4736300
2022-07-27,104.13999938964844,104.61000061035156,104.0199966430664,104.0999984741211,90.43487548828125,7475300
2022-07-28,105.0999984741211,105.31999969482422,104.75,105.12999725341797,91.32963562011719,5768100
2022-07-29,104.91999816894531,105.58000183105469,104.80999755859375,105.16999816894531,91.36441040039062,5961100
2022-08-01,105.29000091552734,105.66999816894531,105.12999725341797,105.5999984741211,91.89875793457031,9672400
2022-08-02,105.55999755859375,105.75,104.06999969482422,104.13999938964844,90.628173828125,9269700
2022-08-03,103.9800033569336,104.58000183105469,103.43000030517578,104.56999969482422,91.00241088867188,7829500
2022-08-04,104.68000030517578,105.12999725341797,104.52999877929688,105.0999984741211,91.46360778808594,9873200
2022-08-05,103.7300033569336,103.7699966430664,103.3499984741211,103.58000183105469,90.14083862304688,10047200
2022-08-08,104.0,104.23999786376953,103.91000366210938,104.19000244140625,90.67169189453125,6681300
2022-08-09,103.9000015258789,104.08000183105469,103.77999877929688,103.87999725341797,90.40192413330078,3814700
2022-08-10,104.3499984741211,104.70999908447266,103.93000030517578,103.94000244140625,90.45413208007812,7260300
2022-08-11,104.18000030517578,104.29000091552734,103.13999938964844,103.25,89.85366821289062,8309300
2022-08-12,103.6500015258789,103.69999694824219,103.31999969482422,103.66000366210938,90.21048736572266,4128600
2022-08-15,104.16999816894531,104.33000183105469,103.94999694824219,103.98999786376953,90.49764251708984,3441100
2022-08-16,103.79000091552734,103.91000366210938,103.38999938964844,103.87000274658203,90.39321899414062,3241800
2022-08-17,103.30999755859375,103.36000061035156,102.95999908447266,103.16999816894531,89.78406524658203,6366700
2022-08-18,103.44999694824219,103.7300033569336,103.27999877929688,103.37000274658203,89.95811462402344,3709200
2022-08-19,102.62000274658203,102.69000244140625,102.36000061035156,102.4800033569336,89.18354034423828,6678000
2022-08-22,102.4000015258789,102.44999694824219,101.9800033569336,102.02999877929688,88.7919692993164,4125800
2022-08-23,101.86000061035156,102.48999786376953,101.70999908447266,101.77999877929688,88.57437896728516,7755000
2022-08-24,101.54000091552734,101.63999938964844,101.29000091552734,101.44000244140625,88.27850341796875,3504600
2022-08-25,101.5199966430664,102.12999725341797,101.38999938964844,102.08999633789062,88.84418487548828,6645300
2022-08-26,101.86000061035156,102.2300033569336,101.62000274658203,101.97000122070312,88.73973083496094,5535900
2022-08-29,101.58000183105469,101.58000183105469,101.25,101.38999938964844,88.2349624633789,4416900
2022-08-30,101.38999938964844,101.72000122070312,101.0199966430664,101.36000061035156,88.20889282226562,4474200
2022-08-31,101.20999908447266,101.44000244140625,100.7699966430664,100.94000244140625,87.84339141845703,5797600
2022-09-01,100.08999633789062,100.30999755859375,99.7300033569336,99.95999908447266,87.14509582519531,10324200
2022-09-02,100.36000061035156,100.79000091552734,100.22000122070312,100.5199966430664,87.63327026367188,5741900
2022-09-06,99.91000366210938,99.94000244140625,99.3499984741211,99.4000015258789,86.65690612792969,6769400
2022-09-07,99.79000091552734,100.16999816894531,99.73999786376953,100.05000305175781,87.22352600097656,7169700
2022-09-08,100.04000091552734,100.26000213623047,99.68000030517578,99.68000030517578,86.90099334716797,5773600
2022-09-09,99.9000015258789,100.08999633789062,99.56999969482422,99.69000244140625,86.9096908569336,5780600
2022-09-12,99.97000122070312,100.05000305175781,99.2699966430664,99.44999694824219,86.70045471191406,4034200
2022-09-13,98.76000213623047,98.94999694824219,98.6500015258789,98.88999938964844,86.21224212646484,5100500
2022-09-14,98.73999786376953,99.18000030517578,98.69000244140625,98.94000244140625,86.25582122802734,3866600
2022-09-15,98.66999816894531,98.79000091552734,98.5,98.5999984741211,85.95943450927734,4622600
2022-09-16,98.5199966430664,98.98999786376953,98.44999694824219,98.68000030517578,86.02915954589844,4718200
2022-09-19,98.30999755859375,98.61000061035156,98.23999786376953,98.4000015258789,85.78507995605469,3879000
2022-09-20,97.69999694824219,98.04000091552734,97.54000091552734,97.79000091552734,85.25326538085938,4869100
2022-09-21,97.95999908447266,98.27999877929688,97.30000305175781,98.18000030517578,85.59325408935547,5414900
2022-09-22,97.16000366210938,97.22000122070312,96.58999633789062,96.69999694824219,84.30300903320312,6662400
2022-09-23,96.66000366210938,96.97000122070312,96.27999877929688,96.81999969482422,84.40762329101562,7630600
2022-09-26,96.29000091552734,96.30000305175781,95.06999969482422,95.20999908447266,83.0040283203125,8015500
2022-09-27,95.23999786376953,95.3499984741211,94.51000213623047,94.55999755859375,82.43733215332031,8668400
2022-09-28,95.9000015258789,96.80000305175781,95.5199966430664,96.69000244140625,84.2942886352539,8471700
2022-09-29,95.9800033569336,96.58000183105469,95.88999938964844,96.23999786376953,83.9019775390625,6056500
2022-09-30,96.66000366210938,96.87999725341797,95.66000366210938,95.98999786376953,83.68402099609375,8847200
2022-10-03,96.72000122070312,97.6500015258789,96.48999786376953,96.94000244140625,84.67718505859375,10579900
2022-10-04,97.33000183105469,97.69999694824219,96.95999908447266,97.13999938964844,84.85191345214844,7361400
2022-10-05,96.55999755859375,96.58999633789062,95.9800033569336,96.22000122070312,84.04828643798828,8603700
2022-10-06,96.05999755859375,96.19000244140625,95.55999755859375,95.69000244140625,83.58529663085938,11298400
2022-10-07,95.19000244140625,95.52999877929688,95.06999969482422,95.22000122070312,83.1747817993164,5085300
2022-10-10,95.08000183105469,95.13999938964844,94.31999969482422,94.66000366210938,82.68562316894531,3829100
2022-10-11,94.9800033569336,95.43000030517578,94.63999938964844,94.9000015258789,82.89527893066406,5498500
2022-10-12,94.7699966430664,95.33999633789062,94.70999908447266,95.20999908447266,83.16603088378906,5847400
2022-10-13,93.9800033569336,95.23999786376953,93.97000122070312,94.80999755859375,82.81663513183594,6220100
2022-10-14,95.31999969482422,95.33000183105469,94.2300033569336,94.27999877929688,82.35368347167969,5886200
2022-10-17,94.95999908447266,95.11000061035156,94.33000183105469,94.37999725341797,82.44104766845703,3215200
2022-10-18,94.62999725341797,94.80000305175781,94.06999969482422,94.62000274658203,82.65070343017578,4006600
2022-10-19,93.87999725341797,94.06999969482422,93.55999755859375,93.62999725341797,81.78589630126953,5762600
2022-10-20,93.41000366210938,93.6500015258789,92.86000061035156,92.93000030517578,81.17446899414062,5738400
2022-10-21,92.5999984741211,93.33000183105469,92.4800033569336,93.13999938964844,81.35789489746094,7528500
2022-10-24,93.11000061035156,93.43000030517578,92.69000244140625,93.0199966430664,81.25306701660156,6210800
2022-10-25,94.04000091552734,94.44000244140625,93.95999908447266,94.18000030517578,82.26632690429688,6301500
2022-10-26,94.41000366210938,94.81999969482422,94.4000015258789,94.66000366210938,82.68562316894531,6692700
2022-10-27,94.95999908447266,95.47000122070312,94.66999816894531,95.33000183105469,83.27085876464844,7238100
2022-10-28,94.72000122070312,95.19000244140625,94.58000183105469,94.83999633789062,82.84283447265625,5659800
2022-10-31,94.43000030517578,94.55999755859375,94.01000213623047,94.41000366210938,82.46722412109375,4586900
2022-11-01,94.95999908447266,94.98999786376953,94.02999877929688,94.19000244140625,82.45237731933594,6066400
2022-11-02,94.30999755859375,94.87000274658203,93.79000091552734,94.02999877929688,82.31230163574219,7581400
2022-11-03,93.19000244140625,93.79000091552734,93.18000030517578,93.62000274658203,81.9533920288086,8403900
2022-11-04,93.63999938964844,93.94999694824219,93.4000015258789,93.41999816894531,81.7783203125,5287000
2022-11-07,93.54000091552734,93.58999633789062,93.06999969482422,93.08999633789062,81.48942565917969,4289300
2022-11-08,93.3499984741211,93.87999725341797,93.31999969482422,93.70999908447266,82.03218841552734,4679200
2022-11-09,93.61000061035156,94.08999633789062,93.54000091552734,94.02999877929688,82.31230163574219,3658100
2022-11-10,95.43000030517578,96.18000030517578,95.43000030517578,96.13999938964844,84.15937042236328,9608300
2022-11-11,95.69999694824219,96.05999755859375,95.6500015258789,95.94000244140625,83.98426818847656,2840200
2022-11-14,95.83999633789062,95.8499984741211,95.52999877929688,95.70999908447266,83.7829360961914,4130800
2022-11-15,96.18000030517578,96.48999786376953,95.94000244140625,96.41999816894531,84.40443420410156,6841600
2022-11-16,96.87000274658203,97.2300033569336,96.63999938964844,97.12999725341797,85.0259780883789,6140100
2022-11-17,96.52999877929688,96.62999725341797,96.26000213623047,96.47000122070312,84.44822692871094,5986800
2022-11-18,96.47000122070312,96.58999633789062,96.11000061035156,96.12999725341797,84.15058135986328,3102100
2022-11-21,96.54000091552734,96.61000061035156,96.04000091552734,96.06999969482422,84.09806823730469,4477700
2022-11-22,96.4800033569336,96.72000122070312,96.37999725341797,96.62000274658203,84.57952880859375,5532800
2022-11-23,96.75,97.18000030517578,96.6500015258789,97.13999938964844,85.03472900390625,5236500
2022-11-25,96.87000274658203,97.12000274658203,96.8499984741211,97.11000061035156,85.00846862792969,1345400
2022-11-28,97.22000122070312,97.3499984741211,97.01000213623047,97.1500015258789,85.04349517822266,4218400
2022-11-29,96.76000213623047,97.08000183105469,96.70999908447266,96.73999786376953,84.6845703125,3356600
2022-11-30,96.56999969482422,97.61000061035156,96.4000015258789,97.61000061035156,85.44617462158203,7127100
2022-12-01,97.5999984741211,98.5,97.56999969482422,98.4800033569336,86.37944030761719,17629100
2022-12-02,97.91999816894531,98.69000244140625,97.61000061035156,98.68000030517578,86.55486297607422,5783700
2022-12-05,98.08999633789062,98.12999725341797,97.62999725341797,97.68000030517578,85.67771911621094,6295800
2022-12-06,97.93000030517578,98.41000366210938,97.8499984741211,98.27999877929688,86.20399475097656,5745500
2022-12-07,98.68000030517578,99.25,98.62000274658203,99.13999938964844,86.95834350585938,5386200
2022-12-08,98.62000274658203,98.87999725341797,98.44999694824219,98.58000183105469,86.4671401977539,5325800
2022-12-09,98.29000091552734,98.37000274658203,97.8499984741211,97.8499984741211,85.82683563232422,4343100
2022-12-12,98.30000305175781,98.38999938964844,97.58000183105469,97.70999908447266,85.70403289794922,5192200
2022-12-13,99.13999938964844,99.26000213623047,98.5,98.58999633789062,86.47589874267578,7856600
2022-12-14,98.6500015258789,98.98999786376953,98.20999908447266,98.86000061035156,86.7127456665039,6533200
2022-12-15,98.80999755859375,99.01000213623047,98.55000305175781,98.86000061035156,86.8814697265625,4344200
2022-12-16,98.16999816894531,98.79000091552734,98.06999969482422,98.61000061035156,86.66178131103516,4432800
2022-12-19,98.05000305175781,98.05999755859375,97.7300033569336,97.80999755859375,85.95870971679688,3951100
2022-12-20,97.08000183105469,97.30999755859375,96.98999786376953,97.0999984741211,85.33470916748047,4199800
2022-12-21,97.5,97.54000091552734,97.08999633789062,97.22000122070312,85.44020080566406,4406600
2022-12-22,97.23999786376953,97.4800033569336,97.13999938964844,97.19000244140625,85.413818359375,2143100
2022-12-23,96.7300033569336,96.94999694824219,96.69000244140625,96.75,85.02713775634766,3164900
2022-12-27,96.22000122070312,96.41000366210938,95.9000015258789,95.94000244140625,84.31525421142578,4780800
2022-12-28,96.08000183105469,96.16000366210938,95.69000244140625,95.70999908447266,84.1131591796875,3161200
2022-12-29,95.97000122070312,96.2699966430664,95.91999816894531,96.18000030517578,84.52618408203125,4021800
2022-12-30,95.86000061035156,96.2699966430664,95.62000274658203,95.77999877929688,84.17469787597656,5043800
2023-01-03,96.91000366210938,97.0,96.33999633789062,96.52999877929688,84.83377838134766,6808300
2023-01-04,97.33999633789062,97.41999816894531,96.98999786376953,97.2699966430664,85.48412322998047,7800100
2023-01-05,96.69999694824219,97.22000122070312,96.56999969482422,97.12999725341797,85.3611068725586,3177900
2023-01-06,97.16999816894531,98.43000030517578,97.08000183105469,98.37999725341797,86.45963287353516,6807700
2023-01-09,98.26000213623047,98.80999755859375,98.19999694824219,98.62999725341797,86.67933654785156,4988000
2023-01-10,98.22000122070312,98.33000183105469,97.83000183105469,98.01000213623047,86.13447570800781,4026900
2023-01-11,98.30000305175781,98.66000366210938,98.23999786376953,98.63999938964844,86.68811798095703,7118700
2023-01-12,98.95999908447266,99.5199966430664,98.4800033569336,99.5199966430664,87.46150207519531,5768000
2023-01-13,99.26000213623047,99.5,98.86000061035156,98.98999786376953,86.99571990966797,5573500
2023-01-17,98.66000366210938,99.0199966430664,98.63999938964844,98.68000030517578,86.72328186035156,3709000
2023-01-18,99.87000274658203,100.05999755859375,99.55000305175781,100.0199966430664,87.90091705322266,7926400
2023-01-19,99.81999969482422,99.9800033569336,99.62999725341797,99.83000183105469,87.73394775390625,4234100
2023-01-20,99.31999969482422,99.44999694824219,99.05999755859375,99.16999816894531,87.15388488769531,8822700
2023-01-23,98.83999633789062,99.13999938964844,98.80999755859375,98.8499984741211,86.87267303466797,4334900
2023-01-24,98.9800033569336,99.44000244140625,98.6500015258789,99.41999816894531,87.37364196777344,3540300
2023-01-25,99.48999786376953,99.7300033569336,99.20999908447266,99.52999877929688,87.47029113769531,2924700
2023-01-26,99.33999633789062,99.52999877929688,99.02999877929688,99.16999816894531,87.15388488769531,2875400
2023-01-27,98.80000305175781,99.0199966430664,98.7699966430664,99.0199966430664,87.0220718383789,5524100
2023-01-30,98.73999786376953,98.94999694824219,98.66000366210938,98.70999908447266,86.7496337890625,2584600
2023-01-31,99.16000366210938,99.25,98.73999786376953,99.20999908447266,87.18907165527344,4856400
2023-02-01,99.19999694824219,99.7699966430664,98.83000183105469,99.70999908447266,87.81612396240234,20159100
2023-02-02,100.0199966430664,100.20999908447266,99.63999938964844,99.66999816894531,87.78089904785156,5823000
2023-02-03,98.80999755859375,99.0,98.47000122070312,98.5999984741211,86.83855438232422,5267000
2023-02-06,97.9000015258789,98.04000091552734,97.69999694824219,97.75,86.08993530273438,5500400
2023-02-07,97.6500015258789,98.12999725341797,97.45999908447266,97.51000213623047,85.87858581542969,5678900
2023-02-08,97.61000061035156,97.87999725341797,97.4000015258789,97.87000274658203,86.19561004638672,6137600
2023-02-09,98.12000274658203,98.13999938964844,97.31999969482422,97.43000030517578,85.80809783935547,7358300
2023-02-10,97.3499984741211,97.37999725341797,96.88999938964844,96.95999908447266,85.39415740966797,5290000
2023-02-13,96.97000122070312,97.23999786376953,96.94999694824219,97.19000244140625,85.59675598144531,17262300
2023-02-14,96.88999938964844,97.12000274658203,96.48999786376953,96.75,85.20924377441406,7133600
2023-02-15,96.58000183105469,96.80000305175781,96.33000183105469,96.45999908447266,84.95382690429688,4964700
2023-02-16,96.2300033569336,96.43000030517578,96.05000305175781,96.13999938964844,84.6719741821289,27126400
2023-02-17,95.93000030517578,96.44000244140625,95.9000015258789,96.41000366210938,84.90974426269531,4540500
2023-02-21,95.75,95.83000183105469,95.33999633789062,95.36000061035156,83.98503875732422,11382100
2023-02-22,95.63999938964844,95.80999755859375,95.4800033569336,95.52999877929688,84.13475799560547,30136400
2023-02-23,95.55999755859375,96.0,95.51000213623047,95.9000015258789,84.46061706542969,7059800
2023-02-24,95.29000091552734,95.44999694824219,95.11000061035156,95.31999969482422,83.94979858398438,10757200
2023-02-27,95.66000366210938,95.76000213623047,95.44999694824219,95.61000061035156,84.20519256591797,3693200
2023-02-28,95.31999969482422,95.79000091552734,95.19999694824219,95.76000213623047,84.33731842041016,4690000
2023-03-01,95.13999938964844,95.30000305175781,94.75,94.80000305175781,83.66305541992188,8328600
2023-03-02,94.29000091552734,94.48999786376953,94.20999908447266,94.41000366210938,83.31887817382812,12952800
2023-03-03,94.91000366210938,95.16999816894531,94.62999725341797,95.16999816894531,83.98957824707031,5696900
2023-03-06,95.38999938964844,95.41999816894531,94.93000030517578,95.0,83.83956146240234,3766400
2023-03-07,95.16999816894531,95.29000091552734,94.77999877929688,95.01000213623047,83.84839630126953,5053300
2023-03-08,95.37999725341797,95.55999755859375,94.86000061035156,94.9800033569336,83.82190704345703,5163500
2023-03-09,95.13999938964844,95.72000122070312,95.08000183105469,95.56999969482422,84.34260559082031,12498800
2023-03-10,96.80999755859375,97.41999816894531,96.66999816894531,97.33000183105469,85.8958511352539,11041300
2023-03-13,98.94999694824219,99.41999816894531,98.13999938964844,98.51000213623047,86.93721771240234,23930600
2023-03-14,98.08999633789062,98.18000030517578,97.37999725341797,97.58000183105469,86.11647033691406,47886700
2023-03-15,99.26000213623047,99.77999877929688,98.5199966430664,98.98999786376953,87.36083984375,25157400
2023-03-16,99.52999877929688,99.76000213623047,97.9800033569336,98.0999984741211,86.57542419433594,13961000
2023-03-17,98.86000061035156,99.62999725341797,98.7699966430664,99.26000213623047,87.59910583496094,12293700
2023-03-20,99.41999816894531,99.43000030517578,98.62999725341797,98.86000061035156,87.24609375,7982400
2023-03-21,98.18000030517578,98.45999908447266,97.86000061035156,98.0,86.48714447021484,9851600
2023-03-22,97.83000183105469,99.37000274658203,97.75,99.29000091552734,87.62557983398438,10705200
2023-03-23,99.12999725341797,99.94000244140625,98.9800033569336,99.86000061035156,88.12863159179688,7118800
2023-03-24,100.44000244140625,100.58000183105469,99.76000213623047,99.88999938964844,88.15509033203125,9135800
2023-03-27,98.94000244140625,99.13999938964844,98.62999725341797,98.66000366210938,87.06959533691406,8284400
2023-03-28,98.44999694824219,98.75,98.36000061035156,98.5999984741211,87.01665496826172,13324800
2023-03-29,98.2300033569336,98.62000274658203,98.19000244140625,98.43000030517578,86.86660766601562,13404700
2023-03-30,98.33999633789062,98.66999816894531,98.30999755859375,98.58000183105469,86.9990005493164,4157500
2023-03-31,98.73999786376953,99.19000244140625,98.58000183105469,99.12000274658203,87.4755630493164,6330100
2023-04-03,98.80999755859375,99.55999755859375,98.73999786376953,99.38999938964844,87.88764190673828,7226600
2023-04-04,98.97000122070312,100.13999938964844,98.94999694824219,100.02999877929688,88.45356750488281,6763200
2023-04-05,100.4000015258789,100.7699966430664,100.30000305175781,100.44999694824219,88.8249282836914,6257100
2023-04-06,100.48999786376953,100.72000122070312,100.45999908447266,100.4800033569336,88.85148620605469,4264700
2023-04-10,99.69000244140625,99.76000213623047,99.37000274658203,99.48999786376953,87.97604370117188,6025100
2023-04-11,99.56999969482422,99.58000183105469,99.22000122070312,99.44999694824219,87.9406509399414,5459000
2023-04-12,99.91000366210938,99.94999694824219,99.29000091552734,99.73999786376953,88.19711303710938,5857200
2023-04-13,99.9000015258789,100.06999969482422,99.33000183105469,99.41000366210938,87.90531921386719,39858200
2023-04-14,99.08000183105469,99.0999984741211,98.79000091552734,98.91999816894531,87.47200775146484,4968500
2023-04-17,98.54000091552734,98.5999984741211,98.26000213623047,98.29000091552734,86.9149398803711,5681000
2023-04-18,98.31999969482422,98.66999816894531,98.30000305175781,98.44999694824219,87.056396484375,5061300
2023-04-19,98.22000122070312,98.30999755859375,97.9800033569336,98.23999786376953,86.87071228027344,4648100
2023-04-20,98.77999877929688,98.88999938964844,98.68000030517578,98.80999755859375,87.37472534179688,4608000
2023-04-21,99.0199966430664,99.0999984741211,98.48999786376953,98.56999969482422,87.16254425048828,5948100
2023-04-24,98.83999633789062,99.06999969482422,98.7699966430664,99.05000305175781,87.58697509765625,5143700
2023-04-25,99.61000061035156,100.06999969482422,99.58999633789062,100.02999877929688,88.45356750488281,13076800
2023-04-26,100.01000213623047,100.12999725341797,99.48999786376953,99.63999938964844,88.10871124267578,5903000
2023-04-27,99.2300033569336,99.27999877929688,98.87999725341797,98.98999786376953,87.533935546875,5065800
2023-04-28,99.58999633789062,99.73999786376953,99.37000274658203,99.7300033569336,88.18827819824219,8525900
2023-05-01,99.11000061035156,99.16999816894531,98.19000244140625,98.31999969482422,87.15029907226562,17442000
2023-05-02,98.66000366210938,99.62999725341797,98.5999984741211,99.5999984741211,88.28491973876953,8540700
2023-05-03,99.87000274658203,100.27999877929688,99.69000244140625,100.25,88.86103820800781,9534800
2023-05-04,99.9800033569336,100.80000305175781,99.95999908447266,100.2300033569336,88.84331512451172,12014100
2023-05-05,99.6500015258789,99.7300033569336,99.44000244140625,99.69000244140625,88.36467742919922,11254400
2023-05-08,99.06999969482422,99.29000091552734,99.02999877929688,99.08000183105469,87.823974609375,7022400
2023-05-09,99.06999969482422,99.16999816894531,98.94000244140625,98.95999908447266,87.71760559082031,7317200
2023-05-10,99.41000366210938,99.77999877929688,99.4000015258789,99.69999694824219,88.3735122680664,9930800
2023-05-11,100.29000091552734,100.41000366210938,99.95999908447266,100.06999969482422,88.70153045654297,5979600
2023-05-12,99.98999786376953,100.06999969482422,99.44000244140625,99.47000122070312,88.16969299316406,5107300
2023-05-15,99.19000244140625,99.25,99.12000274658203,99.25,87.97466278076172,4459100
2023-05-16,98.87000274658203,99.0,98.6500015258789,98.93000030517578,87.6910400390625,7194000
2023-05-17,98.98999786376953,99.0199966430664,98.48999786376953,98.61000061035156,87.40736389160156,5542600
2023-05-18,98.25,98.26000213623047,97.95999908447266,98.0,86.86664581298828,9448900
2023-05-19,97.6500015258789,98.0999984741211,97.45999908447266,97.62999725341797,86.53870391845703,12923500
2023-05-22,97.6500015258789,97.9000015258789,97.4000015258789,97.44999694824219,86.37913513183594,7034700
2023-05-23,97.30999755859375,97.7300033569336,97.2300033569336,97.61000061035156,86.52098083496094,8264200
2023-05-24,97.7300033569336,97.7699966430664,97.30999755859375,97.36000061035156,86.29936218261719,7415400
2023-05-25,97.18000030517578,97.26000213623047,96.66999816894531,96.75,85.75865936279297,11647700
2023-05-26,96.5999984741211,96.93000030517578,96.38999938964844,96.93000030517578,85.9182357788086,7408900
2023-05-30,97.22000122070312,97.69000244140625,97.1500015258789,97.69000244140625,86.59188842773438,7883000
2023-05-31,97.75,98.20999908447266,97.62000274658203,98.05999755859375,86.91985321044922,10817900
2023-06-01,98.12000274658203,98.37999725341797,97.97000122070312,98.0999984741211,87.16150665283203,18161600
2023-06-02,97.93000030517578,97.95999908447266,97.23999786376953,97.31999969482422,86.46847534179688,7585400
2023-06-05,96.91999816894531,97.55999755859375,96.81999969482422,97.29000091552734,86.44183349609375,6243100
2023-06-06,97.33000183105469,97.37999725341797,97.05999755859375,97.3499984741211,86.49515533447266,3986200
2023-06-07,97.22000122070312,97.31999969482422,96.54000091552734,96.63999938964844,85.86431121826172,8226600
2023-06-08,96.80999755859375,97.30999755859375,96.7699966430664,97.29000091552734,86.44183349609375,5841900
2023-06-09,96.95999908447266,97.08000183105469,96.7699966430664,96.94000244140625,86.130859375,6421900
2023-06-12,97.08999633789062,97.12000274658203,96.66999816894531,97.0999984741211,86.27303314208984,5261700
2023-06-13,97.25,97.31999969482422,96.26000213623047,96.41000366210938,85.6599349975586,9173500
2023-06-14,96.69999694824219,96.83000183105469,96.18000030517578,96.54000091552734,85.77545166015625,7704400
2023-06-15,97.11000061035156,97.36000061035156,96.9800033569336,97.29000091552734,86.44183349609375,5959100
2023-06-16,96.80999755859375,97.05000305175781,96.58999633789062,96.87000274658203,86.06867218017578,6538100
2023-06-20,97.05000305175781,97.38999938964844,97.05000305175781,97.16000366210938,86.32633972167969,5477300
2023-06-21,96.9000015258789,97.33000183105469,96.75,97.25,86.40629577636719,5119600
2023-06-22,96.95999908447266,97.12999725341797,96.62999725341797,96.69999694824219,85.91761016845703,4102100
2023-06-23,97.47000122070312,97.5,96.9800033569336,97.0999984741211,86.27303314208984,4112100
2023-06-26,97.3499984741211,97.43000030517578,97.16000366210938,97.33999633789062,86.48625183105469,2976600
2023-06-27,97.31999969482422,97.5,96.87000274658203,97.0,86.18416595458984,4752500
2023-06-28,97.13999938964844,97.43000030517578,96.94999694824219,97.38999938964844,86.53070068359375,5257300
2023-06-29,96.51000213623047,96.58000183105469,96.22000122070312,96.38999938964844,85.6421890258789,8268700
2023-06-30,96.41999816894531,96.66000366210938,96.30999755859375,96.5999984741211,85.82877349853516,7450600
2023-07-03,96.31999969482422,96.62000274658203,95.94999694824219,95.94999694824219,85.45646667480469,4687100
2023-07-05,95.94999694824219,96.0,95.37000274658203,95.48999786376953,85.04679107666016,10181200
2023-07-06,94.76000213623047,94.86000061035156,94.36000061035156,94.70999908447266,84.35210418701172,9285100
2023-07-07,94.58000183105469,94.94999694824219,94.54000091552734,94.58999633789062,84.24518585205078,6577600
2023-07-10,94.73999786376953,95.22000122070312,94.7300033569336,95.08000183105469,84.68162536621094,6622700
2023-07-11,95.26000213623047,95.41999816894531,95.12999725341797,95.27999877929688,84.85977172851562,6327100
2023-07-12,95.91000366210938,96.33999633789062,95.7699966430664,96.20999908447266,85.68804168701172,8255100
2023-07-13,96.68000030517578,97.06999969482422,96.58000183105469,97.01000213623047,86.40055847167969,9742600
2023-07-14,96.80000305175781,96.91999816894531,96.48999786376953,96.52999877929688,85.97303771972656,7491100
2023-07-17,96.5999984741211,96.77999877929688,96.4800033569336,96.69000244140625,86.11555480957031,3182400
2023-07-18,97.0,97.12000274658203,96.73999786376953,96.80000305175781,86.21353149414062,3626500
2023-07-19,96.9800033569336,97.19000244140625,96.79000091552734,97.12999725341797,86.50743103027344,5059300
2023-07-20,96.62999725341797,96.66999816894531,96.19000244140625,96.36000061035156,85.8216552734375,9486600
2023-07-21,96.56999969482422,96.66000366210938,96.41000366210938,96.44000244140625,85.89289855957031,4560100
2023-07-24,96.61000061035156,96.70999908447266,96.16999816894531,96.20999908447266,85.68804168701172,7451100
2023-07-25,95.83000183105469,96.08999633789062,95.81999969482422,96.02999877929688,85.52772521972656,4079300
2023-07-26,96.25,96.41000366210938,95.97000122070312,96.36000061035156,85.8216552734375,4880100
2023-07-27,95.98999786376953,96.0999984741211,95.18000030517578,95.30999755859375,84.88646697998047,8522800
2023-07-28,95.52999877929688,95.73999786376953,95.44000244140625,95.62000274658203,85.1625747680664,5794100
2023-07-31,95.58000183105469,95.91000366210938,95.56999969482422,95.73999786376953,85.26945495605469,6347000
2023-08-01,95.04000091552734,95.18000030517578,94.77999877929688,94.94000244140625,84.77119445800781,7714000
2023-08-02,94.66000366210938,94.79000091552734,94.36000061035156,94.75,84.60157775878906,8009200
2023-08-03,94.11000061035156,94.25,93.95999908447266,94.05000305175781,83.9765396118164,11057900
2023-08-04,94.4000015258789,95.12999725341797,94.4000015258789,95.05000305175781,84.86944580078125,10189900
2023-08-07,94.93000030517578,94.9800033569336,94.70999908447266,94.81999969482422,84.6640625,4007400
2023-08-08,95.30999755859375,95.54000091552734,95.19000244140625,95.30000305175781,85.09265899658203,5401400
2023-08-09,95.30000305175781,95.5199966430664,95.26000213623047,95.36000061035156,85.14622497558594,5317200
2023-08-10,95.36000061035156,95.54000091552734,94.62000274658203,94.62999725341797,84.49442291259766,8462100
2023-08-11,94.23999786376953,94.55999755859375,94.08999633789062,94.12999725341797,84.04795837402344,5915000
2023-08-14,93.9800033569336,94.26000213623047,93.77999877929688,93.9800033569336,83.91403198242188,6218400
2023-08-15,93.87999725341797,94.18000030517578,93.75,93.80000305175781,83.75331115722656,9602600
2023-08-16,93.77999877929688,94.0,93.37000274658203,93.44000244140625,83.43189239501953,7199600
2023-08-17,93.41000366210938,93.47000122070312,93.05999755859375,93.31999969482422,83.32472229003906,9858300
2023-08-18,93.48999786376953,93.80999755859375,93.44000244140625,93.5999984741211,83.57475280761719,7510500
2023-08-21,93.16000366210938,93.19999694824219,92.91000366210938,93.0199966430664,83.05687713623047,10864000
2023-08-22,92.94000244140625,93.16000366210938,92.8499984741211,93.05999755859375,83.09256744384766,6330500
2023-08-23,93.62999725341797,94.06999969482422,93.5999984741211,94.06999969482422,83.99440002441406,8550500
2023-08-24,93.77999877929688,94.05000305175781,93.69000244140625,93.72000122070312,83.6819076538086,5735800
2023-08-25,93.58999633789062,93.93000030517578,93.33999633789062,93.69000244140625,83.65512084960938,7895700
2023-08-28,93.91000366210938,93.9800033569336,93.70999908447266,93.94999694824219,83.88723754882812,3301700
2023-08-29,93.7300033569336,94.66000366210938,93.70999908447266,94.62000274658203,84.48548126220703,7064200
2023-08-30,94.73999786376953,94.79000091552734,94.55000305175781,94.61000061035156,84.47657012939453,6346700
2023-08-31,94.72000122070312,94.94000244140625,94.62999725341797,94.80000305175781,84.6462173461914,6167300
2023-09-01,94.56999969482422,94.58000183105469,93.86000061035156,93.9800033569336,84.12879180908203,7746600
2023-09-05,93.70999908447266,93.72000122070312,93.37000274658203,93.41000366210938,83.61853790283203,4993400
2023-09-06,93.56999969482422,93.58999633789062,93.12000274658203,93.16999816894531,83.40371704101562,7344100
2023-09-07,93.38999938964844,93.52999877929688,93.29000091552734,93.48999786376953,83.69017791748047,7137500
2023-09-08,93.72000122070312,93.86000061035156,93.47000122070312,93.51000213623047,83.70805358886719,4648500
2023-09-11,93.30999755859375,93.44000244140625,93.23999786376953,93.3499984741211,83.56483459472656,4321700
2023-09-12,93.37999725341797,93.5,93.2699966430664,93.4800033569336,83.68120574951172,4998400
2023-09-13,93.33999633789062,93.72000122070312,93.31999969482422,93.58999633789062,83.77964782714844,6675400
2023-09-14,93.66000366210938,93.73999786376953,93.31999969482422,93.37999725341797,83.59168243408203,6421000
2023-09-15,93.2300033569336,93.29000091552734,93.0199966430664,93.08999633789062,83.33209228515625,9367700
2023-09-18,92.97000122070312,93.25,92.97000122070312,93.18000030517578,83.41265869140625,4622200
2023-09-19,92.97000122070312,93.13999938964844,92.80000305175781,92.83999633789062,83.10830688476562,7536800
2023-09-20,93.0999984741211,93.23999786376953,92.75,92.7699966430664,83.04566192626953,10751800
2023-09-21,92.12999725341797,92.22000122070312,92.0199966430664,92.08000183105469,82.4279556274414,8702500
2023-09-22,92.16999816894531,92.5199966430664,92.0999984741211,92.44000244140625,82.75023651123047,8637800
2023-09-25,91.8499984741211,92.0199966430664,91.72000122070312,91.76000213623047,82.1415023803711,11712000
2023-09-26,91.93000030517578,91.98999786376953,91.62000274658203,91.7300033569336,82.11467742919922,8281800
2023-09-27,91.97000122070312,92.01000213623047,91.08000183105469,91.31999969482422,81.74763488769531,10586100
2023-09-28,91.11000061035156,91.58999633789062,90.8499984741211,91.56999969482422,81.97140502929688,11654600
2023-09-29,91.94999694824219,92.04000091552734,91.44999694824219,91.58999633789062,81.98933410644531,13488300
2023-10-02,90.88999938964844,90.98999786376953,90.5,90.61000061035156,81.32424926757812,21010000
2023-10-03,90.41999816894531,90.58999633789062,89.80999755859375,89.86000061035156,80.65111541748047,21364700
2023-10-04,90.13999938964844,90.4800033569336,89.93000030517578,90.43000030517578,81.1627197265625,14054000
2023-10-05,90.63999938964844,90.66000366210938,90.41000366210938,90.5999984741211,81.31529235839844,11315900
2023-10-06,89.7699966430664,90.36000061035156,89.69000244140625,90.06999969482422,80.83960723876953,12257100
2023-10-09,90.75,91.22000122070312,90.61000061035156,91.22000122070312,81.87173461914062,5816700
2023-10-10,90.76000213623047,91.29000091552734,90.6500015258789,91.04000091552734,81.7101821899414,11508300
2023-10-11,91.4000015258789,91.5999984741211,91.19999694824219,91.54000091552734,82.15895080566406,14815800
2023-10-12,91.33999633789062,91.38999938964844,90.55000305175781,90.66000366210938,81.36913299560547,12855900
2023-10-13,91.31999969482422,91.36000061035156,91.05999755859375,91.23999786376953,81.88968658447266,9872500
2023-10-16,90.70999908447266,90.7699966430664,90.58000183105469,90.69999694824219,81.40503692626953,7248000
2023-10-17,89.9000015258789,90.04000091552734,89.6500015258789,89.80999755859375,80.60623931884766,11191600
2023-10-18,89.55999755859375,89.69000244140625,89.23999786376953,89.38999938964844,80.22929382324219,13794200
2023-10-19,89.13999938964844,89.5,88.86000061035156,88.94999694824219,79.83440399169922,27116700
2023-10-20,89.2699966430664,89.5999984741211,89.25,89.47000122070312,80.30107879638672,12587100
2023-10-23,89.1500015258789,90.0,89.01000213623047,89.88999938964844,80.67805480957031,12365000
2023-10-24,89.81999969482422,90.05999755859375,89.61000061035156,90.05000305175781,80.82166290283203,10906000
2023-10-25,89.58000183105469,89.61000061035156,89.1500015258789,89.26000213623047,80.11259460449219,15170200
2023-10-26,89.3499984741211,89.9800033569336,89.33000183105469,89.94000244140625,80.72295379638672,15901300
2023-10-27,89.87000274658203,90.08999633789062,89.70999908447266,90.08000183105469,80.84857940673828,11628200
2023-10-30,89.63999938964844,89.93000030517578,89.4800033569336,89.77999877929688,80.57929992675781,11022500
2023-10-31,89.83000183105469,90.0199966430664,89.56999969482422,89.58999633789062,80.40879821777344,11574700
2023-11-01,89.5999984741211,90.41999816894531,89.55999755859375,90.37000274658203,81.33492279052734,22448900
2023-11-02,91.05999755859375,91.22000122070312,90.7300033569336,90.93000030517578,81.83893585205078,14046200
2023-11-03,92.04000091552734,92.23999786376953,91.62000274658203,91.62999725341797,82.46894073486328,23133700
2023-11-06,91.29000091552734,91.31999969482422,91.0,91.0999984741211,81.9919204711914,11246700
2023-11-07,91.38999938964844,91.81999969482422,91.38999938964844,91.62000274658203,82.45994567871094,13189400
2023-11-08,91.63999938964844,92.08000183105469,91.62999725341797,91.98999786376953,82.79293823242188,11117600
2023-11-09,91.83000183105469,91.83999633789062,91.02999877929688,91.08000183105469,81.97393035888672,17067900
2023-11-10,91.45999908447266,91.4800033569336,91.08000183105469,91.18000030517578,82.06391906738281,10674700
2023-11-13,90.83000183105469,91.16000366210938,90.69000244140625,91.12999725341797,82.0189208984375,8930200
2023-11-14,92.43000030517578,92.56999969482422,92.27999877929688,92.5,83.251953125,14313600
2023-11-15,92.05000305175781,92.05999755859375,91.69999694824219,91.77999877929688,82.60394287109375,12969400
2023-11-16,92.31999969482422,92.61000061035156,92.30999755859375,92.47000122070312,83.22499084472656,10375600
2023-11-17,92.58000183105469,92.62999725341797,92.3499984741211,92.52999877929688,83.2789535522461,8462000
2023-11-20,92.33999633789062,92.72000122070312,92.30999755859375,92.66000366210938,83.39595031738281,7481200
2023-11-21,92.7699966430664,92.91000366210938,92.54000091552734,92.77999877929688,83.50395202636719,9153300
2023-11-22,92.91999816894531,92.98999786376953,92.5199966430664,92.75,83.47696685791016,7255100
2023-11-24,92.3499984741211,92.41999816894531,92.26000213623047,92.2699966430664,83.04496002197266,4125800
2023-11-27,92.55000305175781,92.9800033569336,92.48999786376953,92.97000122070312,83.67497253417969,9539800
2023-11-28,92.86000061035156,93.41000366210938,92.80999755859375,93.37999725341797,84.0439682006836,13563300
2023-11-29,93.72000122070312,93.97000122070312,93.58999633789062,93.87000274658203,84.4849853515625,19075400
2023-11-30,93.5199966430664,93.55000305175781,93.22000122070312,93.41000366210938,84.07096862792969,18446700
2023-12-01,93.13999938964844,94.08999633789062,93.11000061035156,94.04000091552734,84.86418914794922,21393200
2023-12-04,93.68000030517578,93.88999938964844,93.44999694824219,93.6500015258789,84.51226043701172,16402000
2023-12-05,94.05000305175781,94.41000366210938,93.98999786376953,94.30999755859375,85.10784149169922,25452100
2023-12-06,94.5199966430664,94.79000091552734,94.41000366210938,94.69999694824219,85.45980834960938,14023400
2023-12-07,94.5,94.86000061035156,94.45999908447266,94.55999755859375,85.3334732055664,13730100
2023-12-08,94.02999877929688,94.1500015258789,93.7300033569336,93.94999694824219,84.7829818725586,13825300
2023-12-11,93.75,94.0,93.55999755859375,93.95999908447266,84.7920150756836,10484600
2023-12-12,93.94999694824219,94.22000122070312,93.86000061035156,94.16000366210938,84.97248077392578,7248000
2023-12-13,94.44000244140625,95.68000030517578,94.37000274658203,95.55999755859375,86.23590850830078,16155200
2023-12-14,95.7699966430664,96.2699966430664,95.72000122070312,96.06999969482422,86.95272827148438,32373200
2023-12-15,95.88999938964844,96.1500015258789,95.83999633789062,95.98999786376953,86.88033294677734,9407100
2023-12-18,95.80999755859375,95.81999969482422,95.62999725341797,95.77999877929688,86.69026184082031,8634100
2023-12-19,95.94000244140625,96.13999938964844,95.88999938964844,95.95999908447266,86.85316467285156,9047100
2023-12-20,96.18000030517578,96.48999786376953,95.9800033569336,96.43000030517578,87.27857208251953,12659100
2023-12-21,96.63999938964844,96.69999694824219,96.1500015258789,96.27999877929688,87.14279174804688,8939700
2023-12-22,96.45999908447266,96.4800033569336,96.05000305175781,96.19000244140625,87.06131744384766,4956400
2023-12-26,96.1500015258789,96.33999633789062,96.12999725341797,96.25,87.11565399169922,3342500
2023-12-27,96.66000366210938,97.04000091552734,96.58999633789062,97.0,87.7944564819336,7362400
2023-12-28,96.80000305175781,96.95999908447266,96.52999877929688,96.62999725341797,87.45957946777344,4858500
2023-12-29,96.3499984741211,96.63999938964844,96.29000091552734,96.38999938964844,87.24234771728516,7820500
2024-01-02,95.94000244140625,96.1500015258789,95.91999816894531,96.02999877929688,86.91651153564453,9444000
2024-01-03,95.61000061035156,96.33999633789062,95.52999877929688,96.26000213623047,87.12471008300781,11040500
2024-01-04,95.69000244140625,95.83000183105469,95.58000183105469,95.68000030517578,86.59972381591797,7354800
2024-01-05,95.33000183105469,96.0199966430664,95.26000213623047,95.33000183105469,86.282958984375,10001000
2024-01-08,95.38999938964844,95.95999908447266,95.36000061035156,95.6500015258789,86.57259368896484,7044700
2024-01-09,95.5199966430664,95.75,95.5199966430664,95.61000061035156,86.536376953125,7360800
2024-01-10,95.79000091552734,95.86000061035156,95.44000244140625,95.45999908447266,86.40061950683594,9212700
2024-01-11,95.5999984741211,96.04000091552734,95.4800033569336,95.97000122070312,86.86223602294922,10305400
2024-01-12,96.2300033569336,96.4800033569336,96.0199966430664,96.2300033569336,87.09756469726562,8469600
2024-01-16,95.83999633789062,95.95999908447266,95.31999969482422,95.44999694824219,86.3915786743164,9847100
2024-01-17,95.16999816894531,95.2300033569336,94.94999694824219,95.13999938964844,86.1109848022461,9170700
2024-01-18,95.0999984741211,95.16999816894531,94.83000183105469,94.93000030517578,85.92093658447266,8910100
2024-01-19,94.77999877929688,94.95999908447266,94.54000091552734,94.94000244140625,85.92996215820312,17711100
2024-01-22,95.27999877929688,95.38999938964844,95.1500015258789,95.2300033569336,86.19247436523438,9831500
2024-01-23,95.0,95.0199966430664,94.87000274658203,94.98999786376953,85.9752197265625,6428600
2024-01-24,95.33999633789062,95.37000274658203,94.66000366210938,94.72000122070312,85.73085021972656,9718000
2024-01-25,95.05000305175781,95.16000366210938,94.9000015258789,95.12999725341797,86.10194396972656,11588100
2024-01-26,95.05000305175781,95.05000305175781,94.83999633789062,94.95999908447266,85.94807434082031,9134600
2024-01-29,95.25,95.62000274658203,95.18000030517578,95.52999877929688,86.46397399902344,6947500
2024-01-30,95.69000244140625,95.73999786376953,95.1500015258789,95.66000366210938,86.58165740966797,7265800
2024-01-31,96.08999633789062,96.4800033569336,95.98999786376953,96.45999908447266,87.30571746826172,15778300
2024-02-01,96.5999984741211,97.11000061035156,96.33999633789062,96.81999969482422,87.84649658203125,33372900
2024-02-02,95.73999786376953,95.9000015258789,95.37999725341797,95.55999755859375,86.70326232910156,13809200
2024-02-05,94.9000015258789,94.98999786376953,94.52999877929688,94.62999725341797,85.85946655273438,12147700
2024-02-06,94.73999786376953,95.2300033569336,94.70999908447266,95.13999938964844,86.32217407226562,9327000
2024-02-07,94.97000122070312,95.3499984741211,94.94000244140625,94.97000122070312,86.16793060302734,8619800
2024-02-08,94.76000213623047,94.83999633789062,94.56999969482422,94.66000366210938,85.88666534423828,7808000
2024-02-09,94.43000030517578,94.56999969482422,94.4000015258789,94.48999786376953,85.73240661621094,8492500
2024-02-12,94.56999969482422,94.69000244140625,94.4000015258789,94.58000183105469,85.81407928466797,7023600
2024-02-13,93.87999725341797,93.97000122070312,93.5199966430664,93.54000091552734,84.87047576904297,11978400
2024-02-14,93.63999938964844,94.05999755859375,93.63999938964844,93.88999938964844,85.18806457519531,8979600
2024-02-15,94.30000305175781,94.4000015258789,94.02999877929688,94.1500015258789,85.42393493652344,6788300
2024-02-16,93.5999984741211,93.79000091552734,93.55000305175781,93.73999786376953,85.05194854736328,7147400
2024-02-20,93.93000030517578,94.12000274658203,93.88999938964844,93.9000015258789,85.19711303710938,8286300
2024-02-21,93.97000122070312,94.0199966430664,93.54000091552734,93.5999984741211,84.9249038696289,6433900
2024-02-22,93.56999969482422,93.79000091552734,93.44000244140625,93.61000061035156,84.93399047851562,8688500
2024-02-23,93.63999938964844,94.11000061035156,93.63999938964844,94.04000091552734,85.32411193847656,6426700
2024-02-26,94.05000305175781,94.05999755859375,93.68000030517578,93.9000015258789,85.19711303710938,6417200
2024-02-27,93.76000213623047,93.91999816894531,93.62999725341797,93.69000244140625,85.00657653808594,7540600
2024-02-28,93.80000305175781,94.02999877929688,93.73999786376953,94.02999877929688,85.31504821777344,5293600
2024-02-29,94.0999984741211,94.33000183105469,94.08000183105469,94.22000122070312,85.4874496459961,11919200
2024-03-01,93.8499984741211,94.45999908447266,93.62000274658203,94.4000015258789,85.87772369384766,11857200
2024-03-04,94.08000183105469,94.29000091552734,94.06999969482422,94.19000244140625,85.68669128417969,6641600
2024-03-05,94.66999816894531,94.94000244140625,94.55999755859375,94.7699966430664,86.2143325805664,7673100
2024-03-06,94.94000244140625,95.19000244140625,94.88999938964844,95.0,86.4235610961914,9499200
2024-03-07,95.19000244140625,95.22000122070312,94.91999816894531,95.16000366210938,86.56910705566406,8420900
2024-03-08,95.31999969482422,95.38999938964844,95.1500015258789,95.2300033569336,86.63280487060547,8103600
2024-03-11,95.26000213623047,95.29000091552734,95.0199966430664,95.11000061035156,86.52363586425781,5568200
2024-03-12,94.83999633789062,94.87000274658203,94.61000061035156,94.72000122070312,86.16883850097656,6556500
2024-03-13,94.58000183105469,94.6500015258789,94.47000122070312,94.51000213623047,85.97779846191406,9708400
2024-03-14,94.16000366210938,94.16999816894531,93.79000091552734,93.80999755859375,85.34098815917969,10055900
2024-03-15,93.73999786376953,93.81999969482422,93.62999725341797,93.6500015258789,85.19542694091797,6591400
2024-03-18,93.62000274658203,93.69999694824219,93.44999694824219,93.54000091552734,85.0953598022461,5319700
2024-03-19,93.7300033569336,93.94000244140625,93.66999816894531,93.80999755859375,85.34098815917969,5470300
2024-03-20,93.91000366210938,94.3499984741211,93.69999694824219,94.02999877929688,85.54109954833984,10190800
2024-03-21,94.20999908447266,94.27999877929688,93.95999908447266,94.04000091552734,85.55023193359375,8271200
2024-03-22,94.55999755859375,94.55999755859375,94.41000366210938,94.5,85.96869659423828,6119800
2024-03-25,94.41000366210938,94.41000366210938,94.19000244140625,94.25,85.74127197265625,4488900
2024-03-26,94.22000122070312,94.41000366210938,94.11000061035156,94.38999938964844,85.86863708496094,5477600
2024-03-27,94.5,94.79000091552734,94.48999786376953,94.75,86.19610595703125,4838500
2024-03-28,94.54000091552734,94.7699966430664,94.4800033569336,94.66000366210938,86.11425018310547,7561400
2024-04-01,93.98999786376953,93.98999786376953,93.45999908447266,93.52999877929688,85.33507537841797,10854000
2024-04-02,93.11000061035156,93.37000274658203,93.0199966430664,93.33000183105469,85.152587890625,7214900
2024-04-03,92.94999694824219,93.44000244140625,92.86000061035156,93.44000244140625,85.25297546386719,12908000
2024-04-04,93.63999938964844,93.77999877929688,93.37999725341797,93.76000213623047,85.54493713378906,6960500
2024-04-05,93.25,93.54000091552734,93.12999725341797,93.13999938964844,84.979248046875,6334600
2024-04-08,92.91000366210938,93.05999755859375,92.80999755859375,92.93000030517578,84.78764343261719,7115100
2024-04-09,93.19999694824219,93.37999725341797,93.19999694824219,93.30000305175781,85.12522888183594,5151100
2024-04-10,92.51000213623047,92.56999969482422,91.91999816894531,92.05999755859375,83.99388122558594,14993700
2024-04-11,92.2300033569336,92.2699966430664,91.80999755859375,91.93000030517578,83.87527465820312,9371400
2024-04-12,92.41000366210938,92.55999755859375,92.30999755859375,92.30999755859375,84.22196197509766,11675600
2024-04-15,91.68000030517578,91.73999786376953,91.3499984741211,91.72000122070312,83.68365478515625,12315300
2024-04-16,91.31999969482422,91.52999877929688,91.18000030517578,91.36000061035156,83.35520935058594,12027200
2024-04-17,91.69000244140625,92.01000213623047,91.54000091552734,91.94000244140625,83.88440704345703,10515400
2024-04-18,91.8499984741211,91.8499984741211,91.5,91.62000274658203,83.5924072265625,6964500
2024-04-19,91.83999633789062,91.86000061035156,91.63999938964844,91.73999786376953,83.70191192626953,6125800
2024-04-22,91.56999969482422,91.81999969482422,91.55000305175781,91.75,83.7110366821289,4002900
2024-04-23,91.62999725341797,92.0999984741211,91.54000091552734,91.87000274658203,83.8205337524414,8319800
2024-04-24,91.66000366210938,91.69000244140625,91.44000244140625,91.58999633789062,83.56505584716797,7567400
2024-04-25,91.08999633789062,91.33000183105469,91.0199966430664,91.23999786376953,83.2457046508789,5784300
2024-04-26,91.44999694824219,91.62999725341797,91.41999816894531,91.48999786376953,83.47382354736328,5432600
2024-04-29,91.69999694824219,91.87999725341797,91.62000274658203,91.86000061035156,83.81138610839844,4846500
2024-04-30,91.51000213623047,91.6500015258789,91.3499984741211,91.43000030517578,83.41908264160156,7516700
2024-05-01,91.43000030517578,91.86000061035156,91.19000244140625,91.5199966430664,83.74943542480469,12392500
2024-05-02,91.5199966430664,92.01000213623047,91.44999694824219,91.94999694824219,84.14291381835938,8661500
2024-05-03,92.61000061035156,92.69999694824219,92.22000122070312,92.45999908447266,84.60961151123047,8501100
2024-05-06,92.5,92.63999938964844,92.41000366210938,92.54000091552734,84.68280792236328,4043400
2024-05-07,92.87000274658203,93.0199966430664,92.69999694824219,92.77999877929688,84.9024429321289,7776200
2024-05-08,92.58000183105469,92.66000366210938,92.51000213623047,92.5199966430664,84.66450500488281,9024000
2024-05-09,92.5,92.87000274658203,92.47000122070312,92.80000305175781,84.92073822021484,9625200
2024-05-10,92.5999984741211,92.63999938964844,92.44999694824219,92.5,84.64620971679688,3205000
2024-05-13,92.73999786376953,92.7699966430664,92.5999984741211,92.61000061035156,84.74688720703125,3228700
2024-05-14,92.79000091552734,92.91999816894531,92.69000244140625,92.87999725341797,84.99398040771484,4688800
2024-05-15,93.41999816894531,93.6500015258789,93.30000305175781,93.58000183105469,85.63451385498047,11384500
2024-05-16,93.61000061035156,93.61000061035156,93.37000274658203,93.4000015258789,85.46980285644531,4278400
2024-05-17,93.25,93.33000183105469,93.08999633789062,93.11000061035156,85.20442962646484,3883900
2024-05-20,92.9800033569336,93.05999755859375,92.94000244140625,92.97000122070312,85.07632446289062,4575900
2024-05-21,93.25,93.29000091552734,93.16000366210938,93.20999908447266,85.29593658447266,2669700
2024-05-22,92.9800033569336,93.19999694824219,92.97000122070312,93.08999633789062,85.18611907958984,3616300
2024-05-23,93.12999725341797,93.13999938964844,92.62000274658203,92.76000213623047,84.88414764404297,6005500
2024-05-24,92.66999816894531,92.88999938964844,92.63999938964844,92.87999725341797,84.99398040771484,3926400
2024-05-28,92.95999908447266,92.9800033569336,92.33999633789062,92.36000061035156,84.51809692382812,8761400
2024-05-29,92.12999725341797,92.13999938964844,91.72000122070312,91.91000366210938,84.10633087158203,10126800
2024-05-30,92.22000122070312,92.38999938964844,92.16999816894531,92.37000274658203,84.52725982666016,5069500
2024-05-31,92.6500015258789,92.81999969482422,92.61000061035156,92.80000305175781,84.92073822021484,4807400
2024-06-03,92.6500015258789,93.18000030517578,92.6500015258789,93.12999725341797,85.47693634033203,7675900
2024-06-04,93.44000244140625,93.7300033569336,93.37999725341797,93.63999938964844,85.94503784179688,8752000
2024-06-05,93.76000213623047,93.98999786376953,93.48999786376953,93.9800033569336,86.2571029663086,6466800
2024-06-06,93.81999969482422,94.02999877929688,93.79000091552734,93.94000244140625,86.22039031982422,5849400
2024-06-07,93.13999938964844,93.16000366210938,92.94000244140625,92.94999694824219,85.31172943115234,7125100
2024-06-10,92.77999877929688,92.83999633789062,92.66000366210938,92.75,85.12818145751953,3938900
2024-06-11,92.91000366210938,93.26000213623047,92.81999969482422,93.23999786376953,85.5779037475586,3954700
2024-06-12,94.08000183105469,94.31999969482422,93.73999786376953,93.76000213623047,86.05519104003906,9243200
2024-06-13,94.18000030517578,94.5199966430664,94.08000183105469,94.37999725341797,86.62421417236328,6529900
2024-06-14,94.51000213623047,94.69000244140625,94.45999908447266,94.5999984741211,86.82616424560547,5424600
2024-06-17,94.13999938964844,94.22000122070312,94.02999877929688,94.16000366210938,86.42230987548828,4957200
2024-06-18,94.31999969482422,94.68000030517578,94.27999877929688,94.56999969482422,86.79859924316406,5232600
2024-06-20,94.0999984741211,94.36000061035156,94.05000305175781,94.33000183105469,86.5783462524414,3573100
2024-06-21,94.51000213623047,94.5999984741211,94.18000030517578,94.3499984741211,86.5967025756836,6908700
2024-06-24,94.37000274658203,94.43000030517578,94.2300033569336,94.43000030517578,86.67012023925781,5276000
2024-06-25,94.37000274658203,94.55000305175781,94.33000183105469,94.51000213623047,86.74356079101562,3790100
2024-06-26,94.0199966430664,94.08999633789062,93.91999816894531,93.94000244140625,86.22039031982422,4196400
2024-06-27,94.12000274658203,94.23999786376953,94.11000061035156,94.1500015258789,86.41313171386719,4946600
2024-06-28,94.36000061035156,94.37999725341797,93.6500015258789,93.6500015258789,85.9542007446289,6032400
2024-07-01,92.83999633789062,93.11000061035156,92.58000183105469,92.66999816894531,85.31437683105469,13662800
2024-07-02,93.05999755859375,93.12999725341797,92.87999725341797,93.0199966430664,85.6365966796875,8195700
2024-07-03,93.25,93.68000030517578,93.19999694824219,93.63999938964844,86.20738983154297,3861000
2024-07-05,93.97000122070312,94.22000122070312,93.8499984741211,94.16000366210938,86.68611907958984,5111500
2024-07-08,94.12999725341797,94.26000213623047,93.98999786376953,94.19000244140625,86.71373748779297,5294600
2024-07-09,94.04000091552734,94.16999816894531,93.83000183105469,94.05999755859375,86.59403991699219,3006900
2024-07-10,94.13999938964844,94.19999694824219,94.01000213623047,94.1500015258789,86.67691040039062,4076600
2024-07-11,94.81999969482422,94.9800033569336,94.70999908447266,94.75,87.2292709350586,9658400
2024-07-12,94.7699966430664,94.94999694824219,94.70999908447266,94.94999694824219,87.41338348388672,4304500
2024-07-15,94.70999908447266,94.83000183105469,94.56999969482422,94.6500015258789,87.13722229003906,3754500
2024-07-16,94.81999969482422,95.08000183105469,94.7300033569336,95.06999969482422,87.52388000488281,4705800
2024-07-17,94.93000030517578,95.20999908447266,94.83999633789062,95.1500015258789,87.59752655029297,5113500
2024-07-18,94.94000244140625,95.1500015258789,94.81999969482422,94.87999725341797,87.34895324707031,8640600
2024-07-19,94.62999725341797,94.69999694824219,94.52999877929688,94.58000183105469,87.0727767944336,5274400
2024-07-22,94.69000244140625,94.76000213623047,94.33999633789062,94.48999786376953,86.98991394042969,3869800
2024-07-23,94.62000274658203,94.75,94.55000305175781,94.55999755859375,87.05437469482422,5095600
2024-07-24,94.7300033569336,94.87999725341797,94.33999633789062,94.3499984741211,86.86103820800781,4733500
2024-07-25,94.54000091552734,94.87999725341797,94.48999786376953,94.55999755859375,87.05437469482422,4335600
2024-07-26,94.95999908447266,95.04000091552734,94.87000274658203,95.01000213623047,87.46864318847656,5217500
2024-07-29,95.25,95.26000213623047,95.08000183105469,95.16999816894531,87.6159439086914,6165600
2024-07-30,95.27999877929688,95.47000122070312,95.11000061035156,95.37000274658203,87.80005645751953,4419200
2024-07-31,95.6500015258789,96.08000183105469,95.44999694824219,96.06999969482422,88.44451141357422,10982900
2024-08-01,96.0,96.43000030517578,95.9800033569336,96.19000244140625,88.82218933105469,10492600
2024-08-02,97.19000244140625,97.75,97.12999725341797,97.68000030517578,90.19803619384766,18286500
2024-08-05,98.38999938964844,98.58000183105469,97.4000015258789,97.77999877929688,90.2904052734375,19098200
2024-08-06,97.54000091552734,97.58000183105469,96.83999633789062,96.91000366210938,89.4870376586914,9507000
2024-08-07,96.62999725341797,96.7300033569336,96.37999725341797,96.55999755859375,89.16383361816406,8419700
2024-08-08,96.16000366210938,96.33999633789062,96.06999969482422,96.2699966430664,88.89606475830078,4856100
2024-08-09,96.77999877929688,96.79000091552734,96.58000183105469,96.66000366210938,89.25617218017578,5174900
2024-08-12,96.54000091552734,96.9800033569336,96.4800033569336,96.93000030517578,89.50548553466797,4166400
2024-08-13,97.33000183105469,97.36000061035156,97.19000244140625,97.36000061035156,89.90254974365234,6458700
2024-08-14,97.31999969482422,97.62999725341797,97.30000305175781,97.48999786376953,90.02261352539062,4275700
2024-08-15,96.69999694824219,96.87999725341797,96.62000274658203,96.87999725341797,89.45930480957031,5507000
2024-08-16,97.08000183105469,97.08999633789062,96.80999755859375,97.06999969482422,89.6347885131836,4437000
2024-08-19,97.04000091552734,97.30999755859375,97.0199966430664,97.19999694824219,89.75482177734375,4437600
2024-08-20,97.44000244140625,97.62999725341797,97.36000061035156,97.58999633789062,90.11495208740234,4886000
2024-08-21,97.69000244140625,98.01000213623047,97.45999908447266,97.79000091552734,90.29962921142578,5386000
2024-08-22,97.55000305175781,97.56999969482422,97.19999694824219,97.33999633789062,89.88407135009766,4819500
2024-08-23,97.54000091552734,97.86000061035156,97.43000030517578,97.79000091552734,90.29962921142578,5475400
2024-08-26,97.95999908447266,97.97000122070312,97.66999816894531,97.66999816894531,90.18881225585938,3062400
2024-08-27,97.41000366210938,97.69999694824219,97.36000061035156,97.62999725341797,90.15186309814453,4433700
2024-08-28,97.6500015258789,97.7300033569336,97.54000091552734,97.58000183105469,90.10572052001953,8147000
2024-08-29,97.36000061035156,97.44999694824219,97.26000213623047,97.41000366210938,89.94873046875,6199800
2024-08-30,97.43000030517578,97.55000305175781,97.05000305175781,97.06999969482422,89.6347885131836,4802600
2024-09-03,97.30999755859375,97.56999969482422,97.25,97.41999816894531,90.22565460205078,8232700
2024-09-04,97.52999877929688,98.04000091552734,97.5,97.98999786376953,90.75354766845703,9914900
2024-09-05,98.25,98.30000305175781,97.91000366210938,98.22000122070312,90.96658325195312,33635000
2024-09-06,98.26000213623047,98.8499984741211,98.0199966430664,98.36000061035156,91.09625244140625,17777600
2024-09-09,98.30000305175781,98.56999969482422,98.18000030517578,98.5,91.22589111328125,8532500
2024-09-10,98.51000213623047,98.97000122070312,98.48999786376953,98.91999816894531,91.61488342285156,7921400
2024-09-11,98.72000122070312,99.1500015258789,98.66000366210938,98.8499984741211,91.55005645751953,7286200
2024-09-12,98.7699966430664,98.87999725341797,98.51000213623047,98.69000244140625,91.4018783569336,5929800
2024-09-13,98.95999908447266,99.0,98.76000213623047,98.87999725341797,91.57783508300781,5305500
2024-09-16,98.98999786376953,99.18000030517578,98.87000274658203,99.13999938964844,91.81864929199219,6666900
2024-09-17,99.08000183105469,99.13999938964844,98.88999938964844,98.95999908447266,91.65193176269531,7807000
2024-09-18,98.7300033569336,99.05000305175781,98.4800033569336,98.52999877929688,91.2536849975586,8584500
2024-09-19,98.26000213623047,98.47000122070312,98.22000122070312,98.44999694824219,91.17961120605469,16770800
2024-09-20,98.30999755859375,98.55000305175781,98.18000030517578,98.41999816894531,91.15178680419922,6580600
2024-09-23,98.22000122070312,98.44999694824219,97.98999786376953,98.36000061035156,91.09625244140625,7491700
2024-09-24,98.08999633789062,98.5,98.01000213623047,98.47000122070312,91.19811248779297,6580800
2024-09-25,98.2699966430664,98.2699966430664,98.06999969482422,98.06999969482422,90.82766723632812,10455100
2024-09-26,98.1500015258789,98.19999694824219,97.83999633789062,98.0,90.7628173828125,8026500
2024-09-27,98.2300033569336,98.44000244140625,98.1500015258789,98.38999938964844,91.12403106689453,6207700
2024-09-30,98.31999969482422,98.3499984741211,97.95999908447266,98.12000274658203,90.87397766113281,8902400
2024-10-01,98.16999816894531,98.47000122070312,98.08000183105469,98.19000244140625,91.20464324951172,11665600
2024-10-02,97.75,97.94999694824219,97.63999938964844,97.91000366210938,90.94454956054688,7742100
2024-10-03,97.6500015258789,97.72000122070312,97.37999725341797,97.41000366210938,90.48013305664062,11556100
2024-10-04,96.56999969482422,96.77999877929688,96.41999816894531,96.47000122070312,89.60699462890625,8878300
2024-10-07,96.11000061035156,96.2699966430664,96.06999969482422,96.12000274658203,89.28189849853516,10152600
2024-10-08,95.97000122070312,96.19999694824219,95.93000030517578,96.19999694824219,89.3562240600586,5975200
2024-10-09,96.02999877929688,96.08000183105469,95.79000091552734,95.83999633789062,89.0218276977539,6769200
2024-10-10,95.7699966430664,95.87999725341797,95.52999877929688,95.83000183105469,89.01254272460938,5959000
2024-10-11,95.7300033569336,95.94999694824219,95.68000030517578,95.86000061035156,89.0404052734375,5394100
2024-10-14,95.45999908447266,95.69000244140625,95.41000366210938,95.69000244140625,88.88248443603516,3850900
2024-10-15,96.05999755859375,96.22000122070312,96.01000213623047,96.18000030517578,89.33763885498047,7736900
2024-10-16,96.36000061035156,96.45999908447266,96.2699966430664,96.33000183105469,89.47696685791016,5041100
2024-10-17,95.91000366210938,95.94999694824219,95.75,95.83000183105469,89.01254272460938,5460200
2024-10-18,95.98999786376953,96.05000305175781,95.91999816894531,95.94000244140625,89.11469268798828,5174700
2024-10-21,95.56999969482422,95.5999984741211,95.19000244140625,95.19999694824219,88.42736053466797,6633600
2024-10-22,95.31999969482422,95.37999725341797,95.02999877929688,95.11000061035156,88.34374237060547,5433900
2024-10-23,94.83000183105469,95.0,94.73999786376953,94.88999938964844,88.13941955566406,6914300
2024-10-24,94.9800033569336,95.26000213623047,94.87000274658203,95.0999984741211,88.33445739746094,5486300
2024-10-25,95.30999755859375,95.31999969482422,94.81999969482422,94.88999938964844,88.13941955566406,6455300
2024-10-28,94.91000366210938,94.91999816894531,94.48999786376953,94.66999816894531,87.9350357055664,5447300
2024-10-29,94.2699966430664,94.7300033569336,94.22000122070312,94.70999908447266,87.97220611572266,8475400
2024-10-30,94.93000030517578,95.16999816894531,94.52999877929688,94.56999969482422,87.84217071533203,6341100
2024-10-31,94.41999816894531,94.69999694824219,94.22000122070312,94.5199966430664,87.79573822021484,8662900
2024-11-01,94.37000274658203,94.45999908447266,93.63999938964844,93.66999816894531,87.27581787109375,15659500
2024-11-04,94.31999969482422,94.44000244140625,93.98999786376953,94.16999816894531,87.7416763305664,8179300
2024-11-05,94.05000305175781,94.33999633789062,93.73999786376953,94.22000122070312,87.78826904296875,8118500
2024-11-06,93.04000091552734,93.51000213623047,93.01000213623047,93.25,86.88448333740234,15261400
2024-11-07,93.62999725341797,94.16999816894531,93.58000183105469,94.0,87.58328247070312,15674000
2024-11-08,94.19999694824219,94.4800033569336,94.08999633789062,94.19999694824219,87.7696304321289,12335300
2024-11-11,93.91999816894531,93.95999908447266,93.77999877929688,93.94000244140625,87.52739715576172,3980000
2024-11-12,93.56999969482422,93.76000213623047,93.23999786376953,93.3499984741211,86.97766876220703,8037600
2024-11-13,93.7699966430664,93.77999877929688,93.16999816894531,93.29000091552734,86.92176055908203,6661800
2024-11-14,93.44000244140625,93.66000366210938,93.16999816894531,93.27999877929688,86.9124526977539,7510000
2024-11-15,93.0999984741211,93.62999725341797,92.9000015258789,93.31999969482422,86.94971466064453,16761500
2024-11-18,93.27999877929688,93.58999633789062,93.16999816894531,93.52999877929688,87.1453628540039,4788200
2024-11-19,93.81999969482422,93.87999725341797,93.69000244140625,93.7300033569336,87.33172607421875,4951500
2024-11-20,93.47000122070312,93.76000213623047,93.44000244140625,93.58999633789062,87.20127868652344,5752900
2024-11-21,93.66000366210938,93.83000183105469,93.41999816894531,93.54000091552734,87.1546859741211,5098200
2024-11-22,93.66999816894531,93.7300033569336,93.5,93.5999984741211,87.2105941772461,5373900
2024-11-25,94.45999908447266,94.63999938964844,94.31999969482422,94.61000061035156,88.15167236328125,7716000
2024-11-26,94.41000366210938,94.44000244140625,94.22000122070312,94.41000366210938,87.9653091430664,5093100
2024-11-27,94.79000091552734,94.91999816894531,94.5999984741211,94.79000091552734,88.31936645507812,5587600
2024-11-29,95.12999725341797,95.19999694824219,95.0,95.19000244140625,88.69204711914062,5136200
2024-12-02,94.61000061035156,95.01000213623047,94.5,94.88999938964844,88.68460083007812,5950600
2024-12-03,94.98999786376953,95.02999877929688,94.55999755859375,94.62000274658203,88.43225860595703,5364800
2024-12-04,94.37999725341797,95.01000213623047,94.3499984741211,94.9800033569336,88.7686996459961,5908800
2024-12-05,94.69999694824219,95.02999877929688,94.69999694824219,94.97000122070312,88.75935363769531,5210300
2024-12-06,95.36000061035156,95.41999816894531,95.06999969482422,95.2699966430664,89.03975677490234,6880200
2024-12-09,95.1500015258789,95.16000366210938,94.94000244140625,94.94000244140625,88.7313232421875,4303100
2024-12-10,94.73999786376953,94.83999633789062,94.6500015258789,94.7699966430664,88.57244110107422,3543400
2024-12-11,94.91000366210938,95.0,94.45999908447266,94.48999786376953,88.31074523925781,6452800
2024-12-12,94.37999725341797,94.45999908447266,94.0999984741211,94.12999725341797,87.97428894042969,4518000
2024-12-13,93.9800033569336,94.01000213623047,93.63999938964844,93.69000244140625,87.56307220458984,5230100
2024-12-16,93.86000061035156,93.87000274658203,93.62000274658203,93.72000122070312,87.59110260009766,4607600
2024-12-17,93.69999694824219,93.87000274658203,93.66999816894531,93.72000122070312,87.59110260009766,4881100
2024-12-18,93.4000015258789,93.5199966430664,92.62000274658203,92.69000244140625,86.91410064697266,11553900
2024-12-19,92.37999725341797,92.44000244140625,92.12000274658203,92.2699966430664,86.5202407836914,9273800
2024-12-20,92.75,92.9000015258789,92.58999633789062,92.61000061035156,86.83907318115234,6070900
2024-12-23,92.54000091552734,92.58000183105469,92.12999725341797,92.19999694824219,86.4546127319336,5954500
2024-12-24,92.01000213623047,92.26000213623047,91.97000122070312,92.25,86.50149536132812,3076100
2024-12-26,91.95999908447266,92.36000061035156,91.93000030517578,92.31999969482422,86.56714630126953,3703300
2024-12-27,92.26000213623047,92.38999938964844,92.05999755859375,92.08000183105469,86.34211730957031,3752500
2024-12-30,92.52999877929688,92.66999816894531,92.5199966430664,92.62000274658203,86.84847259521484,4797700
2024-12-31,92.75,92.81999969482422,92.37999725341797,92.44999694824219,86.68901824951172,5856000
2025-01-02,92.6500015258789,92.77999877929688,92.30999755859375,92.5,86.73591613769531,5034800
2025-01-03,92.5999984741211,92.66999816894531,92.31999969482422,92.3499984741211,86.59526824951172,2863700
2025-01-06,92.23999786376953,92.33000183105469,92.05999755859375,92.26000213623047,86.5108642578125,3894600
2025-01-07,92.13999938964844,92.20999908447266,91.75,91.83999633789062,86.1170654296875,5524400
2025-01-08,91.70999908447266,92.0199966430664,91.69000244140625,92.0,86.26709747314453,6402900
2025-01-10,91.45999908447266,91.62999725341797,91.2300033569336,91.33000183105469,85.6388168334961,8210900
2025-01-13,91.27999877929688,91.30999755859375,91.08000183105469,91.16999816894531,85.48881530761719,5094300
2025-01-14,91.20999908447266,91.27999877929688,91.08000183105469,91.19999694824219,85.51690673828125,4365500
2025-01-15,92.12999725341797,92.2300033569336,91.9800033569336,92.16000366210938,86.41712188720703,7846600
2025-01-16,92.08000183105469,92.58000183105469,91.94999694824219,92.37999725341797,86.6233901977539,7550900
2025-01-17,92.5199966430664,92.58000183105469,92.36000061035156,92.44999694824219,86.68901824951172,3912800
2025-01-21,92.75,92.83000183105469,92.61000061035156,92.76000213623047,86.97972106933594,4431300
2025-01-22,92.72000122070312,92.7300033569336,92.41000366210938,92.5199966430664,86.75466918945312,3656400
2025-01-23,92.12999725341797,92.3499984741211,92.12999725341797,92.27999877929688,86.52962493896484,4860900
2025-01-24,92.25,92.58000183105469,92.19999694824219,92.47000122070312,86.70780181884766,4468700
2025-01-27,93.08000183105469,93.1500015258789,92.87000274658203,93.06999969482422,87.27039337158203,4297100
2025-01-28,92.83999633789062,93.0999984741211,92.77999877929688,93.08000183105469,87.27976989746094,3906600
2025-01-29,93.18000030517578,93.25,92.69999694824219,92.97000122070312,87.17665100097656,4918400
2025-01-30,93.16999816894531,93.31999969482422,93.08000183105469,93.16999816894531,87.36418151855469,4365600
2025-01-31,93.19999694824219,93.33999633789062,92.80999755859375,93.0199966430664,87.2235107421875,6277400
2025-02-03,92.98999786376953,93.27999877929688,92.66000366210938,92.79000091552734,87.2856216430664,8294000
2025-02-04,92.5999984741211,93.0199966430664,92.5999984741211,93.0199966430664,87.501953125,6742300
2025-02-05,93.4000015258789,93.7300033569336,93.37000274658203,93.55999755859375,88.00991821289062,6576300
2025-02-06,93.45999908447266,93.58000183105469,93.30999755859375,93.44999694824219,87.90646362304688,5268500
2025-02-07,93.1500015258789,93.2300033569336,92.9800033569336,93.13999938964844,87.61485290527344,4565300
2025-02-10,93.23999786376953,93.37000274658203,93.06999969482422,93.12000274658203,87.59602355957031,3229100
2025-02-11,92.88999938964844,92.95999908447266,92.81999969482422,92.87999725341797,87.37027740478516,3379500
2025-02-12,92.26000213623047,92.31999969482422,92.08000183105469,92.23999786376953,86.76822662353516,7280200
2025-02-13,92.72000122070312,93.0,92.69999694824219,92.93000030517578,87.41728973388672,6121900
2025-02-14,93.37000274658203,93.51000213623047,93.27999877929688,93.31999969482422,87.78416442871094,5157900
2025-02-18,93.02999877929688,93.12999725341797,92.80999755859375,92.81999969482422,87.31382751464844,4484100
2025-02-19,92.7699966430664,93.01000213623047,92.7699966430664,92.97000122070312,87.45494079589844,4607000
2025-02-20,93.12000274658203,93.26000213623047,93.11000061035156,93.16000366210938,87.63365173339844,7545400
2025-02-21,93.27999877929688,93.83000183105469,93.2699966430664,93.70999908447266,88.1510238647461,6156500
2025-02-24,93.62000274658203,93.97000122070312,93.58999633789062,93.91000366210938,88.33917236328125,4109500
2025-02-25,94.5,94.69999694824219,94.41999816894531,94.6500015258789,89.03527069091797,7697100
2025-02-26,94.61000061035156,94.97000122070312,94.48999786376953,94.91000366210938,89.27983093261719,7379800
2025-02-27,94.58999633789062,94.83000183105469,94.55000305175781,94.80000305175781,89.17637634277344,5907900
2025-02-28,95.08999633789062,95.36000061035156,94.9000015258789,95.31999969482422,89.66554260253906,11831500
2025-03-03,94.72000122070312,95.44999694824219,94.70999908447266,95.38999938964844,89.9909896850586,9637400
2025-03-04,95.54000091552734,95.77999877929688,94.93000030517578,95.08999633789062,89.70796203613281,12745500
2025-03-05,95.11000061035156,95.23999786376953,94.52999877929688,94.55999755859375,89.20796966552734,15590000
2025-03-06,94.51000213623047,94.69000244140625,94.16000366210938,94.51000213623047,89.16082000732422,9318900
2025-03-07,94.9800033569336,95.0199966430664,94.30000305175781,94.38999938964844,89.04759979248047,9210200
2025-03-10,94.94000244140625,95.19999694824219,94.8499984741211,95.05000305175781,89.67025756835938,7698500
2025-03-11,95.05000305175781,95.30999755859375,94.58000183105469,94.70999908447266,89.34949493408203,10408600
2025-03-12,94.41000366210938,94.66000366210938,94.38999938964844,94.43000030517578,89.0853271484375,7610300
2025-03-13,94.29000091552734,94.8499984741211,94.19999694824219,94.80999755859375,89.44384765625,6902300
2025-03-14,94.56999969482422,94.6500015258789,94.44999694824219,94.4800033569336,89.13251495361328,4390900
2025-03-17,94.6500015258789,94.8499984741211,94.45999908447266,94.55999755859375,89.20796966552734,6734000
2025-03-18,94.41999816894531,94.83000183105469,94.41000366210938,94.66999816894531,89.31175994873047,8993300
2025-03-19,94.58999633789062,94.98999786376953,94.44000244140625,94.95999908447266,89.58533477783203,5854500
2025-03-20,95.47000122070312,95.48999786376953,94.98999786376953,95.0999984741211,89.71741485595703,4409100
2025-03-21,95.25,95.33999633789062,95.0,95.0199966430664,89.6419448852539,4919600
2025-03-24,94.76000213623047,94.77999877929688,94.44000244140625,94.47000122070312,89.1230697631836,4823500
2025-03-25,94.47000122070312,94.73999786376953,94.44999694824219,94.62999725341797,89.27401733398438,6825800
2025-03-26,94.47000122070312,94.56999969482422,94.33000183105469,94.41000366210938,89.06645965576172,8281700
2025-03-27,94.30000305175781,94.41000366210938,94.20999908447266,94.33000183105469,88.9909896850586,5085100
2025-03-28,94.77999877929688,95.1500015258789,94.75,95.08999633789062,89.70796203613281,6224500
2025-03-31,95.48999786376953,95.55999755859375,95.08999633789062,95.37000274658203,89.97212982177734,13255800
2025-04-01,95.2699966430664,95.66000366210938,95.2699966430664,95.4000015258789,90.28823852539062,18128800
2025-04-02,95.80000305175781,95.80000305175781,95.01000213623047,95.30999755859375,90.20306396484375,7635900
2025-04-03,96.41000366210938,96.6500015258789,96.18000030517578,96.29000091552734,91.13054656982422,18188000
2025-04-04,97.19999694824219,97.5199966430664,96.55000305175781,96.55999755859375,91.38607788085938,27006500
2025-04-07,96.48999786376953,96.66000366210938,95.19000244140625,95.41000366210938,90.2977066040039,68670600
2025-04-08,94.91000366210938,95.58999633789062,94.87999725341797,94.93000030517578,89.84342193603516,19508000
2025-04-09,94.2300033569336,94.68000030517578,93.61000061035156,94.62999725341797,89.55950164794922,24170800
2025-04-10,94.5199966430664,94.77999877929688,93.98999786376953,94.04000091552734,89.00111389160156,12093800
2025-04-11,93.47000122070312,93.7300033569336,92.79000091552734,93.51000213623047,88.49950408935547,55446600
2025-04-14,93.91999816894531,94.36000061035156,93.80000305175781,94.26000213623047,89.20931243896484,12630900
2025-04-15,94.25,94.76000213623047,94.23999786376953,94.54000091552734,89.47431945800781,7708100
2025-04-16,94.66000366210938,95.08000183105469,94.45999908447266,94.94999694824219,89.86233520507812,8708400
2025-04-17,94.9000015258789,94.98999786376953,94.58999633789062,94.68000030517578,89.60682678222656,6987000
2025-04-21,94.4000015258789,94.75,94.1500015258789,94.16999816894531,89.12413787841797,4901300
2025-04-22,94.41999816894531,94.44000244140625,94.2300033569336,94.23999786376953,89.19039916992188,5233000
2025-04-23,95.04000091552734,95.22000122070312,94.22000122070312,94.33999633789062,89.2850341796875,8041300
2025-04-24,94.72000122070312,94.87999725341797,94.62000274658203,94.8499984741211,89.7677001953125,7308900
2025-04-25,95.11000061035156,95.27999877929688,94.9800033569336,95.20999908447266,90.10841369628906,5341300
2025-04-28,95.0999984741211,95.62000274658203,95.06999969482422,95.58999633789062,90.4680404663086,4950500
2025-04-29,95.54000091552734,95.93000030517578,95.52999877929688,95.91999816894531,90.7803726196289,5350200
2025-04-30,95.9000015258789,96.16000366210938,95.80000305175781,96.06999969482422,90.92232513427734,13923200
2025-05-01,95.87999725341797,95.9000015258789,95.1500015258789,95.33999633789062,90.52639770507812,13703300
2025-05-02,94.8499984741211,94.98999786376953,94.54000091552734,94.69999694824219,89.91868591308594,9331600
2025-05-05,94.66999816894531,94.68000030517578,94.33000183105469,94.52999877929688,89.75727081298828,10089400
2025-05-06,94.48999786376953,94.79000091552734,94.4000015258789,94.7699966430664,89.98516845703125,6081200
2025-05-07,94.87000274658203,95.13999938964844,94.8499984741211,95.0199966430664,90.22254180908203,9471100
2025-05-08,94.95999908447266,94.9800033569336,94.26000213623047,94.27999877929688,89.5199203491211,6409000
2025-05-09,94.44999694824219,94.61000061035156,94.31999969482422,94.3499984741211,89.58635711669922,3698700
2025-05-12,93.7300033569336,93.97000122070312,93.7300033569336,93.75,89.01667785644531,9483700
2025-05-13,93.87000274658203,93.91999816894531,93.52999877929688,93.68000030517578,88.95020294189453,13166800
2025-05-14,93.63999938964844,93.70999908447266,93.2699966430664,93.33000183105469,88.61786651611328,6994700
2025-05-15,93.72000122070312,93.98999786376953,93.5999984741211,93.94000244140625,89.19707489013672,9024900
2025-05-16,94.30999755859375,94.33000183105469,93.95999908447266,93.97000122070312,89.2255630493164,6819200
2025-05-19,93.43000030517578,93.94000244140625,93.38999938964844,93.91999816894531,89.1780776977539,11704900
2025-05-20,93.66999816894531,93.87000274658203,93.52999877929688,93.80000305175781,89.06414794921875,8929600
2025-05-21,93.43000030517578,93.55999755859375,93.02999877929688,93.1500015258789,88.44695281982422,11383500
2025-05-22,93.18000030517578,93.54000091552734,93.05999755859375,93.5,88.77928924560547,10981200
2025-05-23,93.91000366210938,93.91999816894531,93.63999938964844,93.7699966430664,89.03565979003906,9860700
2025-05-27,93.9800033569336,94.26000213623047,93.87000274658203,94.16000366210938,89.40597534179688,10834400
2025-05-28,93.97000122070312,94.04000091552734,93.79000091552734,93.9000015258789,89.15910339355469,8591500
2025-05-29,94.1500015258789,94.37999725341797,94.0999984741211,94.29000091552734,89.5294189453125,9679100
2025-05-30,94.36000061035156,94.62000274658203,94.30000305175781,94.56999969482422,89.7952651977539,10268600
2025-06-02,94.0,94.13999938964844,93.77999877929688,93.94000244140625,89.49042510986328,13341900
2025-06-03,94.06999969482422,94.19999694824219,93.7699966430664,93.8499984741211,89.40470123291016,8508900
2025-06-04,94.20999908447266,94.62000274658203,94.12999725341797,94.54000091552734,90.06202697753906,10115900
2025-06-05,94.54000091552734,94.66000366210938,94.2300033569336,94.26000213623047,89.79527282714844,8762800
2025-06-06,93.77999877929688,93.86000061035156,93.4800033569336,93.51000213623047,89.08079528808594,7624200
2025-06-09,93.5199966430664,93.80000305175781,93.51000213623047,93.68000030517578,89.24275970458984,6061200
2025-06-10,93.9800033569336,94.0199966430664,93.73999786376953,93.83999633789062,89.39515686035156,5579900
2025-06-11,94.0199966430664,94.2699966430664,93.94000244140625,94.2300033569336,89.76670837402344,6594900
2025-06-12,94.58999633789062,94.6500015258789,94.41999816894531,94.63999938964844,90.15727233886719,7795400
2025-06-13,94.43000030517578,94.5,94.04000091552734,94.29000091552734,89.8238525390625,9195200
2025-06-16,94.18000030517578,94.37999725341797,94.0,94.0199966430664,89.566650390625,7508400
2025-06-17,94.26000213623047,94.5199966430664,94.11000061035156,94.4800033569336,90.0048599243164,5285000
2025-06-18,94.63999938964844,94.83999633789062,94.37999725341797,94.54000091552734,90.06202697753906,6732400
2025-06-20,94.3499984741211,94.73999786376953,94.29000091552734,94.5999984741211,90.1191635131836,6261700
2025-06-23,94.87000274658203,95.23999786376953,94.80000305175781,94.93000030517578,90.43354034423828,9310300
2025-06-24,94.83999633789062,95.30999755859375,94.80000305175781,95.26000213623047,90.74790954589844,7694500
2025-06-25,95.08000183105469,95.33999633789062,94.9800033569336,95.30000305175781,90.78599548339844,6393300
2025-06-26,95.4800033569336,95.6500015258789,95.3499984741211,95.63999938964844,91.10990905761719,7131900
2025-06-27,95.38999938964844,95.68000030517578,95.33000183105469,95.38999938964844,90.87174987792969,8402400
2025-06-30,95.5999984741211,95.80999755859375,95.45999908447266,95.7699966430664,91.23375701904297,10542300
2025-07-01,95.41999816894531,95.51000213623047,95.12000274658203,95.29000091552734,91.0645980834961,10659800
2025-07-02,94.98999786376953,95.13999938964844,94.93000030517578,95.08999633789062,90.87346649169922,6026200
2025-07-03,94.80000305175781,94.86000061035156,94.63999938964844,94.76000213623047,90.55809783935547,7398900
2025-07-07,94.61000061035156,94.62000274658203,94.37999725341797,94.45999908447266,90.27139282226562,8518600
2025-07-08,94.20999908447266,94.33000183105469,94.16000366210938,94.31999969482422,90.1375961303711,5282800
2025-07-09,94.45999908447266,94.81999969482422,94.45999908447266,94.80999755859375,90.60588073730469,6900800
2025-07-10,94.73999786376953,94.77999877929688,94.56999969482422,94.76000213623047,90.55809783935547,4451900
2025-07-11,94.44000244140625,94.47000122070312,94.2699966430664,94.31999969482422,90.1375961303711,6004300
2025-07-14,94.31999969482422,94.45999908447266,94.16999816894531,94.27999877929688,90.09938049316406,5101600
2025-07-15,94.38999938964844,94.4000015258789,93.86000061035156,93.91000366210938,89.74578857421875,5628100
2025-07-16,94.05999755859375,94.23999786376953,93.93000030517578,94.16999816894531,89.99425506591797,12786300
2025-07-17,94.22000122070312,94.33000183105469,94.05999755859375,94.13999938964844,89.96560668945312,4747200
2025-07-18,94.41000366210938,94.4800033569336,94.30000305175781,94.4000015258789,90.21407318115234,4035000
2025-07-21,94.80000305175781,94.9000015258789,94.68000030517578,94.7300033569336,90.52942657470703,5232300
2025-07-22,94.83000183105469,95.05999755859375,94.80999755859375,95.0,90.78746795654297,6098000
2025-07-23,94.77999877929688,94.83999633789062,94.61000061035156,94.66000366210938,90.46253204345703,5074000
2025-07-24,94.33000183105469,94.62000274658203,94.31999969482422,94.5199966430664,90.3287353515625,5867400
2025-07-25,94.48999786376953,94.73999786376953,94.44999694824219,94.73999786376953,90.53897094726562,3614000
2025-07-28,94.56999969482422,94.63999938964844,94.48999786376953,94.52999877929688,90.33829498291016,5073200
2025-07-29,94.66999816894531,95.1500015258789,94.6500015258789,95.1500015258789,90.93079376220703,7864000
2025-07-30,94.81999969482422,95.08000183105469,94.75,94.81999969482422,90.61543273925781,7425600
2025-07-31,94.97000122070312,95.12999725341797,94.86000061035156,94.9000015258789,90.69189453125,10411800
2025-08-01,95.36000061035156,95.7300033569336,95.33999633789062,95.68000030517578,91.73600006103516,11870100
2025-08-04,95.7699966430664,95.8499984741211,95.52999877929688,95.80999755859375,91.86064910888672,8449500
2025-08-05,95.63999938964844,95.86000061035156,95.62000274658203,95.73999786376953,91.79351806640625,8218700
2025-08-06,95.5999984741211,95.72000122070312,95.26000213623047,95.66999816894531,91.72640991210938,10107500
2025-08-07,95.66999816894531,95.7699966430664,95.52999877929688,95.5999984741211,91.65929412841797,5725900
2025-08-08,95.47000122070312,95.47000122070312,95.33000183105469,95.37999725341797,91.44837188720703,5623800
2025-08-11,95.44999694824219,95.54000091552734,95.36000061035156,95.41000366210938,91.47713470458984,4920200
2025-08-12,95.29000091552734,95.38999938964844,95.18000030517578,95.38999938964844,91.45796203613281,6724600
2025-08-13,95.66000366210938,95.83000183105469,95.63999938964844,95.7300033569336,91.78394317626953,5925200
2025-08-14,95.56999969482422,95.5999984741211,95.3499984741211,95.41999816894531,91.4867172241211,5527500
2025-08-15,95.37999725341797,95.44000244140625,95.16999816894531,95.2300033569336,91.30455017089844,7428500
2025-08-18,95.30000305175781,95.30999755859375,95.05000305175781,95.13999938964844,91.21825408935547,9669600
2025-08-19,95.27999877929688,95.41999816894531,95.2699966430664,95.37999725341797,91.44837188720703,6499300
2025-08-20,95.37999725341797,95.61000061035156,95.36000061035156,95.5199966430664,91.58261108398438,6270700
2025-08-21,95.38999938964844,95.44000244140625,95.11000061035156,95.23999786376953,91.31411743164062,5351300
2025-08-22,95.4000015258789,95.87999725341797,95.37000274658203,95.7699966430664,91.82230377197266,10867700
2025-08-25,95.5999984741211,95.70999908447266,95.52999877929688,95.58000183105469,91.64012145996094,9936400
2025-08-26,95.66000366210938,95.86000061035156,95.5999984741211,95.83000183105469,91.87981414794922,5871200
2025-08-27,95.69999694824219,96.01000213623047,95.63999938964844,96.01000213623047,92.0523910522461,5222800
2025-08-28,95.9800033569336,96.2300033569336,95.94000244140625,96.2300033569336,92.2633285522461,6544700
2025-08-29,96.12000274658203,96.2300033569336,96.02999877929688,96.1500015258789,92.18663024902344,6818900
2025-09-02,95.45999908447266,95.62999725341797,95.43000030517578,95.55000305175781,91.9115219116211,8623200
2025-09-03,95.55999755859375,96.0199966430664,95.55999755859375,95.87999725341797,92.22894287109375,7586100
2025-09-04,96.12000274658203,96.30999755859375,96.0,96.30999755859375,92.64258575439453,6395300
2025-09-05,96.91000366210938,97.0199966430664,96.77999877929688,96.77999877929688,93.09468841552734,9566300
2025-09-08,97.0199966430664,97.08999633789062,96.91999816894531,97.08000183105469,93.38326263427734,7599600
2025-09-09,97.02999877929688,97.13999938964844,96.76000213623047,96.8499984741211,93.16200256347656,8223100
2025-09-10,97.05000305175781,97.2300033569336,96.95999908447266,97.11000061035156,93.412109375,8864500
2025-09-11,97.23999786376953,97.45999908447266,97.2300033569336,97.26000213623047,93.55640411376953,8554300
2025-09-12,97.02999877929688,97.04000091552734,96.83999633789062,96.9800033569336,93.28706359863281,36502700
2025-09-15,97.1500015258789,97.22000122070312,97.0999984741211,97.13999938964844,93.44097137451172,4990100
2025-09-16,97.1500015258789,97.29000091552734,97.11000061035156,97.19999694824219,93.49868774414062,5847700
2025-09-17,97.30000305175781,97.5199966430664,96.87000274658203,96.98999786376953,93.29669952392578,10701700
2025-09-18,96.6500015258789,96.80999755859375,96.51000213623047,96.66999816894531,92.9888687133789,7589200
2025-09-19,96.62000274658203,96.69999694824219,96.5,96.62999725341797,92.95039367675781,5528800
2025-09-22,96.62999725341797,96.66000366210938,96.45999908447266,96.47000122070312,92.79650115966797,5282700
2025-09-23,96.61000061035156,96.75,96.48999786376953,96.73999786376953,93.05620574951172,7077500
2025-09-24,96.62000274658203,96.62999725341797,96.44000244140625,96.4800033569336,92.80611419677734,5419700
2025-09-25,96.26000213623047,96.31999969482422,96.0999984741211,96.2699966430664,92.60409545898438,6517500
2025-09-26,96.25,96.43000030517578,96.12999725341797,96.22000122070312,92.5560073852539,7295300
2025-09-29,96.33999633789062,96.55000305175781,96.33000183105469,96.5,92.8253402709961,6357500
2025-09-30,96.58000183105469,96.76000213623047,96.41999816894531,96.45999908447266,92.786865234375,9257800
2025-10-01,96.55999755859375,96.62999725341797,96.33999633789062,96.48999786376953,93.09947967529297,8347000
2025-10-02,96.44999694824219,96.6500015258789,96.38999938964844,96.58999633789062,93.19596862792969,9420600
2025-10-03,96.5999984741211,96.63999938964844,96.37999725341797,96.4000015258789,93.01264953613281,5154300
2025-10-06,96.16999816894531,96.33999633789062,96.11000061035156,96.12000274658203,92.74248504638672,6319600
2025-10-07,96.23999786376953,96.48999786376953,96.18000030517578,96.36000061035156,92.97406005859375,5119900
2025-10-08,96.54000091552734,96.55999755859375,96.31999969482422,96.37999725341797,92.99334716796875,5141900
2025-10-09,96.29000091552734,96.36000061035156,96.2300033569336,96.30999755859375,92.9258041381836,7130600
2025-10-10,96.6500015258789,97.0199966430664,96.56999969482422,96.91000366210938,93.50473022460938,10417700
2025-10-13,96.9000015258789,96.98999786376953,96.77999877929688,96.95999908447266,93.55297088623047,5607600
2025-10-14,97.05999755859375,97.23999786376953,96.9800033569336,97.20999908447266,93.79417419433594,7650600
2025-10-15,97.20999908447266,97.33000183105469,97.0199966430664,97.0999984741211,93.68804168701172,7769300
2025-10-16,97.0199966430664,97.58999633789062,97.0,97.55000305175781,94.12223052978516,11627200
2025-10-17,97.45999908447266,97.4800033569336,97.2699966430664,97.38999938964844,93.96784973144531,12491000
2025-10-20,97.44999694824219,97.52999877929688,97.37000274658203,97.5199966430664,94.0932846069336,10437800
2025-10-21,97.69000244140625,97.7699966430664,97.62999725341797,97.69999694824219,94.26696014404297,7642000
2025-10-22,97.6500015258789,97.7699966430664,97.55999755859375,97.72000122070312,94.2862548828125,6523500
2025-10-23,97.5199966430664,97.58000183105469,97.37999725341797,97.4000015258789,93.97750091552734,6138300
2025-10-24,97.5199966430664,97.54000091552734,97.33000183105469,97.48999786376953,94.06433868408203,7555200
2025-10-27,97.33999633789062,97.48999786376953,97.20999908447266,97.48999786376953,94.06433868408203,7272300
2025-10-28,97.43000030517578,97.62999725341797,97.43000030517578,97.58000183105469,94.15118408203125,5539600
2025-10-29,97.52999877929688,97.52999877929688,96.9000015258789,96.94999694824219,93.5433120727539,11223300
2025-10-30,96.66999816894531,96.95999908447266,96.6500015258789,96.80999755859375,93.40824127197266,8958800
2025-10-31,96.87000274658203,96.94999694824219,96.79000091552734,96.8499984741211,93.44681549072266,9739900
2025-11-03,96.41999816894531,96.55999755859375,96.37000274658203,96.5,93.40230560302734,8012500
2025-11-04,96.56999969482422,96.66999816894531,96.55000305175781,96.62000274658203,93.51846313476562,6119000
2025-11-05,96.44999694824219,96.47000122070312,96.12999725341797,96.16000366210938,93.07323455810547,11749200
2025-11-06,96.5199966430664,96.72000122070312,96.51000213623047,96.6500015258789,93.54749298095703,7665000
2025-11-07,96.55999755859375,96.86000061035156,96.55000305175781,96.69000244140625,93.58621978759766,11460300
2025-11-10,96.56999969482422,96.6500015258789,96.51000213623047,96.55999755859375,93.46038055419922,9097300
2025-11-11,96.80999755859375,96.88999938964844,96.7300033569336,96.86000061035156,93.75074768066406,4937700
2025-11-12,96.80999755859375,96.94999694824219,96.77999877929688,96.87999725341797,93.77011108398438,7188200
2025-11-13,96.6500015258789,96.80000305175781,96.5999984741211,96.5999984741211,93.49909210205078,46965300
2025-11-14,96.87999725341797,96.93000030517578,96.41999816894531,96.44000244140625,93.34423828125,11288500
2025-11-17,96.54000091552734,96.62000274658203,96.48999786376953,96.55000305175781,93.45071411132812,6648500
2025-11-18,96.83999633789062,96.93000030517578,96.56999969482422,96.70999908447266,93.60556030273438,8769000
2025-11-19,96.80999755859375,96.86000061035156,96.5999984741211,96.63999938964844,93.53781127929688,13075900
2025-11-20,96.73999786376953,96.94999694824219,96.69999694824219,96.87000274658203,93.76042938232422,9076400
2025-11-21,97.19000244140625,97.2300033569336,97.0,97.19000244140625,94.0701675415039,12551100
2025-11-24,97.29000091552734,97.36000061035156,97.18000030517578,97.33999633789062,94.2153549194336,6903900
2025-11-25,97.44000244140625,97.69999694824219,97.43000030517578,97.58999633789062,94.45731353759766,9193400
2025-11-26,97.4800033569336,97.66999816894531,97.33000183105469,97.66999816894531,94.53474426269531,7747100
2025-11-28,97.62999725341797,97.6500015258789,97.38999938964844,97.5,94.37020111083984,7798000
2025-12-01,96.7699966430664,96.83999633789062,96.68000030517578,96.69000244140625,93.86346435546875,9898100
2025-12-02,96.66000366210938,96.81999969482422,96.5999984741211,96.7699966430664,93.94112396240234,7317200
2025-12-03,96.93000030517578,97.02999877929688,96.80999755859375,96.97000122070312,94.13528442382812,6855100
2025-12-04,96.81999969482422,96.83000183105469,96.62000274658203,96.66999816894531,93.84404754638672,8928900
2025-12-05,96.69000244140625,96.69999694824219,96.41999816894531,96.47000122070312,93.64990234375,9118700
2025-12-08,96.41000366210938,96.41999816894531,96.08999633789062,96.2699966430664,93.45574951171875,14728300
2025-12-09,96.41000366210938,96.41000366210938,96.11000061035156,96.12999725341797,93.31983947753906,8509200
2025-12-10,96.08999633789062,96.47000122070312,96.08000183105469,96.44000244140625,93.62078857421875,13356900
2025-12-11,96.68000030517578,96.7300033569336,96.41999816894531,96.44999694824219,93.63047790527344,8672800
2025-12-12,96.19000244140625,96.2699966430664,96.16999816894531,96.19000244140625,93.37808990478516,8348700
2025-12-15,96.41000366210938,96.51000213623047,96.25,96.2699966430664,93.45574951171875,6117000
2025-12-16,96.23999786376953,96.55999755859375,96.2300033569336,96.54000091552734,93.71784973144531,7456400
2025-12-17,96.41999816894531,96.56999969482422,96.4000015258789,96.5199966430664,93.69844055175781,5673200
2025-12-18,96.7699966430664,96.83000183105469,96.63999938964844,96.7699966430664,93.94112396240234,7357600
2025-12-19,96.30000305175781,96.38999938964844,96.19999694824219,96.23999786376953,93.72978210449219,5806600
2025-12-22,96.16000366210938,96.19000244140625,96.08000183105469,96.13999938964844,93.63239288330078,4672800
2025-12-23,95.93000030517578,96.12999725341797,95.87999725341797,96.0999984741211,93.59343719482422,5093900
2025-12-24,96.22000122070312,96.37000274658203,96.16999816894531,96.3499984741211,93.83692169189453,3967700
2025-12-26,96.48999786376953,96.51000213623047,96.33000183105469,96.44000244140625,93.92456817626953,3491500
2025-12-29,96.55000305175781,96.5999984741211,96.44999694824219,96.58000183105469,94.06092071533203,5034600
2025-12-30,96.44000244140625,96.55999755859375,96.4000015258789,96.4800033569336,93.9635238647461,4108600
2025-12-31,96.33999633789062,96.47000122070312,96.1500015258789,96.16000366210938,93.6518783569336,6802100
2026-01-02,96.29000091552734,96.29000091552734,96.06999969482422,96.08000183105469,93.573974609375,6611800
2026-01-05,96.2300033569336,96.37999725341797,96.16999816894531,96.37000274658203,93.85639953613281,8693200
2026-01-06,96.25,96.31999969482422,96.0999984741211,96.30000305175781,93.78821563720703,12834100
2026-01-07,96.5199966430664,96.55000305175781,96.33999633789062,96.4800033569336,93.9635238647461,7990900
2026-01-08,96.2300033569336,96.30999755859375,96.18000030517578,96.19000244140625,93.68108367919922,6931700
2026-01-09,96.16000366210938,96.37999725341797,96.06999969482422,96.30000305175781,93.78821563720703,10277300
2026-01-12,96.1500015258789,96.30000305175781,96.12000274658203,96.18000030517578,93.67135620117188,6360600
2026-01-13,96.33999633789062,96.37000274658203,96.19999694824219,96.30000305175781,93.78821563720703,7622500
2026-01-14,96.37999725341797,96.5999984741211,96.37000274658203,96.5,93.98300170898438,7331200
2026-01-15,96.51000213623047,96.5199966430664,96.27999877929688,96.30000305175781,93.78821563720703,6172500
2026-01-16,96.2300033569336,96.26000213623047,95.91000366210938,95.93000030517578,93.42786407470703,11979300
2026-01-20,95.5999984741211,95.72000122070312,95.52999877929688,95.55000305175781,93.05777740478516,13607700
2026-01-21,95.66000366210938,95.83999633789062,95.55999755859375,95.80000305175781,93.30126953125,11969000
2026-01-22,95.69999694824219,95.86000061035156,95.6500015258789,95.79000091552734,93.2915267944336,10209500
2026-01-23,95.83000183105469,95.97000122070312,95.75,95.94999694824219,93.44734954833984,8147500
2026-01-26,96.0999984741211,96.16000366210938,96.04000091552734,96.08999633789062,93.58369445800781,6803800
2026-01-27,96.02999877929688,96.1500015258789,95.94999694824219,95.9800033569336,93.47657012939453,9857200
2026-01-28,95.91999816894531,95.94999694824219,95.7300033569336,95.9000015258789,93.3986587524414,17032400
2026-01-29,95.80000305175781,96.08999633789062,95.77999877929688,96.0,93.49604797363281,11049100
2026-01-30,95.98999786376953,96.05999755859375,95.91000366210938,95.94000244140625,93.43760681152344,8238500
2026-02-02,95.66999816894531,95.69999694824219,95.44000244140625,95.44000244140625,93.25392150878906,8987100
2026-02-03,95.38999938964844,95.56999969482422,95.37000274658203,95.52999877929688,93.34185028076172,7313800
2026-02-04,95.44999694824219,95.61000061035156,95.41000366210938,95.51000213623047,93.32231903076172,7268600
2026-02-05,95.80000305175781,96.0999984741211,95.70999908447266,96.06999969482422,93.8694839477539,12086800
2026-02-06,96.12000274658203,96.12999725341797,95.91999816894531,96.06999969482422,93.8694839477539,7759900
2026-02-09,96.01000213623047,96.12999725341797,95.93000030517578,96.08999633789062,93.88902282714844,8165100
2026-02-10,96.43000030517578,96.55000305175781,96.41000366210938,96.51000213623047,94.29940795898438,9752300
2026-02-11,96.18000030517578,96.44999694824219,96.16000366210938,96.23999786376953,94.03559112548828,9106600
2026-02-12,96.4000015258789,96.8499984741211,96.38999938964844,96.83000183105469,94.61207580566406,13099900
2026-02-13,97.12000274658203,97.26000213623047,97.08999633789062,97.20999908447266,94.9833755493164,11681500
2026-02-17,97.25,97.30999755859375,97.1500015258789,97.19999694824219,94.97359466552734,8623800
2026-02-18,97.02999877929688,97.08999633789062,96.97000122070312,97.0,94.77818298339844,7778800
2026-02-19,96.95999908447266,97.13999938964844,96.94000244140625,97.08999633789062,94.86611938476562,4993000
2026-02-20,97.12999725341797,97.13999938964844,96.88999938964844,97.08999633789062,94.86611938476562,11200200
2026-02-23,97.16999816894531,97.52999877929688,97.16999816894531,97.44000244140625,95.2081069946289,9862900
2026-02-24,97.44000244140625,97.4800033569336,97.33000183105469,97.41999816894531,95.18856811523438,9493300
2026-02-25,97.2699966430664,97.41999816894531,97.2699966430664,97.33999633789062,95.11039733886719,8762700
2026-02-26,97.41999816894531,97.5999984741211,97.41999816894531,97.5999984741211,95.36443328857422,8177300
2026-02-27,97.87999725341797,98.05000305175781,97.83000183105469,97.98999786376953,95.74551391601562,9970300
2026-03-02,97.37999725341797,97.38999938964844,96.94999694824219,97.12000274658203,95.17028045654297,17709600
2026-03-03,96.66999816894531,97.1500015258789,96.63999938964844,97.01000213623047,95.0625,13708500
2026-03-04,96.97000122070312,96.98999786376953,96.79000091552734,96.80999755859375,94.86650848388672,12535500
2026-03-05,96.44999694824219,96.58000183105469,96.38999938964844,96.51000213623047,94.5725326538086,12599700
2026-03-06,96.22000122070312,96.73999786376953,96.16999816894531,96.44999694824219,94.51374053955078,12758200
2026-03-09,96.36000061035156,96.80000305175781,96.25,96.75,94.80772399902344,12134400
2026-03-10,96.69999694824219,96.7699966430664,96.41000366210938,96.44000244140625,94.50393676757812,10571300
2026-03-11,96.26000213623047,96.30999755859375,95.9800033569336,96.0,94.0727767944336,12197600
2026-03-12,95.8499984741211,95.9800033569336,95.58999633789062,95.69000244140625,93.76901245117188,11401400
2026-03-13,95.83999633789062,95.93000030517578,95.55000305175781,95.58999633789062,93.6709976196289,11839700
2026-03-16,95.9800033569336,96.05999755859375,95.87000274658203,96.0199966430664,94.09237670898438,9092100
2026-03-17,96.16999816894531,96.27999877929688,96.12999725341797,96.19000244140625,94.25895690917969,7209700
2026-03-18,96.05000305175781,96.12000274658203,95.7300033569336,95.75,93.82779693603516,13048700
2026-03-19,95.48999786376953,95.87999725341797,95.4800033569336,95.73999786376953,93.81798553466797,18464600
2026-03-20,95.30999755859375,95.33999633789062,94.8499984741211,94.87999725341797,92.97525787353516,20761500
2026-03-23,95.0,95.43000030517578,94.88999938964844,95.18000030517578,93.26923370361328,28336300
2026-03-24,94.79000091552734,95.08000183105469,94.62000274658203,94.86000061035156,92.9556655883789,19785600
2026-03-25,95.29000091552734,95.4000015258789,95.13999938964844,95.36000061035156,93.44561767578125,15939200
2026-03-26,95.01000213623047,95.12999725341797,94.58999633789062,94.58999633789062,92.69107818603516,12897300
2026-03-27,94.37000274658203,94.77999877929688,94.36000061035156,94.5999984741211,92.70087432861328,11401900
2026-03-30,95.19999694824219,95.38999938964844,95.12999725341797,95.2699966430664,93.357421875,15430000
2026-03-31,95.54000091552734,95.68000030517578,95.3499984741211,95.44000244140625,93.52401733398438,18649700
2026-04-01,95.08000183105469,95.29000091552734,95.0199966430664,95.04000091552734,93.44241333007812,13557600
2026-04-02,95.02999877929688,95.38999938964844,95.01000213623047,95.26000213623047,93.6587142944336,13171300
2026-04-06,95.0,95.18000030517578,94.91000366210938,95.01000213623047,93.41291046142578,6104900
2026-04-07,95.06999969482422,95.29000091552734,94.76000213623047,95.25,93.64888000488281,6737500
2026-04-08,95.72000122070312,95.7300033569336,95.37000274658203,95.45999908447266,93.85535430908203,12107400
2026-04-09,95.37000274658203,95.6500015258789,95.2300033569336,95.43000030517578,93.82585906982422,11065900
2026-04-10,95.43000030517578,95.45999908447266,95.26000213623047,95.2699966430664,93.66854095458984,4404800
2026-04-13,95.2699966430664,95.48999786376953,95.16999816894531,95.4800033569336,93.8750228881836,4300200
2026-04-14,95.44000244140625,95.80000305175781,95.41000366210938,95.79000091552734,94.17980194091797,5239800
2026-04-15,95.69000244140625,95.69999694824219,95.5,95.58000183105469,93.97333526611328,5592900
2026-04-16,95.66999816894531,95.69999694824219,95.37999725341797,95.41000366210938,93.80619049072266,6618900
2026-04-17,95.88999938964844,96.05000305175781,95.83999633789062,95.93000030517578,94.31745147705078,6912900
2026-04-20,95.91000366210938,95.91999816894531,95.70999908447266,95.83999633789062,94.22896575927734,3868800
2026-04-21,95.69000244140625,95.75,95.41000366210938,95.41999816894531,93.81602478027344,4872900
2026-04-22,95.68000030517578,95.70999908447266,95.5,95.5199966430664,93.91434478759766,4121400
2026-04-23,95.55999755859375,95.62999725341797,95.19000244140625,95.37000274658203,93.76685333251953,6795600
2026-04-24,95.29000091552734,95.58999633789062,95.20999908447266,95.55999755859375,93.95367431640625,5490000
2026-04-27,95.41999816894531,95.52999877929688,95.27999877929688,95.33999633789062,93.73735809326172,4055500
2026-04-28,95.19000244140625,95.2699966430664,95.11000061035156,95.25,93.64888000488281,4867700
2026-04-29,95.02999877929688,95.02999877929688,94.69999694824219,94.80000305175781,93.20645141601562,7200300
2026-04-30,95.04000091552734,95.08999633789062,94.87000274658203,94.9800033569336,93.38343048095703,10382400
2026-05-01,94.69000244140625,95.04000091552734,94.62000274658203,94.73999786376953,93.4544448852539,5359200
2026-05-04,94.58999633789062,94.5999984741211,94.22000122070312,94.38999938964844,93.10919189453125,6593900
2026-05-05,94.5,94.63999938964844,94.47000122070312,94.52999877929688,93.24729919433594,11281600
2026-05-06,94.93000030517578,95.02999877929688,94.86000061035156,95.0,93.7109146118164,9031100
2026-05-07,95.18000030517578,95.18000030517578,94.69000244140625,94.70999908447266,93.42485046386719,5610100
2026-05-08,95.04000091552734,95.08999633789062,94.91999816894531,94.95999908447266,93.67146301269531,3215100
2026-05-11,94.86000061035156,94.87999725341797,94.63999938964844,94.63999938964844,93.35580444335938,4025400
2026-05-12,94.41999816894531,94.43000030517578,94.30000305175781,94.31999969482422,93.0401382446289,5686700
2026-05-13,94.30000305175781,94.37999725341797,94.11000061035156,94.31999969482422,93.0401382446289,3459200
2026-05-14,94.54000091552734,94.55999755859375,94.25,94.26000213623047,92.98096466064453,5167300
2026-05-15,93.72000122070312,93.75,93.48999786376953,93.51000213623047,92.24114227294922,12498700
2026-05-18,93.62000274658203,93.75,93.33999633789062,93.47000122070312,92.2016830444336,8422900
2026-05-19,93.12999725341797,93.2699966430664,92.94999694824219,93.11000061035156,91.8465576171875,10069800
2026-05-20,93.16999816894531,93.80999755859375,93.1500015258789,93.73999786376953,92.468017578125,14892500
2026-05-21,93.47000122070312,93.83999633789062,93.30999755859375,93.80000305175781,92.52720642089844,7762000
2026-05-22,93.95999908447266,93.98999786376953,93.62999725341797,93.87999725341797,92.60610961914062,6321900
2026-05-26,94.33999633789062,94.3499984741211,94.12999725341797,94.27999877929688,93.00069427490234,5494400
2026-05-27,94.3499984741211,94.4800033569336,94.29000091552734,94.31999969482422,93.0401382446289,5958800
2026-05-28,94.3499984741211,94.66999816894531,94.29000091552734,94.54000091552734,93.25715637207031,5938300
2026-05-29,94.63999938964844,94.73999786376953,94.52999877929688,94.6500015258789,93.36566925048828,9639700
2026-06-01,93.91000366210938,94.19999694824219,93.80999755859375,94.16999816894531,93.20433807373047,8054100
2026-06-02,94.33000183105469,94.33000183105469,94.16000366210938,94.23999786376953,93.27362060546875,15426600
2026-06-03,93.98999786376953,94.0999984741211,93.91000366210938,94.0,93.03607940673828,7056500
2026-06-04,94.19999694824219,94.27999877929688,94.08999633789062,94.12000274658203,93.15485382080078,4417900
2026-06-05,93.70999908447266,93.79000091552734,93.58999633789062,93.62000274658203,92.65998077392578,9880800
2026-06-08,93.80000305175781,93.86000061035156,93.5199966430664,93.5199966430664,92.56100463867188,5352200
2026-06-09,93.70999908447266,93.8499984741211,93.61000061035156,93.77999877929688,92.8183364868164,8007300
2026-06-10,93.81999969482422,93.9000015258789,93.5999984741211,93.69000244140625,92.72926330566406,5804900
2026-06-11,93.80999755859375,94.37999725341797,93.75,94.33999633789062,93.37259674072266,11281600
2026-06-12,94.16000366210938,94.2699966430664,94.0199966430664,94.18000030517578,93.21424102783203,8861800
2026-06-15,94.38999938964844,94.47000122070312,94.26000213623047,94.27999877929688,93.31321716308594,3787600
2026-06-16,94.37999725341797,94.62000274658203,94.3499984741211,94.5199966430664,93.55075073242188,4675000
2026-06-17,94.52999877929688,94.58000183105469,94.01000213623047,94.0199966430664,93.05587005615234,11508300
2026-06-18,94.43000030517578,94.5999984741211,94.33000183105469,94.36000061035156,93.39238739013672,6836500
2026-06-22,94.11000061035156,94.12999725341797,93.97000122070312,94.0,93.03607940673828,4572200
2026-06-23,94.16000366210938,94.26000213623047,94.08999633789062,94.12000274658203,93.15485382080078,6504600
2026-06-24,94.56999969482422,94.77999877929688,94.55999755859375,94.7300033569336,93.75859832763672,5179800
2026-06-25,94.86000061035156,95.0199966430664,94.77999877929688,94.79000091552734,93.81798553466797,5630500
2026-06-26,94.83000183105469,95.08000183105469,94.83000183105469,95.02999877929688,94.05551147460938,5584100
2026-06-29,94.9800033569336,95.06999969482422,94.93000030517578,95.05999755859375,94.08521270751953,5901500
2026-06-30,94.87999725341797,94.9000015258789,94.55000305175781,94.56999969482422,93.60023498535156,8034000
2026-07-01,94.04000091552734,94.19999694824219,94.0,94.02999877929688,93.37284088134766,7890500
2026-07-02,94.08999633789062,94.26000213623047,94.02999877929688,94.12000274658203,93.46221160888672,7605500
2026-07-06,94.13999938964844,94.19000244140625,94.02999877929688,94.18000030517578,93.52178955078125,4600500
2026-07-07,94.0,94.0199966430664,93.69000244140625,93.69999694824219,93.0451431274414,5813600
2026-07-08,93.52999877929688,93.58999633789062,93.36000061035156,93.51000213623047,92.85647583007812,5509600
2026-07-09,93.58999633789062,93.8499984741211,93.58999633789062,93.70999908447266,93.05506896972656,3223100
2026-07-10,93.73999786376953,93.77999877929688,93.58999633789062,93.62999725341797,92.97563171386719,6507600
2026-07-13,93.5,93.5199966430664,93.26000213623047,93.29000091552734,92.63801574707031,5769700
2026-07-14,93.5999984741211,93.79000091552734,93.45999908447266,93.55000305175781,92.89619445800781,5315900
2026-07-15,93.63999938964844,93.87000274658203,93.63999938964844,93.77999877929688,93.12458038330078,6735500
2026-07-16,93.58000183105469,93.75,93.54000091552734,93.72000122070312,93.06501007080078,4841200
2026-07-17,93.95999908447266,94.0999984741211,93.81999969482422,93.83999633789062,93.18415832519531,7561300
2026-07-20,93.73999786376953,93.76000213623047,93.44000244140625,93.54000091552734,92.88626861572266,3784800
2026-07-21,93.4000015258789,93.41999816894531,93.26000213623047,93.30999755859375,92.65786743164062,2786200
2026-07-22,93.27999877929688,93.29000091552734,93.08000183105469,93.0999984741211,92.44933319091797,3428200
2026-07-23,92.80000305175781,92.9000015258789,92.76000213623047,92.8499984741211,92.20108032226562,5002200
2026-07-24,92.98999786376953,93.22000122070312,92.94000244140625,93.02999877929688,92.37982177734375,5092700
2026-07-27,93.20999908447266,93.3499984741211,93.13999938964844,93.27999877929688,92.6280746459961,4046300
2026-07-28,93.37000274658203,93.66000366210938,93.37000274658203,93.55999755859375,92.90612030029297,3320700
2026-07-29,93.41000366210938,93.52999877929688,93.16000366210938,93.16999816894531,92.51885223388672,5391000
2026-07-30,93.23999786376953,93.31999969482422,93.12000274658203,93.20999908447266,92.5585708618164,3973000
2026-07-31,92.9800033569336,92.9800033569336,92.7300033569336,92.94999694824219,92.30038452148438,8490100
2026-08-03,92.80000305175781,92.87000274658203,92.69000244140625,92.81999969482422,92.48770904541016,5758500
2026-08-04,93.1500015258789,93.2699966430664,93.0999984741211,93.25,92.91617584228516,5461600
2026-08-05,93.20999908447266,93.33000183105469,93.12999725341797,93.30999755859375,92.9759521484375,5609200
2026-08-06,93.16000366210938,93.19000244140625,92.9000015258789,92.94999694824219,92.61724090576172,4831900
2026-08-07,93.29000091552734,93.31999969482422,93.05999755859375,93.16999816894531,92.83645629882812,55016600
2026-08-10,92.95999908447266,92.9800033569336,92.76000213623047,92.76000213623047,92.42793273925781,8610100
2026-08-11,92.94999694824219,93.05000305175781,92.87000274658203,92.87000274658203,92.53753662109375,5052200
2026-08-12,93.1500015258789,93.16000366210938,92.93000030517578,92.95999908447266,92.62721252441406,4810300
2026-08-13,93.30999755859375,93.51000213623047,93.27999877929688,93.30000305175781,92.96599578857422,7637900
2026-08-14,93.29000091552734,93.33000183105469,93.0,93.04000091552734,92.70692443847656,4659900
2026-08-17,92.95999908447266,93.04000091552734,92.83000183105469,92.83999633789062,92.50763702392578,4755400
2026-08-18,92.80000305175781,93.01000213623047,92.72000122070312,92.93000030517578,92.59732055664062,6312600
2026-08-19,93.3499984741211,93.38999938964844,93.12000274658203,93.37999725341797,93.04570770263672,7762300
2026-08-20,93.0,93.16999816894531,92.91999816894531,93.0,92.66706848144531,4956800
2026-08-21,92.94999694824219,92.97000122070312,92.7699966430664,92.81999969482422,92.48770904541016,4508700
2026-08-24,92.94999694824219,93.13999938964844,92.94000244140625,93.01000213623047,92.67703247070312,5809600
2026-08-25,93.30999755859375,93.54000091552734,93.26000213623047,93.51000213623047,93.17524719238281,7753500
2026-08-26,93.33999633789062,93.36000061035156,93.2300033569336,93.31999969482422,92.98592376708984,5671200
2026-08-27,93.30999755859375,93.37000274658203,93.16000366210938,93.2300033569336,92.89624786376953,10555700
2026-08-28,93.18000030517578,93.4000015258789,92.81999969482422,92.8499984741211,92.5176010131836,8008400
2026-08-31,92.75,92.75,92.62000274658203,92.73999786376953,92.40799713134766,8136100
2026-09-01,92.19000244140625,92.37000274658203,92.06999969482422,92.0999984741211,92.0999984741211,8030400
2026-09-02,92.16999816894531,92.19999694824219,92.04000091552734,92.18000030517578,92.18000030517578,6075800
2026-09-03,92.4800033569336,92.48999786376953,92.2699966430664,92.27999877929688,92.27999877929688,7194800
2026-09-04,92.26000213623047,92.4000015258789,92.22000122070312,92.25,92.25,3011600
2026-09-08,92.29000091552734,92.29000091552734,92.04000091552734,92.16000366210938,92.16000366210938,3481200
2026-09-09,92.08999633789062,92.16000366210938,91.77999877929688,91.9000015258789,91.9000015258789,5440600
2026-09-10,91.37000274658203,91.4800033569336,91.11000061035156,91.18000030517578,91.18000030517578,9840800
2026-09-11,91.33000183105469,91.41999816894531,90.9800033569336,91.01000213623047,91.01000213623047,8728500
2026-09-14,90.94000244140625,91.25,90.75,90.93000030517578,90.93000030517578,8884700
2026-09-15,90.83999633789062,90.91999816894531,90.75,90.81999969482422,90.81999969482422,9403700
2026-09-16,91.0,91.27999877929688,90.69999694824219,90.7300033569336,90.7300033569336,13144400
2026-09-17,91.16999816894531,91.26000213623047,91.08999633789062,91.25,91.25,8137600
2026-09-18,90.94000244140625,90.94000244140625,90.79000091552734,90.80000305175781,90.80000305175781,6721300
2026-09-21,91.12000274658203,91.16999816894531,91.01000213623047,91.1500015258789,91.1500015258789,8832400
2026-09-22,91.18000030517578,91.25,90.97000122070312,91.16000366210938,91.16000366210938,8941200
2026-09-23,90.95999908447266,90.97000122070312,89.98999786376953,90.19000244140625,90.19000244140625,14504900
2026-09-24,90.27999877929688,90.33999633789062,89.69000244140625,89.69000244140625,89.69000244140625,11008900
2026-09-25,89.79000091552734,90.0199966430664,89.54000091552734,90.0,90.0,17320200
