Date,Open,High,Low,Close,Adj Close,Volume
2000-07-28,34.125,34.20833206176758,34.10416793823242,34.14583206176758,20.776596069335938,4200
2000-07-31,34.11458206176758,34.35416793823242,34.11458206176758,34.35416793823242,20.903366088867188,7500
2000-08-01,34.64583206176758,34.69791793823242,34.64583206176758,34.69791793823242,21.112520217895508,2400
2000-08-02,34.75,34.890625,34.75,34.890625,21.229782104492188,1500
2000-08-03,34.60416793823242,34.95833206176758,34.60416793823242,34.95833206176758,21.270980834960938,45300
2000-08-04,35.04166793823242,35.16666793823242,34.90625,35.125,21.37238121032715,68100
2000-08-07,35.24479293823242,35.41145706176758,35.24479293823242,35.41145706176758,21.546674728393555,6600
2000-08-08,35.40625,35.515625,35.40625,35.46354293823242,21.57837677001953,1800
2000-08-09,35.578125,35.61458206176758,35.40104293823242,35.40104293823242,21.54035186767578,3000
2000-08-10,35.33333206176758,35.33333206176758,35.33333206176758,35.33333206176758,21.49915313720703,2700
2000-08-11,35.27083206176758,35.27083206176758,35.27083206176758,35.27083206176758,21.46112060546875,600
2000-08-14,35.80208206176758,36.0625,35.80208206176758,36.0625,21.942825317382812,1500
2000-08-15,36.03645706176758,36.03645706176758,35.75,35.75,21.75267219543457,5400
2000-08-16,35.83333206176758,35.91666793823242,35.83333206176758,35.85416793823242,21.81605339050293,5400
2000-08-17,35.80208206176758,36.02083206176758,35.80208206176758,36.02083206176758,21.91745948791504,1200
2000-08-18,36.02083206176758,36.02083206176758,36.02083206176758,36.02083206176758,21.91745948791504,0
2000-08-21,35.79166793823242,35.79166793823242,35.78125,35.78125,21.771696090698242,3000
2000-08-22,35.8125,35.8125,35.8125,35.8125,21.79071044921875,600
2000-08-23,35.796875,35.796875,35.796875,35.796875,21.78119659423828,300
2000-08-24,35.78645706176758,35.85416793823242,35.78645706176758,35.85416793823242,21.81605339050293,900
2000-08-25,35.91666793823242,35.91666793823242,35.83333206176758,35.89583206176758,21.841413497924805,20100
2000-08-28,35.98958206176758,35.98958206176758,35.84375,35.84375,21.809720993041992,9000
2000-08-29,35.86458206176758,36.02083206176758,35.86458206176758,36.02083206176758,21.91745948791504,15000
2000-08-30,35.97395706176758,36.015625,35.91666793823242,36.015625,21.914304733276367,37500
2000-08-31,36.20833206176758,36.20833206176758,36.20833206176758,36.20833206176758,22.03156089782715,12300
2000-09-01,36.32291793823242,36.390625,36.27083206176758,36.27083206176758,22.0695858001709,32100
2000-09-05,36.36979293823242,36.36979293823242,36.27083206176758,36.27083206176758,22.0695858001709,11400
2000-09-06,36.27083206176758,36.54166793823242,36.26041793823242,36.5,22.209026336669922,127800
2000-09-07,36.61979293823242,36.8125,36.58333206176758,36.8125,22.399166107177734,47700
2000-09-08,36.75,36.77083206176758,36.60416793823242,36.60416793823242,22.27240562438965,12600
2000-09-11,36.73958206176758,36.91666793823242,36.71875,36.78125,22.380159378051758,28200
2000-09-12,36.8125,36.81770706176758,36.70833206176758,36.70833206176758,22.335783004760742,6900
2000-09-13,36.89583206176758,36.89583206176758,36.63020706176758,36.8125,22.399166107177734,73200
2000-09-14,36.83333206176758,36.91666793823242,36.75520706176758,36.91666793823242,22.46254539489746,8100
2000-09-15,36.61458206176758,36.66666793823242,36.45833206176758,36.45833206176758,22.183671951293945,46500
2000-09-18,36.33333206176758,36.33333206176758,35.83333206176758,35.83854293823242,21.806554794311523,34200
2000-09-19,35.84375,35.84375,35.66666793823242,35.8125,21.79071044921875,4800
2000-09-20,35.625,35.83854293823242,35.625,35.64583206176758,21.770341873168945,116400
2000-09-21,35.76041793823242,35.76041793823242,35.54166793823242,35.54166793823242,21.70673370361328,4200
2000-09-22,34.79166793823242,35.35416793823242,34.79166793823242,35.35416793823242,21.592208862304688,13200
2000-09-25,35.45833206176758,35.45833206176758,35.27083206176758,35.27083206176758,21.541318893432617,16500
2000-09-26,35.27083206176758,35.27083206176758,35.22916793823242,35.22916793823242,21.515871047973633,15900
2000-09-27,35.10416793823242,35.23958206176758,35.10416793823242,35.23958206176758,21.52222442626953,4800
2000-09-28,35.23958206176758,35.23958206176758,35.23958206176758,35.23958206176758,21.52222442626953,0
2000-09-29,35.94791793823242,36.0,35.94791793823242,36.0,21.98664665222168,3900
2000-10-02,35.95833206176758,35.95833206176758,35.77083206176758,35.77083206176758,21.846691131591797,3300
2000-10-03,35.64583206176758,35.64583206176758,35.47916793823242,35.47916793823242,21.66855812072754,1200
2000-10-04,35.39583206176758,35.40104293823242,35.33333206176758,35.40104293823242,21.620847702026367,1500
2000-10-05,35.40104293823242,35.40104293823242,35.40104293823242,35.40104293823242,21.620847702026367,0
2000-10-06,35.125,35.125,35.09375,35.09375,21.433162689208984,900
2000-10-09,34.98958206176758,34.98958206176758,34.8125,34.82291793823242,21.26776123046875,2400
2000-10-10,34.97916793823242,34.97916793823242,34.54166793823242,34.54166793823242,21.095975875854492,5400
2000-10-11,34.44791793823242,34.45833206176758,34.1875,34.29166793823242,20.94329833984375,164100
2000-10-12,34.3125,34.3125,33.5625,33.72916793823242,20.599760055541992,105300
2000-10-13,33.70833206176758,34.45833206176758,33.70833206176758,34.45833206176758,21.045085906982422,157800
2000-10-16,34.35416793823242,34.47916793823242,34.35416793823242,34.47916793823242,21.057809829711914,8100
2000-10-17,34.3125,34.3125,33.66666793823242,33.66666793823242,20.56157684326172,2400
2000-10-18,33.16666793823242,33.54166793823242,33.16666793823242,33.54166793823242,20.48524284362793,8400
2000-10-19,33.83333206176758,34.16666793823242,33.79166793823242,34.16666793823242,20.866952896118164,47700
2000-10-20,34.29166793823242,34.36979293823242,34.29166793823242,34.36979293823242,20.99102210998535,7500
2000-10-23,34.375,34.42708206176758,34.29166793823242,34.42708206176758,21.02601432800293,4800
2000-10-24,34.40625,34.40625,34.40625,34.40625,21.013288497924805,300
2000-10-25,34.28645706176758,34.33333206176758,34.08333206176758,34.08333206176758,20.816062927246094,3900
2000-10-26,34.08333206176758,34.16666793823242,33.9375,34.16666793823242,20.866952896118164,3300
2000-10-27,34.44791793823242,34.61979293823242,34.44791793823242,34.60416793823242,21.134151458740234,13200
2000-10-30,34.625,35.16666793823242,34.625,35.16666793823242,21.477699279785156,3600
2000-10-31,35.32291793823242,35.70833206176758,35.32291793823242,35.70833206176758,21.808509826660156,8100
2000-11-01,35.72916793823242,35.72916793823242,35.58333206176758,35.60416793823242,21.744897842407227,9000
2000-11-02,35.91666793823242,36.10416793823242,35.91666793823242,36.10416793823242,22.050264358520508,6300
2000-11-03,36.14583206176758,36.14583206176758,36.0,36.125,22.062986373901367,433500
2000-11-06,36.14583206176758,36.14583206176758,35.9375,35.9375,21.94847869873047,61500
2000-11-07,35.9375,36.10416793823242,35.875,36.10416793823242,22.050264358520508,45000
2000-11-08,36.02083206176758,36.3125,36.02083206176758,36.16666793823242,22.08844566345215,70800
2000-11-09,35.875,35.875,35.42708206176758,35.8125,21.872142791748047,53400
2000-11-10,35.76041793823242,35.83333206176758,35.29166793823242,35.33333206176758,21.579498291015625,5700
2000-11-13,35.14583206176758,35.33333206176758,34.89583206176758,35.33333206176758,21.579498291015625,91200
2000-11-14,35.70833206176758,35.72916793823242,35.58333206176758,35.68229293823242,21.79261589050293,15300
2000-11-15,35.625,36.02083206176758,35.625,35.875,21.910303115844727,900
2000-11-16,36.02083206176758,36.02083206176758,35.66666793823242,35.66666793823242,21.783071517944336,6300
2000-11-17,36.10416793823242,36.125,35.89583206176758,35.89583206176758,21.923032760620117,47700
2000-11-20,35.45833206176758,35.58333206176758,35.41666793823242,35.41666793823242,21.63037872314453,102300
2000-11-21,35.4375,35.45833206176758,35.27083206176758,35.45833206176758,21.65582275390625,15000
2000-11-22,35.35416793823242,35.35416793823242,35.08333206176758,35.20833206176758,21.503143310546875,16500
2000-11-24,35.47916793823242,35.66666793823242,35.47916793823242,35.60416793823242,21.744897842407227,3300
2000-11-27,35.91666793823242,36.0,35.8125,35.8125,21.872142791748047,124200
2000-11-28,35.72916793823242,35.72916793823242,35.52083206176758,35.52083206176758,21.693998336791992,7800
2000-11-29,35.4375,35.4375,35.29166793823242,35.39583206176758,21.617660522460938,3300
2000-11-30,35.25,35.35416793823242,34.97916793823242,35.35416793823242,21.592208862304688,21000
2000-12-01,35.33333206176758,35.625,35.33333206176758,35.54166793823242,21.70673370361328,8400
2000-12-04,35.5,35.70833206176758,35.5,35.54166793823242,21.70673370361328,27900
2000-12-05,35.66666793823242,36.52083206176758,35.66666793823242,36.5,22.292024612426758,257100
2000-12-06,36.41666793823242,36.41666793823242,35.875,35.89583206176758,21.923032760620117,59400
2000-12-07,35.875,36.02083206176758,35.875,35.95833206176758,21.96120262145996,117300
2000-12-08,36.20833206176758,36.75,36.20833206176758,36.66666793823242,22.393810272216797,191700
2000-12-11,36.80208206176758,37.16666793823242,36.80208206176758,37.08333206176758,22.64828872680664,302400
2000-12-12,36.98958206176758,37.03125,36.66666793823242,36.66666793823242,22.393810272216797,21900
2000-12-13,36.57291793823242,36.57291793823242,36.125,36.14583206176758,22.17288589477539,32700
2000-12-14,36.17708206176758,36.17708206176758,35.72916793823242,35.875,22.006732940673828,190200
2000-12-15,35.875,35.875,35.47916793823242,35.625,21.853364944458008,129000
2000-12-18,35.83333206176758,36.27083206176758,35.83333206176758,36.14583206176758,22.17288589477539,509400
2000-12-19,36.41666793823242,36.609375,36.20833206176758,36.35416793823242,22.300678253173828,179100
2000-12-20,36.0,36.0,35.625,35.79166793823242,21.955631256103516,30600
2000-12-21,35.76041793823242,36.25,35.64583206176758,36.1875,22.198423385620117,316500
2000-12-22,36.33333206176758,37.08333206176758,36.33333206176758,37.04166793823242,22.72239875793457,212100
2000-12-26,37.125,37.55208206176758,37.125,37.47916793823242,22.99077033996582,96600
2000-12-27,37.46875,38.22916793823242,37.375,38.22916793823242,23.450849533081055,82500
2000-12-28,38.25,39.27083206176758,38.25,39.27083206176758,24.08984375,1263600
2000-12-29,39.3125,39.35416793823242,38.54166793823242,38.54166793823242,23.642553329467773,216900
2001-01-02,38.52083206176758,38.52083206176758,37.484375,37.484375,22.99397087097168,207900
2001-01-03,37.66666793823242,38.85416793823242,37.66666793823242,38.85416793823242,23.834247589111328,570300
2001-01-04,38.79166793823242,38.79166793823242,38.29166793823242,38.29166793823242,23.48919105529785,176400
2001-01-05,38.29166793823242,38.29166793823242,37.6875,37.77083206176758,23.169696807861328,390000
2001-01-08,37.6875,38.04166793823242,37.5625,38.04166793823242,23.335830688476562,69300
2001-01-09,38.04166793823242,38.04166793823242,37.80208206176758,38.0,23.310279846191406,72900
2001-01-10,37.83333206176758,38.5,37.83333206176758,38.5,23.61697769165039,141900
2001-01-11,38.5625,38.66666793823242,38.39583206176758,38.5625,23.65532875061035,359400
2001-01-12,38.5625,38.625,38.35416793823242,38.5625,23.65532875061035,242400
2001-01-16,38.54166793823242,39.04166793823242,38.41666793823242,39.04166793823242,23.949254989624023,137100
2001-01-17,39.3125,39.35416793823242,38.9375,38.9375,23.885364532470703,389100
2001-01-18,38.9375,39.0,38.75,38.98958206176758,23.91730308532715,130500
2001-01-19,38.875,38.875,38.35416793823242,38.41666793823242,23.565868377685547,68400
2001-01-22,38.29166793823242,38.625,38.25520706176758,38.54166793823242,23.642553329467773,123900
2001-01-23,38.5625,39.14583206176758,38.5625,39.14583206176758,24.013154983520508,102300
2001-01-24,39.16666793823242,39.36979293823242,39.13541793823242,39.19791793823242,24.045108795166016,121800
2001-01-25,39.20833206176758,39.35416793823242,39.0625,39.25,24.077062606811523,70500
2001-01-26,39.08333206176758,39.14583206176758,38.85416793823242,39.140625,24.00996971130371,91800
2001-01-29,39.08333206176758,39.516666412353516,39.08333206176758,39.46666717529297,24.209978103637695,105000
2001-01-30,39.75,39.79999923706055,39.46666717529297,39.78333282470703,24.40420913696289,52800
2001-01-31,39.95000076293945,40.099998474121094,39.65666580200195,39.65666580200195,24.326520919799805,123000
2001-02-01,39.849998474121094,39.96666717529297,39.66666793823242,39.96666717529297,24.51669692993164,21000
2001-02-02,39.93333435058594,40.116668701171875,39.78333282470703,39.78333282470703,24.40420913696289,60300
2001-02-05,39.70000076293945,39.95000076293945,39.70000076293945,39.95000076293945,24.506450653076172,38400
2001-02-06,39.849998474121094,40.25,39.84000015258789,40.08333206176758,24.58824920654297,117300
2001-02-07,40.16666793823242,40.53333282470703,40.16666793823242,40.53333282470703,24.864290237426758,52200
2001-02-08,40.45000076293945,40.516666412353516,40.16666793823242,40.233333587646484,24.680253982543945,108300
2001-02-09,40.233333587646484,40.233333587646484,39.91666793823242,39.96666717529297,24.51669692993164,38400
2001-02-12,39.900001525878906,40.68333435058594,39.900001525878906,40.66666793823242,24.94608497619629,26400
2001-02-13,40.78333282470703,41.09333419799805,40.66666793823242,40.66666793823242,24.94608497619629,139500
2001-02-14,40.633331298828125,40.650001525878906,40.400001525878906,40.46666717529297,24.823383331298828,372000
2001-02-15,40.900001525878906,41.0,40.849998474121094,40.900001525878906,25.08920669555664,201000
2001-02-16,40.58333206176758,40.68333435058594,40.349998474121094,40.46666717529297,24.823383331298828,47700
2001-02-20,40.53333282470703,40.54666519165039,40.040000915527344,40.19333267211914,24.65572166442871,69900
2001-02-21,40.0,40.08333206176758,39.58333206176758,39.67333221435547,24.336727142333984,469500
2001-02-22,39.633331298828125,39.75,39.10333251953125,39.33333206176758,24.1281795501709,129000
2001-02-23,39.18333435058594,39.28333282470703,38.56666564941406,39.1533317565918,24.017772674560547,120900
2001-02-26,39.633331298828125,40.0,39.633331298828125,39.95000076293945,24.506450653076172,226200
2001-02-27,39.95000076293945,40.09000015258789,39.66666793823242,39.83333206176758,24.434892654418945,701400
2001-02-28,39.633331298828125,39.68333435058594,39.266666412353516,39.616668701171875,24.301977157592773,756000
2001-03-01,39.54999923706055,39.54999923706055,39.03333282470703,39.54999923706055,24.261093139648438,108600
2001-03-02,39.43333435058594,40.133331298828125,39.400001525878906,39.983333587646484,24.52690315246582,260700
2001-03-05,40.099998474121094,40.20000076293945,39.900001525878906,39.900001525878906,24.475791931152344,320700
2001-03-06,40.116668701171875,40.21666717529297,40.016666412353516,40.099998474121094,24.59847068786621,97800
2001-03-07,40.26333236694336,40.650001525878906,40.26333236694336,40.650001525878906,24.935850143432617,237000
2001-03-08,40.599998474121094,40.650001525878906,40.5,40.633331298828125,24.925630569458008,177000
2001-03-09,40.233333587646484,40.25,39.96666717529297,40.099998474121094,24.684932708740234,93300
2001-03-12,39.75,39.83333206176758,39.233333587646484,39.29999923706055,24.19247817993164,179100
2001-03-13,39.25,39.45000076293945,38.66666793823242,39.45000076293945,24.284799575805664,284100
2001-03-14,38.66666793823242,39.18333435058594,38.56666564941406,38.56666564941406,23.74104118347168,273000
2001-03-15,38.900001525878906,38.900001525878906,38.599998474121094,38.66666793823242,23.80259895324707,182400
2001-03-16,38.66666793823242,38.78333282470703,38.0,38.150001525878906,23.48455047607422,133500
2001-03-19,38.03333282470703,38.733333587646484,38.0,38.733333587646484,23.84364128112793,215400
2001-03-20,38.733333587646484,39.04999923706055,38.18333435058594,38.18333435058594,23.50505828857422,118800
2001-03-21,38.21666717529297,38.21666717529297,37.54999923706055,37.70000076293945,23.207542419433594,132900
2001-03-22,37.56666564941406,37.56666564941406,36.400001525878906,37.266666412353516,22.940784454345703,406200
2001-03-23,37.5,37.83333206176758,37.5,37.79999923706055,23.269100189208984,113100
2001-03-26,38.03333282470703,38.45000076293945,37.900001525878906,38.266666412353516,23.556371688842773,57300
2001-03-27,38.266666412353516,38.633331298828125,37.93333435058594,38.483333587646484,23.689746856689453,245100
2001-03-28,38.116668701171875,38.266666412353516,37.900001525878906,38.08333206176758,23.44351577758789,86400
2001-03-29,38.0,38.383331298828125,37.83333206176758,38.0,23.392215728759766,50400
2001-03-30,38.233333587646484,38.78333282470703,38.233333587646484,38.733333587646484,23.84364128112793,179100
2001-04-02,38.93333435058594,38.95000076293945,38.25,38.29999923706055,23.576887130737305,86100
2001-04-03,38.28333282470703,38.28333282470703,37.400001525878906,37.54999923706055,23.11520004272461,131100
2001-04-04,37.66666793823242,37.81666564941406,37.366668701171875,37.633331298828125,23.166494369506836,159600
2001-04-05,37.70000076293945,38.66666793823242,37.70000076293945,38.66666793823242,23.80259895324707,233100
2001-04-06,38.43333435058594,38.43333435058594,37.96666717529297,38.03333282470703,23.41273307800293,40800
2001-04-09,37.883331298828125,38.58333206176758,37.883331298828125,38.41666793823242,23.648700714111328,165900
2001-04-10,38.56666564941406,39.116668701171875,38.56666564941406,39.0,24.007793426513672,179400
2001-04-11,39.20000076293945,39.21666717529297,38.413333892822266,38.573333740234375,23.745149612426758,65400
2001-04-12,38.46666717529297,38.766666412353516,38.46666717529297,38.733333587646484,23.84364128112793,92700
2001-04-16,38.78333282470703,38.79999923706055,38.516666412353516,38.68333435058594,23.812856674194336,118800
2001-04-17,38.616668701171875,38.983333587646484,38.58333206176758,38.983333587646484,23.997535705566406,56400
2001-04-18,39.0,40.650001525878906,39.0,39.33333206176758,24.212997436523438,307500
2001-04-19,39.41666793823242,39.633331298828125,39.25,39.616668701171875,24.387407302856445,252000
2001-04-20,39.366668701171875,39.483333587646484,38.83333206176758,39.16666793823242,24.110397338867188,414000
2001-04-23,39.08333206176758,39.116668701171875,38.81666564941406,39.0,24.007793426513672,100500
2001-04-24,38.93333435058594,39.25,38.93333435058594,38.93333435058594,23.96676254272461,107100
2001-04-25,39.21666717529297,39.866668701171875,39.099998474121094,39.71666717529297,24.448974609375,201000
2001-04-26,40.04999923706055,40.45000076293945,39.900001525878906,40.366668701171875,24.84910011291504,134400
2001-04-27,40.483333587646484,40.78333282470703,40.383331298828125,40.78333282470703,25.105602264404297,234900
2001-04-30,40.883331298828125,41.0,40.56666564941406,40.75666809082031,25.089181900024414,211800
2001-05-01,40.71666717529297,40.959999084472656,40.470001220703125,40.959999084472656,25.21434783935547,98400
2001-05-02,41.016666412353516,41.03333282470703,40.70000076293945,40.866668701171875,25.15690040588379,269100
2001-05-03,40.70000076293945,40.779998779296875,40.483333587646484,40.71666717529297,25.064556121826172,49800
2001-05-04,40.516666412353516,41.150001525878906,40.33333206176758,41.04999923706055,25.26974105834961,174000
2001-05-07,41.29999923706055,41.41666793823242,41.03333282470703,41.06666564941406,25.28000831604004,155700
2001-05-08,41.150001525878906,41.20000076293945,40.88666534423828,41.20000076293945,25.36208152770996,105600
2001-05-09,41.08333206176758,41.233333587646484,41.08333206176758,41.12666702270508,25.316938400268555,92700
2001-05-10,41.29999923706055,41.33000183105469,41.150001525878906,41.25,25.392858505249023,35700
2001-05-11,41.21666717529297,41.293331146240234,40.93333435058594,41.03333282470703,25.259490966796875,99600
2001-05-14,41.06666564941406,41.150001525878906,40.883331298828125,41.150001525878906,25.331287384033203,111000
2001-05-15,41.116668701171875,41.29999923706055,41.03333282470703,41.28333282470703,25.413375854492188,88800
2001-05-16,41.18333435058594,41.96666717529297,41.18333435058594,41.913333892822266,25.801197052001953,238200
2001-05-17,41.91666793823242,42.1533317565918,41.836666107177734,42.116668701171875,25.926376342773438,113400
2001-05-18,42.099998474121094,42.33333206176758,42.04999923706055,42.21666717529297,25.987932205200195,114000
2001-05-21,42.28333282470703,42.53333282470703,42.16999816894531,42.5,26.16234016418457,114600
2001-05-22,42.66666793823242,42.91666793823242,42.46666717529297,42.66666793823242,26.26494598388672,480300
2001-05-23,42.650001525878906,42.650001525878906,42.04999923706055,42.04999923706055,25.88532829284668,255600
2001-05-24,42.08333206176758,42.27333450317383,41.83333206176758,42.27333450317383,26.022825241088867,113700
2001-05-25,42.383331298828125,42.383331298828125,42.04999923706055,42.05666732788086,25.889427185058594,197700
2001-05-29,42.133331298828125,42.15999984741211,41.83333206176758,41.849998474121094,25.76220703125,299700
2001-05-30,41.849998474121094,41.849998474121094,41.54999923706055,41.65999984741211,25.64524269104004,90600
2001-05-31,41.733333587646484,42.029998779296875,41.71666717529297,41.81666564941406,25.74169158935547,126300
2001-06-01,41.733333587646484,42.08333206176758,41.54999923706055,42.08333206176758,25.905847549438477,142200
2001-06-04,42.116668701171875,42.54666519165039,42.05666732788086,42.53333282470703,26.182859420776367,191700
2001-06-05,42.56666564941406,43.06666564941406,42.56666564941406,42.92333221435547,26.42292594909668,644700
2001-06-06,43.0,43.0,42.71666717529297,42.813331604003906,26.355226516723633,475200
2001-06-07,42.71666717529297,42.81666564941406,42.616668701171875,42.75,26.316247940063477,44700
2001-06-08,42.650001525878906,42.66666793823242,42.349998474121094,42.43333435058594,26.23072052001953,52200
2001-06-11,42.33333206176758,42.400001525878906,42.16666793823242,42.27000045776367,26.129764556884766,598800
2001-06-12,42.0,42.45000076293945,41.91666793823242,42.400001525878906,26.210115432739258,346500
2001-06-13,42.33333206176758,42.70000076293945,42.33333206176758,42.46666717529297,26.2513370513916,365100
2001-06-14,42.233333587646484,42.233333587646484,41.66666793823242,41.75,25.808319091796875,453300
2001-06-15,41.599998474121094,42.016666412353516,41.53333282470703,41.86000061035156,25.87630844116211,162900
2001-06-18,41.83333206176758,42.06666564941406,41.5,41.68333435058594,25.767112731933594,167100
2001-06-19,41.900001525878906,41.93333435058594,41.5,41.52000045776367,25.666147232055664,136200
2001-06-20,41.483333587646484,42.150001525878906,41.483333587646484,42.133331298828125,26.0452823638916,290700
2001-06-21,42.16666793823242,42.366668701171875,42.0,42.233333587646484,26.107091903686523,379200
2001-06-22,42.22666549682617,42.22666549682617,41.45000076293945,41.5,25.653789520263672,172800
2001-06-25,41.70000076293945,41.733333587646484,41.17333221435547,41.233333587646484,25.488924026489258,382500
2001-06-26,41.03333282470703,41.83333206176758,41.0,41.766666412353516,25.8186092376709,270000
2001-06-27,41.900001525878906,42.25,41.84000015258789,42.150001525878906,26.055572509765625,249300
2001-06-28,42.29999923706055,42.75,42.29999923706055,42.53333282470703,26.29253387451172,383400
2001-06-29,42.66666793823242,43.21666717529297,42.616668701171875,43.08333206176758,26.63252830505371,345900
2001-07-02,42.43333435058594,42.78333282470703,42.233333587646484,42.233333587646484,26.107091903686523,531300
2001-07-03,42.266666412353516,42.400001525878906,42.06666564941406,42.31666564941406,26.15860366821289,321600
2001-07-05,42.099998474121094,42.28333282470703,42.0,42.0,25.962846755981445,381600
2001-07-06,41.83333206176758,41.849998474121094,41.266666412353516,41.383331298828125,25.581653594970703,495300
2001-07-09,41.43333435058594,41.733333587646484,41.29999923706055,41.599998474121094,25.71558380126953,578400
2001-07-10,41.56666564941406,41.70000076293945,41.116668701171875,41.20000076293945,25.468318939208984,511500
2001-07-11,41.0,41.20000076293945,40.66666793823242,41.099998474121094,25.406505584716797,584100
2001-07-12,41.31666564941406,41.913333892822266,41.21666717529297,41.900001525878906,25.901033401489258,68100
2001-07-13,41.70000076293945,42.08333206176758,41.61000061035156,42.06666564941406,26.004074096679688,175200
2001-07-16,42.06666564941406,42.133331298828125,41.633331298828125,41.83333206176758,25.859821319580078,364200
2001-07-17,41.633331298828125,42.21666717529297,41.633331298828125,42.21666717529297,26.0967960357666,192000
2001-07-18,42.16666793823242,42.29999923706055,41.836666107177734,41.95000076293945,25.93193817138672,445200
2001-07-19,42.08333206176758,42.383331298828125,42.08333206176758,42.266666412353516,26.12769317626953,97500
2001-07-20,42.16666793823242,42.366668701171875,42.150001525878906,42.253334045410156,26.119457244873047,258000
2001-07-23,42.46666717529297,42.46666717529297,41.83333206176758,41.866668701171875,25.88044548034668,496500
2001-07-24,41.83333206176758,41.88666534423828,41.133331298828125,41.150001525878906,25.437406539916992,223800
2001-07-25,41.20000076293945,41.62666702270508,41.16666793823242,41.516666412353516,25.664058685302734,237600
2001-07-26,41.66666793823242,42.25,41.483333587646484,42.16666793823242,26.065881729125977,143100
2001-07-27,42.233333587646484,42.25,41.939998626708984,42.150001525878906,26.055572509765625,145800
2001-07-30,42.06666564941406,42.099998474121094,41.733333587646484,42.03333282470703,25.98346519470215,66300
2001-07-31,42.21666717529297,42.5,42.0,42.040000915527344,25.98758316040039,103800
2001-08-01,42.18333435058594,42.483333587646484,42.03333282470703,42.43333435058594,26.23072052001953,61200
2001-08-02,42.5,42.599998474121094,42.366668701171875,42.366668701171875,26.189516067504883,51000
2001-08-03,42.53333282470703,42.733333587646484,42.16666793823242,42.41666793823242,26.22043228149414,167100
2001-08-06,42.45000076293945,42.483333587646484,42.016666412353516,42.16666793823242,26.065881729125977,256800
2001-08-07,42.150001525878906,42.20000076293945,41.83333206176758,42.16666793823242,26.065881729125977,54300
2001-08-08,41.96666717529297,42.349998474121094,41.516666412353516,41.70000076293945,25.777393341064453,217800
2001-08-09,41.75,41.926666259765625,41.516666412353516,41.926666259765625,25.917512893676758,204000
2001-08-10,41.866668701171875,42.20000076293945,41.58333206176758,42.03333282470703,25.98346519470215,590400
2001-08-13,42.06666564941406,42.43333435058594,41.983333587646484,42.25,26.117393493652344,235200
2001-08-14,42.366668701171875,42.70000076293945,42.33333206176758,42.45000076293945,26.24102210998535,195900
2001-08-15,42.599998474121094,42.71666717529297,42.29999923706055,42.58333206176758,26.323455810546875,201300
2001-08-16,42.53333282470703,43.06666564941406,42.43333435058594,43.06666564941406,26.622230529785156,468600
2001-08-17,42.733333587646484,42.900001525878906,42.5,42.599998474121094,26.33375358581543,742800
2001-08-20,42.599998474121094,42.96666717529297,42.483333587646484,42.96666717529297,26.560415267944336,753900
2001-08-21,42.91666793823242,43.08333206176758,42.45000076293945,42.45000076293945,26.24102210998535,273900
2001-08-22,42.66666793823242,42.91666793823242,42.33333206176758,42.91666793823242,26.52951431274414,158700
2001-08-23,42.866668701171875,43.04666519165039,42.33333206176758,42.400001525878906,26.210115432739258,257700
2001-08-24,42.56666564941406,42.866668701171875,42.503334045410156,42.866668701171875,26.49858856201172,311400
2001-08-27,43.0,43.029998779296875,42.79999923706055,42.79999923706055,26.457386016845703,168300
2001-08-28,42.54999923706055,42.70000076293945,42.266666412353516,42.33333206176758,26.168901443481445,343200
2001-08-29,42.383331298828125,42.43333435058594,42.16666793823242,42.266666412353516,26.12769317626953,206100
2001-08-30,42.25,42.29999923706055,41.753334045410156,42.0,25.962846755981445,693000
2001-08-31,42.06666564941406,42.29999923706055,42.0099983215332,42.163333892822266,26.063817977905273,335400
2001-09-04,42.04999923706055,42.46666717529297,41.96666717529297,42.016666412353516,25.973163604736328,440400
2001-09-05,42.06666564941406,42.116668701171875,41.75,41.900001525878906,25.901033401489258,246000
2001-09-06,41.766666412353516,41.766666412353516,41.099998474121094,41.099998474121094,25.406505584716797,218100
2001-09-07,40.766666412353516,41.0,40.233333587646484,40.33333206176758,24.932573318481445,387000
2001-09-10,40.099998474121094,40.349998474121094,39.766666412353516,39.866668701171875,24.644115447998047,603000
2001-09-17,38.16666793823242,38.83333206176758,37.96666717529297,37.96666717529297,23.469594955444336,839100
2001-09-18,38.03333282470703,38.3033332824707,37.633331298828125,37.633331298828125,23.26354217529297,135900
2001-09-19,38.233333587646484,38.349998474121094,36.29666519165039,37.16666793823242,22.975065231323242,555000
2001-09-20,36.50666809082031,36.58333206176758,35.43333435058594,35.516666412353516,21.955093383789062,108000
2001-09-21,34.41666793823242,35.06666564941406,34.29999923706055,34.71666717529297,21.460567474365234,245700
2001-09-24,35.08333206176758,35.96666717529297,35.08333206176758,35.95000076293945,22.22296714782715,273600
2001-09-25,35.883331298828125,36.383331298828125,35.84000015258789,36.349998474121094,22.470239639282227,225900
2001-09-26,36.43000030517578,36.5,35.83333206176758,35.866668701171875,22.17145347595215,445800
2001-09-27,35.866668701171875,36.383331298828125,35.68333435058594,36.28333282470703,22.42901611328125,265200
2001-09-28,36.58333206176758,37.29999923706055,36.54999923706055,37.28333282470703,23.047183990478516,467700
2001-10-01,36.91666793823242,36.91666793823242,36.099998474121094,36.633331298828125,22.796396255493164,332700
2001-10-02,36.5,36.83333206176758,36.400001525878906,36.83333206176758,22.920856475830078,180600
2001-10-03,36.56666564941406,37.5966682434082,36.56666564941406,37.5966682434082,23.395872116088867,706800
2001-10-04,37.5966682434082,38.0,37.41999816894531,37.66666793823242,23.439435958862305,1196400
2001-10-05,37.43333435058594,37.64666748046875,36.983333587646484,37.633331298828125,23.418691635131836,220500
2001-10-08,37.233333587646484,37.51333236694336,37.116668701171875,37.16666793823242,23.128286361694336,34200
2001-10-09,37.086666107177734,37.233333587646484,36.79999923706055,36.866668701171875,22.941608428955078,157500
2001-10-10,36.9466667175293,37.83000183105469,36.836666107177734,37.83000183105469,23.54106903076172,49200
2001-10-11,38.233333587646484,38.66666793823242,38.233333587646484,38.356666564941406,23.868810653686523,161700
2001-10-12,38.356666564941406,38.366668701171875,37.75,38.2599983215332,23.808645248413086,48000
2001-10-15,38.0,38.33333206176758,37.823333740234375,38.33333206176758,23.854297637939453,266700
2001-10-16,38.43333435058594,38.69333267211914,38.323333740234375,38.573333740234375,24.00364112854004,316500
2001-10-17,38.75,38.78333282470703,37.84000015258789,37.84333419799805,23.549362182617188,277800
2001-10-18,37.70000076293945,37.87666702270508,37.58333206176758,37.58333206176758,23.387575149536133,176700
2001-10-19,37.43333435058594,37.96666717529297,37.42333221435547,37.849998474121094,23.553524017333984,178200
2001-10-22,37.83333206176758,38.349998474121094,37.83333206176758,38.186668395996094,23.763023376464844,284100
2001-10-23,38.41666793823242,38.459999084472656,37.973331451416016,37.9900016784668,23.640636444091797,62700
2001-10-24,38.0,38.09333419799805,37.823333740234375,37.900001525878906,23.584640502929688,277200
2001-10-25,37.83333206176758,38.516666412353516,37.436668395996094,38.46666717529297,23.9372615814209,77400
2001-10-26,38.46666717529297,38.83333206176758,38.46666717529297,38.79999923706055,24.144691467285156,75300
2001-10-29,38.720001220703125,38.720001220703125,37.900001525878906,37.900001525878906,23.584640502929688,1145400
2001-10-30,37.78333282470703,37.82666778564453,37.349998474121094,37.66666793823242,23.439435958862305,94500
2001-10-31,37.66666793823242,38.11000061035156,37.66666793823242,37.983333587646484,23.636497497558594,181800
2001-11-01,38.099998474121094,38.5,37.71666717529297,38.5,23.957992553710938,363000
2001-11-02,38.41999816894531,38.633331298828125,38.28333282470703,38.28333282470703,23.82317352294922,240300
2001-11-05,38.75,38.880001068115234,38.53333282470703,38.616668701171875,24.030603408813477,339900
2001-11-06,38.6966667175293,39.20000076293945,38.53333282470703,39.20000076293945,24.393611907958984,192300
2001-11-07,39.150001525878906,39.31666564941406,38.79999923706055,38.83333206176758,24.165428161621094,149400
2001-11-08,38.866668701171875,39.279998779296875,38.616668701171875,38.95000076293945,24.238037109375,223800
2001-11-09,38.883331298828125,38.90999984741211,38.619998931884766,38.706668853759766,24.08660316467285,85500
2001-11-12,38.5,39.0099983215332,38.35333251953125,38.94333267211914,24.23387908935547,351000
2001-11-13,39.16666793823242,39.56666564941406,39.0533332824707,39.56666564941406,24.62177085876465,349500
2001-11-14,39.766666412353516,40.029998779296875,39.5,39.96666717529297,24.87069320678711,370200
2001-11-15,39.96666717529297,40.099998474121094,39.78666687011719,39.836666107177734,24.789791107177734,111300
2001-11-16,39.836666107177734,40.116668701171875,39.77333450317383,40.06666564941406,24.93290901184082,123000
2001-11-19,40.16666793823242,40.33333206176758,40.003334045410156,40.33333206176758,25.098857879638672,235200
2001-11-20,40.33333206176758,40.46333312988281,40.04999923706055,40.04999923706055,24.922544479370117,111300
2001-11-21,40.16666793823242,40.16666793823242,39.836666107177734,40.099998474121094,24.953657150268555,54600
2001-11-23,40.393333435058594,40.66666793823242,40.393333435058594,40.56666564941406,25.244060516357422,254700
2001-11-26,40.650001525878906,40.779998779296875,40.383331298828125,40.6533317565918,25.297988891601562,69300
2001-11-27,40.66666793823242,40.82666778564453,40.41666793823242,40.52000045776367,25.215024948120117,162000
2001-11-28,40.52000045776367,40.52000045776367,40.16999816894531,40.209999084472656,25.02211570739746,142800
2001-11-29,40.266666412353516,40.96666717529297,40.13666534423828,40.96666717529297,25.492979049682617,191700
2001-11-30,40.88666534423828,41.043331146240234,40.66666793823242,40.66666793823242,25.3062801361084,98700
2001-12-03,40.53333282470703,40.54999923706055,40.20000076293945,40.54999923706055,25.23369026184082,123000
2001-12-04,40.54999923706055,41.26333236694336,40.5,41.26333236694336,25.677595138549805,113100
2001-12-05,41.41666793823242,42.150001525878906,41.41666793823242,41.95000076293945,26.104875564575195,176400
2001-12-06,42.116668701171875,42.46666717529297,42.016666412353516,42.46666717529297,26.426403045654297,498300
2001-12-07,42.349998474121094,42.53333282470703,42.18333435058594,42.223331451416016,26.274980545043945,282300
2001-12-10,42.16666793823242,42.349998474121094,41.516666412353516,41.650001525878906,25.91820526123047,277500
2001-12-11,41.650001525878906,42.016666412353516,41.599998474121094,41.746665954589844,25.978361129760742,88500
2001-12-12,41.79999923706055,41.89666748046875,41.42333221435547,41.866668701171875,26.053020477294922,72300
2001-12-13,41.633331298828125,41.81666564941406,41.220001220703125,41.220001220703125,25.650625228881836,188700
2001-12-14,41.016666412353516,41.54999923706055,41.016666412353516,41.54999923706055,25.993453979492188,100800
2001-12-17,41.56666564941406,42.133331298828125,41.56666564941406,42.08333206176758,26.32709503173828,63600
2001-12-18,42.46666717529297,42.766666412353516,42.25,42.766666412353516,26.75458526611328,209100
2001-12-19,42.516666412353516,42.68333435058594,42.383331298828125,42.43333435058594,26.546052932739258,160500
2001-12-20,42.44333267211914,42.563331604003906,41.883331298828125,41.883331298828125,26.201976776123047,309300
2001-12-21,42.16666793823242,42.81666564941406,41.93333435058594,42.66666793823242,26.692028045654297,224100
2001-12-24,42.66666793823242,42.95000076293945,42.66666793823242,42.88666534423828,26.82965850830078,263400
2001-12-26,42.900001525878906,43.266666412353516,42.900001525878906,43.266666412353516,27.067386627197266,276600
2001-12-27,43.266666412353516,43.5,43.13999938964844,43.393333435058594,27.146631240844727,1319100
2001-12-28,43.41666793823242,43.49333190917969,43.25,43.25,27.056957244873047,749100
2001-12-31,43.28333282470703,43.46666717529297,42.66666793823242,42.66666793823242,26.692028045654297,402300
2002-01-02,43.0,43.063331604003906,42.17333221435547,42.983333587646484,26.89014434814453,469200
2002-01-03,43.0,43.483333587646484,42.96666717529297,43.483333587646484,27.20292854309082,216300
2002-01-04,43.66666793823242,44.063331604003906,43.5,43.849998474121094,27.432315826416016,203100
2002-01-07,43.983333587646484,44.01333236694336,43.366668701171875,43.366668701171875,27.129941940307617,211500
2002-01-08,43.43333435058594,43.71666717529297,43.1966667175293,43.71666717529297,27.348901748657227,294300
2002-01-09,44.0,44.233333587646484,43.46666717529297,43.54999923706055,27.2446346282959,399300
2002-01-10,43.58333206176758,43.68333435058594,43.40666580200195,43.56666564941406,27.25507354736328,156600
2002-01-11,43.70000076293945,43.78333282470703,43.130001068115234,43.130001068115234,26.981874465942383,121500
2002-01-14,43.18333435058594,43.18333435058594,42.5,42.5,26.587770462036133,125400
2002-01-15,42.733333587646484,43.0,42.5,43.0,26.90056037902832,205800
2002-01-16,42.766666412353516,42.893333435058594,42.366668701171875,42.366668701171875,26.504344940185547,177900
2002-01-17,42.70000076293945,43.099998474121094,42.41666793823242,43.099998474121094,26.963115692138672,102300
2002-01-18,42.83333206176758,42.95000076293945,42.369998931884766,42.37333297729492,26.508522033691406,166500
2002-01-22,42.633331298828125,42.65999984741211,42.16666793823242,42.16666793823242,26.379226684570312,80400
2002-01-23,42.143333435058594,42.746665954589844,42.0,42.599998474121094,26.650312423706055,451500
2002-01-24,42.81666564941406,43.04666519165039,42.68333435058594,42.88666534423828,26.82965850830078,128100
2002-01-25,42.83333206176758,43.060001373291016,42.633331298828125,42.93333435058594,26.85885238647461,279900
2002-01-28,42.91666793823242,43.290000915527344,42.91666793823242,43.290000915527344,27.081981658935547,423900
2002-01-29,43.290000915527344,43.383331298828125,42.45333480834961,42.54999923706055,26.619054794311523,177600
2002-01-30,42.79999923706055,43.3466682434082,42.356666564941406,43.266666412353516,27.067386627197266,792600
2002-01-31,43.400001525878906,43.41666793823242,43.099998474121094,43.41666793823242,27.161218643188477,482700
2002-02-01,43.483333587646484,43.6966667175293,43.189998626708984,43.43333435058594,27.171642303466797,259200
2002-02-04,43.20000076293945,43.20000076293945,42.516666412353516,42.66666793823242,26.692028045654297,251400
2002-02-05,42.650001525878906,42.776668548583984,42.35333251953125,42.68333435058594,26.702457427978516,156600
2002-02-06,42.54999923706055,42.650001525878906,42.016666412353516,42.25,26.431360244750977,596100
2002-02-07,42.33333206176758,42.36000061035156,41.87666702270508,41.95000076293945,26.24367904663086,360300
2002-02-08,42.08333206176758,42.70000076293945,41.883331298828125,42.70000076293945,26.71287727355957,371700
2002-02-11,42.779998779296875,43.133331298828125,42.66666793823242,43.029998779296875,26.9193172454834,247800
2002-02-12,42.88999938964844,43.22999954223633,42.706668853759766,43.07666778564453,26.94852066040039,453300
2002-02-13,43.150001525878906,43.426666259765625,43.073333740234375,43.33333206176758,27.10906982421875,177000
2002-02-14,43.54999923706055,43.59333419799805,43.03333282470703,43.20000076293945,27.02568244934082,122700
2002-02-15,43.18333435058594,43.380001068115234,42.7400016784668,43.16666793823242,27.00481605529785,210000
2002-02-19,42.83333206176758,43.04666519165039,42.400001525878906,42.56666564941406,26.629472732543945,324000
2002-02-20,42.5,43.33000183105469,42.34000015258789,43.33000183105469,27.10700035095215,224400
2002-02-21,43.25,43.349998474121094,42.483333587646484,42.483333587646484,26.577329635620117,179100
2002-02-22,42.616668701171875,43.313331604003906,42.46666717529297,43.25666809082031,27.06113624572754,264300
2002-02-25,43.336666107177734,43.516666412353516,43.150001525878906,43.5,27.213356018066406,207900
2002-02-26,43.53333282470703,43.900001525878906,43.400001525878906,43.733333587646484,27.359323501586914,230400
2002-02-27,43.93333435058594,44.143333435058594,43.80666732788086,43.91999816894531,27.47611427307129,484800
2002-02-28,44.06666564941406,44.06666564941406,43.55666732788086,43.56666564941406,27.25507354736328,350100
2002-03-01,43.66666793823242,44.46666717529297,43.66666793823242,44.459999084472656,27.81393051147461,136500
2002-03-04,44.599998474121094,45.279998779296875,44.516666412353516,45.04999923706055,28.18303680419922,580500
2002-03-05,45.116668701171875,45.426666259765625,44.883331298828125,45.03333282470703,28.172605514526367,268500
2002-03-06,45.11333465576172,45.813331604003906,45.0,45.79666519165039,28.6501407623291,417600
2002-03-07,46.0,46.08333206176758,45.70000076293945,45.93333435058594,28.735639572143555,541200
2002-03-08,46.1966667175293,46.26333236694336,45.79999923706055,46.03333282470703,28.84047508239746,913200
2002-03-11,45.900001525878906,46.21666717529297,45.66666793823242,46.06666564941406,28.86134910583496,208800
2002-03-12,45.78333282470703,46.133331298828125,45.58333206176758,46.060001373291016,28.85719108581543,348000
2002-03-13,45.95000076293945,45.99333190917969,45.66666793823242,45.80666732788086,28.698457717895508,190500
2002-03-14,45.866668701171875,46.143333435058594,45.733333587646484,46.06666564941406,28.86134910583496,597300
2002-03-15,46.0,46.45000076293945,45.80666732788086,46.16666793823242,28.924007415771484,313800
2002-03-18,46.266666412353516,46.68333435058594,46.09000015258789,46.4033317565918,29.072280883789062,333900
2002-03-19,46.633331298828125,46.776668548583984,46.336666107177734,46.733333587646484,29.279041290283203,382500
2002-03-20,46.650001525878906,46.68000030517578,46.206668853759766,46.28333282470703,28.99711036682129,257100
2002-03-21,46.25,46.79999923706055,46.06999969482422,46.766666412353516,29.299922943115234,227100
2002-03-22,46.766666412353516,47.0,46.41999816894531,46.41999816894531,29.08272933959961,580800
2002-03-25,46.43333435058594,46.54999923706055,45.849998474121094,45.93333435058594,28.777830123901367,489600
2002-03-26,45.96666717529297,46.459999084472656,45.96666717529297,46.43333435058594,29.091079711914062,639900
2002-03-27,46.633331298828125,47.06666564941406,46.58333206176758,47.06666564941406,29.48786163330078,277500
2002-03-28,47.099998474121094,47.33333206176758,46.633331298828125,46.633331298828125,29.216371536254883,475500
2002-04-01,46.83333206176758,46.97999954223633,46.16999816894531,46.766666412353516,29.299922943115234,564300
2002-04-02,46.66666793823242,46.883331298828125,46.503334045410156,46.616668701171875,29.205944061279297,483600
2002-04-03,46.616668701171875,46.7599983215332,46.266666412353516,46.41666793823242,29.080638885498047,1037100
2002-04-04,46.18333435058594,46.67333221435547,46.150001525878906,46.53333282470703,29.15372085571289,291000
2002-04-05,46.616668701171875,46.983333587646484,46.616668701171875,46.66666793823242,29.237253189086914,1159200
2002-04-08,46.516666412353516,47.22999954223633,46.33000183105469,47.22999954223633,29.590198516845703,241800
2002-04-09,47.150001525878906,47.58000183105469,47.133331298828125,47.41666793823242,29.707149505615234,1047600
2002-04-10,47.46666717529297,48.25,47.46666717529297,48.25,30.229249954223633,957000
2002-04-11,48.16999816894531,48.29999923706055,47.599998474121094,47.599998474121094,29.821998596191406,1177500
2002-04-12,47.849998474121094,48.78333282470703,47.67333221435547,48.66666793823242,30.490285873413086,606600
2002-04-15,48.93333435058594,49.01333236694336,48.27000045776367,48.356666564941406,30.29607582092285,1004100
2002-04-16,48.66666793823242,49.266666412353516,48.599998474121094,49.16666793823242,30.803550720214844,539700
2002-04-17,49.366668701171875,49.366668701171875,48.77333450317383,48.866668701171875,30.615612030029297,713100
2002-04-18,48.866668701171875,48.96333312988281,48.27000045776367,48.68000030517578,30.498640060424805,317100
2002-04-19,48.79999923706055,48.866668701171875,48.52333450317383,48.633331298828125,30.469390869140625,187200
2002-04-22,48.366668701171875,48.46666717529297,48.0533332824707,48.150001525878906,30.166589736938477,608400
2002-04-23,48.133331298828125,48.31666564941406,48.0,48.25,30.229249954223633,394500
2002-04-24,48.31666564941406,48.633331298828125,47.81666564941406,47.88666534423828,30.001609802246094,592200
2002-04-25,47.733333587646484,48.28333282470703,47.54999923706055,48.28333282470703,30.250125885009766,351600
2002-04-26,48.20000076293945,48.313331604003906,47.53333282470703,47.53333282470703,29.780244827270508,207900
2002-04-29,47.75,47.779998779296875,47.45000076293945,47.55666732788086,29.79485511779785,628500
2002-04-30,47.849998474121094,48.58333206176758,47.81666564941406,48.5,30.38587760925293,935100
2002-05-01,48.633331298828125,48.883331298828125,48.0,48.766666412353516,30.55295181274414,412200
2002-05-02,48.766666412353516,49.349998474121094,48.76333236694336,49.33333206176758,30.907947540283203,909900
2002-05-03,49.233333587646484,49.36333465576172,48.849998474121094,49.133331298828125,30.782651901245117,793800
2002-05-06,49.133331298828125,49.33333206176758,48.33333206176758,48.41666793823242,30.333662033081055,747000
2002-05-07,48.54999923706055,48.599998474121094,48.119998931884766,48.133331298828125,30.156164169311523,551100
2002-05-08,48.66666793823242,48.900001525878906,48.366668701171875,48.900001525878906,30.63646697998047,402900
2002-05-09,48.70000076293945,48.83333206176758,48.06666564941406,48.06666564941406,30.114391326904297,275400
2002-05-10,48.06666564941406,48.08333206176758,47.233333587646484,47.233333587646484,29.592281341552734,440400
2002-05-13,47.33333206176758,47.883331298828125,47.25,47.82666778564453,29.964031219482422,1124400
2002-05-14,48.150001525878906,49.016666412353516,48.016666412353516,48.96666717529297,30.67823600769043,697200
2002-05-15,48.78333282470703,49.209999084472656,48.586666107177734,49.04999923706055,30.730464935302734,500700
2002-05-16,48.970001220703125,49.016666412353516,48.18333435058594,48.42333221435547,30.33785057067871,1073100
2002-05-17,48.5,48.599998474121094,48.016666412353516,48.59333419799805,30.444337844848633,3598200
2002-05-20,48.33333206176758,48.483333587646484,47.96666717529297,47.96666717529297,30.051719665527344,813900
2002-05-21,48.04666519165039,48.25,47.266666412353516,47.43000030517578,29.715505599975586,606600
2002-05-22,47.29999923706055,47.650001525878906,46.95000076293945,47.22999954223633,29.590198516845703,522600
2002-05-23,47.31666564941406,48.130001068115234,47.0,47.96666717529297,30.051719665527344,970500
2002-05-24,47.900001525878906,48.016666412353516,47.41666793823242,47.41666793823242,29.707149505615234,808200
2002-05-28,47.5,47.560001373291016,46.75666809082031,47.310001373291016,29.640329360961914,667500
2002-05-29,47.150001525878906,47.266666412353516,46.75,46.866668701171875,29.362558364868164,498000
2002-05-30,46.866668701171875,47.22666549682617,46.53333282470703,46.93333435058594,29.404333114624023,830700
2002-05-31,47.0,47.543331146240234,46.96666717529297,46.96666717529297,29.425216674804688,771300
2002-06-03,46.866668701171875,46.91666793823242,45.766666412353516,45.79999923706055,28.69428253173828,861300
2002-06-04,45.66666793823242,45.883331298828125,45.16666793823242,45.766666412353516,28.673410415649414,1339500
2002-06-05,45.83333206176758,46.04666519165039,45.58333206176758,45.900001525878906,28.756921768188477,643500
2002-06-06,45.95000076293945,45.95000076293945,45.03333282470703,45.03333282470703,28.21396827697754,343800
2002-06-07,44.79999923706055,45.86333465576172,44.75,45.71666717529297,28.642086029052734,726000
2002-06-10,45.63666534423828,46.0,45.41666793823242,45.43333435058594,28.46455955505371,534300
2002-06-11,45.83333206176758,45.913333892822266,45.003334045410156,45.116668701171875,28.266157150268555,661200
2002-06-12,45.0,45.28333282470703,44.650001525878906,45.25,28.34969711303711,373500
2002-06-13,45.08333206176758,45.33333206176758,44.46666717529297,44.5533332824707,27.913225173950195,267600
2002-06-14,44.08333206176758,44.6966667175293,43.5,44.616668701171875,28.096895217895508,479100
2002-06-17,44.81666564941406,45.78333282470703,44.81666564941406,45.78333282470703,28.831600189208984,723000
2002-06-18,45.599998474121094,46.116668701171875,45.46666717529297,45.83333206176758,28.86309814453125,210300
2002-06-19,45.516666412353516,46.15666580200195,45.0,45.03333282470703,28.359315872192383,1110900
2002-06-20,45.20000076293945,45.71666717529297,44.926666259765625,45.16666793823242,28.443269729614258,625500
2002-06-21,45.43333435058594,45.68333435058594,45.133331298828125,45.383331298828125,28.579710006713867,1765200
2002-06-24,45.33333206176758,45.68333435058594,44.71666717529297,45.18333435058594,28.453754425048828,2941200
2002-06-25,45.41666793823242,45.77333450317383,44.540000915527344,44.633331298828125,28.10740089416504,1341000
2002-06-26,44.0,44.93333435058594,43.75,44.83333206176758,28.233356475830078,1006200
2002-06-27,45.133331298828125,45.459999084472656,44.43333435058594,45.18333435058594,28.453754425048828,340500
2002-06-28,45.150001525878906,45.83000183105469,45.150001525878906,45.29999923706055,28.527236938476562,1249800
2002-07-01,45.383331298828125,45.43333435058594,44.400001525878906,44.5,28.023433685302734,483900
2002-07-02,44.599998474121094,44.599998474121094,43.106666564941406,43.106666564941406,27.14599609375,1081500
2002-07-03,42.83333206176758,43.18333435058594,42.10333251953125,42.599998474121094,26.826934814453125,1857900
2002-07-05,42.93333435058594,43.83000183105469,42.9033317565918,43.65999984741211,27.49445152282715,124500
2002-07-08,43.79999923706055,44.04666519165039,43.133331298828125,43.25,27.236265182495117,524700
2002-07-09,43.233333587646484,43.53333282470703,42.78333282470703,42.849998474121094,26.9843692779541,550200
2002-07-10,42.883331298828125,42.883331298828125,41.900001525878906,41.9033317565918,26.388229370117188,617100
2002-07-11,41.766666412353516,41.866668701171875,40.91666793823242,41.483333587646484,26.123727798461914,1701300
2002-07-12,41.70000076293945,41.996665954589844,40.866668701171875,41.0,25.81934928894043,371100
2002-07-15,40.66666793823242,40.766666412353516,39.349998474121094,40.69333267211914,25.62622833251953,1542600
2002-07-16,40.54999923706055,40.900001525878906,39.9033317565918,40.18333435058594,25.3050594329834,859200
2002-07-17,40.83333206176758,41.0,39.71666717529297,40.45000076293945,25.472993850708008,430200
2002-07-18,40.45000076293945,40.599998474121094,39.133331298828125,39.21666717529297,24.69631004333496,1672200
2002-07-19,38.900001525878906,39.11333465576172,38.003334045410156,38.27000045776367,24.100160598754883,784500
2002-07-22,38.16999816894531,38.66666793823242,37.06666564941406,37.470001220703125,23.596363067626953,1148700
2002-07-23,37.58333206176758,37.6966667175293,35.516666412353516,35.66666793823242,22.46073341369629,1188300
2002-07-24,34.5,37.400001525878906,34.5,37.33333206176758,23.510299682617188,1349400
2002-07-25,37.0,38.06666564941406,36.25,37.133331298828125,23.384355545043945,2524500
2002-07-26,37.46666717529297,37.95000076293945,37.133331298828125,37.95000076293945,23.898635864257812,1048500
2002-07-29,38.33333206176758,39.733333587646484,38.28333282470703,39.650001525878906,24.969196319580078,880800
2002-07-30,39.616668701171875,39.91666793823242,38.5,39.56666564941406,24.916715621948242,603900
2002-07-31,39.5,39.663333892822266,38.83333206176758,38.83333206176758,24.454906463623047,1317300
2002-08-01,38.766666412353516,39.016666412353516,38.400001525878906,38.56666564941406,24.28697395324707,665700
2002-08-02,38.616668701171875,38.616668701171875,37.349998474121094,37.383331298828125,23.541791915893555,1320000
2002-08-05,37.29999923706055,37.483333587646484,36.56666564941406,36.650001525878906,23.07997703552246,583200
2002-08-06,36.95000076293945,37.866668701171875,36.95000076293945,37.86000061035156,23.841955184936523,924900
2002-08-07,38.233333587646484,38.41666793823242,37.369998931884766,38.266666412353516,24.09806251525879,1026900
2002-08-08,38.16666793823242,38.883331298828125,37.91666793823242,38.83333206176758,24.454906463623047,495000
2002-08-09,38.59000015258789,38.956668853759766,38.33333206176758,38.78333282470703,24.42342758178711,309900
2002-08-12,38.28333282470703,38.79666519165039,38.0533332824707,38.650001525878906,24.339460372924805,147000
2002-08-13,38.400001525878906,38.75666809082031,37.599998474121094,37.599998474121094,23.678218841552734,275400
2002-08-14,37.766666412353516,38.71333312988281,37.20000076293945,38.65666580200195,24.343660354614258,520500
2002-08-15,38.883331298828125,38.93333435058594,38.366668701171875,38.75,24.402421951293945,462000
2002-08-16,38.616668701171875,39.31666564941406,38.383331298828125,39.16666793823242,24.66482162475586,639600
2002-08-19,39.233333587646484,39.66666793823242,39.10333251953125,39.5966682434082,24.93560218811035,299100
2002-08-20,39.516666412353516,39.516666412353516,39.099998474121094,39.16666793823242,24.66482162475586,962100
2002-08-21,39.246665954589844,40.08333206176758,39.233333587646484,40.06666564941406,25.231586456298828,437100
2002-08-22,40.0,40.46666717529297,39.836666107177734,40.27333450317383,25.361722946166992,254100
2002-08-23,40.086666107177734,40.246665954589844,39.31666564941406,39.31666564941406,24.759281158447266,449700
2002-08-26,39.54999923706055,40.366668701171875,39.20000076293945,40.36333465576172,25.41840171813965,651000
2002-08-27,40.36333465576172,40.46666717529297,39.41999816894531,39.41999816894531,24.824359893798828,1686600
2002-08-28,39.20000076293945,39.43333435058594,38.79999923706055,38.866668701171875,24.47590446472168,545400
2002-08-29,38.516666412353516,39.313331604003906,38.5,38.983333587646484,24.54937744140625,357900
2002-08-30,38.983333587646484,39.3466682434082,38.85333251953125,38.866668701171875,24.47590446472168,225600
2002-09-03,38.5,38.54666519165039,37.676666259765625,37.733333587646484,23.762189865112305,958500
2002-09-04,37.900001525878906,38.75,37.766666412353516,38.75,24.402421951293945,323700
2002-09-05,38.5,38.56666564941406,37.95333480834961,37.983333587646484,23.919635772705078,489300
2002-09-06,38.266666412353516,38.96666717529297,38.266666412353516,38.83333206176758,24.454906463623047,323400
2002-09-09,38.83333206176758,39.16666793823242,38.33333206176758,38.91666793823242,24.507394790649414,220200
2002-09-10,39.0,39.16666793823242,38.35333251953125,38.96333312988281,24.536773681640625,898800
2002-09-11,39.58333206176758,39.58333206176758,38.79999923706055,38.79999923706055,24.43391990661621,225900
2002-09-12,38.66666793823242,38.866668701171875,38.233333587646484,38.31666564941406,24.12953758239746,517500
2002-09-13,38.099998474121094,38.630001068115234,37.93333435058594,38.56666564941406,24.393293380737305,360900
2002-09-16,38.56666564941406,38.56666564941406,38.06666564941406,38.150001525878906,24.12976837158203,410100
2002-09-17,38.5,38.5,37.366668701171875,37.400001525878906,23.655378341674805,519000
2002-09-18,37.20000076293945,37.650001525878906,36.849998474121094,37.33333206176758,23.613216400146484,278700
2002-09-19,36.83333206176758,37.133331298828125,36.133331298828125,36.17333221435547,22.879539489746094,372000
2002-09-20,36.41666793823242,36.633331298828125,36.16999816894531,36.369998931884766,23.003904342651367,533700
2002-09-23,36.18333435058594,36.33333206176758,35.266666412353516,35.516666412353516,22.46417808532715,321300
2002-09-24,35.223331451416016,35.633331298828125,35.116668701171875,35.16999816894531,22.24491310119629,686400
2002-09-25,35.5,36.08333206176758,35.18333435058594,35.96666717529297,22.74880599975586,2178000
2002-09-26,36.116668701171875,36.76333236694336,36.116668701171875,36.76333236694336,23.252696990966797,1246500
2002-09-27,36.5,36.81666564941406,35.723331451416016,35.723331451416016,22.594890594482422,510900
2002-09-30,35.38999938964844,36.0,35.06666564941406,35.633331298828125,22.5379695892334,1425600
2002-10-01,35.96666717529297,36.56666564941406,35.253334045410156,36.56666564941406,23.128299713134766,578100
2002-10-02,36.44333267211914,36.599998474121094,35.66666793823242,35.75,22.611770629882812,699600
2002-10-03,35.75,36.25,35.400001525878906,35.400001525878906,22.390392303466797,237000
2002-10-04,35.616668701171875,35.616668701171875,34.35333251953125,34.41999816894531,21.77054786682129,362100
2002-10-07,34.54999923706055,34.56666564941406,33.45000076293945,33.63666534423828,21.27509117126465,1399800
2002-10-08,33.96666717529297,33.983333587646484,33.06999969482422,33.983333587646484,21.49435043334961,649800
2002-10-09,33.483333587646484,33.49333190917969,32.220001220703125,32.220001220703125,20.37904930114746,636600
2002-10-10,32.233333587646484,33.150001525878906,32.04999923706055,33.07666778564453,20.9208984375,1290000
2002-10-11,33.383331298828125,34.21666717529297,33.383331298828125,33.866668701171875,21.420564651489258,1286400
2002-10-14,33.83333206176758,34.063331604003906,33.66999816894531,33.97999954223633,21.49224281311035,880800
2002-10-15,34.66666793823242,35.266666412353516,34.53666687011719,35.21666717529297,22.274444580078125,798600
2002-10-16,35.016666412353516,35.06666564941406,34.23666763305664,34.483333587646484,21.810606002807617,605400
2002-10-17,35.16666793823242,35.25666809082031,34.88666534423828,35.25666809082031,22.29972267150879,1201500
2002-10-18,35.266666412353516,35.5099983215332,35.063331604003906,35.33333206176758,22.348224639892578,1151100
2002-10-21,35.400001525878906,35.83333206176758,35.063331604003906,35.81666564941406,22.653928756713867,305400
2002-10-22,35.400001525878906,35.663333892822266,35.1533317565918,35.27000045776367,22.30816650390625,657900
2002-10-23,35.21666717529297,35.900001525878906,34.93333435058594,35.79999923706055,22.643381118774414,561000
2002-10-24,36.0,36.0966682434082,35.503334045410156,35.633331298828125,22.5379695892334,807900
2002-10-25,35.46666717529297,36.33333206176758,35.46666717529297,36.33333206176758,22.980722427368164,547200
2002-10-28,36.54999923706055,36.5966682434082,35.79999923706055,35.939998626708984,22.7319393157959,1551300
2002-10-29,35.83333206176758,36.08000183105469,35.29999923706055,36.08000183105469,22.82048225402832,967800
2002-10-30,36.116668701171875,36.383331298828125,35.883331298828125,36.33333206176758,22.980722427368164,1079400
2002-10-31,36.516666412353516,36.633331298828125,36.20333480834961,36.35333251953125,22.99336814880371,2055300
2002-11-01,36.16666793823242,37.30666732788086,36.16666793823242,37.30666732788086,23.596349716186523,1106100
2002-11-04,37.650001525878906,37.93333435058594,37.33333206176758,37.43000030517578,23.674365997314453,681000
2002-11-05,37.349998474121094,37.61000061035156,37.206668853759766,37.51333236694336,23.72705841064453,450900
2002-11-06,37.68333435058594,38.16666793823242,37.45333480834961,38.099998474121094,24.098129272460938,674100
2002-11-07,37.733333587646484,37.733333587646484,37.16666793823242,37.279998779296875,23.57948875427246,1387500
2002-11-08,37.266666412353516,37.4466667175293,36.650001525878906,36.80666732788086,23.280099868774414,564900
2002-11-11,36.68333435058594,36.68333435058594,35.9033317565918,35.9900016784668,22.763572692871094,498600
2002-11-12,36.06999969482422,36.83000183105469,36.06666564941406,36.5,23.086135864257812,504300
2002-11-13,36.266666412353516,36.93333435058594,36.0,36.68000030517578,23.199987411499023,836400
2002-11-14,36.91666793823242,37.400001525878906,36.856666564941406,37.29999923706055,23.59212875366211,900600
2002-11-15,37.20000076293945,37.66666793823242,37.16666793823242,37.5,23.7186336517334,183000
2002-11-18,37.75,37.75,36.900001525878906,37.0,23.402374267578125,462300
2002-11-19,36.83333206176758,37.233333587646484,36.68333435058594,36.83333206176758,23.29695701599121,228300
2002-11-20,36.83333206176758,37.83000183105469,36.75,37.83000183105469,23.927350997924805,501300
2002-11-21,37.96666717529297,38.45000076293945,37.810001373291016,38.4466667175293,24.31740379333496,1224300
2002-11-22,38.21666717529297,38.79999923706055,38.14666748046875,38.630001068115234,24.433359146118164,340800
2002-11-25,38.630001068115234,39.01333236694336,38.4033317565918,38.836666107177734,24.564067840576172,378300
2002-11-26,38.836666107177734,38.9466667175293,38.186668395996094,38.54999923706055,24.382766723632812,666000
2002-11-27,38.83333206176758,39.676666259765625,38.79999923706055,39.676666259765625,25.09537124633789,762900
2002-11-29,39.733333587646484,39.779998779296875,39.116668701171875,39.14666748046875,24.760149002075195,156000
2002-12-02,39.616668701171875,39.9466667175293,39.116668701171875,39.43333435058594,24.941455841064453,945600
2002-12-03,39.33333206176758,39.33333206176758,38.849998474121094,38.95000076293945,24.63574981689453,500700
2002-12-04,38.53333282470703,39.0,38.266666412353516,38.5966682434082,24.412260055541992,213000
2002-12-05,38.75,38.75,38.20333480834961,38.31666564941406,24.235170364379883,287100
2002-12-06,37.91666793823242,38.71666717529297,37.883331298828125,38.46666717529297,24.330049514770508,444000
2002-12-09,38.33333206176758,38.380001068115234,37.58333206176758,37.71333312988281,23.85356903076172,227700
2002-12-10,37.883331298828125,38.496665954589844,37.73666763305664,38.439998626708984,24.313173294067383,309900
2002-12-11,38.150001525878906,38.616668701171875,38.150001525878906,38.366668701171875,24.266788482666016,410400
2002-12-12,38.383331298828125,38.72999954223633,38.35333251953125,38.573333740234375,24.397520065307617,826500
2002-12-13,38.16666793823242,38.233333587646484,37.599998474121094,37.75,24.027084350585938,684300
2002-12-16,37.66666793823242,38.33333206176758,37.66666793823242,38.33333206176758,24.398353576660156,286200
2002-12-17,38.29999923706055,38.366668701171875,37.866668701171875,38.08333206176758,24.239242553710938,370200
2002-12-18,37.983333587646484,37.983333587646484,37.23666763305664,37.29999923706055,23.740665435791016,915900
2002-12-19,37.53333282470703,37.75,37.23666763305664,37.46666717529297,23.84674644470215,1789200
2002-12-20,37.66666793823242,37.779998779296875,37.529998779296875,37.71333312988281,24.00374984741211,631800
2002-12-23,37.54999923706055,38.08333206176758,37.5,37.95000076293945,24.154373168945312,308400
2002-12-24,37.733333587646484,38.01333236694336,37.733333587646484,37.78333282470703,24.04830551147461,442500
2002-12-26,37.83333206176758,38.25,37.66666793823242,37.849998474121094,24.090728759765625,529200
2002-12-27,37.66666793823242,37.79999923706055,37.349998474121094,37.36000061035156,23.778852462768555,773400
2002-12-30,37.400001525878906,37.45000076293945,36.88666534423828,37.29999923706055,23.740665435791016,460800
2002-12-31,37.33333206176758,37.883331298828125,37.03666687011719,37.16666793823242,23.655799865722656,1760700
2003-01-02,37.5,38.26333236694336,37.28333282470703,38.26333236694336,24.353809356689453,1071900
2003-01-03,38.18333435058594,38.18333435058594,37.836666107177734,38.08333206176758,24.239242553710938,323700
2003-01-06,38.003334045410156,38.71666717529297,38.003334045410156,38.496665954589844,24.502309799194336,1029300
2003-01-07,38.46666717529297,38.560001373291016,37.866668701171875,38.20000076293945,24.313495635986328,396600
2003-01-08,38.0,38.03333282470703,37.70000076293945,37.849998474121094,24.090728759765625,376800
2003-01-09,37.96666717529297,38.47999954223633,37.96666717529297,38.266666412353516,24.355926513671875,867300
2003-01-10,38.16666793823242,38.4900016784668,38.016666412353516,38.336666107177734,24.40048599243164,451200
2003-01-13,38.56666564941406,38.599998474121094,38.003334045410156,38.313331604003906,24.385622024536133,605100
2003-01-14,38.33333206176758,38.650001525878906,38.20000076293945,38.56999969482422,24.548986434936523,947100
2003-01-15,38.5,38.599998474121094,38.10333251953125,38.366668701171875,24.419570922851562,626100
2003-01-16,38.41666793823242,38.650001525878906,38.13666534423828,38.313331604003906,24.385622024536133,1083000
2003-01-17,38.05666732788086,38.18333435058594,37.483333587646484,37.663333892822266,23.971920013427734,265800
2003-01-21,37.70000076293945,37.70000076293945,37.099998474121094,37.22999954223633,23.696123123168945,478200
2003-01-22,37.06666564941406,37.26333236694336,36.66666793823242,36.883331298828125,23.475460052490234,393600
2003-01-23,37.016666412353516,37.33333206176758,36.849998474121094,37.133331298828125,23.634592056274414,1433700
2003-01-24,37.0,37.003334045410156,36.4033317565918,36.4900016784668,23.22511100769043,393000
2003-01-27,36.20000076293945,36.44333267211914,35.78666687011719,35.883331298828125,22.838985443115234,253800
2003-01-28,36.03333282470703,36.400001525878906,35.599998474121094,36.21666717529297,23.051143646240234,991800
2003-01-29,36.016666412353516,36.56666564941406,35.633331298828125,36.43333435058594,23.18903923034668,351900
2003-01-30,36.383331298828125,36.56666564941406,35.650001525878906,35.8033332824707,22.788068771362305,601800
2003-01-31,35.633331298828125,36.33000183105469,35.633331298828125,36.23666763305664,23.06387710571289,172800
2003-02-03,36.23666763305664,36.51333236694336,35.9900016784668,36.02000045776367,22.925962448120117,845700
2003-02-04,35.96666717529297,36.03666687011719,35.470001220703125,36.03666687011719,22.936588287353516,646800
2003-02-05,36.116668701171875,36.29666519165039,35.650001525878906,35.8466682434082,22.815650939941406,340800
2003-02-06,35.71666717529297,35.883331298828125,35.41999816894531,35.650001525878906,22.69047737121582,166500
2003-02-07,35.71666717529297,35.81666564941406,34.9033317565918,34.9033317565918,22.215229034423828,294900
2003-02-10,34.983333587646484,35.41666793823242,34.83333206176758,35.27000045776367,22.44861602783203,2126400
2003-02-11,35.33333206176758,35.47999954223633,34.836666107177734,35.06999969482422,22.32131576538086,397200
2003-02-12,35.03333282470703,35.22999954223633,34.66999816894531,34.70333480834961,22.08794593811035,138000
2003-02-13,34.62333297729492,34.72666549682617,34.28333282470703,34.66666793823242,22.064603805541992,209700
2003-02-14,34.586666107177734,35.063331604003906,34.543331146240234,34.96666717529297,22.25555419921875,357900
2003-02-18,35.02000045776367,35.58333206176758,35.02000045776367,35.58333206176758,22.64804458618164,115200
2003-02-19,35.33333206176758,35.496665954589844,34.836666107177734,35.05666732788086,22.312828063964844,181500
2003-02-20,35.03333282470703,35.03666687011719,34.8033332824707,35.00666809082031,22.28101348876953,142800
2003-02-21,34.849998474121094,35.58333206176758,34.720001220703125,35.413333892822266,22.539844512939453,244500
2003-02-24,35.31666564941406,35.31666564941406,34.75,34.79999923706055,22.149465560913086,285600
2003-02-25,34.6966667175293,35.25,34.42333221435547,35.25,22.43588638305664,432600
2003-02-26,35.12666702270508,35.12666702270508,34.676666259765625,34.8033332824707,22.151596069335938,75600
2003-02-27,35.06666564941406,35.349998474121094,34.849998474121094,35.073333740234375,22.32343292236328,175500
2003-02-28,35.16666793823242,35.456668853759766,34.95333480834961,35.133331298828125,22.36162757873535,492600
2003-03-03,35.18333435058594,35.44333267211914,34.71666717529297,35.0,22.276762008666992,753600
2003-03-04,34.996665954589844,34.996665954589844,34.58000183105469,34.70000076293945,22.08582305908203,208500
2003-03-05,34.619998931884766,34.83333206176758,34.503334045410156,34.6533317565918,22.056116104125977,244800
2003-03-06,34.58333206176758,34.72666549682617,34.349998474121094,34.43333435058594,21.91609001159668,109200
2003-03-07,34.03333282470703,34.633331298828125,34.0,34.529998779296875,22.050617218017578,427200
2003-03-10,34.3033332824707,34.3033332824707,33.733333587646484,33.900001525878906,21.648313522338867,258300
2003-03-11,33.79999923706055,34.18000030517578,33.58333206176758,33.633331298828125,21.478015899658203,254700
2003-03-12,33.71333312988281,33.779998779296875,33.383331298828125,33.72999954223633,21.53974723815918,378300
2003-03-13,33.849998474121094,34.5,33.81666564941406,34.5,22.031465530395508,204000
2003-03-14,34.650001525878906,34.733333587646484,34.30666732788086,34.496665954589844,22.029335021972656,63600
2003-03-17,34.233333587646484,35.33333206176758,34.223331451416016,35.33333206176758,22.563627243041992,513900
2003-03-18,35.45000076293945,35.56666564941406,35.06666564941406,35.5,22.670053482055664,376200
2003-03-19,35.53333282470703,35.68000030517578,35.33333206176758,35.66666793823242,22.7764835357666,169800
2003-03-20,35.616668701171875,36.003334045410156,35.003334045410156,35.75666809082031,22.833961486816406,300900
2003-03-21,36.099998474121094,36.496665954589844,35.836666107177734,36.43000030517578,23.263952255249023,415800
2003-03-24,35.93333435058594,35.959999084472656,35.45333480834961,35.58333206176758,22.723278045654297,243600
2003-03-25,35.5,36.08333206176758,35.5,35.95000076293945,22.95742416381836,152400
2003-03-26,35.869998931884766,35.95000076293945,35.35333251953125,35.45333480834961,22.6402587890625,296700
2003-03-27,35.483333587646484,35.74333190917969,35.21666717529297,35.68333435058594,22.787134170532227,267900
2003-03-28,35.650001525878906,35.82666778564453,35.483333587646484,35.66666793823242,22.7764835357666,585900
2003-03-31,35.43333435058594,35.68333435058594,35.00666809082031,35.33333206176758,22.563627243041992,486300
2003-04-01,35.33333206176758,35.766666412353516,35.16666793823242,35.766666412353516,22.840356826782227,518100
2003-04-02,36.04999923706055,36.5,35.956668853759766,36.29999923706055,23.180940628051758,174000
2003-04-03,36.526668548583984,36.529998779296875,36.25,36.25,23.149005889892578,225900
2003-04-04,36.33333206176758,36.529998779296875,36.16999816894531,36.189998626708984,23.11069107055664,166200
2003-04-07,36.766666412353516,37.163333892822266,36.33333206176758,36.41999816894531,23.2575626373291,156000
2003-04-08,36.52000045776367,36.56666564941406,36.223331451416016,36.33333206176758,23.202219009399414,140400
2003-04-09,36.483333587646484,36.76333236694336,35.98666763305664,36.21666717529297,23.127723693847656,460500
2003-04-10,36.31666564941406,36.43000030517578,36.099998474121094,36.21666717529297,23.127723693847656,466200
2003-04-11,36.46666717529297,36.61333465576172,36.03333282470703,36.03333282470703,23.01064109802246,519600
2003-04-14,36.176666259765625,36.7599983215332,36.176666259765625,36.650001525878906,23.404430389404297,207000
2003-04-15,36.616668701171875,36.900001525878906,36.560001373291016,36.83333206176758,23.52151870727539,167700
2003-04-16,37.063331604003906,37.06666564941406,36.66999816894531,36.66999816894531,23.41720962524414,148800
2003-04-17,36.880001068115234,37.33333206176758,36.78666687011719,37.16666793823242,23.7343807220459,215700
2003-04-21,37.366668701171875,37.46333312988281,37.12333297729492,37.40999984741211,23.88977813720703,366600
2003-04-22,37.18333435058594,38.06999969482422,37.18333435058594,37.9466667175293,24.232481002807617,232800
2003-04-23,38.08333206176758,38.33333206176758,37.9033317565918,38.28666687011719,24.449604034423828,219300
2003-04-24,38.150001525878906,38.380001068115234,37.91999816894531,38.08333206176758,24.319765090942383,419700
2003-04-25,38.073333740234375,38.073333740234375,37.6533317565918,37.733333587646484,24.09624671936035,96000
2003-04-28,37.849998474121094,38.483333587646484,37.733333587646484,38.36333465576172,24.498563766479492,135900
2003-04-29,38.42333221435547,38.66999816894531,38.33333206176758,38.436668395996094,24.545398712158203,331800
2003-04-30,38.28333282470703,38.81666564941406,38.20000076293945,38.61333465576172,24.6582088470459,242700
2003-05-01,38.69333267211914,38.746665954589844,38.116668701171875,38.56999969482422,24.630542755126953,493200
2003-05-02,38.58333206176758,39.413333892822266,38.58333206176758,39.34333419799805,25.1243839263916,328500
2003-05-05,39.516666412353516,39.65999984741211,39.366668701171875,39.61333465576172,25.296815872192383,137400
2003-05-06,39.5533332824707,39.97999954223633,39.54666519165039,39.87666702270508,25.464967727661133,286800
2003-05-07,39.93333435058594,39.983333587646484,39.66999816894531,39.75,25.38407325744629,115500
2003-05-08,39.650001525878906,39.71666717529297,39.29999923706055,39.46666717529297,25.203144073486328,420000
2003-05-09,39.53333282470703,40.00666809082031,39.53333282470703,39.97666549682617,25.528825759887695,175200
2003-05-12,40.05666732788086,40.516666412353516,39.936668395996094,40.4466667175293,25.828956604003906,412200
2003-05-13,40.483333587646484,40.73666763305664,40.186668395996094,40.59333419799805,25.922630310058594,256500
2003-05-14,40.75,40.793331146240234,40.46666717529297,40.61000061035156,25.933269500732422,203700
2003-05-15,40.79999923706055,40.849998474121094,40.5,40.8033332824707,26.056732177734375,402300
2003-05-16,40.77333450317383,40.810001373291016,40.33333206176758,40.33333206176758,25.756589889526367,294000
2003-05-19,40.25,40.33333206176758,39.58333206176758,39.68333435058594,25.341506958007812,559800
2003-05-20,39.633331298828125,39.92333221435547,39.380001068115234,39.66666793823242,25.330860137939453,493800
2003-05-21,39.599998474121094,39.880001068115234,39.496665954589844,39.866668701171875,25.458587646484375,317700
2003-05-22,39.93333435058594,40.27333450317383,39.83000183105469,40.133331298828125,25.628862380981445,566100
2003-05-23,40.21333312988281,40.599998474121094,40.03333282470703,40.540000915527344,25.888572692871094,292500
2003-05-27,40.58333206176758,41.383331298828125,40.5,41.266666412353516,26.352603912353516,267900
2003-05-28,41.58333206176758,41.67333221435547,41.383331298828125,41.633331298828125,26.586750030517578,246000
2003-05-29,41.79999923706055,42.063331604003906,41.4033317565918,41.70000076293945,26.629331588745117,389700
2003-05-30,42.116668701171875,42.53666687011719,42.086666107177734,42.53666687011719,27.16362762451172,796500
2003-06-02,42.849998474121094,43.21333312988281,42.706668853759766,42.83333206176758,27.35308074951172,458400
2003-06-03,42.766666412353516,43.0,42.66666793823242,42.91666793823242,27.406291961669922,285900
2003-06-04,43.08333206176758,43.79999923706055,43.08333206176758,43.66666793823242,27.885238647460938,249300
2003-06-05,43.56666564941406,44.099998474121094,43.28333282470703,44.0,28.098100662231445,332400
2003-06-06,44.33333206176758,44.93000030517578,43.883331298828125,43.900001525878906,28.034225463867188,414000
2003-06-09,43.650001525878906,43.66999816894531,42.9033317565918,42.9033317565918,27.39777183532715,254700
2003-06-10,43.116668701171875,43.68000030517578,43.116668701171875,43.68000030517578,27.893754959106445,204300
2003-06-11,43.43333435058594,44.163333892822266,43.41666793823242,44.150001525878906,28.193897247314453,259800
2003-06-12,44.29999923706055,44.41666793823242,44.0,44.26333236694336,28.266271591186523,259800
2003-06-13,44.060001373291016,44.21666717529297,43.336666107177734,43.43333435058594,27.81414222717285,549900
2003-06-16,43.46666717529297,44.22999954223633,43.46666717529297,44.1966667175293,28.302982330322266,475800
2003-06-17,44.33333206176758,44.33333206176758,43.866668701171875,44.223331451416016,28.32005500793457,235500
2003-06-18,44.116668701171875,44.21333312988281,43.883331298828125,44.04999923706055,28.209062576293945,226500
2003-06-19,44.130001068115234,44.29999923706055,43.33333206176758,43.33333206176758,27.750110626220703,338700
2003-06-20,43.5,43.5,43.13999938964844,43.13999938964844,27.626304626464844,141300
2003-06-23,43.20000076293945,43.20000076293945,42.336666107177734,42.46666717529297,27.195110321044922,428700
2003-06-24,42.5,42.766666412353516,42.189998626708984,42.540000915527344,27.24207305908203,717000
2003-06-25,42.58333206176758,43.063331604003906,42.503334045410156,42.599998474121094,27.280498504638672,258300
2003-06-26,42.866668701171875,43.349998474121094,42.77000045776367,43.349998474121094,27.76078987121582,374400
2003-06-27,43.383331298828125,43.77000045776367,42.983333587646484,43.189998626708984,27.658327102661133,444600
2003-06-30,43.34000015258789,43.526668548583984,42.78333282470703,42.866668701171875,27.45125961303711,383400
2003-07-01,42.866668701171875,43.43333435058594,42.45000076293945,43.366668701171875,27.771461486816406,774000
2003-07-02,43.5,44.16666793823242,43.383331298828125,44.150001525878906,28.273101806640625,1742100
2003-07-03,44.150001525878906,44.18333435058594,43.88666534423828,44.04999923706055,28.209062576293945,822600
2003-07-07,44.29999923706055,44.68000030517578,44.29999923706055,44.59333419799805,28.557004928588867,817800
2003-07-08,44.67333221435547,45.349998474121094,44.526668548583984,45.26333236694336,28.986059188842773,315900
2003-07-09,45.233333587646484,45.51333236694336,44.900001525878906,45.4033317565918,29.075700759887695,157200
2003-07-10,45.366668701171875,45.366668701171875,44.540000915527344,44.663333892822266,28.601821899414062,210600
2003-07-11,44.849998474121094,45.29666519165039,44.849998474121094,45.266666412353516,28.98819923400879,211800
2003-07-14,45.53333282470703,45.79666519165039,45.29999923706055,45.43333435058594,29.094928741455078,212700
2003-07-15,45.66666793823242,45.66666793823242,45.06666564941406,45.33333206176758,29.0308895111084,276600
2003-07-16,45.366668701171875,45.46666717529297,44.93333435058594,45.16666793823242,28.924156188964844,120900
2003-07-17,44.95000076293945,45.163333892822266,44.0099983215332,44.016666412353516,28.18770408630371,387000
2003-07-18,44.20000076293945,44.51333236694336,43.96666717529297,44.400001525878906,28.433185577392578,239400
2003-07-21,44.383331298828125,44.383331298828125,43.56999969482422,43.849998474121094,28.080974578857422,139500
2003-07-22,43.900001525878906,44.31666564941406,43.66999816894531,44.233333587646484,28.32645606994629,553500
2003-07-23,44.400001525878906,44.46333312988281,43.83333206176758,44.400001525878906,28.433185577392578,282000
2003-07-24,44.643333435058594,44.956668853759766,44.28666687011719,44.3033332824707,28.371280670166016,152100
2003-07-25,44.366668701171875,44.746665954589844,44.08333206176758,44.573333740234375,28.544174194335938,156000
2003-07-28,44.6533317565918,45.133331298828125,44.6533317565918,45.03333282470703,28.838769912719727,215400
2003-07-29,45.06666564941406,45.313331604003906,44.606666564941406,45.03666687011719,28.84090232849121,64800
2003-07-30,45.08333206176758,45.20000076293945,44.720001220703125,44.95000076293945,28.785400390625,141600
2003-07-31,45.08333206176758,45.61333465576172,45.0,45.099998474121094,28.881460189819336,1137000
2003-08-01,45.20000076293945,45.233333587646484,44.383331298828125,44.400001525878906,28.433185577392578,350700
2003-08-04,44.47999954223633,44.56666564941406,43.753334045410156,44.150001525878906,28.273101806640625,374100
2003-08-05,44.16666793823242,44.20000076293945,43.400001525878906,43.400001525878906,27.792800903320312,530700
2003-08-06,43.51333236694336,43.90666580200195,43.25,43.366668701171875,27.771461486816406,635100
2003-08-07,43.4466667175293,43.529998779296875,43.016666412353516,43.5099983215332,27.863224029541016,185400
2003-08-08,43.56666564941406,43.72666549682617,43.383331298828125,43.53333282470703,27.878202438354492,398700
2003-08-11,43.650001525878906,44.026668548583984,43.54999923706055,44.0,28.17703628540039,390000
2003-08-12,44.06666564941406,44.733333587646484,43.91999816894531,44.733333587646484,28.64664649963379,98700
2003-08-13,44.75,44.766666412353516,44.42333221435547,44.586666107177734,28.55272674560547,237300
2003-08-14,44.71666717529297,44.93333435058594,44.470001220703125,44.87666702270508,28.73845100402832,108900
2003-08-15,44.75,45.23666763305664,44.75,45.150001525878906,28.91348648071289,96600
2003-08-18,45.20000076293945,45.81666564941406,45.150001525878906,45.81666564941406,29.34041976928711,288900
2003-08-19,45.91666793823242,46.58333206176758,45.766666412353516,46.58333206176758,29.831377029418945,682500
2003-08-20,46.33333206176758,46.66666793823242,46.119998931884766,46.5099983215332,29.784414291381836,216000
2003-08-21,46.733333587646484,47.07666778564453,46.66666793823242,46.88666534423828,30.025619506835938,429300
2003-08-22,47.233333587646484,47.233333587646484,46.0533332824707,46.0533332824707,29.491962432861328,456300
2003-08-25,46.133331298828125,46.133331298828125,45.70000076293945,46.09333419799805,29.51759147644043,481200
2003-08-26,45.96666717529297,46.33333206176758,45.35333251953125,46.18333435058594,29.575210571289062,479700
2003-08-27,46.349998474121094,46.87666702270508,46.1533317565918,46.54999923706055,29.810007095336914,492600
2003-08-28,46.70000076293945,46.96666717529297,46.17333221435547,46.77000045776367,29.950923919677734,825900
2003-08-29,46.849998474121094,47.266666412353516,46.793331146240234,46.883331298828125,30.023469924926758,209100
2003-09-02,47.18333435058594,48.03333282470703,46.92333221435547,47.939998626708984,30.70016860961914,433800
2003-09-03,48.08333206176758,48.349998474121094,47.883331298828125,48.22666549682617,30.883724212646484,969900
2003-09-04,48.30666732788086,48.393333435058594,47.9900016784668,48.279998779296875,30.917888641357422,689100
2003-09-05,48.233333587646484,48.50666809082031,47.77333450317383,47.866668701171875,30.6532039642334,634200
2003-09-08,48.08333206176758,48.663333892822266,47.95333480834961,48.56666564941406,31.101451873779297,751800
2003-09-09,48.56666564941406,48.56666564941406,48.00666809082031,48.08333206176758,30.791940689086914,260400
2003-09-10,47.883331298828125,47.883331298828125,47.18333435058594,47.20000076293945,30.226272583007812,293100
2003-09-11,47.133331298828125,47.89666748046875,47.133331298828125,47.766666412353516,30.58916664123535,507000
2003-09-12,47.54999923706055,47.939998626708984,47.18000030517578,47.87666702270508,30.762428283691406,312600
2003-09-15,47.91666793823242,48.10333251953125,47.59000015258789,47.66666793823242,30.62748908996582,287700
2003-09-16,47.81666564941406,48.349998474121094,47.81666564941406,48.29999923706055,31.034440994262695,211800
2003-09-17,48.03333282470703,48.34000015258789,47.8033332824707,48.16999816894531,30.95090675354004,210900
2003-09-18,48.21666717529297,48.58333206176758,47.96666717529297,48.58333206176758,31.21648406982422,187800
2003-09-19,48.503334045410156,48.79999923706055,48.40666580200195,48.61000061035156,31.233644485473633,153600
2003-09-22,48.099998474121094,48.46666717529297,47.91666793823242,48.116668701171875,30.916637420654297,427200
2003-09-23,48.116668701171875,48.68000030517578,48.09000015258789,48.5966682434082,31.225065231323242,192000
2003-09-24,48.616668701171875,48.75,47.733333587646484,47.779998779296875,30.7003173828125,392700
2003-09-25,47.96666717529297,47.96666717529297,46.606666564941406,46.606666564941406,29.946407318115234,445500
2003-09-26,46.650001525878906,46.733333587646484,46.03333282470703,46.03333282470703,29.578020095825195,773400
2003-09-29,46.16666793823242,46.733333587646484,45.66999816894531,46.733333587646484,30.02779769897461,2100900
2003-09-30,46.66666793823242,46.71333312988281,45.66999816894531,46.186668395996094,29.67655372619629,684600
2003-10-01,46.349998474121094,47.70000076293945,46.349998474121094,47.56666564941406,30.563234329223633,1278900
2003-10-02,47.66666793823242,48.06666564941406,47.586666107177734,47.866668701171875,30.756013870239258,333300
2003-10-03,48.25,48.71666717529297,48.25,48.5,31.16294288635254,514800
2003-10-06,48.66666793823242,49.03333282470703,48.400001525878906,49.03333282470703,31.505626678466797,350400
2003-10-07,48.883331298828125,49.31666564941406,48.599998474121094,49.31666564941406,31.68769073486328,401100
2003-10-08,49.16666793823242,49.310001373291016,48.66666793823242,48.81666564941406,31.366426467895508,681000
2003-10-09,49.233333587646484,49.913333892822266,48.91999816894531,49.116668701171875,31.559162139892578,613800
2003-10-10,49.43333435058594,49.483333587646484,48.77000045776367,49.20000076293945,31.612733840942383,419100
2003-10-13,49.400001525878906,50.1533317565918,49.400001525878906,49.90999984741211,32.06891632080078,489300
2003-10-14,49.883331298828125,50.366668701171875,49.766666412353516,50.366668701171875,32.36235809326172,297900
2003-10-15,50.516666412353516,50.54666519165039,49.75666809082031,49.95000076293945,32.09461975097656,747900
2003-10-16,49.866668701171875,50.3466682434082,49.81666564941406,50.22999954223633,32.274532318115234,244200
2003-10-17,50.25,50.349998474121094,49.33333206176758,49.33333206176758,31.698389053344727,1441200
2003-10-20,49.54999923706055,49.78333282470703,49.366668701171875,49.61000061035156,31.876142501831055,182700
2003-10-21,49.66666793823242,49.900001525878906,49.5,49.709999084472656,31.940401077270508,132600
2003-10-22,49.33333206176758,49.43000030517578,48.599998474121094,48.78333282470703,31.344989776611328,600600
2003-10-23,48.70000076293945,48.880001068115234,48.12333297729492,48.5,31.16294288635254,903900
2003-10-24,48.25,48.426666259765625,47.87666702270508,48.383331298828125,31.08798599243164,292500
2003-10-27,48.46333312988281,49.08333206176758,48.46333312988281,49.06666564941406,31.527040481567383,293400
2003-10-28,49.20000076293945,49.8466682434082,49.06666564941406,49.8466682434082,32.028221130371094,380400
2003-10-29,49.766666412353516,50.383331298828125,49.75,50.29999923706055,32.31951141357422,342900
2003-10-30,50.54999923706055,50.746665954589844,50.05666732788086,50.383331298828125,32.37303924560547,2286600
2003-10-31,50.45000076293945,50.66666793823242,50.03333282470703,50.03333282470703,32.14815902709961,525000
2003-11-03,50.366668701171875,51.099998474121094,50.366668701171875,50.936668395996094,32.72858810424805,1725000
2003-11-04,51.0,51.29666519165039,50.8033332824707,51.133331298828125,32.854949951171875,540600
2003-11-05,51.099998474121094,51.25,50.43333435058594,51.20000076293945,32.89780044555664,418200
2003-11-06,51.16666793823242,51.663333892822266,50.95000076293945,51.663333892822266,33.19549560546875,925200
2003-11-07,51.83333206176758,51.880001068115234,51.4033317565918,51.5,33.090553283691406,614100
2003-11-10,51.56666564941406,51.56666564941406,50.686668395996094,50.686668395996094,32.567962646484375,894300
2003-11-11,50.68333435058594,50.83333206176758,50.21666717529297,50.43000030517578,32.40303421020508,648000
2003-11-12,50.43333435058594,51.43000030517578,50.43333435058594,51.43000030517578,33.045570373535156,1087500
2003-11-13,51.33333206176758,51.529998779296875,51.08333206176758,51.366668701171875,33.004878997802734,1026300
2003-11-14,51.4466667175293,51.79999923706055,50.54999923706055,50.54999923706055,32.48015594482422,448200
2003-11-17,50.41666793823242,50.41666793823242,49.66999816894531,50.13999938964844,32.21670913696289,582600
2003-11-18,50.383331298828125,50.856666564941406,49.66999816894531,49.733333587646484,31.95540428161621,1114500
2003-11-19,49.83000183105469,50.36000061035156,49.55666732788086,50.233333587646484,32.276668548583984,542100
2003-11-20,49.900001525878906,50.41999816894531,49.643333435058594,49.70000076293945,31.93399429321289,589500
2003-11-21,50.116668701171875,50.33000183105469,49.94333267211914,50.266666412353516,32.29808044433594,439800
2003-11-24,50.633331298828125,51.47666549682617,50.54999923706055,51.47666549682617,33.075538635253906,773700
2003-11-25,51.5,51.9466667175293,51.31666564941406,51.766666412353516,33.26189041137695,629400
2003-11-26,52.0,52.266666412353516,51.53333282470703,52.06666564941406,33.454647064208984,667500
2003-11-28,52.03333282470703,52.23666763305664,51.970001220703125,52.133331298828125,33.49748992919922,279000
2003-12-01,52.400001525878906,52.849998474121094,52.35333251953125,52.83000183105469,33.94512939453125,486000
2003-12-02,52.93333435058594,53.04999923706055,52.53333282470703,52.54999923706055,33.765201568603516,849900
2003-12-03,52.91666793823242,53.04666519165039,52.0,52.0,33.41181564331055,536400
2003-12-04,52.11333465576172,52.16666793823242,51.50666809082031,52.14666748046875,33.50605773925781,786600
2003-12-05,52.0,52.060001373291016,51.5533332824707,51.58333206176758,33.144073486328125,816600
2003-12-08,52.20000076293945,52.366668701171875,51.66666793823242,52.366668701171875,33.647403717041016,270600
2003-12-09,52.45000076293945,52.47666549682617,51.516666412353516,51.58333206176758,33.144073486328125,845400
2003-12-10,51.54999923706055,51.62333297729492,50.92333221435547,51.233333587646484,32.91920852661133,479100
2003-12-11,51.25,52.37333297729492,51.1533317565918,52.37333297729492,33.65168762207031,828000
2003-12-12,52.18333435058594,52.5,51.95333480834961,52.38666534423828,33.83187484741211,971400
2003-12-15,53.16666793823242,53.18000030517578,51.5,51.5,33.25925064086914,1569300
2003-12-16,51.58000183105469,52.063331604003906,51.04999923706055,52.03333282470703,33.71235275268555,366900
2003-12-17,51.96666717529297,52.11333465576172,51.5,52.03333282470703,33.71235275268555,587700
2003-12-18,52.0,52.79666519165039,51.83333206176758,52.54999923706055,34.047115325927734,576300
2003-12-19,52.650001525878906,52.66666793823242,52.2400016784668,52.633331298828125,34.10109329223633,525300
2003-12-22,52.5,53.116668701171875,52.5,53.116668701171875,34.41425323486328,246600
2003-12-23,52.96666717529297,53.369998931884766,52.91666793823242,53.369998931884766,34.57837677001953,809400
2003-12-24,53.383331298828125,53.45000076293945,53.17333221435547,53.233333587646484,34.48983383178711,717000
2003-12-26,53.366668701171875,53.59333419799805,53.34333419799805,53.59333419799805,34.72308349609375,206100
2003-12-29,53.75,54.31666564941406,53.75,54.31666564941406,35.19172286987305,2017800
2003-12-30,54.29999923706055,54.573333740234375,54.09000015258789,54.400001525878906,35.24571990966797,381600
2003-12-31,54.516666412353516,54.58333206176758,53.46666717529297,53.46666717529297,34.64101791381836,615300
2004-01-02,53.78333282470703,54.413333892822266,53.6533317565918,53.996665954589844,34.9843864440918,430500
2004-01-05,54.29999923706055,54.63999938964844,54.16666793823242,54.5,35.31050109863281,892200
2004-01-06,54.58333206176758,54.76333236694336,54.33333206176758,54.33333206176758,35.2025146484375,477000
2004-01-07,54.413333892822266,54.776668548583984,54.220001220703125,54.776668548583984,35.489768981933594,401400
2004-01-08,54.983333587646484,55.246665954589844,54.73666763305664,55.133331298828125,35.72084426879883,279900
2004-01-09,55.0,55.383331298828125,54.65666580200195,54.81666564941406,35.515682220458984,642600
2004-01-12,54.983333587646484,55.4033317565918,54.70000076293945,55.4033317565918,35.895774841308594,709500
2004-01-13,55.41666793823242,55.43000030517578,54.66999816894531,55.31666564941406,35.839630126953125,486300
2004-01-14,55.54999923706055,55.93000030517578,55.36000061035156,55.93000030517578,36.23699188232422,757500
2004-01-15,55.866668701171875,55.97999954223633,55.266666412353516,55.8033332824707,36.154937744140625,736800
2004-01-16,56.099998474121094,56.21333312988281,55.883331298828125,56.08333206176758,36.336341857910156,310800
2004-01-20,56.18333435058594,56.650001525878906,55.849998474121094,56.650001525878906,36.7034912109375,348000
2004-01-21,56.58333206176758,56.84000015258789,56.16666793823242,56.633331298828125,36.69268798828125,1339800
2004-01-22,56.883331298828125,57.01333236694336,56.31999969482422,56.33000183105469,36.49616241455078,323400
2004-01-23,56.43333435058594,56.78333282470703,56.099998474121094,56.66666793823242,36.71430587768555,964800
2004-01-26,56.68333435058594,57.20000076293945,56.32666778564453,57.20000076293945,37.05984115600586,482700
2004-01-27,57.18333435058594,57.18333435058594,56.563331604003906,56.66666793823242,36.71430587768555,1333800
2004-01-28,56.91666793823242,56.93333435058594,55.52333450317383,55.79999923706055,36.15277099609375,814500
2004-01-29,55.900001525878906,55.96333312988281,54.866668701171875,55.459999084472656,35.93246841430664,2220300
2004-01-30,55.43333435058594,55.7400016784668,55.08000183105469,55.29999923706055,35.82883071899414,640200
2004-02-02,55.41666793823242,55.84333419799805,54.970001220703125,55.41666793823242,35.9044075012207,1091400
2004-02-03,55.233333587646484,55.633331298828125,55.10333251953125,55.266666412353516,35.807228088378906,209100
2004-02-04,55.03333282470703,55.03666687011719,54.03333282470703,54.133331298828125,35.07294845581055,1089300
2004-02-05,54.21666717529297,54.75,54.16999816894531,54.5,35.31050109863281,499200
2004-02-06,54.75,55.996665954589844,54.619998931884766,55.883331298828125,36.20675277709961,667800
2004-02-09,55.856666564941406,56.25,55.813331604003906,55.95000076293945,36.24997329711914,233100
2004-02-10,56.0,56.733333587646484,55.83333206176758,56.733333587646484,36.75748062133789,1017000
2004-02-11,56.733333587646484,57.09333419799805,56.436668395996094,56.983333587646484,36.919456481933594,441600
2004-02-12,57.063331604003906,57.1966667175293,56.66666793823242,56.66666793823242,36.71430587768555,222600
2004-02-13,56.776668548583984,56.99333190917969,56.003334045410156,56.03333282470703,36.303958892822266,378600
2004-02-17,56.25,57.0,56.21666717529297,56.99333190917969,36.92594528198242,277800
2004-02-18,56.99333190917969,57.11333465576172,56.45000076293945,56.616668701171875,36.681888580322266,357000
2004-02-19,56.81666564941406,56.96666717529297,55.75,55.75,36.12038803100586,493200
2004-02-20,55.983333587646484,56.08000183105469,55.233333587646484,55.63666534423828,36.04695510864258,818100
2004-02-23,55.75,55.83333206176758,54.96666717529297,55.150001525878906,35.73164367675781,1371900
2004-02-24,55.099998474121094,55.74333190917969,54.8033332824707,55.349998474121094,35.8612060546875,977100
2004-02-25,55.38666534423828,55.883331298828125,55.12333297729492,55.883331298828125,36.20675277709961,401700
2004-02-26,55.650001525878906,56.279998779296875,55.54999923706055,56.21666717529297,36.4227409362793,994500
2004-02-27,56.233333587646484,56.68333435058594,56.10333251953125,56.53333282470703,36.62790298461914,336000
2004-03-01,56.650001525878906,57.33333206176758,56.54999923706055,57.28333282470703,37.113826751708984,286800
2004-03-02,57.16666793823242,57.439998626708984,56.900001525878906,57.0,36.93025207519531,550500
2004-03-03,56.866668701171875,57.23666763305664,56.41999816894531,57.04666519165039,36.96049880981445,702900
2004-03-04,57.04999923706055,57.676666259765625,56.77333450317383,57.676666259765625,37.36866760253906,455400
2004-03-05,57.349998474121094,58.099998474121094,57.2400016784668,57.66666793823242,37.3621940612793,468900
2004-03-08,57.866668701171875,58.04999923706055,57.119998931884766,57.119998931884766,37.00800323486328,441600
2004-03-09,57.08333206176758,57.31666564941406,56.606666564941406,56.81666564941406,36.81147384643555,442500
2004-03-10,56.83333206176758,57.09333419799805,55.483333587646484,55.483333587646484,35.9476203918457,414300
2004-03-11,55.383331298828125,56.28666687011719,54.900001525878906,54.900001525878906,35.56966018676758,683100
2004-03-12,55.28333282470703,56.46666717529297,55.119998931884766,56.45000076293945,36.573917388916016,1274100
2004-03-15,56.133331298828125,56.14666748046875,54.900001525878906,54.983333587646484,35.623661041259766,630300
2004-03-16,55.33333206176758,55.58000183105469,54.56999969482422,55.116668701171875,35.710060119628906,1229100
2004-03-17,55.366668701171875,56.099998474121094,55.21666717529297,55.883331298828125,36.20675277709961,804300
2004-03-18,55.866668701171875,55.95000076293945,55.07666778564453,55.54999923706055,35.990779876708984,884100
2004-03-19,55.68333435058594,55.86333465576172,55.06666564941406,55.233333587646484,35.78562927246094,759900
2004-03-22,54.96666717529297,55.08333206176758,54.27333450317383,54.43000030517578,35.26515579223633,746700
2004-03-23,54.616668701171875,55.08333206176758,54.393333435058594,54.75,35.47248077392578,525600
2004-03-24,54.66999816894531,54.8033332824707,54.16666793823242,54.366668701171875,35.22410583496094,591300
2004-03-25,54.66666793823242,55.413333892822266,54.503334045410156,55.400001525878906,35.893611907958984,443700
2004-03-26,55.20000076293945,55.650001525878906,55.04999923706055,55.33333206176758,35.958587646484375,427800
2004-03-29,55.68333435058594,56.336666107177734,55.66999816894531,56.266666412353516,36.565120697021484,550800
2004-03-30,56.3466682434082,56.91666793823242,56.33333206176758,56.91666793823242,36.9875373840332,415200
2004-03-31,56.91666793823242,57.16666793823242,56.53333282470703,57.04999923706055,37.074188232421875,758700
2004-04-01,56.996665954589844,57.65666580200195,56.996665954589844,57.53666687011719,37.39046096801758,402000
2004-04-02,58.483333587646484,58.529998779296875,57.97666549682617,58.16666793823242,37.79985046386719,990600
2004-04-05,58.28333282470703,58.33000183105469,57.78333282470703,58.18333435058594,37.81068801879883,816000
2004-04-06,58.0,58.003334045410156,57.436668395996094,57.650001525878906,37.464107513427734,654000
2004-04-07,57.483333587646484,58.04666519165039,57.133331298828125,57.80666732788086,37.56590270996094,638700
2004-04-08,58.03333282470703,58.14666748046875,57.336666107177734,57.349998474121094,37.26914596557617,760800
2004-04-12,57.43333435058594,57.81666564941406,57.18333435058594,57.30666732788086,37.2409782409668,954900
2004-04-13,57.46666717529297,57.58333206176758,55.90999984741211,56.03333282470703,36.41351318359375,1157700
2004-04-14,55.85333251953125,56.266666412353516,55.266666412353516,55.849998474121094,36.29436492919922,1645800
2004-04-15,55.79999923706055,56.16666793823242,55.356666564941406,55.706668853759766,36.201202392578125,593400
2004-04-16,55.93333435058594,56.543331146240234,55.540000915527344,56.233333587646484,36.54347610473633,451500
2004-04-19,56.150001525878906,56.6533317565918,55.77333450317383,56.49333190917969,36.712440490722656,711900
2004-04-20,56.56666564941406,57.08333206176758,55.2400016784668,55.496665954589844,36.064735412597656,927300
2004-04-21,55.5,56.16666793823242,55.086666107177734,56.16666793823242,36.50014114379883,761100
2004-04-22,56.029998779296875,57.366668701171875,56.029998779296875,57.0533332824707,37.07634735107422,488100
2004-04-23,57.20000076293945,57.20000076293945,56.29666519165039,56.7400016784668,36.87272644042969,342900
2004-04-26,56.866668701171875,57.163333892822266,56.36000061035156,56.58333206176758,36.77091979980469,322500
2004-04-27,56.71666717529297,57.130001068115234,56.45000076293945,56.7599983215332,36.88570785522461,831900
2004-04-28,56.633331298828125,56.633331298828125,55.43333435058594,55.43333435058594,36.023582458496094,410100
2004-04-29,55.66666793823242,55.883331298828125,54.310001373291016,54.58333206176758,35.47121810913086,839100
2004-04-30,54.866668701171875,54.936668395996094,53.93333435058594,53.93333435058594,35.04880905151367,2493300
2004-05-03,54.0,54.7400016784668,53.926666259765625,54.529998779296875,35.43653869628906,1199400
2004-05-04,54.46666717529297,55.57666778564453,54.45333480834961,54.766666412353516,35.59035873413086,1856400
2004-05-05,54.93333435058594,55.22999954223633,54.766666412353516,54.766666412353516,35.59035873413086,583800
2004-05-06,54.43333435058594,54.52000045776367,53.44333267211914,54.10333251953125,35.15929412841797,1201500
2004-05-07,53.733333587646484,54.41666793823242,52.56999969482422,52.573333740234375,34.165008544921875,1160100
2004-05-10,52.2400016784668,52.43000030517578,51.21666717529297,51.56999969482422,33.51298141479492,1510500
2004-05-11,51.883331298828125,52.706668853759766,51.87666702270508,52.633331298828125,34.20397186279297,950400
2004-05-12,52.5533332824707,52.866668701171875,51.366668701171875,52.866668701171875,34.35563659667969,804300
2004-05-13,52.71666717529297,52.9900016784668,52.2400016784668,52.33333206176758,34.009029388427734,939900
2004-05-14,52.33333206176758,52.9033317565918,51.913333892822266,52.21666717529297,33.933223724365234,390900
2004-05-17,51.25,52.07666778564453,51.086666107177734,51.663333892822266,33.573638916015625,531000
2004-05-18,51.70000076293945,52.29999923706055,51.70000076293945,52.27333450317383,33.970027923583984,281100
2004-05-19,52.766666412353516,53.266666412353516,51.880001068115234,51.95000076293945,33.75992202758789,462300
2004-05-20,52.16666793823242,52.33000183105469,51.82666778564453,52.106666564941406,33.861717224121094,403800
2004-05-21,52.21666717529297,52.776668548583984,52.19333267211914,52.61333465576172,34.19099807739258,609000
2004-05-24,53.25,53.366668701171875,52.81666564941406,53.29999923706055,34.63722610473633,483000
2004-05-25,53.25,54.54999923706055,53.163333892822266,54.400001525878906,35.352073669433594,892800
2004-05-26,54.383331298828125,54.65999984741211,54.06666564941406,54.650001525878906,35.5145263671875,679500
2004-05-27,54.71666717529297,55.143333435058594,54.36000061035156,54.66999816894531,35.527523040771484,1297200
2004-05-28,54.70000076293945,55.119998931884766,54.586666107177734,54.85333251953125,35.646671295166016,274200
2004-06-01,54.71666717529297,55.266666412353516,54.586666107177734,55.266666412353516,35.915279388427734,467400
2004-06-02,55.43333435058594,55.483333587646484,54.96333312988281,55.28333282470703,35.92611312866211,308100
2004-06-03,55.0,55.0,54.21666717529297,54.21666717529297,35.232933044433594,1121700
2004-06-04,54.733333587646484,55.133331298828125,54.470001220703125,54.779998779296875,35.59901428222656,227100
2004-06-07,55.133331298828125,55.90666580200195,54.90666580200195,55.84000015258789,36.28786849975586,356100
2004-06-08,55.71666717529297,55.913333892822266,55.66666793823242,55.86333465576172,36.303016662597656,1073400
2004-06-09,55.79999923706055,55.983333587646484,55.0,55.03333282470703,35.763648986816406,487200
2004-06-10,55.27333450317383,55.393333435058594,55.0533332824707,55.253334045410156,35.90662384033203,315900
2004-06-14,54.98666763305664,55.130001068115234,54.08333206176758,54.143333435058594,35.185279846191406,330300
2004-06-15,54.53333282470703,55.30666732788086,54.45333480834961,55.06666564941406,35.78531265258789,368700
2004-06-16,55.06666564941406,55.30666732788086,54.93333435058594,55.266666412353516,35.915279388427734,306300
2004-06-17,55.20000076293945,55.5,54.823333740234375,55.266666412353516,35.915279388427734,180600
2004-06-18,55.233333587646484,55.65999984741211,55.163333892822266,55.439998626708984,36.027923583984375,672300
2004-06-21,55.52000045776367,55.79999923706055,55.28333282470703,55.39666748046875,35.99974822998047,329400
2004-06-22,55.43333435058594,55.7400016784668,54.93333435058594,55.66666793823242,36.17521667480469,648000
2004-06-23,55.619998931884766,56.62666702270508,55.56666564941406,56.5,36.716758728027344,261600
2004-06-24,56.56666564941406,56.766666412353516,56.26333236694336,56.33333206176758,36.608455657958984,446700
2004-06-25,56.03333282470703,56.70000076293945,56.03333282470703,56.70000076293945,36.96376037597656,407100
2004-06-28,56.79999923706055,57.08000183105469,56.58333206176758,56.69333267211914,36.95941162109375,395700
2004-06-29,56.766666412353516,57.27333450317383,56.766666412353516,57.02333450317383,37.174537658691406,720000
2004-06-30,57.116668701171875,57.43333435058594,56.9900016784668,57.43333435058594,37.44182586669922,817200
2004-07-01,57.483333587646484,58.483333587646484,56.60333251953125,56.75,36.996341705322266,1508100
2004-07-02,56.83000183105469,56.9033317565918,56.483333587646484,56.86333465576172,37.07023239135742,474000
2004-07-06,56.66999816894531,56.72666549682617,56.03666687011719,56.233333587646484,36.659515380859375,1129500
2004-07-07,56.2400016784668,56.543331146240234,56.116668701171875,56.189998626708984,36.631263732910156,602700
2004-07-08,56.03333282470703,56.1966667175293,55.133331298828125,55.233333587646484,36.007598876953125,376200
2004-07-09,55.349998474121094,55.540000915527344,55.16666793823242,55.50666809082031,36.185794830322266,729600
2004-07-12,55.43000030517578,55.75,55.040000915527344,55.46666717529297,36.15970230102539,431100
2004-07-13,55.53333282470703,55.753334045410156,55.4900016784668,55.4900016784668,36.17493438720703,823800
2004-07-14,55.133331298828125,55.893333435058594,55.133331298828125,55.25,36.01845932006836,350100
2004-07-15,55.366668701171875,55.81666564941406,55.35333251953125,55.41666793823242,36.12713623046875,787500
2004-07-16,55.71666717529297,55.766666412353516,54.92333221435547,55.040000915527344,35.881561279296875,697200
2004-07-19,55.08333206176758,55.40999984741211,54.79999923706055,55.26333236694336,36.027156829833984,777300
2004-07-20,55.20000076293945,56.03666687011719,55.20000076293945,56.03666687011719,36.53129577636719,256800
2004-07-21,56.099998474121094,56.13999938964844,54.58333206176758,54.58333206176758,35.58385467529297,1061100
2004-07-22,54.5,54.723331451416016,53.75,54.400001525878906,35.46432876586914,1235100
2004-07-23,54.233333587646484,54.33333206176758,53.76333236694336,53.79999923706055,35.07320785522461,1260300
2004-07-26,53.83333206176758,54.026668548583984,53.06666564941406,53.36333465576172,34.78852081298828,653700
2004-07-27,53.46666717529297,54.30666732788086,53.46666717529297,54.266666412353516,35.37741470336914,716100
2004-07-28,54.03333282470703,54.43000030517578,53.43333435058594,54.21333312988281,35.34263610839844,1497600
2004-07-29,54.31666564941406,54.77000045776367,54.16666793823242,54.77000045776367,35.705543518066406,584100
2004-07-30,54.599998474121094,54.87666702270508,54.43333435058594,54.70000076293945,35.659915924072266,1380000
2004-08-02,54.516666412353516,54.93333435058594,54.11000061035156,54.93000030517578,35.80985641479492,923100
2004-08-03,54.66666793823242,54.75666809082031,54.25,54.25,35.366554260253906,431100
2004-08-04,54.06666564941406,54.723331451416016,53.6966667175293,54.28666687011719,35.39045715332031,473700
2004-08-05,54.366668701171875,54.366668701171875,53.266666412353516,53.33333206176758,34.768959045410156,1049100
2004-08-06,52.266666412353516,53.119998931884766,52.266666412353516,52.54999923706055,34.258277893066406,1227000
2004-08-09,52.516666412353516,52.70333480834961,52.23666763305664,52.39666748046875,34.15833282470703,333000
2004-08-10,52.46666717529297,53.45000076293945,52.46666717529297,53.21666717529297,34.692893981933594,1581600
2004-08-11,52.866668701171875,53.29999923706055,52.36333465576172,53.150001525878906,34.649444580078125,814200
2004-08-12,52.766666412353516,52.88666534423828,52.233333587646484,52.436668395996094,34.184410095214844,651600
2004-08-13,52.483333587646484,52.76333236694336,52.189998626708984,52.5,34.225704193115234,249600
2004-08-16,52.58000183105469,53.45000076293945,52.58000183105469,53.33333206176758,34.768959045410156,579600
2004-08-17,53.733333587646484,53.83333206176758,53.37666702270508,53.516666412353516,34.88844680786133,712800
2004-08-18,53.266666412353516,54.46666717529297,53.223331451416016,54.46666717529297,35.50779724121094,1002300
2004-08-19,54.25,54.456668853759766,53.866668701171875,53.95000076293945,35.170963287353516,503400
2004-08-20,54.06666564941406,55.0099983215332,53.996665954589844,54.849998474121094,35.75768280029297,684900
2004-08-23,55.06666564941406,55.18333435058594,54.5,54.650001525878906,35.6273078918457,731100
2004-08-24,54.83333206176758,55.003334045410156,54.529998779296875,54.7599983215332,35.69902038574219,666300
2004-08-25,54.900001525878906,55.25,54.5,55.130001068115234,35.940242767333984,805500
2004-08-26,55.099998474121094,55.22666549682617,54.93333435058594,54.959999084472656,35.82940673828125,466500
2004-08-27,55.133331298828125,55.51333236694336,55.08000183105469,55.42333221435547,36.131473541259766,485100
2004-08-30,55.28333282470703,55.36000061035156,54.81999969482422,54.88666534423828,35.78160095214844,955500
2004-08-31,54.883331298828125,55.366668701171875,54.64666748046875,55.366668701171875,36.094539642333984,941400
2004-09-01,55.233333587646484,55.849998474121094,55.233333587646484,55.5966682434082,36.24446487426758,865800
2004-09-02,55.45000076293945,56.616668701171875,55.45000076293945,56.616668701171875,36.909423828125,999900
2004-09-03,56.366668701171875,56.599998474121094,55.83333206176758,56.003334045410156,36.50959396362305,1318200
2004-09-07,56.53333282470703,56.793331146240234,56.34333419799805,56.71666717529297,36.974605560302734,1048200
2004-09-08,56.71666717529297,57.060001373291016,56.22666549682617,56.46666717529297,36.8116340637207,343500
2004-09-09,56.43333435058594,57.20000076293945,56.43333435058594,56.983333587646484,37.14845657348633,1391100
2004-09-10,57.08333206176758,57.28666687011719,56.58333206176758,57.246665954589844,37.32011795043945,746400
2004-09-13,57.33333206176758,57.616668701171875,57.20333480834961,57.233333587646484,37.31142807006836,818400
2004-09-14,57.20000076293945,57.356666564941406,56.74333190917969,57.06999969482422,37.20497131347656,1081200
2004-09-15,56.91666793823242,57.026668548583984,56.66666793823242,56.71666717529297,36.974605560302734,449700
2004-09-16,56.95000076293945,57.53333282470703,56.95000076293945,57.48666763305664,37.47658920288086,388200
2004-09-17,57.54999923706055,57.606666564941406,57.0,57.33333206176758,37.37664031982422,496500
2004-09-20,57.21666717529297,57.366668701171875,56.98666763305664,57.130001068115234,37.24407196044922,838200
2004-09-21,57.22666549682617,57.70000076293945,57.22666549682617,57.516666412353516,37.496150970458984,459900
2004-09-22,57.1966667175293,57.1966667175293,56.58333206176758,56.616668701171875,36.909423828125,2665500
2004-09-23,56.6966667175293,56.86000061035156,56.50666809082031,56.6533317565918,36.93333435058594,2679000
2004-09-24,56.573333740234375,56.78333282470703,56.4033317565918,56.4033317565918,36.90802001953125,655800
2004-09-27,56.293331146240234,56.293331146240234,55.78666687011719,55.93333435058594,36.6004753112793,1130400
2004-09-28,56.0,56.63999938964844,55.866668701171875,56.56666564941406,37.01491165161133,2208600
2004-09-29,56.58333206176758,56.996665954589844,56.516666412353516,56.95000076293945,37.26573944091797,2374800
2004-09-30,56.869998931884766,57.43000030517578,56.779998779296875,57.22999954223633,37.44895553588867,1184400
2004-10-01,57.266666412353516,58.439998626708984,57.266666412353516,58.439998626708984,38.240726470947266,765300
2004-10-04,58.779998779296875,59.016666412353516,58.61000061035156,58.70000076293945,38.41086959838867,1030200
2004-10-05,58.779998779296875,58.883331298828125,58.439998626708984,58.516666412353516,38.29090118408203,593100
2004-10-06,58.56666564941406,59.07666778564453,58.5099983215332,59.07666778564453,38.65733337402344,679200
2004-10-07,59.0,59.0,58.06666564941406,58.106666564941406,38.022613525390625,301500
2004-10-08,57.96666717529297,58.26333236694336,57.516666412353516,57.56666564941406,37.66926574707031,685500
2004-10-11,57.70333480834961,57.81666564941406,57.400001525878906,57.66666793823242,37.73469543457031,686400
2004-10-12,57.266666412353516,57.813331604003906,57.060001373291016,57.650001525878906,37.72380065917969,659700
2004-10-13,58.026668548583984,58.03333282470703,56.71666717529297,56.776668548583984,37.1523323059082,1405500
2004-10-14,56.766666412353516,56.92333221435547,56.36000061035156,56.36000061035156,36.87968063354492,762300
2004-10-15,56.53333282470703,57.29999923706055,56.33333206176758,56.99333190917969,37.294097900390625,1125600
2004-10-18,56.91666793823242,57.313331604003906,56.55666732788086,57.116668701171875,37.37480545043945,689400
2004-10-19,57.33333206176758,57.56666564941406,56.49333190917969,56.52333450317383,36.98655700683594,1089000
2004-10-20,56.383331298828125,56.86333465576172,56.08333206176758,56.66666793823242,37.080326080322266,249000
2004-10-21,56.81666564941406,57.47999954223633,56.54999923706055,57.45000076293945,37.59290313720703,427500
2004-10-22,57.369998931884766,57.630001068115234,56.516666412353516,56.516666412353516,36.982181549072266,726600
2004-10-25,56.43333435058594,57.279998779296875,56.29666519165039,57.116668701171875,37.37480545043945,1009500
2004-10-26,57.21666717529297,57.983333587646484,56.62666702270508,57.983333587646484,37.9419059753418,549300
2004-10-27,57.900001525878906,58.5,57.746665954589844,58.4900016784668,38.273460388183594,1462500
2004-10-28,58.400001525878906,58.4900016784668,57.91999816894531,58.20333480834961,38.08586502075195,1812000
2004-10-29,58.28333282470703,58.46666717529297,57.93333435058594,58.06666564941406,37.996437072753906,327600
2004-11-01,58.21666717529297,58.483333587646484,57.87666702270508,58.426666259765625,38.23201370239258,432000
2004-11-02,58.616668701171875,58.87666702270508,58.02000045776367,58.22999954223633,38.10331726074219,661800
2004-11-03,59.03333282470703,59.30666732788086,58.733333587646484,59.18333435058594,38.727134704589844,1183500
2004-11-04,59.18333435058594,59.970001220703125,58.95000076293945,59.849998474121094,39.16338348388672,759300
2004-11-05,60.16666793823242,60.36333465576172,59.66666793823242,60.099998474121094,39.32697296142578,1172400
2004-11-08,60.06666564941406,60.12333297729492,59.66666793823242,59.866668701171875,39.174285888671875,880800
2004-11-09,59.883331298828125,60.24333190917969,59.74333190917969,60.0533332824707,39.29644012451172,233400
2004-11-10,60.116668701171875,60.75,60.06666564941406,60.46666717529297,39.56689453125,772800
2004-11-11,60.616668701171875,61.11000061035156,60.46666717529297,61.08333206176758,39.970436096191406,1099800
2004-11-12,61.133331298828125,61.71666717529297,60.89666748046875,61.616668701171875,40.31941223144531,1159800
2004-11-15,61.563331604003906,61.793331146240234,61.366668701171875,61.766666412353516,40.41756057739258,660000
2004-11-16,61.766666412353516,61.790000915527344,61.209999084472656,61.3033332824707,40.1143913269043,447600
2004-11-17,61.616668701171875,62.2400016784668,61.45000076293945,61.686668395996094,40.365230560302734,928500
2004-11-18,61.72999954223633,61.766666412353516,61.29999923706055,61.66999816894531,40.354312896728516,330000
2004-11-19,61.53333282470703,61.606666564941406,60.869998931884766,61.06666564941406,39.95952224731445,568200
2004-11-22,60.97666549682617,61.91666793823242,60.70000076293945,61.913333892822266,40.5135383605957,957900
2004-11-23,61.900001525878906,62.31666564941406,61.383331298828125,62.31666564941406,40.7774772644043,962700
2004-11-24,62.400001525878906,62.866668701171875,62.31999969482422,62.75,41.06101989746094,440400
2004-11-26,62.599998474121094,63.0966682434082,62.599998474121094,62.89666748046875,41.15699768066406,307500
2004-11-29,63.04999923706055,63.470001220703125,62.426666259765625,62.959999084472656,41.19843292236328,3549900
2004-11-30,63.266666412353516,63.45000076293945,63.0,63.45000076293945,41.51907730102539,3963000
2004-12-01,63.45000076293945,64.28333282470703,63.349998474121094,63.96666717529297,41.85715866088867,886800
2004-12-02,64.03333282470703,64.11666870117188,63.599998474121094,63.746665954589844,41.713191986083984,564000
2004-12-03,63.733333587646484,64.0199966430664,63.53333282470703,63.72666549682617,41.70012283325195,1395600
2004-12-06,62.96333312988281,63.75666809082031,62.96333312988281,63.293331146240234,41.41656494140625,349500
2004-12-07,63.633331298828125,63.633331298828125,62.09000015258789,62.150001525878906,40.66841506958008,1584000
2004-12-08,62.18333435058594,62.73666763305664,62.08000183105469,62.73666763305664,41.05229568481445,1181400
2004-12-09,62.58333206176758,62.66666793823242,61.81666564941406,62.516666412353516,40.90834426879883,2264400
2004-12-10,62.33333206176758,63.0,62.25,62.85333251953125,41.12864303588867,365100
2004-12-13,63.233333587646484,63.5,62.76333236694336,63.47666549682617,41.53651809692383,1597800
2004-12-14,63.54999923706055,63.96333312988281,63.47666549682617,63.81666564941406,41.759002685546875,711300
2004-12-15,63.883331298828125,64.40666961669922,63.81666564941406,64.33333587646484,42.09709167480469,1067400
2004-12-16,64.33333587646484,64.38666534423828,63.53333282470703,63.8033332824707,41.75028991699219,806700
2004-12-17,63.766666412353516,63.93000030517578,63.45000076293945,63.66666793823242,41.66084289550781,309900
2004-12-20,63.90999984741211,64.13999938964844,63.3466682434082,63.62333297729492,41.632503509521484,1096500
2004-12-21,63.883331298828125,64.27666473388672,63.75666809082031,64.27666473388672,42.06001281738281,713700
2004-12-22,64.38333129882812,64.72333526611328,64.3499984741211,64.52666473388672,42.223602294921875,1469400
2004-12-23,64.05999755859375,64.48666381835938,64.05999755859375,64.23666381835938,42.24882888793945,454500
2004-12-27,64.43000030517578,64.52999877929688,63.573333740234375,63.78333282470703,41.95065689086914,550800
2004-12-28,63.83333206176758,64.6500015258789,63.83333206176758,64.56999969482422,42.46805953979492,604500
2004-12-29,64.53333282470703,64.69000244140625,64.36666870117188,64.53666687011719,42.44612121582031,681000
2004-12-30,64.53666687011719,64.63333129882812,64.33333587646484,64.43333435058594,42.37815475463867,3541500
2004-12-31,64.38999938964844,64.83000183105469,64.18333435058594,64.31999969482422,42.303619384765625,3172200
2005-01-03,64.66666412353516,64.68000030517578,63.23666763305664,63.56666564941406,41.80815124511719,1318200
2005-01-04,63.70000076293945,63.733333587646484,62.29999923706055,62.41666793823242,41.051788330078125,1454100
2005-01-05,62.33333206176758,62.36000061035156,61.16999816894531,61.16999816894531,40.231849670410156,2058600
2005-01-06,61.20000076293945,61.883331298828125,61.163333892822266,61.32666778564453,40.33489990234375,1346700
2005-01-07,61.45000076293945,61.709999084472656,60.66666793823242,60.66666793823242,39.90079879760742,1327200
2005-01-10,60.71666717529297,61.73666763305664,60.66666793823242,61.27333450317383,40.2998046875,1059600
2005-01-11,61.150001525878906,61.150001525878906,60.42333221435547,60.71666717529297,39.93370056152344,815700
2005-01-12,60.66666793823242,60.883331298828125,59.93333435058594,60.83333206176758,40.01041793823242,1083300
2005-01-13,60.78333282470703,61.15666580200195,60.36333465576172,60.53333282470703,39.813106536865234,767700
2005-01-14,60.83000183105469,61.276668548583984,60.66666793823242,61.186668395996094,40.2427978515625,387900
2005-01-18,61.133331298828125,62.07666778564453,60.996665954589844,61.89666748046875,40.709781646728516,572100
2005-01-19,61.813331604003906,62.00666809082031,61.18000030517578,61.18333435058594,40.2406120300293,1519500
2005-01-20,60.79999923706055,61.28333282470703,60.67333221435547,60.7400016784668,39.94904327392578,1308000
2005-01-21,60.900001525878906,61.233333587646484,60.50666809082031,60.650001525878906,39.88985061645508,701100
2005-01-24,60.883331298828125,61.026668548583984,60.13999938964844,60.276668548583984,39.6442985534668,882300
2005-01-25,60.650001525878906,60.95000076293945,60.18333435058594,60.366668701171875,39.7035026550293,750000
2005-01-26,60.599998474121094,61.15666580200195,60.33333206176758,61.02333450317383,40.1353874206543,1121100
2005-01-27,61.04999923706055,61.543331146240234,60.93333435058594,61.28333282470703,40.30640411376953,747000
2005-01-28,61.20333480834961,61.369998931884766,60.5,61.12666702270508,40.20335006713867,3215400
2005-01-31,61.276668548583984,61.99333190917969,61.276668548583984,61.81666564941406,40.65717315673828,904800
2005-02-01,61.883331298828125,62.33333206176758,61.78666687011719,62.18333435058594,40.898319244384766,978900
2005-02-02,62.18333435058594,62.709999084472656,62.143333435058594,62.650001525878906,41.20524597167969,1067400
2005-02-03,62.473331451416016,62.529998779296875,62.040000915527344,62.42333221435547,41.0561637878418,454800
2005-02-04,62.33333206176758,63.223331451416016,62.33333206176758,63.13666534423828,41.52532958984375,515700
2005-02-07,63.13666534423828,63.413333892822266,62.86333465576172,63.043331146240234,41.46394729614258,744000
2005-02-08,63.0,63.313331604003906,63.0,63.08333206176758,41.490264892578125,596700
2005-02-09,63.29999923706055,63.35333251953125,62.0533332824707,62.11333465576172,40.852291107177734,767400
2005-02-10,62.20000076293945,62.46666717529297,61.86000061035156,62.266666412353516,40.95314025878906,919500
2005-02-11,62.25,63.16666793823242,61.80666732788086,63.08333206176758,41.490264892578125,1027800
2005-02-14,63.0,63.189998626708984,62.6966667175293,63.106666564941406,41.50560760498047,1263000
2005-02-15,63.106666564941406,63.41999816894531,62.793331146240234,63.10333251953125,41.503414154052734,787800
2005-02-16,62.96666717529297,63.686668395996094,62.810001373291016,63.356666564941406,41.67001724243164,642900
2005-02-17,63.349998474121094,63.61333465576172,62.72666549682617,62.79999923706055,41.30390548706055,822600
2005-02-18,62.83333206176758,63.00666809082031,62.38666534423828,62.58333206176758,41.16141128540039,980400
2005-02-22,62.33333206176758,62.58333206176758,61.35333251953125,61.400001525878906,40.383113861083984,951900
2005-02-23,61.599998474121094,62.130001068115234,61.5533332824707,61.68333435058594,40.569480895996094,493200
2005-02-24,61.633331298828125,62.33333206176758,61.27333450317383,62.27000045776367,40.95532989501953,1046700
2005-02-25,62.31666564941406,63.45000076293945,62.22999954223633,63.45000076293945,41.73141860961914,3168000
2005-02-28,63.349998474121094,63.49333190917969,62.586666107177734,63.099998474121094,41.5012321472168,3512400
2005-03-01,63.29999923706055,63.75,63.116668701171875,63.71666717529297,41.906822204589844,726600
2005-03-02,63.400001525878906,64.01000213623047,63.23666763305664,63.44333267211914,41.72703170776367,531000
2005-03-03,63.633331298828125,63.93333435058594,63.209999084472656,63.66666793823242,41.87391662597656,999900
2005-03-04,64.05000305175781,64.63666534423828,63.8466682434082,64.5566635131836,42.45927810668945,928800
2005-03-07,64.56666564941406,64.836669921875,64.37999725341797,64.4566650390625,42.393516540527344,899400
2005-03-08,64.38333129882812,64.52666473388672,63.78333282470703,63.79999923706055,41.961612701416016,707700
2005-03-09,63.58333206176758,63.80666732788086,63.150001525878906,63.150001525878906,41.534095764160156,1213200
2005-03-10,63.116668701171875,63.30666732788086,62.619998931884766,62.866668701171875,41.34776306152344,682500
2005-03-11,63.016666412353516,63.323333740234375,62.58333206176758,62.776668548583984,41.288578033447266,791100
2005-03-14,63.08333206176758,63.383331298828125,62.866668701171875,63.383331298828125,41.68757629394531,463800
2005-03-15,63.54999923706055,63.793331146240234,62.83333206176758,63.0,41.435462951660156,502800
2005-03-16,62.900001525878906,62.97666549682617,62.40666580200195,62.616668701171875,41.18333053588867,1299900
2005-03-17,62.616668701171875,63.02333450317383,62.413333892822266,62.7400016784668,41.26445007324219,829200
2005-03-18,62.81666564941406,62.81666564941406,62.26333236694336,62.42333221435547,41.0561637878418,1031700
2005-03-21,62.56666564941406,62.6533317565918,62.106666564941406,62.41666793823242,41.051788330078125,572100
2005-03-22,62.349998474121094,63.18333435058594,62.0,62.06666564941406,40.82158660888672,1200000
2005-03-23,61.900001525878906,61.900001525878906,61.38666534423828,61.4466667175293,40.413822174072266,1056600
2005-03-24,61.366668701171875,61.866668701171875,61.276668548583984,61.366668701171875,40.57714080810547,799500
2005-03-28,61.41666793823242,61.720001220703125,61.279998779296875,61.44333267211914,40.62782669067383,687600
2005-03-29,61.266666412353516,61.81999969482422,60.30666732788086,60.54999923706055,40.037132263183594,1552800
2005-03-30,60.66666793823242,61.45000076293945,60.66666793823242,61.41666793823242,40.610206604003906,1072800
2005-03-31,61.41666793823242,61.54999923706055,61.099998474121094,61.41666793823242,40.610206604003906,930300
2005-04-01,61.633331298828125,62.06666564941406,60.81666564941406,61.099998474121094,40.400821685791016,1580100
2005-04-04,61.16666793823242,61.61000061035156,60.663333892822266,61.436668395996094,40.62342071533203,746700
2005-04-05,61.5,61.689998626708984,61.31999969482422,61.56666564941406,40.709388732910156,701400
2005-04-06,61.66666793823242,62.130001068115234,61.59333419799805,61.720001220703125,40.810760498046875,541200
2005-04-07,61.46666717529297,62.16666793823242,61.349998474121094,61.983333587646484,40.98488235473633,802200
2005-04-08,61.96666717529297,61.99333190917969,60.9900016784668,60.9900016784668,40.32807540893555,638400
2005-04-11,61.133331298828125,61.133331298828125,60.543331146240234,60.71666717529297,40.14734649658203,381900
2005-04-12,60.599998474121094,61.483333587646484,60.086666107177734,61.31666564941406,40.54408645629883,1155900
2005-04-13,61.18333435058594,61.30666732788086,60.2400016784668,60.41666793823242,39.9489860534668,572400
2005-04-14,60.33333206176758,60.5,59.25666809082031,59.3466682434082,39.2414665222168,2273700
2005-04-15,59.233333587646484,59.50666809082031,58.04999923706055,58.37666702270508,38.60007095336914,2651400
2005-04-18,58.29999923706055,58.939998626708984,57.86333465576172,58.70333480834961,38.81608200073242,1450800
2005-04-19,59.116668701171875,59.63999938964844,59.116668701171875,59.599998474121094,39.408966064453125,2757600
2005-04-20,59.71666717529297,59.71666717529297,58.56666564941406,58.66666793823242,38.79182815551758,857400
2005-04-21,59.266666412353516,60.0,58.836666107177734,60.0,39.673465728759766,1167300
2005-04-22,59.996665954589844,59.996665954589844,58.47999954223633,59.099998474121094,39.078369140625,1167900
2005-04-25,59.366668701171875,59.766666412353516,59.1966667175293,59.76333236694336,39.5169792175293,652200
2005-04-26,59.54999923706055,59.97666549682617,58.83333206176758,58.95333480834961,38.98137283325195,942300
2005-04-27,58.66666793823242,59.3466682434082,58.21666717529297,59.026668548583984,39.02987289428711,957300
2005-04-28,58.66666793823242,58.70333480834961,57.633331298828125,57.63666534423828,38.11077880859375,820500
2005-04-29,58.06666564941406,58.30666732788086,57.20000076293945,58.21666717529297,38.4942741394043,2029500
2005-05-02,58.366668701171875,58.900001525878906,58.2400016784668,58.849998474121094,38.913047790527344,684000
2005-05-03,58.81666564941406,59.293331146240234,58.54666519165039,59.09333419799805,39.073951721191406,745200
2005-05-04,59.133331298828125,59.88999938964844,58.92333221435547,59.75666809082031,39.51255798339844,1140000
2005-05-05,59.83333206176758,60.19333267211914,59.393333435058594,59.79666519165039,39.53899383544922,1132800
2005-05-06,60.233333587646484,60.233333587646484,59.6966667175293,59.856666564941406,39.57868957519531,1024800
2005-05-09,59.900001525878906,60.483333587646484,59.650001525878906,60.483333587646484,39.993045806884766,554100
2005-05-10,60.18333435058594,60.516666412353516,59.63999938964844,59.83333206176758,39.563255310058594,322200
2005-05-11,60.0,60.08333206176758,59.133331298828125,59.869998931884766,39.58750915527344,837300
2005-05-12,60.133331298828125,60.150001525878906,58.7599983215332,58.893333435058594,38.94172286987305,2019600
2005-05-13,59.116668701171875,59.116668701171875,57.90666580200195,58.5099983215332,38.68822479248047,889200
2005-05-16,58.400001525878906,59.44333267211914,58.400001525878906,59.44333267211914,39.30538558959961,529800
2005-05-17,59.29999923706055,59.880001068115234,58.95333480834961,59.83333206176758,39.563255310058594,957000
2005-05-18,60.099998474121094,61.029998779296875,60.099998474121094,60.883331298828125,40.257545471191406,1323300
2005-05-19,60.96666717529297,61.33000183105469,60.78333282470703,61.150001525878906,40.433868408203125,1013400
2005-05-20,61.150001525878906,61.186668395996094,60.66666793823242,61.016666412353516,40.34571838378906,830400
2005-05-23,61.233333587646484,61.70000076293945,61.133331298828125,61.56666564941406,40.709388732910156,706500
2005-05-24,61.25,61.573333740234375,61.130001068115234,61.27333450317383,40.51541519165039,636000
2005-05-25,61.31666564941406,61.31666564941406,60.633331298828125,60.71666717529297,40.14734649658203,527400
2005-05-26,61.016666412353516,61.599998474121094,61.0,61.56999969482422,40.71158981323242,395400
2005-05-27,61.66666793823242,62.0,61.3466682434082,62.0,40.99590301513672,356100
2005-05-31,62.08000183105469,62.186668395996094,61.66666793823242,61.71666717529297,40.808570861816406,695700
2005-06-01,61.849998474121094,62.71666717529297,61.81999969482422,62.543331146240234,41.355167388916016,1348800
2005-06-02,62.66666793823242,62.8466682434082,62.32666778564453,62.663333892822266,41.434532165527344,875700
2005-06-03,62.573333740234375,62.87333297729492,62.130001068115234,62.29999923706055,41.194271087646484,1675800
2005-06-06,62.21666717529297,62.68333435058594,62.150001525878906,62.61000061035156,41.39926528930664,1212300
2005-06-07,62.883331298828125,63.43000030517578,62.616668701171875,62.75,41.49183654785156,1220700
2005-06-08,62.83333206176758,63.086666107177734,62.369998931884766,62.369998931884766,41.240570068359375,842100
2005-06-09,62.5,63.11000061035156,62.119998931884766,63.0,41.65713882446289,567600
2005-06-10,62.79999923706055,63.20000076293945,62.79999923706055,63.13999938964844,41.74970245361328,449800
2005-06-13,63.04999923706055,63.529998779296875,62.869998931884766,63.45000076293945,41.95468521118164,540400
2005-06-14,63.45000076293945,64.05000305175781,63.209999084472656,64.05000305175781,42.35141372680664,394700
2005-06-15,64.19999694824219,64.30000305175781,63.560001373291016,64.30000305175781,42.51673126220703,530400
2005-06-16,64.30000305175781,64.9000015258789,64.19000244140625,64.7699966430664,42.827518463134766,670100
2005-06-17,65.1500015258789,65.41000366210938,64.7300033569336,64.73999786376953,42.80766677856445,467800
2005-06-20,64.55000305175781,64.77999877929688,64.33000183105469,64.54000091552734,42.817604064941406,1303200
2005-06-21,64.55000305175781,64.69999694824219,64.27999877929688,64.4000015258789,42.72473907470703,532800
2005-06-22,64.69999694824219,64.91000366210938,64.20999908447266,64.62999725341797,42.8773307800293,1073700
2005-06-23,64.66000366210938,64.70999908447266,63.59000015258789,63.689998626708984,42.25370407104492,901700
2005-06-24,63.54999923706055,63.650001525878906,61.7400016784668,63.099998474121094,41.86228942871094,1773100
2005-06-27,63.06999969482422,63.31999969482422,62.849998474121094,63.29999923706055,41.994964599609375,941300
2005-06-28,63.54999923706055,64.58000183105469,63.47999954223633,64.58000183105469,42.84416961669922,1329400
2005-06-29,64.5999984741211,64.80000305175781,64.3499984741211,64.58000183105469,42.84416961669922,752000
2005-06-30,64.69999694824219,65.0,64.1500015258789,64.30000305175781,42.65839767456055,1621500
2005-07-01,64.4000015258789,64.83999633789062,64.25,64.75,42.95693588256836,580600
2005-07-05,64.51000213623047,65.5999984741211,64.45999908447266,65.5999984741211,43.52085494995117,681200
2005-07-06,65.69999694824219,65.79000091552734,65.05999755859375,65.0999984741211,43.18912887573242,649500
2005-07-07,64.5,65.30000305175781,64.16000366210938,65.1500015258789,43.22230529785156,861900
2005-07-08,65.19999694824219,66.56999969482422,65.13999938964844,66.47000122070312,44.09803009033203,810400
2005-07-11,66.5999984741211,67.44999694824219,66.55000305175781,67.37000274658203,44.695125579833984,1737100
2005-07-12,67.30000305175781,67.70999908447266,66.94999694824219,67.19000244140625,44.575706481933594,1019400
2005-07-13,67.23999786376953,67.3499984741211,66.72000122070312,67.0,44.44965362548828,407400
2005-07-14,67.4000015258789,67.58000183105469,66.33999633789062,66.41999816894531,44.06486892700195,652300
2005-07-15,66.44999694824219,66.62999725341797,65.93000030517578,66.43000030517578,44.07149887084961,723900
2005-07-18,66.4000015258789,66.48999786376953,65.83999633789062,66.1500015258789,43.88573455810547,875100
2005-07-19,66.5199966430664,67.1500015258789,66.26000213623047,67.05000305175781,44.48284912109375,643000
2005-07-20,66.80000305175781,68.0199966430664,66.72000122070312,67.91000366210938,45.053367614746094,1279600
2005-07-21,67.69999694824219,67.80000305175781,66.23999786376953,66.7699966430664,44.297080993652344,1665200
2005-07-22,66.8499984741211,67.97000122070312,66.83999633789062,67.88999938964844,45.04008865356445,1167800
2005-07-25,67.8499984741211,68.20999908447266,67.1500015258789,67.3499984741211,44.68185806274414,829300
2005-07-26,67.55000305175781,67.91999816894531,67.19000244140625,67.75,44.94720458984375,694900
2005-07-27,67.8499984741211,67.86000061035156,67.05999755859375,67.81999969482422,44.99365997314453,874300
2005-07-28,67.9000015258789,68.44000244140625,67.52999877929688,68.44000244140625,45.40499496459961,1003400
2005-07-29,68.45999908447266,68.66000366210938,67.87000274658203,68.18000030517578,45.23249435424805,2123400
2005-08-01,68.37000274658203,68.55000305175781,68.08000183105469,68.2300033569336,45.26567459106445,1175900
2005-08-02,68.25,68.87000274658203,68.25,68.80999755859375,45.65045166015625,1242800
2005-08-03,68.4000015258789,68.62000274658203,68.20999908447266,68.27999877929688,45.29884338378906,1184300
2005-08-04,68.05000305175781,68.13999938964844,67.05999755859375,67.19999694824219,44.58232879638672,1378200
2005-08-05,67.05000305175781,67.05000305175781,65.9000015258789,66.16000366210938,43.89237594604492,1235500
2005-08-08,66.44999694824219,66.56999969482422,65.66999816894531,65.9000015258789,43.719886779785156,1164400
2005-08-09,66.04000091552734,66.2699966430664,65.69000244140625,66.0199966430664,43.79949188232422,736700
2005-08-10,66.37000274658203,66.76000213623047,65.38999938964844,65.88999938964844,43.7132453918457,1226000
2005-08-11,65.83000183105469,66.51000213623047,65.68000030517578,66.44000244140625,44.078147888183594,1174200
2005-08-12,66.0999984741211,66.16999816894531,65.26000213623047,65.7699966430664,43.63361740112305,915900
2005-08-15,65.69999694824219,66.58000183105469,65.38999938964844,66.30000305175781,43.985252380371094,579600
2005-08-16,66.1500015258789,66.1500015258789,65.16999816894531,65.25,43.288658142089844,484900
2005-08-17,65.33000183105469,65.75,65.05000305175781,65.18000030517578,43.24221420288086,1007000
2005-08-18,64.87999725341797,65.30000305175781,64.70999908447266,64.95999908447266,43.096256256103516,751600
2005-08-19,65.05000305175781,65.2699966430664,64.86000061035156,65.1500015258789,43.22230529785156,574400
2005-08-22,65.30000305175781,65.66999816894531,65.05000305175781,65.66999816894531,43.56730270385742,1269200
2005-08-23,65.77999877929688,65.80000305175781,64.9800033569336,65.61000061035156,43.52748489379883,628000
2005-08-24,65.45999908447266,66.0999984741211,65.0,65.31999969482422,43.33509826660156,546900
2005-08-25,65.55000305175781,65.87000274658203,65.38999938964844,65.77999877929688,43.640281677246094,483400
2005-08-26,65.75,65.75,64.66999816894531,64.69999694824219,42.92375564575195,515700
2005-08-29,64.5999984741211,65.51000213623047,64.30000305175781,65.44999694824219,43.42132568359375,553300
2005-08-30,65.19999694824219,65.3499984741211,64.80000305175781,65.16999816894531,43.23557662963867,714000
2005-08-31,65.25,66.58000183105469,64.9800033569336,66.58000183105469,44.17102813720703,1022900
2005-09-01,66.5,66.94000244140625,66.23999786376953,66.58000183105469,44.17102813720703,760400
2005-09-02,66.69999694824219,66.79000091552734,66.01000213623047,66.19999694824219,43.918907165527344,552300
2005-09-06,66.4000015258789,67.25,66.3499984741211,67.1500015258789,44.549171447753906,580400
2005-09-07,67.1500015258789,67.4000015258789,66.87999725341797,67.36000061035156,44.68848419189453,1204000
2005-09-08,67.19999694824219,67.25,66.58999633789062,66.8499984741211,44.350135803222656,702700
2005-09-09,67.05000305175781,67.38999938964844,66.95999908447266,67.25,44.61549377441406,471300
2005-09-12,67.30000305175781,67.93000030517578,67.06999969482422,67.58999633789062,44.84105682373047,799500
2005-09-13,67.5,67.5,66.83999633789062,67.01000213623047,44.456302642822266,807600
2005-09-14,67.1500015258789,67.25,66.19999694824219,66.3499984741211,44.0184326171875,419800
2005-09-15,66.5,66.55999755859375,66.06999969482422,66.2699966430664,43.96532440185547,414300
2005-09-16,66.69999694824219,67.02999877929688,66.36000061035156,66.87999725341797,44.37004852294922,898600
2005-09-19,68.80999755859375,68.80999755859375,64.93000030517578,66.5199966430664,44.13121032714844,272200
2005-09-20,66.72000122070312,66.83999633789062,65.54000091552734,65.5999984741211,43.52085494995117,1247800
2005-09-21,65.5999984741211,65.5999984741211,64.55999755859375,64.55999755859375,42.830902099609375,919400
2005-09-22,64.66000366210938,65.11000061035156,63.9900016784668,64.9000015258789,43.05644226074219,1293300
2005-09-23,64.5,65.16999816894531,64.13999938964844,65.12000274658203,43.38690948486328,589300
2005-09-26,65.3499984741211,65.72000122070312,65.08000183105469,65.44999694824219,43.60676956176758,500500
2005-09-27,65.4000015258789,65.62000274658203,64.75,65.19999694824219,43.44021224975586,551800
2005-09-28,65.4000015258789,65.4000015258789,64.47000122070312,64.91000366210938,43.24701690673828,622600
2005-09-29,64.94999694824219,65.83999633789062,64.54000091552734,65.77999877929688,43.82664489746094,756600
2005-09-30,65.8499984741211,66.08000183105469,65.54000091552734,65.93000030517578,43.92659378051758,1115100
2005-10-03,66.1500015258789,66.62999725341797,66.05000305175781,66.30999755859375,44.179771423339844,1589800
2005-10-04,66.54000091552734,66.63999938964844,65.30000305175781,65.30000305175781,43.5068473815918,2245800
2005-10-05,65.30000305175781,65.30000305175781,63.650001525878906,63.7400016784668,42.46748352050781,2056100
2005-10-06,63.70000076293945,64.20999908447266,62.650001525878906,63.41999816894531,42.2542610168457,1298900
2005-10-07,63.75,64.05999755859375,63.41999816894531,63.81999969482422,42.52076721191406,1232400
2005-10-10,64.0,64.0,63.119998931884766,63.29999923706055,42.17432403564453,1003200
2005-10-11,63.400001525878906,63.65999984741211,62.38999938964844,62.38999938964844,41.56802749633789,1987600
2005-10-12,62.400001525878906,62.65999984741211,61.130001068115234,61.56999969482422,41.02169418334961,1754800
2005-10-13,61.689998626708984,62.08000183105469,61.060001373291016,61.90999984741211,41.24822235107422,4421000
2005-10-14,62.470001220703125,62.900001525878906,61.59000015258789,62.849998474121094,41.87449264526367,1583600
2005-10-17,62.75,63.11000061035156,62.029998779296875,62.84000015258789,41.86783981323242,2659200
2005-10-18,62.7599983215332,63.04999923706055,61.95000076293945,62.060001373291016,41.34815979003906,869400
2005-10-19,61.849998474121094,63.34000015258789,61.349998474121094,63.31999969482422,42.18764877319336,1266200
2005-10-20,63.400001525878906,63.41999816894531,61.72999954223633,62.29999923706055,41.50806427001953,1238500
2005-10-21,62.400001525878906,63.27000045776367,62.400001525878906,62.900001525878906,41.9078254699707,1028800
2005-10-24,62.90999984741211,64.25,62.90999984741211,64.25,42.80728530883789,925200
2005-10-25,64.19999694824219,64.2300033569336,63.08000183105469,63.790000915527344,42.50079345703125,931000
2005-10-26,63.54999923706055,64.2699966430664,63.11000061035156,63.220001220703125,42.121009826660156,568800
2005-10-27,63.150001525878906,63.18000030517578,61.959999084472656,62.189998626708984,41.43476867675781,1417400
2005-10-28,62.5,63.369998931884766,62.11000061035156,63.150001525878906,42.074378967285156,1343300
2005-10-31,63.79999923706055,64.58999633789062,63.75,63.75,42.4741325378418,1879900
2005-11-01,64.0999984741211,64.37000274658203,63.70000076293945,64.18000030517578,42.760643005371094,642200
2005-11-02,64.05000305175781,65.31999969482422,63.900001525878906,65.31999969482422,43.52016830444336,761000
2005-11-03,66.31999969482422,66.31999969482422,65.0999984741211,65.37000274658203,43.55349349975586,1677600
2005-11-04,65.44999694824219,65.51000213623047,64.77999877929688,65.2699966430664,43.48685836791992,1729800
2005-11-07,65.5,65.8499984741211,65.12000274658203,65.4800033569336,43.626766204833984,514800
2005-11-08,65.30000305175781,65.30999755859375,64.86000061035156,65.23999786376953,43.466854095458984,579700
2005-11-09,65.0999984741211,65.91999816894531,64.94999694824219,65.38999938964844,43.566810607910156,985600
2005-11-10,65.5,66.05000305175781,64.5999984741211,65.83999633789062,43.86663818359375,2112400
2005-11-11,66.05000305175781,66.33999633789062,65.76000213623047,66.19999694824219,44.106483459472656,392300
2005-11-14,66.25,66.2699966430664,65.55999755859375,65.9800033569336,43.95991134643555,412500
2005-11-15,65.94999694824219,66.1500015258789,64.87000274658203,65.02999877929688,43.326942443847656,1513400
2005-11-16,65.0999984741211,65.18000030517578,64.36000061035156,64.93000030517578,43.26032638549805,514400
2005-11-17,65.05000305175781,66.0,65.05000305175781,65.9800033569336,43.95991134643555,518200
2005-11-18,66.30000305175781,66.54000091552734,65.94000244140625,66.4000015258789,44.239723205566406,674000
2005-11-21,66.55000305175781,67.1500015258789,66.0999984741211,67.08000183105469,44.69279861450195,518300
2005-11-22,66.94999694824219,67.4800033569336,66.73999786376953,67.30000305175781,44.839378356933594,959400
2005-11-23,67.1500015258789,67.73999786376953,67.1500015258789,67.5199966430664,44.985939025878906,824200
2005-11-25,67.4000015258789,67.55000305175781,67.22000122070312,67.44999694824219,44.93928527832031,130200
2005-11-28,67.5,67.5,66.36000061035156,66.55000305175781,44.33967208862305,550500
2005-11-29,66.75,67.12999725341797,66.43000030517578,66.69999694824219,44.439613342285156,606400
2005-11-30,66.69999694824219,67.30000305175781,66.62999725341797,66.94999694824219,44.606170654296875,486200
2005-12-01,67.1500015258789,68.37000274658203,67.1500015258789,68.1500015258789,45.405696868896484,2182400
2005-12-02,68.0999984741211,68.19999694824219,67.54000091552734,68.19999694824219,45.43901062011719,1235100
2005-12-05,68.0199966430664,68.04000091552734,67.27999877929688,67.72000122070312,45.11920928955078,1088300
2005-12-06,68.05000305175781,68.37000274658203,67.72000122070312,67.80000305175781,45.17249298095703,581200
2005-12-07,67.8499984741211,67.91999816894531,67.12999725341797,67.48999786376953,44.965965270996094,962400
2005-12-08,67.5,68.13999938964844,67.08000183105469,67.62000274658203,45.05256652832031,1315000
2005-12-09,67.75,68.06999969482422,67.08999633789062,67.93000030517578,45.25910568237305,1937700
2005-12-12,68.25,68.2699966430664,67.6500015258789,68.08000183105469,45.359031677246094,965500
2005-12-13,68.05000305175781,68.33999633789062,67.66000366210938,68.25,45.47229766845703,1498700
2005-12-14,68.30000305175781,68.55999755859375,67.8499984741211,68.19000244140625,45.43234634399414,719600
2005-12-15,68.06999969482422,68.1500015258789,67.0999984741211,67.47000122070312,44.95262908935547,1871900
2005-12-16,67.83999633789062,67.8499984741211,67.2300033569336,67.2300033569336,44.792724609375,830200
2005-12-19,67.30000305175781,67.30000305175781,66.20999908447266,66.44999694824219,44.27302551269531,1019500
2005-12-20,66.4000015258789,66.9000015258789,66.0,66.4000015258789,44.239723205566406,1110000
2005-12-21,66.6500015258789,67.16999816894531,66.56999969482422,66.88999938964844,44.566200256347656,972100
2005-12-22,66.80000305175781,67.08999633789062,66.51000213623047,67.08999633789062,44.929168701171875,1858400
2005-12-23,67.3499984741211,67.3499984741211,67.0999984741211,67.16999816894531,44.98274230957031,574800
2005-12-27,67.4000015258789,67.5,66.26000213623047,66.48999786376953,44.5273551940918,982400
2005-12-28,66.5999984741211,66.83999633789062,66.26000213623047,66.68000030517578,44.654598236083984,1340200
2005-12-29,66.80000305175781,66.95999908447266,66.4000015258789,66.4000015258789,44.46706771850586,580400
2005-12-30,66.0,66.25,65.70999908447266,65.93000030517578,44.1523323059082,1916900
2006-01-03,66.4000015258789,67.25,65.27999877929688,67.2300033569336,45.022918701171875,1662600
2006-01-04,67.25,67.69999694824219,67.0199966430664,67.56999969482422,45.2506217956543,1034400
2006-01-05,67.55000305175781,67.80000305175781,67.25,67.80000305175781,45.40465545654297,1361700
2006-01-06,68.19999694824219,68.5,67.66000366210938,68.38999938964844,45.79976272583008,1063700
2006-01-09,68.5,69.19999694824219,68.45999908447266,68.87000274658203,46.1212158203125,994900
2006-01-10,68.69999694824219,69.55999755859375,68.51000213623047,69.5,46.543094635009766,1166500
2006-01-11,69.66999816894531,69.66999816894531,68.93000030517578,69.48999786376953,46.53641891479492,863400
2006-01-12,69.27999877929688,69.52999877929688,68.91000366210938,69.12999725341797,46.29531478881836,1540100
2006-01-13,69.30000305175781,69.33999633789062,68.83999633789062,69.2300033569336,46.36228942871094,567100
2006-01-17,68.97000122070312,68.97000122070312,68.41999816894531,68.83000183105469,46.09443664550781,1065500
2006-01-18,68.44999694824219,68.91999816894531,68.33000183105469,68.87000274658203,46.1212158203125,1157700
2006-01-19,68.9800033569336,69.97000122070312,68.79000091552734,69.6500015258789,46.643577575683594,1674600
2006-01-20,69.88999938964844,69.88999938964844,68.69000244140625,69.0999984741211,46.275238037109375,2050700
2006-01-23,69.0999984741211,69.52999877929688,69.0,69.29000091552734,46.4024658203125,694100
2006-01-24,69.5,70.44000244140625,69.48999786376953,70.08999633789062,46.93821334838867,1305200
2006-01-25,70.43000030517578,70.58000183105469,69.81999969482422,70.41999816894531,47.15924072265625,1305700
2006-01-26,70.5,71.22000122070312,70.4000015258789,71.16000366210938,47.654781341552734,936400
2006-01-27,71.31999969482422,71.97000122070312,71.06999969482422,71.41999816894531,47.82892990112305,1033400
2006-01-30,71.4000015258789,71.63999938964844,71.08000183105469,71.19999694824219,47.681583404541016,1961600
2006-01-31,71.05000305175781,71.62999725341797,70.76000213623047,71.05000305175781,47.58113479614258,2371200
2006-02-01,71.30000305175781,71.91999816894531,71.19999694824219,71.69000244140625,48.00972366333008,1119200
2006-02-02,71.75,71.75,70.37000274658203,70.77999877929688,47.40029525756836,1522500
2006-02-03,70.55000305175781,71.12000274658203,70.19000244140625,70.5199966430664,47.22618103027344,802200
2006-02-06,70.6500015258789,71.08999633789062,70.23999786376953,71.05000305175781,47.58113479614258,1348700
2006-02-07,71.05000305175781,71.2699966430664,70.0,70.11000061035156,46.95161819458008,1380300
2006-02-08,70.25,70.62999725341797,69.75,70.5999984741211,47.27976608276367,1585200
2006-02-09,70.5999984741211,71.06999969482422,70.0199966430664,70.0199966430664,46.891357421875,958800
2006-02-10,69.94999694824219,70.2300033569336,69.29000091552734,69.98999786376953,46.87126159667969,942100
2006-02-13,70.0,70.0,69.27999877929688,69.5999984741211,46.610069274902344,621200
2006-02-14,69.80000305175781,70.7300033569336,69.16999816894531,70.56999969482422,47.259674072265625,1055200
2006-02-15,69.95999908447266,71.02999877929688,69.95999908447266,71.02999877929688,47.56771469116211,821100
2006-02-16,71.3499984741211,71.68000030517578,71.05000305175781,71.62999725341797,47.96952819824219,1470900
2006-02-17,71.69999694824219,71.75,71.22000122070312,71.5199966430664,47.89586639404297,630800
2006-02-21,71.75,71.7699966430664,70.75,71.33000183105469,47.768638610839844,388800
2006-02-22,71.4000015258789,71.94999694824219,71.05999755859375,71.79000091552734,48.07668685913086,925200
2006-02-23,71.69999694824219,72.19000244140625,71.29000091552734,71.58000183105469,47.93605422973633,1095500
2006-02-24,71.69999694824219,72.26000213623047,71.33000183105469,72.25,48.38473892211914,777800
2006-02-27,72.33000183105469,72.75,72.2300033569336,72.3499984741211,48.451744079589844,1154500
2006-02-28,72.3499984741211,72.3499984741211,71.31999969482422,71.33999633789062,47.77533721923828,986300
2006-03-01,71.44999694824219,72.6500015258789,71.44999694824219,72.54000091552734,48.57896423339844,908300
2006-03-02,72.5,72.62999725341797,71.9000015258789,72.44000244140625,48.51198196411133,3180800
2006-03-03,72.0999984741211,72.91000366210938,71.9800033569336,72.02999877929688,48.23740768432617,1532400
2006-03-06,72.0999984741211,72.26000213623047,71.36000061035156,71.61000061035156,47.95615768432617,743600
2006-03-07,71.01000213623047,71.12999725341797,70.43000030517578,70.54000091552734,47.23958206176758,515600
2006-03-08,70.44999694824219,71.0199966430664,69.93000030517578,70.87999725341797,47.467262268066406,1119500
2006-03-09,70.80000305175781,71.25,70.31999969482422,70.37000274658203,47.125732421875,1153700
2006-03-10,70.5,71.44000244140625,70.2300033569336,71.44000244140625,47.84230422973633,642000
2006-03-13,71.80000305175781,72.0999984741211,71.22000122070312,71.51000213623047,47.88917541503906,848200
2006-03-14,71.30000305175781,72.44999694824219,71.0999984741211,72.4000015258789,48.48521423339844,1270700
2006-03-15,72.30000305175781,73.11000061035156,72.18000030517578,72.97000122070312,48.866920471191406,1065000
2006-03-16,73.30000305175781,73.55999755859375,72.93000030517578,73.04000091552734,48.91380310058594,731700
2006-03-17,73.25,73.47000122070312,72.81999969482422,73.20999908447266,49.027652740478516,2297500
2006-03-20,73.30000305175781,73.4000015258789,72.69999694824219,73.1500015258789,48.98748016357422,1336100
2006-03-21,73.05000305175781,73.48999786376953,71.9800033569336,72.0,48.21733474731445,845100
2006-03-22,71.94999694824219,73.12999725341797,71.77999877929688,72.81999969482422,48.76646041870117,818000
2006-03-23,72.93000030517578,73.25,72.62000274658203,73.25,49.054439544677734,536500
2006-03-24,73.05000305175781,73.62000274658203,72.86000061035156,73.58999633789062,49.4549446105957,548500
2006-03-27,73.6500015258789,73.72000122070312,73.19000244140625,73.72000122070312,49.542327880859375,504900
2006-03-28,73.6500015258789,74.04000091552734,73.12999725341797,73.33000183105469,49.28023147583008,497000
2006-03-29,73.6500015258789,74.77999877929688,73.55999755859375,74.7699966430664,50.247955322265625,1111100
2006-03-30,74.8499984741211,75.05000305175781,74.13999938964844,74.56999969482422,50.11354446411133,902300
2006-03-31,74.6500015258789,74.76000213623047,74.06999969482422,74.73999786376953,50.22780227661133,1588700
2006-04-03,74.8499984741211,75.20999908447266,74.13999938964844,74.30000305175781,49.932098388671875,666700
2006-04-04,74.1500015258789,74.81999969482422,73.91999816894531,74.51000213623047,50.07324981689453,871000
2006-04-05,74.5999984741211,74.8499984741211,74.08999633789062,74.66999816894531,50.180755615234375,1925200
2006-04-06,74.69999694824219,74.9000015258789,74.29000091552734,74.9000015258789,50.335323333740234,537000
2006-04-07,75.1500015258789,75.37999725341797,73.62999725341797,73.70999908447266,49.53560256958008,535900
2006-04-10,73.80000305175781,74.12000274658203,73.20999908447266,73.5,49.39448165893555,1717400
2006-04-11,73.6500015258789,73.77999877929688,72.19000244140625,72.33999633789062,48.61491394042969,1351000
2006-04-12,72.44999694824219,73.0999984741211,72.44999694824219,73.01000213623047,49.065185546875,753000
2006-04-13,73.0,73.54000091552734,72.51000213623047,73.30000305175781,49.260074615478516,775100
2006-04-17,73.19999694824219,73.45999908447266,72.55999755859375,73.0,49.058467864990234,654600
2006-04-18,73.55000305175781,75.19999694824219,73.41000366210938,75.19999694824219,50.53695297241211,1462400
2006-04-19,75.3499984741211,75.91999816894531,74.95999908447266,75.9000015258789,51.007347106933594,501400
2006-04-20,76.55000305175781,76.55000305175781,74.79000091552734,75.4000015258789,50.67133331298828,1276700
2006-04-21,75.8499984741211,75.95999908447266,74.94000244140625,75.29000091552734,50.59741973876953,559200
2006-04-24,75.25,75.4000015258789,74.45999908447266,74.69999694824219,50.200931549072266,515300
2006-04-25,74.9000015258789,74.9000015258789,74.19999694824219,74.80000305175781,50.26811981201172,1675400
2006-04-26,74.8499984741211,75.5,74.63999938964844,75.01000213623047,50.40925598144531,916200
2006-04-27,74.4000015258789,75.61000061035156,73.83000183105469,74.44999694824219,50.032894134521484,1181300
2006-04-28,74.30000305175781,75.16000366210938,74.1500015258789,74.98999786376953,50.395790100097656,1632100
2006-05-01,75.44999694824219,75.52999877929688,74.38999938964844,74.38999938964844,49.99257278442383,885500
2006-05-02,74.75,75.5,74.43000030517578,75.5,50.73855972290039,453200
2006-05-03,75.44999694824219,75.69999694824219,74.86000061035156,75.43000030517578,50.69148635864258,1145200
2006-05-04,75.55000305175781,76.23999786376953,75.54000091552734,76.23999786376953,51.235862731933594,461600
2006-05-05,76.6500015258789,77.22000122070312,76.45999908447266,76.76000213623047,51.5853157043457,1662000
2006-05-08,76.75,76.9800033569336,75.9000015258789,76.83999633789062,51.639060974121094,738600
2006-05-09,76.76000213623047,76.95999908447266,76.55999755859375,76.86000061035156,51.652503967285156,265100
2006-05-10,76.6500015258789,76.69999694824219,75.94999694824219,76.44000244140625,51.37025833129883,1245000
2006-05-11,76.25,76.30000305175781,74.58999633789062,74.83999633789062,50.29499816894531,867600
2006-05-12,74.26000213623047,74.30000305175781,73.0,73.06999969482422,49.105506896972656,1796100
2006-05-15,72.55000305175781,73.11000061035156,72.05000305175781,72.91000366210938,48.99797821044922,933500
2006-05-16,73.05000305175781,73.47000122070312,72.62000274658203,73.01000213623047,49.065185546875,552400
2006-05-17,72.30000305175781,72.75,71.62999725341797,71.87000274658203,48.299072265625,1440600
2006-05-18,72.19999694824219,72.61000061035156,71.02999877929688,71.12000274658203,47.79503631591797,1078500
2006-05-19,71.19999694824219,72.1500015258789,70.5999984741211,72.04000091552734,48.41332244873047,1723500
2006-05-22,71.25,71.83999633789062,70.30000305175781,71.27999877929688,47.90258026123047,1303200
2006-05-23,72.0,72.36000061035156,70.30000305175781,70.38999938964844,47.304439544677734,887300
2006-05-24,70.5999984741211,71.43000030517578,69.38999938964844,71.06999969482422,47.761444091796875,989200
2006-05-25,71.55000305175781,72.55000305175781,71.29000091552734,72.48999786376953,48.715721130371094,1057100
2006-05-26,72.69999694824219,72.83999633789062,72.23999786376953,72.73999786376953,48.88373947143555,554200
2006-05-30,72.30000305175781,72.3499984741211,70.66999816894531,70.7699966430664,47.55982971191406,740900
2006-05-31,71.0,71.98999786376953,70.86000061035156,71.98999786376953,48.379703521728516,817000
2006-06-01,72.0,73.44999694824219,71.80000305175781,73.44999694824219,49.360877990722656,672800
2006-06-02,73.80000305175781,73.98999786376953,72.83000183105469,73.5,49.39448165893555,3975100
2006-06-05,73.0999984741211,73.30000305175781,71.12000274658203,71.44999694824219,48.016780853271484,1121800
2006-06-06,71.3499984741211,71.41999816894531,70.16000366210938,71.1500015258789,47.81520080566406,1388000
2006-06-07,71.0,72.0999984741211,70.45999908447266,70.63999938964844,47.47245407104492,975000
2006-06-08,70.19999694824219,71.04000091552734,68.66999816894531,70.91999816894531,47.660614013671875,2622300
2006-06-09,71.19999694824219,71.55000305175781,70.0,70.19000244140625,47.17005157470703,766400
2006-06-12,70.30000305175781,70.30000305175781,68.55000305175781,68.70999908447266,46.17543029785156,1608000
2006-06-13,68.25,69.43000030517578,67.55000305175781,67.62000274658203,45.44291687011719,1028800
2006-06-14,67.5999984741211,68.41999816894531,67.37999725341797,68.33000183105469,45.92005920410156,1151800
2006-06-15,68.94999694824219,70.70999908447266,68.86000061035156,70.58000183105469,47.432132720947266,1876100
2006-06-16,70.19000244140625,70.3499984741211,69.29000091552734,69.61000061035156,46.78025436401367,879800
2006-06-19,69.75,69.83000183105469,68.22000122070312,68.33000183105469,45.92005920410156,1775300
2006-06-20,68.55000305175781,69.11000061035156,68.13999938964844,68.16999816894531,45.812530517578125,1590600
2006-06-21,68.1500015258789,69.72000122070312,68.08000183105469,69.47000122070312,46.686180114746094,1303400
2006-06-22,68.6500015258789,69.11000061035156,68.44000244140625,68.9000015258789,46.44483947753906,2349800
2006-06-23,68.55000305175781,69.4800033569336,68.31999969482422,69.13999938964844,46.60667419433594,1475200
2006-06-26,69.66000366210938,70.05000305175781,69.4000015258789,70.05000305175781,47.22007369995117,767300
2006-06-27,70.12999725341797,70.30999755859375,68.58000183105469,68.88999938964844,46.43811798095703,1660800
2006-06-28,68.9000015258789,69.25,68.16999816894531,69.25,46.6807975769043,925700
2006-06-29,69.75,71.80000305175781,69.62000274658203,71.80000305175781,48.399742126464844,2753100
2006-06-30,72.1500015258789,72.37000274658203,71.05999755859375,72.37000274658203,48.78395080566406,3213900
2006-07-03,72.3499984741211,73.0,72.08000183105469,73.0,49.208648681640625,1295500
2006-07-05,72.5,72.5,71.44000244140625,72.08000183105469,48.588470458984375,1623700
2006-07-06,72.27999877929688,72.70999908447266,71.81999969482422,72.33000183105469,48.756988525390625,1109200
2006-07-07,71.76000213623047,72.43000030517578,71.18000030517578,71.4000015258789,48.130104064941406,870100
2006-07-10,71.55000305175781,72.16000366210938,71.29000091552734,71.56999969482422,48.244667053222656,695400
2006-07-11,71.19999694824219,72.2300033569336,70.77999877929688,72.2300033569336,48.68960952758789,1247000
2006-07-12,71.94999694824219,72.0999984741211,70.69000244140625,70.87000274658203,47.77281951904297,1163900
2006-07-13,70.33000183105469,70.68000030517578,69.26000213623047,69.30000305175781,46.71448516845703,1940600
2006-07-14,69.3499984741211,69.4000015258789,68.37000274658203,68.9000015258789,46.44483947753906,1259000
2006-07-17,69.13999938964844,69.55999755859375,68.54000091552734,69.04000091552734,46.539241790771484,814200
2006-07-18,69.4000015258789,69.63999938964844,68.4000015258789,69.62999725341797,46.93694305419922,1086300
2006-07-19,69.6500015258789,71.43000030517578,69.44999694824219,71.08999633789062,47.921119689941406,1647600
2006-07-20,71.62000274658203,71.75,69.4000015258789,69.4000015258789,46.781898498535156,1152500
2006-07-21,69.19999694824219,69.19999694824219,68.19999694824219,68.56999969482422,46.222412109375,1151100
2006-07-24,69.25,70.62000274658203,69.22000122070312,70.62000274658203,47.60429000854492,1039500
2006-07-25,70.44999694824219,71.43000030517578,70.19999694824219,70.80000305175781,47.725643157958984,1576900
2006-07-26,70.75,71.3499984741211,69.9000015258789,70.76000213623047,47.69865798950195,1330500
2006-07-27,71.3499984741211,71.5,69.83000183105469,70.0999984741211,47.253761291503906,2552600
2006-07-28,70.5199966430664,71.5999984741211,70.37000274658203,71.5999984741211,48.264923095703125,947900
2006-07-31,71.23999786376953,71.58000183105469,70.88999938964844,71.5,48.1974983215332,999400
2006-08-01,70.8499984741211,70.9000015258789,70.12000274658203,70.54000091552734,47.55036544799805,746900
2006-08-02,70.80000305175781,71.51000213623047,70.70999908447266,71.30000305175781,48.06268310546875,940400
2006-08-03,70.5,72.02999877929688,70.31999969482422,71.9000015258789,48.46712875366211,755700
2006-08-04,72.80000305175781,73.08999633789062,70.97000122070312,71.54000091552734,48.224464416503906,2507800
2006-08-07,71.25,71.5,70.87000274658203,71.3499984741211,48.096397399902344,343700
2006-08-08,71.55000305175781,71.87999725341797,70.19999694824219,70.19999694824219,47.321197509765625,984500
2006-08-09,70.94999694824219,71.2699966430664,69.70999908447266,69.75,47.01782989501953,667200
2006-08-10,69.37999725341797,70.70999908447266,69.0999984741211,70.2300033569336,47.34138870239258,1127600
2006-08-11,69.9800033569336,70.11000061035156,69.45999908447266,69.76000213623047,47.02457046508789,857700
2006-08-14,70.19999694824219,70.9800033569336,69.83999633789062,70.0999984741211,47.253761291503906,655100
2006-08-15,71.0,71.58000183105469,70.88999938964844,71.58000183105469,48.251426696777344,885400
2006-08-16,72.0199966430664,72.43000030517578,71.55999755859375,72.37999725341797,48.79067611694336,870700
2006-08-17,72.22000122070312,72.81999969482422,72.08000183105469,72.55000305175781,48.90529251098633,884000
2006-08-18,72.69999694824219,72.83000183105469,71.94999694824219,72.69999694824219,49.00638198852539,575000
2006-08-21,72.3499984741211,72.3499984741211,71.80999755859375,72.16000366210938,48.64239501953125,1620600
2006-08-22,72.0,72.44000244140625,71.8499984741211,72.2699966430664,48.71653747558594,3068500
2006-08-23,72.37000274658203,72.61000061035156,71.12999725341797,71.52999877929688,48.217716217041016,531200
2006-08-24,71.81999969482422,71.81999969482422,70.94999694824219,71.44000244140625,48.15705108642578,636800
2006-08-25,71.4000015258789,71.94000244140625,71.20999908447266,71.4000015258789,48.130104064941406,519000
2006-08-28,71.55000305175781,72.29000091552734,71.43000030517578,72.16000366210938,48.64239501953125,850200
2006-08-29,72.37999725341797,73.12999725341797,71.81999969482422,73.12999725341797,49.29627227783203,1004800
2006-08-30,73.19999694824219,73.75,72.94999694824219,73.5,49.54567337036133,1081900
2006-08-31,73.91000366210938,74.05000305175781,73.44999694824219,73.58000183105469,49.59959411621094,778600
2006-09-01,73.91000366210938,74.04000091552734,73.3499984741211,73.69000244140625,49.67375183105469,450800
2006-09-05,73.80000305175781,74.3499984741211,73.5999984741211,74.20999908447266,50.02427673339844,467200
2006-09-06,73.75,73.75,72.80999755859375,72.80999755859375,49.0805549621582,1130000
2006-09-07,72.48999786376953,73.0199966430664,72.16000366210938,72.26000213623047,48.70981216430664,735900
2006-09-08,72.44999694824219,72.7300033569336,72.19000244140625,72.61000061035156,48.94575119018555,242800
2006-09-11,72.33000183105469,72.91999816894531,71.83999633789062,72.83999633789062,49.10077667236328,646700
2006-09-12,73.04000091552734,74.33000183105469,72.69999694824219,74.2699966430664,50.06472396850586,1416000
2006-09-13,74.23999786376953,74.86000061035156,74.06999969482422,74.83000183105469,50.442230224609375,348800
2006-09-14,74.5,74.62000274658203,74.0,74.54000091552734,50.24674987792969,686600
2006-09-15,74.8499984741211,75.0,74.23999786376953,74.69999694824219,50.35460662841797,1196900
2006-09-18,74.5199966430664,74.9800033569336,74.12000274658203,74.69000244140625,50.34785079956055,1097000
2006-09-19,74.62000274658203,74.62000274658203,73.19000244140625,74.20999908447266,50.02427673339844,1073400
2006-09-20,74.8499984741211,75.45999908447266,74.7300033569336,75.11000061035156,50.63095474243164,601400
2006-09-21,75.37999725341797,75.52999877929688,74.08000183105469,74.44999694824219,50.18605422973633,522200
2006-09-22,74.0199966430664,74.2699966430664,73.12000274658203,73.5999984741211,49.613094329833984,931800
2006-09-25,73.75,74.80999755859375,73.30999755859375,74.62999725341797,50.307403564453125,654200
2006-09-26,74.1500015258789,74.76000213623047,73.95999908447266,74.41000366210938,50.409019470214844,559600
2006-09-27,74.30000305175781,74.91000366210938,74.05000305175781,74.73999786376953,50.63258361816406,890800
2006-09-28,75.0,75.12999725341797,74.2300033569336,74.55999755859375,50.51063537597656,1672700
2006-09-29,74.69999694824219,74.87999725341797,73.69999694824219,73.75,49.9619026184082,1441200
2006-10-02,73.75,74.05000305175781,72.95999908447266,73.31999969482422,49.670589447021484,1050400
2006-10-03,72.91999816894531,73.77999877929688,72.62000274658203,73.1500015258789,49.55543899536133,1412800
2006-10-04,73.0999984741211,74.94000244140625,73.08999633789062,74.69999694824219,50.60546875,915800
2006-10-05,74.94999694824219,75.73999786376953,74.69999694824219,75.5999984741211,51.21519470214844,936400
2006-10-06,75.3499984741211,75.58999633789062,74.73999786376953,75.22000122070312,50.95774459838867,1121100
2006-10-09,75.16999816894531,75.86000061035156,74.77999877929688,75.80999755859375,51.35744094848633,509700
2006-10-10,75.80999755859375,76.0,75.3499984741211,75.81999969482422,51.364219665527344,583600
2006-10-11,75.44999694824219,75.93000030517578,74.70999908447266,75.33000183105469,51.03227615356445,704800
2006-10-12,75.76000213623047,76.83000183105469,75.66000366210938,76.69999694824219,51.96037292480469,752000
2006-10-13,76.94999694824219,77.4000015258789,76.68000030517578,77.4000015258789,52.4345817565918,782000
2006-10-16,77.4000015258789,77.94999694824219,77.16999816894531,77.80000305175781,52.7055778503418,888100
2006-10-17,77.44999694824219,77.68000030517578,76.87000274658203,77.48999786376953,52.495567321777344,931800
2006-10-18,78.0999984741211,78.19000244140625,77.16999816894531,77.4000015258789,52.4345817565918,858400
2006-10-19,77.19000244140625,77.93000030517578,77.0999984741211,77.72000122070312,52.651371002197266,391800
2006-10-20,77.97000122070312,77.97000122070312,77.0199966430664,77.12000274658203,52.244895935058594,880300
2006-10-23,77.01000213623047,77.75,76.66999816894531,77.41000366210938,52.441383361816406,800400
2006-10-24,77.0,77.4000015258789,76.87999725341797,77.26000213623047,52.339744567871094,912900
2006-10-25,77.33999633789062,77.8499984741211,76.87999725341797,77.73999786376953,52.6649284362793,618300
2006-10-26,78.13999938964844,78.5,77.33999633789062,78.37999725341797,53.098472595214844,961100
2006-10-27,78.37000274658203,78.4800033569336,77.31999969482422,77.4000015258789,52.4345817565918,864800
2006-10-30,77.69999694824219,78.18000030517578,76.9800033569336,78.08999633789062,52.90203857421875,1336600
2006-10-31,78.19999694824219,78.26000213623047,77.0999984741211,77.61000061035156,52.57685089111328,1226400
2006-11-01,77.9800033569336,77.9800033569336,76.12000274658203,76.12000274658203,51.56745147705078,1617100
2006-11-02,75.55000305175781,76.37999725341797,75.55000305175781,75.83000183105469,51.37098693847656,1632300
2006-11-03,76.41000366210938,76.68000030517578,75.66000366210938,76.16999816894531,51.601318359375,1021100
2006-11-06,76.9000015258789,77.48999786376953,76.30000305175781,77.0999984741211,52.23134231567383,724200
2006-11-07,77.30000305175781,78.08999633789062,77.16999816894531,77.43000030517578,52.45491027832031,1089700
2006-11-08,76.80000305175781,78.16999816894531,76.66999816894531,77.94999694824219,52.807167053222656,948900
2006-11-09,78.45999908447266,78.45999908447266,76.81999969482422,77.19000244140625,52.29232406616211,618900
2006-11-10,77.3499984741211,78.05000305175781,77.11000061035156,78.05000305175781,52.87491989135742,821900
2006-11-13,78.0,78.44999694824219,77.73999786376953,78.23999786376953,53.00362777709961,737500
2006-11-14,78.58000183105469,79.73999786376953,77.9800033569336,79.73999786376953,54.01982116699219,2504700
2006-11-15,79.69999694824219,80.48999786376953,79.55000305175781,80.19999694824219,54.33145523071289,1381400
2006-11-16,80.76000213623047,80.76000213623047,79.88999938964844,80.16999816894531,54.31114959716797,1184800
2006-11-17,80.16999816894531,80.16999816894531,79.44999694824219,80.16999816894531,54.31114959716797,1637000
2006-11-20,80.05999755859375,80.38999938964844,79.69999694824219,80.2699966430664,54.378841400146484,1473300
2006-11-21,80.0,80.4000015258789,79.9000015258789,80.37999725341797,54.45338439941406,2051100
2006-11-22,80.62999725341797,80.62999725341797,80.11000061035156,80.5,54.53469467163086,1060600
2006-11-24,79.8499984741211,80.5,79.72000122070312,80.0,54.19594955444336,259000
2006-11-27,80.13999938964844,80.13999938964844,78.20999908447266,78.26000213623047,53.017189025878906,1489900
2006-11-28,77.75,78.76000213623047,77.75,78.70999908447266,53.32205581665039,1373600
2006-11-29,79.1500015258789,79.76000213623047,78.91999816894531,79.66000366210938,53.965633392333984,795300
2006-11-30,79.41000366210938,80.18000030517578,79.11000061035156,79.62000274658203,53.93853759765625,783900
2006-12-01,79.91999816894531,79.93000030517578,78.38999938964844,79.37999725341797,53.77593231201172,1120600
2006-12-04,79.69999694824219,80.87999725341797,78.97000122070312,80.81999969482422,54.75147247314453,1933600
2006-12-05,81.0,81.26000213623047,80.6500015258789,80.88999938964844,54.79888916015625,1529400
2006-12-06,80.75,80.9800033569336,80.33000183105469,80.55999755859375,54.5753173828125,1575800
2006-12-07,80.91000366210938,80.93000030517578,80.06999969482422,80.06999969482422,54.24337387084961,1260300
2006-12-08,79.83000183105469,80.68000030517578,79.63999938964844,80.19999694824219,54.33145523071289,1890400
2006-12-11,80.06999969482422,80.55999755859375,79.93000030517578,80.5,54.53469467163086,1761900
2006-12-12,80.55000305175781,80.55000305175781,79.63999938964844,80.16999816894531,54.31114959716797,1611600
2006-12-13,80.55000305175781,80.61000061035156,79.88999938964844,80.41000366210938,54.473731994628906,1193700
2006-12-14,80.48999786376953,81.30000305175781,80.33000183105469,80.76000213623047,54.71083068847656,1864400
2006-12-15,80.76000213623047,81.29000091552734,80.69999694824219,80.7699966430664,54.71756362915039,1981400
2006-12-18,81.23999786376953,81.23999786376953,79.4800033569336,79.76000213623047,54.03338623046875,1439800
2006-12-19,79.05000305175781,79.93000030517578,79.01000213623047,79.7699966430664,54.0401496887207,1681700
2006-12-20,79.75,79.95999908447266,79.37000274658203,79.76000213623047,54.33034896850586,3293200
2006-12-21,79.9000015258789,80.12999725341797,79.16999816894531,79.33000183105469,54.03742980957031,3171700
2006-12-22,79.58999633789062,79.58999633789062,78.88999938964844,79.06999969482422,53.860328674316406,1285800
2006-12-26,79.30000305175781,80.16999816894531,79.18000030517578,80.1500015258789,54.59600830078125,2003400
2006-12-27,80.52999877929688,81.16999816894531,80.29000091552734,81.12000274658203,55.25674057006836,1588700
2006-12-28,81.1500015258789,81.2300033569336,80.6500015258789,80.87999725341797,55.09324264526367,1372200
2006-12-29,81.01000213623047,81.01000213623047,79.9000015258789,80.04000091552734,54.52104949951172,1421300
2007-01-03,80.9000015258789,81.16999816894531,79.31999969482422,80.23999786376953,54.657283782958984,2023400
2007-01-04,80.27999877929688,80.54000091552734,79.29000091552734,80.36000061035156,54.739036560058594,3182500
2007-01-05,80.12000274658203,80.12000274658203,78.58999633789062,78.72000122070312,53.62189483642578,2629000
2007-01-08,78.98999786376953,79.0199966430664,77.97000122070312,78.7300033569336,53.628719329833984,2054200
2007-01-09,78.66999816894531,79.0999984741211,77.97000122070312,79.01000213623047,53.819427490234375,2351200
2007-01-10,78.69999694824219,79.16000366210938,78.44999694824219,79.16000366210938,53.921627044677734,1941300
2007-01-11,79.36000061035156,80.29000091552734,79.12999725341797,79.86000061035156,54.39845657348633,1411200
2007-01-12,80.0999984741211,80.75,79.9000015258789,80.75,55.00468826293945,1433000
2007-01-16,80.79000091552734,81.0199966430664,79.94999694824219,80.06999969482422,54.54148864746094,1873100
2007-01-17,80.04000091552734,80.41999816894531,79.7699966430664,79.88999938964844,54.41887664794922,1828800
2007-01-18,79.6500015258789,79.75,78.80000305175781,78.9800033569336,53.79899597167969,2102900
2007-01-19,78.75,79.79000091552734,78.66000366210938,79.55000305175781,54.18729782104492,1347100
2007-01-22,79.73999786376953,79.73999786376953,78.7300033569336,79.01000213623047,53.819427490234375,1721700
2007-01-23,78.8499984741211,80.02999877929688,78.80999755859375,79.62000274658203,54.2349739074707,3066400
2007-01-24,79.86000061035156,80.58999633789062,79.72000122070312,80.4800033569336,54.82077407836914,1913100
2007-01-25,80.72000122070312,80.72000122070312,79.22000122070312,79.45999908447266,54.1259765625,2028100
2007-01-26,79.51000213623047,80.04000091552734,78.86000061035156,79.7300033569336,54.30988693237305,2307600
2007-01-29,79.91999816894531,80.76000213623047,79.80000305175781,80.5199966430664,54.8480110168457,2765000
2007-01-30,80.7699966430664,81.44000244140625,79.70999908447266,80.9800033569336,55.16134262084961,1321800
2007-01-31,81.0199966430664,81.63999938964844,80.5199966430664,81.22000122070312,55.32484436035156,2298100
2007-02-01,81.58000183105469,82.0,81.2300033569336,82.0,55.85612869262695,1620100
2007-02-02,81.98999786376953,82.23999786376953,81.7699966430664,82.0199966430664,55.8697624206543,1342500
2007-02-05,82.16999816894531,82.23999786376953,81.56999969482422,81.9800033569336,55.84251022338867,2126100
2007-02-06,82.30999755859375,82.37000274658203,81.68000030517578,82.37000274658203,56.10817337036133,1434900
2007-02-07,82.62999725341797,83.2300033569336,82.18000030517578,83.2300033569336,56.693992614746094,1493100
2007-02-08,82.69999694824219,82.93000030517578,82.44999694824219,82.93000030517578,56.489627838134766,1299900
2007-02-09,82.95999908447266,82.95999908447266,81.38999938964844,82.01000213623047,55.86296844482422,1671200
2007-02-12,82.18000030517578,82.18000030517578,81.4800033569336,81.9000015258789,55.78800964355469,1685000
2007-02-13,82.16000366210938,82.58000183105469,81.9000015258789,82.58000183105469,56.251243591308594,1275900
2007-02-14,82.7300033569336,83.12000274658203,82.37999725341797,82.58000183105469,56.251243591308594,1099400
2007-02-15,82.55999755859375,82.86000061035156,82.25,82.5199966430664,56.2103385925293,1151800
2007-02-16,82.55000305175781,82.87000274658203,82.02999877929688,82.7699966430664,56.380645751953125,1191200
2007-02-20,82.81999969482422,83.70999908447266,82.1500015258789,83.55999755859375,56.918785095214844,1347000
2007-02-21,83.3499984741211,83.61000061035156,82.98999786376953,83.51000213623047,56.884727478027344,1292500
2007-02-22,83.7300033569336,83.83000183105469,83.0,83.73999786376953,57.04140090942383,1144200
2007-02-23,83.75,83.75,83.0,83.30000305175781,56.741661071777344,1048200
2007-02-26,83.58999633789062,83.72000122070312,82.43000030517578,83.05999755859375,56.57817840576172,1917900
2007-02-27,81.30999755859375,82.1500015258789,79.5,79.5,54.15322494506836,5103100
2007-02-28,79.88999938964844,80.69000244140625,79.22000122070312,80.18000030517578,54.616424560546875,2095800
2007-03-01,79.0199966430664,80.61000061035156,78.33000183105469,79.80000305175781,54.35757064819336,3273700
2007-03-02,79.76000213623047,79.93000030517578,78.3499984741211,78.3499984741211,53.36986541748047,3502000
2007-03-05,77.41000366210938,78.81999969482422,76.55999755859375,76.69000244140625,52.2391242980957,2055800
2007-03-06,77.94000244140625,79.27999877929688,77.68000030517578,78.79000091552734,53.66960906982422,2083700
2007-03-07,78.88999938964844,79.20999908447266,78.33000183105469,78.41000366210938,53.4107551574707,1528800
2007-03-08,79.5199966430664,80.37000274658203,78.8499984741211,79.37999725341797,54.07147216796875,1548400
2007-03-09,79.79000091552734,79.80999755859375,79.0,79.77999877929688,54.34393310546875,1176200
2007-03-12,79.2699966430664,80.12000274658203,79.2699966430664,79.93000030517578,54.44612503051758,1133400
2007-03-13,79.36000061035156,79.56999969482422,77.76000213623047,77.91000366210938,53.0701789855957,1611100
2007-03-14,77.83999633789062,78.83999633789062,77.18000030517578,78.83999633789062,53.703643798828125,2601800
2007-03-15,78.72000122070312,79.68000030517578,78.72000122070312,79.62000274658203,54.2349739074707,1276200
2007-03-16,79.83000183105469,79.83000183105469,78.83000183105469,78.94999694824219,53.778564453125,845700
2007-03-19,79.5199966430664,80.19000244140625,79.44999694824219,79.9800033569336,54.48019027709961,1176300
2007-03-20,79.88999938964844,80.56999969482422,79.72000122070312,80.56999969482422,54.88206481933594,1118300
2007-03-21,80.8499984741211,82.19000244140625,80.44000244140625,82.0999984741211,55.92427062988281,1536900
2007-03-22,82.2699966430664,82.33999633789062,81.58000183105469,81.83999633789062,55.74716567993164,1357800
2007-03-23,81.56999969482422,81.87000274658203,81.48999786376953,81.77999877929688,55.87833023071289,1149300
2007-03-26,81.62999725341797,82.2699966430664,80.91999816894531,81.4000015258789,55.61870574951172,1461600
2007-03-27,81.31999969482422,81.55000305175781,80.69000244140625,81.04000091552734,55.372745513916016,1627400
2007-03-28,80.66000366210938,80.9000015258789,79.97000122070312,80.36000061035156,54.908103942871094,1542900
2007-03-29,81.13999938964844,81.13999938964844,79.94999694824219,80.68000030517578,55.126739501953125,1124000
2007-03-30,80.87000274658203,81.33999633789062,80.22000122070312,81.0,55.345401763916016,1446000
2007-04-02,80.9800033569336,81.26000213623047,80.66999816894531,81.2300033569336,55.50257110595703,994000
2007-04-03,81.30000305175781,82.30000305175781,81.30000305175781,82.18000030517578,56.151649475097656,1794100
2007-04-04,81.91999816894531,82.12999725341797,81.58999633789062,81.8499984741211,55.92619323730469,1032000
2007-04-05,81.9000015258789,82.1500015258789,81.80000305175781,81.8499984741211,55.92619323730469,1009900
2007-04-09,82.0199966430664,82.18000030517578,81.66000366210938,81.91000366210938,55.967193603515625,1976000
2007-04-10,81.87000274658203,82.31999969482422,81.75,82.13999938964844,56.12432861328125,1418400
2007-04-11,82.26000213623047,82.26000213623047,80.9800033569336,81.44000244140625,55.64605712890625,2175400
2007-04-12,81.23999786376953,82.19000244140625,80.80999755859375,81.95999908447266,56.001338958740234,988900
2007-04-13,82.08000183105469,82.4800033569336,81.70999908447266,82.4800033569336,56.356632232666016,2652000
2007-04-16,82.97000122070312,83.69000244140625,82.80999755859375,83.51000213623047,57.060401916503906,1062500
2007-04-17,83.73999786376953,83.73999786376953,83.08000183105469,83.41999816894531,56.99892807006836,1154200
2007-04-18,83.1500015258789,83.36000061035156,82.83000183105469,82.83000183105469,56.595802307128906,1281400
2007-04-19,82.2300033569336,82.87000274658203,81.97000122070312,82.41000366210938,56.30881118774414,1563200
2007-04-20,82.95999908447266,83.54000091552734,82.93000030517578,83.4000015258789,56.985260009765625,2046800
2007-04-23,83.30000305175781,83.62999725341797,82.9800033569336,83.33999633789062,56.944271087646484,1031200
2007-04-24,83.22000122070312,83.4800033569336,82.48999786376953,83.26000213623047,56.88960647583008,1373800
2007-04-25,83.72000122070312,84.06999969482422,83.1500015258789,83.5999984741211,57.12189483642578,1362400
2007-04-26,83.68000030517578,84.02999877929688,83.18000030517578,83.77999877929688,57.244911193847656,1380900
2007-04-27,83.54000091552734,83.62000274658203,82.9800033569336,83.33000183105469,56.93743896484375,776600
2007-04-30,83.52999877929688,83.54000091552734,81.47000122070312,81.55000305175781,55.721187591552734,1884900
2007-05-01,81.94999694824219,82.16000366210938,81.1500015258789,82.08000183105469,56.08335494995117,1817700
2007-05-02,82.05000305175781,83.37000274658203,81.9000015258789,83.02999877929688,56.73244857788086,1452400
2007-05-03,83.23999786376953,83.51000213623047,82.94999694824219,83.13999938964844,56.80764389038086,1179000
2007-05-04,83.44000244140625,83.62000274658203,83.0999984741211,83.58000183105469,57.1082763671875,1329200
2007-05-07,83.5199966430664,83.93000030517578,83.5199966430664,83.6500015258789,57.156097412109375,1236100
2007-05-08,83.30999755859375,83.58000183105469,82.54000091552734,83.4000015258789,56.985260009765625,1017300
2007-05-09,83.06999969482422,84.12000274658203,82.83000183105469,83.45999908447266,57.0262565612793,1303700
2007-05-10,83.30000305175781,83.30999755859375,82.16999816894531,82.5,56.37031555175781,2393700
2007-05-11,82.75,83.5,82.6500015258789,83.25,56.882781982421875,1155600
2007-05-14,83.23999786376953,83.58000183105469,82.5,82.69999694824219,56.506980895996094,1561700
2007-05-15,82.54000091552734,83.30999755859375,81.87000274658203,81.91999816894531,55.974002838134766,2303000
2007-05-16,82.04000091552734,82.5999984741211,81.5999984741211,82.5999984741211,56.43865966796875,2025700
2007-05-17,82.48999786376953,82.48999786376953,81.7699966430664,81.95999908447266,56.001338958740234,1241800
2007-05-18,82.05000305175781,82.80000305175781,81.72000122070312,82.54000091552734,56.39765548706055,1842600
2007-05-21,82.5,83.83999633789062,82.30999755859375,83.37000274658203,56.96474075317383,4015400
2007-05-22,83.45999908447266,84.25,83.23999786376953,83.80999755859375,57.26539993286133,1468600
2007-05-23,84.20999908447266,84.66000366210938,83.56999969482422,83.68000030517578,57.176578521728516,1549300
2007-05-24,83.51000213623047,84.66000366210938,82.16999816894531,82.52999877929688,56.39082717895508,3295500
2007-05-25,82.87000274658203,83.26000213623047,82.58000183105469,83.19000244140625,56.841796875,1244400
2007-05-29,83.41000366210938,83.95999908447266,83.05000305175781,83.9000015258789,57.326904296875,1748700
2007-05-30,83.30000305175781,84.48999786376953,83.0999984741211,84.48999786376953,57.730018615722656,1859900
2007-05-31,84.75,85.08000183105469,84.27999877929688,84.80000305175781,57.94183349609375,1636700
2007-06-01,85.06999969482422,85.66999816894531,84.95999908447266,85.4000015258789,58.3517951965332,1508000
2007-06-04,85.11000061035156,85.52999877929688,84.87000274658203,85.44999694824219,58.385963439941406,3559200
2007-06-05,85.20999908447266,85.37000274658203,84.3499984741211,84.83999633789062,57.96918487548828,2546800
2007-06-06,84.4000015258789,84.4000015258789,83.62000274658203,83.94999694824219,57.36106872558594,2186500
2007-06-07,83.76000213623047,84.02999877929688,82.41999816894531,82.41999816894531,56.315643310546875,3336200
2007-06-08,82.69000244140625,83.66999816894531,82.26000213623047,83.5,57.053565979003906,2398700
2007-06-11,83.18000030517578,83.79000091552734,82.9000015258789,83.30999755859375,56.923744201660156,1007100
2007-06-12,83.0199966430664,83.2699966430664,81.95999908447266,82.1500015258789,56.13115310668945,2663500
2007-06-13,82.08000183105469,83.44999694824219,82.08000183105469,83.19000244140625,56.841796875,2913400
2007-06-14,83.36000061035156,84.12000274658203,83.36000061035156,83.6500015258789,57.156097412109375,1883400
2007-06-15,84.94000244140625,85.11000061035156,84.48999786376953,85.11000061035156,58.15363693237305,1522500
2007-06-18,85.37999725341797,85.37999725341797,84.11000061035156,84.5,57.736873626708984,2237700
2007-06-19,84.05000305175781,84.80999755859375,83.80000305175781,84.69000244140625,57.8666877746582,2867600
2007-06-20,84.95999908447266,84.95999908447266,83.30000305175781,83.30000305175781,56.91691589355469,2069000
2007-06-21,83.02999877929688,83.77999877929688,82.56999969482422,83.63999938964844,57.14923858642578,2203100
2007-06-22,83.61000061035156,83.63999938964844,82.52999877929688,82.70999908447266,56.5137825012207,1697700
2007-06-25,83.05000305175781,83.44000244140625,82.08000183105469,82.41999816894531,56.315643310546875,2270000
2007-06-26,82.76000213623047,82.83999633789062,81.8499984741211,81.8499984741211,55.92619323730469,1609300
2007-06-27,81.33999633789062,83.37999725341797,81.30000305175781,83.36000061035156,56.957923889160156,2428900
2007-06-28,83.44000244140625,83.68000030517578,82.77999877929688,82.98999786376953,56.99364471435547,1843800
2007-06-29,83.44999694824219,83.56999969482422,82.0,82.36000061035156,56.56096649169922,2463500
2007-07-02,82.8499984741211,83.4000015258789,82.62000274658203,83.31999969482422,57.22024917602539,3854100
2007-07-03,83.5,84.0,83.25,83.54000091552734,57.371360778808594,970500
2007-07-05,83.77999877929688,83.91000366210938,83.04000091552734,83.62000274658203,57.42630386352539,1631700
2007-07-06,83.76000213623047,83.97000122070312,83.16000366210938,83.77999877929688,57.53618621826172,2035300
2007-07-09,84.04000091552734,84.08000183105469,83.5199966430664,83.73999786376953,57.50872039794922,1305000
2007-07-10,83.36000061035156,83.4800033569336,82.18000030517578,82.19999694824219,56.45112228393555,2248200
2007-07-11,82.05999755859375,82.58999633789062,81.8499984741211,82.58999633789062,56.71894454956055,1572100
2007-07-12,82.72000122070312,83.86000061035156,82.72000122070312,83.8499984741211,57.584259033203125,1617500
2007-07-13,83.58999633789062,83.94999694824219,83.41000366210938,83.81999969482422,57.563629150390625,1248800
2007-07-16,83.73999786376953,83.77999877929688,82.87999725341797,83.11000061035156,57.076053619384766,998900
2007-07-17,83.25,83.69000244140625,83.12999725341797,83.12999725341797,57.08976745605469,956700
2007-07-18,82.58999633789062,82.88999938964844,81.7300033569336,82.69999694824219,56.79450225830078,2324400
2007-07-19,83.33000183105469,83.45999908447266,82.9000015258789,82.9000015258789,56.93183898925781,1388500
2007-07-20,82.86000061035156,83.11000061035156,81.0199966430664,81.5,55.97038269042969,3295700
2007-07-23,82.19999694824219,82.19999694824219,81.19999694824219,81.19999694824219,55.76435089111328,2887500
2007-07-24,80.52999877929688,80.54000091552734,78.63999938964844,79.12000274658203,54.33591842651367,3621300
2007-07-25,79.4800033569336,79.98999786376953,78.11000061035156,79.0199966430664,54.2672233581543,3459400
2007-07-26,77.08000183105469,78.20999908447266,75.7300033569336,76.6500015258789,52.639625549316406,6560200
2007-07-27,76.80999755859375,77.37000274658203,74.62000274658203,74.9000015258789,51.43779373168945,5144400
2007-07-30,75.33999633789062,76.5,74.73999786376953,76.0199966430664,52.20698928833008,2285000
2007-07-31,76.9000015258789,77.16999816894531,74.80000305175781,75.30000305175781,51.71250915527344,2894200
2007-08-01,74.8499984741211,75.95999908447266,74.11000061035156,75.62000274658203,51.93227767944336,3081600
2007-08-02,75.88999938964844,76.3499984741211,75.2300033569336,75.98999786376953,52.18638610839844,2389000
2007-08-03,76.06999969482422,76.06999969482422,72.55000305175781,72.5999984741211,49.85826873779297,2829400
2007-08-06,73.16000366210938,73.98999786376953,71.47000122070312,73.7300033569336,50.63432693481445,4203800
2007-08-07,73.62000274658203,74.81999969482422,72.7699966430664,74.23999786376953,50.98452377319336,2668900
2007-08-08,74.81999969482422,76.9000015258789,74.73999786376953,76.69999694824219,52.67396926879883,3551100
2007-08-09,74.66999816894531,76.20999908447266,74.41999816894531,74.41999816894531,51.108177185058594,3297300
2007-08-10,73.94999694824219,77.27999877929688,73.30000305175781,76.19000244140625,52.32371520996094,4381500
2007-08-13,77.0,79.6500015258789,75.04000091552734,75.2300033569336,51.66443634033203,3997700
2007-08-14,75.33000183105469,75.7300033569336,73.5,73.5,50.47635269165039,2382800
2007-08-15,73.33999633789062,75.05999755859375,72.2699966430664,72.69999694824219,49.92693328857422,2056200
2007-08-16,71.95999908447266,74.9000015258789,71.20999908447266,74.9000015258789,51.43779373168945,4352400
2007-08-17,77.30999755859375,78.13999938964844,75.5199966430664,76.5199966430664,52.550350189208984,3342800
2007-08-20,76.75,77.20999908447266,75.52999877929688,76.41999816894531,52.48167037963867,2071100
2007-08-21,76.81999969482422,77.16999816894531,76.0199966430664,76.68000030517578,52.66022491455078,2272300
2007-08-22,77.62000274658203,77.80000305175781,76.94000244140625,77.69999694824219,53.3607177734375,3015100
2007-08-23,77.69000244140625,78.16000366210938,76.36000061035156,76.70999908447266,52.68083953857422,2031200
2007-08-24,76.41000366210938,77.61000061035156,76.33999633789062,77.51000213623047,53.2302360534668,1978600
2007-08-27,77.3499984741211,77.5999984741211,76.41000366210938,76.6500015258789,52.639625549316406,1171800
2007-08-28,76.20999908447266,76.2699966430664,74.37999725341797,74.54000091552734,51.19057083129883,2742900
2007-08-29,74.94999694824219,76.4800033569336,74.69000244140625,76.44999694824219,52.50225830078125,3121700
2007-08-30,75.8499984741211,76.88999938964844,75.37000274658203,75.9000015258789,52.12454605102539,1982700
2007-08-31,77.06999969482422,77.5,76.0999984741211,76.70999908447266,52.68083953857422,1286000
2007-09-04,76.3499984741211,77.95999908447266,76.30999755859375,77.41000366210938,53.161556243896484,1870600
2007-09-05,77.11000061035156,77.2699966430664,75.97000122070312,76.4800033569336,52.52288055419922,1990200
2007-09-06,76.70999908447266,76.79000091552734,75.73999786376953,76.3499984741211,52.4335823059082,3309100
2007-09-07,75.44000244140625,75.69000244140625,74.52999877929688,75.0999984741211,51.57516098022461,5433700
2007-09-10,75.33000183105469,75.73999786376953,73.1500015258789,74.02999877929688,50.84032440185547,2357400
2007-09-11,74.69000244140625,75.5,74.45999908447266,75.5,51.849849700927734,2645000
2007-09-12,75.06999969482422,75.44000244140625,74.6500015258789,74.6500015258789,51.26610565185547,2739600
2007-09-13,75.08000183105469,75.87000274658203,74.48999786376953,75.02999877929688,51.527095794677734,1564500
2007-09-14,74.08000183105469,75.45999908447266,73.7300033569336,75.31999969482422,51.726219177246094,1939400
2007-09-17,75.04000091552734,75.31999969482422,74.54000091552734,74.70999908447266,51.30733108520508,1817000
2007-09-18,74.93000030517578,77.97000122070312,74.54000091552734,77.95999908447266,53.53927993774414,2991500
2007-09-19,78.7699966430664,79.55999755859375,78.48999786376953,79.06999969482422,54.30157470703125,3587500
2007-09-20,78.95999908447266,79.05000305175781,77.69000244140625,78.12000274658203,53.64914321899414,2419600
2007-09-21,78.51000213623047,78.94000244140625,78.0999984741211,78.0999984741211,53.63542175292969,2375800
2007-09-24,78.4800033569336,78.62999725341797,77.29000091552734,77.47000122070312,53.202762603759766,2449500
2007-09-25,76.55000305175781,76.86000061035156,76.19000244140625,76.69999694824219,52.88764953613281,2313800
2007-09-26,77.30000305175781,77.69000244140625,76.79000091552734,77.33999633789062,53.3289680480957,2216500
2007-09-27,77.5999984741211,77.98999786376953,77.2300033569336,77.5,53.43928146362305,2480900
2007-09-28,77.48999786376953,77.9000015258789,76.66000366210938,76.7699966430664,52.935909271240234,2468400
2007-10-01,77.01000213623047,78.83999633789062,76.68000030517578,78.68000030517578,54.252925872802734,2606100
2007-10-02,78.7300033569336,79.5,78.69999694824219,79.08999633789062,54.535640716552734,2512000
2007-10-03,78.83999633789062,79.27999877929688,78.41999816894531,78.81999969482422,54.349483489990234,1274000
2007-10-04,78.70999908447266,79.13999938964844,78.51000213623047,78.91999816894531,54.41843795776367,1354200
2007-10-05,79.5199966430664,80.62999725341797,79.30000305175781,80.38999938964844,55.432029724121094,1951300
2007-10-08,80.06999969482422,80.44999694824219,79.48999786376953,79.83000183105469,55.0459098815918,961200
2007-10-09,80.2300033569336,80.37999725341797,79.33999633789062,80.33000183105469,55.39067840576172,1568000
2007-10-10,79.97000122070312,80.27999877929688,79.41999816894531,80.01000213623047,55.17000961303711,1322400
2007-10-11,80.2300033569336,80.70999908447266,78.83000183105469,79.1500015258789,54.577022552490234,2424200
2007-10-12,79.16000366210938,80.04000091552734,79.16000366210938,79.68000030517578,54.94245910644531,1462300
2007-10-15,79.5999984741211,79.79000091552734,77.86000061035156,78.45999908447266,54.101234436035156,2823000
2007-10-16,78.05000305175781,78.45999908447266,77.66999816894531,77.66999816894531,53.556514739990234,2182600
2007-10-17,78.30000305175781,78.72000122070312,76.62000274658203,77.69999694824219,53.577186584472656,2250000
2007-10-18,77.06999969482422,77.80000305175781,76.95999908447266,77.33000183105469,53.32207107543945,2180100
2007-10-19,77.19000244140625,77.30000305175781,74.69999694824219,74.69999694824219,51.5085563659668,2400200
2007-10-22,74.0199966430664,76.51000213623047,73.97000122070312,76.37999725341797,52.66698455810547,3435200
2007-10-23,76.66000366210938,77.05000305175781,75.63999938964844,76.55000305175781,52.784244537353516,2896000
2007-10-24,76.44999694824219,76.54000091552734,74.55000305175781,75.93000030517578,52.3566780090332,5233200
2007-10-25,76.06999969482422,76.9000015258789,75.0,75.9800033569336,52.391178131103516,2946400
2007-10-26,76.8499984741211,77.3499984741211,74.8499984741211,77.26000213623047,53.2738151550293,2624800
2007-10-29,77.63999938964844,77.79000091552734,76.62999725341797,77.05000305175781,53.128971099853516,1908000
2007-10-30,76.55000305175781,77.26000213623047,76.13999938964844,76.29000091552734,52.60493850708008,2336300
2007-10-31,76.81999969482422,77.98999786376953,76.16000366210938,77.58999633789062,53.5013542175293,3144200
2007-11-01,76.44999694824219,77.54000091552734,74.0199966430664,74.33000183105469,51.25344467163086,3441100
2007-11-02,75.38999938964844,75.38999938964844,73.22000122070312,74.05000305175781,51.06036376953125,3914300
2007-11-05,73.4000015258789,73.9000015258789,72.6500015258789,73.33000183105469,50.56391143798828,2719700
2007-11-06,73.56999969482422,74.62999725341797,72.73999786376953,74.38999938964844,51.29481506347656,3154700
2007-11-07,73.3499984741211,73.80000305175781,71.75,72.19000244140625,49.77783203125,3841900
2007-11-08,72.22000122070312,73.25,71.0,72.75,50.16397476196289,4672700
2007-11-09,71.66000366210938,73.19000244140625,71.18000030517578,72.27999877929688,49.83989715576172,3559500
2007-11-12,72.0,73.79000091552734,71.62000274658203,71.79000091552734,49.50200271606445,3633500
2007-11-13,72.91999816894531,74.54000091552734,72.83999633789062,74.37999725341797,51.28792190551758,3161300
2007-11-14,75.16000366210938,75.16000366210938,73.25,73.7699966430664,50.867286682128906,2974900
2007-11-15,73.80999755859375,73.80999755859375,72.02999877929688,72.77999877929688,50.18465805053711,2691400
2007-11-16,72.9800033569336,73.51000213623047,71.31999969482422,72.0,49.646820068359375,2824500
2007-11-19,71.3499984741211,71.87000274658203,70.04000091552734,70.33999633789062,48.50218200683594,2755300
2007-11-20,70.31999969482422,71.19999694824219,69.13999938964844,70.70999908447266,48.75729751586914,4672800
2007-11-21,70.16999816894531,70.70999908447266,69.36000061035156,69.44999694824219,47.888492584228516,3570800
2007-11-23,69.70999908447266,71.63999938964844,69.70999908447266,71.05000305175781,48.991737365722656,715200
2007-11-26,71.01000213623047,71.27999877929688,68.5999984741211,68.73999786376953,47.39889907836914,2189600
2007-11-27,68.70999908447266,69.93000030517578,68.5999984741211,69.51000213623047,47.929866790771484,2745600
2007-11-28,70.27999877929688,72.38999938964844,70.25,72.38999938964844,49.91572570800781,2444400
2007-11-29,71.98999786376953,72.20999908447266,71.20999908447266,71.80000305175781,49.5088996887207,2048000
2007-11-30,72.9800033569336,73.08999633789062,71.55000305175781,71.87000274658203,49.55717086791992,2754200
2007-12-03,71.44999694824219,71.9800033569336,70.83999633789062,71.04000091552734,48.98485565185547,2055100
2007-12-04,70.55000305175781,70.70999908447266,69.87999725341797,69.9000015258789,48.198787689208984,2051300
2007-12-05,71.5,71.63999938964844,70.62000274658203,71.4000015258789,49.23312759399414,2848100
2007-12-06,71.62000274658203,73.68000030517578,70.8499984741211,73.37000274658203,50.59150314331055,2814500
2007-12-07,73.4800033569336,73.9000015258789,73.05999755859375,73.0999984741211,50.40531921386719,3219000
2007-12-10,73.4800033569336,74.36000061035156,73.2300033569336,74.22000122070312,51.1776008605957,1799000
2007-12-11,74.36000061035156,74.66999816894531,71.5,71.58999633789062,49.36410140991211,4481100
2007-12-12,73.11000061035156,73.97000122070312,71.20999908447266,71.95999908447266,49.61923599243164,3760600
2007-12-13,71.31999969482422,71.97000122070312,70.83000183105469,71.62000274658203,49.38478469848633,3051700
2007-12-14,71.08999633789062,71.7699966430664,69.87999725341797,69.87999725341797,48.18497848510742,2541800
2007-12-17,69.94999694824219,70.25,69.08999633789062,69.08999633789062,47.640254974365234,4313500
2007-12-18,70.01000213623047,70.7300033569336,68.70999908447266,70.37000274658203,48.522865295410156,4495200
2007-12-19,70.61000061035156,70.91000366210938,69.9000015258789,70.62999725341797,48.7021484375,3896000
2007-12-20,71.33000183105469,71.80000305175781,69.81999969482422,71.80000305175781,49.5088996887207,3722400
2007-12-21,72.52999877929688,73.5,72.52999877929688,73.5,50.68111801147461,4126100
2007-12-24,73.80000305175781,74.25,73.44999694824219,74.01000213623047,51.032779693603516,1248700
2007-12-26,73.61000061035156,74.61000061035156,73.5,74.41000366210938,51.30861282348633,2807200
2007-12-27,73.61000061035156,73.68000030517578,71.5,72.05000305175781,49.98154067993164,3663800
2007-12-28,72.1500015258789,72.62999725341797,70.9000015258789,71.16999816894531,49.37107467651367,2887200
2007-12-31,70.87000274658203,71.20999908447266,69.98999786376953,70.4800033569336,48.892425537109375,2445500
2008-01-02,70.94000244140625,70.97000122070312,69.19999694824219,69.70999908447266,48.358245849609375,4298200
2008-01-03,69.91999816894531,70.16999816894531,68.43000030517578,68.43000030517578,47.470333099365234,4111700
2008-01-04,67.94999694824219,67.94999694824219,66.30999755859375,66.63999938964844,46.22858428955078,3971600
2008-01-07,67.2300033569336,67.75,66.02999877929688,66.9800033569336,46.464447021484375,5194300
2008-01-08,67.27999877929688,68.13999938964844,64.97000122070312,65.18000030517578,45.215782165527344,4975300
2008-01-09,64.75,65.8499984741211,63.630001068115234,65.79000091552734,45.638946533203125,4665500
2008-01-10,64.87000274658203,67.25,64.77999877929688,66.69999694824219,46.27021408081055,6127100
2008-01-11,65.6500015258789,66.45999908447266,64.97000122070312,65.19999694824219,45.229652404785156,4895700
2008-01-14,65.52999877929688,66.0,65.12000274658203,65.81999969482422,45.659751892089844,2911100
2008-01-15,64.66999816894531,65.01000213623047,64.05000305175781,64.45999908447266,44.71630096435547,4024100
2008-01-16,63.9900016784668,66.05000305175781,63.9900016784668,65.08000183105469,45.146400451660156,4107200
2008-01-17,65.0999984741211,65.62999725341797,63.25,63.439998626708984,44.008724212646484,3932500
2008-01-18,63.630001068115234,64.16999816894531,61.66999816894531,62.54999923706055,43.391334533691406,5623200
2008-01-22,57.65999984741211,64.30999755859375,57.63999938964844,62.75,43.53007507324219,5750800
2008-01-23,60.0099983215332,65.58999633789062,60.0099983215332,65.44000244140625,45.39616012573242,5335200
2008-01-24,67.0,67.0,64.31999969482422,65.06999969482422,45.139461517333984,4539400
2008-01-25,65.88999938964844,66.12999725341797,64.30999755859375,64.80000305175781,44.95216369628906,3956000
2008-01-28,64.5,66.5,63.91999816894531,66.5,46.13146209716797,3468000
2008-01-29,66.55000305175781,67.0,65.44000244140625,66.66000366210938,46.24247741699219,3462800
2008-01-30,66.01000213623047,67.95999908447266,65.25,65.66000366210938,45.54875946044922,4098600
2008-01-31,64.62000274658203,68.33999633789062,64.30000305175781,67.7699966430664,47.01246643066406,4477900
2008-02-01,67.75,69.44000244140625,67.5999984741211,69.25,48.039161682128906,2559000
2008-02-04,69.4000015258789,69.4000015258789,68.13999938964844,68.58999633789062,47.58131790161133,1617500
2008-02-05,68.0,68.27999877929688,66.61000061035156,66.62000274658203,46.2147216796875,3193200
2008-02-06,67.37000274658203,67.83000183105469,65.9800033569336,66.01000213623047,45.79154586791992,1671400
2008-02-07,65.72000122070312,67.55999755859375,65.72000122070312,67.1500015258789,46.58238220214844,2216800
2008-02-08,66.91000366210938,67.6500015258789,65.97000122070312,66.63999938964844,46.22858428955078,1598200
2008-02-11,66.69999694824219,66.86000061035156,65.61000061035156,66.41000366210938,46.06904220581055,2773500
2008-02-12,66.95999908447266,67.73999786376953,66.45999908447266,67.02999877929688,46.49913024902344,3888200
2008-02-13,67.5199966430664,68.55000305175781,67.30999755859375,68.55000305175781,47.55358123779297,2183200
2008-02-14,68.55000305175781,68.7300033569336,66.66999816894531,66.91000366210938,46.41588592529297,3951500
2008-02-15,66.37000274658203,66.91000366210938,65.87000274658203,66.75,46.304893493652344,1227500
2008-02-19,67.37999725341797,67.69999694824219,66.37999725341797,66.68000030517578,46.25634002685547,1783100
2008-02-20,66.25,67.83000183105469,66.06999969482422,67.63999938964844,46.92228317260742,2145200
2008-02-21,68.0199966430664,68.61000061035156,66.11000061035156,66.2300033569336,45.94418716430664,2621600
2008-02-22,66.30999755859375,66.87000274658203,65.06999969482422,66.30999755859375,45.9996452331543,5633800
2008-02-25,66.33000183105469,68.02999877929688,65.98999786376953,67.91999816894531,47.11652755737305,4501200
2008-02-26,67.30000305175781,69.12000274658203,67.19999694824219,68.25,47.34546661376953,3921000
2008-02-27,67.75,69.0199966430664,67.54000091552734,68.31999969482422,47.39401626586914,3414800
2008-02-28,67.80000305175781,67.97000122070312,66.66999816894531,67.11000061035156,46.55464553833008,2329200
2008-02-29,66.36000061035156,66.36000061035156,64.94000244140625,65.62000274658203,45.52102279663086,2925200
2008-03-03,65.08999633789062,65.47000122070312,64.04000091552734,64.98999786376953,45.0839729309082,3640200
2008-03-04,64.29000091552734,65.11000061035156,63.709999084472656,64.68000030517578,44.86893081665039,3486300
2008-03-05,64.94000244140625,65.44000244140625,64.19000244140625,64.81999969482422,44.96604537963867,2898800
2008-03-06,64.62999725341797,64.69000244140625,62.70000076293945,62.86000061035156,43.606380462646484,2933600
2008-03-07,62.189998626708984,63.900001525878906,62.04999923706055,62.970001220703125,43.68267822265625,3698200
2008-03-10,63.31999969482422,63.5,61.70000076293945,61.88999938964844,42.93347930908203,2828400
2008-03-11,63.790000915527344,64.97000122070312,62.7599983215332,64.97000122070312,45.070098876953125,3658500
2008-03-12,64.79000091552734,65.87000274658203,64.02999877929688,64.08999633789062,44.45964431762695,3892700
2008-03-13,63.459999084472656,65.5199966430664,62.65999984741211,65.26000213623047,45.27125930786133,3541800
2008-03-14,65.62000274658203,65.62000274658203,63.0,63.790000915527344,44.25151443481445,1967900
2008-03-17,62.06999969482422,63.900001525878906,62.0,62.75,43.53007507324219,3423800
2008-03-18,64.16000366210938,65.95999908447266,63.45000076293945,65.95999908447266,45.75686264038086,4203300
2008-03-19,66.41000366210938,66.61000061035156,64.05000305175781,64.3499984741211,44.63999938964844,2788400
2008-03-20,64.6500015258789,66.33999633789062,64.0999984741211,65.94000244140625,45.74299621582031,3008500
2008-03-24,66.31999969482422,67.97000122070312,65.63999938964844,67.61000061035156,46.97984313964844,2232700
2008-03-25,67.88999938964844,68.0,66.87000274658203,67.83000183105469,47.132728576660156,2157200
2008-03-26,67.37000274658203,67.66999816894531,66.7300033569336,67.44000244140625,46.86170959472656,2951300
2008-03-27,67.6500015258789,67.66000366210938,66.33999633789062,66.33999633789062,46.09737777709961,1894800
2008-03-28,66.61000061035156,66.69999694824219,65.25,65.43000030517578,45.465049743652344,991000
2008-03-31,65.47000122070312,66.76000213623047,65.29000091552734,65.56999969482422,45.562320709228516,1218800
2008-04-01,66.81999969482422,68.26000213623047,66.70999908447266,68.26000213623047,47.431514739990234,2540900
2008-04-02,68.26000213623047,68.91000366210938,67.77999877929688,68.33000183105469,47.48014831542969,1748900
2008-04-03,67.8499984741211,68.83000183105469,67.69000244140625,68.41000366210938,47.5357551574707,1465200
2008-04-04,68.58000183105469,69.02999877929688,67.87000274658203,68.4000015258789,47.52878952026367,1337600
2008-04-07,68.91999816894531,69.0,68.01000213623047,68.22000122070312,47.403743743896484,1070200
2008-04-08,67.66999816894531,68.47000122070312,67.5999984741211,68.12000274658203,47.33423614501953,864000
2008-04-09,68.16000366210938,68.47000122070312,66.68000030517578,66.69999694824219,46.3475341796875,1106000
2008-04-10,66.66000366210938,67.94999694824219,66.41000366210938,67.5,46.90342330932617,1967900
2008-04-11,66.77999877929688,66.95999908447266,65.7300033569336,66.0999984741211,45.93061065673828,1491600
2008-04-14,65.7699966430664,66.43000030517578,65.36000061035156,65.58000183105469,45.569278717041016,2346000
2008-04-15,65.9800033569336,66.47000122070312,65.56999969482422,66.47000122070312,46.18770980834961,2460600
2008-04-16,67.01000213623047,68.47000122070312,66.83000183105469,68.37000274658203,47.50795364379883,1621900
2008-04-17,68.25,68.30999755859375,67.66000366210938,68.0999984741211,47.32035446166992,1481400
2008-04-18,69.3499984741211,69.5999984741211,68.87999725341797,69.05000305175781,47.9804801940918,1711300
2008-04-21,68.70999908447266,69.12999725341797,68.45999908447266,68.81999969482422,47.82065200805664,2280700
2008-04-22,68.36000061035156,68.36000061035156,66.7699966430664,67.5,46.90342330932617,1678700
2008-04-23,67.95999908447266,67.95999908447266,66.87999725341797,67.33000183105469,46.78528594970703,2094400
2008-04-24,67.41999816894531,68.69999694824219,66.44000244140625,68.26000213623047,47.431514739990234,3368500
2008-04-25,68.45999908447266,69.0,67.61000061035156,68.69999694824219,47.73725509643555,6043400
2008-04-28,68.80000305175781,69.45999908447266,68.31999969482422,69.2300033569336,48.10556411743164,1710900
2008-04-29,68.9800033569336,69.18000030517578,68.12000274658203,68.54000091552734,47.626075744628906,1159500
2008-04-30,68.52999877929688,69.3499984741211,67.80999755859375,68.16000366210938,47.362037658691406,1834500
2008-05-01,68.25,69.70999908447266,68.04000091552734,69.41000366210938,48.230594635009766,1755400
2008-05-02,70.25,70.26000213623047,69.0,69.16999816894531,48.0638427734375,1548600
2008-05-05,69.06999969482422,69.3499984741211,68.56999969482422,68.91999816894531,47.89011764526367,3056300
2008-05-06,68.62999725341797,69.81999969482422,68.33999633789062,69.1500015258789,48.049957275390625,1906400
2008-05-07,69.62000274658203,70.16000366210938,67.95999908447266,68.22000122070312,47.403743743896484,2396100
2008-05-08,68.37999725341797,68.4800033569336,67.6500015258789,68.16999816894531,47.36897277832031,1440800
2008-05-09,67.58000183105469,68.55999755859375,67.43000030517578,68.29000091552734,47.45234298706055,1803200
2008-05-12,68.2699966430664,69.56999969482422,68.26000213623047,69.33999633789062,48.18198013305664,1691600
2008-05-13,69.70999908447266,69.87000274658203,69.05999755859375,69.69999694824219,48.432125091552734,1833100
2008-05-14,69.98999786376953,70.43000030517578,69.5999984741211,69.5999984741211,48.362632751464844,1442600
2008-05-15,69.5999984741211,70.44000244140625,69.2699966430664,70.26000213623047,48.82124710083008,895000
2008-05-16,70.66000366210938,70.69999694824219,69.19000244140625,69.83000183105469,48.5224723815918,1442300
2008-05-19,69.94000244140625,70.58000183105469,69.47000122070312,69.95999908447266,48.61279296875,2209100
2008-05-20,69.5,69.73999786376953,68.93000030517578,69.63999938964844,48.39041519165039,2678200
2008-05-21,69.79000091552734,70.2699966430664,68.58000183105469,68.83999633789062,47.83454895019531,2784800
2008-05-22,68.87999725341797,69.87000274658203,68.87999725341797,69.05000305175781,47.9804801940918,1479100
2008-05-23,69.30000305175781,69.4000015258789,68.06999969482422,68.58000183105469,47.65386962890625,1184900
2008-05-27,68.66999816894531,69.63999938964844,68.4800033569336,69.38999938964844,48.216712951660156,1773400
2008-05-28,69.55000305175781,69.80000305175781,68.94000244140625,69.73999786376953,48.459922790527344,1404800
2008-05-29,69.36000061035156,70.93000030517578,69.36000061035156,70.37999725341797,48.90461730957031,2864800
2008-05-30,70.31999969482422,70.51000213623047,70.01000213623047,70.27999877929688,48.83513259887695,1483900
2008-06-02,70.3499984741211,70.4000015258789,69.05000305175781,69.98999786376953,48.63363265991211,2602500
2008-06-03,69.94999694824219,70.37999725341797,68.95999908447266,69.56999969482422,48.341793060302734,2472600
2008-06-04,69.51000213623047,70.69000244140625,69.29000091552734,70.08000183105469,48.69617462158203,2312400
2008-06-05,70.27999877929688,71.79000091552734,70.04000091552734,71.76000213623047,49.86354446411133,2362200
2008-06-06,71.55999755859375,71.55999755859375,69.63999938964844,69.66000366210938,48.40433883666992,2171400
2008-06-09,69.97000122070312,70.2300033569336,68.69999694824219,69.38999938964844,48.216712951660156,2270900
2008-06-10,68.94999694824219,69.5199966430664,68.43000030517578,68.98999786376953,47.93876266479492,1577700
2008-06-11,68.77999877929688,69.02999877929688,67.58999633789062,67.58999633789062,46.9659423828125,2447000
2008-06-12,68.22000122070312,68.8499984741211,67.5199966430664,67.83000183105469,47.132728576660156,2163900
2008-06-13,68.0999984741211,68.8499984741211,67.87999725341797,68.77999877929688,47.7928466796875,1872500
2008-06-16,68.69999694824219,69.44999694824219,68.38999938964844,69.41999816894531,48.2375602722168,2304600
2008-06-17,69.47000122070312,69.58000183105469,68.7699966430664,68.7699966430664,47.78590774536133,1363000
2008-06-18,68.43000030517578,68.62999725341797,67.76000213623047,68.44000244140625,47.55658721923828,1769100
2008-06-19,68.23999786376953,68.9000015258789,67.94999694824219,68.9000015258789,47.8762321472168,2378000
2008-06-20,68.36000061035156,68.5199966430664,67.11000061035156,67.83999633789062,47.139671325683594,2355200
2008-06-23,67.93000030517578,68.2300033569336,66.94999694824219,66.95999908447266,46.52819061279297,1568200
2008-06-24,66.69999694824219,67.12999725341797,65.80000305175781,65.9000015258789,45.7916374206543,2215600
2008-06-25,66.08999633789062,67.26000213623047,66.08999633789062,66.70999908447266,46.35448455810547,2341100
2008-06-26,66.16000366210938,66.2300033569336,64.91999816894531,65.12000274658203,45.24965286254883,2880300
2008-06-27,65.08000183105469,65.55000305175781,64.31999969482422,64.55000305175781,44.85356521606445,2735400
2008-06-30,64.83999633789062,65.06999969482422,63.70000076293945,63.720001220703125,44.276824951171875,3506200
2008-07-01,62.95000076293945,64.08999633789062,62.5,63.97999954223633,44.45748519897461,2800700
2008-07-02,63.720001220703125,63.86000061035156,61.70000076293945,61.779998779296875,43.187984466552734,3514000
2008-07-03,61.900001525878906,61.97999954223633,60.72999954223633,61.16999816894531,42.76157760620117,3559000
2008-07-07,61.5,61.91999816894531,59.939998626708984,60.459999084472656,42.26524353027344,3762700
2008-07-08,60.5,63.15999984741211,60.31999969482422,63.15999984741211,44.15269088745117,4131500
2008-07-09,63.15999984741211,63.31999969482422,60.79999923706055,60.939998626708984,42.60078811645508,4968900
2008-07-10,61.099998474121094,62.31999969482422,60.84000015258789,61.59000015258789,43.055171966552734,3716000
2008-07-11,60.77000045776367,62.529998779296875,60.459999084472656,61.959999084472656,43.31382369995117,3632000
2008-07-14,62.61000061035156,62.63999938964844,60.439998626708984,60.869998931884766,42.55186462402344,2998700
2008-07-15,59.93000030517578,61.650001525878906,58.939998626708984,60.16999816894531,42.06251525878906,4122500
2008-07-16,60.66999816894531,63.09000015258789,60.15999984741211,62.97999954223633,44.0268669128418,3358600
2008-07-17,63.4900016784668,64.5999984741211,62.81999969482422,64.44999694824219,45.05448913574219,2624900
2008-07-18,65.12999725341797,65.12999725341797,63.65999984741211,64.23999786376953,44.90769577026367,2658500
2008-07-21,64.4000015258789,64.9000015258789,64.19000244140625,64.63999938964844,45.18730545043945,2584900
2008-07-22,64.20999908447266,67.05000305175781,64.04000091552734,66.83000183105469,46.7182731628418,3917600
2008-07-23,66.91000366210938,68.18000030517578,66.58000183105469,67.4800033569336,47.17265701293945,3183500
2008-07-24,67.69000244140625,67.69000244140625,65.3499984741211,65.62000274658203,45.87240219116211,2553900
2008-07-25,66.19000244140625,66.97000122070312,65.63999938964844,66.33000183105469,46.36870574951172,1687100
2008-07-28,66.23999786376953,66.27999877929688,64.5,64.73999786376953,45.2572021484375,2439600
2008-07-29,64.87000274658203,66.9800033569336,64.86000061035156,66.86000061035156,46.739234924316406,1938300
2008-07-30,67.33000183105469,67.68000030517578,66.04000091552734,66.94000244140625,46.79514694213867,2559800
2008-07-31,66.12000274658203,67.3499984741211,66.0199966430664,66.2699966430664,46.326778411865234,2740000
2008-08-01,66.97000122070312,67.30000305175781,65.69000244140625,66.81999969482422,46.711265563964844,2262700
2008-08-04,66.77999877929688,67.22000122070312,65.33000183105469,65.80999755859375,46.005210876464844,1755700
2008-08-05,66.73999786376953,68.0,66.5199966430664,67.6500015258789,47.29147720336914,2650900
2008-08-06,67.81999969482422,68.33999633789062,67.0199966430664,68.12999725341797,47.627037048339844,2237700
2008-08-07,67.56999969482422,67.8499984741211,66.43000030517578,66.58000183105469,46.54349136352539,2092800
2008-08-08,66.80000305175781,69.08999633789062,66.44999694824219,68.83999633789062,48.12337875366211,2611600
2008-08-11,68.80000305175781,71.54000091552734,68.70999908447266,70.69999694824219,49.423614501953125,3589800
2008-08-12,70.6500015258789,70.7699966430664,69.95999908447266,70.2300033569336,49.095062255859375,2049400
2008-08-13,70.25,70.62999725341797,69.16999816894531,70.12000274658203,49.0181770324707,2467200
2008-08-14,69.91999816894531,71.38999938964844,69.83999633789062,70.80000305175781,49.49354553222656,3345000
2008-08-15,71.18000030517578,72.0999984741211,70.27999877929688,71.0199966430664,49.647315979003906,2141900
2008-08-18,71.23999786376953,71.30000305175781,69.55000305175781,69.79000091552734,48.78750228881836,3993000
2008-08-19,69.48999786376953,69.9800033569336,68.36000061035156,68.62000274658203,47.96957015991211,4318400
2008-08-20,69.13999938964844,69.56999969482422,67.91000366210938,68.75,48.060447692871094,3263000
2008-08-21,68.31999969482422,68.56999969482422,67.69999694824219,67.95999908447266,47.50819778442383,2481000
2008-08-22,68.47000122070312,69.56999969482422,68.2300033569336,69.36000061035156,48.48688888549805,2083200
2008-08-25,69.06999969482422,69.36000061035156,67.44000244140625,67.81999969482422,47.41032409667969,2116600
2008-08-26,68.01000213623047,68.3499984741211,67.2699966430664,67.91999816894531,47.480247497558594,1374900
2008-08-27,68.1500015258789,69.30000305175781,67.88999938964844,68.81999969482422,48.10940170288086,2585900
2008-08-28,69.27999877929688,70.54000091552734,68.91000366210938,70.37999725341797,49.19991683959961,1730200
2008-08-29,70.22000122070312,70.31999969482422,69.41000366210938,69.7300033569336,48.74552536010742,2107900
2008-09-02,70.87000274658203,71.55000305175781,69.0999984741211,70.13999938964844,49.032142639160156,2617500
2008-09-03,69.9800033569336,71.1500015258789,69.56999969482422,70.7699966430664,49.472537994384766,2948600
2008-09-04,70.12000274658203,70.41000366210938,68.5199966430664,68.7300033569336,48.04648208618164,3359600
2008-09-05,68.56999969482422,69.25,67.31999969482422,68.75,48.060447692871094,3944500
2008-09-08,71.2699966430664,71.7300033569336,69.66000366210938,70.83999633789062,49.52150344848633,3590000
2008-09-09,70.88999938964844,71.52999877929688,68.58000183105469,68.66000366210938,47.99753952026367,3349400
2008-09-10,69.41000366210938,69.95999908447266,68.16000366210938,69.33000183105469,48.465938568115234,2581700
2008-09-11,68.31999969482422,69.9000015258789,67.75,69.80000305175781,48.79447937011719,3274800
2008-09-12,69.27999877929688,70.2300033569336,68.91000366210938,69.79000091552734,48.78750228881836,2248400
2008-09-15,67.86000061035156,69.44000244140625,66.73999786376953,66.87000274658203,46.7462272644043,4928300
2008-09-16,65.5999984741211,69.05999755859375,65.38999938964844,68.98999786376953,48.22822570800781,5465000
2008-09-17,68.08000183105469,68.62999725341797,65.4000015258789,65.43000030517578,45.73957061767578,4929800
2008-09-18,67.18000030517578,71.0,65.26000213623047,70.33999633789062,49.17197036743164,5761200
2008-09-19,74.41000366210938,74.41000366210938,72.23999786376953,74.41000366210938,52.01716613769531,2507800
2008-09-22,74.02999877929688,74.80000305175781,70.05000305175781,70.4000015258789,49.21390151977539,2731700
2008-09-23,70.16000366210938,70.68000030517578,68.9000015258789,69.04000091552734,48.263179779052734,2858700
2008-09-24,68.79000091552734,69.20999908447266,67.43000030517578,68.36000061035156,47.96986770629883,1073600
2008-09-25,67.98999786376953,69.16000366210938,67.5,68.22000122070312,47.87162780761719,1739300
2008-09-26,66.79000091552734,68.63999938964844,66.79000091552734,68.62000274658203,48.152305603027344,1838700
2008-09-29,67.55000305175781,67.55000305175781,63.380001068115234,63.380001068115234,44.475284576416016,2133700
2008-09-30,64.37999725341797,67.23999786376953,63.77000045776367,67.23999786376953,47.183929443359375,2800400
2008-10-01,65.93000030517578,65.9800033569336,64.79000091552734,65.68000030517578,46.0892448425293,2845900
2008-10-02,65.47000122070312,65.5999984741211,62.529998779296875,62.529998779296875,43.87879943847656,2873500
2008-10-03,63.56999969482422,64.83000183105469,61.0,61.08000183105469,42.86130142211914,3564400
2008-10-06,59.560001373291016,60.22999954223633,56.220001220703125,59.650001525878906,41.85783767700195,4539600
2008-10-07,59.7599983215332,60.25,55.0099983215332,55.15999984741211,38.707096099853516,3581900
2008-10-08,53.13999938964844,56.25,52.75,53.93000030517578,37.843994140625,4405000
2008-10-09,54.68000030517578,54.75,48.5099983215332,49.0,34.384483337402344,3124900
2008-10-10,46.20000076293945,52.29999923706055,45.369998931884766,51.869998931884766,36.398414611816406,4000200
2008-10-13,54.20000076293945,55.93000030517578,52.54999923706055,55.86000061035156,39.19831085205078,2447700
2008-10-14,57.900001525878906,57.939998626708984,52.619998931884766,54.75,38.41938781738281,2927200
2008-10-15,53.45000076293945,54.290000915527344,49.369998931884766,49.5,34.735347747802734,2623000
2008-10-16,50.459999084472656,52.95000076293945,47.599998474121094,52.56999969482422,36.88962936401367,4603000
2008-10-17,50.70000076293945,54.439998626708984,50.5099983215332,51.31999969482422,36.012474060058594,4801300
2008-10-20,52.33000183105469,53.400001525878906,51.33000183105469,53.38999938964844,37.46503829956055,2811500
2008-10-21,52.369998931884766,53.29999923706055,51.5,51.83000183105469,36.370365142822266,2462900
2008-10-22,50.790000915527344,51.400001525878906,48.31999969482422,49.369998931884766,34.64411544799805,2902900
2008-10-23,49.349998474121094,49.779998779296875,45.720001220703125,47.900001525878906,33.612579345703125,4068500
2008-10-24,44.599998474121094,47.45000076293945,44.0,46.060001373291016,32.3213996887207,3101400
2008-10-27,45.58000183105469,47.0,44.029998779296875,44.459999084472656,31.198646545410156,2732500
2008-10-28,45.060001373291016,47.900001525878906,43.4900016784668,47.75,33.507320404052734,2125500
2008-10-29,47.9900016784668,50.0,47.2599983215332,48.2400016784668,33.85116958618164,2748900
2008-10-30,49.869998931884766,50.84000015258789,48.779998779296875,50.84000015258789,35.675662994384766,2773200
2008-10-31,50.68000030517578,53.31999969482422,49.779998779296875,53.13999938964844,37.289615631103516,2546600
2008-11-03,52.939998626708984,53.900001525878906,52.66999816894531,53.15999984741211,37.30366134643555,2398800
2008-11-04,54.290000915527344,54.33000183105469,52.560001373291016,53.79999923706055,37.752769470214844,2593700
2008-11-05,53.22999954223633,53.79999923706055,50.20000076293945,50.400001525878906,35.366905212402344,2594100
2008-11-06,49.83000183105469,50.650001525878906,48.720001220703125,48.84000015258789,34.27220916748047,2176500
2008-11-07,49.22999954223633,50.09000015258789,48.47999954223633,49.81999969482422,34.95989990234375,2328200
2008-11-10,50.900001525878906,50.900001525878906,47.81999969482422,48.38999938964844,33.9564323425293,1888500
2008-11-11,47.72999954223633,48.91999816894531,47.060001373291016,47.4900016784668,33.32487869262695,1676400
2008-11-12,46.70000076293945,46.880001068115234,44.459999084472656,44.70000076293945,31.367055892944336,2368500
2008-11-13,44.66999816894531,48.939998626708984,42.4900016784668,48.939998626708984,34.34237289428711,3718300
2008-11-14,47.43000030517578,48.099998474121094,44.70000076293945,44.88999938964844,31.500404357910156,1884400
2008-11-17,44.630001068115234,45.779998779296875,44.08000183105469,44.61000061035156,31.303911209106445,3198000
2008-11-18,44.619998931884766,45.279998779296875,42.31999969482422,44.5,31.226726531982422,5375400
2008-11-19,44.31999969482422,44.630001068115234,40.650001525878906,40.83000183105469,28.65139389038086,3002600
2008-11-20,40.34000015258789,41.470001220703125,37.810001373291016,38.029998779296875,26.686559677124023,6399200
2008-11-21,38.7599983215332,40.279998779296875,36.43000030517578,40.279998779296875,28.265457153320312,4420300
2008-11-24,40.72999954223633,43.560001373291016,40.099998474121094,43.06999969482422,30.223270416259766,2670100
2008-11-25,43.83000183105469,44.060001373291016,42.130001068115234,43.97999954223633,30.861827850341797,3956700
2008-11-26,42.93000030517578,46.4900016784668,42.93000030517578,46.13999938964844,32.377540588378906,3258600
2008-11-28,46.150001525878906,47.15999984741211,45.65999984741211,47.150001525878906,33.08628845214844,1168600
2008-12-01,45.630001068115234,45.86000061035156,40.66999816894531,41.189998626708984,28.904024124145508,2970800
2008-12-02,41.84000015258789,43.709999084472656,41.150001525878906,43.52000045776367,30.539026260375977,3148900
2008-12-03,42.709999084472656,45.36000061035156,42.459999084472656,45.220001220703125,31.731948852539062,3722800
2008-12-04,44.41999816894531,46.029998779296875,42.970001220703125,43.970001220703125,30.854812622070312,4452500
2008-12-05,43.09000015258789,46.08000183105469,42.099998474121094,45.939998626708984,32.23720169067383,4554900
2008-12-08,47.06999969482422,48.06999969482422,46.560001373291016,47.70000076293945,33.47222900390625,4785000
2008-12-09,47.380001068115234,48.7599983215332,45.54999923706055,45.83000183105469,32.16002655029297,6457500
2008-12-10,46.540000915527344,47.66999816894531,46.02000045776367,47.06999969482422,33.03015899658203,4149600
2008-12-11,46.52000045776367,47.099998474121094,43.93000030517578,44.4900016784668,31.219703674316406,3423400
2008-12-12,43.29999923706055,46.220001220703125,43.15999984741211,46.11000061035156,32.35650634765625,4257800
2008-12-15,46.5099983215332,46.61000061035156,43.849998474121094,44.72999954223633,31.388126373291016,2913500
2008-12-16,45.56999969482422,47.959999084472656,45.38999938964844,47.83000183105469,33.56346130371094,4384800
2008-12-17,47.4900016784668,48.90999984741211,47.02000045776367,48.22999954223633,33.84415054321289,3324400
2008-12-18,48.119998931884766,48.9900016784668,46.68000030517578,47.58000183105469,33.388031005859375,2170600
2008-12-19,48.33000183105469,49.40999984741211,47.630001068115234,48.130001068115234,33.77397918701172,3311400
2008-12-22,48.369998931884766,48.38999938964844,45.65999984741211,47.290000915527344,33.184539794921875,4099500
2008-12-23,47.16999816894531,47.41999816894531,45.790000915527344,46.040000915527344,32.61914825439453,3168600
2008-12-24,46.150001525878906,46.599998474121094,45.560001373291016,46.349998474121094,32.838775634765625,1322400
2008-12-26,46.720001220703125,47.040000915527344,46.130001068115234,47.040000915527344,33.327640533447266,1286800
2008-12-29,46.84000015258789,47.0,45.38999938964844,45.95000076293945,32.55539321899414,2802800
2008-12-30,46.439998626708984,47.75,46.2599983215332,47.65999984741211,33.76691818237305,2995600
2008-12-31,47.790000915527344,49.77000045776367,47.650001525878906,49.16999816894531,34.83674240112305,3712000
2009-01-02,49.31999969482422,50.02000045776367,48.709999084472656,49.29999923706055,34.92884063720703,2771300
2009-01-05,49.599998474121094,49.779998779296875,48.52000045776367,49.41999816894531,35.01385498046875,3416700
2009-01-06,49.65999984741211,50.869998931884766,49.439998626708984,50.25,35.601932525634766,2739600
2009-01-07,49.33000183105469,49.68000030517578,48.18000030517578,48.77000045776367,34.55335998535156,2047300
2009-01-08,48.54999923706055,49.31999969482422,48.310001373291016,49.15999984741211,34.82966232299805,2117000
2009-01-09,49.27000045776367,49.27000045776367,46.880001068115234,47.02000045776367,33.3134880065918,2687000
2009-01-12,46.959999084472656,47.06999969482422,45.560001373291016,45.72999954223633,32.39952850341797,2843400
2009-01-13,45.65999984741211,46.61000061035156,45.400001525878906,46.43000030517578,32.89547348022461,3170800
2009-01-14,45.459999084472656,45.650001525878906,44.119998931884766,44.209999084472656,31.32261085510254,2829800
2009-01-15,44.27000045776367,45.45000076293945,42.7400016784668,44.7599983215332,31.712284088134766,2753400
2009-01-16,45.779998779296875,45.90999984741211,43.7400016784668,45.25,32.05944061279297,3490400
2009-01-20,44.650001525878906,44.97999954223633,41.810001373291016,41.86000061035156,29.657636642456055,2860500
2009-01-21,42.54999923706055,44.2400016784668,41.470001220703125,43.97999954223633,31.159648895263672,3049900
2009-01-22,43.09000015258789,43.790000915527344,41.779998779296875,42.47999954223633,30.096891403198242,3061800
2009-01-23,41.40999984741211,43.400001525878906,41.2400016784668,42.939998626708984,30.42281150817871,3429500
2009-01-26,42.81999969482422,44.34000015258789,42.630001068115234,43.38999938964844,30.74163055419922,2074100
2009-01-27,43.540000915527344,44.189998626708984,43.130001068115234,43.84000015258789,31.060453414916992,1564900
2009-01-28,44.5099983215332,45.880001068115234,44.5,45.630001068115234,32.32867431640625,2465800
2009-01-29,45.06999969482422,45.119998931884766,43.47999954223633,43.4900016784668,30.812490463256836,2101000
2009-01-30,43.86000061035156,44.209999084472656,42.18000030517578,42.38999938964844,30.03313636779785,1996500
2009-02-02,41.66999816894531,43.29999923706055,41.63999938964844,43.040000915527344,30.49367332458496,2387300
2009-02-03,43.33000183105469,43.439998626708984,42.439998626708984,42.97999954223633,30.45115852355957,2089400
2009-02-04,43.02000045776367,43.880001068115234,42.29999923706055,42.47999954223633,30.096891403198242,1676800
2009-02-05,42.15999984741211,43.720001220703125,41.93000030517578,42.9900016784668,30.458234786987305,2892400
2009-02-06,43.0099983215332,44.900001525878906,42.880001068115234,44.66999816894531,31.648500442504883,1442100
2009-02-09,44.540000915527344,44.880001068115234,43.97999954223633,44.52000045776367,31.542234420776367,1583600
2009-02-10,44.22999954223633,44.75,42.029998779296875,42.279998779296875,29.955215454101562,2229000
2009-02-11,42.36000061035156,42.790000915527344,41.75,42.400001525878906,30.040224075317383,1808500
2009-02-12,41.68000030517578,42.63999938964844,40.84000015258789,42.52000045776367,30.125253677368164,1969900
2009-02-13,42.41999816894531,43.0,41.72999954223633,41.72999954223633,29.565534591674805,1942500
2009-02-17,40.22999954223633,40.83000183105469,40.099998474121094,40.20000076293945,28.481542587280273,3491900
2009-02-18,40.459999084472656,40.59000015258789,39.369998931884766,39.56999969482422,28.035181045532227,3174200
2009-02-19,39.959999084472656,40.189998626708984,38.7599983215332,38.810001373291016,27.496740341186523,2113800
2009-02-20,38.09000015258789,38.720001220703125,37.2599983215332,38.290000915527344,27.128297805786133,2132800
2009-02-23,38.5099983215332,38.689998626708984,36.59000015258789,36.7599983215332,26.044307708740234,2473000
2009-02-24,37.11000061035156,38.56999969482422,36.77000045776367,38.27000045776367,27.11414337158203,2195500
2009-02-25,38.22999954223633,38.33000183105469,36.65999984741211,37.5099983215332,26.57569122314453,2044700
2009-02-26,37.83000183105469,38.16999816894531,36.709999084472656,36.810001373291016,26.079730987548828,1994900
2009-02-27,36.33000183105469,37.40999984741211,36.22999954223633,36.5,25.860111236572266,2568300
2009-03-02,35.79999923706055,35.9900016784668,34.630001068115234,34.66999816894531,24.563562393188477,3318100
2009-03-03,35.099998474121094,35.25,33.619998931884766,33.95000076293945,24.053443908691406,3477100
2009-03-04,34.22999954223633,35.040000915527344,33.68000030517578,34.40999984741211,24.379350662231445,1874900
2009-03-05,33.84000015258789,34.09000015258789,32.25,32.310001373291016,22.89150047302246,2394500
2009-03-06,32.61000061035156,33.16999816894531,31.610000610351562,32.439998626708984,22.98360824584961,3020400
2009-03-09,31.969999313354492,32.84000015258789,31.549999237060547,31.690000534057617,22.452238082885742,3170000
2009-03-10,32.43000030517578,34.16999816894531,32.310001373291016,34.0099983215332,24.095943450927734,2096100
2009-03-11,34.470001220703125,34.97999954223633,33.68000030517578,33.95000076293945,24.053443908691406,1955400
2009-03-12,33.900001525878906,36.52000045776367,33.369998931884766,36.18000030517578,25.633386611938477,2092400
2009-03-13,36.5099983215332,36.959999084472656,36.099998474121094,36.7599983215332,26.044307708740234,2091500
2009-03-16,37.2400016784668,37.66999816894531,35.970001220703125,35.9900016784668,25.498769760131836,3027900
2009-03-17,36.06999969482422,37.939998626708984,35.880001068115234,37.91999816894531,26.866161346435547,2090000
2009-03-18,37.72999954223633,39.70000076293945,37.279998779296875,39.33000183105469,27.865154266357422,2744900
2009-03-19,40.060001373291016,40.13999938964844,38.68000030517578,38.91999816894531,27.574665069580078,2295700
2009-03-20,39.31999969482422,39.31999969482422,37.52000045776367,37.529998779296875,26.58984375,2047400
2009-03-23,38.81999969482422,40.939998626708984,38.47999954223633,40.849998474121094,28.942047119140625,1881400
2009-03-24,40.400001525878906,40.58000183105469,38.86000061035156,38.9900016784668,27.774534225463867,1586600
2009-03-25,39.29999923706055,40.63999938964844,38.060001373291016,39.900001525878906,28.422748565673828,2498600
2009-03-26,40.5099983215332,41.83000183105469,40.060001373291016,41.66999816894531,29.683605194091797,3120800
2009-03-27,41.02000045776367,41.2400016784668,40.02000045776367,40.029998779296875,28.515361785888672,2055600
2009-03-30,38.810001373291016,39.029998779296875,38.0,38.77000045776367,27.617799758911133,2195300
2009-03-31,39.099998474121094,40.470001220703125,38.7599983215332,39.459999084472656,28.109310150146484,2280300
2009-04-01,38.709999084472656,40.34000015258789,38.400001525878906,40.0,28.493993759155273,2276100
2009-04-02,41.38999938964844,42.779998779296875,41.119998931884766,42.33000183105469,30.15376853942871,2817700
2009-04-03,42.15999984741211,43.0,41.75,42.93000030517578,30.581174850463867,2183400
2009-04-06,42.400001525878906,42.58000183105469,41.47999954223633,42.22999954223633,30.0825252532959,1778300
2009-04-07,41.5,41.939998626708984,40.54999923706055,40.720001220703125,29.006881713867188,2589500
2009-04-08,40.97999954223633,41.560001373291016,40.619998931884766,41.45000076293945,29.526899337768555,1669100
2009-04-09,42.70000076293945,44.209999084472656,42.470001220703125,44.209999084472656,31.49298858642578,3450400
2009-04-13,43.689998626708984,44.619998931884766,43.150001525878906,44.22999954223633,31.50724220275879,3440700
2009-04-14,43.540000915527344,43.91999816894531,42.41999816894531,42.41999816894531,30.217872619628906,2868800
2009-04-15,42.13999938964844,43.709999084472656,42.11000061035156,43.54999923706055,31.022844314575195,2287200
2009-04-16,44.09000015258789,45.15999984741211,43.150001525878906,44.68000030517578,31.827781677246094,1852400
2009-04-17,44.91999816894531,45.66999816894531,44.2400016784668,45.099998474121094,32.1269645690918,1651200
2009-04-20,44.38999938964844,44.38999938964844,42.27000045776367,42.27000045776367,30.111032485961914,1797800
2009-04-21,42.09000015258789,44.40999984741211,42.040000915527344,44.290000915527344,31.54996109008789,1926600
2009-04-22,43.599998474121094,45.349998474121094,43.33000183105469,44.06999969482422,31.393266677856445,2176500
2009-04-23,44.15999984741211,44.349998474121094,43.08000183105469,43.970001220703125,31.322011947631836,1913300
2009-04-24,44.40999984741211,45.540000915527344,43.939998626708984,44.77000045776367,31.891897201538086,1931800
2009-04-27,44.15999984741211,44.84000015258789,43.650001525878906,44.060001373291016,31.38612937927246,2022600
2009-04-28,43.5099983215332,45.15999984741211,43.439998626708984,44.2599983215332,31.52859878540039,2496700
2009-04-29,44.81999969482422,46.5099983215332,44.630001068115234,45.939998626708984,32.725341796875,1755200
2009-04-30,46.88999938964844,47.13999938964844,45.52000045776367,45.52000045776367,32.42616653442383,3121200
2009-05-01,45.650001525878906,46.130001068115234,45.29999923706055,45.56999969482422,32.461795806884766,1762700
2009-05-04,46.060001373291016,47.68000030517578,45.880001068115234,47.650001525878906,33.943458557128906,1475100
2009-05-05,47.43000030517578,47.56999969482422,46.58000183105469,47.099998474121094,33.55168151855469,1654800
2009-05-06,47.68000030517578,48.029998779296875,46.56999969482422,47.65999984741211,33.950592041015625,2052200
2009-05-07,48.290000915527344,48.47999954223633,46.09000015258789,46.599998474121094,33.195491790771484,1754400
2009-05-08,47.29999923706055,48.63999938964844,46.97999954223633,48.529998779296875,34.57033920288086,1583200
2009-05-11,47.630001068115234,47.9900016784668,47.25,47.900001525878906,34.12155532836914,1387500
2009-05-12,48.02000045776367,48.029998779296875,45.939998626708984,46.66999816894531,33.24534606933594,1626600
2009-05-13,45.849998474121094,46.06999969482422,44.400001525878906,44.43000030517578,31.64971160888672,3049300
2009-05-14,44.4900016784668,46.0099983215332,44.279998779296875,45.15999984741211,32.169700622558594,1292000
2009-05-15,45.060001373291016,45.58000183105469,44.38999938964844,44.970001220703125,32.03436279296875,1246500
2009-05-18,45.4900016784668,46.83000183105469,45.29999923706055,46.709999084472656,33.273868560791016,1391100
2009-05-19,46.650001525878906,47.0,46.0,46.5099983215332,33.131378173828125,1487800
2009-05-20,46.849998474121094,47.619998931884766,45.70000076293945,45.880001068115234,32.6826057434082,2016700
2009-05-21,45.209999084472656,45.599998474121094,44.470001220703125,45.18000030517578,32.183956146240234,2716700
2009-05-22,45.540000915527344,45.599998474121094,44.7400016784668,44.93000030517578,32.00587844848633,1994000
2009-05-26,44.220001220703125,47.09000015258789,44.209999084472656,47.09000015258789,33.5445556640625,2547800
2009-05-27,46.7599983215332,47.119998931884766,45.560001373291016,45.560001373291016,32.454647064208984,2734900
2009-05-28,46.209999084472656,46.36000061035156,44.75,45.72999954223633,32.57576370239258,1451200
2009-05-29,46.06999969482422,46.68000030517578,45.650001525878906,46.599998474121094,33.195491790771484,2557800
2009-06-01,47.75,48.779998779296875,47.459999084472656,48.5,34.54897689819336,1950400
2009-06-02,48.400001525878906,49.290000915527344,48.09000015258789,48.93000030517578,34.85525894165039,1860500
2009-06-03,48.65999984741211,48.779998779296875,48.040000915527344,48.619998931884766,34.63444900512695,2398400
2009-06-04,48.90999984741211,49.5,48.34000015258789,49.33000183105469,35.14021301269531,2442700
2009-06-05,49.83000183105469,50.0,48.86000061035156,49.20000076293945,35.04759979248047,1936600
2009-06-08,49.099998474121094,49.4900016784668,48.380001068115234,48.720001220703125,34.7056884765625,1354200
2009-06-09,49.060001373291016,49.279998779296875,48.65999984741211,48.81999969482422,34.776912689208984,1322200
2009-06-10,49.38999938964844,49.38999938964844,47.619998931884766,48.47999954223633,34.534725189208984,1401900
2009-06-11,48.54999923706055,49.20000076293945,48.36000061035156,48.40999984741211,34.4848518371582,1998800
2009-06-12,48.099998474121094,48.619998931884766,47.7400016784668,48.4900016784668,34.541839599609375,1319400
2009-06-15,47.93000030517578,48.0,46.720001220703125,47.31999969482422,33.70839309692383,1953300
2009-06-16,47.540000915527344,47.77000045776367,46.27000045776367,46.4900016784668,33.11713409423828,2074800
2009-06-17,46.38999938964844,47.209999084472656,45.939998626708984,46.779998779296875,33.323726654052734,1493000
2009-06-18,46.560001373291016,47.15999984741211,46.189998626708984,47.0099983215332,33.48756408691406,1332400
2009-06-19,47.5,47.599998474121094,46.83000183105469,47.11000061035156,33.55879211425781,1808900
2009-06-22,46.849998474121094,46.86000061035156,45.380001068115234,45.619998931884766,32.497398376464844,1782200
2009-06-23,45.65999984741211,45.939998626708984,45.040000915527344,45.11000061035156,32.134098052978516,2050000
2009-06-24,45.54999923706055,46.119998931884766,45.2400016784668,45.400001525878906,32.34068298339844,3446500
2009-06-25,45.09000015258789,46.7400016784668,44.900001525878906,46.7400016784668,33.29523849487305,2485800
2009-06-26,46.47999954223633,47.220001220703125,46.279998779296875,46.68000030517578,33.252498626708984,2504600
2009-06-29,46.95000076293945,47.130001068115234,46.040000915527344,46.84000015258789,33.36647415161133,2513900
2009-06-30,46.91999816894531,47.11000061035156,46.369998931884766,46.529998779296875,33.1456413269043,2022700
2009-07-01,46.970001220703125,47.84000015258789,46.900001525878906,47.459999084472656,33.80812454223633,2395500
2009-07-02,46.5099983215332,46.560001373291016,45.36000061035156,45.63999938964844,32.691429138183594,3206700
2009-07-06,45.220001220703125,45.43000030517578,44.4900016784668,45.2599983215332,32.41923904418945,1940200
2009-07-07,45.13999938964844,45.29999923706055,44.209999084472656,44.2599983215332,31.702943801879883,2929700
2009-07-08,44.439998626708984,44.70000076293945,43.2599983215332,44.02000045776367,31.53104019165039,2985900
2009-07-09,44.15999984741211,44.380001068115234,43.79999923706055,43.880001068115234,31.430755615234375,2171200
2009-07-10,43.630001068115234,44.11000061035156,43.2599983215332,43.939998626708984,31.473745346069336,3033700
2009-07-13,44.15999984741211,45.2599983215332,43.47999954223633,45.18000030517578,32.36192321777344,2465100
2009-07-14,45.29999923706055,45.63999938964844,44.939998626708984,45.45000076293945,32.55534362792969,2645600
2009-07-15,46.2599983215332,47.52000045776367,46.16999816894531,47.34000015258789,33.90911865234375,2618900
2009-07-16,47.2599983215332,48.290000915527344,47.060001373291016,48.029998779296875,34.40336608886719,2012400
2009-07-17,48.06999969482422,48.130001068115234,47.56999969482422,47.65999984741211,34.138328552246094,1681000
2009-07-20,47.95000076293945,48.47999954223633,47.84000015258789,48.349998474121094,34.6325798034668,2254700
2009-07-21,48.81999969482422,48.81999969482422,47.5,48.18000030517578,34.510799407958984,3790900
2009-07-22,47.90999984741211,48.810001373291016,47.779998779296875,48.439998626708984,34.697044372558594,1805600
2009-07-23,48.459999084472656,50.400001525878906,48.36000061035156,50.130001068115234,35.907569885253906,2640400
2009-07-24,49.79999923706055,50.529998779296875,49.68000030517578,50.52000045776367,36.18692398071289,2631800
2009-07-27,50.349998474121094,50.88999938964844,50.20000076293945,50.86000061035156,36.430450439453125,1959700
2009-07-28,50.630001068115234,51.060001373291016,50.189998626708984,50.90999984741211,36.46625518798828,1935300
2009-07-29,50.58000183105469,50.81999969482422,50.290000915527344,50.68000030517578,36.30153274536133,1508500
2009-07-30,51.279998779296875,52.09000015258789,51.04999923706055,51.689998626708984,37.024967193603516,2425400
2009-07-31,51.459999084472656,52.220001220703125,51.400001525878906,51.47999954223633,36.87456130981445,1920900
2009-08-03,52.220001220703125,52.70000076293945,51.7599983215332,52.65999984741211,37.71977996826172,1474200
2009-08-04,52.40999984741211,53.59000015258789,52.2599983215332,53.27000045776367,38.15671157836914,1750500
2009-08-05,53.38999938964844,53.470001220703125,52.38999938964844,53.040000915527344,37.99195861816406,2516700
2009-08-06,53.38999938964844,53.529998779296875,52.20000076293945,52.459999084472656,37.5765266418457,1289800
2009-08-07,53.119998931884766,54.7400016784668,52.88999938964844,53.97999954223633,38.665279388427734,1414300
2009-08-10,53.81999969482422,54.47999954223633,53.54999923706055,54.209999084472656,38.83001708984375,1587600
2009-08-11,53.93000030517578,53.93000030517578,52.790000915527344,53.119998931884766,38.04925537109375,1942300
2009-08-12,53.13999938964844,54.630001068115234,53.06999969482422,54.02000045776367,38.69392776489258,2114900
2009-08-13,54.45000076293945,54.56999969482422,53.58000183105469,54.349998474121094,38.930301666259766,1576700
2009-08-14,54.310001373291016,54.36000061035156,52.630001068115234,53.20000076293945,38.10657501220703,2006100
2009-08-17,52.18000030517578,52.290000915527344,51.47999954223633,51.599998474121094,36.96050262451172,2078500
2009-08-18,51.86000061035156,52.720001220703125,51.72999954223633,52.36000061035156,37.5048942565918,1414600
2009-08-19,51.83000183105469,53.0,51.720001220703125,52.88999938964844,37.884517669677734,910200
2009-08-20,52.83000183105469,53.68000030517578,52.54999923706055,53.52000045776367,38.335784912109375,1132500
2009-08-21,54.18000030517578,55.18000030517578,54.11000061035156,54.9900016784668,39.388736724853516,2203400
2009-08-24,55.27000045776367,55.59000015258789,54.650001525878906,54.90999984741211,39.331417083740234,1253300
2009-08-25,55.09000015258789,55.779998779296875,55.0,55.22999954223633,39.5606575012207,1759300
2009-08-26,55.02000045776367,55.47999954223633,54.7400016784668,55.31999969482422,39.625091552734375,938900
2009-08-27,55.22999954223633,55.459999084472656,54.099998474121094,55.2400016784668,39.567813873291016,681400
2009-08-28,55.810001373291016,56.0,54.58000183105469,55.02000045776367,39.410213470458984,910100
2009-08-31,54.33000183105469,54.5,53.779998779296875,54.09000015258789,38.74407196044922,1751500
2009-09-01,53.59000015258789,54.83000183105469,52.369998931884766,52.599998474121094,37.67680740356445,1611000
2009-09-02,52.2599983215332,52.61000061035156,52.029998779296875,52.119998931884766,37.33298110961914,1078900
2009-09-03,52.400001525878906,52.81999969482422,51.77000045776367,52.7599983215332,37.791404724121094,1374700
2009-09-04,52.7400016784668,53.4900016784668,52.310001373291016,53.380001068115234,38.235496520996094,838000
2009-09-08,53.97999954223633,54.16999816894531,53.459999084472656,54.16999816894531,38.80136489868164,877400
2009-09-09,54.06999969482422,55.349998474121094,53.849998474121094,54.90999984741211,39.331417083740234,1057900
2009-09-10,54.9900016784668,55.86000061035156,54.459999084472656,55.68000030517578,39.88296890258789,978800
2009-09-11,55.81999969482422,56.349998474121094,55.5,55.869998931884766,40.01906204223633,710000
2009-09-14,55.290000915527344,59.29999923706055,55.2400016784668,56.470001220703125,40.44884490966797,1238300
2009-09-15,56.40999984741211,57.20000076293945,56.16999816894531,57.099998474121094,40.900089263916016,954000
2009-09-16,57.349998474121094,58.4900016784668,57.22999954223633,58.369998931884766,41.80978012084961,728000
2009-09-17,58.33000183105469,59.04999923706055,57.810001373291016,58.209999084472656,41.69517517089844,671000
2009-09-18,58.52000045776367,58.70000076293945,57.75,58.38999938964844,41.82411575317383,554100
2009-09-21,57.88999938964844,58.20000076293945,57.529998779296875,58.0099983215332,41.551918029785156,1247800
2009-09-22,58.150001525878906,58.560001373291016,57.86000061035156,58.41999816894531,41.98745346069336,1659100
2009-09-23,58.439998626708984,58.900001525878906,57.560001373291016,57.630001068115234,41.419673919677734,1071600
2009-09-24,57.75,58.040000915527344,55.9900016784668,56.470001220703125,40.585975646972656,1176300
2009-09-25,56.2400016784668,56.63999938964844,55.83000183105469,56.099998474121094,40.32002639770508,1286200
2009-09-28,56.43000030517578,57.81999969482422,56.369998931884766,57.56999969482422,41.37656021118164,818100
2009-09-29,57.72999954223633,58.060001373291016,57.220001220703125,57.380001068115234,41.23999786376953,794000
2009-09-30,57.45000076293945,57.47999954223633,55.869998931884766,56.43000030517578,40.55721664428711,1659700
2009-10-01,56.2400016784668,57.4900016784668,54.560001373291016,54.599998474121094,39.241973876953125,2412900
2009-10-02,54.029998779296875,54.79999923706055,53.66999816894531,54.2400016784668,38.983219146728516,1317100
2009-10-05,54.58000183105469,55.470001220703125,54.400001525878906,55.34000015258789,39.773807525634766,1634100
2009-10-06,55.81999969482422,56.7400016784668,55.61000061035156,56.2599983215332,40.435035705566406,2231500
2009-10-07,56.18000030517578,56.61000061035156,56.06999969482422,56.38999938964844,40.52846908569336,768900
2009-10-08,56.86000061035156,57.529998779296875,56.599998474121094,57.02000045776367,40.98124694824219,1206800
2009-10-09,57.029998779296875,57.720001220703125,56.97999954223633,57.709999084472656,41.4771728515625,1306500
2009-10-12,57.97999954223633,58.209999084472656,57.400001525878906,57.70000076293945,41.469993591308594,572500
2009-10-13,57.5,57.650001525878906,56.790000915527344,57.380001068115234,41.23999786376953,2313600
2009-10-14,58.15999984741211,58.619998931884766,57.7599983215332,58.470001220703125,42.02340316772461,1962700
2009-10-15,58.16999816894531,58.56999969482422,57.93000030517578,58.459999084472656,42.016204833984375,1168400
2009-10-16,58.099998474121094,58.150001525878906,57.2599983215332,57.689998626708984,41.46278381347656,1176600
2009-10-19,57.849998474121094,58.54999923706055,57.459999084472656,58.189998626708984,41.82216262817383,963300
2009-10-20,58.27000045776367,58.380001068115234,57.11000061035156,57.4900016784668,41.31904983520508,1411000
2009-10-21,57.290000915527344,58.470001220703125,56.54999923706055,56.709999084472656,40.758453369140625,2383900
2009-10-22,56.66999816894531,57.7400016784668,55.95000076293945,57.560001373291016,41.3693733215332,2209300
2009-10-23,57.72999954223633,57.849998474121094,56.13999938964844,56.29999923706055,40.463775634765625,3010000
2009-10-26,56.349998474121094,57.22999954223633,55.310001373291016,55.70000076293945,40.032562255859375,2657300
2009-10-27,55.65999984741211,56.06999969482422,55.0,55.13999938964844,39.63006591796875,1853900
2009-10-28,54.83000183105469,55.13999938964844,53.06999969482422,53.34000015258789,38.336368560791016,2443000
2009-10-29,53.75,54.720001220703125,53.68000030517578,54.4900016784668,39.162906646728516,2871600
2009-10-30,54.220001220703125,54.220001220703125,52.43000030517578,52.869998931884766,37.99858474731445,3497900
2009-11-02,52.95000076293945,53.52000045776367,51.63999938964844,52.59000015258789,37.797340393066406,2818000
2009-11-03,52.130001068115234,53.279998779296875,52.0,53.220001220703125,38.250144958496094,3324100
2009-11-04,53.68000030517578,53.93000030517578,52.47999954223633,52.47999954223633,37.718284606933594,2818800
2009-11-05,53.060001373291016,54.189998626708984,52.86000061035156,54.04999923706055,38.8466796875,1609200
2009-11-06,53.54999923706055,54.52000045776367,53.349998474121094,54.06999969482422,38.86103820800781,1509400
2009-11-09,54.5,55.290000915527344,54.4900016784668,55.220001220703125,39.687564849853516,2124800
2009-11-10,54.9900016784668,55.459999084472656,54.369998931884766,54.790000915527344,39.37852478027344,2843100
2009-11-11,55.20000076293945,55.84000015258789,54.810001373291016,55.279998779296875,39.730682373046875,2080100
2009-11-12,55.209999084472656,55.720001220703125,53.95000076293945,54.130001068115234,38.90415954589844,1566400
2009-11-13,54.25,54.939998626708984,53.689998626708984,54.70000076293945,39.3138313293457,1658100
2009-11-16,55.15999984741211,56.61000061035156,55.09000015258789,56.150001525878906,40.355960845947266,1829700
2009-11-17,56.0,56.459999084472656,55.720001220703125,56.22999954223633,40.41347885131836,1096900
2009-11-18,56.25,56.38999938964844,55.72999954223633,56.310001373291016,40.47096633911133,1315200
2009-11-19,55.720001220703125,55.869998931884766,54.41999816894531,54.84000015258789,39.41445541381836,1366300
2009-11-20,54.5,55.029998779296875,54.400001525878906,54.81999969482422,39.400081634521484,1135100
2009-11-23,55.70000076293945,56.65999984741211,55.52000045776367,55.849998474121094,40.1403694152832,1193900
2009-11-24,55.77000045776367,55.880001068115234,54.880001068115234,55.56999969482422,39.93911361694336,1325900
2009-11-25,55.849998474121094,55.97999954223633,55.41999816894531,55.540000915527344,39.917564392089844,1419700
2009-11-27,53.5,54.79999923706055,53.349998474121094,54.04999923706055,38.8466796875,1407200
2009-11-30,53.869998931884766,54.5,53.099998474121094,54.2599983215332,38.99761199951172,2850200
2009-12-01,54.970001220703125,55.459999084472656,54.709999084472656,55.290000915527344,39.73786926269531,1798800
2009-12-02,55.33000183105469,56.290000915527344,55.220001220703125,55.790000915527344,40.097225189208984,1616100
2009-12-03,56.119998931884766,56.470001220703125,54.959999084472656,54.97999954223633,39.51507568359375,2004800
2009-12-04,56.150001525878906,56.88999938964844,55.36000061035156,56.439998626708984,40.564388275146484,3414200
2009-12-07,56.41999816894531,56.849998474121094,56.20000076293945,56.56999969482422,40.6578483581543,2083200
2009-12-08,56.15999984741211,56.63999938964844,55.560001373291016,56.099998474121094,40.32002639770508,3378200
2009-12-09,56.119998931884766,56.22999954223633,55.540000915527344,56.0099983215332,40.255348205566406,1916600
2009-12-10,56.27000045776367,56.5,55.459999084472656,55.77000045776367,40.08286666870117,1804600
2009-12-11,56.11000061035156,56.38999938964844,55.689998626708984,56.349998474121094,40.49971389770508,1170200
2009-12-14,56.810001373291016,57.25,56.15999984741211,57.15999984741211,41.081871032714844,1068100
2009-12-15,57.040000915527344,57.54999923706055,56.849998474121094,56.93000030517578,40.91658020019531,752800
2009-12-16,57.33000183105469,57.650001525878906,56.97999954223633,57.290000915527344,41.1753044128418,873500
2009-12-17,56.95000076293945,57.22999954223633,56.34000015258789,56.75,40.78720474243164,1253500
2009-12-18,57.290000915527344,57.380001068115234,56.540000915527344,57.20000076293945,41.11063003540039,1420200
2009-12-21,57.650001525878906,58.2599983215332,57.650001525878906,57.959999084472656,41.656856536865234,1145800
2009-12-22,58.060001373291016,58.59000015258789,57.95000076293945,58.52000045776367,42.059329986572266,1048500
2009-12-23,58.41999816894531,58.880001068115234,58.11000061035156,58.81999969482422,42.549049377441406,1719900
2009-12-24,58.91999816894531,59.130001068115234,58.900001525878906,59.119998931884766,42.76606369018555,347900
2009-12-28,59.22999954223633,59.290000915527344,58.7400016784668,59.029998779296875,42.700965881347656,1137600
2009-12-29,59.119998931884766,59.290000915527344,58.95000076293945,58.959999084472656,42.65031814575195,957000
2009-12-30,58.779998779296875,59.18000030517578,58.43000030517578,58.970001220703125,42.65756607055664,858100
2009-12-31,58.9900016784668,59.290000915527344,58.040000915527344,58.040000915527344,41.984840393066406,1438300
2010-01-04,58.95000076293945,59.65999984741211,58.95000076293945,59.56999969482422,43.09160232543945,1764400
2010-01-05,59.5,59.72999954223633,59.04999923706055,59.349998474121094,42.93244934082031,1119200
2010-01-06,59.27000045776367,59.630001068115234,59.09000015258789,59.22999954223633,42.84564208984375,1622700
2010-01-07,59.209999084472656,59.95000076293945,58.779998779296875,59.93000030517578,43.35200500488281,2244100
2010-01-08,59.65999984741211,60.2599983215332,59.56999969482422,60.2599983215332,43.590721130371094,1046100
2010-01-11,60.43000030517578,60.59000015258789,59.779998779296875,59.91999816894531,43.34476852416992,802400
2010-01-12,59.599998474121094,59.81999969482422,59.0,59.20000076293945,42.82393264770508,2145800
2010-01-13,59.439998626708984,60.18000030517578,59.029998779296875,60.09000015258789,43.46775436401367,1211400
2010-01-14,59.849998474121094,60.529998779296875,59.7599983215332,60.34000015258789,43.648597717285156,783500
2010-01-15,60.33000183105469,60.470001220703125,59.09000015258789,59.560001373291016,43.08436584472656,1609700
2010-01-19,59.66999816894531,60.720001220703125,59.66999816894531,60.70000076293945,43.90901565551758,1662100
2010-01-20,60.25,60.25,59.13999938964844,59.83000183105469,43.2796745300293,2335200
2010-01-21,59.90999984741211,60.34000015258789,58.68000030517578,58.869998931884766,42.58522415161133,2094900
2010-01-22,58.790000915527344,59.029998779296875,57.5099983215332,57.7400016784668,41.7678108215332,2204600
2010-01-25,58.11000061035156,58.16999816894531,57.45000076293945,57.880001068115234,41.86908721923828,2329800
2010-01-26,57.61000061035156,58.18000030517578,57.209999084472656,57.33000183105469,41.471229553222656,2382300
2010-01-27,57.04999923706055,58.0,56.75,57.880001068115234,41.86908721923828,2352100
2010-01-28,58.06999969482422,58.099998474121094,56.43000030517578,56.939998626708984,41.18910598754883,2206600
2010-01-29,57.16999816894531,57.91999816894531,56.290000915527344,56.43000030517578,40.820194244384766,2888800
2010-02-01,56.63999938964844,57.150001525878906,56.4900016784668,57.060001373291016,41.27592849731445,2013800
2010-02-02,57.13999938964844,57.75,56.849998474121094,57.66999816894531,41.71717071533203,2152500
2010-02-03,57.380001068115234,57.70000076293945,56.70000076293945,57.18000030517578,41.36271667480469,1466000
2010-02-04,56.75,56.7599983215332,55.209999084472656,55.27000045776367,39.98107147216797,1970800
2010-02-05,55.31999969482422,55.560001373291016,54.279998779296875,55.5099983215332,40.15467071533203,2143200
2010-02-08,55.27000045776367,55.810001373291016,54.79999923706055,54.88999938964844,39.7061767578125,1468800
2010-02-09,55.5099983215332,55.97999954223633,54.91999816894531,55.63999938964844,40.24872970581055,2005900
2010-02-10,55.5,55.90999984741211,54.869998931884766,55.72999954223633,40.31383514404297,1801000
2010-02-11,55.56999969482422,56.599998474121094,55.119998931884766,56.529998779296875,40.892520904541016,1164100
2010-02-12,56.06999969482422,56.959999084472656,55.849998474121094,56.959999084472656,41.203582763671875,1455500
2010-02-16,57.560001373291016,58.11000061035156,57.060001373291016,58.029998779296875,41.977596282958984,956400
2010-02-17,58.40999984741211,58.560001373291016,58.02000045776367,58.43000030517578,42.26694869995117,985800
2010-02-18,58.439998626708984,59.040000915527344,58.29999923706055,59.029998779296875,42.700965881347656,1322900
2010-02-19,58.779998779296875,59.52000045776367,58.72999954223633,59.2599983215332,42.86734390258789,1676700
2010-02-22,59.54999923706055,59.66999816894531,59.25,59.529998779296875,43.062644958496094,1957800
2010-02-23,59.400001525878906,59.56999969482422,58.58000183105469,58.7599983215332,42.50566482543945,4056100
2010-02-24,58.939998626708984,59.54999923706055,58.790000915527344,59.310001373291016,42.903499603271484,1184300
2010-02-25,58.5,59.400001525878906,58.220001220703125,59.349998474121094,42.93244934082031,1953400
2010-02-26,59.40999984741211,59.45000076293945,58.7400016784668,58.9900016784668,42.67204666137695,2021600
2010-03-01,59.4900016784668,60.34000015258789,59.43000030517578,60.290000915527344,43.612422943115234,1767600
2010-03-02,60.58000183105469,61.08000183105469,60.459999084472656,60.83000183105469,44.003047943115234,2621400
2010-03-03,61.040000915527344,61.43000030517578,60.83000183105469,61.029998779296875,44.1477165222168,2920500
2010-03-04,61.16999816894531,61.34000015258789,60.900001525878906,61.310001373291016,44.35026168823242,3146600
2010-03-05,61.65999984741211,62.650001525878906,61.459999084472656,62.56999969482422,45.261722564697266,2035000
2010-03-08,62.630001068115234,62.900001525878906,62.5,62.70000076293945,45.35576629638672,1904800
2010-03-09,62.52000045776367,63.38999938964844,62.4900016784668,62.97999954223633,45.55833053588867,1202400
2010-03-10,63.029998779296875,63.83000183105469,62.9900016784668,63.5099983215332,45.94170379638672,1751500
2010-03-11,63.099998474121094,63.7400016784668,62.84000015258789,63.61000061035156,46.0140266418457,1857900
2010-03-12,63.95000076293945,63.95000076293945,63.22999954223633,63.560001373291016,45.97786331176758,1639000
2010-03-15,63.54999923706055,63.63999938964844,62.880001068115234,63.310001373291016,45.797035217285156,1170900
2010-03-16,63.650001525878906,64.01000213623047,63.279998779296875,63.970001220703125,46.27444839477539,1728000
2010-03-17,64.13999938964844,64.83999633789062,64.13999938964844,64.4800033569336,46.643375396728516,2071900
2010-03-18,64.44999694824219,64.79000091552734,64.12999725341797,64.27999877929688,46.49869918823242,1226000
2010-03-19,63.439998626708984,64.48999786376953,63.209999084472656,63.439998626708984,45.89107131958008,1251000
2010-03-22,62.93000030517578,64.37999725341797,62.810001373291016,64.2699966430664,46.491458892822266,1266800
2010-03-23,64.3499984741211,65.06999969482422,63.970001220703125,65.04000091552734,47.04846954345703,1224400
2010-03-24,64.51000213623047,64.77999877929688,64.2300033569336,64.2699966430664,46.61114501953125,1816000
2010-03-25,64.75,65.2300033569336,63.72999954223633,63.77000045776367,46.248531341552734,1938700
2010-03-26,64.01000213623047,64.52999877929688,63.58000183105469,63.849998474121094,46.306549072265625,1638600
2010-03-29,64.0999984741211,64.36000061035156,63.83000183105469,64.16999816894531,46.53861999511719,1833600
2010-03-30,64.25,64.68000030517578,63.88999938964844,64.31999969482422,46.64740753173828,1482700
2010-03-31,64.11000061035156,64.77999877929688,63.790000915527344,63.84000015258789,46.29928970336914,1424000
2010-04-01,64.2699966430664,64.61000061035156,63.779998779296875,64.47000122070312,46.75621032714844,1458500
2010-04-05,64.70999908447266,65.80999755859375,64.45999908447266,65.80999755859375,47.728023529052734,1225800
2010-04-06,65.56999969482422,66.45999908447266,65.44000244140625,66.30999755859375,48.09062576293945,1550200
2010-04-07,66.30000305175781,66.66000366210938,65.80000305175781,66.26000213623047,48.05436706542969,2437200
2010-04-08,66.01000213623047,66.5199966430664,65.54000091552734,66.23999786376953,48.03987503051758,1251100
2010-04-09,66.3499984741211,66.66999816894531,65.91999816894531,66.5999984741211,48.300941467285156,1427900
2010-04-12,66.69999694824219,67.04000091552734,66.48999786376953,66.83000183105469,48.46775436401367,1372100
2010-04-13,66.66000366210938,67.08999633789062,66.26000213623047,67.08000183105469,48.649070739746094,1514900
2010-04-14,67.45999908447266,68.5,67.31999969482422,68.47000122070312,49.65714645385742,1625800
2010-04-15,68.4000015258789,68.83999633789062,68.33999633789062,68.69999694824219,49.823944091796875,1363900
2010-04-16,68.45999908447266,68.61000061035156,67.11000061035156,67.63999938964844,49.05520248413086,3378500
2010-04-19,67.23999786376953,67.91999816894531,66.33999633789062,67.47000122070312,48.93192672729492,2310000
2010-04-20,67.75,68.37000274658203,67.44000244140625,68.37000274658203,49.584632873535156,2215200
2010-04-21,68.37000274658203,69.04000091552734,68.19000244140625,68.91000366210938,49.976287841796875,2542500
2010-04-22,68.16000366210938,69.91999816894531,67.9000015258789,69.83000183105469,50.643470764160156,2209800
2010-04-23,69.93000030517578,70.83999633789062,69.58000183105469,70.77999877929688,51.33244705200195,4190500
2010-04-26,70.81999969482422,71.2699966430664,70.44999694824219,70.45999908447266,51.100379943847656,3409700
2010-04-27,70.20999908447266,70.81999969482422,68.51000213623047,68.62999725341797,49.773189544677734,3755700
2010-04-28,69.08000183105469,69.3499984741211,68.52999877929688,68.83000183105469,49.91823196411133,2493500
2010-04-29,69.41999816894531,70.44999694824219,69.0,70.41000366210938,51.064117431640625,3059000
2010-04-30,70.44000244140625,70.51000213623047,68.19000244140625,68.19000244140625,49.454097747802734,3203900
2010-05-03,68.70999908447266,69.86000061035156,68.63999938964844,69.80999755859375,50.62898254394531,2809900
2010-05-04,68.80000305175781,68.86000061035156,67.05000305175781,67.5199966430664,48.968177795410156,3262400
2010-05-05,66.80000305175781,67.5199966430664,65.9800033569336,66.5,48.22842788696289,4663800
2010-05-06,65.94999694824219,66.76000213623047,30.979999542236328,63.88999938964844,46.335567474365234,6823500
2010-05-07,63.220001220703125,64.29000091552734,61.400001525878906,62.11000061035156,45.044639587402344,5165500
2010-05-10,65.41000366210938,65.80000305175781,64.6500015258789,65.76000213623047,47.6917610168457,3983600
2010-05-11,64.76000213623047,67.19000244140625,64.66000366210938,66.19000244140625,48.003623962402344,2232100
2010-05-12,66.61000061035156,68.33000183105469,66.43000030517578,68.2300033569336,49.48311233520508,2300000
2010-05-13,68.0999984741211,68.58000183105469,67.16000366210938,67.44999694824219,48.91740798950195,1883500
2010-05-14,66.9800033569336,67.0,65.22000122070312,66.0999984741211,47.938331604003906,3616200
2010-05-17,66.48999786376953,67.12999725341797,64.27999877929688,66.0999984741211,47.938331604003906,4165200
2010-05-18,66.94999694824219,67.30000305175781,64.51000213623047,64.79000091552734,46.98827362060547,2820700
2010-05-19,64.4800033569336,65.23999786376953,62.959999084472656,63.95000076293945,46.37907028198242,4712100
2010-05-20,62.11000061035156,62.5,60.41999816894531,60.4900016784668,43.869747161865234,4383000
2010-05-21,59.25,61.970001220703125,58.939998626708984,61.5099983215332,44.6094970703125,6441200
2010-05-24,61.29999923706055,61.720001220703125,60.34000015258789,60.34000015258789,43.76095962524414,2353800
2010-05-25,58.959999084472656,60.470001220703125,58.02000045776367,60.41999816894531,43.818973541259766,3106700
2010-05-26,60.709999084472656,62.08000183105469,60.2599983215332,60.52000045776367,43.89151382446289,3142000
2010-05-27,62.119998931884766,63.41999816894531,61.619998931884766,63.31999969482422,45.922176361083984,3953200
2010-05-28,63.27000045776367,63.45000076293945,61.97999954223633,62.56999969482422,45.37825012207031,2788300
2010-06-01,61.75,62.650001525878906,60.36000061035156,60.36000061035156,43.77545928955078,2938800
2010-06-02,60.689998626708984,62.150001525878906,60.2400016784668,62.150001525878906,45.07363510131836,4415200
2010-06-03,62.349998474121094,62.95000076293945,61.83000183105469,62.7400016784668,45.501529693603516,1640700
2010-06-04,60.93000030517578,61.54999923706055,59.209999084472656,59.400001525878906,43.07924270629883,5739600
2010-06-07,59.619998931884766,60.040000915527344,57.95000076293945,58.0,42.06390380859375,3693500
2010-06-08,58.119998931884766,58.68000030517578,56.880001068115234,58.0099983215332,42.0711555480957,4200800
2010-06-09,58.61000061035156,59.459999084472656,57.66999816894531,57.97999954223633,42.04938888549805,2709700
2010-06-10,59.0,60.11000061035156,58.849998474121094,60.11000061035156,43.59415054321289,1339100
2010-06-11,59.27000045776367,60.95000076293945,59.09000015258789,60.900001525878906,44.167083740234375,1321500
2010-06-14,61.84000015258789,62.41999816894531,61.11000061035156,61.27000045776367,44.4354362487793,1648500
2010-06-15,61.84000015258789,63.099998474121094,61.540000915527344,62.88999938964844,45.61033248901367,2967900
2010-06-16,62.439998626708984,63.2400016784668,62.22999954223633,62.630001068115234,45.4217643737793,1583700
2010-06-17,62.95000076293945,63.0099983215332,61.88999938964844,62.63999938964844,45.42901611328125,1772800
2010-06-18,62.790000915527344,63.15999984741211,62.310001373291016,62.709999084472656,45.47977066040039,1296000
2010-06-21,63.58000183105469,63.84000015258789,61.720001220703125,62.09000015258789,45.03012466430664,3045700
2010-06-22,62.27000045776367,62.970001220703125,60.65999984741211,60.75,44.058292388916016,1911700
2010-06-23,60.529998779296875,61.209999084472656,59.83000183105469,60.5,43.87700271606445,2056300
2010-06-24,60.0,60.5099983215332,59.380001068115234,59.47999954223633,43.137245178222656,1847500
2010-06-25,59.63999938964844,60.81999969482422,59.18000030517578,60.65999984741211,43.99303436279297,1523800
2010-06-28,60.65999984741211,60.93000030517578,59.849998474121094,60.04999923706055,43.55064010620117,1359900
2010-06-29,58.95000076293945,59.130001068115234,57.369998931884766,57.790000915527344,41.911598205566406,2875400
2010-06-30,57.61000061035156,58.529998779296875,56.90999984741211,57.040000915527344,41.36766815185547,2336900
2010-07-01,57.040000915527344,57.40999984741211,55.290000915527344,56.630001068115234,41.07032012939453,3598200
2010-07-02,56.65999984741211,56.72999954223633,55.33000183105469,55.68000030517578,40.59352493286133,2650000
2010-07-06,56.66999816894531,57.150001525878906,54.599998474121094,54.91999816894531,40.03945541381836,3125500
2010-07-07,55.040000915527344,56.869998931884766,54.9900016784668,56.790000915527344,41.40276336669922,5068500
2010-07-08,57.470001220703125,57.790000915527344,56.880001068115234,57.72999954223633,42.08807373046875,2311900
2010-07-09,57.72999954223633,58.650001525878906,57.52000045776367,58.650001525878906,42.75879669189453,1203200
2010-07-12,58.41999816894531,58.84000015258789,57.4900016784668,58.04999923706055,42.32137680053711,989100
2010-07-13,58.93000030517578,60.15999984741211,58.650001525878906,59.91999816894531,43.684688568115234,3089900
2010-07-14,59.72999954223633,59.9900016784668,59.13999938964844,59.619998931884766,43.46598434448242,2569800
2010-07-15,59.63999938964844,59.709999084472656,58.290000915527344,59.02000045776367,43.02854537963867,1661600
2010-07-16,58.56999969482422,58.75,56.7400016784668,56.900001525878906,41.48296356201172,2770800
2010-07-19,57.040000915527344,57.2400016784668,56.0,57.06999969482422,41.606903076171875,1359000
2010-07-20,56.380001068115234,58.209999084472656,56.13999938964844,58.13999938964844,42.38698959350586,1148400
2010-07-21,58.540000915527344,58.70000076293945,56.86000061035156,57.0,41.55586624145508,1401100
2010-07-22,57.83000183105469,59.31999969482422,57.70000076293945,59.130001068115234,43.1087532043457,1573600
2010-07-23,58.86000061035156,60.560001373291016,58.61000061035156,60.5,44.1075439453125,3743600
2010-07-26,60.65999984741211,61.790000915527344,60.38999938964844,61.7400016784668,45.01156234741211,2307700
2010-07-27,62.22999954223633,62.650001525878906,61.61000061035156,61.7400016784668,45.01156234741211,2794700
2010-07-28,61.58000183105469,61.939998626708984,60.52000045776367,60.83000183105469,44.34812545776367,2353700
2010-07-29,61.380001068115234,61.72999954223633,59.79999923706055,60.7599983215332,44.29710006713867,2944200
2010-07-30,59.959999084472656,61.38999938964844,59.7400016784668,60.7599983215332,44.29710006713867,2360700
2010-08-02,61.77000045776367,62.119998931884766,61.25,61.779998779296875,45.04072570800781,1896600
2010-08-03,61.689998626708984,62.150001525878906,60.810001373291016,61.27000045776367,44.66891098022461,1230800
2010-08-04,61.599998474121094,62.09000015258789,61.41999816894531,61.93000030517578,45.150089263916016,1356900
2010-08-05,61.5,61.86000061035156,61.18000030517578,61.2599983215332,44.661617279052734,1045100
2010-08-06,60.310001373291016,61.13999938964844,59.709999084472656,60.90999984741211,44.40644454956055,1457100
2010-08-09,61.290000915527344,61.790000915527344,60.90999984741211,61.58000183105469,44.894920349121094,743000
2010-08-10,60.90999984741211,61.189998626708984,59.97999954223633,60.47999954223633,44.09296417236328,1964500
2010-08-11,59.27000045776367,59.27000045776367,57.91999816894531,58.08000183105469,42.34324264526367,1606200
2010-08-12,56.790000915527344,58.11000061035156,56.790000915527344,57.70000076293945,42.06620407104492,1558700
2010-08-13,57.45000076293945,57.68000030517578,57.0,57.09000015258789,41.62149429321289,1446300
2010-08-16,56.61000061035156,57.86000061035156,56.5,57.5099983215332,41.927669525146484,1259700
2010-08-17,58.150001525878906,58.97999954223633,57.81999969482422,58.540000915527344,42.67859649658203,1122900
2010-08-18,58.439998626708984,59.13999938964844,57.86000061035156,58.65999984741211,42.766082763671875,1208400
2010-08-19,58.380001068115234,58.59000015258789,56.84000015258789,57.0,41.55586624145508,1558200
2010-08-20,56.779998779296875,56.97999954223633,56.02000045776367,56.95000076293945,41.5194206237793,1321400
2010-08-23,57.29999923706055,57.61000061035156,56.06999969482422,56.099998474121094,40.89972686767578,1239600
2010-08-24,55.130001068115234,56.15999984741211,54.75,55.599998474121094,40.53519058227539,1925600
2010-08-25,55.0,56.529998779296875,54.869998931884766,56.369998931884766,41.096561431884766,1707300
2010-08-26,56.599998474121094,57.040000915527344,55.7599983215332,55.939998626708984,40.78307342529297,1361000
2010-08-27,56.58000183105469,57.45000076293945,55.439998626708984,57.36000061035156,41.81830978393555,1472000
2010-08-30,57.15999984741211,57.34000015258789,56.099998474121094,56.119998931884766,40.91429901123047,927600
2010-08-31,55.91999816894531,56.7599983215332,55.61000061035156,56.20000076293945,40.972625732421875,2117600
2010-09-01,57.060001373291016,58.31999969482422,56.86000061035156,58.2599983215332,42.47446823120117,1885300
2010-09-02,58.25,58.939998626708984,58.04999923706055,58.790000915527344,42.86086654663086,936600
2010-09-03,59.56999969482422,59.959999084472656,59.189998626708984,59.86000061035156,43.64095687866211,1718500
2010-09-07,59.70000076293945,59.70000076293945,58.4900016784668,58.61000061035156,42.72962951660156,1550200
2010-09-08,58.720001220703125,59.459999084472656,58.720001220703125,58.939998626708984,42.97022247314453,1013100
2010-09-09,59.83000183105469,59.970001220703125,58.630001068115234,59.099998474121094,43.08687210083008,1282100
2010-09-10,59.2599983215332,59.63999938964844,58.9900016784668,59.2599983215332,43.20353317260742,1110800
2010-09-13,59.90999984741211,60.79999923706055,59.79999923706055,60.599998474121094,44.18045425415039,993900
2010-09-14,60.45000076293945,60.84000015258789,60.119998931884766,60.27000045776367,43.93985366821289,1574900
2010-09-15,60.130001068115234,60.75,59.630001068115234,60.529998779296875,44.129417419433594,978400
2010-09-16,60.459999084472656,60.58000183105469,59.56999969482422,59.97999954223633,43.72843933105469,1997000
2010-09-17,60.43000030517578,60.47999954223633,59.400001525878906,60.18000030517578,43.87425231933594,1709700
2010-09-20,60.43000030517578,62.02000045776367,59.91999816894531,61.849998474121094,45.091758728027344,1250900
2010-09-21,61.86000061035156,62.27000045776367,61.380001068115234,61.5,44.83658981323242,1841200
2010-09-22,61.220001220703125,61.68000030517578,60.29999923706055,60.65999984741211,44.224185943603516,1363900
2010-09-23,59.95000076293945,60.81999969482422,59.41999816894531,59.599998474121094,43.60738754272461,1167400
2010-09-24,60.4900016784668,61.599998474121094,60.31999969482422,61.47999954223633,44.9829216003418,955200
2010-09-27,61.61000061035156,61.66999816894531,61.06999969482422,61.31999969482422,44.8658561706543,1391900
2010-09-28,61.45000076293945,62.029998779296875,60.380001068115234,61.90999984741211,45.297550201416016,1845300
2010-09-29,61.75,62.27000045776367,61.5099983215332,62.09000015258789,45.42924880981445,1378300
2010-09-30,62.400001525878906,62.88999938964844,61.5,61.9900016784668,45.35608673095703,6114900
2010-10-01,62.47999954223633,62.61000061035156,61.75,62.2599983215332,45.55363845825195,2634300
2010-10-04,62.20000076293945,62.4900016784668,61.08000183105469,61.5099983215332,45.00487518310547,1470700
2010-10-05,62.11000061035156,63.279998779296875,61.689998626708984,63.130001068115234,46.190189361572266,1560900
2010-10-06,63.15999984741211,63.45000076293945,62.869998931884766,63.220001220703125,46.25603103637695,1796700
2010-10-07,63.54999923706055,63.66999816894531,62.54999923706055,62.939998626708984,46.05117416381836,1245500
2010-10-08,63.04999923706055,64.08000183105469,62.72999954223633,63.72999954223633,46.629188537597656,1159400
2010-10-11,63.72999954223633,64.1500015258789,63.540000915527344,63.75,46.6438102722168,1685800
2010-10-12,63.529998779296875,64.11000061035156,62.939998626708984,63.900001525878906,46.753570556640625,1222300
2010-10-13,64.30000305175781,65.41999816894531,64.05999755859375,64.93000030517578,47.50718307495117,2397200
2010-10-14,64.87999725341797,65.25,64.2699966430664,64.91999816894531,47.499855041503906,1040600
2010-10-15,65.31999969482422,65.48999786376953,64.26000213623047,64.54000091552734,47.22182846069336,1104000
2010-10-18,64.66999816894531,65.5,64.58000183105469,65.5,47.924232482910156,1718900
2010-10-19,64.43000030517578,65.29000091552734,63.709999084472656,64.16999816894531,46.95111846923828,1844600
2010-10-20,64.4000015258789,65.25,64.27999877929688,64.87000274658203,47.463287353515625,1167600
2010-10-21,65.30000305175781,65.69000244140625,63.790000915527344,64.52999877929688,47.21449661254883,2461000
2010-10-22,64.75,64.87999725341797,64.33000183105469,64.66000366210938,47.309635162353516,831000
2010-10-25,65.02999877929688,65.68000030517578,64.81999969482422,64.93000030517578,47.50718307495117,1156900
2010-10-26,64.6500015258789,65.30999755859375,64.30999755859375,64.86000061035156,47.455970764160156,2511600
2010-10-27,64.48999786376953,64.80000305175781,63.84000015258789,64.54000091552734,47.22182846069336,1189000
2010-10-28,65.0199966430664,65.2300033569336,63.97999954223633,64.19999694824219,46.973052978515625,1096200
2010-10-29,64.02999877929688,64.69000244140625,63.90999984741211,64.37999725341797,47.104774475097656,1242100
2010-11-01,64.73999786376953,65.08999633789062,63.439998626708984,63.959999084472656,46.7974853515625,2494700
2010-11-02,64.63999938964844,65.33000183105469,64.4000015258789,65.30999755859375,47.78520965576172,1067500
2010-11-03,65.37000274658203,65.5999984741211,64.5999984741211,65.51000213623047,47.93156433105469,1842900
2010-11-04,66.5,67.36000061035156,66.5,67.30000305175781,49.241249084472656,1257600
2010-11-05,67.29000091552734,68.01000213623047,67.29000091552734,67.73999786376953,49.56316375732422,3248700
2010-11-08,67.47000122070312,67.76000213623047,67.05000305175781,67.61000061035156,49.46805191040039,1217200
2010-11-09,67.75,67.87000274658203,66.30999755859375,66.62999725341797,48.751033782958984,862200
2010-11-10,66.66999816894531,67.41999816894531,66.19000244140625,67.41000366210938,49.321712493896484,1240100
2010-11-11,66.76000213623047,67.43000030517578,66.58000183105469,67.22000122070312,49.18271255493164,2061000
2010-11-12,66.54000091552734,66.98999786376953,66.01000213623047,66.02999877929688,48.312007904052734,1245900
2010-11-15,66.44000244140625,66.83999633789062,66.04000091552734,66.04000091552734,48.31932830810547,1177200
2010-11-16,65.58000183105469,65.72000122070312,64.2300033569336,64.68000030517578,47.32426834106445,2111900
2010-11-17,64.77999877929688,65.02999877929688,64.48999786376953,64.88999938964844,47.47791290283203,979800
2010-11-18,65.55999755859375,66.31999969482422,65.55999755859375,65.98999786376953,48.28274917602539,1734200
2010-11-19,65.87999725341797,66.27999877929688,65.3499984741211,66.18000030517578,48.42177200317383,542300
2010-11-22,65.9000015258789,66.41999816894531,65.33999633789062,66.22000122070312,48.4510383605957,899200
2010-11-23,65.41999816894531,65.73999786376953,65.12999725341797,65.55999755859375,47.96813201904297,1434400
2010-11-24,66.08000183105469,67.0,66.08000183105469,66.98999786376953,49.014427185058594,793800
2010-11-26,66.55999755859375,66.94999694824219,66.4800033569336,66.58999633789062,48.72175216674805,294100
2010-11-29,66.19000244140625,66.80999755859375,65.54000091552734,66.6500015258789,48.76564407348633,1860900
2010-11-30,65.80999755859375,66.43000030517578,65.61000061035156,66.05999755859375,48.33396530151367,1431700
2010-12-01,67.1500015258789,67.58000183105469,67.1500015258789,67.45999908447266,49.35829544067383,2253300
2010-12-02,67.43000030517578,68.25,67.38999938964844,68.19000244140625,49.89240646362305,1379000
2010-12-03,67.94000244140625,68.81999969482422,67.79000091552734,68.5999984741211,50.19240188598633,798000
2010-12-06,68.5999984741211,69.19999694824219,68.41999816894531,69.05000305175781,50.52164840698242,2352500
2010-12-07,69.80000305175781,69.9800033569336,69.26000213623047,69.33999633789062,50.73384475708008,3121700
2010-12-08,69.51000213623047,69.75,69.25,69.41000366210938,50.785057067871094,1550600
2010-12-09,69.9000015258789,69.9000015258789,69.3499984741211,69.62999725341797,50.94602966308594,1622500
2010-12-10,69.87000274658203,70.68000030517578,69.62000274658203,70.5199966430664,51.59719467163086,895300
2010-12-13,70.86000061035156,70.94000244140625,70.22000122070312,70.26000213623047,51.40694808959961,1403500
2010-12-14,70.55000305175781,70.68000030517578,70.11000061035156,70.2300033569336,51.38502502441406,1092000
2010-12-15,70.12999725341797,70.79000091552734,69.7300033569336,69.83000183105469,51.092350006103516,2720200
2010-12-16,69.98999786376953,70.66999816894531,69.69999694824219,70.38999938964844,51.5020866394043,1856800
2010-12-17,70.48999786376953,70.56999969482422,69.95999908447266,70.37000274658203,51.487449645996094,1980800
2010-12-20,70.58999633789062,71.18000030517578,70.45999908447266,70.80000305175781,51.802085876464844,1926800
2010-12-21,71.12000274658203,71.73999786376953,71.01000213623047,71.66000366210938,52.43130874633789,1323000
2010-12-22,71.4000015258789,71.75,71.27999877929688,71.41000366210938,52.59849548339844,660400
2010-12-23,71.56999969482422,71.66999816894531,71.19999694824219,71.33000183105469,52.539573669433594,619000
2010-12-27,71.08999633789062,71.69999694824219,70.91999816894531,71.55999755859375,52.70899963378906,1234400
2010-12-28,71.73999786376953,71.83000183105469,71.22000122070312,71.52999877929688,52.68689727783203,1861700
2010-12-29,71.69000244140625,71.73999786376953,71.54000091552734,71.6500015258789,52.77528762817383,857100
2010-12-30,71.61000061035156,71.91000366210938,71.54000091552734,71.58000183105469,52.723731994628906,1213300
2010-12-31,71.4000015258789,71.69000244140625,71.0,71.08999633789062,52.36279296875,1309000
2011-01-03,71.81999969482422,72.72000122070312,71.63999938964844,72.38999938964844,53.320350646972656,2083400
2011-01-04,72.4800033569336,72.70999908447266,70.58999633789062,71.26000213623047,52.488014221191406,2844900
2011-01-05,71.16000366210938,72.0,71.02999877929688,71.94999694824219,52.99625015258789,1397600
2011-01-06,72.08000183105469,72.08999633789062,71.33999633789062,71.62999725341797,52.760555267333984,4181500
2011-01-07,71.95999908447266,72.08000183105469,70.31999969482422,71.22000122070312,52.45854949951172,1776100
2011-01-10,70.87000274658203,71.79000091552734,70.4000015258789,71.41999816894531,52.60586929321289,2834300
2011-01-11,71.69999694824219,72.08999633789062,71.37999725341797,71.80999755859375,52.893150329589844,1585000
2011-01-12,72.30000305175781,72.52999877929688,72.02999877929688,72.44000244140625,53.35719299316406,1244200
2011-01-13,72.33999633789062,72.70999908447266,71.98999786376953,72.23999786376953,53.20986557006836,1242100
2011-01-14,72.1500015258789,73.13999938964844,72.12999725341797,72.94000244140625,53.72544860839844,1006700
2011-01-18,72.73999786376953,73.0999984741211,72.41000366210938,73.05000305175781,53.8065071105957,1048000
2011-01-19,72.88999938964844,73.0999984741211,71.05000305175781,71.22000122070312,52.45854949951172,1903400
2011-01-20,70.88999938964844,71.45999908447266,70.44999694824219,70.73999786376953,52.10499954223633,1494200
2011-01-21,71.20999908447266,71.20999908447266,70.25,70.3499984741211,51.81774139404297,1267000
2011-01-24,70.30999755859375,71.13999938964844,70.29000091552734,70.88999938964844,52.215476989746094,1795900
2011-01-25,70.62000274658203,71.27999877929688,70.36000061035156,71.27999877929688,52.50274658203125,3317400
2011-01-26,71.45999908447266,72.48999786376953,71.08999633789062,72.2699966430664,53.23197555541992,2561200
2011-01-27,72.30000305175781,72.76000213623047,71.9800033569336,72.48999786376953,53.39400100708008,2496400
2011-01-28,72.45999908447266,72.45999908447266,70.6500015258789,70.69999694824219,52.07553482055664,1938300
2011-01-31,70.91000366210938,71.56999969482422,70.55000305175781,71.0,52.29651641845703,1604700
2011-02-01,71.69000244140625,72.83000183105469,71.41000366210938,72.58999633789062,53.467655181884766,3656200
2011-02-02,72.37999725341797,72.94999694824219,72.27999877929688,72.29000091552734,53.24668502807617,796900
2011-02-03,72.2300033569336,72.54000091552734,71.4000015258789,72.44999694824219,53.36451721191406,1417200
2011-02-04,72.37999725341797,72.43000030517578,71.83999633789062,72.29000091552734,53.24668502807617,1766700
2011-02-07,72.41000366210938,73.41999816894531,72.26000213623047,73.01000213623047,53.777015686035156,2699500
2011-02-08,72.86000061035156,73.44999694824219,72.75,73.41999816894531,54.07899475097656,3304200
2011-02-09,73.19999694824219,73.5199966430664,72.7699966430664,73.1500015258789,53.880126953125,1521800
2011-02-10,72.55999755859375,73.37999725341797,72.55999755859375,73.30999755859375,53.99799728393555,1523900
2011-02-11,72.95999908447266,74.08999633789062,72.95999908447266,74.06999969482422,54.557777404785156,1164300
2011-02-14,74.08999633789062,74.45999908447266,74.01000213623047,74.37000274658203,54.778770446777344,1107800
2011-02-15,74.11000061035156,74.43000030517578,73.9000015258789,74.05999755859375,54.55040740966797,2313700
2011-02-16,74.20999908447266,74.70999908447266,74.19000244140625,74.62000274658203,54.9629020690918,3083800
2011-02-17,74.43000030517578,75.33999633789062,74.43000030517578,75.16999816894531,55.36801528930664,884900
2011-02-18,75.33000183105469,75.58999633789062,75.04000091552734,75.33000183105469,55.48586654663086,1347100
2011-02-22,74.68000030517578,75.0999984741211,73.44000244140625,73.5,54.13794708251953,1932000
2011-02-23,73.5999984741211,73.76000213623047,72.04000091552734,72.44999694824219,53.36451721191406,2735600
2011-02-24,72.4800033569336,73.11000061035156,71.94999694824219,72.7300033569336,53.57078170776367,2251700
2011-02-25,73.12000274658203,74.41999816894531,73.02999877929688,74.4000015258789,54.80085372924805,1591000
2011-02-28,74.83000183105469,75.08000183105469,74.13999938964844,74.62000274658203,54.9629020690918,1333900
2011-03-01,74.9800033569336,74.9800033569336,73.02999877929688,73.19999694824219,53.916961669921875,1753200
2011-03-02,73.19000244140625,73.73999786376953,72.81999969482422,73.41000366210938,54.07167434692383,1643900
2011-03-03,74.06999969482422,75.08000183105469,74.04000091552734,74.88999938964844,55.16177749633789,1343000
2011-03-04,74.94000244140625,74.94000244140625,73.6500015258789,74.37999725341797,54.78612518310547,2525100
2011-03-07,74.55999755859375,74.70999908447266,72.69999694824219,73.27999877929688,53.975887298583984,1803100
2011-03-08,73.29000091552734,74.77999877929688,72.86000061035156,74.47000122070312,54.85240173339844,1351600
2011-03-09,74.45999908447266,74.77999877929688,74.05999755859375,74.31999969482422,54.7419319152832,2060500
2011-03-10,73.4800033569336,73.4800033569336,72.26000213623047,72.41000366210938,53.335079193115234,1834300
2011-03-11,71.77999877929688,72.97000122070312,71.76000213623047,72.55000305175781,53.43821334838867,1796500
2011-03-14,71.95999908447266,72.48999786376953,71.36000061035156,72.05000305175781,53.06991195678711,2011000
2011-03-15,70.5,71.93000030517578,69.79000091552734,71.44000244140625,52.62059783935547,2742300
2011-03-16,71.19999694824219,71.73999786376953,70.19000244140625,70.58999633789062,51.994529724121094,4226300
2011-03-17,71.66999816894531,71.75,70.94000244140625,70.94000244140625,52.2523078918457,2812100
2011-03-18,71.87999725341797,72.08000183105469,71.56999969482422,71.95999908447266,53.003623962402344,1599700
2011-03-21,72.88999938964844,73.5999984741211,72.7699966430664,73.5999984741211,54.21158981323242,1713000
2011-03-22,73.55000305175781,73.81999969482422,73.08999633789062,73.30000305175781,53.9906120300293,983700
2011-03-23,73.16999816894531,73.4800033569336,72.29000091552734,73.25,53.95380401611328,1132500
2011-03-24,73.47000122070312,73.55000305175781,72.73999786376953,73.33999633789062,54.20213317871094,817500
2011-03-25,73.72000122070312,74.69000244140625,73.37000274658203,73.91999816894531,54.63077163696289,1305500
2011-03-28,74.04000091552734,74.30999755859375,73.5999984741211,73.66000366210938,54.438621520996094,792400
2011-03-29,73.63999938964844,74.30000305175781,73.27999877929688,74.19999694824219,54.83768081665039,1511300
2011-03-30,74.54000091552734,75.22000122070312,74.4000015258789,75.11000061035156,55.5102424621582,1151300
2011-03-31,75.0199966430664,75.5,74.98999786376953,75.37999725341797,55.70977783203125,1124800
2011-04-01,75.98999786376953,76.16000366210938,75.51000213623047,75.7300033569336,55.96847152709961,1345500
2011-04-04,75.87000274658203,76.0999984741211,75.7699966430664,75.94999694824219,56.13102340698242,849800
2011-04-05,75.80999755859375,76.68000030517578,75.66999816894531,76.12000274658203,56.25669860839844,1069600
2011-04-06,76.55999755859375,76.72000122070312,76.12999725341797,76.5,56.53752517700195,1758500
2011-04-07,76.47000122070312,76.75,75.79000091552734,75.98999786376953,56.16059494018555,1455300
2011-04-08,76.19000244140625,76.3499984741211,74.83000183105469,75.12999725341797,55.52501678466797,1215700
2011-04-11,75.08000183105469,75.33999633789062,74.12999725341797,74.36000061035156,54.95596694946289,1738600
2011-04-12,73.94999694824219,74.31999969482422,73.41000366210938,73.45999908447266,54.29081344604492,1789100
2011-04-13,73.87000274658203,73.95999908447266,72.80999755859375,73.19999694824219,54.0986442565918,1746100
2011-04-14,72.72000122070312,73.6500015258789,72.58999633789062,73.58999633789062,54.38689422607422,1307900
2011-04-15,73.61000061035156,74.33000183105469,73.37999725341797,74.31999969482422,54.926395416259766,904500
2011-04-18,73.33000183105469,73.33000183105469,72.6500015258789,73.23999786376953,54.12821578979492,1359400
2011-04-19,73.48999786376953,73.68000030517578,72.80000305175781,73.13999938964844,54.054325103759766,1670800
2011-04-20,74.30999755859375,74.45999908447266,73.9800033569336,74.37000274658203,54.963356018066406,1283800
2011-04-21,74.72000122070312,74.86000061035156,74.2300033569336,74.80999755859375,55.28852081298828,797800
2011-04-25,74.69000244140625,74.88999938964844,74.3499984741211,74.80000305175781,55.281124114990234,687100
2011-04-26,74.87999725341797,76.02999877929688,74.86000061035156,75.63999938964844,55.90193176269531,2200000
2011-04-27,75.58000183105469,76.1500015258789,75.48999786376953,76.0199966430664,56.182777404785156,1131700
2011-04-28,75.93000030517578,76.44000244140625,75.8499984741211,76.37000274658203,56.44143295288086,2246200
2011-04-29,76.44999694824219,76.83999633789062,76.18000030517578,76.58999633789062,56.60403060913086,1000000
2011-05-02,76.9800033569336,77.0,75.73999786376953,75.83000183105469,56.04237365722656,2812300
2011-05-03,75.69000244140625,76.02999877929688,74.62000274658203,75.18000030517578,55.561981201171875,2450400
2011-05-04,75.19000244140625,75.37999725341797,73.88999938964844,74.2699966430664,54.889434814453125,2687600
2011-05-05,73.70999908447266,74.87000274658203,73.5,73.9000015258789,54.61600112915039,4491600
2011-05-06,74.62999725341797,75.0,73.7300033569336,74.0199966430664,54.70466995239258,1918900
2011-05-09,74.0199966430664,74.83000183105469,73.83999633789062,74.70999908447266,55.21461868286133,2084200
2011-05-10,75.01000213623047,75.94999694824219,75.01000213623047,75.91000366210938,56.10147476196289,4010500
2011-05-11,75.77999877929688,75.77999877929688,74.30000305175781,74.62000274658203,55.14810562133789,2544500
2011-05-12,74.11000061035156,75.33999633789062,73.83000183105469,75.13999938964844,55.53241729736328,2080400
2011-05-13,75.20999908447266,75.44000244140625,73.8499984741211,74.08999633789062,54.75639724731445,1705400
2011-05-16,73.5199966430664,74.41000366210938,73.18000030517578,73.25,54.13561248779297,1461600
2011-05-17,72.62000274658203,73.26000213623047,72.58999633789062,73.0199966430664,53.96563720703125,2832400
2011-05-18,73.08000183105469,73.97000122070312,72.94999694824219,73.97000122070312,54.667720794677734,2094700
2011-05-19,74.45999908447266,74.52999877929688,73.55000305175781,74.11000061035156,54.77119445800781,1260500
2011-05-20,73.87000274658203,74.04000091552734,73.18000030517578,73.52999877929688,54.34254837036133,1310100
2011-05-23,72.20999908447266,72.83999633789062,72.19999694824219,72.44000244140625,53.5369873046875,4518900
2011-05-24,72.5199966430664,72.88999938964844,71.97000122070312,72.11000061035156,53.2931022644043,2086900
2011-05-25,71.83000183105469,73.05999755859375,71.83000183105469,72.83000183105469,53.82521057128906,1748900
2011-05-26,72.5199966430664,73.69000244140625,72.4000015258789,73.6500015258789,54.43123245239258,1155900
2011-05-27,73.95999908447266,74.4000015258789,73.8499984741211,74.19000244140625,54.83030319213867,959500
2011-05-31,75.12000274658203,75.30000305175781,74.47000122070312,75.29000091552734,55.64326477050781,1731700
2011-06-01,75.23999786376953,75.23999786376953,72.88999938964844,73.01000213623047,53.95823287963867,2001500
2011-06-02,73.04000091552734,73.41999816894531,72.52999877929688,72.91999816894531,53.89171600341797,1632900
2011-06-03,71.81999969482422,72.61000061035156,71.69999694824219,71.94000244140625,53.16744613647461,2092800
2011-06-06,71.80999755859375,72.0999984741211,70.91000366210938,70.97000122070312,52.45057678222656,1275100
2011-06-07,71.45999908447266,71.70999908447266,71.05999755859375,71.0999984741211,52.54663848876953,1924400
2011-06-08,70.7699966430664,71.12999725341797,70.33999633789062,70.44999694824219,52.06625747680664,2283300
2011-06-09,70.6500015258789,70.98999786376953,70.31999969482422,70.58999633789062,52.16973114013672,1508400
2011-06-10,70.22000122070312,70.30999755859375,69.19999694824219,69.54000091552734,51.393707275390625,2456000
2011-06-13,69.69999694824219,70.0199966430664,69.04000091552734,69.44999694824219,51.32720184326172,1402300
2011-06-14,70.06999969482422,71.08999633789062,69.93000030517578,70.83999633789062,52.354488372802734,1979900
2011-06-15,70.13999938964844,70.58000183105469,69.33000183105469,69.68000030517578,51.49717330932617,2154600
2011-06-16,69.72000122070312,70.54000091552734,69.22000122070312,70.01000213623047,51.74107360839844,2432000
2011-06-17,70.51000213623047,70.83999633789062,69.81999969482422,70.16000366210938,51.851924896240234,2708000
2011-06-20,69.97000122070312,71.0999984741211,69.97000122070312,70.83999633789062,52.354488372802734,3124700
2011-06-21,71.4000015258789,72.19000244140625,71.22000122070312,72.12000274658203,53.30048370361328,1746000
2011-06-22,71.75,72.4800033569336,71.55000305175781,71.58999633789062,52.908782958984375,1697600
2011-06-23,70.73999786376953,71.6500015258789,69.94999694824219,71.47000122070312,52.82009506225586,3386900
2011-06-24,71.61000061035156,71.83999633789062,70.7699966430664,71.12000274658203,52.56142807006836,1880700
2011-06-27,71.05000305175781,71.72000122070312,70.81999969482422,71.58000183105469,52.90139389038086,1503600
2011-06-28,71.88999938964844,72.4800033569336,71.66999816894531,72.45999908447266,53.55173110961914,2053300
2011-06-29,72.7300033569336,72.87000274658203,72.19000244140625,72.73999786376953,53.758670806884766,1601300
2011-06-30,72.94000244140625,73.56999969482422,72.81999969482422,73.41000366210938,54.25387191772461,1174200
2011-07-01,73.31999969482422,74.62999725341797,73.2300033569336,74.4800033569336,55.04463195800781,1654100
2011-07-05,74.30999755859375,74.30999755859375,73.66999816894531,74.08000183105469,55.021602630615234,3033700
2011-07-06,73.91999816894531,74.44999694824219,73.75,74.3499984741211,55.22214889526367,1771900
2011-07-07,74.95999908447266,75.73999786376953,74.77999877929688,75.4800033569336,56.06147003173828,1802400
2011-07-08,74.5999984741211,75.04000091552734,74.37999725341797,75.01000213623047,55.712364196777344,971800
2011-07-11,74.13999938964844,74.41000366210938,73.3499984741211,73.5199966430664,54.60567855834961,2073700
2011-07-12,73.19000244140625,74.05000305175781,73.16000366210938,73.29000091552734,54.43484878540039,2406700
2011-07-13,73.6500015258789,74.55000305175781,73.51000213623047,73.81999969482422,54.828495025634766,1601200
2011-07-14,74.01000213623047,74.20999908447266,72.5199966430664,72.66999816894531,53.97437286376953,1783000
2011-07-15,72.9800033569336,73.20999908447266,72.56999969482422,73.05000305175781,54.25660705566406,1408100
2011-07-18,72.72000122070312,72.88999938964844,71.4800033569336,71.91999816894531,53.41732406616211,1651100
2011-07-19,72.31999969482422,73.33999633789062,72.30999755859375,73.25,54.40515899658203,1326500
2011-07-20,73.3499984741211,73.41000366210938,72.91999816894531,73.27999877929688,54.427425384521484,1137700
2011-07-21,73.52999877929688,74.37999725341797,73.44999694824219,74.27999877929688,55.170162200927734,1784400
2011-07-22,74.19999694824219,74.25,73.62999725341797,74.06999969482422,55.01417922973633,1540100
2011-07-25,73.0999984741211,73.81999969482422,73.0199966430664,73.2699966430664,54.420013427734375,1434800
2011-07-26,73.16999816894531,73.33000183105469,72.62000274658203,72.8499984741211,54.10805892944336,1497500
2011-07-27,72.4000015258789,72.41999816894531,70.80000305175781,70.94000244140625,52.68941879272461,3193300
2011-07-28,70.83999633789062,71.69000244140625,70.69000244140625,70.77999877929688,52.5705680847168,2206000
2011-07-29,69.83999633789062,71.11000061035156,69.52999877929688,70.7300033569336,52.5334587097168,2329300
2011-08-01,71.4800033569336,71.72000122070312,69.73999786376953,70.37999725341797,52.273494720458984,2614800
2011-08-02,69.93000030517578,70.62999725341797,68.12999725341797,68.33999633789062,50.75831604003906,2802100
2011-08-03,68.16000366210938,68.70999908447266,66.66000366210938,68.58999633789062,50.94401168823242,3262100
2011-08-04,67.69999694824219,67.7699966430664,64.79000091552734,64.79000091552734,48.12162399291992,5512500
2011-08-05,65.51000213623047,65.86000061035156,62.41999816894531,63.72999954223633,47.33434295654297,7512000
2011-08-08,61.56999969482422,63.29999923706055,58.150001525878906,58.150001525878906,43.18988800048828,6797500
2011-08-09,59.84000015258789,62.13999938964844,56.86000061035156,62.060001373291016,46.09397888183594,4166300
2011-08-10,60.2400016784668,61.220001220703125,58.529998779296875,58.720001220703125,43.61324691772461,4702700
2011-08-11,58.970001220703125,62.43000030517578,58.70000076293945,61.470001220703125,45.655765533447266,3142500
2011-08-12,62.15999984741211,62.619998931884766,60.91999816894531,61.54999923706055,45.715171813964844,2453900
2011-08-15,62.38999938964844,63.5,62.209999084472656,63.40999984741211,47.09666061401367,2089200
2011-08-16,62.470001220703125,63.2400016784668,61.790000915527344,62.38999938964844,46.33908462524414,3276800
2011-08-17,62.869998931884766,63.380001068115234,62.02000045776367,62.59000015258789,46.48761749267578,1435300
2011-08-18,60.38999938964844,60.70000076293945,58.849998474121094,59.34000015258789,44.0737419128418,2097100
2011-08-19,58.15999984741211,60.119998931884766,58.04999923706055,58.220001220703125,43.241886138916016,1692600
2011-08-22,59.86000061035156,59.86000061035156,57.689998626708984,58.15999984741211,43.197303771972656,1576600
2011-08-23,58.41999816894531,60.650001525878906,57.900001525878906,60.599998474121094,45.00959014892578,1203200
2011-08-24,60.59000015258789,61.91999816894531,60.15999984741211,61.560001373291016,45.72257614135742,1476200
2011-08-25,62.290000915527344,62.58000183105469,59.810001373291016,60.08000183105469,44.623355865478516,1829200
2011-08-26,59.86000061035156,61.459999084472656,58.790000915527344,61.2599983215332,45.49977111816406,1208800
2011-08-29,62.02000045776367,64.25,61.900001525878906,64.19000244140625,47.675987243652344,751700
2011-08-30,63.7599983215332,64.80000305175781,62.939998626708984,64.30000305175781,47.75770950317383,993900
2011-08-31,64.76000213623047,65.25,63.72999954223633,64.29000091552734,47.75026321411133,1602100
2011-09-01,64.37000274658203,65.08999633789062,62.45000076293945,62.7599983215332,46.613887786865234,2429700
2011-09-02,61.33000183105469,61.81999969482422,60.20000076293945,60.40999984741211,44.86845779418945,1196400
2011-09-06,58.529998779296875,60.25,58.279998779296875,60.16999816894531,44.690208435058594,1839800
2011-09-07,61.15999984741211,62.630001068115234,60.900001525878906,62.540000915527344,46.45048141479492,718200
2011-09-08,62.099998474121094,62.849998474121094,61.08000183105469,61.369998931884766,45.58147430419922,2562000
2011-09-09,60.72999954223633,60.9900016784668,59.04999923706055,59.65999984741211,44.311424255371094,1310700
2011-09-12,58.7400016784668,60.209999084472656,58.59000015258789,60.18000030517578,44.69762420654297,3188600
2011-09-13,60.56999969482422,61.27000045776367,60.040000915527344,61.130001068115234,45.40321731567383,1045900
2011-09-14,61.59000015258789,62.880001068115234,60.43000030517578,62.119998931884766,46.13853454589844,1264700
2011-09-15,62.7400016784668,62.959999084472656,61.779998779296875,62.93000030517578,46.74013900756836,1041100
2011-09-16,63.15999984741211,63.5099983215332,62.560001373291016,63.04999923706055,46.82927322387695,1351400
2011-09-19,61.95000076293945,62.400001525878906,61.25,61.810001373291016,45.90829849243164,931600
2011-09-20,62.0,62.619998931884766,60.869998931884766,60.93000030517578,45.25468444824219,818200
2011-09-21,60.709999084472656,61.18000030517578,58.470001220703125,58.52000045776367,43.464691162109375,895800
2011-09-22,56.400001525878906,58.099998474121094,56.119998931884766,57.060001373291016,42.380313873291016,2104700
2011-09-23,56.68000030517578,57.81999969482422,56.470001220703125,57.34000015258789,42.803558349609375,3223000
2011-09-26,57.91999816894531,58.59000015258789,56.84000015258789,58.54999923706055,43.706809997558594,1158700
2011-09-27,59.61000061035156,61.029998779296875,59.16999816894531,59.65999984741211,44.53541564941406,1554700
2011-09-28,59.66999816894531,59.88999938964844,57.349998474121094,57.47999954223633,42.9080696105957,1353500
2011-09-29,58.810001373291016,59.06999969482422,57.189998626708984,58.84000015258789,43.923309326171875,1465000
2011-09-30,57.86000061035156,58.63999938964844,57.029998779296875,57.029998779296875,42.5721549987793,1915600
2011-10-03,56.720001220703125,57.70000076293945,54.06999969482422,54.150001525878906,40.422279357910156,2735700
2011-10-04,53.5099983215332,57.689998626708984,53.400001525878906,57.650001525878906,43.03497314453125,3900000
2011-10-05,57.59000015258789,58.5099983215332,56.81999969482422,58.189998626708984,43.438079833984375,5339100
2011-10-06,58.119998931884766,59.56999969482422,57.65999984741211,59.439998626708984,44.37120056152344,1135300
2011-10-07,59.54999923706055,59.7599983215332,57.59000015258789,57.75,43.109619140625,2065300
2011-10-10,58.91999816894531,60.34000015258789,58.79999923706055,60.27000045776367,44.99076461791992,788200
2011-10-11,59.709999084472656,60.9900016784668,59.58000183105469,60.7599983215332,45.3565559387207,1317600
2011-10-12,61.29999923706055,62.31999969482422,61.040000915527344,61.72999954223633,46.08065414428711,898700
2011-10-13,61.310001373291016,61.81999969482422,60.470001220703125,61.47999954223633,45.89401626586914,1053800
2011-10-14,62.16999816894531,62.779998779296875,61.5099983215332,62.630001068115234,46.752498626708984,861900
2011-10-17,62.02000045776367,62.119998931884766,60.369998931884766,60.650001525878906,45.274436950683594,1019900
2011-10-18,60.88999938964844,62.970001220703125,59.97999954223633,62.52000045776367,46.67036819458008,1090400
2011-10-19,62.43000030517578,62.88999938964844,61.18000030517578,61.5099983215332,45.91640853881836,1452800
2011-10-20,61.779998779296875,61.779998779296875,60.040000915527344,61.689998626708984,46.05078125,956700
2011-10-21,62.58000183105469,63.099998474121094,62.04999923706055,63.09000015258789,47.09585952758789,763600
2011-10-24,63.29999923706055,65.04000091552734,63.189998626708984,64.93000030517578,48.46940612792969,1065900
2011-10-25,64.5,64.5,62.93000030517578,63.13999938964844,47.13318634033203,978200
2011-10-26,64.22000122070312,64.5199966430664,62.529998779296875,64.0999984741211,47.849830627441406,1004000
2011-10-27,66.5999984741211,67.97000122070312,65.80000305175781,67.55000305175781,50.425193786621094,1609300
2011-10-28,67.33000183105469,67.83999633789062,66.81999969482422,67.0999984741211,50.08928680419922,1450900
2011-10-31,66.11000061035156,66.56999969482422,65.2300033569336,65.27999877929688,48.73066329956055,1501500
2011-11-01,62.93000030517578,64.38999938964844,62.5,62.90999984741211,46.96150207519531,2583400
2011-11-02,63.86000061035156,64.6500015258789,63.33000183105469,64.54000091552734,48.17827224731445,1421600
2011-11-03,65.30000305175781,66.20999908447266,63.70000076293945,66.06999969482422,49.32039260864258,1128400
2011-11-04,65.29000091552734,65.73999786376953,64.73999786376953,65.56999969482422,48.947166442871094,571200
2011-11-07,65.54000091552734,65.81999969482422,64.18000030517578,65.58000183105469,48.95463180541992,1099200
2011-11-08,66.26000213623047,66.66000366210938,64.73999786376953,66.55999755859375,49.68618392944336,1355300
2011-11-09,64.61000061035156,65.13999938964844,63.27000045776367,63.369998931884766,47.30488586425781,3522600
2011-11-10,64.30000305175781,64.52999877929688,63.279998779296875,63.959999084472656,47.74531173706055,1354100
2011-11-11,64.66000366210938,65.7300033569336,64.62999725341797,65.52999877929688,48.917293548583984,1065100
2011-11-14,65.26000213623047,65.44999694824219,64.02999877929688,64.47000122070312,48.12602996826172,725300
2011-11-15,64.05999755859375,65.61000061035156,63.70000076293945,65.2300033569336,48.69334411621094,813300
2011-11-16,64.47000122070312,65.80000305175781,64.23999786376953,64.3499984741211,48.036434173583984,1262200
2011-11-17,64.08999633789062,64.77999877929688,63.20000076293945,63.560001373291016,47.446720123291016,1058000
2011-11-18,63.7599983215332,64.0999984741211,63.22999954223633,63.779998779296875,47.61094284057617,1393800
2011-11-21,62.650001525878906,62.88999938964844,61.790000915527344,62.290000915527344,46.498687744140625,1343500
2011-11-22,62.15999984741211,62.52000045776367,61.380001068115234,61.599998474121094,45.983604431152344,2659300
2011-11-23,60.9900016784668,61.11000061035156,59.630001068115234,59.880001068115234,44.69963455200195,2939400
2011-11-25,59.36000061035156,60.310001373291016,59.0099983215332,59.0099983215332,44.05020523071289,1233800
2011-11-28,61.11000061035156,61.65999984741211,60.81999969482422,61.52000045776367,45.92388153076172,1287500
2011-11-29,61.56999969482422,61.869998931884766,60.970001220703125,61.380001068115234,45.81938171386719,1133900
2011-11-30,63.93000030517578,65.1500015258789,63.47999954223633,65.1500015258789,48.633636474609375,2993900
2011-12-01,64.91999816894531,65.37000274658203,64.44999694824219,64.55999755859375,48.19320297241211,2387700
2011-12-02,65.37999725341797,65.81999969482422,64.76000213623047,64.77999877929688,48.35742950439453,1900800
2011-12-05,65.9800033569336,66.4000015258789,65.30999755859375,65.80999755859375,49.12632369995117,1627800
2011-12-06,65.87999725341797,66.3499984741211,65.3499984741211,65.9800033569336,49.25321960449219,1780200
2011-12-07,65.43000030517578,66.30999755859375,64.55000305175781,66.01000213623047,49.2756233215332,1667800
2011-12-08,65.36000061035156,65.44000244140625,63.70000076293945,63.83000183105469,47.64826583862305,1757100
2011-12-09,64.04000091552734,66.06999969482422,63.810001373291016,65.69000244140625,49.036720275878906,1610900
2011-12-12,64.73999786376953,64.9800033569336,64.02999877929688,64.83000183105469,48.3947639465332,1094900
2011-12-13,65.41999816894531,65.69000244140625,63.279998779296875,63.63999938964844,47.506439208984375,2419100
2011-12-14,63.11000061035156,63.599998474121094,62.72999954223633,63.08000183105469,47.088409423828125,1777600
2011-12-15,63.9900016784668,64.11000061035156,63.209999084472656,63.7599983215332,47.59601593017578,1770400
2011-12-16,64.25,65.22000122070312,63.86000061035156,64.30000305175781,47.99912643432617,1779800
2011-12-19,64.81999969482422,65.13999938964844,62.970001220703125,63.09000015258789,47.09585952758789,1430200
2011-12-20,64.45999908447266,65.68000030517578,64.33999633789062,65.5999984741211,48.96955871582031,1422400
2011-12-21,65.37000274658203,66.33000183105469,64.94999694824219,66.11000061035156,49.35026168823242,1247500
2011-12-22,65.98999786376953,66.58999633789062,65.83000183105469,66.22000122070312,49.75526428222656,952200
2011-12-23,66.5,66.55000305175781,66.05000305175781,66.36000061035156,49.860443115234375,864700
2011-12-27,66.12999725341797,66.87000274658203,65.97000122070312,66.56999969482422,50.018211364746094,902600
2011-12-28,66.58999633789062,66.58999633789062,65.2300033569336,65.66000366210938,49.33449172973633,2921900
2011-12-29,65.70999908447266,66.26000213623047,65.56999969482422,66.0999984741211,49.665077209472656,1274100
2011-12-30,66.08999633789062,66.3499984741211,65.63999938964844,65.63999938964844,49.319461822509766,1421900
2012-01-03,67.30000305175781,67.43000030517578,66.62999725341797,66.87999725341797,50.25113296508789,3076900
2012-01-04,66.56999969482422,66.76000213623047,66.06999969482422,66.56999969482422,50.018211364746094,2700300
2012-01-05,66.02999877929688,67.11000061035156,65.38999938964844,66.86000061035156,50.23610305786133,1526000
2012-01-06,66.88999938964844,67.13999938964844,66.12999725341797,66.70999908447266,50.1234130859375,5554000
2012-01-09,66.94000244140625,67.0199966430664,66.2699966430664,66.83000183105469,50.21356964111328,1699800
2012-01-10,67.66999816894531,67.94999694824219,67.51000213623047,67.77999877929688,50.92736053466797,1941400
2012-01-11,67.58000183105469,68.12999725341797,67.38999938964844,68.04000091552734,51.12271499633789,977600
2012-01-12,68.16999816894531,68.3499984741211,67.4800033569336,68.27999877929688,51.30304718017578,1157500
2012-01-13,67.7300033569336,67.94999694824219,67.19999694824219,67.8499984741211,50.979976654052734,1239400
2012-01-17,68.4000015258789,68.58000183105469,67.55000305175781,67.68000030517578,50.85223388671875,1318200
2012-01-18,67.63999938964844,68.94999694824219,67.55000305175781,68.93000030517578,51.79142761230469,1066700
2012-01-19,69.20999908447266,69.33000183105469,68.75,69.16000366210938,51.96424102783203,1509400
2012-01-20,69.08999633789062,69.66999816894531,68.95999908447266,69.44999694824219,52.182151794433594,1275200
2012-01-23,69.31999969482422,69.97000122070312,68.9000015258789,69.4000015258789,52.14457702636719,1766300
2012-01-24,68.95999908447266,69.88999938964844,68.62999725341797,69.77999877929688,52.430091857910156,1457300
2012-01-25,69.79000091552734,70.51000213623047,69.4000015258789,70.30000305175781,52.820804595947266,1497000
2012-01-26,70.75,70.80000305175781,69.80999755859375,70.18000030517578,52.73063659667969,1613100
2012-01-27,69.88999938964844,70.58999633789062,69.7699966430664,70.5199966430664,52.98609161376953,1559600
2012-01-30,69.9000015258789,70.33999633789062,69.55000305175781,70.05999755859375,52.64046096801758,1433500
2012-01-31,70.4000015258789,70.6500015258789,69.62000274658203,70.05000305175781,52.632972717285156,1394000
2012-02-01,70.66000366210938,71.56999969482422,70.38999938964844,71.44000244140625,53.67733383178711,1499900
2012-02-02,71.66999816894531,72.0999984741211,71.3499984741211,71.81999969482422,53.96286392211914,3210200
2012-02-03,73.0199966430664,73.5999984741211,72.72000122070312,73.33999633789062,55.104942321777344,1551900
2012-02-06,72.93000030517578,73.29000091552734,72.80000305175781,73.04000091552734,54.87952423095703,1511100
2012-02-07,72.91000366210938,73.3499984741211,72.58000183105469,72.91999816894531,54.78936767578125,1324900
2012-02-08,73.12000274658203,73.68000030517578,72.48999786376953,73.12000274658203,54.93963623046875,2245700
2012-02-09,73.33999633789062,73.38999938964844,72.36000061035156,72.73999786376953,54.654109954833984,1241100
2012-02-10,72.0199966430664,72.16999816894531,71.5999984741211,71.7300033569336,53.89524841308594,1027700
2012-02-13,72.48999786376953,72.70999908447266,72.0199966430664,72.55999755859375,54.51886749267578,2063800
2012-02-14,72.2699966430664,72.37999725341797,71.66000366210938,72.19999694824219,54.2484016418457,1250800
2012-02-15,72.6500015258789,72.6500015258789,71.33999633789062,71.55000305175781,53.760005950927734,1733500
2012-02-16,71.58999633789062,73.06999969482422,71.56999969482422,72.97000122070312,54.826942443847656,1550300
2012-02-17,73.38999938964844,73.4000015258789,73.01000213623047,73.0999984741211,54.92461395263672,1163000
2012-02-21,73.16999816894531,73.2699966430664,72.29000091552734,72.62000274658203,54.563961029052734,1019500
2012-02-22,72.44000244140625,72.70999908447266,71.80999755859375,71.83000183105469,53.97037887573242,1033400
2012-02-23,71.97000122070312,72.86000061035156,71.55999755859375,72.79000091552734,54.69169235229492,3062600
2012-02-24,72.87000274658203,72.91000366210938,72.38999938964844,72.5199966430664,54.48881149291992,1589100
2012-02-27,71.76000213623047,72.73999786376953,71.30999755859375,72.43000030517578,54.42121887207031,1610300
2012-02-28,72.44000244140625,72.83000183105469,71.81999969482422,72.20999908447266,54.25590133666992,1355600
2012-02-29,72.44000244140625,72.81999969482422,71.06999969482422,71.06999969482422,53.399356842041016,5550800
2012-03-01,71.4800033569336,72.25,71.3499984741211,71.3499984741211,53.60972595214844,2411600
2012-03-02,71.31999969482422,71.56999969482422,70.06999969482422,70.33999633789062,52.8508415222168,2470200
2012-03-05,70.05000305175781,70.6500015258789,69.7300033569336,70.56999969482422,53.02366256713867,2243700
2012-03-06,69.69999694824219,70.11000061035156,69.04000091552734,69.27999877929688,52.05441665649414,4507600
2012-03-07,69.44999694824219,69.94000244140625,69.27999877929688,69.91999816894531,52.53525924682617,1575600
2012-03-08,70.38999938964844,70.80000305175781,69.66000366210938,70.68000030517578,53.1063117980957,1045400
2012-03-09,70.61000061035156,72.08999633789062,70.61000061035156,71.66000366210938,53.84266662597656,1419100
2012-03-12,71.80000305175781,71.86000061035156,71.22000122070312,71.58000183105469,53.782562255859375,832400
2012-03-13,72.12999725341797,73.16000366210938,71.87999725341797,73.13999938964844,54.95466232299805,2666900
2012-03-14,73.08000183105469,73.2699966430664,72.23999786376953,72.54000091552734,54.503883361816406,1785100
2012-03-15,72.43000030517578,73.20999908447266,72.25,73.19999694824219,54.9997673034668,3149300
2012-03-16,73.33000183105469,73.33999633789062,72.81999969482422,73.16999816894531,54.977195739746094,1138600
2012-03-19,73.05000305175781,74.4000015258789,72.91000366210938,73.83999633789062,55.480628967285156,2301500
2012-03-20,73.26000213623047,73.55999755859375,72.94000244140625,73.20999908447266,55.00725555419922,1264700
2012-03-21,73.38999938964844,73.58000183105469,72.93000030517578,73.11000061035156,54.9321403503418,1797300
2012-03-22,72.36000061035156,72.63999938964844,71.91999816894531,72.41000366210938,54.40617752075195,1589000
2012-03-23,72.1500015258789,72.87999725341797,71.51000213623047,72.79000091552734,54.91923141479492,2125000
2012-03-26,73.63999938964844,74.20999908447266,73.54000091552734,74.16000366210938,55.952880859375,1712400
2012-03-27,74.2699966430664,74.4000015258789,73.58999633789062,73.58999633789062,55.5228385925293,1138000
2012-03-28,73.72000122070312,73.8499984741211,72.83999633789062,73.45999908447266,55.424747467041016,1629000
2012-03-29,72.9800033569336,73.43000030517578,72.3499984741211,73.26000213623047,55.27383804321289,1430500
2012-03-30,73.76000213623047,73.76000213623047,72.83000183105469,72.97000122070312,55.055030822753906,1654500
2012-04-02,72.76000213623047,73.97000122070312,72.68000030517578,73.94999694824219,55.79445266723633,3140100
2012-04-03,73.9000015258789,74.12000274658203,73.08000183105469,73.38999938964844,55.37193298339844,2806700
2012-04-04,72.61000061035156,72.70999908447266,71.9000015258789,72.30000305175781,54.54951095581055,1647900
2012-04-05,71.94000244140625,72.33999633789062,71.7699966430664,71.9000015258789,54.24773406982422,3214000
2012-04-09,70.68000030517578,71.05999755859375,70.44000244140625,70.81999969482422,53.43288040161133,1150900
2012-04-10,70.45999908447266,70.69999694824219,69.06999969482422,69.19999694824219,52.210601806640625,2856800
2012-04-11,69.73999786376953,70.22000122070312,69.61000061035156,70.12999725341797,52.91227722167969,1932400
2012-04-12,70.2699966430664,71.41000366210938,70.1500015258789,71.16000366210938,53.689422607421875,1603100
2012-04-13,70.87000274658203,70.91999816894531,70.0199966430664,70.05999755859375,52.85946273803711,1704700
2012-04-16,70.41999816894531,70.91000366210938,69.69999694824219,70.44000244140625,53.14619445800781,2083200
2012-04-17,71.0999984741211,72.06999969482422,70.91999816894531,71.47000122070312,53.923316955566406,1377800
2012-04-18,71.01000213623047,71.23999786376953,70.44999694824219,70.70999908447266,53.34989547729492,1259300
2012-04-19,70.80999755859375,71.2699966430664,69.94999694824219,70.4000015258789,53.11599349975586,3048200
2012-04-20,70.9000015258789,71.5199966430664,70.79000091552734,70.88999938964844,53.48569107055664,1507000
2012-04-23,69.86000061035156,69.9800033569336,69.37999725341797,69.91999816894531,52.75382614135742,1636000
2012-04-24,69.91000366210938,70.75,69.7699966430664,70.61000061035156,53.274452209472656,1345100
2012-04-25,71.58999633789062,72.01000213623047,71.20999908447266,71.52999877929688,53.968570709228516,1541200
2012-04-26,71.55999755859375,72.22000122070312,71.37000274658203,72.08999633789062,54.39108657836914,710200
2012-04-27,72.36000061035156,72.81999969482422,71.48999786376953,72.69999694824219,54.851341247558594,2385600
2012-04-30,72.69999694824219,72.75,71.86000061035156,71.86000061035156,54.21756362915039,790600
2012-05-01,71.88999938964844,73.08000183105469,71.75,71.87999725341797,54.23265075683594,2532500
2012-05-02,71.33999633789062,72.0199966430664,71.0199966430664,71.91999816894531,54.26282501220703,771200
2012-05-03,71.87000274658203,71.97000122070312,70.72000122070312,71.08000183105469,53.629051208496094,794500
2012-05-04,70.63999938964844,70.69000244140625,69.63999938964844,69.75,52.625572204589844,1988700
2012-05-07,69.52999877929688,70.26000213623047,69.38999938964844,70.0,52.814212799072266,770600
2012-05-08,69.5,70.20999908447266,69.23999786376953,70.1500015258789,52.9273681640625,1086100
2012-05-09,69.27999877929688,70.16000366210938,69.11000061035156,69.7699966430664,52.64067077636719,1482800
2012-05-10,70.29000091552734,70.55000305175781,69.79000091552734,70.13999938964844,52.919830322265625,717100
2012-05-11,69.61000061035156,70.44999694824219,69.56999969482422,69.87999725341797,52.72365188598633,695100
2012-05-14,69.12999725341797,69.54000091552734,68.83000183105469,69.05000305175781,52.097434997558594,642700
2012-05-15,69.05000305175781,69.54000091552734,68.72000122070312,68.93000030517578,52.006900787353516,1016300
2012-05-16,69.12000274658203,69.44000244140625,68.3499984741211,68.38999938964844,51.599483489990234,766700
2012-05-17,68.44999694824219,68.56999969482422,67.0,67.0,50.55072784423828,1410500
2012-05-18,67.05999755859375,67.37999725341797,66.2699966430664,66.38999938964844,50.09048843383789,1666800
2012-05-21,66.5999984741211,67.66999816894531,66.19999694824219,67.61000061035156,51.01097869873047,1194900
2012-05-22,67.7300033569336,68.19000244140625,66.83000183105469,67.27999877929688,50.76201248168945,1165600
2012-05-23,66.63999938964844,67.73999786376953,66.19000244140625,67.58999633789062,50.99589157104492,977000
2012-05-24,67.62000274658203,67.88999938964844,66.88999938964844,67.87000274658203,51.20713806152344,1204500
2012-05-25,67.86000061035156,68.08000183105469,67.55999755859375,67.79000091552734,51.14677810668945,655700
2012-05-29,68.4800033569336,68.8499984741211,67.93000030517578,68.66000366210938,51.803199768066406,1285600
2012-05-30,67.98999786376953,68.04000091552734,67.37999725341797,67.41000366210938,50.86007308959961,749700
2012-05-31,67.45999908447266,67.93000030517578,66.62000274658203,67.48999786376953,50.920440673828125,1711600
2012-06-01,65.97000122070312,66.63999938964844,65.56999969482422,65.69000244140625,49.562355041503906,1746000
2012-06-04,65.9000015258789,66.02999877929688,64.91999816894531,65.41000366210938,49.35110092163086,1209700
2012-06-05,65.05999755859375,66.18000030517578,65.04000091552734,66.1500015258789,49.909427642822266,850900
2012-06-06,66.6500015258789,67.75,66.52999877929688,67.69000244140625,51.07133865356445,723000
2012-06-07,68.75,68.80000305175781,67.3499984741211,67.3499984741211,50.81480026245117,1364200
2012-06-08,67.25,68.25,66.87999725341797,68.16999816894531,51.433502197265625,921900
2012-06-11,69.06999969482422,69.13999938964844,66.58000183105469,66.69000244140625,50.31684875488281,1144900
2012-06-12,66.9000015258789,67.5,66.33000183105469,67.4800033569336,50.912906646728516,1271100
2012-06-13,67.36000061035156,67.9000015258789,66.54000091552734,66.80000305175781,50.399837493896484,1550200
2012-06-14,66.86000061035156,67.87999725341797,66.7699966430664,67.68000030517578,51.06379699707031,1278300
2012-06-15,67.88999938964844,68.56999969482422,67.61000061035156,68.44000244140625,51.6371955871582,882800
2012-06-18,68.06999969482422,68.73999786376953,67.77999877929688,68.33000183105469,51.554222106933594,650100
2012-06-19,68.66999816894531,69.91000366210938,68.51000213623047,69.5999984741211,52.512393951416016,2557900
2012-06-20,69.55999755859375,69.97000122070312,69.05000305175781,69.47000122070312,52.41431427001953,2916000
2012-06-21,69.3499984741211,69.51000213623047,67.80999755859375,67.94000244140625,51.25996017456055,1878700
2012-06-22,68.37000274658203,68.80000305175781,67.98999786376953,68.66999816894531,51.81071853637695,1888600
2012-06-25,67.55000305175781,67.83999633789062,67.25,67.54000091552734,50.95816421508789,1950200
2012-06-26,67.19999694824219,67.5999984741211,66.55999755859375,67.29000091552734,51.107791900634766,2571900
2012-06-27,67.4800033569336,68.44000244140625,67.41999816894531,68.3499984741211,51.912864685058594,1318900
2012-06-28,67.80000305175781,68.5199966430664,67.41999816894531,68.5199966430664,52.0419807434082,1403500
2012-06-29,70.08999633789062,70.44999694824219,69.55000305175781,70.38999938964844,53.462276458740234,1763300
2012-07-02,70.70999908447266,71.08999633789062,70.08999633789062,71.05000305175781,53.96356201171875,2955100
2012-07-03,71.19000244140625,72.02999877929688,71.04000091552734,71.95999908447266,54.654720306396484,1214400
2012-07-05,72.04000091552734,72.19000244140625,71.56999969482422,71.86000061035156,54.57878494262695,1326400
2012-07-06,71.37999725341797,71.47000122070312,70.95999908447266,71.2300033569336,54.10027313232422,1141800
2012-07-09,71.13999938964844,71.18000030517578,70.61000061035156,70.86000061035156,53.81925582885742,1479500
2012-07-10,71.29000091552734,71.48999786376953,69.86000061035156,70.25,53.355960845947266,2674100
2012-07-11,70.33000183105469,70.52999877929688,69.73999786376953,70.08999633789062,53.23442459106445,1731700
2012-07-12,69.58999633789062,70.05999755859375,68.91999816894531,69.80000305175781,53.01416778564453,1726100
2012-07-13,70.0999984741211,70.91999816894531,70.04000091552734,70.63999938964844,53.652164459228516,1322000
2012-07-16,70.5,70.69999694824219,70.0999984741211,70.41000366210938,53.477474212646484,864900
2012-07-17,70.8499984741211,70.93000030517578,69.7300033569336,70.62999725341797,53.64456558227539,1558500
2012-07-18,70.5,71.30999755859375,70.44999694824219,70.94999694824219,53.887611389160156,977800
2012-07-19,71.19000244140625,71.33999633789062,70.45999908447266,70.62000274658203,53.636962890625,996800
2012-07-20,70.05999755859375,70.27999877929688,69.72000122070312,69.91000366210938,53.09772872924805,453800
2012-07-23,68.5999984741211,69.0999984741211,68.44000244140625,68.77999877929688,52.239463806152344,804100
2012-07-24,69.08000183105469,69.08000183105469,67.52999877929688,67.87999725341797,51.555885314941406,1314900
2012-07-25,68.22000122070312,68.43000030517578,67.69999694824219,67.91000366210938,51.578678131103516,536800
2012-07-26,69.0,69.13999938964844,68.12999725341797,68.5199966430664,52.0419807434082,1356800
2012-07-27,68.88999938964844,70.44000244140625,68.43000030517578,70.1500015258789,53.280006408691406,931400
2012-07-30,70.23999786376953,70.62000274658203,69.77999877929688,70.0199966430664,53.181270599365234,4276500
2012-07-31,69.76000213623047,70.33999633789062,69.51000213623047,69.51000213623047,52.793907165527344,1395300
2012-08-01,69.9800033569336,70.11000061035156,68.3499984741211,68.36000061035156,51.92047119140625,2178400
2012-08-02,67.5,68.58999633789062,67.22000122070312,67.9800033569336,51.631866455078125,1235100
2012-08-03,69.02999877929688,70.05000305175781,68.4800033569336,69.69999694824219,52.93821334838867,1366100
2012-08-06,69.81999969482422,70.63999938964844,69.68000030517578,70.19999694824219,53.31797790527344,970200
2012-08-07,70.72000122070312,71.2699966430664,70.48999786376953,70.62000274658203,53.636962890625,1421300
2012-08-08,70.43000030517578,71.06999969482422,70.29000091552734,70.79000091552734,53.76609802246094,923900
2012-08-09,70.81999969482422,71.2699966430664,70.66999816894531,71.02999877929688,53.9483642578125,717800
2012-08-10,70.7300033569336,70.94999694824219,70.5199966430664,70.9000015258789,53.84965133666992,581200
2012-08-13,70.75,70.9000015258789,70.0,70.80000305175781,53.77368927001953,1079700
2012-08-14,71.16999816894531,71.36000061035156,70.27999877929688,70.54000091552734,53.57621765136719,1600500
2012-08-15,70.36000061035156,71.13999938964844,70.31999969482422,71.0999984741211,54.00153732299805,726200
2012-08-16,70.94000244140625,72.0199966430664,70.80000305175781,71.86000061035156,54.57878494262695,737500
2012-08-17,71.94999694824219,72.55000305175781,71.77999877929688,72.44000244140625,55.01932144165039,1051700
2012-08-20,72.31999969482422,72.5,71.87000274658203,72.44999694824219,55.02688217163086,1464100
2012-08-21,72.80999755859375,73.58999633789062,72.25,72.4800033569336,55.04969024658203,2197400
2012-08-22,72.31999969482422,72.48999786376953,71.79000091552734,72.0199966430664,54.70028305053711,1390800
2012-08-23,71.95999908447266,71.97000122070312,71.1500015258789,71.38999938964844,54.2218017578125,941100
2012-08-24,71.20999908447266,71.79000091552734,70.97000122070312,71.51000213623047,54.31295394897461,1427200
2012-08-27,71.94000244140625,72.0999984741211,71.37999725341797,71.69999694824219,54.457271575927734,873700
2012-08-28,71.66999816894531,72.20999908447266,71.56999969482422,71.98999786376953,54.67750930786133,656300
2012-08-29,72.06999969482422,72.54000091552734,71.8499984741211,72.2300033569336,54.859806060791016,1971300
2012-08-30,71.87000274658203,71.93000030517578,71.41999816894531,71.51000213623047,54.31295394897461,846300
2012-08-31,72.08999633789062,72.16000366210938,71.18000030517578,71.91000366210938,54.61676788330078,1108500
2012-09-04,71.8499984741211,72.7300033569336,71.25,72.5199966430664,55.080047607421875,5577200
2012-09-05,72.55999755859375,72.87999725341797,72.31999969482422,72.55999755859375,55.11042022705078,1505900
2012-09-06,72.94999694824219,74.08999633789062,72.91000366210938,73.86000061035156,56.09779357910156,1852900
2012-09-07,74.05000305175781,74.62999725341797,73.93000030517578,74.52999877929688,56.606685638427734,1526000
2012-09-10,74.45999908447266,74.7300033569336,74.18000030517578,74.19999694824219,56.35604476928711,1384400
2012-09-11,74.22000122070312,74.88999938964844,74.19000244140625,74.5199966430664,56.59908676147461,1991900
2012-09-12,74.87999725341797,75.0,74.36000061035156,74.93000030517578,56.91048049926758,752500
2012-09-13,75.01000213623047,76.51000213623047,74.69999694824219,76.05000305175781,57.76116180419922,1287200
2012-09-14,76.22000122070312,77.2699966430664,76.20999908447266,76.87000274658203,58.383968353271484,1602300
2012-09-17,76.5,76.69000244140625,76.0,76.33999633789062,57.98139190673828,1189700
2012-09-18,76.16999816894531,76.25,75.81999969482422,76.0999984741211,57.79912185668945,960000
2012-09-19,76.23999786376953,76.31999969482422,75.86000061035156,75.9000015258789,57.647216796875,686000
2012-09-20,75.55000305175781,75.79000091552734,75.11000061035156,75.5999984741211,57.41937255859375,1043100
2012-09-21,76.31999969482422,76.4000015258789,75.87999725341797,75.93000030517578,57.669986724853516,710100
2012-09-24,75.31999969482422,75.91999816894531,75.22000122070312,75.5,57.62266159057617,1169900
2012-09-25,76.01000213623047,76.0199966430664,74.29000091552734,74.41000366210938,56.790771484375,1324000
2012-09-26,74.54000091552734,74.58000183105469,73.68000030517578,73.97000122070312,56.45497512817383,1227100
2012-09-27,74.3499984741211,74.91000366210938,73.87999725341797,74.62999725341797,56.958675384521484,951600
2012-09-28,74.37000274658203,74.48999786376953,73.94000244140625,73.94000244140625,56.43206024169922,1571400
2012-10-01,74.62000274658203,74.94999694824219,73.95999908447266,74.26000213623047,56.67629623413086,2016400
2012-10-02,74.62999725341797,74.75,74.0199966430664,74.41000366210938,56.790771484375,1004900
2012-10-03,74.54000091552734,74.77999877929688,73.9000015258789,74.18000030517578,56.61525344848633,1070900
2012-10-04,74.48999786376953,74.83999633789062,73.9000015258789,74.80000305175781,57.08843231201172,1574400
2012-10-05,75.08999633789062,75.68000030517578,74.55000305175781,74.75,57.05025863647461,1079000
2012-10-08,74.37000274658203,74.54000091552734,74.16999816894531,74.3499984741211,56.744972229003906,566700
2012-10-09,74.3499984741211,74.47000122070312,73.45999908447266,73.58999633789062,56.16493606567383,914400
2012-10-10,73.58999633789062,73.75,73.20999908447266,73.43000030517578,56.0428352355957,1747800
2012-10-11,74.04000091552734,74.27999877929688,73.66000366210938,73.7699966430664,56.302330017089844,895200
2012-10-12,73.72000122070312,73.87000274658203,72.88999938964844,73.0,55.714656829833984,879800
2012-10-15,73.19999694824219,73.4000015258789,72.62000274658203,73.37999725341797,56.00465774536133,2239800
2012-10-16,73.79000091552734,73.97000122070312,73.62000274658203,73.83999633789062,56.355743408203125,897400
2012-10-17,73.98999786376953,74.73999786376953,73.9000015258789,74.69000244140625,57.00446319580078,723600
2012-10-18,74.68000030517578,74.94000244140625,74.30000305175781,74.31999969482422,56.72209930419922,1111100
2012-10-19,73.80000305175781,73.83000183105469,72.72000122070312,73.04000091552734,55.74516296386719,1414600
2012-10-22,72.91000366210938,73.19999694824219,72.68000030517578,73.12999725341797,55.81385803222656,1491100
2012-10-23,72.44000244140625,72.75,71.87000274658203,72.66999816894531,55.46278381347656,996300
2012-10-24,72.9800033569336,73.08999633789062,72.36000061035156,72.58000183105469,55.394107818603516,888400
2012-10-25,73.13999938964844,73.43000030517578,72.29000091552734,72.8499984741211,55.60017395019531,655600
2012-10-26,72.83000183105469,73.23999786376953,72.06999969482422,72.56999969482422,55.38648223876953,894100
2012-10-31,72.4800033569336,73.05999755859375,72.04000091552734,72.81999969482422,55.57726287841797,1685600
2012-11-01,73.19999694824219,73.9800033569336,73.0,73.79000091552734,56.31758117675781,1387600
2012-11-02,74.08000183105469,74.13999938964844,72.75,72.77999877929688,55.54673385620117,639100
2012-11-05,72.73999786376953,73.23999786376953,72.51000213623047,73.0999984741211,55.79096603393555,1293200
2012-11-06,73.38999938964844,73.94000244140625,73.38999938964844,73.7699966430664,56.302330017089844,606800
2012-11-07,72.79000091552734,72.88999938964844,71.44000244140625,71.69000244140625,54.71482467651367,1201500
2012-11-08,71.61000061035156,71.93000030517578,70.69999694824219,70.70999908447266,53.96687698364258,716700
2012-11-09,70.41000366210938,71.37000274658203,70.31999969482422,70.80999755859375,54.04320526123047,1161500
2012-11-12,71.01000213623047,71.0199966430664,70.48999786376953,70.5999984741211,53.88294219970703,1048900
2012-11-13,70.25,70.87000274658203,70.04000091552734,70.12000274658203,53.51658630371094,1586200
2012-11-14,70.19999694824219,70.31999969482422,68.58999633789062,68.80000305175781,52.5091438293457,976400
2012-11-15,68.58000183105469,68.95999908447266,68.0,68.41000366210938,52.21149444580078,1019600
2012-11-16,68.38999938964844,69.13999938964844,67.83999633789062,69.0199966430664,52.67706298828125,2895600
2012-11-19,69.80000305175781,70.51000213623047,69.66999816894531,70.5,53.806583404541016,1395800
2012-11-20,70.4000015258789,70.66000366210938,70.0,70.55000305175781,53.844764709472656,1047000
2012-11-21,70.66999816894531,70.94000244140625,70.41999816894531,70.91000366210938,54.1195182800293,522400
2012-11-23,71.12999725341797,71.69999694824219,71.08999633789062,71.69999694824219,54.72248458862305,382400
2012-11-26,71.41999816894531,71.9000015258789,71.36000061035156,71.9000015258789,54.875125885009766,559100
2012-11-27,71.87000274658203,72.31999969482422,71.73999786376953,71.80000305175781,54.79877853393555,1641300
2012-11-28,71.45999908447266,72.3499984741211,70.91000366210938,72.3499984741211,55.21855163574219,1534000
2012-11-29,72.97000122070312,73.30999755859375,72.69000244140625,73.19000244140625,55.859657287597656,1632100
2012-11-30,73.3499984741211,73.37999725341797,72.93000030517578,73.19999694824219,55.86730194091797,1462800
2012-12-03,73.83999633789062,73.87999725341797,72.97000122070312,73.25,55.90545654296875,2959400
2012-12-04,73.19999694824219,73.5199966430664,72.83000183105469,73.41000366210938,56.027587890625,1399800
2012-12-05,73.7300033569336,73.79000091552734,72.88999938964844,73.37999725341797,56.00465774536133,802100
2012-12-06,73.29000091552734,73.63999938964844,73.1500015258789,73.54000091552734,56.12677001953125,966900
2012-12-07,73.88999938964844,73.93000030517578,73.30000305175781,73.5999984741211,56.172576904296875,774400
2012-12-10,73.69999694824219,73.9800033569336,73.62000274658203,73.95999908447266,56.44734573364258,659600
2012-12-11,74.44000244140625,74.76000213623047,74.23999786376953,74.61000061035156,56.94343566894531,1421300
2012-12-12,74.88999938964844,74.9800033569336,74.12999725341797,74.26000213623047,56.67629623413086,2427200
2012-12-13,74.2699966430664,74.43000030517578,73.55000305175781,73.80999755859375,56.33284378051758,1533900
2012-12-14,73.68000030517578,74.16999816894531,73.5999984741211,73.87000274658203,56.378658294677734,1619000
2012-12-17,74.0999984741211,74.9000015258789,73.95999908447266,74.9000015258789,57.16474914550781,974100
2012-12-18,75.26000213623047,75.91999816894531,74.87000274658203,75.87999725341797,57.9127082824707,1158000
2012-12-19,75.25,75.6500015258789,74.97000122070312,75.27999877929688,58.0476188659668,1502000
2012-12-20,75.3499984741211,75.81999969482422,75.12000274658203,75.72000122070312,58.386924743652344,2298500
2012-12-21,74.69000244140625,75.43000030517578,74.4800033569336,75.43000030517578,58.16330337524414,2148300
2012-12-24,75.2300033569336,75.29000091552734,74.91000366210938,75.0199966430664,57.8471565246582,477400
2012-12-26,75.2699966430664,75.30999755859375,74.61000061035156,74.62000274658203,57.53871154785156,1082200
2012-12-27,74.75,74.83999633789062,73.62999725341797,74.55000305175781,57.48473358154297,1323800
2012-12-28,74.18000030517578,74.75,73.97000122070312,73.9800033569336,57.04523849487305,1070400
2012-12-31,74.12000274658203,75.62999725341797,73.86000061035156,75.51000213623047,58.2249755859375,1718000
2013-01-02,77.30000305175781,77.87000274658203,76.98999786376953,77.87000274658203,60.04477310180664,3175300
2013-01-03,77.87999725341797,78.20999908447266,77.45999908447266,77.68000030517578,59.89827346801758,1028100
2013-01-04,77.97000122070312,78.37999725341797,77.7300033569336,78.1500015258789,60.260677337646484,799100
2013-01-07,77.87999725341797,77.94000244140625,77.54000091552734,77.76000213623047,59.95992660522461,995200
2013-01-08,77.70999908447266,77.83999633789062,77.33999633789062,77.69999694824219,59.9136848449707,791800
2013-01-09,77.88999938964844,78.08999633789062,77.77999877929688,77.91999816894531,60.083309173583984,718200
2013-01-10,78.16999816894531,78.25,77.75,78.13999938964844,60.252960205078125,655700
2013-01-11,78.0199966430664,78.16000366210938,77.66000366210938,78.01000213623047,60.152713775634766,1421300
2013-01-14,77.83000183105469,78.1500015258789,77.7699966430664,78.0199966430664,60.16043472290039,602600
2013-01-15,77.52999877929688,78.3499984741211,77.47000122070312,78.2300033569336,60.322349548339844,709600
2013-01-16,78.06999969482422,78.26000213623047,77.86000061035156,78.08000183105469,60.206687927246094,324800
2013-01-17,78.45999908447266,78.97000122070312,78.3499984741211,78.80000305175781,60.76188659667969,1806600
2013-01-18,78.81999969482422,79.04000091552734,78.62999725341797,79.02999877929688,60.939208984375,906400
2013-01-22,79.06999969482422,79.69999694824219,78.94000244140625,79.68000030517578,61.44044494628906,787200
2013-01-23,79.66000366210938,79.69000244140625,79.38999938964844,79.4800033569336,61.28624725341797,570500
2013-01-24,79.58999633789062,80.02999877929688,79.30999755859375,79.61000061035156,61.386444091796875,597900
2013-01-25,79.9800033569336,79.98999786376953,79.52999877929688,79.91000366210938,61.617774963378906,1039500
2013-01-28,80.12000274658203,80.3499984741211,79.5199966430664,80.19999694824219,61.84138870239258,833300
2013-01-29,80.1500015258789,80.41999816894531,80.0199966430664,80.37000274658203,61.97248077392578,608800
2013-01-30,80.31999969482422,80.31999969482422,79.19000244140625,79.45999908447266,61.270809173583984,680300
2013-01-31,79.41000366210938,80.12000274658203,79.30000305175781,80.01000213623047,61.694908142089844,1154000
2013-02-01,80.5,81.04000091552734,80.30999755859375,80.7699966430664,62.28093719482422,2441600
2013-02-04,80.27999877929688,80.5199966430664,79.61000061035156,79.7300033569336,61.47897720336914,1693400
2013-02-05,80.12000274658203,80.62000274658203,79.9800033569336,80.38999938964844,61.98793411254883,1118800
2013-02-06,80.0199966430664,80.77999877929688,79.95999908447266,80.76000213623047,62.273223876953125,804100
2013-02-07,80.6500015258789,80.80000305175781,80.01000213623047,80.5,62.0727424621582,411600
2013-02-08,80.6500015258789,81.05999755859375,80.58999633789062,81.01000213623047,62.46597671508789,770200
2013-02-11,80.97000122070312,81.0199966430664,80.61000061035156,81.0,62.45827865600586,747900
2013-02-12,81.08000183105469,81.62000274658203,80.98999786376953,81.51000213623047,62.85152816772461,679900
2013-02-13,81.63999938964844,81.91000366210938,81.44000244140625,81.83000183105469,63.0982780456543,1145400
2013-02-14,81.55999755859375,82.16000366210938,81.55000305175781,82.0199966430664,63.244789123535156,871000
2013-02-15,82.0199966430664,82.2699966430664,81.8499984741211,82.06999969482422,63.283348083496094,832000
2013-02-19,82.26000213623047,82.79000091552734,82.26000213623047,82.79000091552734,63.83852767944336,834400
2013-02-20,82.88999938964844,82.91000366210938,81.06999969482422,81.16000366210938,62.58164978027344,4131300
2013-02-21,81.0,81.08000183105469,79.91999816894531,80.38999938964844,61.98793411254883,1541900
2013-02-22,80.8499984741211,81.2699966430664,80.79000091552734,81.2699966430664,62.66645812988281,1230100
2013-02-25,81.80000305175781,81.81999969482422,79.48999786376953,79.54000091552734,61.33247756958008,583400
2013-02-26,79.88999938964844,80.2699966430664,79.43000030517578,79.95999908447266,61.656341552734375,2830900
2013-02-27,79.95999908447266,81.19999694824219,79.9000015258789,80.73999786376953,62.25777053833008,944600
2013-02-28,80.75,81.37999725341797,80.6500015258789,80.80999755859375,62.311767578125,1833700
2013-03-01,80.38999938964844,81.25,79.7300033569336,81.16000366210938,62.58164978027344,1922600
2013-03-04,81.0,81.30999755859375,80.47000122070312,81.23999786376953,62.64332962036133,1175200
2013-03-05,81.6500015258789,82.25,81.6500015258789,82.05999755859375,63.2756233215332,714400
2013-03-06,82.29000091552734,82.37999725341797,82.0,82.26000213623047,63.42987060546875,1479300
2013-03-07,82.31999969482422,82.69999694824219,82.19000244140625,82.6500015258789,63.73057556152344,1798200
2013-03-08,83.30000305175781,83.4000015258789,82.73999786376953,83.2699966430664,64.20864868164062,1655800
2013-03-11,82.9000015258789,83.31999969482422,82.9000015258789,83.20999908447266,64.1623764038086,398000
2013-03-12,83.01000213623047,83.29000091552734,82.79000091552734,83.02999877929688,64.0235824584961,1409800
2013-03-13,83.06999969482422,83.51000213623047,82.86000061035156,83.38999938964844,64.30119323730469,1236400
2013-03-14,83.58000183105469,84.33999633789062,83.55000305175781,84.33000183105469,65.02600860595703,1148500
2013-03-15,84.2699966430664,84.62000274658203,84.06999969482422,84.45999908447266,65.12625122070312,572500
2013-03-18,83.56999969482422,84.26000213623047,83.31999969482422,83.9800033569336,64.75611877441406,2869500
2013-03-19,84.0999984741211,84.3499984741211,83.01000213623047,83.66000366210938,64.50939178466797,1174800
2013-03-20,84.05000305175781,84.33000183105469,83.97000122070312,84.30999755859375,65.01056671142578,788100
2013-03-21,83.70999908447266,84.1500015258789,83.41000366210938,83.68000030517578,64.52481079101562,1118300
2013-03-22,84.0,84.05000305175781,83.69000244140625,83.79000091552734,64.609619140625,635000
2013-03-25,83.79000091552734,84.2699966430664,83.12999725341797,83.62999725341797,64.72335815429688,1029800
2013-03-26,84.0,84.12000274658203,83.55000305175781,83.88999938964844,64.92459869384766,895300
2013-03-27,83.33999633789062,84.04000091552734,83.11000061035156,84.0,65.0097427368164,919400
2013-03-28,84.01000213623047,84.13999938964844,83.76000213623047,83.80999755859375,64.8626937866211,908900
2013-04-01,83.8499984741211,83.9800033569336,82.45999908447266,82.91999816894531,64.17391204833984,1577700
2013-04-02,83.44000244140625,83.52999877929688,82.26000213623047,82.43000030517578,63.79467010498047,850800
2013-04-03,82.68000030517578,82.68000030517578,81.05999755859375,81.20999908447266,62.85049057006836,1230600
2013-04-04,81.26000213623047,81.91000366210938,81.0199966430664,81.87999725341797,63.368995666503906,1687600
2013-04-05,80.68000030517578,81.8499984741211,80.58999633789062,81.83000183105469,63.330299377441406,2577400
2013-04-08,81.98999786376953,82.62000274658203,81.45999908447266,82.62000274658203,63.94171905517578,2335000
2013-04-09,82.68000030517578,82.88999938964844,82.20999908447266,82.36000061035156,63.740478515625,1320300
2013-04-10,82.61000061035156,83.94999694824219,82.55000305175781,83.7699966430664,64.83170318603516,932200
2013-04-11,83.7699966430664,84.33000183105469,83.68000030517578,83.88999938964844,64.92459869384766,1424300
2013-04-12,83.56999969482422,83.79000091552734,82.94999694824219,83.48999786376953,64.61502838134766,1870700
2013-04-15,83.02999877929688,83.08000183105469,80.01000213623047,80.2699966430664,62.122989654541016,1665600
2013-04-16,80.97000122070312,81.68000030517578,80.63999938964844,81.56999969482422,63.12910079956055,1519300
2013-04-17,81.11000061035156,81.11000061035156,79.41999816894531,80.0,61.91403579711914,1749500
2013-04-18,80.20999908447266,80.4000015258789,79.37999725341797,79.81999969482422,61.77472686767578,2087400
2013-04-19,80.19000244140625,80.77999877929688,79.4800033569336,80.7300033569336,62.479000091552734,821500
2013-04-22,80.93000030517578,81.06999969482422,79.47000122070312,80.87999725341797,62.59508514404297,1165400
2013-04-23,81.48999786376953,82.25,81.27999877929688,82.2300033569336,63.63991165161133,1569700
2013-04-24,82.26000213623047,82.91999816894531,82.05000305175781,82.81999969482422,64.09650421142578,1225800
2013-04-25,82.88999938964844,83.62999725341797,82.88999938964844,83.1500015258789,64.35191345214844,770400
2013-04-26,82.95999908447266,83.0199966430664,82.2699966430664,82.5999984741211,63.92622756958008,2414500
2013-04-29,83.04000091552734,83.43000030517578,82.75,83.2699966430664,64.44476318359375,1202500
2013-04-30,83.33999633789062,83.86000061035156,82.97000122070312,83.83999633789062,64.8858871459961,1327700
2013-05-01,83.62000274658203,83.63999938964844,81.69000244140625,81.7699966430664,63.28387451171875,1960000
2013-05-02,82.27999877929688,83.19000244140625,82.11000061035156,83.05000305175781,64.27452087402344,961100
2013-05-03,84.12999725341797,84.98999786376953,83.98999786376953,84.41999816894531,65.33480834960938,763100
2013-05-06,84.5199966430664,85.06999969482422,84.4000015258789,84.98999786376953,65.77592468261719,773800
2013-05-07,85.11000061035156,85.7699966430664,84.77999877929688,85.7699966430664,66.37959289550781,662700
2013-05-08,85.52999877929688,86.05000305175781,85.37999725341797,85.98999786376953,66.54985046386719,1025000
2013-05-09,85.95999908447266,86.0199966430664,85.37999725341797,85.62999725341797,66.271240234375,602700
2013-05-10,85.72000122070312,86.16000366210938,85.62000274658203,86.13999938964844,66.66593170166016,519000
2013-05-13,86.0,86.16999816894531,85.66000366210938,85.83000183105469,66.42601013183594,1031600
2013-05-14,86.04000091552734,86.8499984741211,85.9000015258789,86.80000305175781,67.17675018310547,982900
2013-05-15,86.6500015258789,87.44000244140625,86.4800033569336,87.08999633789062,67.40116882324219,1073200
2013-05-16,86.95999908447266,87.33000183105469,86.58999633789062,86.80999755859375,67.18450164794922,1554300
2013-05-17,87.16999816894531,87.76000213623047,87.16000366210938,87.68000030517578,67.85778045654297,963200
2013-05-20,87.51000213623047,88.38999938964844,87.51000213623047,88.12000274658203,68.19831085205078,2755800
2013-05-21,88.12000274658203,88.33999633789062,87.80999755859375,88.08999633789062,68.1750717163086,371900
2013-05-22,88.29000091552734,89.06999969482422,86.11000061035156,86.5999984741211,67.02195739746094,1665900
2013-05-23,85.76000213623047,86.6500015258789,85.54000091552734,86.5999984741211,67.02195739746094,1500600
2013-05-24,86.20999908447266,86.70999908447266,85.68000030517578,86.66000366210938,67.06837463378906,1180800
2013-05-28,87.8499984741211,88.62000274658203,87.08999633789062,87.69000244140625,67.86553192138672,1321800
2013-05-29,87.19000244140625,87.37999725341797,86.06999969482422,86.79000091552734,67.16897583007812,1133200
2013-05-30,87.04000091552734,87.5999984741211,86.95999908447266,87.33999633789062,67.59464263916016,1212000
2013-05-31,86.91000366210938,87.3499984741211,86.31999969482422,86.31999969482422,66.80523681640625,1229900
2013-06-03,86.62999725341797,87.37000274658203,85.80999755859375,87.16999816894531,67.46308135986328,2148700
2013-06-04,87.19999694824219,87.69999694824219,85.72000122070312,86.36000061035156,66.83621978759766,1492600
2013-06-05,86.2699966430664,86.33000183105469,85.06999969482422,85.20999908447266,65.9461669921875,1560700
2013-06-06,85.16000366210938,86.12000274658203,84.6500015258789,86.12000274658203,66.65045928955078,979000
2013-06-07,86.62000274658203,86.83000183105469,85.93000030517578,86.63999938964844,67.0528793334961,627600
2013-06-10,87.06999969482422,87.19999694824219,86.2300033569336,87.19000244140625,67.47856140136719,974300
2013-06-11,86.18000030517578,86.69999694824219,85.5,86.0,66.55760955810547,1790100
2013-06-12,86.6500015258789,86.69999694824219,85.0,85.12000274658203,65.87655639648438,539900
2013-06-13,85.1500015258789,87.0199966430664,84.81999969482422,86.83999633789062,67.20765686035156,648500
2013-06-14,86.75,87.06999969482422,85.80000305175781,86.13999938964844,66.66593170166016,717000
2013-06-17,87.05999755859375,87.19000244140625,86.16000366210938,86.61000061035156,67.02967071533203,933900
2013-06-18,86.77999877929688,87.94000244140625,86.72000122070312,87.66000366210938,67.8423080444336,626500
2013-06-19,87.68000030517578,87.83000183105469,86.43000030517578,86.44999694824219,66.90585327148438,853200
2013-06-20,85.1500015258789,85.27999877929688,83.88999938964844,84.23999786376953,65.19547271728516,1454500
2013-06-21,84.31999969482422,84.69999694824219,83.37999725341797,84.54000091552734,65.4276351928711,1456500
2013-06-24,83.5999984741211,84.06999969482422,82.5999984741211,83.37000274658203,64.52216339111328,1352200
2013-06-25,83.94000244140625,84.55000305175781,83.62000274658203,84.37000274658203,65.29608917236328,1362700
2013-06-26,85.08000183105469,85.22000122070312,84.31999969482422,84.70999908447266,65.5592269897461,648300
2013-06-27,85.19000244140625,86.19999694824219,85.19000244140625,86.06999969482422,66.61177062988281,1322900
2013-06-28,86.0199966430664,86.41000366210938,85.63999938964844,85.9000015258789,66.4802017211914,1150600
2013-07-01,86.30000305175781,87.3499984741211,86.30000305175781,86.86000061035156,67.22315979003906,1049000
2013-07-02,86.44000244140625,87.05999755859375,85.8499984741211,86.4800033569336,67.32357788085938,2101100
2013-07-03,85.9800033569336,86.93000030517578,85.94000244140625,86.58000183105469,67.40143585205078,761500
2013-07-05,87.61000061035156,87.68000030517578,86.44999694824219,87.66000366210938,68.2422103881836,597900
2013-07-08,88.0,88.30999755859375,87.80999755859375,88.0199966430664,68.52245330810547,998200
2013-07-09,88.41000366210938,89.0,88.08000183105469,88.91999816894531,69.22308349609375,1103200
2013-07-10,88.91999816894531,89.22000122070312,88.66000366210938,89.0999984741211,69.36323547363281,2122500
2013-07-11,90.0,90.19000244140625,89.56999969482422,90.05999755859375,70.11058807373047,1263500
2013-07-12,90.0,90.44999694824219,89.80000305175781,90.16999816894531,70.19618225097656,693000
2013-07-15,90.41000366210938,91.0199966430664,90.26000213623047,90.83999633789062,70.71775817871094,842600
2013-07-16,90.94000244140625,91.04000091552734,90.41000366210938,90.66999816894531,70.58545684814453,620300
2013-07-17,91.12999725341797,91.44999694824219,90.83999633789062,90.98999786376953,70.83458709716797,595500
2013-07-18,91.25,92.1500015258789,91.22000122070312,91.87999725341797,71.52740478515625,439800
2013-07-19,91.69000244140625,92.02999877929688,91.55000305175781,91.9800033569336,71.60530090332031,372600
2013-07-22,92.05999755859375,92.54000091552734,91.94000244140625,92.43000030517578,71.95561218261719,466400
2013-07-23,92.5999984741211,92.66999816894531,92.13999938964844,92.41000366210938,71.94004821777344,856000
2013-07-24,92.72000122070312,92.83000183105469,91.44999694824219,91.6500015258789,71.34840393066406,1556800
2013-07-25,91.44999694824219,92.36000061035156,91.3499984741211,92.36000061035156,71.9011001586914,664000
2013-07-26,91.7699966430664,91.87999725341797,91.23999786376953,91.83999633789062,71.49627685546875,231600
2013-07-29,91.54000091552734,91.9000015258789,90.83000183105469,91.08000183105469,70.90462493896484,644300
2013-07-30,91.3499984741211,91.5,90.75,91.08000183105469,70.90462493896484,268600
2013-07-31,91.36000061035156,91.8499984741211,90.91999816894531,90.9800033569336,70.82678985595703,589500
2013-08-01,91.75,92.16999816894531,91.72000122070312,91.95999908447266,71.58968353271484,926500
2013-08-02,91.61000061035156,91.97000122070312,91.47000122070312,91.8499984741211,71.50407409667969,595700
2013-08-05,91.77999877929688,92.12999725341797,91.55000305175781,92.01000213623047,71.62864685058594,216900
2013-08-06,91.83999633789062,91.87000274658203,90.95999908447266,91.13999938964844,70.95133972167969,1327000
2013-08-07,90.83000183105469,91.08000183105469,90.5,90.6500015258789,70.56989288330078,1963300
2013-08-08,91.11000061035156,91.37999725341797,90.55000305175781,91.01000213623047,70.85011291503906,453400
2013-08-09,90.83000183105469,91.30000305175781,90.44000244140625,90.83000183105469,70.70999908447266,372200
2013-08-12,90.30000305175781,91.27999877929688,90.19000244140625,91.22000122070312,71.01361846923828,714600
2013-08-13,91.19999694824219,91.30000305175781,90.4800033569336,90.9800033569336,70.82678985595703,382100
2013-08-14,91.0199966430664,91.16000366210938,90.62999725341797,90.62999725341797,70.5543212890625,459700
2013-08-15,89.69000244140625,89.86000061035156,88.97000122070312,89.1500015258789,69.40213012695312,2297500
2013-08-16,88.94999694824219,89.30999755859375,88.55000305175781,88.66000366210938,69.02072143554688,710600
2013-08-19,88.66000366210938,88.73999786376953,87.58000183105469,87.58000183105469,68.17993927001953,1184200
2013-08-20,87.80999755859375,89.13999938964844,87.61000061035156,88.87999725341797,69.19193267822266,884000
2013-08-21,88.5999984741211,89.13999938964844,87.94999694824219,88.19999694824219,68.66259002685547,583600
2013-08-22,88.55000305175781,89.5199966430664,88.5,89.43000030517578,69.62012481689453,345900
2013-08-23,89.76000213623047,89.80999755859375,89.12999725341797,89.62000274658203,69.76800537109375,1189800
2013-08-26,89.80000305175781,90.02999877929688,89.22000122070312,89.48999786376953,69.6668472290039,385400
2013-08-27,88.52999877929688,88.9000015258789,87.44999694824219,87.5999984741211,68.19548034667969,538300
2013-08-28,87.44000244140625,88.04000091552734,87.4000015258789,87.6500015258789,68.23439025878906,1252300
2013-08-29,87.58000183105469,88.6500015258789,87.58000183105469,88.31999969482422,68.7559814453125,226400
2013-08-30,88.36000061035156,88.36000061035156,86.77999877929688,86.93000030517578,67.6739273071289,722100
2013-09-03,88.1500015258789,88.79000091552734,86.56999969482422,87.23999786376953,67.91527557373047,922500
2013-09-04,87.30000305175781,88.0199966430664,86.98999786376953,87.91999816894531,68.4446029663086,1283000
2013-09-05,88.01000213623047,88.44000244140625,87.86000061035156,88.16000366210938,68.6314697265625,855300
2013-09-06,88.66999816894531,88.83000183105469,87.13999938964844,88.37999725341797,68.80271911621094,668300
2013-09-09,88.75,89.7300033569336,88.63999938964844,89.66999816894531,69.80695343017578,416600
2013-09-10,90.33000183105469,90.44000244140625,89.80999755859375,90.44000244140625,70.40641021728516,831600
2013-09-11,90.33999633789062,90.72000122070312,90.0999984741211,90.47000122070312,70.42974090576172,638000
2013-09-12,90.43000030517578,90.44000244140625,89.80999755859375,89.88999938964844,69.97821807861328,363100
2013-09-13,90.04000091552734,90.29000091552734,89.79000091552734,90.23999786376953,70.25069427490234,601800
2013-09-16,91.38999938964844,91.55999755859375,90.36000061035156,90.58000183105469,70.515380859375,1106600
2013-09-17,90.62000274658203,91.37999725341797,90.58000183105469,91.37999725341797,71.13817596435547,703100
2013-09-18,91.41000366210938,92.86000061035156,90.75,92.41000366210938,71.94004821777344,919500
2013-09-19,92.66000366210938,92.66000366210938,91.8499984741211,92.12999725341797,71.7220458984375,261300
2013-09-20,92.37000274658203,92.41000366210938,91.87000274658203,91.95999908447266,71.58968353271484,738400
2013-09-23,91.87000274658203,92.16999816894531,91.41999816894531,91.98999786376953,71.613037109375,424000
2013-09-24,91.7300033569336,92.54000091552734,91.27999877929688,91.86000061035156,71.75208282470703,1186300
2013-09-25,92.11000061035156,92.62000274658203,91.66999816894531,91.76000213623047,71.67400360107422,771800
2013-09-26,91.91999816894531,92.48999786376953,91.52999877929688,92.02999877929688,71.88489532470703,716500
2013-09-27,91.54000091552734,92.04000091552734,91.4000015258789,91.61000061035156,71.5567855834961,454200
2013-09-30,90.80000305175781,91.83000183105469,90.63999938964844,91.63999938964844,71.5802230834961,1375100
2013-10-01,91.55999755859375,92.62000274658203,91.55999755859375,92.55999755859375,72.29888153076172,1232300
2013-10-02,91.9800033569336,92.4000015258789,91.7300033569336,92.05999755859375,71.9083251953125,892900
2013-10-03,91.87000274658203,91.94000244140625,90.62999725341797,91.11000061035156,71.16625213623047,3475500
2013-10-04,91.12999725341797,91.8499984741211,90.95999908447266,91.61000061035156,71.5567855834961,2195200
2013-10-07,90.7699966430664,91.33000183105469,90.54000091552734,90.79000091552734,70.91633605957031,419100
2013-10-08,90.72000122070312,91.0,89.69999694824219,89.79000091552734,70.13520812988281,914400
2013-10-09,89.93000030517578,90.2699966430664,89.33999633789062,89.73999786376953,70.09616088867188,1362000
2013-10-10,90.86000061035156,91.87999725341797,90.69999694824219,91.69999694824219,71.62710571289062,1496300
2013-10-11,91.5199966430664,93.20999908447266,91.44000244140625,93.20999908447266,72.80659484863281,1016300
2013-10-14,92.6500015258789,93.55000305175781,92.5,93.48999786376953,73.02530670166016,456900
2013-10-15,93.2300033569336,93.43000030517578,92.4800033569336,92.69000244140625,72.40040588378906,910000
2013-10-16,93.30000305175781,93.75,93.01000213623047,93.5999984741211,73.1112060546875,748300
2013-10-17,93.27999877929688,94.58999633789062,93.22000122070312,94.58999633789062,73.88449096679688,1031500
2013-10-18,95.23999786376953,95.66999816894531,94.79000091552734,95.58000183105469,74.65779876708984,3417300
2013-10-21,95.81999969482422,95.83000183105469,95.2699966430664,95.44999694824219,74.55626678466797,759100
2013-10-22,95.79000091552734,96.2300033569336,95.54000091552734,95.79000091552734,74.82183074951172,519000
2013-10-23,95.27999877929688,95.73999786376953,95.11000061035156,95.4800033569336,74.57970428466797,717900
2013-10-24,95.63999938964844,96.0999984741211,95.36000061035156,95.91999816894531,74.92334747314453,728900
2013-10-25,96.04000091552734,96.19999694824219,95.7300033569336,96.1500015258789,75.10302734375,1190700
2013-10-28,96.19999694824219,96.25,95.79000091552734,96.16999816894531,75.11863708496094,813200
2013-10-29,96.33999633789062,96.5,95.56999969482422,96.20999908447266,75.14988708496094,893400
2013-10-30,96.23999786376953,96.41000366210938,94.98999786376953,95.19000244140625,74.35315704345703,982400
2013-10-31,95.22000122070312,95.4000015258789,94.52999877929688,94.58000183105469,73.87667846679688,1802100
2013-11-01,94.77999877929688,94.87999725341797,93.58000183105469,94.33000183105469,73.68141174316406,1785200
2013-11-04,94.88999938964844,95.44000244140625,94.45999908447266,95.33000183105469,74.4625473022461,677900
2013-11-05,94.94999694824219,95.2699966430664,94.45999908447266,94.88999938964844,74.11881256103516,922900
2013-11-06,95.44000244140625,95.4800033569336,94.52999877929688,94.75,74.00947570800781,746500
2013-11-07,95.20999908447266,95.20999908447266,93.25,93.27999877929688,72.86127471923828,1382500
2013-11-08,93.44999694824219,94.94000244140625,93.26000213623047,94.8499984741211,74.08759307861328,3287400
2013-11-11,94.66999816894531,94.91000366210938,94.13999938964844,94.66000366210938,73.9391860961914,814800
2013-11-12,94.48999786376953,94.66000366210938,94.04000091552734,94.58999633789062,73.88449096679688,488700
2013-11-13,94.0,95.36000061035156,93.9000015258789,95.33000183105469,74.4625473022461,933300
2013-11-14,95.3499984741211,95.62999725341797,94.83000183105469,95.54000091552734,74.62657165527344,948900
2013-11-15,95.6500015258789,95.87000274658203,95.29000091552734,95.80000305175781,74.82965087890625,768400
2013-11-18,96.0999984741211,96.2699966430664,95.05000305175781,95.29000091552734,74.43126678466797,803500
2013-11-19,95.30000305175781,95.80000305175781,94.47000122070312,94.8499984741211,74.08759307861328,1256300
2013-11-20,95.19000244140625,95.45999908447266,94.43000030517578,94.77999877929688,74.03290557861328,482700
2013-11-21,95.16999816894531,96.30999755859375,95.05000305175781,96.27999877929688,75.20455169677734,511100
2013-11-22,96.30000305175781,96.87000274658203,95.94999694824219,96.80999755859375,75.61853790283203,484200
2013-11-25,97.05000305175781,97.2300033569336,96.66000366210938,96.94000244140625,75.72010040283203,402000
2013-11-26,96.94000244140625,97.68000030517578,96.94000244140625,97.48999786376953,76.14967346191406,714800
2013-11-27,97.6500015258789,98.19999694824219,97.31999969482422,98.19999694824219,76.70429229736328,531800
2013-11-29,98.44999694824219,98.7300033569336,98.1500015258789,98.1500015258789,76.66522979736328,672200
2013-12-02,98.30000305175781,98.55999755859375,96.87000274658203,97.2300033569336,75.94658660888672,2097900
2013-12-03,96.91999816894531,97.38999938964844,96.20999908447266,96.73999786376953,75.5638656616211,1233300
2013-12-04,96.27999877929688,97.30999755859375,95.6500015258789,96.52999877929688,75.39984130859375,821000
2013-12-05,96.54000091552734,96.86000061035156,96.13999938964844,96.58000183105469,75.43887329101562,1048400
2013-12-06,97.5999984741211,97.88999938964844,97.2699966430664,97.38999938964844,76.07159423828125,553000
2013-12-09,97.44000244140625,97.72000122070312,96.9000015258789,97.31999969482422,76.01692199707031,925700
2013-12-10,97.12999725341797,97.4800033569336,96.36000061035156,96.44999694824219,75.33735656738281,848900
2013-12-11,96.61000061035156,96.62999725341797,94.88999938964844,95.13999938964844,74.31412506103516,799800
2013-12-12,95.16999816894531,95.69000244140625,94.9800033569336,95.38999938964844,74.50939178466797,957600
2013-12-13,95.5,95.95999908447266,94.98999786376953,95.62999725341797,74.69685363769531,1519000
2013-12-16,96.02999877929688,96.75,95.87000274658203,96.66999816894531,75.50919342041016,1699100
2013-12-17,96.62999725341797,96.7300033569336,95.97000122070312,96.51000213623047,75.38421630859375,2486000
2013-12-18,96.70999908447266,97.91999816894531,95.80000305175781,97.91999816894531,76.48556518554688,1817600
2013-12-19,97.81999969482422,97.81999969482422,96.97000122070312,97.05000305175781,75.80601501464844,1231100
2013-12-20,97.19999694824219,98.83000183105469,97.04000091552734,98.55999755859375,76.9854736328125,1020100
2013-12-23,98.56999969482422,99.01000213623047,98.29000091552734,98.91000366210938,77.76144409179688,1426300
2013-12-24,99.08999633789062,99.62000274658203,99.02999877929688,99.41000366210938,78.15453338623047,513900
2013-12-26,99.80000305175781,100.0199966430664,99.2699966430664,99.41000366210938,78.15453338623047,397000
2013-12-27,99.62999725341797,99.70999908447266,98.95999908447266,99.4000015258789,78.14669036865234,497600
2013-12-30,99.41999816894531,99.54000091552734,99.1500015258789,99.23999786376953,78.0208740234375,548700
2013-12-31,99.44999694824219,99.83999633789062,99.36000061035156,99.5,78.22531127929688,1319700
2014-01-02,99.18000030517578,99.25,98.05999755859375,98.4000015258789,77.36048889160156,1032500
2014-01-03,98.5999984741211,98.91000366210938,98.33999633789062,98.66000366210938,77.56491088867188,2189200
2014-01-06,99.06999969482422,99.16999816894531,97.97000122070312,97.9800033569336,77.03031158447266,1048300
2014-01-07,98.33000183105469,99.11000061035156,98.30000305175781,98.6500015258789,77.55704498291016,990500
2014-01-08,98.69999694824219,98.69999694824219,97.94000244140625,98.41999816894531,77.37620544433594,492800
2014-01-09,98.7699966430664,98.7699966430664,97.77999877929688,98.20999908447266,77.21112823486328,433200
2014-01-10,98.29000091552734,98.62999725341797,97.91000366210938,98.56999969482422,77.49411010742188,466800
2014-01-13,98.29000091552734,98.55999755859375,96.83000183105469,97.37999725341797,76.55856323242188,1162500
2014-01-14,97.87000274658203,98.44999694824219,97.68000030517578,98.4000015258789,77.36048889160156,794700
2014-01-15,98.52999877929688,99.16000366210938,98.5,99.04000091552734,77.86360931396484,539600
2014-01-16,98.95999908447266,99.19999694824219,98.66000366210938,98.9800033569336,77.81645965576172,645100
2014-01-17,99.01000213623047,99.0999984741211,98.54000091552734,98.68000030517578,77.58061218261719,703300
2014-01-21,99.41000366210938,99.58000183105469,98.83999633789062,99.48999786376953,78.21741485595703,719400
2014-01-22,99.56999969482422,100.1500015258789,99.41999816894531,100.02999877929688,78.64198303222656,444400
2014-01-23,99.6500015258789,99.66000366210938,98.76000213623047,99.2300033569336,78.01301574707031,722900
2014-01-24,98.69000244140625,98.75,96.77999877929688,96.97000122070312,76.23623657226562,1247700
2014-01-27,97.2300033569336,97.36000061035156,95.52999877929688,95.87999725341797,75.37931060791016,1746800
2014-01-28,95.98999786376953,96.5199966430664,95.73999786376953,96.48999786376953,75.85888671875,728200
2014-01-29,95.72000122070312,96.26000213623047,94.9800033569336,95.20999908447266,74.85255432128906,1212800
2014-01-30,95.98999786376953,97.0199966430664,95.62000274658203,96.45999908447266,75.83529663085938,1125500
2014-01-31,95.0999984741211,96.26000213623047,94.5,95.63999938964844,75.19063568115234,1138400
2014-02-03,95.41999816894531,95.55000305175781,92.48999786376953,92.86000061035156,73.00503540039062,2516900
2014-02-04,93.2699966430664,93.91000366210938,92.58999633789062,93.5199966430664,73.52391815185547,1622900
2014-02-05,93.0999984741211,93.31999969482422,92.08999633789062,92.87000274658203,73.01290130615234,1762100
2014-02-06,93.0199966430664,93.95999908447266,93.0199966430664,93.63999938964844,73.61827850341797,2475500
2014-02-07,93.9800033569336,94.44000244140625,93.47000122070312,94.25,74.09782409667969,1623100
2014-02-10,94.16000366210938,94.4000015258789,93.58999633789062,94.38999938964844,74.20787811279297,875700
2014-02-11,94.37999725341797,95.68000030517578,94.37999725341797,95.45999908447266,75.04911041259766,1435600
2014-02-12,95.62000274658203,96.25,95.38999938964844,95.79000091552734,75.30854797363281,1624700
2014-02-13,94.94999694824219,97.0199966430664,94.87999725341797,96.86000061035156,76.1497573852539,1233100
2014-02-14,96.66999816894531,97.33000183105469,96.30999755859375,97.26000213623047,76.46424102783203,853500
2014-02-18,97.43000030517578,98.23999786376953,97.25,98.12000274658203,77.14038848876953,984800
2014-02-19,97.87000274658203,98.5,96.88999938964844,96.98999786376953,76.25196075439453,1233900
2014-02-20,97.13999938964844,98.0,96.94999694824219,97.79000091552734,76.88091278076172,611900
2014-02-21,97.97000122070312,98.3499984741211,97.80000305175781,98.0199966430664,77.06175231933594,533600
2014-02-24,98.19999694824219,99.45999908447266,98.13999938964844,98.91999816894531,77.76930236816406,1066100
2014-02-25,98.77999877929688,99.23999786376953,98.48999786376953,98.76000213623047,77.64350891113281,780400
2014-02-26,98.83000183105469,99.83000183105469,98.52999877929688,99.29000091552734,78.06018829345703,841700
2014-02-27,98.9800033569336,99.86000061035156,98.9000015258789,99.86000061035156,78.50828552246094,607900
2014-02-28,99.83999633789062,100.72000122070312,99.55999755859375,100.0,78.61837768554688,1165100
2014-03-03,99.36000061035156,99.83999633789062,98.62999725341797,99.5199966430664,78.24097442626953,985900
2014-03-04,100.4000015258789,102.41000366210938,100.4000015258789,101.88999938964844,80.10427856445312,1474500
2014-03-05,101.76000213623047,101.8499984741211,101.33999633789062,101.63999938964844,79.90771484375,711400
2014-03-06,101.88999938964844,102.0199966430664,101.55000305175781,101.87999725341797,80.09640502929688,941800
2014-03-07,102.29000091552734,102.33000183105469,101.36000061035156,101.76000213623047,80.0020751953125,609900
2014-03-10,101.52999877929688,101.76000213623047,101.05000305175781,101.55999755859375,79.84481048583984,405300
2014-03-11,101.5999984741211,101.88999938964844,100.2699966430664,100.66000366210938,79.13727569580078,680300
2014-03-12,100.1500015258789,101.04000091552734,99.91000366210938,100.98999786376953,79.39667510986328,806100
2014-03-13,101.38999938964844,101.43000030517578,99.62999725341797,100.18000030517578,78.7598648071289,1168900
2014-03-14,99.81999969482422,100.88999938964844,99.81999969482422,100.56999969482422,79.06651306152344,1184900
2014-03-17,101.11000061035156,101.76000213623047,100.87000274658203,101.06999969482422,79.45960235595703,554000
2014-03-18,101.06999969482422,102.23999786376953,100.91999816894531,102.18000030517578,80.33226013183594,514400
2014-03-19,102.11000061035156,102.13999938964844,100.93000030517578,101.55000305175781,79.83696746826172,491000
2014-03-20,101.33999633789062,102.16000366210938,101.05999755859375,101.91000366210938,80.11998748779297,738200
2014-03-21,102.44999694824219,103.11000061035156,101.94000244140625,101.97000122070312,80.16716766357422,755600
2014-03-24,102.2699966430664,102.45999908447266,100.5999984741211,101.37000274658203,79.6954574584961,1337800
2014-03-25,101.41000366210938,101.94999694824219,100.52999877929688,101.0999984741211,79.76961517333984,861300
2014-03-26,101.7699966430664,101.7699966430664,99.20999908447266,99.20999908447266,78.27838134765625,2006600
2014-03-27,99.29000091552734,99.83000183105469,98.56999969482422,98.98999786376953,78.10478973388672,1255900
2014-03-28,99.18000030517578,100.41999816894531,98.94999694824219,99.29000091552734,78.34151458740234,2063700
2014-03-31,99.91999816894531,101.12000274658203,99.54000091552734,100.83999633789062,79.56448364257812,1524600
2014-04-01,101.0199966430664,102.12999725341797,100.94999694824219,101.94999694824219,80.44026947021484,1898700
2014-04-02,102.19999694824219,102.56999969482422,101.83999633789062,102.4800033569336,80.85848999023438,1192600
2014-04-03,102.4800033569336,102.51000213623047,101.5,101.83999633789062,80.35346984863281,1640900
2014-04-04,102.5199966430664,102.55999755859375,99.72000122070312,99.91999816894531,78.83858489990234,2626100
2014-04-07,99.62999725341797,99.7699966430664,98.41000366210938,98.76000213623047,77.92330169677734,1304000
2014-04-08,98.87000274658203,99.9000015258789,98.54000091552734,99.3499984741211,78.3887939453125,1587000
2014-04-09,99.7699966430664,100.16999816894531,99.0199966430664,100.16000366210938,79.0279769897461,785700
2014-04-10,100.12000274658203,100.12000274658203,97.52999877929688,97.91999816894531,77.26055145263672,2381100
2014-04-11,97.33999633789062,98.05999755859375,96.4800033569336,96.81999969482422,76.39263153076172,1935200
2014-04-14,97.69999694824219,97.94000244140625,96.41999816894531,97.18000030517578,76.67668151855469,1213200
2014-04-15,97.47000122070312,97.95999908447266,95.95999908447266,97.7300033569336,77.11062622070312,1387000
2014-04-16,98.19999694824219,98.52999877929688,97.68000030517578,98.44000244140625,77.67080688476562,1219500
2014-04-17,98.26000213623047,99.4000015258789,98.08999633789062,99.08000183105469,78.17581939697266,565100
2014-04-21,99.1500015258789,99.37999725341797,98.58999633789062,99.30999755859375,78.35726165771484,1035600
2014-04-22,99.55999755859375,100.48999786376953,99.18000030517578,100.08999633789062,78.97271728515625,1094700
2014-04-23,100.08000183105469,100.37000274658203,99.66999816894531,99.7300033569336,78.68867492675781,891100
2014-04-24,100.22000122070312,100.25,99.05999755859375,99.5199966430664,78.5229721069336,1257000
2014-04-25,99.31999969482422,99.31999969482422,97.94000244140625,98.23999786376953,77.51305389404297,799100
2014-04-28,98.51000213623047,98.91999816894531,96.68000030517578,97.7699966430664,77.14218139648438,1317400
2014-04-29,98.08000183105469,98.58000183105469,97.58999633789062,97.68000030517578,77.07118225097656,1084400
2014-04-30,97.43000030517578,98.4000015258789,96.80000305175781,98.29000091552734,77.55249786376953,1997300
2014-05-01,98.12999725341797,98.68000030517578,97.05000305175781,98.0199966430664,77.33943939208984,1196300
2014-05-02,98.36000061035156,99.19999694824219,97.91000366210938,98.23999786376953,77.51305389404297,837000
2014-05-05,97.58000183105469,98.33000183105469,97.08000183105469,98.01000213623047,77.33153533935547,664200
2014-05-06,97.83000183105469,97.87000274658203,96.62999725341797,96.66999816894531,76.27428436279297,608200
2014-05-07,96.76000213623047,97.27999877929688,95.77999877929688,97.2300033569336,76.71611022949219,1109600
2014-05-08,97.12000274658203,98.02999877929688,96.16999816894531,96.5,76.14014434814453,1062600
2014-05-09,96.22000122070312,97.27999877929688,96.0,97.25,76.7319107055664,761000
2014-05-12,97.66999816894531,99.5999984741211,97.62999725341797,99.12999725341797,78.21524810791016,973700
2014-05-13,99.16000366210938,99.3499984741211,98.23999786376953,98.30000305175781,77.56037902832031,569900
2014-05-14,98.16999816894531,98.16999816894531,96.48999786376953,96.62999725341797,76.24271392822266,577700
2014-05-15,96.22000122070312,96.22000122070312,94.83000183105469,95.91000366210938,75.67462158203125,1222700
2014-05-16,95.91999816894531,96.45999908447266,95.20999908447266,96.4000015258789,76.06124877929688,805400
2014-05-19,96.22000122070312,97.5,96.0,97.20999908447266,76.70032501220703,531900
2014-05-20,97.19000244140625,97.19000244140625,95.38999938964844,95.98999786376953,75.73772430419922,1264500
2014-05-21,96.43000030517578,96.72000122070312,95.47000122070312,96.29000091552734,75.9744644165039,1365700
2014-05-22,96.54000091552734,97.33999633789062,96.36000061035156,97.06999969482422,76.5898666381836,1504400
2014-05-23,97.12000274658203,98.08999633789062,97.0,98.05000305175781,77.36310577392578,559600
2014-05-27,98.43000030517578,99.56999969482422,98.43000030517578,99.38999938964844,78.42042541503906,358800
2014-05-28,99.23999786376953,99.23999786376953,98.45999908447266,98.83000183105469,77.97856903076172,464200
2014-05-29,99.02999877929688,99.30999755859375,98.56999969482422,99.16000366210938,78.2389144897461,630400
2014-05-30,99.16000366210938,99.41999816894531,98.55999755859375,98.87000274658203,78.01012420654297,1031200
2014-06-02,99.05999755859375,99.19999694824219,97.88999938964844,98.58000183105469,77.78128814697266,636000
2014-06-03,98.13999938964844,98.72000122070312,97.70999908447266,98.37000274658203,77.6156234741211,436700
2014-06-04,98.02999877929688,98.70999908447266,97.80999755859375,98.5999984741211,77.79708099365234,938400
2014-06-05,98.8499984741211,100.69999694824219,98.30999755859375,100.63999938964844,79.40669250488281,774400
2014-06-06,100.9800033569336,101.87000274658203,100.9800033569336,101.66000366210938,80.21146392822266,672500
2014-06-09,101.66999816894531,102.7300033569336,101.30999755859375,102.36000061035156,80.76380920410156,853900
2014-06-10,102.0999984741211,102.25,101.63999938964844,102.06999969482422,80.53498077392578,649500
2014-06-11,101.69000244140625,101.77999877929688,100.97000122070312,101.4800033569336,80.06944274902344,423400
2014-06-12,101.22000122070312,101.22000122070312,100.44999694824219,100.9000015258789,79.61181640625,875200
2014-06-13,101.08999633789062,101.23999786376953,100.31999969482422,100.8499984741211,79.57235717773438,602600
2014-06-16,100.75,101.05999755859375,100.29000091552734,100.94999694824219,79.65123748779297,746700
2014-06-17,100.94999694824219,102.02999877929688,100.68000030517578,101.72000122070312,80.2588119506836,625500
2014-06-18,101.66000366210938,102.43000030517578,101.33000183105469,102.41000366210938,80.80322265625,698900
2014-06-19,102.66999816894531,102.76000213623047,101.94999694824219,102.47000122070312,80.85055541992188,569400
2014-06-20,102.51000213623047,102.81999969482422,102.37999725341797,102.79000091552734,81.10304260253906,565300
2014-06-23,102.87999725341797,103.0,102.30000305175781,102.47000122070312,80.85055541992188,498000
2014-06-24,102.30999755859375,103.20999908447266,101.43000030517578,101.5199966430664,80.10101318359375,1079800
2014-06-25,100.97000122070312,102.37000274658203,100.88999938964844,102.37000274658203,80.77166748046875,710500
2014-06-26,102.41999816894531,102.41999816894531,101.44000244140625,102.27999877929688,80.70067596435547,653600
2014-06-27,101.91000366210938,102.98999786376953,101.70999908447266,102.87999725341797,81.174072265625,603200
2014-06-30,102.7699966430664,103.30999755859375,102.36000061035156,103.26000213623047,81.473876953125,1299600
2014-07-01,103.55000305175781,105.12000274658203,103.44999694824219,104.2699966430664,82.27080535888672,750500
2014-07-02,103.7300033569336,103.83999633789062,102.93000030517578,103.12000274658203,81.8145980834961,1162000
2014-07-03,103.5,103.7699966430664,103.36000061035156,103.69000244140625,82.26681518554688,618600
2014-07-07,103.44000244140625,103.58000183105469,102.25,102.27999877929688,81.14815521240234,692100
2014-07-08,102.1500015258789,102.18000030517578,101.04000091552734,101.51000213623047,80.5372543334961,1969800
2014-07-09,101.80000305175781,102.1500015258789,101.30000305175781,101.5999984741211,80.60867309570312,490100
2014-07-10,99.69999694824219,101.12000274658203,99.55000305175781,100.58000183105469,79.79940032958984,883700
2014-07-11,100.43000030517578,100.52999877929688,99.83999633789062,100.23999786376953,79.52963256835938,851600
2014-07-14,101.2300033569336,101.2699966430664,100.45999908447266,100.66000366210938,79.86286163330078,671100
2014-07-15,100.63999938964844,100.95999908447266,99.44000244140625,100.0,79.33920288085938,969900
2014-07-16,100.43000030517578,100.6500015258789,99.5,99.87999725341797,79.24403381347656,727800
2014-07-17,99.37999725341797,99.80999755859375,98.23999786376953,98.47000122070312,78.12531280517578,1116300
2014-07-18,98.58000183105469,99.98999786376953,98.43000030517578,99.77999877929688,79.1646728515625,861500
2014-07-21,99.27999877929688,99.5199966430664,98.76000213623047,99.27999877929688,78.76799011230469,564300
2014-07-22,99.83999633789062,100.3499984741211,99.66000366210938,99.87000274658203,79.23606872558594,909400
2014-07-23,100.0,100.13999938964844,99.43000030517578,99.75,79.14087677001953,395100
2014-07-24,99.95999908447266,100.45999908447266,99.26000213623047,99.51000213623047,78.95046997070312,873900
2014-07-25,98.77999877929688,98.94000244140625,98.3499984741211,98.61000061035156,78.23639678955078,1138600
2014-07-28,98.72000122070312,98.72000122070312,97.68000030517578,98.2699966430664,77.96662902832031,859600
2014-07-29,98.41000366210938,98.81999969482422,98.01000213623047,98.11000061035156,77.8396987915039,625600
2014-07-30,98.77999877929688,98.95999908447266,97.93000030517578,98.27999877929688,77.97459411621094,995100
2014-07-31,97.47000122070312,97.80000305175781,96.37000274658203,96.37000274658203,76.459228515625,1271000
2014-08-01,96.30000305175781,96.83000183105469,95.5,96.02999877929688,76.1894760131836,1238900
2014-08-04,96.44999694824219,96.73999786376953,95.33000183105469,96.69000244140625,76.71310424804688,547800
2014-08-05,96.20999908447266,97.08999633789062,95.81999969482422,96.33000183105469,76.42748260498047,1379900
2014-08-06,95.94000244140625,97.33000183105469,95.87000274658203,96.81999969482422,76.81621551513672,869300
2014-08-07,97.25,97.38999938964844,95.9800033569336,96.27999877929688,76.38780975341797,1027900
2014-08-08,96.3499984741211,97.26000213623047,96.18000030517578,97.18000030517578,77.10184478759766,621400
2014-08-11,97.5,98.63999938964844,97.4800033569336,97.94000244140625,77.704833984375,1029700
2014-08-12,97.66000366210938,98.06999969482422,96.93000030517578,97.37000274658203,77.25257873535156,573800
2014-08-13,97.61000061035156,98.19000244140625,97.5199966430664,97.91999816894531,77.6889877319336,267400
2014-08-14,97.94999694824219,98.30999755859375,97.91999816894531,98.19000244140625,77.90316009521484,437000
2014-08-15,98.73999786376953,98.86000061035156,97.16999816894531,98.04000091552734,77.78418731689453,1012800
2014-08-18,98.9000015258789,99.44000244140625,98.63999938964844,99.31999969482422,78.7997055053711,2855900
2014-08-19,99.5,99.88999938964844,99.26000213623047,99.66000366210938,79.06948852539062,673000
2014-08-20,99.27999877929688,99.58999633789062,98.94000244140625,99.41999816894531,78.87905883789062,622500
2014-08-21,99.44000244140625,100.02999877929688,98.68000030517578,99.87999725341797,79.24403381347656,732100
2014-08-22,99.88999938964844,100.16000366210938,99.37000274658203,99.80999755859375,79.18846130371094,1884400
2014-08-25,100.41999816894531,100.56999969482422,99.68000030517578,100.05000305175781,79.37886810302734,969600
2014-08-26,100.08999633789062,100.79000091552734,100.08999633789062,100.69999694824219,79.89456939697266,1014800
2014-08-27,100.75,100.8499984741211,100.37000274658203,100.54000091552734,79.76765441894531,2564400
2014-08-28,100.0999984741211,100.30000305175781,99.76000213623047,100.08999633789062,79.41062927246094,802300
2014-08-29,100.26000213623047,100.75,99.83000183105469,100.55000305175781,79.77559661865234,1175900
2014-09-02,100.94000244140625,101.36000061035156,100.55000305175781,101.06999969482422,80.18814086914062,1096000
2014-09-03,101.62999725341797,101.62999725341797,100.36000061035156,100.52999877929688,79.75971221923828,760500
2014-09-04,100.68000030517578,101.30000305175781,99.95999908447266,100.1500015258789,79.45821380615234,982300
2014-09-05,99.95999908447266,100.5999984741211,99.6500015258789,100.51000213623047,79.74385833740234,524300
2014-09-08,100.44999694824219,100.7699966430664,99.98999786376953,100.44999694824219,79.69624328613281,589900
2014-09-09,100.37999725341797,100.37999725341797,99.30000305175781,99.43000030517578,78.88697814941406,616100
2014-09-10,99.38999938964844,99.8499984741211,98.94000244140625,99.72000122070312,79.11707305908203,687400
2014-09-11,99.27999877929688,100.5199966430664,99.27999877929688,100.38999938964844,79.64862060546875,400000
2014-09-12,100.30000305175781,100.30000305175781,98.91999816894531,99.30000305175781,78.7838363647461,940900
2014-09-15,99.2699966430664,99.2699966430664,98.20999908447266,98.41999816894531,78.0856704711914,701800
2014-09-16,98.22000122070312,98.93000030517578,97.97000122070312,98.63999938964844,78.26020812988281,803200
2014-09-17,98.69999694824219,99.36000061035156,98.37999725341797,98.80000305175781,78.38715362548828,595900
2014-09-18,99.11000061035156,99.5,98.88999938964844,99.23999786376953,78.73624420166016,276100
2014-09-19,99.68000030517578,99.68000030517578,97.94999694824219,98.12999725341797,77.8555908203125,1078900
2014-09-22,97.7300033569336,97.7699966430664,96.70999908447266,96.83999633789062,76.83209991455078,922600
2014-09-23,96.43000030517578,96.94999694824219,95.80000305175781,95.83999633789062,76.03872680664062,1168800
2014-09-24,95.66999816894531,96.0,95.04000091552734,95.88999938964844,76.33163452148438,1047300
2014-09-25,95.68000030517578,95.75,94.18000030517578,94.52999877929688,75.24903869628906,1580100
2014-09-26,94.87000274658203,95.27999877929688,94.47000122070312,95.18000030517578,75.76649475097656,1988300
2014-09-29,94.20999908447266,95.20999908447266,93.87000274658203,94.86000061035156,75.51172637939453,964400
2014-09-30,94.86000061035156,94.86000061035156,93.5,93.55999755859375,74.47687530517578,1643700
2014-10-01,93.52999877929688,93.69000244140625,92.19000244140625,92.54000091552734,73.6649169921875,2251400
2014-10-02,92.36000061035156,93.58000183105469,91.9000015258789,93.1500015258789,74.1505126953125,2825400
2014-10-03,93.91999816894531,94.2699966430664,93.36000061035156,93.69000244140625,74.58036804199219,2391200
2014-10-06,93.76000213623047,94.05999755859375,93.13999938964844,93.26000213623047,74.23808288574219,1793400
2014-10-07,92.81999969482422,93.12999725341797,91.88999938964844,91.91000366210938,73.16343688964844,1260200
2014-10-08,91.8499984741211,93.72000122070312,91.16999816894531,93.66000366210938,74.5565185546875,3402600
2014-10-09,93.61000061035156,93.6500015258789,91.3499984741211,91.37999725341797,72.74154663085938,4013400
2014-10-10,91.25,92.19000244140625,90.4800033569336,90.55999755859375,72.08876037597656,2199300
2014-10-13,90.62000274658203,91.80999755859375,90.44000244140625,90.55000305175781,72.08082580566406,1615700
2014-10-14,90.86000061035156,92.7300033569336,90.86000061035156,91.6500015258789,72.95645904541016,2404500
2014-10-15,90.80999755859375,92.4000015258789,90.0,92.19000244140625,73.3863296508789,2889800
2014-10-16,90.9800033569336,93.69000244140625,90.83000183105469,93.22000122070312,74.20621490478516,4176100
2014-10-17,94.05999755859375,94.44000244140625,92.5199966430664,92.87999725341797,73.93557739257812,1574000
2014-10-20,92.56999969482422,93.81999969482422,92.37000274658203,93.79000091552734,74.65998840332031,1758300
2014-10-21,94.37000274658203,95.30000305175781,94.02999877929688,95.19999694824219,75.78237915039062,1374900
2014-10-22,95.48999786376953,95.7300033569336,94.04000091552734,94.0999984741211,74.90674591064453,1946700
2014-10-23,94.80999755859375,96.02999877929688,94.69999694824219,95.44999694824219,75.98138427734375,1594700
2014-10-24,95.55999755859375,95.83999633789062,95.11000061035156,95.61000061035156,76.10875701904297,1102700
2014-10-27,95.11000061035156,95.61000061035156,94.44999694824219,95.56999969482422,76.07691192626953,872200
2014-10-28,95.79000091552734,98.18000030517578,95.7699966430664,98.16000366210938,78.13863372802734,1085100
2014-10-29,98.37999725341797,98.73999786376953,97.23999786376953,98.01000213623047,78.01922607421875,1143200
2014-10-30,97.73999786376953,99.08000183105469,97.4800033569336,98.76000213623047,78.61626434326172,688400
2014-10-31,100.30000305175781,100.38999938964844,99.41999816894531,100.08000183105469,79.66703796386719,942800
2014-11-03,100.18000030517578,100.6500015258789,99.5999984741211,99.97000122070312,79.5794677734375,1720800
2014-11-04,99.70999908447266,99.97000122070312,99.0,99.48999786376953,79.19735717773438,996100
2014-11-05,100.04000091552734,100.20999908447266,99.44999694824219,99.95999908447266,79.57147979736328,845900
2014-11-06,100.08999633789062,100.25,99.47000122070312,100.16999816894531,79.73867797851562,1476200
2014-11-07,100.18000030517578,100.47000122070312,99.6500015258789,100.47000122070312,79.97748565673828,666500
2014-11-10,100.44999694824219,100.87000274658203,100.26000213623047,100.83999633789062,80.27201843261719,1031300
2014-11-11,100.83999633789062,100.88999938964844,100.52999877929688,100.8499984741211,80.27997589111328,1287700
2014-11-12,100.45999908447266,101.41999816894531,100.36000061035156,101.30999755859375,80.64616394042969,919200
2014-11-13,101.4000015258789,101.5,100.20999908447266,100.44999694824219,79.96155548095703,1105800
2014-11-14,100.37999725341797,100.7300033569336,100.16000366210938,100.25,79.80235290527344,629600
2014-11-17,100.19000244140625,100.4000015258789,99.4800033569336,99.5199966430664,79.22122955322266,3255500
2014-11-18,99.80000305175781,100.41000366210938,99.75,99.91999816894531,79.53966522216797,1276400
2014-11-19,99.70999908447266,99.73999786376953,98.18000030517578,98.87000274658203,78.70381164550781,1151200
2014-11-20,98.3499984741211,99.88999938964844,98.3499984741211,99.88999938964844,79.51578521728516,967400
2014-11-21,101.02999877929688,101.2699966430664,99.61000061035156,99.93000030517578,79.54761505126953,932900
2014-11-24,100.08999633789062,100.97000122070312,100.02999877929688,100.93000030517578,80.3436508178711,1288000
2014-11-25,101.05000305175781,101.45999908447266,100.62999725341797,100.98999786376953,80.39143371582031,1791800
2014-11-26,100.9800033569336,101.2699966430664,100.77999877929688,101.22000122070312,80.57451629638672,606600
2014-11-28,101.25,101.25,99.52999877929688,99.69999694824219,79.36450958251953,598100
2014-12-01,99.5,99.5,98.2300033569336,98.29000091552734,78.24213409423828,2493000
2014-12-02,98.36000061035156,99.76000213623047,98.36000061035156,99.25,79.00631713867188,1538200
2014-12-03,99.2300033569336,100.51000213623047,99.04000091552734,100.16999816894531,79.73867797851562,1296000
2014-12-04,99.94999694824219,100.08000183105469,99.19999694824219,99.73999786376953,79.3963394165039,985800
2014-12-05,99.91999816894531,100.68000030517578,99.76000213623047,100.36000061035156,79.88990783691406,1065000
2014-12-08,100.02999877929688,100.8499984741211,98.91000366210938,99.20999908447266,78.97447204589844,718200
2014-12-09,98.25,100.80000305175781,98.12000274658203,100.76000213623047,80.20829772949219,1250200
2014-12-10,100.38999938964844,100.54000091552734,98.56999969482422,98.68000030517578,78.55257415771484,1717600
2014-12-11,98.87000274658203,100.05000305175781,98.70999908447266,98.87999725341797,78.71178436279297,1804600
2014-12-12,97.91999816894531,98.51000213623047,97.51000213623047,97.56999969482422,77.6689682006836,1414400
2014-12-15,97.98999786376953,98.33999633789062,96.43000030517578,96.68000030517578,76.96050262451172,2716500
2014-12-16,96.45999908447266,98.2300033569336,96.30999755859375,96.7300033569336,77.00032043457031,2118800
2014-12-17,96.87000274658203,99.54000091552734,96.86000061035156,99.5,79.205322265625,1920900
2014-12-18,100.80000305175781,101.02999877929688,99.80000305175781,100.80000305175781,80.24018096923828,1692600
2014-12-19,101.0,101.4800033569336,100.41000366210938,101.08000183105469,80.46308135986328,1825600
2014-12-22,101.26000213623047,101.7300033569336,101.01000213623047,101.7300033569336,80.98052215576172,1210600
2014-12-23,102.41999816894531,102.48999786376953,101.93000030517578,102.20999908447266,81.3625717163086,802000
2014-12-24,101.9000015258789,101.94999694824219,101.29000091552734,101.76000213623047,81.52842712402344,298300
2014-12-26,102.04000091552734,102.5999984741211,101.94000244140625,102.33000183105469,81.98514556884766,892600
2014-12-29,102.3499984741211,103.23999786376953,102.3499984741211,102.97000122070312,82.49784851074219,1393100
2014-12-30,102.77999877929688,103.08999633789062,102.4800033569336,102.4800033569336,82.10528564453125,1490600
2014-12-31,102.88999938964844,103.19999694824219,101.62999725341797,101.68000030517578,81.46430969238281,2681700
2015-01-02,102.0999984741211,102.45999908447266,100.36000061035156,101.18000030517578,81.06373596191406,5199600
2015-01-05,100.45999908447266,100.80000305175781,99.37000274658203,99.80000305175781,79.9581069946289,2773100
2015-01-06,99.87000274658203,100.0,97.56999969482422,98.12999725341797,78.62015533447266,1967700
2015-01-07,98.9000015258789,98.98999786376953,98.05999755859375,98.95999908447266,79.28508758544922,2153400
2015-01-08,99.7699966430664,100.58000183105469,99.51000213623047,100.47000122070312,80.49490356445312,1497400
2015-01-09,100.54000091552734,100.54000091552734,99.25,99.31999969482422,79.57353973388672,957500
2015-01-12,99.18000030517578,99.4000015258789,98.12000274658203,98.93000030517578,79.26109313964844,1721300
2015-01-13,99.66999816894531,100.75,97.9800033569336,99.08000183105469,79.38125610351562,985600
2015-01-14,98.16999816894531,98.87000274658203,97.56999969482422,98.68000030517578,79.060791015625,1135800
2015-01-15,98.94999694824219,99.13999938964844,97.0999984741211,97.37000274658203,78.01123809814453,1230700
2015-01-16,97.13999938964844,99.06999969482422,97.0199966430664,98.93000030517578,79.26109313964844,2182400
2015-01-20,98.86000061035156,99.19000244140625,97.58000183105469,98.12999725341797,78.62015533447266,1437700
2015-01-21,97.80999755859375,98.63999938964844,97.55999755859375,98.04000091552734,78.54800415039062,941500
2015-01-22,98.54000091552734,100.19000244140625,97.76000213623047,100.18000030517578,80.26254272460938,743300
2015-01-23,100.12000274658203,100.29000091552734,99.48999786376953,99.7300033569336,79.90200805664062,1255700
2015-01-26,99.62000274658203,100.5,98.77999877929688,100.5,80.5189437866211,703700
2015-01-27,99.43000030517578,100.44000244140625,99.38999938964844,100.02999877929688,80.14236450195312,1828500
2015-01-28,100.47000122070312,100.58000183105469,97.94999694824219,98.19000244140625,78.66817474365234,1863600
2015-01-29,98.30000305175781,99.55999755859375,97.80000305175781,99.54000091552734,79.74978637695312,2412800
2015-01-30,99.02999877929688,99.11000061035156,97.26000213623047,97.3499984741211,77.99522399902344,2792900
2015-02-02,97.73999786376953,98.61000061035156,96.52999877929688,98.55000305175781,78.95663452148438,2033400
2015-02-03,98.95999908447266,100.68000030517578,98.91000366210938,100.55999755859375,80.5669937133789,1726100
2015-02-04,100.37999725341797,100.87999725341797,99.86000061035156,100.05999755859375,80.16639709472656,1085400
2015-02-05,100.18000030517578,101.58999633789062,100.16999816894531,101.38999938964844,81.23198699951172,1060500
2015-02-06,101.58000183105469,101.93000030517578,100.80999755859375,101.08999633789062,80.99161529541016,1110300
2015-02-09,100.87999725341797,101.45999908447266,100.20999908447266,100.29000091552734,80.35069274902344,686900
2015-02-10,100.73999786376953,100.80000305175781,99.44000244140625,100.56999969482422,80.57500457763672,1145000
2015-02-11,100.3499984741211,100.56999969482422,99.72000122070312,100.27999877929688,80.3426513671875,1891600
2015-02-12,100.87000274658203,101.47000122070312,100.66999816894531,101.38999938964844,81.23198699951172,631700
2015-02-13,101.47000122070312,102.01000213623047,101.25,101.9000015258789,81.64057922363281,1639300
2015-02-17,101.9800033569336,102.13999938964844,101.61000061035156,102.01000213623047,81.72870635986328,1252200
2015-02-18,101.66999816894531,101.9800033569336,101.37000274658203,101.94999694824219,81.6806411743164,1992300
2015-02-19,101.83999633789062,101.9800033569336,101.37999725341797,101.76000213623047,81.52842712402344,916600
2015-02-20,101.69999694824219,101.98999786376953,100.76000213623047,101.9000015258789,81.64057922363281,1623700
2015-02-23,101.58000183105469,102.08999633789062,100.98999786376953,102.08999633789062,81.7928237915039,1726400
2015-02-24,102.04000091552734,102.58000183105469,101.83000183105469,102.16999816894531,81.85688018798828,1063400
2015-02-25,102.19999694824219,102.4000015258789,101.69000244140625,102.06999969482422,81.77678680419922,1074100
2015-02-26,101.91000366210938,102.37000274658203,101.72000122070312,102.2300033569336,81.90497589111328,760400
2015-02-27,102.0199966430664,102.41999816894531,101.86000061035156,101.87000274658203,81.6165542602539,1599700
2015-03-02,101.79000091552734,102.93000030517578,101.75,102.55000305175781,82.16136932373047,1614200
2015-03-03,102.37999725341797,102.47000122070312,101.68000030517578,102.08999633789062,81.7928237915039,1369100
2015-03-04,101.5999984741211,101.76000213623047,101.16999816894531,101.48999786376953,81.31210327148438,1109500
2015-03-05,101.41999816894531,101.6500015258789,100.87999725341797,101.45999908447266,81.28805541992188,1307200
2015-03-06,100.97000122070312,101.44999694824219,99.91999816894531,100.08000183105469,80.18244171142578,1449200
2015-03-09,100.20999908447266,100.8499984741211,100.20999908447266,100.6500015258789,80.63911437988281,1136800
2015-03-10,99.87000274658203,99.87000274658203,99.19000244140625,99.44999694824219,79.67768859863281,1014600
2015-03-11,99.51000213623047,100.1500015258789,99.22000122070312,100.12999725341797,80.22250366210938,1183000
2015-03-12,100.62999725341797,102.05000305175781,100.56999969482422,101.95999908447266,81.68867492675781,1036100
2015-03-13,101.9000015258789,101.9800033569336,100.41999816894531,101.61000061035156,81.40824127197266,1373300
2015-03-16,102.12999725341797,102.27999877929688,101.83000183105469,102.02999877929688,81.74475860595703,1078900
2015-03-17,101.8499984741211,102.37000274658203,101.58000183105469,102.25,81.92100524902344,653300
2015-03-18,102.04000091552734,103.5,101.72000122070312,103.16999816894531,82.65808868408203,894100
2015-03-19,102.87999725341797,103.19999694824219,102.63999938964844,102.9800033569336,82.505859375,643300
2015-03-20,103.27999877929688,104.41000366210938,103.13999938964844,104.23999786376953,83.51533508300781,807600
2015-03-23,104.19000244140625,104.76000213623047,104.19000244140625,104.36000061035156,83.61148834228516,450000
2015-03-24,104.31999969482422,104.58000183105469,104.05999755859375,104.29000091552734,83.55540466308594,1476400
2015-03-25,104.0999984741211,104.0999984741211,101.98999786376953,102.05999755859375,82.10018157958984,1279900
2015-03-26,101.8499984741211,102.19999694824219,101.38999938964844,101.8499984741211,81.93125915527344,657400
2015-03-27,101.83999633789062,102.23999786376953,101.38999938964844,102.19000244140625,82.20478057861328,675900
2015-03-30,102.55000305175781,103.68000030517578,102.41999816894531,103.45999908447266,83.22640991210938,919600
2015-03-31,103.12000274658203,103.43000030517578,102.80000305175781,103.20999908447266,83.0252914428711,1794500
2015-04-01,102.94999694824219,103.68000030517578,102.27999877929688,103.38999938964844,83.17008972167969,795900
2015-04-02,103.2300033569336,104.23999786376953,103.2300033569336,103.7699966430664,83.47579193115234,1349900
2015-04-06,103.26000213623047,104.4000015258789,103.19999694824219,104.2699966430664,83.87798309326172,1727500
2015-04-07,104.12999725341797,104.20999908447266,103.44000244140625,103.44999694824219,83.21835327148438,1974000
2015-04-08,103.51000213623047,104.18000030517578,103.48999786376953,103.95999908447266,83.62862396240234,774500
2015-04-09,103.83000183105469,104.0199966430664,102.51000213623047,103.37000274658203,83.15400695800781,581800
2015-04-10,103.7300033569336,103.97000122070312,103.58999633789062,103.79000091552734,83.49185943603516,375900
2015-04-13,103.79000091552734,104.29000091552734,103.7699966430664,103.87000274658203,83.55622863769531,1016300
2015-04-14,103.83999633789062,104.0999984741211,103.23999786376953,103.8499984741211,83.54012298583984,1165200
2015-04-15,104.19000244140625,104.94999694824219,104.0,104.54000091552734,84.09522247314453,464100
2015-04-16,104.36000061035156,104.63999938964844,104.06999969482422,104.33999633789062,83.934326171875,493400
2015-04-17,103.55000305175781,103.69000244140625,102.33999633789062,102.70999908447266,82.62308502197266,1778800
2015-04-20,103.16999816894531,104.0199966430664,103.16000366210938,103.70999908447266,83.42754364013672,515800
2015-04-21,103.94000244140625,104.16999816894531,103.33000183105469,103.37999725341797,83.16204833984375,338300
2015-04-22,103.5,103.73999786376953,102.69999694824219,103.62000274658203,83.3551025390625,464200
2015-04-23,103.38999938964844,104.12999725341797,103.33000183105469,103.94999694824219,83.62055969238281,581400
2015-04-24,104.08000183105469,104.08000183105469,103.5999984741211,103.77999877929688,83.48382568359375,375400
2015-04-27,103.94999694824219,104.6500015258789,102.62000274658203,103.01000213623047,82.86439514160156,1250600
2015-04-28,103.04000091552734,104.0,102.58999633789062,103.97000122070312,83.63668060302734,965500
2015-04-29,103.26000213623047,103.69000244140625,102.88999938964844,102.91000366210938,82.78398132324219,1129100
2015-04-30,102.5,102.66999816894531,100.62999725341797,100.98999786376953,81.23946380615234,1312300
2015-05-01,101.41000366210938,101.51000213623047,100.6500015258789,101.30999755859375,81.49688720703125,1167700
2015-05-04,101.48999786376953,102.2300033569336,101.2300033569336,101.56999969482422,81.70601654052734,884200
2015-05-05,101.5199966430664,101.80000305175781,100.04000091552734,100.56999969482422,80.90158081054688,2017800
2015-05-06,100.58999633789062,100.83000183105469,99.8499984741211,100.61000061035156,80.93377685546875,1468100
2015-05-07,100.51000213623047,101.26000213623047,100.05999755859375,100.91000366210938,81.17509460449219,812100
2015-05-08,101.7300033569336,101.98999786376953,101.43000030517578,101.56999969482422,81.70601654052734,719400
2015-05-11,101.56999969482422,102.36000061035156,101.41000366210938,101.56999969482422,81.70601654052734,688300
2015-05-12,101.20999908447266,101.70999908447266,100.12000274658203,101.44000244140625,81.6014633178711,930600
2015-05-13,101.6500015258789,101.88999938964844,101.04000091552734,101.30000305175781,81.48886108398438,814300
2015-05-14,101.7300033569336,102.37999725341797,101.5999984741211,102.36000061035156,82.34153747558594,848900
2015-05-15,102.29000091552734,102.37000274658203,101.76000213623047,102.16999816894531,82.1886978149414,960100
2015-05-18,102.01000213623047,103.30000305175781,101.83000183105469,103.12999725341797,82.96095275878906,757000
2015-05-19,103.08000183105469,103.12000274658203,102.6500015258789,103.05000305175781,82.89656066894531,514100
2015-05-20,103.16999816894531,103.33000183105469,102.5999984741211,102.98999786376953,82.84832763671875,1095600
2015-05-21,103.05000305175781,103.3499984741211,102.61000061035156,102.88999938964844,82.76786804199219,991100
2015-05-22,102.83000183105469,103.0,102.12999725341797,102.33000183105469,82.31741333007812,395500
2015-05-26,101.97000122070312,102.08999633789062,100.7699966430664,101.30000305175781,81.48886108398438,635700
2015-05-27,101.41000366210938,102.4800033569336,101.04000091552734,102.38999938964844,82.36565399169922,556400
2015-05-28,102.2300033569336,102.41999816894531,101.76000213623047,102.41000366210938,82.38175964355469,433500
2015-05-29,102.37000274658203,102.4800033569336,101.26000213623047,101.75,81.85083770751953,1069900
2015-06-01,102.31999969482422,102.55000305175781,101.19999694824219,102.08000183105469,82.1163101196289,740400
2015-06-02,101.69000244140625,102.98999786376953,101.54000091552734,102.38999938964844,82.36565399169922,2203600
2015-06-03,102.5,103.37000274658203,102.23999786376953,103.23999786376953,83.04942321777344,1010500
2015-06-04,102.7699966430664,102.98999786376953,101.94000244140625,102.22000122070312,82.22891235351562,871100
2015-06-05,102.01000213623047,102.7300033569336,101.31999969482422,102.62999725341797,82.55872344970703,643800
2015-06-08,102.55000305175781,102.79000091552734,102.06999969482422,102.19999694824219,82.21282196044922,443000
2015-06-09,102.19999694824219,102.38999938964844,101.48999786376953,102.0,82.05194091796875,891000
2015-06-10,102.44999694824219,103.87000274658203,102.41999816894531,103.41000366210938,83.18620300292969,856600
2015-06-11,103.62999725341797,103.75,103.27999877929688,103.6500015258789,83.37923431396484,547800
2015-06-12,103.37000274658203,103.51000213623047,102.93000030517578,103.36000061035156,83.14593505859375,842600
2015-06-15,102.69000244140625,103.2300033569336,101.86000061035156,102.91999816894531,82.79202270507812,1247500
2015-06-16,102.69999694824219,103.80000305175781,102.62999725341797,103.66000366210938,83.38729858398438,827900
2015-06-17,103.8499984741211,104.05000305175781,103.1500015258789,103.23999786376953,83.04942321777344,817200
2015-06-18,103.5999984741211,104.70999908447266,103.5999984741211,104.36000061035156,83.95040130615234,792600
2015-06-19,104.4800033569336,104.69999694824219,104.19000244140625,104.33999633789062,83.934326171875,452200
2015-06-22,104.98999786376953,105.16000366210938,104.6500015258789,104.98999786376953,84.45719909667969,759500
2015-06-23,104.91000366210938,105.37000274658203,104.80000305175781,105.29000091552734,84.69852447509766,528300
2015-06-24,105.25,105.41999816894531,104.56999969482422,104.62999725341797,84.1675796508789,955500
2015-06-25,104.87999725341797,104.95999908447266,104.08999633789062,104.44000244140625,84.01473999023438,568900
2015-06-26,104.6500015258789,105.13999938964844,103.94999694824219,104.43000030517578,84.00667572021484,1676000
2015-06-29,103.80999755859375,104.2699966430664,101.91000366210938,102.01000213623047,82.05998992919922,1331200
2015-06-30,102.69999694824219,102.75,101.6500015258789,101.95999908447266,82.01976013183594,2374400
2015-07-01,102.8499984741211,103.16000366210938,101.72000122070312,102.29000091552734,82.28523254394531,1932700
2015-07-02,101.7699966430664,101.93000030517578,100.77999877929688,101.11000061035156,81.78614807128906,1014300
2015-07-06,100.33999633789062,101.38999938964844,100.23999786376953,100.95999908447266,81.66482543945312,2107300
2015-07-07,100.94999694824219,101.13999938964844,99.26000213623047,100.94999694824219,81.65672302246094,2750500
2015-07-08,99.9800033569336,100.58000183105469,99.16000366210938,99.70999908447266,80.6536865234375,1292700
2015-07-09,100.69999694824219,101.05999755859375,99.73999786376953,99.86000061035156,80.7750244140625,1138700
2015-07-10,100.8499984741211,101.22000122070312,100.56999969482422,100.94999694824219,81.65672302246094,735800
2015-07-13,101.41000366210938,101.91999816894531,101.38999938964844,101.79000091552734,82.33619689941406,1682700
2015-07-14,101.66000366210938,102.45999908447266,101.62999725341797,102.30000305175781,82.74874114990234,1058000
2015-07-15,102.30000305175781,102.38999938964844,101.54000091552734,101.70999908447266,82.271484375,1037400
2015-07-16,102.11000061035156,102.58999633789062,101.9000015258789,102.06999969482422,82.56266784667969,1121400
2015-07-17,102.08000183105469,102.08000183105469,101.12999725341797,101.33999633789062,81.97219848632812,1546100
2015-07-20,101.2699966430664,101.2699966430664,100.38999938964844,100.61000061035156,81.38170623779297,1046600
2015-07-21,100.5999984741211,101.38999938964844,100.05999755859375,100.26000213623047,81.09858703613281,749800
2015-07-22,99.87000274658203,100.5199966430664,99.83999633789062,100.38999938964844,81.20374298095703,905900
2015-07-23,100.44999694824219,100.5199966430664,98.79000091552734,99.05999755859375,80.12793731689453,926500
2015-07-24,98.98999786376953,99.1500015258789,97.58000183105469,97.62000274658203,78.96315002441406,1904500
2015-07-27,97.37000274658203,97.58000183105469,96.81999969482422,97.02999877929688,78.48591613769531,1132000
2015-07-28,97.41000366210938,97.86000061035156,96.2300033569336,97.66999816894531,79.00359344482422,788400
2015-07-29,97.66999816894531,98.55000305175781,97.23999786376953,98.23999786376953,79.46465301513672,1385400
2015-07-30,97.93000030517578,98.62000274658203,97.66999816894531,98.37999725341797,79.57789611816406,349700
2015-07-31,98.4800033569336,99.16000366210938,98.23999786376953,98.5199966430664,79.69112396240234,1571300
2015-08-03,98.55999755859375,98.62000274658203,97.51000213623047,98.06999969482422,79.32711791992188,628800
2015-08-04,98.0199966430664,98.55000305175781,97.44999694824219,97.70999908447266,79.03593444824219,740900
2015-08-05,98.18000030517578,98.80000305175781,97.33000183105469,97.69999694824219,79.02786254882812,1973800
2015-08-06,97.69999694824219,97.91999816894531,96.33000183105469,97.16000366210938,78.59105682373047,927800
2015-08-07,96.77999877929688,97.2300033569336,96.12999725341797,96.51000213623047,78.0652847290039,1007200
2015-08-10,96.86000061035156,97.83000183105469,96.86000061035156,97.7300033569336,79.05211639404297,694500
2015-08-11,97.04000091552734,97.5199966430664,96.75,97.2300033569336,78.64768981933594,706900
2015-08-12,96.58000183105469,97.11000061035156,95.58999633789062,96.91999816894531,78.39691162109375,937900
2015-08-13,96.87000274658203,97.19000244140625,96.37000274658203,96.58000183105469,78.12191009521484,869500
2015-08-14,96.5,97.54000091552734,96.5,97.4800033569336,78.84989166259766,918400
2015-08-17,97.25,98.29000091552734,96.83000183105469,98.05999755859375,79.31904602050781,344000
2015-08-18,98.06999969482422,98.06999969482422,97.29000091552734,97.52999877929688,78.89033508300781,462300
2015-08-19,97.0999984741211,97.30999755859375,96.02999877929688,96.51000213623047,78.0652847290039,724400
2015-08-20,95.86000061035156,95.88999938964844,94.66999816894531,94.66999816894531,76.57694244384766,795800
2015-08-21,93.87000274658203,94.8499984741211,93.27999877929688,93.76000213623047,75.8408432006836,2263600
2015-08-24,89.0999984741211,92.9800033569336,85.43000030517578,90.16000366210938,72.92886352539062,3330100
2015-08-25,93.01000213623047,93.01000213623047,88.91000366210938,88.94999694824219,71.95010375976562,2251000
2015-08-26,90.5199966430664,91.2300033569336,89.04000091552734,91.06999969482422,73.66496276855469,2436200
2015-08-27,91.83999633789062,93.2699966430664,90.98999786376953,92.70999908447266,74.99152374267578,2334800
2015-08-28,92.45999908447266,93.70999908447266,92.44999694824219,93.5,75.63052368164062,1515200
2015-08-31,93.16999816894531,93.98999786376953,92.83999633789062,93.69999694824219,75.79231262207031,1561500
2015-09-01,92.7699966430664,92.7699966430664,90.76000213623047,91.11000061035156,73.69730377197266,1902100
2015-09-02,92.08999633789062,92.29000091552734,91.05000305175781,92.29000091552734,74.65179443359375,1361000
2015-09-03,92.22000122070312,93.36000061035156,92.22000122070312,92.43000030517578,74.76504516601562,2191000
2015-09-04,91.5,92.08000183105469,91.13999938964844,91.4800033569336,73.9966049194336,1020900
2015-09-08,92.9000015258789,93.38999938964844,92.37999725341797,93.2300033569336,75.41219329833984,1038300
2015-09-09,93.87000274658203,94.05999755859375,92.27999877929688,92.38999938964844,74.73269653320312,1031300
2015-09-10,92.27999877929688,93.2699966430664,91.98999786376953,92.6500015258789,74.9429931640625,1394600
2015-09-11,92.18000030517578,92.91000366210938,91.81999969482422,92.9000015258789,75.14519500732422,970000
2015-09-14,93.05999755859375,93.0999984741211,92.25,92.5,74.82166290283203,800700
2015-09-15,92.72000122070312,93.69000244140625,92.55000305175781,93.54000091552734,75.66288757324219,836100
2015-09-16,93.58999633789062,94.63999938964844,93.51000213623047,94.58000183105469,76.5041275024414,608300
2015-09-17,94.4800033569336,95.80000305175781,94.16000366210938,94.43000030517578,76.38282775878906,1357700
2015-09-18,93.31999969482422,93.79000091552734,92.7300033569336,92.9800033569336,75.2099380493164,1259500
2015-09-21,93.5199966430664,94.33999633789062,93.26000213623047,93.4800033569336,75.6143569946289,1579100
2015-09-22,92.55999755859375,92.94999694824219,91.77999877929688,92.19999694824219,74.57897186279297,1168900
2015-09-23,92.33999633789062,92.69999694824219,91.66000366210938,91.94000244140625,74.36869812011719,977800
2015-09-24,91.41000366210938,92.2699966430664,91.06999969482422,92.06999969482422,74.4738540649414,1152200
2015-09-25,92.48999786376953,92.48999786376953,91.05000305175781,91.27999877929688,74.10767364501953,1509800
2015-09-28,90.88999938964844,91.06999969482422,89.41999816894531,89.5199966430664,72.67878723144531,1740700
2015-09-29,89.62000274658203,89.94999694824219,88.9000015258789,89.19999694824219,72.41899108886719,2107200
2015-09-30,89.88999938964844,90.27999877929688,89.31999969482422,90.0999984741211,73.14965057373047,1521200
2015-10-01,90.06999969482422,90.52999877929688,88.88999938964844,89.9000015258789,72.9872817993164,832200
2015-10-02,89.16000366210938,90.81999969482422,88.3499984741211,90.81999969482422,73.73420715332031,847200
2015-10-05,91.45999908447266,93.44000244140625,91.43000030517578,93.29000091552734,75.73954010009766,1445900
2015-10-06,93.30999755859375,94.08000183105469,92.95999908447266,93.31999969482422,75.76388549804688,1647700
2015-10-07,93.76000213623047,94.93000030517578,93.55000305175781,94.8499984741211,77.00606536865234,1681600
2015-10-08,94.69000244140625,96.33999633789062,94.63999938964844,96.2300033569336,78.12648010253906,899200
2015-10-09,96.37000274658203,96.63999938964844,95.83000183105469,96.05999755859375,77.98844146728516,777500
2015-10-12,95.9800033569336,96.16000366210938,95.68000030517578,95.9800033569336,77.9234848022461,521600
2015-10-13,95.58000183105469,96.56999969482422,94.9800033569336,95.0199966430664,77.14408111572266,1031400
2015-10-14,94.95999908447266,95.51000213623047,93.98999786376953,94.0999984741211,76.39714813232422,1123100
2015-10-15,94.37999725341797,95.9000015258789,93.66999816894531,95.9000015258789,77.8585433959961,1060100
2015-10-16,96.01000213623047,96.12000274658203,94.97000122070312,95.63999938964844,77.6474838256836,1224700
2015-10-19,95.19999694824219,95.93000030517578,95.02999877929688,95.69000244140625,77.68804168701172,926000
2015-10-20,95.66000366210938,96.56999969482422,95.5199966430664,96.2300033569336,78.12648010253906,647700
2015-10-21,96.5199966430664,96.5199966430664,94.7300033569336,94.80999755859375,76.9736099243164,923700
2015-10-22,95.22000122070312,96.29000091552734,95.1500015258789,95.70999908447266,77.70425415039062,1417600
2015-10-23,96.37999725341797,96.5,95.41000366210938,96.22000122070312,78.11833953857422,904900
2015-10-26,96.06999969482422,96.30999755859375,95.48999786376953,95.58999633789062,77.60684204101562,639200
2015-10-27,95.20999908447266,95.27999877929688,93.73999786376953,94.13999938964844,76.42964172363281,1114900
2015-10-28,94.33999633789062,96.63999938964844,94.33000183105469,96.63999938964844,78.45930480957031,2412100
2015-10-29,96.3499984741211,96.66000366210938,95.66999816894531,95.83999633789062,77.80982208251953,904500
2015-10-30,95.6500015258789,95.77999877929688,94.9000015258789,95.06999969482422,77.1846694946289,2036000
2015-11-02,95.02999877929688,97.05999755859375,95.02999877929688,96.79000091552734,78.58108520507812,1795800
2015-11-03,96.79000091552734,97.87999725341797,96.7300033569336,97.30999755859375,79.00323486328125,937400
2015-11-04,97.38999938964844,97.80000305175781,96.77999877929688,97.16000366210938,78.88150787353516,2112500
2015-11-05,97.13999938964844,97.69000244140625,96.52999877929688,97.47000122070312,79.13316345214844,1146400
2015-11-06,97.19000244140625,98.06999969482422,96.6500015258789,97.9800033569336,79.54723358154297,631400
2015-11-09,97.94999694824219,98.05999755859375,96.37999725341797,96.72000122070312,78.52428436279297,1122000
2015-11-10,96.47000122070312,97.16000366210938,96.31999969482422,97.12000274658203,78.84902954101562,805400
2015-11-11,97.2699966430664,97.2699966430664,96.26000213623047,96.41000366210938,78.2725830078125,1005700
2015-11-12,95.72000122070312,95.86000061035156,94.36000061035156,94.55999755859375,76.77061462402344,2186300
2015-11-13,94.23999786376953,94.9000015258789,93.52999877929688,93.86000061035156,76.20230865478516,1625300
2015-11-16,93.80000305175781,94.98999786376953,93.58000183105469,94.9000015258789,77.04667663574219,1450700
2015-11-17,95.01000213623047,95.66000366210938,94.29000091552734,94.31999969482422,76.57577514648438,1377500
2015-11-18,94.55999755859375,95.83999633789062,94.30000305175781,95.75,77.73674774169922,824400
2015-11-19,95.6500015258789,95.8499984741211,95.29000091552734,95.55000305175781,77.57437896728516,1017300
2015-11-20,95.81999969482422,96.55999755859375,95.7699966430664,96.08000183105469,78.0046615600586,1447000
2015-11-23,95.95999908447266,96.88999938964844,95.9000015258789,96.5199966430664,78.36188507080078,1332000
2015-11-24,96.11000061035156,97.37999725341797,95.91000366210938,97.26000213623047,78.96269226074219,1049000
2015-11-25,97.18000030517578,97.80000305175781,96.94000244140625,97.72000122070312,79.33614349365234,744300
2015-11-27,97.69999694824219,98.20999908447266,97.44999694824219,98.0199966430664,79.57969665527344,215300
2015-11-30,98.27999877929688,98.55000305175781,97.80999755859375,97.88999938964844,79.47415161132812,1037600
2015-12-01,98.33999633789062,98.66000366210938,97.80999755859375,98.45999908447266,79.93690490722656,1813500
2015-12-02,98.41000366210938,98.45999908447266,96.93000030517578,97.05000305175781,78.79217529296875,1295800
2015-12-03,97.26000213623047,97.69000244140625,95.45999908447266,95.72000122070312,77.71240997314453,1407400
2015-12-04,95.61000061035156,96.66000366210938,95.47000122070312,96.47000122070312,78.32129669189453,1253800
2015-12-07,96.38999938964844,96.38999938964844,94.5199966430664,94.91000366210938,77.0547866821289,1052300
2015-12-08,94.05999755859375,94.69999694824219,93.55000305175781,94.0,76.31598663330078,1868100
2015-12-09,93.83999633789062,94.86000061035156,92.83000183105469,93.20999908447266,75.67459106445312,1481400
2015-12-10,93.2300033569336,93.88999938964844,92.94000244140625,93.36000061035156,75.7964096069336,1197500
2015-12-11,92.41999816894531,92.5999984741211,91.16999816894531,91.47000122070312,74.2619400024414,1154700
2015-12-14,91.38999938964844,91.88999938964844,90.3499984741211,90.9000015258789,73.79917907714844,2047600
2015-12-15,91.5199966430664,92.44999694824219,91.2300033569336,92.27999877929688,74.91956329345703,1526500
2015-12-16,92.9000015258789,93.7300033569336,92.19999694824219,93.56999969482422,75.96685791015625,1602300
2015-12-17,93.91999816894531,93.91999816894531,92.4000015258789,92.5999984741211,75.17935943603516,1281000
2015-12-18,92.30000305175781,92.38999938964844,91.01000213623047,91.22000122070312,74.05896759033203,1868300
2015-12-21,91.7699966430664,92.12999725341797,91.12999725341797,91.7300033569336,74.47303009033203,1461100
2015-12-22,91.97000122070312,92.95999908447266,91.37000274658203,92.86000061035156,75.39045715332031,1248700
2015-12-23,93.3499984741211,94.25,93.18000030517578,94.18000030517578,76.46211242675781,1215700
2015-12-24,93.56999969482422,94.16999816894531,93.33999633789062,93.66000366210938,76.57002258300781,631800
2015-12-28,93.29000091552734,93.4000015258789,92.37999725341797,93.2300033569336,76.21851348876953,1611200
2015-12-29,93.70999908447266,94.19999694824219,93.2300033569336,94.13999938964844,76.96245574951172,1228000
2015-12-30,94.11000061035156,94.19999694824219,93.18000030517578,93.19000244140625,76.18580627441406,887700
2015-12-31,92.83999633789062,93.18000030517578,91.94000244140625,91.94000244140625,75.16387939453125,1972200
2016-01-04,90.55000305175781,90.7300033569336,89.36000061035156,90.12999725341797,73.68414306640625,2540600
2016-01-05,90.41000366210938,90.62000274658203,89.75,90.54000091552734,74.01933288574219,2053100
2016-01-06,89.27999877929688,90.0999984741211,89.08000183105469,89.4800033569336,73.15274810791016,1570400
2016-01-07,87.93000030517578,88.5199966430664,87.05000305175781,87.0999984741211,71.20703125,2393200
2016-01-08,87.4000015258789,87.6500015258789,85.56999969482422,85.69000244140625,70.05429077148438,2122700
2016-01-11,86.02999877929688,86.41999816894531,84.97000122070312,85.66000366210938,70.02979278564453,2628500
2016-01-12,86.26000213623047,86.44000244140625,84.18000030517578,85.43000030517578,69.84172058105469,2282600
2016-01-13,85.80000305175781,85.91999816894531,82.44999694824219,83.0199966430664,67.87149047851562,3066100
2016-01-14,83.33000183105469,84.68000030517578,82.41000366210938,83.94000244140625,68.62361145019531,3364300
2016-01-15,82.0,82.69000244140625,80.58999633789062,82.5199966430664,67.46271514892578,2399200
2016-01-19,83.30999755859375,83.33999633789062,80.94000244140625,81.66999816894531,66.76779174804688,2866800
2016-01-20,80.54000091552734,82.4000015258789,78.55999755859375,81.56999969482422,66.68606567382812,3976500
2016-01-21,81.7300033569336,82.98999786376953,81.11000061035156,81.55000305175781,66.66973114013672,2883600
2016-01-22,82.94999694824219,83.54000091552734,82.45999908447266,83.37999725341797,68.16578674316406,4852200
2016-01-25,82.93000030517578,83.08000183105469,81.19000244140625,81.33999633789062,66.49801635742188,3456700
2016-01-26,81.69999694824219,83.61000061035156,81.66999816894531,83.44000244140625,68.21484375,2303800
2016-01-27,83.0999984741211,84.08999633789062,82.2300033569336,82.77999877929688,67.67525482177734,2653100
2016-01-28,83.4000015258789,84.0999984741211,82.97000122070312,83.33999633789062,68.13311004638672,4324700
2016-01-29,83.68000030517578,85.9800033569336,83.54000091552734,85.91999816894531,70.24231719970703,2892700
2016-02-01,85.30999755859375,85.86000061035156,84.62999725341797,85.37999725341797,69.80087280273438,2191700
2016-02-02,84.44000244140625,84.66999816894531,83.33000183105469,83.68000030517578,68.41107177734375,1880900
2016-02-03,84.30999755859375,84.3499984741211,82.2300033569336,84.05000305175781,68.71354675292969,3090200
2016-02-04,83.72000122070312,85.33000183105469,83.6500015258789,84.33999633789062,68.95063781738281,2282500
2016-02-05,83.98999786376953,84.2300033569336,82.7699966430664,82.77999877929688,67.67525482177734,2580500
2016-02-08,81.95999908447266,82.3499984741211,80.91000366210938,82.12999725341797,67.14386749267578,2316700
2016-02-09,81.01000213623047,82.25,80.88999938964844,81.48999786376953,66.62066650390625,2960800
2016-02-10,82.0,83.0199966430664,81.3499984741211,81.43000030517578,66.57160949707031,1713300
2016-02-11,80.01000213623047,80.76000213623047,79.44999694824219,80.25,65.60692596435547,2923000
2016-02-12,81.05000305175781,81.95999908447266,80.83999633789062,81.83999633789062,66.90679168701172,1631200
2016-02-16,82.77999877929688,83.6500015258789,82.22000122070312,83.48999786376953,68.2557144165039,2048000
2016-02-17,84.05000305175781,85.18000030517578,83.9000015258789,84.4000015258789,68.99967956542969,1250700
2016-02-18,84.52999877929688,84.63999938964844,83.91000366210938,84.29000091552734,68.90974426269531,1391200
2016-02-19,83.91999816894531,84.7300033569336,83.87000274658203,84.52999877929688,69.10595703125,1491400
2016-02-22,85.19999694824219,85.75,85.16000366210938,85.43000030517578,69.84172058105469,976300
2016-02-23,85.13999938964844,85.38999938964844,84.63999938964844,84.68000030517578,69.22860717773438,995500
2016-02-24,83.87000274658203,85.45999908447266,83.43000030517578,85.2699966430664,69.7109375,1661100
2016-02-25,85.48999786376953,86.30000305175781,85.22000122070312,86.27999877929688,70.53665161132812,1503500
2016-02-26,86.6500015258789,87.08000183105469,86.2300033569336,86.58999633789062,70.79006958007812,2103700
2016-02-29,86.58999633789062,87.45999908447266,86.43000030517578,86.44000244140625,70.66744232177734,1205700
2016-03-01,87.18000030517578,88.1500015258789,86.81999969482422,88.1500015258789,72.06541442871094,1161300
2016-03-02,88.05000305175781,89.19999694824219,87.88999938964844,89.19999694824219,72.92382049560547,878200
2016-03-03,89.25,90.30000305175781,89.12999725341797,90.30000305175781,73.8231201171875,1088500
2016-03-04,90.2699966430664,91.19999694824219,90.05999755859375,90.77999877929688,74.21553802490234,1385100
2016-03-07,90.5199966430664,91.9000015258789,90.4800033569336,91.9000015258789,75.13117218017578,1776100
2016-03-08,91.38999938964844,91.38999938964844,89.69999694824219,89.76000213623047,73.38167572021484,1817900
2016-03-09,90.08999633789062,90.4800033569336,89.7300033569336,90.26000213623047,73.79039001464844,1082200
2016-03-10,90.62000274658203,90.7699966430664,88.83000183105469,89.81999969482422,73.43070220947266,1634100
2016-03-11,90.52999877929688,91.72000122070312,90.44999694824219,91.62000274658203,74.9022445678711,1070500
2016-03-14,91.3499984741211,91.48999786376953,90.73999786376953,91.16999816894531,74.53437805175781,999600
2016-03-15,90.62999725341797,90.69000244140625,89.94999694824219,90.0999984741211,73.65960693359375,859400
2016-03-16,89.73999786376953,91.0999984741211,89.72000122070312,90.80000305175781,74.23188781738281,1586300
2016-03-17,90.68000030517578,92.80999755859375,90.3499984741211,92.44999694824219,75.58080291748047,1501700
2016-03-18,92.69999694824219,93.4800033569336,92.69999694824219,93.12000274658203,76.1285629272461,1647500
2016-03-21,92.9800033569336,93.2300033569336,92.43000030517578,92.75,75.82606506347656,1669100
2016-03-22,92.27999877929688,92.8499984741211,91.94000244140625,92.4800033569336,75.6053237915039,913100
2016-03-23,91.76000213623047,91.88999938964844,90.4000015258789,90.44000244140625,74.25635528564453,1476100
2016-03-24,89.95999908447266,90.79000091552734,89.54000091552734,90.7300033569336,74.49446105957031,1565100
2016-03-28,91.0,91.20999908447266,90.23999786376953,90.9000015258789,74.63402557373047,1010100
2016-03-29,90.68000030517578,93.0999984741211,90.33999633789062,93.0999984741211,76.44033813476562,1547300
2016-03-30,93.43000030517578,93.63999938964844,92.95999908447266,93.16999816894531,76.49783325195312,2801400
2016-03-31,93.31999969482422,93.52999877929688,93.01000213623047,93.18000030517578,76.50604248046875,1419600
2016-04-01,92.37000274658203,93.38999938964844,92.11000061035156,93.30999755859375,76.61277770996094,1390700
2016-04-04,93.19000244140625,93.33999633789062,92.25,92.31999969482422,75.79993438720703,1854400
2016-04-05,91.69999694824219,91.94999694824219,91.19000244140625,91.2300033569336,74.90497589111328,1900500
2016-04-06,91.19999694824219,91.9000015258789,90.80000305175781,91.80999755859375,75.38118743896484,1967800
2016-04-07,91.30000305175781,91.56999969482422,90.11000061035156,90.58000183105469,74.37128448486328,1718300
2016-04-08,91.27999877929688,91.95999908447266,90.87999725341797,91.2300033569336,74.90497589111328,991700
2016-04-11,91.70999908447266,92.56999969482422,91.30000305175781,91.37000274658203,75.01991271972656,1566600
2016-04-12,91.37999725341797,92.7300033569336,91.31999969482422,92.51000213623047,75.95594024658203,1485800
2016-04-13,92.9800033569336,94.30000305175781,92.87999725341797,94.19999694824219,77.34351348876953,1360500
2016-04-14,94.20999908447266,94.63999938964844,93.86000061035156,94.19000244140625,77.33531188964844,1048800
2016-04-15,93.87000274658203,94.5199966430664,93.83999633789062,94.36000061035156,77.47486877441406,1870400
2016-04-18,93.98999786376953,94.9800033569336,93.79000091552734,94.9000015258789,77.91826629638672,1203000
2016-04-19,95.08999633789062,95.83999633789062,95.0199966430664,95.45999908447266,78.37806701660156,1644400
2016-04-20,95.36000061035156,95.91999816894531,95.02999877929688,95.45999908447266,78.37806701660156,1168300
2016-04-21,95.44000244140625,95.66999816894531,94.4000015258789,94.58000183105469,77.655517578125,1323600
2016-04-22,94.63999938964844,95.68000030517578,94.63999938964844,95.55999755859375,78.46014404296875,1682700
2016-04-25,95.38999938964844,95.44999694824219,94.48999786376953,95.0,78.0003662109375,1299500
2016-04-26,95.31999969482422,96.29000091552734,95.19999694824219,96.20999908447266,78.99384307861328,1456200
2016-04-27,96.2300033569336,96.80999755859375,96.0,96.69000244140625,79.38795471191406,1368500
2016-04-28,96.2699966430664,96.86000061035156,95.55999755859375,95.77999877929688,78.64077758789062,1736600
2016-04-29,95.51000213623047,95.97000122070312,94.48999786376953,95.16999816894531,78.13996124267578,2891300
2016-05-02,95.55000305175781,96.02999877929688,94.93000030517578,96.01000213623047,78.82964324951172,1636200
2016-05-03,95.25,95.26000213623047,93.80999755859375,94.54000091552734,77.6226806640625,1758900
2016-05-04,94.0199966430664,95.02999877929688,93.81999969482422,94.18000030517578,77.32709503173828,2166000
2016-05-05,94.55999755859375,94.87000274658203,93.72000122070312,93.81999969482422,77.03153228759766,2328100
2016-05-06,93.52999877929688,94.62000274658203,93.5,94.5999984741211,77.67194366455078,1417400
2016-05-09,94.7300033569336,94.94999694824219,93.94000244140625,94.44999694824219,77.54878234863281,1239000
2016-05-10,94.83000183105469,95.66999816894531,94.5999984741211,95.47000122070312,78.38626861572266,902700
2016-05-11,95.41000366210938,95.47000122070312,94.55999755859375,94.58999633789062,77.66374969482422,1093900
2016-05-12,94.83999633789062,95.13999938964844,93.61000061035156,94.30000305175781,77.4256362915039,1111100
2016-05-13,94.05000305175781,94.5,93.26000213623047,93.5,76.76876831054688,1632200
2016-05-16,93.72000122070312,94.91000366210938,93.62999725341797,94.55000305175781,77.63090515136719,1129600
2016-05-17,94.2699966430664,94.80999755859375,92.54000091552734,92.98999786376953,76.35005950927734,1907500
2016-05-18,92.69999694824219,94.12999725341797,92.5999984741211,93.36000061035156,76.65382385253906,1719100
2016-05-19,92.76000213623047,93.16000366210938,91.81999969482422,92.55999755859375,75.99698638916016,1374400
2016-05-20,92.9800033569336,93.97000122070312,92.79000091552734,93.97000122070312,77.15465545654297,1947300
2016-05-23,93.93000030517578,94.2300033569336,93.5199966430664,93.73999786376953,76.96582794189453,1442100
2016-05-24,94.33999633789062,95.72000122070312,94.11000061035156,95.48999786376953,78.40267181396484,1543500
2016-05-25,95.76000213623047,96.33000183105469,95.52999877929688,96.06999969482422,78.87890625,2610400
2016-05-26,96.30000305175781,96.41999816894531,95.79000091552734,95.91999816894531,78.75574493408203,1912500
2016-05-27,96.0199966430664,96.7699966430664,95.91000366210938,96.7699966430664,79.45360565185547,1235100
2016-05-31,96.94000244140625,97.38999938964844,96.52999877929688,96.87000274658203,79.53575897216797,1253700
2016-06-01,96.61000061035156,97.58999633789062,96.30000305175781,97.48999786376953,80.0447998046875,1572400
2016-06-02,97.25,97.93000030517578,96.94999694824219,97.9000015258789,80.38141632080078,1452100
2016-06-03,97.75,97.76000213623047,96.66000366210938,97.4800033569336,80.03659057617188,1806600
2016-06-06,97.62999725341797,98.80999755859375,97.5199966430664,98.44999694824219,80.8330078125,802400
2016-06-07,98.5199966430664,99.16000366210938,98.37999725341797,98.77999877929688,81.10394287109375,956400
2016-06-08,98.87000274658203,99.77999877929688,98.76000213623047,99.66000366210938,81.82650756835938,1118700
2016-06-09,99.16000366210938,99.31999969482422,98.52999877929688,99.12999725341797,81.3913345336914,989200
2016-06-10,98.38999938964844,98.69000244140625,97.70999908447266,97.9800033569336,80.44711303710938,1217300
2016-06-13,97.61000061035156,98.1500015258789,96.81999969482422,97.0,79.6424789428711,1280200
2016-06-14,96.69000244140625,97.20999908447266,96.06999969482422,96.54000091552734,79.26478576660156,1005200
2016-06-15,96.81999969482422,97.45999908447266,96.52999877929688,96.52999877929688,79.25658416748047,1673300
2016-06-16,96.0,96.55999755859375,95.2300033569336,96.54000091552734,79.26478576660156,1598600
2016-06-17,96.62999725341797,97.20999908447266,96.1500015258789,96.66000366210938,79.36331939697266,2480800
2016-06-20,97.91999816894531,98.44000244140625,97.52999877929688,97.52999877929688,80.07762145996094,978900
2016-06-21,97.62000274658203,97.86000061035156,96.93000030517578,97.55999755859375,80.10227966308594,1303500
2016-06-22,97.77999877929688,98.12000274658203,97.02999877929688,97.06999969482422,79.6999282836914,1730600
2016-06-23,98.11000061035156,99.0,97.97000122070312,98.95999908447266,81.25177001953125,754700
2016-06-24,95.19999694824219,96.72000122070312,94.87000274658203,95.33999633789062,78.2795181274414,4518500
2016-06-27,94.1500015258789,94.16000366210938,91.66000366210938,92.06999969482422,75.59465789794922,4583400
2016-06-28,92.97000122070312,93.79000091552734,92.77999877929688,93.37000274658203,76.66204071044922,2711700
2016-06-29,94.51000213623047,95.5999984741211,94.31999969482422,95.41999816894531,78.34522247314453,2062000
2016-06-30,95.72000122070312,97.33000183105469,95.19000244140625,97.29000091552734,79.88058471679688,2565200
2016-07-01,97.30000305175781,98.05999755859375,97.11000061035156,97.63999938964844,80.16793060302734,1983200
2016-07-05,97.19000244140625,97.4800033569336,95.44999694824219,95.9800033569336,78.80501556396484,1993900
2016-07-06,94.98999786376953,96.05999755859375,94.62999725341797,96.0,79.30728149414062,2334300
2016-07-07,96.23999786376953,96.87999725341797,95.43000030517578,95.97000122070312,79.28248596191406,2189300
2016-07-08,97.05000305175781,98.47000122070312,96.87999725341797,98.26000213623047,81.17428588867188,1844500
2016-07-11,98.97000122070312,99.70999908447266,98.66999816894531,99.4800033569336,82.18217468261719,2053900
2016-07-12,100.19000244140625,101.66000366210938,100.0,101.1500015258789,83.5617904663086,2563100
2016-07-13,101.5,101.6500015258789,100.41999816894531,100.87999725341797,83.33873748779297,1255200
2016-07-14,101.66999816894531,101.87000274658203,101.0199966430664,101.05000305175781,83.47917175292969,1002100
2016-07-15,101.52999877929688,101.66000366210938,100.9800033569336,101.37000274658203,83.7435302734375,2868100
2016-07-18,101.27999877929688,101.87000274658203,101.0,101.56999969482422,83.90873718261719,1013000
2016-07-19,101.44000244140625,101.55000305175781,100.80000305175781,101.05000305175781,83.47917175292969,886500
2016-07-20,101.36000061035156,101.72000122070312,100.52999877929688,101.38999938964844,83.76004791259766,849000
2016-07-21,101.43000030517578,101.88999938964844,100.83000183105469,100.98999786376953,83.42960357666016,857600
2016-07-22,101.02999877929688,101.83000183105469,100.83000183105469,101.61000061035156,83.94181060791016,651900
2016-07-25,101.45999908447266,101.69000244140625,101.05999755859375,101.41999816894531,83.78482818603516,1576600
2016-07-26,101.41999816894531,102.08000183105469,101.2300033569336,102.0,84.26397705078125,2244800
2016-07-27,102.13999938964844,102.51000213623047,101.4000015258789,102.04000091552734,84.29704284667969,1221700
2016-07-28,101.77999877929688,101.94000244140625,101.30999755859375,101.62000274658203,83.95004272460938,930600
2016-07-29,101.5999984741211,102.41000366210938,101.08999633789062,101.87999725341797,84.16485595703125,1467700
2016-08-01,101.97000122070312,102.22000122070312,101.2300033569336,101.58000183105469,83.91700744628906,3783800
2016-08-02,101.58999633789062,101.73999786376953,100.12000274658203,100.29000091552734,82.85131072998047,2208800
2016-08-03,100.25,101.31999969482422,100.08999633789062,101.29000091552734,83.6774673461914,2070000
2016-08-04,101.18000030517578,101.8499984741211,101.05999755859375,101.30000305175781,83.68568420410156,1627200
2016-08-05,101.91999816894531,103.2699966430664,101.70999908447266,103.05999755859375,85.1396713256836,1318100
2016-08-08,103.1500015258789,103.55999755859375,103.01000213623047,103.12000274658203,85.1892318725586,1318100
2016-08-09,103.12999725341797,103.47000122070312,102.91000366210938,103.16999816894531,85.23053741455078,1168000
2016-08-10,103.16999816894531,103.31999969482422,102.27999877929688,102.48999786376953,84.66879272460938,1058500
2016-08-11,102.80000305175781,103.19000244140625,102.55999755859375,102.93000030517578,85.03228759765625,846000
2016-08-12,102.7699966430664,103.16999816894531,102.44999694824219,102.8499984741211,84.96617126464844,804900
2016-08-15,103.08000183105469,104.12999725341797,103.01000213623047,103.94999694824219,85.87490844726562,893300
2016-08-16,103.62000274658203,103.69000244140625,103.0999984741211,103.25,85.29662322998047,1868000
2016-08-17,103.27999877929688,103.27999877929688,102.47000122070312,103.0999984741211,85.17269897460938,1188800
2016-08-18,103.12999725341797,103.95999908447266,103.12999725341797,103.9000015258789,85.8336181640625,1010500
2016-08-19,103.75,103.91999816894531,103.33999633789062,103.86000061035156,85.80054473876953,875200
2016-08-22,103.70999908447266,104.08000183105469,103.2699966430664,104.01000213623047,85.92447662353516,1016200
2016-08-23,104.37999725341797,105.05999755859375,104.36000061035156,104.69999694824219,86.4945068359375,960500
2016-08-24,104.69999694824219,104.75,103.80000305175781,104.0,85.91620635986328,1241000
2016-08-25,103.68000030517578,104.54000091552734,103.54000091552734,104.37000274658203,86.22187805175781,922100
2016-08-26,104.54000091552734,105.25,103.41999816894531,104.01000213623047,85.92447662353516,2262400
2016-08-29,104.20999908447266,104.98999786376953,104.08999633789062,104.61000061035156,86.42017364501953,743200
2016-08-30,104.7699966430664,104.98999786376953,104.3499984741211,104.80999755859375,86.58538055419922,1090400
2016-08-31,104.62999725341797,104.8499984741211,103.7300033569336,104.3499984741211,86.2053451538086,1164300
2016-09-01,104.4800033569336,104.55000305175781,103.08000183105469,104.08000183105469,85.9822998046875,1519500
2016-09-02,104.56999969482422,105.22000122070312,104.45999908447266,105.22000122070312,86.924072265625,1237100
2016-09-06,105.4800033569336,105.48999786376953,104.56999969482422,105.12999725341797,86.84971618652344,1106000
2016-09-07,105.11000061035156,105.91999816894531,104.97000122070312,105.91000366210938,87.49410247802734,2019900
2016-09-08,105.80000305175781,105.94000244140625,105.37999725341797,105.75,87.36193084716797,994100
2016-09-09,105.05000305175781,105.06999969482422,102.51000213623047,102.5199966430664,84.69355010986328,2875900
2016-09-12,102.13999938964844,103.7699966430664,101.83000183105469,103.69999694824219,85.66836547851562,2053500
2016-09-13,102.94000244140625,103.16000366210938,101.16000366210938,101.66000366210938,83.98310089111328,2513500
2016-09-14,101.81999969482422,102.20999908447266,101.16000366210938,101.27999877929688,83.66915893554688,2298500
2016-09-15,101.4000015258789,102.5,101.2300033569336,102.41000366210938,84.6026840209961,1768000
2016-09-16,102.02999877929688,102.30000305175781,101.58999633789062,102.25,84.47050476074219,1353300
2016-09-19,102.6500015258789,103.58999633789062,102.33999633789062,102.95999908447266,85.05706024169922,1112500
2016-09-20,103.36000061035156,103.37000274658203,102.45999908447266,102.45999908447266,84.64398956298828,1292200
2016-09-21,102.7300033569336,104.0,102.5999984741211,103.93000030517578,85.85838317871094,2464600
2016-09-22,104.58000183105469,105.69999694824219,104.5199966430664,105.66000366210938,87.28756713867188,2396700
2016-09-23,105.45999908447266,105.76000213623047,104.95999908447266,104.95999908447266,86.70928955078125,2272300
2016-09-26,104.12999725341797,104.33999633789062,103.4000015258789,103.51000213623047,85.79995727539062,2379300
2016-09-27,103.30000305175781,103.87999725341797,103.12000274658203,103.69999694824219,85.95746612548828,1145000
2016-09-28,103.83000183105469,104.83999633789062,103.27999877929688,104.80999755859375,86.8775634765625,2942000
2016-09-29,104.79000091552734,104.93000030517578,103.41000366210938,103.58000183105469,85.8580322265625,2254700
2016-09-30,104.05000305175781,105.2300033569336,103.66000366210938,104.75,86.82783508300781,1839200
2016-10-03,104.3499984741211,104.61000061035156,103.79000091552734,104.2699966430664,86.429931640625,1840400
2016-10-04,104.44999694824219,104.66999816894531,103.27999877929688,103.7300033569336,85.98235321044922,2272300
2016-10-05,104.18000030517578,105.04000091552734,104.13999938964844,104.55000305175781,86.66205596923828,2565200
2016-10-06,104.44999694824219,104.61000061035156,103.56999969482422,104.38999938964844,86.5293960571289,1057100
2016-10-07,104.52999877929688,104.93000030517578,103.08000183105469,103.5,85.79169464111328,1429900
2016-10-10,103.5,105.1500015258789,103.5,104.80000305175781,86.8692626953125,957100
2016-10-11,104.62999725341797,104.6500015258789,102.58000183105469,103.16999816894531,85.51815032958984,2047700
2016-10-12,103.26000213623047,103.81999969482422,102.86000061035156,103.36000061035156,85.67564392089844,1637300
2016-10-13,102.6500015258789,102.80000305175781,101.81999969482422,102.37000274658203,84.85503387451172,1760700
2016-10-14,102.81999969482422,103.2699966430664,102.1500015258789,102.19000244140625,84.705810546875,2388700
2016-10-17,102.27999877929688,102.5999984741211,102.04000091552734,102.13999938964844,84.66439819335938,1409200
2016-10-18,103.12999725341797,103.27999877929688,102.41000366210938,102.77999877929688,85.19487762451172,694700
2016-10-19,103.02999877929688,103.9000015258789,102.58999633789062,103.48999786376953,85.78340911865234,1605800
2016-10-20,103.2300033569336,103.62999725341797,102.55999755859375,103.18000030517578,85.52643585205078,1170600
2016-10-21,102.33999633789062,103.26000213623047,102.25,102.98999786376953,85.36894989013672,902800
2016-10-24,103.72000122070312,104.36000061035156,103.30999755859375,103.7300033569336,85.98235321044922,1245400
2016-10-25,103.73999786376953,103.91000366210938,102.83000183105469,103.05999755859375,85.4269790649414,802700
2016-10-26,102.55000305175781,103.3499984741211,102.18000030517578,102.41000366210938,84.88818359375,1834200
2016-10-27,102.72000122070312,102.72000122070312,101.22000122070312,101.41999816894531,84.06753540039062,1017400
2016-10-28,101.4800033569336,101.8499984741211,100.7300033569336,100.9800033569336,83.7028579711914,2110700
2016-10-31,101.0999984741211,101.62000274658203,100.86000061035156,101.4800033569336,84.1173095703125,1525000
2016-11-01,101.55999755859375,101.62000274658203,99.55999755859375,100.23999786376953,83.0894775390625,2705800
2016-11-02,100.12999725341797,100.18000030517578,98.8499984741211,99.06999969482422,82.11965942382812,1894200
2016-11-03,99.38999938964844,99.62999725341797,98.7300033569336,98.87000274658203,81.95387268066406,1808800
2016-11-04,98.87000274658203,100.19999694824219,98.87000274658203,99.37999725341797,82.37660217285156,1285900
2016-11-07,101.19999694824219,101.88999938964844,100.87999725341797,101.7300033569336,84.32454681396484,1416700
2016-11-08,101.43000030517578,102.38999938964844,101.0,101.91000366210938,84.47376251220703,1019500
2016-11-09,101.33000183105469,105.43000030517578,101.04000091552734,105.12999725341797,87.14279174804688,2690500
2016-11-10,106.52999877929688,107.86000061035156,105.5,107.12000274658203,88.7923355102539,2296200
2016-11-11,107.47000122070312,109.9800033569336,107.12000274658203,109.72000122070312,90.94750213623047,4043700
2016-11-14,111.06999969482422,112.4800033569336,110.79000091552734,111.5,92.42294311523438,3761200
2016-11-15,111.29000091552734,112.20999908447266,110.66000366210938,111.91000366210938,92.76277923583984,1866800
2016-11-16,111.6500015258789,112.29000091552734,111.36000061035156,112.02999877929688,92.86225128173828,1439000
2016-11-17,112.4800033569336,113.1500015258789,112.13999938964844,112.54000091552734,93.28500366210938,1322100
2016-11-18,112.87000274658203,113.30999755859375,112.5199966430664,113.16000366210938,93.79888153076172,2530200
2016-11-21,113.52999877929688,114.02999877929688,112.91999816894531,113.77999877929688,94.31283569335938,1565800
2016-11-22,114.19999694824219,115.30000305175781,113.97000122070312,115.16999816894531,95.46500396728516,1761200
2016-11-23,115.12999725341797,115.87000274658203,114.66999816894531,115.81999969482422,96.0038070678711,1598600
2016-11-25,116.01000213623047,116.18000030517578,115.7699966430664,116.18000030517578,96.3022232055664,755700
2016-11-28,116.05999755859375,116.19999694824219,114.68000030517578,114.88999938964844,95.23291778564453,1841900
2016-11-29,114.87000274658203,115.4800033569336,114.62999725341797,114.8499984741211,95.19974517822266,2355800
2016-11-30,115.5999984741211,115.95999908447266,114.73999786376953,114.83999633789062,95.19147491455078,2986000
2016-12-01,115.36000061035156,115.81999969482422,114.41000366210938,114.93000030517578,95.26605987548828,1786100
2016-12-02,114.86000061035156,115.44000244140625,114.62999725341797,114.81999969482422,95.17491912841797,1983800
2016-12-05,115.83000183105469,117.04000091552734,115.66999816894531,116.95999908447266,96.9487533569336,1980300
2016-12-06,117.18000030517578,118.4800033569336,116.62000274658203,118.22000122070312,97.9931640625,1419100
2016-12-07,118.22000122070312,119.79000091552734,118.12999725341797,119.58000183105469,99.1204605102539,2156500
2016-12-08,119.68000030517578,121.79000091552734,119.55000305175781,121.55000305175781,100.75341796875,2632000
2016-12-09,121.9000015258789,122.16999816894531,121.37000274658203,121.97000122070312,101.10155487060547,1369700
2016-12-12,121.87000274658203,122.47000122070312,120.41999816894531,120.66000366210938,100.01570129394531,2273500
2016-12-13,121.1500015258789,121.5999984741211,119.83000183105469,120.66000366210938,100.01570129394531,1692800
2016-12-14,120.30999755859375,120.94000244140625,118.72000122070312,118.88999938964844,98.54853057861328,2150600
2016-12-15,119.1500015258789,120.73999786376953,118.7300033569336,119.88999938964844,99.37745666503906,1711600
2016-12-16,119.83999633789062,121.08000183105469,119.38999938964844,119.61000061035156,99.1453628540039,1103300
2016-12-19,119.73999786376953,120.66000366210938,119.5,120.52999877929688,99.90794372558594,1172900
2016-12-20,120.86000061035156,121.93000030517578,120.70999908447266,121.7699966430664,100.93578338623047,1323000
2016-12-21,121.8499984741211,121.88999938964844,121.05999755859375,121.05999755859375,100.34728240966797,1730100
2016-12-22,120.4800033569336,120.63999938964844,119.01000213623047,119.5199966430664,99.67593383789062,1609100
2016-12-23,119.61000061035156,119.94999694824219,119.36000061035156,119.87999725341797,99.97615814208984,828500
2016-12-27,120.11000061035156,120.8499984741211,120.01000213623047,120.41000366210938,100.41818237304688,1996000
2016-12-28,120.66999816894531,120.68000030517578,118.95999908447266,119.30000305175781,99.4924545288086,1881300
2016-12-29,119.4800033569336,120.22000122070312,118.77999877929688,119.41000366210938,99.58419036865234,1524900
2016-12-30,119.61000061035156,119.61000061035156,118.58999633789062,118.94000244140625,99.19223022460938,2108200
2017-01-03,120.38999938964844,120.73999786376953,118.7699966430664,119.68000030517578,99.80937194824219,3150100
2017-01-04,120.26000213623047,121.69000244140625,120.08000183105469,121.56999969482422,101.38557434082031,1409700
2017-01-05,121.3499984741211,121.5199966430664,119.30000305175781,119.73999786376953,99.85936737060547,2358200
2017-01-06,120.12000274658203,120.19000244140625,119.20999908447266,119.33999633789062,99.52578735351562,1801000
2017-01-09,118.97000122070312,119.02999877929688,117.79000091552734,117.83999633789062,98.27487182617188,1773400
2017-01-10,118.12000274658203,119.41999816894531,117.79000091552734,119.19000244140625,99.4007339477539,1833800
2017-01-11,119.30999755859375,119.81999969482422,118.55000305175781,119.5999984741211,99.7426528930664,1828400
2017-01-12,119.43000030517578,119.54000091552734,116.97000122070312,118.23999786376953,98.60845947265625,2138100
2017-01-13,118.58000183105469,119.7699966430664,118.47000122070312,119.0,99.24225616455078,1327900
2017-01-17,118.44999694824219,118.55000305175781,117.29000091552734,117.44000244140625,97.94126892089844,2225700
2017-01-18,117.80000305175781,118.08000183105469,117.04000091552734,117.8499984741211,98.28319549560547,1378400
2017-01-19,117.87999725341797,118.3499984741211,116.36000061035156,116.91000366210938,97.49925994873047,1759600
2017-01-20,117.36000061035156,117.93000030517578,117.02999877929688,117.51000213623047,97.99961853027344,1519200
2017-01-23,117.20999908447266,117.75,116.44000244140625,117.0999984741211,97.65770721435547,1390500
2017-01-24,117.55999755859375,119.36000061035156,117.54000091552734,118.95999908447266,99.20890045166016,1254200
2017-01-25,119.91999816894531,120.4000015258789,119.81999969482422,120.2300033569336,100.26805877685547,1208300
2017-01-26,120.30999755859375,120.44999694824219,119.58000183105469,119.83000183105469,99.93447875976562,2379700
2017-01-27,119.87000274658203,120.0999984741211,118.8499984741211,119.2300033569336,99.43407440185547,999100
2017-01-30,118.5,118.5199966430664,116.55999755859375,117.41000366210938,97.91626739501953,1527200
2017-01-31,117.01000213623047,118.22000122070312,116.4800033569336,117.93000030517578,98.34991455078125,1260400
2017-02-01,118.83999633789062,119.51000213623047,117.54000091552734,117.93000030517578,98.34991455078125,2124700
2017-02-02,118.02999877929688,118.31999969482422,117.27999877929688,117.56999969482422,98.04969024658203,926300
2017-02-03,118.55000305175781,119.55000305175781,118.22000122070312,119.41999816894531,99.59252166748047,1177700
2017-02-06,119.08999633789062,119.45999908447266,118.2699966430664,118.52999877929688,98.85031127929688,1300500
2017-02-07,118.62999725341797,119.05000305175781,117.4800033569336,117.87000274658203,98.29986572265625,927500
2017-02-08,117.87000274658203,117.87000274658203,116.4800033569336,117.44000244140625,97.94126892089844,831400
2017-02-09,117.75,119.19999694824219,117.73999786376953,118.97000122070312,99.2172622680664,615300
2017-02-10,119.68000030517578,120.2300033569336,119.27999877929688,119.98999786376953,100.06790924072266,609300
2017-02-13,120.69999694824219,121.13999938964844,120.25,120.47000122070312,100.46820831298828,1058900
2017-02-14,120.19999694824219,121.12000274658203,119.80999755859375,121.05000305175781,100.95191955566406,682500
2017-02-15,120.54000091552734,121.61000061035156,120.19000244140625,121.45999908447266,101.29383087158203,744900
2017-02-16,121.4800033569336,121.62999725341797,120.37999725341797,121.16000366210938,101.04361724853516,885300
2017-02-17,120.7300033569336,120.88999938964844,120.22000122070312,120.88999938964844,100.8184814453125,713600
2017-02-21,121.23999786376953,121.97000122070312,121.19000244140625,121.9000015258789,101.66075897216797,541400
2017-02-22,121.66000366210938,121.80000305175781,121.06999969482422,121.4800033569336,101.31050109863281,621900
2017-02-23,121.91000366210938,121.91000366210938,120.01000213623047,120.91000366210938,100.83515167236328,1189500
2017-02-24,119.87000274658203,120.62000274658203,119.62999725341797,120.55000305175781,100.53492736816406,1317800
2017-02-27,120.43000030517578,121.48999786376953,120.12000274658203,121.43000030517578,101.26882934570312,857000
2017-02-28,120.98999786376953,121.02999877929688,119.51000213623047,119.58999633789062,99.73429870605469,2243600
2017-03-01,121.2300033569336,122.38999938964844,121.16000366210938,122.0199966430664,101.76082611083984,2076200
2017-03-02,121.94000244140625,121.94000244140625,120.06999969482422,120.20999908447266,100.25137329101562,1303000
2017-03-03,120.19999694824219,120.7699966430664,119.3499984741211,119.95999908447266,100.04285430908203,847200
2017-03-06,119.25,119.41999816894531,118.54000091552734,119.19999694824219,99.40904998779297,839900
2017-03-07,118.93000030517578,119.22000122070312,118.26000213623047,118.36000061035156,98.70852661132812,569800
2017-03-08,118.76000213623047,119.06999969482422,117.13999938964844,117.2300033569336,97.76614379882812,786400
2017-03-09,117.19000244140625,117.79000091552734,116.30999755859375,116.52999877929688,97.1823501586914,2440200
2017-03-10,117.48999786376953,117.48999786376953,115.87000274658203,116.80999755859375,97.41586303710938,2306600
2017-03-13,116.66000366210938,117.69999694824219,116.58999633789062,117.20999908447266,97.74945068359375,1031100
2017-03-14,116.58000183105469,116.87000274658203,115.61000061035156,116.62999725341797,97.2657470703125,1196600
2017-03-15,117.23999786376953,118.58999633789062,117.01000213623047,118.2699966430664,98.63345336914062,1235600
2017-03-16,118.72000122070312,119.18000030517578,118.38999938964844,118.69999694824219,98.99205017089844,603000
2017-03-17,118.75,119.44000244140625,118.13999938964844,119.2300033569336,99.43407440185547,507500
2017-03-20,118.97000122070312,119.16000366210938,118.05999755859375,118.4000015258789,98.74188232421875,721600
2017-03-21,118.91999816894531,118.98999786376953,114.91999816894531,114.98999786376953,95.89804077148438,1170200
2017-03-22,114.69000244140625,115.12000274658203,113.69999694824219,114.69000244140625,95.6478500366211,1262300
2017-03-23,114.7699966430664,116.4000015258789,114.47000122070312,115.62999725341797,96.43180847167969,1316500
2017-03-24,115.58999633789062,116.12000274658203,114.6500015258789,115.12999725341797,96.3623046875,642000
2017-03-27,113.66000366210938,115.43000030517578,113.26000213623047,115.19000244140625,96.41253662109375,735400
2017-03-28,114.83000183105469,116.43000030517578,114.58999633789062,116.30999755859375,97.34996032714844,543800
2017-03-29,116.2300033569336,116.88999938964844,115.83999633789062,116.73999786376953,97.70986938476562,376700
2017-03-30,116.87000274658203,118.13999938964844,116.7699966430664,117.94999694824219,98.72261047363281,1335700
2017-03-31,118.0199966430664,118.69999694824219,117.62999725341797,118.16000366210938,98.89838409423828,1190100
2017-04-03,118.37000274658203,118.54000091552734,116.37999725341797,116.88999938964844,97.83541870117188,1115500
2017-04-04,116.69000244140625,117.33000183105469,116.43000030517578,116.88999938964844,97.83541870117188,489400
2017-04-05,117.68000030517578,118.30000305175781,115.30000305175781,115.51000213623047,96.68037414550781,1483000
2017-04-06,115.66999816894531,116.81999969482422,115.08000183105469,116.69000244140625,97.66801452636719,721000
2017-04-07,116.30999755859375,117.04000091552734,116.0,116.55999755859375,97.55919647216797,578000
2017-04-10,116.55999755859375,117.66000366210938,116.13999938964844,116.7699966430664,97.73497009277344,546000
2017-04-11,116.41999816894531,117.9000015258789,116.27999877929688,117.87000274658203,98.65564727783203,949300
2017-04-12,117.66000366210938,117.8499984741211,116.02999877929688,116.16999816894531,97.2327880859375,583400
2017-04-13,115.95999908447266,116.25,114.62999725341797,114.62999725341797,95.94381713867188,807300
2017-04-17,114.9000015258789,116.06999969482422,114.55999755859375,115.98999786376953,97.0821304321289,697200
2017-04-18,115.61000061035156,116.16999816894531,114.9800033569336,116.08000183105469,97.1574478149414,728600
2017-04-19,116.5,117.30000305175781,116.01000213623047,116.2699966430664,97.31649780273438,823600
2017-04-20,116.80000305175781,117.83000183105469,116.55999755859375,117.73999786376953,98.54684448242188,549700
2017-04-21,117.58000183105469,118.0,117.19000244140625,117.58999633789062,98.42130279541016,410900
2017-04-24,119.30000305175781,119.61000061035156,118.83000183105469,119.12000274658203,99.701904296875,778900
2017-04-25,120.2300033569336,120.73999786376953,120.05999755859375,120.22000122070312,100.6225814819336,1061500
2017-04-26,120.0999984741211,121.91999816894531,120.02999877929688,121.11000061035156,101.36749267578125,1367600
2017-04-27,121.33000183105469,121.52999877929688,120.0999984741211,120.51000213623047,100.8653335571289,679000
2017-04-28,120.54000091552734,120.68000030517578,118.58000183105469,118.5999984741211,99.26665496826172,1464200
2017-05-01,119.06999969482422,119.66999816894531,118.3499984741211,119.16999816894531,99.74372863769531,1951900
2017-05-02,119.26000213623047,119.6500015258789,118.12999725341797,118.44000244140625,99.13272857666016,695300
2017-05-03,118.0,118.1500015258789,117.41000366210938,117.94000244140625,98.71424102783203,711900
2017-05-04,118.30000305175781,118.33999633789062,116.73999786376953,117.55000305175781,98.38783264160156,479300
2017-05-05,117.95999908447266,118.2300033569336,117.1500015258789,118.22000122070312,98.9486312866211,375100
2017-05-08,118.08000183105469,118.33999633789062,117.36000061035156,117.95999908447266,98.73098754882812,868000
2017-05-09,118.19000244140625,118.43000030517578,117.16000366210938,117.62000274658203,98.44640350341797,598700
2017-05-10,117.47000122070312,118.33999633789062,117.1500015258789,118.20999908447266,98.94022369384766,1031000
2017-05-11,117.69999694824219,117.9000015258789,116.2300033569336,117.29000091552734,98.17021179199219,868900
2017-05-12,116.88999938964844,116.97000122070312,116.16000366210938,116.45999908447266,97.47550964355469,791300
2017-05-15,116.94000244140625,117.9800033569336,116.83999633789062,117.31999969482422,98.19530487060547,1080900
2017-05-16,117.62999725341797,117.69000244140625,116.4800033569336,117.31999969482422,98.19530487060547,629200
2017-05-17,115.30000305175781,115.91999816894531,113.98999786376953,114.20999908447266,95.59230041503906,1267400
2017-05-18,113.81999969482422,115.02999877929688,113.63999938964844,114.52999877929688,95.86011505126953,1335800
2017-05-19,114.69000244140625,115.80000305175781,114.69000244140625,115.0999984741211,96.33721160888672,901700
2017-05-22,115.41000366210938,116.13999938964844,115.16000366210938,115.9000015258789,97.00678253173828,724400
2017-05-23,116.36000061035156,116.77999877929688,115.48999786376953,116.58999633789062,97.58431243896484,898500
2017-05-24,116.72000122070312,117.08999633789062,115.80999755859375,116.36000061035156,97.39180755615234,914500
2017-05-25,116.8499984741211,117.29000091552734,115.8499984741211,116.29000091552734,97.33319854736328,610100
2017-05-26,116.06999969482422,116.44000244140625,115.54000091552734,116.22000122070312,97.27464294433594,531900
2017-05-30,115.77999877929688,115.9800033569336,114.93000030517578,115.25,96.46276092529297,841900
2017-05-31,115.44000244140625,115.58999633789062,113.5199966430664,114.97000122070312,96.22840118408203,2690000
2017-06-01,115.22000122070312,117.13999938964844,114.75,117.12999725341797,98.03630828857422,1203200
2017-06-02,117.2699966430664,118.75,117.02999877929688,117.5199966430664,98.36270141601562,863000
2017-06-05,117.48999786376953,117.72000122070312,116.83999633789062,116.88999938964844,97.83541870117188,616500
2017-06-06,116.12999725341797,117.30000305175781,115.79000091552734,116.62000274658203,97.60942840576172,643000
2017-06-07,116.77999877929688,117.26000213623047,116.3499984741211,116.83000183105469,97.78520202636719,1051800
2017-06-08,116.8499984741211,119.4800033569336,116.52999877929688,118.70999908447266,99.35873413085938,1279900
2017-06-09,119.05000305175781,120.98999786376953,119.05000305175781,120.3499984741211,100.73139190673828,1139800
2017-06-12,120.4000015258789,121.0999984741211,119.80000305175781,120.27999877929688,100.67280578613281,973400
2017-06-13,120.47000122070312,121.06999969482422,120.08000183105469,120.73999786376953,101.05780792236328,861400
2017-06-14,120.66999816894531,120.66999816894531,119.12000274658203,119.9000015258789,100.35475158691406,937800
2017-06-15,118.6500015258789,119.98999786376953,118.41000366210938,119.36000061035156,99.90277099609375,704000
2017-06-16,118.9800033569336,118.9800033569336,118.16999816894531,118.94999694824219,99.55962371826172,502300
2017-06-19,119.22000122070312,119.68000030517578,118.87000274658203,119.30999755859375,99.8609390258789,452700
2017-06-20,119.0199966430664,119.08000183105469,117.77999877929688,117.91000366210938,98.68915557861328,1011000
2017-06-21,118.12999725341797,118.4000015258789,116.79000091552734,116.9000015258789,97.84379577636719,949500
2017-06-22,116.9000015258789,117.55999755859375,116.41999816894531,117.19000244140625,98.08649444580078,1799200
2017-06-23,117.30000305175781,117.97000122070312,116.9000015258789,117.7699966430664,98.57199096679688,850100
2017-06-26,118.06999969482422,118.68000030517578,117.5199966430664,118.26000213623047,98.98207092285156,434200
2017-06-27,118.41999816894531,119.05999755859375,117.76000213623047,117.83999633789062,98.63055419921875,665200
2017-06-28,118.5199966430664,119.83999633789062,118.41999816894531,119.45999908447266,99.98649597167969,1022900
2017-06-29,119.66000366210938,119.91000366210938,118.06999969482422,119.30999755859375,99.8609390258789,1050000
2017-06-30,119.47000122070312,119.69999694824219,118.75,118.87000274658203,99.49266052246094,458000
2017-07-03,119.37000274658203,120.93000030517578,119.23999786376953,120.5,100.85692596435547,546200
2017-07-05,120.13999938964844,120.19000244140625,118.86000061035156,119.62999725341797,100.12875366210938,1837700
2017-07-06,118.37000274658203,118.76000213623047,117.19999694824219,117.45999908447266,98.8454360961914,1126400
2017-07-07,117.55999755859375,118.41000366210938,117.19999694824219,118.26000213623047,99.5186767578125,1738800
2017-07-10,117.83999633789062,118.62000274658203,117.44999694824219,117.6500015258789,99.00531768798828,445200
2017-07-11,117.5999984741211,117.77999877929688,116.58000183105469,117.72000122070312,99.0642318725586,473400
2017-07-12,118.37999725341797,119.33000183105469,118.13999938964844,118.51000213623047,99.72901916503906,589700
2017-07-13,118.48999786376953,118.83000183105469,117.87999725341797,118.80000305175781,99.97308349609375,550400
2017-07-14,118.43000030517578,119.33000183105469,118.43000030517578,118.83999633789062,100.0067367553711,292900
2017-07-17,118.81999969482422,119.6500015258789,118.41999816894531,119.29000091552734,100.3853988647461,417900
2017-07-18,118.91000366210938,119.05000305175781,118.3499984741211,118.87000274658203,100.031982421875,252900
2017-07-19,119.08999633789062,120.12999725341797,119.02999877929688,120.12999725341797,101.09230041503906,255500
2017-07-20,120.22000122070312,120.45999908447266,119.80000305175781,120.0999984741211,101.0670394897461,365300
2017-07-21,120.36000061035156,120.36000061035156,119.25,119.47000122070312,100.53688049316406,387900
2017-07-24,119.27999877929688,119.41000366210938,118.87999725341797,119.4000015258789,100.47798919677734,330400
2017-07-25,120.2300033569336,121.0999984741211,119.88999938964844,120.9000015258789,101.74026489257812,965600
2017-07-26,120.87000274658203,121.0,119.66999816894531,119.80000305175781,100.8145980834961,656500
2017-07-27,120.06999969482422,120.33000183105469,119.08000183105469,119.63999938964844,100.67997741699219,530900
2017-07-28,119.38999938964844,119.75,118.83999633789062,119.26000213623047,100.36019134521484,447400
2017-07-31,119.4000015258789,119.63999938964844,118.55999755859375,119.0999984741211,100.22553253173828,909000
2017-08-01,119.52999877929688,119.66999816894531,118.72000122070312,119.38999938964844,100.46956634521484,568900
2017-08-02,119.33999633789062,119.37999725341797,117.97000122070312,118.30000305175781,99.55231475830078,533900
2017-08-03,118.47000122070312,118.47000122070312,117.19000244140625,117.5,98.87907409667969,557900
2017-08-04,117.83000183105469,118.37000274658203,117.66999816894531,118.26000213623047,99.5186767578125,474800
2017-08-07,118.44000244140625,118.51000213623047,117.58999633789062,118.05999755859375,99.35033416748047,485200
2017-08-08,117.91999816894531,119.22000122070312,117.52999877929688,117.7699966430664,99.1063003540039,488200
2017-08-09,117.01000213623047,117.1500015258789,116.20999908447266,116.58999633789062,98.11328887939453,464300
2017-08-10,116.08999633789062,116.2300033569336,114.77999877929688,114.81999969482422,96.62380981445312,951500
2017-08-11,114.75,114.93000030517578,113.95999908447266,114.30999755859375,96.19462585449219,698900
2017-08-14,115.0999984741211,116.18000030517578,114.7699966430664,116.02999877929688,97.64207458496094,571700
2017-08-15,116.27999877929688,116.27999877929688,114.95999908447266,115.01000213623047,96.78370666503906,506700
2017-08-16,115.37999725341797,115.83000183105469,114.76000213623047,115.04000091552734,96.8089370727539,598500
2017-08-17,114.51000213623047,115.0999984741211,112.8499984741211,112.8499984741211,94.96601867675781,682500
2017-08-18,112.44000244140625,113.26000213623047,112.01000213623047,112.83000183105469,94.94918060302734,478800
2017-08-21,112.55999755859375,112.95999908447266,112.29000091552734,112.80999755859375,94.93234252929688,1400400
2017-08-22,113.23999786376953,113.91000366210938,113.13999938964844,113.80999755859375,95.77385711669922,874700
2017-08-23,113.26000213623047,114.29000091552734,112.94000244140625,113.83000183105469,95.79070281982422,779800
2017-08-24,114.26000213623047,114.51000213623047,113.86000061035156,114.2300033569336,96.1273193359375,602800
2017-08-25,114.68000030517578,115.22000122070312,114.27999877929688,114.8499984741211,96.64904022216797,331400
2017-08-28,115.18000030517578,115.37999725341797,114.41000366210938,114.91000366210938,96.69954681396484,357100
2017-08-29,114.0199966430664,115.0199966430664,113.7699966430664,114.7300033569336,96.5480728149414,669500
2017-08-30,114.69000244140625,115.3499984741211,114.41999816894531,115.23999786376953,96.97724151611328,731700
2017-08-31,115.37000274658203,116.58000183105469,115.37000274658203,116.18000030517578,97.76826477050781,1045700
2017-09-01,116.44999694824219,117.0199966430664,116.20999908447266,116.93000030517578,98.3994140625,320900
2017-09-05,116.87999725341797,117.19999694824219,115.16000366210938,115.44999694824219,97.15396881103516,764700
2017-09-06,115.80999755859375,116.33000183105469,115.56999969482422,115.7699966430664,97.42324829101562,885100
2017-09-07,115.91000366210938,115.94999694824219,114.76000213623047,115.26000213623047,96.99408721923828,411000
2017-09-08,115.0999984741211,115.81999969482422,114.87999725341797,115.4800033569336,97.17920684814453,313200
2017-09-11,116.3499984741211,117.25,116.33000183105469,116.87999725341797,98.35734558105469,447200
2017-09-12,117.12999725341797,118.05000305175781,117.0999984741211,117.88999938964844,99.20729064941406,1250600
2017-09-13,117.80999755859375,118.61000061035156,117.69000244140625,118.45999908447266,99.68696594238281,415300
2017-09-14,118.41000366210938,118.69999694824219,118.11000061035156,118.3499984741211,99.59439849853516,309400
2017-09-15,118.20999908447266,118.87999725341797,118.08999633789062,118.79000091552734,99.96464538574219,422400
2017-09-18,119.0999984741211,119.87999725341797,119.02999877929688,119.54000091552734,100.59579467773438,420900
2017-09-19,119.62999725341797,119.83999633789062,119.5,119.69000244140625,100.72205352783203,848400
2017-09-20,119.80999755859375,120.45999908447266,119.54000091552734,120.27999877929688,101.2185287475586,442200
2017-09-21,120.44999694824219,120.56999969482422,120.08000183105469,120.1500015258789,101.109130859375,398600
2017-09-22,120.12000274658203,120.94999694824219,120.0,120.70999908447266,101.58038330078125,1662400
2017-09-25,120.69000244140625,121.63999938964844,120.66999816894531,121.4000015258789,102.16105651855469,748600
2017-09-26,121.11000061035156,122.05999755859375,120.98999786376953,121.63999938964844,102.66747283935547,936200
2017-09-27,122.36000061035156,124.04000091552734,121.75,123.73999786376953,104.43989562988281,989400
2017-09-28,123.61000061035156,124.23999786376953,122.9800033569336,124.08999633789062,104.73529815673828,741700
2017-09-29,124.12000274658203,124.44999694824219,123.88999938964844,124.12000274658203,104.76065826416016,874400
2017-10-02,124.2699966430664,125.61000061035156,123.81999969482422,125.61000061035156,106.01825714111328,990800
2017-10-03,125.5999984741211,125.83000183105469,124.98999786376953,125.83000183105469,106.20392608642578,444300
2017-10-04,125.69000244140625,125.93000030517578,124.79000091552734,125.1500015258789,105.6300048828125,709300
2017-10-05,125.44000244140625,126.11000061035156,125.20999908447266,125.66999816894531,106.0688705444336,1016400
2017-10-06,125.2300033569336,125.66000366210938,124.88999938964844,125.2699966430664,105.73124694824219,491800
2017-10-09,125.43000030517578,125.83000183105469,124.73999786376953,124.91000366210938,105.42742156982422,1931700
2017-10-10,125.43000030517578,125.70999908447266,125.19999694824219,125.55999755859375,105.97602844238281,2213200
2017-10-11,125.54000091552734,125.72000122070312,125.12000274658203,125.37999725341797,105.82412719726562,394000
2017-10-12,125.12000274658203,125.5,124.69000244140625,125.1500015258789,105.6300048828125,545400
2017-10-13,125.5,125.70999908447266,124.9800033569336,125.06999969482422,105.56248474121094,459800
2017-10-16,125.18000030517578,125.93000030517578,124.80999755859375,124.9800033569336,105.48650360107422,638000
2017-10-17,125.05000305175781,125.31999969482422,124.23999786376953,124.5,105.08134460449219,820400
2017-10-18,124.94000244140625,125.44000244140625,124.77999877929688,125.12999725341797,105.61312866210938,596600
2017-10-19,124.47000122070312,125.08999633789062,124.16999816894531,125.01000213623047,105.51180267333984,481500
2017-10-20,125.77999877929688,125.98999786376953,125.37000274658203,125.43000030517578,105.86630249023438,313000
2017-10-23,125.54000091552734,125.54000091552734,124.30999755859375,124.41000366210938,105.00540924072266,412100
2017-10-24,124.7300033569336,125.23999786376953,124.56999969482422,124.66000366210938,105.2164306640625,433100
2017-10-25,124.52999877929688,124.52999877929688,123.02999877929688,124.13999938964844,104.77753448486328,684700
2017-10-26,124.58000183105469,124.80999755859375,124.19000244140625,124.41000366210938,105.00540924072266,1028600
2017-10-27,124.44999694824219,125.1500015258789,123.77999877929688,125.08999633789062,105.57933044433594,631700
2017-10-30,124.44999694824219,124.77999877929688,122.94000244140625,123.54000091552734,104.27110290527344,963200
2017-10-31,123.8499984741211,124.63999938964844,123.69000244140625,124.18000030517578,104.8112564086914,469900
2017-11-01,125.18000030517578,125.38999938964844,123.05000305175781,123.62999725341797,104.34706115722656,688200
2017-11-02,123.70999908447266,124.5999984741211,123.16999816894531,124.25,104.87035369873047,1234200
2017-11-03,124.11000061035156,124.11000061035156,123.48999786376953,123.58999633789062,104.31329345703125,1022200
2017-11-06,123.55000305175781,124.29000091552734,123.47000122070312,123.87000274658203,104.54962921142578,492100
2017-11-07,124.0,124.0,121.94000244140625,122.19999694824219,103.14010620117188,3144100
2017-11-08,121.87000274658203,122.19000244140625,120.88999938964844,122.0199966430664,102.98818969726562,707000
2017-11-09,121.08999633789062,122.37999725341797,120.66000366210938,121.69999694824219,102.71810913085938,1037100
2017-11-10,121.80999755859375,122.18000030517578,121.5199966430664,121.6500015258789,102.67588806152344,1212000
2017-11-13,121.13999938964844,121.8499984741211,120.72000122070312,121.66999816894531,102.6927719116211,325700
2017-11-14,121.22000122070312,121.58000183105469,120.91000366210938,121.41000366210938,102.47332000732422,377200
2017-11-15,120.66000366210938,121.55999755859375,119.95999908447266,121.05000305175781,102.16947174072266,1699700
2017-11-16,121.51000213623047,122.97000122070312,121.29000091552734,122.47000122070312,103.36798858642578,570800
2017-11-17,122.16000366210938,123.58999633789062,122.05000305175781,123.0999984741211,103.89972686767578,584200
2017-11-20,123.37999725341797,124.12000274658203,122.93000030517578,124.05000305175781,104.7015609741211,809900
2017-11-21,124.63999938964844,125.45999908447266,124.44999694824219,125.0999984741211,105.58777618408203,1155200
2017-11-22,125.41000366210938,125.83000183105469,125.04000091552734,125.04000091552734,105.53714752197266,750900
2017-11-24,125.30999755859375,125.37000274658203,124.70999908447266,124.77999877929688,105.31771087646484,366300
2017-11-27,125.19000244140625,125.36000061035156,124.58000183105469,124.58000183105469,105.14889526367188,707300
2017-11-28,125.13999938964844,126.88999938964844,124.76000213623047,126.86000061035156,107.0732650756836,1027000
2017-11-29,127.18000030517578,128.47999572753906,127.18000030517578,128.0399932861328,108.06922912597656,1535500
2017-11-30,128.8000030517578,128.9199981689453,127.56999969482422,127.77999877929688,107.84977722167969,1180200
2017-12-01,127.63999938964844,128.0399932861328,124.12000274658203,127.4000015258789,107.52906036376953,3123700
2017-12-04,128.99000549316406,129.58999633789062,127.61000061035156,127.69000244140625,107.77379608154297,2097300
2017-12-05,127.98999786376953,128.0399932861328,126.1500015258789,126.1500015258789,106.4740219116211,885800
2017-12-06,125.58000183105469,126.26000213623047,125.26000213623047,125.37000274658203,105.815673828125,772300
2017-12-07,125.27999877929688,126.47000122070312,125.05999755859375,125.86000061035156,106.229248046875,1797200
2017-12-08,126.4000015258789,126.43000030517578,125.63999938964844,125.86000061035156,106.229248046875,872900
2017-12-11,126.05999755859375,126.4000015258789,125.4800033569336,125.68000030517578,106.07733917236328,1086500
2017-12-12,125.98999786376953,126.30000305175781,125.56999969482422,125.66999816894531,106.0688705444336,840800
2017-12-13,125.6500015258789,126.94000244140625,125.6500015258789,125.91000366210938,106.27144622802734,691800
2017-12-14,126.05999755859375,126.20999908447266,124.11000061035156,124.48999786376953,105.07291412353516,829000
2017-12-15,125.19000244140625,127.19000244140625,124.94999694824219,126.25,106.55842590332031,1307800
2017-12-18,127.3499984741211,128.50999450683594,127.27999877929688,128.0399932861328,108.06922912597656,1171300
2017-12-19,128.5399932861328,128.5399932861328,126.62999725341797,126.7699966430664,106.99729919433594,997900
2017-12-20,127.45999908447266,127.62000274658203,126.54000091552734,126.97000122070312,107.1661148071289,881200
2017-12-21,126.58000183105469,127.27999877929688,126.33999633789062,126.81999969482422,107.73017883300781,737900
2017-12-22,126.86000061035156,126.86000061035156,126.18000030517578,126.44000244140625,107.4073486328125,979600
2017-12-26,126.5,126.91999816894531,126.27999877929688,126.55999755859375,107.50928497314453,1495800
2017-12-27,126.56999969482422,126.95999908447266,125.9800033569336,126.27999877929688,107.27143096923828,1703800
2017-12-28,126.4800033569336,126.80000305175781,126.13999938964844,126.73999786376953,107.6622085571289,1065000
2017-12-29,127.16000366210938,127.18000030517578,125.66000366210938,125.75,106.82122039794922,1306100
2018-01-02,126.33999633789062,126.97000122070312,125.79000091552734,126.83000183105469,107.73865509033203,1621500
2018-01-03,126.88999938964844,127.16999816894531,126.27999877929688,126.69000244140625,107.6197280883789,1157200
2018-01-04,127.43000030517578,127.47000122070312,126.58999633789062,126.97000122070312,107.85758972167969,2161000
2018-01-05,127.13999938964844,127.33999633789062,126.44999694824219,127.16999816894531,108.02748107910156,958400
2018-01-08,127.12000274658203,127.79000091552734,126.37999725341797,127.63999938964844,108.42670440673828,990600
2018-01-09,127.87000274658203,127.97000122070312,127.19000244140625,127.26000213623047,108.10395050048828,1085800
2018-01-10,127.0199966430664,127.88999938964844,126.81999969482422,127.30999755859375,108.14640045166016,868600
2018-01-11,127.70999908447266,129.8800048828125,127.5199966430664,129.74000549316406,110.21063232421875,1308200
2018-01-12,130.0,130.8000030517578,129.6999969482422,130.1300048828125,110.54193878173828,1778300
2018-01-16,130.75999450683594,131.07000732421875,128.3800048828125,128.6199951171875,109.25920104980469,1793600
2018-01-17,129.2100067138672,130.13999938964844,128.74000549316406,129.85000610351562,110.3040771484375,923200
2018-01-18,129.6699981689453,129.74000549316406,128.58999633789062,128.72000122070312,109.34416961669922,1316700
2018-01-19,128.5800018310547,130.32000732421875,128.5800018310547,130.25999450683594,110.65232849121094,1006000
2018-01-22,130.1300048828125,130.7100067138672,129.8300018310547,130.7100067138672,111.03461456298828,1054900
2018-01-23,130.66000366210938,131.22999572753906,129.85000610351562,130.86000061035156,111.16203308105469,589800
2018-01-24,131.3300018310547,131.4600067138672,129.89999389648438,130.1699981689453,110.57591247558594,1054100
2018-01-25,130.8000030517578,130.9199981689453,129.25,129.8800048828125,110.3295669555664,1007200
2018-01-26,130.3699951171875,130.3699951171875,129.41000366210938,129.9499969482422,110.38899230957031,863700
2018-01-29,129.69000244140625,129.9499969482422,128.8800048828125,128.8800048828125,109.4801025390625,587100
2018-01-30,128.16000366210938,128.72999572753906,127.3499984741211,127.80999755859375,108.57115173339844,973800
2018-01-31,128.30999755859375,128.67999267578125,126.8499984741211,127.29000091552734,108.12940216064453,1446800
2018-02-01,126.86000061035156,127.62999725341797,126.4800033569336,127.55999755859375,108.35879516601562,822400
2018-02-02,126.79000091552734,127.05000305175781,124.94000244140625,125.18000030517578,106.33702087402344,824000
2018-02-05,124.19000244140625,125.11000061035156,120.36000061035156,120.37999725341797,102.25955963134766,1853100
2018-02-06,118.29000091552734,122.18000030517578,117.18000030517578,121.68000030517578,103.36387634277344,2077800
2018-02-07,121.48999786376953,122.56999969482422,120.7300033569336,121.72000122070312,103.39784240722656,960700
2018-02-08,122.0199966430664,122.0199966430664,118.4800033569336,118.4800033569336,100.64555358886719,1168100
2018-02-09,119.51000213623047,120.70999908447266,116.72000122070312,119.83000183105469,101.79235076904297,1962700
2018-02-12,120.08000183105469,121.29000091552734,118.62999725341797,120.69999694824219,102.53137969970703,1525700
2018-02-13,120.1500015258789,121.12999725341797,119.80000305175781,120.9000015258789,102.70130157470703,732000
2018-02-14,120.16999816894531,123.06999969482422,120.0,122.76000213623047,104.28131103515625,1043400
2018-02-15,123.66000366210938,123.8499984741211,122.41000366210938,123.83000183105469,105.19024658203125,956600
2018-02-16,123.62999725341797,125.23999786376953,123.62999725341797,124.45999908447266,105.72539520263672,1338300
2018-02-20,123.97000122070312,124.75,122.7699966430664,123.08999633789062,104.56163787841797,799800
2018-02-21,123.29000091552734,125.16000366210938,123.12999725341797,123.2699966430664,104.71453094482422,596700
2018-02-22,123.62000274658203,124.55999755859375,122.86000061035156,122.91999816894531,104.41722106933594,600200
2018-02-23,123.6500015258789,124.4800033569336,123.2300033569336,124.43000030517578,105.69992065429688,928000
2018-02-26,124.80999755859375,125.31999969482422,123.95999908447266,125.16000366210938,106.32005310058594,1478900
2018-02-27,125.16000366210938,125.8499984741211,123.05000305175781,123.0999984741211,104.57012176513672,921100
2018-02-28,123.38999938964844,123.72000122070312,120.91999816894531,120.94000244140625,102.73526763916016,991400
2018-03-01,120.79000091552734,122.1500015258789,119.86000061035156,120.91000366210938,102.70977020263672,1379100
2018-03-02,120.01000213623047,122.6500015258789,119.56999969482422,122.3499984741211,103.93301391601562,814700
2018-03-05,121.91999816894531,124.08999633789062,121.73999786376953,123.63999938964844,105.0288314819336,600200
2018-03-06,124.18000030517578,124.98999786376953,122.91999816894531,124.91000366210938,106.10765075683594,569000
2018-03-07,124.1500015258789,125.9000015258789,123.87999725341797,125.66000366210938,106.74478149414062,714100
2018-03-08,125.87000274658203,126.08999633789062,124.33999633789062,124.97000122070312,106.15863800048828,362100
2018-03-09,125.7300033569336,127.04000091552734,125.29000091552734,126.95999908447266,107.84908294677734,568900
2018-03-12,127.13999938964844,127.56999969482422,126.58000183105469,127.30999755859375,108.14640045166016,681900
2018-03-13,127.94000244140625,128.1199951171875,126.56999969482422,126.80999755859375,107.72166442871094,776900
2018-03-14,127.33000183105469,127.45999908447266,125.69999694824219,125.87999725341797,106.9316635131836,575600
2018-03-15,126.25,126.25,125.04000091552734,125.44000244140625,106.55789184570312,835600
2018-03-16,125.44000244140625,126.83999633789062,125.37000274658203,126.37000274658203,107.34791564941406,646500
2018-03-19,125.95999908447266,126.02999877929688,123.91000366210938,125.41999816894531,106.5408935546875,637500
2018-03-20,125.58999633789062,125.88999938964844,124.63999938964844,124.9800033569336,106.1671371459961,1074800
2018-03-21,124.9800033569336,126.48999786376953,124.86000061035156,125.66999816894531,106.7532730102539,374400
2018-03-22,124.37999725341797,125.11000061035156,122.55000305175781,122.58999633789062,104.48191833496094,477200
2018-03-23,122.68000030517578,123.11000061035156,119.80999755859375,119.81999969482422,102.12108612060547,698400
2018-03-26,121.23999786376953,122.41000366210938,120.19999694824219,122.33999633789062,104.26882934570312,881000
2018-03-27,122.66999816894531,122.72000122070312,119.91999816894531,120.41999816894531,102.63246154785156,500900
2018-03-28,120.83000183105469,121.70999908447266,120.29000091552734,121.0,103.12679290771484,545600
2018-03-29,121.69999694824219,122.75,121.44999694824219,121.87999725341797,103.87680053710938,332500
2018-04-02,121.6500015258789,122.08000183105469,118.47000122070312,119.36000061035156,101.72903442382812,542600
2018-04-03,120.05000305175781,121.38999938964844,119.61000061035156,121.05999755859375,103.17791748046875,546500
2018-04-04,119.73999786376953,122.77999877929688,119.51000213623047,122.5,104.40522003173828,1939800
2018-04-05,123.12000274658203,123.75,122.58000183105469,123.5999984741211,105.34272766113281,680300
2018-04-06,122.88999938964844,123.70999908447266,120.38999938964844,121.41000366210938,103.47623443603516,952300
2018-04-09,121.9000015258789,122.6500015258789,120.94000244140625,121.01000213623047,103.13529968261719,900400
2018-04-10,122.36000061035156,123.68000030517578,122.05000305175781,123.25,105.04442596435547,985700
2018-04-11,122.69999694824219,123.8499984741211,122.58000183105469,123.43000030517578,105.19786071777344,684200
2018-04-12,123.94999694824219,124.6500015258789,123.5999984741211,124.0999984741211,105.76887512207031,667400
2018-04-13,124.55000305175781,124.55000305175781,123.33999633789062,123.69999694824219,105.42796325683594,256400
2018-04-16,124.33000183105469,125.29000091552734,123.86000061035156,124.87000274658203,106.42514038085938,1325200
2018-04-17,125.38999938964844,126.08000183105469,125.12999725341797,125.66999816894531,107.10694885253906,430900
2018-04-18,126.0,126.83000183105469,125.91999816894531,126.0,107.38823699951172,417800
2018-04-19,125.66999816894531,126.3499984741211,125.16000366210938,125.61000061035156,107.05583953857422,748500
2018-04-20,125.19000244140625,125.86000061035156,124.7699966430664,125.13999938964844,106.65525817871094,539800
2018-04-23,125.41000366210938,125.80000305175781,124.69000244140625,125.22000122070312,106.7234115600586,1040800
2018-04-24,125.62999725341797,126.41000366210938,124.16000366210938,125.2300033569336,106.73197937011719,1304200
2018-04-25,125.06999969482422,125.61000061035156,124.23999786376953,125.0999984741211,106.62117004394531,577000
2018-04-26,125.27999877929688,125.7699966430664,124.70999908447266,125.4000015258789,106.87686157226562,731400
2018-04-27,125.38999938964844,125.79000091552734,124.62000274658203,125.29000091552734,106.78308868408203,807700
2018-04-30,125.38999938964844,125.94999694824219,124.12999725341797,124.12999725341797,105.79444885253906,662100
2018-05-01,123.83999633789062,124.69999694824219,122.70999908447266,124.52999877929688,106.13536071777344,1519200
2018-05-02,124.36000061035156,125.77999877929688,124.16999816894531,124.94000244140625,106.48479461669922,1301900
2018-05-03,124.66999816894531,124.80999755859375,123.13999938964844,124.2699966430664,105.91376495361328,1045400
2018-05-04,123.80000305175781,126.5199966430664,123.54000091552734,125.86000061035156,107.26889038085938,900800
2018-05-07,126.3499984741211,127.48999786376953,126.22000122070312,126.77999877929688,108.0530014038086,724900
2018-05-08,126.66000366210938,127.44999694824219,126.52999877929688,127.41999816894531,108.59848022460938,765200
2018-05-09,127.63999938964844,128.47000122070312,127.13999938964844,128.08999633789062,109.16949462890625,1427100
2018-05-10,128.47999572753906,128.92999267578125,127.9800033569336,128.55999755859375,109.57005310058594,633000
2018-05-11,128.6999969482422,129.05999755859375,128.3699951171875,128.7100067138672,109.69792938232422,453800
2018-05-14,128.94000244140625,129.25999450683594,128.14999389648438,128.27000427246094,109.32292175292969,509600
2018-05-15,127.86000061035156,128.74000549316406,127.7300033569336,128.4499969482422,109.47633361816406,1112100
2018-05-16,128.58999633789062,129.9600067138672,128.5399932861328,129.6199951171875,110.47348022460938,2122300
2018-05-17,129.61000061035156,130.74000549316406,129.61000061035156,130.4600067138672,111.18942260742188,1172300
2018-05-18,130.69000244140625,130.80999755859375,130.3699951171875,130.44000244140625,111.17237854003906,1228200
2018-05-21,131.0,131.83999633789062,130.89999389648438,131.74000549316406,112.28036499023438,983000
2018-05-22,132.00999450683594,132.4199981689453,131.1300048828125,131.1999969482422,111.82008361816406,2129100
2018-05-23,130.83999633789062,131.5,130.69000244140625,131.3699951171875,111.96499633789062,909400
2018-05-24,131.1699981689453,131.4600067138672,130.0399932861328,131.27000427246094,111.87979125976562,406700
2018-05-25,130.92999267578125,131.22000122070312,130.63999938964844,130.9199981689453,111.58145141601562,604800
2018-05-29,130.2100067138672,131.32000732421875,129.57000732421875,130.5399932861328,111.25762176513672,950700
2018-05-30,131.16000366210938,132.9199981689453,131.16000366210938,132.6199951171875,113.0303726196289,773600
2018-05-31,132.5500030517578,132.77999877929688,131.1199951171875,131.3699951171875,111.96499633789062,630400
2018-06-01,132.19000244140625,132.57000732421875,131.97999572753906,132.14999389648438,112.6297836303711,613000
2018-06-04,132.64999389648438,133.05999755859375,132.11000061035156,133.02999877929688,113.37979125976562,455500
2018-06-05,133.02000427246094,133.57000732421875,132.50999450683594,133.5,113.78038787841797,731200
2018-06-06,133.58999633789062,134.35000610351562,133.38999938964844,134.33999633789062,114.4963150024414,295800
2018-06-07,134.42999267578125,134.8000030517578,133.85000610351562,134.2899932861328,114.45366668701172,537400
2018-06-08,134.3000030517578,134.64999389648438,133.97999572753906,134.38999938964844,114.53889465332031,480400
2018-06-11,134.41000366210938,134.77000427246094,134.02999877929688,134.33999633789062,114.4963150024414,760100
2018-06-12,134.38999938964844,134.74000549316406,133.7100067138672,134.19000244140625,114.36843872070312,582500
2018-06-13,134.1999969482422,134.3300018310547,133.32000732421875,133.4199981689453,113.71218872070312,1121700
2018-06-14,133.83999633789062,133.9199981689453,132.91000366210938,133.72000122070312,113.96790313720703,897800
2018-06-15,133.3300018310547,133.8300018310547,132.66000366210938,133.6300048828125,113.89115905761719,2530800
2018-06-18,133.11000061035156,134.3800048828125,133.0,134.3300018310547,114.48779296875,1726700
2018-06-19,133.50999450683594,134.7899932861328,133.1199951171875,134.69000244140625,114.79460906982422,871400
2018-06-20,135.10000610351562,135.8000030517578,134.6699981689453,135.63999938964844,115.60425567626953,909700
2018-06-21,135.67999267578125,135.77999877929688,134.22000122070312,134.6199951171875,114.73494720458984,809800
2018-06-22,135.2899932861328,135.63999938964844,134.27000427246094,134.83999633789062,114.92247772216797,1913800
2018-06-25,134.33999633789062,134.80999755859375,132.6999969482422,133.35000610351562,113.65252685546875,1142100
2018-06-26,133.4600067138672,134.33999633789062,132.85000610351562,133.9600067138672,114.1724624633789,2581200
2018-06-27,134.05999755859375,134.47000122070312,132.17999267578125,132.22000122070312,112.68944549560547,1886000
2018-06-28,132.05999755859375,132.5800018310547,131.50999450683594,132.24000549316406,112.70652770996094,1609600
2018-06-29,132.72000122070312,133.22000122070312,131.9199981689453,131.9199981689453,112.43379211425781,732900
2018-07-02,131.38999938964844,132.7100067138672,131.0500030517578,132.7100067138672,113.10709381103516,1003100
2018-07-03,132.60000610351562,133.2100067138672,132.47000122070312,132.5800018310547,113.53526306152344,433400
2018-07-05,133.22999572753906,134.0800018310547,132.5800018310547,134.0800018310547,114.81977844238281,537600
2018-07-06,134.14999389648438,135.25999450683594,133.77999877929688,135.02000427246094,115.62476348876953,581100
2018-07-09,135.57000732421875,136.05999755859375,135.3800048828125,136.0500030517578,116.50677490234375,443600
2018-07-10,136.33999633789062,136.5,134.82000732421875,135.50999450683594,116.04434967041016,458300
2018-07-11,134.80999755859375,135.52000427246094,134.27999877929688,134.35000610351562,115.05101776123047,695900
2018-07-12,135.0,135.0500030517578,133.52999877929688,134.3000030517578,115.0081787109375,455700
2018-07-13,134.3300018310547,135.05999755859375,133.92999267578125,133.97000122070312,114.72557067871094,515300
2018-07-16,133.99000549316406,134.41000366210938,132.8699951171875,133.49000549316406,114.31455993652344,783500
2018-07-17,133.47000122070312,134.32000732421875,133.38999938964844,133.44000244140625,114.27171325683594,2740800
2018-07-18,133.39999389648438,133.97000122070312,133.0,133.89999389648438,114.66564178466797,582400
2018-07-19,133.75999450683594,134.9600067138672,133.49000549316406,134.8699951171875,115.49629211425781,603900
2018-07-20,134.61000061035156,135.07000732421875,134.16000366210938,134.38999938964844,115.08523559570312,649700
2018-07-23,134.36000061035156,134.99000549316406,133.9600067138672,134.5800018310547,115.24796295166016,546900
2018-07-24,135.14999389648438,135.22000122070312,133.27999877929688,133.82000732421875,114.59715270996094,1027700
2018-07-25,133.74000549316406,133.75999450683594,132.75999450683594,133.58999633789062,114.40013885498047,626400
2018-07-26,134.0,135.27999877929688,133.8000030517578,134.60000610351562,115.26508331298828,864600
2018-07-27,134.77000427246094,134.8699951171875,132.5500030517578,132.72999572753906,113.66368865966797,3039000
2018-07-30,132.8000030517578,133.85000610351562,132.67999267578125,132.75999450683594,113.68942260742188,1788500
2018-07-31,133.00999450683594,134.0500030517578,132.77000427246094,133.6699981689453,114.46868133544922,2460500
2018-08-01,133.61000061035156,133.69000244140625,132.57000732421875,133.49000549316406,114.31455993652344,597500
2018-08-02,132.75999450683594,134.3300018310547,132.75999450683594,134.0500030517578,114.7940902709961,1131600
2018-08-03,134.25999450683594,134.92999267578125,133.27999877929688,133.80999755859375,114.58856964111328,765700
2018-08-06,133.77999877929688,134.5,133.41000366210938,134.22999572753906,114.9482421875,484500
2018-08-07,134.67999267578125,135.14999389648438,134.3300018310547,134.33999633789062,115.04244232177734,1976400
2018-08-08,134.39999389648438,134.80999755859375,133.6300048828125,134.61000061035156,115.27363586425781,447700
2018-08-09,134.6199951171875,135.1999969482422,134.50999450683594,134.72999572753906,115.37639617919922,444100
2018-08-10,134.02999877929688,134.8699951171875,133.75,134.1199951171875,114.85403442382812,956600
2018-08-13,134.25999450683594,134.3800048828125,132.9199981689453,133.50999450683594,114.3316421508789,638300
2018-08-14,133.6999969482422,135.0500030517578,133.6999969482422,134.77000427246094,115.41065979003906,713200
2018-08-15,134.42999267578125,134.58999633789062,132.6300048828125,133.27000427246094,114.12613677978516,1282700
2018-08-16,133.67999267578125,134.92999267578125,133.64999389648438,134.4499969482422,115.13662719726562,481700
2018-08-17,134.25,135.1999969482422,133.97999572753906,135.13999938964844,115.72752380371094,658000
2018-08-20,135.3699951171875,135.8300018310547,134.8800048828125,135.52999877929688,116.06147766113281,447500
2018-08-21,135.8699951171875,137.4600067138672,135.8300018310547,137.0399932861328,117.35458374023438,641100
2018-08-22,137.02999877929688,137.44000244140625,136.77000427246094,137.10000610351562,117.40594482421875,589100
2018-08-23,136.82000732421875,137.10000610351562,136.22000122070312,136.4199981689453,116.82365417480469,991600
2018-08-24,136.72000122070312,137.02000427246094,136.47000122070312,136.83999633789062,117.18330383300781,334800
2018-08-27,137.2899932861328,137.85000610351562,136.66000366210938,136.7899932861328,117.14047241210938,512500
2018-08-28,137.13999938964844,137.22999572753906,136.1699981689453,136.6999969482422,117.06340789794922,1453600
2018-08-29,136.75,137.16000366210938,136.1300048828125,136.88999938964844,117.22611236572266,1452300
2018-08-30,136.69000244140625,137.27000427246094,136.16000366210938,136.63999938964844,117.01204681396484,916200
2018-08-31,136.1300048828125,137.1199951171875,136.1300048828125,136.8699951171875,117.20902252197266,731000
2018-09-04,136.6999969482422,136.9499969482422,135.3300018310547,136.0800018310547,116.53250122070312,2020000
2018-09-05,136.0,136.33999633789062,135.3300018310547,136.13999938964844,116.58391571044922,1413500
2018-09-06,136.3300018310547,136.6300048828125,135.3000030517578,135.39999389648438,115.95016479492188,1254500
2018-09-07,134.97999572753906,135.42999267578125,134.4499969482422,134.97000122070312,115.58196258544922,660500
2018-09-10,135.49000549316406,135.72000122070312,134.77999877929688,134.97000122070312,115.58196258544922,608800
2018-09-11,134.5399932861328,135.35000610351562,134.25,134.99000549316406,115.59906005859375,799400
2018-09-12,134.8800048828125,135.32000732421875,134.00999450683594,134.77000427246094,115.41065979003906,1421100
2018-09-13,135.3699951171875,135.3699951171875,134.42999267578125,134.6699981689453,115.32499694824219,692400
2018-09-14,134.75,135.6300048828125,134.35000610351562,135.30999755859375,115.87307739257812,736100
2018-09-17,135.2899932861328,135.41000366210938,134.38999938964844,134.58999633789062,115.25653076171875,583300
2018-09-18,134.72999572753906,135.07000732421875,134.39999389648438,134.6699981689453,115.32499694824219,1237200
2018-09-19,134.67999267578125,135.52999877929688,134.27000427246094,134.5399932861328,115.21371459960938,1134900
2018-09-20,135.0399932861328,135.99000549316406,134.89999389648438,135.8800048828125,116.36123657226562,684300
2018-09-21,135.99000549316406,136.3300018310547,135.36000061035156,135.42999267578125,115.97586059570312,906700
2018-09-24,135.58999633789062,135.58999633789062,133.91000366210938,134.42999267578125,115.1194839477539,504800
2018-09-25,134.80999755859375,134.86000061035156,134.3699951171875,134.3800048828125,115.07669830322266,779900
2018-09-26,134.00999450683594,134.10000610351562,132.3699951171875,132.52000427246094,113.89918518066406,955600
2018-09-27,132.6199951171875,133.1699981689453,132.33999633789062,132.4600067138672,113.84761810302734,603900
2018-09-28,132.1999969482422,133.22999572753906,132.14999389648438,133.0,114.311767578125,1403700
2018-10-01,133.3699951171875,133.3699951171875,131.02000427246094,131.36000061035156,112.90221405029297,2192400
2018-10-02,131.3800048828125,131.9199981689453,130.47000122070312,130.74000549316406,112.36930847167969,1167600
2018-10-03,131.17999267578125,132.47000122070312,130.72000122070312,131.9199981689453,113.38350677490234,1073400
2018-10-04,131.64999389648438,131.77999877929688,130.32000732421875,130.69000244140625,112.32632446289062,863200
2018-10-05,130.72000122070312,130.9199981689453,128.92999267578125,129.82000732421875,111.57857513427734,1054600
2018-10-08,129.5500030517578,130.64999389648438,129.41000366210938,130.3699951171875,112.0512924194336,842400
2018-10-09,130.2100067138672,131.07000732421875,130.07000732421875,130.24000549316406,111.93958282470703,1448000
2018-10-10,129.94000244140625,130.32000732421875,127.16000366210938,127.27999877929688,109.39546203613281,1678200
2018-10-11,126.69000244140625,127.23999786376953,124.27999877929688,124.37000274658203,106.89436340332031,2836700
2018-10-12,125.83999633789062,125.83999633789062,122.25,123.58999633789062,106.22398376464844,1539400
2018-10-15,123.5199966430664,125.25,123.2300033569336,124.41000366210938,106.92876434326172,1610600
2018-10-16,125.13999938964844,127.30000305175781,123.97000122070312,127.05000305175781,109.19779205322266,1192300
2018-10-17,126.75,126.94000244140625,125.1500015258789,126.68000030517578,108.87981414794922,953100
2018-10-18,126.12000274658203,126.4800033569336,124.08999633789062,124.41000366210938,106.92876434326172,884800
2018-10-19,124.54000091552734,125.37000274658203,123.16999816894531,123.63999938964844,106.2669448852539,853100
2018-10-22,123.94000244140625,124.44999694824219,122.73999786376953,122.9800033569336,105.69967651367188,659900
2018-10-23,121.4800033569336,122.83999633789062,120.06999969482422,121.94000244140625,104.8058090209961,864400
2018-10-24,121.81999969482422,122.02999877929688,117.86000061035156,117.91999816894531,101.35066223144531,1280000
2018-10-25,118.5,120.75,118.13999938964844,120.20999908447266,103.31890869140625,1032100
2018-10-26,119.16999816894531,120.38999938964844,117.0999984741211,119.01000213623047,102.28751373291016,1163400
2018-10-29,120.25,121.76000213623047,118.12999725341797,119.25,102.49380493164062,1235200
2018-10-30,119.38999938964844,121.54000091552734,119.25,121.37999725341797,104.32450103759766,1529600
2018-10-31,122.47000122070312,122.4800033569336,121.0,121.1500015258789,104.12684631347656,2364100
2018-11-01,121.5999984741211,123.20999908447266,121.58000183105469,122.94999694824219,105.67390441894531,1459800
2018-11-02,123.4800033569336,123.97000122070312,122.31999969482422,123.45999908447266,106.11224365234375,1258300
2018-11-05,123.5,124.4000015258789,123.0,124.08999633789062,106.65373229980469,1302400
2018-11-06,124.01000213623047,124.91999816894531,123.7699966430664,124.66999816894531,107.1522445678711,923900
2018-11-07,125.19999694824219,126.26000213623047,124.27999877929688,126.16999816894531,108.44143676757812,1017100
2018-11-08,125.63999938964844,126.54000091552734,125.4000015258789,125.9000015258789,108.20938110351562,621700
2018-11-09,125.30000305175781,125.62000274658203,123.48999786376953,124.27999877929688,106.81702423095703,885900
2018-11-12,124.19000244140625,124.4000015258789,122.44000244140625,122.5999984741211,105.37310028076172,841000
2018-11-13,122.97000122070312,124.11000061035156,122.22000122070312,122.33000183105469,105.1410140991211,901500
2018-11-14,123.47000122070312,123.7699966430664,120.62000274658203,121.4000015258789,104.34168243408203,849600
2018-11-15,120.6500015258789,122.86000061035156,120.3499984741211,122.73999786376953,105.49339294433594,1144800
2018-11-16,122.08000183105469,123.22000122070312,121.83999633789062,123.01000213623047,105.72547149658203,502600
2018-11-19,122.68000030517578,123.31999969482422,121.22000122070312,121.72000122070312,104.61673736572266,2019000
2018-11-20,120.47000122070312,121.08999633789062,119.0999984741211,119.37000274658203,102.5969467163086,1417900
2018-11-21,119.91000366210938,121.86000061035156,119.58999633789062,120.58999633789062,103.6454849243164,611200
2018-11-23,119.80999755859375,121.22000122070312,119.68000030517578,120.31999969482422,103.41344451904297,471500
2018-11-26,121.47000122070312,122.1500015258789,120.80999755859375,121.41000366210938,104.35028839111328,722100
2018-11-27,121.01000213623047,121.54000091552734,120.43000030517578,120.68000030517578,103.72288513183594,835500
2018-11-28,120.9800033569336,123.02999877929688,119.62000274658203,122.95999908447266,105.68247985839844,1664800
2018-11-29,122.54000091552734,123.25,121.61000061035156,122.55999755859375,105.33868408203125,946200
2018-11-30,122.23999786376953,123.26000213623047,121.91999816894531,123.05999755859375,105.7684326171875,1031500
2018-12-03,124.31999969482422,124.37000274658203,122.29000091552734,123.8499984741211,106.44743347167969,1276600
2018-12-04,123.76000213623047,123.91999816894531,118.63999938964844,118.94999694824219,102.23595428466797,2871400
2018-12-06,117.4000015258789,118.55000305175781,115.73999786376953,118.5199966430664,101.86639404296875,2101400
2018-12-07,118.62000274658203,119.43000030517578,116.23999786376953,116.83000183105469,100.41383361816406,1760300
2018-12-10,117.0,117.19999694824219,114.33999633789062,115.83000183105469,99.55435180664062,2408100
2018-12-11,117.33000183105469,117.69999694824219,115.08999633789062,115.69999694824219,99.44261932373047,3879600
2018-12-12,116.80999755859375,118.02999877929688,116.47000122070312,116.55000305175781,100.1731948852539,1919400
2018-12-13,116.76000213623047,117.25,114.91000366210938,115.0999984741211,98.92694091796875,1476700
2018-12-14,114.4000015258789,115.45999908447266,113.08000183105469,113.51000213623047,97.56034088134766,1613500
2018-12-17,112.62000274658203,113.68000030517578,110.0999984741211,110.70999908447266,95.66366577148438,2907800
2018-12-18,111.4800033569336,112.18000030517578,110.1500015258789,110.37000274658203,95.36988067626953,2660800
2018-12-19,110.41000366210938,111.62000274658203,107.62999725341797,108.08999633789062,93.39973449707031,1803000
2018-12-20,107.77999877929688,108.61000061035156,105.6500015258789,106.7300033569336,92.22455596923828,3226200
2018-12-21,107.13999938964844,108.04000091552734,104.29000091552734,104.44999694824219,90.25444793701172,3697100
2018-12-24,104.1500015258789,104.44999694824219,102.04000091552734,102.04000091552734,88.1719970703125,1587100
2018-12-26,102.37000274658203,106.37000274658203,101.56999969482422,106.27999877929688,91.83573150634766,3213700
2018-12-27,104.9000015258789,106.44000244140625,103.0999984741211,106.44000244140625,91.97398376464844,3416800
2018-12-28,106.58000183105469,108.51000213623047,106.08999633789062,106.97000122070312,92.43194580078125,2631500
2018-12-31,107.55999755859375,107.7699966430664,105.79000091552734,107.54000091552734,92.92449188232422,2875500
2019-01-02,106.31999969482422,108.87999725341797,105.79000091552734,108.4000015258789,93.6676025390625,1308100
2019-01-03,107.97000122070312,108.91000366210938,106.54000091552734,107.18000030517578,92.61341094970703,1530800
2019-01-04,108.27999877929688,110.95999908447266,108.27999877929688,110.80999755859375,95.75006866455078,1083200
2019-01-07,110.69999694824219,112.72000122070312,110.04000091552734,112.0199966430664,96.7956314086914,1449700
2019-01-08,113.05000305175781,113.80999755859375,112.08999633789062,113.76000213623047,98.29915618896484,2015600
2019-01-09,114.22000122070312,114.91999816894531,113.56999969482422,114.62999725341797,99.0509033203125,1588300
2019-01-10,114.05000305175781,115.12999725341797,113.55000305175781,115.04000091552734,99.4051742553711,750700
2019-01-11,114.55000305175781,115.38999938964844,114.37000274658203,115.12999725341797,99.48291015625,1821900
2019-01-14,114.54000091552734,115.16000366210938,114.08000183105469,114.30000305175781,98.76576232910156,1418200
2019-01-15,114.52999877929688,115.0,114.0,114.91999816894531,99.3014907836914,1131400
2019-01-16,115.05999755859375,116.2300033569336,115.05999755859375,115.94999694824219,100.19149780273438,573100
2019-01-17,115.55000305175781,117.06999969482422,115.55000305175781,116.81999969482422,100.94324493408203,796500
2019-01-18,117.29000091552734,118.3499984741211,117.01000213623047,117.91999816894531,101.89374542236328,914600
2019-01-22,117.2300033569336,117.54000091552734,115.61000061035156,116.26000213623047,100.4593505859375,2041000
2019-01-23,116.56999969482422,117.06999969482422,115.38999938964844,116.11000061035156,100.32974243164062,661800
2019-01-24,115.97000122070312,116.97000122070312,115.91000366210938,116.7699966430664,100.90007019042969,1116900
2019-01-25,117.5999984741211,118.30000305175781,117.44999694824219,118.05999755859375,102.01472473144531,531500
2019-01-28,117.18000030517578,117.91000366210938,116.68000030517578,117.73999786376953,101.73822784423828,2304400
2019-01-29,117.83000183105469,118.16000366210938,117.5,117.69000244140625,101.69502258300781,505800
2019-01-30,118.05999755859375,119.12999725341797,117.2300033569336,118.66000366210938,102.53319549560547,459500
2019-01-31,118.5,119.37999725341797,118.33999633789062,119.2699966430664,103.06028747558594,772400
2019-02-01,119.5999984741211,119.80000305175781,118.91999816894531,119.41000366210938,103.1812744140625,500000
2019-02-04,119.4800033569336,120.5999984741211,118.94000244140625,120.58999633789062,104.20086669921875,640400
2019-02-05,120.72000122070312,120.9000015258789,119.91999816894531,120.75,104.33914947509766,921800
2019-02-06,120.66999816894531,120.83000183105469,120.08999633789062,120.51000213623047,104.1317367553711,338300
2019-02-07,119.88999938964844,120.55999755859375,119.02999877929688,120.05000305175781,103.73429870605469,337200
2019-02-08,119.54000091552734,120.22000122070312,119.01000213623047,119.80000305175781,103.51827239990234,248500
2019-02-11,120.0999984741211,120.72000122070312,119.58000183105469,120.68000030517578,104.27867889404297,389300
2019-02-12,121.27999877929688,122.0,121.26000213623047,121.69999694824219,105.16000366210938,497200
2019-02-13,122.02999877929688,122.41999816894531,121.63999938964844,122.22000122070312,105.609375,335400
2019-02-14,121.68000030517578,122.79000091552734,121.36000061035156,122.22000122070312,105.609375,382600
2019-02-15,122.97000122070312,124.2699966430664,122.69000244140625,124.05000305175781,107.19065856933594,270500
2019-02-19,123.69999694824219,124.94999694824219,123.5999984741211,124.63999938964844,107.70046997070312,338100
2019-02-20,124.68000030517578,125.63999938964844,124.55999755859375,125.5,108.44359588623047,1055400
2019-02-21,125.30000305175781,125.41000366210938,124.45999908447266,125.02999877929688,108.03746795654297,482800
2019-02-22,125.36000061035156,125.97000122070312,125.26000213623047,125.80000305175781,108.70280456542969,619300
2019-02-25,126.33999633789062,126.58000183105469,125.41000366210938,125.47000122070312,108.41767120361328,1227800
2019-02-26,125.2300033569336,125.52999877929688,124.37000274658203,124.45999908447266,107.54492950439453,1367700
2019-02-27,124.0999984741211,124.58000183105469,123.77999877929688,124.44999694824219,107.5362777709961,388900
2019-02-28,124.30000305175781,124.4800033569336,123.69999694824219,123.91999816894531,107.07830810546875,356300
2019-03-01,124.77999877929688,125.05999755859375,123.62000274658203,124.58999633789062,107.65725708007812,851000
2019-03-04,124.81999969482422,125.08999633789062,123.11000061035156,124.02999877929688,107.17337036132812,1040600
2019-03-05,124.18000030517578,124.18000030517578,123.22000122070312,123.36000061035156,106.59443664550781,310600
2019-03-06,123.26000213623047,123.3499984741211,121.05000305175781,121.08000183105469,104.62428283691406,1671800
2019-03-07,121.06999969482422,121.0999984741211,119.58999633789062,119.75,103.47504425048828,964600
2019-03-08,119.0999984741211,119.76000213623047,119.0999984741211,119.66000366210938,103.39730072021484,520100
2019-03-11,119.97000122070312,121.54000091552734,119.87999725341797,121.52999877929688,105.01311492919922,937100
2019-03-12,121.77999877929688,122.08999633789062,121.20999908447266,121.52999877929688,105.01311492919922,369800
2019-03-13,121.9000015258789,122.52999877929688,121.8499984741211,121.97000122070312,105.3933334350586,671900
2019-03-14,121.94999694824219,122.05000305175781,121.36000061035156,121.5,104.9872055053711,475200
2019-03-15,121.62999725341797,122.66999816894531,121.44999694824219,121.73999786376953,105.19459533691406,862700
2019-03-18,121.95999908447266,123.0199966430664,121.66999816894531,122.58999633789062,105.92906951904297,564000
2019-03-19,123.05000305175781,123.19000244140625,121.20999908447266,121.45999908447266,104.95265197753906,758400
2019-03-20,120.91000366210938,121.5199966430664,119.38999938964844,119.86000061035156,104.0128402709961,826600
2019-03-21,119.47000122070312,121.77999877929688,119.4000015258789,120.95999908447266,104.96739196777344,589400
2019-03-22,120.27999877929688,120.41999816894531,116.9800033569336,116.9800033569336,101.51360321044922,2409100
2019-03-25,116.93000030517578,118.30999755859375,116.1500015258789,117.47000122070312,101.93883514404297,1015200
2019-03-26,118.37999725341797,119.5,118.08999633789062,118.97000122070312,103.24051666259766,1485300
2019-03-27,119.02999877929688,119.52999877929688,117.79000091552734,119.05999755859375,103.31859588623047,731200
2019-03-28,119.36000061035156,120.05000305175781,118.61000061035156,119.91000366210938,104.05623626708984,730100
2019-03-29,120.62999725341797,120.83999633789062,119.19000244140625,119.9000015258789,104.04756927490234,1108800
2019-04-01,120.51000213623047,121.56999969482422,120.43000030517578,121.48999786376953,105.42733001708984,1405900
2019-04-02,121.58999633789062,121.66000366210938,120.5,120.9800033569336,104.98474884033203,535800
2019-04-03,121.87999725341797,122.26000213623047,121.02999877929688,121.2699966430664,105.23641967773438,660800
2019-04-04,121.36000061035156,122.41999816894531,121.36000061035156,122.41000366210938,106.22569274902344,479600
2019-04-05,122.66999816894531,123.69000244140625,122.5199966430664,123.62999725341797,107.2844009399414,1429100
2019-04-08,123.2300033569336,123.66000366210938,122.88999938964844,123.4800033569336,107.15422058105469,839200
2019-04-09,122.97000122070312,123.08999633789062,121.70999908447266,121.93000030517578,105.80916595458984,1053700
2019-04-10,122.08000183105469,123.58999633789062,122.02999877929688,123.5199966430664,107.1889419555664,705600
2019-04-11,123.69000244140625,123.94999694824219,123.16999816894531,123.51000213623047,107.18025970458984,860400
2019-04-12,124.16000366210938,124.4800033569336,123.5,124.16999816894531,107.75301361083984,539900
2019-04-15,124.3499984741211,124.55999755859375,123.25,123.52999877929688,107.19761657714844,528100
2019-04-16,123.94000244140625,124.18000030517578,123.45999908447266,124.12999725341797,107.71829223632812,356400
2019-04-17,124.44999694824219,124.44999694824219,123.1500015258789,123.66999816894531,107.3191146850586,578300
2019-04-18,123.55000305175781,123.79000091552734,122.91000366210938,123.16000366210938,106.87655639648438,885200
2019-04-22,122.95999908447266,123.05999755859375,121.63999938964844,122.18000030517578,106.02610778808594,4138800
2019-04-23,122.41999816894531,124.33000183105469,122.30999755859375,124.0,107.60546875,703300
2019-04-24,124.06999969482422,124.7300033569336,123.8499984741211,124.31999969482422,107.88317108154297,671500
2019-04-25,123.80999755859375,123.80999755859375,122.12000274658203,122.98999786376953,106.7290267944336,447600
2019-04-26,123.13999938964844,124.19000244140625,122.8499984741211,124.05999755859375,107.65753173828125,340600
2019-04-29,124.37000274658203,125.16000366210938,124.16999816894531,124.68000030517578,108.19558715820312,558000
2019-04-30,124.80999755859375,124.80999755859375,123.44000244140625,124.33000183105469,107.89183807373047,914200
2019-05-01,124.6500015258789,124.83000183105469,123.31999969482422,123.38999938964844,107.07613372802734,797100
2019-05-02,123.08999633789062,124.30000305175781,122.55999755859375,123.69999694824219,107.34515380859375,514400
2019-05-03,124.3499984741211,126.12000274658203,124.2699966430664,126.0199966430664,109.35836029052734,606900
2019-05-06,124.29000091552734,126.38999938964844,124.29000091552734,126.05999755859375,109.39311218261719,453100
2019-05-07,125.06999969482422,125.41999816894531,122.98999786376953,123.91000366210938,107.5273666381836,539200
2019-05-08,123.70999908447266,124.23999786376953,123.05000305175781,123.12000274658203,106.84184265136719,470100
2019-05-09,122.1500015258789,123.13999938964844,121.2699966430664,122.7699966430664,106.5380859375,684700
2019-05-10,122.5,123.4800033569336,121.20999908447266,123.37000274658203,107.05877685546875,430100
2019-05-13,121.48999786376953,121.66000366210938,119.5199966430664,119.88999938964844,104.03887176513672,817700
2019-05-14,119.98999786376953,121.61000061035156,119.8499984741211,121.27999877929688,105.24506378173828,726200
2019-05-15,120.26000213623047,121.56999969482422,120.0,121.38999938964844,105.3405532836914,1418100
2019-05-16,121.6500015258789,122.73999786376953,121.61000061035156,121.95999908447266,105.83518981933594,851400
2019-05-17,120.9800033569336,122.05000305175781,120.2699966430664,120.37000274658203,104.45540618896484,471800
2019-05-20,119.66000366210938,120.3499984741211,119.36000061035156,119.58000183105469,103.76986694335938,500700
2019-05-21,120.29000091552734,121.0199966430664,120.18000030517578,120.80000305175781,104.82855987548828,1152400
2019-05-22,120.33999633789062,120.48999786376953,119.2300033569336,119.5199966430664,103.71778106689453,369800
2019-05-23,118.55000305175781,118.55999755859375,116.70999908447266,117.29000091552734,101.78263854980469,779500
2019-05-24,117.94999694824219,118.38999938964844,117.58000183105469,118.18000030517578,102.55494689941406,317200
2019-05-28,118.37999725341797,118.62999725341797,117.01000213623047,117.01000213623047,101.53965759277344,491200
2019-05-29,116.55999755859375,116.5999984741211,115.44000244140625,116.30000305175781,100.92352294921875,655300
2019-05-30,116.55000305175781,117.16000366210938,115.01000213623047,115.58999633789062,100.30738830566406,998800
2019-05-31,114.44000244140625,114.62999725341797,113.76000213623047,114.13999938964844,99.04911041259766,2001600
2019-06-03,114.2699966430664,115.51000213623047,114.04000091552734,115.05000305175781,99.83878326416016,1037000
2019-06-04,116.0999984741211,117.77999877929688,116.01000213623047,117.69000244140625,102.12975311279297,664000
2019-06-05,118.12000274658203,118.18000030517578,116.33000183105469,117.30999755859375,101.79999542236328,1028000
2019-06-06,117.56999969482422,117.81999969482422,116.06999969482422,117.3499984741211,101.8346939086914,384800
2019-06-07,117.70999908447266,118.37999725341797,117.29000091552734,117.68000030517578,102.12108612060547,843400
2019-06-10,118.11000061035156,119.12000274658203,118.02999877929688,118.27999877929688,102.64173889160156,638700
2019-06-11,119.0999984741211,119.37000274658203,117.88999938964844,118.2699966430664,102.633056640625,654400
2019-06-12,118.27999877929688,118.47000122070312,117.72000122070312,118.06999969482422,102.45951080322266,547600
2019-06-13,118.63999938964844,119.33999633789062,118.45999908447266,119.19999694824219,103.4400863647461,600900
2019-06-14,119.1500015258789,119.16000366210938,118.41999816894531,118.45999908447266,102.79793548583984,603800
2019-06-17,118.01000213623047,118.41999816894531,117.70999908447266,117.95999908447266,102.8711929321289,2177900
2019-06-18,118.69999694824219,120.16000366210938,118.5199966430664,119.30999755859375,104.04850769042969,1419500
2019-06-19,119.4800033569336,119.81999969482422,119.13999938964844,119.6500015258789,104.34500885009766,508800
2019-06-20,120.68000030517578,120.70999908447266,119.61000061035156,120.16999816894531,104.79851531982422,983500
2019-06-21,119.95999908447266,119.95999908447266,119.04000091552734,119.44999694824219,104.17060852050781,1536600
2019-06-24,119.4000015258789,119.5199966430664,117.83999633789062,117.83999633789062,102.76653289794922,509900
2019-06-25,118.11000061035156,118.30000305175781,117.41000366210938,117.52999877929688,102.49617767333984,784000
2019-06-26,117.83999633789062,118.12999725341797,117.2300033569336,117.23999786376953,102.24329376220703,542200
2019-06-27,117.56999969482422,119.13999938964844,117.56999969482422,119.12000274658203,103.88282775878906,653000
2019-06-28,119.4000015258789,120.9800033569336,119.38999938964844,120.5,105.0863037109375,2304300
2019-07-01,122.23999786376953,122.61000061035156,120.30999755859375,120.97000122070312,105.49618530273438,873800
2019-07-02,120.9800033569336,120.9800033569336,119.44000244140625,120.0999984741211,104.73747253417969,633400
2019-07-03,120.4800033569336,120.97000122070312,120.13999938964844,120.88999938964844,105.42642211914062,300100
2019-07-05,120.33999633789062,121.58999633789062,120.0199966430664,121.58999633789062,106.03684997558594,262100
2019-07-08,121.08999633789062,121.52999877929688,120.27999877929688,120.41999816894531,105.01651000976562,509800
2019-07-09,119.91999816894531,120.38999938964844,119.68000030517578,120.30000305175781,104.91187286376953,706800
2019-07-10,120.87999725341797,121.1500015258789,119.9000015258789,120.37000274658203,104.97289276123047,402500
2019-07-11,120.58000183105469,120.62000274658203,119.25,119.69000244140625,104.37989044189453,381800
2019-07-12,119.87999725341797,121.2300033569336,119.8499984741211,120.7300033569336,105.28685760498047,1053500
2019-07-15,121.05999755859375,121.16999816894531,119.36000061035156,119.6500015258789,104.34500885009766,1412200
2019-07-16,119.68000030517578,120.66000366210938,119.1500015258789,119.97000122070312,104.62406921386719,849500
2019-07-17,119.88999938964844,119.94000244140625,118.5,118.76000213623047,103.5688705444336,695200
2019-07-18,118.76000213623047,119.19000244140625,118.33000183105469,118.94999694824219,103.73455810546875,437800
2019-07-19,119.22000122070312,119.54000091552734,118.5999984741211,118.63999938964844,103.4642105102539,484300
2019-07-22,118.72000122070312,119.0999984741211,117.9800033569336,118.2300033569336,103.10667419433594,526800
2019-07-23,118.61000061035156,119.43000030517578,118.4000015258789,119.41999816894531,104.14442443847656,686800
2019-07-24,119.12000274658203,121.56999969482422,119.12000274658203,121.41000366210938,105.87989044189453,1056500
2019-07-25,121.38999938964844,121.55999755859375,119.68000030517578,119.9800033569336,104.6328353881836,480900
2019-07-26,120.2300033569336,121.45999908447266,120.08000183105469,121.30999755859375,105.79269409179688,483800
2019-07-29,121.23999786376953,121.33999633789062,120.26000213623047,120.54000091552734,105.1211929321289,375100
2019-07-30,119.61000061035156,121.97000122070312,119.3499984741211,121.97000122070312,106.36827850341797,462100
2019-07-31,121.83000183105469,122.91999816894531,120.44999694824219,120.95999908447266,105.48744201660156,1053700
2019-08-01,121.12999725341797,121.63999938964844,118.0999984741211,118.44999694824219,103.29853057861328,1032700
2019-08-02,118.06999969482422,118.19000244140625,116.4000015258789,117.30999755859375,102.30432891845703,605600
2019-08-05,115.55999755859375,115.70999908447266,112.63999938964844,113.91999816894531,99.34798431396484,960300
2019-08-06,114.62000274658203,115.0999984741211,113.08999633789062,114.68000030517578,100.01074981689453,442700
2019-08-07,113.5199966430664,114.8499984741211,112.4000015258789,114.55000305175781,99.89739227294922,544200
2019-08-08,115.30999755859375,117.06999969482422,115.20999908447266,117.02999877929688,102.06014251708984,404800
2019-08-09,116.62000274658203,116.66999816894531,115.16000366210938,115.48999786376953,100.71715545654297,537200
2019-08-12,114.94999694824219,115.05000305175781,113.91999816894531,114.12000274658203,99.52239227294922,372500
2019-08-13,113.91000366210938,116.52999877929688,113.36000061035156,115.06999969482422,100.35087585449219,393600
2019-08-14,113.36000061035156,113.36000061035156,111.54000091552734,111.76000213623047,97.46427917480469,671500
2019-08-15,112.12000274658203,112.26000213623047,110.76000213623047,111.30999755859375,97.07183074951172,574200
2019-08-16,112.01000213623047,114.0199966430664,111.88999938964844,113.81999969482422,99.2607421875,554600
2019-08-19,115.22000122070312,115.70999908447266,114.87000274658203,115.2300033569336,100.49041748046875,779800
2019-08-20,115.05000305175781,115.05000305175781,114.19000244140625,114.29000091552734,99.670654296875,536400
2019-08-21,115.30999755859375,115.48999786376953,114.66000366210938,115.16999816894531,100.43806457519531,492300
2019-08-22,115.4800033569336,115.83999633789062,114.55999755859375,115.08999633789062,100.36829376220703,377000
2019-08-23,114.45999908447266,114.87999725341797,111.08000183105469,111.44999694824219,97.19391632080078,1185500
2019-08-26,112.55000305175781,112.68000030517578,111.77999877929688,112.68000030517578,98.2665786743164,712700
2019-08-27,113.4000015258789,113.4000015258789,110.83999633789062,110.83999633789062,96.6619644165039,557600
2019-08-28,110.7300033569336,112.91999816894531,110.5199966430664,112.26000213623047,97.90030670166016,485700
2019-08-29,113.52999877929688,114.58999633789062,113.44999694824219,114.41999816894531,99.78404235839844,396400
2019-08-30,115.02999877929688,115.05000305175781,113.72000122070312,114.19999694824219,99.59214782714844,869600
2019-09-03,113.05000305175781,113.56999969482422,112.1500015258789,112.79000091552734,98.3625259399414,1735700
2019-09-04,113.8499984741211,114.12999725341797,113.37000274658203,113.86000061035156,99.295654296875,640100
2019-09-05,115.38999938964844,117.2699966430664,115.02999877929688,116.26000213623047,101.38864135742188,1064000
2019-09-06,116.22000122070312,116.69999694824219,115.77999877929688,115.97000122070312,101.13577270507812,636900
2019-09-09,116.30999755859375,118.66999816894531,116.30999755859375,118.58999633789062,103.42060852050781,1806100
2019-09-10,118.5999984741211,120.56999969482422,118.37000274658203,120.55000305175781,105.12989044189453,1938800
2019-09-11,120.97000122070312,123.0199966430664,120.0,122.88999938964844,107.17057800292969,1157100
2019-09-12,122.94999694824219,123.41999816894531,121.52999877929688,123.02999877929688,107.29264831542969,1549400
2019-09-13,123.80000305175781,124.75,123.18000030517578,123.41000366210938,107.62406158447266,2327200
2019-09-16,123.33000183105469,124.5999984741211,123.08000183105469,123.95999908447266,108.10370635986328,762100
2019-09-17,123.5999984741211,123.5999984741211,122.27999877929688,123.05000305175781,107.31013488769531,1038200
2019-09-18,122.98999786376953,123.05000305175781,121.37999725341797,122.2300033569336,106.59500122070312,671700
2019-09-19,122.43000030517578,123.19000244140625,121.44999694824219,121.58000183105469,106.02814483642578,479300
2019-09-20,121.41000366210938,122.54000091552734,120.83999633789062,121.31999969482422,105.80139923095703,996200
2019-09-23,121.13999938964844,122.18000030517578,120.63999938964844,121.73999786376953,106.16768646240234,1037000
2019-09-24,121.4800033569336,121.5,119.33999633789062,119.69000244140625,104.87264251708984,1751000
2019-09-25,119.61000061035156,121.5,119.4800033569336,121.29000091552734,106.27458190917969,1159000
2019-09-26,121.22000122070312,121.22000122070312,119.7699966430664,120.08999633789062,105.22313690185547,772300
2019-09-27,120.36000061035156,120.94000244140625,119.08000183105469,119.62999725341797,104.82007598876953,1362500
2019-09-30,119.76000213623047,120.16999816894531,119.20999908447266,119.41000366210938,104.6273193359375,1007800
2019-10-01,120.05999755859375,120.9800033569336,116.94999694824219,117.31999969482422,102.79605102539062,829100
2019-10-02,116.62000274658203,116.81999969482422,115.18000030517578,116.16000366210938,101.77964782714844,810300
2019-10-03,115.91000366210938,116.43000030517578,114.41999816894531,116.25,101.85852813720703,674000
2019-10-04,116.44000244140625,117.44999694824219,115.79000091552734,117.41000366210938,102.87491607666016,711600
2019-10-07,117.19000244140625,118.20999908447266,116.62999725341797,117.33000183105469,102.80482482910156,1903000
2019-10-08,116.2699966430664,116.41999816894531,115.2699966430664,115.4800033569336,101.183837890625,777100
2019-10-09,116.25,116.37999725341797,115.51000213623047,115.87000274658203,101.52555084228516,2071100
2019-10-10,116.06999969482422,117.06999969482422,115.98999786376953,116.4800033569336,102.06002807617188,673500
2019-10-11,117.91999816894531,119.69000244140625,117.87999725341797,118.37000274658203,103.7160415649414,997600
2019-10-14,117.94999694824219,118.25,117.3499984741211,117.91000366210938,103.31302642822266,255700
2019-10-15,118.29000091552734,119.68000030517578,117.83999633789062,119.01000213623047,104.27684020996094,351900
2019-10-16,118.80999755859375,119.9800033569336,118.80999755859375,119.31999969482422,104.54847717285156,1216400
2019-10-17,119.94999694824219,120.62000274658203,119.55000305175781,120.4800033569336,105.5648422241211,1021400
2019-10-18,120.11000061035156,120.69000244140625,119.45999908447266,120.36000061035156,105.45972442626953,741400
2019-10-21,121.4000015258789,122.2699966430664,121.29000091552734,121.51000213623047,106.46734619140625,442700
2019-10-22,121.80000305175781,122.76000213623047,121.16000366210938,122.06999969482422,106.9580078125,757300
2019-10-23,122.16999816894531,122.54000091552734,121.5,122.54000091552734,107.36981964111328,431400
2019-10-24,122.94999694824219,122.94999694824219,121.44999694824219,121.86000061035156,106.77401733398438,907800
2019-10-25,121.81999969482422,122.9000015258789,121.66999816894531,122.55000305175781,107.37858581542969,389300
2019-10-28,123.06999969482422,124.01000213623047,123.06999969482422,123.37999725341797,108.1058349609375,547500
2019-10-29,123.22000122070312,124.1500015258789,122.88999938964844,123.80999755859375,108.48261260986328,1022100
2019-10-30,123.8499984741211,123.8499984741211,122.45999908447266,123.12000274658203,107.8780288696289,1002500
2019-10-31,123.05999755859375,123.12999725341797,121.45999908447266,122.38999938964844,107.23839569091797,1879600
2019-11-01,123.12999725341797,124.41000366210938,122.87000274658203,124.38999938964844,108.99079895019531,835700
2019-11-04,125.36000061035156,125.72000122070312,125.05999755859375,125.61000061035156,110.05976867675781,1047200
2019-11-05,125.69000244140625,126.73999786376953,125.47000122070312,125.72000122070312,110.15615844726562,1215200
2019-11-06,125.58999633789062,125.6500015258789,124.5999984741211,124.98999786376953,109.51653289794922,704900
2019-11-07,126.16000366210938,126.55999755859375,124.98999786376953,125.33999633789062,109.82322692871094,943200
2019-11-08,125.18000030517578,125.58999633789062,124.66000366210938,125.43000030517578,109.90206146240234,1060400
2019-11-11,124.72000122070312,125.19999694824219,124.4000015258789,125.0,109.52528381347656,299900
2019-11-12,125.16000366210938,125.76000213623047,124.7300033569336,124.91000366210938,109.4464340209961,406000
2019-11-13,124.16999816894531,124.47000122070312,123.5999984741211,124.12000274658203,108.75421142578125,642500
2019-11-14,124.11000061035156,124.79000091552734,123.95999908447266,124.19000244140625,108.81555938720703,550900
2019-11-15,125.0,125.06999969482422,124.18000030517578,124.45999908447266,109.05216217041016,470100
2019-11-18,124.31999969482422,124.3499984741211,123.68000030517578,123.97000122070312,108.622802734375,574700
2019-11-19,124.61000061035156,124.66999816894531,123.69000244140625,124.0999984741211,108.73670196533203,340000
2019-11-20,123.75,124.31999969482422,122.68000030517578,123.56999969482422,108.2723159790039,542100
2019-11-21,123.77999877929688,123.77999877929688,122.43000030517578,122.91999816894531,107.70279693603516,580800
2019-11-22,123.4000015258789,123.58999633789062,122.72000122070312,123.18000030517578,107.93059539794922,390600
2019-11-25,123.7699966430664,125.72000122070312,123.61000061035156,125.4800033569336,109.94586181640625,734500
2019-11-26,125.44000244140625,126.0,125.04000091552734,125.19999694824219,109.7005386352539,542500
2019-11-27,125.79000091552734,126.08999633789062,125.5,126.0199966430664,110.41901397705078,896600
2019-11-29,125.8499984741211,125.9800033569336,125.12000274658203,125.12000274658203,109.63043975830078,407800
2019-12-02,125.5,125.5,124.05999755859375,124.11000061035156,108.7454833984375,766600
2019-12-03,123.25,123.4800033569336,122.33999633789062,123.47000122070312,108.18470001220703,627200
2019-12-04,123.9800033569336,124.80999755859375,123.88999938964844,124.38999938964844,108.99079895019531,477000
2019-12-05,124.87000274658203,124.9800033569336,124.19000244140625,124.5999984741211,109.1748046875,647100
2019-12-06,125.83999633789062,126.72000122070312,125.83999633789062,126.22000122070312,110.59425354003906,463000
2019-12-09,126.12999725341797,126.52999877929688,125.98999786376953,126.0999984741211,110.48910522460938,787100
2019-12-10,126.16000366210938,126.48999786376953,125.86000061035156,126.29000091552734,110.65558624267578,641900
2019-12-11,126.52999877929688,126.66000366210938,125.86000061035156,126.27999877929688,110.64683532714844,483000
2019-12-12,126.56999969482422,128.42999267578125,126.18000030517578,127.69000244140625,111.88227081298828,1113600
2019-12-13,127.8499984741211,128.1300048828125,126.43000030517578,126.9000015258789,111.1900634765625,1478900
2019-12-16,127.11000061035156,127.80999755859375,126.9800033569336,127.0199966430664,111.99951934814453,1337300
2019-12-17,127.26000213623047,128.05999755859375,127.16000366210938,127.94000244140625,112.81072235107422,1117800
2019-12-18,128.39999389648438,128.6199951171875,127.81999969482422,128.49000549316406,113.29566955566406,1038200
2019-12-19,128.55999755859375,128.8699951171875,128.3699951171875,128.7899932861328,113.56017303466797,814900
2019-12-20,129.22999572753906,129.27000427246094,128.6699981689453,128.6699981689453,113.45441436767578,1736300
2019-12-23,129.07000732421875,129.07000732421875,128.30999755859375,128.7100067138672,113.48967742919922,702200
2019-12-24,128.80999755859375,128.97000122070312,128.55999755859375,128.8699951171875,113.63074493408203,277300
2019-12-26,129.19000244140625,129.25999450683594,128.75,129.0,113.7453842163086,544300
2019-12-27,129.36000061035156,129.36000061035156,128.22000122070312,128.41000366210938,113.22515106201172,732400
2019-12-30,128.52999877929688,129.0399932861328,127.97000122070312,128.4199981689453,113.23397827148438,1790400
2019-12-31,128.2100067138672,129.1999969482422,127.87999725341797,128.5800018310547,113.37503814697266,2965100
2020-01-02,129.47000122070312,129.47000122070312,127.5,128.44000244140625,113.2515869140625,1124400
2020-01-03,127.26000213623047,128.22999572753906,127.0,128.0800018310547,112.93415069580078,679300
2020-01-06,127.37999725341797,128.2899932861328,126.94000244140625,128.10000610351562,112.95181274414062,1568100
2020-01-07,127.80000305175781,127.95999908447266,127.16000366210938,127.44999694824219,112.378662109375,631400
2020-01-08,127.52999877929688,128.16000366210938,127.23999786376953,127.5199966430664,112.44038391113281,1266000
2020-01-09,128.05999755859375,128.08999633789062,127.0999984741211,127.22000122070312,112.17584991455078,988900
2020-01-10,127.37999725341797,127.37999725341797,126.06999969482422,126.52999877929688,111.56745910644531,1130400
2020-01-13,126.6500015258789,127.5,126.05000305175781,127.47000122070312,112.39630889892578,1782400
2020-01-14,127.47000122070312,128.3800048828125,126.69000244140625,127.66999816894531,112.57262420654297,987200
2020-01-15,127.41000366210938,128.3800048828125,127.19000244140625,127.91000366210938,112.78426361083984,565700
2020-01-16,128.77999877929688,129.89999389648438,128.5,129.5,114.18623352050781,1281100
2020-01-17,130.0,130.16000366210938,128.9600067138672,129.07000732421875,113.80709838867188,777100
2020-01-21,128.74000549316406,128.74000549316406,127.6500015258789,127.87999725341797,112.7578125,1001200
2020-01-22,128.16000366210938,128.27000427246094,127.30999755859375,127.62999725341797,112.53736877441406,977000
2020-01-23,127.27999877929688,127.98999786376953,125.97000122070312,127.72000122070312,112.61673736572266,878000
2020-01-24,127.98999786376953,127.98999786376953,125.12999725341797,126.0,111.1001205444336,1347000
2020-01-27,124.16000366210938,125.11000061035156,123.95999908447266,124.4000015258789,109.68933868408203,1250700
2020-01-28,125.08000183105469,125.56999969482422,124.75,124.98999786376953,110.2095718383789,923500
2020-01-29,125.3499984741211,125.58999633789062,124.13999938964844,124.13999938964844,109.46009063720703,560400
2020-01-30,123.41000366210938,124.44999694824219,122.91000366210938,124.38999938964844,109.6805191040039,923900
2020-01-31,124.08000183105469,124.08000183105469,121.4800033569336,121.83999633789062,107.43206024169922,1727600
2020-02-03,122.56999969482422,123.5199966430664,122.36000061035156,122.97000122070312,108.42843627929688,563000
2020-02-04,124.44999694824219,124.9000015258789,124.25,124.33999633789062,109.63643646240234,828600
2020-02-05,125.5999984741211,126.94999694824219,125.44999694824219,126.72000122070312,111.7349853515625,642700
2020-02-06,127.30000305175781,127.4000015258789,125.95999908447266,126.0,111.1001205444336,647600
2020-02-07,125.69999694824219,125.69999694824219,124.12999725341797,124.44000244140625,109.724609375,508100
2020-02-10,124.19000244140625,124.66999816894531,123.95999908447266,124.66000366210938,109.91859436035156,589500
2020-02-11,125.36000061035156,126.38999938964844,125.23999786376953,125.69000244140625,110.82679748535156,492600
2020-02-12,126.4800033569336,126.87000274658203,126.0999984741211,126.52999877929688,111.56745910644531,407000
2020-02-13,125.97000122070312,126.9800033569336,125.87000274658203,126.77999877929688,111.78790283203125,567100
2020-02-14,126.9800033569336,126.98999786376953,125.76000213623047,126.1500015258789,111.23239135742188,556100
2020-02-18,125.76000213623047,126.18000030517578,124.83000183105469,125.58000183105469,110.72979736328125,496300
2020-02-19,126.16000366210938,126.5,125.73999786376953,126.08999633789062,111.17948913574219,475100
2020-02-20,125.76000213623047,127.0199966430664,125.45999908447266,126.9000015258789,111.89369201660156,900800
2020-02-21,126.5999984741211,126.5999984741211,125.16999816894531,125.70999908447266,110.84442901611328,536300
2020-02-24,122.13999938964844,122.63999938964844,121.45999908447266,121.98999786376953,107.56433868408203,1210700
2020-02-25,122.43000030517578,122.72000122070312,117.56999969482422,117.87999725341797,103.94035339355469,1680100
2020-02-26,118.45999908447266,119.12999725341797,116.0199966430664,116.11000061035156,102.37964630126953,1441900
2020-02-27,113.80000305175781,116.37000274658203,111.7699966430664,111.80000305175781,98.57931518554688,2297500
2020-02-28,108.93000030517578,110.91000366210938,107.87000274658203,110.11000061035156,97.08915710449219,2993900
2020-03-02,110.41000366210938,113.29000091552734,108.81999969482422,113.19999694824219,99.81377410888672,1568500
2020-03-03,113.45999908447266,115.44999694824219,109.68000030517578,110.81999969482422,97.7152099609375,1054800
2020-03-04,112.56999969482422,113.62000274658203,110.76000213623047,113.5999984741211,100.16647338867188,1903900
2020-03-05,111.06999969482422,111.54000091552734,108.0999984741211,109.4000015258789,96.463134765625,1146300
2020-03-06,106.33999633789062,108.5999984741211,104.79000091552734,107.16000366210938,94.48802947998047,1379500
2020-03-09,100.18000030517578,100.77999877929688,96.0199966430664,96.02999877929688,84.67418670654297,2333800
2020-03-10,99.2699966430664,100.13999938964844,94.4000015258789,99.0199966430664,87.31059265136719,1865900
2020-03-11,96.47000122070312,96.87999725341797,91.58000183105469,92.55000305175781,81.60570526123047,2225300
2020-03-12,86.37999725341797,88.18000030517578,82.0,82.06999969482422,72.36498260498047,2804600
2020-03-13,87.62999725341797,89.0999984741211,81.72000122070312,89.0999984741211,78.56365966796875,3410600
2020-03-16,80.22000122070312,82.72000122070312,77.19999694824219,77.41000366210938,68.25604248046875,2663200
2020-03-17,78.16000366210938,82.55000305175781,75.12000274658203,82.05000305175781,72.34735870361328,2538100
2020-03-18,77.62000274658203,79.76000213623047,71.58999633789062,73.37999725341797,64.70260620117188,3076900
2020-03-19,72.01000213623047,78.7300033569336,70.37000274658203,77.0999984741211,67.98270416259766,2517500
2020-03-20,78.27999877929688,79.2699966430664,73.01000213623047,73.47000122070312,64.7819595336914,1861000
2020-03-23,73.62000274658203,73.9000015258789,69.2699966430664,71.79000091552734,63.300628662109375,3650700
2020-03-24,75.11000061035156,78.19999694824219,74.63999938964844,78.05000305175781,68.82036590576172,2096800
2020-03-25,77.9800033569336,81.94000244140625,75.5999984741211,79.04000091552734,70.0974349975586,1145100
2020-03-26,79.7300033569336,84.91000366210938,79.7300033569336,84.22000122070312,74.6913833618164,1665300
2020-03-27,81.5999984741211,83.7300033569336,79.69999694824219,81.23999786376953,72.04854583740234,1316300
2020-03-30,81.47000122070312,82.87999725341797,79.55000305175781,82.51000213623047,73.17484283447266,1837300
2020-03-31,82.30000305175781,83.1500015258789,80.33999633789062,82.02999877929688,72.7491455078125,1538200
2020-04-01,78.69999694824219,79.01000213623047,75.86000061035156,76.55000305175781,67.88915252685547,1665500
2020-04-02,76.2300033569336,79.4800033569336,75.12999725341797,77.12000274658203,68.3946762084961,1780400
2020-04-03,76.6500015258789,77.30999755859375,73.16000366210938,74.44000244140625,66.01790618896484,1824900
2020-04-06,77.7300033569336,80.73999786376953,77.52999877929688,80.44000244140625,71.33904266357422,1616400
2020-04-07,83.27999877929688,85.41000366210938,80.4800033569336,81.05000305175781,71.88002014160156,1256000
2020-04-08,82.30999755859375,85.5999984741211,81.55000305175781,84.83000183105469,75.23236083984375,1576400
2020-04-09,87.31999969482422,90.22000122070312,87.30999755859375,89.62999725341797,79.48929595947266,1717000
2020-04-13,89.12000274658203,89.44000244140625,85.80999755859375,86.62000274658203,76.8198471069336,1519700
2020-04-14,88.72000122070312,89.52999877929688,86.61000061035156,87.61000061035156,77.6978530883789,1233200
2020-04-15,84.58000183105469,84.87000274658203,82.61000061035156,83.19000244140625,73.77789306640625,874600
2020-04-16,83.5199966430664,83.6500015258789,80.44000244140625,82.05999755859375,72.77576446533203,1480800
2020-04-17,85.4000015258789,86.62999725341797,84.62000274658203,85.87000274658203,76.15469360351562,1539800
2020-04-20,84.08000183105469,85.94000244140625,83.20999908447266,84.1500015258789,74.62928771972656,1839500
2020-04-21,81.7699966430664,83.3499984741211,81.38999938964844,82.58000183105469,73.23693084716797,803600
2020-04-22,84.25,84.66000366210938,82.73999786376953,83.11000061035156,73.70697021484375,667100
2020-04-23,83.58999633789062,85.80999755859375,83.33999633789062,84.02999877929688,74.52287292480469,1407100
2020-04-24,84.68000030517578,85.7699966430664,83.44000244140625,85.12999725341797,75.49842071533203,1407700
2020-04-27,86.04000091552734,89.83000183105469,85.83999633789062,89.12999725341797,79.04586029052734,1000600
2020-04-28,91.5199966430664,92.41999816894531,89.75,91.43000030517578,81.08565521240234,2051500
2020-04-29,94.1500015258789,97.23999786376953,93.5,95.98999786376953,85.12971496582031,1552800
2020-04-30,94.27999877929688,94.27999877929688,91.93000030517578,92.30999755859375,81.86605834960938,1642900
2020-05-01,90.20999908447266,90.20999908447266,87.08999633789062,88.55999755859375,78.54035186767578,1327100
2020-05-04,87.38999938964844,88.70999908447266,86.22000122070312,88.3499984741211,78.35411834716797,1522100
2020-05-05,90.06999969482422,91.25,87.69000244140625,87.94000244140625,77.99048614501953,1373400
2020-05-06,88.41000366210938,89.02999877929688,86.02999877929688,86.12999725341797,76.38526916503906,1108000
2020-05-07,87.41000366210938,88.58999633789062,87.08999633789062,87.56999969482422,77.6623764038086,1108000
2020-05-08,88.97000122070312,91.55000305175781,88.97000122070312,91.5,81.14771270751953,1021500
2020-05-11,90.05999755859375,90.75,88.19999694824219,89.51000213623047,79.38285064697266,1349100
2020-05-12,90.05999755859375,90.08000183105469,85.69999694824219,85.80999755859375,76.10148620605469,1421700
2020-05-13,85.04000091552734,85.04000091552734,81.05999755859375,82.3499984741211,73.03294372558594,1253900
2020-05-14,80.70999908447266,82.76000213623047,78.12999725341797,82.72000122070312,73.36106872558594,1891200
2020-05-15,82.08000183105469,83.8499984741211,81.44999694824219,83.52999877929688,74.07945251464844,2394500
2020-05-18,87.5199966430664,90.95999908447266,87.30000305175781,90.05999755859375,79.8706283569336,1761200
2020-05-19,89.87000274658203,90.36000061035156,87.77999877929688,87.77999877929688,77.84860229492188,1264900
2020-05-20,89.56999969482422,91.4000015258789,89.54000091552734,90.91000366210938,80.62447357177734,2336500
2020-05-21,90.94000244140625,91.77999877929688,90.23999786376953,91.02999877929688,80.73088836669922,937100
2020-05-22,91.26000213623047,91.80999755859375,89.88999938964844,91.12000274658203,80.8106918334961,617300
2020-05-26,94.58999633789062,95.70999908447266,94.58000183105469,94.94000244140625,84.1985092163086,1647300
2020-05-27,97.18000030517578,99.41999816894531,95.05000305175781,99.0999984741211,87.88785552978516,2163300
2020-05-28,100.29000091552734,100.63999938964844,95.83999633789062,96.3499984741211,85.44898223876953,2714500
2020-05-29,95.2300033569336,95.81999969482422,93.79000091552734,95.19000244140625,84.42022705078125,1398900
2020-06-01,95.55000305175781,97.16999816894531,95.05000305175781,95.88999938964844,85.04104614257812,1253500
2020-06-02,96.54000091552734,97.5,96.16999816894531,96.9000015258789,85.9367446899414,1415000
2020-06-03,98.44999694824219,101.20999908447266,98.44999694824219,100.3499984741211,88.99642944335938,2448800
2020-06-04,99.63999938964844,101.56999969482422,98.87999725341797,101.1500015258789,89.70594024658203,1853300
2020-06-05,106.94999694824219,107.7699966430664,105.44999694824219,106.11000061035156,94.10476684570312,2656200
2020-06-08,108.11000061035156,109.18000030517578,107.54000091552734,109.12000274658203,96.77420806884766,3917800
2020-06-09,106.75,107.5999984741211,105.19999694824219,106.36000061035156,94.32646179199219,2080500
2020-06-10,106.12000274658203,106.12999725341797,101.97000122070312,102.04000091552734,90.49523162841797,1203000
2020-06-11,97.19000244140625,97.72000122070312,93.25,93.48999786376953,82.91256713867188,1905200
2020-06-12,97.12999725341797,97.97000122070312,93.2300033569336,96.23999786376953,85.35144805908203,3157200
2020-06-15,92.44000244140625,98.19000244140625,92.0,97.4000015258789,86.77058410644531,1849800
2020-06-16,101.68000030517578,101.83000183105469,97.79000091552734,100.01000213623047,89.09575653076172,1814800
2020-06-17,100.26000213623047,100.26000213623047,97.1500015258789,97.36000061035156,86.73495483398438,961000
2020-06-18,96.36000061035156,98.44000244140625,95.83999633789062,97.23999786376953,86.62805938720703,1192000
2020-06-19,99.11000061035156,99.11000061035156,95.27999877929688,96.22000122070312,85.71935272216797,1655300
2020-06-22,95.7300033569336,96.70999908447266,94.27999877929688,96.63999938964844,86.09352111816406,888500
2020-06-23,98.0999984741211,98.27999877929688,96.30999755859375,96.75,86.1915283203125,1119500
2020-06-24,95.37999725341797,95.48999786376953,91.7699966430664,93.12999725341797,82.96658325195312,1008500
2020-06-25,92.37999725341797,94.79000091552734,91.80999755859375,94.73999786376953,84.40087127685547,1284300
2020-06-26,93.8499984741211,93.95999908447266,91.6500015258789,92.33000183105469,82.25387573242188,1290700
2020-06-29,93.75,96.66000366210938,93.05000305175781,96.30000305175781,85.79063415527344,1530700
2020-06-30,95.9000015258789,97.7699966430664,95.56999969482422,97.45999908447266,86.82405090332031,1174800
2020-07-01,97.70999908447266,98.44999694824219,95.30999755859375,95.62000274658203,85.1848373413086,600500
2020-07-02,97.76000213623047,98.61000061035156,95.41999816894531,95.79000091552734,85.3363037109375,991700
2020-07-06,97.94999694824219,98.38999938964844,95.80000305175781,96.72000122070312,86.16480255126953,1153300
2020-07-07,95.72000122070312,95.83999633789062,93.87000274658203,94.02999877929688,83.76837158203125,618600
2020-07-08,94.11000061035156,95.12000274658203,92.51000213623047,94.37000274658203,84.07127380371094,1212900
2020-07-09,94.45999908447266,94.58000183105469,90.73999786376953,91.58000183105469,81.58572387695312,726900
2020-07-10,91.66000366210938,94.41000366210938,91.4000015258789,94.30999755859375,84.01780700683594,1203600
2020-07-13,95.26000213623047,96.44999694824219,93.66000366210938,93.83999633789062,83.5990982055664,1014500
2020-07-14,93.61000061035156,95.25,93.18000030517578,95.25,84.85523223876953,1107500
2020-07-15,97.86000061035156,99.79000091552734,97.62999725341797,99.2300033569336,88.40089416503906,1254900
2020-07-16,98.55000305175781,99.58000183105469,97.55999755859375,98.7699966430664,87.99108123779297,925800
2020-07-17,99.11000061035156,99.73999786376953,98.19999694824219,98.55000305175781,87.79509735107422,546500
2020-07-20,98.18000030517578,98.36000061035156,96.63999938964844,96.97000122070312,86.38750457763672,815600
2020-07-21,98.1500015258789,100.29000091552734,97.91000366210938,99.81999969482422,88.92650604248047,504600
2020-07-22,99.12000274658203,100.30000305175781,99.08000183105469,99.87000274658203,88.97102355957031,491600
2020-07-23,99.83999633789062,101.26000213623047,99.48999786376953,100.63999938964844,89.6570053100586,861400
2020-07-24,99.9800033569336,100.63999938964844,98.95999908447266,99.0999984741211,88.28507232666016,1438300
2020-07-27,99.13999938964844,99.55999755859375,98.12999725341797,99.48999786376953,88.63250732421875,1015200
2020-07-28,99.05999755859375,100.19999694824219,99.05999755859375,99.19999694824219,88.37413024902344,608600
2020-07-29,99.72000122070312,101.95999908447266,99.62000274658203,101.8499984741211,90.7349624633789,1436300
2020-07-30,100.05999755859375,100.87999725341797,99.0999984741211,100.62000274658203,89.6391830444336,1485100
2020-07-31,100.33000183105469,100.47000122070312,97.7300033569336,99.5,88.64141845703125,645700
2020-08-03,100.16999816894531,100.77999877929688,99.02999877929688,100.61000061035156,89.63029479980469,1054100
2020-08-04,100.26000213623047,101.6500015258789,100.22000122070312,101.55000305175781,90.46770477294922,965900
2020-08-05,102.80999755859375,103.83999633789062,102.31999969482422,103.80000305175781,92.47216033935547,1218900
2020-08-06,103.69000244140625,104.31999969482422,103.16999816894531,103.69000244140625,92.37416076660156,1428100
2020-08-07,103.4000015258789,106.16000366210938,103.05999755859375,106.16000366210938,94.5746078491211,1470600
2020-08-10,106.47000122070312,108.9000015258789,106.41000366210938,108.27999877929688,96.4632568359375,2513800
2020-08-11,109.56999969482422,110.55999755859375,107.79000091552734,108.27999877929688,96.4632568359375,2433900
2020-08-12,109.58000183105469,110.0,107.41000366210938,108.25,96.43651580810547,2529600
2020-08-13,107.81999969482422,108.61000061035156,106.91000366210938,107.23999786376953,95.53673553466797,1357900
2020-08-14,106.63999938964844,108.44999694824219,106.12999725341797,107.86000061035156,96.08908081054688,1057200
2020-08-17,108.11000061035156,108.11000061035156,106.73999786376953,107.6500015258789,95.90200805664062,1112000
2020-08-18,107.5199966430664,107.5199966430664,105.56999969482422,105.83000183105469,94.28059387207031,1553800
2020-08-19,106.06999969482422,106.83999633789062,105.37000274658203,105.5999984741211,94.0757064819336,2087900
2020-08-20,104.52999877929688,105.5,104.12000274658203,104.83000183105469,93.38973999023438,843700
2020-08-21,104.47000122070312,104.79000091552734,103.30000305175781,103.98999786376953,92.64142608642578,1113300
2020-08-24,104.79000091552734,106.41000366210938,103.75,106.41000366210938,94.79731750488281,1852300
2020-08-25,106.88999938964844,107.16999816894531,105.04000091552734,106.11000061035156,94.53006744384766,1611900
2020-08-26,106.0199966430664,106.3499984741211,104.80999755859375,104.9000015258789,93.45211029052734,3296000
2020-08-27,105.45999908447266,106.75,105.0,105.7699966430664,94.2271499633789,1575900
2020-08-28,106.3499984741211,106.63999938964844,105.5199966430664,106.58000183105469,94.94877624511719,1600300
2020-08-31,106.51000213623047,106.5199966430664,104.77999877929688,104.83999633789062,93.39866638183594,1706000
2020-09-01,104.66000366210938,105.98999786376953,103.75,105.91000366210938,94.35187530517578,1307700
2020-09-02,106.31999969482422,107.19000244140625,105.37999725341797,106.81999969482422,95.1625747680664,1692500
2020-09-03,106.66000366210938,107.97000122070312,104.4000015258789,104.91000366210938,93.46100616455078,1422300
2020-09-04,106.3499984741211,106.62999725341797,103.33999633789062,105.05999755859375,93.59465789794922,942100
2020-09-08,104.02999877929688,104.33999633789062,102.41000366210938,102.68000030517578,91.4743881225586,985100
2020-09-09,103.76000213623047,104.0,102.29000091552734,103.52999877929688,92.23162078857422,1136700
2020-09-10,103.91999816894531,104.41999816894531,101.94999694824219,101.98999786376953,90.85968017578125,1256300
2020-09-11,102.5199966430664,102.62999725341797,100.54000091552734,101.55999755859375,90.47660064697266,798900
2020-09-14,102.26000213623047,104.0199966430664,101.87999725341797,103.7300033569336,92.40980529785156,1429700
2020-09-15,104.61000061035156,104.83000183105469,103.5,103.66999816894531,92.35631561279297,927400
2020-09-16,104.08999633789062,106.13999938964844,103.72000122070312,104.8499984741211,93.40757751464844,1710500
2020-09-17,103.2300033569336,104.76000213623047,102.8499984741211,104.19000244140625,92.81958770751953,1515200
2020-09-18,104.48999786376953,105.1500015258789,102.5,103.51000213623047,92.21381378173828,1295100
2020-09-21,101.44000244140625,101.44000244140625,97.95999908447266,99.08000183105469,88.26726531982422,2017600
2020-09-22,99.41000366210938,100.12999725341797,98.22000122070312,99.2300033569336,88.40089416503906,1684400
2020-09-23,98.58000183105469,99.80999755859375,95.41000366210938,95.48999786376953,85.56658935546875,1426100
2020-09-24,95.51000213623047,97.56999969482422,94.22000122070312,95.7699966430664,85.81747436523438,1312300
2020-09-25,95.30999755859375,97.33000183105469,95.02999877929688,96.94999694824219,86.87487030029297,1245100
2020-09-28,98.33000183105469,100.41000366210938,98.33000183105469,99.98999786376953,89.59894561767578,1026500
2020-09-29,99.9000015258789,99.9000015258789,97.7300033569336,99.08999633789062,88.79247283935547,1063300
2020-09-30,99.44999694824219,101.11000061035156,98.5999984741211,99.33000183105469,89.00753021240234,659000
2020-10-01,99.98999786376953,100.9000015258789,98.98999786376953,100.9000015258789,90.41438293457031,478300
2020-10-02,98.88999938964844,102.94000244140625,98.88999938964844,102.5199966430664,91.86602020263672,1067800
2020-10-05,103.58000183105469,105.16000366210938,103.58000183105469,105.02999877929688,94.11519622802734,842800
2020-10-06,105.94999694824219,107.93000030517578,104.4800033569336,104.62000274658203,93.74776458740234,2255100
2020-10-07,105.80000305175781,107.05999755859375,105.73999786376953,106.7699966430664,95.67434692382812,1295300
2020-10-08,107.83000183105469,108.66000366210938,107.16000366210938,108.4800033569336,97.20664978027344,1146300
2020-10-09,109.55000305175781,109.86000061035156,108.04000091552734,108.47000122070312,97.19768524169922,1943700
2020-10-12,108.91000366210938,109.55999755859375,108.2699966430664,109.33000183105469,97.96832275390625,1552200
2020-10-13,108.52999877929688,108.52999877929688,107.22000122070312,107.66000366210938,96.47187805175781,1529400
2020-10-14,107.81999969482422,108.61000061035156,106.77999877929688,106.91999816894531,95.80875396728516,1406800
2020-10-15,105.69999694824219,108.63999938964844,105.48999786376953,108.47000122070312,97.19768524169922,1010600
2020-10-16,108.72000122070312,109.02999877929688,107.73999786376953,108.1500015258789,96.91094207763672,1678200
2020-10-19,108.48999786376953,109.1500015258789,106.68000030517578,106.88999938964844,95.7818832397461,948100
2020-10-20,107.81999969482422,108.8499984741211,107.37000274658203,107.73999786376953,96.54354095458984,2238100
2020-10-21,107.80000305175781,108.36000061035156,107.22000122070312,107.22000122070312,96.07758331298828,875400
2020-10-22,107.7300033569336,109.52999877929688,107.41999816894531,109.4800033569336,98.10272979736328,928400
2020-10-23,110.05000305175781,110.56999969482422,109.0999984741211,110.33000183105469,98.86438751220703,1373200
2020-10-26,108.80999755859375,109.06999969482422,106.26000213623047,107.61000061035156,96.42707061767578,1206000
2020-10-27,107.45999908447266,107.62999725341797,105.6500015258789,105.69000244140625,94.70659637451172,1846600
2020-10-28,103.30999755859375,104.0999984741211,102.0999984741211,102.13999938964844,91.5255126953125,2116100
2020-10-29,101.91999816894531,104.20999908447266,100.87999725341797,103.80000305175781,93.01300811767578,1158800
2020-10-30,103.1500015258789,104.22000122070312,102.01000213623047,102.98999786376953,92.28718566894531,1681300
2020-11-02,104.05000305175781,105.51000213623047,103.66000366210938,105.48999786376953,94.52737426757812,798000
2020-11-03,107.20999908447266,108.91000366210938,107.11000061035156,108.37999725341797,97.11705780029297,2206200
2020-11-04,106.37000274658203,107.77999877929688,104.7300033569336,106.11000061035156,95.08295440673828,2947100
2020-11-05,107.06999969482422,109.83000183105469,107.06999969482422,109.47000122070312,98.09378814697266,1459300
2020-11-06,109.83000183105469,110.23999786376953,107.87000274658203,107.98999786376953,96.76757049560547,1099300
2020-11-09,117.77999877929688,119.9800033569336,115.26000213623047,115.54000091552734,103.53297424316406,5384700
2020-11-10,116.43000030517578,119.16000366210938,116.1500015258789,118.63999938964844,106.3108139038086,4684300
2020-11-11,119.43000030517578,119.43000030517578,116.16999816894531,117.16000366210938,104.984619140625,2640800
2020-11-12,116.23999786376953,116.23999786376953,113.55000305175781,114.72000122070312,102.79817199707031,2440800
2020-11-13,115.77999877929688,118.41999816894531,115.77999877929688,117.95999908447266,105.70146942138672,3674100
2020-11-16,121.1500015258789,122.02999877929688,120.01000213623047,121.97000122070312,109.29474639892578,2140200
2020-11-17,120.95999908447266,122.7300033569336,119.5,122.27999877929688,109.57255554199219,1773700
2020-11-18,122.87999725341797,123.63999938964844,119.27999877929688,120.70999908447266,108.16569519042969,2976300
2020-11-19,120.55999755859375,121.5199966430664,119.47000122070312,121.33999633789062,108.73023986816406,1955000
2020-11-20,120.83999633789062,121.19999694824219,120.11000061035156,120.98999786376953,108.41659545898438,2075900
2020-11-23,122.27999877929688,124.68000030517578,122.01000213623047,123.95999908447266,111.07794189453125,1636500
2020-11-24,125.87999725341797,128.6199951171875,125.66000366210938,127.91000366210938,114.61746215820312,3220300
2020-11-25,127.4000015258789,127.4000015258789,125.4800033569336,126.80999755859375,113.63177490234375,1241100
2020-11-27,127.08000183105469,127.08000183105469,125.26000213623047,126.19000244140625,113.07621765136719,1041300
2020-11-30,125.68000030517578,125.79000091552734,122.44000244140625,122.62000274658203,109.87722778320312,2775600
2020-12-01,124.80999755859375,125.79000091552734,123.70999908447266,124.43000030517578,111.49911499023438,1491000
2020-12-02,124.18000030517578,125.7300033569336,123.3499984741211,125.3499984741211,112.3235092163086,1393100
2020-12-03,125.55999755859375,126.94000244140625,125.27999877929688,126.05000305175781,112.95077514648438,899600
2020-12-04,127.0,129.7100067138672,126.83999633789062,129.57000732421875,116.10496520996094,1448000
2020-12-07,129.3800048828125,129.4499969482422,128.11000061035156,128.8800048828125,115.48667907714844,1372700
2020-12-08,128.00999450683594,130.2100067138672,128.00999450683594,130.14999389648438,116.62467193603516,910800
2020-12-09,131.05999755859375,131.77999877929688,128.91000366210938,129.94000244140625,116.43650817871094,1733400
2020-12-10,128.8699951171875,130.72000122070312,128.3699951171875,130.5399932861328,116.97417449951172,880700
2020-12-11,129.6999969482422,130.4199981689453,128.3699951171875,129.4499969482422,115.99742126464844,1082200
2020-12-14,130.5,130.72999572753906,128.10000610351562,128.14999389648438,115.41384887695312,1888200
2020-12-15,129.44000244140625,131.77000427246094,128.69000244140625,131.72000122070312,118.62899780273438,1176800
2020-12-16,132.10000610351562,132.1199951171875,130.38999938964844,130.88999938964844,117.88152313232422,1082100
2020-12-17,131.3800048828125,132.07000732421875,130.5,132.05999755859375,118.93523406982422,786900
2020-12-18,132.22999572753906,132.69000244140625,130.1699981689453,130.41000366210938,117.44923400878906,716900
2020-12-21,128.22000122070312,129.83999633789062,127.55999755859375,129.47999572753906,116.61165618896484,1225000
2020-12-22,129.9499969482422,130.22000122070312,128.97999572753906,129.89999389648438,116.98993682861328,771400
2020-12-23,130.77999877929688,132.32000732421875,130.69000244140625,132.00999450683594,118.89019012451172,1588600
2020-12-24,132.72000122070312,132.72000122070312,131.2100067138672,132.00999450683594,118.89019012451172,375300
2020-12-28,133.52999877929688,133.7100067138672,132.14999389648438,132.3000030517578,119.15141296386719,1934500
2020-12-29,132.74000549316406,132.85000610351562,129.49000549316406,130.0800018310547,117.15203857421875,2852000
2020-12-30,130.3800048828125,132.14999389648438,130.3800048828125,131.69000244140625,118.60202026367188,1472300
2020-12-31,131.5800018310547,132.3699951171875,130.52999877929688,131.75,118.65606689453125,2060700
2021-01-04,132.77000427246094,133.13999938964844,128.4499969482422,130.0,117.07996368408203,1733200
2021-01-05,129.97000122070312,133.72999572753906,129.97000122070312,132.74000549316406,119.54765319824219,2473400
2021-01-06,134.9199981689453,141.27000427246094,134.88999938964844,139.75,125.86097717285156,2845500
2021-01-07,140.58999633789062,141.4499969482422,140.11000061035156,141.05999755859375,127.04077911376953,1801900
2021-01-08,141.88999938964844,141.88999938964844,137.72999572753906,139.57000732421875,125.69884490966797,813200
2021-01-11,137.99000549316406,140.02000427246094,137.61000061035156,139.9600067138672,126.05010986328125,1579500
2021-01-12,140.5800018310547,142.86000061035156,140.35000610351562,142.8000030517578,128.60784912109375,1247300
2021-01-13,143.02999877929688,143.02999877929688,140.8699951171875,141.27999877929688,127.23890686035156,1520100
2021-01-14,142.3699951171875,144.9199981689453,142.3699951171875,144.1699981689453,129.84169006347656,1928300
2021-01-15,142.0,142.7899932861328,140.22999572753906,141.97999572753906,127.86933898925781,1358800
2021-01-19,143.8800048828125,143.8800048828125,141.97999572753906,142.9600067138672,128.75192260742188,2086200
2021-01-20,143.67999267578125,144.32000732421875,142.47999572753906,143.6999969482422,129.41836547851562,1407800
2021-01-21,143.97000122070312,144.10000610351562,137.86000061035156,142.02999877929688,127.91437530517578,3553300
2021-01-22,140.47999572753906,143.9199981689453,139.8800048828125,143.7899932861328,129.4994659423828,5243700
2021-01-25,143.7899932861328,145.61000061035156,141.39999389648438,143.5399932861328,129.27427673339844,4717200
2021-01-26,144.60000610351562,144.92999267578125,142.00999450683594,142.82000732421875,128.62586975097656,1032500
2021-01-27,140.4600067138672,142.97000122070312,139.85000610351562,141.1199951171875,127.09480285644531,1790100
2021-01-28,141.7100067138672,143.5,139.55999755859375,140.25999450683594,126.32027435302734,2125300
2021-01-29,141.6699981689453,142.3800048828125,138.0500030517578,138.39999389648438,124.64514923095703,1788600
2021-02-01,140.0,141.92999267578125,138.35000610351562,141.5500030517578,127.4820556640625,1601000
2021-02-02,142.6999969482422,142.99000549316406,140.74000549316406,142.32000732421875,128.1756134033203,935500
2021-02-03,142.52999877929688,143.38999938964844,141.19000244140625,143.2100067138672,128.97711181640625,1643200
2021-02-04,143.72000122070312,146.2100067138672,143.64999389648438,146.16000366210938,131.6339111328125,1158900
2021-02-05,147.69000244140625,147.97000122070312,146.0500030517578,147.80999755859375,133.11993408203125,1391000
2021-02-08,149.16000366210938,151.75,148.89999389648438,151.74000549316406,136.65936279296875,1571900
2021-02-09,151.5800018310547,152.7100067138672,150.3300018310547,152.07000732421875,136.95657348632812,837500
2021-02-10,152.88999938964844,153.19000244140625,150.35000610351562,151.39999389648438,136.35313415527344,1171800
2021-02-11,152.27000427246094,152.89999389648438,148.99000549316406,151.30999755859375,136.27207946777344,1214400
2021-02-12,150.85000610351562,152.25999450683594,150.30999755859375,151.9600067138672,136.85748291015625,1023600
2021-02-16,153.52999877929688,153.8300018310547,151.50999450683594,152.30999755859375,137.17271423339844,900400
2021-02-17,151.1199951171875,152.0500030517578,149.8300018310547,151.42999267578125,136.3801727294922,1606400
2021-02-18,150.39999389648438,150.94000244140625,148.5800018310547,149.08999633789062,134.27268981933594,1370900
2021-02-19,150.11000061035156,152.5,150.11000061035156,152.19000244140625,137.06466674804688,1607300
2021-02-22,151.44000244140625,155.1300048828125,151.44000244140625,153.99000549316406,138.68572998046875,2058800
2021-02-23,152.58999633789062,154.2100067138672,150.38999938964844,153.49000549316406,138.23545837402344,2521700
2021-02-24,154.1199951171875,157.77000427246094,153.97000122070312,157.67999267578125,142.00900268554688,2523800
2021-02-25,158.0,158.52000427246094,152.4499969482422,152.61000061035156,137.44287109375,1814700
2021-02-26,152.92999267578125,154.27999877929688,149.60000610351562,151.60000610351562,136.5332794189453,2284200
2021-03-01,155.14999389648438,157.27999877929688,154.72999572753906,156.8699951171875,141.27947998046875,2317100
2021-03-02,156.83999633789062,156.8800048828125,154.64999389648438,154.77999877929688,139.39724731445312,2314500
2021-03-03,155.6300048828125,158.55999755859375,155.13999938964844,155.61000061035156,140.1446990966797,2605000
2021-03-04,155.17999267578125,157.05999755859375,150.1999969482422,152.97000122070312,137.76710510253906,3514600
2021-03-05,155.6199951171875,157.25999450683594,150.39999389648438,156.9600067138672,141.3605499267578,3258000
2021-03-08,158.0,161.80999755859375,157.72999572753906,160.49000549316406,144.53973388671875,2833500
2021-03-09,162.24000549316406,162.89999389648438,159.85000610351562,161.25,145.22418212890625,2014800
2021-03-10,162.35000610351562,165.6199951171875,162.07000732421875,165.2100067138672,148.79063415527344,3056600
2021-03-11,166.91000366210938,167.6300048828125,165.22999572753906,167.19000244140625,150.57388305664062,2602200
2021-03-12,167.49000549316406,169.58999633789062,167.2899932861328,169.52999877929688,152.68130493164062,6455100
2021-03-15,170.22999572753906,170.25,167.6300048828125,169.39999389648438,152.564208984375,1808800
2021-03-16,169.07000732421875,169.07000732421875,165.67999267578125,166.27000427246094,149.74526977539062,2651600
2021-03-17,165.8300018310547,167.72999572753906,164.58999633789062,167.64999389648438,150.9881134033203,2423800
2021-03-18,167.00999450683594,169.42999267578125,163.27999877929688,163.97000122070312,147.6738739013672,3451600
2021-03-19,163.52999877929688,165.74000549316406,161.11000061035156,164.47999572753906,148.13314819335938,2153600
2021-03-22,164.75999450683594,164.75999450683594,160.52999877929688,161.47999572753906,145.4313201904297,1700100
2021-03-23,159.94000244140625,160.30999755859375,154.4199981689453,155.16000366210938,139.7394561767578,2247200
2021-03-24,156.94000244140625,159.58999633789062,152.97000122070312,153.0,137.7941131591797,3303200
2021-03-25,150.9600067138672,157.52999877929688,150.27999877929688,156.74000549316406,141.5240936279297,2080700
2021-03-26,158.6699981689453,160.4199981689453,157.19000244140625,160.17999267578125,144.630126953125,2228800
2021-03-29,159.0,160.77000427246094,155.75999450683594,156.0800018310547,140.92819213867188,2044200
2021-03-30,156.3000030517578,159.2899932861328,155.77999877929688,158.77000427246094,143.35702514648438,1779300
2021-03-31,159.36000061035156,160.6999969482422,158.47000122070312,159.47000122070312,143.9890899658203,1637600
2021-04-01,159.8300018310547,161.44000244140625,159.4600067138672,161.32000732421875,145.65951538085938,1861800
2021-04-05,163.0,163.1199951171875,161.16000366210938,162.08999633789062,146.354736328125,1604200
2021-04-06,162.27999877929688,163.5500030517578,161.3000030517578,161.5500030517578,145.86715698242188,1407700
2021-04-07,161.75,161.9600067138672,159.14999389648438,159.6699981689453,144.16966247558594,1917600
2021-04-08,160.11000061035156,160.6199951171875,157.8699951171875,160.39999389648438,144.8288116455078,1884800
2021-04-09,160.58999633789062,161.08999633789062,159.9600067138672,160.64999389648438,145.0545196533203,2617400
2021-04-12,160.8000030517578,161.41000366210938,159.75,160.63999938964844,145.04550170898438,1181000
2021-04-13,160.33999633789062,160.6699981689453,157.97999572753906,159.35000610351562,143.88072204589844,1528100
2021-04-14,159.52000427246094,162.97000122070312,159.52000427246094,161.3300018310547,145.6685333251953,1435300
2021-04-15,162.44000244140625,162.44000244140625,159.97999572753906,161.74000549316406,146.0386962890625,1363900
2021-04-16,162.47999572753906,162.99000549316406,161.25999450683594,162.25,146.4991912841797,1265200
2021-04-19,161.8000030517578,162.3300018310547,159.44000244140625,160.9499969482422,145.32537841796875,1785400
2021-04-20,160.24000549316406,160.3300018310547,155.33999633789062,156.91000366210938,141.67762756347656,1954500
2021-04-21,156.77000427246094,160.3699951171875,155.57000732421875,160.35000610351562,144.78363037109375,1383400
2021-04-22,160.9600067138672,161.8000030517578,158.80999755859375,159.16000366210938,143.7091522216797,2231600
2021-04-23,159.8699951171875,163.14999389648438,159.36000061035156,162.22000122070312,146.47207641601562,1214200
2021-04-26,163.0500030517578,164.36000061035156,163.02999877929688,163.38999938964844,147.5285186767578,876000
2021-04-27,163.8300018310547,164.39999389648438,163.07000732421875,163.94000244140625,148.0251007080078,1739000
2021-04-28,163.8800048828125,164.77999877929688,163.13999938964844,164.30999755859375,148.35919189453125,1594000
2021-04-29,165.91000366210938,165.92999267578125,163.0399932861328,164.42999267578125,148.46751403808594,1181600
2021-04-30,163.00999450683594,164.2100067138672,161.8800048828125,162.3800048828125,146.61660766601562,1487900
2021-05-03,164.02000427246094,165.4199981689453,163.0800018310547,164.47999572753906,148.51272583007812,1830100
2021-05-04,163.5399932861328,164.25,161.6999969482422,163.82000732421875,147.91677856445312,1464300
2021-05-05,164.7899932861328,164.86000061035156,162.72999572753906,163.92999267578125,148.01608276367188,1397200
2021-05-06,164.17999267578125,165.16000366210938,162.17999267578125,165.16000366210938,149.126708984375,1266900
2021-05-07,164.8000030517578,167.22000122070312,164.0,166.97000122070312,150.760986328125,1818400
2021-05-10,167.3800048828125,168.2899932861328,164.13999938964844,164.2100067138672,148.26895141601562,1313900
2021-05-11,160.82000732421875,163.72999572753906,160.4199981689453,163.0,147.17640686035156,2258000
2021-05-12,162.02000427246094,163.57000732421875,157.61000061035156,157.86000061035156,142.53538513183594,1522600
2021-05-13,158.6199951171875,162.49000549316406,158.22000122070312,161.58999633789062,145.9032440185547,2086000
2021-05-14,163.0800018310547,165.4199981689453,162.4199981689453,165.14999389648438,149.11766052246094,1284600
2021-05-17,164.5,166.27999877929688,163.22000122070312,166.1699981689453,150.03863525390625,1251300
2021-05-18,166.39999389648438,166.6999969482422,163.99000549316406,164.19000244140625,148.2508544921875,912100
2021-05-19,161.39999389648438,162.47999572753906,159.3300018310547,162.47999572753906,146.70689392089844,1527700
2021-05-20,162.66000366210938,162.97000122070312,160.52999877929688,162.5399932861328,146.7610321044922,1265500
2021-05-21,164.07000732421875,165.05999755859375,162.94000244140625,163.4199981689453,147.55560302734375,975700
2021-05-24,164.27999877929688,165.11000061035156,163.08999633789062,164.44000244140625,148.4766082763672,1387800
2021-05-25,165.07000732421875,166.05999755859375,162.00999450683594,162.1699981689453,146.42694091796875,1018600
2021-05-26,162.60000610351562,165.66000366210938,162.60000610351562,165.33999633789062,149.28919982910156,1090000
2021-05-27,166.3699951171875,168.41000366210938,166.3699951171875,167.6999969482422,151.4200897216797,1651000
2021-05-28,168.9600067138672,168.9600067138672,166.3800048828125,167.52999877929688,151.2666473388672,1166400
2021-06-01,168.9199981689453,170.80999755859375,168.7899932861328,170.49000549316406,153.9392852783203,1875800
2021-06-02,171.42999267578125,172.1199951171875,169.72000122070312,171.75,155.07693481445312,2070600
2021-06-03,170.60000610351562,171.61000061035156,168.3000030517578,170.32000732421875,153.78579711914062,1373300
2021-06-04,171.13999938964844,171.27000427246094,169.44000244140625,170.38999938964844,153.84898376464844,1273000
2021-06-07,170.8699951171875,172.50999450683594,170.8699951171875,172.25999450683594,155.5374755859375,1277500
2021-06-08,172.80999755859375,174.55999755859375,171.83999633789062,173.97000122070312,157.08145141601562,1397800
2021-06-09,174.47999572753906,174.58999633789062,172.58999633789062,172.82000732421875,156.0430908203125,1126400
2021-06-10,172.99000549316406,173.32000732421875,169.6999969482422,169.86000061035156,153.7173309326172,1408700
2021-06-11,170.2100067138672,171.7100067138672,170.13999938964844,171.57000732421875,155.26483154296875,1301100
2021-06-14,171.97000122070312,172.83999633789062,169.67999267578125,170.30999755859375,154.1245574951172,1162700
2021-06-15,170.66000366210938,171.1999969482422,169.02000427246094,170.72999572753906,154.50465393066406,1091100
2021-06-16,170.2899932861328,171.1300048828125,168.75,170.61000061035156,154.39605712890625,1152100
2021-06-17,170.14999389648438,170.74000549316406,165.0,166.9199981689453,151.05673217773438,2416800
2021-06-18,164.52999877929688,165.77000427246094,161.8000030517578,162.0500030517578,146.64956665039062,3728600
2021-06-21,163.6300048828125,166.5500030517578,163.55999755859375,166.07000732421875,150.28750610351562,2431500
2021-06-22,165.8699951171875,167.22000122070312,164.33999633789062,166.7899932861328,150.93907165527344,1268400
2021-06-23,167.05999755859375,168.3000030517578,167.0500030517578,167.11000061035156,151.22866821289062,1794400
2021-06-24,168.27999877929688,169.4600067138672,167.1199951171875,169.4600067138672,153.3553466796875,2466600
2021-06-25,169.7899932861328,170.63999938964844,168.75999450683594,169.00999450683594,152.94810485839844,1662700
2021-06-28,169.1300048828125,169.1300048828125,165.44000244140625,166.7899932861328,150.93907165527344,1676400
2021-06-29,167.49000549316406,168.02000427246094,165.25,165.57000732421875,149.8350067138672,1283000
2021-06-30,165.11000061035156,166.5,164.80999755859375,165.77000427246094,150.01602172851562,1055900
2021-07-01,166.86000061035156,167.77000427246094,166.22000122070312,167.42999267578125,151.5182342529297,1587500
2021-07-02,167.57000732421875,167.58999633789062,165.1999969482422,165.52000427246094,149.78977966308594,1278900
2021-07-06,165.5500030517578,165.60000610351562,161.27999877929688,162.6699981689453,147.2106170654297,1643800
2021-07-07,162.07000732421875,163.05999755859375,160.00999450683594,161.17999267578125,145.8622283935547,2669300
2021-07-08,158.19000244140625,161.47999572753906,157.1699981689453,159.5,144.34188842773438,1604300
2021-07-09,161.2899932861328,163.3800048828125,161.10000610351562,163.19000244140625,147.6811981201172,1662400
2021-07-12,162.52000427246094,163.94000244140625,161.66000366210938,163.91000366210938,148.33274841308594,876700
2021-07-13,162.9600067138672,163.0399932861328,160.42999267578125,160.6300048828125,145.364501953125,1026800
2021-07-14,161.2100067138672,162.2899932861328,158.57000732421875,158.83999633789062,143.74462890625,1132500
2021-07-15,157.82000732421875,159.5,156.97000122070312,158.7899932861328,143.6993408203125,2078800
2021-07-16,160.27999877929688,160.27999877929688,156.07000732421875,156.4600067138672,141.5908203125,2074800
2021-07-19,153.2100067138672,154.8000030517578,151.25,152.99000549316406,138.4505615234375,3255200
2021-07-20,153.52999877929688,158.38999938964844,152.7899932861328,157.50999450683594,142.5409698486328,1536500
2021-07-21,158.7100067138672,160.9600067138672,158.58999633789062,160.13999938964844,144.92105102539062,859200
2021-07-22,159.80999755859375,159.80999755859375,156.41000366210938,157.0800018310547,142.15188598632812,1061800
2021-07-23,158.07000732421875,158.16000366210938,156.08999633789062,157.61000061035156,142.63148498535156,2012400
2021-07-26,158.38999938964844,160.17999267578125,158.25999450683594,159.11000061035156,143.9889678955078,1072500
2021-07-27,158.22000122070312,158.27999877929688,156.69000244140625,157.8699951171875,142.86679077148438,1105500
2021-07-28,158.83999633789062,160.91000366210938,157.02999877929688,159.55999755859375,144.39614868164062,1786700
2021-07-29,161.02000427246094,162.32000732421875,160.58999633789062,161.11000061035156,145.79888916015625,951900
2021-07-30,160.3800048828125,162.24000549316406,159.3000030517578,159.9600067138672,144.75820922851562,1593400
2021-08-02,160.72999572753906,162.9600067138672,158.52999877929688,158.77000427246094,143.6812744140625,1774900
2021-08-03,159.07000732421875,160.19000244140625,157.0800018310547,160.08999633789062,144.8758087158203,2426200
2021-08-04,158.52999877929688,159.35000610351562,156.8000030517578,157.02000427246094,142.09759521484375,2343800
2021-08-05,157.77000427246094,160.08999633789062,157.77000427246094,159.77999877929688,144.59527587890625,1656000
2021-08-06,161.2100067138672,162.61000061035156,160.69000244140625,161.63999938964844,146.27853393554688,1246300
2021-08-09,161.13999938964844,161.3000030517578,159.97000122070312,160.49000549316406,145.23782348632812,1019100
2021-08-10,160.75,162.02999877929688,159.86000061035156,161.72000122070312,146.3509063720703,1211200
2021-08-11,161.83999633789062,163.14999389648438,160.5399932861328,163.02000427246094,147.52737426757812,1184500
2021-08-12,163.22999572753906,163.3300018310547,161.3300018310547,162.60000610351562,147.14730834960938,2841500
2021-08-13,162.39999389648438,162.58999633789062,161.16000366210938,161.42999267578125,146.0885009765625,1045500
2021-08-16,160.5800018310547,161.0,158.9499969482422,160.25999450683594,145.02964782714844,1576400
2021-08-17,158.6699981689453,159.3699951171875,156.63999938964844,158.57000732421875,143.5002899169922,1819400
2021-08-18,158.39999389648438,159.4600067138672,156.77000427246094,156.92999267578125,142.01611328125,1008500
2021-08-19,155.42999267578125,156.4499969482422,153.9499969482422,155.1300048828125,140.38722229003906,1444300
2021-08-20,155.0,157.91000366210938,154.47000122070312,157.6999969482422,142.71299743652344,700600
2021-08-23,158.85000610351562,160.30999755859375,158.8000030517578,159.9499969482422,144.74913024902344,851500
2021-08-24,160.5399932861328,161.6300048828125,159.9499969482422,161.35000610351562,146.01608276367188,1096000
2021-08-25,161.47000122070312,163.32000732421875,160.80999755859375,162.2100067138672,146.7943572998047,967400
2021-08-26,162.16000366210938,162.41000366210938,160.0399932861328,160.36000061035156,145.1201629638672,997900
2021-08-27,160.64999389648438,165.0399932861328,160.64999389648438,164.67999267578125,149.0296173095703,1621000
2021-08-30,165.17999267578125,165.30999755859375,163.35000610351562,163.64999389648438,148.0974884033203,1328700
2021-08-31,163.47999572753906,164.6199951171875,162.91000366210938,164.0,148.41424560546875,1249100
2021-09-01,164.82000732421875,165.30999755859375,162.89999389648438,164.6999969482422,149.04769897460938,1146500
2021-09-02,165.4499969482422,166.32000732421875,164.50999450683594,165.4199981689453,149.6992950439453,972800
2021-09-03,165.35000610351562,165.41000366210938,163.91000366210938,164.6699981689453,149.0205535888672,706800
2021-09-07,164.5500030517578,165.4499969482422,163.58999633789062,163.8000030517578,148.2332305908203,544000
2021-09-08,163.2100067138672,163.67999267578125,161.42999267578125,162.16000366210938,146.7490997314453,746000
2021-09-09,161.77999877929688,163.55999755859375,161.47000122070312,161.92999267578125,146.5409698486328,723300
2021-09-10,162.88999938964844,163.0500030517578,160.13999938964844,160.25999450683594,145.02964782714844,683400
2021-09-13,161.42999267578125,162.08999633789062,160.1699981689453,161.72999572753906,146.35997009277344,1048100
2021-09-14,162.36000061035156,162.4199981689453,158.6999969482422,159.3800048828125,144.23329162597656,1306300
2021-09-15,159.38999938964844,161.4199981689453,159.2899932861328,161.27999877929688,145.95272827148438,1503200
2021-09-16,160.97999572753906,161.47000122070312,159.42999267578125,160.44000244140625,145.1925506591797,889100
2021-09-17,160.22000122070312,161.02000427246094,159.38999938964844,160.3000030517578,145.06590270996094,1320600
2021-09-20,157.00999450683594,158.02000427246094,154.9600067138672,157.16000366210938,142.22430419921875,1469300
2021-09-21,158.11000061035156,158.44000244140625,155.7899932861328,156.77999877929688,141.88038635253906,1141700
2021-09-22,158.0800018310547,160.52000427246094,158.0800018310547,158.97000122070312,143.86228942871094,1137800
2021-09-23,160.07000732421875,162.8800048828125,159.5500030517578,161.89999389648438,146.51380920410156,1130800
2021-09-24,160.24000549316406,161.86000061035156,160.00999450683594,160.86000061035156,146.27197265625,1586100
2021-09-27,161.38999938964844,165.52000427246094,161.38999938964844,164.0399932861328,149.1635284423828,1571400
2021-09-28,163.82000732421875,164.36000061035156,161.35000610351562,161.61000061035156,146.9539031982422,1523900
2021-09-29,162.11000061035156,162.60000610351562,161.08999633789062,161.94000244140625,147.2540283203125,679000
2021-09-30,162.60000610351562,162.91000366210938,160.08999633789062,160.22999572753906,145.69908142089844,877900
2021-10-01,161.05999755859375,164.3000030517578,160.14999389648438,163.14999389648438,148.35427856445312,1310300
2021-10-04,162.99000549316406,164.24000549316406,162.0,162.94000244140625,148.1632843017578,1170900
2021-10-05,163.5,164.42999267578125,162.4199981689453,163.36000061035156,148.54518127441406,1200300
2021-10-06,161.6699981689453,162.57000732421875,159.5,162.35000610351562,147.6267852783203,1399000
2021-10-07,163.17999267578125,165.5500030517578,163.17999267578125,164.52000427246094,149.59999084472656,1211900
2021-10-08,164.63999938964844,165.4499969482422,164.02000427246094,164.11000061035156,149.22720336914062,884700
2021-10-11,164.4499969482422,165.52000427246094,163.13999938964844,163.24000549316406,148.4361114501953,1080400
2021-10-12,163.27000427246094,164.4199981689453,163.02999877929688,163.8000030517578,148.94528198242188,1087300
2021-10-13,163.86000061035156,164.22999572753906,161.82000732421875,164.07000732421875,149.1908416748047,1720500
2021-10-14,165.57000732421875,166.27999877929688,164.97000122070312,166.1199951171875,151.05490112304688,1099900
2021-10-15,167.97999572753906,168.27999877929688,165.75,165.75,150.71847534179688,1742400
2021-10-18,165.14999389648438,166.50999450683594,165.02000427246094,165.6199951171875,150.60018920898438,4995700
2021-10-19,166.25,166.3699951171875,164.6199951171875,165.85000610351562,150.80941772460938,6019700
2021-10-20,165.5800018310547,167.85000610351562,165.24000549316406,167.41000366210938,152.2279510498047,1266300
2021-10-21,167.2100067138672,168.22999572753906,166.33999633789062,167.4199981689453,152.23703002929688,1122600
2021-10-22,167.4199981689453,167.88999938964844,166.16000366210938,167.17999267578125,152.01878356933594,967500
2021-10-25,167.7100067138672,168.88999938964844,167.25,168.77000427246094,153.46458435058594,1052400
2021-10-26,169.10000610351562,169.11000061035156,167.25,167.32000732421875,152.14610290527344,1401200
2021-10-27,166.91000366210938,166.91000366210938,163.91000366210938,163.97000122070312,149.09988403320312,1172600
2021-10-28,164.61000061035156,166.80999755859375,164.61000061035156,166.66000366210938,151.54595947265625,1223900
2021-10-29,166.52999877929688,167.25999450683594,165.42999267578125,166.3800048828125,151.2913360595703,832100
2021-11-01,167.22000122070312,170.7899932861328,166.9499969482422,170.50999450683594,155.0467529296875,1239100
2021-11-02,170.75,172.0399932861328,169.6199951171875,171.3300018310547,155.79246520996094,1281000
2021-11-03,171.07000732421875,175.1999969482422,170.67999267578125,174.0800018310547,158.29302978515625,1966300
2021-11-04,174.8300018310547,175.47000122070312,172.42999267578125,173.17999267578125,157.47467041015625,1163800
2021-11-05,175.02999877929688,177.32000732421875,174.94000244140625,176.4600067138672,160.4572296142578,1613200
2021-11-08,177.80999755859375,178.19000244140625,176.33999633789062,176.8800048828125,160.839111328125,1185800
2021-11-09,176.32000732421875,176.44000244140625,174.66000366210938,175.5,159.5842742919922,1506900
2021-11-10,174.8300018310547,176.11000061035156,173.27000427246094,173.89999389648438,158.1293487548828,1783300
2021-11-11,174.1999969482422,176.00999450683594,173.67999267578125,175.16000366210938,159.2750701904297,1411700
2021-11-12,175.61000061035156,175.67999267578125,174.47000122070312,174.92999267578125,159.06594848632812,1193800
2021-11-15,175.49000549316406,175.75999450683594,174.1199951171875,174.8000030517578,158.94772338867188,1182700
2021-11-16,174.27000427246094,175.16000366210938,173.64999389648438,174.66000366210938,158.8204345703125,1741800
2021-11-17,173.8300018310547,173.97999572753906,171.83999633789062,172.69000244140625,157.0290985107422,3376500
2021-11-18,173.1699981689453,173.25999450683594,170.74000549316406,172.07000732421875,156.46533203125,1519500
2021-11-19,170.47000122070312,171.36000061035156,169.66000366210938,170.38999938964844,154.93768310546875,1286900
2021-11-22,171.36000061035156,173.60000610351562,170.85000610351562,171.32000732421875,155.78330993652344,1517400
2021-11-23,171.35000610351562,172.42999267578125,170.47000122070312,171.77999877929688,156.20159912109375,1966100
2021-11-24,170.47000122070312,171.77000427246094,170.07000732421875,171.41000366210938,155.8651885986328,919600
2021-11-26,166.47000122070312,166.60000610351562,161.86000061035156,164.7899932861328,149.8455047607422,1727200
2021-11-29,167.16000366210938,167.4499969482422,163.3300018310547,164.22000122070312,149.3272247314453,1371800
2021-11-30,162.58999633789062,163.13999938964844,159.1199951171875,160.47000122070312,145.91734313964844,2809100
2021-12-01,163.75999450683594,165.0399932861328,157.22999572753906,157.30999755859375,143.04385375976562,2596800
2021-12-02,158.0500030517578,162.69000244140625,157.74000549316406,162.0800018310547,147.3812713623047,2100000
2021-12-03,162.67999267578125,163.0399932861328,158.5500030517578,160.07000732421875,145.55360412597656,1936200
2021-12-06,161.4199981689453,164.97999572753906,160.47999572753906,163.5500030517578,148.71795654296875,2307000
2021-12-07,165.6999969482422,167.44000244140625,164.88999938964844,165.8000030517578,150.7639617919922,1942100
2021-12-08,166.22999572753906,167.38999938964844,165.39999389648438,166.6699981689453,151.55503845214844,1536500
2021-12-09,165.5800018310547,165.8300018310547,163.88999938964844,163.9499969482422,149.0816650390625,1627800
2021-12-10,165.08999633789062,165.3000030517578,162.38999938964844,163.97000122070312,149.09988403320312,1454100
2021-12-13,162.6199951171875,163.05999755859375,159.99000549316406,160.69000244140625,146.9255828857422,983100
2021-12-14,159.86000061035156,162.3000030517578,159.33999633789062,159.85000610351562,146.15756225585938,2049200
2021-12-15,159.83999633789062,161.99000549316406,157.50999450683594,161.44000244140625,147.611328125,2866800
2021-12-16,162.8000030517578,163.38999938964844,159.0500030517578,159.67999267578125,146.00210571289062,2056100
2021-12-17,159.0399932861328,161.8699951171875,157.75,159.97999572753906,146.2764129638672,1973100
2021-12-20,157.6699981689453,158.07000732421875,154.9199981689453,157.64999389648438,144.14601135253906,2338200
2021-12-21,159.30999755859375,162.22000122070312,159.10000610351562,162.14999389648438,148.26048278808594,2099200
2021-12-22,162.0399932861328,163.75999450683594,161.30999755859375,163.75999450683594,149.73263549804688,1747400
2021-12-23,164.3699951171875,165.36000061035156,163.7899932861328,164.8000030517578,150.6835479736328,1618600
2021-12-27,164.92999267578125,166.5800018310547,163.63999938964844,166.49000549316406,152.22877502441406,1365200
2021-12-28,166.10000610351562,167.8000030517578,165.72000122070312,165.97000122070312,151.75331115722656,1405800
2021-12-29,165.92999267578125,166.5500030517578,165.2100067138672,166.30999755859375,152.064208984375,1256600
2021-12-30,166.30999755859375,167.8300018310547,165.80999755859375,165.91000366210938,151.69845581054688,1511000
2021-12-31,165.8000030517578,166.7899932861328,165.57000732421875,166.0500030517578,151.8264617919922,1013500
2022-01-03,166.7100067138672,169.5800018310547,166.7100067138672,168.07000732421875,153.67343139648438,1591300
2022-01-04,168.92999267578125,170.25,168.6699981689453,169.2100067138672,154.71583557128906,2357300
2022-01-05,169.66000366210938,170.49000549316406,165.3699951171875,165.47000122070312,151.29612731933594,2067300
2022-01-06,166.27999877929688,167.8000030517578,164.9600067138672,166.86000061035156,152.5670928955078,1929600
2022-01-07,166.86000061035156,167.83999633789062,165.60000610351562,166.11000061035156,151.88133239746094,1367500
2022-01-10,165.47000122070312,165.89999389648438,163.25999450683594,165.4199981689453,151.25039672851562,2775200
2022-01-11,165.6199951171875,166.80999755859375,163.5800018310547,166.6199951171875,152.34764099121094,1175900
2022-01-12,167.3000030517578,167.66000366210938,164.9199981689453,165.92999267578125,151.7167510986328,1454600
2022-01-13,166.2899932861328,167.91000366210938,165.17999267578125,165.60000610351562,151.4149932861328,2034800
2022-01-14,164.44000244140625,166.6699981689453,164.02999877929688,166.61000061035156,152.3385009765625,1439800
2022-01-18,165.50999450683594,165.75999450683594,162.3699951171875,162.5500030517578,148.62628173828125,1407400
2022-01-19,163.39999389648438,163.47999572753906,159.77999877929688,159.92999267578125,146.23068237304688,2158100
2022-01-20,160.25999450683594,162.47999572753906,156.44000244140625,156.74000549316406,143.3139190673828,2068200
2022-01-21,156.19000244140625,158.5399932861328,154.41000366210938,154.47000122070312,141.23837280273438,3206900
2022-01-24,151.88999938964844,157.8300018310547,150.5,157.24000549316406,143.7711181640625,2825000
2022-01-25,155.25,158.0800018310547,152.38999938964844,156.33999633789062,142.9481964111328,1703600
2022-01-26,158.22999572753906,159.67999267578125,152.5,154.3699951171875,141.14691162109375,1509800
2022-01-27,155.41000366210938,157.11000061035156,150.3300018310547,151.25,138.29417419433594,2661400
2022-01-28,151.33999633789062,153.42999267578125,148.4600067138672,153.35000610351562,140.21434020996094,2577300
2022-01-31,152.42999267578125,156.33999633789062,151.85000610351562,156.33999633789062,142.9481964111328,1384900
2022-02-01,156.7100067138672,158.0500030517578,154.1999969482422,157.77000427246094,144.2557373046875,2516100
2022-02-02,158.02999877929688,158.02999877929688,155.22000122070312,156.8000030517578,143.36880493164062,2611500
2022-02-03,155.42999267578125,157.11000061035156,154.3300018310547,154.55999755859375,141.3206787109375,1902400
2022-02-04,154.35000610351562,156.02000427246094,152.38999938964844,154.97000122070312,141.69557189941406,1259900
2022-02-07,154.89999389648438,156.5500030517578,154.58999633789062,155.3699951171875,142.06129455566406,1580300
2022-02-08,155.7100067138672,157.86000061035156,155.66000366210938,157.52999877929688,144.0362548828125,1535100
2022-02-09,158.61000061035156,159.5500030517578,158.2899932861328,159.4499969482422,145.79180908203125,1168800
2022-02-10,157.47999572753906,161.1699981689453,156.50999450683594,157.52000427246094,144.02711486816406,1710400
2022-02-11,157.74000549316406,159.64999389648438,155.67999267578125,156.8800048828125,143.4419403076172,2114700
2022-02-14,157.24000549316406,158.07000732421875,155.17999267578125,156.1699981689453,142.7927703857422,1999700
2022-02-15,157.6199951171875,159.9199981689453,157.25999450683594,159.72000122070312,146.03866577148438,1507900
2022-02-16,159.47000122070312,160.97000122070312,159.00999450683594,160.32000732421875,146.58726501464844,1146100
2022-02-17,159.3300018310547,159.5399932861328,156.9199981689453,157.49000549316406,143.99972534179688,1653200
2022-02-18,156.3300018310547,158.7899932861328,156.24000549316406,156.60000610351562,143.18592834472656,2847700
2022-02-22,156.1199951171875,157.0,153.49000549316406,154.50999450683594,141.2749481201172,2872200
2022-02-23,155.80999755859375,156.3000030517578,152.0,152.30999755859375,139.26339721679688,2513100
2022-02-24,149.22999572753906,154.8300018310547,149.0,154.55999755859375,141.3206787109375,3551100
2022-02-25,155.10000610351562,158.4199981689453,154.5800018310547,158.3800048828125,144.81349182128906,1569000
2022-02-28,156.94000244140625,159.57000732421875,156.64999389648438,158.74000549316406,145.1426239013672,1654400
2022-03-01,158.55999755859375,159.14999389648438,154.58999633789062,155.82000732421875,142.4727783203125,1755700
2022-03-02,156.8699951171875,160.8300018310547,156.77000427246094,159.97000122070312,146.26727294921875,1502200
2022-03-03,160.66000366210938,160.75,157.97000122070312,159.41000366210938,145.7552490234375,1573400
2022-03-04,157.8300018310547,158.02999877929688,156.07000732421875,157.7899932861328,144.2740020751953,2455300
2022-03-07,157.9199981689453,158.69000244140625,154.44000244140625,154.55999755859375,141.3206787109375,2568800
2022-03-08,155.16000366210938,158.52999877929688,154.72999572753906,155.25,141.95155334472656,1733600
2022-03-09,157.49000549316406,159.02000427246094,156.97999572753906,158.2899932861328,144.73114013671875,1360300
2022-03-10,156.39999389648438,158.8000030517578,156.27000427246094,158.6199951171875,145.03289794921875,1190900
2022-03-11,159.38999938964844,160.2100067138672,157.02999877929688,157.07000732421875,143.61566162109375,2063600
2022-03-14,157.74000549316406,157.9199981689453,154.55999755859375,155.5,142.1800994873047,1544100
2022-03-15,155.4199981689453,156.7899932861328,154.86000061035156,156.72000122070312,143.29563903808594,2206100
2022-03-16,157.80999755859375,160.27000427246094,156.47999572753906,160.27000427246094,146.54156494140625,1333200
2022-03-17,159.3300018310547,161.94000244140625,159.1699981689453,161.6999969482422,147.8490753173828,2102700
2022-03-18,161.25999450683594,162.52000427246094,160.27999877929688,162.27000427246094,148.37025451660156,1771600
2022-03-21,162.8000030517578,163.8699951171875,160.83999633789062,161.89999389648438,148.0319366455078,1125800
2022-03-22,162.58999633789062,164.30999755859375,161.72000122070312,162.9499969482422,148.9920196533203,1143500
2022-03-23,162.42999267578125,162.6300048828125,160.47000122070312,160.63999938964844,146.87989807128906,1348900
2022-03-24,160.60000610351562,161.5800018310547,159.5500030517578,161.5399932861328,148.18150329589844,885800
2022-03-25,161.50999450683594,163.24000549316406,161.50999450683594,163.0500030517578,149.56666564941406,2451300
2022-03-28,162.6300048828125,162.7100067138672,160.74000549316406,162.67999267578125,149.22726440429688,1457600
2022-03-29,164.05999755859375,166.3800048828125,163.60000610351562,166.0399932861328,152.30938720703125,2587600
2022-03-30,166.11000061035156,166.3300018310547,162.4199981689453,163.16000366210938,149.66758728027344,2918400
2022-03-31,162.8800048828125,164.25999450683594,161.27999877929688,161.39999389648438,148.05308532714844,1433600
2022-04-01,162.27999877929688,163.0,161.02999877929688,162.7100067138672,149.2547607421875,1077600
2022-04-04,163.0,163.14999389648438,160.74000549316406,162.49000549316406,149.05300903320312,3036300
2022-04-05,162.50999450683594,163.63999938964844,158.5500030517578,158.86000061035156,145.72317504882812,4115200
2022-04-06,158.1300048828125,158.47999572753906,156.5800018310547,157.38999938964844,144.37472534179688,1225600
2022-04-07,157.38999938964844,157.8000030517578,154.82000732421875,156.61000061035156,143.65921020507812,1661000
2022-04-08,156.60000610351562,157.6300048828125,155.64999389648438,156.1300048828125,143.21888732910156,1165800
2022-04-11,155.75999450683594,157.41000366210938,154.77999877929688,155.11000061035156,142.28323364257812,1730300
2022-04-12,156.52999877929688,158.39999389648438,155.25,155.77999877929688,142.89785766601562,1045600
2022-04-13,156.2100067138672,158.91000366210938,156.19000244140625,158.58999633789062,145.4754638671875,880600
2022-04-14,159.02000427246094,159.91000366210938,157.75,157.94000244140625,144.8792266845703,1637500
2022-04-18,157.61000061035156,158.5500030517578,156.77999877929688,157.52999877929688,144.50311279296875,1457400
2022-04-19,157.64999389648438,160.6999969482422,157.64999389648438,160.35000610351562,147.0899658203125,2585000
2022-04-20,161.36000061035156,162.5399932861328,161.0399932861328,161.42999267578125,148.0806121826172,2895400
2022-04-21,162.7100067138672,163.1300048828125,157.89999389648438,158.4499969482422,145.34701538085938,1723600
2022-04-22,157.77999877929688,157.91000366210938,154.25,154.55999755859375,141.7787322998047,1740700
2022-04-25,153.0800018310547,154.7899932861328,150.66000366210938,154.5800018310547,141.7970733642578,2682300
2022-04-26,153.3699951171875,153.97000122070312,150.38999938964844,150.58999633789062,138.13702392578125,1697900
2022-04-27,150.85000610351562,151.86000061035156,149.5399932861328,150.25,137.8251495361328,2201400
2022-04-28,151.6300048828125,153.75,148.74000549316406,153.0500030517578,140.3936004638672,1895600
2022-04-29,152.47000122070312,153.61000061035156,148.39999389648438,148.82000732421875,136.51339721679688,2050700
2022-05-02,148.83999633789062,150.49000549316406,146.11000061035156,149.3000030517578,136.9537353515625,2118600
2022-05-03,149.41000366210938,152.25999450683594,148.88999938964844,151.49000549316406,138.962646484375,1789500
2022-05-04,151.82000732421875,155.72000122070312,150.0800018310547,155.5,142.6409454345703,1991100
2022-05-05,154.16000366210938,154.19000244140625,148.5399932861328,150.27000427246094,137.843505859375,3004600
2022-05-06,149.83999633789062,150.2899932861328,146.97000122070312,148.69000244140625,136.39414978027344,1870200
2022-05-09,146.5500030517578,147.07000732421875,142.91000366210938,143.50999450683594,131.64251708984375,2121600
2022-05-10,145.10000610351562,145.88999938964844,140.16000366210938,142.86000061035156,131.04624938964844,1929800
2022-05-11,143.00999450683594,145.86000061035156,140.2899932861328,140.57000732421875,128.94561767578125,1904800
2022-05-12,139.8699951171875,142.47000122070312,138.80999755859375,141.57000732421875,129.8629150390625,1904800
2022-05-13,143.07000732421875,145.5500030517578,143.0500030517578,144.44000244140625,132.49560546875,3303800
2022-05-16,144.30999755859375,145.6300048828125,143.30999755859375,144.7100067138672,132.74325561523438,1024600
2022-05-17,146.72000122070312,149.0399932861328,146.42999267578125,148.97999572753906,136.66014099121094,1468100
2022-05-18,147.80999755859375,148.2100067138672,143.58999633789062,144.33999633789062,132.40386962890625,1479200
2022-05-19,143.3800048828125,145.66000366210938,143.0,143.92999267578125,132.0277557373047,1308600
2022-05-20,145.27000427246094,145.58999633789062,140.35000610351562,143.47999572753906,131.614990234375,1575800
2022-05-23,144.97999572753906,146.3000030517578,143.66000366210938,145.61000061035156,133.56887817382812,1415100
2022-05-24,144.6199951171875,144.9600067138672,141.5,144.3300018310547,132.39466857910156,1739700
2022-05-25,143.94000244140625,147.86000061035156,143.94000244140625,147.0800018310547,134.91729736328125,1509900
2022-05-26,148.05999755859375,150.75999450683594,148.05999755859375,149.83999633789062,137.44906616210938,1157500
2022-05-27,150.5500030517578,153.27999877929688,150.30999755859375,153.27999877929688,140.6045379638672,995600
2022-05-31,152.75999450683594,153.0500030517578,150.9499969482422,151.69000244140625,139.14608764648438,1746800
2022-06-01,152.24000549316406,152.80999755859375,149.13999938964844,151.39999389648438,138.8800506591797,1087600
2022-06-02,151.57000732421875,154.00999450683594,150.97000122070312,154.00999450683594,141.27418518066406,834600
2022-06-03,153.02000427246094,153.5800018310547,152.17999267578125,153.00999450683594,140.35690307617188,1220000
2022-06-06,154.44000244140625,154.57000732421875,153.25999450683594,153.91000366210938,141.18251037597656,1259600
2022-06-07,152.77000427246094,156.2899932861328,152.60000610351562,156.1699981689453,143.25559997558594,1195300
2022-06-08,155.55999755859375,155.7100067138672,152.72000122070312,153.5,140.80641174316406,1706300
2022-06-09,152.39999389648438,152.57000732421875,149.97999572753906,150.00999450683594,138.12506103515625,1562200
2022-06-10,147.8800048828125,148.3800048828125,145.60000610351562,146.47999572753906,134.87477111816406,1192200
2022-06-13,142.33999633789062,143.6199951171875,139.1300048828125,139.77999877929688,128.7056121826172,2107100
2022-06-14,140.3000030517578,140.9199981689453,137.7899932861328,139.1999969482422,128.17156982421875,1435600
2022-06-15,140.30999755859375,142.5,138.63999938964844,140.8000030517578,129.64479064941406,941400
2022-06-16,137.7100067138672,138.10000610351562,133.74000549316406,134.47000122070312,123.81632995605469,2360100
2022-06-17,135.0399932861328,136.88999938964844,133.5500030517578,134.83999633789062,124.15697479248047,1215600
2022-06-21,136.72999572753906,138.60000610351562,135.99000549316406,137.02999877929688,126.1734619140625,1409100
2022-06-22,135.00999450683594,137.38999938964844,134.8699951171875,136.1999969482422,125.40922546386719,1583700
2022-06-23,136.4199981689453,136.9199981689453,134.1300048828125,136.24000549316406,125.44605255126953,1211800
2022-06-24,137.1999969482422,140.25999450683594,137.0500030517578,139.97999572753906,128.88973999023438,2862200
2022-06-27,140.9499969482422,141.7100067138672,139.67999267578125,140.60000610351562,129.46066284179688,1433800
2022-06-28,141.38999938964844,142.69000244140625,138.3699951171875,138.44000244140625,127.47177124023438,940100
2022-06-29,138.38999938964844,138.5800018310547,135.63999938964844,136.8699951171875,126.02613830566406,1806300
2022-06-30,134.86000061035156,137.30999755859375,133.92999267578125,136.14999389648438,125.3631820678711,2111900
2022-07-01,135.75999450683594,138.3800048828125,134.9600067138672,138.1199951171875,127.17710876464844,1230100
2022-07-05,135.99000549316406,138.5500030517578,133.97999572753906,138.49000549316406,127.51779174804688,1487200
2022-07-06,138.08999633789062,138.9499969482422,135.82000732421875,137.25999450683594,126.3852767944336,1341000
2022-07-07,138.3699951171875,140.11000061035156,138.3000030517578,139.66000366210938,128.59510803222656,724800
2022-07-08,139.57000732421875,140.61000061035156,138.25999450683594,139.50999450683594,128.45700073242188,704800
2022-07-11,138.69000244140625,139.10000610351562,136.8000030517578,137.13999938964844,126.27478790283203,803600
2022-07-12,136.57000732421875,138.8000030517578,136.57000732421875,137.39999389648438,126.51412963867188,1269800
2022-07-13,135.5399932861328,137.5800018310547,135.1699981689453,136.99000549316406,126.13665008544922,874000
2022-07-14,135.0500030517578,135.63999938964844,133.64999389648438,135.3800048828125,124.65418243408203,1509800
2022-07-15,137.42999267578125,138.5399932861328,135.3800048828125,138.27999877929688,127.32443237304688,1323800
2022-07-18,139.85000610351562,140.77000427246094,137.89999389648438,138.25,127.29680633544922,1213000
2022-07-19,139.92999267578125,143.17999267578125,139.92999267578125,142.92999267578125,131.6060028076172,1279700
2022-07-20,142.69000244140625,145.0,142.61000061035156,144.74000549316406,133.27264404296875,1112600
2022-07-21,143.9499969482422,145.0,142.3300018310547,144.92999267578125,133.44754028320312,1307800
2022-07-22,145.3300018310547,145.7100067138672,141.9499969482422,143.10000610351562,131.7625732421875,1768700
2022-07-25,143.7100067138672,144.5800018310547,142.67999267578125,144.1999969482422,132.775390625,951300
2022-07-26,143.75,144.16000366210938,143.0800018310547,143.5500030517578,132.1769256591797,606600
2022-07-27,144.5399932861328,147.1999969482422,144.07000732421875,146.6199951171875,135.00367736816406,634900
2022-07-28,147.13999938964844,148.47999572753906,145.38999938964844,148.3300018310547,136.57818603515625,1182600
2022-07-29,148.42999267578125,149.64999389648438,147.86000061035156,149.25,137.4253387451172,1069700
2022-08-01,148.3000030517578,150.1199951171875,147.16000366210938,149.32000732421875,137.48977661132812,937700
2022-08-02,148.89999389648438,150.25999450683594,148.0399932861328,148.49000549316406,136.7255401611328,1359200
2022-08-03,149.38999938964844,150.6999969482422,149.0,150.25999450683594,138.35528564453125,896700
2022-08-04,150.38999938964844,150.4499969482422,149.39999389648438,149.8000030517578,137.93170166015625,823800
2022-08-05,148.6300048828125,150.82000732421875,148.35000610351562,150.6699981689453,138.73281860351562,783800
2022-08-08,151.55999755859375,153.41000366210938,151.52000427246094,152.19000244140625,140.13238525390625,1519700
2022-08-09,151.69000244140625,151.77999877929688,150.0,150.82000732421875,138.8709259033203,818500
2022-08-10,153.0399932861328,154.7899932861328,152.89999389648438,154.41000366210938,142.17649841308594,1149100
2022-08-11,155.9199981689453,157.5399932861328,155.0500030517578,155.30999755859375,143.00518798828125,1073400
2022-08-12,156.16000366210938,158.5800018310547,155.6699981689453,158.47000122070312,145.9148406982422,1091500
2022-08-15,157.13999938964844,159.0800018310547,156.61000061035156,159.07000732421875,146.46731567382812,2690400
2022-08-16,158.4600067138672,160.2100067138672,158.0500030517578,159.3800048828125,146.7527313232422,705500
2022-08-17,157.66000366210938,158.0,155.91000366210938,156.77000427246094,144.34950256347656,760600
2022-08-18,156.8000030517578,157.6199951171875,156.1999969482422,157.3800048828125,144.91123962402344,593300
2022-08-19,155.8000030517578,156.19000244140625,153.7899932861328,154.27000427246094,142.04759216308594,1056300
2022-08-22,151.97999572753906,152.25999450683594,150.36000061035156,150.77999877929688,138.83412170410156,1377400
2022-08-23,151.0500030517578,152.3300018310547,150.6199951171875,150.8300018310547,138.88014221191406,467000
2022-08-24,150.82000732421875,152.2100067138672,150.10000610351562,151.52999877929688,139.52467346191406,1034700
2022-08-25,152.14999389648438,153.8699951171875,151.75999450683594,153.85000610351562,141.66085815429688,710400
2022-08-26,154.0,154.0500030517578,149.02999877929688,149.22000122070312,137.39767456054688,1239800
2022-08-29,147.89999389648438,149.0,147.5399932861328,147.82000732421875,136.10861206054688,1430800
2022-08-30,148.22000122070312,148.3699951171875,145.07000732421875,145.7100067138672,134.16580200195312,642900
2022-08-31,145.86000061035156,146.35000610351562,144.4499969482422,144.67999267578125,133.21737670898438,1032000
2022-09-01,143.3800048828125,143.64999389648438,141.75999450683594,143.4499969482422,132.08480834960938,1040300
2022-09-02,145.0800018310547,145.4499969482422,141.6999969482422,142.44000244140625,131.15484619140625,1421100
2022-09-06,142.91000366210938,142.97999572753906,140.2100067138672,140.75,129.5987548828125,1097000
2022-09-07,140.60000610351562,143.67999267578125,140.3699951171875,143.42999267578125,132.06640625,1517800
2022-09-08,142.3300018310547,144.4199981689453,141.42999267578125,144.2899932861328,132.85829162597656,1507800
2022-09-09,145.6300048828125,147.3699951171875,145.41000366210938,147.17999267578125,135.51930236816406,1872500
2022-09-12,148.22999572753906,149.42999267578125,147.92999267578125,149.0500030517578,137.2411651611328,1183600
2022-09-13,145.72999572753906,146.30999755859375,142.8000030517578,143.4600067138672,132.09405517578125,1280600
2022-09-14,143.80999755859375,143.8300018310547,141.9499969482422,143.60000610351562,132.2229766845703,790300
2022-09-15,142.8000030517578,144.97999572753906,142.42999267578125,142.86000061035156,131.54156494140625,2141600
2022-09-16,141.19000244140625,141.5399932861328,139.60000610351562,141.39999389648438,130.19725036621094,1064600
2022-09-19,139.9499969482422,143.1300048828125,139.9499969482422,142.97000122070312,131.6428680419922,1046500
2022-09-20,141.75999450683594,141.75999450683594,140.00999450683594,141.07000732421875,129.89340209960938,1125200
2022-09-21,141.99000549316406,143.08999633789062,138.89999389648438,138.97000122070312,127.95977020263672,1047800
2022-09-22,138.72000122070312,139.1300048828125,135.69000244140625,136.2100067138672,125.4184341430664,1627800
2022-09-23,134.36000061035156,134.44000244140625,131.1300048828125,132.97999572753906,122.44434356689453,1372700
2022-09-26,131.19000244140625,133.50999450683594,129.41000366210938,129.88999938964844,120.42140197753906,2466200
2022-09-27,131.0500030517578,132.08999633789062,128.66000366210938,129.6300048828125,120.18035125732422,2253400
2022-09-28,130.30999755859375,134.02999877929688,129.77999877929688,133.10000610351562,123.39739990234375,1631900
2022-09-29,131.5800018310547,131.58999633789062,128.24000549316406,129.77999877929688,120.31941986083984,2200700
2022-09-30,129.60000610351562,132.16000366210938,128.8000030517578,128.92999267578125,119.53138732910156,1785300
2022-10-03,130.77000427246094,132.8300018310547,129.0,132.1699981689453,122.5351791381836,1435100
2022-10-04,134.24000549316406,137.39999389648438,134.24000549316406,137.35000610351562,127.33757019042969,1595100
2022-10-05,135.39999389648438,136.47000122070312,133.77000427246094,136.0500030517578,126.13235473632812,815700
2022-10-06,135.50999450683594,136.88999938964844,134.42999267578125,135.11000061035156,125.2608871459961,550000
2022-10-07,134.05999755859375,134.41000366210938,131.1699981689453,131.75999450683594,122.15509796142578,1283400
2022-10-10,132.00999450683594,132.67999267578125,130.66000366210938,131.32000732421875,121.74716186523438,844200
2022-10-11,130.66000366210938,133.38999938964844,129.63999938964844,131.8300018310547,122.219970703125,1234200
2022-10-12,131.75,132.49000549316406,130.25,131.57000732421875,121.97892761230469,1362000
2022-10-13,129.16000366210938,135.77999877929688,128.30999755859375,135.22000122070312,125.36288452148438,1354600
2022-10-14,136.30999755859375,137.24000549316406,132.16000366210938,132.2100067138672,122.57227325439453,666200
2022-10-17,134.72000122070312,136.4600067138672,134.72000122070312,136.0800018310547,126.16018676757812,1181000
2022-10-18,138.6999969482422,139.86000061035156,136.60000610351562,137.63999938964844,127.6064682006836,1205300
2022-10-19,136.30999755859375,137.1699981689453,134.02999877929688,135.50999450683594,125.6317138671875,1217900
2022-10-20,135.86000061035156,137.1999969482422,133.10000610351562,133.55999755859375,123.8238525390625,1301700
2022-10-21,133.92999267578125,136.97000122070312,133.27000427246094,136.5500030517578,126.59590148925781,1345700
2022-10-24,137.07000732421875,137.7899932861328,135.75,137.3300018310547,127.31903839111328,989300
2022-10-25,137.3300018310547,141.32000732421875,137.3300018310547,140.6199951171875,130.36923217773438,966300
2022-10-26,141.44000244140625,143.57000732421875,140.6999969482422,141.25,130.95326232910156,1040200
2022-10-27,142.63999938964844,144.1199951171875,141.74000549316406,141.89999389648438,131.55587768554688,789400
2022-10-28,142.4600067138672,145.30999755859375,141.66000366210938,145.11000061035156,134.53189086914062,1306200
2022-10-31,144.5399932861328,145.77999877929688,144.00999450683594,145.32000732421875,134.72659301757812,1798300
2022-11-01,146.7100067138672,146.72000122070312,144.94000244140625,145.5800018310547,134.96766662597656,964900
2022-11-02,144.94000244140625,146.5800018310547,141.0800018310547,141.22000122070312,130.92547607421875,1108000
2022-11-03,139.66000366210938,141.1199951171875,138.3699951171875,140.35000610351562,130.118896484375,1449900
2022-11-04,142.52999877929688,143.50999450683594,140.5399932861328,142.91000366210938,132.49227905273438,787400
2022-11-07,143.5800018310547,144.5,142.32000732421875,143.52999877929688,133.0670928955078,1565300
2022-11-08,144.1999969482422,145.22999572753906,141.77000427246094,143.41000366210938,132.95584106445312,664300
2022-11-09,142.3699951171875,143.05999755859375,139.91000366210938,140.22999572753906,130.0076446533203,671500
2022-11-10,145.77000427246094,148.3800048828125,145.07000732421875,148.17999267578125,137.3780975341797,1383400
2022-11-11,148.72999572753906,150.66000366210938,148.35000610351562,149.14999389648438,138.2773895263672,1183600
2022-11-14,148.3000030517578,149.85000610351562,147.3800048828125,147.52000427246094,136.76620483398438,781200
2022-11-15,149.60000610351562,150.8699951171875,148.1199951171875,149.1300048828125,138.25889587402344,733800
2022-11-16,148.4499969482422,148.5,146.1999969482422,146.55999755859375,135.87619018554688,1305900
2022-11-17,144.57000732421875,145.6300048828125,143.85000610351562,145.49000549316406,134.88421630859375,894700
2022-11-18,147.75,147.75,145.5,146.3800048828125,135.7093048095703,1698800
2022-11-21,145.72000122070312,146.27000427246094,144.99000549316406,146.1199951171875,135.46829223632812,1214000
2022-11-22,146.89999389648438,147.91000366210938,146.35000610351562,147.72999572753906,136.96090698242188,846900
2022-11-23,147.25999450683594,148.13999938964844,146.74000549316406,147.6999969482422,136.93309020996094,562900
2022-11-25,147.52999877929688,148.75,147.42999267578125,148.11000061035156,137.3131866455078,482300
2022-11-28,146.85000610351562,147.5800018310547,144.7100067138672,145.1699981689453,134.58755493164062,1197900
2022-11-29,145.17999267578125,146.69000244140625,145.17999267578125,146.00999450683594,135.3662872314453,921000
2022-11-30,146.64999389648438,149.60000610351562,144.58999633789062,149.44000244140625,138.54629516601562,1475000
2022-12-01,150.19000244140625,151.05999755859375,148.5399932861328,148.8300018310547,137.98072814941406,1625600
2022-12-02,147.47999572753906,150.19000244140625,147.17999267578125,149.63999938964844,138.731689453125,817700
2022-12-05,149.22999572753906,149.22999572753906,145.07000732421875,145.61000061035156,134.99546813964844,1517100
2022-12-06,145.5,145.9499969482422,143.3000030517578,144.11000061035156,133.60479736328125,1090300
2022-12-07,144.08999633789062,145.0500030517578,143.14999389648438,143.41000366210938,132.95584106445312,1078900
2022-12-08,144.16000366210938,145.4199981689453,143.47999572753906,144.3000030517578,133.78097534179688,1374300
2022-12-09,143.60000610351562,144.22999572753906,142.67999267578125,142.74000549316406,132.3346710205078,1296800
2022-12-12,143.07000732421875,144.33999633789062,142.0399932861328,144.02000427246094,133.52134704589844,1633000
2022-12-13,146.52000427246094,147.89999389648438,142.8699951171875,143.57000732421875,133.9795684814453,1343700
2022-12-14,143.5500030517578,144.80999755859375,141.83999633789062,142.67999267578125,133.1490020751953,1830900
2022-12-15,141.14999389648438,141.39999389648438,138.99000549316406,139.4499969482422,130.134765625,1405700
2022-12-16,137.74000549316406,138.99000549316406,137.0500030517578,138.3000030517578,129.06161499023438,2522800
2022-12-19,138.63999938964844,138.75999450683594,136.3800048828125,136.9199981689453,127.77377319335938,1454200
2022-12-20,136.9199981689453,138.16000366210938,136.25999450683594,137.3800048828125,128.2030487060547,789600
2022-12-21,138.63999938964844,140.3000030517578,138.52000427246094,139.41000366210938,130.0974578857422,1598400
2022-12-22,138.3000030517578,138.3000030517578,135.63999938964844,137.92999267578125,128.71630859375,1521000
2022-12-23,137.85000610351562,138.86000061035156,137.1300048828125,138.7899932861328,129.51889038085938,774300
2022-12-27,139.00999450683594,139.10000610351562,137.72999572753906,138.25,129.0149383544922,1377200
2022-12-28,138.39999389648438,138.77000427246094,136.02000427246094,136.0500030517578,126.9619140625,1137400
2022-12-29,137.0500030517578,139.47000122070312,136.72000122070312,139.22999572753906,129.92945861816406,1320200
2022-12-30,138.0800018310547,139.02000427246094,137.6300048828125,138.6699981689453,129.4068603515625,1041200
2023-01-03,139.88999938964844,141.0500030517578,137.1999969482422,138.25,129.0149383544922,1818300
2023-01-04,139.02999877929688,141.10000610351562,139.02999877929688,140.17999267578125,130.81597900390625,716300
2023-01-05,139.3300018310547,139.47999572753906,137.8000030517578,138.83999633789062,129.56552124023438,730900
2023-01-06,139.9499969482422,142.22000122070312,139.22999572753906,141.9199981689453,132.43978881835938,1350800
2023-01-09,142.94000244140625,143.3000030517578,141.4199981689453,141.69000244140625,132.2251434326172,1372000
2023-01-10,141.49000549316406,143.52000427246094,141.05999755859375,143.4600067138672,133.87692260742188,983000
2023-01-11,144.1300048828125,145.3000030517578,143.8300018310547,145.22999572753906,135.5286865234375,1065400
2023-01-12,146.1300048828125,147.83999633789062,144.94000244140625,147.6699981689453,137.80567932128906,1200300
2023-01-13,146.69000244140625,148.61000061035156,146.3300018310547,148.3699951171875,138.45892333984375,490300
2023-01-17,148.3800048828125,148.8699951171875,147.69000244140625,148.0,138.11361694335938,1591900
2023-01-18,148.6999969482422,149.3300018310547,145.2899932861328,145.44000244140625,135.72462463378906,1424900
2023-01-19,144.36000061035156,145.0500030517578,143.22000122070312,144.3699951171875,134.72613525390625,1426900
2023-01-20,145.0399932861328,146.77000427246094,143.9499969482422,146.6999969482422,136.90048217773438,1636600
2023-01-23,147.0,148.77000427246094,146.32000732421875,148.02000427246094,138.13233947753906,1696500
2023-01-24,147.52999877929688,148.4499969482422,146.86000061035156,147.8800048828125,138.0016632080078,895600
2023-01-25,146.83999633789062,148.4600067138672,145.88999938964844,148.3800048828125,138.46824645996094,1091200
2023-01-26,149.61000061035156,150.0,147.47999572753906,149.11000061035156,139.14947509765625,1180400
2023-01-27,149.0,150.6300048828125,148.66000366210938,150.02000427246094,139.99871826171875,1985400
2023-01-30,148.6999969482422,150.1699981689453,148.19000244140625,148.3800048828125,138.46824645996094,1897900
2023-01-31,148.77000427246094,152.14999389648438,148.77000427246094,152.07000732421875,141.91175842285156,1988000
2023-02-01,151.6999969482422,155.3800048828125,150.8800048828125,153.8800048828125,143.600830078125,1492100
2023-02-02,155.22999572753906,157.49000549316406,154.6999969482422,156.9600067138672,146.4751434326172,884400
2023-02-03,155.8800048828125,157.64999389648438,155.25999450683594,156.36000061035156,145.91522216796875,1869800
2023-02-06,155.7100067138672,155.9600067138672,153.4499969482422,154.17999267578125,143.88082885742188,694000
2023-02-07,153.75999450683594,155.47000122070312,152.44000244140625,154.99000549316406,144.63668823242188,854900
2023-02-08,154.3800048828125,154.52999877929688,152.38999938964844,152.80999755859375,142.60231018066406,299800
2023-02-09,154.13999938964844,154.2899932861328,150.07000732421875,150.50999450683594,140.45596313476562,1110200
2023-02-10,150.05999755859375,151.14999389648438,149.5800018310547,150.91000366210938,140.8292694091797,1636700
2023-02-13,151.0800018310547,152.72000122070312,150.19000244140625,152.63999938964844,142.44369506835938,695500
2023-02-14,152.0500030517578,153.41000366210938,150.6300048828125,152.22999572753906,142.0610809326172,560300
2023-02-15,151.22000122070312,153.75999450683594,150.7899932861328,153.63999938964844,143.37686157226562,1273800
2023-02-16,152.17999267578125,153.8800048828125,151.22999572753906,152.4600067138672,142.27569580078125,1695000
2023-02-17,152.0500030517578,153.11000061035156,151.3300018310547,152.85000610351562,142.63967895507812,899100
2023-02-21,151.24000549316406,151.5500030517578,148.35000610351562,148.61000061035156,138.6829071044922,1029000
2023-02-22,148.69000244140625,149.9199981689453,148.33999633789062,148.99000549316406,139.0375213623047,380400
2023-02-23,150.02000427246094,150.47000122070312,147.97999572753906,149.74000549316406,139.73741149902344,593500
2023-02-24,147.82000732421875,148.50999450683594,147.08999633789062,148.24000549316406,138.33761596679688,847900
2023-02-27,149.47999572753906,150.32000732421875,148.1999969482422,148.6699981689453,138.73890686035156,963100
2023-02-28,148.6699981689453,149.99000549316406,148.50999450683594,148.60000610351562,138.67355346679688,1100300
2023-03-01,148.6999969482422,149.19000244140625,147.44000244140625,148.2899932861328,138.38427734375,1348400
2023-03-02,147.58999633789062,148.8699951171875,146.7100067138672,148.57000732421875,138.64559936523438,1091500
2023-03-03,149.22000122070312,150.85000610351562,148.25,150.42999267578125,140.38131713867188,2386700
2023-03-06,150.5399932861328,150.75,147.44000244140625,148.05999755859375,138.16964721679688,858100
2023-03-07,147.7899932861328,148.14999389648438,145.8699951171875,146.16000366210938,136.39659118652344,858800
2023-03-08,146.55999755859375,147.0500030517578,145.16000366210938,146.3000030517578,136.52719116210938,863700
2023-03-09,146.25999450683594,146.35000610351562,141.6199951171875,141.7899932861328,132.3184814453125,1874600
2023-03-10,140.80999755859375,141.13999938964844,136.30999755859375,138.0399932861328,128.8189697265625,3130700
2023-03-13,134.8699951171875,137.58999633789062,133.1300048828125,134.89999389648438,125.88871765136719,3331400
2023-03-14,139.30999755859375,139.89999389648438,135.8699951171875,137.13999938964844,127.97908782958984,1355800
2023-03-15,133.9499969482422,135.19000244140625,132.41000366210938,135.0,125.98206329345703,2182700
2023-03-16,133.67999267578125,138.05999755859375,132.22000122070312,136.75,127.61511993408203,2854100
2023-03-17,135.19000244140625,135.50999450683594,132.07000732421875,132.63999938964844,123.7796859741211,2420500
2023-03-20,133.80999755859375,135.9600067138672,133.63999938964844,133.97000122070312,125.02084350585938,1622800
2023-03-21,136.52000427246094,137.82000732421875,136.1699981689453,136.72999572753906,127.59648895263672,1276600
2023-03-22,136.6999969482422,137.0,132.5,132.5500030517578,123.6957015991211,1977000
2023-03-23,132.7100067138672,134.11000061035156,129.64999389648438,130.77999877929688,122.68817138671875,1826200
2023-03-24,129.32000732421875,132.61000061035156,128.66000366210938,132.27000427246094,124.08594512939453,1676500
2023-03-27,134.0800018310547,134.52999877929688,132.91000366210938,133.69000244140625,125.4180908203125,1698900
2023-03-28,133.1300048828125,134.38999938964844,132.8000030517578,133.69000244140625,125.4180908203125,1049200
2023-03-29,135.08999633789062,135.19000244140625,133.9499969482422,135.00999450683594,126.65643310546875,1588100
2023-03-30,136.27999877929688,136.49000549316406,134.1199951171875,134.61000061035156,126.28115844726562,1566200
2023-03-31,135.60000610351562,137.16000366210938,135.60000610351562,137.02000427246094,128.54205322265625,2713100
2023-04-03,137.4199981689453,138.1199951171875,135.6199951171875,136.85000610351562,128.38259887695312,1848000
2023-04-04,137.0800018310547,137.33999633789062,133.3300018310547,134.2100067138672,125.90594482421875,1870300
2023-04-05,133.47999572753906,134.02999877929688,132.60000610351562,133.3800048828125,125.12728118896484,960200
2023-04-06,133.38999938964844,134.17999267578125,132.85000610351562,133.67999267578125,125.40869903564453,1481700
2023-04-10,133.2899932861328,135.0800018310547,133.1699981689453,134.85000610351562,126.50633239746094,1363400
2023-04-11,135.4499969482422,136.57000732421875,135.13999938964844,135.7899932861328,127.38816833496094,1157100
2023-04-12,137.1999969482422,137.32000732421875,134.60000610351562,134.82000732421875,126.4781723022461,1309700
2023-04-13,135.25999450683594,136.77000427246094,134.69000244140625,136.3699951171875,127.93228912353516,1178800
2023-04-14,136.6699981689453,137.25999450683594,134.02999877929688,134.94000244140625,126.59076690673828,1338500
2023-04-17,135.1199951171875,136.69000244140625,134.7899932861328,136.58999633789062,128.13864135742188,2002400
2023-04-18,137.0500030517578,137.0500030517578,134.7899932861328,135.67999267578125,127.28496551513672,1968700
2023-04-19,135.00999450683594,136.75999450683594,134.69000244140625,136.30999755859375,127.87600708007812,1739000
2023-04-20,135.52000427246094,136.1999969482422,134.8300018310547,135.33999633789062,126.96602630615234,1429500
2023-04-21,135.60000610351562,135.60000610351562,134.0399932861328,135.1699981689453,126.8065185546875,1373100
2023-04-24,135.2100067138672,135.92999267578125,134.42999267578125,134.9600067138672,126.6095199584961,2067200
2023-04-25,133.82000732421875,133.82000732421875,131.61000061035156,131.6999969482422,123.55120849609375,1818300
2023-04-26,131.19000244140625,132.05999755859375,129.99000549316406,130.42999267578125,122.35980224609375,2156200
2023-04-27,131.07000732421875,133.8300018310547,130.33999633789062,132.4199981689453,124.22666931152344,1970900
2023-04-28,132.22000122070312,134.27999877929688,132.1300048828125,133.55999755859375,125.29612731933594,2410100
2023-05-01,133.49000549316406,135.10000610351562,132.91000366210938,133.3000030517578,125.05224609375,1883100
2023-05-02,132.55999755859375,132.55999755859375,128.72000122070312,130.22000122070312,122.16278839111328,2054500
2023-05-03,130.61000061035156,133.1199951171875,130.13999938964844,130.4199981689453,122.35041809082031,2361100
2023-05-04,129.22999572753906,129.63999938964844,127.20999908447266,128.92999267578125,120.95262145996094,2790900
2023-05-05,131.3000030517578,132.55999755859375,131.08999633789062,132.11000061035156,123.93586730957031,2296800
2023-05-08,132.72000122070312,132.9499969482422,131.00999450683594,131.63999938964844,123.49494171142578,1678500
2023-05-09,131.02999877929688,131.82000732421875,129.9199981689453,131.1699981689453,123.05403900146484,1207500
2023-05-10,133.00999450683594,133.02999877929688,130.22999572753906,131.5,123.36360168457031,1310700
2023-05-11,130.94000244140625,131.02999877929688,129.8000030517578,130.66000366210938,122.57557678222656,947400
2023-05-12,131.22999572753906,131.4199981689453,129.47999572753906,130.42999267578125,122.35980224609375,872000
2023-05-15,130.91000366210938,132.66000366210938,130.63999938964844,131.9499969482422,123.78573608398438,1268300
2023-05-16,131.00999450683594,131.32000732421875,129.80999755859375,129.86000061035156,121.82506561279297,669600
2023-05-17,130.8699951171875,133.83999633789062,130.19000244140625,133.52000427246094,125.25861358642578,2770100
2023-05-18,133.19000244140625,134.47999572753906,132.44000244140625,134.1300048828125,125.83088684082031,1905300
2023-05-19,135.6699981689453,135.6699981689453,132.35000610351562,133.0399932861328,124.80833435058594,1413800
2023-05-22,133.63999938964844,135.33999633789062,132.8699951171875,134.74000549316406,126.40312194824219,863200
2023-05-23,134.6699981689453,137.11000061035156,134.4499969482422,134.77999877929688,126.44064331054688,1780300
2023-05-24,134.19000244140625,134.44000244140625,132.60000610351562,132.97999572753906,124.75203704833984,769700
2023-05-25,132.6199951171875,132.88999938964844,130.5399932861328,131.85000610351562,123.69194793701172,1125800
2023-05-26,131.91000366210938,133.25999450683594,131.5,133.1300048828125,124.89278411865234,534400
2023-05-30,133.69000244140625,134.10000610351562,132.1699981689453,132.8300018310547,124.6113052368164,1380100
2023-05-31,132.02000427246094,133.1699981689453,130.10000610351562,131.1300048828125,123.01651000976562,2330700
2023-06-01,131.35000610351562,133.0800018310547,130.4600067138672,132.38999938964844,124.19853210449219,1554300
2023-06-02,134.22000122070312,138.00999450683594,134.14999389648438,137.8000030517578,129.27378845214844,2492900
2023-06-05,137.5,137.5,134.88999938964844,135.5800018310547,127.19115447998047,1543000
2023-06-06,135.19000244140625,140.3699951171875,135.19000244140625,139.6699981689453,131.02810668945312,2138800
2023-06-07,140.07000732421875,142.83999633789062,140.07000732421875,142.3300018310547,134.12661743164062,2009100
2023-06-08,142.0500030517578,142.3800048828125,140.1699981689453,141.39999389648438,133.25018310546875,1097100
2023-06-09,141.25999450683594,141.27000427246094,139.69000244140625,140.1699981689453,132.09107971191406,1917900
2023-06-12,140.2899932861328,141.5,139.4600067138672,140.49000549316406,132.39263916015625,677100
2023-06-13,141.07000732421875,143.07000732421875,140.74000549316406,142.05999755859375,133.8721160888672,1720900
2023-06-14,142.3800048828125,143.22999572753906,139.69000244140625,140.44000244140625,132.34552001953125,1663900
2023-06-15,139.85000610351562,141.6999969482422,139.67999267578125,141.6199951171875,133.45748901367188,2078200
2023-06-16,142.75999450683594,142.75999450683594,139.74000549316406,140.55999755859375,132.4586181640625,2173100
2023-06-20,140.33999633789062,140.44000244140625,138.77000427246094,139.64999389648438,131.6010284423828,2115300
2023-06-21,139.13999938964844,140.07000732421875,138.3000030517578,139.13999938964844,131.12045288085938,2223400
2023-06-22,138.92999267578125,138.92999267578125,137.02000427246094,137.64999389648438,129.71633911132812,1922700
2023-06-23,136.07000732421875,137.07000732421875,135.0399932861328,135.7899932861328,127.9635238647461,1377900
2023-06-26,135.7899932861328,137.57000732421875,135.7899932861328,136.33999633789062,128.48182678222656,1805400
2023-06-27,136.7100067138672,138.9199981689453,135.88999938964844,138.39999389648438,130.423095703125,2426800
2023-06-28,138.2899932861328,138.89999389648438,137.3000030517578,138.82000732421875,130.8188934326172,1713000
2023-06-29,139.38999938964844,141.0800018310547,138.99000549316406,140.75,132.6376495361328,1268500
2023-06-30,141.9199981689453,142.0,140.63999938964844,140.8000030517578,132.68475341796875,1690700
2023-07-03,140.64999389648438,142.4499969482422,140.64999389648438,141.97999572753906,133.79672241210938,1782300
2023-07-05,141.42999267578125,141.42999267578125,139.83999633789062,140.30999755859375,132.22300720214844,2083000
2023-07-06,138.94000244140625,138.94000244140625,136.17999267578125,137.82000732421875,129.8765106201172,944600
2023-07-07,137.8699951171875,140.9499969482422,137.83999633789062,139.80999755859375,131.75184631347656,1544400
2023-07-10,139.6699981689453,141.97000122070312,139.3800048828125,141.74000549316406,133.5706024169922,1147900
2023-07-11,142.2100067138672,143.52000427246094,141.61000061035156,143.27000427246094,135.0124053955078,993500
2023-07-12,145.75,146.1300048828125,144.7100067138672,145.08999633789062,136.72750854492188,1620100
2023-07-13,145.2899932861328,146.39999389648438,144.8000030517578,146.11000061035156,137.688720703125,930900
2023-07-14,146.1300048828125,146.1300048828125,143.3000030517578,144.3000030517578,135.98304748535156,2143900
2023-07-17,144.1699981689453,146.25,143.77999877929688,145.5399932861328,137.1515655517578,1456100
2023-07-18,145.8800048828125,148.35000610351562,145.64999389648438,147.83999633789062,139.31898498535156,1689800
2023-07-19,148.42999267578125,149.4499969482422,148.1300048828125,149.3000030517578,140.6948699951172,1529400
2023-07-20,149.41000366210938,149.41000366210938,147.3000030517578,148.25999450683594,139.7147979736328,941500
2023-07-21,149.1199951171875,149.1199951171875,147.3800048828125,147.6300048828125,139.12112426757812,1309900
2023-07-24,147.8300018310547,149.10000610351562,147.49000549316406,148.5399932861328,139.9786834716797,1137100
2023-07-25,148.27999877929688,149.25999450683594,148.0,148.07000732421875,139.53578186035156,1498800
2023-07-26,148.24000549316406,150.3699951171875,148.0800018310547,149.94000244140625,141.2979736328125,1476900
2023-07-27,150.89999389648438,150.89999389648438,147.36000061035156,147.94000244140625,139.41323852539062,1018300
2023-07-28,149.2899932861328,150.3699951171875,149.00999450683594,149.8300018310547,141.19430541992188,1103900
2023-07-31,150.25,151.49000549316406,150.25,151.24000549316406,142.52305603027344,2738500
2023-08-01,150.49000549316406,150.86000061035156,149.0399932861328,150.75,142.06129455566406,1550400
2023-08-02,149.3800048828125,149.63999938964844,148.25,149.08999633789062,140.49697875976562,1257600
2023-08-03,148.44000244140625,149.7100067138672,147.47000122070312,148.86000061035156,140.28021240234375,1462900
2023-08-04,149.0800018310547,150.5500030517578,148.52000427246094,148.92999267578125,140.34616088867188,1394000
2023-08-07,149.39999389648438,149.83999633789062,148.1999969482422,149.50999450683594,140.89273071289062,1530600
2023-08-08,147.91000366210938,148.97000122070312,146.50999450683594,148.83999633789062,140.2613525390625,1265300
2023-08-09,149.02999877929688,149.02999877929688,147.4199981689453,148.0399932861328,139.50747680664062,1212300
2023-08-10,148.67999267578125,149.85000610351562,146.5399932861328,147.02000427246094,138.54627990722656,1115200
2023-08-11,146.77000427246094,147.9499969482422,146.63999938964844,147.35000610351562,138.8572540283203,1494800
2023-08-14,146.6699981689453,146.6699981689453,145.3300018310547,146.55999755859375,138.11276245117188,797100
2023-08-15,145.5399932861328,145.55999755859375,144.19000244140625,144.27000427246094,135.9547576904297,1190600
2023-08-16,144.0500030517578,145.24000549316406,142.6300048828125,142.6300048828125,134.40927124023438,1378400
2023-08-17,143.4199981689453,143.75,141.57000732421875,141.64999389648438,133.4857635498047,1695400
2023-08-18,140.25999450683594,142.6199951171875,140.25999450683594,142.1300048828125,133.93812561035156,722400
2023-08-21,142.1300048828125,142.66000366210938,140.5800018310547,141.47000122070312,133.31613159179688,1202400
2023-08-22,141.6999969482422,142.27000427246094,140.22999572753906,140.5,132.40208435058594,1132900
2023-08-23,140.5800018310547,142.1300048828125,140.0500030517578,141.9499969482422,133.76849365234375,1197800
2023-08-24,141.47000122070312,142.80999755859375,140.47000122070312,140.57000732421875,132.468017578125,1809700
2023-08-25,141.32000732421875,141.85000610351562,139.1699981689453,140.77000427246094,132.656494140625,954300
2023-08-28,141.55999755859375,143.13999938964844,141.55999755859375,142.2100067138672,134.01351928710938,1503000
2023-08-29,142.41000366210938,144.1300048828125,141.49000549316406,144.0,135.70034790039062,1337300
2023-08-30,143.75999450683594,144.66000366210938,143.3300018310547,144.22000122070312,135.9076690673828,1026100
2023-08-31,144.4199981689453,145.13999938964844,143.83999633789062,144.02000427246094,135.7191925048828,1118300
2023-09-01,144.97000122070312,146.50999450683594,144.97000122070312,145.97999572753906,137.56617736816406,819300
2023-09-05,144.97000122070312,145.1699981689453,142.5800018310547,142.5800018310547,134.36219787597656,1102100
2023-09-06,142.5399932861328,143.50999450683594,141.02999877929688,141.72000122070312,133.55177307128906,986000
2023-09-07,141.14999389648438,141.36000061035156,140.02000427246094,140.5399932861328,132.43975830078125,830900
2023-09-08,140.67999267578125,140.9600067138672,139.75,140.49000549316406,132.39263916015625,674300
2023-09-11,141.52999877929688,141.94000244140625,140.57000732421875,140.75,132.6376495361328,1000300
2023-09-12,140.72000122070312,141.7100067138672,140.50999450683594,140.9499969482422,132.82615661621094,795600
2023-09-13,141.05999755859375,141.47000122070312,139.50999450683594,139.97999572753906,131.9120330810547,1855700
2023-09-14,141.38999938964844,142.52999877929688,141.2899932861328,142.3800048828125,134.17373657226562,1459400
2023-09-15,141.9499969482422,142.1300048828125,140.36000061035156,141.0,132.87322998046875,1597200
2023-09-18,141.25999450683594,141.25999450683594,139.89999389648438,139.89999389648438,131.83663940429688,935400
2023-09-19,140.0,140.9499969482422,139.11000061035156,139.52000427246094,131.47854614257812,620100
2023-09-20,140.11000061035156,141.05999755859375,138.24000549316406,138.27000427246094,130.30059814453125,1141400
2023-09-21,137.49000549316406,137.50999450683594,136.36000061035156,136.3699951171875,128.51011657714844,1377300
2023-09-22,136.66000366210938,137.22999572753906,135.77999877929688,135.8000030517578,127.97295379638672,2504200
2023-09-25,135.14999389648438,136.9199981689453,134.97000122070312,136.75,128.86819458007812,1121300
2023-09-26,134.75,135.92999267578125,133.8000030517578,133.8000030517578,126.96187591552734,1132800
2023-09-27,134.80999755859375,135.6999969482422,133.89999389648438,134.99000549316406,128.09104919433594,1594900
2023-09-28,135.11000061035156,136.82000732421875,134.99000549316406,136.13999938964844,129.1822967529297,970800
2023-09-29,137.07000732421875,137.27000427246094,135.1300048828125,135.5500030517578,128.62245178222656,1454800
2023-10-02,135.47999572753906,135.5399932861328,132.42999267578125,133.10000610351562,126.29766082763672,1546300
2023-10-03,132.3300018310547,132.75999450683594,130.44000244140625,131.02999877929688,124.33344268798828,1455800
2023-10-04,130.9600067138672,131.22999572753906,129.35000610351562,130.99000549316406,124.29547882080078,1521600
2023-10-05,130.5800018310547,131.60000610351562,130.16000366210938,131.32000732421875,124.60863494873047,761900
2023-10-06,130.69000244140625,133.02000427246094,129.63999938964844,132.10000610351562,125.34879302978516,1427100
2023-10-09,131.5,133.75,131.1300048828125,133.1199951171875,126.31660461425781,1150900
2023-10-10,133.5399932861328,135.47999572753906,133.5399932861328,134.5399932861328,127.66404724121094,1635000
2023-10-11,134.83999633789062,135.77999877929688,133.9600067138672,134.8000030517578,127.91075134277344,1079900
2023-10-12,134.82000732421875,134.9600067138672,131.35000610351562,132.22999572753906,125.47209930419922,1185800
2023-10-13,132.89999389648438,133.1699981689453,130.8000030517578,131.16000366210938,124.4568099975586,1778900
2023-10-16,132.24000549316406,133.3699951171875,131.6300048828125,133.10000610351562,126.29766082763672,1584500
2023-10-17,132.19000244140625,135.83999633789062,132.19000244140625,134.72999572753906,127.84434509277344,1088000
2023-10-18,133.66000366210938,133.66000366210938,131.7100067138672,131.92999267578125,125.18743896484375,1825100
2023-10-19,131.61000061035156,132.6999969482422,129.75999450683594,130.0500030517578,123.40353393554688,1609700
2023-10-20,130.35000610351562,130.3800048828125,128.33999633789062,128.4199981689453,121.85681915283203,1403200
2023-10-23,127.54000091552734,129.1300048828125,127.08999633789062,127.2699966430664,120.7656021118164,1119400
2023-10-24,128.11000061035156,128.8000030517578,127.08999633789062,127.83999633789062,121.30645751953125,1116500
2023-10-25,126.69999694824219,127.37999725341797,125.86000061035156,126.33999633789062,119.88312530517578,1505100
2023-10-26,126.66000366210938,128.24000549316406,126.33000183105469,127.20999908447266,120.70866394042969,1771700
2023-10-27,127.54000091552734,127.61000061035156,124.97000122070312,125.51000213623047,119.09554290771484,2120100
2023-10-30,126.62000274658203,127.69999694824219,125.44000244140625,126.44000244140625,119.97801208496094,1776000
2023-10-31,126.55000305175781,127.69000244140625,126.22000122070312,127.4000015258789,120.88896179199219,1377800
2023-11-01,127.33000183105469,128.38999938964844,126.2300033569336,128.3000030517578,121.74295806884766,1320700
2023-11-02,129.9600067138672,132.5399932861328,129.9600067138672,132.4600067138672,125.69037628173828,2121600
2023-11-03,134.88999938964844,137.02000427246094,134.88999938964844,136.0399932861328,129.08737182617188,1972100
2023-11-06,136.0,136.05999755859375,133.52000427246094,134.22999572753906,127.36990356445312,2003700
2023-11-07,133.52999877929688,133.72000122070312,132.49000549316406,133.14999389648438,126.34508514404297,1205000
2023-11-08,133.1699981689453,133.38999938964844,131.27999877929688,131.74000549316406,125.00714111328125,1486900
2023-11-09,132.6999969482422,132.6999969482422,129.4499969482422,129.75999450683594,123.12834930419922,1369800
2023-11-10,130.25,131.3699951171875,129.3000030517578,130.80999755859375,124.12470245361328,1732300
2023-11-13,130.27999877929688,131.36000061035156,129.67999267578125,130.80999755859375,124.12470245361328,1511600
2023-11-14,134.63999938964844,138.30999755859375,134.63999938964844,138.1999969482422,131.13697814941406,2620400
2023-11-15,138.1699981689453,140.6300048828125,137.91000366210938,138.66000366210938,131.57347106933594,3323400
2023-11-16,138.13999938964844,138.6199951171875,135.8300018310547,136.2899932861328,129.3246307373047,1828200
2023-11-17,137.6699981689453,138.60000610351562,137.33999633789062,138.36000061035156,131.288818359375,1376500
2023-11-20,138.36000061035156,139.07000732421875,137.6300048828125,138.74000549316406,131.64942932128906,1514700
2023-11-21,138.0399932861328,138.1699981689453,136.8699951171875,136.92999267578125,129.93191528320312,1044000
2023-11-22,137.74000549316406,138.52999877929688,137.1199951171875,137.7899932861328,130.7479248046875,789200
2023-11-24,137.72999572753906,138.97000122070312,137.49000549316406,138.52000427246094,131.440673828125,1116200
2023-11-27,137.83999633789062,138.3300018310547,136.97999572753906,138.05999755859375,131.00418090820312,1296300
2023-11-28,138.02000427246094,138.5,136.85000610351562,137.72000122070312,130.68153381347656,1429300
2023-11-29,138.8000030517578,140.5800018310547,138.38999938964844,138.47999572753906,131.40269470214844,1446600
2023-11-30,139.1699981689453,139.7899932861328,138.27000427246094,138.97000122070312,131.86766052246094,1577600
2023-12-01,138.41000366210938,143.64999389648438,137.8800048828125,143.50999450683594,136.17562866210938,1544600
2023-12-04,142.82000732421875,145.17999267578125,142.82000732421875,145.11000061035156,137.69386291503906,2407300
2023-12-05,144.3000030517578,144.4199981689453,142.75999450683594,142.9499969482422,135.6442413330078,1267400
2023-12-06,143.8000030517578,146.07000732421875,142.5399932861328,142.67999267578125,135.38803100585938,1638400
2023-12-07,142.82000732421875,144.22000122070312,142.27000427246094,144.17999267578125,136.81138610839844,1579900
2023-12-08,143.88999938964844,145.83999633789062,143.6300048828125,145.0800018310547,137.66537475585938,1742600
2023-12-11,144.69000244140625,145.57000732421875,144.3300018310547,145.10000610351562,137.68435668945312,1620600
2023-12-12,144.7899932861328,145.1199951171875,143.77000427246094,144.47000122070312,137.08657836914062,1154600
2023-12-13,144.5,150.19000244140625,143.50999450683594,150.1300048828125,142.45729064941406,2409200
2023-12-14,152.77999877929688,155.52000427246094,152.77999877929688,154.39999389648438,146.50906372070312,3287000
2023-12-15,154.92999267578125,155.13999938964844,152.13999938964844,153.02999877929688,145.20909118652344,2454900
2023-12-18,153.92999267578125,154.27000427246094,152.61000061035156,152.86000061035156,145.04779052734375,1352200
2023-12-19,153.6699981689453,156.32000732421875,153.52000427246094,156.0399932861328,148.0652618408203,1225900
2023-12-20,155.0,157.11000061035156,152.42999267578125,152.42999267578125,145.4769744873047,1628000
2023-12-21,153.99000549316406,155.00999450683594,153.22999572753906,154.91000366210938,147.84384155273438,1735000
2023-12-22,155.72000122070312,157.35000610351562,155.24000549316406,156.02999877929688,148.91275024414062,1503100
2023-12-26,156.5800018310547,158.5,156.19000244140625,158.11000061035156,150.8978729248047,1254100
2023-12-27,158.3699951171875,158.8699951171875,157.3800048828125,158.1999969482422,150.98374938964844,1044400
2023-12-28,157.50999450683594,158.5800018310547,157.19000244140625,157.72000122070312,150.52566528320312,936400
2023-12-29,157.50999450683594,157.72000122070312,155.24000549316406,155.3300018310547,148.2447052001953,1107000
2024-01-02,154.10000610351562,156.47999572753906,153.85000610351562,154.80999755859375,147.74839782714844,1742600
2024-01-03,153.36000061035156,153.38999938964844,150.63999938964844,150.89999389648438,144.01673889160156,1384000
2024-01-04,151.0800018310547,151.8699951171875,150.4199981689453,150.5399932861328,143.6731719970703,1435100
2024-01-05,149.6300048828125,152.0,149.11000061035156,150.1999969482422,143.34866333007812,1278400
2024-01-08,150.0500030517578,152.3300018310547,149.2899932861328,152.3300018310547,145.3815460205078,1137200
2024-01-09,150.49000549316406,151.0800018310547,149.47000122070312,150.39999389648438,143.53956604003906,1058100
2024-01-10,150.27000427246094,150.8800048828125,149.2100067138672,150.6300048828125,143.75906372070312,682200
2024-01-11,149.99000549316406,150.11000061035156,147.66000366210938,149.4499969482422,142.6328887939453,1381300
2024-01-12,151.27999877929688,152.1199951171875,148.72000122070312,149.2899932861328,142.48020935058594,786700
2024-01-16,147.9600067138672,148.33999633789062,146.47999572753906,146.8699951171875,140.1705780029297,1514300
2024-01-17,144.75,146.4499969482422,144.1999969482422,145.61000061035156,138.96807861328125,1386300
2024-01-18,146.8800048828125,146.88999938964844,144.9199981689453,146.77999877929688,140.08468627929688,1271800
2024-01-19,147.75999450683594,148.47999572753906,145.58999633789062,148.36000061035156,141.59262084960938,803600
2024-01-22,149.36000061035156,151.5,149.36000061035156,151.39999389648438,144.4939422607422,1576600
2024-01-23,152.52000427246094,152.97000122070312,150.13999938964844,150.57000732421875,143.70181274414062,1040600
2024-01-24,152.27000427246094,152.63999938964844,149.2899932861328,149.47000122070312,142.65199279785156,1219500
2024-01-25,151.63999938964844,152.16000366210938,149.55999755859375,150.97000122070312,144.08355712890625,563800
2024-01-26,151.67999267578125,152.50999450683594,150.5500030517578,151.25,144.3507843017578,670600
2024-01-29,151.35000610351562,153.25,150.33999633789062,153.2100067138672,146.22140502929688,1609900
2024-01-30,152.36000061035156,153.08999633789062,151.8000030517578,152.25999450683594,145.31471252441406,989200
2024-01-31,151.6300048828125,152.9600067138672,148.00999450683594,148.13999938964844,141.38262939453125,1907400
2024-02-01,149.17999267578125,149.8800048828125,146.3800048828125,149.50999450683594,142.6901397705078,1916700
2024-02-02,147.58999633789062,149.0800018310547,146.80999755859375,148.25999450683594,141.49717712402344,1488000
2024-02-05,146.8000030517578,146.97999572753906,144.75,146.02999877929688,139.368896484375,1965200
2024-02-06,146.0,147.58999633789062,145.3699951171875,147.1199951171875,140.40916442871094,1966700
2024-02-07,147.61000061035156,147.61000061035156,145.6300048828125,146.6300048828125,139.94155883789062,2353400
2024-02-08,146.63999938964844,148.6699981689453,146.1199951171875,148.55999755859375,141.78347778320312,810200
2024-02-09,149.14999389648438,150.47000122070312,148.00999450683594,150.3300018310547,143.47274780273438,1046700
2024-02-12,150.61000061035156,153.92999267578125,150.61000061035156,153.3800048828125,146.3836212158203,1311900
2024-02-13,148.3699951171875,149.0399932861328,145.64999389648438,147.00999450683594,140.30418395996094,2436200
2024-02-14,149.13999938964844,150.35000610351562,147.77999877929688,149.9199981689453,143.08148193359375,2071000
2024-02-15,151.22000122070312,154.33999633789062,151.02999877929688,154.02000427246094,146.99444580078125,1335300
2024-02-16,151.86000061035156,153.80999755859375,151.6300048828125,152.3300018310547,145.3815460205078,1821100
2024-02-20,150.72999572753906,151.55999755859375,149.99000549316406,150.52000427246094,143.65408325195312,2154500
2024-02-21,149.82000732421875,150.58999633789062,149.3699951171875,150.42999267578125,143.56817626953125,1301300
2024-02-22,150.49000549316406,150.92999267578125,149.5500030517578,150.47999572753906,143.61590576171875,1509800
2024-02-23,150.52000427246094,151.85000610351562,149.75999450683594,150.80999755859375,143.9308624267578,564100
2024-02-26,150.52000427246094,152.00999450683594,150.0399932861328,151.16000366210938,144.26492309570312,648200
2024-02-27,152.4600067138672,153.08999633789062,152.0800018310547,152.69000244140625,145.72509765625,1231700
2024-02-28,151.86000061035156,152.80999755859375,151.27999877929688,151.6300048828125,144.7134552001953,892800
2024-02-29,153.5800018310547,154.5,152.1300048828125,153.0,146.0209503173828,1360400
2024-03-01,153.27000427246094,154.3300018310547,151.9600067138672,154.10000610351562,147.07078552246094,1037700
2024-03-04,154.49000549316406,154.97000122070312,152.94000244140625,153.10000610351562,146.11643981933594,1411000
2024-03-05,152.50999450683594,153.99000549316406,152.27000427246094,152.74000549316406,145.77284240722656,1296800
2024-03-06,154.08999633789062,154.08999633789062,152.66000366210938,153.41000366210938,146.41226196289062,1494600
2024-03-07,154.5800018310547,155.74000549316406,154.35000610351562,154.52999877929688,147.48118591308594,1212900
2024-03-08,155.8800048828125,157.19000244140625,154.11000061035156,154.75999450683594,147.70069885253906,1336600
2024-03-11,154.30999755859375,155.0500030517578,153.5399932861328,154.0399932861328,147.01351928710938,912500
2024-03-12,153.89999389648438,154.22000122070312,152.39999389648438,153.33999633789062,146.34547424316406,1601600
2024-03-13,153.22999572753906,154.74000549316406,153.1300048828125,153.69000244140625,146.6794891357422,1547900
2024-03-14,153.3800048828125,153.3800048828125,149.67999267578125,150.82000732421875,143.9404296875,2583600
2024-03-15,149.97999572753906,152.22999572753906,149.97999572753906,151.6300048828125,144.7134552001953,1784900
2024-03-18,151.99000549316406,151.99000549316406,150.58999633789062,150.83999633789062,143.95947265625,1978200
2024-03-19,150.5500030517578,152.52000427246094,150.44000244140625,152.11000061035156,145.17156982421875,1675600
2024-03-20,151.57000732421875,156.3300018310547,151.27000427246094,155.4499969482422,148.3592071533203,1286500
2024-03-21,155.97999572753906,157.27000427246094,155.75,156.77999877929688,150.17628479003906,963300
2024-03-22,156.94000244140625,157.16000366210938,154.3699951171875,154.4199981689453,147.91571044921875,1312400
2024-03-25,155.02000427246094,156.0399932861328,154.60000610351562,154.61000061035156,148.0977020263672,1161200
2024-03-26,155.5500030517578,155.9199981689453,153.9199981689453,154.02999877929688,147.54212951660156,1548700
2024-03-27,155.2100067138672,157.89999389648438,155.02999877929688,157.85000610351562,151.2012481689453,1469400
2024-03-28,158.1199951171875,159.80999755859375,158.0800018310547,158.80999755859375,152.1207733154297,1302600
2024-04-01,159.35000610351562,159.35000610351562,156.89999389648438,157.07000732421875,150.45408630371094,1048300
2024-04-02,155.3000030517578,155.4600067138672,153.58999633789062,154.41000366210938,147.90611267089844,833000
2024-04-03,154.0399932861328,155.77000427246094,153.7100067138672,155.41000366210938,148.864013671875,779600
2024-04-04,156.9600067138672,157.4199981689453,153.69000244140625,154.1699981689453,147.6762237548828,876800
2024-04-05,153.91000366210938,155.50999450683594,153.5500030517578,154.8000030517578,148.27969360351562,1073700
2024-04-08,155.75,156.17999267578125,155.0,155.66000366210938,149.10345458984375,913600
2024-04-09,156.4199981689453,156.91000366210938,155.1199951171875,156.4600067138672,149.86978149414062,1226500
2024-04-10,152.6199951171875,153.52999877929688,150.52000427246094,151.5800018310547,145.19532775878906,1706400
2024-04-11,152.5399932861328,153.0,150.77999877929688,152.58999633789062,146.16278076171875,811400
2024-04-12,151.8800048828125,152.52999877929688,149.64999389648438,150.3800048828125,144.04586791992188,889500
2024-04-15,151.0500030517578,151.6199951171875,147.80999755859375,148.60000610351562,142.34085083007812,1611100
2024-04-16,147.52000427246094,148.2100067138672,146.27999877929688,147.3000030517578,141.09561157226562,900500
2024-04-17,148.41000366210938,148.64999389648438,146.02999877929688,146.02999877929688,139.87908935546875,1163400
2024-04-18,146.67999267578125,148.08999633789062,145.7100067138672,146.3300018310547,140.1664581298828,943800
2024-04-19,146.0,148.08999633789062,145.7100067138672,147.77999877929688,141.5553741455078,3767100
2024-04-22,148.5500030517578,150.32000732421875,147.66000366210938,149.50999450683594,143.21250915527344,1515100
2024-04-23,149.47999572753906,152.42999267578125,149.25999450683594,151.74000549316406,145.34861755371094,1164700
2024-04-24,151.2100067138672,151.6999969482422,150.07000732421875,151.27999877929688,144.90794372558594,1082400
2024-04-25,149.85000610351562,150.47000122070312,148.22999572753906,150.17999267578125,143.85427856445312,979700
2024-04-26,150.39999389648438,151.61000061035156,150.00999450683594,151.13999938964844,144.77386474609375,647900
2024-04-29,151.5800018310547,152.47000122070312,151.38999938964844,152.0500030517578,145.64553833007812,1088900
2024-04-30,150.99000549316406,151.13999938964844,148.91000366210938,149.0399932861328,142.76234436035156,970900
2024-05-01,149.3000030517578,152.80999755859375,149.1699981689453,149.82000732421875,143.50949096679688,1663000
2024-05-02,151.97000122070312,153.02000427246094,150.61000061035156,152.8800048828125,146.44056701660156,1205700
2024-05-03,155.13999938964844,156.0,153.7100067138672,154.2100067138672,147.7145538330078,1115100
2024-05-06,155.3800048828125,156.0800018310547,155.17999267578125,155.64999389648438,149.09388732910156,878200
2024-05-07,156.0,156.75999450683594,155.6300048828125,155.6300048828125,149.0747528076172,547900
2024-05-08,154.24000549316406,155.3699951171875,153.99000549316406,155.3699951171875,148.82568359375,1819900
2024-05-09,155.5399932861328,157.3000030517578,155.25999450683594,157.14999389648438,150.53070068359375,843000
2024-05-10,157.47000122070312,157.64999389648438,155.47999572753906,156.19000244140625,149.6111297607422,2327200
2024-05-13,157.30999755859375,157.80999755859375,156.22000122070312,156.3000030517578,149.7165069580078,1012000
2024-05-14,157.86000061035156,158.66000366210938,157.1699981689453,157.80999755859375,151.1629180908203,1294800
2024-05-15,159.4499969482422,159.85000610351562,158.2899932861328,158.92999267578125,152.2357177734375,1235600
2024-05-16,158.69000244140625,159.11000061035156,158.27999877929688,158.3699951171875,151.69932556152344,1108200
2024-05-17,158.50999450683594,158.9199981689453,158.05999755859375,158.7100067138672,152.02500915527344,1376100
2024-05-20,158.63999938964844,159.5399932861328,158.19000244140625,158.19000244140625,151.52691650390625,994400
2024-05-21,157.6699981689453,158.47000122070312,157.5800018310547,158.1199951171875,151.45985412597656,1073600
2024-05-22,157.49000549316406,157.82000732421875,156.1199951171875,156.77999877929688,150.17628479003906,446400
2024-05-23,157.3300018310547,157.3300018310547,153.27000427246094,153.8800048828125,147.3984375,838800
2024-05-24,155.02999877929688,155.38999938964844,154.36000061035156,155.1699981689453,148.63412475585938,728400
2024-05-28,156.10000610351562,156.25999450683594,153.91000366210938,154.6199951171875,148.10728454589844,450800
2024-05-29,152.9199981689453,152.9199981689453,151.97000122070312,152.1699981689453,145.76046752929688,442400
2024-05-30,153.3699951171875,154.57000732421875,153.0800018310547,154.0800018310547,147.59002685546875,942400
2024-05-31,155.02999877929688,155.94000244140625,154.33999633789062,155.8800048828125,149.31422424316406,1771400
2024-06-03,157.24000549316406,157.35000610351562,154.2100067138672,154.99000549316406,148.46168518066406,1912800
2024-06-04,153.97000122070312,154.07000732421875,152.63999938964844,152.67999267578125,146.2489776611328,851800
2024-06-05,153.5500030517578,154.33999633789062,152.5,154.33999633789062,147.8390655517578,411900
2024-06-06,153.7899932861328,154.3699951171875,153.0500030517578,153.49000549316406,147.02487182617188,685700
2024-06-07,152.11000061035156,152.9199981689453,151.22000122070312,151.82000732421875,145.42523193359375,352400
2024-06-10,150.82000732421875,151.99000549316406,149.99000549316406,151.80999755859375,145.41563415527344,687000
2024-06-11,149.8699951171875,150.72999572753906,149.0399932861328,150.47000122070312,144.77198791503906,755500
2024-06-12,154.13999938964844,155.57000732421875,152.32000732421875,152.7100067138672,146.92715454101562,1432800
2024-06-13,152.5800018310547,152.5800018310547,150.10000610351562,151.10000610351562,145.3781280517578,1200400
2024-06-14,149.5,149.75,148.22000122070312,148.77999877929688,143.14593505859375,595700
2024-06-17,148.4199981689453,150.02000427246094,147.66000366210938,149.9499969482422,144.2716522216797,1198400
2024-06-18,149.97000122070312,150.77000427246094,149.63999938964844,149.94000244140625,144.2620391845703,1594800
2024-06-20,149.69000244140625,150.6199951171875,149.05999755859375,149.61000061035156,143.9445343017578,1332000
2024-06-21,149.55999755859375,149.9199981689453,148.82000732421875,149.83999633789062,144.16583251953125,863200
2024-06-24,150.38999938964844,152.1999969482422,150.2100067138672,151.11000061035156,145.38775634765625,1379500
2024-06-25,151.0800018310547,151.0800018310547,149.5399932861328,150.08999633789062,144.40635681152344,1739900
2024-06-26,149.2100067138672,149.99000549316406,148.83999633789062,149.91000366210938,144.23318481445312,660300
2024-06-27,150.22000122070312,150.86000061035156,149.63999938964844,150.86000061035156,145.14723205566406,799600
2024-06-28,151.9199981689453,152.91000366210938,151.0500030517578,152.3000030517578,146.53269958496094,1303600
2024-07-01,152.72999572753906,153.1300048828125,150.33999633789062,150.92999267578125,145.2145538330078,693500
2024-07-02,150.9199981689453,151.77000427246094,150.8300018310547,151.52000427246094,145.7822265625,441700
2024-07-03,151.80999755859375,152.6300048828125,151.33999633789062,151.4600067138672,145.7244873046875,723000
2024-07-05,151.1300048828125,151.19000244140625,149.77000427246094,150.0500030517578,144.3678741455078,539100
2024-07-08,151.05999755859375,152.1999969482422,150.72000122070312,151.14999389648438,145.42620849609375,621000
2024-07-09,150.61000061035156,151.36000061035156,149.75999450683594,150.58999633789062,144.88742065429688,1141100
2024-07-10,151.13999938964844,152.52999877929688,150.83999633789062,152.4499969482422,146.67697143554688,1961000
2024-07-11,155.25,158.9499969482422,155.08999633789062,158.5,152.4978790283203,1779600
2024-07-12,160.25,161.50999450683594,159.67999267578125,159.9600067138672,153.902587890625,983500
2024-07-15,161.22999572753906,163.92999267578125,160.89999389648438,162.86000061035156,156.6927947998047,1144900
2024-07-16,164.42999267578125,169.1199951171875,164.19000244140625,168.9199981689453,162.52328491210938,1547700
2024-07-17,167.5,171.0800018310547,167.22000122070312,168.85000610351562,162.45596313476562,1365900
2024-07-18,167.94000244140625,170.6699981689453,165.1199951171875,165.72999572753906,159.45411682128906,1135100
2024-07-19,165.60000610351562,166.3000030517578,164.0800018310547,164.75999450683594,158.5208282470703,2110100
2024-07-22,165.1999969482422,167.5800018310547,163.33999633789062,167.2100067138672,160.87806701660156,1500300
2024-07-23,166.4499969482422,170.0,166.02000427246094,169.19000244140625,162.78309631347656,1166500
2024-07-24,168.05999755859375,170.30999755859375,165.97999572753906,166.13999938964844,159.84857177734375,1251900
2024-07-25,166.22999572753906,171.0500030517578,166.14999389648438,168.55999755859375,162.1769256591797,1537800
2024-07-26,171.0500030517578,171.86000061035156,169.3300018310547,171.33999633789062,164.85165405273438,1449800
2024-07-29,171.7899932861328,171.94000244140625,168.6999969482422,169.4600067138672,163.04286193847656,1008100
2024-07-30,169.8699951171875,171.05999755859375,169.2899932861328,170.4199981689453,163.9665069580078,1173500
2024-07-31,171.50999450683594,174.8300018310547,169.8699951171875,171.2100067138672,164.72659301757812,1656000
2024-08-01,171.25,172.08999633789062,164.6199951171875,165.9199981689453,159.6369171142578,1907000
2024-08-02,161.07000732421875,162.1300048828125,158.69000244140625,160.24000549316406,154.1719970703125,1997000
2024-08-05,152.0,156.5,150.8699951171875,154.4600067138672,148.6108856201172,1961400
2024-08-06,155.13999938964844,157.88999938964844,153.57000732421875,155.9600067138672,150.05409240722656,1235000
2024-08-07,158.9600067138672,158.9600067138672,154.27999877929688,154.69000244140625,148.83218383789062,1612900
2024-08-08,156.2899932861328,157.9600067138672,155.75,157.6999969482422,151.7281951904297,1316000
2024-08-09,158.17999267578125,158.17999267578125,155.8800048828125,156.92999267578125,150.98731994628906,1194500
2024-08-12,157.32000732421875,157.4199981689453,154.63999938964844,155.2100067138672,149.3324737548828,1164800
2024-08-13,156.4600067138672,157.99000549316406,155.25999450683594,157.72999572753906,151.75704956054688,1481500
2024-08-14,158.49000549316406,158.5,156.16000366210938,156.82000732421875,150.88150024414062,616400
2024-08-15,159.7899932861328,161.72999572753906,159.3000030517578,160.75999450683594,154.67230224609375,1736800
2024-08-16,160.39999389648438,162.55999755859375,160.39999389648438,161.5500030517578,155.43240356445312,1070500
2024-08-19,161.9499969482422,163.44000244140625,161.82000732421875,163.38999938964844,157.20269775390625,1056800
2024-08-20,163.2100067138672,163.2100067138672,160.97999572753906,161.32000732421875,155.21109008789062,618400
2024-08-21,162.4499969482422,163.19000244140625,161.3800048828125,163.0,156.8274688720703,670000
2024-08-22,163.0,163.52999877929688,161.6999969482422,161.99000549316406,155.85574340820312,994400
2024-08-23,162.97999572753906,168.39999389648438,162.9600067138672,167.57000732421875,161.2244415283203,1765800
2024-08-26,168.7899932861328,169.42999267578125,167.63999938964844,167.7899932861328,161.43609619140625,1117100
2024-08-27,166.69000244140625,166.8800048828125,165.60000610351562,166.2899932861328,159.99285888671875,1301200
2024-08-28,165.57000732421875,166.91000366210938,164.8000030517578,165.80999755859375,159.53106689453125,997200
2024-08-29,166.83999633789062,168.22999572753906,165.19000244140625,166.8300018310547,160.51242065429688,1032200
2024-08-30,167.5,167.92999267578125,165.63999938964844,167.72999572753906,161.3783721923828,1460800
2024-09-03,166.14999389648438,166.88999938964844,162.77999877929688,163.17999267578125,157.0006561279297,1114900
2024-09-04,163.0399932861328,164.63999938964844,162.0800018310547,162.67999267578125,156.51959228515625,1011000
2024-09-05,163.3800048828125,163.6999969482422,161.3699951171875,161.8800048828125,155.74990844726562,1006500
2024-09-06,161.67999267578125,162.92999267578125,158.72999572753906,159.2899932861328,153.25796508789062,1634300
2024-09-09,159.27999877929688,160.3800048828125,158.52999877929688,159.0500030517578,153.02708435058594,708800
2024-09-10,159.2899932861328,159.2899932861328,156.9600067138672,159.05999755859375,153.03668212890625,511700
2024-09-11,158.35000610351562,159.1199951171875,155.4499969482422,158.85000610351562,152.8346405029297,741400
2024-09-12,159.85000610351562,161.5800018310547,158.6199951171875,160.72999572753906,154.64344787597656,1110400
2024-09-13,162.35000610351562,165.0,162.35000610351562,164.83999633789062,158.59780883789062,876800
2024-09-16,165.42999267578125,166.1199951171875,164.47999572753906,165.8699951171875,159.5887908935547,1630600
2024-09-17,167.0500030517578,169.16000366210938,166.74000549316406,167.10000610351562,160.77224731445312,1568600
2024-09-18,167.36000061035156,171.55999755859375,166.3000030517578,167.32000732421875,160.98390197753906,1485900
2024-09-19,171.42999267578125,171.42999267578125,168.50999450683594,170.38999938964844,163.93763732910156,912400
2024-09-20,169.16000366210938,169.3800048828125,167.80999755859375,167.92999267578125,161.57078552246094,1217400
2024-09-23,168.52999877929688,169.0399932861328,166.88999938964844,167.50999450683594,161.1667022705078,620200
2024-09-24,168.25999450683594,168.5399932861328,166.89999389648438,167.52999877929688,161.18594360351562,1338300
2024-09-25,166.6199951171875,166.6199951171875,164.24000549316406,164.27999877929688,158.87648010253906,877800
2024-09-26,166.10000610351562,166.72000122070312,165.17999267578125,165.27000427246094,159.83392333984375,665600
2024-09-27,167.14999389648438,168.0800018310547,165.80999755859375,166.3699951171875,160.8977508544922,1100800
2024-09-30,165.9199981689453,167.2899932861328,165.22000122070312,166.82000732421875,161.33294677734375,523700
2024-10-01,166.50999450683594,166.50999450683594,163.4199981689453,164.3800048828125,158.9731903076172,897800
2024-10-02,163.94000244140625,165.17999267578125,163.49000549316406,163.86000061035156,158.47032165527344,544200
2024-10-03,163.1300048828125,163.63999938964844,161.9600067138672,163.0,157.63858032226562,674500
2024-10-04,165.1699981689453,165.72999572753906,163.74000549316406,165.0500030517578,159.62115478515625,701900
2024-10-07,164.72000122070312,164.72000122070312,162.6999969482422,163.82000732421875,158.43162536621094,428600
2024-10-08,163.7899932861328,163.97000122070312,162.74000549316406,163.41000366210938,158.0351104736328,642900
2024-10-09,163.5,165.10000610351562,162.97000122070312,164.00999450683594,158.6153564453125,1088900
2024-10-10,162.60000610351562,163.14999389648438,161.6199951171875,163.14999389648438,157.7836456298828,709800
2024-10-11,163.1999969482422,166.5500030517578,163.1999969482422,166.32000732421875,160.84939575195312,985100
2024-10-14,166.30999755859375,167.47999572753906,165.27000427246094,167.3699951171875,161.86485290527344,1054200
2024-10-15,167.25,169.91000366210938,166.74000549316406,167.6699981689453,162.1549835205078,830700
2024-10-16,169.22000122070312,171.11000061035156,169.0800018310547,170.66000366210938,165.046630859375,489300
2024-10-17,170.4199981689453,170.67999267578125,169.2100067138672,170.41000366210938,164.8048553466797,871700
2024-10-18,170.72999572753906,171.08999633789062,169.97000122070312,170.3000030517578,164.698486328125,631700
2024-10-21,170.24000549316406,170.35000610351562,166.6199951171875,166.72999572753906,161.24591064453125,679800
2024-10-22,166.10000610351562,166.50999450683594,165.5,166.24000549316406,160.7720184326172,339200
2024-10-23,165.44000244140625,166.08999633789062,163.88999938964844,165.30999755859375,159.8726043701172,511700
2024-10-24,165.9499969482422,166.3300018310547,164.64999389648438,165.7899932861328,160.33682250976562,634700
2024-10-25,166.88999938964844,167.19000244140625,164.39999389648438,164.6699981689453,159.25364685058594,937500
2024-10-28,165.63999938964844,167.77000427246094,165.63999938964844,167.49000549316406,161.9809112548828,466800
2024-10-29,166.1699981689453,166.8000030517578,165.5500030517578,166.75,161.2652587890625,1991800
2024-10-30,166.1999969482422,169.2899932861328,166.1199951171875,166.88999938964844,161.400634765625,652900
2024-10-31,166.75,167.3300018310547,164.27000427246094,164.36000061035156,158.95387268066406,1677500
2024-11-01,165.4199981689453,166.1699981689453,163.9600067138672,164.3800048828125,158.9731903076172,832400
2024-11-04,164.36000061035156,166.4199981689453,163.7100067138672,165.08999633789062,159.65985107421875,866300
2024-11-05,164.89999389648438,168.2100067138672,164.49000549316406,168.17999267578125,162.64820861816406,932900
2024-11-06,175.08999633789062,179.08999633789062,175.08999633789062,178.6699981689453,172.7931671142578,2694800
2024-11-07,178.38999938964844,179.0399932861328,176.1699981689453,176.8000030517578,170.98468017578125,1003500
2024-11-08,176.80999755859375,178.25999450683594,176.32000732421875,177.8000030517578,171.95181274414062,1147200
2024-11-11,179.60000610351562,181.5,179.38999938964844,180.75999450683594,174.814453125,896300
2024-11-12,179.60000610351562,180.83999633789062,177.11000061035156,177.5800018310547,171.73902893066406,807300
2024-11-13,178.83999633789062,179.3000030517578,175.8000030517578,176.0,170.2109832763672,776900
2024-11-14,176.4600067138672,177.08999633789062,173.6300048828125,174.32000732421875,168.5862579345703,704800
2024-11-15,174.66000366210938,175.1199951171875,172.05999755859375,172.52000427246094,166.845458984375,1068400
2024-11-18,172.7899932861328,174.0500030517578,172.57000732421875,172.75,167.06790161132812,826900
2024-11-19,171.14999389648438,173.10000610351562,170.5500030517578,172.94000244140625,167.25164794921875,839400
2024-11-20,172.72000122070312,172.9199981689453,171.2100067138672,172.8800048828125,167.193603515625,777800
2024-11-21,173.7100067138672,176.02000427246094,173.32000732421875,175.25999450683594,169.49534606933594,1372700
2024-11-22,176.07000732421875,178.82000732421875,175.97999572753906,178.5500030517578,172.67713928222656,997700
2024-11-25,180.3699951171875,183.50999450683594,180.16000366210938,181.35000610351562,175.3850555419922,877900
2024-11-26,180.61000061035156,180.61000061035156,178.89999389648438,179.75,173.837646484375,610400
2024-11-27,181.02999877929688,182.24000549316406,179.97000122070312,180.13999938964844,174.21482849121094,764900
2024-11-29,181.02999877929688,181.89999389648438,180.0800018310547,180.3300018310547,174.39857482910156,457500
2024-12-02,180.1300048828125,181.02000427246094,178.60000610351562,180.42999267578125,174.49526977539062,990100
2024-12-03,180.44000244140625,180.72999572753906,178.36000061035156,178.77000427246094,172.889892578125,869800
2024-12-04,178.77000427246094,179.69000244140625,177.63999938964844,179.0,173.11231994628906,727300
2024-12-05,178.89999389648438,179.05999755859375,177.0,177.19000244140625,171.36184692382812,634900
2024-12-06,178.25,178.64999389648438,176.67999267578125,177.27999877929688,171.4488983154297,384300
2024-12-09,178.66000366210938,179.66000366210938,177.11000061035156,177.17999267578125,171.35215759277344,480000
2024-12-10,177.35000610351562,178.25999450683594,175.69000244140625,176.75999450683594,170.94598388671875,625300
2024-12-11,178.0,178.4199981689453,176.74000549316406,177.5,171.6616668701172,935200
2024-12-12,176.89999389648438,177.50999450683594,175.24000549316406,175.3699951171875,169.6016845703125,527800
2024-12-13,175.0500030517578,175.14999389648438,173.14999389648438,174.2100067138672,168.47987365722656,477100
2024-12-16,173.92999267578125,175.36000061035156,173.5,174.55999755859375,168.81837463378906,976800
2024-12-17,172.74000549316406,173.44000244140625,171.0,171.36000061035156,166.5421905517578,918700
2024-12-18,172.22999572753906,172.75999450683594,162.55999755859375,163.80999755859375,159.2044677734375,1109500
2024-12-19,165.1699981689453,166.5,162.55999755859375,162.69000244140625,158.11598205566406,1893900
2024-12-20,161.36000061035156,166.02000427246094,161.36000061035156,164.11000061035156,159.49606323242188,1596100
2024-12-23,163.92999267578125,164.25,162.52000427246094,163.86000061035156,159.25306701660156,1319800
2024-12-24,164.35000610351562,165.42999267578125,163.22999572753906,165.3300018310547,160.6817626953125,528200
2024-12-26,164.6999969482422,166.94000244140625,163.75999450683594,166.7100067138672,162.02296447753906,760900
2024-12-27,165.75999450683594,166.83999633789062,163.07000732421875,164.39999389648438,159.7778778076172,1245000
2024-12-30,163.41000366210938,164.38999938964844,161.6199951171875,163.6999969482422,159.0975799560547,1298400
2024-12-31,164.66000366210938,165.75999450683594,163.6300048828125,164.1699981689453,159.55435180664062,2969500
2025-01-02,165.61000061035156,166.57000732421875,162.9199981689453,163.9199981689453,159.3114013671875,586200
2025-01-03,164.47000122070312,165.91000366210938,163.42999267578125,165.7100067138672,161.0510711669922,453600
2025-01-06,166.50999450683594,167.6199951171875,165.11000061035156,165.3000030517578,160.65260314941406,662400
2025-01-07,166.17999267578125,166.69000244140625,163.11000061035156,164.2100067138672,159.5932159423828,727200
2025-01-08,162.92999267578125,163.97000122070312,161.77000427246094,163.58999633789062,158.9906463623047,912600
2025-01-10,161.6199951171875,161.6199951171875,158.6699981689453,159.9499969482422,155.4530029296875,731600
2025-01-13,158.7100067138672,160.97000122070312,158.22999572753906,160.75,156.23049926757812,711000
2025-01-14,161.82000732421875,163.3000030517578,161.2100067138672,163.2100067138672,158.62135314941406,521500
2025-01-15,167.69000244140625,167.69000244140625,165.3699951171875,166.3800048828125,161.7022247314453,716500
2025-01-16,166.5500030517578,166.89999389648438,165.25999450683594,166.2899932861328,161.61474609375,1500100
2025-01-17,167.72000122070312,168.02999877929688,166.27999877929688,166.9499969482422,162.25621032714844,571200
2025-01-21,168.2899932861328,169.4600067138672,168.17999267578125,169.39999389648438,164.63731384277344,778400
2025-01-22,168.80999755859375,168.9199981689453,167.5399932861328,167.75999450683594,163.04344177246094,527500
2025-01-23,166.8000030517578,168.5,166.50999450683594,168.1999969482422,163.47105407714844,809600
2025-01-24,167.83999633789062,169.17999267578125,167.4600067138672,168.27999877929688,163.54879760742188,882300
2025-01-27,167.63999938964844,170.49000549316406,167.63999938964844,168.6300048828125,163.8889617919922,1474800
2025-01-28,168.63999938964844,168.80999755859375,167.1199951171875,167.9600067138672,163.23780822753906,693100
2025-01-29,167.77000427246094,168.91000366210938,166.0800018310547,167.27999877929688,162.576904296875,901000
2025-01-30,168.97999572753906,170.13999938964844,167.80999755859375,169.02999877929688,164.27774047851562,909200
2025-01-31,169.00999450683594,170.00999450683594,166.69000244140625,167.47000122070312,162.76156616210938,1359500
2025-02-03,164.11000061035156,166.6999969482422,163.19000244140625,165.19000244140625,160.54568481445312,688600
2025-02-04,164.77000427246094,167.61000061035156,164.47000122070312,167.4499969482422,162.7421112060547,639800
2025-02-05,168.4199981689453,169.24000549316406,167.4600067138672,169.1300048828125,164.37489318847656,1076500
2025-02-06,169.97999572753906,169.97999572753906,168.11000061035156,169.05999755859375,164.30690002441406,1039800
2025-02-07,169.05999755859375,169.05999755859375,166.3300018310547,167.08999633789062,162.3922576904297,496900
2025-02-10,167.8699951171875,168.02999877929688,166.75,167.6199951171875,162.90733337402344,801000
2025-02-11,166.60000610351562,168.02999877929688,166.3699951171875,167.9199981689453,163.19891357421875,463700
2025-02-12,165.6199951171875,166.42999267578125,164.92999267578125,165.83999633789062,161.17739868164062,807700
2025-02-13,166.77000427246094,167.72000122070312,166.05999755859375,167.5,162.79074096679688,841500
2025-02-14,168.35000610351562,169.5,167.25,167.47999572753906,162.77127075195312,605800
2025-02-18,167.49000549316406,168.49000549316406,167.05999755859375,168.1699981689453,163.44189453125,1445200
2025-02-19,167.00999450683594,167.77000427246094,166.63999938964844,167.32000732421875,162.61578369140625,396200
2025-02-20,166.92999267578125,167.0500030517578,164.99000549316406,165.9199981689453,161.2551727294922,682400
2025-02-21,167.27999877929688,167.49000549316406,161.97000122070312,162.22999572753906,157.6688995361328,931800
2025-02-24,162.8300018310547,163.16000366210938,161.30999755859375,161.3800048828125,156.84280395507812,1000200
2025-02-25,161.77999877929688,162.6199951171875,160.58999633789062,161.5500030517578,157.00802612304688,564300
2025-02-26,161.97000122070312,162.99000549316406,160.60000610351562,161.27999877929688,156.74560546875,804800
2025-02-27,161.25,161.7899932861328,159.67999267578125,159.77000427246094,155.27806091308594,1186200
2025-02-28,159.50999450683594,161.22000122070312,159.0399932861328,161.10000610351562,156.57066345214844,1965900
2025-03-03,161.5399932861328,162.22000122070312,156.77999877929688,157.72000122070312,153.28570556640625,947500
2025-03-04,155.9199981689453,157.85000610351562,153.64999389648438,155.39999389648438,151.03091430664062,1510700
2025-03-05,155.39999389648438,156.97000122070312,154.0399932861328,156.66000366210938,152.25550842285156,843700
2025-03-06,154.82000732421875,156.30999755859375,153.85000610351562,154.9600067138672,150.60328674316406,801100
2025-03-07,154.9600067138672,156.32000732421875,153.07000732421875,155.50999450683594,151.13784790039062,731000
2025-03-10,153.75999450683594,154.91000366210938,150.4499969482422,151.5399932861328,147.27944946289062,1215500
2025-03-11,152.1300048828125,152.8800048828125,149.83999633789062,151.25999450683594,147.00730895996094,1366700
2025-03-12,152.42999267578125,152.67999267578125,150.16000366210938,151.32000732421875,147.06564331054688,978500
2025-03-13,151.47000122070312,152.4199981689453,148.6699981689453,149.27000427246094,145.07325744628906,1515500
2025-03-14,150.66000366210938,152.86000061035156,150.2899932861328,152.75,148.45542907714844,664500
2025-03-17,152.50999450683594,154.72000122070312,152.39999389648438,154.36000061035156,150.02015686035156,691100
2025-03-18,153.5500030517578,153.5500030517578,152.47999572753906,153.10000610351562,149.27719116210938,907500
2025-03-19,153.17999267578125,156.02999877929688,152.97000122070312,155.02999877929688,151.15899658203125,1533600
2025-03-20,153.77999877929688,155.74000549316406,153.49000549316406,154.25999450683594,150.40821838378906,835800
2025-03-21,152.64999389648438,153.5800018310547,151.75,153.11000061035156,149.2869415283203,576400
2025-03-24,155.0,156.58999633789062,154.9600067138672,156.36000061035156,152.45579528808594,666300
2025-03-25,156.58999633789062,156.58999633789062,154.89999389648438,155.25999450683594,151.3832244873047,1452400
2025-03-26,155.47999572753906,156.42999267578125,153.91000366210938,154.5800018310547,150.72024536132812,614600
2025-03-27,154.22999572753906,155.2100067138672,153.4600067138672,154.35000610351562,150.49598693847656,994800
2025-03-28,154.07000732421875,154.25999450683594,150.5,151.22000122070312,147.44412231445312,766400
2025-03-31,149.5800018310547,151.77999877929688,148.52999877929688,150.97999572753906,147.21011352539062,1414600
2025-04-01,150.58999633789062,152.0399932861328,149.00999450683594,150.9600067138672,147.1906280517578,864700
2025-04-02,149.38999938964844,153.13999938964844,149.27999877929688,152.94000244140625,149.12120056152344,559000
2025-04-03,147.08999633789062,147.55999755859375,142.77000427246094,142.92999267578125,139.36111450195312,1618700
2025-04-04,137.75,138.64999389648438,133.66000366210938,137.10000610351562,133.67669677734375,3305100
2025-04-07,132.00999450683594,142.05999755859375,130.27999877929688,135.14999389648438,131.775390625,3024300
2025-04-08,140.24000549316406,140.24000549316406,130.1999969482422,131.83999633789062,128.5480194091797,2277400
2025-04-09,130.14999389648438,143.64999389648438,129.3800048828125,141.8000030517578,138.2593536376953,2903200
2025-04-10,138.44000244140625,138.94000244140625,132.52000427246094,135.97999572753906,132.58465576171875,1657200
2025-04-11,135.7100067138672,137.77000427246094,133.30999755859375,137.35000610351562,133.9204559326172,1408000
2025-04-14,139.57000732421875,139.6999969482422,136.4499969482422,138.88999938964844,135.42201232910156,963600
2025-04-15,138.63999938964844,140.72999572753906,138.63999938964844,139.3300018310547,135.85101318359375,888100
2025-04-16,138.99000549316406,139.94000244140625,137.17999267578125,138.75,135.28550720214844,1966300
2025-04-17,138.9499969482422,140.75,138.7100067138672,140.07000732421875,136.5725555419922,722500
2025-04-21,138.8800048828125,139.1999969482422,136.2899932861328,137.77999877929688,134.33970642089844,1917500
2025-04-22,139.3000030517578,141.64999389648438,138.8699951171875,141.25999450683594,137.7328338623047,820500
2025-04-23,144.86000061035156,146.57000732421875,142.25999450683594,142.69000244140625,139.1271209716797,1078900
2025-04-24,142.94000244140625,145.19000244140625,142.36000061035156,144.92999267578125,141.31117248535156,1257600
2025-04-25,143.9600067138672,144.69000244140625,142.9199981689453,144.64999389648438,141.03817749023438,392700
2025-04-28,144.7899932861328,145.91000366210938,143.6300048828125,145.3000030517578,141.67193603515625,643800
2025-04-29,145.14999389648438,146.5,143.7100067138672,145.88999938964844,142.24720764160156,612100
2025-04-30,143.9199981689453,145.35000610351562,141.9499969482422,144.8000030517578,141.1844482421875,750700
2025-05-01,145.44000244140625,146.64999389648438,143.77999877929688,145.58999633789062,141.95469665527344,780500
2025-05-02,147.10000610351562,149.07000732421875,146.85000610351562,148.64999389648438,144.93832397460938,1028900
2025-05-05,147.6199951171875,148.7100067138672,147.02000427246094,147.42999267578125,143.74876403808594,1506100
2025-05-06,146.07000732421875,147.44000244140625,145.38999938964844,146.3000030517578,142.64698791503906,932400
2025-05-07,147.25999450683594,147.72999572753906,145.85000610351562,146.64999389648438,142.9882354736328,1091800
2025-05-08,148.0,150.1999969482422,147.1199951171875,149.11000061035156,145.38682556152344,1415200
2025-05-09,149.41000366210938,149.92999267578125,148.5500030517578,149.24000549316406,145.5135955810547,1319400
2025-05-12,154.47999572753906,155.75,153.0800018310547,153.97000122070312,150.12545776367188,1339400
2025-05-13,155.00999450683594,155.10000610351562,153.8699951171875,154.3300018310547,150.47647094726562,1369400
2025-05-14,153.83999633789062,153.97999572753906,152.5800018310547,152.86000061035156,149.04318237304688,769800
2025-05-15,152.55999755859375,154.13999938964844,152.25,154.0399932861328,150.19371032714844,1177000
2025-05-16,153.77000427246094,155.08999633789062,153.5,154.9600067138672,151.0907440185547,659400
2025-05-19,152.77000427246094,154.2899932861328,152.47000122070312,154.27000427246094,150.41798400878906,989600
2025-05-20,153.80999755859375,154.7100067138672,153.57000732421875,154.13999938964844,150.29122924804688,1048900
2025-05-21,152.4199981689453,152.77000427246094,149.42999267578125,149.6300048828125,145.89382934570312,779500
2025-05-22,148.9199981689453,150.25999450683594,148.5,149.3699951171875,145.6403045654297,1046700
2025-05-23,146.91000366210938,149.36000061035156,146.89999389648438,148.91000366210938,145.1918182373047,1236900
2025-05-27,150.97999572753906,152.74000549316406,149.91000366210938,152.7100067138672,148.8969268798828,1170400
2025-05-28,152.52000427246094,152.86000061035156,150.75999450683594,150.91000366210938,147.1418914794922,804000
2025-05-29,151.75,151.94000244140625,150.39999389648438,151.75,147.96090698242188,846700
2025-05-30,150.9499969482422,151.66000366210938,149.97999572753906,150.8300018310547,147.06387329101562,840800
2025-06-02,151.1199951171875,151.1199951171875,149.0,150.7100067138672,146.94688415527344,1510100
2025-06-03,150.82000732421875,153.4499969482422,150.22999572753906,153.00999450683594,149.18943786621094,1067900
2025-06-04,153.25,153.50999450683594,152.1199951171875,152.3300018310547,148.5264434814453,649100
2025-06-05,152.3800048828125,153.02999877929688,151.19000244140625,152.22000122070312,148.41915893554688,719800
2025-06-06,154.0,154.9199981689453,153.75999450683594,154.5800018310547,150.72024536132812,786200
2025-06-09,155.69000244140625,156.72000122070312,155.16000366210938,155.88999938964844,151.9975128173828,1226000
2025-06-10,156.66000366210938,157.86000061035156,156.30999755859375,157.32000732421875,153.39181518554688,1548300
2025-06-11,157.94000244140625,158.25,156.25999450683594,156.6300048828125,152.71905517578125,1333900
2025-06-12,155.55999755859375,156.3699951171875,155.02999877929688,156.1999969482422,152.29978942871094,2038500
2025-06-13,154.33999633789062,155.11000061035156,152.89999389648438,153.47000122070312,149.63795471191406,1889100
2025-06-16,154.2100067138672,155.25,153.58999633789062,154.1999969482422,151.02972412109375,1459100
2025-06-17,153.38999938964844,154.05999755859375,152.52000427246094,152.67999267578125,149.54098510742188,1067700
2025-06-18,152.6199951171875,154.86000061035156,152.1999969482422,153.50999450683594,150.3539276123047,476600
2025-06-20,154.61000061035156,154.61000061035156,152.77999877929688,153.19000244140625,150.04051208496094,737900
2025-06-23,153.14999389648438,155.4600067138672,152.07000732421875,155.44000244140625,152.2442626953125,1084900
2025-06-24,156.3800048828125,157.55999755859375,155.8800048828125,156.77999877929688,153.55670166015625,552500
2025-06-25,156.77999877929688,156.77999877929688,155.05999755859375,155.1300048828125,151.94064331054688,939500
2025-06-26,155.52000427246094,157.6699981689453,155.52000427246094,157.63999938964844,154.3990020751953,434400
2025-06-27,157.86000061035156,158.9199981689453,156.75999450683594,157.69000244140625,154.447998046875,678100
2025-06-30,158.1999969482422,158.38999938964844,157.33999633789062,157.75999450683594,154.51654052734375,647400
2025-07-01,156.9499969482422,163.3800048828125,156.83999633789062,161.0500030517578,157.73892211914062,1125500
2025-07-02,161.5500030517578,163.88999938964844,160.80999755859375,163.75999450683594,160.39320373535156,1068300
2025-07-03,164.6199951171875,165.39999389648438,164.1699981689453,164.9499969482422,161.5587158203125,660100
2025-07-07,163.77000427246094,165.0399932861328,161.44000244140625,162.41000366210938,159.07093811035156,1257500
2025-07-08,162.75,164.77000427246094,162.6699981689453,163.89999389648438,160.53030395507812,824700
2025-07-09,164.64999389648438,165.33999633789062,163.52999877929688,165.16000366210938,161.76443481445312,626900
2025-07-10,164.9199981689453,167.58999633789062,164.6699981689453,166.67999267578125,163.25315856933594,3297900
2025-07-11,165.75,165.75,164.57000732421875,164.9600067138672,161.5685272216797,702300
2025-07-14,164.4600067138672,165.47000122070312,164.07000732421875,165.42999267578125,162.02886962890625,431800
2025-07-15,165.6699981689453,165.91000366210938,161.38999938964844,161.47999572753906,158.16006469726562,736100
2025-07-16,162.2899932861328,162.82000732421875,159.82000732421875,162.52000427246094,159.17869567871094,728000
2025-07-17,162.41000366210938,164.72999572753906,162.3000030517578,164.3300018310547,160.95147705078125,1590300
2025-07-18,165.1999969482422,165.4600067138672,162.9499969482422,163.33999633789062,159.98182678222656,1279700
2025-07-21,164.3000030517578,165.1999969482422,163.1999969482422,163.30999755859375,159.95245361328125,3011000
2025-07-22,163.6699981689453,166.22999572753906,163.6300048828125,165.74000549316406,162.33248901367188,1052200
2025-07-23,166.74000549316406,167.82000732421875,166.0399932861328,167.77999877929688,164.33055114746094,964100
2025-07-24,167.1999969482422,167.1999969482422,165.24000549316406,165.3699951171875,161.9700927734375,1036700
2025-07-25,165.69000244140625,165.9199981689453,164.13999938964844,165.6199951171875,162.21495056152344,1071800
2025-07-28,166.17999267578125,166.17999267578125,164.83999633789062,165.38999938964844,161.9896697998047,1000100
2025-07-29,166.33999633789062,166.33999633789062,163.85000610351562,164.2899932861328,160.91229248046875,614900
2025-07-30,164.64999389648438,165.02999877929688,161.1699981689453,162.19000244140625,158.85546875,1456700
2025-07-31,161.2100067138672,161.72999572753906,159.99000549316406,160.38999938964844,157.0924835205078,1192800
2025-08-01,158.33999633789062,158.58999633789062,155.5399932861328,157.10000610351562,153.87013244628906,1307200
2025-08-04,157.94000244140625,159.9600067138672,157.69000244140625,159.83999633789062,156.55377197265625,697200
2025-08-05,160.49000549316406,161.1699981689453,158.85000610351562,160.99000549316406,157.68014526367188,974100
2025-08-06,161.4600067138672,161.57000732421875,160.67999267578125,161.10000610351562,157.78790283203125,954600
2025-08-07,162.69000244140625,162.91000366210938,160.05999755859375,160.75999450683594,157.45486450195312,770300
2025-08-08,161.66000366210938,161.88999938964844,160.6300048828125,161.07000732421875,157.75851440429688,963400
2025-08-11,161.4199981689453,162.3000030517578,160.38999938964844,160.83999633789062,157.533203125,665900
2025-08-12,162.1199951171875,166.11000061035156,161.72999572753906,165.92999267578125,162.51856994628906,1333700
2025-08-13,166.72999572753906,169.9499969482422,166.57000732421875,169.6199951171875,166.13270568847656,1307800
2025-08-14,167.49000549316406,168.0,166.07000732421875,167.75999450683594,164.3109588623047,1095100
2025-08-15,168.24000549316406,168.24000549316406,166.16000366210938,166.61000061035156,163.18458557128906,702300
2025-08-18,166.58999633789062,167.5,166.3000030517578,167.13999938964844,163.70370483398438,666800
2025-08-19,167.1999969482422,168.57000732421875,166.47999572753906,167.07000732421875,163.6351318359375,494200
2025-08-20,166.9600067138672,167.32000732421875,165.61000061035156,166.33999633789062,162.92013549804688,309700
2025-08-21,165.41000366210938,166.6199951171875,164.91000366210938,166.3300018310547,162.9103546142578,498900
2025-08-22,167.3800048828125,173.92999267578125,167.30999755859375,173.5,169.93295288085938,1409600
2025-08-25,173.0800018310547,173.0800018310547,172.02999877929688,172.10000610351562,168.56175231933594,875400
2025-08-26,172.33999633789062,173.75999450683594,172.2100067138672,173.07000732421875,169.5117950439453,658000
2025-08-27,172.5800018310547,174.58999633789062,172.5800018310547,174.52999877929688,170.94175720214844,478300
2025-08-28,175.1999969482422,175.1999969482422,173.27999877929688,174.0800018310547,170.50100708007812,864100
2025-08-29,174.47999572753906,174.7899932861328,173.39999389648438,174.07000732421875,170.49122619628906,465000
2025-09-02,171.8699951171875,173.3699951171875,171.6199951171875,173.14999389648438,169.5901336669922,932600
2025-09-03,172.57000732421875,174.14999389648438,172.0800018310547,173.00999450683594,169.45301818847656,868200
2025-09-04,173.24000549316406,175.24000549316406,172.86000061035156,175.2100067138672,171.60780334472656,882100
2025-09-05,176.02999877929688,177.6999969482422,174.25,176.0,172.3815460205078,645000
2025-09-08,176.49000549316406,176.49000549316406,174.5,175.9499969482422,172.33255004882812,750400
2025-09-09,175.92999267578125,175.92999267578125,174.13999938964844,174.7100067138672,171.1180877685547,801100
2025-09-10,175.0,175.5500030517578,173.99000549316406,174.64999389648438,171.05929565429688,327800
2025-09-11,174.7100067138672,177.64999389648438,174.3000030517578,177.47999572753906,173.83111572265625,803100
2025-09-12,177.17999267578125,177.1999969482422,175.52999877929688,175.5500030517578,171.9407958984375,671800
2025-09-15,176.1999969482422,176.72999572753906,175.60000610351562,176.22999572753906,172.6068115234375,1292600
2025-09-16,175.39999389648438,175.6699981689453,174.0399932861328,174.99000549316406,172.19058227539062,498000
2025-09-17,175.38999938964844,179.4499969482422,174.1199951171875,175.07000732421875,172.26930236816406,907400
2025-09-18,176.24000549316406,179.25,175.88999938964844,178.94000244140625,176.07740783691406,703500
2025-09-19,179.44000244140625,179.44000244140625,176.72000122070312,176.89999389648438,174.0700225830078,779600
2025-09-22,176.63999938964844,177.88999938964844,175.8300018310547,177.4600067138672,174.62107849121094,1013200
2025-09-23,178.0800018310547,180.0399932861328,177.22000122070312,177.35000610351562,174.51284790039062,457200
2025-09-24,177.64999389648438,178.63999938964844,176.69000244140625,176.86000061035156,174.03067016601562,389300
2025-09-25,175.1999969482422,175.7899932861328,174.30999755859375,175.10000610351562,172.29881286621094,573500
2025-09-26,175.5399932861328,176.85000610351562,175.3300018310547,176.66000366210938,173.83387756347656,438800
2025-09-29,177.6699981689453,177.6699981689453,175.72000122070312,176.55999755859375,173.73545837402344,485900
2025-09-30,176.00999450683594,176.85000610351562,175.00999450683594,176.80999755859375,173.98147583007812,653000
2025-10-01,176.11000061035156,178.02999877929688,175.92999267578125,177.5500030517578,174.7096405029297,330700
2025-10-02,177.7100067138672,178.0500030517578,176.27000427246094,178.0399932861328,175.19178771972656,385200
2025-10-03,178.6199951171875,181.11000061035156,178.6199951171875,179.44000244140625,176.5693817138672,456900
2025-10-06,180.99000549316406,181.50999450683594,179.7100067138672,179.8000030517578,176.9236297607422,681400
2025-10-07,180.41000366210938,180.41000366210938,177.27999877929688,177.77000427246094,174.92611694335938,519200
2025-10-08,178.57000732421875,179.47000122070312,177.44000244140625,179.1300048828125,176.2643585205078,520700
2025-10-09,179.22000122070312,179.61000061035156,177.00999450683594,177.69000244140625,174.84739685058594,602200
2025-10-10,178.25999450683594,179.02000427246094,172.13999938964844,172.33999633789062,169.5829620361328,804100
2025-10-13,174.88999938964844,176.33999633789062,174.10000610351562,176.08999633789062,173.2729949951172,463500
2025-10-14,174.3000030517578,180.50999450683594,174.00999450683594,179.5,176.62841796875,546300
2025-10-15,180.83999633789062,182.8000030517578,178.99000549316406,180.83999633789062,177.94699096679688,600600
2025-10-16,181.2100067138672,181.22999572753906,176.02999877929688,176.8300018310547,174.00115966796875,892600
2025-10-17,175.82000732421875,177.38999938964844,175.5800018310547,176.52999877929688,173.70594787597656,690300
2025-10-20,178.6199951171875,180.38999938964844,178.1999969482422,180.11000061035156,177.22866821289062,667000
2025-10-21,179.50999450683594,180.4499969482422,178.58999633789062,179.33999633789062,176.4709930419922,321800
2025-10-22,178.77000427246094,179.47000122070312,176.13999938964844,177.7100067138672,174.8670654296875,613000
2025-10-23,178.39999389648438,179.97999572753906,177.64999389648438,179.30999755859375,176.4414825439453,482200
2025-10-24,181.22000122070312,182.27000427246094,180.8000030517578,181.50999450683594,178.6062774658203,438300
2025-10-27,182.25999450683594,182.74000549316406,180.8300018310547,181.25999450683594,178.3602752685547,545800
2025-10-28,180.74000549316406,181.50999450683594,179.5800018310547,180.2899932861328,177.40579223632812,2563000
2025-10-29,179.9600067138672,181.35000610351562,176.57000732421875,178.0,175.15243530273438,1304100
2025-10-30,177.22999572753906,178.72999572753906,176.33999633789062,176.74000549316406,173.91258239746094,432800
2025-10-31,176.75999450683594,177.52999877929688,175.5,177.1300048828125,174.29635620117188,609600
2025-11-03,176.64999389648438,177.19000244140625,174.94000244140625,177.19000244140625,174.3553924560547,628300
2025-11-04,175.02000427246094,176.16000366210938,174.3800048828125,174.85000610351562,172.0528564453125,469700
2025-11-05,175.27999877929688,177.63999938964844,174.9600067138672,176.9499969482422,174.11923217773438,501000
2025-11-06,176.6300048828125,177.0500030517578,174.3800048828125,174.55999755859375,171.7674560546875,709900
2025-11-07,173.5399932861328,175.8699951171875,173.02999877929688,175.7899932861328,172.977783203125,767800
2025-11-10,177.74000549316406,178.10000610351562,176.00999450683594,177.14999389648438,174.31600952148438,680600
2025-11-11,177.1699981689453,178.22000122070312,176.8000030517578,177.8300018310547,174.98513793945312,322300
2025-11-12,178.25,179.47999572753906,177.52999877929688,177.69000244140625,174.84739685058594,427500
2025-11-13,176.72000122070312,177.69000244140625,173.77000427246094,174.41000366210938,171.61985778808594,475100
2025-11-14,172.24000549316406,175.2100067138672,172.24000549316406,174.6699981689453,171.87571716308594,739600
2025-11-17,174.05999755859375,174.67999267578125,170.47999572753906,170.89999389648438,168.166015625,765600
2025-11-18,170.19000244140625,172.72000122070312,169.80999755859375,171.6999969482422,168.95321655273438,728100
2025-11-19,171.94000244140625,173.07000732421875,170.3800048828125,171.1999969482422,168.46121215820312,509600
2025-11-20,173.0,174.85000610351562,168.75,168.85000610351562,166.14881896972656,753900
2025-11-21,169.35000610351562,174.9600067138672,169.35000610351562,173.85000610351562,171.06883239746094,982800
2025-11-24,174.08999633789062,176.3300018310547,173.52999877929688,175.94000244140625,173.12539672851562,1072800
2025-11-25,176.97999572753906,180.58999633789062,176.4600067138672,180.14999389648438,177.2680206298828,772200
2025-11-26,180.14999389648438,182.75999450683594,179.6199951171875,181.52999877929688,178.62594604492188,587600
2025-11-28,181.74000549316406,182.30999755859375,181.3000030517578,182.22999572753906,179.3147430419922,350800
2025-12-01,180.0399932861328,182.07000732421875,180.0399932861328,181.02999877929688,178.1339569091797,723800
2025-12-02,181.89999389648438,181.89999389648438,180.25,180.2899932861328,177.40579223632812,369900
2025-12-03,181.02999877929688,183.77000427246094,180.85000610351562,183.6300048828125,180.69236755371094,626500
2025-12-04,183.0500030517578,184.75999450683594,182.60000610351562,183.97000122070312,181.0269317626953,481900
2025-12-05,183.77999877929688,185.05999755859375,183.5500030517578,183.77000427246094,180.8301239013672,1448200
2025-12-08,184.80999755859375,184.88999938964844,183.3300018310547,183.52000427246094,180.58413696289062,1008100
2025-12-09,183.1199951171875,185.3000030517578,183.10000610351562,184.11000061035156,181.16470336914062,733200
2025-12-10,184.02999877929688,188.94000244140625,184.02999877929688,187.67999267578125,184.67755126953125,1610300
2025-12-11,187.14999389648438,189.72000122070312,187.14999389648438,189.4499969482422,186.41925048828125,1352100
2025-12-12,189.85000610351562,190.1999969482422,187.0500030517578,187.42999267578125,184.4315643310547,835600
2025-12-15,188.6199951171875,188.66000366210938,186.1999969482422,186.6699981689453,183.68373107910156,1599900
2025-12-16,184.92999267578125,186.0800018310547,183.5399932861328,184.41000366210938,182.50210571289062,696400
2025-12-17,184.80999755859375,186.32000732421875,183.35000610351562,183.64999389648438,181.74993896484375,589300
2025-12-18,185.30999755859375,186.10000610351562,184.0800018310547,184.4199981689453,182.51197814941406,716700
2025-12-19,184.75,185.47999572753906,184.07000732421875,184.4499969482422,182.54165649414062,1101600
2025-12-22,185.3000030517578,186.89999389648438,185.3000030517578,185.72999572753906,183.80841064453125,953000
2025-12-23,185.1300048828125,185.64999389648438,184.38999938964844,184.61000061035156,182.70001220703125,521600
2025-12-24,184.60000610351562,185.32000732421875,184.0500030517578,185.13999938964844,183.2245330810547,295200
2025-12-26,185.0500030517578,185.0500030517578,183.8699951171875,184.52000427246094,182.6109619140625,701500
2025-12-29,184.1699981689453,184.94000244140625,183.33999633789062,183.67999267578125,181.7796173095703,838700
2025-12-30,183.72000122070312,183.9499969482422,182.5500030517578,182.64999389648438,180.76028442382812,407300
2025-12-31,182.5500030517578,182.94000244140625,181.13999938964844,181.2100067138672,179.335205078125,541300
2026-01-02,182.42999267578125,183.17999267578125,180.57000732421875,182.8699951171875,180.97799682617188,824200
2026-01-05,183.25999450683594,186.0399932861328,183.08999633789062,185.19000244140625,183.27401733398438,1855300
2026-01-06,184.97000122070312,188.02000427246094,184.42999267578125,187.9499969482422,186.00546264648438,686900
2026-01-07,188.13999938964844,188.44000244140625,186.32000732421875,187.32000732421875,185.38197326660156,362600
2026-01-08,186.72999572753906,190.49000549316406,186.35000610351562,189.97000122070312,188.0045623779297,651400
2026-01-09,190.8800048828125,191.99000549316406,189.64999389648438,191.1199951171875,189.14266967773438,1185200
2026-01-12,190.3699951171875,191.72999572753906,189.61000061035156,191.61000061035156,189.62759399414062,730500
2026-01-13,192.3300018310547,192.7899932861328,191.3699951171875,191.86000061035156,189.875,961000
2026-01-14,191.91000366210938,194.08999633789062,191.72000122070312,193.7100067138672,191.7058563232422,637600
2026-01-15,193.77999877929688,196.4499969482422,193.77999877929688,195.47000122070312,193.44766235351562,1665800
2026-01-16,195.4499969482422,196.1300048828125,194.6199951171875,195.3699951171875,193.3486785888672,545100
2026-01-20,192.35000610351562,194.3300018310547,192.30999755859375,192.80999755859375,190.815185546875,803600
2026-01-21,194.32000732421875,198.07000732421875,194.32000732421875,197.61000061035156,195.56552124023438,664700
2026-01-22,198.6699981689453,200.74000549316406,198.6199951171875,199.0,196.94113159179688,567400
2026-01-23,198.52000427246094,198.52000427246094,195.3300018310547,195.6199951171875,193.59609985351562,721600
2026-01-26,195.9600067138672,196.64999389648438,194.33999633789062,194.91000366210938,192.89344787597656,667200
2026-01-27,194.77000427246094,195.77000427246094,194.27000427246094,195.66000366210938,193.6356964111328,874800
2026-01-28,196.52000427246094,196.75999450683594,194.11000061035156,194.55999755859375,192.5470733642578,594800
2026-01-29,195.49000549316406,196.4600067138672,192.99000549316406,195.86000061035156,193.83363342285156,1739400
2026-01-30,193.72000122070312,195.0500030517578,192.17999267578125,193.8800048828125,191.87411499023438,1151000
2026-02-02,192.9600067138672,196.9499969482422,192.85000610351562,195.88999938964844,193.86331176757812,969700
2026-02-03,196.5500030517578,198.89999389648438,194.8800048828125,197.5500030517578,195.5061492919922,1311200
2026-02-04,198.75999450683594,199.8699951171875,195.92999267578125,197.82000732421875,195.77334594726562,904400
2026-02-05,196.1699981689453,198.11000061035156,194.14999389648438,194.82000732421875,192.80438232421875,1183400
2026-02-06,197.11000061035156,200.91000366210938,196.74000549316406,200.30999755859375,198.23757934570312,758000
2026-02-09,200.10000610351562,201.69000244140625,199.0800018310547,200.9499969482422,198.87095642089844,569700
2026-02-10,201.35000610351562,202.14999389648438,200.57000732421875,200.82000732421875,198.7423095703125,629900
2026-02-11,202.41000366210938,203.00999450683594,199.0,200.5500030517578,198.47509765625,372100
2026-02-12,201.91000366210938,202.22000122070312,195.4499969482422,197.1699981689453,195.13006591796875,775500
2026-02-13,197.5399932861328,201.14999389648438,196.3300018310547,199.97000122070312,197.90109252929688,1068200
2026-02-17,199.86000061035156,201.11000061035156,197.07000732421875,199.66000366210938,197.5943145751953,772300
2026-02-18,199.74000549316406,201.91000366210938,198.9600067138672,199.75,197.68338012695312,561200
2026-02-19,198.8300018310547,200.33999633789062,198.0800018310547,200.25999450683594,198.18809509277344,464800
2026-02-20,199.6699981689453,202.5399932861328,198.83999633789062,200.9199981689453,198.8412628173828,514500
2026-02-23,200.44000244140625,201.00999450683594,195.85000610351562,197.27999877929688,195.23892211914062,675100
2026-02-24,197.2899932861328,199.5,197.2899932861328,198.86000061035156,196.80258178710938,469900
2026-02-25,200.0,200.08999633789062,197.9600067138672,199.75999450683594,197.69326782226562,421300
2026-02-26,199.6999969482422,201.14999389648438,198.39999389648438,200.82000732421875,198.7423095703125,380000
2026-02-27,198.4499969482422,198.83999633789062,196.38999938964844,197.5500030517578,195.5061492919922,522700
2026-03-02,195.19000244140625,199.2899932861328,195.10000610351562,198.9499969482422,196.8916473388672,737100
2026-03-03,193.9499969482422,197.3000030517578,191.92999267578125,196.05999755859375,194.0315399169922,854100
2026-03-04,197.39999389648438,198.8000030517578,195.82000732421875,198.11000061035156,196.0603485107422,653300
2026-03-05,196.41000366210938,196.88999938964844,192.4199981689453,194.3300018310547,192.31947326660156,699900
2026-03-06,190.7899932861328,191.14999389648438,189.13999938964844,190.41000366210938,188.4400177001953,664900
2026-03-09,187.97999572753906,192.0800018310547,185.08999633789062,191.33999633789062,189.36038208007812,1166800
2026-03-10,190.86000061035156,194.14999389648438,190.33999633789062,191.05999755859375,189.08328247070312,810500
2026-03-11,190.11000061035156,191.39999389648438,188.9199981689453,190.49000549316406,188.51918029785156,891200
2026-03-12,188.07000732421875,188.75999450683594,186.47999572753906,187.2100067138672,185.2731170654297,1697200
2026-03-13,188.27999877929688,189.22000122070312,186.02000427246094,186.66000366210938,184.72882080078125,487600
2026-03-16,188.7899932861328,189.97999572753906,188.13999938964844,188.13999938964844,186.1934814453125,517800
2026-03-17,188.5800018310547,190.02999877929688,188.22999572753906,188.52999877929688,187.09457397460938,670900
2026-03-18,187.5,187.7899932861328,185.64999389648438,185.6699981689453,184.25634765625,756900
2026-03-19,183.8300018310547,188.5,183.64999389648438,186.7100067138672,185.28843688964844,444700
2026-03-20,186.72999572753906,186.9600067138672,182.02999877929688,183.4600067138672,182.0631866455078,1056800
2026-03-23,186.42999267578125,190.07000732421875,186.16000366210938,187.33999633789062,185.91363525390625,1148300
2026-03-24,186.02999877929688,190.25,185.38999938964844,188.97999572753906,187.5411376953125,624500
2026-03-25,191.02999877929688,191.86000061035156,189.52999877929688,191.1999969482422,189.74424743652344,573600
2026-03-26,189.19000244140625,191.83999633789062,189.0,189.30999755859375,187.86863708496094,608400
2026-03-27,188.1699981689453,188.88999938964844,185.89999389648438,186.49000549316406,185.0701141357422,862100
2026-03-30,188.47999572753906,188.47999572753906,184.22000122070312,184.82000732421875,183.41282653808594,686200
2026-03-31,187.41000366210938,190.5399932861328,186.38999938964844,189.58999633789062,188.14649963378906,760700
2026-04-01,190.77000427246094,192.64999389648438,190.57000732421875,190.75999450683594,189.30760192871094,1146800
2026-04-02,188.13999938964844,192.55999755859375,187.72000122070312,192.19000244140625,190.72671508789062,2946400
2026-04-06,191.8699951171875,193.3000030517578,191.33999633789062,192.88999938964844,191.42138671875,696600
2026-04-07,192.05999755859375,193.9199981689453,191.44000244140625,193.4600067138672,191.98704528808594,543000
2026-04-08,198.1999969482422,199.3699951171875,196.99000549316406,198.42999267578125,196.919189453125,1145600
2026-04-09,197.24000549316406,200.42999267578125,197.24000549316406,199.7100067138672,198.18946838378906,858000
2026-04-10,199.97000122070312,200.24000549316406,198.60000610351562,199.33999633789062,197.822265625,446000
2026-04-13,198.6300048828125,201.0500030517578,198.19000244140625,200.85000610351562,199.32078552246094,1536200
2026-04-14,201.72000122070312,202.6199951171875,200.82000732421875,202.08999633789062,200.55133056640625,622100
2026-04-15,202.00999450683594,202.0500030517578,201.0800018310547,201.92999267578125,200.39254760742188,535000
2026-04-16,201.86000061035156,202.60000610351562,201.25999450683594,202.25999450683594,200.72003173828125,837500
2026-04-17,204.2899932861328,208.0800018310547,204.22000122070312,206.4499969482422,204.87814331054688,733300
2026-04-20,205.60000610351562,207.8699951171875,205.60000610351562,207.58999633789062,206.00946044921875,1193800
2026-04-21,208.02999877929688,208.8000030517578,204.77000427246094,205.3699951171875,203.8063507080078,1343800
2026-04-22,207.1699981689453,207.72000122070312,205.5,206.22999572753906,204.65980529785156,599600
2026-04-23,206.42999267578125,207.6199951171875,204.2899932861328,206.5500030517578,204.97738647460938,631500
2026-04-24,207.0399932861328,207.82000732421875,205.67999267578125,206.9600067138672,205.38426208496094,839900
2026-04-27,207.1999969482422,208.61000061035156,207.1999969482422,207.8000030517578,206.21786499023438,347700
2026-04-28,207.13999938964844,208.35000610351562,206.17999267578125,206.86000061035156,205.28501892089844,760600
2026-04-29,206.42999267578125,206.42999267578125,203.10000610351562,204.13999938964844,202.58572387695312,797600
2026-04-30,204.49000549316406,208.1300048828125,204.4499969482422,207.75,206.16824340820312,977400
2026-05-01,208.38999938964844,208.89999389648438,206.6999969482422,208.22999572753906,206.6445770263672,727400
2026-05-04,207.39999389648438,208.6300048828125,205.4499969482422,206.55999755859375,204.9873046875,823900
2026-05-05,207.44000244140625,210.0399932861328,207.44000244140625,209.61000061035156,208.0140838623047,780200
2026-05-06,211.8000030517578,212.89999389648438,211.25,212.75999450683594,211.1400909423828,738400
2026-05-07,212.5399932861328,213.19000244140625,209.58999633789062,210.10000610351562,208.5003662109375,611000
2026-05-08,210.57000732421875,212.25,210.24000549316406,211.6300048828125,210.01870727539062,341100
2026-05-11,212.42999267578125,212.83999633789062,210.97000122070312,211.1999969482422,209.5919647216797,653500
2026-05-12,210.42999267578125,210.42999267578125,206.6300048828125,209.63999938964844,208.04385375976562,647000
2026-05-13,209.5800018310547,209.64999389648438,208.25999450683594,209.24000549316406,207.6468963623047,354400
2026-05-14,210.0500030517578,211.22999572753906,209.3000030517578,209.97999572753906,208.38125610351562,929300
2026-05-15,207.55999755859375,207.8800048828125,205.44000244140625,205.97000122070312,204.40179443359375,608300
2026-05-18,206.72000122070312,207.72000122070312,205.10000610351562,206.0800018310547,204.51095581054688,892600
2026-05-19,205.0800018310547,205.47999572753906,202.80999755859375,204.22999572753906,202.675048828125,777600
2026-05-20,205.27000427246094,208.85000610351562,204.6300048828125,208.63999938964844,207.0514678955078,626900
2026-05-21,207.52999877929688,210.57000732421875,206.5399932861328,209.7899932861328,208.1927032470703,1235200
2026-05-22,210.8800048828125,212.0,210.1300048828125,211.30999755859375,209.7011260986328,448300
2026-05-26,213.1999969482422,214.80999755859375,213.14999389648438,214.69000244140625,213.05540466308594,494600
2026-05-27,214.57000732421875,215.6999969482422,214.3000030517578,214.82000732421875,213.18441772460938,679000
2026-05-28,214.5500030517578,215.64999389648438,212.89999389648438,215.36000061035156,213.72030639648438,701400
2026-05-29,214.85000610351562,214.85000610351562,213.24000549316406,213.8699951171875,212.24163818359375,805900
2026-06-01,212.4600067138672,213.60000610351562,210.97999572753906,212.74000549316406,211.1202392578125,1379400
2026-06-02,212.74000549316406,215.42999267578125,212.74000549316406,215.0,213.363037109375,748200
2026-06-03,214.00999450683594,214.00999450683594,212.02999877929688,212.19000244140625,210.57443237304688,583900
2026-06-04,212.49000549316406,215.57000732421875,212.19000244140625,215.0399932861328,213.40274047851562,337400
2026-06-05,213.4199981689453,213.66000366210938,208.7100067138672,209.44000244140625,207.8453826904297,1143800
2026-06-08,212.0500030517578,212.8800048828125,210.94000244140625,211.25,209.6416015625,426500
2026-06-09,213.11000061035156,215.66000366210938,208.4199981689453,212.1699981689453,210.55459594726562,973300
2026-06-10,212.32000732421875,214.7100067138672,210.80999755859375,210.9199981689453,209.31410217285156,763500
2026-06-11,212.52000427246094,216.08999633789062,211.9600067138672,215.80999755859375,214.1668701171875,564300
2026-06-12,216.60000610351562,219.77000427246094,216.22999572753906,218.3300018310547,216.6676788330078,526500
2026-06-15,219.6999969482422,220.35000610351562,216.89999389648438,217.3000030517578,216.42367553710938,470800
2026-06-16,217.8000030517578,219.50999450683594,215.86000061035156,216.1999969482422,215.32810974121094,576500
2026-06-17,216.22000122070312,218.27000427246094,212.97999572753906,213.69000244140625,212.82823181152344,859600
2026-06-18,216.57000732421875,217.10000610351562,214.86000061035156,216.8699951171875,215.9954071044922,810300
2026-06-22,217.7899932861328,219.0500030517578,217.47000122070312,217.99000549316406,217.11090087890625,729800
2026-06-23,215.1999969482422,218.6699981689453,215.1999969482422,217.5500030517578,216.67266845703125,499100
2026-06-24,217.6300048828125,219.91000366210938,217.1300048828125,218.58999633789062,217.70846557617188,634500
2026-06-25,219.5800018310547,221.32000732421875,218.80999755859375,220.11000061035156,219.2223358154297,910700
2026-06-26,219.05999755859375,221.94000244140625,219.02999877929688,221.42999267578125,220.53701782226562,1236900
2026-06-29,221.27999877929688,221.55999755859375,219.32000732421875,221.27999877929688,220.3876190185547,760500
2026-06-30,220.85000610351562,221.8800048828125,220.02000427246094,221.1999969482422,220.3079376220703,1290700
2026-07-01,221.4499969482422,223.58999633789062,220.91000366210938,221.7100067138672,220.81590270996094,597700
2026-07-02,222.7100067138672,223.89999389648438,219.72999572753906,221.3300018310547,220.4374237060547,377300
2026-07-06,221.25,222.47000122070312,220.92999267578125,221.74000549316406,220.8457794189453,411100
2026-07-07,221.67999267578125,222.6199951171875,219.9499969482422,220.17999267578125,219.29205322265625,531100
2026-07-08,218.75999450683594,218.86000061035156,216.47999572753906,217.67999267578125,216.80213928222656,411200
2026-07-09,218.30999755859375,220.02999877929688,218.02000427246094,219.5,218.61480712890625,445700
2026-07-10,219.94000244140625,220.38999938964844,218.74000549316406,219.97000122070312,219.08290100097656,322100
2026-07-13,220.0,221.11000061035156,219.3300018310547,219.77999877929688,218.8936767578125,438700
2026-07-14,220.74000549316406,221.0399932861328,219.4499969482422,219.60000610351562,218.7144012451172,454500
2026-07-15,220.27000427246094,222.47000122070312,220.22999572753906,221.2899932861328,220.3975830078125,370500
2026-07-16,220.8800048828125,224.3800048828125,220.8800048828125,224.17999267578125,223.2759246826172,655900
2026-07-17,222.4600067138672,224.4199981689453,221.35000610351562,222.33999633789062,221.44334411621094,472300
2026-07-20,222.63999938964844,223.1300048828125,220.82000732421875,220.85000610351562,219.95936584472656,653800
2026-07-21,221.32000732421875,223.14999389648438,220.91000366210938,222.91000366210938,222.01104736328125,322500
2026-07-22,222.82000732421875,223.52999877929688,221.69000244140625,222.0500030517578,221.15452575683594,380700
2026-07-23,219.97000122070312,220.99000549316406,219.4600067138672,220.5800018310547,219.69044494628906,522800
2026-07-24,221.33999633789062,223.00999450683594,220.7899932861328,221.4199981689453,220.5270538330078,797300
2026-07-27,223.19000244140625,223.86000061035156,221.6699981689453,222.16000366210938,221.2640838623047,686900
2026-07-28,222.8800048828125,224.44000244140625,222.75,224.11000061035156,223.20620727539062,1004300
2026-07-29,223.50999450683594,224.49000549316406,221.3800048828125,221.60000610351562,220.7063446044922,1013500
2026-07-30,222.77999877929688,222.9199981689453,220.0800018310547,221.7899932861328,220.8955535888672,607700
2026-07-31,222.44000244140625,222.5500030517578,219.02000427246094,221.24000549316406,220.34779357910156,446400
2026-08-03,222.41000366210938,224.66000366210938,222.41000366210938,224.4499969482422,223.54483032226562,1633000
2026-08-04,224.36000061035156,227.30999755859375,223.8800048828125,226.97000122070312,226.05467224121094,544000
2026-08-05,227.00999450683594,227.16000366210938,225.0,225.0800018310547,224.17230224609375,476000
2026-08-06,225.86000061035156,226.07000732421875,223.6300048828125,223.8300018310547,222.92733764648438,477800
2026-08-07,224.7899932861328,226.02999877929688,224.17999267578125,225.52000427246094,224.61053466796875,348100
2026-08-10,224.6199951171875,225.1999969482422,223.52000427246094,224.2899932861328,223.38548278808594,716200
2026-08-11,225.02999877929688,225.72000122070312,224.7899932861328,224.97000122070312,224.062744140625,266600
2026-08-12,225.85000610351562,226.27000427246094,224.38999938964844,225.92999267578125,225.01885986328125,313700
2026-08-13,226.75999450683594,227.86000061035156,226.42999267578125,226.77000427246094,225.85548400878906,195100
2026-08-14,226.50999450683594,227.63999938964844,226.27000427246094,227.42999267578125,226.5128173828125,360000
2026-08-17,226.8000030517578,226.86000061035156,225.82000732421875,226.4600067138672,225.54673767089844,272300
2026-08-18,226.24000549316406,226.4600067138672,224.39999389648438,224.4499969482422,223.54483032226562,207400
2026-08-19,226.3800048828125,226.9600067138672,225.27000427246094,225.61000061035156,224.70016479492188,202100
2026-08-20,224.1300048828125,224.94000244140625,223.6199951171875,223.80999755859375,222.9074249267578,248900
2026-08-21,225.33999633789062,225.69000244140625,224.0,224.80999755859375,223.90338134765625,330500
2026-08-24,224.64999389648438,225.25999450683594,223.74000549316406,224.05999755859375,223.1564178466797,410800
2026-08-25,224.69000244140625,224.88999938964844,223.55999755859375,224.63999938964844,223.73406982421875,456000
2026-08-26,224.74000549316406,225.16000366210938,223.91000366210938,224.33999633789062,223.43528747558594,320200
2026-08-27,224.0800018310547,224.94000244140625,223.2100067138672,224.74000549316406,223.83367919921875,262000
2026-08-28,224.97000122070312,225.4499969482422,223.08999633789062,223.13999938964844,222.24012756347656,348700
2026-08-31,222.9499969482422,222.97000122070312,221.1999969482422,221.8000030517578,220.90553283691406,520200
2026-09-01,220.82000732421875,221.77999877929688,219.52999877929688,219.94000244140625,219.0530242919922,666600
2026-09-02,220.9199981689453,223.47000122070312,220.39999389648438,223.0399932861328,222.14051818847656,763000
2026-09-03,224.44000244140625,224.52999877929688,222.6999969482422,223.72000122070312,222.81777954101562,526800
2026-09-04,222.52000427246094,224.77999877929688,222.52000427246094,224.6199951171875,223.7141571044922,648800
2026-09-08,223.55999755859375,224.52000427246094,222.5800018310547,222.75999450683594,221.8616485595703,411400
2026-09-09,222.22000122070312,222.63999938964844,220.10000610351562,220.47999572753906,219.59085083007812,328700
2026-09-10,219.63999938964844,219.72999572753906,218.32000732421875,218.97000122070312,218.08694458007812,326600
2026-09-11,220.85000610351562,221.3300018310547,219.38999938964844,219.69000244140625,218.8040313720703,291000
2026-09-14,219.02999877929688,220.58999633789062,218.61000061035156,219.4499969482422,218.56500244140625,341100
2026-09-15,218.05999755859375,218.22999572753906,217.19000244140625,217.67999267578125,217.67999267578125,497700
2026-09-16,217.97000122070312,218.5800018310547,213.92999267578125,215.86000061035156,215.86000061035156,795700
2026-09-17,218.57000732421875,218.69000244140625,216.5800018310547,216.72999572753906,216.72999572753906,343400
2026-09-18,215.75,216.1300048828125,214.63999938964844,215.5800018310547,215.5800018310547,538500
2026-09-21,217.1699981689453,217.1699981689453,215.9499969482422,215.9499969482422,215.9499969482422,445000
2026-09-22,217.2100067138672,218.33999633789062,216.35000610351562,216.69000244140625,216.69000244140625,409200
2026-09-23,216.00999450683594,216.00999450683594,213.1999969482422,213.32000732421875,213.32000732421875,469500
2026-09-24,213.11000061035156,213.69000244140625,211.72999572753906,213.1199951171875,213.1199951171875,378500
2026-09-25,213.41000366210938,214.2899932861328,212.27999877929688,213.49000549316406,213.49000549316406,719900
