Date,NAV_Gross,NAV_Net,NAV_SPY,Turnover,TradedFraction,Cost
2000-12-29,10000.0,10000.0,9810.7051061117,0.0,0.0,0.0
2001-01-02,10050.81285022218,10050.724655197648,9633.092523636069,0.008774914611173017,0.017549829222346033,0.08819502453358012
2001-01-03,10030.944961116611,10030.856940431107,10095.819282346554,0.0,0.0,0.0
2001-01-04,10148.595437860164,10148.506384801774,9987.149907978708,0.0,0.0,0.0
2001-01-05,10170.01305675671,10169.923815760545,9661.135477418178,0.0,0.0,0.0
2001-01-08,10162.34211072137,10162.252937037101,9735.923896026077,0.0,0.0,0.0
2001-01-09,10142.071060245798,10141.982064438267,9710.21289920008,0.0,0.0,0.0
2001-01-10,10085.593240875734,10085.504740656243,9880.816995893396,0.0,0.0,0.0
2001-01-11,10064.984582134326,10064.896262754055,9890.160141827677,0.0,0.0,0.0
2001-01-12,10039.979321619889,10039.891221658643,9871.467542502125,0.0,0.0,0.0
2001-01-16,10046.916181407172,10046.828020575578,9934.563737979228,0.0,0.0,0.0
2001-01-17,10084.337458025877,10084.248968825774,9980.137817935258,0.0,0.0,0.0
2001-01-18,10186.296303489496,10186.206919609227,10079.458639977116,0.0,0.0,0.0
2001-01-19,10177.62728511524,10177.537977304872,10022.19594115143,0.0,0.0,0.0
2001-01-22,10165.657717461007,10165.568514682569,10088.80629123782,0.0,0.0,0.0
2001-01-23,10152.813436299779,10152.72434622881,10168.265832280218,0.0,0.0,0.0
2001-01-24,10117.128760552041,10117.039983611056,10198.647050475429,0.0,0.0,0.0
2001-01-25,10150.512461103322,10150.423391223216,10172.93785578,0.0,0.0,0.0
2001-01-26,10136.53451464771,10136.44556742289,10161.253742236764,0.0,0.0,0.0
2001-01-29,10100.089414697957,10100.00078727578,10215.471741466354,0.0,0.0,0.0
2001-01-30,10173.499426981129,10173.41015539236,10305.215140599978,0.0,0.0,0.0
2001-01-31,10249.385509771886,10249.295572289222,10246.882877281669,0.0,0.0,0.0
2001-02-01,10361.166863192018,10361.075944837521,10314.935832888434,0.0,0.0,0.0
2001-02-02,10286.301078935427,10286.210817521793,10080.85619223327,0.0,0.0,0.0
2001-02-05,10267.211405093503,10267.12131119013,10154.895825589805,0.0,0.0,0.0
2001-02-06,10237.430349890425,10237.340517313269,10124.984963473067,0.0,0.0,0.0
2001-02-07,10219.042599644969,10218.952928418748,10072.636674708674,0.0,0.0,0.0
2001-02-08,10219.601716959534,10219.512040827109,9955.22426388598,0.0,0.0,0.0
2001-02-09,10228.832778529799,10228.743021395594,9859.49959339429,0.0,0.0,0.0
2001-02-12,10232.711627216242,10232.621836045473,9972.425600165798,0.0,0.0,0.0
2001-02-13,10212.255978522204,10212.166366848005,9890.909828144324,0.0,0.0,0.0
2001-02-14,10177.194169447022,10177.104865437206,9875.95124335746,0.0,0.0,0.0
2001-02-15,10135.85833541645,10135.769394125045,9971.675913849149,0.0,0.0,0.0
2001-02-16,10121.457283203103,10121.368468279703,9751.811479121192,0.0,0.0,0.0
2001-02-20,10061.571026656244,10061.48273722963,9601.50027369858,0.0,0.0,0.0
2001-02-21,9958.719080676985,9958.631693767415,9394.34626587283,0.0,0.0,0.0
2001-02-22,9927.667449209233,9927.580334775077,9408.555164343046,0.0,0.0,0.0
2001-02-23,9954.822425389679,9954.735072672926,9344.986810656901,0.0,0.0,0.0
2001-02-26,10030.924575356186,10030.836554849562,9543.91499350107,0.0,0.0,0.0
2001-02-27,10103.006640703243,10102.917987682653,9455.66916487017,0.0,0.0,0.0
2001-02-28,10065.97624563579,10065.887917553755,9269.456815319916,0.0,0.0,0.0
2001-03-01,10124.763378296238,10124.674534362135,9318.065683153913,0.0,0.0,0.0
2001-03-02,10062.476289084047,10062.387991713831,9244.033258319652,0.0,0.0,0.0
2001-03-05,10096.79179046984,10096.70319198403,9328.535160693735,0.0,0.0,0.0
2001-03-06,10120.640016291698,10120.551208539742,9428.743532040759,0.0,0.0,0.0
2001-03-07,10181.288383788247,10181.199043852048,9496.051306657298,0.0,0.0,0.0
2001-03-08,10205.55651732536,10205.46696443836,9506.523487392973,0.0,0.0,0.0
2001-03-09,10148.312058878564,10148.223008306797,9225.33885686353,0.0,0.0,0.0
2001-03-12,10028.226128372356,10028.138131544376,8830.480335376502,0.0,0.0,0.0
2001-03-13,9977.330880360287,9977.243330133762,8975.558153627127,0.0,0.0,0.0
2001-03-14,9911.094740416604,9911.007771406552,8798.318612179251,0.0,0.0,0.0
2001-03-15,9921.254664348933,9921.167606186418,8800.563165802772,0.0,0.0,0.0
2001-03-16,9873.684228409686,9873.597587673681,8624.047179778296,0.0,0.0,0.0
2001-03-19,9855.068491635693,9854.98201425119,8799.509820485271,0.0,0.0,0.0
2001-03-20,9838.227244448031,9838.140914844036,8563.309072150554,0.0,0.0,0.0
2001-03-21,9837.263397527602,9837.177076381282,8417.832983044207,0.0,0.0,0.0
2001-03-22,9766.998851374501,9766.913146793571,8332.35612803237,0.0,0.0,0.0
2001-03-23,9760.914631528305,9760.828980335884,8584.306596473685,0.0,0.0,0.0
2001-03-26,9803.097304422696,9803.011283080921,8693.7824242711,0.0,0.0,0.0
2001-03-27,9772.499820835543,9772.414067984077,8871.495926058587,0.0,0.0,0.0
2001-03-28,9669.368046283103,9669.283198404155,8626.294436597673,0.0,0.0,0.0
2001-03-29,9630.797992975611,9630.713483545585,8659.291447313592,0.0,0.0,0.0
2001-03-30,9678.654738250509,9678.56980888163,8750.019710803102,0.0,0.0,0.0
2001-04-02,9601.055377048358,9600.971128607245,8563.309072150556,0.0,0.0,0.0
2001-04-03,9546.873170300243,9546.78939730337,8277.620016264236,0.0,0.0,0.0
2001-04-04,9576.440879621448,9576.356847170448,8312.11009215646,0.0,0.0,0.0
2001-04-05,9678.242005479211,9678.157079732026,8627.04952930603,0.0,0.0,0.0
2001-04-06,9685.71748278868,9685.632491444818,8495.823787672985,0.0,0.0,0.0
2001-04-09,9688.657823437285,9688.572806292186,8590.30408700687,0.0,0.0,0.0
2001-04-10,9671.414999935156,9671.330134094362,8747.021866601799,0.0,0.0,0.0
2001-04-11,9685.113210858479,9685.028224817055,8753.020258200266,0.0,0.0,0.0
2001-04-12,9729.355508573057,9729.270134309245,8911.987096745135,0.0,0.0,0.0
2001-04-16,9653.94222195002,9653.857509431358,8818.25738479318,0.0,0.0,0.0
2001-04-17,9693.74075320726,9693.655691459884,8942.733246380541,0.0,0.0,0.0
2001-04-18,9862.591871380577,9862.50532797906,9298.159348890234,0.0,0.0,0.0
2001-04-19,9804.729908944708,9804.643873276967,9421.893633748508,0.0,0.0,0.0
2001-04-20,9734.54269061318,9734.45727083229,9335.655378571326,0.0,0.0,0.0
2001-04-23,9730.527064997377,9730.441680453258,9166.188426266963,0.0,0.0,0.0
2001-04-24,9735.868666480688,9735.783235064473,9116.697415519508,0.0,0.0,0.0
2001-04-25,9755.914673835372,9755.829066517153,9235.922769694482,0.0,0.0,0.0
2001-04-26,9862.048692355118,9861.962153719951,9277.169033089382,0.0,0.0,0.0
2001-04-27,9847.23891839806,9847.152509717396,9431.637753734365,0.0,0.0,0.0
2001-04-30,9897.275165991785,9897.188318247321,9497.62726983978,0.0,0.0,0.0
2001-05-01,9941.978642597911,9941.891402584257,9526.866838319615,0.0,0.0,0.0
2001-05-02,9944.8627403197,9944.775474998334,9509.621349840862,0.0,0.0,0.0
2001-05-03,9979.704865108533,9979.617294050495,9388.897524097878,0.0,0.0,0.0
2001-05-04,10030.347974289845,10030.259958842847,9548.61495002468,0.0,0.0,0.0
2001-05-07,10012.85880569395,10012.770943712914,9466.12782962659,0.0,0.0,0.0
2001-05-08,9967.461528444024,9967.374064820222,9461.631513857272,0.0,0.0,0.0
2001-05-09,10004.945049327815,10004.857256789317,9421.893633748514,0.0,0.0,0.0
2001-05-10,9985.613448313139,9985.525825407793,9449.630225333916,0.0,0.0,0.0
2001-05-11,9866.992693239079,9866.906111220726,9384.393999806285,0.0,0.0,0.0
2001-05-14,9853.424354042301,9853.337891084966,9403.141564114188,0.0,0.0,0.0
2001-05-15,9847.464883627508,9847.378472964016,9446.6386885896,0.0,0.0,0.0
2001-05-16,9939.537998687418,9939.450780090203,9669.337874702382,0.0,0.0,0.0
2001-05-17,10017.810078766704,10017.722173338672,9684.340611688183,0.0,0.0,0.0
2001-05-18,10072.586963558048,10072.49857746753,9728.573005435692,0.0,0.0,0.0
2001-05-21,10159.898657390777,10159.809505147598,9871.800035592094,0.0,0.0,0.0
2001-05-22,10123.140295372497,10123.051465680806,9859.04906075209,0.0,0.0,0.0
2001-05-23,10055.294537603557,10055.2063032526,9691.837474854661,0.0,0.0,0.0
2001-05-24,10016.365917051016,10016.278024295378,9720.331862344272,0.0,0.0,0.0
2001-05-25,9964.834878600806,9964.74743802563,9605.60552713447,0.0,0.0,0.0
2001-05-29,9949.25631175527,9949.169007880688,9529.11139194314,0.0,0.0,0.0
2001-05-30,9887.442885764358,9887.356124297312,9395.645602012994,0.0,0.0,0.0
2001-05-31,9942.775489348513,9942.688242342596,9444.387827509088,0.0,0.0,0.0
2001-06-01,9966.110318067367,9966.02286630032,9502.87327192575,0.0,0.0,0.0
2001-06-04,10012.507873180932,10012.4200142793,9548.614950024681,0.0,0.0,0.0
2001-06-05,10037.819722314573,10037.731641303626,9658.092579952665,0.0,0.0,0.0
2001-06-06,10010.248748309166,10010.160909231163,9577.859023830939,0.0,0.0,0.0
2001-06-07,9998.592561263597,9998.504824467638,9612.350000788447,0.0,0.0,0.0
2001-06-08,9999.287236830813,9999.199493939137,9523.119307801662,0.0,0.0,0.0
2001-06-11,10005.900503397825,10005.8127024753,9455.629517997666,0.0,0.0,0.0
2001-06-12,10026.526633714142,10026.438651799084,9439.13371583556,0.0,0.0,0.0
2001-06-13,10020.414032067834,10020.326103790334,9358.154978723609,0.0,0.0,0.0
2001-06-14,9993.660644902593,9993.572951383781,9148.192350406282,0.0,0.0,0.0
2001-06-15,9968.246300191695,9968.158829681586,9162.93197632903,0.0,0.0,0.0
2001-06-18,9890.53926465999,9890.452476022481,9118.56712598471,0.0,0.0,0.0
2001-06-19,9905.378165296035,9905.291246448443,9158.419441384593,0.0,0.0,0.0
2001-06-20,9888.959082492134,9888.872307720589,9206.551645683125,0.0,0.0,0.0
2001-06-21,9937.385380109596,9937.298180401425,9311.07341654673,0.0,0.0,0.0
2001-06-22,9975.351205597615,9975.263672742567,9238.129478576064,0.0,0.0,0.0
2001-06-25,9969.60774160707,9969.52025915043,9153.158121188793,0.0,0.0,0.0
2001-06-26,9921.023083759097,9920.936027628682,9140.374707998548,0.0,0.0,0.0
2001-06-27,9909.578326679864,9909.491370976215,9135.108882476325,0.0,0.0,0.0
2001-06-28,9846.335232950416,9846.24883219951,9185.495552116507,0.0,0.0,0.0
2001-06-29,9833.985859890525,9833.899567504315,9219.327850351096,0.0,0.0,0.0
2001-07-02,9874.40606310253,9874.31941603249,9334.388480781423,0.0,0.0,0.0
2001-07-03,9839.790630439791,9839.704287117216,9332.128609048066,0.0,0.0,0.0
2001-07-05,9751.257477149446,9751.171910697733,9150.146761008222,0.0,0.0,0.0
2001-07-06,9705.348565667662,9705.263402062728,8952.377348119833,0.0,0.0,0.0
2001-07-09,9728.946692999023,9728.861322322533,9001.255634473875,0.0,0.0,0.0
2001-07-10,9711.696764000353,9711.61154469052,8892.96650965606,0.0,0.0,0.0
2001-07-11,9633.579266292068,9633.494732456606,8901.989777414366,0.0,0.0,0.0
2001-07-12,9685.49377935757,9685.40878997669,9113.304003658342,0.0,0.0,0.0
2001-07-13,9703.288639371098,9703.20349384184,9192.256244945605,0.0,0.0,0.0
2001-07-16,9779.20764209058,9779.121830378554,9077.205526233407,0.0,0.0,0.0
2001-07-17,9720.664584492453,9720.579286490762,9162.182290012384,0.0,0.0,0.0
2001-07-18,9772.658224443367,9772.572470201922,9099.76459669446,0.0,0.0,0.0
2001-07-19,9787.049783903076,9786.963903376924,9179.480040277636,0.0,0.0,0.0
2001-07-20,9792.131887666395,9792.045962545219,9124.579033562448,0.0,0.0,0.0
2001-07-23,9775.923835520027,9775.838052623121,8944.854354060106,0.0,0.0,0.0
2001-07-24,9762.149111142855,9762.06344911798,8858.380019778402,0.0,0.0,0.0
2001-07-25,9733.628901426235,9733.543489663767,8956.135691421203,0.0,0.0,0.0
2001-07-26,9746.026353217992,9745.940832668944,9050.131217632064,0.0,0.0,0.0
2001-07-27,9795.813731974482,9795.727774545434,9084.724916031999,0.0,0.0,0.0
2001-07-30,9819.197963432953,9819.11180080927,9087.73357301672,0.0,0.0,0.0
2001-07-31,9883.426087286098,9883.339361066113,9125.33502733609,0.0,0.0,0.0
2001-08-01,9898.377669951698,9898.290812532854,9182.484191935939,0.0,0.0,0.0
2001-08-02,9915.675963326004,9915.588954116112,9220.08204199417,0.0,0.0,0.0
2001-08-03,9894.034574614569,9893.947755306011,9169.698976615126,0.0,0.0,0.0
2001-08-06,9863.979471235081,9863.89291565749,9046.371973265415,0.0,0.0,0.0
2001-08-07,9863.609602995115,9863.523050663087,9081.71806117785,0.0,0.0,0.0
2001-08-08,9886.18757221501,9886.10082176323,8913.271114775464,0.0,0.0,0.0
2001-08-09,9879.123330986435,9879.03664252277,8939.592132799022,0.0,0.0,0.0
2001-08-10,9929.411304586849,9929.324174850506,8970.424784701734,0.0,0.0,0.0
2001-08-13,9941.749363134208,9941.662125132458,8972.680151108669,0.0,0.0,0.0
2001-08-14,9968.564988783093,9968.477515476516,8968.923609937869,0.0,0.0,0.0
2001-08-15,9950.341920568879,9950.254607168172,8891.46173063106,0.0,0.0,0.0
2001-08-16,9964.917747220925,9964.830305918582,8922.294382533772,0.0,0.0,0.0
2001-08-17,9930.018098631552,9929.930963570647,8779.42147103415,0.0,0.0,0.0
2001-08-20,9885.742261896079,9885.655515351862,8860.631781924201,0.0,0.0,0.0
2001-08-21,9869.646759566727,9869.560154259165,8709.48709111349,0.0,0.0,0.0
2001-08-22,9917.544090719557,9917.457065117007,8799.72157082713,0.0,0.0,0.0
2001-08-23,9926.150335523163,9926.06323440155,8768.139232607773,0.0,0.0,0.0
2001-08-24,9951.193712884138,9951.106392009024,8950.116575321194,0.0,0.0,0.0
2001-08-27,9941.12196592742,9941.034733431025,8896.726655088,0.0,0.0,0.0
2001-08-28,9954.141927755461,9954.054581010018,8766.633552517484,0.0,0.0,0.0
2001-08-29,9964.2571909734,9964.169755467381,8688.431898612154,0.0,0.0,0.0
2001-08-30,9907.593366699493,9907.506428413697,8521.490632300056,0.0,0.0,0.0
2001-08-31,9922.556872377032,9922.46980278775,8583.906523487414,0.0,0.0,0.0
2001-09-04,9792.980749721895,9792.894817152028,8529.008219968078,0.0,0.0,0.0
2001-09-05,9798.071085251857,9797.98510801473,8550.065214599983,0.0,0.0,0.0
2001-09-06,9788.475507317868,9788.389614281115,8329.731324858836,0.0,0.0,0.0
2001-09-07,9803.723207863282,9803.637181029258,8175.57707599812,0.0,0.0,0.0
2001-09-10,9768.503842281365,9768.418124494268,8275.590817243707,0.0,0.0,0.0
2001-09-17,9686.07431613889,9685.989321663843,7843.199322398925,0.0,0.0,0.0
2001-09-18,9555.648114098427,9555.564264102166,7824.400397369809,0.0,0.0,0.0
2001-09-19,9523.53807444762,9523.454506214219,7666.485102011872,0.0,0.0,0.0
2001-09-20,9365.31817993247,9365.236000065133,7422.839752297171,0.0,0.0,0.0
2001-09-21,9354.643738919633,9354.561652719603,7342.753970882093,0.0,0.0,0.0
2001-09-24,9379.893100155434,9379.810792394412,7600.900164219166,0.0,0.0,0.0
2001-09-25,9387.178984626049,9387.096612932015,7680.153361311429,0.0,0.0,0.0
2001-09-26,9427.727109931797,9427.644382431426,7652.979034463513,0.0,0.0,0.0
2001-09-27,9481.562386765125,9481.479186864795,7719.4046661665925,0.0,0.0,0.0
2001-09-28,9564.518755315803,9564.434827480425,7883.198511440168,0.0,0.0,0.0
2001-10-01,9564.261307166767,9564.177381590474,7870.363737528712,0.0,0.0,0.0
2001-10-02,9598.26047000489,9598.17624608885,7969.243938646483,0.0,0.0,0.0
2001-10-03,9637.234423672675,9637.149857763516,8102.8457894345775,0.0,0.0,0.0
2001-10-04,9676.54581779605,9676.460906932765,8109.641623809767,0.0,0.0,0.0
2001-10-05,9661.14824058174,9661.06346483088,8093.784676934323,0.0,0.0,0.0
2001-10-08,9647.053673257995,9646.969021185761,8040.9498129163385,0.0,0.0,0.0
2001-10-09,9599.329614157181,9599.24538085949,7997.931154106961,0.0,0.0,0.0
2001-10-10,9652.877800818098,9652.79309763964,8176.06365125171,0.0,0.0,0.0
2001-10-11,9666.64065746617,9666.555833519824,8302.869667664614,0.0,0.0,0.0
2001-10-12,9641.489901699184,9641.405298448572,8265.12674609559,0.0,0.0,0.0
2001-10-15,9654.090603100198,9654.005889279506,8250.030298320207,0.0,0.0,0.0
2001-10-16,9711.703369114695,9711.618149746899,8302.113673890975,0.0,0.0,0.0
2001-10-17,9714.853014731323,9714.767767725658,8125.491362162936,0.0,0.0,0.0
2001-10-18,9688.373346798619,9688.288332149776,8108.126933066636,0.0,0.0,0.0
2001-10-19,9676.99599109493,9676.911076281413,8102.8457894345775,0.0,0.0,0.0
2001-10-22,9712.644334652445,9712.559107027759,8262.863270101096,0.0,0.0,0.0
2001-10-23,9700.613131824026,9700.528009772117,8220.59519867365,0.0,0.0,0.0
2001-10-24,9756.55234508533,9756.4667321716,8198.702916523078,0.0,0.0,0.0
2001-10-25,9805.833155715245,9805.747110366612,8345.892831800416,0.0,0.0,0.0
2001-10-26,9824.534098702301,9824.447889254485,8327.021821548546,0.0,0.0,0.0
2001-10-29,9795.05356793277,9794.967617174094,8110.391310126416,0.0,0.0,0.0
2001-10-30,9771.386796869128,9771.301053784351,8013.019492294784,0.0,0.0,0.0
2001-10-31,9982.006319312552,9981.918728059447,7985.850571838574,0.0,0.0,0.0
2001-11-01,10119.611263634793,10119.522464910055,8190.403204188169,0.0,0.0,0.0
2001-11-02,10006.958584672137,10006.870774465036,8246.260241170141,0.0,0.0,0.0
2001-11-05,10090.70035575494,10090.611810720948,8354.194346265891,0.0,0.0,0.0
2001-11-06,10152.283855925727,10152.194770501781,8484.021634577497,0.0,0.0,0.0
2001-11-07,10223.00491905001,10222.915213054775,8472.697947148034,0.0,0.0,0.0
2001-11-08,10206.235075362747,10206.145516521457,8499.119884483449,0.0,0.0,0.0
2001-11-09,10199.499430410542,10199.409930673959,8508.178293787849,0.0,0.0,0.0
2001-11-12,10171.489356704016,10171.40010275344,8456.091313955942,0.0,0.0,0.0
2001-11-13,10182.490254745799,10182.40090426328,8646.303492303796,0.0,0.0,0.0
2001-11-14,10090.651640414088,10090.563095807569,8654.609512095694,0.0,0.0,0.0
2001-11-15,9916.409437110698,9916.322421464634,8670.460151514146,0.0,0.0,0.0
2001-11-16,9807.745034728106,9807.658972602896,8631.967543628474,0.0,0.0,0.0
2001-11-19,9916.015642684986,9915.928630494436,8738.39056224223,0.0,0.0,0.0
2001-11-20,9829.79388238601,9829.707626784042,8665.172700425097,0.0,0.0,0.0
2001-11-21,9750.909381618243,9750.823818221035,8607.812686548692,0.0,0.0,0.0
2001-11-23,9759.672723939271,9759.587083644483,8731.598332128178,0.0,0.0,0.0
2001-11-26,9784.672657299236,9784.586797632168,8750.468441314764,0.0,0.0,0.0
2001-11-27,9785.821786777944,9785.735917027363,8712.72551974574,0.0,0.0,0.0
2001-11-28,9706.664200207844,9706.579025058325,8554.975119334855,0.0,0.0,0.0
2001-11-29,9783.778928564594,9783.693076739919,8670.46015151415,0.0,0.0,0.0
2001-11-30,9805.37929597409,9805.293254608034,8608.56417499591,0.0,0.0,0.0
2001-12-03,9835.335748590123,9835.249444358755,8557.237694264066,0.0,0.0,0.0
2001-12-04,9919.619455589755,9919.532411776056,8702.161430351056,0.0,0.0,0.0
2001-12-05,9872.0373903505,9871.950764065357,8861.427422570356,0.0,0.0,0.0
2001-12-06,9773.079953964674,9772.994196022588,8856.897767385513,0.0,0.0,0.0
2001-12-07,9657.289182992192,9657.204441104232,8798.01945850484,0.0,0.0,0.0
2001-12-10,9612.696796397693,9612.612445804118,8633.473223718764,0.0,0.0,0.0
2001-12-11,9619.161787574967,9619.077380251647,8616.11780527531,0.0,0.0,0.0
2001-12-12,9705.462573228055,9705.377408622708,8625.925900896356,0.0,0.0,0.0
2001-12-13,9594.858720326252,9594.774526260273,8458.358394211578,0.0,0.0,0.0
2001-12-14,9522.832485816607,9522.748923774685,8539.124479916401,0.0,0.0,0.0
2001-12-17,9505.474744093095,9505.391334363872,8627.438789508918,0.0,0.0,0.0
2001-12-18,9560.678744558476,9560.594850418865,8678.764369175478,0.0,0.0,0.0
2001-12-19,9641.640721499314,9641.55611692527,8739.898945528372,0.0,0.0,0.0
2001-12-20,9642.852443495034,9642.767828288233,8653.852617256773,0.0,0.0,0.0
2001-12-21,9666.779376117673,9666.69455095408,8706.343274336106,0.0,0.0,0.0
2001-12-24,9633.938540884372,9633.854003896306,8689.67717083524,0.0,0.0,0.0
2001-12-26,9644.343735987959,9644.259107695192,8737.394885102934,0.0,0.0,0.0
2001-12-27,9688.705372126991,9688.620354564657,8790.406357916669,0.0,0.0,0.0
2001-12-28,9671.457651430717,9671.372785215659,8785.865889948414,0.0,0.0,0.0
2001-12-31,9704.757776562217,9704.672618141403,8657.10636399886,0.0,0.0,0.0
2002-01-02,9715.11245217156,9714.605998320161,8750.270206952191,0.04335598453750256,0.08671196907500511,0.42120456918988736
2002-01-03,9787.03696481671,9786.526761503159,8849.492812878047,0.0,0.0,0.0
2002-01-04,9812.339819862731,9811.828297498223,8908.568455056013,0.0,0.0,0.0
2002-01-07,9864.76353306745,9864.249277827581,8845.705635487577,0.0,0.0,0.0
2002-01-08,9828.1971051577,9827.684756144685,8825.25415672681,0.0,0.0,0.0
2002-01-09,9805.35307998829,9804.841921846153,8753.301390569022,0.0,0.0,0.0
2002-01-10,9867.303193343105,9866.788805709426,8791.92915824736,0.0,0.0,0.0
2002-01-11,9875.567430461098,9875.052612008454,8705.585478431898,0.0,0.0,0.0
2002-01-14,9835.553744338687,9835.041011820256,8651.051205287473,0.0,0.0,0.0
2002-01-15,9855.339907344083,9854.826143362709,8721.482973245142,0.0,0.0,0.0
2002-01-16,9778.429361824434,9777.91960722969,8545.014743680738,0.0,0.0,0.0
2002-01-17,9756.13403481935,9755.625442491571,8609.390451861736,0.0,0.0,0.0
2002-01-18,9776.740613828155,9776.230947268723,8570.010294670898,0.0,0.0,0.0
2002-01-22,9750.396139119563,9749.887845911262,8510.931048231794,0.0,0.0,0.0
2002-01-23,9724.427721466198,9723.92078200498,8576.063651251714,0.0,0.0,0.0
2002-01-24,9743.93723995092,9743.429283448384,8602.578398311425,0.0,0.0,0.0
2002-01-25,9720.211453646585,9719.704733981594,8600.303208468233,0.0,0.0,0.0
2002-01-28,9728.913901745398,9728.406728417274,8623.78406871526,0.0,0.0,0.0
2002-01-29,9685.894890729172,9685.389960004404,8352.635503323825,0.0,0.0,0.0
2002-01-30,9700.743326832771,9700.237622051329,8473.061076457661,0.0,0.0,0.0
2002-01-31,9730.27264460383,9729.765400443735,8572.278275991812,0.0,0.0,0.0
2002-02-01,9770.333571097402,9769.824238540428,8532.142125027334,0.0,0.0,0.0
2002-02-04,9771.27568744066,9770.766305770674,8320.061993291589,0.0,0.0,0.0
2002-02-05,9757.639204684674,9757.130533891608,8268.5643101557,0.0,0.0,0.0
2002-02-06,9742.791178527945,9742.283281770184,8232.965022898341,0.0,0.0,0.0
2002-02-07,9713.587505285399,9713.081130930272,8181.458329109609,0.0,0.0,0.0
2002-02-08,9801.329276122166,9800.818327743013,8338.242787535584,0.0,0.0,0.0
2002-02-11,9826.750180890886,9826.23790730678,8440.49026962128,0.0,0.0,0.0
2002-02-12,9787.27247434168,9786.762258750894,8413.98183001856,0.0,0.0,0.0
2002-02-13,9823.161595537726,9822.649509028437,8503.357594516137,0.0,0.0,0.0
2002-02-14,9911.578330565797,9911.061634846248,8487.450187984767,0.0,0.0,0.0
2002-02-15,9940.109062867721,9939.590879826299,8398.83672471782,0.0,0.0,0.0
2002-02-19,9817.944647392615,9817.432832845536,8237.508194062451,0.0,0.0,0.0
2002-02-20,9825.626347235082,9825.11413223701,8376.112759309715,0.0,0.0,0.0
2002-02-21,9808.856418598794,9808.345077825797,8202.665801644014,0.0,0.0,0.0
2002-02-22,9861.863932346412,9861.34982826423,8304.160894217212,0.0,0.0,0.0
2002-02-25,9889.43357930311,9888.918038000933,8441.245362329637,0.0,0.0,0.0
2002-02-26,9864.09693939836,9863.58271890836,8423.829572512124,0.0,0.0,0.0
2002-02-27,9960.845335405611,9960.326071371548,8456.400379348506,0.0,0.0,0.0
2002-02-28,9950.540637304499,9950.021910459687,8418.524100117385,0.0,0.0,0.0
2002-03-01,9980.185609533952,9979.665337281363,8614.694122125906,0.0,0.0,0.0
2002-03-04,10070.006055841328,10069.481101202282,8766.9336072572,0.0,0.0,0.0
2002-03-05,10057.753015895694,10057.228700013977,8738.911377976634,0.0,0.0,0.0
2002-03-06,10058.526951416061,10058.00259518869,8842.678056131885,0.0,0.0,0.0
2002-03-07,9979.617857915451,9979.09761526005,8823.739465983681,0.0,0.0,0.0
2002-03-08,9937.339769861857,9936.821731185113,8860.848938657751,0.0,0.0,0.0
2002-03-11,9979.929244506062,9979.408985617914,8879.785726675385,0.0,0.0,0.0
2002-03-12,9969.723699060372,9969.203972192603,8874.485660672353,0.0,0.0,0.0
2002-03-13,9949.589598654598,9949.07092138793,8788.89797463053,0.0,0.0,0.0
2002-03-14,9911.464482849584,9910.947793064977,8776.776844424345,0.0,0.0,0.0
2002-03-15,9965.474553624786,9964.955048267173,8860.406515603096,0.0,0.0,0.0
2002-03-18,10009.61249656116,10009.09069026969,8861.926612737932,0.0,0.0,0.0
2002-03-19,10015.302382774478,10014.780279866287,8921.17345731994,0.0,0.0,0.0
2002-03-20,9924.684418457091,9924.167039510385,8753.310401221866,0.0,0.0,0.0
2002-03-21,9959.610014194242,9959.090814558112,8757.10658926518,0.0,0.0,0.0
2002-03-22,9935.913653167685,9935.395688835146,8738.119341591619,0.0,0.0,0.0
2002-03-25,9903.86248688964,9903.346193401027,8629.500426879702,0.0,0.0,0.0
2002-03-26,9975.559020182607,9975.038989116527,8679.627589717966,0.0,0.0,0.0
2002-03-27,10012.519439381904,10011.997481549995,8702.419135022403,0.0,0.0,0.0
2002-03-28,10000.82812323569,10000.306774878156,8698.616639522097,0.0,0.0,0.0
2002-04-01,10023.969540690538,10023.44698595891,8702.419135022403,0.0,0.0,0.0
2002-04-02,10108.974284821677,10108.447298748646,8654.563557766192,0.0,0.0,0.0
2002-04-03,10123.473073163546,10122.945331261159,8593.800220310486,0.0,0.0,0.0
2002-04-04,10111.748102112373,10111.220971438806,8558.10001374127,0.0,0.0,0.0
2002-04-05,10145.315408831137,10144.786528276461,8559.61830874554,0.0,0.0,0.0
2002-04-08,10105.17747335061,10104.65068520733,8577.843255188473,0.0,0.0,0.0
2002-04-09,10094.875939901649,10094.349688782651,8517.842218963395,0.0,0.0,0.0
2002-04-10,10119.88548955327,10119.357934673477,8614.308466184173,0.0,0.0,0.0
2002-04-11,10070.925389023034,10070.40038645868,8400.109028899444,0.0,0.0,0.0
2002-04-12,10091.303221504999,10090.777156633665,8463.154764720617,0.0,0.0,0.0
2002-04-15,10140.91352471117,10140.384873628997,8398.587129634036,0.0,0.0,0.0
2002-04-16,10192.206958316161,10191.675633280687,8598.359610649719,0.0,0.0,0.0
2002-04-17,10227.876089338683,10227.342904852907,8580.127455684511,0.0,0.0,0.0
2002-04-18,10246.779990365725,10246.245820409782,8542.906250915172,0.0,0.0,0.0
2002-04-19,10280.029193549834,10279.493290295683,8574.04526501459,0.0,0.0,0.0
2002-04-22,10265.449492696504,10264.914349489722,8431.252548325285,0.0,0.0,0.0
2002-04-23,10247.27626942815,10246.742073600924,8394.791842656008,0.0,0.0,0.0
2002-04-24,10255.594745058424,10255.060115584747,8310.480966122224,0.0,0.0,0.0
2002-04-25,10258.396087590323,10257.86131208121,8315.036752200314,0.0,0.0,0.0
2002-04-26,10243.369087390485,10242.835095246686,8157.0448662932,0.0,0.0,0.0
2002-04-29,10219.677590539613,10219.144833445833,8116.785269384755,0.0,0.0,0.0
2002-04-30,10259.58726782207,10259.052430216112,8192.744171797132,0.0,0.0,0.0
2002-05-01,10305.776340923574,10305.239095457275,8293.010211322362,0.0,0.0,0.0
2002-05-02,10241.8195553468,10241.285643980907,8261.101687470036,0.0,0.0,0.0
2002-05-03,10291.439962310136,10290.903464206693,8171.474525758103,0.0,0.0,0.0
2002-05-06,10221.391192823641,10220.858346398887,8011.202944681374,0.0,0.0,0.0
2002-05-07,10240.21147106316,10239.677643527537,7983.099619525208,0.0,0.0,0.0
2002-05-08,10271.700141307057,10271.16467225072,8280.094341535305,0.0,0.0,0.0
2002-05-09,10232.463402856492,10231.929979231685,8184.387692349305,0.0,0.0,0.0
2002-05-10,10236.049796829235,10235.516186243849,8030.195598746644,0.0,0.0,0.0
2002-05-13,10243.230358931276,10242.69637401946,8193.504670897193,0.0,0.0,0.0
2002-05-14,10245.349372860577,10244.81527748347,8372.004802677991,0.0,0.0,0.0
2002-05-15,10258.725538597635,10258.190745914068,8339.342087182597,0.0,0.0,0.0
2002-05-16,10299.962575329928,10299.425632938248,8382.636471969012,0.0,0.0,0.0
2002-05-17,10296.214142557568,10295.677395573632,8423.652062651096,0.0,0.0,0.0
2002-05-20,10311.15201372987,10310.61448802696,8332.505704869607,0.0,0.0,0.0
2002-05-21,10287.711886907995,10287.175583151056,8256.545000326661,0.0,0.0,0.0
2002-05-22,10341.209051221254,10340.66995862939,8274.7753531613,0.0,0.0,0.0
2002-05-23,10338.198372237326,10337.659436593722,8362.886021999533,0.0,0.0,0.0
2002-05-24,10339.144100928812,10338.605115983879,8255.789006553021,0.0,0.0,0.0
2002-05-28,10317.8376122703,10317.299738043674,8210.972722501201,0.0,0.0,0.0
2002-05-29,10363.20311318788,10362.662874034155,8150.209385045494,0.0,0.0,0.0
2002-05-30,10347.501120800212,10346.9617001995,8127.421444002195,0.0,0.0,0.0
2002-05-31,10342.220513517424,10341.681368197505,8144.130798636712,0.0,0.0,0.0
2002-06-03,10317.858467788048,10317.320592474214,7927.659775769927,0.0,0.0,0.0
2002-06-04,10322.302063530862,10321.763956570074,7947.400314021275,0.0,0.0,0.0
2002-06-05,10280.093781585456,10279.5578749643,8021.8400203641,0.0,0.0,0.0
2002-06-06,10243.811715538506,10243.277700320275,7858.53094821355,0.0,0.0,0.0
2002-06-07,10197.490828826078,10196.959228339698,7849.417573926799,0.0,0.0,0.0
2002-06-10,10221.475984867542,10220.943134022533,7879.8014953178645,0.0,0.0,0.0
2002-06-11,10188.392625542372,10187.861499350047,7744.597550454048,0.0,0.0,0.0
2002-06-12,10219.318229838787,10218.78549147867,7791.689925414345,0.0,0.0,0.0
2002-06-13,10240.553141712597,10240.019296365508,7713.456734224062,0.0,0.0,0.0
2002-06-14,10296.550680968423,10296.013916440566,7702.05825837599,0.0,0.0,0.0
2002-06-17,10303.325488796832,10302.788371094732,7908.663517443524,0.0,0.0,0.0
2002-06-18,10316.175891633913,10315.638104033644,7973.23025146482,0.0,0.0,0.0
2002-06-19,10288.122797274105,10287.586472096198,7787.130535075118,0.0,0.0,0.0
2002-06-20,10203.211171059495,10202.679272368707,7687.629499976373,0.0,0.0,0.0
2002-06-21,10101.12684800846,10100.600271026382,7567.421984641368,0.0,0.0,0.0
2002-06-24,10096.908554408983,10096.38219732874,7607.059846503555,0.0,0.0,0.0
2002-06-25,10046.527827107695,10046.004096400899,7436.318787887004,0.0,0.0,0.0
2002-06-26,10080.558863143344,10080.033358380986,7448.518310772937,0.0,0.0,0.0
2002-06-27,10075.62405398065,10075.098806472453,7578.85920629667,0.0,0.0,0.0
2002-06-28,10116.840429995604,10116.313033856348,7543.032850587632,0.0,0.0,0.0
2002-07-01,10075.032680596232,10074.507463916636,7395.927635447031,0.0,0.0,0.0
2002-07-02,10050.502948660793,10049.979010728846,7238.905746318609,0.0,0.0,0.0
2002-07-03,10045.32130024094,10044.797632431013,7280.070012772624,0.0,0.0,0.0
2002-07-05,10089.462998239009,10088.937029299472,7569.713393659678,0.0,0.0,0.0
2002-07-08,10075.610959758313,10075.085712932727,7475.197502247055,0.0,0.0,0.0
2002-07-09,10101.138858426904,10100.61228081872,7286.9253174565865,0.0,0.0,0.0
2002-07-10,10109.373294307792,10108.846287434193,7021.666565296845,0.0,0.0,0.0
2002-07-11,10117.543788368057,10117.016355562364,7078.836003865593,0.0,0.0,0.0
2002-07-12,10158.582480161205,10158.052907987221,7001.085333135122,0.0,0.0,0.0
2002-07-15,10159.19876502619,10158.669160724958,7038.4398955665565,0.0,0.0,0.0
2002-07-16,10052.281603113872,10051.757572459748,6902.7565839714225,0.0,0.0,0.0
2002-07-17,10098.1622442584,10097.635821822654,6916.47800612276,0.0,0.0,0.0
2002-07-18,10107.845324373237,10107.318397153502,6692.387124678172,0.0,0.0,0.0
2002-07-19,10067.31921665675,10066.794402084033,6456.856318382428,0.0,0.0,0.0
2002-07-22,10038.258243538352,10037.734943929237,6265.534027604155,0.0,0.0,0.0
2002-07-23,9941.995339016185,9941.477057642214,6094.032920420186,0.0,0.0,0.0
2002-07-24,9967.105867367143,9966.586276968304,6457.618169080414,0.0,0.0,0.0
2002-07-25,9937.701237962492,9937.183180442236,6402.73653526884,0.0,0.0,0.0
2002-07-26,9903.78874283476,9903.272453190466,6524.694369918855,0.0,0.0,0.0
2002-07-29,9884.108917741118,9883.593654016313,6842.54740166564,0.0,0.0,0.0
2002-07-30,9912.081131793228,9911.564409862396,6931.727634996496,0.0,0.0,0.0
2002-07-31,9987.483551477499,9986.96289877942,6948.492405146007,0.0,0.0,0.0
2002-08-01,9934.566736123124,9934.048842006077,6767.0854367576285,0.0,0.0,0.0
2002-08-02,10024.346459192757,10023.823884812175,6615.397403580404,0.0,0.0,0.0
2002-08-05,9941.737768184441,9941.219500237772,6385.204508029638,0.0,0.0,0.0
2002-08-06,9938.711913353443,9938.193803146156,6600.15408216366,0.0,0.0,0.0
2002-08-07,10066.409953412787,10065.885186240435,6715.250304672721,0.0,0.0,0.0
2002-08-08,10128.276502428796,10127.748510121151,6932.483178237493,0.0,0.0,0.0
2002-08-09,10228.171111079158,10227.637911213747,6958.401870611552,0.0,0.0,0.0
2002-08-12,10303.220357376626,10302.683245155078,6907.334446148981,0.0,0.0,0.0
2002-08-13,10348.913704048146,10348.374209808735,6781.566006411101,0.0,0.0,0.0
2002-08-14,10520.464916675164,10519.916479382056,7029.290929201068,0.0,0.0,0.0
2002-08-15,10467.307580990204,10466.761914816578,7126.8546739382855,0.0,0.0,0.0
2002-08-16,10370.051276149006,10369.510679996996,7105.5160964049965,0.0,0.0,0.0
2002-08-19,10430.418574435304,10429.874831304722,7271.681094974557,0.0,0.0,0.0
2002-08-20,10490.47773281924,10489.93085877358,7194.694978137926,0.0,0.0,0.0
2002-08-21,10520.092973941804,10519.544556038263,7298.355330589613,0.0,0.0,0.0
2002-08-22,10476.297018988313,10475.75088419062,7369.2407849179945,0.0,0.0,0.0
2002-08-23,10471.370284928907,10470.824406964417,7210.702853448514,0.0,0.0,0.0
2002-08-26,10526.840575930313,10526.29180627078,7261.007526147813,0.0,0.0,0.0
2002-08-27,10491.735000063574,10491.18806047592,7177.1643024966515,0.0,0.0,0.0
2002-08-28,10457.319891167443,10456.774745657267,7020.143764966156,0.0,0.0,0.0
2002-08-29,10494.009057326477,10493.461999191039,7023.189816160179,0.0,0.0,0.0
2002-08-30,10560.18836629768,10559.637858200536,6995.75057611864,0.0,0.0,0.0
2002-09-03,10553.423021511331,10552.87286609512,6728.97352895463,0.0,0.0,0.0
2002-09-04,10611.870240918852,10611.31703861878,6825.015824959081,0.0,0.0,0.0
2002-09-05,10625.155877666139,10624.60198277893,6767.085436757629,0.0,0.0,0.0
2002-09-06,10579.725988469916,10579.174461866396,6860.077626774277,0.0,0.0,0.0
2002-09-09,10624.81904194048,10624.265164612694,6910.380046810364,0.0,0.0,0.0
2002-09-10,10686.749550771077,10686.192444973742,6989.655770534738,0.0,0.0,0.0
2002-09-11,10634.149116379722,10633.594752670313,6946.203699323548,0.0,0.0,0.0
2002-09-12,10660.563121487534,10660.007380802337,6818.151960154915,0.0,0.0,0.0
2002-09-13,10695.615427424755,10695.057859444667,6834.921686163489,0.0,0.0,0.0
2002-09-16,10682.983221066188,10682.426311609575,6851.687357378282,0.0,0.0,0.0
2002-09-17,10660.35665759823,10659.800927676106,6694.671775706851,0.0,0.0,0.0
2002-09-18,10653.45703761108,10652.901667369726,6627.59377273784,0.0,0.0,0.0
2002-09-19,10645.822032695592,10645.267060471004,6456.091764488586,0.0,0.0,0.0
2002-09-20,10612.77459680377,10612.221347359155,6458.236299865535,0.0,0.0,0.0
2002-09-23,10619.908532992613,10619.354911652206,6405.408644369825,0.0,0.0,0.0
2002-09-24,10625.587461727038,10625.03354434113,6302.0451929293595,0.0,0.0,0.0
2002-09-25,10576.496343721159,10575.944985480695,6458.236299865535,0.0,0.0,0.0
2002-09-26,10593.090349968812,10592.538126674195,6563.896566716019,0.0,0.0,0.0
2002-09-27,10542.343264159841,10541.793686337132,6335.73377125108,0.0,0.0,0.0
2002-09-30,10568.048286858315,10567.49736901944,6262.231172804066,0.0,0.0,0.0
2002-10-01,10550.195940246518,10549.645953059731,6563.131562289536,0.0,0.0,0.0
2002-10-02,10524.75811387295,10524.209452773244,6366.358277073089,0.0,0.0,0.0
2002-10-03,10496.299308911328,10495.752131383892,6302.0451929293595,0.0,0.0,0.0
2002-10-04,10470.665004653614,10470.119163455753,6186.433110544961,0.0,0.0,0.0
2002-10-07,10426.225080618337,10425.681556096768,6058.567441357564,0.0,0.0,0.0
2002-10-08,10431.79595600294,10431.252141068744,6153.513140910861,0.0,0.0,0.0
2002-10-09,10369.547411116702,10369.006841231441,5979.708009794599,0.0,0.0,0.0
2002-10-10,10339.542947857823,10339.003942120795,6173.41451931548,0.0,0.0,0.0
2002-10-11,10330.27260255317,10329.734080084052,6443.689501913657,0.0,0.0,0.0
2002-10-14,10324.93983653735,10324.401592068092,6479.674445112754,0.0,0.0,0.0
2002-10-15,10303.10675607615,10302.5696497767,6791.2921050912655,0.0,0.0,0.0
2002-10-16,10224.316236805784,10223.783237896972,6626.6800925394255,0.0,0.0,0.0
2002-10-17,10177.103611767638,10176.57307407746,6758.369432261312,0.0,0.0,0.0
2002-10-18,10183.681562166437,10183.150681564293,6786.700276401797,0.0,0.0,0.0
2002-10-21,10149.632740428115,10149.103634808711,6903.843268704447,0.0,0.0,0.0
2002-10-22,10085.940238952067,10085.414453655803,6854.07563091467,0.0,0.0,0.0
2002-10-23,10105.128727110383,10104.601941508276,6906.142787310318,0.0,0.0,0.0
2002-10-24,10130.132640358719,10129.604551289645,6765.260329024009,0.0,0.0,0.0
2002-10-25,10198.646320484244,10198.114659761486,6906.142787310318,0.0,0.0,0.0
2002-10-28,10223.483844160684,10222.950888644937,6860.966077144725,0.0,0.0,0.0
2002-10-29,10289.603221363343,10289.066819010162,6781.341641155277,0.0,0.0,0.0
2002-10-30,10304.535875849566,10303.998695049362,6847.186536282541,0.0,0.0,0.0
2002-10-31,10359.594381184734,10359.054330156088,6777.512113696439,0.0,0.0,0.0
2002-11-01,10361.809206198997,10361.269039710374,6911.500521491556,0.0,0.0,0.0
2002-11-04,10363.456451166241,10362.916198805884,6977.346768216747,0.0,0.0,0.0
2002-11-05,10375.923344819008,10375.382442553017,7032.471239122476,0.0,0.0,0.0
2002-11-06,10426.31353868253,10425.770009549598,7123.585158553722,0.0,0.0,0.0
2002-11-07,10571.229399009617,10570.678315337715,6949.016825141545,0.0,0.0,0.0
2002-11-08,10639.976984992605,10639.422317473387,6864.031501242364,0.0,0.0,0.0
2002-11-11,10591.078906857894,10590.526788420853,6757.602175171617,0.0,0.0,0.0
2002-11-12,10602.030449407826,10601.47776006119,6811.197988822306,0.0,0.0,0.0
2002-11-13,10612.389302795284,10611.836073436249,6818.091588780857,0.0,0.0,0.0
2002-11-14,10508.053678046903,10507.505887758107,6946.718658133599,0.0,0.0,0.0
2002-11-15,10557.253858283288,10556.703503163575,6998.016755308984,0.0,0.0,0.0
2002-11-18,10594.685460588931,10594.133154140374,6927.5809325575365,0.0,0.0,0.0
2002-11-19,10615.294871400829,10614.741490572993,6918.390517188967,0.0,0.0,0.0
2002-11-20,10583.31940354621,10582.7676896161,7072.287061378335,0.0,0.0,0.0
2002-11-21,10577.482724708016,10576.931315047002,7203.977302165506,0.0,0.0,0.0
2002-11-22,10553.727836871594,10553.177665565205,7152.682809251259,0.0,0.0,0.0
2002-11-25,10535.278067145257,10534.728857634933,7157.276890603937,0.0,0.0,0.0
2002-11-26,10563.980360238485,10563.429654462734,7020.989865268233,0.0,0.0,0.0
2002-11-27,10497.999160473655,10497.451894332073,7218.5263527805955,0.0,0.0,0.0
2002-11-29,10534.8951214215,10534.345931874332,7195.554143886631,0.0,0.0,0.0
2002-12-02,10590.156121468224,10589.604051136463,7207.040473599935,0.0,0.0,0.0
2002-12-03,10557.934592673026,10557.384202066274,7110.569721052735,0.0,0.0,0.0
2002-12-04,10574.320705193772,10573.769460370475,7078.41295371455,0.0,0.0,0.0
2002-12-05,10591.975946898323,10591.423781698115,7000.312219121077,0.0,0.0,0.0
2002-12-06,10620.31507010552,10619.761427572123,7046.256636909006,0.0,0.0,0.0
2002-12-09,10603.907388823538,10603.354601631076,6852.547424192271,0.0,0.0,0.0
2002-12-10,10650.003465893305,10649.448275688437,6944.422743788865,0.0,0.0,0.0
2002-12-11,10703.323795439188,10702.765825617882,6950.545932929225,0.0,0.0,0.0
2002-12-12,10725.53542933463,10724.976301609327,6949.779126372173,0.0,0.0,0.0
2002-12-13,10674.628118416846,10674.071644516069,6840.292485791346,0.0,0.0,0.0
2002-12-16,10685.412268049253,10684.85523196516,7017.1585356788255,0.0,0.0,0.0
2002-12-17,10700.861870211074,10700.304028731207,6955.906370306314,0.0,0.0,0.0
2002-12-18,10726.624969630207,10726.065785106603,6875.513325629245,0.0,0.0,0.0
2002-12-19,10831.41767281399,10830.853025392413,6826.5115933312345,0.0,0.0,0.0
2002-12-20,10876.605313369395,10876.038310292673,6923.921255904813,0.0,0.0,0.0
2002-12-23,10875.727255917465,10875.160298614337,6926.227983032959,0.0,0.0,0.0
2002-12-24,10895.382440943638,10894.81445900552,6874.681642371712,0.0,0.0,0.0
2002-12-26,10781.332044081108,10780.770007649337,6877.757428720122,0.0,0.0,0.0
2002-12-27,10811.694190799848,10811.130571573616,6723.1057918224005,0.0,0.0,0.0
2002-12-30,10782.792263395651,10782.23015084189,6779.269641533721,0.0,0.0,0.0
2002-12-31,10823.001300804339,10822.437092132597,6788.506461764438,0.0,0.0,0.0
2003-01-02,10709.602532173794,10708.197923196902,7007.0156943046095,0.07902776598965582,0.15805553197931163,0.8463118417795097
2003-01-03,10761.27580191523,10759.864415773796,7028.561516853318,0.0,0.0,0.0
2003-01-06,10803.246245635446,10801.829354895513,7152.4363678959635,0.0,0.0,0.0
2003-01-07,10780.112948202024,10778.699091490396,7134.739896242351,0.0,0.0,0.0
2003-01-08,10807.829319549053,10806.411827719889,7031.639105332298,0.0,0.0,0.0
2003-01-09,10739.067915440259,10737.65944195563,7140.894172135026,0.0,0.0,0.0
2003-01-10,10760.220359192912,10758.809111477185,7160.12966329445,0.0,0.0,0.0
2003-01-13,10802.091322406526,10800.674583139584,7157.822035101018,0.0,0.0,0.0
2003-01-14,10864.50355532073,10863.0786304295,7180.901921296473,0.0,0.0,0.0
2003-01-15,10858.909520421654,10857.485329211397,7109.347876527045,0.0,0.0,0.0
2003-01-16,10855.468847562392,10854.045107610711,7080.109209112493,0.0,0.0,0.0
2003-01-17,10874.524421612663,10873.098182443082,6975.470750294556,0.0,0.0,0.0
2003-01-21,10826.298486834272,10824.878572696896,6866.984292179449,0.0,0.0,0.0
2003-01-22,10835.98475203625,10834.56356750485,6783.886700051155,0.0,0.0,0.0
2003-01-23,10862.31058994573,10860.88595267104,6825.4352708489805,0.0,0.0,0.0
2003-01-24,10865.02073476879,10863.59574204732,6646.163827184708,0.0,0.0,0.0
2003-01-27,10767.56169556795,10766.149485005384,6555.372939657928,0.0,0.0,0.0
2003-01-28,10778.851625930056,10777.4379346461,6603.843043438123,0.0,0.0,0.0
2003-01-29,10755.59587238713,10754.185231192108,6653.856221517906,0.0,0.0,0.0
2003-01-30,10764.497198687883,10763.085390046845,6496.131501467627,0.0,0.0,0.0
2003-01-31,10827.115101920004,10825.695080680156,6621.544020418158,0.0,0.0,0.0
2003-02-03,10861.996738582951,10860.572142471176,6634.6220819564105,0.0,0.0,0.0
2003-02-04,10909.03091682629,10907.600151986142,6569.221862547013,0.0,0.0,0.0
2003-02-05,10886.14433892721,10884.716575757078,6528.441449904167,0.0,0.0,0.0
2003-02-06,10892.404092188328,10890.975508025484,6497.6669167123,0.0,0.0,0.0
2003-02-07,10874.585312119587,10873.159064963964,6418.419126011744,0.0,0.0,0.0
2003-02-10,10833.765282244409,10832.344388805715,6463.8120918456025,0.0,0.0,0.0
2003-02-11,10835.33695379108,10833.915854221117,6419.1904378952195,0.0,0.0,0.0
2003-02-12,10795.416236980309,10794.000373178622,6316.858255672786,0.0,0.0,0.0
2003-02-13,10826.734078266632,10825.314106999627,6336.090593103714,0.0,0.0,0.0
2003-02-14,10820.37874798078,10818.959610241807,6474.585228386277,0.0,0.0,0.0
2003-02-18,10873.492945429673,10872.066841542492,6588.458705304364,0.0,0.0,0.0
2003-02-19,10895.800037334668,10894.371007779473,6553.833469619475,0.0,0.0,0.0
2003-02-20,10950.095300042394,10948.659149437362,6488.435052340647,0.0,0.0,0.0
2003-02-21,10960.82731823339,10959.389760079473,6553.833469619475,0.0,0.0,0.0
2003-02-24,11013.35323252309,11011.908785376745,6447.655090230443,0.0,0.0,0.0
2003-02-25,11006.129526567855,11004.686026840633,6499.207287816039,0.0,0.0,0.0
2003-02-26,10991.715964554765,10990.274355226233,6404.570203122659,0.0,0.0,0.0
2003-02-27,11015.889531763274,11014.444751970721,6489.203210495627,0.0,0.0,0.0
2003-02-28,11108.605642834733,11107.148702938055,6532.290350266622,0.0,0.0,0.0
2003-03-03,11115.966804756405,11114.508899412682,6469.96681827092,0.0,0.0,0.0
2003-03-04,11096.94336694474,11095.48795660412,6366.868280024078,0.0,0.0,0.0
2003-03-05,11104.875150002845,11103.41869937584,6420.726754205177,0.0,0.0,0.0
2003-03-06,11070.253703873472,11068.801793993323,6366.868280024076,0.0,0.0,0.0
2003-03-07,11106.404171456472,11104.947520291933,6410.725380080618,0.0,0.0,0.0
2003-03-10,11066.20022736881,11064.748849118989,6256.842351870517,0.0,0.0,0.0
2003-03-11,11015.190114537043,11013.74542647597,6195.288780160362,0.0,0.0,0.0
2003-03-12,11026.563984536833,11025.11780474534,6236.839153088757,0.0,0.0,0.0
2003-03-13,10945.007788520677,10943.57230516397,6452.273500345802,0.0,0.0,0.0
2003-03-14,10935.070367801582,10933.63618777899,6473.048461543678,0.0,0.0,0.0
2003-03-17,10880.071924547428,10878.644957799734,6676.943316235637,0.0,0.0,0.0
2003-03-18,10815.914405567117,10814.495853345245,6716.179753513609,0.0,0.0,0.0
2003-03-19,10743.862566117961,10742.45346379493,6767.730599501278,0.0,0.0,0.0
2003-03-20,10728.418830707149,10727.011753894334,6782.351735339123,0.0,0.0,0.0
2003-03-21,10702.858795904733,10701.45507139694,6927.118235533978,0.0,0.0,0.0
2003-03-24,10684.240182531552,10682.838899932449,6696.90867027545,0.0,0.0,0.0
2003-03-25,10722.323493216134,10720.91721583222,6761.028025383026,0.0,0.0,0.0
2003-03-26,10727.464033172653,10726.057081585514,6727.037590191019,0.0,0.0,0.0
2003-03-27,10742.268419411912,10740.859526167858,6732.446234560825,0.0,0.0,0.0
2003-03-28,10754.042271827942,10752.631834394106,6698.456249901461,0.0,0.0,0.0
2003-03-31,10791.34850315543,10789.933172853976,6546.269477089304,0.0,0.0,0.0
2003-04-01,10847.692402997456,10846.269682958871,6646.695906235161,0.0,0.0,0.0
2003-04-02,10809.824294876,10808.406541397513,6807.378373081589,0.0,0.0,0.0
2003-04-03,10797.929451280206,10796.513257859995,6774.931012189175,0.0,0.0,0.0
2003-04-04,10810.173430021741,10808.755630752723,6815.103205765031,0.0,0.0,0.0
2003-04-07,10788.743358745907,10787.328370119996,6801.971981374995,0.0,0.0,0.0
2003-04-08,10847.443785443462,10846.021098012101,6812.786116386113,0.0,0.0,0.0
2003-04-09,10834.469555809372,10833.048570002265,6723.173822251371,0.0,0.0,0.0
2003-04-10,10817.277636764376,10815.858905749057,6760.256262966907,0.0,0.0,0.0
2003-04-11,10797.382201300341,10795.966079654245,6732.4462345608235,0.0,0.0,0.0
2003-04-14,10828.089771758825,10826.66962268697,6871.495475525955,0.0,0.0,0.0
2003-04-15,10923.707816868471,10922.275127091756,6935.617083296741,0.0,0.0,0.0
2003-04-16,10927.551702003993,10926.118508085736,6817.422998339801,0.0,0.0,0.0
2003-04-17,10991.487706184163,10990.046126792668,6918.618486705921,0.0,0.0,0.0
2003-04-21,10972.287605802347,10970.84854458398,6925.571556973245,0.0,0.0,0.0
2003-04-22,11024.569478110294,11023.123559906626,7056.128708165242,0.0,0.0,0.0
2003-04-23,11049.16158268083,11047.712439120223,7121.0175730257215,0.0,0.0,0.0
2003-04-24,11075.65108969884,11074.198471929061,7057.674485660685,0.0,0.0,0.0
2003-04-25,11042.082333192764,11040.634118105208,6970.377929306935,0.0,0.0,0.0
2003-04-28,11109.764322496621,11108.307230634282,7090.888202577509,0.0,0.0,0.0
2003-04-29,11113.935699772319,11112.478060816475,7115.61208238441,0.0,0.0,0.0
2003-04-30,11221.672859646083,11220.201090513005,7100.161966484888,0.0,0.0,0.0
2003-05-01,11253.131044751817,11251.655149746739,7099.386599807634,0.0,0.0,0.0
2003-05-02,11269.851982784643,11268.3738947589,7200.585241902251,0.0,0.0,0.0
2003-05-05,11342.910903027576,11341.423233020158,7186.681354030815,0.0,0.0,0.0
2003-05-06,11444.603351961745,11443.102344566109,7254.6631254801105,0.0,0.0,0.0
2003-05-07,11535.04561191683,11533.532742642114,7214.494986698036,0.0,0.0,0.0
2003-05-08,11546.455747517037,11544.941381755512,7141.874531164482,0.0,0.0,0.0
2003-05-09,11625.215968644166,11623.69127315161,7240.760589206602,0.0,0.0,0.0
2003-05-12,11735.49479806216,11733.955639041822,7329.597967196731,0.0,0.0,0.0
2003-05-13,11748.620519812428,11747.079639299014,7316.464940676126,0.0,0.0,0.0
2003-05-14,11859.721669769891,11858.166217877933,7301.013923711319,0.0,0.0,0.0
2003-05-15,11884.323619181343,11882.764940641253,7347.366974605739,0.0,0.0,0.0
2003-05-16,11951.158093093487,11949.590648933785,7328.823952117403,0.0,0.0,0.0
2003-05-19,11857.611689575198,11856.056514415932,7157.327800792499,0.0,0.0,0.0
2003-05-20,12004.03082678314,12002.456448144201,7142.651699972304,0.0,0.0,0.0
2003-05-21,12020.494207081132,12018.917669201297,7157.327800792499,0.0,0.0,0.0
2003-05-22,12114.290732944468,12112.70189325961,7228.396171373619,0.0,0.0,0.0
2003-05-23,12168.578412107672,12166.98245236759,7243.074074324382,0.0,0.0,0.0
2003-05-27,12129.009455934125,12127.418685827446,7369.76475438088,0.0,0.0,0.0
2003-05-28,12057.77468473444,12056.193257364694,7390.627569443987,0.0,0.0,0.0
2003-05-29,12181.792639689014,12180.194946847947,7371.310982408965,0.0,0.0,0.0
2003-05-30,12221.928680217985,12220.325723368038,7489.503265235337,0.0,0.0,0.0
2003-06-02,12194.911646680985,12193.312233227509,7520.40529916495,0.0,0.0,0.0
2003-06-03,12291.53047206948,12289.918386654646,7551.307333094563,0.0,0.0,0.0
2003-06-04,12369.985715766003,12368.363340619195,7660.231708937902,0.0,0.0,0.0
2003-06-05,12364.483507901197,12362.861854391866,7698.082758341059,0.0,0.0,0.0
2003-06-06,12360.946760373348,12359.325570723186,7667.959244817196,0.0,0.0,0.0
2003-06-09,12399.042397678093,12397.416211626432,7589.936902903468,0.0,0.0,0.0
2003-06-10,12533.79474168567,12532.150882302856,7667.1843286725825,0.0,0.0,0.0
2003-06-11,12575.70199888026,12574.052643186127,7748.300027707767,0.0,0.0,0.0
2003-06-12,12628.65006795641,12626.993767902492,7772.244035510992,0.0,0.0,0.0
2003-06-13,12667.17915228513,12665.517798981333,7691.127435410523,0.0,0.0,0.0
2003-06-16,12672.44552802488,12670.783484013971,7853.360635611461,0.0,0.0,0.0
2003-06-17,12621.776535601939,12620.121137040414,7853.360635611461,0.0,0.0,0.0
2003-06-18,12466.195223573504,12464.56023014904,7846.409818007348,0.0,0.0,0.0
2003-06-19,12421.984289055832,12420.355094079567,7726.66905448968,0.0,0.0,0.0
2003-06-20,12362.51257485409,12360.891179840839,7709.613690785942,0.0,0.0,0.0
2003-06-23,12359.3046705219,12357.683696238662,7630.530795032438,0.0,0.0,0.0
2003-06-24,12371.06787259902,12369.445355522837,7638.286263935549,0.0,0.0,0.0
2003-06-25,12260.995300439565,12259.387219839662,7561.525413420027,0.0,0.0,0.0
2003-06-26,12115.111230672308,12113.522283375754,7659.989322376391,0.0,0.0,0.0
2003-06-27,12048.516151463118,12046.935938388568,7571.610136083396,0.0,0.0,0.0
2003-06-30,12100.077244979491,12098.49026945278,7569.282684453708,0.0,0.0,0.0
2003-07-01,12104.33788001434,12102.750345687597,7639.05487262317,0.0,0.0,0.0
2003-07-02,12185.010961804112,12183.412846866697,7735.19853847212,0.0,0.0,0.0
2003-07-03,12035.41758753543,12033.839092392094,7655.341627639288,0.0,0.0,0.0
2003-07-07,12055.7759088595,12054.19474363753,7807.2972772059875,0.0,0.0,0.0
2003-07-08,12061.400898740752,12059.81899577793,7842.190129280353,0.0,0.0,0.0
2003-07-09,12081.66254132162,12080.077980959988,7797.9973824053595,0.0,0.0,0.0
2003-07-10,12069.45047071075,12067.86751201304,7698.756755173815,0.0,0.0,0.0
2003-07-11,12117.31443393292,12115.72519767708,7771.634915378717,0.0,0.0,0.0
2003-07-14,12119.69054810924,12118.101000216131,7809.62743203153,0.0,0.0,0.0
2003-07-15,11899.846596055862,11898.285881612703,7792.570266197222,0.0,0.0,0.0
2003-07-16,11876.742538753144,11875.184854503326,7746.824983837152,0.0,0.0,0.0
2003-07-17,11797.522060158477,11795.974766004376,7636.730124189333,0.0,0.0,0.0
2003-07-18,11876.762890521944,11875.205203602909,7715.036301667656,0.0,0.0,0.0
2003-07-21,11659.669002277733,11658.139788126322,7619.673859420308,0.0,0.0,0.0
2003-07-22,11696.897087631522,11695.362990861664,7688.67924103272,0.0,0.0,0.0
2003-07-23,11771.92581053906,11770.381873439703,7694.1063572408575,0.0,0.0,0.0
2003-07-24,11725.902855449505,11724.364954452392,7635.957911240574,0.0,0.0,0.0
2003-07-25,11798.655297488836,11797.10785470594,7770.860900299389,0.0,0.0,0.0
2003-07-28,11700.548615868594,11699.014040185599,7742.172783773626,0.0,0.0,0.0
2003-07-29,11561.65283343792,11560.136474515282,7706.513125142209,0.0,0.0,0.0
2003-07-30,11596.294218737612,11594.773316453015,7687.904324888109,0.0,0.0,0.0
2003-07-31,11443.747995488642,11442.247100276565,7705.73911006288,0.0,0.0,0.0
2003-08-01,11470.385021236942,11468.880632467997,7637.506842464512,0.0,0.0,0.0
2003-08-04,11511.308083842385,11509.798327843338,7637.506842464512,0.0,0.0,0.0
2003-08-05,11351.86969550676,11350.380850516394,7475.472777691434,0.0,0.0,0.0
2003-08-06,11471.675417691775,11470.17085968196,7518.890608421814,0.0,0.0,0.0
2003-08-07,11570.230733842563,11568.713249892558,7597.9680977836115,0.0,0.0,0.0
2003-08-08,11606.839401888672,11605.31711655938,7619.673859420307,0.0,0.0,0.0
2003-08-11,11597.37592332326,11595.854879168595,7648.361975946071,0.0,0.0,0.0
2003-08-12,11638.512439932694,11636.986000552546,7718.140471572525,0.0,0.0,0.0
2003-08-13,11500.037322908332,11498.529045116526,7678.599924761057,0.0,0.0,0.0
2003-08-14,11582.909070950547,11581.389924183828,7699.531671318425,0.0,0.0,0.0
2003-08-15,11583.28026186052,11581.761066410565,7723.568488845946,0.0,0.0,0.0
2003-08-18,11705.954858784198,11704.419574049925,7790.243715632815,0.0,0.0,0.0
2003-08-19,11840.724280119004,11839.171319813819,7819.704045107336,0.0,0.0,0.0
2003-08-20,11820.3737588059,11818.823467556342,7787.919868264264,0.0,0.0,0.0
2003-08-21,11827.775145373507,11826.223883401277,7812.72619554469,0.0,0.0,0.0
2003-08-22,11859.189734731486,11857.63435260502,7735.1985384721165,0.0,0.0,0.0
2003-08-25,11784.37430369981,11782.828733928725,7747.599899981762,0.0,0.0,0.0
2003-08-26,11785.945180259205,11784.399404461119,7761.556500172337,0.0,0.0,0.0
2003-08-27,11794.503366331957,11792.956468092121,7763.880347540888,0.0,0.0,0.0
2003-08-28,11904.823911397883,11903.262544159084,7811.948576204225,0.0,0.0,0.0
2003-08-29,11959.6830581237,11958.114495879321,7864.674411322794,0.0,0.0,0.0
2003-09-02,11887.753046079699,11886.193917755985,7970.112565580666,0.0,0.0,0.0
2003-09-03,11917.059891417066,11915.496919378525,8013.527693115193,0.0,0.0,0.0
2003-09-04,11975.2168988261,11973.646299253816,8017.404977034107,0.0,0.0,0.0
2003-09-05,12120.79198541189,12119.20229306069,7972.436412949218,0.0,0.0,0.0
2003-09-08,12137.360899143578,12135.769033710334,8038.336723591474,0.0,0.0,0.0
2003-09-09,12126.335779937228,12124.745360494288,7985.618998060464,0.0,0.0,0.0
2003-09-10,12152.08349997976,12150.489703616098,7904.988072148304,0.0,0.0,0.0
2003-09-11,12097.801041467108,12096.214364473963,7928.244567139509,0.0,0.0,0.0
2003-09-12,12170.560813995238,12168.964594254887,7942.973380278841,0.0,0.0,0.0
2003-09-15,12141.45040736896,12139.858005579683,7915.067388419966,0.0,0.0,0.0
2003-09-16,12168.833240214708,12167.237247052852,8030.585760014785,0.0,0.0,0.0
2003-09-17,12243.4670092871,12241.861227595586,8015.082030730839,0.0,0.0,0.0
2003-09-18,12317.838093282513,12316.222557513584,8109.670457898858,0.0,0.0,0.0
2003-09-19,12337.789685635109,12336.171533131745,8068.418788112253,0.0,0.0,0.0
2003-09-22,12214.872667717475,12213.27063629295,7981.253336757389,0.0,0.0,0.0
2003-09-23,12266.561170687632,12264.952360100666,8011.603017667646,0.0,0.0,0.0
2003-09-24,12338.268894119956,12336.650678766402,7869.179737744957,0.0,0.0,0.0
2003-09-25,12343.74774110971,12342.128807182553,7804.582367503989,0.0,0.0,0.0
2003-09-26,12368.420157101697,12366.797987284426,7778.898402636525,0.0,0.0,0.0
2003-09-29,12368.900774257458,12367.278541405245,7855.169073637315,0.0,0.0,0.0
2003-09-30,12453.807119146051,12452.173750473075,7778.898402636523,0.0,0.0,0.0
2003-10-01,12562.418456822019,12560.770843319748,7944.670987274712,0.0,0.0,0.0
2003-10-02,12527.618241545346,12525.975192236248,7973.472638026313,0.0,0.0,0.0
2003-10-03,12424.91143464455,12423.281855760943,8046.630128469391,0.0,0.0,0.0
2003-10-06,12481.201812806605,12479.56485120546,8083.205269429791,0.0,0.0,0.0
2003-10-07,12427.65141904062,12426.02148079665,8114.338877137502,0.0,0.0,0.0
2003-10-08,12415.677012305223,12414.048644554567,8094.106357240855,0.0,0.0,0.0
2003-10-09,12434.31373252881,12432.682920494677,8115.895016883716,0.0,0.0,0.0
2003-10-10,12552.793954082896,12551.147602874244,8138.461295867043,0.0,0.0,0.0
2003-10-13,12604.752487213393,12603.099321426716,8164.147062865077,0.0,0.0,0.0
2003-10-14,12517.38282397789,12515.741117086436,8192.94510935554,0.0,0.0,0.0
2003-10-15,12496.634013984121,12494.995028385514,8171.150142255687,0.0,0.0,0.0
2003-10-16,12499.043080301235,12497.40377874355,8203.83898864433,0.0,0.0,0.0
2003-10-17,12507.123153659011,12505.48279236605,8114.338877137501,0.0,0.0,0.0
2003-10-20,12582.145296670678,12580.495095911201,8175.040942153866,0.0,0.0,0.0
2003-10-21,12599.654622221527,12598.00212504108,8161.034783372647,0.0,0.0,0.0
2003-10-22,12612.590870206903,12610.936676383655,8058.302528163927,0.0,0.0,0.0
2003-10-23,12549.653937305304,12548.007997922932,8043.513343650536,0.0,0.0,0.0
2003-10-24,12664.947044860284,12663.285984306669,8061.415708721641,0.0,0.0,0.0
2003-10-27,12649.441531341836,12647.782504400899,8065.3056075545355,0.0,0.0,0.0
2003-10-28,12770.633673285702,12768.95875149059,8175.040942153866,0.0,0.0,0.0
2003-10-29,12727.545880649628,12725.876609997978,8185.936623573223,0.0,0.0,0.0
2003-10-30,12693.415836869515,12691.751042515254,8203.061369303863,0.0,0.0,0.0
2003-10-31,12732.92454935458,12731.254573268126,8195.27706631165,0.0,0.0,0.0
2003-11-03,12753.522281328125,12751.849603763338,8248.981458329114,0.0,0.0,0.0
2003-11-04,12809.45789044301,12807.777876690116,8231.079093258008,0.0,0.0,0.0
2003-11-05,12743.466799966425,12741.7954412199,8237.304553308153,0.0,0.0,0.0
2003-11-06,12650.070941708855,12648.411832218126,8280.889081116155,0.0,0.0,0.0
2003-11-07,12656.130298378972,12654.47039417838,8219.403990367617,0.0,0.0,0.0
2003-11-10,12620.57156687811,12618.916326353255,8185.936623573223,0.0,0.0,0.0
2003-11-11,12611.365042379546,12609.711009328721,8183.607369812965,0.0,0.0,0.0
2003-11-12,12752.475091089183,12750.802550867758,8275.439438275906,0.0,0.0,0.0
2003-11-13,12920.903305788082,12919.208675504806,8277.772296297302,0.0,0.0,0.0
2003-11-14,12972.853265574187,12971.151821837317,8207.73429386893,0.0,0.0,0.0
2003-11-17,12920.692649393852,12918.998046739038,8166.480821951757,0.0,0.0,0.0
2003-11-18,12942.10798324044,12940.4105718754,8081.649129683574,0.0,0.0,0.0
2003-11-19,12832.440421789091,12830.757393781494,8150.141805149142,0.0,0.0,0.0
2003-11-20,12801.60511158117,12799.926127752933,8076.984314706065,0.0,0.0,0.0
2003-11-21,12850.624269763342,12848.938856868348,8110.442670847613,0.0,0.0,0.0
2003-11-24,12821.225473599681,12819.54391647925,8217.846949556115,0.0,0.0,0.0
2003-11-25,12899.300502456948,12897.608705471303,8248.981458329114,0.0,0.0,0.0
2003-11-26,12917.024051085878,12915.329929583013,8278.554420964188,0.0,0.0,0.0
2003-11-28,12890.317405131813,12888.626786316796,8284.781683144902,0.0,0.0,0.0
2003-12-01,12987.021635896062,12985.318333918414,8374.280893586447,0.0,0.0,0.0
2003-12-02,13027.352708921397,13025.644117355547,8353.26805115348,0.0,0.0,0.0
2003-12-03,13003.114336192146,13001.40892358983,8340.039511712726,0.0,0.0,0.0
2003-12-04,13040.236923822718,13038.52664243842,8374.280893586447,0.0,0.0,0.0
2003-12-05,13145.479197502615,13143.755113155798,8315.911686591477,0.0,0.0,0.0
2003-12-08,13148.565579625727,13146.84109048704,8371.94803556505,0.0,0.0,0.0
2003-12-09,13090.001310105465,13088.28450191464,8307.347061062945,0.0,0.0,0.0
2003-12-10,13097.031830446824,13095.314100173973,8306.573947048902,0.0,0.0,0.0
2003-12-11,13190.168019673654,13188.438074201684,8399.96666058448,0.0,0.0,0.0
2003-12-12,13245.756860861635,13244.019624681616,8416.309281648231,0.0,0.0,0.0
2003-12-15,13200.742789383125,13199.01145698606,8374.280893586445,0.0,0.0,0.0
2003-12-16,13240.760068374932,13239.023487545059,8417.867223525016,0.0,0.0,0.0
2003-12-17,13262.289572280846,13260.550167766867,8444.32790666766,0.0,0.0,0.0
2003-12-18,13400.771293266433,13399.013726297979,8539.277661014738,0.0,0.0,0.0
2003-12-19,13385.931861304558,13384.176240589411,8515.506657746124,0.0,0.0,0.0
2003-12-22,13396.083580976727,13394.326628821264,8574.937319646155,0.0,0.0,0.0
2003-12-23,13323.530155393712,13321.782718922193,8580.405884857377,0.0,0.0,0.0
2003-12-24,13409.612156109337,13407.8534296249,8571.813326305028,0.0,0.0,0.0
2003-12-26,13440.490764938577,13438.727988595983,8578.063115117851,0.0,0.0,0.0
2003-12-29,13474.677997651148,13472.910737510596,8692.22988878602,0.0,0.0,0.0
2003-12-30,13458.140709151165,13456.37561794488,8693.78692959752,0.0,0.0,0.0
2003-12-31,13530.371840618804,13528.597275998787,8701.611780527533,0.0,0.0,0.0
2004-01-02,13505.314456742504,13502.832167510445,8697.70205825838,0.052653661553937386,0.10530732310787477,0.7110109922998634
2004-01-05,13660.62977970902,13658.118943377594,8792.315715254363,0.0,0.0,0.0
2004-01-06,13755.451758611533,13752.92349391308,8800.919987655408,0.0,0.0,0.0
2004-01-07,13766.50039856351,13763.970103114863,8830.635318605424,0.0,0.0,0.0
2004-01-08,13796.258521565314,13793.722756546258,8865.823720093083,0.0,0.0,0.0
2004-01-09,13912.981107479882,13910.423888742065,8788.40779511578,0.0,0.0,0.0
2004-01-12,13940.895530747255,13938.333181312735,8853.31242861874,0.0,0.0,0.0
2004-01-13,13941.155857246536,13938.593459963768,8801.703914452866,0.0,0.0,0.0
2004-01-14,13996.424512232266,13993.851956519826,8875.203809704028,0.0,0.0,0.0
2004-01-15,13949.694211718928,13947.130245078746,8897.10420144216,0.0,0.0,0.0
2004-01-16,13944.963313348539,13942.400216251832,8932.288097603398,0.0,0.0,0.0
2004-01-20,13997.62741261724,13995.0546358106,8929.94262466802,0.0,0.0,0.0
2004-01-21,14073.023242557112,14070.436607927508,9000.318526578052,0.0,0.0,0.0
2004-01-22,14124.885111554777,14122.2889446659,8976.861995093705,0.0,0.0,0.0
2004-01-23,13977.80996556061,13975.240831218985,8947.927887745293,0.0,0.0,0.0
2004-01-26,13931.678881472253,13929.118226066357,9060.531313144971,0.0,0.0,0.0
2004-01-27,13955.095810339566,13952.530850880583,8967.473795895203,0.0,0.0,0.0
2004-01-28,13790.075092483929,13787.54046398483,8865.043397556767,0.0,0.0,0.0
2004-01-29,13744.600015260348,13742.073745122314,8873.64316463139,0.0,0.0,0.0
2004-01-30,13805.143443259514,13802.606045183671,8873.64316463139,0.0,0.0,0.0
2004-02-02,13801.737156125308,13799.200384128173,8911.95826265603,0.0,0.0,0.0
2004-02-03,13846.926919305208,13844.381841387996,8897.10420144216,0.0,0.0,0.0
2004-02-04,13779.69297911237,13777.160258855267,8824.381925531465,0.0,0.0,0.0
2004-02-05,13746.09000103743,13743.56345703864,8850.184831016475,0.0,0.0,0.0
2004-02-06,13916.92605892718,13914.368115103654,8949.4903349485,0.0,0.0,0.0
2004-02-09,13997.03811173815,13994.465443245555,8951.8403132103,0.0,0.0,0.0
2004-02-10,13971.713497549892,13969.145483744704,8980.76811310172,0.0,0.0,0.0
2004-02-11,14110.210663377347,14107.61719366556,9076.169301156298,0.0,0.0,0.0
2004-02-12,14059.573188382354,14056.989025885092,9043.326372604017,0.0,0.0,0.0
2004-02-13,14111.044424529544,14108.45080157169,9002.660395252293,0.0,0.0,0.0
2004-02-17,14193.475128785796,14190.8663549886,9083.985141433466,0.0,0.0,0.0
2004-02-18,14126.647443124068,14124.050952317026,9044.112101532042,0.0,0.0,0.0
2004-02-19,14121.427912358891,14118.83238090641,9010.485246182305,0.0,0.0,0.0
2004-02-20,14009.143118945478,14006.568225541412,8983.117190298235,0.0,0.0,0.0
2004-02-23,14014.088858029292,14011.513055593829,8960.442783480776,0.0,0.0,0.0
2004-02-24,14060.277517816778,14057.693225863117,8944.802092273594,0.0,0.0,0.0
2004-02-25,14108.101584678392,14105.50850261721,8982.33326350078,0.0,0.0,0.0
2004-02-26,14117.77804733696,14115.183186733031,8987.806334038423,0.0,0.0,0.0
2004-02-27,14272.996443684231,14270.373053796138,8994.067836699945,0.0,0.0,0.0
2004-03-01,14416.590969761095,14413.941187066894,9083.210225288854,0.0,0.0,0.0
2004-03-02,14281.697200997305,14279.072211902007,9030.035659658639,0.0,0.0,0.0
2004-03-03,14241.391857255509,14238.774276319502,9046.453970206285,0.0,0.0,0.0
2004-03-04,14292.706359717662,14290.079347128854,9069.911402755915,0.0,0.0,0.0
2004-03-05,14537.412964271794,14534.740974383754,9100.411561568671,0.0,0.0,0.0
2004-03-08,14533.751899358247,14531.08058237731,8989.374187633337,0.0,0.0,0.0
2004-03-09,14566.2099930757,14563.532710267253,8953.405463609359,0.0,0.0,0.0
2004-03-10,14432.514290436939,14429.861581021736,8803.26546059079,0.0,0.0,0.0
2004-03-11,14318.58324373254,14315.95147494862,8689.095082661483,0.0,0.0,0.0
2004-03-12,14334.77836525121,14332.143619789045,8803.265460590788,0.0,0.0,0.0
2004-03-15,14313.862993540068,14311.232092342481,8695.356585323005,0.0,0.0,0.0
2004-03-16,14479.629913175231,14476.968543865187,8741.491127885949,0.0,0.0,0.0
2004-03-17,14591.920363242802,14589.238354844645,8839.234184614766,0.0,0.0,0.0
2004-03-18,14568.64994531959,14565.97221404567,8841.581459680714,0.0,0.0,0.0
2004-03-19,14475.06767281385,14472.407142047787,8714.855638078125,0.0,0.0,0.0
2004-03-22,14481.093136717756,14478.431498465876,8604.212029672086,0.0,0.0,0.0
2004-03-23,14519.553089516952,14516.884382290336,8589.300300280012,0.0,0.0,0.0
2004-03-24,14528.70710760459,14526.036717861023,8596.366454240531,0.0,0.0,0.0
2004-03-25,14544.974832911606,14542.301453145148,8710.146670901679,0.0,0.0,0.0
2004-03-26,14422.04477234398,14419.393987235842,8712.500253424618,0.0,0.0,0.0
2004-03-29,14446.81564870385,14444.160310685831,8834.911774445345,0.0,0.0,0.0
2004-03-30,14477.339764922208,14474.678816543523,8864.73253003364,0.0,0.0,0.0
2004-03-31,14581.53478882458,14578.854689304562,8874.930786922847,0.0,0.0,0.0
2004-04-01,14597.04890348091,14594.365952452334,8928.290070936373,0.0,0.0,0.0
2004-04-02,14355.082794763872,14352.444317328867,8995.77625647923,0.0,0.0,0.0
2004-04-05,14267.070937825163,14264.448637050498,9045.21320330962,0.0,0.0,0.0
2004-04-06,14314.490671129297,14311.85965456399,9016.178176649351,0.0,0.0,0.0
2004-04-07,14261.389220489753,14258.767964019968,8994.992329681774,0.0,0.0,0.0
2004-04-08,14267.06741824919,14264.445118121428,8974.5877063158,0.0,0.0,0.0
2004-04-12,14284.524818141574,14281.899309327637,9009.901355877995,0.0,0.0,0.0
2004-04-13,14068.326227978443,14065.74045666444,8883.562091282427,0.0,0.0,0.0
2004-04-14,13964.536078185074,13961.969383596166,8897.688992811762,0.0,0.0,0.0
2004-04-15,13870.064483621409,13867.515152998567,8863.94319684448,0.0,0.0,0.0
2004-04-16,13993.209726540836,13990.63776170896,8932.218715576502,0.0,0.0,0.0
2004-04-19,13986.462144473951,13983.891419853871,8932.218715576502,0.0,0.0,0.0
2004-04-20,13872.232128320315,13869.682399282381,8782.343625751557,0.0,0.0,0.0
2004-04-21,13777.569912711386,13775.037582675839,8841.188595216707,0.0,0.0,0.0
2004-04-22,13839.556023242118,13837.012300102382,8965.173376224053,0.0,0.0,0.0
2004-04-23,13729.827082006646,13727.303527147342,8973.801076322496,0.0,0.0,0.0
2004-04-26,13781.679156336653,13779.146071018344,8961.247434779782,0.0,0.0,0.0
2004-04-27,13819.035147572955,13816.495196189062,8969.095713407189,0.0,0.0,0.0
2004-04-28,13582.854823889182,13580.358282666242,8852.958309961965,0.0,0.0,0.0
2004-04-29,13415.760774896193,13413.294945713309,8775.276570725751,0.0,0.0,0.0
2004-04-30,13413.418347292296,13410.952948649763,8707.003755189584,0.0,0.0,0.0
2004-05-03,13490.305937330337,13487.826406677961,8800.387458072317,0.0,0.0,0.0
2004-05-04,13522.587743366174,13520.102279288123,8793.324908372935,0.0,0.0,0.0
2004-05-05,13545.967179913485,13543.47741867347,8849.821701706856,0.0,0.0,0.0
2004-05-06,13378.787883020297,13376.32884948898,8773.70421180442,0.0,0.0,0.0
2004-05-07,13127.796845662391,13125.383944514839,8628.537188090633,0.0,0.0,0.0
2004-05-10,12936.714523741137,12934.336743700293,8539.865155580197,0.0,0.0,0.0
2004-05-11,13073.079870155807,13070.677026038733,8612.05850616893,0.0,0.0,0.0
2004-05-12,13113.599233159177,13111.188941545874,8666.986544842654,0.0,0.0,0.0
2004-05-13,13050.019351290977,13047.620745718501,8630.89077061357,0.0,0.0,0.0
2004-05-14,13057.84653266059,13055.446488444974,8634.81400886199,0.0,0.0,0.0
2004-05-17,13091.57357600393,13089.16733272669,8561.055507874196,0.0,0.0,0.0
2004-05-18,13132.017797182561,13129.604120220234,8604.212029672093,0.0,0.0,0.0
2004-05-19,13214.353412697485,13211.924602373214,8574.394878344936,0.0,0.0,0.0
2004-05-20,13261.734861269164,13259.297342191021,8601.858447149154,0.0,0.0,0.0
2004-05-21,13248.562271509509,13246.12717356549,8616.769275475945,0.0,0.0,0.0
2004-05-24,13369.78718057005,13367.329801376132,8652.860544378604,0.0,0.0,0.0
2004-05-25,13469.305837905755,13466.830167090986,8776.844424320665,0.0,0.0,0.0
2004-05-26,13513.700038773304,13511.21620826354,8807.449106706415,0.0,0.0,0.0
2004-05-27,13638.794927636536,13636.28810457102,8856.885152471521,0.0,0.0,0.0
2004-05-28,13587.738911478082,13585.241472555344,8856.098522478213,0.0,0.0,0.0
2004-06-01,13618.162661457565,13615.659630621569,8844.331510928809,0.0,0.0,0.0
2004-06-02,13543.801304253651,13541.311941103579,8877.287072641642,0.0,0.0,0.0
2004-06-03,13445.926717289589,13443.455343578717,8795.676688765305,0.0,0.0,0.0
2004-06-04,13435.680938562558,13433.211448035252,8865.5164568311,0.0,0.0,0.0
2004-06-07,13590.194698903351,13587.696808604625,9000.48161939454,0.0,0.0,0.0
2004-06-08,13500.90657262857,13498.425093569665,9013.039766263675,0.0,0.0,0.0
2004-06-09,13357.474772163905,13355.019656001989,8929.075799864399,0.0,0.0,0.0
2004-06-10,13406.257302271932,13403.793219836065,8973.020753786173,0.0,0.0,0.0
2004-06-14,13192.488734479111,13190.063942902834,8884.352325536875,0.0,0.0,0.0
2004-06-15,13447.712708338802,13445.24100636113,8947.125038576865,0.0,0.0,0.0
2004-06-16,13403.576323640376,13401.112733970853,8945.5544817861,0.0,0.0,0.0
2004-06-17,13484.517424213673,13482.038957495335,8932.218715576499,0.0,0.0,0.0
2004-06-18,13623.326839672636,13620.822859655931,8949.067735330102,0.0,0.0,0.0
2004-06-21,13620.564327236028,13618.060854971653,8915.20029554942,0.0,0.0,0.0
2004-06-22,13625.45550501345,13622.951133746094,8960.094972280987,0.0,0.0,0.0
2004-06-23,13693.748830502456,13691.231906858997,9037.274818153772,0.0,0.0,0.0
2004-06-24,13766.309648913473,13763.77938852478,9008.925502174958,0.0,0.0,0.0
2004-06-25,13617.36644144291,13614.863556952885,8965.604986495295,0.0,0.0,0.0
2004-06-28,13475.962550009237,13473.485655684657,8934.892176275413,0.0,0.0,0.0
2004-06-29,13531.764122892408,13529.276972187352,8971.910641355753,0.0,0.0,0.0
2004-06-30,13688.253815490472,13685.737901835832,9019.948233799421,0.0,0.0,0.0
2004-07-01,13711.86456095543,13709.344307624033,8894.73079548297,0.0,0.0,0.0
2004-07-02,13838.19104062949,13835.647568374814,8890.002905935553,0.0,0.0,0.0
2004-07-06,13769.777699470811,13767.24680165123,8812.035529004177,0.0,0.0,0.0
2004-07-07,13819.829454941328,13817.289357563004,8838.02405393778,0.0,0.0,0.0
2004-07-08,13787.258811325051,13784.724700461018,8776.593928171593,0.0,0.0,0.0
2004-07-09,13817.443624844722,13814.90396598417,8799.431427805537,0.0,0.0,0.0
2004-07-12,13820.789857526714,13818.249583625513,8803.36998416379,0.0,0.0,0.0
2004-07-13,13770.392982062198,13767.86197115311,8809.670232632541,0.0,0.0,0.0
2004-07-14,13764.286758782582,13761.756870202957,8782.892374509775,0.0,0.0,0.0
2004-07-15,13746.73998539406,13744.21332192754,8726.187435095151,0.0,0.0,0.0
2004-07-16,13887.333427199635,13884.78092252906,8719.099655567807,0.0,0.0,0.0
2004-07-19,13880.67522733692,13878.123946449608,8682.085695813887,0.0,0.0,0.0
2004-07-20,13779.117948010222,13776.585333444358,8792.346351474042,0.0,0.0,0.0
2004-07-21,13656.422808464049,13653.912745377806,8630.103239554976,0.0,0.0,0.0
2004-07-22,13697.773608083997,13695.25594468271,8653.732775573935,0.0,0.0,0.0
2004-07-23,13647.896879559183,13645.388383546522,8581.279017118,0.0,0.0,0.0
2004-07-26,13580.633953838109,13578.137820813126,8564.739062756957,0.0,0.0,0.0
2004-07-27,13470.142833975644,13467.667009320226,8645.069032864116,0.0,0.0,0.0
2004-07-28,13502.470601467368,13499.988834938522,8671.056656732433,0.0,0.0,0.0
2004-07-29,13575.00429771464,13572.50919942564,8708.07422074749,0.0,0.0,0.0
2004-07-30,13697.565654978675,13695.04802979936,8729.336658264245,0.0,0.0,0.0
2004-08-02,13735.982895471103,13733.458209167613,8747.450773677192,0.0,0.0,0.0
2004-08-03,13741.168646344593,13738.643006895318,8679.72220157282,0.0,0.0,0.0
2004-08-04,13725.234920247492,13722.712209431746,8678.93557157951,0.0,0.0,0.0
2004-08-05,13716.02461115323,13713.503593200772,8537.17457464088,0.0,0.0,0.0
2004-08-06,13877.40737356089,13874.856693308113,8415.101854167098,0.0,0.0,0.0
2004-08-09,13881.692953907175,13879.141485960785,8426.91482004601,0.0,0.0,0.0
2004-08-10,13886.973013849887,13884.420575423617,8535.598611458407,0.0,0.0,0.0
2004-08-11,13870.516429231266,13867.9670155404,8518.272928169337,0.0,0.0,0.0
2004-08-12,13888.05426196686,13885.50162480619,8425.343362189958,0.0,0.0,0.0
2004-08-13,13984.03871060531,13981.468431414603,8441.88151442043,0.0,0.0,0.0
2004-08-16,13993.140069256699,13990.568117227891,8529.301066185506,0.0,0.0,0.0
2004-08-17,14039.243794132692,14036.663368196805,8577.34226289031,0.0,0.0,0.0
2004-08-18,14057.326637031138,14054.742887452077,8665.545741452841,0.0,0.0,0.0
2004-08-19,14130.242863606323,14127.645711957677,8640.342945447263,0.0,0.0,0.0
2004-08-20,14140.541271928714,14137.942227423138,8700.987342285425,0.0,0.0,0.0
2004-08-23,14063.05720789936,14060.472405036093,8678.935571579506,0.0,0.0,0.0
2004-08-24,14032.113941357773,14029.534825895389,8690.747636393133,0.0,0.0,0.0
2004-08-25,14070.832366181177,14068.246134236659,8749.81516898354,0.0,0.0,0.0
2004-08-26,14109.611667055966,14107.018307440243,8749.81516898354,0.0,0.0,0.0
2004-08-27,14118.79376431734,14116.198717023684,8777.382360295467,0.0,0.0,0.0
2004-08-30,14142.071055208828,14139.471729527673,8704.926799708965,0.0,0.0,0.0
2004-08-31,14280.190689576715,14277.56597737959,8750.60179897685,0.0,0.0,0.0
2004-09-01,14310.09647520078,14307.466266292724,8767.143555468461,0.0,0.0,0.0
2004-09-02,14277.2465643434,14274.622393279205,8866.375172047161,0.0,0.0,0.0
2004-09-03,14102.907991580341,14100.315864106342,8830.144238025414,0.0,0.0,0.0
2004-09-07,14186.781402823339,14184.17385933913,8888.426942753076,0.0,0.0,0.0
2004-09-08,14255.645520859012,14253.0253200865,8866.37517204716,0.0,0.0,0.0
2004-09-09,14241.706475132492,14239.088836369418,8858.503465722357,0.0,0.0,0.0
2004-09-10,14280.117956918588,14277.493258089793,8904.175761794388,0.0,0.0,0.0
2004-09-13,14358.058115839141,14355.419091537375,8933.320718419358,0.0,0.0,0.0
2004-09-14,14398.98354379114,14396.336997358036,8951.433031701736,0.0,0.0,0.0
2004-09-15,14293.439755446643,14290.812608059014,8883.704459597368,0.0,0.0,0.0
2004-09-16,14438.388107662193,14435.734318633964,8910.481416654848,0.0,0.0,0.0
2004-09-17,14417.169088694924,14414.51919974192,8948.358596951253,0.0,0.0,0.0
2004-09-20,14483.003863700162,14480.341874254893,8894.584822906889,0.0,0.0,0.0
2004-09-21,14566.295306977603,14563.618008488373,8933.336036529192,0.0,0.0,0.0
2004-09-22,14589.920323459875,14587.23868267086,8821.826504384815,0.0,0.0,0.0
2004-09-23,14569.057783472923,14566.379977237966,8774.37280224546,0.0,0.0,0.0
2004-09-24,14549.971557136349,14547.297258967368,8814.709890768367,0.0,0.0,0.0
2004-09-27,14584.219120012403,14581.538527109833,8758.558205438387,0.0,0.0,0.0
2004-09-28,14629.290787553533,14626.601910436968,8800.477564600757,0.0,0.0,0.0
2004-09-29,14580.018278780746,14577.33845799666,8844.757714808338,0.0,0.0,0.0
2004-09-30,14599.802846923452,14597.119389717525,8838.43133544634,0.0,0.0,0.0
2004-10-01,14588.100062666645,14585.418756443241,8987.902748023858,0.0,0.0,0.0
2004-10-04,14604.910551124984,14602.226155118324,9002.925308445918,0.0,0.0,0.0
2004-10-05,14638.941690592203,14636.251039630775,9007.674823560163,0.0,0.0,0.0
2004-10-06,14625.410809244402,14622.722645271424,9069.35724760599,0.0,0.0,0.0
2004-10-07,14565.084269219646,14562.40719332027,8972.08544802093,0.0,0.0,0.0
2004-10-08,14717.79830991157,14715.093165030901,8897.74395779411,0.0,0.0,0.0
2004-10-11,14738.764915266798,14736.055916704763,8934.126270783641,0.0,0.0,0.0
2004-10-12,14701.420345610299,14698.71821101455,8899.324426303003,0.0,0.0,0.0
2004-10-13,14642.883060764798,14640.191685375903,8821.034467999798,0.0,0.0,0.0
2004-10-14,14676.349327530075,14673.651801010536,8749.859321182474,0.0,0.0,0.0
2004-10-15,14728.128237153254,14725.421193622451,8798.892590765437,0.0,0.0,0.0
2004-10-18,14737.026238539613,14734.317559547964,8832.110362476044,0.0,0.0,0.0
2004-10-19,14731.225135499282,14728.51752275571,8757.76616905337,0.0,0.0,0.0
2004-10-20,14823.52901163974,14820.804433358746,8740.370202672115,0.0,0.0,0.0
2004-10-21,14910.176528609076,14907.436024434683,8797.313023321827,0.0,0.0,0.0
2004-10-22,14863.434330568367,14860.70241765301,8698.458052032021,0.0,0.0,0.0
2004-10-25,14884.788387774954,14882.052549964223,8688.173292875508,0.0,0.0,0.0
2004-10-26,14923.230151935022,14920.487248492644,8821.034467999798,0.0,0.0,0.0
2004-10-27,14824.56395730026,14821.839188795302,8927.007855036623,0.0,0.0,0.0
2004-10-28,14864.675918046372,14861.943776926097,8953.894742058805,0.0,0.0,0.0
2004-10-29,14953.447821253829,14950.699363776006,8952.310669288774,0.0,0.0,0.0
2004-11-01,14898.276616755164,14895.538299795528,8976.827754612897,0.0,0.0,0.0
2004-11-02,14953.730316982263,14950.981807581466,8979.994098022395,0.0,0.0,0.0
2004-11-03,15068.37955527959,15065.60997324323,9093.084999740951,0.0,0.0,0.0
2004-11-04,15122.432701851216,15119.653184796749,9217.240082087055,0.0,0.0,0.0
2004-11-05,15027.389923094412,15024.62787499019,9274.976741252354,0.0,0.0,0.0
2004-11-08,14958.31249573764,14955.563144128173,9261.531946143337,0.0,0.0,0.0
2004-11-09,14933.460897988594,14930.716114125673,9243.343943377065,0.0,0.0,0.0
2004-11-10,14918.130985540582,14915.389019329683,9250.459655928229,0.0,0.0,0.0
2004-11-11,14959.892613008575,14957.142970972094,9320.843667425823,0.0,0.0,0.0
2004-11-12,15132.164409450721,15129.383103699436,9394.39582446348,0.0,0.0,0.0
2004-11-15,15182.26107517504,15179.470561610467,9417.473007463082,0.0,0.0,0.0
2004-11-16,15121.604466315419,15118.825101491408,9350.053500751272,0.0,0.0,0.0
2004-11-17,15327.633174977189,15324.815941886825,9405.579846773859,0.0,0.0,0.0
2004-11-18,15347.67959654336,15344.858678902256,9418.270450239806,0.0,0.0,0.0
2004-11-19,15225.69827379974,15222.89977643807,9313.573872711022,0.0,0.0,0.0
2004-11-22,15322.023765964383,15319.20756388856,9357.986479515417,0.0,0.0,0.0
2004-11-23,15309.318863852182,15306.504996949066,9372.261155751397,0.0,0.0,0.0
2004-11-24,15379.730783182633,15376.903974503912,9394.47421714323,0.0,0.0,0.0
2004-11-26,15362.37290985207,15359.549291566453,9387.334175829386,0.0,0.0,0.0
2004-11-29,15228.216687196098,15225.417726947726,9344.501136468602,0.0,0.0,0.0
2004-11-30,15172.19347443663,15169.404811306344,9350.849141397428,0.0,0.0,0.0
2004-12-01,15198.456393470766,15195.66290319178,9457.133395957382,0.0,0.0,0.0
2004-12-02,15102.358788321353,15099.582960870677,9465.068176852094,0.0,0.0,0.0
2004-12-03,15307.197537397951,15304.384060396591,9458.721974053835,0.0,0.0,0.0
2004-12-06,15334.070034783652,15331.251618592529,9455.552026383202,0.0,0.0,0.0
2004-12-07,15266.821166674381,15264.01511088714,9367.503531049593,0.0,0.0,0.0
2004-12-08,15384.08132811288,15381.253719799995,9422.236038556593,0.0,0.0,0.0
2004-12-09,15300.224770871815,15297.412575471362,9455.552026383202,0.0,0.0,0.0
2004-12-10,15246.696585809837,15243.894228939083,9465.068176852094,0.0,0.0,0.0
2004-12-13,15384.942049044723,15382.11428253054,9547.557099380754,0.0,0.0,0.0
2004-12-14,15443.016960549872,15440.178519813484,9580.871285076792,0.0,0.0,0.0
2004-12-15,15633.613037980804,15630.739565509894,9588.009524260066,0.0,0.0,0.0
2004-12-16,15450.02614649447,15447.18641746325,9582.458962107961,0.0,0.0,0.0
2004-12-17,15460.973524633859,15458.131783464454,9518.541896156741,0.0,0.0,0.0
2004-12-20,15531.36217444668,15528.507495778633,9520.938729813332,0.0,0.0,0.0
2004-12-21,15659.557898617124,15656.679657456938,9594.254807746467,0.0,0.0,0.0
2004-12-22,15592.862497015618,15589.996514531656,9617.363528031025,0.0,0.0,0.0
2004-12-23,15611.502662964034,15608.633254400409,9624.535106629823,0.0,0.0,0.0
2004-12-27,15520.73384644417,15517.881121272592,9604.608948929881,0.0,0.0,0.0
2004-12-28,15547.533700690215,15544.676049680755,9657.211338104482,0.0,0.0,0.0
2004-12-29,15501.687990842003,15498.838766316225,9671.55449530208,0.0,0.0,0.0
2004-12-30,15559.655325207268,15556.79544623206,9653.226827416722,0.0,0.0,0.0
2004-12-31,15665.482432947314,15662.603102852265,9632.50773226648,0.0,0.0,0.0
2005-01-03,15586.156779770547,15582.987217702976,9587.079624886532,0.019560186642668318,0.039120373285336636,0.3048121006101638
2005-01-04,15361.358101410227,15358.234253842635,9469.933929388028,0.0,0.0,0.0
2005-01-05,15313.358929394686,15310.244842819302,9404.585070699843,0.0,0.0,0.0
2005-01-06,15321.373697316234,15318.257980877584,9452.396495757117,0.0,0.0,0.0
2005-01-07,15286.95436292905,15283.845645920615,9438.851682401528,0.0,0.0,0.0
2005-01-10,15340.591643253012,15337.472018700688,9483.48144593947,0.0,0.0,0.0
2005-01-11,15362.631888856447,15359.50778225461,9418.128081924864,0.0,0.0,0.0
2005-01-12,15456.687726862092,15453.544493299029,9449.212131041932,0.0,0.0,0.0
2005-01-13,15501.69941212723,15498.54702509983,9373.50462584391,0.0,0.0,0.0
2005-01-14,15515.493960109554,15512.338767857193,9422.9127385852,0.0,0.0,0.0
2005-01-18,15576.0824060317,15572.914892663708,9520.938729813332,0.0,0.0,0.0
2005-01-19,15520.510814162611,15517.354601695293,9421.317853031755,0.0,0.0,0.0
2005-01-20,15478.313965886558,15475.166334465328,9363.938015719092,0.0,0.0,0.0
2005-01-21,15546.306058924698,15543.144600800579,9306.561782667568,0.0,0.0,0.0
2005-01-24,15610.314900538946,15607.140425736037,9288.22600519465,0.0,0.0,0.0
2005-01-25,15506.841423542795,15503.687990848746,9314.528100847236,0.0,0.0,0.0
2005-01-26,15584.253395301761,15581.08422030172,9342.4232799227,0.0,0.0,0.0
2005-01-27,15570.183614838192,15567.017301033702,9358.362223739026,0.0,0.0,0.0
2005-01-28,15654.228422688973,15651.045017741446,9358.362223739026,0.0,0.0,0.0
2005-01-31,15723.018756497804,15719.821362519131,9416.539503828411,0.0,0.0,0.0
2005-02-01,15727.664522584811,15724.466183854704,9476.304460948968,0.0,0.0,0.0
2005-02-02,15727.107616823017,15723.909391343877,9504.995280670582,0.0,0.0,0.0
2005-02-03,15687.990840936742,15684.800570147834,9480.290773767298,0.0,0.0,0.0
2005-02-04,15896.669255732915,15893.436548620723,9581.501129710612,0.0,0.0,0.0
2005-02-07,15942.614503801,15939.372453377462,9568.751957001177,0.0,0.0,0.0
2005-02-08,16021.989670177174,16018.73147821727,9579.908046287737,0.0,0.0,0.0
2005-02-09,16071.313773198719,16068.045550811934,9508.186853908048,0.0,0.0,0.0
2005-02-10,16005.784090618452,16002.52919418489,9542.449861348594,0.0,0.0,0.0
2005-02-11,16049.750698952295,16046.486861578644,9624.53510662983,0.0,0.0,0.0
2005-02-14,16169.508335322313,16166.220144333662,9617.363528031032,0.0,0.0,0.0
2005-02-15,16124.73282162365,16121.453736072071,9653.226827416729,0.0,0.0,0.0
2005-02-16,16026.83249391752,16023.573317133028,9659.598260042952,0.0,0.0,0.0
2005-02-17,15968.47761804092,15965.230308158812,9581.501129710618,0.0,0.0,0.0
2005-02-18,15945.9830810194,15942.74034557038,9594.254807746474,0.0,0.0,0.0
2005-02-22,15902.948866774947,15899.714882656674,9451.599954045685,0.0,0.0,0.0
2005-02-23,15963.207716607065,15959.961478399,9519.338437868184,0.0,0.0,0.0
2005-02-24,15996.17141483343,15992.918473209702,9582.299473552623,0.0,0.0,0.0
2005-02-25,16111.195863636493,16107.919530927013,9677.133891543292,0.0,0.0,0.0
2005-02-28,15997.804224862472,15994.550951194558,9613.379918408555,0.0,0.0,0.0
2005-03-01,16017.865912258892,16014.60855889614,9661.194947726966,0.0,0.0,0.0
2005-03-02,15976.087360764093,15972.838503383637,9656.4120931972,0.0,0.0,0.0
2005-03-03,15989.37687129356,15986.125311391303,9660.39660388496,0.0,0.0,0.0
2005-03-04,16189.44932165239,16186.157075514368,9780.732971555639,0.0,0.0,0.0
2005-03-07,16254.691825498861,16251.386311807568,9785.517628215975,0.0,0.0,0.0
2005-03-08,16187.657128510036,16184.365246827956,9748.858688184122,0.0,0.0,0.0
2005-03-09,15959.653410761493,15956.407895348226,9640.480357903147,0.0,0.0,0.0
2005-03-10,16001.41286551085,15998.158857998751,9661.994192634258,0.0,0.0,0.0
2005-03-11,15895.66457473281,15892.432071930045,9594.254807746474,0.0,0.0,0.0
2005-03-14,15903.122555596861,15899.888536157665,9654.020665932316,0.0,0.0,0.0
2005-03-15,15802.938914082693,15799.725267739592,9574.32955111182,0.0,0.0,0.0
2005-03-16,15821.276044057942,15818.058668721713,9493.044451803162,0.0,0.0,0.0
2005-03-17,15916.481696818491,15913.244960697568,9512.167760334672,0.0,0.0,0.0
2005-03-18,15832.321180350546,15829.101558902876,9483.925671124705,0.0,0.0,0.0
2005-03-21,15705.24820310183,15702.054422898682,9448.721951527212,0.0,0.0,0.0
2005-03-22,15506.435361539372,15503.28201142108,9352.715247601494,0.0,0.0,0.0
2005-03-23,15408.808139161445,15405.674642272217,9360.718509457825,0.0,0.0,0.0
2005-03-24,15439.012547821323,15435.872908638692,9371.916047747469,0.0,0.0,0.0
2005-03-28,15407.109618257315,15403.976466775073,9385.518529281262,0.0,0.0,0.0
2005-03-29,15376.523192761842,15373.396261258997,9323.112549812035,0.0,0.0,0.0
2005-03-30,15553.637942869344,15550.47499375154,9455.12492143839,0.0,0.0,0.0
2005-03-31,15687.49878145336,15684.308610728442,9437.523512172285,0.0,0.0,0.0
2005-04-01,15742.88497100465,15739.683537082015,9395.12118201746,0.0,0.0,0.0
2005-04-04,15721.479824648854,15718.282743623527,9411.121398273126,0.0,0.0,0.0
2005-04-05,15691.21223405939,15688.021308175987,9455.924166345681,0.0,0.0,0.0
2005-04-06,15762.874978006732,15759.669478966003,9488.724744829595,0.0,0.0,0.0
2005-04-07,15706.596408479129,15703.402354108288,9539.931383878611,0.0,0.0,0.0
2005-04-08,15689.06560288617,15685.875113536344,9440.723194997307,0.0,0.0,0.0
2005-04-11,15747.285338321602,15744.083009551214,9447.921805554637,0.0,0.0,0.0
2005-04-12,15874.81496977892,15871.586706899947,9496.726204555356,0.0,0.0,0.0
2005-04-13,15759.94058819017,15756.735685879652,9384.72108650454,0.0,0.0,0.0
2005-04-14,15629.082826940217,15625.90453553848,9262.30686228796,0.0,0.0,0.0
2005-04-15,15632.014435642475,15628.835548076086,9132.698532840472,0.0,0.0,0.0
2005-04-18,15709.780246532202,15706.585544703974,9160.70274081535,0.0,0.0,0.0
2005-04-19,15928.399920479538,15925.1607606983,9233.507914732212,0.0,0.0,0.0
2005-04-20,15826.546798658175,15823.3283514744,9104.699731257298,0.0,0.0,0.0
2005-04-21,15865.173282132006,15861.946979962646,9281.510365629785,0.0,0.0,0.0
2005-04-22,15903.985408804132,15900.751213897249,9246.307547097576,0.0,0.0,0.0
2005-04-25,15983.160418894906,15979.91012315494,9307.108729295229,0.0,0.0,0.0
2005-04-26,15877.54188854506,15874.313071126671,9216.705750373398,0.0,0.0,0.0
2005-04-27,15843.339693925143,15840.117831779964,9252.706912747615,0.0,0.0,0.0
2005-04-28,15854.103951441122,15850.879900303313,9136.700163768634,0.0,0.0,0.0
2005-04-29,15917.567870206796,15914.33091320435,9260.70747140809,0.0,0.0,0.0
2005-05-02,15937.55391114731,15934.3128898333,9312.713355364398,0.0,0.0,0.0
2005-05-03,15914.731996661358,15911.495616355103,9328.711769489497,0.0,0.0,0.0
2005-05-04,15964.021187630253,15960.774783996743,9400.719500629637,0.0,0.0,0.0
2005-05-05,15998.136640788864,15994.88329952167,9397.520718869902,0.0,0.0,0.0
2005-05-06,15895.84312425659,15892.610585144432,9367.917120015156,0.0,0.0,0.0
2005-05-09,15925.847545784403,15922.60890504773,9426.320567490933,0.0,0.0,0.0
2005-05-10,15897.992379682544,15894.759403503154,9328.711769489497,0.0,0.0,0.0
2005-05-11,15969.051823736654,15965.804397085501,9379.92201279965,0.0,0.0,0.0
2005-05-12,15845.569579765322,15842.347264156104,9276.710390859611,0.0,0.0,0.0
2005-05-13,15847.013500830748,15843.790891589339,9258.307934555647,0.0,0.0,0.0
2005-05-16,15887.259730249718,15884.028936635215,9344.717392136872,0.0,0.0,0.0
2005-05-17,15940.476315047687,15937.23469944089,9407.120668410247,0.0,0.0,0.0
2005-05-18,16066.896682347586,16063.629358209406,9503.931122569678,0.0,0.0,0.0
2005-05-19,16017.745925015113,16014.488596052666,9543.933014806775,0.0,0.0,0.0
2005-05-20,16017.23348974013,16013.976264985247,9530.330533272981,0.0,0.0,0.0
2005-05-23,16151.636112544635,16148.351556006743,9583.134761071296,0.0,0.0,0.0
2005-05-24,16184.607309623825,16181.316048145321,9560.729772773882,0.0,0.0,0.0
2005-05-25,16123.540053251541,16120.261210258372,9553.530261151267,0.0,0.0,0.0
2005-05-26,16097.042273587835,16093.768819117215,9604.735999134999,0.0,0.0,0.0
2005-05-27,16145.598268497924,16142.314939800977,9620.734413260097,0.0,0.0,0.0
2005-05-31,16218.632319907481,16215.334139187533,9559.131282959299,0.0,0.0,0.0
2005-06-01,16453.74733808217,16450.40134495704,9640.739864705067,0.0,0.0,0.0
2005-06-02,16542.38365252505,16539.019634539527,9661.540956796192,0.0,0.0,0.0
2005-06-03,16419.172752864735,16415.83379074125,9612.735656730189,0.0,0.0,0.0
2005-06-06,16495.73136153,16492.376830638317,9603.934051031853,0.0,0.0,0.0
2005-06-07,16544.19375116134,16540.82936507866,9611.137166915607,0.0,0.0,0.0
2005-06-08,16439.932774168916,16436.589590339143,9593.533955518935,0.0,0.0,0.0
2005-06-09,16451.13000642148,16447.78454555041,9639.140473825202,0.0,0.0,0.0
2005-06-10,16311.314231266502,16307.997202983635,9616.737287658358,0.0,0.0,0.0
2005-06-13,16265.723131466853,16262.41537447662,9647.144636746818,0.0,0.0,0.0
2005-06-14,16219.1070809812,16215.808803715025,9669.539713326101,0.0,0.0,0.0
2005-06-15,16252.758959280945,16249.453838652516,9687.9403674995,0.0,0.0,0.0
2005-06-16,16405.42514708197,16402.08898063739,9712.745793714643,0.0,0.0,0.0
2005-06-17,16512.58878939595,16509.23083041967,9748.731637979023,0.0,0.0,0.0
2005-06-20,16468.330943421235,16464.981984610407,9751.943935718025,0.0,0.0,0.0
2005-06-21,16523.994592760086,16520.63431432801,9757.564780962315,0.0,0.0,0.0
2005-06-22,16643.584765325555,16640.200167333503,9765.600481168885,0.0,0.0,0.0
2005-06-23,16547.118003811367,16543.753023059948,9628.24208920999,0.0,0.0,0.0
2005-06-24,16590.25238444844,16586.87863199668,9557.552616580975,0.0,0.0,0.0
2005-06-27,16624.16712431109,16620.78647504221,9571.202854574844,0.0,0.0,0.0
2005-06-28,16585.793706234454,16582.420860488408,9651.53012148615,0.0,0.0,0.0
2005-06-29,16529.524853813673,16526.16345076147,9625.831739574134,0.0,0.0,0.0
2005-06-30,16561.361728214433,16557.99385089465,9573.612303145417,0.0,0.0,0.0
2005-07-01,16448.96499852222,16445.61997792177,9601.725540019712,0.0,0.0,0.0
2005-07-05,16383.451479401423,16380.119781467241,9678.848618779577,0.0,0.0,0.0
2005-07-06,16405.951821060527,16402.61554751284,9597.713096308134,0.0,0.0,0.0
2005-07-07,16440.545881277376,16437.202572767666,9635.46863279114,0.0,0.0,0.0
2005-07-08,16410.261659300304,16406.92450931463,9745.522043435874,0.0,0.0,0.0
2005-07-11,16483.079217468112,16479.72725948497,9795.325723837028,0.0,0.0,0.0
2005-07-12,16503.305650710514,16499.94957953023,9821.028611075466,0.0,0.0,0.0
2005-07-13,16450.5711528389,16447.225805614904,9834.681552265187,0.0,0.0,0.0
2005-07-14,16376.426979511687,16373.096710062322,9873.239937916625,0.0,0.0,0.0
2005-07-15,16362.557456348519,16359.23000737088,9867.617290541766,0.0,0.0,0.0
2005-07-18,16247.686721457034,16244.382632306262,9828.256956787185,0.0,0.0,0.0
2005-07-19,16345.922444093132,16342.598377970198,9882.076685161053,0.0,0.0,0.0
2005-07-20,16422.685757287654,16419.346080768326,9915.817074736631,0.0,0.0,0.0
2005-07-21,16297.99125627121,16294.676937315391,9857.980397324762,0.0,0.0,0.0
2005-07-22,16422.652278717705,16419.31260900649,9923.849170682062,0.0,0.0,0.0
2005-07-25,16323.714030431058,16320.394480555879,9895.736834873052,0.0,0.0,0.0
2005-07-26,16336.31016521669,16332.988053822875,9907.780473464778,0.0,0.0,0.0
2005-07-27,16387.473340689718,16384.140824879825,9943.93121267621,0.0,0.0,0.0
2005-07-28,16551.03477933801,16547.66900208086,10006.58768829451,0.0,0.0,0.0
2005-07-29,16473.359192237775,16470.009210894772,9939.916966834064,0.0,0.0,0.0
2005-08-01,16479.445937452154,16476.09471832379,9932.686818991777,0.0,0.0,0.0
2005-08-02,16493.765315678233,16490.411184596738,9992.1237883488,0.0,0.0,0.0
2005-08-03,16595.360855082206,16591.986063784567,10018.64033753908,0.0,0.0,0.0
2005-08-04,16534.232406075258,16530.87004570693,9938.307664236068,0.0,0.0,0.0
2005-08-05,16388.79704425751,16385.46425926255,9870.829588280769,0.0,0.0,0.0
2005-08-08,16370.775376105868,16367.446255952507,9852.352343558196,0.0,0.0,0.0
2005-08-09,16448.07683852947,16444.73199854302,9911.796521437494,0.0,0.0,0.0
2005-08-10,16515.9251765536,16512.566539097923,9906.978525361634,0.0,0.0,0.0
2005-08-11,16652.573649499343,16649.18722355016,9946.340661246786,0.0,0.0,0.0
2005-08-12,16730.639636012947,16727.23733475896,9885.289883965344,0.0,0.0,0.0
2005-08-15,16718.703823427742,16715.30394941091,9946.340661246786,0.0,0.0,0.0
2005-08-16,16719.95194784748,16716.55182001517,9817.012563102753,0.0,0.0,0.0
2005-08-17,16590.41535083444,16587.041565242238,9816.209713934324,0.0,0.0,0.0
2005-08-18,16602.68836603639,16599.31208463435,9815.406864765895,0.0,0.0,0.0
2005-08-19,16623.022386230787,16619.64196975299,9837.898355330613,0.0,0.0,0.0
2005-08-22,16685.243107384023,16681.850037855165,9837.898355330613,0.0,0.0,0.0
2005-08-23,16690.920215757804,16687.52599174631,9819.419308477472,0.0,0.0,0.0
2005-08-24,16653.54388565672,16650.15726240273,9731.862794789164,0.0,0.0,0.0
2005-08-25,16707.904429977818,16704.506752098772,9767.209783766883,0.0,0.0,0.0
2005-08-26,16665.34159284629,16661.952570439913,9700.530952718877,0.0,0.0,0.0
2005-08-29,16765.69279920367,16762.28336962562,9775.24097864703,0.0,0.0,0.0
2005-08-30,16818.37869328905,16814.958549638657,9723.827094582595,0.0,0.0,0.0
2005-08-31,17074.94209182386,17071.469774079018,9846.730597248621,0.0,0.0,0.0
2005-09-01,17190.507968680005,17187.012149745948,9839.50135047162,0.0,0.0,0.0
2005-09-02,17199.42818311879,17195.93055019212,9821.831460243899,0.0,0.0,0.0
2005-09-06,17155.313776405215,17151.825114474545,9936.70196589921,0.0,0.0,0.0
2005-09-07,17043.564148068755,17040.09821126449,9953.571710154358,0.0,0.0,0.0
2005-09-08,17051.622901036724,17048.155325424505,9920.632367616641,0.0,0.0,0.0
2005-09-09,17194.122969536013,17190.626415464372,10008.997136865088,0.0,0.0,0.0
2005-09-12,17077.25386165682,17073.781073796214,9988.916897001509,0.0,0.0,0.0
2005-09-13,17073.890082155343,17070.41797834457,9933.488767094927,0.0,0.0,0.0
2005-09-14,17055.050185083106,17051.58191250693,9897.339830014062,0.0,0.0,0.0
2005-09-15,16993.64240877893,16990.186623935373,9892.519130742348,0.0,0.0,0.0
2005-09-16,17003.041893974787,16999.584197675304,9962.865297497994,0.0,0.0,0.0
2005-09-19,17099.09182238557,17095.614593611597,9929.790795167615,0.0,0.0,0.0
2005-09-20,17071.83633608638,17068.364649920295,9845.895309729956,0.0,0.0,0.0
2005-09-21,17190.237447670457,17186.74168374888,9753.925378278498,0.0,0.0,0.0
2005-09-22,17181.898920717696,17178.404852498217,9788.612787468011,0.0,0.0,0.0
2005-09-23,17067.89875254129,17064.427867112398,9796.681827090104,0.0,0.0,0.0
2005-09-26,17075.801852326502,17072.3293597429,9807.978482561033,0.0,0.0,0.0
2005-09-27,17040.127384316198,17036.66214640366,9805.558221207048,0.0,0.0,0.0
2005-09-28,17246.278320516936,17242.771160262877,9815.238365557707,0.0,0.0,0.0
2005-09-29,17305.123462976037,17301.604336120203,9895.100682782246,0.0,0.0,0.0
2005-09-30,17238.5848404656,17235.0792447385,9925.755824823924,0.0,0.0,0.0
2005-10-03,17133.5605522897,17130.07631404056,9890.261061139558,0.0,0.0,0.0
2005-10-04,17049.55646297573,17046.089307589213,9778.93444524792,0.0,0.0,0.0
2005-10-05,16969.189426964374,16965.738614818365,9650.664197747812,0.0,0.0,0.0
2005-10-06,16806.807947050725,16803.3901563985,9615.977689623584,0.0,0.0,0.0
2005-10-07,16911.424219248096,16907.98515409102,9649.053994084532,0.0,0.0,0.0
2005-10-10,16879.88812029232,16876.455468237873,9567.57696787029,0.0,0.0,0.0
2005-10-11,16886.70651383614,16883.272475210142,9553.861853175944,0.0,0.0,0.0
2005-10-12,16679.500731677035,16676.108829903416,9478.837355463524,0.0,0.0,0.0
2005-10-13,16600.43225825351,16597.05643564794,9473.19128039127,0.0,0.0,0.0
2005-10-14,16615.107756825713,16611.728949847264,9573.223042942545,0.0,0.0,0.0
2005-10-17,16693.403279361028,16690.008550399896,9608.715103431057,0.0,0.0,0.0
2005-10-18,16592.89908393354,16589.524793255554,9504.652875862515,0.0,0.0,0.0
2005-10-19,16648.31839249478,16644.932831884078,9662.770910909449,0.0,0.0,0.0
2005-10-20,16462.54650662284,16459.198724120684,9492.549766962016,0.0,0.0,0.0
2005-10-21,16615.938806094553,16612.55983011599,9529.662843897224,0.0,0.0,0.0
2005-10-24,16643.03035246089,16639.645867212857,9677.287072641657,0.0,0.0,0.0
2005-10-25,16569.789983885126,16566.420392616237,9657.929487136193,0.0,0.0,0.0
2005-10-26,16455.3910698267,16452.04474243637,9629.692804317932,0.0,0.0,0.0
2005-10-27,16429.094966223205,16425.75398634309,9527.243483608523,0.0,0.0,0.0
2005-10-28,16527.737629227868,16524.376589621203,9664.383817768583,0.0,0.0,0.0
2005-10-31,16556.01115884448,16552.64436960317,9691.007593727712,0.0,0.0,0.0
2005-11-01,16580.39681089723,16577.025062650384,9720.048026779687,0.0,0.0,0.0
2005-11-02,16647.84545147061,16644.459987036018,9821.691795124812,0.0,0.0,0.0
2005-11-03,16608.076308118987,16604.698931038452,9863.639988376284,0.0,0.0,0.0
2005-11-04,16522.919215821606,16519.559156075506,9850.733129242071,0.0,0.0,0.0
2005-11-07,16603.605891765586,16600.229423777797,9860.41327359273,0.0,0.0,0.0
2005-11-08,16657.786548539654,16654.399062508295,9860.41327359273,0.0,0.0,0.0
2005-11-09,16620.365522935175,16616.985646750487,9873.321033792226,0.0,0.0,0.0
2005-11-10,16680.73211073718,16677.339958553377,9949.956636233212,0.0,0.0,0.0
2005-11-11,16730.962919206715,16727.560552210667,9983.841196254296,0.0,0.0,0.0
2005-11-14,16623.940536686703,16620.559933496115,9978.191516920904,0.0,0.0,0.0
2005-11-15,16667.013495370364,16663.624132970057,9941.889398741687,0.0,0.0,0.0
2005-11-16,16837.178177391113,16833.7542107244,9962.059745133707,0.0,0.0,0.0
2005-11-17,16975.76672534796,16972.314575658915,10054.829822557742,0.0,0.0,0.0
2005-11-18,16903.676575776874,16900.2390861613,10094.36045765108,0.0,0.0,0.0
2005-11-21,17001.42357161412,16997.96620441265,10145.185946084783,0.0,0.0,0.0
2005-11-22,17052.60069867435,17049.132924219633,10188.742540868965,0.0,0.0,0.0
2005-11-23,17020.605940973895,17017.144672893508,10247.632563598338,0.0,0.0,0.0
2005-11-25,17064.893960787886,17061.42368640597,10255.698900024578,0.0,0.0,0.0
2005-11-28,17121.678714131842,17118.19689214376,10183.10007005785,0.0,0.0,0.0
2005-11-29,16986.53121551394,16983.07687678495,10171.804315652202,0.0,0.0,0.0
2005-11-30,16949.821022167092,16946.3741487317,10116.946560070666,0.0,0.0,0.0
2005-12-01,17093.919199634554,17090.443022752283,10220.20413634021,0.0,0.0,0.0
2005-12-02,17136.428256676572,17132.94343525821,10233.113698670275,0.0,0.0,0.0
2005-12-05,17135.216865659426,17131.73229058653,10211.33224754969,0.0,0.0,0.0
2005-12-06,17235.96593061847,17232.46086746636,10230.690734120439,0.0,0.0,0.0
2005-12-07,17162.54189961822,17159.051767794397,10170.995159026783,0.0,0.0,0.0
2005-12-08,17270.446680602636,17266.934605530994,10164.543531590247,0.0,0.0,0.0
2005-12-09,17209.410680047527,17205.911017105114,10191.16460435352,0.0,0.0,0.0
2005-12-12,17303.401964539564,17299.883187763367,10200.843847638895,0.0,0.0,0.0
2005-12-13,17377.194216964184,17373.660433979112,10270.221369213774,0.0,0.0,0.0
2005-12-14,17406.43822898975,17402.898499015148,10310.554853475542,0.0,0.0,0.0
2005-12-15,17331.188517927814,17327.66409054725,10280.707966993998,0.0,0.0,0.0
2005-12-16,17349.178680434452,17345.650594619194,10247.62355294549,0.0,0.0,0.0
2005-12-19,17349.382558950932,17345.854431675445,10194.907629545049,0.0,0.0,0.0
2005-12-20,17323.408298875464,17319.885453660885,10204.636431421068,0.0,0.0,0.0
2005-12-21,17373.48304201688,17369.950013727113,10220.85470547557,0.0,0.0,0.0
2005-12-22,17477.044186403167,17473.490098176717,10274.38338976257,0.0,0.0,0.0
2005-12-23,17560.74721037027,17557.1761005051,10280.060101054494,0.0,0.0,0.0
2005-12-27,17546.155333900373,17542.587191402905,10175.443718336026,0.0,0.0,0.0
2005-12-28,17570.774768238727,17567.201619194337,10198.155068830149,0.0,0.0,0.0
2005-12-29,17571.44561532268,17567.872329856495,10152.735071037758,0.0,0.0,0.0
2005-12-30,17560.893685021823,17557.32254536993,10097.587172434634,0.0,0.0,0.0
2006-01-03,17821.597496886534,17817.245620408765,10275.190744257421,0.040841948371037495,0.08168389674207499,0.7277207472760175
2006-01-04,17884.275102552052,17879.907920757356,10323.852774943201,0.0,0.0,0.0
2006-01-05,17827.880841770315,17823.5274309553,10330.342247121684,0.0,0.0,0.0
2006-01-06,17938.695115089326,17934.31464440891,10416.303875256544,0.0,0.0,0.0
2006-01-09,17972.081152428953,17967.692529173517,10443.06911846533,0.0,0.0,0.0
2006-01-10,17839.58955314015,17835.233283161382,10453.610681227905,0.0,0.0,0.0
2006-01-11,17876.538186617217,17872.17289410896,10486.858188092898,0.0,0.0,0.0
2006-01-12,17889.372458620375,17885.004032096418,10445.502895798581,0.0,0.0,0.0
2006-01-13,18029.67506607502,18025.272378895286,10435.768687530857,0.0,0.0,0.0
2006-01-17,17971.3531821137,17966.964736622176,10407.383328940665,0.0,0.0,0.0
2006-01-18,17871.037330218573,17866.67338097079,10366.024432385213,0.0,0.0,0.0
2006-01-19,18013.932037823753,18009.533194952277,10405.760510363401,0.0,0.0,0.0
2006-01-20,17908.6097189354,17904.23659484262,10215.996161461913,0.0,0.0,0.0
2006-01-23,18005.29978774501,18000.90305279265,10252.485701220294,0.0,0.0,0.0
2006-01-24,17997.79209464335,17993.39719300324,10263.027263982869,0.0,0.0,0.0
2006-01-25,17868.4395190531,17864.07620416783,10271.951414559888,0.0,0.0,0.0
2006-01-26,17919.838068427285,17915.462202470877,10328.719428544422,0.0,0.0,0.0
2006-01-27,18019.694097515978,18015.293847600486,10424.414363881724,0.0,0.0,0.0
2006-01-30,18034.13566089829,18029.731884480756,10416.303875256548,0.0,0.0,0.0
2006-01-31,18090.039644189932,18085.622216514148,10340.071048997703,0.0,0.0,0.0
2006-02-01,18048.941208699052,18044.533816897703,10412.25088360717,0.0,0.0,0.0
2006-02-02,17946.33142921799,17941.94909381721,10291.411721507777,0.0,0.0,0.0
2006-02-03,17976.70429557847,17972.314543392375,10240.322220945736,0.0,0.0,0.0
2006-02-06,18054.82832136828,18050.419491986082,10267.080255632243,0.0,0.0,0.0
2006-02-07,17806.848393240707,17802.50011836359,10176.257380287867,0.0,0.0,0.0
2006-02-08,17791.587802901577,17787.243254525645,10268.703975274791,0.0,0.0,0.0
2006-02-09,17942.583484655283,17938.202064469413,10251.677445660154,0.0,0.0,0.0
2006-02-10,17833.39239994592,17829.037643257147,10270.331299178477,0.0,0.0,0.0
2006-02-13,17696.434291980262,17692.112979250065,10251.677445660154,0.0,0.0,0.0
2006-02-14,17736.61904723143,17732.287921739437,10360.346820028002,0.0,0.0,0.0
2006-02-15,17702.180637564437,17697.857921627477,10396.839964047518,0.0,0.0,0.0
2006-02-16,17872.022057589675,17867.65786788018,10474.695608883623,0.0,0.0,0.0
2006-02-17,17974.405718066606,17970.016527172804,10446.312953489283,0.0,0.0,0.0
2006-02-21,17942.903531543885,17938.52203320539,10420.359570101773,0.0,0.0,0.0
2006-02-22,18034.16916511385,18029.765380514884,10483.617056264791,0.0,0.0,0.0
2006-02-23,17974.477352644582,17970.088144258243,10468.207938835712,0.0,0.0,0.0
2006-02-24,18061.563487712414,18057.153013662166,10494.973182044496,0.0,0.0,0.0
2006-02-27,18014.714886090045,18010.31585205394,10499.025272628589,0.0,0.0,0.0
2006-02-28,18015.18514187943,18010.78599301102,10399.274642446055,0.0,0.0,0.0
2006-03-01,18065.836407023646,18061.424889564292,10491.725742759401,0.0,0.0,0.0
2006-03-02,18040.321032945125,18035.915746114446,10490.917487199265,0.0,0.0,0.0
2006-03-03,17930.549617850855,17926.171136228815,10442.254555448202,0.0,0.0,0.0
2006-03-06,17707.14627186352,17702.82234336259,10394.40888991012,0.0,0.0,0.0
2006-03-07,17557.192978682426,17552.90566744936,10378.188813725052,0.0,0.0,0.0
2006-03-08,17497.47089712569,17493.198169496703,10400.084700136762,0.0,0.0,0.0
2006-03-09,17484.952318484204,17480.682647781392,10330.342247121684,0.0,0.0,0.0
2006-03-10,17538.57985657036,17534.29709049708,10428.471860857524,0.0,0.0,0.0
2006-03-13,17557.74052446488,17553.453079525978,10447.93396993598,0.0,0.0,0.0
2006-03-14,17817.592133684313,17813.24123528081,10557.41700625567,0.0,0.0,0.0
2006-03-15,17812.209301789248,17807.85971782568,10604.456218364185,0.0,0.0,0.0
2006-03-16,17925.480847166917,17921.103603293846,10626.35300584118,0.0,0.0,0.0
2006-03-17,17901.159178918042,17896.78787418124,10635.225795696988,0.0,0.0,0.0
2006-03-20,17906.379528981583,17902.00694948147,10618.12627979431,0.0,0.0,0.0
2006-03-21,17725.450513911605,17721.122115676662,10551.361847544284,0.0,0.0,0.0
2006-03-22,17799.347161490074,17795.0007183474,10615.682590742928,0.0,0.0,0.0
2006-03-23,17746.687236797465,17742.353652742626,10593.698399933342,0.0,0.0,0.0
2006-03-24,17875.08091946234,17870.715982805836,10601.842227974043,0.0,0.0,0.0
2006-03-27,17853.59114233893,17849.23145329592,10586.374541301475,0.0,0.0,0.0
2006-03-28,17683.817012489642,17679.4987807875,10521.234729759279,0.0,0.0,0.0
2006-03-29,17749.73611623855,17745.401787674324,10587.189104318602,0.0,0.0,0.0
2006-03-30,17782.001367686244,17777.659160232997,10568.46226451224,0.0,0.0,0.0
2006-03-31,17742.668914443246,17738.336311627187,10570.897843976061,0.0,0.0,0.0
2006-04-03,17834.903726312998,17830.54860057169,10562.758521261781,0.0,0.0,0.0
2006-04-04,17857.77846798555,17853.417756434654,10630.343823985926,0.0,0.0,0.0
2006-04-05,17955.097294050327,17950.712818102882,10666.975732059245,0.0,0.0,0.0
2006-04-06,17897.800938926033,17893.43045424173,10655.580860472312,0.0,0.0,0.0
2006-04-07,17690.277246989997,17685.95743775573,10547.291735654497,0.0,0.0,0.0
2006-04-10,17743.569316686073,17739.236493999746,10563.57218321362,0.0,0.0,0.0
2006-04-11,17741.82339088585,17737.490994539166,10474.012601398019,0.0,0.0,0.0
2006-04-12,17687.44188595195,17683.12276908777,10493.55039996037,0.0,0.0,0.0
2006-04-13,17629.88029700319,17625.5752361699,10479.714542517908,0.0,0.0,0.0
2006-04-17,17775.49350257399,17771.15288428384,10475.637222105852,0.0,0.0,0.0
2006-04-18,18028.989012242615,18024.586492591152,10641.738695572858,0.0,0.0,0.0
2006-04-19,18081.53252844658,18077.117178133212,10662.092859282904,0.0,0.0,0.0
2006-04-20,17952.56021775358,17948.176361337733,10676.746884003629,0.0,0.0,0.0
2006-04-21,18112.482205615914,18108.059297665128,10678.383218560159,0.0,0.0,0.0
2006-04-24,18039.05531637334,18034.650338619453,10658.837310410247,0.0,0.0,0.0
2006-04-25,17896.800492045382,17892.43025166136,10614.872533052216,0.0,0.0,0.0
2006-04-26,17942.678291978293,17938.29684864131,10617.314419973027,0.0,0.0,0.0
2006-04-27,17934.879595172246,17930.500056208046,10668.609363419919,0.0,0.0,0.0
2006-04-28,18089.990492105895,18085.573076432614,10704.433916998389,0.0,0.0,0.0
2006-05-01,18013.47408739854,18009.075356354504,10617.31441997303,0.0,0.0,0.0
2006-05-02,18181.941113594705,18177.501244392944,10697.10375090953,0.0,0.0,0.0
2006-05-03,18082.49247172143,18078.076886998406,10657.212689702417,0.0,0.0,0.0
2006-05-04,18137.080297740446,18132.651383153127,10695.475525940561,0.0,0.0,0.0
2006-05-05,18319.4805927308,18315.007137604767,10789.926090120063,0.0,0.0,0.0
2006-05-08,18327.903168561937,18323.427656717387,10776.898488237739,0.0,0.0,0.0
2006-05-09,18425.301214224153,18420.80191863833,10798.071720291333,0.0,0.0,0.0
2006-05-10,18453.288127578064,18448.78199783554,10792.367977040876,0.0,0.0,0.0
2006-05-11,18337.281661514495,18332.803859524913,10662.092859282906,0.0,0.0,0.0
2006-05-12,18129.069549960255,18124.642591526695,10522.865657924098,0.0,0.0,0.0
2006-05-15,17926.592565444786,17922.21505009995,10544.03798891241,0.0,0.0,0.0
2006-05-16,18031.39427109569,18026.99116410129,10528.564895848136,0.0,0.0,0.0
2006-05-17,17752.494480686215,17748.159478553785,10328.266192706345,0.0,0.0,0.0
2006-05-18,17793.384451504127,17789.039464402496,10276.161191568752,0.0,0.0,0.0
2006-05-19,17814.549125278856,17810.198969951085,10348.624861742814,0.0,0.0,0.0
2006-05-22,17650.96520010822,17646.654990528088,10269.641984235883,0.0,0.0,0.0
2006-05-23,17631.089545224313,17626.784189103302,10191.48268039892,0.0,0.0,0.0
2006-05-24,17564.58456831505,17560.295452121172,10272.898434173821,0.0,0.0,0.0
2006-05-25,17707.5827409942,17703.258705911354,10399.916200928565,0.0,0.0,0.0
2006-05-26,17775.823530081056,17771.482831201105,10452.84297360556,0.0,0.0,0.0
2006-05-30,17568.1401320665,17563.850147635396,10267.206404772058,0.0,0.0,0.0
2006-05-31,17587.55167692946,17583.256952370793,10382.012934792176,0.0,0.0,0.0
2006-06-01,17625.57618161864,17621.272171812252,10481.337361095173,0.0,0.0,0.0
2006-06-02,17862.755534831118,17858.393607924518,10503.324255100611,0.0,0.0,0.0
2006-06-05,17659.244398786217,17654.932167498995,10350.252185646501,0.0,0.0,0.0
2006-06-06,17574.13317495676,17569.841727077594,10325.010643833692,0.0,0.0,0.0
2006-06-07,17420.082742015577,17415.828911889566,10247.661397687436,0.0,0.0,0.0
2006-06-08,17328.152203156365,17323.920821654825,10238.705709825459,0.0,0.0,0.0
2006-06-09,17322.065592728402,17317.835697523293,10206.135804054362,0.0,0.0,0.0
2006-06-12,17179.85957831646,17175.664408562265,10095.405693381019,0.0,0.0,0.0
2006-06-13,16940.008145861502,16935.871545705646,9978.158177505375,0.0,0.0,0.0
2006-06-14,16934.57197014249,16930.43669745266,10055.510126847483,0.0,0.0,0.0
2006-06-15,17182.857297659597,17178.661395888856,10268.829223349323,0.0,0.0,0.0
2006-06-16,17104.796653799916,17100.619813747962,10194.000256803623,0.0,0.0,0.0
2006-06-19,16920.302261933248,16916.170473779945,10113.85860934091,0.0,0.0,0.0
2006-06-20,16979.52628694185,16975.380036805476,10148.203613722342,0.0,0.0,0.0
2006-06-21,17130.334032326457,17126.150956272544,10223.444367103028,0.0,0.0,0.0
2006-06-22,17005.73279772915,17001.580148194633,10178.458682777733,0.0,0.0,0.0
2006-06-23,16954.000160998487,16949.86014411629,10176.828655678193,0.0,0.0,0.0
2006-06-26,16981.590148348172,16977.443394235095,10221.807131481213,0.0,0.0,0.0
2006-06-27,16912.398971786635,16908.26911354688,10133.482009105284,0.0,0.0,0.0
2006-06-28,16956.441775763215,16952.301162660286,10202.177424259851,0.0,0.0,0.0
2006-06-29,17354.58271989204,17350.344884292088,10408.26817504997,0.0,0.0,0.0
2006-06-30,17543.944444978566,17539.660368920242,10409.08544126295,0.0,0.0,0.0
2006-07-03,17646.4167633525,17642.10766446039,10451.610316296457,0.0,0.0,0.0
2006-07-05,17425.955821290645,17421.700557010627,10391.910235876381,0.0,0.0,0.0
2006-07-06,17587.426234290113,17583.131540363433,10422.172513454047,0.0,0.0,0.0
2006-07-07,17576.44610041408,17572.15408773897,10354.28985918604,0.0,0.0,0.0
2006-07-10,17599.95684476961,17595.659090978683,10373.917764276832,0.0,0.0,0.0
2006-07-11,17737.014524629805,17732.68330256572,10419.713506292832,0.0,0.0,0.0
2006-07-12,17653.166537699988,17648.85579057268,10308.498622496463,0.0,0.0,0.0
2006-07-13,17557.122378635864,17552.8350846427,10140.843712479094,0.0,0.0,0.0
2006-07-14,17565.28997014446,17561.000681697686,10101.588803362793,0.0,0.0,0.0
2006-07-17,17427.285714758596,17423.030125730354,10086.865396615165,0.0,0.0,0.0
2006-07-18,17339.50244983849,17335.2682967071,10138.39101277487,0.0,0.0,0.0
2006-07-19,17687.381063340497,17683.06196132866,10279.05631432763,0.0,0.0,0.0
2006-07-20,17600.28060037472,17595.98276752554,10208.722762485964,0.0,0.0,0.0
2006-07-21,17480.575491992717,17476.30689007222,10136.753777153055,0.0,0.0,0.0
2006-07-24,17639.50940874247,17635.20199656526,10321.580288295856,0.0,0.0,0.0
2006-07-25,17650.9131511034,17646.60295423317,10358.37979451208,0.0,0.0,0.0
2006-07-26,17714.217759834806,17709.892104539056,10372.284132916158,0.0,0.0,0.0
2006-07-27,17800.3091011883,17795.962423148463,10362.470630903405,0.0,0.0,0.0
2006-07-28,17982.021452419773,17977.630401831,10466.33192091352,0.0,0.0,0.0
2006-07-31,17971.55370143814,17967.165206981575,10455.702954818353,0.0,0.0,0.0
2006-08-01,17948.922739952304,17944.53977177636,10404.177338658648,0.0,0.0,0.0
2006-08-02,18090.028485764873,18085.61106081387,10474.512692630884,0.0,0.0,0.0
2006-08-03,18086.369333448085,18081.952802029715,10502.32136943904,0.0,0.0,0.0
2006-08-04,18173.256384073007,18168.81863560538,10484.324392513068,0.0,0.0,0.0
2006-08-07,18164.713030804676,18160.277368548355,10459.785681622117,0.0,0.0,0.0
2006-08-08,18118.837592748238,18114.413132868125,10419.713506292836,0.0,0.0,0.0
2006-08-09,18138.248330331648,18133.819130521108,10384.55213676371,0.0,0.0,0.0
2006-08-10,18082.030336025095,18077.614864151517,10416.446243571481,0.0,0.0,0.0
2006-08-11,17970.892623738127,17966.504290710884,10387.003034337366,0.0,0.0,0.0
2006-08-14,17912.626888996754,17908.25278394658,10395.184707120014,0.0,0.0,0.0
2006-08-15,18138.589909035578,18134.160625814537,10519.487564172765,0.0,0.0,0.0
2006-08-16,18267.10055273246,18262.639888348895,10606.996321400999,0.0,0.0,0.0
2006-08-17,18206.36589991318,18201.920066394647,10633.984127735037,0.0,0.0,0.0
2006-08-18,18257.561156644468,18253.10282169706,10687.95883933783,0.0,0.0,0.0
2006-08-21,18303.21302503098,18298.743542301097,10642.160394125978,0.0,0.0,0.0
2006-08-22,18307.304518484067,18302.834036647673,10641.342226847713,0.0,0.0,0.0
2006-08-23,18206.78033763986,18202.334402919292,10611.899918678882,0.0,0.0,0.0
2006-08-24,18198.859529163707,18194.41552863451,10602.904583944393,0.0,0.0,0.0
2006-08-25,18235.50113389139,18231.04818580642,10615.988051874354,0.0,0.0,0.0
2006-08-28,18217.069814858216,18212.621367538326,10666.695500755794,0.0,0.0,0.0
2006-08-29,18250.45537679513,18245.998777016302,10678.964405668627,0.0,0.0,0.0
2006-08-30,18319.87239239503,18315.398841594993,10685.505238568323,0.0,0.0,0.0
2006-08-31,18391.55943050325,18387.06837436257,10683.865299750654,0.0,0.0,0.0
2006-09-01,18444.366320822322,18439.862369706098,10747.662524019046,0.0,0.0,0.0
2006-09-05,18407.407091538993,18402.912165539656,10768.101387865829,0.0,0.0,0.0
2006-09-06,18240.257285907654,18235.80317641242,10673.239036851342,0.0,0.0,0.0
2006-09-07,18134.189032691396,18129.760824125435,10624.173328918137,0.0,0.0,0.0
2006-09-08,18143.977094976875,18139.54649625268,10654.428397973528,0.0,0.0,0.0
2006-09-11,17954.22190170593,17949.837639521556,10665.05826513398,0.0,0.0,0.0
2006-09-12,18063.901623844202,18059.490578841793,10769.740425618213,0.0,0.0,0.0
2006-09-13,18132.747692813726,18128.31983621022,10813.084368995269,0.0,0.0,0.0
2006-09-14,18064.77444974676,18060.36319160799,10813.903437338819,0.0,0.0,0.0
2006-09-15,18046.22176261226,18041.81503487558,10839.28374320543,0.0,0.0,0.0
2006-09-18,18109.29922939435,18104.877098698205,10854.071125588252,0.0,0.0,0.0
2006-09-19,18077.539133518363,18073.124758356713,10826.960774375531,0.0,0.0,0.0
2006-09-20,18144.392435660062,18139.961735513345,10884.456849109885,0.0,0.0,0.0
2006-09-21,18220.43234068677,18215.983072267816,10831.88870041609,0.0,0.0,0.0
2006-09-22,18243.823978218497,18239.368997768554,10799.032255884542,0.0,0.0,0.0
2006-09-25,18367.911302869805,18363.42602139273,10881.996039818097,0.0,0.0,0.0
2006-09-26,18401.266098165124,18396.772671742056,10972.350361214569,0.0,0.0,0.0
2006-09-27,18441.338560254182,18436.83534849031,10985.492398388016,0.0,0.0,0.0
2006-09-28,18444.771901469358,18440.26785131393,10981.387144952141,0.0,0.0,0.0
2006-09-29,18422.52585289049,18418.02723502336,10972.350361214567,0.0,0.0,0.0
2006-10-02,18407.46588691072,18402.970946554076,10931.278904484847,0.0,0.0,0.0
2006-10-03,18298.44338232225,18293.975064296934,10954.278595869986,0.0,0.0,0.0
2006-10-04,18461.659772915587,18457.151598891323,11082.421793164987,0.0,0.0,0.0
2006-10-05,18465.211270802796,18460.702229534163,11103.773436144898,0.0,0.0,0.0
2006-10-06,18317.295897013824,18312.82297537117,11089.807825301481,0.0,0.0,0.0
2006-10-09,18350.421431612962,18345.94042100775,11096.382898681984,0.0,0.0,0.0
2006-10-10,18273.175910681537,18268.713762749307,11111.167577868951,0.0,0.0,0.0
2006-10-11,18180.026564686978,18175.58716300114,11098.026441760789,0.0,0.0,0.0
2006-10-12,18322.142371215887,18317.6682661071,11194.125054345515,0.0,0.0,0.0
2006-10-13,18355.83969664215,18351.357362944545,11222.880750767612,0.0,0.0,0.0
2006-10-16,18427.700985043924,18423.201103455303,11240.129843507502,0.0,0.0,0.0
2006-10-17,18364.051725983718,18359.56738698118,11204.811688618885,0.0,0.0,0.0
2006-10-18,18395.569282237622,18391.077246926623,11219.591862479432,0.0,0.0,0.0
2006-10-19,18434.586729681392,18430.085166654833,11237.664528889296,0.0,0.0,0.0
2006-10-20,18398.57418908256,18394.081419999882,11240.129843507502,0.0,0.0,0.0
2006-10-23,18328.88322936828,18324.40747820155,11291.877121727177,0.0,0.0,0.0
2006-10-24,18377.23320044249,18372.74564264048,11325.54993140642,0.0,0.0,0.0
2006-10-25,18567.40821946176,18562.87422260219,11364.163282040206,0.0,0.0,0.0
2006-10-26,18679.317979866562,18674.756655633337,11399.476030537118,0.0,0.0,0.0
2006-10-27,18676.00065753645,18671.440143363994,11328.02155348162,0.0,0.0,0.0
2006-10-30,18658.70202289809,18654.14573289921,11319.806541283448,0.0,0.0,0.0
2006-10-31,18815.470451849083,18810.87588038646,11318.161196074074,0.0,0.0,0.0
2006-11-01,18881.217549249064,18876.60692292678,11241.772485521022,0.0,0.0,0.0
2006-11-02,18838.929705336082,18834.329405331253,11235.20371959751,0.0,0.0,0.0
2006-11-03,18727.778480961377,18723.20532310241,11215.485707978274,0.0,0.0,0.0
2006-11-06,18902.415803504202,18897.80000075573,11341.985362194471,0.0,0.0,0.0
2006-11-07,18959.527538193688,18954.897789264756,11385.51672715069,0.0,0.0,0.0
2006-11-08,18996.142560851476,18991.503870857865,11410.158159484065,0.0,0.0,0.0
2006-11-09,19048.14456868468,19043.49318026071,11350.195869066218,0.0,0.0,0.0
2006-11-10,19074.847239161994,19070.189330182086,11355.129201498487,0.0,0.0,0.0
2006-11-13,19015.858066056964,19011.214561711367,11383.052313597766,0.0,0.0,0.0
2006-11-14,19144.82955226543,19140.15455422364,11468.475104692538,0.0,0.0,0.0
2006-11-15,19107.886687982333,19103.220711061247,11501.337856681075,0.0,0.0,0.0
2006-11-16,18954.155244358433,18949.526807296137,11530.911720381433,0.0,0.0,0.0
2006-11-17,19036.25276943659,19031.60428488482,11534.191598016767,0.0,0.0,0.0
2006-11-20,19010.989798009443,19006.347482451845,11540.761265005565,0.0,0.0,0.0
2006-11-21,19113.49007974453,19108.82273452474,11552.265165491915,0.0,0.0,0.0
2006-11-22,19183.49480131659,19178.81036156298,11575.266659007624,0.0,0.0,0.0
2006-11-24,19248.092718330823,19243.392504337244,11528.443702567372,0.0,0.0,0.0
2006-11-27,19165.608779235314,19160.928707090097,11369.910276424316,0.0,0.0,0.0
2006-11-28,19263.319069851834,19258.615137717887,11419.194943221637,0.0,0.0,0.0
2006-11-29,19341.265585413366,19336.542619429747,11538.301356779066,0.0,0.0,0.0
2006-11-30,19509.828335335227,19505.064207819007,11543.226579623773,0.0,0.0,0.0
2006-12-01,19538.662463251923,19533.891294696707,11517.767881077416,0.0,0.0,0.0
2006-12-04,19601.540910940803,19596.754388024816,11605.655085725113,0.0,0.0,0.0
2006-12-05,19654.139244490718,19649.3398775269,11655.758820865982,0.0,0.0,0.0
2006-12-06,19531.078331737743,19526.30901516037,11645.899364523722,0.0,0.0,0.0
2006-12-07,19506.6184636539,19501.855119959953,11594.974758908735,0.0,0.0,0.0
2006-12-08,19374.98164454692,19370.250445399877,11616.33721467206,0.0,0.0,0.0
2006-12-11,19458.887164636566,19454.135476503667,11650.013628612442,0.0,0.0,0.0
2006-12-12,19466.71903132482,19461.96543071935,11640.975943809584,0.0,0.0,0.0
2006-12-13,19364.207855049997,19359.47928676706,11653.296209443632,0.0,0.0,0.0
2006-12-14,19421.703386686884,19416.960778503668,11755.974400735286,0.0,0.0,0.0
2006-12-15,19365.945164982655,19361.216172464003,11757.043064162623,0.0,0.0,0.0
2006-12-18,19291.709275337704,19286.99841056669,11724.835386635865,0.0,0.0,0.0
2006-12-19,19316.8448346556,19312.127832003327,11747.139455621422,0.0,0.0,0.0
2006-12-20,19331.57979664937,19326.859195849705,11740.527438564257,0.0,0.0,0.0
2006-12-21,19343.972604048067,19339.24897703445,11697.575458585927,0.0,0.0,0.0
2006-12-22,19253.81482613106,19249.11321484937,11625.717304283004,0.0,0.0,0.0
2006-12-26,19302.969984470106,19298.256369933522,11694.270351122628,0.0,0.0,0.0
2006-12-27,19310.25130621926,19305.535913648306,11771.088869816353,0.0,0.0,0.0
2006-12-28,19291.89619355168,19287.185283136896,11746.307772363889,0.0,0.0,0.0
2006-12-29,19288.774959996754,19284.064811759592,11697.575458585925,0.0,0.0,0.0
2007-01-03,19331.928290542273,19326.239009176552,11676.92664652787,0.05011564457447911,0.10023128914895822,0.9685954669314827
2007-01-04,19296.539855935145,19290.860989193283,11701.702337588626,0.0,0.0,0.0
2007-01-05,19103.013228438653,19097.391315530833,11608.369995427105,0.0,0.0,0.0
2007-01-08,19137.32936557696,19131.697353616593,11662.059069334731,0.0,0.0,0.0
2007-01-09,19075.366773220714,19069.75299651432,11652.145549075405,0.0,0.0,0.0
2007-01-10,18976.532580209296,18970.94788986842,11690.960738332906,0.0,0.0,0.0
2007-01-11,18939.209411968463,18933.635705633038,11742.176388034764,0.0,0.0,0.0
2007-01-12,19039.520525478274,19033.917298127653,11831.385455454722,0.0,0.0,0.0
2007-01-16,19037.441058348864,19031.838442974105,11808.25961492976,0.0,0.0,0.0
2007-01-17,19009.977220793902,19004.382687877183,11813.21727612471,0.0,0.0,0.0
2007-01-18,19003.2791943941,18997.68663267013,11773.567700413825,0.0,0.0,0.0
2007-01-19,19094.586596939065,19088.967163943067,11796.689936677649,0.0,0.0,0.0
2007-01-22,19113.601131880798,19107.97610301057,11760.35087482177,0.0,0.0,0.0
2007-01-23,19211.26559516383,19205.61182417317,11795.041888272424,0.0,0.0,0.0
2007-01-24,19261.623510954578,19255.95491990316,11890.02588310031,0.0,0.0,0.0
2007-01-25,19018.301523058413,19012.70454034481,11750.43825562773,0.0,0.0,0.0
2007-01-26,19027.974814281693,19022.374984771086,11739.698458502578,0.0,0.0,0.0
2007-01-29,18929.708350821904,18924.137440597104,11733.089144641266,0.0,0.0,0.0
2007-01-30,19087.1695478925,19081.552297693695,11794.21110608018,0.0,0.0,0.0
2007-01-31,19262.291475669346,19256.62268803954,11873.510257501946,0.0,0.0,0.0
2007-02-01,19305.026791885102,19299.345427484135,11944.540332808478,0.0,0.0,0.0
2007-02-02,19305.69843797116,19300.016875908404,11961.063166929116,0.0,0.0,0.0
2007-02-05,19324.26640152653,19318.579375013076,11964.36737332713,0.0,0.0,0.0
2007-02-06,19417.16393113358,19411.449565382354,11967.668876529291,0.0,0.0,0.0
2007-02-07,19421.482694335198,19415.767057595447,11994.106131974542,0.0,0.0,0.0
2007-02-08,19472.347128038662,19466.616522172684,11978.406871523874,0.0,0.0,0.0
2007-02-09,19358.253276405136,19352.55624773923,11889.205012626191,0.0,0.0,0.0
2007-02-12,19250.039395624568,19244.37421371529,11848.728258984198,0.0,0.0,0.0
2007-02-13,19348.885804595393,19343.191532725505,11948.669013941746,0.0,0.0,0.0
2007-02-14,19573.59826846032,19567.837864934336,12027.14188849769,0.0,0.0,0.0
2007-02-15,19607.74466186352,19601.974209239652,12042.83754468722,0.0,0.0,0.0
2007-02-16,19672.734344011016,19666.94476527712,12037.047299169457,0.0,0.0,0.0
2007-02-20,19658.32271216767,19652.537374698648,12062.656475618312,0.0,0.0,0.0
2007-02-21,19743.26927410511,19737.458937324864,12057.70422081507,0.0,0.0,0.0
2007-02-22,19715.676757232104,19709.874540779525,12048.616977421569,0.0,0.0,0.0
2007-02-23,19804.33804661001,19798.50973762212,12001.538118440538,0.0,0.0,0.0
2007-02-26,19900.05205428625,19894.19557718641,11990.80102451124,0.0,0.0,0.0
2007-02-27,19617.268187310518,19611.494931964902,11522.466936535731,0.0,0.0,0.0
2007-02-28,19686.74187917201,19680.94817809669,11640.579475084429,0.0,0.0,0.0
2007-03-01,19606.809929496634,19601.03975195942,11605.887560568493,0.0,0.0,0.0
2007-03-02,19528.63279504152,19522.885624609837,11453.908483304398,0.0,0.0,0.0
2007-03-05,19350.09869733781,19344.404068520184,11344.875979626924,0.0,0.0,0.0
2007-03-06,19562.42844796914,19556.671331660586,11538.981661068809,0.0,0.0,0.0
2007-03-07,19610.968399775444,19605.196998423045,11527.426399861244,0.0,0.0,0.0
2007-03-08,19707.048999130602,19701.249321780313,11624.891027417172,0.0,0.0,0.0
2007-03-09,19566.684699231504,19560.926330331353,11628.194332749901,0.0,0.0,0.0
2007-03-12,19632.629771333606,19626.85199515735,11645.53623521409,0.0,0.0,0.0
2007-03-13,19516.90582724906,19511.162108000226,11419.222876245447,0.0,0.0,0.0
2007-03-14,19522.877825695155,19517.13234891965,11504.29244974872,0.0,0.0,0.0
2007-03-15,19548.538027296716,19542.784998863426,11519.989908068821,0.0,0.0,0.0
2007-03-16,19545.007670282517,19539.2556808141,11487.725463429146,0.0,0.0,0.0
2007-03-19,19629.54670566259,19623.769836815794,11626.217395515856,0.0,0.0,0.0
2007-03-20,19707.476229044674,19701.676425962945,11690.069584766597,0.0,0.0,0.0
2007-03-21,19946.909057055396,19941.038790194452,11882.45873684164,0.0,0.0,0.0
2007-03-22,19829.254118019835,19823.418476367624,11873.339956163183,0.0,0.0,0.0
2007-03-23,19808.493470728157,19802.663938821544,11890.749438523702,0.0,0.0,0.0
2007-03-26,19875.972716255408,19870.123325573797,11874.991608829547,0.0,0.0,0.0
2007-03-27,19828.076076560777,19822.24078159976,11846.799979275504,0.0,0.0,0.0
2007-03-28,19745.3772491767,19739.566292030853,11760.55361451076,0.0,0.0,0.0
2007-03-29,19822.725058047,19816.89133786163,11772.995523958205,0.0,0.0,0.0
2007-03-30,19773.940402291715,19768.121039165242,11775.477057751532,0.0,0.0,0.0
2007-04-02,19804.976494948183,19799.147998068416,11788.747947260654,0.0,0.0,0.0
2007-04-03,19839.39078179426,19833.552156977024,11915.630554222733,0.0,0.0,0.0
2007-04-04,19937.18952665164,19931.322120195637,11928.897839470721,0.0,0.0,0.0
2007-04-05,19925.606174785094,19919.742177246557,11961.236171463719,0.0,0.0,0.0
2007-04-09,19825.82067937294,19819.98604816305,11977.819376958414,0.0,0.0,0.0
2007-04-10,19928.50249233099,19922.637642421945,11991.91834546393,0.0,0.0,0.0
2007-04-11,19861.191300212347,19855.3462596211,11942.991401584528,0.0,0.0,0.0
2007-04-12,19943.301356789096,19937.43215165472,11996.063245772322,0.0,0.0,0.0
2007-04-13,19954.803286657097,19948.930696567317,12050.792149018185,0.0,0.0,0.0
2007-04-16,20082.854550897202,20076.944276016715,12165.234648663392,0.0,0.0,0.0
2007-04-17,20118.331762299935,20112.41104666906,12197.580189178667,0.0,0.0,0.0
2007-04-18,20168.90983858605,20162.97423810238,12212.500028158302,0.0,0.0,0.0
2007-04-19,20095.638268068004,20089.72423100907,12209.181404715737,0.0,0.0,0.0
2007-04-20,20215.299843466702,20209.35059065687,12324.45288442262,0.0,0.0,0.0
2007-04-23,20217.321057131845,20211.371209489822,12278.015583924107,0.0,0.0,0.0
2007-04-24,20241.453839667476,20235.496889878796,12282.989464294174,0.0,0.0,0.0
2007-04-25,20322.73003567273,20316.749166741556,12395.765894228463,0.0,0.0,0.0
2007-04-26,20200.859327007543,20194.914323963174,12409.866664864549,0.0,0.0,0.0
2007-04-27,20189.089815027255,20183.148275686257,12399.918904124414,0.0,0.0,0.0
2007-04-30,20220.10424664512,20214.153579925558,12297.08843279969,0.0,0.0,0.0
2007-05-01,20221.260502512938,20215.309495513564,12328.597784731013,0.0,0.0,0.0
2007-05-02,20286.914514489767,20280.944185871704,12400.742477794389,0.0,0.0,0.0
2007-05-03,20302.08909410558,20296.11429969126,12467.917795814119,0.0,0.0,0.0
2007-05-04,20378.585746415745,20372.58843945265,12515.184076374313,0.0,0.0,0.0
2007-05-07,20407.9166903376,20401.910751437215,12517.666511232925,0.0,0.0,0.0
2007-05-08,20334.579370989723,20328.595014863604,12501.084206803514,0.0,0.0,0.0
2007-05-09,20320.164739377557,20314.18462539913,12535.087707442146,0.0,0.0,0.0
2007-05-10,20173.323198029517,20167.386298718164,12404.064705498096,0.0,0.0,0.0
2007-05-11,20285.145028759936,20279.175220891906,12510.205690677827,0.0,0.0,0.0
2007-05-14,20215.578849869275,20209.629514949374,12482.840337989612,0.0,0.0,0.0
2007-05-15,20189.558631513555,20183.616954202414,12486.164367823885,0.0,0.0,0.0
2007-05-16,20216.84718914538,20210.897480960128,12571.570038678252,0.0,0.0,0.0
2007-05-17,20137.969178522508,20132.042683706837,12546.686219783365,0.0,0.0,0.0
2007-05-18,20123.061966431193,20117.139858726965,12656.157542254357,0.0,0.0,0.0
2007-05-21,20179.221848871628,20173.283213619412,12649.519394303945,0.0,0.0,0.0
2007-05-22,20067.221343139958,20061.3156690275,12639.572534629093,0.0,0.0,0.0
2007-05-23,20062.593006315357,20056.688694297252,12641.228692621882,0.0,0.0,0.0
2007-05-24,19948.499493902687,19942.62875898483,12526.789797237814,0.0,0.0,0.0
2007-05-25,20029.637185931184,20023.7425726318,12579.038067755635,0.0,0.0,0.0
2007-05-29,19982.0282668644,19976.14766461099,12624.642783931335,0.0,0.0,0.0
2007-05-30,20052.26101959643,20046.359748225834,12727.476859517197,0.0,0.0,0.0
2007-05-31,20111.16963463456,20105.251026778908,12714.20506894279,0.0,0.0,0.0
2007-06-01,20152.779898234236,20146.849044704293,12777.226476001284,0.0,0.0,0.0
2007-06-04,20222.363637395025,20216.412305749054,12778.885337189924,0.0,0.0,0.0
2007-06-05,20097.87757570737,20091.96287963238,12728.303136383021,0.0,0.0,0.0
2007-06-06,19966.033586698155,19960.15769159214,12591.473669746088,0.0,0.0,0.0
2007-06-07,19621.64156479554,19615.86702238871,12364.257443362447,0.0,0.0,0.0
2007-06-08,19653.691190132304,19647.907215695028,12525.130034983891,0.0,0.0,0.0
2007-06-11,19704.033437166745,19698.234647279936,12546.686219783373,0.0,0.0,0.0
2007-06-12,19399.953742396097,19394.244441509825,12409.866664864569,0.0,0.0,0.0
2007-06-13,19659.70680051893,19653.921055720228,12595.61857005448,0.0,0.0,0.0
2007-06-14,19717.846890588055,19712.044035477025,12676.061173322192,0.0,0.0,0.0
2007-06-15,19896.255425285817,19890.400065513244,12748.185141884025,0.0,0.0,0.0
2007-06-18,19923.00670058195,19917.14346805453,12733.193217681637,0.0,0.0,0.0
2007-06-19,20031.41051367082,20025.51537849073,12764.844036862614,0.0,0.0,0.0
2007-06-20,19861.528073600268,19855.682933898443,12587.447710055247,0.0,0.0,0.0
2007-06-21,19873.884156471475,19868.03538044165,12657.40281447745,0.0,0.0,0.0
2007-06-22,19840.492663981247,19834.653714886077,12538.31262009514,0.0,0.0,0.0
2007-06-25,19870.91775939384,19865.06985635855,12478.345824350872,0.0,0.0,0.0
2007-06-26,19717.032194476727,19711.229579126335,12350.089092830032,0.0,0.0,0.0
2007-06-27,19841.046993307955,19835.207881076672,12525.817547795916,0.0,0.0,0.0
2007-06-28,19809.401939347412,19803.572140083426,12524.150577019716,0.0,0.0,0.0
2007-06-29,19984.633566674467,19978.752197695496,12528.31620182965,0.0,0.0,0.0
2007-07-02,20171.39679453614,20165.460462154853,12641.582811278673,0.0,0.0,0.0
2007-07-03,20140.329735738607,20134.402546223784,12687.384860751665,0.0,0.0,0.0
2007-07-05,20000.390778154302,19994.50477191368,12674.053599868486,0.0,0.0,0.0
2007-07-06,20043.215984365692,20037.317374899772,12740.690981913409,0.0,0.0,0.0
2007-07-09,20156.009261867694,20150.077457953594,12750.679290591343,0.0,0.0,0.0
2007-07-10,20220.265954329854,20214.315240020595,12569.125448561603,0.0,0.0,0.0
2007-07-11,20198.527050276283,20192.582733608273,12658.234497734986,0.0,0.0,0.0
2007-07-12,20303.765528642027,20297.790240862138,12858.118710845938,0.0,0.0,0.0
2007-07-13,20372.297828822782,20366.30237235964,12896.427501413587,0.0,0.0,0.0
2007-07-16,20387.394882310673,20381.39498286679,12894.764134898523,0.0,0.0,0.0
2007-07-17,20315.57223072479,20309.59346829668,12888.098053924294,0.0,0.0,0.0
2007-07-18,20412.129273752045,20406.122095111266,12864.7829896896,0.0,0.0,0.0
2007-07-19,20461.06983162915,20455.048250048338,12914.750663972523,0.0,0.0,0.0
2007-07-20,20478.659341592323,20472.632583514383,12783.996179483234,0.0,0.0,0.0
2007-07-23,20548.55870400636,20542.511374926187,12823.143861830691,0.0,0.0,0.0
2007-07-24,20397.329972510597,20391.327149223693,12600.77266348144,0.0,0.0,0.0
2007-07-25,20453.098381023083,20447.07914539683,12626.591788141572,0.0,0.0,0.0
2007-07-26,20231.34967167498,20225.39569548798,12327.602107591742,0.0,0.0,0.0
2007-07-27,20121.495646059695,20115.57399931504,12085.247083364347,0.0,0.0,0.0
2007-07-30,20264.971115548615,20259.007244753528,12274.305898148126,0.0,0.0,0.0
2007-07-31,20277.948533003597,20271.98084302512,12136.0464409048,0.0,0.0,0.0
2007-08-01,20282.877769659615,20276.9086290336,12195.17975126097,0.0,0.0,0.0
2007-08-02,20333.716725875776,20327.73262362142,12292.62275325007,0.0,0.0,0.0
2007-08-03,20170.338785046817,20164.402764031973,11976.146999790542,0.0,0.0,0.0
2007-08-06,20181.607827816468,20175.66849038362,12176.856588702034,0.0,0.0,0.0
2007-08-07,20234.032129742154,20228.077364122342,12306.77758780322,0.0,0.0,0.0
2007-08-08,20267.217198615086,20261.252666809967,12478.345824350881,0.0,0.0,0.0
2007-08-09,19986.770474442714,19980.8884765834,12108.563949729609,0.0,0.0,0.0
2007-08-10,19918.11191937724,19912.250127357307,12051.934699798878,0.0,0.0,0.0
2007-08-13,19970.663805644894,19964.786547890617,12095.24260056456,0.0,0.0,0.0
2007-08-14,19890.371096098228,19884.51746805173,11910.350311655997,0.0,0.0,0.0
2007-08-15,19688.80285473887,19683.00854712964,11746.285245731808,0.0,0.0,0.0
2007-08-16,19701.156526726954,19695.35858349924,11834.563512712946,0.0,0.0,0.0
2007-08-17,19781.638364731476,19775.816736136512,12051.934699798876,0.0,0.0,0.0
2007-08-20,19804.555246412136,19798.726873503518,12046.109312735021,0.0,0.0,0.0
2007-08-21,19889.263300970477,19883.40999894206,12070.25335703139,0.0,0.0,0.0
2007-08-22,20063.852411637938,20057.947728983694,12213.509221276894,0.0,0.0,0.0
2007-08-23,20133.521466052993,20127.596280174905,12202.67751549273,0.0,0.0,0.0
2007-08-24,20323.376915531822,20317.39585622742,12353.419430121301,0.0,0.0,0.0
2007-08-27,20327.393147367704,20321.410906108114,12238.488553091933,0.0,0.0,0.0
2007-08-28,20141.293769505206,20135.366296280477,11969.485424142731,0.0,0.0,0.0
2007-08-29,20316.397900755892,20310.418895337585,12204.347189464786,0.0,0.0,0.0
2007-08-30,20382.170806226615,20376.17244419991,12171.861983830426,0.0,0.0,0.0
2007-08-31,20531.7519368488,20525.709553908797,12291.790168927257,0.0,0.0,0.0
2007-09-04,20641.232488351074,20635.157885880133,12415.88217670345,0.0,0.0,0.0
2007-09-05,20667.76280874295,20661.680398543,12308.443657514139,0.0,0.0,0.0
2007-09-06,20693.343636320747,20687.253697822354,12336.764139403853,0.0,0.0,0.0
2007-09-07,20800.50260914696,20794.381134345607,12165.199507117333,0.0,0.0,0.0
2007-09-10,20897.49167764518,20891.341659488415,12141.87813542565,0.0,0.0,0.0
2007-09-11,21031.478753867552,21025.289304042893,12283.45982037268,0.0,0.0,0.0
2007-09-12,21028.741768925473,21022.5531245806,12315.116947010647,0.0,0.0,0.0
2007-09-13,20951.16819238165,20945.002377518493,12401.725540019732,0.0,0.0,0.0
2007-09-14,20995.34843880818,20989.169621938767,12400.890252501065,0.0,0.0,0.0
2007-09-17,20991.21869135628,20985.04108984908,12334.267287500694,0.0,0.0,0.0
2007-09-18,21294.667233589316,21288.40032882634,12697.381279017163,0.0,0.0,0.0
2007-09-19,21254.708623022198,21248.453477861014,12772.328285115122,0.0,0.0,0.0
2007-09-20,21057.186829152153,21050.98981358075,12682.387552684204,0.0,0.0,0.0
2007-09-21,21192.807415633444,21186.570487660963,12716.612715382807,0.0,0.0,0.0
2007-09-24,21230.558140820936,21224.310103015323,12693.181413726425,0.0,0.0,0.0
2007-09-25,21183.71468574506,21177.480433713536,12668.080438097988,0.0,0.0,0.0
2007-09-26,21256.908516921547,21250.652724343545,12735.02688553547,0.0,0.0,0.0
2007-09-27,21518.279608103927,21511.94689543517,12810.335218812488,0.0,0.0,0.0
2007-09-28,21525.66453234986,21519.32964633806,12767.657162680625,0.0,0.0,0.0
2007-10-01,21712.680949509973,21706.291025583632,12911.582518432462,0.0,0.0,0.0
2007-10-02,21694.641226222062,21688.256611288176,12894.00814112489,0.0,0.0,0.0
2007-10-03,21542.566779238114,21536.22691898697,12868.067372651361,0.0,0.0,0.0
2007-10-04,21667.150208541978,21660.773684065098,12888.157524233071,0.0,0.0,0.0
2007-10-05,21663.558919956027,21657.183452375848,13041.28365760425,0.0,0.0,0.0
2007-10-08,21542.74281660305,21536.402904545073,12971.837655067753,0.0,0.0,0.0
2007-10-09,21669.84153434894,21663.46421782951,13094.005888461685,0.0,0.0,0.0
2007-10-10,21700.545790496522,21694.15943788148,13072.255073560767,0.0,0.0,0.0
2007-10-11,21683.485702614358,21677.10437069041,13009.485964781916,0.0,0.0,0.0
2007-10-12,21734.972635522012,21728.5761512737,13081.454950114823,0.0,0.0,0.0
2007-10-15,21710.9201181125,21704.530712389263,12970.997862222663,0.0,0.0,0.0
2007-10-16,21610.63145747768,21604.27156616188,12868.067372651367,0.0,0.0,0.0
2007-10-17,21879.059739000906,21872.620850701613,12907.400674447415,0.0,0.0,0.0
2007-10-18,22010.139762456016,22003.66229801866,12860.539873265217,0.0,0.0,0.0
2007-10-19,21915.01048309479,21908.56101468702,12524.153280215582,0.0,0.0,0.0
2007-10-22,21913.340597576458,21906.89162060691,12596.954849871308,0.0,0.0,0.0
2007-10-23,22033.919635960723,22027.435173235906,12699.041942336378,0.0,0.0,0.0
2007-10-24,22133.41601890136,22126.90227493212,12675.610640679995,0.0,0.0,0.0
2007-10-25,22245.1831249893,22238.63648856855,12705.736857399712,0.0,0.0,0.0
2007-10-26,22445.43043667969,22438.82486856409,12854.673938263564,0.0,0.0,0.0
2007-10-29,22601.109342921398,22594.4579593503,12897.361005048271,0.0,0.0,0.0
2007-10-30,22419.41350773442,22412.815596259527,12807.823048799495,0.0,0.0,0.0
2007-10-31,22530.90086902766,22524.270147428626,12940.872546568231,0.0,0.0,0.0
2007-11-01,22429.564493627033,22422.963594772187,12637.951518182423,0.0,0.0,0.0
2007-11-02,22672.786621408104,22666.114143603732,12652.182943284752,0.0,0.0,0.0
2007-11-05,22451.78027544562,22445.172838607003,12555.95367623378,0.0,0.0,0.0
2007-11-06,22693.562197181815,22686.883605238472,12724.980007614053,0.0,0.0,0.0
2007-11-07,22454.12747363902,22447.519346032735,12376.88226906265,0.0,0.0,0.0
2007-11-08,22509.727086085215,22503.102595815344,12314.122170936642,0.0,0.0,0.0
2007-11-09,22466.491212860146,22459.879446672647,12145.094938491082,0.0,0.0,0.0
2007-11-12,22110.864658084793,22104.357550858407,12024.591873742782,0.0,0.0,0.0
2007-11-13,22389.6952756417,22383.1061100809,12391.103782446851,0.0,0.0,0.0
2007-11-14,22427.354270534135,22420.754022135923,12356.795721742083,0.0,0.0,0.0
2007-11-15,22322.635097366678,22316.065667251656,12178.556898893768,0.0,0.0,0.0
2007-11-16,22401.888750144648,22395.295996110603,12199.487744385851,0.0,0.0,0.0
2007-11-19,22307.46127873724,22300.896314194517,12029.616213768777,0.0,0.0,0.0
2007-11-20,22544.275550064318,22537.640892369378,12103.251268812603,0.0,0.0,0.0
2007-11-21,22361.07929324715,22354.498549214346,11855.563740231939,0.0,0.0,0.0
2007-11-23,22648.11240450203,22641.447188185513,12060.573212680742,0.0,0.0,0.0
2007-11-26,22748.51293705715,22741.818173409898,11794.477821404404,0.0,0.0,0.0
2007-11-27,22647.856818363038,22641.191677264134,11930.033181729148,0.0,0.0,0.0
2007-11-28,22765.990978286827,22759.291070947085,12311.608198793074,0.0,0.0,0.0
2007-11-29,22842.53947966479,22835.81704451738,12315.79094384341,0.0,0.0,0.0
2007-11-30,22804.942611478153,22798.231240884597,12439.638762927523,0.0,0.0,0.0
2007-12-03,22897.321091872873,22890.582534794903,12357.631910326034,0.0,0.0,0.0
2007-12-04,22851.42978499425,22844.70473347833,12247.176624564441,0.0,0.0,0.0
2007-12-05,22901.340251248996,22894.600511354274,12452.19330553552,0.0,0.0,0.0
2007-12-06,22895.2222535628,22888.484314161524,12630.424919861556,0.0,0.0,0.0
2007-12-07,22631.461709910225,22624.80139380258,12627.916354109697,0.0,0.0,0.0
2007-12-10,22670.681411776735,22664.009553524113,12725.82160258971,0.0,0.0,0.0
2007-12-11,22635.143607571226,22628.48220790112,12376.882269062646,0.0,0.0,0.0
2007-12-12,22827.710754538944,22820.992683404696,12499.052304587143,0.0,0.0,0.0
2007-12-13,22440.037737000486,22433.43375592707,12473.105228656625,0.0,0.0,0.0
2007-12-14,22159.665460784778,22153.143991747544,12314.957458455303,0.0,0.0,0.0
2007-12-17,22010.809792482545,22004.332130858988,12139.229904554702,0.0,0.0,0.0
2007-12-18,22290.86276406452,22284.3026843744,12207.008035249715,0.0,0.0,0.0
2007-12-19,22433.63172753269,22427.02963171302,12207.008035249715,0.0,0.0,0.0
2007-12-20,22501.0670709023,22494.445129227806,12283.996855282197,0.0,0.0,0.0
2007-12-21,22509.559469927088,22502.935028985743,12461.077809240016,0.0,0.0,0.0
2007-12-24,22515.007788615792,22508.38174426389,12553.60820329839,0.0,0.0,0.0
2007-12-26,22491.037730886233,22484.41874079196,12580.52933080138,0.0,0.0,0.0
2007-12-27,22509.26918241537,22502.644826904063,12422.377956338922,0.0,0.0,0.0
2007-12-28,22720.170241622844,22713.483819076726,12391.256062479908,0.0,0.0,0.0
2007-12-31,22798.96104492489,22792.251434673835,12299.559153809632,0.0,0.0,0.0
2008-01-02,23081.399084984077,23073.55161984203,12191.879149124092,0.04570976837191019,0.09141953674382038,1.054734911748802
2008-01-03,23109.769099808622,23101.911989120326,12185.994291751464,0.0,0.0,0.0
2008-01-04,22928.91460037431,22921.118978566083,11887.355125597276,0.0,0.0,0.0
2008-01-07,22938.204357612798,22930.40557737185,11877.267699738055,0.0,0.0,0.0
2008-01-08,22895.730560956647,22887.946221419115,11685.465141163178,0.0,0.0,0.0
2008-01-09,23060.772272809074,23052.931820595015,11808.284844757753,0.0,0.0,0.0
2008-01-10,22919.66803957873,22911.875561516827,11885.672836711241,0.0,0.0,0.0
2008-01-11,22951.25675075244,22943.453532816886,11789.77696381551,0.0,0.0,0.0
2008-01-14,23150.098747453976,23142.22792505337,11884.83304386615,0.0,0.0,0.0
2008-01-15,22987.18870510136,22979.373270629098,11623.208738531168,0.0,0.0,0.0
2008-01-16,22669.588418978652,22661.88096570655,11523.102187561282,0.0,0.0,0.0
2008-01-17,22599.403131411626,22591.719540497066,11224.470229929371,0.0,0.0,0.0
2008-01-18,22630.33335879663,22622.639251886907,11109.222177919883,0.0,0.0,0.0
2008-01-22,22657.64785088196,22649.94445729409,10996.500712967943,0.0,0.0,0.0
2008-01-23,22657.55317485733,22649.849813458433,11260.646198968767,0.0,0.0,0.0
2008-01-24,22680.925860352378,22673.214552453624,11355.704081149977,0.0,0.0,0.0
2008-01-25,22752.147588250948,22744.412065614393,11191.665146119036,0.0,0.0,0.0
2008-01-28,22944.104673621085,22936.30388732652,11376.73494488863,0.0,0.0,0.0
2008-01-29,22887.40189856878,22879.620390700497,11433.09928162574,0.0,0.0,0.0
2008-01-30,22764.89750141478,22757.157643924056,11348.9713213447,0.0,0.0,0.0
2008-01-31,23032.36065828706,23024.529865762775,11555.917183089749,0.0,0.0,0.0
2008-02-01,23127.445847425708,23119.582726804474,11741.827675769719,0.0,0.0,0.0
2008-02-04,22995.022732896345,22987.2046349261,11593.77363888461,0.0,0.0,0.0
2008-02-05,22726.554764808552,22718.827943498512,11283.357549462891,0.0,0.0,0.0
2008-02-06,22587.50344832286,22579.823903192002,11192.50764215998,0.0,0.0,0.0
2008-02-07,22356.44443326215,22348.84344608871,11266.536462733106,0.0,0.0,0.0
2008-02-08,22566.677133633093,22559.004669259255,11194.189029980733,0.0,0.0,0.0
2008-02-11,22711.094611341086,22703.373046342193,11251.391357432363,0.0,0.0,0.0
2008-02-12,22642.29750767594,22634.599333064736,11355.70408114998,0.0,0.0,0.0
2008-02-13,22632.13779164618,22624.443071245743,11471.792827069845,0.0,0.0,0.0
2008-02-14,22368.649342407698,22361.044205676488,11370.847384320154,0.0,0.0,0.0
2008-02-15,22463.72402818313,22456.086566926017,11368.320797262606,0.0,0.0,0.0
2008-02-19,22512.028583100586,22504.374698735428,11400.290593554271,0.0,0.0,0.0
2008-02-20,22609.22549401237,22601.53856358413,11433.939975536121,0.0,0.0,0.0
2008-02-21,22719.1510211581,22711.426717053364,11338.880291224343,0.0,0.0,0.0
2008-02-22,22808.478710358806,22800.724035654577,11408.704741180305,0.0,0.0,0.0
2008-02-25,22709.744269947918,22702.023164052785,11552.551704252397,0.0,0.0,0.0
2008-02-26,23004.61841674884,22996.797056333613,11639.196339872859,0.0,0.0,0.0
2008-02-27,23040.8733885787,23033.039701803766,11627.421218735895,0.0,0.0,0.0
2008-02-28,23331.232915496956,23323.30050913151,11513.85275241659,0.0,0.0,0.0
2008-02-29,23245.847738450593,23237.944362266466,11257.27891800085,0.0,0.0,0.0
2008-03-03,23412.088811743466,23404.128915110854,11230.356889432576,0.0,0.0,0.0
2008-03-04,23117.309899450716,23109.45022495933,11187.459874436596,0.0,0.0,0.0
2008-03-05,23296.111535423395,23288.191070006793,11258.120512976511,0.0,0.0,0.0
2008-03-06,23150.477105395625,23142.60615435677,11025.104129356976,0.0,0.0,0.0
2008-03-07,23069.692847371454,23061.849362243418,10911.536564102953,0.0,0.0,0.0
2008-03-10,23152.38730311239,23144.515702623736,10767.689601030861,0.0,0.0,0.0
2008-03-11,23317.807393265757,23309.879551455397,11154.649384234554,0.0,0.0,0.0
2008-03-12,23448.186495587262,23440.214326071426,11050.34116584336,0.0,0.0,0.0
2008-03-13,23439.528369563257,23431.559143731287,11074.734805223516,0.0,0.0,0.0
2008-03-14,23242.08616963802,23234.184072352968,10903.125119672772,0.0,0.0,0.0
2008-03-17,23081.09730252392,23073.24993998516,10792.923033256106,0.0,0.0,0.0
2008-03-18,23363.786987215353,23355.843512762473,11241.294920920298,0.0,0.0,0.0
2008-03-19,23070.22546334456,23062.38179713194,10962.854935247235,0.0,0.0,0.0
2008-03-20,23127.680439989683,23119.81723960911,11165.913601355242,0.0,0.0,0.0
2008-03-24,22990.230618644826,22982.41414994971,11389.099362721618,0.0,0.0,0.0
2008-03-25,23130.10052008925,23122.236496903522,11400.090557061125,0.0,0.0,0.0
2008-03-26,23218.945865558417,23211.05163576567,11260.596640378126,0.0,0.0,0.0
2008-03-27,23155.853765967564,23147.980986913157,11225.091063910348,0.0,0.0,0.0
2008-03-28,23138.31718185303,23130.450365077257,11117.72823420493,0.0,0.0,0.0
2008-03-31,23247.60510772111,23239.701134047453,11156.61280548933,0.0,0.0,0.0
2008-04-01,23212.356264617294,23204.46427522876,11548.878061087762,0.0,0.0,0.0
2008-04-02,23349.57986623856,23341.641222077214,11556.489359545363,0.0,0.0,0.0
2008-04-03,23413.928008306455,23405.967486363785,11585.22343040063,0.0,0.0,0.0
2008-04-04,23599.436265293112,23591.412672235256,11572.549046109803,0.0,0.0,0.0
2008-04-07,23662.117756175463,23654.072851982488,11578.46814396324,0.0,0.0,0.0
2008-04-08,23548.122536559007,23540.11638970085,11566.629948256366,0.0,0.0,0.0
2008-04-09,23639.856491921975,23631.81915635578,11482.937202507705,0.0,0.0,0.0
2008-04-10,23593.271029146097,23585.249532212296,11499.002295463852,0.0,0.0,0.0
2008-04-11,23583.522064639707,23575.503882264908,11275.813830901621,0.0,0.0,0.0
2008-04-14,23514.3419058044,23506.347244052547,11237.771755658167,0.0,0.0,0.0
2008-04-15,23439.93114566857,23431.9617828964,11263.975635194747,0.0,0.0,0.0
2008-04-16,23580.891428704766,23572.874140722193,11569.167348097326,0.0,0.0,0.0
2008-04-17,23389.383420843842,23381.431243837018,11586.07493709442,0.0,0.0,0.0
2008-04-18,23428.987626272734,23421.02198419733,11706.960954588601,0.0,0.0,0.0
2008-04-21,23539.577707209584,23531.574465515456,11712.881854572608,0.0,0.0,0.0
2008-04-22,23518.32822361297,23510.33220654943,11661.313888344535,0.0,0.0,0.0
2008-04-23,23489.613883800954,23481.627629351016,11642.715900873847,0.0,0.0,0.0
2008-04-24,23252.62789694258,23244.722215566406,11693.439568930406,0.0,0.0,0.0
2008-04-25,23331.514896774213,23323.5823945377,11801.64940000319,0.0,0.0,0.0
2008-04-28,23292.668468390337,23284.749173585118,11804.1840966483,0.0,0.0,0.0
2008-04-29,23160.074954133088,23152.200739913213,11757.691831167436,0.0,0.0,0.0
2008-04-30,23318.130332250104,23310.202380643437,11688.365670313768,0.0,0.0,0.0
2008-05-01,23395.499501017082,23387.545244598787,11930.144913824408,0.0,0.0,0.0
2008-05-02,23381.015078894474,23373.065747047574,11963.113090451223,0.0,0.0,0.0
2008-05-05,23482.58570144298,23474.60183651093,11905.626927434998,0.0,0.0,0.0
2008-05-06,23477.21656161476,23469.23452214128,12008.77006841342,0.0,0.0,0.0
2008-05-07,23337.006145602947,23329.071776391917,11794.88600397824,0.0,0.0,0.0
2008-05-08,23548.76195528486,23540.75559103016,11764.452523996531,0.0,0.0,0.0
2008-05-09,23623.22234062053,23615.190660514043,11742.470135317515,0.0,0.0,0.0
2008-05-12,23674.896303259746,23666.847054477326,11874.352753542911,0.0,0.0,0.0
2008-05-13,23478.558209809158,23470.57571418753,11876.043152016508,0.0,0.0,0.0
2008-05-14,23432.8262195094,23424.85927234731,11900.561138405916,0.0,0.0,0.0
2008-05-15,23777.602493535054,23769.518325584813,12049.34413710613,0.0,0.0,0.0
2008-05-16,23967.726365520808,23959.577557188397,12060.337133576206,0.0,0.0,0.0
2008-05-19,23964.495541382697,23956.34783150101,12093.308013398875,0.0,0.0,0.0
2008-05-20,23982.68544804475,23974.531553760728,11995.246880624652,0.0,0.0,0.0
2008-05-21,24043.902628469372,24035.727920902427,11792.350406267844,0.0,0.0,0.0
2008-05-22,23829.480517793523,23821.378711788268,11794.038101545588,0.0,0.0,0.0
2008-05-23,23800.444175838056,23792.3522419242,11635.947999522468,0.0,0.0,0.0
2008-05-27,23589.148439821984,23581.12834453095,11722.1835515038,0.0,0.0,0.0
2008-05-28,23427.850986426543,23419.88573079832,11776.285313311699,0.0,0.0,0.0
2008-05-29,23292.6429370554,23284.723650930602,11835.462775866803,0.0,0.0,0.0
2008-05-30,23433.17752069379,23425.2104540925,11865.05646300342,0.0,0.0,0.0
2008-06-02,23358.408260253414,23350.46661451864,11742.470135317513,0.0,0.0,0.0
2008-06-03,23371.033327155288,23363.08738901293,11673.996382222915,0.0,0.0,0.0
2008-06-04,23156.412152143625,23148.539183243014,11668.079987565332,0.0,0.0,0.0
2008-06-05,23344.64322790874,23336.706262159394,11901.401832316289,0.0,0.0,0.0
2008-06-06,23448.600420097042,23440.628109850644,11521.822674857383,0.0,0.0,0.0
2008-06-09,23385.296522102308,23377.345734603776,11549.719656063413,0.0,0.0,0.0
2008-06-10,23058.101069341265,23050.26152531202,11492.230789851334,0.0,0.0,0.0
2008-06-11,23046.98115895491,23039.145395593754,11323.156702010985,0.0,0.0,0.0
2008-06-12,22916.874026903213,22909.08249878013,11366.269071609942,0.0,0.0,0.0
2008-06-13,22937.58061997983,22929.782051803988,11509.988083411645,0.0,0.0,0.0
2008-06-16,23002.53768598879,22994.71703300303,11516.749677306027,0.0,0.0,0.0
2008-06-17,23095.513107225248,23087.660843444388,11460.954813828681,0.0,0.0,0.0
2008-06-18,23189.484514173786,23181.60030097176,11349.362383678137,0.0,0.0,0.0
2008-06-19,23048.07313788517,23040.23700326114,11363.732572834266,0.0,0.0,0.0
2008-06-20,22961.40719193864,22953.600522945668,11179.283608045645,0.0,0.0,0.0
2008-06-23,22956.733017265902,22948.927937449687,11168.237448723788,0.0,0.0,0.0
2008-06-24,23052.575960845563,23044.7382953028,11146.146031145354,0.0,0.0,0.0
2008-06-25,23126.512129123807,23118.649325958268,11198.823208738562,0.0,0.0,0.0
2008-06-26,23191.71498889171,23183.830017348624,10894.658710260235,0.0,0.0,0.0
2008-06-27,23262.0802239637,23254.17132888256,10835.189302552972,0.0,0.0,0.0
2008-06-30,23383.10193280492,23375.151891446723,10873.416997245022,0.0,0.0,0.0
2008-07-01,23363.298033767693,23355.35472555452,10907.404278708533,0.0,0.0,0.0
2008-07-02,23376.411888146802,23368.464121342764,10720.488197171135,0.0,0.0,0.0
2008-07-03,23383.740147848705,23375.789889503216,10731.537059688848,0.0,0.0,0.0
2008-07-07,23318.79462622907,23310.866448768502,10621.93237955576,0.0,0.0,0.0
2008-07-08,23320.33776449484,23312.409062381343,10810.551474480733,0.0,0.0,0.0
2008-07-09,23279.79846849535,23271.883549372695,10602.39097673227,0.0,0.0,0.0
2008-07-10,23481.209142422027,23473.225745507487,10645.725008391199,0.0,0.0,0.0
2008-07-11,23244.62485831802,23236.72189790197,10521.678954944511,0.0,0.0,0.0
2008-07-14,23380.593694479343,23372.64450589929,10426.519252386162,0.0,0.0,0.0
2008-07-15,23176.433406785432,23168.55363084087,10279.53568105896,0.0,0.0,0.0
2008-07-16,23068.928742583063,23061.08551724368,10531.870003311444,0.0,0.0,0.0
2008-07-17,22958.802516154097,22950.99673272713,10637.22435849786,0.0,0.0,0.0
2008-07-18,22865.635089787516,22857.86098243565,10703.495006972022,0.0,0.0,0.0
2008-07-21,22950.832019194095,22943.02894566339,10709.44474104513,0.0,0.0,0.0
2008-07-22,22851.090010607797,22843.320848450177,10830.93987867159,0.0,0.0,0.0
2008-07-23,22660.839394016923,22653.134915333485,10889.561383946202,0.0,0.0,0.0
2008-07-24,22652.93552572836,22645.23373428805,10663.569705284104,0.0,0.0,0.0
2008-07-25,22511.631824263513,22503.978074792736,10661.0115809416,0.0,0.0,0.0
2008-07-28,22562.95843560333,22555.287235552893,10504.684863680117,0.0,0.0,0.0
2008-07-29,22649.35750641337,22641.65693146698,10728.987945999188,0.0,0.0,0.0
2008-07-30,22740.38992269231,22732.65839755478,10920.150748222117,0.0,0.0,0.0
2008-07-31,22699.553130466964,22691.83548946628,10775.714488454007,0.0,0.0,0.0
2008-08-01,22615.410629405356,22607.72159608749,10718.788788044698,0.0,0.0,0.0
2008-08-04,22459.82419630427,22452.188060954413,10619.387771192523,0.0,0.0,0.0
2008-08-05,22462.438008884554,22454.800984862257,10905.704869582096,0.0,0.0,0.0
2008-08-06,22491.169477807372,22483.52268534773,10954.131722228638,0.0,0.0,0.0
2008-08-07,22363.298760750717,22355.69544316845,10791.009170591966,0.0,0.0,0.0
2008-08-08,22316.738862467995,22309.15137482643,10991.517821945026,0.0,0.0,0.0
2008-08-11,22206.073559195363,22198.52369674743,11105.371024894215,0.0,0.0,0.0
2008-08-12,22243.488898936255,22235.92631561411,10989.815709622735,0.0,0.0,0.0
2008-08-13,22258.061474605835,22250.493936740895,10923.547764344428,0.0,0.0,0.0
2008-08-14,22324.17647493967,22316.586458577705,11005.96009632391,0.0,0.0,0.0
2008-08-15,22312.11752962057,22304.53161319001,11059.488780610909,0.0,0.0,0.0
2008-08-18,22329.888266284524,22322.296307965604,10908.255785402323,0.0,0.0,0.0
2008-08-19,22260.582457242588,22253.014062266542,10789.306157204386,0.0,0.0,0.0
2008-08-20,22418.852563569057,22411.230358200584,10839.436924303789,0.0,0.0,0.0
2008-08-21,22529.350506109837,22521.690732448857,10858.125919368205,0.0,0.0,0.0
2008-08-22,22415.39765581861,22407.77662508726,11015.307747584615,0.0,0.0,0.0
2008-08-25,22447.237001823945,22439.605146005386,10791.854369828761,0.0,0.0,0.0
2008-08-26,22473.821767406713,22466.18087301036,10823.29163653733,0.0,0.0,0.0
2008-08-27,22618.19287674513,22610.50289748855,10928.645991723748,0.0,0.0,0.0
2008-08-28,22644.24345255685,22636.54461634212,11061.189090802634,0.0,0.0,0.0
2008-08-29,22486.486008510456,22478.84080838765,10942.236759408843,0.0,0.0,0.0
2008-09-02,22388.949382515155,22381.337343955467,10874.269405004097,0.0,0.0,0.0
2008-09-03,22325.594301120596,22318.003802710664,10864.922654808679,0.0,0.0,0.0
2008-09-04,22027.22535120952,22019.736295520855,10537.819737384554,0.0,0.0,0.0
2008-09-05,22052.6478393671,22045.150140264363,10570.954611088993,0.0,0.0,0.0
2008-09-08,22244.298373107948,22236.735514571963,10789.306157204388,0.0,0.0,0.0
2008-09-09,22015.116435836335,22007.63149706844,10469.00267841659,0.0,0.0,0.0
2008-09-10,21967.8471849906,21960.378317336807,10511.479796990025,0.0,0.0,0.0
2008-09-11,21902.837764784847,21895.390999740914,10663.569705284104,0.0,0.0,0.0
2008-09-12,21851.106326448615,21843.67714962182,10712.841757167444,0.0,0.0,0.0
2008-09-15,21782.201438571006,21774.795688777544,10203.073083152587,0.0,0.0,0.0
2008-09-16,21455.829465584076,21448.53467928429,10373.842975858239,0.0,0.0,0.0
2008-09-17,21366.364364388988,21359.099995407516,9907.407432437027,0.0,0.0,0.0
2008-09-18,21449.18990830952,21441.89737939864,10201.371871895579,0.0,0.0,0.0
2008-09-19,21800.594243370157,21793.182240190843,10606.505240820992,0.0,0.0,0.0
2008-09-22,21738.361892481586,21730.9710477339,10366.381254237853,0.0,0.0,0.0
2008-09-23,21324.15128201714,21316.90126509861,10130.534624559914,0.0,0.0,0.0
2008-09-24,21256.77261872535,21249.54550993772,10163.000006758019,0.0,0.0,0.0
2008-09-25,21590.644886647635,21583.304264334474,10321.944318670778,0.0,0.0,0.0
2008-09-26,21490.033953279377,21482.727537765793,10327.07228120448,0.0,0.0,0.0
2008-09-29,20634.88476964136,20627.869097049603,9517.8273513862,0.0,0.0,0.0
2008-09-30,20893.596941463147,20886.49330909292,9911.767687348392,0.0,0.0,0.0
2008-10-01,20961.92519795132,20954.79833459717,9917.750760837023,0.0,0.0,0.0
2008-10-02,20626.99859196954,20619.985600606247,9557.987831113356,0.0,0.0,0.0
2008-10-03,20569.962021983105,20562.96842253333,9428.951678121482,0.0,0.0,0.0
2008-10-06,20236.83844748394,20229.958107010767,8948.706408151058,0.0,0.0,0.0
2008-10-07,19861.578396359793,19854.825640880907,8547.929689875877,0.0,0.0,0.0
2008-10-08,19488.273697963305,19481.647862676615,8332.584097549348,0.0,0.0,0.0
2008-10-09,18944.96037381842,18938.519260105873,7750.645500643154,0.0,0.0,0.0
2008-10-10,18334.17293475164,18327.93948319682,7562.648140764436,0.0,0.0,0.0
2008-10-13,19031.749537051808,19025.27891581545,8660.725042181137,0.0,0.0,0.0
2008-10-14,18989.51125845753,18983.054997850595,8532.546703340042,0.0,0.0,0.0
2008-10-15,18272.428325730103,18266.215866779115,7692.537602580668,0.0,0.0,0.0
2008-10-16,18361.852135632576,18355.609273401944,8012.991559270967,0.0,0.0,0.0
2008-10-17,18143.279326830216,18137.110777360773,7965.132377753617,0.0,0.0,0.0
2008-10-20,18677.75786413099,18671.40759683434,8443.674634336465,0.0,0.0,0.0
2008-10-21,18297.280898167257,18291.059989568344,8191.585401841346,0.0,0.0,0.0
2008-10-22,17871.260185192474,17865.184119749843,7745.521142370586,0.0,0.0,0.0
2008-10-23,17898.95070942382,17892.865229455547,7835.244718067954,0.0,0.0,0.0
2008-10-24,17256.444972380927,17250.577938502352,7437.887092014551,0.0,0.0,0.0
2008-10-27,17126.064934076963,17120.242228222094,7173.832613607454,0.0,0.0,0.0
2008-10-28,17465.163002587768,17459.225006482837,8012.133745120187,0.0,0.0,0.0
2008-10-29,17758.697724747366,17752.659929514502,7954.026748122987,0.0,0.0,0.0
2008-10-30,17678.234547996588,17672.224109509836,8229.18595509543,0.0,0.0,0.0
2008-10-31,17545.881079639323,17539.915640124498,8274.476199486864,0.0,0.0,0.0
2008-11-03,17628.543411760867,17622.54986780716,8298.405790245539,0.0,0.0,0.0
2008-11-04,18378.595278284483,18372.34672353808,8580.401379530973,0.0,0.0,0.0
2008-11-05,18064.799161319967,18058.6572943909,8219.787844178802,0.0,0.0,0.0
2008-11-06,17635.79415627574,17629.798147135043,7764.3200673997035,0.0,0.0,0.0
2008-11-07,17808.62821969577,17802.573448550083,8020.677646147178,0.0,0.0,0.0
2008-11-10,17842.158366947744,17836.092195857855,7915.572886044546,0.0,0.0,0.0
2008-11-11,17639.818573408385,17633.82119600257,7671.173344686776,0.0,0.0,0.0
2008-11-12,17307.315241035867,17301.430911729985,7333.629333279289,0.0,0.0,0.0
2008-11-13,17476.081329508652,17470.139621272163,7790.8113867620195,0.0,0.0,0.0
2008-11-14,17546.698648515645,17540.732931034858,7401.9949585397535,0.0,0.0,0.0
2008-11-17,17379.41857078923,17373.50972700895,7303.725679684827,0.0,0.0,0.0
2008-11-18,17372.36670717121,17366.46026096024,7441.306184236332,0.0,0.0,0.0
2008-11-19,17178.129347090166,17172.2889398098,6964.472347432771,0.0,0.0,0.0
2008-11-20,17095.075244579402,17089.26307493628,6447.477129836767,0.0,0.0,0.0
2008-11-21,17421.78804330855,17415.864794294102,6795.276615779024,0.0,0.0,0.0
2008-11-24,17557.445760238992,17551.47638883825,7266.123324300173,0.0,0.0,0.0
2008-11-25,17883.192343458948,17877.112221191346,7319.9628761102995,0.0,0.0,0.0
2008-11-26,18129.565810563505,18123.401923564492,7602.814026883302,0.0,0.0,0.0
2008-11-28,18251.795070811713,18245.589626979185,7698.518873938734,0.0,0.0,0.0
2008-12-01,18187.28353271542,18181.10002221737,7016.601226800403,0.0,0.0,0.0
2008-12-02,18671.587805471027,18665.23963593803,7286.630669108571,0.0,0.0,0.0
2008-12-03,18969.253060850235,18962.803687845688,7461.813529044732,0.0,0.0,0.0
2008-12-04,18869.636185355812,18863.22068118024,7289.1960019733515,0.0,0.0,0.0
2008-12-05,18757.7920315069,18751.414553323397,7513.939705216511,0.0,0.0,0.0
2008-12-08,18777.972567110664,18771.588227729142,7776.285313311682,0.0,0.0,0.0
2008-12-09,18767.055859807537,18760.675232006917,7648.099765948312,0.0,0.0,0.0
2008-12-10,19233.031057089323,19226.49200197222,7700.227293718019,0.0,0.0,0.0
2008-12-11,19286.042999947284,19279.485921253177,7514.796618302008,0.0,0.0,0.0
2008-12-12,19295.800068992943,19289.239672984368,7604.523347727872,0.0,0.0,0.0
2008-12-15,19387.946541252608,19381.35481628402,7498.555817615396,0.0,0.0,0.0
2008-12-16,20101.99901035305,20095.1645140585,7851.478310232293,0.0,0.0,0.0
2008-12-17,20640.324157547635,20633.306635613597,7775.42659809562,0.0,0.0,0.0
2008-12-18,20805.31375428078,20798.24013738888,7630.1550508088385,0.0,0.0,0.0
2008-12-19,20638.686065429385,20631.66910043173,7597.334648888668,0.0,0.0,0.0
2008-12-22,20426.81947367943,20419.874541390338,7499.988511417643,0.0,0.0,0.0
2008-12-23,20349.16681395309,20342.24828285996,7422.454546888079,0.0,0.0,0.0
2008-12-24,20424.02664421995,20417.082661467397,7465.529522277733,0.0,0.0,0.0
2008-12-26,20589.217938398036,20582.217792112326,7508.604047134745,0.0,0.0,0.0
2008-12-29,20509.89481168093,20502.921634534723,7487.065883640954,0.0,0.0,0.0
2008-12-30,20736.50371292241,20729.453490816897,7664.531592475223,0.0,0.0,0.0
2008-12-31,20493.162137301017,20486.194649111465,7773.936236115166,0.0,0.0,0.0
2009-01-02,20106.094392691735,20096.40059800557,8008.259164397128,0.14218962348350692,0.28437924696701383,2.8579059989820816
2009-01-05,19766.36698896239,19756.83698778264,7998.780858670182,0.0,0.0,0.0
2009-01-06,20000.05430784392,19990.411638492737,8052.195107666058,0.0,0.0,0.0
2009-01-07,19668.626395070332,19659.143517774082,7810.984436349893,0.0,0.0,0.0
2009-01-08,19986.006339447897,19976.370443074036,7842.855115460272,0.0,0.0,0.0
2009-01-09,19926.836414295885,19917.229045645752,7674.865009157094,0.0,0.0,0.0
2009-01-12,19699.46492362635,19689.967178083767,7490.508403560127,0.0,0.0,0.0
2009-01-13,19725.90318082573,19716.39268854914,7504.292900281375,0.0,0.0,0.0
2009-01-14,19549.88265800538,19540.45703088337,7268.251189969358,0.0,0.0,0.0
2009-01-15,19515.28089225208,19505.87194775408,7270.836346270396,0.0,0.0,0.0
2009-01-16,19620.727558881088,19611.267775154112,7327.692664652803,0.0,0.0,0.0
2009-01-20,18977.08067316953,18967.931212304804,6940.8914689391695,0.0,0.0,0.0
2009-01-21,19027.490372418833,19018.316607416997,7240.685800787998,0.0,0.0,0.0
2009-01-22,18741.929093055413,18732.893006329552,7128.691946053237,0.0,0.0,0.0
2009-01-23,18869.953057568615,18860.85524637242,7159.705261545478,0.0,0.0,0.0
2009-01-26,18943.803591573957,18934.6701746604,7208.809715285912,0.0,0.0,0.0
2009-01-27,19248.49424766488,19239.213929587662,7282.034785625322,0.0,0.0,0.0
2009-01-28,19359.633863152845,19350.299961092933,7528.417571674128,0.0,0.0,0.0
2009-01-29,18918.59924275739,18909.477977670933,7283.757171916515,0.0,0.0,0.0
2009-01-30,18796.262028643137,18787.199746261766,7135.586447077074,0.0,0.0,0.0
2009-02-02,18887.510613414266,18878.40433715577,7114.046931985357,0.0,0.0,0.0
2009-02-03,18840.504891662433,18831.421278374022,7213.981379485916,0.0,0.0,0.0
2009-02-04,18883.519581579934,18874.415229526236,7178.656016075022,0.0,0.0,0.0
2009-02-05,18974.334451397826,18965.186314574927,7285.480909805636,0.0,0.0,0.0
2009-02-06,19212.869107428167,19203.605965376708,7493.093559861165,0.0,0.0,0.0
2009-02-09,19312.175603417356,19302.864582510643,7503.432382934744,0.0,0.0,0.0
2009-02-10,19149.458031879338,19140.2254623466,7159.70526154548,0.0,0.0,0.0
2009-02-11,19328.411435836217,19319.09258711258,7201.918818523218,0.0,0.0,0.0
2009-02-12,19232.55706966247,19223.284435411286,7207.08687846208,0.0,0.0,0.0
2009-02-13,18951.453273336767,18942.31616826564,7129.555617128368,0.0,0.0,0.0
2009-02-17,18774.606218331774,18765.554376912973,6824.590522144823,0.0,0.0,0.0
2009-02-18,18672.72710514036,18663.7243829183,6808.223572318391,0.0,0.0,0.0
2009-02-19,18500.066760971647,18491.147283853985,6734.997600913698,0.0,0.0,0.0
2009-02-20,18501.976415261903,18493.056017438503,6669.528450010042,0.0,0.0,0.0
2009-02-23,18283.510634082246,18274.69556563745,6430.899330733777,0.0,0.0,0.0
2009-02-24,18479.977996089718,18471.068204411622,6674.697411014189,0.0,0.0,0.0
2009-02-25,18198.349901644815,18189.57589192776,6622.144580430231,0.0,0.0,0.0
2009-02-26,18038.779238491144,18030.082162922332,6514.4623230814805,0.0,0.0,0.0
2009-02-27,17841.621444985452,17833.019425529168,6368.8695460208,0.0,0.0,0.0
2009-03-02,17547.471724798692,17539.011524381887,6082.001446209797,0.0,0.0,0.0
2009-03-03,17507.479596512418,17499.03867758674,6036.3449187802435,0.0,0.0,0.0
2009-03-04,17745.4912223301,17736.935550345548,6179.3502868766745,0.0,0.0,0.0
2009-03-05,17749.432627181235,17740.87505491865,5926.937121411803,0.0,0.0,0.0
2009-03-06,17716.73955617327,17708.19774629158,5937.27369182217,0.0,0.0,0.0
2009-03-09,17480.877290634187,17472.44919753566,5867.496547793642,0.0,0.0,0.0
2009-03-10,17681.38181831403,17672.8570555348,6217.254949664255,0.0,0.0,0.0
2009-03-11,17813.396582550846,17804.8081712084,6257.744768752872,0.0,0.0,0.0
2009-03-12,18220.557634238507,18211.772917459406,6504.124851605826,0.0,0.0,0.0
2009-03-13,18270.583282325715,18261.774446572927,6554.952592702737,0.0,0.0,0.0
2009-03-16,18275.313749129335,18266.502632666372,6535.134562836928,0.0,0.0,0.0
2009-03-17,18373.925988486302,18365.06732789154,6734.997600913694,0.0,0.0,0.0
2009-03-18,19122.747094121205,19113.52740279054,6885.759789511165,0.0,0.0,0.0
2009-03-19,19256.831874540872,19247.54753662562,6800.471257143773,0.0,0.0,0.0
2009-03-20,19014.958812160763,19005.791089027127,6655.663758478476,0.0,0.0,0.0
2009-03-23,19506.284753819633,19496.880146649277,7133.7320547217105,0.0,0.0,0.0
2009-03-24,19347.71588017644,19338.387724159387,6993.174881003081,0.0,0.0,0.0
2009-03-25,19374.403082736833,19365.06205996121,7066.923019740102,0.0,0.0,0.0
2009-03-26,19708.45966155276,19698.957579357764,7210.951096934365,0.0,0.0,0.0
2009-03-27,19508.580764442988,19499.17505029208,7080.805282044712,0.0,0.0,0.0
2009-03-30,19210.478862094897,19201.216872457582,6836.130465242547,0.0,0.0,0.0
2009-03-31,19394.129253328247,19384.77871993142,6899.467245150593,0.0,0.0,0.0
2009-04-01,19642.52806052042,19633.05776607054,7033.083963515882,0.0,0.0,0.0
2009-04-02,19831.548234648526,19821.98680749412,7238.719676337365,0.0,0.0,0.0
2009-04-03,19744.575841523954,19735.05634655716,7310.72830854279,0.0,0.0,0.0
2009-04-06,19554.755325586546,19545.32734919481,7253.467411847671,0.0,0.0,0.0
2009-04-07,19398.90199114552,19389.5491566583,7084.275734987704,0.0,0.0,0.0
2009-04-08,19612.6942663032,19603.238355684916,7160.629303994663,0.0,0.0,0.0
2009-04-09,19835.18145192463,19825.61827307933,7445.212302244344,0.0,0.0,0.0
2009-04-13,19958.87087012474,19949.248056633274,7446.94550131895,0.0,0.0,0.0
2009-04-14,19893.340586719158,19883.749367484674,7318.538291895608,0.0,0.0,0.0
2009-04-15,20013.476808725783,20003.82766795528,7396.626862107742,0.0,0.0,0.0
2009-04-16,19961.18345641925,19951.559527955564,7505.080881872609,0.0,0.0,0.0
2009-04-17,19790.108964705563,19780.567516755815,7555.40627907345,0.0,0.0,0.0
2009-04-20,19519.253929014118,19509.84306898733,7238.719676337364,0.0,0.0,0.0
2009-04-21,19597.204199879954,19587.75575752083,7380.141872729048,0.0,0.0,0.0
2009-04-22,19513.90386795105,19504.49558736075,7335.025984470154,0.0,0.0,0.0
2009-04-23,19750.691115785663,19741.168672448483,7407.035968273505,0.0,0.0,0.0
2009-04-24,19865.632174016755,19856.054313899094,7518.964495775144,0.0,0.0,0.0
2009-04-27,19734.398129925197,19724.883541960462,7447.8141282531415,0.0,0.0,0.0
2009-04-28,19551.515928836212,19542.08951426182,7424.390035119034,0.0,0.0,0.0
2009-04-29,19761.065695135534,19751.53824988002,7582.302176748475,0.0,0.0,0.0
2009-04-30,19680.87101302721,19671.382232206877,7584.9017500940645,0.0,0.0,0.0
2009-05-01,19692.971871359594,19683.477256326318,7625.683063802195,0.0,0.0,0.0
2009-05-04,20153.171561011182,20143.455068908246,7885.1015613208865,0.0,0.0,0.0
2009-05-05,20096.92468886932,20087.23531519225,7858.209267906997,0.0,0.0,0.0
2009-05-06,20370.18142185288,20360.360302317345,7994.432317607505,0.0,0.0,0.0
2009-05-07,20103.32597190384,20093.63351196237,7883.371515974775,0.0,0.0,0.0
2009-05-08,20415.349071172153,20405.506174860362,8067.314082073545,0.0,0.0,0.0
2009-05-11,20343.145940999722,20333.337856138925,7916.341494732161,0.0,0.0,0.0
2009-05-12,20451.508547957703,20441.64821799933,7892.913797336916,0.0,0.0,0.0
2009-05-13,20259.15548707399,20249.38789671203,7694.2252978584065,0.0,0.0,0.0
2009-05-14,20392.08352879537,20382.25184954975,7760.166156438464,0.0,0.0,0.0
2009-05-15,20320.072596454633,20310.275635995244,7696.829376530417,0.0,0.0,0.0
2009-05-18,20648.36499440022,20638.40975361843,7915.471966732684,0.0,0.0,0.0
2009-05-19,20673.44141615793,20663.474085226793,7905.934190696966,0.0,0.0,0.0
2009-05-20,20829.144538122608,20819.102137709207,7853.004714824116,0.0,0.0,0.0
2009-05-21,20497.83338182879,20487.950717178275,7740.212065714705,0.0,0.0,0.0
2009-05-22,20487.09884757583,20477.221358389474,7723.723472074875,0.0,0.0,0.0
2009-05-26,20568.910211984283,20558.99327890823,7921.547849945614,0.0,0.0,0.0
2009-05-27,20359.20042366424,20349.384598421064,7780.122049292792,0.0,0.0,0.0
2009-05-28,20556.28913731336,20546.378289263277,7888.579673318797,0.0,0.0,0.0
2009-05-29,21068.260205372204,21058.10251960606,8028.270022233803,0.0,0.0,0.0
2009-06-01,21167.097175002193,21156.89183675455,8222.617189171915,0.0,0.0,0.0
2009-06-02,21313.673938674714,21303.397931055628,8229.561699319036,0.0,0.0,0.0
2009-06-03,20992.95892928182,20982.837548682444,8125.444506768144,0.0,0.0,0.0
2009-06-04,21013.470428650253,21003.339158797407,8201.795372579249,0.0,0.0,0.0
2009-06-05,20885.94142422689,20875.871640208206,8203.532626447635,0.0,0.0,0.0
2009-06-08,20748.778732785144,20738.775079310934,8169.6940207560565,0.0,0.0,0.0
2009-06-09,20902.358065603847,20892.280366594423,8211.338555006674,0.0,0.0,0.0
2009-06-10,20891.551097663003,20881.478609040354,8190.517639479292,0.0,0.0,0.0
2009-06-11,21092.06729294131,21081.898129012636,8226.956719581744,0.0,0.0,0.0
2009-06-12,20980.7892608993,20970.6737476884,8249.517592173364,0.0,0.0,0.0
2009-06-15,20731.204960479838,20721.209779886405,8060.368670861142,0.0,0.0,0.0
2009-06-16,20722.130041033077,20712.139235750135,7951.048727357936,0.0,0.0,0.0
2009-06-17,20616.5823507831,20606.642433435874,7943.238293472475,0.0,0.0,0.0
2009-06-18,20496.857130996486,20486.974937027888,8001.369619232353,0.0,0.0,0.0
2009-06-19,20636.17244587777,20626.223083515717,8030.865991318252,0.0,0.0,0.0
2009-06-22,20408.195706707054,20398.356259262317,7790.038272747972,0.0,0.0,0.0
2009-06-23,20613.785478762882,20603.8469098776,7796.148396441708,0.0,0.0,0.0
2009-06-24,20589.689843119933,20579.762891515475,7863.335428310135,0.0,0.0,0.0
2009-06-25,20989.986699789133,20979.866752197177,8034.354916099574,0.0,0.0,0.0
2009-06-26,20976.766905176064,20966.653331272213,8013.412356758793,0.0,0.0,0.0
2009-06-29,21084.8781339505,21074.712436146572,8088.45037045048,0.0,0.0,0.0
2009-06-30,21038.503028484818,21028.359689610585,8023.009603103283,0.0,0.0,0.0
2009-07-01,21114.782630159647,21104.60251443642,8056.167003439831,0.0,0.0,0.0
2009-07-02,20821.617412348456,20811.578641004453,7836.286349536754,0.0,0.0,0.0
2009-07-06,20753.21780903435,20743.212015338722,7835.413217276139,0.0,0.0,0.0
2009-07-07,20588.956537097838,20579.02993904379,7683.590024306251,0.0,0.0,0.0
2009-07-08,20613.034711717224,20603.096504800877,7678.355736068981,0.0,0.0,0.0
2009-07-09,20578.67433697316,20568.75269629845,7693.1899738465945,0.0,0.0,0.0
2009-07-10,20576.22364632011,20566.303187202175,7674.867712352944,0.0,0.0,0.0
2009-07-13,20655.2484851693,20645.289925635243,7861.590064854188,0.0,0.0,0.0
2009-07-14,20644.7056805614,20634.75220405249,7906.093679252311,0.0,0.0,0.0
2009-07-15,20850.782698593317,20840.729865726906,8137.315140825256,0.0,0.0,0.0
2009-07-16,20993.796901097397,20983.67511648486,8124.220860111883,0.0,0.0,0.0
2009-07-17,21021.87962861409,21011.74430441552,8213.22268251642,0.0,0.0,0.0
2009-07-20,21347.979876366982,21337.687328752116,8300.480943595581,0.0,0.0,0.0
2009-07-21,21488.39376591839,21478.03352025189,8338.87083003883,0.0,0.0,0.0
2009-07-22,21410.03630690467,21399.713839889006,8337.1245655176,0.0,0.0,0.0
2009-07-23,21518.171947932944,21507.797345247272,8521.23112549814,0.0,0.0,0.0
2009-07-24,21558.90199587,21548.5077559184,8556.134790355916,0.0,0.0,0.0
2009-07-27,21541.72400717053,21531.3380492797,8581.437604608067,0.0,0.0,0.0
2009-07-28,21481.726327555698,21471.36929647564,8541.298750447735,0.0,0.0,0.0
2009-07-29,21394.843340558087,21384.528198560078,8520.357092172238,0.0,0.0,0.0
2009-07-30,21721.254257960307,21710.78174276217,8609.358914576778,0.0,0.0,0.0
2009-07-31,21989.544007857585,21978.942141543255,8621.573755572546,0.0,0.0,0.0
2009-08-03,22150.342703662995,22139.663311126395,8763.79699900209,0.0,0.0,0.0
2009-08-04,22102.322136546754,22091.66589626982,8786.483119668246,0.0,0.0,0.0
2009-08-05,21996.883364437297,21986.277959583138,8761.180305416097,0.0,0.0,0.0
2009-08-06,21897.899495203994,21887.341813656356,8715.809866214351,0.0,0.0,0.0
2009-08-07,21920.624354137522,21910.055716204595,8830.109096479331,0.0,0.0,0.0
2009-08-10,21924.139824036713,21913.569491182694,8811.785032855112,0.0,0.0,0.0
2009-08-11,21902.416172169396,21891.856312986536,8701.843354305647,0.0,0.0,0.0
2009-08-12,21894.366268780603,21883.810290715046,8795.210838013261,0.0,0.0,0.0
2009-08-13,22173.138336320546,22162.44795327637,8862.393364555266,0.0,0.0,0.0
2009-08-14,22003.1978370894,21992.589387824908,8794.337705752647,0.0,0.0,0.0
2009-08-17,21775.832924216244,21765.334094887938,8577.94958089203,0.0,0.0,0.0
2009-08-18,21937.868812310022,21927.291860269255,8646.004338629366,0.0,0.0,0.0
2009-08-19,22135.55053076779,22124.87827001343,8721.912781385814,0.0,0.0,0.0
2009-08-20,22358.459147783487,22347.679415616483,8811.785032855112,0.0,0.0,0.0
2009-08-21,22420.69381651613,22409.884079013966,8984.548983035213,0.0,0.0,0.0
2009-08-24,22512.683068607344,22501.82898012853,8983.677652905166,0.0,0.0,0.0
2009-08-25,22558.182319234624,22547.30629410389,9001.125881072916,0.0,0.0,0.0
2009-08-26,22585.80664901258,22574.917305304105,9001.999914398815,0.0,0.0,0.0
2009-08-27,22594.87533919159,22583.981623175947,9022.06934147898,0.0,0.0,0.0
2009-08-28,22563.289828194298,22552.411340569248,9020.322175892466,0.0,0.0,0.0
2009-08-31,22442.273737794076,22431.453595917887,8940.050775028796,0.0,0.0,0.0
2009-09-01,22211.965960516143,22201.256857425706,8742.854439661307,0.0,0.0,0.0
2009-09-02,22383.81521569364,22373.02325855089,8709.69703932476,0.0,0.0,0.0
2009-09-03,22508.74314677501,22497.89095785921,8782.122864756877,0.0,0.0,0.0
2009-09-04,22572.129043914654,22561.24629461945,8905.148011236302,0.0,0.0,0.0
2009-09-08,22758.602205507636,22747.629551504553,8981.93409157979,0.0,0.0,0.0
2009-09-09,22829.178950271766,22818.172268950395,9050.86648690416,0.0,0.0,0.0
2009-09-10,23089.005355483467,23077.87340349655,9143.350926633031,0.0,0.0,0.0
2009-09-11,23140.81611670359,23129.65918508254,9141.607365307655,0.0,0.0,0.0
2009-09-14,23045.935383614495,23034.824197046073,9186.108276509924,0.0,0.0,0.0
2009-09-15,23135.49752347819,23124.34315612197,9224.49996508374,0.0,0.0,0.0
2009-09-16,23398.33538980198,23387.054299857962,9364.102910666154,0.0,0.0,0.0
2009-09-17,23447.988589015713,23436.683559667592,9350.142706214441,0.0,0.0,0.0
2009-09-18,23380.817785364827,23369.54514122125,9356.107758397386,0.0,0.0,0.0
2009-09-21,23269.14693198102,23257.92812794701,9332.435872310058,0.0,0.0,0.0
2009-09-22,23488.921374769427,23477.596610408957,9386.789932397596,0.0,0.0,0.0
2009-09-23,23338.05388790985,23326.801861616448,9308.764887288015,0.0,0.0,0.0
2009-09-24,23150.380949717022,23139.219406582386,9206.191219569355,0.0,0.0,0.0
2009-09-25,23175.603778377717,23164.430074506257,9157.09307328591,0.0,0.0,0.0
2009-09-28,23405.34783379213,23394.06336292336,9321.039198592554,0.0,0.0,0.0
2009-09-29,23404.817759294765,23393.53354399195,9292.983629896464,0.0,0.0,0.0
2009-09-30,23511.355376528896,23500.019796014738,9257.04013570045,0.0,0.0,0.0
2009-10-01,23264.242424724056,23253.025985310716,9027.343276588765,0.0,0.0,0.0
2009-10-02,23203.84716250314,23192.65984158793,8985.264428871049,0.0,0.0,0.0
2009-10-05,23443.343424484614,23432.04063471969,9119.396106046392,0.0,0.0,0.0
2009-10-06,23560.538395515796,23549.17910228654,9250.025342461144,0.0,0.0,0.0
2009-10-07,23661.455224620782,23650.04727614289,9275.45160265726,0.0,0.0,0.0
2009-10-08,23738.53603291185,23727.090921297488,9346.46275559282,0.0,0.0,0.0
2009-10-09,23607.70698168713,23596.324946965615,9403.450629506755,0.0,0.0,0.0
2009-10-12,23724.155229535958,23712.71705136937,9440.268157028668,0.0,0.0,0.0
2009-10-13,23823.166043762085,23811.680129297933,9420.979953550104,0.0,0.0,0.0
2009-10-14,23971.8478745502,23960.290275794054,9583.171704747958,0.0,0.0,0.0
2009-10-15,23920.034104878483,23908.501487206948,9618.239363487502,0.0,0.0,0.0
2009-10-16,23883.840463230557,23872.32529567759,9546.347869769053,0.0,0.0,0.0
2009-10-19,24150.097905022663,24138.454366194597,9625.251453530956,0.0,0.0,0.0
2009-10-20,24112.526771170822,24100.90134659462,9574.40073526929,0.0,0.0,0.0
2009-10-21,23994.729524441354,23983.16089370596,9488.487764659787,0.0,0.0,0.0
2009-10-22,24029.966017611634,24018.38039822974,9584.921573530324,0.0,0.0,0.0
2009-10-23,23862.070502692233,23850.565831137326,9475.334914702926,0.0,0.0,0.0
2009-10-26,23592.144790906164,23580.77025921728,9372.766653375973,0.0,0.0,0.0
2009-10-27,23522.04767468136,23510.70693906642,9329.802058483661,0.0,0.0,0.0
2009-10-28,23223.371403130623,23212.17466895114,9153.587929329467,0.0,0.0,0.0
2009-10-29,23545.672896867836,23534.320770773524,9349.968800614546,0.0,0.0,0.0
2009-10-30,23288.379270856218,23277.15119429316,9079.070731372183,0.0,0.0,0.0
2009-11-02,23414.667302858288,23403.37833877378,9145.699102764262,0.0,0.0,0.0
2009-11-03,23405.410315112156,23394.125814119132,9174.627803720969,0.0,0.0,0.0
2009-11-04,23489.727165954202,23478.402013095892,9198.305096200002,0.0,0.0,0.0
2009-11-05,23667.05287148394,23655.64222420049,9367.501728919035,0.0,0.0,0.0
2009-11-06,23670.145781286526,23658.7336428118,9392.0512525934,0.0,0.0,0.0
2009-11-09,24038.24513770795,24026.65552669601,9605.965052182966,0.0,0.0,0.0
2009-11-10,23978.77384158578,23967.212903598203,9607.71401990005,0.0,0.0,0.0
2009-11-11,24104.446712144585,24092.825183224675,9656.810364052924,0.0,0.0,0.0
2009-11-12,23853.322884685076,23841.82243063812,9558.627587465302,0.0,0.0,0.0
2009-11-13,24046.029048072145,24034.435684186705,9610.350536922297,0.0,0.0,0.0
2009-11-16,24445.7553218392,24433.96923706262,9749.742633228156,0.0,0.0,0.0
2009-11-17,24478.75740330629,24466.95540716494,9761.13750481509,0.0,0.0,0.0
2009-11-18,24400.367848315942,24388.603646299936,9755.003052358672,0.0,0.0,0.0
2009-11-19,24200.055569041182,24188.387944016733,9627.884366292072,0.0,0.0,0.0
2009-11-20,24164.304712640216,24152.654324253333,9593.69164194371,0.0,0.0,0.0
2009-11-23,24373.373946272288,24361.622758884536,9715.554414206217,0.0,0.0,0.0
2009-11-24,24351.1419417209,24339.401473097492,9730.459836141301,0.0,0.0,0.0
2009-11-25,24574.811788510528,24562.963481461124,9764.644450902102,0.0,0.0,0.0
2009-11-27,24273.223067831626,24261.520166403065,9605.965052182966,0.0,0.0,0.0
2009-11-30,24377.531203218008,24365.778011482995,9638.405204553106,0.0,0.0,0.0
2009-12-01,24559.965631039202,24548.12448179974,9757.632360858648,0.0,0.0,0.0
2009-12-02,24593.90205589,24582.044544808778,9753.247777184599,0.0,0.0,0.0
2009-12-03,24448.277533945744,24436.4902331296,9676.978007249092,0.0,0.0,0.0
2009-12-04,24274.37372109475,24262.670264899247,9732.212408119523,0.0,0.0,0.0
2009-12-07,24197.30530081197,24185.63900178028,9717.30518405387,0.0,0.0,0.0
2009-12-08,23991.126912826185,23979.560019025703,9609.470196139408,0.0,0.0,0.0
2009-12-09,23942.779117196285,23931.235533422867,9645.416393531274,0.0,0.0,0.0
2009-12-10,23888.742815593654,23877.225284458957,9699.766849357675,0.0,0.0,0.0
2009-12-11,23896.628544555944,23885.107211457722,9740.974366945342,0.0,0.0,0.0
2009-12-14,24055.813885957963,24044.215804487503,9807.60273833742,0.0,0.0,0.0
2009-12-15,23898.29392166865,23886.771785638564,9762.016944532694,0.0,0.0,0.0
2009-12-16,24051.35544231571,24039.759510404314,9776.917861141355,0.0,0.0,0.0
2009-12-17,23813.038507551842,23801.557475898582,9659.443276814034,0.0,0.0,0.0
2009-12-18,23826.04582026784,23814.558517370824,9714.091084184298,0.0,0.0,0.0
2009-12-21,23710.792002211234,23699.36026688628,9812.80909355087,0.0,0.0,0.0
2009-12-22,23742.596678167945,23731.149608785927,9848.066877065432,0.0,0.0,0.0
2009-12-23,23833.56516812848,23822.074239912054,9867.460505182273,0.0,0.0,0.0
2009-12-24,23850.41063095073,23838.911580994954,9914.171729527254,0.0,0.0,0.0
2009-12-28,23888.58112710702,23877.063673927543,9935.326940275161,0.0,0.0,0.0
2009-12-29,23933.82393157944,23922.284665389,9921.223466443224,0.0,0.0,0.0
2009-12-30,23969.335860300085,23957.7794726668,9917.698499050524,0.0,0.0,0.0
2009-12-31,23956.633991442606,23945.083727788766,9822.50725920722,0.0,0.0,0.0
2010-01-04,24281.852410048963,24268.014839524294,9989.093505797251,0.08778310068450439,0.17556620136900877,2.1305086127230677
2010-01-05,24394.701870094254,24380.799989716463,10015.536167634207,0.0,0.0,0.0
2010-01-06,24358.787957755972,24344.906543744848,10022.58700348489,0.0,0.0,0.0
2010-01-07,24325.73902822715,24311.87644790653,10064.898326045988,0.0,0.0,0.0
2010-01-08,24368.638785204614,24354.75175747353,10098.390021603062,0.0,0.0,0.0
2010-01-11,24388.577095685603,24374.678705650986,10112.493495434997,0.0,0.0,0.0
2010-01-12,24380.936347700746,24367.042311921614,10018.179893178729,0.0,0.0,0.0
2010-01-13,24316.887637741325,24303.030101588585,10102.796230843936,0.0,0.0,0.0
2010-01-14,24422.453572452803,24408.53587713091,10130.11653026793,0.0,0.0,0.0
2010-01-15,24345.99060311337,24332.11648196831,10016.418310547666,0.0,0.0,0.0
2010-01-19,24480.72579761029,24466.77489452436,10141.577179620626,0.0,0.0,0.0
2010-01-20,24292.288556619842,24278.445038817692,10038.452961013178,0.0,0.0,0.0
2010-01-21,24117.36218825342,24103.618356254396,9845.423151520905,0.0,0.0,0.0
2010-01-22,23864.78995810391,23851.19006018323,9625.948878061106,0.0,0.0,0.0
2010-01-25,23880.070931439484,23866.46232530567,9675.30923434232,0.0,0.0,0.0
2010-01-26,23815.41277043685,23801.84101123909,9634.763098673424,0.0,0.0,0.0
2010-01-27,23791.986424618724,23778.428015461428,9680.598487561938,0.0,0.0,0.0
2010-01-28,23626.87457414042,23613.410257758125,9569.536784863923,0.0,0.0,0.0
2010-01-29,23643.439535937545,23629.965779631835,9465.532225473584,0.0,0.0,0.0
2010-02-01,23820.064998001246,23806.490587624896,9612.724843946773,0.0,0.0,0.0
2010-02-02,23986.965440584838,23973.295918163258,9729.07219560327,0.0,0.0,0.0
2010-02-03,23789.758258175414,23776.20111878987,9680.59848756194,0.0,0.0,0.0
2010-02-04,23449.64086022094,23436.27754453556,9381.796228591269,0.0,0.0,0.0
2010-02-05,23388.288730518514,23374.960377751413,9401.190757773395,0.0,0.0,0.0
2010-02-08,23293.08365036947,23279.80955240092,9333.31711415823,0.0,0.0,0.0
2010-02-09,23435.61405488221,23422.258732693568,9450.551114054608,0.0,0.0,0.0
2010-02-10,23294.682925202145,23281.407915850144,9432.036925655373,0.0,0.0,0.0
2010-02-11,23378.88407422532,23365.56108091731,9530.756737152517,0.0,0.0,0.0
2010-02-12,23361.369300263017,23348.056288150674,9522.821055192519,0.0,0.0,0.0
2010-02-16,23624.16789150862,23610.705117591504,9672.665508797794,0.0,0.0,0.0
2010-02-17,23553.80219894653,23540.379524533226,9718.498194490454,0.0,0.0,0.0
2010-02-18,23583.248735291418,23569.809280093992,9775.792430601095,0.0,0.0,0.0
2010-02-19,23581.29298766568,23567.854646995896,9796.06279523969,0.0,0.0,0.0
2010-02-22,23553.696606258327,23540.273992019433,9797.827081066609,0.0,0.0,0.0
2010-02-23,23494.573672725757,23481.184751046585,9678.835102800304,0.0,0.0,0.0
2010-02-24,23572.72377470476,23559.290317397525,9767.860352902235,0.0,0.0,0.0
2010-02-25,23600.26011251505,23586.810962994135,9754.634516657334,0.0,0.0,0.0
2010-02-26,23755.8177008842,23742.279903303686,9760.806813855697,0.0,0.0,0.0
2010-03-01,23826.218996109208,23812.641078735884,9862.16944983208,0.0,0.0,0.0
2010-03-02,23912.102211930156,23898.475352036476,9889.492452451928,0.0,0.0,0.0
2010-03-03,23963.790454705293,23950.134139080947,9898.30757412953,0.0,0.0,0.0
2010-03-04,23974.83258477235,23961.169976536923,9928.277005489756,0.0,0.0,0.0
2010-03-05,24063.937985414046,24050.224598422345,10070.181271808611,0.0,0.0,0.0
2010-03-08,24001.87554919223,23988.197529903275,10071.9473597661,0.0,0.0,0.0
2010-03-09,23978.41782967603,23964.753178306557,10088.695460207846,0.0,0.0,0.0
2010-03-10,24022.926430769767,24009.236415153115,10133.644200856477,0.0,0.0,0.0
2010-03-11,24089.05870992036,24075.33100730762,10175.953721287007,0.0,0.0,0.0
2010-03-12,24151.956039918805,24138.19249381995,10176.83856739632,0.0,0.0,0.0
2010-03-15,24081.16127357886,24067.43807150136,10179.478688679706,0.0,0.0,0.0
2010-03-16,24324.142397433716,24310.280726989768,10260.57366321335,0.0,0.0,0.0
2010-03-17,24434.381091627743,24420.456599135472,10321.387460324984,0.0,0.0,0.0
2010-03-18,24350.28955246394,24336.41298146399,10316.097306040081,0.0,0.0,0.0
2010-03-19,24251.42047602135,24237.60024783227,10263.881473872503,0.0,0.0,0.0
2010-03-22,24276.10850817885,24262.274210948402,10318.75544862916,0.0,0.0,0.0
2010-03-23,24317.86371621932,24304.00562382587,10391.330850898492,0.0,0.0,0.0
2010-03-24,23950.601557004204,23936.95275737571,10340.879304557831,0.0,0.0,0.0
2010-03-25,23866.90164124412,23853.300539932367,10324.064525285035,0.0,0.0,0.0
2010-03-26,23996.79889339109,23983.123767150875,10317.87150358513,0.0,0.0,0.0
2010-03-29,24079.812011695984,24066.089578526316,10383.363631653538,0.0,0.0,0.0
2010-03-30,24104.029388022438,24090.29315402542,10390.44059839747,0.0,0.0,0.0
2010-03-31,24189.108988354754,24175.3242697961,10355.039545502685,0.0,0.0,0.0
2010-04-01,24404.621724600773,24390.714191166364,10425.844354488107,0.0,0.0,0.0
2010-04-05,24314.641079836692,24300.784823936498,10510.808503353102,0.0,0.0,0.0
2010-04-06,24361.013590140683,24347.13090780189,10535.589600805566,0.0,0.0,0.0
2010-04-07,24461.764979722502,24447.82488189352,10475.405648327749,0.0,0.0,0.0
2010-04-08,24488.055557700565,24474.100477582724,10511.693349462417,0.0,0.0,0.0
2010-04-09,24611.97916890169,24597.953468071693,10580.724861968076,0.0,0.0,0.0
2010-04-12,24670.937685729477,24656.878386036395,10597.545047632577,0.0,0.0,0.0
2010-04-13,24703.34207666311,24689.264310584622,10605.511365812246,0.0,0.0,0.0
2010-04-14,24793.251365087624,24779.122362138965,10725.875666506743,0.0,0.0,0.0
2010-04-15,24810.292753651156,24796.154039276364,10734.720523338734,0.0,0.0,0.0
2010-04-16,24605.360204972683,24591.33827611109,10563.912785891136,0.0,0.0,0.0
2010-04-19,24542.673262857043,24528.6870575872,10603.739871463054,0.0,0.0,0.0
2010-04-20,24681.97974680278,24667.914154537924,10698.43912966106,0.0,0.0,0.0
2010-04-21,24787.364249547612,24773.23860150677,10678.967108864472,0.0,0.0,0.0
2010-04-22,24731.481307319547,24717.38750545507,10710.82787625672,0.0,0.0,0.0
2010-04-23,24792.79458879406,24778.66584614985,10780.744234871696,0.0,0.0,0.0
2010-04-26,24780.73286405159,24766.610995057876,10740.03320425575,0.0,0.0,0.0
2010-04-27,24618.316816906845,24604.28750442277,10486.028306965929,0.0,0.0,0.0
2010-04-28,24576.87043252347,24562.86473921215,10565.67977491391,0.0,0.0,0.0
2010-04-29,24828.61399063302,24814.464835481118,10696.66853637715,0.0,0.0,0.0
2010-04-30,24831.22034036292,24817.069699922846,10515.23453603024,0.0,0.0,0.0
2010-05-03,24920.71732963442,24906.515687282303,10651.530572018788,0.0,0.0,0.0
2010-05-04,24684.306527729874,24670.239609495544,10401.06325703565,0.0,0.0,0.0
2010-05-05,24546.816747520174,24532.82818099056,10339.108711273922,0.0,0.0,0.0
2010-05-06,24472.520141560817,24458.57391465618,9995.711830311404,0.0,0.0,0.0
2010-05-07,24329.895374554104,24316.03042564419,9847.024344531339,0.0,0.0,0.0
2010-05-10,24665.152769769993,24651.09676674395,10280.697154210586,0.0,0.0,0.0
2010-05-11,24564.52068761348,24550.522032087552,10251.489123015705,0.0,0.0,0.0
2010-05-12,24660.71555769346,24646.662083314488,10394.865730009324,0.0,0.0,0.0
2010-05-13,24569.287642227173,24555.28627014282,10265.649363960563,0.0,0.0,0.0
2010-05-14,24551.21823155953,24537.22715674329,10079.791133067089,0.0,0.0,0.0
2010-05-17,24442.845946724345,24428.916630340245,10085.10111078825,0.0,0.0,0.0
2010-05-18,24414.27625943748,24400.36322414496,9947.919327625106,0.0,0.0,0.0
2010-05-19,24322.816354240094,24308.955439472273,9891.277462780394,0.0,0.0,0.0
2010-05-20,24065.60540112033,24051.891063913536,9517.785001317829,0.0,0.0,0.0
2010-05-21,24328.88194578966,24315.01757440537,9656.740080960735,0.0,0.0,0.0
2010-05-24,24187.076680008406,24173.29311960727,9532.833692633134,0.0,0.0,0.0
2010-05-25,24144.218454481128,24130.459317822806,9542.566999835575,0.0,0.0,0.0
2010-05-26,24133.069427578055,24119.316644448427,9485.042992077402,0.0,0.0,0.0
2010-05-27,24341.310564267762,24327.439110150168,9802.772127347576,0.0,0.0,0.0
2010-05-28,24256.171962951586,24242.349027018696,9679.750585129288,0.0,0.0,0.0
2010-06-01,24171.168336804003,24157.393842137117,9516.903759469651,0.0,0.0,0.0
2010-06-02,24369.43411684239,24355.54663587332,9764.713832929,0.0,0.0,0.0
2010-06-03,24271.595339119307,24257.763613821753,9798.348797866296,0.0,0.0,0.0
2010-06-04,24192.520277925014,24178.73361536475,9454.06616972918,0.0,0.0,0.0
2010-06-07,24151.48101442847,24137.71773903379,9336.352803101485,0.0,0.0,0.0
2010-06-08,24276.085840163003,24262.25155585044,9436.364742216505,0.0,0.0,0.0
2010-06-09,24185.22310492883,24171.440600829967,9385.91049267999,0.0,0.0,0.0
2010-06-10,24284.762279569863,24270.923050789297,9660.277663267418,0.0,0.0,0.0
2010-06-11,24489.482253091337,24475.5263599384,9707.186220909689,0.0,0.0,0.0
2010-06-14,24453.53387729231,24439.598470145836,9692.143837051372,0.0,0.0,0.0
2010-06-15,24669.50102611803,24655.442545138372,9912.515571534464,0.0,0.0,0.0
2010-06-16,24703.972147914472,24689.894022775432,9908.972582836077,0.0,0.0,0.0
2010-06-17,24874.411894154895,24860.236640017247,9924.906120260697,0.0,0.0,0.0
2010-06-18,24882.416274295072,24868.23645867782,9935.670246148531,0.0,0.0,0.0
2010-06-21,24880.15998313352,24865.98145331553,9907.21009913973,0.0,0.0,0.0
2010-06-22,24826.42480214793,24812.276894555293,9743.587456270196,0.0,0.0,0.0
2010-06-23,24898.859949913603,24884.67076349064,9713.354913846917,0.0,0.0,0.0
2010-06-24,24719.20999708462,24705.12318830773,9552.400325284589,0.0,0.0,0.0
2010-06-25,24851.065574862438,24836.903625160314,9592.416634566238,0.0,0.0,0.0
2010-06-28,24852.106671529327,24837.94412853439,9562.181388947105,0.0,0.0,0.0
2010-06-29,24593.64290315848,24579.627651670075,9266.945546372219,0.0,0.0,0.0
2010-06-30,24632.064385030444,24618.027238179355,9178.910567017878,0.0,0.0,0.0
2010-07-01,24592.894910014984,24578.880084787623,9138.002203104643,0.0,0.0,0.0
2010-07-02,24505.999172758784,24492.03386706034,9088.206632291049,0.0,0.0,0.0
2010-07-06,24630.04059730448,24616.00460375525,9147.788673158866,0.0,0.0,0.0
2010-07-07,24821.73262317111,24807.587389524288,9435.90519892145,0.0,0.0,0.0
2010-07-08,24850.93793296047,24836.776055998016,9529.276286890201,0.0,0.0,0.0
2010-07-09,24856.890839720225,24842.725570357314,9600.418094292001,0.0,0.0,0.0
2010-07-12,24805.99071129222,24791.854448534934,9606.640851146292,0.0,0.0,0.0
2010-07-13,24852.733723758935,24838.5708234239,9751.592520257098,0.0,0.0,0.0
2010-07-14,24979.87971037584,24965.64435298411,9750.705872017217,0.0,0.0,0.0
2010-07-15,25101.997784920353,25087.692835742942,9753.371223128568,0.0,0.0,0.0
2010-07-16,24822.584452146726,24808.438733065625,9484.816824691014,0.0,0.0,0.0
2010-07-19,24794.927452846106,24780.797494740393,9540.840558750606,0.0,0.0,0.0
2010-07-20,24945.201055887308,24930.985460922224,9646.658962558507,0.0,0.0,0.0
2010-07-21,25027.247911349674,25012.98556010218,9521.278431425575,0.0,0.0,0.0
2010-07-22,25199.123992119275,25184.763693345005,9733.807293672968,0.0,0.0,0.0
2010-07-23,25122.156717912487,25107.840280704746,9818.286669414938,0.0,0.0,0.0
2010-07-26,25175.19798639261,25160.851322401468,9920.551271741038,0.0,0.0,0.0
2010-07-27,25073.08065313455,25058.792183047935,9919.662821370588,0.0,0.0,0.0
2010-07-28,25061.462991501012,25047.18114200534,9855.632221193528,0.0,0.0,0.0
2010-07-29,25078.92033609561,25064.628538131718,9807.617155381971,0.0,0.0,0.0
2010-07-30,25306.234493359963,25291.813155209868,9805.836650379933,0.0,0.0,0.0
2010-08-02,25444.344870736975,25429.844827220633,10027.259928049958,0.0,0.0,0.0
2010-08-03,25462.792166349525,25448.281610218673,9979.243961173117,0.0,0.0,0.0
2010-08-04,25450.878858100907,25436.375091042002,10045.938110330959,0.0,0.0,0.0
2010-08-05,25456.90528552875,25442.39808417196,10035.264992036857,0.0,0.0,0.0
2010-08-06,25580.01969066177,25565.44232973746,9994.357529188905,0.0,0.0,0.0
2010-08-09,25606.81174997841,25592.219120984595,10047.712307876007,0.0,0.0,0.0
2010-08-10,25564.021161276294,25549.452917480892,9993.467276687885,0.0,0.0,0.0
2010-08-11,25328.38503489416,25313.95107374993,9719.578571766491,0.0,0.0,0.0
2010-08-12,25232.03911090279,25217.66005469314,9659.998333029243,0.0,0.0,0.0
2010-08-13,25375.94489105473,25361.483826835636,9631.54359241215,0.0,0.0,0.0
2010-08-16,25737.83352099367,25723.166226238525,9627.092329907053,0.0,0.0,0.0
2010-08-17,25782.454342807912,25767.76161985403,9745.368862337518,0.0,0.0,0.0
2010-08-18,25831.325043097895,25816.60447005456,9763.151385725794,0.0,0.0,0.0
2010-08-19,25869.319575518904,25854.577350419822,9593.304183871403,0.0,0.0,0.0
2010-08-20,25799.824802786872,25785.122180877966,9562.181388947105,0.0,0.0,0.0
2010-08-23,25719.8983492257,25705.241275239547,9525.720683277827,0.0,0.0,0.0
2010-08-24,25831.281665554732,25816.561117231082,9384.326419909958,0.0,0.0,0.0
2010-08-25,25804.919498037172,25790.213972799324,9420.788026644519,0.0,0.0,0.0
2010-08-26,25947.06357117606,25932.277041877915,9357.651283229616,0.0,0.0,0.0
2010-08-27,25791.38686414342,25776.689050787383,9502.599348079284,0.0,0.0,0.0
2010-08-30,25884.69735044717,25869.946361970346,9364.766094715495,0.0,0.0,0.0
2010-08-31,25986.96604914737,25972.156780506957,9364.766094715495,0.0,0.0,0.0
2010-09-01,26047.24250472947,26032.39888616834,9644.878457556464,0.0,0.0,0.0
2010-09-02,26017.83111971837,26003.004261909566,9734.698447239267,0.0,0.0,0.0
2010-09-03,26027.995283658533,26013.16263356778,9860.973736199641,0.0,0.0,0.0
2010-09-07,26134.49173722541,26119.59839768799,9749.812015255055,0.0,0.0,0.0
2010-09-08,26141.724816223374,26126.827354749992,9818.286669414934,0.0,0.0,0.0
2010-09-09,25951.711539793934,25936.92236174427,9863.637285180424,0.0,0.0,0.0
2010-09-10,25985.376969680565,25970.56860661353,9913.435559189871,0.0,0.0,0.0
2010-09-13,26190.396432068406,26175.4712339584,10023.7034233723,0.0,0.0,0.0
2010-09-14,26387.391125768332,26372.35366571385,10017.477963322157,0.0,0.0,0.0
2010-09-15,26203.998320914976,26189.065371456636,10055.717371862904,0.0,0.0,0.0
2010-09-16,26041.6887825501,26026.84832890493,10053.048416490416,0.0,0.0,0.0
2010-09-17,26051.866249506267,26037.019995998122,10056.804056595929,0.0,0.0,0.0
2010-09-20,26305.377834075483,26290.38711117633,10210.576253776044,0.0,0.0,0.0
2010-09-21,26478.250562270157,26463.161323881825,10190.013943985294,0.0,0.0,0.0
2010-09-22,26639.011799107513,26623.830947241153,10139.945350390519,0.0,0.0,0.0
2010-09-23,26581.03956400866,26565.891748950122,10057.697012292801,0.0,0.0,0.0
2010-09-24,26664.836845996306,26649.64127713465,10265.109625855184,0.0,0.0,0.0
2010-09-27,26787.070086763466,26771.804860486023,10215.94029541427,0.0,0.0,0.0
2010-09-28,26979.184757442894,26963.81005021402,10251.701774422827,0.0,0.0,0.0
2010-09-29,26957.691603918895,26942.32914505652,10233.821034918548,0.0,0.0,0.0
2010-09-30,26896.064886299377,26880.737546835513,10203.422696482934,0.0,0.0,0.0
2010-10-01,26971.115011008562,26955.744902509774,10246.336831719316,0.0,0.0,0.0
2010-10-04,26912.56766306282,26897.230919113103,10169.451634194542,0.0,0.0,0.0
2010-10-05,27175.696389255652,27160.209695366193,10374.184479601023,0.0,0.0,0.0
2010-10-06,27439.27936236841,27423.64245967618,10373.287919643013,0.0,0.0,0.0
2010-10-07,27254.319423071418,27238.787924042837,10360.772122842245,0.0,0.0,0.0
2010-10-08,27377.761401840624,27362.159556569175,10418.882724100584,0.0,0.0,0.0
2010-10-11,27328.4786587676,27312.904898397635,10428.718752745452,0.0,0.0,0.0
2010-10-12,27232.7981744998,27217.27893984833,10460.899398313675,0.0,0.0,0.0
2010-10-13,27412.00563080173,27396.384270670984,10542.26108817151,0.0,0.0,0.0
2010-10-14,27341.474441676703,27325.89327536178,10501.129260067733,0.0,0.0,0.0
2010-10-15,27099.464306110298,27084.021054821875,10522.586327685925,0.0,0.0,0.0
2010-10-18,27215.24746018364,27199.738227209262,10574.44083267445,0.0,0.0,0.0
2010-10-19,26966.242268329555,26950.87493667494,10435.868705777424,0.0,0.0,0.0
2010-10-20,27203.47634562927,27187.973820694504,10537.785496903733,0.0,0.0,0.0
2010-10-21,27056.109850720353,27040.691305962715,10561.030278046237,0.0,0.0,0.0
2010-10-22,27094.933707180808,27079.493037758097,10580.698731074828,0.0,0.0,0.0
2010-10-25,27277.129408399014,27261.58491057712,10611.990926272603,0.0,0.0,0.0
2010-10-26,27094.7846618748,27079.34407738898,10613.777738731633,0.0,0.0,0.0
2010-10-27,26822.317776251326,26807.032463269577,10583.376697100164,0.0,0.0,0.0
2010-10-28,26953.560036395513,26938.199932001648,10585.171619146753,0.0,0.0,0.0
2010-10-29,27090.112482608158,27074.674560670846,10593.215428940883,0.0,0.0,0.0
2010-11-01,27108.239048194613,27092.79079641815,10596.79265812008,0.0,0.0,0.0
2010-11-02,27398.164100048423,27382.55062783144,10680.827808676824,0.0,0.0,0.0
2010-11-03,27213.22760078449,27197.719518873317,10723.739240717354,0.0,0.0,0.0
2010-11-04,27570.339501552065,27554.627911233518,10930.262502844003,0.0,0.0,0.0
2010-11-05,27407.372740862087,27391.754020889926,10971.388023490788,0.0,0.0,0.0
2010-11-08,27397.96421202173,27382.350853715525,10950.823010504188,0.0,0.0,0.0
2010-11-09,26973.93984686859,26958.568128572293,10872.146495193962,0.0,0.0,0.0
2010-11-10,27057.309314774204,27041.890086474457,10915.958091453642,0.0,0.0,0.0
2010-11-11,27018.72242198562,27003.32518331176,10874.829867611004,0.0,0.0,0.0
2010-11-12,26635.63768490397,26620.45875585397,10746.091967228278,0.0,0.0,0.0
2010-11-15,26292.783390519944,26277.799844853304,10730.897303336891,0.0,0.0,0.0
2010-11-16,26217.623270689626,26202.682556741147,10563.71184833271,0.0,0.0,0.0
2010-11-17,26217.364061199067,26202.423494967064,10569.075889970938,0.0,0.0,0.0
2010-11-18,26517.263029010996,26502.1515584737,10724.637602805937,0.0,0.0,0.0
2010-11-19,26624.505706750202,26609.33312151328,10754.140282348826,0.0,0.0,0.0
2010-11-22,26678.00244564654,26662.79937406595,10745.19450620498,0.0,0.0,0.0
2010-11-23,26480.47575266682,26465.385246202695,10589.637298696403,0.0,0.0,0.0
2010-11-24,26451.09529563852,26436.021532301704,10746.091967228274,0.0,0.0,0.0
2010-11-26,26407.500404142873,26392.451484354875,10620.929493894175,0.0,0.0,0.0
2010-11-29,26524.95226887326,26509.83641644627,10653.114644788819,0.0,0.0,0.0
2010-11-30,26487.37123970984,26472.276803694276,10593.215428940883,0.0,0.0,0.0
2010-12-01,26577.297518299707,26562.151835731736,10818.508782007546,0.0,0.0,0.0
2010-12-02,26715.31530213269,26700.09096696503,10957.080007839284,0.0,0.0,0.0
2010-12-03,26750.776601998383,26735.532058395645,10986.583588447458,0.0,0.0,0.0
2010-12-06,26866.29354245155,26850.983168870793,10974.960747343563,0.0,0.0,0.0
2010-12-07,26584.76175418774,26569.61181795375,10981.217744678665,0.0,0.0,0.0
2010-12-08,26426.370422392272,26411.310749091565,11021.452111759145,0.0,0.0,0.0
2010-12-09,26453.270646818735,26438.19564380816,11064.361741669107,0.0,0.0,0.0
2010-12-10,26462.33106761635,26447.250901317173,11128.73474665425,0.0,0.0,0.0
2010-12-13,26592.548507013686,26577.394133320002,11135.881996490369,0.0,0.0,0.0
2010-12-14,26367.35000925512,26352.323970090536,11145.718926200518,0.0,0.0,0.0
2010-12-15,26164.60317235597,26149.6926731266,11094.760080104721,0.0,0.0,0.0
2010-12-16,26233.238012963815,26218.288400596313,11159.130381894014,0.0,0.0,0.0
2010-12-17,26519.67080268023,26504.55796001788,11171.082111826727,0.0,0.0,0.0
2010-12-20,26501.02885445866,26485.92663533808,11198.04288620223,0.0,0.0,0.0
2010-12-21,26657.260217806077,26642.06896665976,11269.042325289092,0.0,0.0,0.0
2010-12-22,26663.68876720029,26648.493852597658,11304.09016059238,0.0,0.0,0.0
2010-12-23,26637.40313555147,26622.223200418928,11287.916038736816,0.0,0.0,0.0
2010-12-27,26662.7934414624,26647.59903708168,11292.412354506134,0.0,0.0,0.0
2010-12-28,26538.805211768642,26523.681464924408,11308.589179557552,0.0,0.0,0.0
2010-12-29,26784.207809643332,26768.94421450014,11316.676240485333,0.0,0.0,0.0
2010-12-30,26747.151164876665,26731.90868731243,11298.700889126187,0.0,0.0,0.0
2010-12-31,27038.743448874033,27023.3348007588,11301.395975391926,0.0,0.0,0.0
2011-01-03,27020.619629060988,27004.767521727015,11418.230803367302,0.016803694661352113,0.033607389322704226,0.4537874931423751
2011-01-04,26952.480042468276,26936.667910384876,11411.941367681964,0.0,0.0,0.0
2011-01-05,26752.771487890735,26737.07651823685,11471.253990029734,0.0,0.0,0.0
2011-01-06,26649.819662211994,26634.185091002455,11448.781421835987,0.0,0.0,0.0
2011-01-07,26657.323676892396,26641.68470332467,11426.3169632298,0.0,0.0,0.0
2011-01-10,26645.12571856835,26629.493901140904,11411.941367681962,0.0,0.0,0.0
2011-01-11,26748.182063570763,26732.489786380924,11452.380276582007,0.0,0.0,0.0
2011-01-12,26881.68423203198,26865.91363351818,11555.735167902272,0.0,0.0,0.0
2011-01-13,26908.773176376588,26892.986685671593,11536.859652323981,0.0,0.0,0.0
2011-01-14,26857.138296666348,26841.382098444148,11620.441567042657,0.0,0.0,0.0
2011-01-18,26845.043061565302,26829.29395921906,11640.214543644242,0.0,0.0,0.0
2011-01-19,26812.358493825075,26796.628566437914,11526.074801934607,0.0,0.0,0.0
2011-01-20,26516.58404170723,26501.02763544675,11510.800844298192,0.0,0.0,0.0
2011-01-21,26571.437633462563,26555.849046406973,11536.859652323983,0.0,0.0,0.0
2011-01-24,26629.509553225667,26613.886897287946,11602.468918879367,0.0,0.0,0.0
2011-01-25,26696.854826084273,26681.192660893677,11608.756552434139,0.0,0.0,0.0
2011-01-26,26655.923152628402,26640.28500070211,11653.695381364641,0.0,0.0,0.0
2011-01-27,26637.37970224898,26621.75242915412,11682.452879917306,0.0,0.0,0.0
2011-01-28,26511.427900017883,26495.874518695862,11478.44719419536,0.0,0.0,0.0
2011-01-31,26536.862258661786,26521.293955839497,11564.719689853353,0.0,0.0,0.0
2011-02-01,26708.821350953713,26693.152165397216,11749.858870649852,0.0,0.0,0.0
2011-02-02,26688.466252431186,26672.809008540382,11727.387203521388,0.0,0.0,0.0
2011-02-03,26619.246866690486,26603.63023153285,11753.4505168736,0.0,0.0,0.0
2011-02-04,26475.992209788787,26460.459617418783,11786.704331195584,0.0,0.0,0.0
2011-02-07,26536.281397285053,26520.71343523499,11860.398856548181,0.0,0.0,0.0
2011-02-08,26545.772004836585,26530.198474959743,11914.32400956033,0.0,0.0,0.0
2011-02-09,26522.55002691187,26506.990120604423,11887.361433054257,0.0,0.0,0.0
2011-02-10,26330.343910877702,26314.89676556624,11891.85684775829,0.0,0.0,0.0
2011-02-11,26492.648351105963,26477.105987126593,11962.855385779867,0.0,0.0,0.0
2011-02-14,26572.024590465797,26556.435659061866,11991.613785397816,0.0,0.0,0.0
2011-02-15,26572.788065893004,26557.198686583193,11953.86275424123,0.0,0.0,0.0
2011-02-16,26664.740711599658,26649.09738670202,12029.363014423832,0.0,0.0,0.0
2011-02-17,26748.989671998894,26733.296921011795,12065.309211815698,0.0,0.0,0.0
2011-02-18,26791.87659649676,26776.158685163984,12090.469657752907,0.0,0.0,0.0
2011-02-22,26701.502204748555,26685.83731309401,11847.815479851082,0.0,0.0,0.0
2011-02-23,26794.590202859246,26778.870699543015,11775.02652510934,0.0,0.0,0.0
2011-02-24,26860.51414211079,26844.755963391286,11766.933156724568,0.0,0.0,0.0
2011-02-25,27100.021604453264,27084.122914596246,11892.751605585736,0.0,0.0,0.0
2011-02-28,27230.312127073066,27214.337000058887,11966.44883413419,0.0,0.0,0.0
2011-03-01,27218.915093283555,27202.946652533625,11766.93315672457,0.0,0.0,0.0
2011-03-02,27143.833004253953,27127.908611692055,11792.094503727065,0.0,0.0,0.0
2011-03-03,27170.869324033985,27154.92907015399,11995.209035882706,0.0,0.0,0.0
2011-03-04,27254.719362543245,27238.72991660812,11905.334982282839,0.0,0.0,0.0
2011-03-07,27071.4867624122,27055.60481300692,11811.867480328652,0.0,0.0,0.0
2011-03-08,27085.754666657587,27069.86434674295,11915.217866322497,0.0,0.0,0.0
2011-03-09,27172.87808879978,27156.936656443675,11898.14448131307,0.0,0.0,0.0
2011-03-10,27096.44769250419,27080.551099343567,11677.961970539707,0.0,0.0,0.0
2011-03-11,27076.81323014331,27060.92815587489,11758.842491535655,0.0,0.0,0.0
2011-03-14,27024.94958545908,27009.094937882335,11687.845755644648,0.0,0.0,0.0
2011-03-15,26855.846299336295,26840.090859086362,11553.936641594562,0.0,0.0,0.0
2011-03-16,26802.253079559458,26786.529080685923,11340.040863310685,0.0,0.0,0.0
2011-03-17,26969.65900358158,26953.836793167662,11490.125901346906,0.0,0.0,0.0
2011-03-18,27094.27132374225,27078.376007385486,11531.921814565307,0.0,0.0,0.0
2011-03-21,27263.896502444913,27247.901672584154,11710.64090521022,0.0,0.0,0.0
2011-03-22,27280.377708088112,27264.37320924698,11670.019080057435,0.0,0.0,0.0
2011-03-23,27330.91448935482,27314.880342249064,11703.419768020778,0.0,0.0,0.0
2011-03-24,27406.751647098212,27390.673008830487,11815.345592326565,0.0,0.0,0.0
2011-03-25,27332.17974321507,27316.144853826565,11851.448575077922,0.0,0.0,0.0
2011-03-28,27273.337929617926,27257.3375607829,11822.565828450724,0.0,0.0,0.0
2011-03-29,27289.993433877822,27273.983293807167,11901.99653540402,0.0,0.0,0.0
2011-03-30,27468.87777064433,27452.762685026693,11984.134042471751,0.0,0.0,0.0
2011-03-31,27528.408685304046,27512.258674860037,11967.886033262863,0.0,0.0,0.0
2011-04-01,27716.77625251842,27700.51573302855,12018.433092523672,0.0,0.0,0.0
2011-04-04,27811.847351365574,27795.53105679416,12028.362831958117,0.0,0.0,0.0
2011-04-05,27816.14279523479,27799.823980667974,12026.562503519823,0.0,0.0,0.0
2011-04-06,27705.521284149978,27689.267367579258,12064.465814709478,0.0,0.0,0.0
2011-04-07,27643.582923006164,27627.365343631347,12033.779135382843,0.0,0.0,0.0
2011-04-08,27737.370873063734,27721.098271388495,11992.258047076191,0.0,0.0,0.0
2011-04-11,27628.045704227,27611.83724002656,11956.155965390119,0.0,0.0,0.0
2011-04-12,27594.610235327193,27578.421386614817,11866.791013675953,0.0,0.0,0.0
2011-04-13,27701.351594980824,27685.100124629364,11865.891750522089,0.0,0.0,0.0
2011-04-14,27781.8629909464,27765.5642872114,11874.915919345678,0.0,0.0,0.0
2011-04-15,28012.650372342185,27996.216273253878,11918.241841417048,0.0,0.0,0.0
2011-04-18,27785.641467484493,27769.34054704179,11784.652605542935,0.0,0.0,0.0
2011-04-19,27978.390307251335,27961.976307414512,11852.349640362352,0.0,0.0,0.0
2011-04-20,28165.078402641604,28148.55487904971,12013.920557579231,0.0,0.0,0.0
2011-04-21,28221.816510928762,28205.25970095799,12075.297520493637,0.0,0.0,0.0
2011-04-25,28233.794771080284,28217.230933858904,12062.66188201004,0.0,0.0,0.0
2011-04-26,28413.51452665229,28396.845253771244,12166.46099851553,0.0,0.0,0.0
2011-04-27,28420.584720027597,28403.911299297026,12245.898913991103,0.0,0.0,0.0
2011-04-28,28497.235703433034,28480.517314095792,12285.615168533035,0.0,0.0,0.0
2011-04-29,28629.38157218298,28612.58565721813,12314.492508768526,0.0,0.0,0.0
2011-05-02,28617.62085816961,28600.831842828204,12295.535897314636,0.0,0.0,0.0
2011-05-03,28517.18554639357,28500.455453140716,12251.314316350541,0.0,0.0,0.0
2011-05-04,28417.011545215013,28400.34022074839,12170.071567110252,0.0,0.0,0.0
2011-05-05,28138.974169211964,28122.465960113816,12059.955081895609,0.0,0.0,0.0
2011-05-06,28164.526519010935,28148.003319190986,12113.203534879147,0.0,0.0,0.0
2011-05-09,28339.55030563088,28322.92442512154,12160.14453087166,0.0,0.0,0.0
2011-05-10,28405.45853047739,28388.793983783893,12263.949053768854,0.0,0.0,0.0
2011-05-11,28165.381413801526,28148.857712442972,12134.871451773897,0.0,0.0,0.0
2011-05-12,28133.853234698377,28117.348029883793,12192.642351420001,0.0,0.0,0.0
2011-05-13,28020.00148651981,28003.563074775004,12098.767567957253,0.0,0.0,0.0
2011-05-16,28022.938085263486,28006.497950712946,12022.043661118394,0.0,0.0,0.0
2011-05-17,28130.0369730888,28113.534007149174,12020.237926288391,0.0,0.0,0.0
2011-05-18,28182.712562220673,28166.178693248326,12127.648512453885,0.0,0.0,0.0
2011-05-19,28122.242386624803,28105.743993512267,12156.535764407508,0.0,0.0,0.0
2011-05-20,28058.89692068373,28042.435690269118,12059.955081895609,0.0,0.0,0.0
2011-05-23,27903.14268381642,27886.772829281213,11920.045774116486,0.0,0.0,0.0
2011-05-24,28042.932894985155,28026.481030138486,11910.117836812607,0.0,0.0,0.0
2011-05-25,28071.15680385174,28054.688380967586,11949.835893485108,0.0,0.0,0.0
2011-05-26,28266.27677113827,28249.693877797585,12004.893685559788,0.0,0.0,0.0
2011-05-27,28374.86323318986,28358.216635749308,12050.930913072014,0.0,0.0,0.0
2011-05-31,28562.192711361986,28545.43621388822,12176.391639015259,0.0,0.0,0.0
2011-06-01,28517.136830246083,28500.40676557339,11902.897600688444,0.0,0.0,0.0
2011-06-02,28363.274524699566,28346.6347259725,11890.261962204846,0.0,0.0,0.0
2011-06-03,28377.978346453223,28361.32992147835,11772.015164928765,0.0,0.0,0.0
2011-06-06,28112.190893531755,28095.698397299067,11647.452801074098,0.0,0.0,0.0
2011-06-07,28240.45829482111,28223.89054832989,11640.23436708051,0.0,0.0,0.0
2011-06-08,28252.031071904967,28235.456536046702,11591.491240519132,0.0,0.0,0.0
2011-06-09,28340.848772755406,28324.22213047818,11679.948819491874,0.0,0.0,0.0
2011-06-10,28145.69475641034,28129.18260456509,11517.475034859992,0.0,0.0,0.0
2011-06-13,28102.96191460608,28086.474832711272,11526.50280794472,0.0,0.0,0.0
2011-06-14,28110.38976487419,28093.89832530434,11672.729484432997,0.0,0.0,0.0
2011-06-15,27987.468284991817,27971.048959404536,11465.121339703892,0.0,0.0,0.0
2011-06-16,27955.859538242443,27939.458756465523,11490.397121997508,0.0,0.0,0.0
2011-06-17,27984.38947363838,27967.97195428829,11524.688062461872,0.0,0.0,0.0
2011-06-20,27976.04521009467,27959.63258604909,11583.64836828343,0.0,0.0,0.0
2011-06-21,28163.011380833563,28146.489069895266,11742.389940507193,0.0,0.0,0.0
2011-06-22,28077.579363549437,28061.107172761098,11671.637393308267,0.0,0.0,0.0
2011-06-23,28117.04108918976,28100.545747507065,11638.076315724293,0.0,0.0,0.0
2011-06-24,27971.18134551986,27954.77157494339,11502.916523059414,0.0,0.0,0.0
2011-06-27,27853.389845103713,27837.049178919857,11605.419006620605,0.0,0.0,0.0
2011-06-28,27933.636898508867,27917.249154022542,11756.90790436997,0.0,0.0,0.0
2011-06-29,28040.936332081572,28024.48563855258,11857.592038187175,0.0,0.0,0.0
2011-06-30,28122.56349224299,28106.064910748362,11970.98119251488,0.0,0.0,0.0
2011-07-01,28256.649227488415,28240.071982310415,12147.863011044838,0.0,0.0,0.0
2011-07-05,28281.776301408037,28265.184315003593,12137.884614085031,0.0,0.0,0.0
2011-07-06,28320.067285330937,28303.45283486773,12152.400775817241,0.0,0.0,0.0
2011-07-07,28476.315009955073,28459.608894099452,12278.48233574146,0.0,0.0,0.0
2011-07-08,28572.146746880913,28555.384409702445,12191.404287719188,0.0,0.0,0.0
2011-07-11,28437.817796604784,28421.134265795936,11970.98119251488,0.0,0.0,0.0
2011-07-12,28457.0600624415,28440.365242829226,11919.27356116772,0.0,0.0,0.0
2011-07-13,28726.39617481727,28709.543344581227,11959.188951137512,0.0,0.0,0.0
2011-07-14,28430.17563740889,28413.49659000307,11876.64236043065,0.0,0.0,0.0
2011-07-15,28496.977835234058,28480.259597179593,11945.582865342581,0.0,0.0,0.0
2011-07-18,28308.018862862144,28291.411480811457,11847.614542292655,0.0,0.0,0.0
2011-07-19,28683.309339333973,28666.481786724802,12039.918093165674,0.0,0.0,0.0
2011-07-20,28647.658201454335,28630.851564193214,12032.66181443014,0.0,0.0,0.0
2011-07-21,28685.664453898135,28668.835519620832,12199.565236000291,0.0,0.0,0.0
2011-07-22,28813.643335073728,28796.739319803146,12207.731590673104,0.0,0.0,0.0
2011-07-25,28699.02631365033,28682.189540410123,12139.696656372025,0.0,0.0,0.0
2011-07-26,28802.286601775897,28785.389249126587,12094.3424363454,0.0,0.0,0.0
2011-07-27,28591.556055008357,28574.782331028255,11846.707169551231,0.0,0.0,0.0
2011-07-28,28659.4183360789,28642.604799534238,11812.238719225834,0.0,0.0,0.0
2011-07-29,28959.20503051131,28942.215618989583,11731.504170805963,0.0,0.0,0.0
2011-08-01,29023.639477539742,29006.61226445076,11681.616691333358,0.0,0.0,0.0
2011-08-02,29188.0628926249,29170.939217735267,11383.18026486817,0.0,0.0,0.0
2011-08-03,29195.424245968075,29178.296252414955,11444.862688913998,0.0,0.0,0.0
2011-08-04,28960.65088173622,28943.660621981217,10908.76849154916,0.0,0.0,0.0
2011-08-05,28627.82006442071,28611.02506554102,10892.438485399389,0.0,0.0,0.0
2011-08-08,28268.780564717184,28252.196202483305,10183.091059405006,0.0,0.0,0.0
2011-08-09,28889.39698246101,28872.448525021235,10656.594558917304,0.0,0.0,0.0
2011-08-10,29014.334382821064,28997.312628724605,10185.806870172284,0.0,0.0,0.0
2011-08-11,28609.042555267235,28592.258572533534,10642.984868861236,0.0,0.0,0.0
2011-08-12,28964.94505126813,28947.952272265335,10714.650195193291,0.0,0.0,0.0
2011-08-15,29074.897961065442,29057.840676312906,10941.423097456995,0.0,0.0,0.0
2011-08-16,29236.3462244264,29219.194223296712,10847.992539179471,0.0,0.0,0.0
2011-08-17,29557.41468301185,29540.074321595202,10855.247015784436,0.0,0.0,0.0
2011-08-18,29313.033790592217,29295.836799393957,10387.185049524825,0.0,0.0,0.0
2011-08-19,29384.464558805532,29367.225661528868,10217.559509730403,0.0,0.0,0.0
2011-08-22,29448.274414767027,29430.998082350106,10225.723161207363,0.0,0.0,0.0
2011-08-23,29413.867624043945,29396.611476957594,10562.255726833077,0.0,0.0,0.0
2011-08-24,28841.103686838323,28824.18356148405,10711.021605292884,0.0,0.0,0.0
2011-08-25,28890.967494801032,28874.01811599341,10547.738664035582,0.0,0.0,0.0
2011-08-26,29247.744084033304,29230.585396154886,10701.040505137222,0.0,0.0,0.0
2011-08-29,29255.0304161299,29237.867453600495,11008.548856886078,0.0,0.0,0.0
2011-08-30,29616.614133354025,29599.239041570207,11037.575773958788,0.0,0.0,0.0
2011-08-31,29510.126602071196,29492.813983013715,11086.559484951109,0.0,0.0,0.0
2011-09-01,29664.380677325804,29646.977562484328,10970.451816660272,0.0,0.0,0.0
2011-09-02,30031.770154250633,30014.151504106794,10690.157438631846,0.0,0.0,0.0
2011-09-06,29913.325571264824,29895.776408655627,10612.142305240395,0.0,0.0,0.0
2011-09-07,29859.083373376365,29841.56603287765,10911.486104447007,0.0,0.0,0.0
2011-09-08,29926.09031143158,29908.533660169873,10798.099653315156,0.0,0.0,0.0
2011-09-09,29725.896046242586,29708.4568423608,10515.088563454166,0.0,0.0,0.0
2011-09-12,29599.06364422441,29581.698848734362,10583.119893494106,0.0,0.0,0.0
2011-09-13,29457.71739631977,29440.435524016673,10680.18084380261,0.0,0.0,0.0
2011-09-14,29555.542674240005,29538.20341106923,10828.037547390426,0.0,0.0,0.0
2011-09-15,29524.480354551844,29507.159314620676,11014.89776288019,0.0,0.0,0.0
2011-09-16,29623.682975323492,29606.303736482976,11080.089836208881,0.0,0.0,0.0
2011-09-19,29565.524643147714,29548.179523884643,10969.761600652395,0.0,0.0,0.0
2011-09-20,29655.975489945093,29638.57730615014,10956.999813028975,0.0,0.0,0.0
2011-09-21,29716.934088353097,29699.500142156754,10634.22291003541,0.0,0.0,0.0
2011-09-22,29696.27463161316,29678.852805639457,10290.480020003672,0.0,0.0,0.0
2011-09-23,29326.348246025227,29309.143443674606,10352.48142116019,0.0,0.0,0.0
2011-09-26,29167.67018000086,29150.558468843883,10598.661467519996,0.0,0.0,0.0
2011-09-27,29271.22890131953,29254.05643567253,10717.198407817663,0.0,0.0,0.0
2011-09-28,28988.599920317025,28971.593263781884,10498.370198166802,0.0,0.0,0.0
2011-09-29,29256.070811012647,29238.90723811784,10581.342091687917,0.0,0.0,0.0
2011-09-30,29198.018402725033,29180.88888726561,10316.921780775341,0.0,0.0,0.0
2011-10-03,29444.81287087009,29427.538569226934,10023.324975952839,0.0,0.0,0.0
2011-10-04,29358.660089659574,29341.436331014826,10243.065964736828,0.0,0.0,0.0
2011-10-05,29496.9906221928,29479.685709581954,10432.718581543048,0.0,0.0,0.0
2011-10-06,29580.23866711402,29562.884915617848,10621.460221346706,0.0,0.0,0.0
2011-10-07,29374.455958759474,29357.22293319872,10550.338237381162,0.0,0.0,0.0
2011-10-10,29599.086388537526,29581.721579704135,10903.203512352497,0.0,0.0,0.0
2011-10-11,29586.57389653811,29569.216428371546,10914.14334597079,0.0,0.0,0.0
2011-10-12,29538.097150870475,29520.768122413512,11009.883334572314,0.0,0.0,0.0
2011-10-13,29581.259326312625,29563.904976029327,10987.999162009302,0.0,0.0,0.0
2011-10-14,29639.62523276249,29622.236641124757,11175.829824810402,0.0,0.0,0.0
2011-10-17,29557.202724121216,29539.86248705387,10962.467477174909,0.0,0.0,0.0
2011-10-18,29693.315198704706,29675.895108932786,11176.74260394353,0.0,0.0,0.0
2011-10-19,29507.403420577113,29490.092399120505,11044.528393693463,0.0,0.0,0.0
2011-10-20,29327.59971210836,29310.394175563823,11092.854327028148,0.0,0.0,0.0
2011-10-21,29460.241419083348,29442.958066019248,11303.481040460103,0.0,0.0,0.0
2011-10-24,29713.795387148944,29696.363282325197,11442.07118866282,0.0,0.0,0.0
2011-10-25,30007.481904246484,29989.87750321874,11219.590961414155,0.0,0.0,0.0
2011-10-26,29991.897211326534,29974.301953324688,11333.56761030731,0.0,0.0,0.0
2011-10-27,30064.043556250166,30046.405972364635,11728.372067877272,0.0,0.0,0.0
2011-10-28,30159.958108107985,30142.26425431481,11725.640939000155,0.0,0.0,0.0
2011-10-31,30263.655694886736,30245.901005135755,11442.983066730663,0.0,0.0,0.0
2011-11-01,30498.685579953242,30480.793005911815,11123.856379204335,0.0,0.0,0.0
2011-11-02,30579.328977440622,30561.38909257471,11305.302994465228,0.0,0.0,0.0
2011-11-03,30592.17333474403,30574.22591451685,11511.366713296815,0.0,0.0,0.0
2011-11-04,30550.17097337341,30532.24819454786,11441.158409529688,0.0,0.0,0.0
2011-11-07,30798.177317707807,30780.109041730684,11512.280393495232,0.0,0.0,0.0
2011-11-08,30706.083513786856,30688.069266210434,11659.990223441686,0.0,0.0,0.0
2011-11-09,30397.35825467133,30379.525126033386,11229.626125486879,0.0,0.0,0.0
2011-11-10,30273.686345930408,30255.925771526916,11335.391366443,0.0,0.0,0.0
2011-11-11,30464.77740984761,30446.904728612466,11548.750109817354,0.0,0.0,0.0
2011-11-14,30471.840722626876,30453.963897578826,11439.334653393998,0.0,0.0,0.0
2011-11-15,30416.880761795914,30399.036179946215,11495.865687208727,0.0,0.0,0.0
2011-11-16,30298.484083149302,30280.708960730353,11313.508094945273,0.0,0.0,0.0
2011-11-17,30157.7328810752,30140.040332749417,11133.887939015925,0.0,0.0,0.0
2011-11-18,30223.57769433334,30205.846517024893,11122.033524133929,0.0,0.0,0.0
2011-11-21,29979.622571878113,29962.034515002833,10910.496734764698,0.0,0.0,0.0
2011-11-22,30115.445523147246,30097.777783421185,10867.64297090237,0.0,0.0,0.0
2011-11-23,30005.747910831295,29988.144527080367,10627.843367821628,0.0,0.0,0.0
2011-11-25,29755.260807670988,29737.804376451106,10607.782951394307,0.0,0.0,0.0
2011-11-28,30097.84878181167,30080.191365514027,10915.05882829978,0.0,0.0,0.0
2011-11-29,30096.858029690953,30079.201194634934,10946.057276214826,0.0,0.0,0.0
2011-11-30,30326.71517340615,30308.923488736626,11396.479988466388,0.0,0.0,0.0
2011-12-01,30234.92199933414,30217.18416669569,11394.65713339598,0.0,0.0,0.0
2011-12-02,30489.72060272828,30471.833288143636,11384.62917784553,0.0,0.0,0.0
2011-12-05,30544.011853426622,30526.092687953835,11508.63107909328,0.0,0.0,0.0
2011-12-06,30342.517334810855,30324.716379533842,11512.280393495234,0.0,0.0,0.0
2011-12-07,30464.80416093283,30446.93146400371,11555.13595948813,0.0,0.0,0.0
2011-12-08,30177.958433689913,30160.254019698754,11301.657284324418,0.0,0.0,0.0
2011-12-09,30134.743090440425,30117.0640294674,11493.132756201045,0.0,0.0,0.0
2011-12-12,29932.58073406493,29915.02027508609,11325.359806631417,0.0,0.0,0.0
2011-12-13,29970.31348607143,29952.73089053011,11219.590961414158,0.0,0.0,0.0
2011-12-14,29977.701799867107,29960.11486984549,11100.150252636206,0.0,0.0,0.0
2011-12-15,29974.995983243232,29957.410640635087,11140.269283360278,0.0,0.0,0.0
2011-12-16,30191.61713334815,30173.904706247886,11156.785810023926,0.0,0.0,0.0
2011-12-19,30257.628650489918,30239.877496607314,11037.504589801318,0.0,0.0,0.0
2011-12-20,30309.491664327234,30291.71008412305,11371.496151324929,0.0,0.0,0.0
2011-12-21,30151.48011290613,30133.791232873435,11393.520890072314,0.0,0.0,0.0
2011-12-22,30256.07000832118,30238.31976884259,11494.451014712167,0.0,0.0,0.0
2011-12-23,30144.677203380154,30126.992314390354,11597.220213597553,0.0,0.0,0.0
2011-12-27,30159.301520644527,30141.60805204959,11606.3975635195,0.0,0.0,0.0
2011-12-28,30164.465554145234,30146.769055981968,11454.079685708459,0.0,0.0,0.0
2011-12-29,30291.28019228757,30273.509296154054,11572.446324667368,0.0,0.0,0.0
2011-12-30,30359.117346301904,30341.306652345043,11515.55756793472,0.0,0.0,0.0
2012-01-03,30521.423594926437,30500.84616883352,11699.070325892815,0.08758046973889327,0.17516093947778655,2.6715124072117
2012-01-04,30422.47921198677,30401.96849381529,11717.421421475567,0.0,0.0,0.0
2012-01-05,30334.759802050525,30314.308223966964,11748.620806949042,0.0,0.0,0.0
2012-01-06,30311.730431436696,30291.294379665997,11718.3396070004,0.0,0.0,0.0
2012-01-09,30382.950032975572,30362.465965224153,11746.785336964651,0.0,0.0,0.0
2012-01-10,30569.506791951906,30548.89694835297,11848.638152455766,0.0,0.0,0.0
2012-01-11,30662.031967821273,30641.35974410556,11855.059143672634,0.0,0.0,0.0
2012-01-12,30651.525308179203,30630.8601680129,11883.504873636883,0.0,0.0,0.0
2012-01-13,30683.508061946926,30662.82135913136,11822.025189280052,0.0,0.0,0.0
2012-01-17,30939.11112146971,30918.252092057053,11867.903829302217,0.0,0.0,0.0
2012-01-18,31041.295459169298,31020.3675374702,11999.121461347702,0.0,0.0,0.0
2012-01-19,31005.5203396286,30984.61653737715,12062.435714623638,0.0,0.0,0.0
2012-01-20,30905.308397970777,30884.472158223965,12107.388960598691,0.0,0.0,0.0
2012-01-23,30914.45037342533,30893.607970193912,12076.197684712775,0.0,0.0,0.0
2012-01-24,30904.24464851563,30883.409125944592,12062.435714623638,0.0,0.0,0.0
2012-01-25,31147.031867185407,31126.032658407763,12163.364938198209,0.0,0.0,0.0
2012-01-26,31299.34791424044,31278.24601457122,12100.970672577678,0.0,0.0,0.0
2012-01-27,31431.270855583258,31410.0800139757,12095.463361559227,0.0,0.0,0.0
2012-01-30,31385.92734096627,31364.767069781414,12054.174748095958,0.0,0.0,0.0
2012-01-31,31608.260903774073,31586.95073615852,12049.585622602344,0.0,0.0,0.0
2012-02-01,31734.77639528651,31713.380931414442,12155.105773801099,0.0,0.0,0.0
2012-02-02,31764.08349061681,31742.668268014084,12174.370549582265,0.0,0.0,0.0
2012-02-03,31686.412954798492,31665.050097371502,12345.044929367765,0.0,0.0,0.0
2012-02-06,31755.472816948823,31734.063399629078,12336.78216070952,0.0,0.0,0.0
2012-02-07,31689.863282840754,31668.498099215903,12367.981546182993,0.0,0.0,0.0
2012-02-08,31766.572584390713,31745.155683650562,12404.687341609635,0.0,0.0,0.0
2012-02-09,31664.494412543598,31643.14633251328,12420.286583813731,0.0,0.0,0.0
2012-02-10,31566.894595704394,31545.61231709423,12328.526600573545,0.0,0.0,0.0
2012-02-13,31768.43788884929,31747.019730528067,12420.286583813731,0.0,0.0,0.0
2012-02-14,31715.488943316494,31694.106482970165,12404.687341609635,0.0,0.0,0.0
2012-02-15,31726.311511918528,31704.92175503818,12346.878597221583,0.0,0.0,0.0
2012-02-16,31796.532952292004,31775.09585238734,12483.59362856739,0.0,0.0,0.0
2012-02-17,31795.511176097338,31774.074765070243,12516.62938509054,0.0,0.0,0.0
2012-02-21,31752.99011887735,31731.58237538307,12522.134893978422,0.0,0.0,0.0
2012-02-22,31969.61132947223,31948.057540793092,12481.763564974708,0.0,0.0,0.0
2012-02-23,32005.320752942334,31983.74288910759,12536.818653853536,0.0,0.0,0.0
2012-02-24,32153.182458865234,32131.504907238534,12564.341692966527,0.0,0.0,0.0
2012-02-27,32195.132893159363,32173.42705871163,12585.452751515499,0.0,0.0,0.0
2012-02-28,32279.228661820747,32257.466130330064,12622.149536289295,0.0,0.0,0.0
2012-02-29,32049.304372648152,32027.69685522661,12572.60175842892,0.0,0.0,0.0
2012-03-01,32054.571283184385,32032.96021483207,12637.751481689244,0.0,0.0,0.0
2012-03-02,32026.84161368253,32005.249240566463,12599.217424800487,0.0,0.0,0.0
2012-03-05,31771.732821839512,31750.312442087175,12547.827869498731,0.0,0.0,0.0
2012-03-06,31474.483040180115,31453.263065084335,12364.309705148928,0.0,0.0,0.0
2012-03-07,31607.149758640382,31585.840340154595,12450.56778376237,0.0,0.0,0.0
2012-03-08,31772.385260502506,31750.96444087853,12574.43812947859,0.0,0.0,0.0
2012-03-09,31813.91461926672,31792.46580070921,12623.06772181413,0.0,0.0,0.0
2012-03-12,31757.18248062776,31735.77191065935,12623.98500627368,0.0,0.0,0.0
2012-03-13,31818.381899235577,31796.930068855138,12851.54634066126,0.0,0.0,0.0
2012-03-14,31305.957032645252,31284.85067713389,12837.777162049846,0.0,0.0,0.0
2012-03-15,31455.498622856176,31434.291446981348,12912.103334166832,0.0,0.0,0.0
2012-03-16,31562.893559354015,31541.613978227124,12929.983172605826,0.0,0.0,0.0
2012-03-19,31472.59604071482,31451.377337826794,12980.672600181575,0.0,0.0,0.0
2012-03-20,31304.652144287025,31283.546668526364,12942.88282321776,0.0,0.0,0.0
2012-03-21,31399.18190917545,31378.012701811815,12921.695174119614,0.0,0.0,0.0
2012-03-22,31245.68151277598,31224.615794787678,12828.615130237735,0.0,0.0,0.0
2012-03-23,31487.683221912226,31466.454347304818,12870.08035249675,0.0,0.0,0.0
2012-03-26,31666.67027221108,31645.320725224556,13050.712404740516,0.0,0.0,0.0
2012-03-27,31634.57752240009,31613.249612221738,13010.164466941053,0.0,0.0,0.0
2012-03-28,31462.017740223193,31440.806169184572,12945.65359896739,0.0,0.0,0.0
2012-03-29,31451.257914181624,31430.053597376234,12923.531545169286,0.0,0.0,0.0
2012-03-30,31407.5884808244,31386.413605782578,12976.987243168245,0.0,0.0,0.0
2012-04-02,31671.395874514168,31650.0431415448,13071.904559165081,0.0,0.0,0.0
2012-04-03,31296.756615690894,31275.656463065163,13018.45877288425,0.0,0.0,0.0
2012-04-04,31118.5204890012,31097.540502484782,12889.432531610506,0.0,0.0,0.0
2012-04-05,31219.549627011722,31198.50152704004,12882.98360736982,0.0,0.0,0.0
2012-04-09,31376.897528089543,31355.743344769715,12738.290543995647,0.0,0.0,0.0
2012-04-10,31271.670025909454,31250.586786565826,12524.481267979078,0.0,0.0,0.0
2012-04-11,31333.202961565734,31312.078236954167,12625.856518869443,0.0,0.0,0.0
2012-04-12,31531.277473170834,31510.01920748734,12790.821749012779,0.0,0.0,0.0
2012-04-13,31474.589959963632,31453.369912782946,12638.76247693837,0.0,0.0,0.0
2012-04-16,31467.70544950435,31446.49004383407,12630.4663688646,0.0,0.0,0.0
2012-04-17,31668.386492470516,31647.03578841492,12817.548246414332,0.0,0.0,0.0
2012-04-18,31595.12996119659,31573.82864641189,12774.234939256945,0.0,0.0,0.0
2012-04-19,31506.683541627084,31485.441857077396,12692.212768545623,0.0,0.0,0.0
2012-04-20,31620.43293763383,31599.114563679985,12713.407626166045,0.0,0.0,0.0
2012-04-23,31499.403320636186,31478.166544383417,12606.503438690403,0.0,0.0,0.0
2012-04-24,31496.634541766136,31475.399632213404,12654.429299038798,0.0,0.0,0.0
2012-04-25,31601.699474850215,31580.39373092474,12827.687934060055,0.0,0.0,0.0
2012-04-26,31801.21879998433,31779.778540899228,12917.079016667467,0.0,0.0,0.0
2012-04-27,31837.086713573266,31815.622272479133,12938.281983875451,0.0,0.0,0.0
2012-04-30,31800.493678504045,31779.05390829305,12890.356123527054,0.0,0.0,0.0
2012-05-01,31805.27725033427,31783.834255057594,12970.536516796996,0.0,0.0,0.0
2012-05-02,31793.24716427136,31771.81227963232,12931.829455373627,0.0,0.0,0.0
2012-05-03,31650.307865230505,31628.969349715684,12833.215068514763,0.0,0.0,0.0
2012-05-04,31483.920354247195,31462.694016550668,12625.856518869445,0.0,0.0,0.0
2012-05-07,31564.30835135223,31543.02781637804,12635.073515663906,0.0,0.0,0.0
2012-05-08,31404.605691131983,31383.432827075478,12584.384088088154,0.0,0.0,0.0
2012-05-09,31237.262070706725,31216.202029073815,12509.733532468774,0.0,0.0,0.0
2012-05-10,31246.785036231144,31225.718574251594,12535.540943280206,0.0,0.0,0.0
2012-05-11,31201.496791237852,31180.46086241845,12497.752067381673,0.0,0.0,0.0
2012-05-14,31089.476329323883,31068.515924267936,12359.515136770458,0.0,0.0,0.0
2012-05-15,31042.20235836744,31021.273825240412,12288.55083922969,0.0,0.0,0.0
2012-05-16,30910.769465859525,30889.9295442818,12241.553977189544,0.0,0.0,0.0
2012-05-17,31015.183557654444,30994.273240498667,12059.995629833382,0.0,0.0,0.0
2012-05-18,30964.152794098503,30943.276881686732,11956.778601501637,0.0,0.0,0.0
2012-05-21,31223.164454463735,31202.113917389335,12162.295373705574,0.0,0.0,0.0
2012-05-22,30954.70931816993,30933.839772513216,12183.492033456565,0.0,0.0,0.0
2012-05-23,30942.830678974202,30921.969141850226,12189.944561958386,0.0,0.0,0.0
2012-05-24,30843.25786329495,30822.46345777934,12213.904788936728,0.0,0.0,0.0
2012-05-25,30863.806285200142,30842.99802601772,12174.279541988524,0.0,0.0,0.0
2012-05-29,30950.19680333372,30929.330299997113,12321.732568328916,0.0,0.0,0.0
2012-05-30,31030.949866154544,31010.028919414373,12142.939590330678,0.0,0.0,0.0
2012-05-31,31201.472629365748,31180.43671683618,12116.21399399441,0.0,0.0,0.0
2012-06-01,31324.87620197637,31303.75709123401,11811.168253667907,0.0,0.0,0.0
2012-06-04,31309.410390249737,31288.301706498,11805.634811756207,0.0,0.0,0.0
2012-06-05,31199.03533715789,31178.001067841327,11895.03220182061,0.0,0.0,0.0
2012-06-06,31292.826814195214,31271.72931102651,12162.295373705572,0.0,0.0,0.0
2012-06-07,31259.65305349288,31238.577915945712,12169.66879092808,0.0,0.0,0.0
2012-06-08,31234.605851019933,31213.547600200094,12266.438697149712,0.0,0.0,0.0
2012-06-11,31120.545598269557,31099.564246432292,12110.685958474412,0.0,0.0,0.0
2012-06-12,31209.94473984593,31188.903115452147,12249.84828313274,0.0,0.0,0.0
2012-06-13,31266.885050820758,31245.80503748888,12171.513271565314,0.0,0.0,0.0
2012-06-14,31354.546119309267,31333.407005223045,12300.535908577924,0.0,0.0,0.0
2012-06-15,31638.744019369427,31617.413300154898,12426.333632937547,0.0,0.0,0.0
2012-06-18,31690.600797384785,31669.23511653048,12450.420009055711,0.0,0.0,0.0
2012-06-19,31749.325506114972,31727.920233288496,12570.847384320115,0.0,0.0,0.0
2012-06-20,31724.475274463086,31703.08675556696,12550.471595043244,0.0,0.0,0.0
2012-06-21,31352.86008239391,31331.722105027282,12268.855354242558,0.0,0.0,0.0
2012-06-22,31281.699152504654,31260.609151562545,12363.342862098722,0.0,0.0,0.0
2012-06-25,31294.52849875183,31273.429848313957,12165.102192066575,0.0,0.0,0.0
2012-06-26,31341.716309910094,31320.585845631904,12226.239471615321,0.0,0.0,0.0
2012-06-27,31471.81640748257,31450.598230220272,12336.477600643366,0.0,0.0,0.0
2012-06-28,31436.41852906247,31415.22421691331,12301.272078915303,0.0,0.0,0.0
2012-06-29,31799.51201102444,31778.072902649874,12607.905496272973,0.0,0.0,0.0
2012-07-02,32000.088952257793,31978.5146156829,12645.881793750666,0.0,0.0,0.0
2012-07-03,32144.445934804935,32122.77427330907,12729.262770910915,0.0,0.0,0.0
2012-07-05,32066.14294697182,32044.524077048405,12671.82166115891,0.0,0.0,0.0
2012-07-06,31955.95905383035,31934.41446946281,12551.395186959788,0.0,0.0,0.0
2012-07-09,32093.595522061172,32071.9581437175,12535.644565787909,0.0,0.0,0.0
2012-07-10,32029.812922004327,32008.218545643656,12426.333632937547,0.0,0.0,0.0
2012-07-11,32094.484765461348,32072.8467875932,12428.191629554047,0.0,0.0,0.0
2012-07-12,32080.669802164266,32059.041138291104,12367.976139791275,0.0,0.0,0.0
2012-07-13,32302.35767938239,32280.579554397264,12575.480662012671,0.0,0.0,0.0
2012-07-16,32407.543517314163,32385.69447644271,12545.836515220124,0.0,0.0,0.0
2012-07-17,32380.043666198875,32358.213165621004,12631.992773456423,0.0,0.0,0.0
2012-07-18,32456.8131715749,32434.930913292534,12725.548579808481,0.0,0.0,0.0
2012-07-19,32544.442162165444,32522.500824755527,12758.904214507606,0.0,0.0,0.0
2012-07-20,32522.95181255309,32501.02496385402,12642.178415431646,0.0,0.0,0.0
2012-07-23,32304.14972996302,32282.370396784303,12514.341580333352,0.0,0.0,0.0
2012-07-24,32309.1656729991,32287.38295809093,12406.8823366425,0.0,0.0,0.0
2012-07-25,32395.757333465364,32373.91623879361,12409.661221979688,0.0,0.0,0.0
2012-07-26,32598.295028833872,32576.31738402892,12614.388660994462,0.0,0.0,0.0
2012-07-27,32661.02752970894,32639.007590893794,12846.903151250568,0.0,0.0,0.0
2012-07-30,32729.60618978197,32707.540015498656,12846.903151250568,0.0,0.0,0.0
2012-07-31,32714.497882179232,32692.441893858646,12757.050723217526,0.0,0.0,0.0
2012-08-01,32644.539429300792,32622.530606699365,12745.932478672914,0.0,0.0,0.0
2012-08-02,32520.856569000996,32498.931132907048,12657.927234472958,0.0,0.0,0.0
2012-08-03,32752.283749720373,32730.202286313597,12908.97843976041,0.0,0.0,0.0
2012-08-06,32850.6642266068,32828.516435461876,12933.98840779512,0.0,0.0,0.0
2012-08-07,32771.843384541346,32749.748734104192,12998.831768858736,0.0,0.0,0.0
2012-08-08,32712.775078550676,32690.72025173765,13014.58148896533,0.0,0.0,0.0
2012-08-09,32696.97071587306,32674.926544300408,13025.69883244466,0.0,0.0,0.0
2012-08-10,32772.62862147776,32750.533441636897,13047.003620029782,0.0,0.0,0.0
2012-08-13,32640.888928750916,32618.882567302888,13040.523158504146,0.0,0.0,0.0
2012-08-14,32444.401871357833,32422.527980726212,13042.374847663652,0.0,0.0,0.0
2012-08-15,32219.665236334782,32197.942862275882,13057.19376733143,0.0,0.0,0.0
2012-08-16,32231.218917050974,32209.488753545083,13153.535667542956,0.0,0.0,0.0
2012-08-17,32277.26344843525,32255.502241883856,13171.137076809058,0.0,0.0,0.0
2012-08-20,32311.08019544731,32289.296189775483,13172.060668725602,0.0,0.0,0.0
2012-08-21,32433.561254380653,32411.6946724512,13132.229978892547,0.0,0.0,0.0
2012-08-22,32723.38278596501,32701.32080747655,13137.785947436358,0.0,0.0,0.0
2012-08-23,32723.90078903219,32701.838461308063,13030.326703745504,0.0,0.0,0.0
2012-08-24,32714.786394553666,32692.730211719147,13109.06629362564,0.0,0.0,0.0
2012-08-27,32754.917031641802,32732.833792886508,13111.847882158683,0.0,0.0,0.0
2012-08-28,32795.77970642693,32773.66891821387,13098.882453780981,0.0,0.0,0.0
2012-08-29,32678.71457533338,32656.682711980284,13109.06629362564,0.0,0.0,0.0
2012-08-30,32570.579223107103,32548.620264191493,13014.58148896533,0.0,0.0,0.0
2012-08-31,32919.036017581384,32896.84213043864,13076.650470018181,0.0,0.0,0.0
2012-09-04,32892.11338084462,32869.937644839745,13064.602326100032,0.0,0.0,0.0
2012-09-05,32803.30336215793,32781.18750152519,13053.487685816555,0.0,0.0,0.0
2012-09-06,32841.7743734525,32819.6325758123,13318.428812463535,0.0,0.0,0.0
2012-09-07,33098.229747715515,33075.915048850904,13370.305844084169,0.0,0.0,0.0
2012-09-10,33004.82169845673,32982.569974938735,13294.344238475938,0.0,0.0,0.0
2012-09-11,33062.78131468247,33040.49051501472,13331.402350428796,0.0,0.0,0.0
2012-09-12,32954.59439325957,32932.37653279705,13375.864515823834,0.0,0.0,0.0
2012-09-13,33291.82755256242,33269.382330804314,13579.673769313773,0.0,0.0,0.0
2012-09-14,33230.91936731671,33208.51520962223,13639.881149488985,0.0,0.0,0.0
2012-09-17,33142.853454950615,33120.50867095466,13593.564591738585,0.0,0.0,0.0
2012-09-18,33161.07225354362,33138.71518650391,13582.449951455108,0.0,0.0,0.0
2012-09-19,33259.93687289792,33237.51315171307,13589.863916615419,0.0,0.0,0.0
2012-09-20,33203.3976302081,33181.01202756265,13590.784805336112,0.0,0.0,0.0
2012-09-21,33253.44375063463,33231.024407087774,13585.103588717764,0.0,0.0,0.0
2012-09-24,33255.63523167535,33233.21441064043,13564.6115620192,0.0,0.0,0.0
2012-09-25,33246.5042733309,33224.08960835289,13420.258200257256,0.0,0.0,0.0
2012-09-26,33288.08830054351,33265.64559977471,13344.825519970986,0.0,0.0,0.0
2012-09-27,33406.642623382846,33384.11999374674,13470.553862303708,0.0,0.0,0.0
2012-09-28,33257.99413804967,33235.57172664916,13408.157794552611,0.0,0.0,0.0
2012-10-01,33426.58943176552,33404.05335406813,13443.544430402844,0.0,0.0,0.0
2012-10-02,33461.18160918438,33438.622209574365,13457.512744442118,0.0,0.0,0.0
2012-10-03,33436.145203774075,33413.60268361204,13512.460606552097,0.0,0.0,0.0
2012-10-04,33530.529802096586,33507.92364820232,13609.314311845179,0.0,0.0,0.0
2012-10-05,33332.081204895585,33309.608844280316,13610.246013349282,0.0,0.0,0.0
2012-10-08,33318.0899713826,33295.62704360301,13563.679860515094,0.0,0.0,0.0
2012-10-09,33179.450822100785,33157.081364301026,13429.570709971866,0.0,0.0,0.0
2012-10-10,33188.469677799374,33166.09413952189,13343.890214205745,0.0,0.0,0.0
2012-10-11,33347.03412243763,33324.55168062301,13351.342024108002,0.0,0.0,0.0
2012-10-12,33298.377985136314,33275.928347101835,13307.573678981977,0.0,0.0,0.0
2012-10-15,33328.58320331263,33306.11320103654,13418.39569831433,0.0,0.0,0.0
2012-10-16,33328.229518329405,33305.75975450636,13554.370053996336,0.0,0.0,0.0
2012-10-17,33311.066581576786,33288.60838893952,13615.841628765607,0.0,0.0,0.0
2012-10-18,33215.30684449171,33192.913212699925,13580.44598226253,0.0,0.0,0.0
2012-10-19,33144.77888133231,33122.43279922132,13354.136227555027,0.0,0.0,0.0
2012-10-22,33154.009450825295,33131.65714549994,13355.997828432664,0.0,0.0,0.0
2012-10-23,33031.24663062903,33008.977091523666,13170.666720730584,0.0,0.0,0.0
2012-10-24,32887.99127042679,32865.81831353287,13133.41397867629,0.0,0.0,0.0
2012-10-25,32914.32076230508,32892.13005416926,13171.599323299972,0.0,0.0,0.0
2012-10-26,33070.428488066405,33048.13253270385,13164.145711267145,0.0,0.0,0.0
2012-10-31,33212.54557578488,33190.153805629816,13164.145711267145,0.0,0.0,0.0
2012-11-01,33273.44796577473,33251.015135463174,13301.980766761506,0.0,0.0,0.0
2012-11-02,33044.92636779536,33022.64760586395,13183.706036461608,0.0,0.0,0.0
2012-11-05,33155.40291539172,33133.04967059793,13210.717270493042,0.0,0.0,0.0
2012-11-06,33219.90314886508,33197.506418262616,13314.09378738013,0.0,0.0,0.0
2012-11-07,33191.63646687134,33169.25879355687,13012.345945994652,0.0,0.0,0.0
2012-11-08,33289.182356421086,33266.73891804404,12855.88316787522,0.0,0.0,0.0
2012-11-09,33292.57142295389,33270.125699681244,12867.057278467468,0.0,0.0,0.0
2012-11-12,33324.988102976364,33302.52052450305,12877.3005886209,0.0,0.0,0.0
2012-11-13,33275.63874136894,33253.20443404493,12832.598739860201,0.0,0.0,0.0
2012-11-14,33114.11768621738,33091.7922757659,12659.372543189187,0.0,0.0,0.0
2012-11-15,33093.22607839364,33070.914752983605,12637.954221378228,0.0,0.0,0.0
2012-11-16,33091.405779828296,33069.09568165653,12700.352992325179,0.0,0.0,0.0
2012-11-19,33350.91058950499,33328.42553419123,12957.39267749297,0.0,0.0,0.0
2012-11-20,33173.03084744765,33150.66571797004,12962.988292909295,0.0,0.0,0.0
2012-11-21,33180.553554559425,33158.1833533017,12987.195411775574,0.0,0.0,0.0
2012-11-23,33402.13661074943,33379.61701904968,13164.145711267149,0.0,0.0,0.0
2012-11-26,33465.626607671285,33443.064211260426,13136.209083188602,0.0,0.0,0.0
2012-11-27,33419.40022927396,33396.86899850916,13069.15090365585,0.0,0.0,0.0
2012-11-28,33475.50595196104,33452.93689493436,13174.39172461643,0.0,0.0,0.0
2012-11-29,33596.97361977769,33574.32266971776,13235.859695124562,0.0,0.0,0.0
2012-11-30,33579.16286349043,33556.52392137371,13238.651195375734,0.0,0.0,0.0
2012-12-03,33621.38442270763,33598.71701497851,13173.460023112326,0.0,0.0,0.0
2012-12-04,33687.60225842408,33664.89020688546,13154.833201552536,0.0,0.0,0.0
2012-12-05,33749.97360275114,33727.219500692685,13178.12033276341,0.0,0.0,0.0
2012-12-06,33835.167482140205,33812.355942696784,13222.823983654676,0.0,0.0,0.0
2012-12-07,33770.167825484205,33747.40010855865,13262.865522764288,0.0,0.0,0.0
2012-12-10,33878.98777526759,33856.14669235152,13268.454830723622,0.0,0.0,0.0
2012-12-11,33837.84963966354,33815.03629191985,13358.792031879688,0.0,0.0,0.0
2012-12-12,33715.45014750998,33692.719321031924,13365.311239212557,0.0,0.0,0.0
2012-12-13,33579.65699265313,33557.01771739644,13283.356648397566,0.0,0.0,0.0
2012-12-14,33719.127831063466,33696.39452510534,13233.994489985784,0.0,0.0,0.0
2012-12-17,33585.808453403675,33563.16503085586,13389.521962339973,0.0,0.0,0.0
2012-12-18,33531.94844318485,33509.341332848235,13538.538336948855,0.0,0.0,0.0
2012-12-19,33581.95387299714,33559.31304919258,13437.95422137822,0.0,0.0,0.0
2012-12-20,33663.240241228,33640.54461446743,13515.25661212969,0.0,0.0,0.0
2012-12-21,33679.34836935106,33656.64188255262,13392.5765736542,0.0,0.0,0.0
2012-12-24,33616.670358842006,33594.00612931655,13351.300575104917,0.0,0.0,0.0
2012-12-26,33681.88321773205,33659.175021948606,13295.029949157388,0.0,0.0,0.0
2012-12-27,33789.522148596094,33766.74138306053,13277.206877831313,0.0,0.0,0.0
2012-12-28,33746.00733643173,33723.25590841473,13133.705022763157,0.0,0.0,0.0
2012-12-31,33729.799623861014,33707.059123021325,13356.927727806195,0.0,0.0,0.0
2013-01-02,33844.312607298845,33820.65931522641,13699.273065581781,0.024705797993451597,0.049411595986903194,0.8355870208914749
2013-01-03,33473.08186820308,33449.68802383166,13668.325978387946,0.0,0.0,0.0
2013-01-04,33553.59217858969,33530.14206674702,13728.34864017985,0.0,0.0,0.0
2013-01-07,33544.01839790189,33520.57497703367,13690.835490258352,0.0,0.0,0.0
2013-01-08,33564.5360460204,33541.07828566982,13651.441817088247,0.0,0.0,0.0
2013-01-09,33654.00326413935,33630.4829764665,13686.14904971402,0.0,0.0,0.0
2013-01-10,33763.12030094917,33739.52375298493,13794.940968960549,0.0,0.0,0.0
2013-01-11,33826.00411289274,33802.363616357645,13794.007465325876,0.0,0.0,0.0
2013-01-14,33830.83244534426,33807.18857435867,13784.627375714936,0.0,0.0,0.0
2013-01-15,33856.0524095492,33832.390912701725,13794.00746532588,0.0,0.0,0.0
2013-01-16,33841.439076561655,33817.787792757576,13792.130546338405,0.0,0.0,0.0
2013-01-17,33839.98351787396,33816.33325133842,13881.227881663093,0.0,0.0,0.0
2013-01-18,33973.25350792219,33949.51010095164,13912.18127631392,0.0,0.0,0.0
2013-01-22,34009.2028461877,33985.43431475361,13987.217487875037,0.0,0.0,0.0
2013-01-23,33991.70471214291,33967.94840989723,14009.725197614878,0.0,0.0,0.0
2013-01-24,33913.03197196962,33889.330652944394,14013.479035589824,0.0,0.0,0.0
2013-01-25,33746.95058460662,33723.365337419185,14092.263678734183,0.0,0.0,0.0
2013-01-28,33643.90804881949,33620.39481654408,14075.384022760909,0.0,0.0,0.0
2013-01-29,33674.34001104085,33650.80551031484,14130.717540812628,0.0,0.0,0.0
2013-01-30,33650.38544107617,33626.86768184663,14075.38402276091,0.0,0.0,0.0
2013-01-31,33680.06405019644,33656.52554902369,14040.681295461562,0.0,0.0,0.0
2013-02-01,33642.44813747601,33618.935925511156,14185.115753099104,0.0,0.0,0.0
2013-02-04,33620.77593784056,33597.27887225714,14025.667745692348,0.0,0.0,0.0
2013-02-05,33581.61960769146,33558.149907891,14167.298088164735,0.0,0.0,0.0
2013-02-06,33667.69687527879,33644.16701734261,14177.610780345065,0.0,0.0,0.0
2013-02-07,33571.52628062696,33548.06363490426,14158.855106449602,0.0,0.0,0.0
2013-02-08,33666.17652285812,33642.647727473886,14237.63974959396,0.0,0.0,0.0
2013-02-11,33632.23569622348,33608.73062158354,14234.832931232953,0.0,0.0,0.0
2013-02-12,33635.35623427655,33611.84897873849,14258.279550999172,0.0,0.0,0.0
2013-02-13,33572.13968663664,33548.676612213516,14270.470964297543,0.0,0.0,0.0
2013-02-14,33617.31734462104,33593.82269619752,14283.598584426443,0.0,0.0,0.0
2013-02-15,33489.02589667985,33465.620909261525,14266.712620996175,0.0,0.0,0.0
2013-02-19,33507.850199746594,33484.432056299855,14373.638434038647,0.0,0.0,0.0
2013-02-20,33314.635784249105,33291.35267551427,14194.496743775333,0.0,0.0,0.0
2013-02-21,33224.667007617645,33201.44677673692,14108.206226811653,0.0,0.0,0.0
2013-02-22,33384.117339971905,33360.78567160017,14246.086335570231,0.0,0.0,0.0
2013-02-25,33405.63907245249,33382.29236285861,13975.022470315535,0.0,0.0,0.0
2013-02-26,33416.06433984009,33392.71034418023,14070.692175824872,0.0,0.0,0.0
2013-02-27,33509.17456520431,33485.75549617804,14247.963254557704,0.0,0.0,0.0
2013-02-28,33463.78621349025,33440.39886571512,14219.820282529025,0.0,0.0,0.0
2013-03-01,33528.22802611112,33504.795640901386,14266.712620996179,0.0,0.0,0.0
2013-03-04,33466.58153399531,33443.192232611815,14342.68684151839,0.0,0.0,0.0
2013-03-05,33582.68790398532,33559.2174575683,14471.188662796598,0.0,0.0,0.0
2013-03-06,33481.40102726757,33458.00136875828,14490.884147783725,0.0,0.0,0.0
2013-03-07,33422.07840910202,33398.72021029765,14517.143893367944,0.0,0.0,0.0
2013-03-08,33336.984636683956,33313.68590866501,14579.041672016749,0.0,0.0,0.0
2013-03-11,33344.46640454754,33321.16244763111,14634.381497525457,0.0,0.0,0.0
2013-03-12,33377.13670827479,33353.80991856382,14601.558392409434,0.0,0.0,0.0
2013-03-13,33303.12058042725,33279.84551949892,14622.189183161798,0.0,0.0,0.0
2013-03-14,33376.47567014091,33353.14934241978,14700.033114149206,0.0,0.0,0.0
2013-03-15,33407.37961492645,33384.031688893054,14680.629574314236,0.0,0.0,0.0
2013-03-18,33397.0396361027,33373.69893652835,14599.610289264489,0.0,0.0,0.0
2013-03-19,33418.34545131827,33394.98986142318,14565.695994089016,0.0,0.0,0.0
2013-03-20,33346.19144059801,33322.886278079284,14667.439780680714,0.0,0.0,0.0
2013-03-21,33342.47520922454,33319.17264392524,14542.141246488665,0.0,0.0,0.0
2013-03-22,33437.32048683533,33413.951635567115,14658.961657419486,0.0,0.0,0.0
2013-03-25,33354.219973941625,33330.90920039908,14597.728864950592,0.0,0.0,0.0
2013-03-26,33502.89888198367,33479.48419894005,14714.54206735914,0.0,0.0,0.0
2013-03-27,33634.62403840702,33611.11729458987,14714.54206735914,0.0,0.0,0.0
2013-03-28,33582.42614915022,33558.955885669806,14759.762929723669,0.0,0.0,0.0
2013-04-01,33555.798330977785,33532.34667728767,14701.357680117324,0.0,0.0,0.0
2013-04-02,33542.50733774065,33519.064972930144,14773.898841905848,0.0,0.0,0.0
2013-04-03,33495.151149456615,33471.74188118926,14624.097639434225,0.0,0.0,0.0
2013-04-04,33715.3674358291,33691.80426163962,14683.453512915647,0.0,0.0,0.0
2013-04-05,34025.334563938144,34001.554758283906,14617.510852205023,0.0,0.0,0.0
2013-04-08,33979.21449142357,33955.466918409365,14716.43070019531,0.0,0.0,0.0
2013-04-09,34027.57246501457,34003.791095324195,14767.303945089083,0.0,0.0,0.0
2013-04-10,33924.0155803758,33900.30658506829,14948.181988155498,0.0,0.0,0.0
2013-04-11,34042.5478302151,34018.75599446234,14997.169303408955,0.0,0.0,0.0
2013-04-12,34044.11635867371,34020.32342669949,14960.431069632072,0.0,0.0,0.0
2013-04-15,33607.752304671085,33584.264341113245,14613.7380918591,0.0,0.0,0.0
2013-04-16,33745.89535340979,33722.31084370792,14829.474746519074,0.0,0.0,0.0
2013-04-17,33575.49521697487,33552.02979742097,14612.792874375733,0.0,0.0,0.0
2013-04-18,33549.699371596245,33526.2519803791,14521.418547077283,0.0,0.0,0.0
2013-04-19,33711.26292889061,33687.702623280624,14647.64968383872,0.0,0.0,0.0
2013-04-22,33840.970103116015,33817.31914707057,14712.663346241095,0.0,0.0,0.0
2013-04-23,33901.7326007654,33878.03917870444,14864.336962373767,0.0,0.0,0.0
2013-04-24,34055.40273063259,34031.60191077908,14873.76210524893,0.0,0.0,0.0
2013-04-25,34167.74371094366,34143.864377632075,14934.051482365026,0.0,0.0,0.0
2013-04-26,34245.590880857846,34221.657141304706,14907.676400424403,0.0,0.0,0.0
2013-04-29,34360.59317687611,34336.5790639105,15007.537861636922,0.0,0.0,0.0
2013-04-30,34412.70125929652,34388.65072875887,15043.33448219157,0.0,0.0,0.0
2013-05-01,34362.57453479803,34338.559037090534,14911.444655443896,0.0,0.0,0.0
2013-05-02,34478.579022552054,34454.482451015036,15049.92937900833,0.0,0.0,0.0
2013-05-03,34265.85217300565,34241.90427313357,15202.551816885512,0.0,0.0,0.0
2013-05-06,34234.27080285536,34210.34497473817,15241.175079237428,0.0,0.0,0.0
2013-05-07,34211.321456639445,34187.41166748262,15318.430614594105,0.0,0.0,0.0
2013-05-08,34326.725486726486,34302.735043391185,15388.138827128372,0.0,0.0,0.0
2013-05-09,34184.14383001659,34160.253034903115,15344.797586947168,0.0,0.0,0.0
2013-05-10,33984.11895329077,33960.36795262033,15394.729218618711,0.0,0.0,0.0
2013-05-13,33810.96817669509,33787.33818855455,15406.981904356428,0.0,0.0,0.0
2013-05-14,33690.371935474264,33666.82623027217,15566.194733723945,0.0,0.0,0.0
2013-05-15,33736.96940175416,33713.39113026857,15650.037056309822,0.0,0.0,0.0
2013-05-16,33799.06369999618,33775.442031719234,15576.564193017195,0.0,0.0,0.0
2013-05-17,33691.965063614756,33668.41824499885,15727.296195927636,0.0,0.0,0.0
2013-05-20,33756.076596148574,33732.48497092596,15726.359088031824,0.0,0.0,0.0
2013-05-21,33821.909950656445,33798.27231547109,15748.963211757096,0.0,0.0,0.0
2013-05-22,33420.946856803304,33397.58944882418,15632.136493369282,0.0,0.0,0.0
2013-05-23,33398.52594335512,33375.1842050225,15586.924641657595,0.0,0.0,0.0
2013-05-24,33348.874792142604,33325.56775426896,15573.729441632368,0.0,0.0,0.0
2013-05-28,33044.278921470184,33021.18476116852,15666.998709223979,0.0,0.0,0.0
2013-05-29,33000.54052798876,32977.476935806706,15565.254021566994,0.0,0.0,0.0
2013-05-30,32973.27891177704,32950.234372337414,15622.727569669238,0.0,0.0,0.0
2013-05-31,32616.58497669443,32593.789725397386,15398.492067246496,0.0,0.0,0.0
2013-06-03,32823.43227790978,32800.49246407761,15483.289519033871,0.0,0.0,0.0
2013-06-04,32626.846236318404,32604.043813578,15408.859724409176,0.0,0.0,0.0
2013-06-05,32487.0396435875,32464.334929617544,15193.130278271481,0.0,0.0,0.0
2013-06-06,32623.343342850392,32600.543368230687,15330.672487548398,0.0,0.0,0.0
2013-06-07,32416.700832281884,32394.04527707213,15525.682838535853,0.0,0.0,0.0
2013-06-10,32169.19223597392,32146.70966088011,15525.682838535853,0.0,0.0,0.0
2013-06-11,32056.85507868967,32034.451014382084,15365.531099141954,0.0,0.0,0.0
2013-06-12,31816.1061377391,31793.870329323792,15238.347536374873,0.0,0.0,0.0
2013-06-13,32304.415203990262,32281.83812355387,15470.108736053191,0.0,0.0,0.0
2013-06-14,32164.856099173423,32142.376554541817,15373.06220278924,0.0,0.0,0.0
2013-06-17,32149.632302884023,32127.16339793963,15491.779356143794,0.0,0.0,0.0
2013-06-18,32238.035254637176,32215.504566170628,15614.244941081588,0.0,0.0,0.0
2013-06-19,31751.167517622016,31728.977093852754,15398.492067246496,0.0,0.0,0.0
2013-06-20,30772.206204685433,30750.69996257267,15016.953993859235,0.0,0.0,0.0
2013-06-21,30613.41668171618,30592.021415264473,15065.156481249951,0.0,0.0,0.0
2013-06-24,30391.627442021614,30370.38718080597,14874.797429260738,0.0,0.0,0.0
2013-06-25,30570.018410790086,30548.65347475134,15017.807302683592,0.0,0.0,0.0
2013-06-26,30700.80072309367,30679.344385221273,15166.501996985933,0.0,0.0,0.0
2013-06-27,31034.51562207001,31012.82605576523,15255.529049218432,0.0,0.0,0.0
2013-06-28,31117.157159898154,31095.40983663863,15193.025754698487,0.0,0.0,0.0
2013-07-01,31318.14835604993,31296.260563000942,15282.043796278143,0.0,0.0,0.0
2013-07-02,31247.039945667922,31225.201849240606,15267.843007395488,0.0,0.0,0.0
2013-07-03,31172.717815516,31150.931661731825,15274.473045758341,0.0,0.0,0.0
2013-07-05,30678.41189229941,30656.971201651402,15439.258062844792,0.0,0.0,0.0
2013-07-08,30931.13560254351,30909.51828701317,15527.331788006364,0.0,0.0,0.0
2013-07-09,31069.502871608758,31047.788853230097,15639.09451949567,0.0,0.0,0.0
2013-07-10,30938.61512863247,30916.992585771408,15644.7766371793,0.0,0.0,0.0
2013-07-11,31498.733134191105,31476.71913309792,15857.865962033608,0.0,0.0,0.0
2013-07-12,31461.095828870322,31439.108131936002,15864.492396135325,0.0,0.0,0.0
2013-07-15,31621.104984594294,31599.005459615524,15925.112464210806,0.0,0.0,0.0
2013-07-16,31716.06574413449,31693.899852478196,15865.442118945117,0.0,0.0,0.0
2013-07-17,31821.707277108493,31799.46755413929,15906.164863409762,0.0,0.0,0.0
2013-07-18,31642.316308928966,31620.20195966774,15993.299678544956,0.0,0.0,0.0
2013-07-19,31898.56227739285,31876.26884159485,16021.706662701978,0.0,0.0,0.0
2013-07-22,32056.929901945594,32034.525785345126,16052.96822168008,0.0,0.0,0.0
2013-07-23,32050.44480999485,32028.04522572971,16018.871911317152,0.0,0.0,0.0
2013-07-24,31732.11075222902,31709.933646952668,15960.145882469546,0.0,0.0,0.0
2013-07-25,31755.520658432037,31733.32719231671,15998.979994098017,0.0,0.0,0.0
2013-07-26,31792.287691187314,31770.068529133805,16016.02995141005,0.0,0.0,0.0
2013-07-29,31595.396339698367,31573.31478211322,15966.777722962966,0.0,0.0,0.0
2013-07-30,31552.52217448358,31530.470581021622,15966.777722962966,0.0,0.0,0.0
2013-07-31,31666.38416210203,31644.25299217237,15978.152771113642,0.0,0.0,0.0
2013-08-01,31553.703533547196,31531.651114450768,16162.826101158087,0.0,0.0,0.0
2013-08-02,31727.295299734957,31705.12155990749,16190.292373158161,0.0,0.0,0.0
2013-08-05,31593.31522243629,31571.235119313373,16166.612377483274,0.0,0.0,0.0
2013-08-06,31544.227633483828,31522.18183695452,16074.74516747424,0.0,0.0,0.0
2013-08-07,31566.011448773563,31543.95042785629,16022.659989772903,0.0,0.0,0.0
2013-08-08,31784.091607816295,31761.878173884856,16081.375205837096,0.0,0.0,0.0
2013-08-09,31804.307740626933,31782.080177937747,16034.966739427682,0.0,0.0,0.0
2013-08-12,31808.71260121903,31786.481960037592,16016.02995141005,0.0,0.0,0.0
2013-08-13,31606.074451805907,31583.985431445333,16063.379129976409,0.0,0.0,0.0
2013-08-14,31617.047093195062,31594.950404216877,15980.987522498468,0.0,0.0,0.0
2013-08-15,31305.187832456468,31283.309097326695,15757.476476564414,0.0,0.0,0.0
2013-08-16,31215.61966804049,31193.803530782872,15705.3840903408,0.0,0.0,0.0
2013-08-19,30904.085242106266,30882.486831674796,15605.00001126331,0.0,0.0,0.0
2013-08-20,31014.066390335036,30992.39111569741,15681.70769892705,0.0,0.0,0.0
2013-08-21,30689.209985004396,30667.761747728287,15585.10448978304,0.0,0.0,0.0
2013-08-22,30948.04460023534,30926.415467255327,15727.16824465724,0.0,0.0,0.0
2013-08-23,31313.776128966918,31291.8913916031,15780.204947298938,0.0,0.0,0.0
2013-08-26,31315.19329298651,31293.30756518761,15721.487929104178,0.0,0.0,0.0
2013-08-27,31278.05069779372,31256.190928408054,15468.614769811604,0.0,0.0,0.0
2013-08-28,31186.737254509586,31164.941302745785,15523.547313811747,0.0,0.0,0.0
2013-08-29,31267.07102633269,31245.21893047785,15548.173428035288,0.0,0.0,0.0
2013-08-30,31202.951957501715,31181.144673520586,15498.924803849346,0.0,0.0,0.0
2013-09-03,31139.09284919346,31117.33019540346,15569.007859541938,0.0,0.0,0.0
2013-09-04,31192.174586517474,31170.374834682338,15697.809735559862,0.0,0.0,0.0
2013-09-05,30990.835149887862,30969.176111222343,15717.69444425672,0.0,0.0,0.0
2013-09-06,31172.796206866056,31151.009998295318,15725.276007559934,0.0,0.0,0.0
2013-09-09,31384.817177760095,31362.88279085262,15875.860235763726,0.0,0.0,0.0
2013-09-10,31391.650556974048,31369.711394318387,15993.299678544952,0.0,0.0,0.0
2013-09-11,31548.460785088013,31526.41203007134,16043.490817018414,0.0,0.0,0.0
2013-09-12,31468.797608765584,31446.804529170622,16000.875835456463,0.0,0.0,0.0
2013-09-13,31465.280603315132,31443.289981703532,16036.864382916696,0.0,0.0,0.0
2013-09-16,31501.209840541098,31479.19410851429,16129.675909343814,0.0,0.0,0.0
2013-09-17,31630.474223505826,31608.36815050384,16201.656608525424,0.0,0.0,0.0
2013-09-18,32349.792459247976,32327.183665315588,16389.177304868677,0.0,0.0,0.0
2013-09-19,32204.029648713014,32181.52272626405,16361.707428607466,0.0,0.0,0.0
2013-09-20,32056.15719869401,32033.75362212447,16247.320795009895,0.0,0.0,0.0
2013-09-23,32133.076167095336,32110.618832990618,16172.135907676846,0.0,0.0,0.0
2013-09-24,32208.960702471893,32186.45033378202,16134.060493017865,0.0,0.0,0.0
2013-09-25,32193.44298580767,32170.943462221636,16087.430364548483,0.0,0.0,0.0
2013-09-26,32150.119162068884,32127.649916865757,16149.29570484705,0.0,0.0,0.0
2013-09-27,32048.569006166883,32026.170732873437,16075.056936062654,0.0,0.0,0.0
2013-09-30,31947.46794677557,31925.14033152486,15989.403472255068,0.0,0.0,0.0
2013-10-01,31976.226044645122,31953.878330782973,16115.977914889874,0.0,0.0,0.0
2013-10-02,32081.906003201453,32059.484431171324,16100.753515844102,0.0,0.0,0.0
2013-10-03,31962.74232884484,31940.40403855326,15952.290395319864,0.0,0.0,0.0
2013-10-04,32047.592279653174,32025.194688979514,16073.161094704212,0.0,0.0,0.0
2013-10-07,32018.916055583,31996.538506300378,15934.207817191873,0.0,0.0,0.0
2013-10-08,31893.93342811137,31871.643227348013,15748.629817601855,0.0,0.0,0.0
2013-10-09,31811.63143979254,31789.398758677773,15760.049919016754,0.0,0.0,0.0
2013-10-10,32093.89541596083,32071.465464706544,16099.80559516488,0.0,0.0,0.0
2013-10-11,32159.615738108987,32137.139855888607,16203.543439231027,0.0,0.0,0.0
2013-10-14,32116.880369983064,32094.434354882625,16268.256145828402,0.0,0.0,0.0
2013-10-15,31972.13108146184,31949.786229509205,16150.238219134568,0.0,0.0,0.0
2013-10-16,32290.03942400976,32267.472390594445,16375.796485394854,0.0,0.0,0.0
2013-10-17,32633.708586564408,32610.901367828374,16485.239874842027,0.0,0.0,0.0
2013-10-18,32741.00364454863,32718.121438875383,16596.5935226922,0.0,0.0,0.0
2013-10-21,32661.95539019322,32639.12843018177,16597.54144337142,0.0,0.0,0.0
2013-10-22,32997.625475767825,32974.563920872846,16693.659879392406,0.0,0.0,0.0
2013-10-23,32816.76207016107,32793.826918038925,16613.72277374926,0.0,0.0,0.0
2013-10-24,32852.75126488195,32829.79096044118,16668.918428812456,0.0,0.0,0.0
2013-10-25,32942.06266405831,32919.039941194846,16745.04763256359,0.0,0.0,0.0
2013-10-28,32966.56575618782,32943.52590847382,16771.702945807672,0.0,0.0,0.0
2013-10-29,32958.81083923173,32935.776411315084,16861.158905115564,0.0,0.0,0.0
2013-10-30,32852.297999238326,32829.33801157825,16777.40668905813,0.0,0.0,0.0
2013-10-31,32689.54012326296,32666.69388468747,16729.830442040093,0.0,0.0,0.0
2013-11-01,32462.725052350426,32440.03733149048,16769.79809379638,0.0,0.0,0.0
2013-11-04,32503.418788650048,32480.7026275366,16828.805255012732,0.0,0.0,0.0
2013-11-05,32207.7113476154,32185.201852081245,16775.510847699683,0.0,0.0,0.0
2013-11-06,32285.541680564515,32262.97779055591,16861.158905115564,0.0,0.0,0.0
2013-11-07,32151.913335210775,32129.44283608644,16647.977671602242,0.0,0.0,0.0
2013-11-08,31857.54946780515,31835.28469525627,16872.57900653046,0.0,0.0,0.0
2013-11-11,31824.768684821214,31802.5268222792,16875.435383482112,0.0,0.0,0.0
2013-11-12,31773.00166041929,31750.7959770889,16841.17688136799,0.0,0.0,0.0
2013-11-13,31898.70126018938,31876.407727258338,16976.311444204905,0.0,0.0,0.0
2013-11-14,32147.28082439997,32124.813562869273,17061.018789463837,0.0,0.0,0.0
2013-11-15,32300.47607532441,32277.90174788707,17135.250349725953,0.0,0.0,0.0
2013-11-18,32396.695525449617,32374.053951654416,17075.293465699815,0.0,0.0,0.0
2013-11-19,32229.952065962167,32207.427026717225,17038.17678450347,0.0,0.0,0.0
2013-11-20,31854.497189740505,31832.234550383848,16984.884179320998,0.0,0.0,0.0
2013-11-21,31940.738489320993,31918.415577189073,17121.92539629977,0.0,0.0,0.0
2013-11-22,32173.48643547126,32151.00085922459,17207.57705797679,0.0,0.0,0.0
2013-11-25,32139.19341996002,32116.73181059728,17190.447806919725,0.0,0.0,0.0
2013-11-26,32211.038115744872,32188.526295181422,17195.209035882668,0.0,0.0,0.0
2013-11-27,32184.074931242307,32161.581954851754,17237.081539650244,0.0,0.0,0.0
2013-11-29,32248.593278737237,32226.05521142299,17225.657833974212,0.0,0.0,0.0
2013-12-02,31966.736281776106,31944.395200169587,17180.930755385547,0.0,0.0,0.0
2013-12-03,31969.160501759532,31946.81772590134,17106.69559086229,0.0,0.0,0.0
2013-12-04,31802.10354684472,31779.87752463413,17104.790738851,0.0,0.0,0.0
2013-12-05,31678.282970432065,31656.143484600343,17029.614862170794,0.0,0.0,0.0
2013-12-06,31939.24889977287,31916.927028693164,17219.950486462614,0.0,0.0,0.0
2013-12-09,32001.30570053969,31978.94045887508,17263.724237980343,0.0,0.0,0.0
2013-12-10,32130.942392555127,32108.486549714034,17201.86790833462,0.0,0.0,0.0
2013-12-11,31838.64567393608,31816.394112970564,17008.67230283001,0.0,0.0,0.0
2013-12-12,31666.63533169782,31644.503986229418,16952.523320695884,0.0,0.0,0.0
2013-12-13,31750.65586552127,31728.46579933812,16950.618468684595,0.0,0.0,0.0
2013-12-16,31848.877385227795,31826.618673469817,17056.25215410919,0.0,0.0,0.0
2013-12-17,31793.147680305487,31770.927917218232,17002.00802398635,0.0,0.0,0.0
2013-12-18,31955.16186921005,31932.828876790158,17292.278996844012,0.0,0.0,0.0
2013-12-19,31797.85433128108,31775.631278784716,17272.29156670473,0.0,0.0,0.0
2013-12-20,32080.311331024568,32057.89087348735,17372.758543788386,0.0,0.0,0.0
2013-12-23,32117.088107128315,32094.64194684344,17465.57727873778,0.0,0.0,0.0
2013-12-24,32110.210222375707,32087.768868943276,17503.852729889903,0.0,0.0,0.0
2013-12-26,32074.90259748008,32052.48592002715,17592.843739511027,0.0,0.0,0.0
2013-12-27,32121.908427957398,32099.458898821224,17591.885006048393,0.0,0.0,0.0
2013-12-30,32214.918432449864,32192.403899990168,17589.012409921623,0.0,0.0,0.0
2013-12-31,32203.734145662464,32181.22742973623,17672.258227289207,0.0,0.0,0.0
2014-01-02,31972.662511924613,31947.949807469835,17502.899402818974,0.0740988288733922,0.1481976577467844,2.367481093215818
2014-01-03,31993.31133399967,31968.582669402786,17500.023202431064,0.0,0.0,0.0
2014-01-06,32014.172346286192,31989.427557538525,17449.314852484342,0.0,0.0,0.0
2014-01-07,32089.020908049297,32064.21826642857,17556.476744631334,0.0,0.0,0.0
2014-01-08,32044.55491481614,32019.786642399064,17560.304469959603,0.0,0.0,0.0
2014-01-09,32116.532474824762,32091.70856862469,17571.791250205548,0.0,0.0,0.0
2014-01-10,32473.626911770232,32448.52699573584,17619.632410417205,0.0,0.0,0.0
2014-01-13,32393.49856302039,32368.4605807771,17385.198651105256,0.0,0.0,0.0
2014-01-14,32380.396432226724,32355.368577043886,17574.66024207118,0.0,0.0,0.0
2014-01-15,32395.65741152241,32370.617760635323,17669.38382903186,0.0,0.0,0.0
2014-01-16,32451.505332668505,32426.422515117738,17646.42468558452,0.0,0.0,0.0
2014-01-17,32485.752855543265,32460.643566974926,17571.791250205544,0.0,0.0,0.0
2014-01-21,32501.055407774715,32475.934291369063,17623.463740006613,0.0,0.0,0.0
2014-01-22,32486.093894061967,32460.984341893934,17634.945113860853,0.0,0.0,0.0
2014-01-23,32563.21835516216,32538.04919100489,17490.46109763267,0.0,0.0,0.0
2014-01-24,32333.31163030885,32308.320168491555,17117.277701562667,0.0,0.0,0.0
2014-01-27,32137.569990457276,32112.72982368128,17033.076754993584,0.0,0.0,0.0
2014-01-28,32266.79423945326,32241.854191077706,17134.507871931582,0.0,0.0,0.0
2014-01-29,32263.467614946072,32238.53013782614,16969.930099860554,0.0,0.0,0.0
2014-01-30,32288.639695478993,32263.68276204426,17149.81877324466,0.0,0.0,0.0
2014-01-31,32300.75063919421,32275.78434481957,17049.34278550816,0.0,0.0,0.0
2014-02-03,32227.99200372109,32203.08194684791,16665.64035330769,0.0,0.0,0.0
2014-02-04,32219.67935553867,32194.77572378,16782.3805694282,0.0,0.0,0.0
2014-02-05,32054.001863353024,32029.226289084025,16761.328080122716,0.0,0.0,0.0
2014-02-06,32228.449227004417,32203.538816728582,16982.36119652458,0.0,0.0,0.0
2014-02-07,32408.384433705884,32383.334945691917,17192.871672534846,0.0,0.0,0.0
2014-02-10,32389.31988297589,32364.285130569493,17224.4486043625,0.0,0.0,0.0
2014-02-11,32532.72460027727,32507.57900572894,17412.949659735215,0.0,0.0,0.0
2014-02-12,32446.582705703422,32421.50369301017,17421.558437462685,0.0,0.0,0.0
2014-02-13,32613.208420850766,32588.00061775567,17511.506378415874,0.0,0.0,0.0
2014-02-14,32720.139883169108,32694.84942928995,17608.156442954674,0.0,0.0,0.0
2014-02-18,32827.77890876959,32802.405257207836,17629.20172373788,0.0,0.0,0.0
2014-02-19,32674.077196837796,32648.822346297995,17512.461507617372,0.0,0.0,0.0
2014-02-20,32645.24269395414,32620.010130533774,17615.81189361121,0.0,0.0,0.0
2014-02-21,32763.62537948719,32738.301314262135,17595.71273137666,0.0,0.0,0.0
2014-02-24,32861.633502135155,32836.233683263745,17693.31612298639,0.0,0.0,0.0
2014-02-25,32935.281110847485,32909.82436735845,17686.610395139644,0.0,0.0,0.0
2014-02-26,32964.56770737057,32939.088327324316,17687.57093073285,0.0,0.0,0.0
2014-02-27,33167.10761733627,33141.47168764597,17780.386061421104,0.0,0.0,0.0
2014-02-28,33191.788329832874,33166.13332362203,17825.356427636565,0.0,0.0,0.0
2014-03-03,33225.61824323448,33199.93708878993,17700.007433788585,0.0,0.0,0.0
2014-03-04,33136.9331260919,33111.32051924136,17948.798767342683,0.0,0.0,0.0
2014-03-05,33188.80481361562,33163.1521134609,17965.055787204412,0.0,0.0,0.0
2014-03-06,33213.13331566264,33187.461811222216,18006.207438744445,0.0,0.0,0.0
2014-03-07,33014.45293480687,32988.93499685566,18013.857483009277,0.0,0.0,0.0
2014-03-10,32913.051098110955,32887.61153691741,18004.29357608031,0.0,0.0,0.0
2014-03-11,32872.27219654281,32846.86415468058,17915.29896219805,0.0,0.0,0.0
2014-03-12,32981.52401433077,32956.03152820671,17920.08722311952,0.0,0.0,0.0
2014-03-13,33013.307606637136,32987.790553947096,17719.149664691067,0.0,0.0,0.0
2014-03-14,33066.06803346768,33040.51020053813,17669.38382903186,0.0,0.0,0.0
2014-03-17,33034.5783283076,33009.044834789165,17829.18955935654,0.0,0.0,0.0
2014-03-18,33184.63517984141,33158.98570253144,17956.445207346373,0.0,0.0,0.0
2014-03-19,32846.113070250016,32820.725247622155,17860.76288692305,0.0,0.0,0.0
2014-03-20,32819.32608570672,32793.95896760518,17965.05578720441,0.0,0.0,0.0
2014-03-21,33005.6424227003,32980.13129467872,17895.380013020378,0.0,0.0,0.0
2014-03-24,33142.58459896583,33116.9676239092,17821.3719169488,0.0,0.0,0.0
2014-03-25,33240.30626349948,33214.61375620924,17905.953113067913,0.0,0.0,0.0
2014-03-26,33301.680606714646,33275.94066121046,17777.1620498334,0.0,0.0,0.0
2014-03-27,33481.29411037343,33455.41533578578,17739.688546784422,0.0,0.0,0.0
2014-03-28,33476.34680347245,33450.47185281824,17827.14774542201,0.0,0.0,0.0
2014-03-31,33487.55645921575,33461.67284425624,17973.230251464778,0.0,0.0,0.0
2014-04-01,33430.817669839686,33404.97791012471,18092.4123545061,0.0,0.0,0.0
2014-04-02,33362.90184206128,33337.114576685155,18152.945920314276,0.0,0.0,0.0
2014-04-03,33396.17908879454,33370.36610235863,18128.923519831307,0.0,0.0,0.0
2014-04-04,33494.412421598216,33468.52350744374,17914.599735537326,0.0,0.0,0.0
2014-04-07,33539.49619264574,33513.572431787165,17716.615869111243,0.0,0.0,0.0
2014-04-08,33690.575034087415,33664.53449950828,17789.66342958962,0.0,0.0,0.0
2014-04-09,33793.10958544731,33766.98979859873,17980.909129818712,0.0,0.0,0.0
2014-04-10,33755.11848517704,33729.02806287802,17603.209594543136,0.0,0.0,0.0
2014-04-11,33817.10468154776,33790.9663481137,17444.636521527562,0.0,0.0,0.0
2014-04-14,33858.5060140233,33832.33568016096,17582.065196578642,0.0,0.0,0.0
2014-04-15,33860.762971873846,33834.590893535824,17703.168370806372,0.0,0.0,0.0
2014-04-16,34045.746122106604,34019.431064311706,17888.656263867946,0.0,0.0,0.0
2014-04-17,33907.64933229103,33881.44101396932,17913.642804205258,0.0,0.0,0.0
2014-04-21,33913.25051658474,33887.03786892662,17976.108253983257,0.0,0.0,0.0
2014-04-22,34001.97426131047,33975.693036201825,18057.80243693105,0.0,0.0,0.0
2014-04-23,34016.046013685715,33989.75391206475,18015.515443132634,0.0,0.0,0.0
2014-04-24,34115.740324355465,34089.37116577891,18052.04282763296,0.0,0.0,0.0
2014-04-25,34039.77057366615,34013.46013456582,17904.032041881503,0.0,0.0,0.0
2014-04-28,33961.88611695107,33935.635877265144,17960.732475969704,0.0,0.0,0.0
2014-04-29,34012.59751510789,33986.30807894296,18044.34052158163,0.0,0.0,0.0
2014-04-30,34074.07281021928,34047.73585781141,18098.171963804198,0.0,0.0,0.0
2014-05-01,34272.53192166935,34246.04157379853,18100.096639251748,0.0,0.0,0.0
2014-05-02,34474.221690959814,34447.57545054617,18074.14415692952,0.0,0.0,0.0
2014-05-05,34348.05022402316,34321.501505615124,18108.734251068316,0.0,0.0,0.0
2014-05-06,34404.952060717296,34378.35936104017,17951.127120037654,0.0,0.0,0.0
2014-05-07,34349.67663094725,34323.12665543673,18056.850911990692,0.0,0.0,0.0
2014-05-08,34281.024150964455,34254.527239175084,18037.618574559765,0.0,0.0,0.0
2014-05-09,34203.71096542567,34177.27381149675,18064.529790344623,0.0,0.0,0.0
2014-05-12,34257.16459828805,34230.686128318266,18240.417733865852,0.0,0.0,0.0
2014-05-13,34415.61013540563,34389.009197758045,18256.746838950337,0.0,0.0,0.0
2014-05-14,34682.75961137514,34655.952185261274,18170.25178016709,0.0,0.0,0.0
2014-05-15,34753.8299707178,34726.96761202566,18010.716369427744,0.0,0.0,0.0
2014-05-16,34773.34844133054,34746.47099618148,18073.183621336313,0.0,0.0,0.0
2014-05-19,34620.06745017773,34593.308480861946,18139.49121348713,0.0,0.0,0.0
2014-05-20,34569.9558728808,34543.23563642308,18025.128007586958,0.0,0.0,0.0
2014-05-21,34559.36529461117,34532.65324395377,18176.973727188957,0.0,0.0,0.0
2014-05-22,34622.777742418366,34596.01667823009,18221.18719856549,0.0,0.0,0.0
2014-05-23,34752.33263640687,34725.47143505282,18294.23475904387,0.0,0.0,0.0
2014-05-27,34762.10505750121,34735.23630272698,18406.673289496495,0.0,0.0,0.0
2014-05-28,35020.74635804274,34993.677691046076,18393.213176277644,0.0,0.0,0.0
2014-05-29,35000.88306343684,34973.82974942271,18488.367472444286,0.0,0.0,0.0
2014-05-30,34887.733260600115,34860.76740372645,18518.171107792175,0.0,0.0,0.0
2014-06-02,34710.05336179728,34683.22483946137,18539.30289084269,0.0,0.0,0.0
2014-06-03,34460.44500032643,34433.809408362344,18529.697534910636,0.0,0.0,0.0
2014-06-04,34411.389990043186,34384.792314282364,18567.176444351324,0.0,0.0,0.0
2014-06-05,34573.49997378056,34546.77699797269,18688.277816448484,0.0,0.0,0.0
2014-06-06,34717.95849884452,34691.12386637263,18777.652679880775,0.0,0.0,0.0
2014-06-09,34715.91256661609,34689.07951551136,18796.87420452829,0.0,0.0,0.0
2014-06-10,34661.581985617326,34634.79092837502,18798.802484236974,0.0,0.0,0.0
2014-06-11,34644.74209031257,34617.96404916974,18733.446417026516,0.0,0.0,0.0
2014-06-12,34791.16095709011,34764.26974407178,18600.81861781089,0.0,0.0,0.0
2014-06-13,34815.69580553943,34788.785628743586,18657.52265616023,0.0,0.0,0.0
2014-06-16,34831.84676409144,34804.92410369761,18672.894829912646,0.0,0.0,0.0
2014-06-17,34734.12641562163,34707.279286444194,18724.801596687666,0.0,0.0,0.0
2014-06-18,35016.82618591923,34989.760548950326,18862.230271738747,0.0,0.0,0.0
2014-06-19,34948.482851513334,34921.47003931697,18883.3710654421,0.0,0.0,0.0
2014-06-20,35035.82459951115,35008.74427805422,18921.720403947547,0.0,0.0,0.0
2014-06-23,35004.78066844406,34977.724341845016,18915.915741385234,0.0,0.0,0.0
2014-06-24,35135.45762410448,35108.300293061926,18801.970629777035,0.0,0.0,0.0
2014-06-25,35213.7111864841,35186.493370733435,18886.94469036016,0.0,0.0,0.0
2014-06-26,35319.197337658785,35291.897988251774,18873.4269089631,0.0,0.0,0.0
2014-06-27,35317.83478692803,35290.536490680526,18910.12549586747,0.0,0.0,0.0
2014-06-30,35342.51688650563,35315.19951266545,18900.46968027949,0.0,0.0,0.0
2014-07-01,35251.87322267727,35224.625910255156,19026.97383982211,0.0,0.0,0.0
2014-07-02,35079.669880751644,35052.55566985942,19046.28547099807,0.0,0.0,0.0
2014-07-03,35084.34030425825,35057.222483444704,19139.958415837104,0.0,0.0,0.0
2014-07-07,35137.890163886485,35110.73095265531,19073.31923166161,0.0,0.0,0.0
2014-07-08,35235.63431643323,35208.39955558671,18950.682444319777,0.0,0.0,0.0
2014-07-09,35359.305041532185,35331.97469158426,19035.660109164037,0.0,0.0,0.0
2014-07-10,35279.899547446155,35252.63057257161,18960.34186416889,0.0,0.0,0.0
2014-07-11,35393.192073964194,35365.83553163341,18986.418693500367,0.0,0.0,0.0
2014-07-14,35350.07220279789,35322.7489892095,19082.010907395244,0.0,0.0,0.0
2014-07-15,35256.90513126181,35229.65392951487,19046.285470998064,0.0,0.0,0.0
2014-07-16,35367.97206111613,35340.63501214859,19116.781214590923,0.0,0.0,0.0
2014-07-17,35488.669785885875,35461.239445744985,18899.50554042514,0.0,0.0,0.0
2014-07-18,35548.14907342422,35520.67275981917,19092.634467098702,0.0,0.0,0.0
2014-07-21,35660.513223236034,35632.95005974713,19056.90722857095,0.0,0.0,0.0
2014-07-22,35744.09199026654,35716.4642260467,19139.958415837096,0.0,0.0,0.0
2014-07-23,35765.48106238994,35737.8367658648,19182.450852520364,0.0,0.0,0.0
2014-07-24,35626.889206480155,35599.35203208078,19183.42039876641,0.0,0.0,0.0
2014-07-25,35851.15023629062,35823.43972329149,19093.60941973646,0.0,0.0,0.0
2014-07-28,35846.787119361776,35819.079978756774,19101.327944962908,0.0,0.0,0.0
2014-07-29,35852.77535046914,35825.06358136673,19019.251710334516,0.0,0.0,0.0
2014-07-30,35508.88381632398,35481.43785210549,19022.145932028117,0.0,0.0,0.0
2014-07-31,35192.86488847625,35165.663185503225,18646.4918149482,0.0,0.0,0.0
2014-08-01,35283.105751893,35255.834298839385,18589.515654882965,0.0,0.0,0.0
2014-08-04,35317.521994606424,35290.22394012621,18723.752756696584,0.0,0.0,0.0
2014-08-05,35192.91208854464,35165.71034908916,18542.191706144567,0.0,0.0,0.0
2014-08-06,35221.58157291219,35194.35767388543,18547.989160184607,0.0,0.0,0.0
2014-08-07,35314.94143703594,35287.64537715208,18447.563632104033,0.0,0.0,0.0
2014-08-08,35392.175058490146,35364.81930224349,18660.979142591306,0.0,0.0,0.0
2014-08-11,35454.18816306985,35426.78447488994,18715.046663918398,0.0,0.0,0.0
2014-08-12,35322.31574174946,35295.0139820271,18688.98425163147,0.0,0.0,0.0
2014-08-13,35498.453320769586,35471.01541861831,18815.48480691295,0.0,0.0,0.0
2014-08-14,35692.97436227566,35665.386108522995,18904.33164608857,0.0,0.0,0.0
2014-08-15,35902.911862889894,35875.16134165625,18900.46968027949,0.0,0.0,0.0
2014-08-18,35725.97195399839,35698.35819534036,19058.839112540783,0.0,0.0,0.0
2014-08-19,35715.95274937355,35688.34673488267,19158.30590715872,0.0,0.0,0.0
2014-08-20,35643.08422137906,35615.53452932915,19209.484613183915,0.0,0.0,0.0
2014-08-21,35764.76836780699,35737.12462214653,19265.496633394807,0.0,0.0,0.0
2014-08-22,35812.44791026831,35784.767311548116,19235.570453168235,0.0,0.0,0.0
2014-08-25,35967.58967924962,35939.78916644082,19333.096353163506,0.0,0.0,0.0
2014-08-26,35968.61679223215,35940.81548553453,19345.653598967358,0.0,0.0,0.0
2014-08-27,36140.47522678459,36112.54108514713,19337.922458826924,0.0,0.0,0.0
2014-08-28,36226.22537033633,36198.22494964083,19327.306107645738,0.0,0.0,0.0
2014-08-29,36198.11017847623,36170.131488921405,19382.346779480013,0.0,0.0,0.0
2014-09-02,35826.12021606618,35798.42904957885,19372.69637028374,0.0,0.0,0.0
2014-09-03,36011.831219695436,35983.99651116981,19362.065602058006,0.0,0.0,0.0
2014-09-04,35723.51605858779,35695.90419817073,19334.060493017845,0.0,0.0,0.0
2014-09-05,35738.86930302903,35711.245575593,19420.973646093065,0.0,0.0,0.0
2014-09-08,35565.620638378,35538.13082043559,19370.755475661073,0.0,0.0,0.0
2014-09-09,35438.89326995371,35411.501403691145,19248.11328192753,0.0,0.0,0.0
2014-09-10,35277.49082048496,35250.22370739336,19320.542711620787,0.0,0.0,0.0
2014-09-11,35166.309784497134,35139.12860682244,19342.752168751475,0.0,0.0,0.0
2014-09-12,34822.665880603345,34795.75031641116,19229.76939486705,0.0,0.0,0.0
2014-09-15,34789.85027298038,34762.96007303218,19215.282067223943,0.0,0.0,0.0
2014-09-16,34874.825558311066,34847.86967821778,19360.13371808818,0.0,0.0,0.0
2014-09-17,34643.29914763707,34616.522221791296,19386.20514102795,0.0,0.0,0.0
2014-09-18,34707.96509167676,34681.13818343233,19489.537505716104,0.0,0.0,0.0
2014-09-19,34853.11155866954,34826.17246202854,19471.975743322513,0.0,0.0,0.0
2014-09-22,34715.2796319463,34688.44707005724,19321.59335374243,0.0,0.0,0.0
2014-09-23,34810.32553175919,34783.41950582157,19210.98939220891,0.0,0.0,0.0
2014-09-24,34804.520349883685,34777.6188109588,19361.3771881807,0.0,0.0,0.0
2014-09-25,34786.417762183715,34759.530215334074,19048.97064554567,0.0,0.0,0.0
2014-09-26,34757.755450112,34730.890057289944,19200.324383502368,0.0,0.0,0.0
2014-09-29,34718.61028422739,34691.77514796951,19165.395488816626,0.0,0.0,0.0
2014-09-30,34578.804043780365,34552.07696828533,19114.943041410683,0.0,0.0,0.0
2014-10-01,34764.789264387735,34737.91843490324,18855.897584919745,0.0,0.0,0.0
2014-10-02,34577.002139545824,34550.27645680081,18858.813432180166,0.0,0.0,0.0
2014-10-03,34655.839009482,34629.05239117161,19066.429686496835,0.0,0.0,0.0
2014-10-06,34789.75291883084,34762.86279413081,19044.115705793145,0.0,0.0,0.0
2014-10-07,34845.290765565966,34818.35771386879,18750.143156747035,0.0,0.0,0.0
2014-10-08,35137.01597758496,35109.85744204063,19078.073252102273,0.0,0.0,0.0
2014-10-09,34811.42349955338,34784.51662496095,18699.69251147166,0.0,0.0,0.0
2014-10-10,34732.760282407355,34705.91420915845,18486.246364764716,0.0,0.0,0.0
2014-10-13,34901.22545245018,34874.249167025264,18182.578353258115,0.0,0.0,0.0
2014-10-14,35003.55624182722,34976.500861627086,18210.711413568668,0.0,0.0,0.0
2014-10-15,34927.713314757304,34900.716556007326,18087.496142314227,0.0,0.0,0.0
2014-10-16,34790.71049864245,34763.819633798026,18071.970787463455,0.0,0.0,0.0
2014-10-17,34899.03109575489,34872.056506419205,18285.42234056211,0.0,0.0,0.0
2014-10-20,35019.866193326525,34992.79820663762,18462.968244206695,0.0,0.0,0.0
2014-10-21,35012.87333322101,34985.81075153974,18828.737675116387,0.0,0.0,0.0
2014-10-22,34908.04898247182,34881.067422919965,18694.841175980284,0.0,0.0,0.0
2014-10-23,34836.14675947624,34809.22077547697,18912.169111932562,0.0,0.0,0.0
2014-10-24,34909.52602950851,34882.54332829925,19057.69475962955,0.0,0.0,0.0
2014-10-27,34872.02140609892,34845.06769342553,19031.504396072232,0.0,0.0,0.0
2014-10-28,35002.5073029946,34975.452733553204,19249.803680401128,0.0,0.0,0.0
2014-10-29,35006.63853286738,34979.58077026487,19220.69746958339,0.0,0.0,0.0
2014-10-30,35074.22657285888,35047.1165692753,19343.91274083783,0.0,0.0,0.0
2014-10-31,35107.41537682232,35080.279720539234,19565.11165325203,0.0,0.0,0.0
2014-11-03,34985.58217081264,34958.540683353065,19575.789276872554,0.0,0.0,0.0
2014-11-04,34995.80297324533,34968.75358579713,19507.879590646015,0.0,0.0,0.0
2014-11-05,34931.656772983784,34904.656966207476,19631.08765337818,0.0,0.0,0.0
2014-11-06,34742.50515918765,34715.65155380845,19709.676765355816,0.0,0.0,0.0
2014-11-07,35057.7393787913,35030.64211869301,19728.10895681417,0.0,0.0,0.0
2014-11-10,34885.03324664636,34858.069476700766,19790.204969825554,0.0,0.0,0.0
2014-11-11,34967.89860990611,34940.870790642424,19809.606707529958,0.0,0.0,0.0
2014-11-12,34841.658185614804,34814.72794165611,19788.26227307232,0.0,0.0,0.0
2014-11-13,34830.94116884391,34804.01920841392,19810.57625377601,0.0,0.0,0.0
2014-11-14,35045.85081460124,35018.76274355853,19815.42758926739,0.0,0.0,0.0
2014-11-17,34861.44500846753,34834.4994706338,19828.03889898831,0.0,0.0,0.0
2014-11-18,34993.3530548572,34966.30556103013,19942.528254028308,0.0,0.0,0.0
2014-11-19,34820.38394491368,34793.470144503364,19910.502591689008,0.0,0.0,0.0
2014-11-20,34935.13693620419,34908.134439497204,19945.436892766462,0.0,0.0,0.0
2014-11-21,35303.13236164825,35275.84542938054,20052.157262924084,0.0,0.0,0.0
2014-11-24,35317.3319110309,35290.03400347244,20108.42518567576,0.0,0.0,0.0
2014-11-25,35424.96589700284,35397.584795657065,20093.87658559331,0.0,0.0,0.0
2014-11-26,35576.11133056358,35548.613404026044,20145.29497498417,0.0,0.0,0.0
2014-11-28,35390.83031414433,35363.47559729408,20102.61511672174,0.0,0.0,0.0
2014-12-01,35304.75667032033,35277.46848257194,19962.90134010934,0.0,0.0,0.0
2014-12-02,35035.61885852117,35008.5386960881,20091.939295231783,0.0,0.0,0.0
2014-12-03,35136.71946111653,35109.56115475938,20169.558860963367,0.0,0.0,0.0
2014-12-04,35240.62540810015,35213.38678947755,20147.239473867976,0.0,0.0,0.0
2014-12-05,35078.630739759086,35051.517332052535,20180.22386966991,0.0,0.0,0.0
2014-12-08,35189.77756474272,35162.57824806203,20045.365032810034,0.0,0.0,0.0
2014-12-09,35289.05579212838,35261.77974009632,20031.785978973632,0.0,0.0,0.0
2014-12-10,35197.68598176357,35170.4805524117,19710.651717993587,0.0,0.0,0.0
2014-12-11,35141.22485810716,35114.06306938302,19810.576253776017,0.0,0.0,0.0
2014-12-12,35181.73109353059,35154.53799622762,19490.406132650314,0.0,0.0,0.0
2014-12-15,34922.16451573911,34895.17204583528,19356.520446297625,0.0,0.0,0.0
2014-12-16,35134.855654538966,35107.69878877817,19201.290325487298,0.0,0.0,0.0
2014-12-17,35218.34347736957,35191.12208117154,19577.72836936467,0.0,0.0,0.0
2014-12-18,35039.841039056155,35012.75761316326,20061.859933906853,0.0,0.0,0.0
2014-12-19,35342.129720354955,35314.81264576802,20147.22505682342,0.0,0.0,0.0
2014-12-22,35422.28066793534,35394.90164208992,20239.903225588445,0.0,0.0,0.0
2014-12-23,34993.550062183465,34966.50241608307,20267.216316490165,0.0,0.0,0.0
2014-12-24,35053.389859916424,35026.29596170187,20269.168023896244,0.0,0.0,0.0
2014-12-26,35231.21621761982,35203.98487166472,20334.53310175955,0.0,0.0,0.0
2014-12-29,35260.817680954,35233.56345507093,20361.8497969224,0.0,0.0,0.0
2014-12-30,35297.687922239165,35270.40519815468,20252.584818401545,0.0,0.0,0.0
2014-12-31,35260.45173025784,35233.197787229896,20051.622030145132,0.0,0.0,0.0
2015-01-02,35428.741422915664,35398.693334580305,20040.881331954697,0.07525329419439163,0.15050658838878325,2.6640687635546394
2015-01-05,35385.550983069224,35355.539525731736,19678.954043417823,0.0,0.0,0.0
2015-01-06,35484.93715228114,35454.8414028048,19493.60131014892,0.0,0.0,0.0
2015-01-07,35648.064845912275,35617.83074336011,19736.510489526234,0.0,0.0,0.0
2015-01-08,35661.362749305794,35631.11736843666,20086.734742148896,0.0,0.0,0.0
2015-01-09,35751.84222300567,35721.52010401067,19925.772043999008,0.0,0.0,0.0
2015-01-12,35728.32106804667,35698.01889798899,19769.6841090379,0.0,0.0,0.0
2015-01-13,35668.95472100002,35638.70290117124,19714.081172466136,0.0,0.0,0.0
2015-01-14,35816.80546153322,35786.42824543199,19595.05405265374,0.0,0.0,0.0
2015-01-15,36099.0706738299,36068.45406085223,19415.55103521137,0.0,0.0,0.0
2015-01-16,36083.823183531065,36053.219502368556,19670.179469678016,0.0,0.0,0.0
2015-01-20,36342.98315352476,36312.15967167618,19712.12586079892,0.0,0.0,0.0
2015-01-21,36266.06606766955,36235.30782131332,19811.632302289374,0.0,0.0,0.0
2015-01-22,36424.73172038259,36393.838905329954,20106.248211948565,0.0,0.0,0.0
2015-01-23,36557.98691206739,36526.98107962802,19996.015489312227,0.0,0.0,0.0
2015-01-26,36570.96686592324,36539.950024828635,20042.833039360776,0.0,0.0,0.0
2015-01-27,36549.25665058272,36518.25822251783,19778.460484908275,0.0,0.0,0.0
2015-01-28,36587.23568225746,36556.20504313304,19524.819617993366,0.0,0.0,0.0
2015-01-29,36511.600062153346,36480.633571674996,19705.288577420644,0.0,0.0,0.0
2015-01-30,36697.53272665788,36666.4085415818,19457.502832723978,0.0,0.0,0.0
2015-02-02,36829.68661349242,36798.450345076475,19698.465711086923,0.0,0.0,0.0
2015-02-03,36696.228605916185,36665.10552690069,19983.328490107422,0.0,0.0,0.0
2015-02-04,36623.430951529794,36592.36961420372,19907.24073535937,0.0,0.0,0.0
2015-02-05,36601.902398198676,36570.85931982978,20108.203523615783,0.0,0.0,0.0
2015-02-06,36072.58324801747,36041.98909975287,20052.59878491345,0.0,0.0,0.0
2015-02-09,36099.198621826225,36068.581900332356,19962.845474061698,0.0,0.0,0.0
2015-02-10,35906.54887356382,35876.09554361085,20175.511298232323,0.0,0.0,0.0
2015-02-11,35795.82741072778,35765.467986687414,20187.214334146534,0.0,0.0,0.0
2015-02-12,35953.70950658514,35923.21617840446,20381.356058199795,0.0,0.0,0.0
2015-02-13,35961.70995897525,35931.20984539123,20465.256048963874,0.0,0.0,0.0
2015-02-17,35699.56822802751,35669.2904440429,20497.44750731551,0.0,0.0,0.0
2015-02-18,35858.1130129817,35827.700762811946,20499.39921472159,0.0,0.0,0.0
2015-02-19,35726.44654410255,35696.14596388011,20484.7605081107,0.0,0.0,0.0
2015-02-20,35844.08444025122,35813.68408809918,20607.68743847412,0.0,0.0,0.0
2015-02-23,35927.499695292674,35897.02859637257,20604.769789083126,0.0,0.0,0.0
2015-02-24,36266.67958010287,36235.9208134099,20663.295781437584,0.0,0.0,0.0
2015-02-25,36406.43460370619,36375.55730694058,20645.735821174563,0.0,0.0,0.0
2015-02-26,36192.38068782017,36161.68493605771,20621.342181794407,0.0,0.0,0.0
2015-02-27,36320.52818590965,36289.72374873563,20551.104142872893,0.0,0.0,0.0
2015-03-02,35975.52836067853,35945.01652732863,20680.84853317833,0.0,0.0,0.0
2015-03-03,35869.26943761486,35838.84772537506,20595.977194037634,0.0,0.0,0.0
2015-03-04,35759.168190309945,35728.839857960935,20509.148741099147,0.0,0.0,0.0
2015-03-05,35720.4781759789,35690.18265769332,20531.588870942658,0.0,0.0,0.0
2015-03-06,34990.43098856309,34960.754643341395,20242.819072848863,0.0,0.0,0.0
2015-03-09,35047.087739698654,35017.363342330755,20326.72447000465,0.0,0.0,0.0
2015-03-10,34879.36494097069,34849.7827939134,19996.983233427705,0.0,0.0,0.0
2015-03-11,35033.17185848219,35003.45926355521,19950.16568337916,0.0,0.0,0.0
2015-03-12,35098.94246912149,35069.17409233384,20203.808352424636,0.0,0.0,0.0
2015-03-13,34849.264081423695,34819.707463731844,20079.91367794573,0.0,0.0,0.0
2015-03-16,35130.06957247228,35100.27479593364,20348.184240818686,0.0,0.0,0.0
2015-03-17,35276.71582250549,35246.79667125587,20287.702936797006,0.0,0.0,0.0
2015-03-18,36134.075929966726,36103.42962807021,20531.58887094265,0.0,0.0,0.0
2015-03-19,35884.97528969538,35854.5402568912,20437.941155931578,0.0,0.0,0.0
2015-03-20,36265.80377182437,36235.04574792846,20618.336228005537,0.0,0.0,0.0
2015-03-23,36360.81847603828,36329.97986756297,20578.166737625535,0.0,0.0,0.0
2015-03-24,36516.21380835067,36485.243404827495,20462.53483180488,0.0,0.0,0.0
2015-03-25,36240.94384443074,36210.2069049218,20162.678326451427,0.0,0.0,0.0
2015-03-26,35886.759717174755,35856.32317094864,20114.665963835723,0.0,0.0,0.0
2015-03-27,35976.91894725192,35946.40593450738,20160.72301478421,0.0,0.0,0.0
2015-03-30,36004.3345032558,35973.79823862548,20406.681399084046,0.0,0.0,0.0
2015-03-31,35899.92729946899,35869.479585454814,20228.335349466885,0.0,0.0,0.0
2015-04-01,36324.18062705242,36293.37309214278,20156.801578666356,0.0,0.0,0.0
2015-04-02,36282.73551785934,36251.96313368473,20229.315708496346,0.0,0.0,0.0
2015-04-06,36424.686414418626,36393.79363779123,20365.527945413443,0.0,0.0,0.0
2015-04-07,36533.76677516069,36502.781484484425,20311.631626490394,0.0,0.0,0.0
2015-04-08,36589.452243693006,36558.41972464198,20380.220715941403,0.0,0.0,0.0
2015-04-09,36444.339940717226,36413.430495394576,20470.372297648875,0.0,0.0,0.0
2015-04-10,36507.32663690277,36476.36377083371,20582.08456948225,0.0,0.0,0.0
2015-04-13,36406.99641291151,36376.11863966008,20488.991910686385,0.0,0.0,0.0
2015-04-14,36563.166810540846,36532.15658488737,20528.191854820336,0.0,0.0,0.0
2015-04-15,36744.110946309986,36712.947256966945,20620.3005503256,0.0,0.0,0.0
2015-04-16,36765.176595149904,36733.9950394517,20614.420198279393,0.0,0.0,0.0
2015-04-17,36823.08468502786,36791.8540158887,20377.27963885301,0.0,0.0,0.0
2015-04-20,36657.20786560353,36626.11788114925,20563.468560705875,0.0,0.0,0.0
2015-04-21,36615.92863046943,36584.87365606784,20538.97039775272,0.0,0.0,0.0
2015-04-22,36442.654573087784,36411.746557171675,20639.89872026201,0.0,0.0,0.0
2015-04-23,36609.50946140582,36578.45993127776,20691.83251899556,0.0,0.0,0.0
2015-04-24,36750.58323463797,36719.41405596949,20739.848485872404,0.0,0.0,0.0
2015-04-27,36849.24360840074,36817.990753160455,20653.614736021646,0.0,0.0,0.0
2015-04-28,36650.280814146194,36619.19670471444,20719.275363298242,0.0,0.0,0.0
2015-04-29,36336.02450290959,36305.20692288366,20634.018368215806,0.0,0.0,0.0
2015-04-30,36208.9096377874,36178.199867368654,20427.256323788784,0.0,0.0,0.0
2015-05-01,36100.194190111,36069.57662424833,20648.712940874335,0.0,0.0,0.0
2015-05-04,35958.9997216196,35928.501906662306,20707.514659205834,0.0,0.0,0.0
2015-05-05,35763.12635183928,35732.79466246482,20470.372297648886,0.0,0.0,0.0
2015-05-06,35441.305893914105,35411.247149305935,20386.095661595915,0.0,0.0,0.0
2015-05-07,35581.08195635538,35550.904663830945,20467.4312205605,0.0,0.0,0.0
2015-05-08,35886.17360063314,35855.73755150857,20736.907408784027,0.0,0.0,0.0
2015-05-11,35342.69402662119,35312.718917445156,20637.936200072527,0.0,0.0,0.0
2015-05-12,35399.08684041205,35369.06390294232,20576.197008913776,0.0,0.0,0.0
2015-05-13,35354.343927022266,35324.358937245845,20580.123851423337,0.0,0.0,0.0
2015-05-14,35590.92280824879,35560.737169427666,20794.72336169436,0.0,0.0,0.0
2015-05-15,35962.81355837549,35932.312508798525,20817.266212980292,0.0,0.0,0.0
2015-05-18,35647.16166618799,35616.92832964735,20881.942876966288,0.0,0.0,0.0
2015-05-19,35404.87427536293,35374.84642941071,20875.076759498912,0.0,0.0,0.0
2015-05-20,35402.757309145316,35372.731258650274,20860.378582579247,0.0,0.0,0.0
2015-05-21,35643.17738704488,35612.947429680775,20921.141018969673,0.0,0.0,0.0
2015-05-22,35587.00173885009,35556.81942559558,20871.155323381063,0.0,0.0,0.0
2015-05-26,35505.87705284401,35475.76354366307,20646.759431337694,0.0,0.0,0.0
2015-05-27,35544.91183443511,35514.76521878416,20842.741130701765,0.0,0.0,0.0
2015-05-28,35456.98148240599,35426.909442900826,20819.225128908645,0.0,0.0,0.0
2015-05-29,35435.49719248651,35405.443374397495,20689.879009458924,0.0,0.0,0.0
2015-06-01,35212.87797672001,35183.01296810014,20732.009217897852,0.0,0.0,0.0
2015-06-02,35076.91217535159,35047.16248306094,20711.434293193124,0.0,0.0,0.0
2015-06-03,34775.68900714614,34746.19479049487,20766.305564753926,0.0,0.0,0.0
2015-06-04,34761.60859472328,34732.12632005638,20590.900592225153,0.0,0.0,0.0
2015-06-05,34492.171672755816,34462.91791494012,20555.627490600753,0.0,0.0,0.0
2015-06-08,34442.728032331026,34413.516209024296,20429.217041847714,0.0,0.0,0.0
2015-06-09,34309.93533126971,34280.836133098725,20426.27596475933,0.0,0.0,0.0
2015-06-10,34413.074052777374,34383.88737982489,20671.255792160275,0.0,0.0,0.0
2015-06-11,34670.39725787727,34640.99234204946,20737.887767813496,0.0,0.0,0.0
2015-06-12,34603.15870841321,34573.8108194453,20579.13988813274,0.0,0.0,0.0
2015-06-15,34552.47278625765,34523.16788541195,20490.950826614757,0.0,0.0,0.0
2015-06-16,34723.670197271225,34694.22009920084,20602.666702709266,0.0,0.0,0.0
2015-06-17,34673.981483378586,34644.57352767071,20635.982690535875,0.0,0.0,0.0
2015-06-18,34741.30638577215,34711.84132996608,20850.580398676328,0.0,0.0,0.0
2015-06-19,34814.71201600935,34785.184702872844,20758.017566267714,0.0,0.0,0.0
2015-06-22,34708.788461980366,34679.35098551827,20864.363093267006,0.0,0.0,0.0
2015-06-23,34686.84791268691,34657.42904460708,20879.13515753999,0.0,0.0,0.0
2015-06-24,34699.57611968838,34670.14645646672,20727.498485083976,0.0,0.0,0.0
2015-06-25,34604.054971641264,34574.706322527905,20664.47257269906,0.0,0.0,0.0
2015-06-26,34392.5744566721,34363.40516998991,20660.53311527552,0.0,0.0,0.0
2015-06-29,34399.19117257716,34370.016274076545,20227.27389456183,0.0,0.0,0.0
2015-06-30,34414.55610015294,34385.36817023539,20269.61855653845,0.0,0.0,0.0
2015-07-01,34224.80189978737,34195.77490561706,20432.087835843908,0.0,0.0,0.0
2015-07-02,34320.435309158565,34291.32720566804,20413.385324800223,0.0,0.0,0.0
2015-07-06,34253.620437711994,34224.569001748416,20355.288239521153,0.0,0.0,0.0
2015-07-07,34310.241862153714,34281.14240400547,20483.295375958205,0.0,0.0,0.0
2015-07-08,34090.21463003589,34061.30178302429,20139.638087128485,0.0,0.0,0.0
2015-07-09,33971.248977060706,33942.437028085726,20176.0735629698,0.0,0.0,0.0
2015-07-10,34088.58327067183,34059.6718072609,20430.118107132133,0.0,0.0,0.0
2015-07-13,34112.1927713297,34083.261284053035,20655.615100953077,0.0,0.0,0.0
2015-07-14,34204.81063808662,34175.80059905424,20745.222439228754,0.0,0.0,0.0
2015-07-15,34228.193447959246,34199.1635773238,20738.32388341114,0.0,0.0,0.0
2015-07-16,34459.609561628095,34430.38342063287,20904.739828662412,0.0,0.0,0.0
2015-07-17,34492.13882487991,34462.885094923404,20922.4637828072,0.0,0.0,0.0
2015-07-20,34308.94878887217,34279.85042741488,20933.290983264942,0.0,0.0,0.0
2015-07-21,34343.40726530503,34314.27967866778,20850.58400293745,0.0,0.0,0.0
2015-07-22,34282.458911913265,34253.38301724793,20813.160959544395,0.0,0.0,0.0
2015-07-23,34294.40327325352,34265.31724824738,20695.98823208736,0.0,0.0,0.0
2015-07-24,34156.84301436944,34127.87365799573,20481.322042985295,0.0,0.0,0.0
2015-07-27,34043.11379589223,34014.240896391275,20362.179586816488,0.0,0.0,0.0
2015-07-28,34126.5015713606,34097.55794839776,20612.29368420813,0.0,0.0,0.0
2015-07-29,34173.02079004036,34144.03771285093,20754.078108844154,0.0,0.0,0.0
2015-07-30,34189.9013028482,34160.90390883238,20759.00693595,0.0,0.0,0.0
2015-07-31,34355.187121909286,34326.04954445222,20727.498485083965,0.0,0.0,0.0
2015-08-03,34297.67099362853,34268.58219717902,20657.583027534278,0.0,0.0,0.0
2015-08-04,34193.35444408072,34164.354121361015,20617.2153027917,0.0,0.0,0.0
2015-08-05,34075.71160020036,34046.81105360656,20685.157427368482,0.0,0.0,0.0
2015-08-06,34098.45640569694,34069.53656860911,20515.791394375978,0.0,0.0,0.0
2015-08-07,34290.02648817983,34260.94417524527,20476.396820140588,0.0,0.0,0.0
2015-08-10,34366.148485908285,34337.001611817446,20734.38622811817,0.0,0.0,0.0
2015-08-11,34358.20885050724,34329.068710239175,20547.299845242014,0.0,0.0,0.0
2015-08-12,34189.097314310326,34160.100602179264,20571.916948812708,0.0,0.0,0.0
2015-08-13,34088.66972790586,34059.75819116817,20546.31588195141,0.0,0.0,0.0
2015-08-14,34165.199966467815,34136.22352233358,20621.14935382353,0.0,0.0,0.0
2015-08-17,34158.47747880081,34129.50673619293,20736.359561091074,0.0,0.0,0.0
2015-08-18,33917.45033310274,33888.684012234786,20676.285538577955,0.0,0.0,0.0
2015-08-19,33927.272334819754,33898.497683642476,20512.834098112464,0.0,0.0,0.0
2015-08-20,33837.85568270157,33809.156868242,20084.49469385178,0.0,0.0,0.0
2015-08-21,33498.17669322131,33469.765969838954,19479.90331569495,0.0,0.0,0.0
2015-08-24,32858.46189886154,32830.59373516036,18659.66719153717,0.0,0.0,0.0
2015-08-25,32656.44359847287,32628.746772038874,18440.088394504375,0.0,0.0,0.0
2015-08-26,32680.112731535377,32652.395830659767,19148.071607658127,0.0,0.0,0.0
2015-08-27,33178.26186544186,33150.12247060856,19621.7039595061,0.0,0.0,0.0
2015-08-28,33246.08819448612,33217.891274280904,19622.69332918841,0.0,0.0,0.0
2015-08-31,33161.50139601182,33133.376216192824,19464.152694523073,0.0,0.0,0.0
2015-09-01,32699.930624223925,32672.196915249406,18883.196258776912,0.0,0.0,0.0
2015-09-02,32755.27921737179,32727.49856573577,19241.614799096205,0.0,0.0,0.0
2015-09-03,32778.3696238553,32750.569388611566,19255.40470220916,0.0,0.0,0.0
2015-09-04,32610.786269265882,32583.12816606636,18963.92630187036,0.0,0.0,0.0
2015-09-08,32751.077106197667,32723.300018487505,19440.51414785127,0.0,0.0,0.0
2015-09-09,32690.09890781142,32662.37353738553,19180.571230337042,0.0,0.0,0.0
2015-09-10,32757.395108756078,32729.612662574476,19284.941622232855,0.0,0.0,0.0
2015-09-11,32870.89254354549,32843.01383707325,19372.579231796764,0.0,0.0,0.0
2015-09-14,32784.26973932775,32756.464500034093,19300.695847665873,0.0,0.0,0.0
2015-09-15,32585.41116462228,32557.774582745707,19541.94526478927,0.0,0.0,0.0
2015-09-16,32795.14161883176,32767.327158798587,19711.307693520637,0.0,0.0,0.0
2015-09-17,33000.99573115492,32973.006680597144,19666.996907093388,0.0,0.0,0.0
2015-09-18,32945.53487049455,32917.592857815434,19345.610347833703,0.0,0.0,0.0
2015-09-21,32681.117558374328,32653.39980527749,19445.57993688035,0.0,0.0,0.0
2015-09-22,32587.311751121142,32559.67355730497,19193.17713366625,0.0,0.0,0.0
2015-09-23,32492.83460826503,32465.276543107695,19162.492256470185,0.0,0.0,0.0
2015-09-24,32574.496310460945,32546.868985771867,19093.20574248903,0.0,0.0,0.0
2015-09-25,32424.132888278793,32396.63309093645,19088.258894077495,0.0,0.0,0.0
2015-09-28,32287.782411994463,32260.398257234712,18609.202129217236,0.0,0.0,0.0
2015-09-29,32328.03740753184,32300.619111405133,18620.079789330906,0.0,0.0,0.0
2015-09-30,32537.539096498353,32509.943116237126,18967.505333180125,0.0,0.0,0.0
2015-10-01,32680.07850685013,32652.36163500141,19016.995442862295,0.0,0.0,0.0
2015-10-02,33120.95560720163,33092.86481537935,19301.06888869363,0.0,0.0,0.0
2015-10-05,33207.83332483708,33179.66884963715,19644.524338899635,0.0,0.0,0.0
2015-10-06,33363.0110366812,33334.71495100328,19577.22377280537,0.0,0.0,0.0
2015-10-07,33525.755039469586,33497.32092613459,19737.570142300705,0.0,0.0,0.0
2015-10-08,33573.34483639714,33544.870360848734,19915.73417673041,0.0,0.0,0.0
2015-10-09,33669.62116984616,33641.06503969599,19927.6120193098,0.0,0.0,0.0
2015-10-12,33713.6587873684,33685.06530770571,19946.41725179591,0.0,0.0,0.0
2015-10-13,33521.1894839104,33492.75924274843,19820.71504035643,0.0,0.0,0.0
2015-10-14,33755.849800393444,33727.2205373742,19725.692299721315,0.0,0.0,0.0
2015-10-15,33907.70151830674,33878.94346567628,20028.57278016932,0.0,0.0,0.0
2015-10-16,33862.49291449604,33833.773204523735,20119.625427161227,0.0,0.0,0.0
2015-10-19,33688.16991831008,33659.598056457064,20129.524530376006,0.0,0.0,0.0
2015-10-20,33604.34766804598,33575.84689814483,20103.79911650546,0.0,0.0,0.0
2015-10-21,33606.24723567234,33577.74485469573,19979.084472617724,0.0,0.0,0.0
2015-10-22,33905.283615866014,33876.527613925005,20316.60190259932,0.0,0.0,0.0
2015-10-23,33915.28117808341,33886.51669693539,20539.307396169093,0.0,0.0,0.0
2015-10-26,33929.00062650941,33900.2245095205,20488.82070828234,0.0,0.0,0.0
2015-10-27,33844.341179093,33815.63686410585,20449.231503945513,0.0,0.0,0.0
2015-10-28,33824.43415132175,33795.74672003143,20681.836100730063,0.0,0.0,0.0
2015-10-29,33512.114371683114,33483.69182737298,20669.96006028124,0.0,0.0,0.0
2015-10-30,33637.14948866132,33608.620898635505,20580.88254839281,0.0,0.0,0.0
2015-11-02,33721.0954558996,33692.49566899415,20824.36300316046,0.0,0.0,0.0
2015-11-03,33708.35249717285,33679.76351792055,20884.74158573971,0.0,0.0,0.0
2015-11-04,33566.167138369325,33537.698750423675,20821.39309198297,0.0,0.0,0.0
2015-11-05,33444.914404417854,33416.548854245004,20800.61092226282,0.0,0.0,0.0
2015-11-06,33122.96066028475,33094.86816792189,20789.724251496304,0.0,0.0,0.0
2015-11-09,32835.135842716314,32807.287462483786,20595.719489366275,0.0,0.0,0.0
2015-11-10,32863.08413723543,32835.212053286974,20643.23446394497,0.0,0.0,0.0
2015-11-11,32819.79628026334,32791.960909934896,20562.06650312329,0.0,0.0,0.0
2015-11-12,32697.171116656533,32669.43974809615,20275.023146114465,0.0,0.0,0.0
2015-11-13,32606.25161286226,32578.597355629332,20047.369002002586,0.0,0.0,0.0
2015-11-16,32780.63020116541,32752.82804866399,20352.231826076346,0.0,0.0,0.0
2015-11-17,32766.32518289359,32738.53516287093,20337.38587445004,0.0,0.0,0.0
2015-11-18,32982.48945550053,32954.516100623245,20660.06275919703,0.0,0.0,0.0
2015-11-19,33189.91692919214,33161.76764937927,20642.24509426266,0.0,0.0,0.0
2015-11-20,33224.02915889668,33195.85094756521,20717.467826337655,0.0,0.0,0.0
2015-11-23,33191.3148405783,33163.164375158405,20693.712141178876,0.0,0.0,0.0
2015-11-24,33259.54210157943,33231.33377074622,20721.42530506689,0.0,0.0,0.0
2015-11-25,33244.42126234633,33216.22575591203,20718.46260241167,0.0,0.0,0.0
2015-11-27,33097.06237576385,33068.991848447164,20742.211079048175,0.0,0.0,0.0
2015-11-30,33093.98823218207,33065.920312130955,20656.107082598373,0.0,0.0,0.0
2015-12-01,33448.48186521366,33420.11328937937,20853.067338861343,0.0,0.0,0.0
2015-12-02,33232.45431581723,33204.268958878856,20640.26455276748,0.0,0.0,0.0
2015-12-03,32766.75998209502,32738.969593307218,20351.242456394044,0.0,0.0,0.0
2015-12-04,33113.49377611866,33085.40931288019,20748.152703533728,0.0,0.0,0.0
2015-12-07,33003.516658187305,32975.52546956209,20622.446887833114,0.0,0.0,0.0
2015-12-08,32829.62365684902,32801.77995165266,20483.879266262513,0.0,0.0,0.0
2015-12-09,32713.99895647067,32686.253315757313,20324.515057927212,0.0,0.0,0.0
2015-12-10,32648.16734131879,32620.47753420572,20376.982287309143,0.0,0.0,0.0
2015-12-11,32532.6087529175,32505.016954216026,19982.050779534078,0.0,0.0,0.0
2015-12-14,32322.828291684473,32295.41441355193,20083.002529740756,0.0,0.0,0.0
2015-12-15,32382.70017538865,32355.23551826769,20293.831982861706,0.0,0.0,0.0
2015-12-16,32574.345344058365,32546.71814740803,20590.774443085305,0.0,0.0,0.0
2015-12-17,32511.099553470285,32483.52599731143,20277.005489740215,0.0,0.0,0.0
2015-12-18,32514.474081941084,32486.897663751985,19915.77202147236,0.0,0.0,0.0
2015-12-21,32556.763409454812,32529.151124525946,20080.06145265237,0.0,0.0,0.0
2015-12-22,32561.338757610378,32533.722592203114,20262.271270209178,0.0,0.0,0.0
2015-12-23,32679.39019637183,32651.67390829813,20513.190919965098,0.0,0.0,0.0
2015-12-24,32777.47890317891,32749.67942337983,20479.33429296783,0.0,0.0,0.0
2015-12-28,32764.57937770502,32736.790838347668,20432.53836848611,0.0,0.0,0.0
2015-12-29,32690.01597726129,32662.290677171077,20650.592563057642,0.0,0.0,0.0
2015-12-30,32494.181154266924,32466.621947066946,20504.22171612386,0.0,0.0,0.0
2015-12-31,32416.523191282675,32389.02984793328,20299.11763182019,0.0,0.0,0.0
2016-01-04,32316.57417659538,32288.10598667345,20015.343339663294,0.03281645890587261,0.06563291781174523,1.0596160761075464
2016-01-05,32241.109473569504,32212.707761718128,20049.192758138284,0.0,0.0,0.0
2016-01-06,32214.980831869423,32186.602137158738,19796.292566887176,0.0,0.0,0.0
2016-01-07,31906.26859685687,31878.161851718854,19321.344659723934,0.0,0.0,0.0
2016-01-08,31790.970066351372,31762.96488954316,19109.26452798819,0.0,0.0,0.0
2016-01-11,31553.205804443627,31525.41007799756,19128.181492569565,0.0,0.0,0.0
2016-01-12,31768.838721121156,31740.85304017088,19282.512350226032,0.0,0.0,0.0
2016-01-13,31714.638789480035,31686.70085412122,18801.593984488136,0.0,0.0,0.0
2016-01-14,31693.34796918744,31665.42878925462,19110.266512584476,0.0,0.0,0.0
2016-01-15,31464.646814004045,31436.929100596903,18700.036718410316,0.0,0.0,0.0
2016-01-19,31492.700410713624,31464.95798444197,18724.924141566342,0.0,0.0,0.0
2016-01-20,31363.066530812383,31335.43830111036,18484.97225845253,0.0,0.0,0.0
2016-01-21,31350.553431759425,31322.9362250476,18588.51547241724,0.0,0.0,0.0
2016-01-22,31714.37252019182,31686.434819393893,18969.869728486476,0.0,0.0,0.0
2016-01-25,31584.099540878964,31556.27659964362,18683.114712368668,0.0,0.0,0.0
2016-01-26,31874.358598890885,31846.27996378326,18938.00625789837,0.0,0.0,0.0
2016-01-27,31846.639133469722,31818.584916884993,18731.894782606705,0.0,0.0,0.0
2016-01-28,31985.087257060375,31956.911079296988,18829.47474651904,0.0,0.0,0.0
2016-01-29,32465.759099241015,32437.159489921465,19288.49001732295,0.0,0.0,0.0
2016-02-01,32350.111522878335,32321.613789368694,19281.51757415201,0.0,0.0,0.0
2016-02-02,32260.28818566185,32231.869578974547,18934.025351471748,0.0,0.0,0.0
2016-02-03,32479.88273068756,32451.270679633923,19047.53434748228,0.0,0.0,0.0
2016-02-04,32601.420737783963,32572.701621945256,19077.402859530648,0.0,0.0,0.0
2016-02-05,32421.713770541843,32393.152961460706,18713.97980262162,0.0,0.0,0.0
2016-02-08,32466.881930573934,32438.281332134204,18462.06717892225,0.0,0.0,0.0
2016-02-09,32349.890439194434,32321.392900440973,18463.060152865695,0.0,0.0,0.0
2016-02-10,32528.162721379143,32499.508139705245,18447.132922898065,0.0,0.0,0.0
2016-02-11,32584.764507757216,32556.060064659403,18207.17022700084,0.0,0.0,0.0
2016-02-12,32602.794947945808,32574.07462154326,18582.545013842584,0.0,0.0,0.0
2016-02-16,32509.41538451565,32480.777317672302,18896.187818047856,0.0,0.0,0.0
2016-02-17,32683.05387601668,32654.262848233633,19204.849533360783,0.0,0.0,0.0
2016-02-18,32838.75019544039,32809.82201226559,19126.19194042153,0.0,0.0,0.0
2016-02-19,32806.41303562324,32777.51333877259,19117.228142971995,0.0,0.0,0.0
2016-02-22,33004.515438788265,32975.44123034469,19394.028189827393,0.0,0.0,0.0
2016-02-23,32898.920456582906,32869.93926845737,19149.09521782124,0.0,0.0,0.0
2016-02-24,32919.885763556755,32890.88610675513,19236.709399687752,0.0,0.0,0.0
2016-02-25,33120.12620293293,33090.950151107914,19469.703256675177,0.0,0.0,0.0
2016-02-26,32905.05269880279,32876.06610868647,19424.896884341488,0.0,0.0,0.0
2016-02-29,33045.06939162766,33015.95945855482,19272.55377670248,0.0,0.0,0.0
2016-03-01,33175.12011616456,33145.89561931693,19725.602193192874,0.0,0.0,0.0
2016-03-02,33380.24575932075,33350.840563995145,19814.218359655675,0.0,0.0,0.0
2016-03-03,33658.945692611785,33629.29498603277,19891.872165868073,0.0,0.0,0.0
2016-03-04,33734.565525459955,33704.848204154034,19956.59208098772,0.0,0.0,0.0
2016-03-07,33736.40626143257,33706.68731859272,19972.528321608195,0.0,0.0,0.0
2016-03-08,33672.203238209084,33642.54085284494,19754.470522775526,0.0,0.0,0.0
2016-03-09,33696.454498380546,33666.77074969129,19852.046882426723,0.0,0.0,0.0
2016-03-10,33681.274207204966,33651.603831078355,19867.97591452492,0.0,0.0,0.0
2016-03-11,33810.22865456603,33780.44468039284,20188.591161901128,0.0,0.0,0.0
2016-03-14,33717.789089707345,33688.08654703348,20162.70355627938,0.0,0.0,0.0
2016-03-15,33552.13992900514,33522.583309341,20129.8489138784,0.0,0.0,0.0
2016-03-16,33925.86865658965,33895.9828132789,20246.342238110974,0.0,0.0,0.0
2016-03-17,34249.4118444418,34219.24098673349,20374.787292276265,0.0,0.0,0.0
2016-03-18,34370.119217959305,34339.8420271844,20454.848744928662,0.0,0.0,0.0
2016-03-21,34289.617293872514,34259.411018537205,20483.87205774023,0.0,0.0,0.0
2016-03-22,34286.99019389149,34256.7862328108,20472.862842095034,0.0,0.0,0.0
2016-03-23,34187.698421473375,34157.58192811186,20337.755311216653,0.0,0.0,0.0
2016-03-24,34059.00001218275,34028.99689131977,20328.744658372325,0.0,0.0,0.0
2016-03-28,34143.00071249515,34112.92359406433,20340.75766074438,0.0,0.0,0.0
2016-03-29,34565.994471897204,34535.54473146094,20528.907300656167,0.0,0.0,0.0
2016-03-30,34527.12867630015,34496.7131733683,20618.98319287975,0.0,0.0,0.0
2016-03-31,34597.77091931311,34567.293186493276,20568.95064189635,0.0,0.0,0.0
2016-04-01,34562.41212233285,34531.96553764594,20709.05728297276,0.0,0.0,0.0
2016-04-04,34447.32964962174,34416.984442935856,20642.007213027566,0.0,0.0,0.0
2016-04-05,34387.503951624145,34357.21144635777,20435.8380695577,0.0,0.0,0.0
2016-04-06,34441.99457108682,34411.65406415741,20659.02112772822,0.0,0.0,0.0
2016-04-07,34440.20345913156,34409.864530021485,20411.810262683022,0.0,0.0,0.0
2016-04-08,34560.88280544168,34530.43756795462,20466.86535156185,0.0,0.0,0.0
2016-04-11,34624.7930132656,34594.29147624863,20418.82055059591,0.0,0.0,0.0
2016-04-12,34722.028978691815,34691.441784949115,20608.981368222547,0.0,0.0,0.0
2016-04-13,34955.73017897863,34924.937114090106,20817.14727236272,0.0,0.0,0.0
2016-04-14,34822.147814653785,34791.472424618325,20818.14565269787,0.0,0.0,0.0
2016-04-15,34917.90941153058,34887.14966356435,20795.130643202894,0.0,0.0,0.0
2016-04-18,34988.40458264548,34957.58273434929,20941.252796118177,0.0,0.0,0.0
2016-04-19,35261.52692284343,35230.46447668528,21007.30448572822,0.0,0.0,0.0
2016-04-20,35095.03700396877,35064.121221457724,21027.32435421774,0.0,0.0,0.0
2016-04-21,34891.03648889442,34860.30041371792,20914.235254629755,0.0,0.0,0.0
2016-04-22,34779.635052089245,34748.997112230034,20914.235254629755,0.0,0.0,0.0
2016-04-25,34635.00366585174,34604.493134106706,20878.194445383022,0.0,0.0,0.0
2016-04-26,34692.83509423241,34662.27361785205,20909.225331648307,0.0,0.0,0.0
2016-04-27,34943.58219521195,34912.799831677694,20952.2548032411,0.0,0.0,0.0
2016-04-28,34994.951559595625,34964.123943962135,20762.10660052844,0.0,0.0,0.0
2016-04-29,35105.9024855719,35074.97713148337,20650.012277014466,0.0,0.0,0.0
2016-05-02,34937.32280540537,34906.54595586826,20814.146724965558,0.0,0.0,0.0
2016-05-03,34761.72973562365,34731.10756884568,20632.996560183245,0.0,0.0,0.0
2016-05-04,34643.63712382287,34613.11898672584,20517.90168927211,0.0,0.0,0.0
2016-05-05,34737.904820889235,34707.30364186182,20513.902761539797,0.0,0.0,0.0
2016-05-06,34712.7968265659,34682.21776557448,20588.957895471893,0.0,0.0,0.0
2016-05-09,34541.2363497638,34510.80841915551,20605.973612303114,0.0,0.0,0.0
2016-05-10,34861.678712865396,34830.96849942595,20862.18071314809,0.0,0.0,0.0
2016-05-11,34941.40379485369,34910.623350307345,20667.026191715126,0.0,0.0,0.0
2016-05-12,34864.52748880302,34833.81476583103,20673.02728650945,0.0,0.0,0.0
2016-05-13,34845.57872932358,34814.88269861856,20492.87550206228,0.0,0.0,0.0
2016-05-16,34934.02228076003,34903.248338708174,20695.047519930406,0.0,0.0,0.0
2016-05-17,34886.805548764205,34856.07320069092,20501.889759167745,0.0,0.0,0.0
2016-05-18,34476.31743217991,34445.94668969018,20507.8944582232,0.0,0.0,0.0
2016-05-19,34434.19671180933,34403.863074139575,20436.840054153992,0.0,0.0,0.0
2016-05-20,34549.200111787635,34518.7651657733,20565.94468810748,0.0,0.0,0.0
2016-05-23,34508.07726537003,34477.67854513246,20537.921557761627,0.0,0.0,0.0
2016-05-24,34564.37705200423,34533.92873637918,20804.13769178608,0.0,0.0,0.0
2016-05-25,34661.33486796226,34630.80114063781,20945.253525981057,0.0,0.0,0.0
2016-05-26,34787.0420763589,34756.39761153289,20951.25642290595,0.0,0.0,0.0
2016-05-27,34748.89730328786,34718.28644080591,21041.334117260103,0.0,0.0,0.0
2016-05-31,34697.62742210298,34667.06172408391,21001.296182411625,0.0,0.0,0.0
2016-06-01,34782.32902296252,34751.688709941045,21044.338268918396,0.0,0.0,0.0
2016-06-02,34925.23984447908,34894.47363901658,21108.389593597,0.0,0.0,0.0
2016-06-03,35348.22725885601,35317.08843697751,21045.343857775824,0.0,0.0,0.0
2016-06-06,35397.83614829929,35366.65362515225,21152.41924765551,0.0,0.0,0.0
2016-06-07,35572.75773009042,35541.42111570881,21185.454103113374,0.0,0.0,0.0
2016-06-08,35848.5019943361,35816.92247239746,21254.509944381713,0.0,0.0,0.0
2016-06-09,35827.50253651152,35795.941513333004,21225.484829439574,0.0,0.0,0.0
2016-06-10,35543.32505875046,35512.01437208239,21024.31659829831,0.0,0.0,0.0
2016-06-13,35420.518410591554,35389.31590627487,20862.180713148093,0.0,0.0,0.0
2016-06-14,35257.29176096926,35226.23304563331,20821.148002225604,0.0,0.0,0.0
2016-06-15,35445.29305424437,35414.06872554566,20792.124689414035,0.0,0.0,0.0
2016-06-16,35399.84001172259,35368.65572334003,20854.173847030626,0.0,0.0,0.0
2016-06-17,35438.58983404518,35407.37141032095,20776.518238687666,0.0,0.0,0.0
2016-06-20,35494.55379991094,35463.286076629134,20910.315620642483,0.0,0.0,0.0
2016-06-21,35437.75915823461,35406.541466266055,20969.67599945033,0.0,0.0,0.0
2016-06-22,35507.25243125952,35475.97352154913,20935.464352730996,0.0,0.0,0.0
2016-06-23,35684.948995620485,35653.51355014876,21208.099675841746,0.0,0.0,0.0
2016-06-24,35281.109372330124,35250.02967567727,20446.539120875634,0.0,0.0,0.0
2016-06-27,35413.8935362402,35382.696867881874,20080.34078289055,0.0,0.0,0.0
2016-06-28,35872.61053120005,35841.00977166357,20442.505952662512,0.0,0.0,0.0
2016-06-29,36109.26878744024,36077.4595518398,20790.596482691642,0.0,0.0,0.0
2016-06-30,36331.36008536522,36299.355205968655,21074.3040960175,0.0,0.0,0.0
2016-07-01,36739.45786181912,36707.09348252808,21118.562620658253,0.0,0.0,0.0
2016-07-05,36691.20693349004,36658.88505921774,20966.650222225206,0.0,0.0,0.0
2016-07-06,36774.289749586234,36741.89468632507,21092.402893320606,0.0,0.0,0.0
2016-07-07,36632.269465745114,36599.99951043603,21079.32843604349,0.0,0.0,0.0
2016-07-08,37051.0421048226,37018.40324596085,21393.207319353285,0.0,0.0,0.0
2016-07-11,36982.509825980735,36949.93133830557,21468.658922010527,0.0,0.0,0.0
2016-07-12,36886.51261130711,36854.01868912223,21624.59367587328,0.0,0.0,0.0
2016-07-13,37042.9062531121,37010.27456125297,21621.57510717043,0.0,0.0,0.0
2016-07-14,36962.34811598159,36929.78738908103,21742.303438239836,0.0,0.0,0.0
2016-07-15,36758.2462350655,36725.86530479429,21713.134152852188,0.0,0.0,0.0
2016-07-18,36800.845948313545,36768.42749126983,21771.478130019193,0.0,0.0,0.0
2016-07-19,36754.632860540885,36722.255113349405,21749.34616450296,0.0,0.0,0.0
2016-07-20,36678.9168954791,36646.60584769895,21839.885204282742,0.0,0.0,0.0
2016-07-21,36665.27902882186,36632.97999485778,21757.39808388465,0.0,0.0,0.0
2016-07-22,36736.265049717185,36703.90348302566,21854.981652058123,0.0,0.0,0.0
2016-07-25,36587.47740209512,36555.246904835265,21795.624877511415,0.0,0.0,0.0
2016-07-26,36704.27829211978,36671.94490307745,21805.68256821625,0.0,0.0,0.0
2016-07-27,36971.29527057486,36938.72666198193,21782.543211712025,0.0,0.0,0.0
2016-07-28,36962.3092752581,36929.74858257295,21807.695548061674,0.0,0.0,0.0
2016-07-29,37251.8553684746,37219.03960997933,21842.903772985588,0.0,0.0,0.0
2016-08-01,36972.25522178451,36939.6857675551,21824.795965029632,0.0,0.0,0.0
2016-08-02,36652.291549086476,36620.003956002154,21684.95784140798,0.0,0.0,0.0
2016-08-03,36751.44406007259,36719.069121946726,21748.33516925383,0.0,0.0,0.0
2016-08-04,37001.92547035104,36969.32987912251,21771.478130019197,0.0,0.0,0.0
2016-08-05,36929.40703128792,36896.87532271863,21949.537640875908,0.0,0.0,0.0
2016-08-08,37021.72048970561,36989.107460726176,21936.46498572936,0.0,0.0,0.0
2016-08-09,37285.778054598064,37252.93241306303,21949.537640875904,0.0,0.0,0.0
2016-08-10,37345.728523902515,37312.830071034914,21895.216019138606,0.0,0.0,0.0
2016-08-11,37336.228794718896,37303.33871031551,21996.825547002925,0.0,0.0,0.0
2016-08-12,37449.06987178423,37416.0803838613,21977.71395232011,0.0,0.0,0.0
2016-08-15,37429.49322377831,37396.52098123944,22041.08767590482,0.0,0.0,0.0
2016-08-16,37362.519108778,37329.60586481415,21927.414686012522,0.0,0.0,0.0
2016-08-17,37456.37187735294,37423.37595697587,21968.656444081,0.0,0.0,0.0
2016-08-18,37615.00146056784,37581.86580083976,22017.955527922873,0.0,0.0,0.0
2016-08-19,37437.72656089291,37404.747065474985,21985.758663179528,0.0,0.0,0.0
2016-08-22,37482.19378209759,37449.17511478933,21984.75667858324,0.0,0.0,0.0
2016-08-23,37524.81880660065,37491.7625902228,22029.02241174627,0.0,0.0,0.0
2016-08-24,37369.68689669724,37336.76733851373,21916.34600005856,0.0,0.0,0.0
2016-08-25,37295.58241129254,37262.72813294201,21901.25315654431,0.0,0.0,0.0
2016-08-26,37115.00356924128,37082.308365696874,21860.005992084127,0.0,0.0,0.0
2016-08-29,37392.943038527235,37360.00299363438,21967.650855223572,0.0,0.0,0.0
2016-08-30,37253.54910330626,37220.73185277273,21931.43523931166,0.0,0.0,0.0
2016-08-31,37132.37181864987,37099.66131513523,21869.059896062103,0.0,0.0,0.0
2016-09-01,37226.682438155345,37193.88885489923,21870.06908918067,0.0,0.0,0.0
2016-09-02,37299.43000367341,37266.57233591688,21968.656444081,0.0,0.0,0.0
2016-09-06,37708.99420830438,37675.77574885318,22035.054142760262,0.0,0.0,0.0
2016-09-07,37732.568821798224,37699.329595090865,22033.037558653705,0.0,0.0,0.0
2016-09-08,37478.98044929814,37445.96461266644,21982.74189660725,0.0,0.0,0.0
2016-09-09,36710.2000898054,36677.861484156245,21456.588251460274,0.0,0.0,0.0
2016-09-12,36852.12116218649,36819.657535982245,21764.442612278348,0.0,0.0,0.0
2016-09-13,36303.81302690538,36271.83241415564,21451.553098650864,0.0,0.0,0.0
2016-09-14,36315.41177934924,36283.42094907193,21443.51018992202,0.0,0.0,0.0
2016-09-15,36403.405711814215,36371.33736626664,21657.788920951778,0.0,0.0,0.0
2016-09-16,36422.926837764186,36390.84129574281,21574.07635176686,0.0,0.0,0.0
2016-09-19,36410.24778073327,36378.17340789714,21578.113124241117,0.0,0.0,0.0
2016-09-20,36499.566857031525,36467.41380158462,21579.127723751386,0.0,0.0,0.0
2016-09-21,37033.69438034195,37001.07080336969,21821.800824024183,0.0,0.0,0.0
2016-09-22,37368.19064010607,37335.27239999905,21959.303386428583,0.0,0.0,0.0
2016-09-23,37251.035201193255,37218.22016519652,21838.98233686774,0.0,0.0,0.0
2016-09-26,37152.07387691274,37119.3460175381,21662.041949094295,0.0,0.0,0.0
2016-09-27,37341.54093549031,37308.64617153668,21796.52233853471,0.0,0.0,0.0
2016-09-28,37476.866614952036,37443.852640431,21904.707840844818,0.0,0.0,0.0
2016-09-29,37310.15716428696,37277.29004680211,21706.534750709,0.0,0.0,0.0
2016-09-30,37301.777137928744,37268.917402543884,21870.330398113143,0.0,0.0,0.0
2016-10-03,37309.727206558535,37276.86046783036,21817.751436635936,0.0,0.0,0.0
2016-10-04,36855.19648315381,36822.730147849856,21706.534750708997,0.0,0.0,0.0
2016-10-05,36906.15875344032,36873.64752465288,21802.586507898937,0.0,0.0,0.0
2016-10-06,36827.02155649179,36794.58004093385,21817.75143663594,0.0,0.0,0.0
2016-10-07,36779.0423690457,36746.64311912561,21742.92517328609,0.0,0.0,0.0
2016-10-10,36810.94921768257,36778.521860506386,21856.178266755847,0.0,0.0,0.0
2016-10-11,36474.68314360505,36442.5520086215,21580.13871900051,0.0,0.0,0.0
2016-10-12,36466.662912313164,36434.53884248034,21608.45559662909,0.0,0.0,0.0
2016-10-13,36473.08588162837,36440.95615369857,21537.66971001464,0.0,0.0,0.0
2016-10-14,36262.445897763544,36230.50172598314,21548.797866277382,0.0,0.0,0.0
2016-10-17,36413.455605157265,36381.37840649701,21473.975207188672,0.0,0.0,0.0
2016-10-18,36639.32809716561,36607.05192379456,21608.45559662909,0.0,0.0,0.0
2016-10-19,36737.87667019293,36705.513683799,21666.091336482532,0.0,0.0,0.0
2016-10-20,36703.273621905355,36670.94111789317,21625.642515864354,0.0,0.0,0.0
2016-10-21,36729.306542291204,36696.95110546079,21635.752468355688,0.0,0.0,0.0
2016-10-24,36694.90953419305,36662.584398240244,21727.762046679658,0.0,0.0,0.0
2016-10-25,36762.747898379246,36730.363002520426,21654.96137808922,0.0,0.0,0.0
2016-10-26,36577.24391195074,36545.022429536926,21611.481373854214,0.0,0.0,0.0
2016-10-27,36304.33877445414,36272.357698564934,21553.856446784186,0.0,0.0,0.0
2016-10-28,36212.39952195702,36180.49943683394,21490.158339697082,0.0,0.0,0.0
2016-10-31,36351.116923066285,36319.09463955366,21491.16573068508,0.0,0.0,0.0
2016-11-01,36276.211523200225,36244.255225058994,21335.452638882296,0.0,0.0,0.0
2016-11-02,36210.93684096055,36179.03804433668,21207.04002306725,0.0,0.0,0.0
2016-11-03,36023.26510183882,35991.53162826816,21109.968259975336,0.0,0.0,0.0
2016-11-04,36055.40402366448,36023.64223840072,21086.718973506406,0.0,0.0,0.0
2016-11-07,36252.56593212543,36220.63046376566,21551.829049894215,0.0,0.0,0.0
2016-11-08,36267.58331628967,36235.63461887467,21648.900812986132,0.0,0.0,0.0
2016-11-09,35545.072247838245,35513.76002204319,21878.41475584508,0.0,0.0,0.0
2016-11-10,35036.03470514699,35005.17089870987,21933.019312081688,0.0,0.0,0.0
2016-11-11,34664.74437472221,34634.20764390842,21882.467747494455,0.0,0.0,0.0
2016-11-14,34462.792637857776,34432.43380957687,21899.65106246858,0.0,0.0,0.0
2016-11-15,34788.01605749426,34757.3707346726,22070.529083008358,0.0,0.0,0.0
2016-11-16,34791.72508596842,34761.07649580393,22029.07106927162,0.0,0.0,0.0
2016-11-17,34626.7237689971,34596.220531146355,22142.316954219095,0.0,0.0,0.0
2016-11-18,34526.557145612285,34496.142146151,22092.77818701157,0.0,0.0,0.0
2016-11-21,34768.06631818817,34737.438569412705,22259.606820163106,0.0,0.0,0.0
2016-11-22,34865.57944692171,34834.86579726289,22303.083220136978,0.0,0.0,0.0
2016-11-23,34692.548808138024,34661.98758395167,22315.225975909994,0.0,0.0,0.0
2016-11-25,34711.39803125858,34680.82020248844,22398.129388469493,0.0,0.0,0.0
2016-11-28,34792.39304628837,34761.7438677069,22292.971465515082,0.0,0.0,0.0
2016-11-29,34856.15574857179,34825.45040040041,22336.453271880655,0.0,0.0,0.0
2016-11-30,34729.44552927032,34698.85180216894,22282.86151302375,0.0,0.0,0.0
2016-12-01,34534.07467385762,34503.65305208481,22200.965491452247,0.0,0.0,0.0
2016-12-02,34635.11420542854,34604.6035763074,22212.08824132328,0.0,0.0,0.0
2016-12-05,34782.30218885169,34751.66189946881,22345.55222912286,0.0,0.0,0.0
2016-12-06,34851.195685818,34820.49470704567,22416.330907215033,0.0,0.0,0.0
2016-12-07,35171.61382710712,35140.63058684102,22709.54836355279,0.0,0.0,0.0
2016-12-08,35008.27935974232,34977.44000343534,22765.163915038534,0.0,0.0,0.0
2016-12-09,34792.28253436995,34761.633453140195,22902.673685965212,0.0,0.0,0.0
2016-12-12,34791.07592045572,34760.42790215157,22876.384205226608,0.0,0.0,0.0
2016-12-13,34964.06115832387,34933.260754541654,23029.06431128199,0.0,0.0,0.0
2016-12-14,34450.46982412042,34420.121851204305,22838.975578878108,0.0,0.0,0.0
2016-12-15,34392.944946306816,34362.647647980724,22933.008949830917,0.0,0.0,0.0
2016-12-16,34343.89134444944,34313.63725823011,22888.157524233,0.0,0.0,0.0
2016-12-19,34507.957240365766,34477.558625860154,22937.993642984395,0.0,0.0,0.0
2016-12-20,34521.826776646936,34491.41594424375,23026.476451785096,0.0,0.0,0.0
2016-12-21,34566.257194666,34535.80722279304,22962.401699409103,0.0,0.0,0.0
2016-12-22,34524.27314273917,34493.86015529276,22922.738607718955,0.0,0.0,0.0
2016-12-23,34650.15315568414,34619.62927850986,22956.29968530292,0.0,0.0,0.0
2016-12-27,34686.33688954283,34655.78113753547,23013.254219801333,0.0,0.0,0.0
2016-12-28,34766.92132500475,34736.2945848722,22823.060963824457,0.0,0.0,0.0
2016-12-29,34924.838817407835,34894.07296521653,22817.97715348969,0.0,0.0,0.0
2016-12-30,34952.963131674296,34922.17250432225,22734.576352893186,0.0,0.0,0.0
2017-01-03,35125.87731262061,35094.1954951687,22908.499974094346,0.02105338648980135,0.0421067729796027,0.7388672169655156
2017-01-04,35333.73670839598,35301.86741197027,23044.782494103627,0.0,0.0,0.0
2017-01-05,35709.64296912583,35677.43462370141,23026.476451785096,0.0,0.0,0.0
2017-01-06,35507.35361555507,35475.32772519975,23108.860850740763,0.0,0.0,0.0
2017-01-09,35580.544380427,35548.45247559378,23032.580268021844,0.0,0.0,0.0
2017-01-10,35577.84240007524,35545.75293229569,23032.580268021844,0.0,0.0,0.0
2017-01-11,35782.39237103048,35750.118409215895,23097.669619908113,0.0,0.0,0.0
2017-01-12,35842.98805858493,35810.659442434044,23039.695079507725,0.0,0.0,0.0
2017-01-13,35794.30161064518,35762.016907280944,23092.58580957335,0.0,0.0,0.0
2017-01-17,35953.71239547353,35921.28391140482,23011.21961438909,0.0,0.0,0.0
2017-01-18,35658.31165105869,35626.14960396397,23062.072134781323,0.0,0.0,0.0
2017-01-19,35537.489390916395,35505.43631957068,22976.642135164275,0.0,0.0,0.0
2017-01-20,35611.77736927533,35579.65729381899,23061.06294166276,0.0,0.0,0.0
2017-01-23,35845.03361929632,35812.70315815007,23001.051993719557,0.0,0.0,0.0
2017-01-24,35807.29384547598,35774.99742375354,23148.529348822623,0.0,0.0,0.0
2017-01-25,35728.79503495595,35696.56941530808,23348.88481907733,0.0,0.0,0.0
2017-01-26,35726.77761966092,35694.55381962264,23324.480366913762,0.0,0.0,0.0
2017-01-27,35763.07090943645,35730.81437463196,23287.864678015558,0.0,0.0,0.0
2017-01-30,35609.720739348464,35577.60251887138,23143.436527835005,0.0,0.0,0.0
2017-01-31,35772.37843606765,35740.11350633095,23141.40192242276,0.0,0.0,0.0
2017-02-01,35712.10995291193,35679.899382389216,23150.556745712594,0.0,0.0,0.0
2017-02-02,35735.53468602785,35703.30298754548,23165.82079163088,0.0,0.0,0.0
2017-02-03,35796.83451017662,35764.547522261295,23325.49857068517,0.0,0.0,0.0
2017-02-06,35837.12199715293,35804.79867190155,23283.799071452202,0.0,0.0,0.0
2017-02-07,35887.91842447311,35855.549283337255,23284.81727522361,0.0,0.0,0.0
2017-02-08,36176.37544881599,36143.74613360087,23315.321939362788,0.0,0.0,0.0
2017-02-09,36094.59446496044,36062.038912179174,23453.644471176023,0.0,0.0,0.0
2017-02-10,36250.90216357238,36218.20562891813,23546.2036993235,0.0,0.0,0.0
2017-02-13,36193.954137926135,36161.30896759617,23674.351401944925,0.0,0.0,0.0
2017-02-14,36118.18111444898,36085.60428766745,23768.945235504652,0.0,0.0,0.0
2017-02-15,36196.79797794221,36164.15024260811,23893.018320909872,0.0,0.0,0.0
2017-02-16,36187.56642741845,36154.92701848986,23872.68127744023,0.0,0.0,0.0
2017-02-17,36237.244306369874,36204.56009043253,23910.3115658487,0.0,0.0,0.0
2017-02-21,36305.034416569906,36272.28905728012,24052.70150635586,0.0,0.0,0.0
2017-02-22,36368.73729185949,36335.934475702554,24031.34445698424,0.0,0.0,0.0
2017-02-23,36475.81475496748,36442.91536019391,24047.619498151656,0.0,0.0,0.0
2017-02-24,36552.489735613526,36519.521183770405,24078.125964421408,0.0,0.0,0.0
2017-02-27,36445.51757150018,36412.64550329919,24115.75805496045,0.0,0.0,0.0
2017-02-28,36445.04535807287,36412.17371578521,24050.67050520475,0.0,0.0,0.0
2017-03-01,36378.2651761611,36345.45376632013,24387.315703991015,0.0,0.0,0.0
2017-03-02,36064.07973346961,36031.551703478566,24233.741741173475,0.0,0.0,0.0
2017-03-03,36202.61085049201,36169.95787223216,24248.996776438915,0.0,0.0,0.0
2017-03-06,36056.987205032216,36024.46557215374,24176.78180028336,0.0,0.0,0.0
2017-03-07,35959.74184071448,35927.307918382074,24104.568626258366,0.0,0.0,0.0
2017-03-08,35647.479281094405,35615.32700426577,24059.819922102874,0.0,0.0,0.0
2017-03-09,35496.52751449628,35464.511388752806,24090.335399025465,0.0,0.0,0.0
2017-03-10,35675.99657097901,35643.81857295446,24174.748997001676,0.0,0.0,0.0
2017-03-13,35661.498334974756,35629.33341364753,24186.956629475168,0.0,0.0,0.0
2017-03-14,35610.31704038685,35578.19828207551,24094.401005588832,0.0,0.0,0.0
2017-03-15,36172.071268888445,36139.44583583239,24302.896699623103,0.0,0.0,0.0
2017-03-16,36165.63476422751,36133.01513658276,24255.098790545097,0.0,0.0,0.0
2017-03-17,36270.111978571986,36237.39811760736,24212.505434549967,0.0,0.0,0.0
2017-03-20,36403.353920901005,36370.51988224356,24185.938425703756,0.0,0.0,0.0
2017-03-21,36367.99301766753,36335.190872809384,23875.409703121484,0.0,0.0,0.0
2017-03-22,36494.22219269871,36461.30619531968,23931.585717214148,0.0,0.0,0.0
2017-03-23,36474.58240166339,36441.68411841201,23906.054933445037,0.0,0.0,0.0
2017-03-24,36625.726223652266,36592.691616091186,23888.689603283456,0.0,0.0,0.0
2017-03-27,36692.758726281,36659.66365869231,23864.171616894047,0.0,0.0,0.0
2017-03-28,36639.47548742565,36606.42847870342,24037.82491850988,0.0,0.0,0.0
2017-03-29,36800.6953347874,36767.50291367508,24060.299288834198,0.0,0.0,0.0
2017-03-30,36614.93854857844,36581.91367097083,24136.90605718608,0.0,0.0,0.0
2017-03-31,36614.14286663529,36581.11870669376,24080.730043093423,0.0,0.0,0.0
2017-04-03,36768.84061808388,36735.676928362685,24038.846726542426,0.0,0.0,0.0
2017-04-04,36732.25498709683,36699.124295819274,24054.168440638918,0.0,0.0,0.0
2017-04-05,36746.081229883624,36712.938068013624,23982.66350392749,0.0,0.0,0.0
2017-04-06,36717.13979799079,36684.02273987199,24050.084812769866,0.0,0.0,0.0
2017-04-07,36617.03140409588,36584.004638835315,24025.561419988753,0.0,0.0,0.0
2017-04-10,36682.35927316245,36649.273585370116,24039.868534574973,0.0,0.0,0.0
2017-04-11,36859.256775551316,36826.011534893485,24011.266920316517,0.0,0.0,0.0
2017-04-12,37003.88388399371,36970.50819678197,23906.054933445037,0.0,0.0,0.0
2017-04-13,36979.758826877245,36946.40489928303,23750.786967892764,0.0,0.0,0.0
2017-04-17,37041.65739060065,37008.24763353977,23961.21634802743,0.0,0.0,0.0
2017-04-18,37136.98096145146,37103.48522720789,23889.704202793728,0.0,0.0,0.0
2017-04-19,36892.84272917685,36859.567195637144,23845.786280830485,0.0,0.0,0.0
2017-04-20,36966.608303288995,36933.266236821655,24039.868534574973,0.0,0.0,0.0
2017-04-21,36905.13472048873,36871.84810017611,23963.259964092522,0.0,0.0,0.0
2017-04-24,37096.853757620775,37063.39421614573,24226.798132091637,0.0,0.0,0.0
2017-04-25,37002.11528626363,36968.74119424024,24367.769795841104,0.0,0.0,0.0
2017-04-26,37041.30091544895,37007.89147991115,24352.44808174461,0.0,0.0,0.0
2017-04-27,37041.20395780121,37007.79460971446,24372.87883600383,0.0,0.0,0.0
2017-04-28,37079.50160243426,37046.057711751586,24319.762839617102,0.0,0.0,0.0
2017-05-01,36970.204193582635,36936.85888379873,24381.0533002642,0.0,0.0,0.0
2017-05-02,37055.03212735186,37021.610306934825,24390.244166165412,0.0,0.0,0.0
2017-05-03,36963.07940055598,36929.74051698571,24360.61894174384,0.0,0.0,0.0
2017-05-04,36771.33419034477,36738.16825154378,24389.224160263435,0.0,0.0,0.0
2017-05-05,36933.399110403116,36900.08699699794,24485.239874841995,0.0,0.0,0.0
2017-05-08,36753.565600019916,36720.415687615365,24481.156246972947,0.0,0.0,0.0
2017-05-09,36764.20858670118,36731.04907484497,24458.681876648632,0.0,0.0,0.0
2017-05-10,36843.52159335322,36810.290545057476,24502.60700713415,0.0,0.0,0.0
2017-05-11,36897.41521980092,36864.13556209907,24452.55823697563,0.0,0.0,0.0
2017-05-12,37060.671486654894,37027.24457981253,24411.69312419605,0.0,0.0,0.0
2017-05-15,37116.42064120542,37082.943451361665,24546.532137619666,0.0,0.0,0.0
2017-05-16,37225.21858944003,37191.64326918649,24524.052360903643,0.0,0.0,0.0
2017-05-17,37300.202535512304,37266.55958341942,24088.899100962077,0.0,0.0,0.0
2017-05-18,37212.11930633887,37178.55580099582,24185.93842570375,0.0,0.0,0.0
2017-05-19,37558.46894363347,37524.593047915485,24343.253611582255,0.0,0.0,0.0
2017-05-22,37565.75751374042,37531.8750440899,24466.858143039568,0.0,0.0,0.0
2017-05-23,37471.406060212204,37437.60869094224,24520.994145328277,0.0,0.0,0.0
2017-05-24,37562.46038980975,37528.58089400319,24578.19917597576,0.0,0.0,0.0
2017-05-25,37531.14897154287,37497.29771709892,24695.66384858495,0.0,0.0,0.0
2017-05-26,37624.19785627826,37590.26267630687,24690.56562120563,0.0,0.0,0.0
2017-05-30,37670.46794773671,37636.49103441363,24669.109454652727,0.0,0.0,0.0
2017-05-31,37690.258733400435,37656.26396975997,24662.985814979722,0.0,0.0,0.0
2017-06-01,37784.16998295803,37750.09051597936,24859.111684789303,0.0,0.0,0.0
2017-06-02,38067.37949564594,38033.04458758601,24941.851103467034,0.0,0.0,0.0
2017-06-05,37882.60942144868,37848.441166927645,24923.462163142332,0.0,0.0,0.0
2017-06-06,38012.02763454725,37977.7426511495,24843.786366431672,0.0,0.0,0.0
2017-06-07,37878.143225169224,37843.97899893805,24889.755112982282,0.0,0.0,0.0
2017-06-08,37824.862940771236,37790.74677074174,24902.01680937284,0.0,0.0,0.0
2017-06-09,37698.067324021664,37664.06551741568,24864.215318560324,0.0,0.0,0.0
2017-06-12,37617.42678948936,37583.497716687896,24859.111684789303,0.0,0.0,0.0
2017-06-13,37748.61760413031,37714.57020365254,24980.665391659248,0.0,0.0,0.0
2017-06-14,37890.58323120479,37856.4077846987,24949.00015543372,0.0,0.0,0.0
2017-06-15,37691.399919053234,37657.40412611932,24900.991397079157,0.0,0.0,0.0
2017-06-16,37778.835099788055,37744.7604446122,24906.430227135996,0.0,0.0,0.0
2017-06-19,37847.38412296769,37813.24763993713,25113.777963997898,0.0,0.0,0.0
2017-06-20,37812.02653278676,37777.921940567285,24944.413733135963,0.0,0.0,0.0
2017-06-21,37849.84904030638,37815.71033404135,24938.248644459873,0.0,0.0,0.0
2017-06-22,37961.491595583226,37927.252193212444,24926.958296445933,0.0,0.0,0.0
2017-06-23,38034.341426234634,38000.036316891885,24956.724087051873,0.0,0.0,0.0
2017-06-26,38176.46918256933,38142.035880965625,24973.154111448217,0.0,0.0,0.0
2017-06-27,37921.823321290445,37887.61969775627,24771.95704621785,0.0,0.0,0.0
2017-06-28,38014.65224303176,37980.36489236597,24993.680378627592,0.0,0.0,0.0
2017-06-29,37705.929318844544,37671.92042110509,24774.015079327495,0.0,0.0,0.0
2017-06-30,37710.61827910955,37676.60515215805,24820.203685807508,0.0,0.0,0.0
2017-07-03,37634.89977973692,37600.95494715579,24862.29244524335,0.0,0.0,0.0
2017-07-05,37666.01521122415,37632.04231405088,24919.780410390147,0.0,0.0,0.0
2017-07-06,37388.95969886404,37355.236692165774,24691.89198930432,0.0,0.0,0.0
2017-07-07,37266.79878847679,37233.18596492437,24852.025707392535,0.0,0.0,0.0
2017-07-10,37326.289164937865,37292.62268398549,24878.715261117428,0.0,0.0,0.0
2017-07-11,37470.49152930396,37436.69498489601,24860.239818525424,0.0,0.0,0.0
2017-07-12,37792.07672113548,37757.99012266704,25047.052277555107,0.0,0.0,0.0
2017-07-13,37740.15745934229,37706.117689499915,25089.14464125209,0.0,0.0,0.0
2017-07-14,37960.82073589281,37926.58193860455,25206.164187610768,0.0,0.0,0.0
2017-07-17,37994.73032420734,37960.46094213462,25203.084346468582,0.0,0.0,0.0
2017-07-18,38215.30363508542,38180.83530671144,25216.42912333103,0.0,0.0,0.0
2017-07-19,38341.72671476625,38307.1443589789,25352.942316053122,0.0,0.0,0.0
2017-07-20,38368.6481913907,38334.041553752664,25364.238070458763,0.0,0.0,0.0
2017-07-21,38394.83708508728,38360.20682635242,25341.659176561454,0.0,0.0,0.0
2017-07-24,38327.548131126816,38292.97856372606,25335.497692146506,0.0,0.0,0.0
2017-07-25,38113.20831015515,38078.83206675369,25397.087306468035,0.0,0.0,0.0
2017-07-26,38306.640030700175,38272.08932137989,25398.11452089229,0.0,0.0,0.0
2017-07-27,38187.62734993144,38153.18398420839,25374.50300617902,0.0,0.0,0.0
2017-07-28,38346.90728389129,38312.32025548483,25344.739017703643,0.0,0.0,0.0
2017-07-31,38374.25464907727,38339.64295468955,25330.367026416945,0.0,0.0,0.0
2017-08-01,38503.390203962816,38468.66203564222,25386.81876648665,0.0,0.0,0.0
2017-08-02,38502.72320507056,38467.995638350236,25399.13993318598,0.0,0.0,0.0
2017-08-03,38626.83686361839,38591.99735246922,25349.871485563774,0.0,0.0,0.0
2017-08-04,38515.13670041798,38480.39793733407,25396.060092043783,0.0,0.0,0.0
2017-08-07,38604.150506021244,38569.33145685324,25443.275912948047,0.0,0.0,0.0
2017-08-08,38521.24162024195,38486.49735081996,25380.668094855107,0.0,0.0,0.0
2017-08-09,38577.21510529789,38542.42035053942,25379.639078300286,0.0,0.0,0.0
2017-08-10,38444.938366842194,38410.262919210014,25021.391740385032,0.0,0.0,0.0
2017-08-11,38468.331708211335,38433.63516093333,25058.346229830182,0.0,0.0,0.0
2017-08-14,38469.59109922819,38434.893416041305,25306.757313834245,0.0,0.0,0.0
2017-08-15,38372.11996296316,38337.510193957554,25303.675670561486,0.0,0.0,0.0
2017-08-16,38548.578530252926,38513.80960427975,25347.818858845836,0.0,0.0,0.0
2017-08-17,38455.6281499928,38420.943060700854,24952.622437877148,0.0,0.0,0.0
2017-08-18,38563.86386306783,38529.081150474616,24913.618925975203,0.0,0.0,0.0
2017-08-21,38599.97205515841,38565.15677474802,24933.119780860892,0.0,0.0,0.0
2017-08-22,38646.40664443513,38611.549482304086,25193.84662517258,0.0,0.0,0.0
2017-08-23,38823.32205907418,38788.30532792167,25103.51663253879,0.0,0.0,0.0
2017-08-24,38733.220964044165,38698.28549965745,25045.00325509831,0.0,0.0,0.0
2017-08-25,38910.520948612335,38875.42556834095,25103.51663253879,0.0,0.0,0.0
2017-08-28,38930.79543330998,38895.68176644842,25104.540242701903,0.0,0.0,0.0
2017-08-29,38946.72996892473,38911.601929894074,25133.280621014164,0.0,0.0,0.0
2017-08-30,38955.09706588785,38919.96148014637,25252.352794090788,0.0,0.0,0.0
2017-08-31,39198.660811467,39163.30554318046,25404.27420317668,0.0,0.0,0.0
2017-09-01,39124.32235995285,39089.034141301236,25440.19607180586,0.0,0.0,0.0
2017-09-05,39328.71745908512,39293.24488608525,25257.481657689772,0.0,0.0,0.0
2017-09-06,39312.74366110487,39277.28549568684,25343.70279262655,0.0,0.0,0.0
2017-09-07,39628.00506907338,39592.26255333754,25340.630160006636,0.0,0.0,0.0
2017-09-08,39528.838629474885,39493.18555700075,25310.864369400693,0.0,0.0,0.0
2017-09-11,39459.10547467402,39423.515298083184,25580.82893500838,0.0,0.0,0.0
2017-09-12,39421.512769172674,39385.956499357264,25667.05006994516,0.0,0.0,0.0
2017-09-13,39281.22820754429,39245.79846751868,25679.364028122218,0.0,0.0,0.0
2017-09-14,39413.47749361334,39377.928471222134,25671.153521250468,0.0,0.0,0.0
2017-09-15,39458.94416431845,39423.354133221656,25705.720187691866,0.0,0.0,0.0
2017-09-18,39399.30282928195,39363.76659174231,25760.38241210668,0.0,0.0,0.0
2017-09-19,39389.189237661194,39353.66212208486,25786.178109069417,0.0,0.0,0.0
2017-09-20,39337.0384226975,39301.55834459682,25795.462685760205,0.0,0.0,0.0
2017-09-21,39267.29562222991,39231.878448712465,25726.341967791388,0.0,0.0,0.0
2017-09-22,39344.71463996391,39309.22763829199,25731.501467610047,0.0,0.0,0.0
2017-09-25,39376.15644327784,39340.6410826424,25678.890067782602,0.0,0.0,0.0
2017-09-26,39238.27559030771,39202.88459143484,25694.366765108018,0.0,0.0,0.0
2017-09-27,38935.94932629008,38900.83101086999,25794.43006494425,0.0,0.0,0.0
2017-09-28,38921.35796360644,38886.252808879384,25825.37805320337,0.0,0.0,0.0
2017-09-29,39016.77283639242,38981.58162213283,25916.154974218236,0.0,0.0,0.0
2017-10-02,38962.9399894609,38927.79732978727,26028.597108931997,0.0,0.0,0.0
2017-10-03,39106.90042789856,39071.62792297464,26084.302766946184,0.0,0.0,0.0
2017-10-04,39132.53540377908,39097.239777365015,26115.247150944168,0.0,0.0,0.0
2017-10-05,39133.52878792791,39098.232265530096,26269.979883717486,0.0,0.0,0.0
2017-10-06,39014.767185058605,38979.57777979808,26240.064516274328,0.0,0.0,0.0
2017-10-09,39041.27149830733,39006.05818745701,26196.741297398814,0.0,0.0,0.0
2017-10-10,39270.7076288186,39235.28737783867,26265.856608975926,0.0,0.0,0.0
2017-10-11,39376.02103660406,39340.50579809881,26307.121794741794,0.0,0.0,0.0
2017-10-12,39438.61922062393,39403.04752162885,26267.92004847727,0.0,0.0,0.0
2017-10-13,39697.00780652693,39661.203053708385,26299.902459682922,0.0,0.0,0.0
2017-10-16,39661.53723396683,39625.76447386394,26334.970118422465,0.0,0.0,0.0
2017-10-17,39600.869281733176,39565.15124114578,26353.542876065185,0.0,0.0,0.0
2017-10-18,39511.671794176815,39476.03420534562,26379.33136450564,0.0,0.0,0.0
2017-10-19,39500.05127081578,39464.42416312634,26386.550699564512,0.0,0.0,0.0
2017-10-20,39351.97746605455,39316.483913669945,26522.716081086815,0.0,0.0,0.0
2017-10-23,39287.636851395335,39252.20133108749,26419.558523063843,0.0,0.0,0.0
2017-10-24,39205.79458030179,39170.43287770587,26465.97960438724,0.0,0.0,0.0
2017-10-25,39071.53522395333,39036.294616707746,26334.970118422458,0.0,0.0,0.0
2017-10-26,38961.777174112474,38926.635563241216,26369.01236486832,0.0,0.0,0.0
2017-10-27,39244.98154466407,39209.58449734949,26584.60845334392,0.0,0.0,0.0
2017-10-30,39344.7214727464,39309.23446491165,26485.58137858479,0.0,0.0,0.0
2017-10-31,39436.04767551952,39400.47829593191,26526.848366481227,0.0,0.0,0.0
2017-11-01,39568.64067351511,39532.95170155061,26561.917827351343,0.0,0.0,0.0
2017-11-02,39698.19729970337,39662.39147402036,26572.235024858095,0.0,0.0,0.0
2017-11-03,39691.332709046554,39655.53307488741,26660.95030850218,0.0,0.0,0.0
2017-11-06,39926.99324916735,39890.981060766615,26702.211890006914,0.0,0.0,0.0
2017-11-07,39899.498376243144,39863.51098686841,26683.644538755896,0.0,0.0,0.0
2017-11-08,39945.7468693403,39909.71776609454,26729.03299926333,0.0,0.0,0.0
2017-11-09,39828.78579445227,39792.86218435592,26632.067561874977,0.0,0.0,0.0
2017-11-10,39510.4372763799,39474.80080102315,26623.810199608437,0.0,0.0,0.0
2017-11-13,39506.4698174515,39470.836920548,26648.566067232932,0.0,0.0,0.0
2017-11-14,39536.1132386633,39500.453604848684,26586.67729923697,0.0,0.0,0.0
2017-11-15,39621.6307694524,39585.894003022,26453.600769509703,0.0,0.0,0.0
2017-11-16,39707.32902521521,39671.514963163936,26678.4868410678,0.0,0.0,0.0
2017-11-17,39913.80987649852,39877.80957885292,26600.079744277617,0.0,0.0,0.0
2017-11-20,39889.72843427416,39853.74985690759,26645.47180904619,0.0,0.0,0.0
2017-11-21,40125.81099744641,40089.61948519417,26819.808118147626,0.0,0.0,0.0
2017-11-22,40290.12602482791,40253.7863084851,26796.090277730797,0.0,0.0,0.0
2017-11-24,40279.37203132449,40243.04201455605,26857.97363933505,0.0,0.0,0.0
2017-11-27,40134.599588807905,40098.40014967757,26844.569392163834,0.0,0.0,0.0
2017-11-28,40262.393513225616,40226.078810247236,27116.90556160015,0.0,0.0,0.0
2017-11-29,39950.30569042521,39914.272475346566,27100.399847719917,0.0,0.0,0.0
2017-11-30,39857.70110987731,39821.75141958553,27337.655743502706,0.0,0.0,0.0
2017-12-01,40108.87665770775,40072.700419398854,27280.924673194833,0.0,0.0,0.0
2017-12-04,40100.13615220032,40063.96779739843,27247.911443303794,0.0,0.0,0.0
2017-12-05,40111.30810769448,40075.12967633702,27149.907978707775,0.0,0.0,0.0
2017-12-06,40050.26651436003,40014.143139524014,27155.06567639587,0.0,0.0,0.0
2017-12-07,39901.5251856194,39865.53596816207,27240.692108244923,0.0,0.0,0.0
2017-12-08,40023.72856166138,39987.62912275628,27389.24173103647,0.0,0.0,0.0
2017-12-11,40050.49642424994,40014.372842046476,27471.764894045937,0.0,0.0,0.0
2017-12-12,40006.43580013967,39970.35195845677,27520.24941487068,0.0,0.0,0.0
2017-12-13,40217.023020022156,40180.74923900198,27517.149750292232,0.0,0.0,0.0
2017-12-14,40209.360859189044,40173.093989061905,27404.709417709037,0.0,0.0,0.0
2017-12-15,40367.25763675033,40330.84835147898,27632.92222229726,0.0,0.0,0.0
2017-12-18,40412.40795445598,40375.95794581392,27808.152388160852,0.0,0.0,0.0
2017-12-19,40144.76432946902,40108.555722241465,27701.359932780477,0.0,0.0,0.0
2017-12-20,39970.37955971241,39934.32823898884,27686.83656252599,0.0,0.0,0.0
2017-12-21,40165.762396494356,40129.53485004087,27743.86138011659,0.0,0.0,0.0
2017-12-22,40282.959569455044,40246.62631690326,27736.609606707476,0.0,0.0,0.0
2017-12-26,40364.676686053885,40328.2697286734,27703.428778673533,0.0,0.0,0.0
2017-12-27,40674.991371361524,40638.30452536431,27716.901506806364,0.0,0.0,0.0
2017-12-28,40766.04895247595,40729.27997700941,27773.935335049806,0.0,0.0,0.0
2017-12-29,40854.33825051815,40817.48964243779,27669.21172556249,0.0,0.0,0.0
2018-01-02,40937.059719536155,40898.644376575656,27867.244249513937,0.03648213190695585,0.0729642638139117,1.4921241748328788
2018-01-03,41125.18562855276,41086.593748211126,28043.516046846336,0.0,0.0,0.0
2018-01-04,41270.79719671213,41232.06867445315,28161.71418659705,0.0,0.0,0.0
2018-01-05,41318.47554177455,41279.702278149445,28349.379053385812,0.0,0.0,0.0
2018-01-08,41270.014084452625,41231.28629706633,28401.23355837433,0.0,0.0,0.0
2018-01-09,41041.08351671645,41002.57055780912,28465.51375363518,0.0,0.0,0.0
2018-01-10,40974.68108834106,40936.230441482454,28421.95986204685,0.0,0.0,0.0
2018-01-11,41144.85159022912,41106.241255346096,28629.329224475583,0.0,0.0,0.0
2018-01-12,41424.14972683366,41385.2772985375,28815.966876840088,0.0,0.0,0.0
2018-01-16,41484.581875152115,41445.652737318946,28717.45701355422,0.0,0.0,0.0
2018-01-17,41585.875608166345,41546.85141627897,28991.18803205084,0.0,0.0,0.0
2018-01-18,41423.12179387148,41384.25033018778,28942.45481720759,0.0,0.0,0.0
2018-01-19,41443.90309037392,41405.012125518464,29074.138300005125,0.0,0.0,0.0
2018-01-22,41560.17432694227,41521.174253141035,29310.536381637132,0.0,0.0,0.0
2018-01-23,41731.35864861151,41692.19793541723,29372.749533135488,0.0,0.0,0.0
2018-01-24,41798.56676208835,41759.34298079033,29361.345650895713,0.0,0.0,0.0
2018-01-25,41888.21882104487,41848.910910241335,29373.789362473723,0.0,0.0,0.0
2018-01-26,42044.130325973536,42004.67610779047,29713.862213601973,0.0,0.0,0.0
2018-01-29,41740.485730450455,41701.31645240121,29516.856904074786,0.0,0.0,0.0
2018-01-30,41399.18043644746,41360.33143933713,29214.11158341944,0.0,0.0,0.0
2018-01-31,41626.842369096004,41587.77973399404,29228.62594302108,0.0,0.0,0.0
2018-02-01,41363.19380018768,41324.37857294219,29195.44511498714,0.0,0.0,0.0
2018-02-02,40728.285904390716,40690.06647480956,28559.86429956811,0.0,0.0,0.0
2018-02-05,40203.00974665965,40165.283236303425,27365.410356393797,0.0,0.0,0.0
2018-02-06,40405.50534517995,40367.58881292381,27904.580790639684,0.0,0.0,0.0
2018-02-07,39945.24471270735,39907.76008909752,27753.196416463314,0.0,0.0,0.0
2018-02-08,39352.44298548036,39315.51464709998,26712.2029018807,0.0,0.0,0.0
2018-02-09,39319.33794923484,39282.44067662542,27113.461690083048,0.0,0.0,0.0
2018-02-12,39667.9100019922,39630.685629316366,27511.60819879297,0.0,0.0,0.0
2018-02-13,39791.1649168599,39753.82488175353,27580.042305015046,0.0,0.0,0.0
2018-02-14,40042.68606323875,40005.110000651024,27952.265165491845,0.0,0.0,0.0
2018-02-15,40328.44020360177,40290.595989286005,28308.941045551044,0.0,0.0,0.0
2018-02-16,40393.9816563145,40356.07593788971,28317.236252559527,0.0,0.0,0.0
2018-02-20,40120.677940324174,40083.02869014733,28139.935438672306,0.0,0.0,0.0
2018-02-21,39842.51714477957,39805.12892073484,27999.960353127422,0.0,0.0,0.0
2018-02-22,39958.121826907714,39920.62511941199,28036.255262784365,0.0,0.0,0.0
2018-02-23,40344.78600972631,40306.92645650363,28483.125975684692,0.0,0.0,0.0
2018-02-26,40550.43460107511,40512.38206718357,28813.88361390248,0.0,0.0,0.0
2018-02-27,40172.29923314565,40134.601541539894,28454.09365222028,0.0,0.0,0.0
2018-02-28,40064.98664676626,40027.389657307605,28165.862691166574,0.0,0.0,0.0
2018-03-01,40020.31321435359,39982.75814645059,27756.312300216876,0.0,0.0,0.0
2018-03-02,39980.19089082809,39942.67347371948,27899.387050340207,0.0,0.0,0.0
2018-03-05,40017.505293396134,39979.95286044659,28221.85128368007,0.0,0.0,0.0
2018-03-06,40162.67365921312,40124.98500024738,28293.38865874174,0.0,0.0,0.0
2018-03-07,40075.70300682144,40038.0959611289,28283.030012231906,0.0,0.0,0.0
2018-03-08,40163.774021607365,40126.084330061385,28419.88921402322,0.0,0.0,0.0
2018-03-09,40306.57308188586,40268.74938768037,28914.458718820268,0.0,0.0,0.0
2018-03-12,40417.842679607,40379.91456999438,28878.16561129389,0.0,0.0,0.0
2018-03-13,40379.63306199078,40341.74080828904,28691.53516745166,0.0,0.0,0.0
2018-03-14,40489.098715794986,40451.103739507365,28544.29569358368,0.0,0.0,0.0
2018-03-15,40461.51068181333,40423.541594140916,28513.207139140188,0.0,0.0,0.0
2018-03-16,40374.33966327855,40336.452376902955,28544.11728265736,0.0,0.0,0.0
2018-03-19,40138.51398241186,40100.84799489045,28157.90988896617,0.0,0.0,0.0
2018-03-20,40122.65172127285,40085.000618899656,28205.799706703187,0.0,0.0,0.0
2018-03-21,40311.77205101511,40273.94347809622,28151.66550654505,0.0,0.0,0.0
2018-03-22,40048.84046733306,40011.2586294516,27447.947936447807,0.0,0.0,0.0
2018-03-23,39829.23360678953,39791.85784801884,26862.909674963168,0.0,0.0,0.0
2018-03-26,40186.79380081027,40149.082507500054,27597.849157166,0.0,0.0,0.0
2018-03-27,40126.21394025533,40088.55949509532,27128.35810136528,0.0,0.0,0.0
2018-03-28,40103.15730724271,40065.52449843056,27048.210146445574,0.0,0.0,0.0
2018-03-29,40487.07222704773,40449.07915241744,27393.817340550806,0.0,0.0,0.0
2018-04-02,40228.3280169035,40190.577747878684,26802.540103036754,0.0,0.0,0.0
2018-04-03,40245.79443169221,40208.02777218114,27146.064034204373,0.0,0.0,0.0
2018-04-04,40290.888721137664,40253.079745138646,27436.49719881323,0.0,0.0,0.0
2018-04-05,40212.56928921784,40174.833808185445,27653.02859305407,0.0,0.0,0.0
2018-04-06,40150.77873796032,40113.10124119045,27036.752200288724,0.0,0.0,0.0
2018-04-09,40282.27722956195,40244.47633458792,27170.00714094231,0.0,0.0,0.0
2018-04-10,40553.72166915013,40515.66605067342,27602.0156830412,0.0,0.0,0.0
2018-04-11,40658.03887856762,40619.88536880599,27457.31541114475,0.0,0.0,0.0
2018-04-12,40567.00968046078,40528.94159251225,27683.217884343692,0.0,0.0,0.0
2018-04-13,40580.83029040301,40542.74923319206,27602.0156830412,0.0,0.0,0.0
2018-04-16,40640.82670321896,40602.68934536525,27828.950777056103,0.0,0.0,0.0
2018-04-17,40796.81656022549,40758.53282146664,28126.678966207724,0.0,0.0,0.0
2018-04-18,40805.680616951126,40767.38856016012,28147.50438706153,0.0,0.0,0.0
2018-04-19,40562.0121497579,40523.94875149294,27991.35337753051,0.0,0.0,0.0
2018-04-20,40232.682515127555,40194.92815984096,27754.000166697006,0.0,0.0,0.0
2018-04-23,40127.9621583876,40090.30607269942,27749.840849344066,0.0,0.0,0.0
2018-04-24,39913.29911723087,39875.8444713726,27376.12041836454,0.0,0.0,0.0
2018-04-25,39742.28861984009,39704.99445025815,27443.786816964282,0.0,0.0,0.0
2018-04-26,40035.58399829047,39998.014600281545,27722.772848199715,0.0,0.0,0.0
2018-04-27,40249.95464942365,40212.18408596364,27748.79561361413,0.0,0.0,0.0
2018-04-30,40193.62193601108,40155.90423517776,27535.394520171405,0.0,0.0,0.0
2018-05-01,40004.40907718293,39966.86893372462,27584.315156593813,0.0,0.0,0.0
2018-05-02,39885.608789632395,39848.18012838169,27399.023695764245,0.0,0.0,0.0
2018-05-03,39975.313523168734,39937.800682982655,27338.643311054424,0.0,0.0,0.0
2018-05-04,40133.59040858124,40095.92904134224,27692.585359040655,0.0,0.0,0.0
2018-05-07,40066.60904780064,40029.01053588061,27786.269116663105,0.0,0.0,0.0
2018-05-08,40031.77964508341,39994.21381708009,27786.269116663105,0.0,0.0,0.0
2018-05-09,40049.895983971765,40012.31315559333,28054.846041732766,0.0,0.0,0.0
2018-05-10,40440.32713425283,40402.3779252246,28317.176782250743,0.0,0.0,0.0
2018-05-11,40476.101021171475,40438.11824192243,28403.587140897253,0.0,0.0,0.0
2018-05-14,40372.714848936426,40334.829087286846,28417.113932947155,0.0,0.0,0.0
2018-05-15,39932.38466327505,39894.91210753753,28221.40435529898,0.0,0.0,0.0
2018-05-16,39976.15181414923,39938.638187310775,28340.08907030329,0.0,0.0,0.0
2018-05-17,39777.637428293725,39740.310087384634,28316.14596356535,0.0,0.0,0.0
2018-05-18,39806.66539571447,39769.310814956414,28245.36187908147,0.0,0.0,0.0
2018-05-21,39957.341763972916,39919.845788488354,28457.71413253311,0.0,0.0,0.0
2018-05-22,39934.882748853845,39897.40784891243,28378.596996298802,0.0,0.0,0.0
2018-05-23,40036.45643156179,39998.88621486134,28456.670698933744,0.0,0.0,0.0
2018-05-24,40088.23314003835,40050.61433606693,28398.375379292098,0.0,0.0,0.0
2018-05-25,40102.632228533694,40064.999912455474,28330.710782822924,0.0,0.0,0.0
2018-05-29,40127.754081433646,40090.098191004916,28004.8873781027,0.0,0.0,0.0
2018-05-30,40242.57299404794,40204.809357534454,28378.59699629881,0.0,0.0,0.0
2018-05-31,40150.012593141815,40112.33581532235,28204.74726245097,0.0,0.0,0.0
2018-06-01,40207.59405190868,40169.863239639715,28481.659041401635,0.0,0.0,0.0
2018-06-04,40142.72925296928,40105.059309837336,28616.993640731696,0.0,0.0,0.0
2018-06-05,40176.1411835547,40138.43988666209,28637.81725945493,0.0,0.0,0.0
2018-06-06,40226.191890435795,40188.44362595237,28877.2447225732,0.0,0.0,0.0
2018-06-07,40262.23846411736,40224.456373523804,28874.11261964451,0.0,0.0,0.0
2018-06-08,40212.860508450336,40175.12475413776,28959.48314895279,0.0,0.0,0.0
2018-06-11,40235.79497974658,40198.03770372271,28997.989272817733,0.0,0.0,0.0
2018-06-12,40168.40338656909,40130.709350826335,29035.475390780695,0.0,0.0,0.0
2018-06-13,40126.73823816549,40089.083301004226,28942.820649713067,0.0,0.0,0.0
2018-06-14,40186.01738941232,40148.306824686675,29015.6970077874,0.0,0.0,0.0
2018-06-15,40008.940507001425,39971.39611124869,28978.675839511205,0.0,0.0,0.0
2018-06-18,39924.99873669315,39887.53311191023,28919.070370945992,0.0,0.0,0.0
2018-06-19,39860.68626792072,39823.28099396811,28808.22492391624,0.0,0.0,0.0
2018-06-20,39703.97334725282,39666.71513272838,28857.383441573744,0.0,0.0,0.0
2018-06-21,39627.939760151356,39590.75289555642,28676.467553765382,0.0,0.0,0.0
2018-06-22,39852.794009462305,39815.396141606216,28728.759976482143,0.0,0.0,0.0
2018-06-25,39617.32189975299,39580.14499895985,28337.674215341034,0.0,0.0,0.0
2018-06-26,39684.388938663134,39647.14910215065,28400.415391096074,0.0,0.0,0.0
2018-06-27,39658.13612691427,39620.92092604425,28165.145443200174,0.0,0.0,0.0
2018-06-28,39717.60486336342,39680.333857022226,28326.180226572815,0.0,0.0,0.0
2018-06-29,39850.435857305536,39813.040202339784,28366.94802430168,0.0,0.0,0.0
2018-07-02,39686.95188344079,39649.70964186054,28427.605937119108,0.0,0.0,0.0
2018-07-03,39831.47053287811,39794.09267497563,28327.21825378048,0.0,0.0,0.0
2018-07-05,39999.4950780937,39961.95954593287,28558.312665148318,0.0,0.0,0.0
2018-07-06,40219.27757850217,40181.5358024101,28799.86664233785,0.0,0.0,0.0
2018-07-09,40330.433117122695,40292.587032656564,29059.189626936393,0.0,0.0,0.0
2018-07-10,40309.52716120115,40271.70069488718,29163.752846803076,0.0,0.0,0.0
2018-07-11,40006.10731717312,39968.56558008614,28950.427442844244,0.0,0.0,0.0
2018-07-12,40170.26379827295,40132.568016719575,29212.905958068863,0.0,0.0,0.0
2018-07-13,40264.17891390574,40226.39500239381,29235.913759041567,0.0,0.0,0.0
2018-07-16,40075.53511560645,40037.92822746305,29209.763042356768,0.0,0.0,0.0
2018-07-17,40069.588337739144,40031.98703005298,29327.92694162668,0.0,0.0,0.0
2018-07-18,40018.27708707988,39980.723929879015,29389.619277390633,0.0,0.0,0.0
2018-07-19,39999.60381534201,39962.06818114213,29278.78103888316,0.0,0.0,0.0
2018-07-20,39902.231954375464,39864.78769394448,29245.319078480476,0.0,0.0,0.0
2018-07-23,39659.36562395391,39622.149269323694,29299.694764134834,0.0,0.0,0.0
2018-07-24,39853.08666115065,39815.68851867017,29447.137878757097,0.0,0.0,0.0
2018-07-25,40085.97447730598,40048.357792864,29698.097175385537,0.0,0.0,0.0
2018-07-26,39938.76313003739,39901.2845887457,29628.030338868062,0.0,0.0,0.0
2018-07-27,39976.70488300796,39939.19073716961,29427.263982843655,0.0,0.0,0.0
2018-07-30,39925.30103397397,39887.83512551523,29273.554860233446,0.0,0.0,0.0
2018-07-31,40066.01105990123,40028.41310913314,29417.849652751902,0.0,0.0,0.0
2018-08-01,39788.1524167821,39750.81520860624,29368.700145747243,0.0,0.0,0.0
2018-08-02,39724.74043495555,39687.46273259292,29528.707714695636,0.0,0.0,0.0
2018-08-03,39878.32308788654,39840.90126353945,29655.213676368825,0.0,0.0,0.0
2018-08-06,39822.01909883475,39784.65011015939,29763.968651938692,0.0,0.0,0.0
2018-08-07,39874.34605654452,39836.92796424422,29862.27487447028,0.0,0.0,0.0
2018-08-08,39826.064786297415,39788.69200114834,29849.719430797,0.0,0.0,0.0
2018-08-09,39903.43718843635,39865.991797013536,29808.94442454586,0.0,0.0,0.0
2018-08-10,39725.574982672246,39688.29649716991,29609.207085076276,0.0,0.0,0.0
2018-08-13,39478.31048442764,39441.26403196741,29498.376055091074,0.0,0.0,0.0
2018-08-14,39533.56399860438,39496.46569623819,29686.590571703335,0.0,0.0,0.0
2018-08-15,39258.81665302661,39221.976173610594,29464.91950108009,0.0,0.0,0.0
2018-08-16,39381.91590032296,39344.95990455487,29703.33416681866,0.0,0.0,0.0
2018-08-17,39558.80141294521,39521.67942778564,29807.886573901935,0.0,0.0,0.0
2018-08-20,39756.345038919535,39719.037678791814,29871.68920456203,0.0,0.0,0.0
2018-08-21,39803.6096411218,39766.25792788432,29941.73441551268,0.0,0.0,0.0
2018-08-22,39997.023612617806,39959.490399680544,29923.956397450824,0.0,0.0,0.0
2018-08-23,39868.42100375227,39831.00847152239,29884.228429060197,0.0,0.0,0.0
2018-08-24,40114.99591339244,40077.351995230514,30064.079257702353,0.0,0.0,0.0
2018-08-27,40229.435766061586,40191.6844575248,30301.44868771098,0.0,0.0,0.0
2018-08-28,40053.42300844063,40015.8368703019,30316.092800713577,0.0,0.0,0.0
2018-08-29,40188.764995278376,40151.05185219896,30479.218055546102,0.0,0.0,0.0
2018-08-30,39989.896005540846,39952.36948115113,30355.822571234778,0.0,0.0,0.0
2018-08-31,39897.215350020546,39859.77579717183,30356.867806964714,0.0,0.0,0.0
2018-09-04,39578.0494756058,39540.90942806136,30304.58799916194,0.0,0.0,0.0
2018-09-05,39407.183195665806,39370.20348906399,30223.023569615107,0.0,0.0,0.0
2018-09-06,39435.773402611216,39398.766866954924,30132.048414237666,0.0,0.0,0.0
2018-09-07,39225.137787927364,39188.32891276338,30073.488181402394,0.0,0.0,0.0
2018-09-10,39294.54118308764,39257.66717976726,30125.77159346631,0.0,0.0,0.0
2018-09-11,39253.20937686058,39216.37415931335,30225.114041074998,0.0,0.0,0.0
2018-09-12,39396.41531562738,39359.4457136058,30232.43970183743,0.0,0.0,0.0
2018-09-13,39492.73009331333,39455.670109489976,30411.241690488514,0.0,0.0,0.0
2018-09-14,39369.36941462285,39332.42519247881,30416.482286182774,0.0,0.0,0.0
2018-09-17,39311.63648435956,39274.746438805916,30255.440294287862,0.0,0.0,0.0
2018-09-18,39283.88763764192,39247.02363161019,30419.592763544642,0.0,0.0,0.0
2018-09-19,39331.44327391601,39294.534641668084,30452.023905261933,0.0,0.0,0.0
2018-09-20,39610.62874797504,39573.458128036524,30698.800456840036,0.0,0.0,0.0
2018-09-21,39630.71807938124,39593.52860761112,30670.75209666622,0.0,0.0,0.0
2018-09-24,39529.141719774234,39492.047567275156,30568.85963430259,0.0,0.0,0.0
2018-09-25,39539.045052761925,39501.94160697369,30540.512120454343,0.0,0.0,0.0
2018-09-26,39653.35313475364,39616.142422244186,30449.12247504606,0.0,0.0,0.0
2018-09-27,39681.458329066874,39644.22124263887,30534.20105920218,0.0,0.0,0.0
2018-09-28,39585.08462728355,39547.937977951704,30537.365600481102,0.0,0.0,0.0
2018-10-01,39519.524534396325,39482.43940666545,30643.44261002564,0.0,0.0,0.0
2018-10-02,39566.86996965903,39529.74041296462,30625.587100349323,0.0,0.0,0.0
2018-10-03,39219.87233620491,39183.06840214162,30642.393770034556,0.0,0.0,0.0
2018-10-04,38823.86236356246,38787.43004531669,30402.905034476942,0.0,0.0,0.0
2018-10-05,38601.001851040324,38564.77866513281,30232.738855511863,0.0,0.0,0.0
2018-10-08,38488.11171288696,38451.994463101975,30232.738855511863,0.0,0.0,0.0
2018-10-09,38670.747843973666,38634.45920841596,30188.61909492491,0.0,0.0,0.0
2018-10-10,38127.02489788445,38091.24649202063,29232.760030546047,0.0,0.0,0.0
2018-10-11,38140.60255592868,38104.81140878853,28588.860580421137,0.0,0.0,0.0
2018-10-12,38301.93946274848,38265.99691703086,28985.911393745188,0.0,0.0,0.0
2018-10-15,38254.874308401384,38218.975928631626,28823.0906989788,0.0,0.0,0.0
2018-10-16,38599.43806264011,38563.21634419187,29453.32819726114,0.0,0.0,0.0
2018-10-17,38402.64544441586,38366.60839618998,29458.58681426109,0.0,0.0,0.0
2018-10-18,38052.486017765346,38016.777559197784,29033.17587217481,0.0,0.0,0.0
2018-10-19,38096.11808468492,38060.36868177923,29017.41804248065,0.0,0.0,0.0
2018-10-22,38061.908274879395,38026.19097446435,28887.18167052991,0.0,0.0,0.0
2018-10-23,37922.890777556844,37887.30393118206,28740.106190543698,0.0,0.0,0.0
2018-10-24,37569.07308488177,37533.81826108269,27869.325710320954,0.0,0.0,0.0
2018-10-25,37696.2910125811,37660.91680745965,28369.32503452199,0.0,0.0,0.0
2018-10-26,37705.95966938676,37670.576391196315,27870.37815457317,0.0,0.0,0.0
2018-10-29,37508.43432513999,37473.236404762116,27715.96620104111,0.0,0.0,0.0
2018-10-30,37554.05301730411,37518.81228833869,28126.675361946593,0.0,0.0,0.0
2018-10-31,37529.58079031571,37494.36302609176,28427.092329906962,0.0,0.0,0.0
2018-11-01,37814.50037703625,37779.01524422953,28729.603373588354,0.0,0.0,0.0
2018-11-02,37634.049572514064,37598.73377476927,28559.437194623275,0.0,0.0,0.0
2018-11-05,37760.06735211246,37724.63329926445,28717.006480911987,0.0,0.0,0.0
2018-11-06,37804.217306430015,37768.741823258286,28898.71530617065,0.0,0.0,0.0
2018-11-07,38093.166636995215,38057.42000372849,29517.415564551116,0.0,0.0,0.0
2018-11-08,37855.16212372031,37819.638833924415,29463.847233391603,0.0,0.0,0.0
2018-11-09,37739.20433800274,37703.7898630103,29176.030762368733,0.0,0.0,0.0
2018-11-12,37581.68666688464,37546.42000649832,28630.87184824251,0.0,0.0,0.0
2018-11-13,37499.90501322357,37464.71509675327,28577.30171495243,0.0,0.0,0.0
2018-11-14,37560.29664313942,37525.05005515459,28381.925531459492,0.0,0.0,0.0
2018-11-15,37719.932359502905,37684.535969337965,28678.130920280426,0.0,0.0,0.0
2018-11-16,37924.67644188314,37889.087919840684,28752.71750026461,0.0,0.0,0.0
2018-11-19,37739.180269220946,37703.76581681466,28266.37832577557,0.0,0.0,0.0
2018-11-20,37363.566452884836,37328.50447653994,27743.270281289977,0.0,0.0,0.0
2018-11-21,37572.49142544018,37537.233393869814,27837.81545732434,0.0,0.0,0.0
2018-11-23,37383.07646657166,37347.99618202701,27651.896855056813,0.0,0.0,0.0
2018-11-26,37507.24739082907,37472.05058427053,28098.31883744549,0.0,0.0,0.0
2018-11-27,37467.70434122612,37432.54464187124,28192.849596435306,0.0,0.0,0.0
2018-11-28,37717.32662273297,37681.93267779182,28841.996850776748,0.0,0.0,0.0
2018-11-29,37804.01653064133,37768.54123587763,28778.9727405224,0.0,0.0,0.0
2018-11-30,37846.84152159759,37811.32603985598,28954.393932226292,0.0,0.0,0.0
2018-12-03,38258.669166217805,38222.7672253529,29337.788200099483,0.0,0.0,0.0
2018-12-04,38166.94658206557,38131.130713687344,28387.17513780659,0.0,0.0,0.0
2018-12-06,38126.765789248246,38090.98762653202,28344.109623602424,0.0,0.0,0.0
2018-12-07,37908.64147694304,37873.06800211409,27685.502985905005,0.0,0.0,0.0
2018-12-10,37826.197502018586,37790.70139262803,27738.033289856852,0.0,0.0,0.0
2018-12-11,37838.78590708631,37803.27798473455,27744.32632980333,0.0,0.0,0.0
2018-12-12,37945.86868444097,37910.260275594934,27884.03830428516,0.0,0.0,0.0
2018-12-13,37922.316271313975,37886.72996405594,27874.582525190322,0.0,0.0,0.0
2018-12-14,37693.89688704403,37658.52492857035,27359.885024069627,0.0,0.0,0.0
2018-12-17,37620.41988600732,37585.1168783624,26823.12764265545,0.0,0.0,0.0
2018-12-18,37737.723200827415,37702.31011573431,26793.709663249298,0.0,0.0,0.0
2018-12-19,37761.581697691865,37726.14622378175,26392.45808356922,0.0,0.0,0.0
2018-12-20,37648.51185214656,37613.18248299641,25962.84096873521,0.0,0.0,0.0
2018-12-21,37358.265767767865,37323.20876558668,25430.875452503646,0.0,0.0,0.0
2018-12-24,37201.20108128198,37166.291468626056,24758.911423029804,0.0,0.0,0.0
2018-12-26,37492.39688779657,37457.21401695229,26009.858555276896,0.0,0.0,0.0
2018-12-27,37500.172944004684,37464.9827761081,26209.543632959987,0.0,0.0,0.0
2018-12-28,37708.668080750314,37673.28226098624,26175.730257096373,0.0,0.0,0.0
2018-12-31,37800.197099253826,37764.72538864511,26405.004516589655,0.0,0.0,0.0
2019-01-02,37916.27205473862,37879.72386011026,26432.470788589733,0.0255422809829484,0.0510845619658968,0.9675592640620214
2019-01-03,37901.04737972087,37864.51386043782,25801.721485225833,0.0,0.0,0.0
2019-01-04,38243.81335417827,38206.94943644444,26665.96744000587,0.0,0.0,0.0
2019-01-07,38316.54827893443,38279.61425066383,26876.22201347535,0.0,0.0,0.0
2019-01-08,38443.67627950449,38406.61971020717,27128.73474665415,0.0,0.0,0.0
2019-01-09,38682.18930116577,38644.90282476353,27255.520038565515,0.0,0.0,0.0
2019-01-10,38595.84885386619,38558.64560261508,27351.665506545032,0.0,0.0,0.0
2019-01-11,38588.54503123769,38551.34882027605,27362.229595939716,0.0,0.0,0.0
2019-01-14,38406.31633594345,38369.29577858544,27195.29643921518,0.0,0.0,0.0
2019-01-15,38475.93918828045,38438.851520169716,27506.973118969818,0.0,0.0,0.0
2019-01-16,38609.65760071695,38572.44103895982,27573.540217922553,0.0,0.0,0.0
2019-01-17,38684.4383735842,38647.14972925954,27782.7261279647,0.0,0.0,0.0
2019-01-18,38780.51555830412,38743.13430340735,28152.523320695807,0.0,0.0,0.0
2019-01-22,38619.70844659373,38582.4821966407,27772.160236439446,0.0,0.0,0.0
2019-01-23,38680.91834220079,38643.633090899355,27830.2753430242,0.0,0.0,0.0
2019-01-24,38825.85109652197,38788.426141862954,27845.065428602877,0.0,0.0,0.0
2019-01-25,38996.834591964674,38959.24482315778,28080.677781306866,0.0,0.0,0.0
2019-01-28,38814.14596823397,38776.73229636421,27867.24965590561,0.0,0.0,0.0
2019-01-29,38971.38530808502,38933.82007031269,27830.27534302421,0.0,0.0,0.0
2019-01-30,39341.88810480069,39303.965732542536,28270.856620239196,0.0,0.0,0.0
2019-01-31,39625.507144519244,39587.31138663266,28519.132544450593,0.0,0.0,0.0
2019-02-01,39499.656003465934,39461.58155581762,28532.86838364648,0.0,0.0,0.0
2019-02-04,39483.789389762926,39445.730236236486,28733.611311973495,0.0,0.0,0.0
2019-02-05,39692.36556184781,39654.105357898436,28854.065719196427,0.0,0.0,0.0
2019-02-06,39530.196739342755,39492.092852915295,28816.026347148825,0.0,0.0,0.0
2019-02-07,39424.50645892681,39386.50444931185,28541.32217814502,0.0,0.0,0.0
2019-02-08,39457.582388775634,39419.54849666125,28576.18980039142,0.0,0.0,0.0
2019-02-11,39326.69732050756,39288.78959092683,28592.03773661402,0.0,0.0,0.0
2019-02-12,39480.89099186442,39442.8346321572,28959.721030187848,0.0,0.0,0.0
2019-02-13,39406.04780698415,39368.063590004575,29053.74178622667,0.0,0.0,0.0
2019-02-14,39520.06961751771,39481.97549280993,28989.29579495349,0.0,0.0,0.0
2019-02-15,39758.96986377269,39720.64545870708,29305.202075153255,0.0,0.0,0.0
2019-02-19,39942.5397406305,39904.03838917158,29355.910425099977,0.0,0.0,0.0
2019-02-20,39972.42502350781,39933.89486507299,29415.083382328663,0.0,0.0,0.0
2019-02-21,39763.088220731304,39724.75984590538,29310.476911328322,0.0,0.0,0.0
2019-02-22,40004.25229395898,39965.69145663061,29492.20736215381,0.0,0.0,0.0
2019-02-25,40002.06478601276,39963.50605726367,29532.36063335869,0.0,0.0,0.0
2019-02-26,40097.24068920063,40058.590218641366,29511.239663091594,0.0,0.0,0.0
2019-02-27,39853.384991788014,39814.96957823745,29498.55086175621,0.0,0.0,0.0
2019-02-28,39666.25563332676,39628.02059721952,29443.602098580945,0.0,0.0,0.0
2019-03-01,39522.49332906907,39484.396868100994,29627.442844302575,0.0,0.0,0.0
2019-03-04,39573.83715588148,39535.691203650844,29519.686249067858,0.0,0.0,0.0
2019-03-05,39665.338743912595,39627.104591612,29479.52937360184,0.0,0.0,0.0
2019-03-06,39613.789111119215,39575.60464846135,29300.97607896926,0.0,0.0,0.0
2019-03-07,39503.12599388753,39465.04820145139,29055.855685383944,0.0,0.0,0.0
2019-03-08,39549.75585660183,39511.633116780155,28997.749589452025,0.0,0.0,0.0
2019-03-11,39708.8523678475,39670.57627196146,29418.25513212986,0.0,0.0,0.0
2019-03-12,39905.20498457269,39866.7396207744,29529.19428994919,0.0,0.0,0.0
2019-03-13,40028.69996819477,39990.11556530185,29724.64976718715,0.0,0.0,0.0
2019-03-14,39849.76533105171,39811.35340655896,29705.633685424487,0.0,0.0,0.0
2019-03-15,40133.11046145715,40094.4254153622,29852.390188300014,0.0,0.0,0.0
2019-03-18,40276.35220362466,40237.52908416996,29960.6405673106,0.0,0.0,0.0
2019-03-19,40266.789740928645,40227.97583890827,29968.068949515462,0.0,0.0,0.0
2019-03-20,40546.46392563725,40507.38044050701,29877.859699629782,0.0,0.0,0.0
2019-03-21,40603.583466206226,40564.44492249631,30215.31946143317,0.0,0.0,0.0
2019-03-22,40427.76161616557,40388.79255038287,29633.788146035546,0.0,0.0,0.0
2019-03-25,40528.21105034956,40489.14515950279,29611.508405812667,0.0,0.0,0.0
2019-03-26,40530.20807491716,40491.140259101536,29832.23335788726,0.0,0.0,0.0
2019-03-27,40491.9713519224,40452.94039318999,29676.24273797687,0.0,0.0,0.0
2019-03-28,40560.33712017786,40521.24026241929,29788.72451956315,0.0,0.0,0.0
2019-03-29,40680.52652005646,40641.313809516454,29976.54977597254,0.0,0.0,0.0
2019-04-01,40705.99383030034,40666.75657134982,30332.05246903141,0.0,0.0,0.0
2019-04-02,40736.24516434368,40696.97874557379,30346.912837702264,0.0,0.0,0.0
2019-04-03,40673.618078013846,40634.412026648664,30394.6801105606,0.0,0.0,0.0
2019-04-04,40764.37797606256,40725.08443955607,30475.314640733894,0.0,0.0,0.0
2019-04-05,40886.50789858584,40847.096638792325,30622.81542353436,0.0,0.0,0.0
2019-04-08,40860.048319239104,40820.66256432261,30646.16022292344,0.0,0.0,0.0
2019-04-09,40863.35520844489,40823.966265956835,30489.11175236913,0.0,0.0,0.0
2019-04-10,41049.43549773686,41009.86718902262,30593.09829045378,0.0,0.0,0.0
2019-04-11,40800.05287715414,40760.72495295189,30584.6174639967,0.0,0.0,0.0
2019-04-12,40845.81331347782,40806.44127994617,30791.54170017492,0.0,0.0,0.0
2019-04-15,40836.00026385881,40796.63768930686,30771.375859109317,0.0,0.0,0.0
2019-04-16,40727.4466181533,40688.188680464526,30791.54170017492,0.0,0.0,0.0
2019-04-17,40745.49504218844,40706.21970729054,30716.216246657496,0.0,0.0,0.0
2019-04-18,40839.51626565791,40800.15030196691,30776.69214428747,0.0,0.0,0.0
2019-04-22,40744.21291514953,40704.93881611754,30803.21590200002,0.0,0.0,0.0
2019-04-23,40845.560449478326,40806.18865968696,31080.206974695717,0.0,0.0,0.0
2019-04-24,40869.439625270126,40830.04481790036,31011.214207997287,0.0,0.0,0.0
2019-04-25,40841.062147247794,40801.694693453,30992.108019706182,0.0,0.0,0.0
2019-04-26,40951.674840529835,40912.20076511789,31136.44065696658,0.0,0.0,0.0
2019-04-29,40862.44234689631,40823.05428433235,31185.26758259941,0.0,0.0,0.0
2019-04-30,40954.607443161956,40915.13054096019,31201.15876995566,0.0,0.0,0.0
2019-05-01,40839.20763195341,40799.84196576015,30966.636706245838,0.0,0.0,0.0
2019-05-02,40633.8691365888,40594.70139996208,30899.7920791855,0.0,0.0,0.0
2019-05-03,40931.09007813999,40891.635844760545,31202.22202699129,0.0,0.0,0.0
2019-05-06,40817.5074748627,40778.16272585146,31073.831036743068,0.0,0.0,0.0
2019-05-07,40569.53736427255,40530.43163822884,30554.907539438384,0.0,0.0,0.0
2019-05-08,40481.06633238276,40442.045885199994,30512.46015601934,0.0,0.0,0.0
2019-05-09,40414.18765297306,40375.23167138407,30420.133402715244,0.0,0.0,0.0
2019-05-10,40572.478467954745,40533.3699069269,30572.943262171593,0.0,0.0,0.0
2019-05-13,40260.8683642855,40222.0601699894,29804.639134616795,0.0,0.0,0.0
2019-05-14,40428.69633562161,40389.72636884556,30074.182001671372,0.0,0.0,0.0
2019-05-15,40582.91669914533,40543.798076513725,30250.347473300208,0.0,0.0,0.0
2019-05-16,40578.86686049129,40539.75214157392,30530.510295797103,0.0,0.0,0.0
2019-05-17,40375.91539374793,40336.99630349617,30333.11572606704,0.0,0.0,0.0
2019-05-20,40282.69953076165,40243.87029300114,30132.551208666344,0.0,0.0,0.0
2019-05-21,40438.31981540081,40399.34057237493,30404.224194053317,0.0,0.0,0.0
2019-05-22,40396.67450503716,40357.73540469479,30310.830579452457,0.0,0.0,0.0
2019-05-23,40362.454388692575,40323.548273752094,29940.4693198533,0.0,0.0,0.0
2019-05-24,40523.52801256763,40484.46663578743,30008.384412471547,0.0,0.0,0.0
2019-05-28,40551.47810759724,40512.38978920443,29729.29025340199,0.0,0.0,0.0
2019-05-29,40573.557006957795,40534.44740630629,29529.78178451465,0.0,0.0,0.0
2019-05-30,40798.94904798438,40759.62218778342,29610.439742385344,0.0,0.0,0.0
2019-05-31,40926.96722988548,40887.51697059557,29211.442628046916,0.0,0.0,0.0
2019-06-03,41126.278304427055,41086.635925512805,29137.149795345456,0.0,0.0,0.0
2019-06-04,41152.522816911674,41112.85514042731,29769.625539794328,0.0,0.0,0.0
2019-06-05,40998.447159659045,40958.92799954519,30027.490600762652,0.0,0.0,0.0
2019-06-06,41157.60092773581,41117.92835636667,30222.749645768614,0.0,0.0,0.0
2019-06-07,41496.79410883717,41456.79458289873,30525.190406357822,0.0,0.0,0.0
2019-06-10,41364.72557792732,41324.85335528401,30665.266411214565,0.0,0.0,0.0
2019-06-11,41493.19945577874,41453.20339479275,30657.838029009705,0.0,0.0,0.0
2019-06-12,41372.19268483293,41332.31326450743,30603.702026721,0.0,0.0,0.0
2019-06-13,41452.947307864124,41412.990046666615,30729.9989412482,0.0,0.0,0.0
2019-06-14,41349.090510306414,41309.23335859345,30696.0395928085,0.0,0.0,0.0
2019-06-17,41376.001542862876,41336.1184511088,30707.721003155886,0.0,0.0,0.0
2019-06-18,41824.2086701487,41783.89354327001,31029.249930730508,0.0,0.0,0.0
2019-06-19,42064.027885136726,42023.481592089265,31099.29874594229,0.0,0.0,0.0
2019-06-20,42522.237822391115,42481.24985232585,31396.41961709221,0.0,0.0,0.0
2019-06-21,42266.46884676562,42225.72741713788,31350.789671088554,0.0,0.0,0.0
2019-06-24,42436.50915122102,42395.60381660459,31312.404289971724,0.0,0.0,0.0
2019-06-25,42324.63258278732,42283.83508806063,31005.288802686882,0.0,0.0,0.0
2019-06-26,42271.2198689223,42230.47385969658,30974.367846386296,0.0,0.0,0.0
2019-06-27,42471.40532308568,42430.46635140495,31084.19328751407,0.0,0.0,0.0
2019-06-28,42479.287240842226,42438.34067163545,31244.161209589947,0.0,0.0,0.0
2019-07-01,42493.38326662062,42452.42310999437,31527.80214408476,0.0,0.0,0.0
2019-07-02,42661.477491105645,42620.35530535313,31609.91802558566,0.0,0.0,0.0
2019-07-03,42892.62919613041,42851.284198981986,31862.63800377988,0.0,0.0,0.0
2019-07-05,42587.06210947821,42546.01165408587,31826.382740995457,0.0,0.0,0.0
2019-07-08,42527.343802438016,42486.35091062432,31651.500386331656,0.0,0.0,0.0
2019-07-09,42532.390968341075,42491.39321147098,31690.952628745246,0.0,0.0,0.0
2019-07-10,42654.87742278874,42613.76159896392,31842.378451924702,0.0,0.0,0.0
2019-07-11,42396.553441784825,42355.686621214365,31917.033512870505,0.0,0.0,0.0
2019-07-12,42483.377490613646,42442.42697873961,32059.913632892403,0.0,0.0,0.0
2019-07-15,42618.28694332197,42577.206389735824,32070.57503733781,0.0,0.0,0.0
2019-07-16,42439.21678891631,42398.30884435792,31967.139951207235,0.0,0.0,0.0
2019-07-17,42584.7150364446,42543.66684343928,31749.601165978398,0.0,0.0,0.0
2019-07-18,42699.855207027416,42658.69602828601,31865.831379147923,0.0,0.0,0.0
2019-07-19,42560.204115391825,42519.17954891583,31688.826114673997,0.0,0.0,0.0
2019-07-22,42609.56217954491,42568.49003591965,31766.660133943282,0.0,0.0,0.0
2019-07-23,42586.19227431611,42545.142657373945,31993.793462320755,0.0,0.0,0.0
2019-07-24,42701.4645640745,42660.30383404412,32144.159632725718,0.0,0.0,0.0
2019-07-25,42468.58877441768,42427.65251766021,31990.603691213866,0.0,0.0,0.0
2019-07-26,42537.75368360496,42496.75075751464,32204.931079768983,0.0,0.0,0.0
2019-07-29,42534.8356730616,42493.83555969551,32146.282542535842,0.0,0.0,0.0
2019-07-30,42524.49703284499,42483.50688508507,32067.381661969794,0.0,0.0,0.0
2019-07-31,42450.56423902725,42409.645356452194,31716.546487084284,0.0,0.0,0.0
2019-08-01,42522.737331129036,42481.74887957809,31440.359164622307,0.0,0.0,0.0
2019-08-02,42510.26433037481,42469.287901779564,31203.634897357337,0.0,0.0,0.0
2019-08-05,42306.706338039694,42265.926122751254,30265.240280321344,0.0,0.0,0.0
2019-08-06,42690.09714027276,42648.94736751204,30689.649237811336,0.0,0.0,0.0
2019-08-07,42803.40622248658,42762.14722900966,30707.77506707298,0.0,0.0,0.0
2019-08-08,43159.736109481215,43118.1336430478,31310.266963117076,0.0,0.0,0.0
2019-08-09,42996.30486275153,42954.85993071404,31096.99922733645,0.0,0.0,0.0
2019-08-12,43195.205850553204,43153.56919418154,30718.44368004066,0.0,0.0,0.0
2019-08-13,43369.314612164024,43327.51012914271,31196.17407680223,0.0,0.0,0.0
2019-08-14,43229.882625264654,43188.21254330966,30273.771566434345,0.0,0.0,0.0
2019-08-15,43569.535636507026,43527.538156743954,30353.753725341714,0.0,0.0,0.0
2019-08-16,43543.93995485488,43501.9671472419,30801.615610054916,0.0,0.0,0.0
2019-08-19,43320.891956887834,43279.1341493579,31172.69952401219,0.0,0.0,0.0
2019-08-20,43484.3038299849,43442.38850673365,30933.84153415368,0.0,0.0,0.0
2019-08-21,43504.41612212206,43462.48141226111,31185.50906809568,0.0,0.0,0.0
2019-08-22,43308.695604039836,43266.94955279959,31175.90010790249,0.0,0.0,0.0
2019-08-23,43399.614243761636,43357.78055436606,30375.069325710243,0.0,0.0,0.0
2019-08-26,43466.20028819359,43424.302415280494,30710.972046702136,0.0,0.0,0.0
2019-08-27,43829.89317399568,43787.64473079561,30590.481596867823,0.0,0.0,0.0
2019-08-28,43952.84053737712,43910.473582943676,30805.883055241986,0.0,0.0,0.0
2019-08-29,44072.71904746278,44030.236539920326,31199.371056431388,0.0,0.0,0.0
2019-08-30,44010.14351141962,43967.7213215916,31185.50906809568,0.0,0.0,0.0
2019-09-03,43936.74812341807,43894.39668075953,31003.1586843545,0.0,0.0,0.0
2019-09-04,44293.104938280754,44250.40999670945,31355.06072053677,0.0,0.0,0.0
2019-09-05,44029.34211984027,43986.901424119154,31758.143264874812,0.0,0.0,0.0
2019-09-06,44210.17191701746,44167.55691611644,31782.65944913365,0.0,0.0,0.0
2019-09-09,43878.886281130406,43836.590612569875,31798.66236858517,0.0,0.0,0.0
2019-09-10,43500.605657255175,43458.67462037166,31791.19433950779,0.0,0.0,0.0
2019-09-11,43565.71207480208,43523.718280640736,32017.253598066214,0.0,0.0,0.0
2019-09-12,43570.083451157574,43528.085443345844,32128.156713274173,0.0,0.0,0.0
2019-09-13,43175.65190678375,43134.03409881948,32106.82309159995,0.0,0.0,0.0
2019-09-16,43466.63733454521,43424.73904035506,32007.662659178714,0.0,0.0,0.0
2019-09-17,43577.2138589736,43535.20897803014,32088.715283643993,0.0,0.0,0.0
2019-09-18,43525.93847078291,43483.98301513275,32107.90076568013,0.0,0.0,0.0
2019-09-19,43653.84528952085,43611.76654212675,32105.759834564316,0.0,0.0,0.0
2019-09-20,43950.65633215614,43908.29148311844,31954.07090032181,0.0,0.0,0.0
2019-09-23,43981.63910262398,43939.24438872182,31946.58124567761,0.0,0.0,0.0
2019-09-24,44055.97551813511,44013.50914998967,31695.897675026208,0.0,0.0,0.0
2019-09-25,43660.28893273762,43618.203974196855,31883.373318105238,0.0,0.0,0.0
2019-09-26,43775.221058061026,43733.02531432284,31816.953993859148,0.0,0.0,0.0
2019-09-27,43642.61694684117,43600.54902265387,31645.546146932116,0.0,0.0,0.0
2019-09-30,43691.610095378586,43649.494945790924,31792.315264721623,0.0,0.0,0.0
2019-10-01,43616.54332433813,43574.50053299692,31414.14897762871,0.0,0.0,0.0
2019-10-02,43413.43531315456,43371.58830137503,30859.218911558095,0.0,0.0,0.0
2019-10-03,43758.54811373803,43716.368441358674,31112.050621847586,0.0,0.0,0.0
2019-10-04,44122.956878828256,44080.42594611267,31533.05715682356,0.0,0.0,0.0
2019-10-07,43838.493137149,43796.23640428567,31397.010715918805,0.0,0.0,0.0
2019-10-08,43644.617996734785,43602.54814369855,30909.57764817446,0.0,0.0,0.0
2019-10-09,43692.78137555104,43650.6650969448,31203.108675231204,0.0,0.0,0.0
2019-10-10,43526.350367816136,43484.39451513082,31414.14897762871,0.0,0.0,0.0
2019-10-11,43641.19652445931,43599.12996944337,31739.819201250586,0.0,0.0,0.0
2019-10-14,43689.82057985955,43647.70715521893,31704.46860801173,0.0,0.0,0.0
2019-10-15,43593.04858935736,43551.02844502494,32018.3601062355,0.0,0.0,0.0
2019-10-16,43659.65722305261,43617.57287342848,31966.927299800092,0.0,0.0,0.0
2019-10-17,43706.35745380706,43664.22808896834,32061.196749857427,0.0,0.0,0.0
2019-10-18,43689.43226948002,43647.319219138946,31920.85763393763,0.0,0.0,0.0
2019-10-21,43632.44922617778,43590.391102844136,32137.264681169214,0.0,0.0,0.0
2019-10-22,43756.2220952976,43714.04466501037,32032.272554227136,0.0,0.0,0.0
2019-10-23,43883.32826360139,43841.028313331946,32125.478747248835,0.0,0.0,0.0
2019-10-24,43912.242677774266,43869.9148563672,32177.967602197594,0.0,0.0,0.0
2019-10-25,43965.40673926418,43923.02767203675,32309.735785131867,0.0,0.0,0.0
2019-10-28,43825.090561358375,43782.846747485295,32491.844683376818,0.0,0.0,0.0
2019-10-29,43699.38478156751,43657.26213781629,32482.206889094527,0.0,0.0,0.0
2019-10-30,44015.05346154019,43972.626538920595,32581.83587546366,0.0,0.0,0.0
2019-10-31,44172.74523177131,44130.166307143154,32495.04887152826,0.0,0.0,0.0
2019-11-01,44420.46890823805,44377.65119818477,32796.09478305717,0.0,0.0,0.0
2019-11-04,44350.7711020797,44308.0205750285,32927.870174513715,0.0,0.0,0.0
2019-11-05,44118.695109207365,44076.1682844902,32891.438302933544,0.0,0.0,0.0
2019-11-06,44231.56691471646,44188.93129078216,32898.93877036116,0.0,0.0,0.0
2019-11-07,43895.61126592619,43853.29947584405,33014.646365665714,0.0,0.0,0.0
2019-11-08,43794.00124003879,43751.78739373647,33096.05941624476,0.0,0.0,0.0
2019-11-11,43717.30504051399,43675.16512309433,33032.84788441125,0.0,0.0,0.0
2019-11-12,43741.755374119755,43699.59188857215,33102.48581385333,0.0,0.0,0.0
2019-11-13,43792.14400463166,43749.931948552825,33113.18686517125,0.0,0.0,0.0
2019-11-14,43958.84387218398,43916.471131025275,33161.40106641067,0.0,0.0,0.0
2019-11-15,44061.945710203385,44019.47358727959,33401.365564438456,0.0,0.0,0.0
2019-11-18,44108.752192688844,44066.23495213247,33426.007897837124,0.0,0.0,0.0
2019-11-19,44256.0488618656,44213.38963933046,33416.37010355483,0.0,0.0,0.0
2019-11-20,44399.63642670702,44356.83879746728,33292.095179525895,0.0,0.0,0.0
2019-11-21,44306.803602408676,44264.09545644212,33238.532254758094,0.0,0.0,0.0
2019-11-22,44340.45790581784,44297.717319846925,33312.44483790953,0.0,0.0,0.0
2019-11-25,44535.99658653966,44493.06751722444,33570.63968877196,0.0,0.0,0.0
2019-11-26,44675.163903896355,44632.10068863469,33646.69680730034,0.0,0.0,0.0
2019-11-27,44633.083992865635,44590.06133920706,33796.673717502425,0.0,0.0,0.0
2019-11-29,44382.0634248523,44339.28273455347,33671.32832791559,0.0,0.0,0.0
2019-12-02,44038.74767921083,43996.29791729739,33385.297768286466,0.0,0.0,0.0
2019-12-03,44414.25066960328,44371.43895342501,33161.401066410675,0.0,0.0,0.0
2019-12-04,44415.17315651065,44372.36055113023,33366.011366938474,0.0,0.0,0.0
2019-12-05,44375.16144670666,44332.387409352,33426.00789783714,0.0,0.0,0.0
2019-12-06,44376.48595246337,44333.710638393146,33731.32485881425,0.0,0.0,0.0
2019-12-09,44385.557161483484,44342.773103507425,33625.27668335882,0.0,0.0,0.0
2019-12-10,44406.374449607785,44363.57032546338,33587.7707419596,0.0,0.0,0.0
2019-12-11,44722.8600654659,44679.75087499354,33683.11426183597,0.0,0.0,0.0
2019-12-12,44604.18275050267,44561.18795528517,33973.43749648013,0.0,0.0,0.0
2019-12-13,44884.9413087458,44841.675885170764,33993.79075912489,0.0,0.0,0.0
2019-12-16,44908.67651507888,44865.38821270026,34227.32165102183,0.0,0.0,0.0
2019-12-17,44933.800687749994,44890.488167717514,34234.829326971725,0.0,0.0,0.0
2019-12-18,44833.141058185705,44789.925565828504,34236.97025808754,0.0,0.0,0.0
2019-12-19,44928.880883454345,44885.57310571206,34377.30216548506,0.0,0.0,0.0
2019-12-20,44973.022978441055,44929.67265131846,34528.02155348152,0.0,0.0,0.0
2019-12-23,44968.116165183455,44924.77056782877,34580.766310971056,0.0,0.0,0.0
2019-12-24,45035.537649736594,44992.127063568216,34581.84398505124,0.0,0.0,0.0
2019-12-26,45234.582064332135,45190.97961557786,34765.942435444216,0.0,0.0,0.0
2019-12-27,45295.091025629445,45251.43025117027,34757.3246470639,0.0,0.0,0.0
2019-12-30,45135.02533146427,45091.51884728279,34565.70049941535,0.0,0.0,0.0
2019-12-31,45012.75536491152,44969.366739008095,34649.668971141036,0.0,0.0,0.0
2020-01-02,45500.375196723355,45455.782653601615,34973.71006872866,0.016144912016223357,0.032289824032446714,0.7338914601840242
2020-01-03,45628.958199366214,45584.239638754174,34708.879773111665,0.0,0.0,0.0
2020-01-06,45591.0284482528,45546.34706061032,34841.293118789596,0.0,0.0,0.0
2020-01-07,45401.2767366627,45356.78131476984,34743.32569680495,0.0,0.0,0.0
2020-01-08,45356.433238367244,45311.98176524673,34928.48740423356,0.0,0.0,0.0
2020-01-09,45459.24472809058,45414.6924947946,35165.33061211608,0.0,0.0,0.0
2020-01-10,45664.121798069515,45619.368775449526,35064.13377215203,0.0,0.0,0.0
2020-01-13,45721.1251686239,45676.31627997537,35305.28767635528,0.0,0.0,0.0
2020-01-14,45798.64896655202,45753.76410087501,35251.45803626328,0.0,0.0,0.0
2020-01-15,45865.70269273909,45820.7521112045,35331.12302019053,0.0,0.0,0.0
2020-01-16,45888.86759632734,45843.89431207969,35625.014473361036,0.0,0.0,0.0
2020-01-17,45827.712533941594,45782.79918457898,35735.90317152444,0.0,0.0,0.0
2020-01-21,45826.602102356585,45781.68984127001,35665.92283727427,0.0,0.0,0.0
2020-01-22,45913.23387525562,45868.236710889636,35670.233533595005,0.0,0.0,0.0
2020-01-23,45955.68798262682,45910.649211205826,35711.141897508234,0.0,0.0,0.0
2020-01-24,45990.45109339624,45945.37825246462,35393.55963587943,0.0,0.0,0.0
2020-01-27,45804.69295321752,45759.802164144596,34826.223702972755,0.0,0.0,0.0
2020-01-28,45812.93171740903,45768.0328539533,35191.1623516902,0.0,0.0,0.0
2020-01-29,46035.32633398746,45990.20951317453,35162.10119413668,0.0,0.0,0.0
2020-01-30,45950.67847006228,45905.6446082031,35276.208497496074,0.0,0.0,0.0
2020-01-31,45844.68747985162,45799.75749423041,34635.66641662097,0.0,0.0,0.0
2020-02-03,45820.92568544422,45776.01898751762,34892.97461924352,0.0,0.0,0.0
2020-02-04,45820.04477147851,45775.13893688972,35424.772537332174,0.0,0.0,0.0
2020-02-05,45810.32450723224,45765.428198967136,35833.86698924795,0.0,0.0,0.0
2020-02-06,45973.54833879408,45928.49206337012,35954.44394134957,0.0,0.0,0.0
2020-02-07,46038.60525218591,45993.485217876376,35762.808980917594,0.0,0.0,0.0
2020-02-10,46162.33611697846,46117.094820505714,36029.7982289561,0.0,0.0,0.0
2020-02-11,46162.947187160586,46117.70529180983,36092.24205316726,0.0,0.0,0.0
2020-02-12,46245.52551694503,46200.20269088291,36324.76735620678,0.0,0.0,0.0
2020-02-13,46221.87075278049,46176.57110951822,36286.003527670495,0.0,0.0,0.0
2020-02-14,46361.47637579281,46316.03991234527,36344.15467686663,0.0,0.0,0.0
2020-02-18,46462.77446753793,46417.23872711729,36250.4871384193,0.0,0.0,0.0
2020-02-19,46595.00158126978,46549.33625195576,36423.81605653274,0.0,0.0,0.0
2020-02-20,46587.53345812698,46541.87544793069,36274.1779468776,0.0,0.0,0.0
2020-02-21,46696.36899065687,46650.60431643514,35900.61790551871,0.0,0.0,0.0
2020-02-24,46340.171262487784,46294.75567906991,34709.95384293072,0.0,0.0,0.0
2020-02-25,45959.611563542014,45914.56894682413,33658.17637902402,0.0,0.0,0.0
2020-02-26,45869.30406200673,45824.34995095807,33534.37000894299,0.0,0.0,0.0
2020-02-27,45468.10295072464,45423.54203594695,32028.286241408827,0.0,0.0,0.0
2020-02-28,45523.79747515481,45479.181977080356,31893.721151831676,0.0,0.0,0.0
2020-03-02,45919.2280738424,45874.225034875206,33274.91727094349,0.0,0.0,0.0
2020-03-03,46323.4710106871,46278.07179431444,32322.181298840474,0.0,0.0,0.0
2020-03-04,46577.219068234626,46531.57116663356,33680.785909141,0.0,0.0,0.0
2020-03-05,46606.33524541296,46560.65880856619,32561.17264636108,0.0,0.0,0.0
2020-03-06,47299.68170419671,47253.32575467058,32022.890662485643,0.0,0.0,0.0
2020-03-09,46071.92643042796,46026.773739770615,29522.086686985615,0.0,0.0,0.0
2020-03-10,45337.645251378985,45293.212191384,31049.696904164874,0.0,0.0,0.0
2020-03-11,43724.97514635597,43682.12258016765,29536.078428722285,0.0,0.0,0.0
2020-03-12,41264.80909567556,41224.367609840476,26710.14847303218,0.0,0.0,0.0
2020-03-13,42119.731485836535,42078.45213518419,28993.509176223524,0.0,0.0,0.0
2020-03-16,41090.14365245384,41049.87334710407,25820.921384306537,0.0,0.0,0.0
2020-03-17,40308.3597170599,40268.85559734488,27215.04779024996,0.0,0.0,0.0
2020-03-18,38396.85629276577,38359.22553779789,25837.07568272584,0.0,0.0,0.0
2020-03-19,38336.27275332182,38298.70137311916,25891.97398624518,0.0,0.0,0.0
2020-03-20,39787.94428638712,39748.950198675855,24776.18304240182,0.0,0.0,0.0
2020-03-23,41165.95071087769,41125.606110986235,24142.69990696495,0.0,0.0,0.0
2020-03-24,42633.3902352578,42591.607474472374,26330.111574408784,0.0,0.0,0.0
2020-03-25,42985.03149088345,42942.9041048551,26724.275374561512,0.0,0.0,0.0
2020-03-26,43866.7165126158,43823.72503311172,28284.69878513866,0.0,0.0,0.0
2020-03-27,43682.27147044066,43639.46075589645,27442.22076549994,0.0,0.0,0.0
2020-03-30,43479.701843298135,43437.08965667363,28333.421187198495,0.0,0.0,0.0
2020-03-31,43026.04945483308,42983.88186923896,27911.104503298953,0.0,0.0,0.0
2020-04-01,42703.09719616555,42661.24611922565,26654.97264140523,0.0,0.0,0.0
2020-04-02,43404.4783408754,43361.93987687979,27270.039804558866,0.0,0.0,0.0
2020-04-03,43419.234474049284,43376.68154833766,26875.877806536704,0.0,0.0,0.0
2020-04-06,44349.0423769932,44305.57819508143,28681.032350496294,0.0,0.0,0.0
2020-04-07,44288.71407865558,44245.309021360554,28710.273721106696,0.0,0.0,0.0
2020-04-08,44305.074062662796,44261.652971801246,29674.01890885491,0.0,0.0,0.0
2020-04-09,44988.19286395424,44944.10228400669,30125.585974017697,0.0,0.0,0.0
2020-04-13,44895.46430212673,44851.46460060323,29850.539400205806,0.0,0.0,0.0
2020-04-14,45315.90424041879,45271.49248765402,30730.91081931605,0.0,0.0,0.0
2020-04-15,45289.150516371046,45244.76498353496,30077.937641776905,0.0,0.0,0.0
2020-04-16,45269.428752657004,45225.062548092275,30223.04879944305,0.0,0.0,0.0
2020-04-17,45201.558551127455,45157.258862605195,31039.536492017593,0.0,0.0,0.0
2020-04-20,45102.68504698421,45058.48225922326,30492.683575156632,0.0,0.0,0.0
2020-04-21,44999.16180086825,44955.06047083806,29566.826380488237,0.0,0.0,0.0
2020-04-22,45364.64495722001,45320.18543622241,30223.04879944304,0.0,0.0,0.0
2020-04-23,45439.23558501308,45394.70296163398,30220.87903423813,0.0,0.0,0.0
2020-04-24,45627.82584399747,45583.108393147835,30642.116241926917,0.0,0.0,0.0
2020-04-27,45444.79415972419,45400.256088676106,31083.930176451002,0.0,0.0,0.0
2020-04-28,45707.133310068566,45662.33813411039,30940.992388250903,0.0,0.0,0.0
2020-04-29,46042.29107308396,45997.16742649372,31750.981597994116,0.0,0.0,0.0
2020-04-30,45371.01726917913,45326.55150301114,31455.36730799977,0.0,0.0,0.0
2020-05-01,45039.54562075073,44995.40471264627,30622.63521047748,0.0,0.0,0.0
2020-05-04,45065.58394769545,45021.41752078566,30707.086653195638,0.0,0.0,0.0
2020-05-05,45159.64651913511,45115.38790640807,30990.80688143547,0.0,0.0,0.0
2020-05-06,44574.919677572914,44531.23412510711,30780.721708239456,0.0,0.0,0.0
2020-05-07,45124.80331171179,45080.57884699391,31152.151631265955,0.0,0.0,0.0
2020-05-08,45195.221641294316,45150.92816324666,31667.600620833866,0.0,0.0,0.0
2020-05-11,44879.33362297024,44835.34973028353,31674.095499404055,0.0,0.0,0.0
2020-05-12,44909.95613020358,44865.942225995685,31042.79474408608,0.0,0.0,0.0
2020-05-13,44930.05538644802,44886.02178400803,30493.761249236795,0.0,0.0,0.0
2020-05-14,45250.15777786558,45205.81045977753,30858.692689431962,0.0,0.0,0.0
2020-05-15,45280.35609808625,45235.97918420056,31000.56001207416,0.0,0.0,0.0
2020-05-18,45501.23840871276,45456.645019601994,31944.807949197817,0.0,0.0,0.0
2020-05-19,45377.332500335404,45332.86054493894,31616.704849307967,0.0,0.0,0.0
2020-05-20,45849.218258117195,45804.28383211667,32153.80463553023,0.0,0.0,0.0
2020-05-21,45709.943959195385,45665.14602866668,31931.82540057971,0.0,0.0,0.0
2020-05-22,45650.936923959176,45606.196823146194,31992.459885699744,0.0,0.0,0.0
2020-05-26,45684.849320731315,45640.07598414809,32386.629092244177,0.0,0.0,0.0
2020-05-27,45746.490387594225,45701.65663981835,32868.50799357527,0.0,0.0,0.0
2020-05-28,45787.760920733956,45742.886725862416,32807.86629993297,0.0,0.0,0.0
2020-05-29,46101.58416870345,46056.40241204461,32954.05873594044,0.0,0.0,0.0
2020-06-01,46287.93002562203,46242.565641114,33087.24699776297,0.0,0.0,0.0
2020-06-02,46429.24302519551,46383.740147191544,33361.217699625246,0.0,0.0,0.0
2020-06-03,46416.94545444099,46371.45462864432,33805.19779509311,0.0,0.0,0.0
2020-06-04,46029.93159040149,45984.820056695185,33716.40682196513,0.0,0.0,0.0
2020-06-05,46266.16178663742,46220.81873604435,34580.53924251932,0.0,0.0,0.0
2020-06-08,46524.29346350958,46478.69743153158,34998.5181981396,0.0,0.0,0.0
2020-06-09,46563.86649008038,46518.23167464431,34737.555274723396,0.0,0.0,0.0
2020-06-10,47084.363909000145,47038.218981207916,34543.71450647513,0.0,0.0,0.0
2020-06-11,46369.572857405714,46324.12845901908,32552.29895543993,0.0,0.0,0.0
2020-06-12,46390.424988345105,46344.96015387317,32942.150257141366,0.0,0.0,0.0
2020-06-15,46534.830205327795,46489.22384683904,33249.680234457046,0.0,0.0,0.0
2020-06-16,46453.54573248062,46408.01903666157,33889.64923781126,0.0,0.0,0.0
2020-06-17,46481.69074627826,46436.13646700003,33748.88842333835,0.0,0.0,0.0
2020-06-18,46743.99621025928,46698.18485908522,33761.88899326214,0.0,0.0,0.0
2020-06-19,46799.746747165496,46753.88075779976,33568.93126899262,0.0,0.0,0.0
2020-06-22,47098.641543969374,47052.482623412245,33784.289476233134,0.0,0.0,0.0
2020-06-23,47139.52668818849,47093.327698235255,33939.81694858732,0.0,0.0,0.0
2020-06-24,46852.55253092045,46806.634789361924,33074.05540199887,0.0,0.0,0.0
2020-06-25,47087.175995782454,47041.028312010734,33428.631799945346,0.0,0.0,0.0
2020-06-26,47015.84993803159,46969.77215720665,32634.649113914787,0.0,0.0,0.0
2020-06-29,47139.726607316974,47093.52742143343,33114.29697760163,0.0,0.0,0.0
2020-06-30,47085.485129850924,47039.33910320864,33538.4752623788,0.0,0.0,0.0
2020-07-01,47233.53527298073,47187.24415011973,33773.408211858325,0.0,0.0,0.0
2020-07-02,47536.07756558703,47489.48993681436,33959.391690826335,0.0,0.0,0.0
2020-07-06,47915.03958199535,47868.080552327956,34483.63507757031,0.0,0.0,0.0
2020-07-07,47960.16503169592,47913.16177693032,34127.97740128252,0.0,0.0,0.0
2020-07-08,48122.34116722553,48075.17897209327,34389.01240992148,0.0,0.0,0.0
2020-07-09,48360.79628571734,48313.40039316812,34193.23254918112,0.0,0.0,0.0
2020-07-10,48348.685147096876,48301.30112404256,34542.3737213319,0.0,0.0,0.0
2020-07-13,48318.40812926506,48271.0537791358,34243.274110817365,0.0,0.0,0.0
2020-07-14,48544.74056922107,48497.16440247941,34687.03074209469,0.0,0.0,0.0
2020-07-15,48604.347490951135,48556.7129065763,35005.71230337051,0.0,0.0,0.0
2020-07-16,48546.8341755945,48499.255957018504,34890.419198096795,0.0,0.0,0.0
2020-07-17,48676.90275582661,48629.19706382324,34991.569182666055,0.0,0.0,0.0
2020-07-20,48905.48957724628,48857.559859228895,35274.35230301008,0.0,0.0,0.0
2020-07-21,49147.92784931367,49099.7605301984,35349.396624158755,0.0,0.0,0.0
2020-07-22,49325.03540614688,49276.69451315818,35550.61171069481,0.0,0.0,0.0
2020-07-23,49416.45935187269,49368.02885904608,35126.42621739536,0.0,0.0,0.0
2020-07-24,49447.093942628635,49398.63342643841,34900.204767085736,0.0,0.0,0.0
2020-07-27,49666.854620328166,49618.17872816677,35154.71606306541,0.0,0.0,0.0
2020-07-28,49726.50575072427,49677.77139760309,34931.75286482429,0.0,0.0,0.0
2020-07-29,50027.63568218679,49978.60620733539,35361.36637539716,0.0,0.0,0.0
2020-07-30,49890.33070950792,49841.43580009446,35235.19921427092,0.0,0.0,0.0
2020-07-31,49886.56040902152,49837.66919468281,35513.63199142171,0.0,0.0,0.0
2020-08-03,49975.8034267929,49926.82475002995,35760.541900661905,0.0,0.0,0.0
2020-08-04,50428.59399323682,50379.17156007028,35898.65358319858,0.0,0.0,0.0
2020-08-05,50431.23921130896,50381.814185702235,36121.616781439705,0.0,0.0,0.0
2020-08-06,50682.821589006344,50633.150000641006,36363.07704783965,0.0,0.0,0.0
2020-08-07,50274.91726820154,50225.64544557301,36389.18631552137,0.0,0.0,0.0
2020-08-10,50204.14007679258,50154.93761919557,36497.948499613514,0.0,0.0,0.0
2020-08-11,49649.3073012335,49600.64860628378,36196.66831111066,0.0,0.0,0.0
2020-08-12,49723.03353626234,49674.30258607734,36701.33695561562,0.0,0.0,0.0
2020-08-13,49501.401536307465,49452.887796078925,36634.99332085342,0.0,0.0,0.0
2020-08-14,49299.53779206609,49251.221887958265,36636.08180771701,0.0,0.0,0.0
2020-08-17,49637.041224451146,49588.39455084313,36752.448982809765,0.0,0.0,0.0
2020-08-18,49947.94493886919,49898.99356475634,36831.85806419623,0.0,0.0,0.0
2020-08-19,49516.52745366211,49467.99888931138,36678.496752785824,0.0,0.0,0.0
2020-08-20,49652.0622434004,49603.400848475634,36792.69055841253,0.0,0.0,0.0
2020-08-21,49773.671656617946,49724.89107865394,36923.21527125428,0.0,0.0,0.0
2020-08-24,49971.99133980039,49923.01639906495,37297.35920291749,0.0,0.0,0.0
2020-08-25,49928.30784999805,49879.37572117118,37427.88752002039,0.0,0.0,0.0
2020-08-26,50051.43814474201,50002.38534233928,37803.11633428605,0.0,0.0,0.0
2020-08-27,49471.97843380642,49423.493529625084,37885.78006347989,0.0,0.0,0.0
2020-08-28,49810.58063336174,49761.763882835854,38130.49137342608,0.0,0.0,0.0
2020-08-31,49864.195214258696,49815.32591888015,37992.36527384484,0.0,0.0,0.0
2020-09-01,50302.505967846984,50253.20710697375,38350.19631959869,0.0,0.0,0.0
2020-09-02,50503.843432228954,50454.34725101442,38904.89210869534,0.0,0.0,0.0
2020-09-03,50031.18837269952,49982.15541604156,37566.010015340486,0.0,0.0,0.0
2020-09-04,49564.962823368376,49516.38679003957,37259.301809564204,0.0,0.0,0.0
2020-09-08,49286.55838931365,49238.25520564107,36241.271042690074,0.0,0.0,0.0
2020-09-09,49598.1138006833,49549.50527781174,36956.92952993661,0.0,0.0,0.0
2020-09-10,49429.43221011318,49380.98900326525,36315.223272714014,0.0,0.0,0.0
2020-09-11,49537.23446668748,49488.68560847395,36333.72394513398,0.0,0.0,0.0
2020-09-14,49766.75249000824,49717.978693158315,36812.27611343495,0.0,0.0,0.0
2020-09-15,49881.79165311867,49832.90511238873,36998.2631966641,0.0,0.0,0.0
2020-09-16,49843.40494779504,49794.55602787164,36851.42920217411,0.0,0.0,0.0
2020-09-17,49852.05307460348,49803.195679102326,36527.30881084146,0.0,0.0,0.0
2020-09-18,49626.17400546704,49577.5379822532,36106.785246857944,0.0,0.0,0.0
2020-09-21,49252.99010896499,49204.7198238121,35704.92815130673,0.0,0.0,0.0
2020-09-22,49204.8344421626,49156.611351865555,36068.558453231184,0.0,0.0,0.0
2020-09-23,48788.73946441475,48740.92416708992,35232.10315395361,0.0,0.0,0.0
2020-09-24,48899.097143892126,48851.17369076507,35326.012177897166,0.0,0.0,0.0
2020-09-25,49004.314666280174,48956.2880949506,35897.128980737325,0.0,0.0,0.0
2020-09-28,49306.94302070126,49258.61985911532,36493.35667092405,0.0,0.0,0.0
2020-09-29,49310.92593458924,49262.59886955726,36294.61050326734,0.0,0.0,0.0
2020-09-30,49232.25748453634,49184.007518346654,36569.799445394165,0.0,0.0,0.0
2020-10-01,49430.625527011376,49382.181150655844,36804.56659886135,0.0,0.0,0.0
2020-10-02,49155.954909823005,49107.77972380464,36455.12627303614,0.0,0.0,0.0
2020-10-05,49130.953640324915,49082.80295674602,37101.59015496055,0.0,0.0,0.0
2020-10-06,49014.498476533685,48966.461924583156,36574.164205631954,0.0,0.0,0.0
2020-10-07,49088.99893354687,49040.889367586504,37210.788454650356,0.0,0.0,0.0
2020-10-08,49477.75261772591,49429.262054568266,37540.57474449152,0.0,0.0,0.0
2020-10-09,49694.27514038512,49645.57237480306,37875.81788569521,0.0,0.0,0.0
2020-10-12,49925.443151800326,49876.51383051466,38485.150669378716,0.0,0.0,0.0
2020-10-13,49876.62869452688,49827.74721374321,38233.98773199599,0.0,0.0,0.0
2020-10-14,49864.06309341629,49815.193927522494,37993.75291438287,0.0,0.0,0.0
2020-10-15,49744.24868276525,49695.49694072236,37946.796600280526,0.0,0.0,0.0
2020-10-16,49688.378041919175,49639.68105577556,37923.866290922284,0.0,0.0,0.0
2020-10-19,49467.11445261889,49418.63431537167,37347.29263671961,0.0,0.0,0.0
2020-10-20,49435.346879376375,49386.897875869785,37496.89109950223,0.0,0.0,0.0
2020-10-21,49377.72313774243,49329.33060825771,37425.915989178044,0.0,0.0,0.0
2020-10-22,49165.742630373556,49117.5578519211,37631.21109932201,0.0,0.0,0.0
2020-10-23,49354.445939364065,49306.07622264666,37758.978552393404,0.0,0.0,0.0
2020-10-26,49243.37282759382,49195.111967836485,37061.19720039,0.0,0.0,0.0
2020-10-27,49383.817770202244,49335.41926768631,36933.42614305747,0.0,0.0,0.0
2020-10-28,48726.15774995267,48678.40378570011,35671.08413922344,0.0,0.0,0.0
2020-10-29,48588.415925433954,48540.79695475503,36033.625954284296,0.0,0.0,0.0
2020-10-30,48189.140704872974,48141.91304300005,35657.982649987796,0.0,0.0,0.0
2020-11-02,48733.73013007161,48685.96874452451,36057.65556328955,0.0,0.0,0.0
2020-11-03,48912.89258228781,48864.95560897155,36694.279812307934,0.0,0.0,0.0
2020-11-04,49713.11199497953,49664.39076837937,37514.36455749793,0.0,0.0,0.0
2020-11-05,50282.546320542046,50233.26702107747,38246.007942890305,0.0,0.0,0.0
2020-11-06,50043.485382190825,49994.44037387563,38237.271213892454,0.0,0.0,0.0
2020-11-09,49733.2938653559,49684.55285955784,38717.75166190211,0.0,0.0,0.0
2020-11-10,49709.81109682091,49661.093105258755,38660.96292341604,0.0,0.0,0.0
2020-11-11,49845.61303873983,49796.76195478174,38948.154055131505,0.0,0.0,0.0
2020-11-12,50058.1048996387,50009.04556349742,38570.322964324405,0.0,0.0,0.0
2020-11-13,50339.292462000856,50289.95754860454,39104.30866892366,0.0,0.0,0.0
2020-11-16,50513.79832332706,50464.292385843306,39592.43015054531,0.0,0.0,0.0
2020-11-17,50590.64543087818,50541.06417955487,39379.494006789355,0.0,0.0,0.0
2020-11-18,50522.305712920555,50472.79143778825,38905.56970978923,0.0,0.0,0.0
2020-11-19,50747.99669878683,50698.26123569782,39069.365357193376,0.0,0.0,0.0
2020-11-20,50983.90723067164,50933.9405639822,38801.824657200814,0.0,0.0,0.0
2020-11-23,50856.8014968155,50806.95939982232,39034.42564972422,0.0,0.0,0.0
2020-11-24,50977.31768040404,50927.35747178892,39663.4160736529,0.0,0.0,0.0
2020-11-25,50925.68302956195,50875.77342537338,39602.26617919018,0.0,0.0,0.0
2020-11-27,51190.16503674907,51139.99622754824,39712.55296574358,0.0,0.0,0.0
2020-11-30,50869.15960083923,50819.30539231326,39536.737107445115,0.0,0.0,0.0
2020-12-01,51010.86147021549,50960.86838708257,39969.169150227695,0.0,0.0,0.0
2020-12-02,50935.569053694606,50885.649760729706,40053.2529583098,0.0,0.0,0.0
2020-12-03,51243.93077384202,51193.70927164822,40042.332047062475,0.0,0.0,0.0
2020-12-04,51108.08599701654,51057.99762919894,40387.407612649884,0.0,0.0,0.0
2020-12-07,51263.77400344129,51213.53305393376,40304.42310421479,0.0,0.0,0.0
2020-12-08,51441.01329394264,51390.598641456396,40422.34732011904,0.0,0.0,0.0
2020-12-09,51184.65690074854,51134.493489784334,40059.81271358047,0.0,0.0,0.0
2020-12-10,51535.145475651705,51484.63856912679,40046.69320303913,0.0,0.0,0.0
2020-12-11,51508.99562993811,51458.51435151226,39999.74409745906,0.0,0.0,0.0
2020-12-14,51385.138495831925,51334.77860331925,39820.66277856981,0.0,0.0,0.0
2020-12-15,51660.90698372138,51610.276824905755,40359.01684766799,0.0,0.0,0.0
2020-12-16,51720.92767640055,51670.23869443643,40422.34732011904,0.0,0.0,0.0
2020-12-17,51900.27288060613,51849.40813176718,40648.38855737178,0.0,0.0,0.0
2020-12-18,51775.61582123943,51724.873242278656,40486.092282600934,0.0,0.0,0.0
2020-12-21,51565.781701913336,51515.244770421945,40341.32352974287,0.0,0.0,0.0
2020-12-22,51505.89055642275,51455.412321117416,40273.33635190186,0.0,0.0,0.0
2020-12-23,51608.81307433004,51558.23397003629,40309.52673798581,0.0,0.0,0.0
2020-12-24,51738.53724188316,51687.83100170295,40466.34814008844,0.0,0.0,0.0
2020-12-28,51834.442619728456,51783.642387692584,40813.98993960592,0.0,0.0,0.0
2020-12-29,51943.87683689025,51892.969354089386,40736.116273464126,0.0,0.0,0.0
2020-12-30,52146.65683588703,52095.55061899199,40794.23858857116,0.0,0.0,0.0
2020-12-31,52225.85079304266,52174.66696228324,41001.51243807975,0.0,0.0,0.0
2021-01-04,52331.055567548654,52278.04970785087,40443.31330715722,0.03287931975185344,0.06575863950370688,1.7189232293742045
2021-01-05,52539.94300209973,52486.72556138321,40721.86502492555,0.0,0.0,0.0
2021-01-06,52115.14047579758,52062.35331539672,40965.325656256944,0.0,0.0,0.0
2021-01-07,52080.845419018995,52028.09299590651,41573.955609018594,0.0,0.0,0.0
2021-01-08,52134.14064474489,52081.334239169664,41810.84206803476,0.0,0.0,0.0
2021-01-11,51781.21699476235,51728.768063754986,41528.99605558655,0.0,0.0,0.0
2021-01-12,52052.785123017195,52000.06112203563,41537.77243145692,0.0,0.0,0.0
2021-01-13,52289.839246804215,52236.87513490784,41649.63428012751,0.0,0.0,0.0
2021-01-14,52265.34177171668,52212.40247318806,41503.77343614471,0.0,0.0,0.0
2021-01-15,51973.9260884446,51921.28196337757,41201.10200284269,0.0,0.0,0.0
2021-01-19,52329.13713160444,52276.133215080656,41524.61327404306,0.0,0.0,0.0
2021-01-20,52685.584802071506,52632.21984151744,42099.26225279819,0.0,0.0,0.0
2021-01-21,52632.77411997988,52579.46265109679,42137.64042539275,0.0,0.0,0.0
2021-01-22,52395.05757912096,52341.98689211158,41988.496099513475,0.0,0.0,0.0
2021-01-25,52700.82434117029,52647.443944564686,42154.09027322534,0.0,0.0,0.0
2021-01-26,52606.78385764704,52553.4987141683,42088.298090417215,0.0,0.0,0.0
2021-01-27,52055.210867576556,52002.48440957068,41059.64196170906,0.0,0.0,0.0
2021-01-28,52200.512874067,52147.639240398676,41412.75863389475,0.0,0.0,0.0
2021-01-29,51662.65946907054,51610.33062437721,40583.684861427246,0.0,0.0,0.0
2021-02-01,52093.319553252935,52040.5544951534,41259.23513073314,0.0,0.0,0.0
2021-02-02,52263.55496082717,52210.61747215018,41842.63885979181,0.0,0.0,0.0
2021-02-03,52173.91885557433,52121.07215885191,41875.54576397929,0.0,0.0,0.0
2021-02-04,52146.62693211004,52093.80787923791,42351.48123869427,0.0,0.0,0.0
2021-02-05,52167.86530431159,52115.02473920042,42518.17471205316,0.0,0.0,0.0
2021-02-08,52463.86072104143,52410.72034367995,42825.23613542093,0.0,0.0,0.0
2021-02-09,52616.05542826067,52562.76089365527,42796.72642982149,0.0,0.0,0.0
2021-02-10,52746.11203871836,52692.68577043453,42778.07798269487,0.0,0.0,0.0
2021-02-11,52694.04960885544,52640.67607434171,42847.17166870516,0.0,0.0,0.0
2021-02-12,52569.760408952476,52516.51276633639,43058.821091234946,0.0,0.0,0.0
2021-02-16,52305.65838420847,52252.678249188364,43021.5422182874,0.0,0.0,0.0
2021-02-17,52333.61569873334,52280.60724589171,43031.41428954364,0.0,0.0,0.0
2021-02-18,52020.91074478648,51968.219029200314,42848.27096835215,0.0,0.0,0.0
2021-02-19,51740.15125038253,51687.74391465853,42772.5886929821,0.0,0.0,0.0
2021-02-22,51423.805178330185,51371.71826793162,42443.609757635786,0.0,0.0,0.0
2021-02-23,51451.91540233885,51399.80001923753,42495.14348338305,0.0,0.0,0.0
2021-02-24,51457.69236816893,51405.571133608355,42963.41269465809,0.0,0.0,0.0
2021-02-25,50422.69437544281,50371.62148507851,41928.175185112435,0.0,0.0,0.0
2021-02-26,50750.844341531476,50699.43906973758,41712.13577251689,0.0,0.0,0.0
2021-03-01,50880.43686512959,50828.900329728465,42723.24635800659,0.0,0.0,0.0
2021-03-02,50827.785183669315,50776.30197888822,42389.87382833338,0.0,0.0,0.0
2021-03-03,50476.88239443267,50425.75461729989,41828.3840069921,0.0,0.0,0.0
2021-03-04,50010.94350508934,49960.28767508486,41310.77246074155,0.0,0.0,0.0
2021-03-05,50389.20140357987,50338.16243807622,42070.74894293762,0.0,0.0,0.0
2021-03-08,49813.010580582355,49762.555235829175,41861.28730691844,0.0,0.0,0.0
2021-03-09,50522.894573034384,50471.72019040021,42458.96030582139,0.0,0.0,0.0
2021-03-10,50773.10054055898,50721.67272557443,42723.246358006574,0.0,0.0,0.0
2021-03-11,51053.742372760425,51002.03029709316,43156.431691366946,0.0,0.0,0.0
2021-03-12,50410.374887910024,50359.31447589192,43214.55400647398,0.0,0.0,0.0
2021-03-15,50625.98167746824,50574.70287843094,43472.26228208282,0.0,0.0,0.0
2021-03-16,50633.83893146832,50582.55217385846,43417.43065739453,0.0,0.0,0.0
2021-03-17,50602.71526405607,50551.46003145042,43565.47207936566,0.0,0.0,0.0
2021-03-18,49834.76337701332,49784.28599896341,42931.61950716217,0.0,0.0,0.0
2021-03-19,50206.83610669767,50155.98185807457,42852.177987425464,0.0,0.0,0.0
2021-03-22,50473.87968908374,50422.754953375916,43194.34851853586,0.0,0.0,0.0
2021-03-23,50208.16618549555,50157.31058964241,42854.38019098061,0.0,0.0,0.0
2021-03-24,50219.35332586543,50168.486398614776,42636.531439293925,0.0,0.0,0.0
2021-03-25,50093.65386932252,50042.914262411294,42876.38780948758,0.0,0.0,0.0
2021-03-26,50521.70615028562,50470.53297139879,43567.339086634995,0.0,0.0,0.0
2021-03-29,50215.66972997684,50164.8065338217,43545.32425960574,0.0,0.0,0.0
2021-03-30,50155.13410458234,50104.332224653896,43429.80408588035,0.0,0.0,0.0
2021-03-31,50257.71120769393,50206.8054279401,43605.832595585955,0.0,0.0,0.0
2021-04-01,50808.33537601176,50756.871871841795,44076.74373027493,0.0,0.0,0.0
2021-04-05,50864.359717376356,50812.83946643633,44709.381666475005,0.0,0.0,0.0
2021-04-06,50952.718266182455,50901.10851731829,44682.973245118854,0.0,0.0,0.0
2021-04-07,50785.129371513605,50733.689372587425,44734.694392445286,0.0,0.0,0.0
2021-04-08,51113.74656927392,51061.97371566156,44947.032228852375,0.0,0.0,0.0
2021-04-09,50972.10112025139,50920.47173859304,45273.80896064354,0.0,0.0,0.0
2021-04-12,50887.16753484485,50835.62418198264,45290.30926813207,0.0,0.0,0.0
2021-04-13,51217.239578435656,51165.36189728132,45424.54276568456,0.0,0.0,0.0
2021-04-14,51269.97676478328,51218.04566640145,45269.40815779437,0.0,0.0,0.0
2021-04-15,51927.72652635592,51875.129196590075,45755.71669606374,0.0,0.0,0.0
2021-04-16,51912.08370699665,51859.50222176287,45908.638287615344,0.0,0.0,0.0
2021-04-19,51766.54576145496,51714.11169086509,45683.09804266075,0.0,0.0,0.0
2021-04-20,51602.45475437536,51550.186890730954,45348.6226090794,0.0,0.0,0.0
2021-04-21,51873.046757616146,51820.50481270961,45777.720710309586,0.0,0.0,0.0
2021-04-22,51866.3909367907,51813.855733531185,45359.62281407175,0.0,0.0,0.0
2021-04-23,52110.406650332014,52057.62428479885,45851.43505909843,0.0,0.0,0.0
2021-04-26,52188.19156315905,52135.3304096838,45947.15702639426,0.0,0.0,0.0
2021-04-27,52042.995330102356,51990.28124515219,45937.25612104892,0.0,0.0,0.0
2021-04-28,52198.95187612782,52146.079823586355,45924.046503979145,0.0,0.0,0.0
2021-04-29,52156.35191919647,52103.52301593444,46216.716112623966,0.0,0.0,0.0
2021-04-30,51825.65055450777,51773.15661697401,45913.04629898679,0.0,0.0,0.0
2021-05-03,52066.76214972028,52014.023991479546,46012.066165223645,0.0,0.0,0.0
2021-05-04,51979.8162770496,51927.16618584054,45728.21257932171,0.0,0.0,0.0
2021-05-05,52246.53561924204,52193.61536936949,45742.51068325508,0.0,0.0,0.0
2021-05-06,52545.19153863394,52491.96878170149,46107.791736780615,0.0,0.0,0.0
2021-05-07,52815.133570758575,52761.63739091642,46443.36286574783,0.0,0.0,0.0
2021-05-10,52425.61487202281,52372.51323368705,45983.46274883462,0.0,0.0,0.0
2021-05-11,52165.33851201422,52112.50050627809,45573.070762909265,0.0,0.0,0.0
2021-05-12,51463.08356805773,51410.956872778224,44604.865302003105,0.0,0.0,0.0
2021-05-13,51530.67820570508,51478.48304416132,45140.6783669992,0.0,0.0,0.0
2021-05-14,52147.744094399495,52094.92390995937,45833.83545196289,0.0,0.0,0.0
2021-05-17,52203.98871871317,52151.111564379506,45717.20156154595,0.0,0.0,0.0
2021-05-18,52157.44919486362,52104.619180176676,45323.324300153676,0.0,0.0,0.0
2021-05-19,51812.62591433794,51760.145169395866,45204.49181044272,0.0,0.0,0.0
2021-05-20,52150.26220723257,52097.43947220879,45690.79314018981,0.0,0.0,0.0
2021-05-21,52187.301110726505,52134.44085918598,45653.39172236358,0.0,0.0,0.0
2021-05-24,52524.20620145682,52471.00470046553,46118.78833751185,0.0,0.0,0.0
2021-05-25,52791.50190813876,52738.029664687325,46016.47778085624,0.0,0.0,0.0
2021-05-26,52790.54770304063,52737.07642609868,46107.79173678064,0.0,0.0,0.0
2021-05-27,52822.8251630686,52769.32119245174,46131.99074605936,0.0,0.0,0.0
2021-05-28,52961.07394039866,52907.42993829926,46214.51751332997,0.0,0.0,0.0
2021-06-01,53219.05177827395,53165.146471736276,46173.800175257034,0.0,0.0,0.0
2021-06-02,53332.15122693743,53278.13136254413,46246.42243292115,0.0,0.0,0.0
2021-06-03,52945.06009297514,52891.43231122023,46074.776704759024,0.0,0.0,0.0
2021-06-04,53543.92711043458,53489.69273932732,46496.17970846015,0.0,0.0,0.0
2021-06-07,53467.581579074424,53413.424537967105,46451.068776060325,0.0,0.0,0.0
2021-06-08,53602.78566236938,53548.49167373459,46460.96607714454,0.0,0.0,0.0
2021-06-09,53679.134587279295,53624.76326520725,46391.65253120485,0.0,0.0,0.0
2021-06-10,54010.49119193478,53955.78424044527,46607.29547507524,0.0,0.0,0.0
2021-06-11,53893.87922263907,53839.29038681944,46684.31493132739,0.0,0.0,0.0
2021-06-14,53800.75341963102,53746.258910463024,46788.83490006042,0.0,0.0,0.0
2021-06-15,53724.5826345444,53670.16527837673,46703.01744237106,0.0,0.0,0.0
2021-06-16,53292.50970439208,53238.52999269511,46442.26717036198,0.0,0.0,0.0
2021-06-17,53337.30975266846,53283.28466323071,46426.86255825932,0.0,0.0,0.0
2021-06-18,53372.66856226411,53318.60765806819,45800.54289183369,0.0,0.0,0.0
2021-06-21,53378.87261378881,53324.8054255407,46456.222869487276,0.0,0.0,0.0
2021-06-22,53481.589963495455,53427.418733366896,46704.58169170485,0.0,0.0,0.0
2021-06-23,53435.38700520141,53381.26257381402,46648.29394551692,0.0,0.0,0.0
2021-06-24,53652.13787346373,53597.79389622565,46924.24699100495,0.0,0.0,0.0
2021-06-25,53588.15064443628,53533.871479536625,47090.929651580416,0.0,0.0,0.0
2021-06-28,53781.03267471975,53726.558140593836,47185.858681425954,0.0,0.0,0.0
2021-06-29,53769.84431997252,53715.38111847416,47211.2543054024,0.0,0.0,0.0
2021-06-30,53811.116038867614,53756.61103345535,47250.98407592359,0.0,0.0,0.0
2021-07-01,53873.836647340955,53819.26811254377,47512.58495356118,0.0,0.0,0.0
2021-07-02,54167.04800739559,54112.18248030493,47875.768327104546,0.0,0.0,0.0
2021-07-06,54063.363836134886,54008.60333021329,47788.54881183262,0.0,0.0,0.0
2021-07-07,54205.896281600035,54150.99140529026,47957.44448874664,0.0,0.0,0.0
2021-07-08,53941.90214800383,53887.26467000762,47566.68130897736,0.0,0.0,0.0
2021-07-09,54135.948118174114,54081.11409200286,48074.44961806077,0.0,0.0,0.0
2021-07-12,54230.518703990856,54175.58888775482,48246.65400669923,0.0,0.0,0.0
2021-07-13,54046.741429659756,53991.99776048904,48082.1807582012,0.0,0.0,0.0
2021-07-14,54331.60264081667,54276.570437175775,48153.92718040886,0.0,0.0,0.0
2021-07-15,54428.49843145368,54373.368082559864,47989.4611404331,0.0,0.0,0.0
2021-07-16,54199.2553574521,54144.35720770057,47613.0537327754,0.0,0.0,0.0
2021-07-19,53992.28261148321,53937.59410337211,46909.89842741564,0.0,0.0,0.0
2021-07-20,54084.622937319255,54029.840898162336,47582.13998499709,0.0,0.0,0.0
2021-07-21,54130.37310636101,54075.54472709085,47967.37783244224,0.0,0.0,0.0
2021-07-22,54389.70952462132,54334.61846481372,48067.82498608963,0.0,0.0,0.0
2021-07-23,54430.39932949493,54375.26705519118,48562.35484401416,0.0,0.0,0.0
2021-07-26,54418.47155326712,54363.35136054716,48681.565781144585,0.0,0.0,0.0
2021-07-27,54341.54583985571,54286.503564799146,48459.6946740282,0.0,0.0,0.0
2021-07-28,54638.01745463708,54582.674884991626,48439.81717385361,0.0,0.0,0.0
2021-07-29,54788.04602202756,54732.55148921019,48640.722293931816,0.0,0.0,0.0
2021-07-30,54615.31227582047,54559.99270413502,48404.50262322613,0.0,0.0,0.0
2021-08-02,54777.07670837227,54721.59328631684,48302.94896140945,0.0,0.0,0.0
2021-08-03,54938.28218428579,54882.63547802471,48695.91074047275,0.0,0.0,0.0
2021-08-04,54840.03139979076,54784.48421124897,48456.385962303764,0.0,0.0,0.0
2021-08-05,54829.55298044163,54774.01640543745,48763.249151308955,0.0,0.0,0.0
2021-08-06,54314.51430603184,54259.49941107823,48843.82961756519,0.0,0.0,0.0
2021-08-09,54088.3420746183,54033.55626836614,48804.08903426058,0.0,0.0,0.0
2021-08-10,54155.65873211217,54100.804741160435,48864.80281312563,0.0,0.0,0.0
2021-08-11,54347.128878294985,54292.08094820721,48986.22676659462,0.0,0.0,0.0
2021-08-12,54243.51407907601,54188.571099890716,49133.035531256646,0.0,0.0,0.0
2021-08-13,54607.586745222005,54552.27499868715,49222.446437300314,0.0,0.0,0.0
2021-08-16,54562.396842696726,54507.13086878402,49338.348662706296,0.0,0.0,0.0
2021-08-17,54198.98307372983,54144.08519977309,49014.92749803436,0.0,0.0,0.0
2021-08-18,54099.49499944376,54044.697896450845,48478.46566603349,0.0,0.0,0.0
2021-08-19,53989.5717045257,53934.88594227843,48553.517195704444,0.0,0.0,0.0
2021-08-20,53945.552127903684,53890.91095286141,48939.86875984115,0.0,0.0,0.0
2021-08-23,54381.6360879095,54326.55320564483,49370.35450160934,0.0,0.0,0.0
2021-08-24,54553.859031842454,54498.60170583488,49448.739972832685,0.0,0.0,0.0
2021-08-25,54470.38469786269,54415.21192258294,49552.495838204515,0.0,0.0,0.0
2021-08-26,54325.06000383831,54270.034427201084,49259.97400426635,0.0,0.0,0.0
2021-08-27,54938.96214146579,54883.31474647955,49700.40750677469,0.0,0.0,0.0
2021-08-30,55006.35070116865,54950.63504865345,49918.97350642778,0.0,0.0,0.0
2021-08-31,54921.62750522735,54865.997668405886,49845.0176721427,0.0,0.0,0.0
2021-09-01,55103.063202820886,55047.24959070525,49871.501782982734,0.0,0.0,0.0
2021-09-02,55229.141496542994,55173.2001803657,50024.94238813819,0.0,0.0,0.0
2021-09-03,55161.388245624184,55105.515556369704,50012.79602810404,0.0,0.0,0.0
2021-09-07,54860.28453617378,54804.71683333329,49833.98142453898,0.0,0.0,0.0
2021-09-08,54895.65757396763,54840.05404195728,49773.260437151635,0.0,0.0,0.0
2021-09-09,55138.38671446713,55082.537323346434,49560.2125613004,0.0,0.0,0.0
2021-09-10,54915.689696699475,54860.06587425402,49169.46379857568,0.0,0.0,0.0
2021-09-13,55168.44843153071,55112.56859104989,49295.29936767725,0.0,0.0,0.0
2021-09-14,55258.655003776505,55202.68379351801,49029.27606162368,0.0,0.0,0.0
2021-09-15,55334.128129308396,55278.08047270538,49438.799420614836,0.0,0.0,0.0
2021-09-16,55033.455498537216,54977.7123917108,49360.4247621749,0.0,0.0,0.0
2021-09-17,54647.31886106255,54591.96687006989,48879.6055136183,0.0,0.0,0.0
2021-09-20,54381.88805072669,54326.80491325016,48064.58115106567,0.0,0.0,0.0
2021-09-21,54498.563023171584,54443.36170620961,48019.18187777482,0.0,0.0,0.0
2021-09-22,54820.51044524904,54764.98302938271,48487.595259495356,0.0,0.0,0.0
2021-09-23,54676.585513156504,54621.20387812098,49076.72255524075,0.0,0.0,0.0
2021-09-24,54348.51235491274,54293.463023508535,49157.55171551548,0.0,0.0,0.0
2021-09-27,54391.40249561967,54336.309721010366,49016.91705018239,0.0,0.0,0.0
2021-09-28,53578.84368252412,53524.57394459878,48029.136847037225,0.0,0.0,0.0
2021-09-29,53508.02128352876,53453.82328125071,48109.98402861765,0.0,0.0,0.0
2021-09-30,53517.754299939705,53463.5464391389,47521.963241041536,0.0,0.0,0.0
2021-10-01,53947.16046774896,53892.517663627455,48086.72212723474,0.0,0.0,0.0
2021-10-04,53719.34349700548,53664.93144753353,47466.59818570487,0.0,0.0,0.0
2021-10-05,53815.77423171316,53761.264508041066,47960.48648514688,0.0,0.0,0.0
2021-10-06,53756.169317175794,53701.71996701812,48159.812938846764,0.0,0.0,0.0
2021-10-07,53854.798317471694,53800.24906650186,48576.18078973847,0.0,0.0,0.0
2021-10-08,53781.959822100456,53727.484348871665,48487.59525949535,0.0,0.0,0.0
2021-10-11,53679.153417759764,53624.78207661441,48136.554641724986,0.0,0.0,0.0
2021-10-12,53956.81720803387,53902.16462264931,48018.06816108324,0.0,0.0,0.0
2021-10-13,54498.58070853678,54443.37937366139,48190.82400167578,0.0,0.0,0.0
2021-10-14,54884.18528096599,54828.59336918281,49001.41512302899,0.0,0.0,0.0
2021-10-15,54982.013314772055,54926.3223134716,49374.6039254907,0.0,0.0,0.0
2021-10-18,54947.24587210951,54891.59008657469,49520.77473593134,0.0,0.0,0.0
2021-10-19,54870.7318173889,54815.15353255047,49902.815603747316,0.0,0.0,0.0
2021-10-20,54935.912369469166,54880.26806358146,50098.8261372005,0.0,0.0,0.0
2021-10-21,54782.58742453578,54727.09842070402,50229.498624748914,0.0,0.0,0.0
2021-10-22,55057.79650864226,55002.02874693065,50177.44228113667,0.0,0.0,0.0
2021-10-25,55152.84668402431,55096.98264647408,50446.550834724156,0.0,0.0,0.0
2021-10-26,55358.89730831179,55302.82456313351,50491.94650375386,0.0,0.0,0.0
2021-10-27,55542.40661283802,55486.14799201966,50268.25524476292,0.0,0.0,0.0
2021-10-28,55443.90885449755,55387.75000155703,50753.29147885067,0.0,0.0,0.0
2021-10-29,55151.634176396255,55095.771366988825,50856.276032339025,0.0,0.0,0.0
2021-11-01,55173.97742421046,55118.0919834411,50943.74424162946,0.0,0.0,0.0
2021-11-02,55298.98228794713,55242.97023038786,51149.73136991186,0.0,0.0,0.0
2021-11-03,55134.49110847691,55078.64566319568,51462.00095062365,0.0,0.0,0.0
2021-11-04,55402.56967176206,55346.45269106923,51704.52086979809,0.0,0.0,0.0
2021-11-05,55880.09380734881,55823.493144890745,51883.91936366747,0.0,0.0,0.0
2021-11-08,56135.76350155823,56078.90387256885,51928.204920266755,0.0,0.0,0.0
2021-11-09,56462.230715050064,56405.040409082605,51756.566400626914,0.0,0.0,0.0
2021-11-10,55867.941534670244,55811.35318118728,51340.19494547406,0.0,0.0,0.0
2021-11-11,56045.623804066796,55988.855477117984,51356.81058931899,0.0,0.0,0.0
2021-11-12,56056.924681244294,56000.14490769455,51744.383997981386,0.0,0.0,0.0
2021-11-15,55752.21389119336,55695.74275765115,51762.106149995605,0.0,0.0,0.0
2021-11-16,55585.5088650605,55529.20658619037,51966.97235306419,0.0,0.0,0.0
2021-11-17,55674.32919810484,55617.93695357166,51840.73310671519,0.0,0.0,0.0
2021-11-18,55740.71833151318,55684.25884176484,52016.80486755444,0.0,0.0,0.0
2021-11-19,55730.214815309264,55673.76596451901,51923.78249185077,0.0,0.0,0.0
2021-11-22,55213.40550693398,55157.48012966041,51777.611681410126,0.0,0.0,0.0
2021-11-23,54895.556294910224,54839.95286548492,51846.269251822734,0.0,0.0,0.0
2021-11-24,55121.23823593816,55065.40621442404,51984.6945050784,0.0,0.0,0.0
2021-11-26,54710.122378413434,54654.706774057864,50825.26496950998,0.0,0.0,0.0
2021-11-29,54665.6593039924,54610.28873605849,51448.719248331116,0.0,0.0,0.0
2021-11-30,54663.47017297662,54608.101822402365,50447.65013437114,0.0,0.0,0.0
2021-12-01,54553.577361962416,54498.32032125684,49887.31728085508,0.0,0.0,0.0
2021-12-02,55017.44855279624,54961.721659323644,50651.41343353158,0.0,0.0,0.0
2021-12-03,55052.31640746655,54996.55419652152,50210.6699645654,0.0,0.0,0.0
2021-12-06,54983.74192172731,54928.04916952969,50805.32980115721,0.0,0.0,0.0
2021-12-07,55392.73295820443,55336.625941068676,51856.2278253463,0.0,0.0,0.0
2021-12-08,55206.37187359936,55150.45362065718,51993.55738321609,0.0,0.0,0.0
2021-12-09,54933.35816645735,54877.71644770886,51642.509556923455,0.0,0.0,0.0
2021-12-10,55051.68501078284,54995.92343937631,52128.64509065822,0.0,0.0,0.0
2021-12-13,55006.303385263105,54950.58778067395,51666.86715369225,0.0,0.0,0.0
2021-12-14,54732.41400968458,54676.97582624921,51311.40410750589,0.0,0.0,0.0
2021-12-15,54876.18982931314,54820.60601608222,52113.14676776598,0.0,0.0,0.0
2021-12-16,54831.80870178686,54776.26984197403,51653.58545139971,0.0,0.0,0.0
2021-12-17,54756.84993167914,54701.38699722283,51103.83831284515,0.0,0.0,0.0
2021-12-20,54419.11462480704,54363.9937807232,50560.43827815414,0.0,0.0,0.0
2021-12-21,54891.22004384198,54835.62100658331,51458.3354170466,0.0,0.0,0.0
2021-12-22,55326.04533157863,55270.00586200028,51972.85450724098,0.0,0.0,0.0
2021-12-23,55339.60782744064,55283.55462047929,52296.23242077927,0.0,0.0,0.0
2021-12-27,55712.38780802931,55655.95701412393,53036.33140280076,0.0,0.0,0.0
2021-12-28,55549.732630172686,55493.46658886868,52992.997371141835,0.0,0.0,0.0
2021-12-29,55373.25296035425,55317.1656744091,53060.77910609799,0.0,0.0,0.0
2021-12-30,55666.04404292509,55609.660190383394,52914.09649057578,0.0,0.0,0.0
2021-12-31,55586.17530029542,55529.87234639643,52780.74603700205,0.0,0.0,0.0
2022-01-03,55139.85473437857,55080.62377549021,53086.34052608676,0.06136229360861486,0.12272458721722972,3.3800808177688433
2022-01-04,54974.95992619315,54915.90609649114,53068.557101633196,0.0,0.0,0.0
2022-01-05,54405.458713432796,54347.01663911322,52049.52795442392,0.0,0.0,0.0
2022-01-06,54358.14683093634,54299.75557880663,52000.63254782947,0.0,0.0,0.0
2022-01-07,54335.82547329833,54277.45819866046,51795.04549253334,0.0,0.0,0.0
2022-01-10,54301.82790660439,54243.497151984295,51730.5976991296,0.0,0.0,0.0
2022-01-11,54975.905513447244,54916.8506680001,52201.7683406205,0.0,0.0,0.0
2022-01-12,55028.652797876486,54969.54129155761,52342.90760251287,0.0,0.0,0.0
2022-01-13,54872.1582036561,54813.214803055336,51621.687740330795,0.0,0.0,0.0
2022-01-14,54544.01816353142,54485.427249336724,51642.80871059789,0.0,0.0,0.0
2022-01-18,53880.24009290112,53822.36220582268,50728.23465542116,0.0,0.0,0.0
2022-01-19,54040.325448317584,53982.27559834314,50201.48991144761,0.0,0.0,0.0
2022-01-20,54045.706634852744,53987.65100443438,49645.86061871627,0.0,0.0,0.0
2022-01-21,54095.62077685014,54037.511528907635,48671.27921985748,0.0,0.0,0.0
2022-01-24,53824.958411058666,53767.13990728909,48877.97638758403,0.0,0.0,0.0
2022-01-25,53643.91491601453,53586.29088827076,48281.22247527119,0.0,0.0,0.0
2022-01-26,53173.69453157935,53116.5756122439,48160.09767547664,0.0,0.0,0.0
2022-01-27,53415.18154462585,53357.803221136885,47922.281317086934,0.0,0.0,0.0
2022-01-28,53648.51569603183,53590.88672615296,49112.45159589905,0.0,0.0,0.0
2022-01-31,54073.021143194055,54014.9361716661,49997.01657284304,0.0,0.0,0.0
2022-02-01,54083.56339189396,54025.46709593467,50334.843969282476,0.0,0.0,0.0
2022-02-02,54265.82476030374,54207.5326800851,50823.80524374921,0.0,0.0,0.0
2022-02-03,53684.20395941093,53626.53665337628,49629.19811947654,0.0,0.0,0.0
2022-02-04,53421.145256897835,53363.760527218685,49862.552402577734,0.0,0.0,0.0
2022-02-07,53472.836525681545,53415.396269497454,49702.5304165848,0.0,0.0,0.0
2022-02-08,53486.0378157348,53428.58337879031,50111.477093793925,0.0,0.0,0.0
2022-02-09,53932.41272854756,53874.4787978823,50844.919005494026,0.0,0.0,0.0
2022-02-10,53225.39989793169,53168.22543694777,49931.45145848659,0.0,0.0,0.0
2022-02-11,53318.49901724391,53261.22454964706,48946.87904775401,0.0,0.0,0.0
2022-02-14,53008.91892877419,52951.977010575254,48786.83904045538,0.0,0.0,0.0
2022-02-15,53022.10254943272,52965.14646945376,49573.62762125502,0.0,0.0,0.0
2022-02-16,53310.98792156231,53253.721522347245,49629.19811947654,0.0,0.0,0.0
2022-02-17,53144.65115645306,53087.56343536734,48569.040748424624,0.0,0.0,0.0
2022-02-18,53243.47622390225,53186.28234541848,48254.55094285199,0.0,0.0,0.0
2022-02-22,53182.56523425247,53125.43678605214,47736.70872388862,0.0,0.0,0.0
2022-02-23,52703.731825850846,52647.11773812651,46889.912799406906,0.0,0.0,0.0
2022-02-24,52529.10571171162,52472.679206494286,47595.56585773511,0.0,0.0,0.0
2022-02-25,52980.30309917825,52923.39191996175,48645.71059134642,0.0,0.0,0.0
2022-02-28,53425.943323701256,53368.55343996251,48521.25905852174,0.0,0.0,0.0
2022-03-01,53525.276789496034,53467.780202240254,47782.26658466953,0.0,0.0,0.0
2022-03-02,53162.342680712696,53105.23595547922,48661.28099946142,0.0,0.0,0.0
2022-03-03,53182.09662544089,53124.96868061783,48419.01698282776,0.0,0.0,0.0
2022-03-04,53404.565430000344,53347.19851028914,48025.62990095021,0.0,0.0,0.0
2022-03-07,52926.39391054741,52869.54064031438,46609.87612604984,0.0,0.0,0.0
2022-03-08,53182.988841190316,53125.85993795351,46256.496342801096,0.0,0.0,0.0
2022-03-09,52919.64469154254,52862.79867128712,47496.66853637694,0.0,0.0,0.0
2022-03-10,52289.01714869013,52232.84854541822,47282.189768854034,0.0,0.0,0.0
2022-03-11,52278.938005171876,52222.780228866024,46680.99540681952,0.0,0.0,0.0
2022-03-14,51408.163894410114,51352.941499341745,46339.83767308882,0.0,0.0,0.0
2022-03-15,51203.248565727816,51148.24628969071,47358.874028820384,0.0,0.0,0.0
2022-03-16,52160.21098736561,52104.18074703432,48409.01876243169,0.0,0.0,0.0
2022-03-17,52675.54551808357,52618.96170795145,49014.66078271016,0.0,0.0,0.0
2022-03-18,52996.511667895655,52939.58307751492,49551.497457869365,0.0,0.0,0.0
2022-03-21,52538.135440984515,52481.699236076725,49537.01553661797,0.0,0.0,0.0
2022-03-22,52473.543619375196,52417.1767986823,50116.660021309995,0.0,0.0,0.0
2022-03-23,53021.10632474433,52964.15131490501,49471.244979376665,0.0,0.0,0.0
2022-03-24,52923.417587928874,52866.56751484686,50216.991838600974,0.0,0.0,0.0
2022-03-25,52629.719339061,52573.184755183436,50462.236579195545,0.0,0.0,0.0
2022-03-28,52568.45429168134,52511.98551841427,50821.17413311868,0.0,0.0,0.0
2022-03-29,52991.434949037386,52934.51181204291,51449.8726118952,0.0,0.0,0.0
2022-03-30,53233.92217853022,53176.738562954684,51132.1858266934,0.0,0.0,0.0
2022-03-31,52860.343403826264,52803.56108472045,50345.1918030089,0.0,0.0,0.0
2022-04-01,53112.89878692615,53055.84517407854,50487.8808971905,0.0,0.0,0.0
2022-04-04,53313.79418073882,53256.524767054056,50920.38142093469,0.0,0.0,0.0
2022-04-05,52442.37085733798,52386.03752227169,50277.20102090676,0.0,0.0,0.0
2022-04-06,51953.011666974104,51897.203999126665,49774.45344758821,0.0,0.0,0.0
2022-04-07,51782.548991217205,51726.92443353188,50025.25956311829,0.0,0.0,0.0
2022-04-08,51686.522099507,51631.0006934332,49891.49101525258,0.0,0.0,0.0
2022-04-11,51131.137121686035,51076.212307405,49038.74805989361,0.0,0.0,0.0
2022-04-12,51147.99365823536,51093.05073674626,48857.03923463495,0.0,0.0,0.0
2022-04-13,51470.604954261835,51415.3154853162,49416.61879757323,0.0,0.0,0.0
2022-04-14,51019.68976703962,50964.88466895505,48801.30654466223,0.0,0.0,0.0
2022-04-18,50951.64155424149,50896.909553210106,48821.37146641598,0.0,0.0,0.0
2022-04-19,50658.32020641785,50603.903289725684,49609.471998269764,0.0,0.0,0.0
2022-04-20,51153.951336118516,51099.00201492133,49572.68690909809,0.0,0.0,0.0
2022-04-21,50790.04377185833,50735.4853583645,48831.39852090115,0.0,0.0,0.0
2022-04-22,50096.46591210764,50042.65253651598,47491.503630166575,0.0,0.0,0.0
2022-04-25,50047.54792690905,49993.78709877483,47766.840347000056,0.0,0.0,0.0
2022-04-26,49704.947133542955,49651.554325484314,46383.481671205605,0.0,0.0,0.0
2022-04-27,49615.36609931673,49562.06951876142,46513.90186047436,0.0,0.0,0.0
2022-04-28,50108.545286494795,50054.71893529898,47688.81169762934,0.0,0.0,0.0
2022-04-29,49438.910592823486,49385.8035598994,45926.44333763574,0.0,0.0,0.0
2022-05-02,48906.93806796099,48854.40247728865,46202.8865626385,0.0,0.0,0.0
2022-05-03,49212.60741410096,49159.74347493075,46414.694572658336,0.0,0.0,0.0
2022-05-04,49957.66530200889,49904.00102534521,47828.15603747512,0.0,0.0,0.0
2022-05-05,48669.51163927868,48617.23109090022,46128.19545908132,0.0,0.0,0.0
2022-05-06,48221.10219200437,48169.30332283354,45852.873159292394,0.0,0.0,0.0
2022-05-09,47365.405307019726,47314.52562320511,44384.781908411045,0.0,0.0,0.0
2022-05-10,47454.48655751557,47403.51118306281,44487.341159085154,0.0,0.0,0.0
2022-05-11,47954.55236413018,47903.03982146442,43780.60682241563,0.0,0.0,0.0
2022-05-12,47708.61203962616,47657.363684839016,43734.90118692808,0.0,0.0,0.0
2022-05-13,48059.17993919831,48007.55500610955,44780.500947244705,0.0,0.0,0.0
2022-05-16,48075.33040009729,48023.688118263424,44598.80293476946,0.0,0.0,0.0
2022-05-17,48136.109704546114,48084.4021338844,45516.21714772272,0.0,0.0,0.0
2022-05-18,47928.46155004586,47876.97703400338,43681.3887218162,0.0,0.0,0.0
2022-05-19,48090.82630979224,48039.16738232892,43413.862438868186,0.0,0.0,0.0
2022-05-20,48312.92470900851,48261.02720454464,43432.81364393037,0.0,0.0,0.0
2022-05-23,48371.74325399392,48319.782566940325,44245.44838134867,0.0,0.0,0.0
2022-05-24,48605.361200517495,48553.14956222268,43907.68225734858,0.0,0.0,0.0
2022-05-25,48751.02163496457,48698.65352895242,44295.601675080194,0.0,0.0,0.0
2022-05-26,49079.068640682985,49026.34814820187,45180.69287415029,0.0,0.0,0.0
2022-05-27,49498.328076438636,49445.15721754791,46289.839362586245,0.0,0.0,0.0
2022-05-31,48997.19958565517,48944.567036507535,46030.105492218,0.0,0.0,0.0
2022-06-01,48898.52862059918,48846.00206331355,45657.78892095162,0.0,0.0,0.0
2022-06-02,49528.15205659854,49474.94916093603,46527.26646077308,0.0,0.0,0.0
2022-06-03,49402.98049343139,49349.912056442154,45763.69292596155,0.0,0.0,0.0
2022-06-06,49105.30318046169,49052.55450696786,45903.03005728506,0.0,0.0,0.0
2022-06-07,49407.09366162367,49354.02080628952,46343.341014914724,0.0,0.0,0.0
2022-06-08,49154.64709030207,49101.84541182466,45839.49414194916,0.0,0.0,0.0
2022-06-09,48745.58123899082,48693.21897702508,44749.29525431426,0.0,0.0,0.0
2022-06-10,48190.12145696825,48138.35586714957,43451.76124473143,0.0,0.0,0.0
2022-06-13,46713.09526423679,46662.9162886397,41801.97558563597,0.0,0.0,0.0
2022-06-14,46298.25436299486,46248.52100743949,41676.017471655716,0.0,0.0,0.0
2022-06-15,47113.02353418904,47062.414957624926,42270.16550316597,0.0,0.0,0.0
2022-06-16,46700.67361821261,46650.50798588618,40871.189563861735,0.0,0.0,0.0
2022-06-17,46582.73384475136,46532.694902745505,40959.295727373545,0.0,0.0,0.0
2022-06-21,46532.891858106756,46482.906456116114,41990.388336610806,0.0,0.0,0.0
2022-06-22,46746.43557104551,46696.220781455966,41914.26634138194,0.0,0.0,0.0
2022-06-23,46781.89177344962,46731.63889698304,42325.13048551635,0.0,0.0,0.0
2022-06-24,47124.08451085763,47073.46405264716,43670.8030068547,0.0,0.0,0.0
2022-06-27,46820.055466550926,46769.76159483421,43503.997801400554,0.0,0.0,0.0
2022-06-28,46651.796040106434,46601.68291183234,42615.0896897856,0.0,0.0,0.0
2022-06-29,46616.10057354861,46566.02578916791,42580.38065502926,0.0,0.0,0.0
2022-06-30,46341.002894729434,46291.223618912976,42234.44367102992,0.0,0.0,0.0
2022-07-01,46738.109113629966,46687.90326827974,42681.14137939564,0.0,0.0,0.0
2022-07-05,46226.261100075375,46176.60507932651,42761.750679740966,0.0,0.0,0.0
2022-07-06,45722.53459346609,45673.41967323603,42906.159006485264,0.0,0.0,0.0
2022-07-07,46079.33474957605,46029.836556385264,43548.78795455912,0.0,0.0,0.0
2022-07-08,45996.64383263814,45947.23446562082,43512.95439032781,0.0,0.0,0.0
2022-07-11,45871.22708874194,45821.95244376982,43015.88352830118,0.0,0.0,0.0
2022-07-12,45657.38840245316,45608.343461938864,42635.23390528437,0.0,0.0,0.0
2022-07-13,45955.49988530344,45906.13471491059,42411.32639062516,0.0,0.0,0.0
2022-07-14,45534.72108409227,45485.80791220388,42308.338232875656,0.0,0.0,0.0
2022-07-15,45992.16818937979,45942.76363007629,43116.63343988414,0.0,0.0,0.0
2022-07-18,45904.169933643716,45854.85990163075,42760.62975452713,0.0,0.0,0.0
2022-07-19,46266.003262742335,46216.30455115914,43915.982870748776,0.0,0.0,0.0
2022-07-20,46219.01384890232,46169.36561311476,44195.868165138076,0.0,0.0,0.0
2022-07-21,46657.13082523708,46607.01196636322,44645.92864914529,0.0,0.0,0.0
2022-07-22,46873.7925984131,46823.44100253546,44231.690916585976,0.0,0.0,0.0
2022-07-25,46813.99672321693,46763.7093597723,44285.43405441067,0.0,0.0,0.0
2022-07-26,46663.14811369517,46613.02279107985,43761.48621707998,0.0,0.0,0.0
2022-07-27,47227.73288351902,47177.001086739925,44897.823251538975,0.0,0.0,0.0
2022-07-28,47612.62294649592,47561.47770271726,45460.94219891451,0.0,0.0,0.0
2022-07-29,47849.39736749528,47797.99778180615,46123.71536248714,0.0,0.0,0.0
2022-08-01,48054.60325575328,48002.983238915214,45987.12467815058,0.0,0.0,0.0
2022-08-02,47376.62417403104,47325.73243896504,45683.728788359884,0.0,0.0,0.0
2022-08-03,47915.67208518638,47864.20130752372,46399.1169560211,0.0,0.0,0.0
2022-08-04,47972.66422323485,47921.13222489973,46367.767092645125,0.0,0.0,0.0
2022-08-05,47427.703468933614,47376.75686474198,46289.39964272746,0.0,0.0,0.0
2022-08-08,47856.124715450314,47804.71790327733,46235.66010916391,0.0,0.0,0.0
2022-08-09,47713.626481927706,47662.37274065149,46052.06265106907,0.0,0.0,0.0
2022-08-10,48018.379888724994,47966.79878284841,47019.33100407941,0.0,0.0,0.0
2022-08-11,47715.4636792776,47664.20796449308,47019.33100407941,0.0,0.0,0.0
2022-08-12,48159.0746392604,48107.34239977953,47815.32486782482,0.0,0.0,0.0
2022-08-15,47916.44274934376,47864.97114383747,48012.362615702245,0.0,0.0,0.0
2022-08-16,47945.54292389391,47894.04005912422,48106.404997307895,0.0,0.0,0.0
2022-08-17,47611.89068314842,47560.74622596341,47764.94090138048,0.0,0.0,0.0
2022-08-18,47751.472377591424,47700.1779824415,47903.769831883576,0.0,0.0,0.0
2022-08-19,47234.449607288625,47183.71059543811,47260.04518842385,0.0,0.0,0.0
2022-08-22,46893.9819189814,46843.60863583558,46275.96295720599,0.0,0.0,0.0
2022-08-23,46974.122792422175,46923.66342234699,46164.01821052923,0.0,0.0,0.0
2022-08-24,46941.42967972656,46891.00542843114,46311.796521437296,0.0,0.0,0.0
2022-08-25,47395.35704431697,47344.445186494464,46965.605887560385,0.0,0.0,0.0
2022-08-26,47059.2355838035,47008.68478598932,45375.86001049723,0.0,0.0,0.0
2022-08-29,46876.21031681293,46825.85612383416,45075.82689634803,0.0,0.0,0.0
2022-08-30,46612.48585965294,46562.41495818002,44580.990676226786,0.0,0.0,0.0
2022-08-31,46118.65860096477,46069.11816628757,44241.77203498818,0.0,0.0,0.0
2022-09-01,45515.75043777416,45466.85764406009,44380.597361230124,0.0,0.0,0.0
2022-09-02,45572.477912362556,45523.52418227621,43912.627303629524,0.0,0.0,0.0
2022-09-06,44966.756720997626,44918.453653615354,43746.9322106058,0.0,0.0,0.0
2022-09-07,45408.127776373774,45359.35059038961,44532.844955948975,0.0,0.0,0.0
2022-09-08,45204.41425339656,45155.85589546993,44823.932293954334,0.0,0.0,0.0
2022-09-09,45681.31856526844,45632.24791909175,45520.282754286054,0.0,0.0,0.0
2022-09-12,45806.55990023949,45757.354720441,46009.52155686039,0.0,0.0,0.0
2022-09-13,45092.86237663234,45044.42384717929,44008.91513992398,0.0,0.0,0.0
2022-09-14,45297.65991711861,45249.001395161795,44176.83406206969,0.0,0.0,0.0
2022-09-15,44849.604946572465,44801.42772304611,43675.283103448855,0.0,0.0,0.0
2022-09-16,44538.09533171006,44490.25273026932,43342.09439109368,0.0,0.0,0.0
2022-09-19,44641.653431074796,44593.69958803655,43678.20976349269,0.0,0.0,0.0
2022-09-20,44276.627834560175,44229.06610021002,43176.84622645102,0.0,0.0,0.0
2022-09-21,44243.20787439649,44195.682039602034,42423.674589282986,0.0,0.0,0.0
2022-09-22,43733.294680334286,43686.31659176766,42067.324894856756,0.0,0.0,0.0
2022-09-23,43090.293435306456,43044.00605549293,41362.493608067954,0.0,0.0,0.0
2022-09-26,42274.048738302095,42228.638164499826,40953.305445362595,0.0,0.0,0.0
2022-09-27,41789.87552060494,41744.985043275374,40848.76385106274,0.0,0.0,0.0
2022-09-28,42821.75597586973,42775.75705766526,41652.521293298814,0.0,0.0,0.0
2022-09-29,42243.68946895451,42198.31150692903,40782.445446128506,0.0,0.0,0.0
2022-09-30,41813.20992929323,41768.294386257396,40151.79345781532,0.0,0.0,0.0
2022-10-03,42677.37157925573,42631.52775805506,41211.86432659994,0.0,0.0,0.0
2022-10-04,43392.3543090422,43345.74245693398,42488.868464742256,0.0,0.0,0.0
2022-10-05,43148.086630392776,43101.73716941527,42389.94591355611,0.0,0.0,0.0
2022-10-06,42873.8112654443,42827.75642970555,41952.66253528216,0.0,0.0,0.0
2022-10-07,42429.19718484057,42383.619951345354,40782.445446128506,0.0,0.0,0.0
2022-10-10,41954.13256811769,41909.065646681105,40471.055305134316,0.0,0.0,0.0
2022-10-11,41803.98337064131,41759.07773872907,40214.74908710806,0.0,0.0,0.0
2022-10-12,41860.62177332516,41815.65530072126,40082.10146445617,0.0,0.0,0.0
2022-10-13,42052.17467468994,42007.002436908006,41139.90885724629,0.0,0.0,0.0
2022-10-14,41594.171249767496,41549.49099699647,40202.38647140563,0.0,0.0,0.0
2022-10-17,41982.517373783674,41937.41996152942,41235.46502852979,0.0,0.0,0.0
2022-10-18,42023.30271443766,41978.16149077246,41719.960623446874,0.0,0.0,0.0
2022-10-19,41516.34932018023,41471.752663340565,41424.31749936343,0.0,0.0,0.0
2022-10-20,41297.60923393773,41253.24754661544,41076.96404073698,0.0,0.0,0.0
2022-10-21,41438.23763421733,41393.7248845639,42075.2002054427,0.0,0.0,0.0
2022-10-24,41293.71281974697,41249.355317933514,42590.043679139475,0.0,0.0,0.0
2022-10-25,41954.93619130443,41909.868406619804,43270.14613026231,0.0,0.0,0.0
2022-10-26,42272.434523262295,42227.02568344182,42944.14431461576,0.0,0.0,0.0
2022-10-27,42362.086173286654,42316.5810301077,42714.82680398883,0.0,0.0,0.0
2022-10-28,42389.66306434884,42344.12829821006,43731.04462751068,0.0,0.0,0.0
2022-10-31,42102.06611766834,42056.840286745435,43415.149160094326,0.0,0.0,0.0
2022-11-01,42499.91972682202,42454.26652352244,43225.17936830799,0.0,0.0,0.0
2022-11-02,42195.379659162456,42150.05359129539,42140.3976851631,0.0,0.0,0.0
2022-11-03,41871.915738917305,41826.93713439149,41706.48068679178,0.0,0.0,0.0
2022-11-04,42532.58854657421,42486.90025059024,42306.773983541854,0.0,0.0,0.0
2022-11-07,42460.55610002647,42414.94518093985,42711.45681982505,0.0,0.0,0.0
2022-11-08,42734.01731410761,42688.11264433908,42941.90246418809,0.0,0.0,0.0
2022-11-09,42313.249032559856,42267.79634999561,42057.21494236542,0.0,0.0,0.0
2022-11-10,43975.56172365691,43928.3233930321,44368.41856284571,0.0,0.0,0.0
2022-11-11,44390.71633223796,44343.03204458856,44797.848256100566,0.0,0.0,0.0
2022-11-14,44033.56949612035,43986.26885383363,44416.75530896381,0.0,0.0,0.0
2022-11-15,44625.8007221815,44577.86390804463,44795.5883843672,0.0,0.0,0.0
2022-11-16,44689.77233745591,44641.76680532672,44453.8575731156,0.0,0.0,0.0
2022-11-17,44364.45071546107,44316.79464220715,44317.83636203881,0.0,0.0,0.0
2022-11-18,44202.09591833906,44154.61424580419,44519.06226135828,0.0,0.0,0.0
2022-11-21,44155.34623897769,44107.91478471687,44357.180476618276,0.0,0.0,0.0
2022-11-22,44615.81102367864,44567.88494042644,44954.09297642117,0.0,0.0,0.0
2022-11-23,45058.03058246482,45009.62946915255,45237.38069332448,0.0,0.0,0.0
2022-11-25,44991.013335829884,44942.68421211208,45227.26353231088,0.0,0.0,0.0
2022-11-28,44706.71411160216,44658.690380703076,44505.56790765863,0.0,0.0,0.0
2022-11-29,44700.25121758379,44652.23442909347,44429.132341710785,0.0,0.0,0.0
2022-11-30,45571.68957884813,45522.73669558573,45828.67415001364,0.0,0.0,0.0
2022-12-01,46252.974865740085,46203.290149196415,45794.95268280904,0.0,0.0,0.0
2022-12-02,46567.4064332084,46517.383955832105,45742.114214529916,0.0,0.0,0.0
2022-12-05,45820.71676440134,45771.49637736947,44919.25418826387,0.0,0.0,0.0
2022-12-06,45803.010525036225,45753.809157959,44271.7522791318,0.0,0.0,0.0
2022-12-07,46166.53326731863,46116.94140591189,44196.437638397794,0.0,0.0,0.0
2022-12-08,46317.204941035445,46267.451228862985,44542.666567549284,0.0,0.0,0.0
2022-12-09,45724.869011776354,45675.75158392569,44209.92838783632,0.0,0.0,0.0
2022-12-12,45803.39734398557,45754.19556138934,44847.3059274325,0.0,0.0,0.0
2022-12-13,46237.41049830871,46187.74250093145,45186.79488825644,0.0,0.0,0.0
2022-12-14,46199.72664700582,46150.09912943501,44897.895336761685,0.0,0.0,0.0
2022-12-15,45718.3356683238,45669.22525855832,43799.61209139485,0.0,0.0,0.0
2022-12-16,45339.38806633785,45290.68472020978,43282.508745964726,0.0,0.0,0.0
2022-12-19,45023.84157719715,44975.477189545025,42915.49043857081,0.0,0.0,0.0
2022-12-20,44907.69320318353,44859.45358153957,42974.214665287844,0.0,0.0,0.0
2022-12-21,45286.553660157275,45237.90706848665,43616.785945183496,0.0,0.0,0.0
2022-12-22,44912.65659081515,44864.411637524776,42994.53548958236,0.0,0.0,0.0
2022-12-23,44830.07486750258,44781.91862309043,43241.85628459226,0.0,0.0,0.0
2022-12-27,44641.826268251636,44593.87223955254,43071.33508590511,0.0,0.0,0.0
2022-12-28,44276.095627736766,44228.53446508052,42536.04824303513,0.0,0.0,0.0
2022-12-29,44782.40617258292,44734.301133646775,43301.708645045415,0.0,0.0,0.0
2022-12-30,44544.32254086736,44496.47325018936,43187.65180134195,0.0,0.0,0.0
2023-01-03,44789.081257096215,44738.13257901304,43005.83124398801,0.06339757194975063,0.12679514389950125,2.836468804310566
2023-01-04,45277.0859321675,45225.58213680138,43337.84857147343,0.0,0.0,0.0
2023-01-05,45193.65396290902,45142.24507345354,42843.21058571477,0.0,0.0,0.0
2023-01-06,46127.53508358749,46075.06388146004,43825.70333777089,0.0,0.0,0.0
2023-01-09,46378.7976552135,46326.04063575029,43800.85556148738,0.0,0.0,0.0
2023-01-10,46172.43287043512,46119.91059597432,44108.021508428144,0.0,0.0,0.0
2023-01-11,46693.52561916259,46640.41058892378,44665.89265158714,0.0,0.0,0.0
2023-01-12,47327.685026604406,47273.84862449111,44828.50970559925,0.0,0.0,0.0
2023-01-13,47195.9054305171,47142.218930925366,45002.42972253928,0.0,0.0,0.0
2023-01-17,47003.3545808807,46949.88711260146,44919.98585327484,0.0,0.0,0.0
2023-01-18,47238.30192682467,47184.56720017889,44210.79341050938,0.0,0.0,0.0
2023-01-19,47353.901024904175,47300.034801450034,43888.94730795464,0.0,0.0,0.0
2023-01-20,47271.8889220428,47218.115989366466,44706.555925743014,0.0,0.0,0.0
2023-01-23,47358.5885358793,47304.7169802665,45242.97090234911,0.0,0.0,0.0
2023-01-24,47694.15583452523,47639.90256288267,45194.39987925706,0.0,0.0,0.0
2023-01-25,47844.222313604645,47789.79833766276,45211.347115126664,0.0,0.0,0.0
2023-01-26,47915.039889310014,47860.535356639426,45708.24136835754,0.0,0.0,0.0
2023-01-27,47760.65157362267,47706.32266144653,45813.255120866444,0.0,0.0,0.0
2023-01-30,47305.82437996375,47252.01284487199,45238.45476314353,0.0,0.0,0.0
2023-01-31,47459.55642644124,47405.570017377366,45903.61394758934,0.0,0.0,0.0
2023-02-01,48037.295863613464,47982.652261774594,46391.46510962566,0.0,0.0,0.0
2023-02-02,47951.05938201405,47896.51387628738,47066.7811019576,0.0,0.0,0.0
2023-02-03,47189.46488636102,47135.78571304618,46566.50244751838,0.0,0.0,0.0
2023-02-06,46876.1502131725,46822.82744298036,46281.92080086663,0.0,0.0,0.0
2023-02-07,46980.63895528728,46927.19732658909,46887.21681207588,0.0,0.0,0.0
2023-02-08,47042.100456148866,46988.588913486514,46374.52868653947,0.0,0.0,0.0
2023-02-09,46731.14320266418,46677.985381501814,45972.494982192504,0.0,0.0,0.0
2023-02-10,46445.16217466396,46392.329663932716,46079.77581495703,0.0,0.0,0.0
2023-02-13,46752.91231923358,46699.72973516738,46620.70332650756,0.0,0.0,0.0
2023-02-14,46717.87058297174,46664.727859739694,46599.254368476926,0.0,0.0,0.0
2023-02-15,46414.88795687741,46362.08988381116,46750.57566808339,0.0,0.0,0.0
2023-02-16,46025.986600374876,45973.63091213687,46106.88346297391,0.0,0.0,0.0
2023-02-17,46111.81594959492,46059.36262836779,45991.69127701205,0.0,0.0,0.0
2023-02-21,45472.874373851926,45421.14786433298,45069.06530245363,0.0,0.0,0.0
2023-02-22,45488.518508622954,45436.774203517125,45006.949466005986,0.0,0.0,0.0
2023-02-23,45813.17823599473,45761.06462248892,45246.351699296305,0.0,0.0,0.0
2023-02-24,45196.32498071564,45144.91305291192,44763.01667646556,0.0,0.0,0.0
2023-02-27,45377.958925349674,45326.34038448056,44915.466109808134,0.0,0.0,0.0
2023-02-28,45398.61741558386,45346.97537517559,44749.468258848836,0.0,0.0,0.0
2023-03-01,45462.55689006912,45410.84211694094,44577.81532216444,0.0,0.0,0.0
2023-03-02,45409.17448843916,45357.52043910168,44924.50559674156,0.0,0.0,0.0
2023-03-03,46240.77587167087,46188.17585537049,45644.99018965153,0.0,0.0,0.0
2023-03-06,45981.17591657653,45928.87120159004,45676.61397687397,0.0,0.0,0.0
2023-03-07,45568.54613434571,45516.71079585349,44976.45381251966,0.0,0.0,0.0
2023-03-08,45566.79751839746,45514.964168998755,45049.86540337295,0.0,0.0,0.0
2023-03-09,45283.64980124638,45232.13853931824,44218.70115944556,0.0,0.0,0.0
2023-03-10,45955.56426702301,45903.28868591583,43580.646018755484,0.0,0.0,0.0
2023-03-13,45990.59219766483,45938.27677142772,43518.5265780467,0.0,0.0,0.0
2023-03-14,45768.56871649604,45716.50584741241,44237.89385000397,0.0,0.0,0.0
2023-03-15,45795.20376330153,45743.11059619911,43961.2199522884,0.0,0.0,0.0
2023-03-16,45811.87985877854,45759.76772220864,44732.521022979214,0.0,0.0,0.0
2023-03-17,45917.03848622803,45864.8067291411,44209.481459455244,0.0,0.0,0.0
2023-03-20,46006.8465592971,45954.51264332511,44634.586039344824,0.0,0.0,0.0
2023-03-21,46127.43799095753,46074.96689927533,45220.656921645415,0.0,0.0,0.0
2023-03-22,46429.12569471841,46376.3114258763,44449.806383596806,0.0,0.0,0.0
2023-03-23,46502.608802448995,46449.71094477016,44569.968845667594,0.0,0.0,0.0
2023-03-24,46508.26102298457,46455.3567357663,44862.436615688704,0.0,0.0,0.0
2023-03-27,46121.73422656154,46069.26962305118,44946.32218940824,0.0,0.0,0.0
2023-03-28,46331.729053329684,46279.025575555155,44845.43531590203,0.0,0.0,0.0
2023-03-29,46505.111561287136,46452.210856658756,45497.26594266051,0.0,0.0,0.0
2023-03-30,46798.5958598914,46745.36130967761,45763.64607056673,0.0,0.0,0.0
2023-03-31,47206.785927657926,47153.08705123392,46408.67185229718,0.0,0.0,0.0
2023-04-03,47421.00257472802,47367.06002161574,46585.522133542174,0.0,0.0,0.0
2023-04-04,47564.89684225822,47510.79060588858,46327.06417161669,0.0,0.0,0.0
2023-04-05,47663.04113068251,47608.82325277846,46205.75915876524,0.0,0.0,0.0
2023-04-06,47797.5345593502,47743.16369187347,46386.00465400198,0.0,0.0,0.0
2023-04-10,47466.82146974883,47412.826796520065,46433.60973510912,0.0,0.0,0.0
2023-04-11,47634.28749581306,47580.10232587366,46446.08408290681,0.0,0.0,0.0
2023-04-12,47646.574740637785,47592.37559365612,46256.770266647545,0.0,0.0,0.0
2023-04-13,47824.600533116005,47770.198877430514,46871.18866279639,0.0,0.0,0.0
2023-04-14,47452.19443741772,47398.216402796854,46756.69570349526,0.0,0.0,0.0
2023-04-17,47189.42228417098,47135.743159317164,46924.463246673185,0.0,0.0,0.0
2023-04-18,47294.65949998579,47240.86066521876,46955.067027993646,0.0,0.0,0.0
2023-04-19,47110.90436697614,47057.31455817826,46947.14125775177,0.0,0.0,0.0
2023-04-20,47211.65645549076,47157.95203872193,46690.95037608191,0.0,0.0,0.0
2023-04-21,47107.54033361544,47053.954351488,46727.227264433175,0.0,0.0,0.0
2023-04-24,47345.581280848106,47291.72452130681,46775.9676877987,0.0,0.0,0.0
2023-04-25,47301.83362874063,47248.02663322623,46033.4502465538,0.0,0.0,0.0
2023-04-26,47044.76266323251,46991.24809224433,45838.466927524874,0.0,0.0,0.0
2023-04-27,47163.793707853925,47110.14373613403,46751.02980498675,0.0,0.0,0.0
2023-04-28,47458.89605062817,47404.91039275796,47150.050347022574,0.0,0.0,0.0
2023-05-01,46784.442284139324,46731.22383396498,47102.4416616543,0.0,0.0,0.0
2023-05-02,47064.09448329949,47010.55792189199,46573.05139000565,0.0,0.0,0.0
2023-05-03,47177.81385818498,47124.14793820034,46253.375052655814,0.0,0.0,0.0
2023-05-04,47036.016273738736,46982.51165198303,45925.7621322807,0.0,0.0,0.0
2023-05-05,47277.294660942774,47223.51557910589,46775.967687798715,0.0,0.0,0.0
2023-05-08,47022.15897611509,46968.670117375186,46788.434827074125,0.0,0.0,0.0
2023-05-09,46874.990373213106,46821.66892236734,46583.255053286564,0.0,0.0,0.0
2023-05-10,47072.72769723932,47019.181315339294,46800.905570610674,0.0,0.0,0.0
2023-05-11,47161.8346773981,47108.18693412338,46719.287077146786,0.0,0.0,0.0
2023-05-12,46913.81932488381,46860.45370515349,46658.06870172243,0.0,0.0,0.0
2023-05-15,46952.69077878833,46899.28094182614,46819.04221265573,0.0,0.0,0.0
2023-05-16,46649.1079807796,46596.0434766935,46506.16351181166,0.0,0.0,0.0
2023-05-17,46763.902761947014,46710.707675982754,47070.702538075464,0.0,0.0,0.0
2023-05-18,46560.16370685385,46507.200379060094,47524.14021476873,0.0,0.0,0.0
2023-05-19,46492.19704936844,46439.31103531401,47454.996069102526,0.0,0.0,0.0
2023-05-22,46441.780341203346,46388.95167739058,47474.27526192825,0.0,0.0,0.0
2023-05-23,46327.869211794525,46275.170124684366,46941.47175498216,0.0,0.0,0.0
2023-05-24,46024.96562218913,45972.611095338834,46601.388091070505,0.0,0.0,0.0
2023-05-25,45936.8908904955,45884.636550811956,47004.953606401,0.0,0.0,0.0
2023-05-26,46365.84872854589,46313.10643880424,47613.69889551906,0.0,0.0,0.0
2023-05-30,46372.33332260444,46319.583656478055,47631.83193330297,0.0,0.0,0.0
2023-05-31,46298.43122894076,46245.765628257876,47367.711677130115,0.0,0.0,0.0
2023-06-01,46708.36215288277,46655.23024572307,47817.74693130936,0.0,0.0,0.0
2023-06-02,46727.12548434327,46673.972233434,48509.2460561497,0.0,0.0,0.0
2023-06-05,46675.79576591486,46622.700903818804,48416.2885571465,0.0,0.0,0.0
2023-06-06,46944.78739196461,46891.38654529871,48521.72040394738,0.0,0.0,0.0
2023-06-07,46508.166107008336,46455.2619277593,48353.94204798604,0.0,0.0,0.0
2023-06-08,46962.53322846482,46909.1121954748,48646.41342226828,0.0,0.0,0.0
2023-06-09,46954.3640298267,46900.95228950042,48733.70141850182,0.0,0.0,0.0
2023-06-12,47054.434201957476,47000.908629356854,49175.807298178064,0.0,0.0,0.0
2023-06-13,47024.51535395018,46971.02381477272,49500.01779603915,0.0,0.0,0.0
2023-06-14,47300.87700164583,47247.07109431819,49558.96909120786,0.0,0.0,0.0
2023-06-15,47793.53810198372,47739.171780575234,50173.383883095565,0.0,0.0,0.0
2023-06-16,47709.06546905404,47654.79523733663,50002.48423698895,0.0,0.0,0.0
2023-06-20,47582.57993426237,47528.453582942006,49743.05312455629,0.0,0.0,0.0
2023-06-21,47626.949953591444,47572.77313028621,49488.18861098512,0.0,0.0,0.0
2023-06-22,47225.47859133739,47171.75845155013,49666.82660575444,0.0,0.0,0.0
2023-06-23,47160.614278112815,47106.967923072196,49291.34909747027,0.0,0.0,0.0
2023-06-26,47159.59683959868,47105.951641919324,49089.95019361619,0.0,0.0,0.0
2023-06-27,47244.53176584353,47190.78995260311,49628.13846670205,0.0,0.0,0.0
2023-06-28,47261.65736428519,47207.89607025663,49653.17006030358,0.0,0.0,0.0
2023-06-29,46902.919630891076,46849.56640982991,49848.87783582118,0.0,0.0,0.0
2023-06-30,47425.009609915076,47371.062498702006,50437.132900371245,0.0,0.0,0.0
2023-07-03,47432.51055335998,47378.55490963982,50495.15429616642,0.0,0.0,0.0
2023-07-05,47064.51609064138,47010.97904964518,50420.05951536182,0.0,0.0,0.0
2023-07-06,46456.11510034219,46403.270130389414,50025.23793755145,0.0,0.0,0.0
2023-07-07,46493.042733597584,46440.15575755658,49898.94102302425,0.0,0.0,0.0
2023-07-10,46535.38168103906,46482.44654340727,50025.23793755144,0.0,0.0,0.0
2023-07-11,46828.13954738531,46774.87139050262,50343.825788037684,0.0,0.0,0.0
2023-07-12,47566.84509379045,47512.7366412369,50748.88346747921,0.0,0.0,0.0
2023-07-13,48040.09788829666,47985.45109908599,51151.681275187366,0.0,0.0,0.0
2023-07-14,47785.715719427266,47731.358296170714,51119.816002468695,0.0,0.0,0.0
2023-07-17,47824.58177806103,47770.18014370985,51297.30784219621,0.0,0.0,0.0
2023-07-18,48006.20567052086,47951.59743453888,51678.48368733913,0.0,0.0,0.0
2023-07-19,48265.65596876965,48210.752601712156,51793.40915797679,0.0,0.0,0.0
2023-07-20,47953.715437723025,47899.16691066784,51449.77890110561,0.0,0.0,0.0
2023-07-21,47986.634789998156,47932.04881637264,51449.77890110561,0.0,0.0,0.0
2023-07-24,48080.88266392621,48026.1894810333,51679.62263385865,0.0,0.0,0.0
2023-07-25,48105.09717834301,48050.376450846255,51820.71143609509,0.0,0.0,0.0
2023-07-26,48149.23219564258,48094.461263481535,51828.673248948326,0.0,0.0,0.0
2023-07-27,47536.38832899951,47482.314521762666,51485.05380486056,0.0,0.0,0.0
2023-07-28,47968.5032004642,47913.93785196633,51989.10612071097,0.0,0.0,0.0
2023-07-31,48039.59112287478,47984.94491012221,52088.093548597586,0.0,0.0,0.0
2023-08-01,47424.19712878705,47370.25094179118,51939.042933507895,0.0,0.0,0.0
2023-08-02,46801.341279435335,46748.10360623951,51216.53274583853,0.0,0.0,0.0
2023-08-03,46339.51378309252,46286.80144999701,51069.752815265616,0.0,0.0,0.0
2023-08-04,46719.57531754879,46666.43065513937,50838.77374025418,0.0,0.0,0.0
2023-08-07,46648.3890922471,46595.325405914315,51282.51955874809,0.0,0.0,0.0
2023-08-08,46631.96888419706,46578.92387625353,51059.51310937332,0.0,0.0,0.0
2023-08-09,46687.54144815949,46634.43322506192,50718.16434980231,0.0,0.0,0.0
2023-08-10,46384.79150180511,46332.02766419444,50736.36586854785,0.0,0.0,0.0
2023-08-11,46217.85529615518,46165.28135257143,50706.78209312936,0.0,0.0,0.0
2023-08-14,46111.803541760615,46059.35023464769,50986.6818045632,0.0,0.0,0.0
2023-08-15,45702.04142547726,45650.05423281829,50392.753632982356,0.0,0.0,0.0
2023-08-16,45385.12926763842,45333.50257032915,50022.970857295804,0.0,0.0,0.0
2023-08-17,45202.52283711072,45151.10385909339,49641.795012152885,0.0,0.0,0.0
2023-08-18,45261.02567039291,45209.54014396833,49665.68765923491,0.0,0.0,0.0
2023-08-21,45125.79194936581,45074.460254614605,49988.82408727696,0.0,0.0,0.0
2023-08-22,45257.770896835136,45206.28907279528,49853.42280911586,0.0,0.0,0.0
2023-08-23,46055.68592479681,46003.2964528491,50408.68086295,0.0,0.0,0.0
2023-08-24,45705.529793327536,45653.538632564625,49710.06332236264,0.0,0.0,0.0
2023-08-25,45872.15235095871,45819.97165295118,50060.512841306416,0.0,0.0,0.0
2023-08-28,46059.154812784815,46006.76139489197,50377.96174527314,0.0,0.0,0.0
2023-08-29,46542.017509435296,46489.074823386036,51106.16306127898,0.0,0.0,0.0
2023-08-30,46518.62142990812,46465.70535747294,51316.6591202447,0.0,0.0,0.0
2023-08-31,46485.84053457115,46432.96175120815,51241.5643394401,0.0,0.0,0.0
2023-09-01,46252.94118942417,46200.327334776586,51337.13853202929,0.0,0.0,0.0
2023-09-05,45831.911360736325,45779.77643784182,51115.263820651766,0.0,0.0,0.0
2023-09-06,45758.33173681784,45706.28051254959,50771.64077230285,0.0,0.0,0.0
2023-09-07,45733.19676444435,45681.17413182345,50615.760082357156,0.0,0.0,0.0
2023-09-08,45859.69300952789,45807.52648432673,50691.99741394243,0.0,0.0,0.0
2023-09-11,45934.7155670166,45882.463701816865,51025.38075639905,0.0,0.0,0.0
2023-09-12,45940.91845156442,45888.659530431425,50745.46662792066,0.0,0.0,0.0
2023-09-13,45932.634389687766,45880.38489187826,50804.63778301876,0.0,0.0,0.0
2023-09-14,46009.24607229106,45956.909426814214,51242.699681698476,0.0,0.0,0.0
2023-09-15,45799.864465763305,45747.76599699757,50625.31497863327,0.0,0.0,0.0
2023-09-18,45906.63444994399,45854.41452770342,50655.00327762475,0.0,0.0,0.0
2023-09-19,45720.55781174316,45668.54955624084,50549.94627398219,0.0,0.0,0.0
2023-09-20,45625.59931181173,45573.699073931304,50085.22725992782,0.0,0.0,0.0
2023-09-21,44801.16179343588,44750.19937344643,49257.400561813985,0.0,0.0,0.0
2023-09-22,45035.68814129002,44984.45894182969,49146.64161705154,0.0,0.0,0.0
2023-09-25,44471.29599719155,44420.70880763309,49353.31355495012,0.0,0.0,0.0
2023-09-26,44069.60189389639,44019.47164122929,48628.25155039523,0.0,0.0,0.0
2023-09-27,43937.83581332359,43887.85544780382,48647.66410088305,0.0,0.0,0.0
2023-09-28,44138.07502768615,44087.86688515051,48929.693930649286,0.0,0.0,0.0
2023-09-29,44018.01388753359,43967.94231748858,48810.94794320563,0.0,0.0,0.0
2023-10-02,43502.39511425247,43452.91007320417,48791.53178845668,0.0,0.0,0.0
2023-10-03,42819.55973720871,42770.85143814378,48138.4108362109,0.0,0.0,0.0
2023-10-04,43033.14244851819,42984.191193882456,48488.950461683104,0.0,0.0,0.0
2023-10-05,42924.81688226889,42875.98885062072,48470.67325345368,0.0,0.0,0.0
2023-10-06,42955.401886165084,42906.5390633251,49046.1620250539,0.0,0.0,0.0
2023-10-09,43481.52679068521,43432.06548786662,49360.16885963408,0.0,0.0,0.0
2023-10-10,43700.72406722042,43651.013422125434,49617.07698927034,0.0,0.0,0.0
2023-10-11,44195.83098511826,44145.55714376496,49820.32487908809,0.0,0.0,0.0
2023-10-12,43509.880523737345,43460.386967852224,49516.59739727271,0.0,0.0,0.0
2023-10-13,43931.932701496524,43881.9590509112,49269.965016140115,0.0,0.0,0.0
2023-10-16,43802.08336189415,43752.2574181163,49788.34787427414,0.0,0.0,0.0
2023-10-17,43638.04895511971,43588.409604501416,49786.066376973955,0.0,0.0,0.0
2023-10-18,43245.293716949345,43196.10113504418,49122.66246770222,0.0,0.0,0.0
2023-10-19,42890.021594865415,42841.2331437098,48691.052196459044,0.0,0.0,0.0
2023-10-20,42765.568026758854,42716.92114458835,48092.7304305513,0.0,0.0,0.0
2023-10-23,42894.63762235774,42845.84392035767,48009.37828748016,0.0,0.0,0.0
2023-10-24,43227.218503125725,43178.046482219455,48371.33981649784,0.0,0.0,0.0
2023-10-25,42692.06310179343,42643.49983327729,47677.10145319283,0.0,0.0,0.0
2023-10-26,42810.178057287056,42761.48043011306,47106.19009323753,0.0,0.0,0.0
2023-10-27,42781.86723638327,42733.20181346218,46892.66645491612,0.0,0.0,0.0
2023-10-30,42858.22940427398,42809.477117514645,47453.31287915118,0.0,0.0,0.0
2023-10-31,42762.040849790596,42713.397979870366,47751.32400280211,0.0,0.0,0.0
2023-11-01,43340.73023974395,43291.42909645416,48260.58447599654,0.0,0.0,0.0
2023-11-02,44160.09580016255,44109.862608458316,49185.46311376604,0.0,0.0,0.0
2023-11-03,44553.540743889476,44502.85999891513,49634.20443819685,0.0,0.0,0.0
2023-11-06,44435.97865421145,44385.43163899655,49748.380222517866,0.0,0.0,0.0
2023-11-07,44555.84265151157,44505.15928806087,49889.97001705245,0.0,0.0,0.0
2023-11-08,44740.64160732676,44689.748030532865,49926.51001646676,0.0,0.0,0.0
2023-11-09,44183.85364439248,44133.593427557935,49537.14168575778,0.0,0.0,0.0
2023-11-10,44417.74718007415,44367.22090360808,50310.16198901129,0.0,0.0,0.0
2023-11-13,44416.33988904942,44365.8152134114,50262.2072945738,0.0,0.0,0.0
2023-11-14,45302.804708306954,45251.27165720239,51237.33654112552,0.0,0.0,0.0
2023-11-15,45095.13893949362,45043.8421132927,51345.80678006551,0.0,0.0,0.0
2023-11-16,45224.39827885356,45172.954416984896,51408.60382186819,0.0,0.0,0.0
2023-11-17,45451.145636136804,45399.443843589775,51472.550622973795,0.0,0.0,0.0
2023-11-20,45799.189784045855,45747.09208274712,51868.770654105596,0.0,0.0,0.0
2023-11-21,45704.88920536316,45652.89877328476,51755.723003520696,0.0,0.0,0.0
2023-11-22,45785.95227742521,45733.86963411482,51955.53963673531,0.0,0.0,0.0
2023-11-24,45615.39792222455,45563.509288674904,51987.5130372881,0.0,0.0,0.0
2023-11-27,45838.03430409064,45785.89241619796,51893.8959584967,0.0,0.0,0.0
2023-11-28,46017.73333756414,45965.38703761496,51945.26749249276,0.0,0.0,0.0
2023-11-29,46246.201481802265,46193.59529373736,51908.731097339594,0.0,0.0,0.0
2023-11-30,45976.62921031507,45924.32966731842,52113.117933676855,0.0,0.0,0.0
2023-12-01,46523.041441081165,46470.12034077492,52421.415618614876,0.0,0.0,0.0
2023-12-04,46137.882467628195,46085.3994950977,52146.23028074918,0.0,0.0,0.0
2023-12-05,46449.34030086846,46396.503037416245,52135.95813650665,0.0,0.0,0.0
2023-12-06,46623.02323677536,46569.988404725125,51925.858546266085,0.0,0.0,0.0
2023-12-07,46637.59968839986,46584.548275278525,52322.071368875615,0.0,0.0,0.0
2023-12-08,46503.755156017454,46450.85599433334,52547.01330648134,0.0,0.0,0.0
2023-12-11,46430.471794204124,46377.65599414086,52751.400142818595,0.0,0.0,0.0
2023-12-12,46464.488545770786,46411.63405081858,52992.326978570156,0.0,0.0,0.0
2023-12-13,47354.0689132059,47300.202498774706,53723.094528506066,0.0,0.0,0.0
2023-12-14,48184.61935371552,48129.80816779456,53895.50796429051,0.0,0.0,0.0
2023-12-15,48047.28553224935,47992.63056691749,53806.77465934074,0.0,0.0,0.0
2023-12-18,47958.16000297084,47903.606420113756,54109.442488381625,0.0,0.0,0.0
2023-12-19,48220.123696362556,48165.27212338132,54438.47188338386,0.0,0.0,0.0
2023-12-20,48050.80471646975,47996.14574797956,53684.107235779236,0.0,0.0,0.0
2023-12-21,48232.90369649841,48178.03758595368,54193.12982773857,0.0,0.0,0.0
2023-12-22,48117.2312854163,48062.496755075255,54302.04699505965,0.0,0.0,0.0
2023-12-26,48304.730205107655,48249.782390148306,54531.33206733634,0.0,0.0,0.0
2023-12-27,48742.66596612862,48687.21998850366,54629.93023502008,0.0,0.0,0.0
2023-12-28,48569.983515627384,48514.73396852375,54650.568234294726,0.0,0.0,0.0
2023-12-29,48358.17263182856,48303.1640247985,54492.35558739293,0.0,0.0,0.0
2024-01-02,48011.58199773592,47955.21710193251,54187.39905252958,0.03650239377855536,0.07300478755711072,1.7505441174415546
2024-01-03,47970.679959438516,47914.36308203048,53744.87507856136,0.0,0.0,0.0
2024-01-04,47596.06120077855,47540.18412031991,53571.75160333277,0.0,0.0,0.0
2024-01-05,47452.14777403835,47396.43964584007,53645.13075583582,0.0,0.0,0.0
2024-01-08,47758.03545803882,47701.96822216864,54410.95695385842,0.0,0.0,0.0
2024-01-09,47503.55091857971,47447.78244384076,54328.41576954326,0.0,0.0,0.0
2024-01-10,47433.23545978988,47377.54953437222,54635.6646144902,0.0,0.0,0.0
2024-01-11,47641.35237618846,47585.42212455159,54611.58815009016,0.0,0.0,0.0
2024-01-12,47767.00278296542,47710.92501958677,54649.42207925291,0.0,0.0,0.0
2024-01-16,47063.60825721563,47008.356268733434,54448.79448728231,0.0,0.0,0.0
2024-01-17,46798.23586205772,46743.295416890294,54146.126658241425,0.0,0.0,0.0
2024-01-18,46857.59519066753,46802.58505851556,54627.637924936476,0.0,0.0,0.0
2024-01-19,47103.91095478376,47048.61165152346,55308.64144134374,0.0,0.0,0.0
2024-01-22,47150.856301877786,47095.501885465885,55425.57808969625,0.0,0.0,0.0
2024-01-23,47045.36759937116,46990.13702515477,55587.225597462304,0.0,0.0,0.0
2024-01-24,47044.573412468235,46989.34377061566,55647.989835983295,0.0,0.0,0.0
2024-01-25,47261.78645668714,47206.301809894205,55950.65766502418,0.0,0.0,0.0
2024-01-26,47266.07583064251,47210.58614818723,55879.57442686586,0.0,0.0,0.0
2024-01-29,47580.21148093789,47524.35300781876,56322.10200509523,0.0,0.0,0.0
2024-01-30,47718.42247845735,47662.401747646436,56278.5481135069,0.0,0.0,0.0
2024-01-31,47710.16725339274,47654.15621409545,55360.229231008074,0.0,0.0,0.0
2024-02-01,48297.48035482895,48240.77981853136,56084.79745178709,0.0,0.0,0.0
2024-02-02,47751.84604603834,47695.7860764474,56675.21867728092,0.0,0.0,0.0
2024-02-05,47264.220451343404,47208.732947076314,56468.85310157905,0.0,0.0,0.0
2024-02-06,47643.57897904214,47587.64611340606,56632.80012795097,0.0,0.0,0.0
2024-02-07,47613.3098530635,47557.412522939085,57105.14215431162,0.0,0.0,0.0
2024-02-08,47481.039550418885,47425.297503697264,57130.361169492324,0.0,0.0,0.0
2024-02-09,47508.78071033224,47453.00609589418,57460.5403237975,0.0,0.0,0.0
2024-02-12,47555.99763462879,47500.16758821145,57435.31770435566,0.0,0.0,0.0
2024-02-13,46864.67742746493,46809.65898087043,56644.261678368945,0.0,0.0,0.0
2024-02-14,47166.60355657736,47111.23065311851,57159.02225405955,0.0,0.0,0.0
2024-02-15,47427.35684006312,47371.67781605913,57553.40050774997,0.0,0.0,0.0
2024-02-16,47384.627412710746,47328.998552430174,57266.78605781654,0.0,0.0,0.0
2024-02-20,47384.8772599869,47329.248106389285,56951.51412757701,0.0,0.0,0.0
2024-02-21,47324.70719075972,47269.14867594427,57003.10552150248,0.0,0.0,0.0
2024-02-22,47643.53384834106,47587.601035687745,58182.812630231776,0.0,0.0,0.0
2024-02-23,47878.15808878351,47821.949830699836,58222.93886947812,0.0,0.0,0.0
2024-02-26,47773.46116050185,47717.37581508235,58009.69275926432,0.0,0.0,0.0
2024-02-27,47701.031381022876,47645.03106710627,58117.46016728245,0.0,0.0,0.0
2024-02-28,47702.200072120264,47646.19838617738,58040.64975817628,0.0,0.0,0.0
2024-02-29,47901.02247045573,47844.78736992204,58249.30764396174,0.0,0.0,0.0
2024-03-01,48317.584400407606,48260.860262254246,58796.167769344975,0.0,0.0,0.0
2024-03-04,48308.66128016364,48251.947617623075,58733.107616479254,0.0,0.0,0.0
2024-03-05,48464.01056574513,48407.11452541298,58146.12485611081,0.0,0.0,0.0
2024-03-06,48794.14964447389,48736.86602568674,58440.76239133683,0.0,0.0,0.0
2024-03-07,48946.42503558226,48888.96264771073,59020.87542997676,0.0,0.0,0.0
2024-03-08,48916.23600740932,48858.809061015796,58666.61981127155,0.0,0.0,0.0
2024-03-11,48878.23976271994,48820.85742336254,58616.17096812674,0.0,0.0,0.0
2024-03-12,48855.75795005471,48798.40200401691,59246.7256413892,0.0,0.0,0.0
2024-03-13,48804.8512546596,48747.55507233846,59153.858248914454,0.0,0.0,0.0
2024-03-14,48341.45716489806,48284.70500046798,59036.925204823085,0.0,0.0,0.0
2024-03-15,48295.73430557543,48239.03581911417,58631.54314187917,0.0,0.0,0.0
2024-03-18,48267.22653502577,48210.56151627062,58979.99950441378,0.0,0.0,0.0
2024-03-19,48323.58147816419,48266.850299529164,59307.76019949555,0.0,0.0,0.0
2024-03-20,48584.436254497276,48527.398836166,59856.31793187465,0.0,0.0,0.0
2024-03-21,48666.64975591199,48609.51582013121,60054.126991635545,0.0,0.0,0.0
2024-03-22,48728.84187327093,48671.634924853,59940.26117377238,0.0,0.0,0.0
2024-03-25,48602.91056554476,48545.851458642224,59774.65979153824,0.0,0.0,0.0
2024-03-26,48639.7229835522,48582.620659408756,59664.257668628416,0.0,0.0,0.0
2024-03-27,48958.318982416386,48900.84263122504,60165.671665326015,0.0,0.0,0.0
2024-03-28,49075.901954559224,49018.287562676494,60154.17407229666,0.0,0.0,0.0
2024-04-01,48677.875841811736,48620.72872677011,60049.502724595826,0.0,0.0,0.0
2024-04-02,48634.7778319129,48577.68131330523,59667.71775932063,0.0,0.0,0.0
2024-04-03,48735.21295522042,48677.99852724537,59733.25403958797,0.0,0.0,0.0
2024-04-04,48732.21145194107,48675.000547687014,59004.14805403655,0.0,0.0,0.0
2024-04-05,48646.38620735127,48589.27606068043,59620.563210855704,0.0,0.0,0.0
2024-04-08,48750.294761825746,48693.062628030086,59653.913439163116,0.0,0.0,0.0
2024-04-09,48979.31641296217,48921.81541109414,59722.90981012269,0.0,0.0,0.0
2024-04-10,48261.81063989927,48205.15197932586,59124.89801067279,0.0,0.0,0.0
2024-04-11,48323.00526493488,48266.27476276575,59571.10914378491,0.0,0.0,0.0
2024-04-12,48045.25613645975,47988.85170770946,58748.84742486773,0.0,0.0,0.0
2024-04-15,47650.15613752278,47594.21555039874,58012.83207071529,0.0,0.0,0.0
2024-04-16,47324.46025461793,47268.90202970191,57907.02898501723,0.0,0.0,0.0
2024-04-17,47412.47830436718,47356.81674754672,57564.3214189973,0.0,0.0,0.0
2024-04-18,47339.97089201401,47284.394457836315,57445.870980966945,0.0,0.0,0.0
2024-04-19,47376.84995058376,47321.2302209301,56944.460588530485,0.0,0.0,0.0
2024-04-22,47455.96960431608,47400.25698934491,57468.869771286794,0.0,0.0,0.0
2024-04-23,47650.999991221724,47595.05841342577,58150.8320211567,0.0,0.0,0.0
2024-04-24,47496.122066215255,47440.36231284046,58123.23779788623,0.0,0.0,0.0
2024-04-25,47421.60776600098,47365.93549132596,57902.42994780548,0.0,0.0,0.0
2024-04-26,47743.358906631955,47687.30890081869,58450.991284445714,0.0,0.0,0.0
2024-04-29,48004.049779201545,47947.693726112644,58657.99121010784,0.0,0.0,0.0
2024-04-30,47397.54059863117,47341.896578459,57728.776646189646,0.0,0.0,0.0
2024-05-01,47507.040338197505,47451.2677669309,57541.319024416305,0.0,0.0,0.0
2024-05-02,47891.46354235664,47835.239663864886,58079.52892306899,0.0,0.0,0.0
2024-05-03,48339.9297870472,48283.17941573639,58799.44764698033,0.0,0.0,0.0
2024-05-06,48634.090915329514,48576.995203151855,59406.66112511485,0.0,0.0,0.0
2024-05-07,48714.57152750995,48657.38133226944,59472.208218165615,0.0,0.0,0.0
2024-05-08,48546.3189951784,48489.326325952636,59477.95701468029,0.0,0.0,0.0
2024-05-09,48849.741892510145,48792.39300923601,59820.66818496135,0.0,0.0,0.0
2024-05-10,48810.97258191825,48753.66921324831,59897.720079563755,0.0,0.0,0.0
2024-05-13,48874.46024196391,48817.08233970866,59905.76479042317,0.0,0.0,0.0
2024-05-14,49118.85277423412,49061.18795871661,60180.618536264185,0.0,0.0,0.0
2024-05-15,49713.00105068241,49654.638713769025,60925.839173362394,0.0,0.0,0.0
2024-05-16,49637.99176041233,49579.71748330982,60800.48297099214,0.0,0.0,0.0
2024-05-17,49692.06246832995,49633.724713006326,60887.87188653755,0.0,0.0,0.0
2024-05-20,49680.10497312287,49621.78125572393,60958.03243384461,0.0,0.0,0.0
2024-05-21,49725.85218139748,49667.474757444405,61107.544394359924,0.0,0.0,0.0
2024-05-22,49507.59494906737,49449.473755916246,60931.57715709367,0.0,0.0,0.0
2024-05-23,49096.45266548717,49038.81414737008,60486.530200329034,0.0,0.0,0.0
2024-05-24,49334.78851434664,49276.87019342513,60886.7401485403,0.0,0.0,0.0
2024-05-28,49127.38050981821,49069.70568286373,60929.27763848779,0.0,0.0,0.0
2024-05-29,48575.66088243072,48518.63376625801,60502.62683057013,0.0,0.0,0.0
2024-05-30,48731.366387348804,48674.15647518823,60101.26351879478,0.0,0.0,0.0
2024-05-31,48924.350681501746,48866.91420859938,60648.671491870955,0.0,0.0,0.0
2024-06-03,49301.13738663728,49243.25857164804,60698.12916320289,0.0,0.0,0.0
2024-06-04,49369.12131603316,49311.16268890409,60765.990191904064,0.0,0.0,0.0
2024-06-05,49761.59862532261,49703.17923556662,61488.19041311558,0.0,0.0,0.0
2024-06-06,49878.39072177807,49819.83421980721,61487.04425807378,0.0,0.0,0.0
2024-06-07,49104.51945981573,49046.87147139996,61412.29909059954,0.0,0.0,0.0
2024-06-10,49107.12099916199,49049.46995657702,61602.041813934185,0.0,0.0,0.0
2024-06-11,49210.129059760424,49152.35708721729,61750.393202363164,0.0,0.0,0.0
2024-06-12,49571.43149130281,49513.235354983764,62257.57041261998,0.0,0.0,0.0
2024-06-13,49733.12591649797,49674.73995328616,62382.912197945676,0.0,0.0,0.0
2024-06-14,49833.18790902798,49774.68447449887,62420.87227624824,0.0,0.0,0.0
2024-06-17,49771.50168892379,49713.07067311581,62917.66921442841,0.0,0.0,0.0
2024-06-18,50141.09842328059,50082.2335063064,63077.52540440902,0.0,0.0,0.0
2024-06-20,50035.42023465613,49976.67938233139,62906.17162139905,0.0,0.0,0.0
2024-06-21,49846.9151227047,49788.39557262728,62821.83191077616,0.0,0.0,0.0
2024-06-24,50004.75813858057,49946.05328310864,62617.62889175693,0.0,0.0,0.0
2024-06-25,50032.28553202474,49973.5483597951,62858.76837891562,0.0,0.0,0.0
2024-06-26,49678.43429540548,49620.11253935776,62937.211518317185,0.0,0.0,0.0
2024-06-27,49803.678201594,49745.20941103026,63036.4368274389,0.0,0.0,0.0
2024-06-28,49425.139415016136,49367.115023457285,62788.37715889576,0.0,0.0,0.0
2024-07-01,49179.80621487001,49122.069840903765,62917.58992068339,0.0,0.0,0.0
2024-07-02,49415.55324134267,49357.54010381166,63341.01131062165,0.0,0.0,0.0
2024-07-03,49975.27512008858,49916.60487724961,63623.69351165382,0.0,0.0,0.0
2024-07-05,50339.935397600406,50280.837048923415,63990.57125286337,0.0,0.0,0.0
2024-07-08,50254.567447892034,50195.569319940754,64064.40814653091,0.0,0.0,0.0
2024-07-09,50140.09507218014,50081.23133312547,64126.70419603543,0.0,0.0,0.0
2024-07-10,50491.03748409212,50431.76174377323,64761.255994899635,0.0,0.0,0.0
2024-07-11,50747.97010436439,50688.392728903156,64202.84060830884,0.0,0.0,0.0
2024-07-12,50957.387649284756,50897.56442068542,64607.800972699646,0.0,0.0,0.0
2024-07-15,50627.78518885812,50568.34890873176,64785.483838267464,0.0,0.0,0.0
2024-07-16,51095.15047997454,51035.16551982473,65169.67644998267,0.0,0.0,0.0
2024-07-17,50852.0741840839,50792.374591954045,64255.931374867614,0.0,0.0,0.0
2024-07-18,50435.55316705685,50376.34256451553,63762.11876490949,0.0,0.0,0.0
2024-07-19,50049.334303092815,49990.577115855005,63338.70458349351,0.0,0.0,0.0
2024-07-22,50166.08885266813,50107.19459729495,63991.71740790517,0.0,0.0,0.0
2024-07-23,49996.79641193994,49938.10090341876,63891.34594374166,0.0,0.0,0.0
2024-07-24,49380.16767722604,49322.19608183031,62443.40611688137,0.0,0.0,0.0
2024-07-25,49407.89748355107,49349.89333376784,62118.056672500745,0.0,0.0,0.0
2024-07-26,49792.69524310985,49734.2393463789,62813.75836582768,0.0,0.0,0.0
2024-07-29,49844.26988127154,49785.7534366689,62850.673208400316,0.0,0.0,0.0
2024-07-30,49873.09257394784,49814.54229192511,62532.23673688187,0.0,0.0,0.0
2024-07-31,50586.735307865136,50527.347219699295,63548.688837377675,0.0,0.0,0.0
2024-08-01,50316.879295832885,50257.808014682516,62648.77691650923,0.0,0.0,0.0
2024-08-02,50466.16871700233,50406.922172252656,61482.35151007248,0.0,0.0,0.0
2024-08-05,50052.91041441773,49994.14902887748,59691.76178537046,0.0,0.0,0.0
2024-08-06,49642.50832835043,49584.22874886312,60242.1000227516,0.0,0.0,0.0
2024-08-07,49493.36070937918,49435.256227017475,59839.44278122781,0.0,0.0,0.0
2024-08-08,49893.60144105424,49835.02708192117,61222.765414410875,0.0,0.0,0.0
2024-08-09,50255.276091442385,50196.27713155392,61492.73899067141,0.0,0.0,0.0
2024-08-12,50474.12580530539,50414.86991905031,61525.054796032295,0.0,0.0,0.0
2024-08-13,50878.87954704461,50819.148485810285,62536.85019113815,0.0,0.0,0.0
2024-08-14,50949.5184775689,50889.70448726219,62734.15465433978,0.0,0.0,0.0
2024-08-15,51108.60873604376,51048.60797609795,63809.428296603335,0.0,0.0,0.0
2024-08-16,51359.93825827508,51299.64244114216,63952.49583820439,0.0,0.0,0.0
2024-08-19,51666.82947856267,51606.1733756209,64563.96594874256,0.0,0.0,0.0
2024-08-20,51804.367494645456,51743.549924082276,64458.98823884504,0.0,0.0,0.0
2024-08-21,51929.21273956736,51868.24860251065,64680.50612836993,0.0,0.0,0.0
2024-08-22,51453.94618219353,51393.54000113141,64172.85315564294,0.0,0.0,0.0
2024-08-23,52060.02062382918,51998.90292022749,64854.70727767871,0.0,0.0,0.0
2024-08-26,51979.00285437634,51917.9802644523,64700.10610043691,0.0,0.0,0.0
2024-08-27,51983.22325497321,51922.195710360524,64788.95834600424,0.0,0.0,0.0
2024-08-28,51768.853736244455,51708.07785831478,64412.83207071528,0.0,0.0,0.0
2024-08-29,51762.92591719409,51702.15699843735,64418.59168001337,0.0,0.0,0.0
2024-08-30,51542.21180456218,51481.702000948986,65033.5435068106,0.0,0.0,0.0
2024-09-03,51374.42598214943,51314.11315664034,63695.20926114867,0.0,0.0,0.0
2024-09-04,51537.44985323349,51476.94564008158,63564.843135796975,0.0,0.0,0.0
2024-09-05,51717.12796067798,51656.41280805307,63410.234750032905,0.0,0.0,0.0
2024-09-06,51251.71684090824,51191.54807413815,62343.03465271786,0.0,0.0,0.0
2024-09-09,51587.766989242584,51527.203704508145,63041.050281695214,0.0,0.0,0.0
2024-09-10,51654.32368083803,51593.68225952007,63315.62289516749,0.0,0.0,0.0
2024-09-11,51853.56659097345,51792.691261389984,63965.17562888692,0.0,0.0,0.0
2024-09-12,52087.59819137537,52026.448112112295,64503.96220932164,0.0,0.0,0.0
2024-09-13,52313.03575125768,52251.621011593,64840.86691490981,0.0,0.0,0.0
2024-09-16,52680.90381334897,52619.05720195405,64936.62492481703,0.0,0.0,0.0
2024-09-17,52580.57467072184,52518.845844274525,64963.166703835275,0.0,0.0,0.0
2024-09-18,52185.44591791558,52124.18096685112,64770.49732045677,0.0,0.0,0.0
2024-09-19,52693.360746166116,52631.499510514055,65875.76562390853,0.0,0.0,0.0
2024-09-20,52561.691831228396,52499.98517295877,65761.89980604536,0.0,0.0,0.0
2024-09-23,52653.828070438045,52592.013245569724,65926.22527983676,0.0,0.0,0.0
2024-09-24,53068.82089658859,53006.51887620552,66114.84347369644,0.0,0.0,0.0
2024-09-25,52645.23615106912,52583.43141298861,65969.03669363071,0.0,0.0,0.0
2024-09-26,53146.13019228461,53083.73741191789,66230.57629882895,0.0,0.0,0.0
2024-09-27,53160.712541626744,53098.302641794966,66134.51553098616,0.0,0.0,0.0
2024-09-30,52965.553883367436,52903.37309694913,66399.551269488,0.0,0.0,0.0
2024-10-01,53167.02813972084,53104.610825469164,65804.70401131704,0.0,0.0,0.0
2024-10-02,53163.29904985232,53100.886113497676,65832.47844764439,0.0,0.0,0.0
2024-10-03,52786.414999777444,52724.44451979121,65712.11775121103,0.0,0.0,0.0
2024-10-04,52673.23077546468,52611.39317210414,66309.27173651014,0.0,0.0,0.0
2024-10-07,52519.71741922512,52458.06003830192,65709.8038155606,0.0,0.0,0.0
2024-10-08,52346.22155614458,52284.76785682982,66331.26493797258,0.0,0.0,0.0
2024-10-09,52199.09390662201,52137.81293301823,66790.70010519902,0.0,0.0,0.0
2024-10-10,52213.99827280802,52152.699801696086,66673.82112502471,0.0,0.0,0.0
2024-10-11,52327.4822653287,52266.050565667574,67073.07233977335,0.0,0.0,0.0
2024-10-14,52237.514618748835,52176.18853979035,67621.61925936904,0.0,0.0,0.0
2024-10-15,52168.78154568106,52107.53615834614,67096.22611332213,0.0,0.0,0.0
2024-10-16,52333.51856353532,52272.07977734829,67387.85409049815,0.0,0.0,0.0
2024-10-17,52042.95609173569,51981.85842164536,67393.63532536307,0.0,0.0,0.0
2024-10-18,52230.715681799695,52169.39758469384,67652.86820343317,0.0,0.0,0.0
2024-10-21,51684.57902451454,51623.90208386515,67541.7632496015,0.0,0.0,0.0
2024-10-22,51777.02326982394,51716.23780098119,67505.88643423653,0.0,0.0,0.0
2024-10-23,51435.577421781134,51375.192805375365,66889.06760016995,0.0,0.0,0.0
2024-10-24,51648.020476608704,51587.38645516043,67033.72822519389,0.0,0.0,0.0
2024-10-25,51503.24981306087,51442.78575025646,67010.57445164512,0.0,0.0,0.0
2024-10-28,51461.970280313,51401.55467907692,67217.725756275,0.0,0.0,0.0
2024-10-29,51489.50987579624,51429.06194347743,67326.50956593397,0.0,0.0,0.0
2024-10-30,51574.47603558676,51513.92835423773,67122.83276904086,0.0,0.0,0.0
2024-10-31,51279.70348989646,51219.50186720937,65807.02515548974,0.0,0.0,0.0
2024-11-01,50966.04626766602,50906.21287397521,66084.76951876323,0.0,0.0,0.0
2024-11-04,51339.193351559465,51278.921888643934,65942.41562086744,0.0,0.0,0.0
2024-11-05,51757.492506420764,51696.7299664089,66739.77910384518,0.0,0.0,0.0
2024-11-06,51075.42052702587,51015.458729552556,68399.31068505706,0.0,0.0,0.0
2024-11-07,51735.779169721514,51675.04212084969,68928.17113031847,0.0,0.0,0.0
2024-11-08,51704.530549057556,51643.83018560984,69226.76254001258,0.0,0.0,0.0
2024-11-11,51368.61661912426,51308.310613722504,69292.72051883306,0.0,0.0,0.0
2024-11-12,50687.608282894726,50628.10177132999,69077.46683516553,0.0,0.0,0.0
2024-11-13,50322.587547626135,50263.50956507155,69111.02971488007,0.0,0.0,0.0
2024-11-14,50353.66581558653,50294.55134759942,68666.63152512023,0.0,0.0,0.0
2024-11-15,50153.76139195869,50094.88160884427,67787.10530524679,0.0,0.0,0.0
2024-11-18,50508.082205537336,50448.7864549645,68064.84966852026,0.0,0.0,0.0
2024-11-19,50673.9473069069,50614.45683312839,68313.6734404246,0.0,0.0,0.0
2024-11-20,50608.681987527234,50549.268134280115,68336.81279692882,0.0,0.0,0.0
2024-11-21,50644.88521366456,50585.4288583589,68703.67612109381,0.0,0.0,0.0
2024-11-22,50774.234758276754,50714.62654849556,68916.60866058862,0.0,0.0,0.0
2024-11-25,51176.08003382812,51116.00006356448,69150.3810379818,0.0,0.0,0.0
2024-11-26,51052.18673988059,50992.25221853395,69511.43429319277,0.0,0.0,0.0
2024-11-27,51208.72101364568,51148.60272334863,69300.82289787065,0.0,0.0,0.0
2024-11-29,51606.40411534739,51545.81895089921,69731.33026520567,0.0,0.0,0.0
2024-12-02,51628.807042158165,51568.195577001214,69856.30441589533,0.0,0.0,0.0
2024-12-03,51593.24894804237,51532.6792275684,69888.71393204581,0.0,0.0,0.0
2024-12-04,51892.00355418659,51831.08310016988,70322.68139007308,0.0,0.0,0.0
2024-12-05,51929.97980907817,51869.014771493064,70206.96298198511,0.0,0.0,0.0
2024-12-06,51909.134190342884,51848.19362520961,70340.05392875693,0.0,0.0,0.0
2024-12-09,51914.04734122202,51853.101008121404,69977.81847589278,0.0,0.0,0.0
2024-12-10,51708.82518060472,51648.11977532232,69760.26527361938,0.0,0.0,0.0
2024-12-11,51737.54941095437,51676.81028384521,70299.54203356884,0.0,0.0,0.0
2024-12-12,51264.799616848424,51204.61549109053,69937.31378922697,0.0,0.0,0.0
2024-12-13,50990.95990335661,50931.09726142149,69923.43738384671,0.0,0.0,0.0
2024-12-16,50974.17515516384,50914.33221827788,70221.99995945173,0.0,0.0,0.0
2024-12-17,50930.13568714416,50870.34445195023,69932.68591792612,0.0,0.0,0.0
2024-12-18,49986.16193677577,49927.47891297304,67848.44982981097,0.0,0.0,0.0
2024-12-19,49692.175748571906,49633.83786025892,67827.6099919126,0.0,0.0,0.0
2024-12-20,49946.215956587825,49887.579828782225,68642.29555391827,0.0,0.0,0.0
2024-12-23,49881.49009717024,49822.929956577944,69053.33991110956,0.0,0.0,0.0
2024-12-24,50144.18476942556,50085.31622912607,69820.8601118669,0.0,0.0,0.0
2024-12-26,50161.66913625323,50102.780069562534,69825.51681725685,0.0,0.0,0.0
2024-12-27,49861.46689782049,49802.93026417168,69090.49984343955,0.0,0.0,0.0
2024-12-30,49829.17284084923,49770.67411995147,68302.06051103883,0.0,0.0,0.0
2024-12-31,49750.856924158536,49692.450145002775,68053.57553968143,0.0,0.0,0.0
2025-01-02,49799.1833268921,49738.37526375298,67886.35944845759,0.047135415438185856,0.09427083087637171,2.3445494925917325
2025-01-03,49806.4182261301,49745.601328705365,68735.18457195986,0.0,0.0,0.0
2025-01-06,49856.967096061395,49796.088475157085,69131.13428350633,0.0,0.0,0.0
2025-01-07,49533.107875079426,49472.62470748665,68349.67280066825,0.0,0.0,0.0
2025-01-08,49561.64004321655,49501.1220359785,68449.5324597502,0.0,0.0,0.0
2025-01-10,49225.109588558036,49165.00250703739,67404.47694286538,0.0,0.0,0.0
2025-01-13,49141.349591757484,49081.34478667661,67508.99330733727,0.0,0.0,0.0
2025-01-14,49228.90476385493,49168.79304817678,67601.87511685658,0.0,0.0,0.0
2025-01-15,49982.936452707734,49921.904014971886,68831.55530626049,0.0,0.0,0.0
2025-01-16,50054.55465728895,49993.43476903654,68699.1852117162,0.0,0.0,0.0
2025-01-17,50185.18283119041,50123.90343738558,69388.91824859905,0.0,0.0,0.0
2025-01-21,50729.02040861251,50667.07695352122,70024.06835481212,0.0,0.0,0.0
2025-01-22,50681.64308822665,50619.75748394528,70417.71133923043,0.0,0.0,0.0
2025-01-23,50656.65961046907,50594.804512649695,70802.04091286886,0.0,0.0,0.0
2025-01-24,50882.53866049838,50820.40774957087,70595.3509536646,0.0,0.0,0.0
2025-01-27,50856.03670127612,50793.938150975875,69596.77598841193,0.0,0.0,0.0
2025-01-28,50955.235219370064,50893.01554118481,70194.76616229501,0.0,0.0,0.0
2025-01-29,50868.39609716785,50806.28245523607,69880.09253940434,0.0,0.0,0.0
2025-01-30,51204.45627188376,51141.932278477165,70255.15195339655,0.0,0.0,0.0
2025-01-31,50924.84487325302,50862.66230367,69881.2531114907,0.0,0.0,0.0
2025-02-03,50989.521235864195,50927.25969220813,69410.97632676196,0.0,0.0,0.0
2025-02-04,51333.336501338315,51270.6551367339,69876.61082314531,0.0,0.0,0.0
2025-02-05,51792.21836986933,51728.97668046096,70159.92737413771,0.0,0.0,0.0
2025-02-06,51861.01785280423,51797.69215472297,70403.77726567199,0.0,0.0,0.0
2025-02-07,51552.391684535876,51489.442839211486,69759.33537424586,0.0,0.0,0.0
2025-02-10,51753.460028905974,51690.26566596938,70233.0794581891,0.0,0.0,0.0
2025-02-11,51658.87210374119,51595.79323885379,70286.49460825024,0.0,0.0,0.0
2025-02-12,51319.005255910946,51256.34139069546,70060.06771505577,0.0,0.0,0.0
2025-02-13,51948.14082933979,51884.70874840034,70799.71976869619,0.0,0.0,0.0
2025-02-14,52092.017377335294,52028.40961371131,70796.25967800396,0.0,0.0,0.0
2025-02-18,52045.02222249503,51981.47184303182,71004.08858372776,0.0,0.0,0.0
2025-02-19,52029.108425027836,51965.5774773532,71171.30467495159,0.0,0.0,0.0
2025-02-20,52213.00205916935,52149.24656532811,70875.2074139648,0.0,0.0,0.0
2025-02-21,52230.79045057744,52167.013235945706,69662.95022290068,0.0,0.0,0.0
2025-02-24,52195.625445646285,52131.89116978779,69345.96266435958,0.0,0.0,0.0
2025-02-25,52506.36990845367,52442.25619326199,69001.07812461247,0.0,0.0,0.0
2025-02-26,52676.42701949198,52612.10565343427,69035.91691276977,0.0,0.0,0.0
2025-02-27,52089.611239718935,52026.006414146505,67933.97173808701,0.0,0.0,0.0
2025-02-28,52407.281980561114,52343.28925821657,68994.11469209439,0.0,0.0,0.0
2025-03-03,52474.972513928435,52410.89713701102,67785.34642581157,0.0,0.0,0.0
2025-03-04,52185.892738296796,52122.17034671116,66982.98022837465,0.0,0.0,0.0
2025-03-05,52408.86644596604,52344.871788885495,67702.90255654712,0.0,0.0,0.0
2025-03-06,52087.74429088601,52024.141744980334,66501.0977227824,0.0,0.0,0.0
2025-03-07,52142.35030076787,52078.68107734912,66873.82878407963,0.0,0.0,0.0
2025-03-10,51826.21520971118,51762.93200793563,65092.610138335695,0.0,0.0,0.0
2025-03-11,51679.87383028324,51616.769320912776,64551.50241372828,0.0,0.0,0.0
2025-03-12,51722.46542163697,51659.30890514504,64894.044183735874,0.0,0.0,0.0
2025-03-13,51753.06357348528,51689.86969464671,64028.97105102474,0.0,0.0,0.0
2025-03-14,52022.2841738021,51958.76155898499,65351.540258470224,0.0,0.0,0.0
2025-03-17,52410.94834123018,52346.95114201922,65855.49525926993,0.0,0.0,0.0
2025-03-18,52402.99191499883,52339.004431105204,65143.69693570189,0.0,0.0,0.0
2025-03-19,52687.10622064099,52622.77181457952,65853.17411509724,0.0,0.0,0.0
2025-03-20,52576.522428433,52512.32305242162,65662.73216510184,0.0,0.0,0.0
2025-03-21,52273.80724420293,52209.97750324992,65684.40098306187,0.0,0.0,0.0
2025-03-24,52167.58888017656,52103.88883880001,66860.70927353828,0.0,0.0,0.0
2025-03-25,52248.504624988294,52184.70578018988,67021.43048619194,0.0,0.0,0.0
2025-03-26,51891.11651986525,51827.754069341,66221.31334770496,0.0,0.0,0.0
2025-03-27,51968.36584846579,51904.90907145389,66045.44702975056,0.0,0.0,0.0
2025-03-28,51931.61472556711,51868.202824082306,64715.40979322769,0.0,0.0,0.0
2025-03-31,52258.61680831703,52194.80561588074,65149.81697111375,0.0,0.0,0.0
2025-04-01,52484.47225814984,52420.3852814228,65333.8361277617,0.0,0.0,0.0
2025-04-02,52575.4512471999,52511.25317917093,65747.30254843754,0.0,0.0,0.0
2025-04-03,51932.51179740782,51869.09880053958,62507.20874754145,0.0,0.0,0.0
2025-04-04,50679.10496967522,50617.22246460279,58847.856478321184,0.0,0.0,0.0
2025-04-07,49292.261822484965,49232.072743690325,58743.03735591372,0.0,0.0,0.0
2025-04-08,48602.6693741022,48543.32233283389,57822.96319824082,0.0,0.0,0.0
2025-04-09,50518.90599618839,50457.21910455063,63895.49084405004,0.0,0.0,0.0
2025-04-10,49315.70308529261,49255.48538318141,61095.643124083115,0.0,0.0,0.0
2025-04-11,50148.597512990746,50087.36279225465,62185.76632223412,0.0,0.0,0.0
2025-04-14,50446.758556901346,50385.159762010364,62789.05475998965,0.0,0.0,0.0
2025-04-15,50515.53896472035,50453.85618444844,62613.19565055753,0.0,0.0,0.0
2025-04-16,50623.76280747417,50561.94787880497,61221.43183778989,0.0,0.0,0.0
2025-04-17,50678.05569489697,50616.17447105772,61308.77750220164,0.0,0.0,0.0
2025-04-21,50198.19838618376,50136.903099534175,59849.45902292953,0.0,0.0,0.0
2025-04-22,50692.49166002323,50630.59280892546,61406.61156652418,0.0,0.0,0.0
2025-04-23,51007.44732674198,50945.163894155354,62358.12929836264,0.0,0.0,0.0
2025-04-24,51662.99624071363,51599.91233998499,63670.70749393435,0.0,0.0,0.0
2025-04-25,51798.24282745556,51734.99378179005,64130.740968509665,0.0,0.0,0.0
2025-04-28,52064.35546471178,52000.781478094075,64155.20669311258,0.0,0.0,0.0
2025-04-29,52231.06885431141,52167.291299730474,64559.3380774417,0.0,0.0,0.0
2025-04-30,51960.25642513396,51896.80955025884,64584.96437413096,0.0,0.0,0.0
2025-05-01,51756.02129982139,51692.82380940533,65042.67670453357,0.0,0.0,0.0
2025-05-02,51983.23307904614,51919.75814817235,66008.17176106415,0.0,0.0,0.0
2025-05-05,51998.756997545875,51935.263110951266,65629.66667342429,0.0,0.0,0.0
2025-05-06,52181.68621642006,52117.96896127302,65081.10533678406,0.0,0.0,0.0
2025-05-07,52051.45871500738,51987.90047616541,65354.805719061005,0.0,0.0,0.0
2025-05-08,51784.1936046363,51720.96171399164,65810.18969676865,0.0,0.0,0.0
2025-05-09,51954.172047730266,51890.73260227831,65726.32574861594,0.0,0.0,0.0
2025-05-12,51989.60986759979,51926.1271502497,67898.41930622442,0.0,0.0,0.0
2025-05-13,52132.10328172107,52068.44657058345,68346.81822584714,0.0,0.0,0.0
2025-05-14,51907.74861168041,51844.365852283154,68434.15668173661,0.0,0.0,0.0
2025-05-15,52236.60736787458,52172.82305040599,68768.42306817198,0.0,0.0,0.0
2025-05-16,52287.94418676068,52224.097183675265,69203.99081814438,0.0,0.0,0.0
2025-05-19,52390.503655519184,52326.53142060796,69279.69471908126,0.0,0.0,0.0
2025-05-20,52328.10039092323,52264.20435448355,69046.7729473166,0.0,0.0,0.0
2025-05-21,51774.222977292215,51711.003261436315,67883.27420092367,0.0,0.0,0.0
2025-05-22,51822.90915997009,51759.629995097705,67910.06827822156,0.0,0.0,0.0
2025-05-23,51998.40983483721,51934.91637215098,67446.52425329809,0.0,0.0,0.0
2025-05-27,52423.319834224916,52359.30752861104,68848.7836744988,0.0,0.0,0.0
2025-05-28,52116.465585043086,52052.82796855688,68450.46956764598,0.0,0.0,0.0
2025-05-29,52426.288729651256,52362.2727988217,68720.66660809706,0.0,0.0,0.0
2025-05-30,52354.1915591073,52290.263663643105,68643.80213507383,0.0,0.0,0.0
2025-06-02,52500.10031937955,52435.99425976658,69030.46006140723,0.0,0.0,0.0
2025-06-03,52460.608785780234,52396.55094791526,69424.11746287011,0.0,0.0,0.0
2025-06-04,52943.43539288738,52878.787992125,69405.48343278804,0.0,0.0,0.0
2025-06-05,52933.54852536592,52868.913197116075,69070.05647426633,0.0,0.0,0.0
2025-06-06,52706.44970485625,52642.09167913415,69779.33902356024,0.0,0.0,0.0
2025-06-09,52823.89635641376,52759.39492064101,69842.23338041363,0.0,0.0,0.0
2025-06-10,52996.96635319246,52932.25358762294,70238.21192604922,0.0,0.0,0.0
2025-06-11,53146.408144161505,53081.512900381436,70037.89430053644,0.0,0.0,0.0
2025-06-12,53564.3244157297,53498.91886882153,70316.24417968106,0.0,0.0,0.0
2025-06-13,53228.471435128406,53163.475986697464,69530.10436588622,0.0,0.0,0.0
2025-06-16,53147.81412635095,53082.917165774576,70191.62324658291,0.0,0.0,0.0
2025-06-17,53272.40693977757,53207.35784321904,69591.83815065325,0.0,0.0,0.0
2025-06-18,53298.85188748134,53233.770499910344,69581.34975074246,0.0,0.0,0.0
2025-06-20,53174.83329710444,53109.90334435165,69417.93255075777,0.0,0.0,0.0
2025-06-23,53257.86832148227,53192.8369775285,70103.60718959954,0.0,0.0,0.0
2025-06-24,53632.90731591008,53567.41802479075,70878.06198878586,0.0,0.0,0.0
2025-06-25,53617.493244590565,53552.02277506144,70917.77373800139,0.0,0.0,0.0
2025-06-26,53945.57107679402,53879.700002752885,71472.62090606583,0.0,0.0,0.0
2025-06-27,53786.20579463123,53720.52931603308,71827.72713039957,0.0,0.0,0.0
2025-06-30,54161.69373366382,54095.558759709354,72171.14834012475,0.0,0.0,0.0
2025-07-01,54275.3466460379,54209.07289443668,72147.78551942999,0.0,0.0,0.0
2025-07-02,54353.799916967204,54287.43036878594,72474.85059211217,0.0,0.0,0.0
2025-07-03,54258.381986097855,54192.12894945709,73046.05389721962,0.0,0.0,0.0
2025-07-07,53757.793146234355,53692.15136134007,72501.71675463281,0.0,0.0,0.0
2025-07-08,53784.61586086482,53718.941323679894,72462.0050054173,0.0,0.0,0.0
2025-07-09,54110.86290543189,54044.789999246525,72896.53472818204,0.0,0.0,0.0
2025-07-10,54174.596570571666,54108.44584140859,73102.12178347817,0.0,0.0,0.0
2025-07-11,53811.7134052828,53746.005780222105,72845.13796435801,0.0,0.0,0.0
2025-07-14,53754.97881907681,53689.34047066023,72984.1398993957,0.0,0.0,0.0
2025-07-15,53516.63988868962,53451.29256771082,72672.26318314792,0.0,0.0,0.0
2025-07-16,53684.87547217285,53619.32272453242,72915.21921792004,0.0,0.0,0.0
2025-07-17,53842.511868070076,53776.76663606998,73361.44116381557,0.0,0.0,0.0
2025-07-18,53833.85252772848,53768.11786934986,73307.701630252,0.0,0.0,0.0
2025-07-21,54198.064246434245,54131.88486170255,73446.71077381198,0.0,0.0,0.0
2025-07-22,54412.31406949187,54345.87307169953,73457.22079928959,0.0,0.0,0.0
2025-07-23,54502.40072493711,54435.849725440596,74082.1636379606,0.0,0.0,0.0
2025-07-24,54413.439798615116,54346.99742623381,74106.67982221945,0.0,0.0,0.0
2025-07-25,54426.74648210127,54360.28786138825,74419.73152759814,0.0,0.0,0.0
2025-07-28,54097.689721574956,54031.63290070952,74401.05424638242,0.0,0.0,0.0
2025-07-29,54512.92234251581,54446.35849543538,74204.80943595529,0.0,0.0,0.0
2025-07-30,54142.32417365425,54076.21285120066,74111.3653616985,0.0,0.0,0.0
2025-07-31,53980.925818940785,53915.01157444486,73833.35428310084,0.0,0.0,0.0
2025-08-01,54135.38545449952,54069.28260467628,72623.19477201886,0.0,0.0,0.0
2025-08-04,54517.42287115054,54450.853528629996,73727.05020510462,0.0,0.0,0.0
2025-08-05,54547.96213971755,54481.35550675072,73353.2594910329,0.0,0.0,0.0
2025-08-06,54520.58138336844,54454.00818409771,73915.12055127138,0.0,0.0,0.0
2025-08-07,54684.831258986094,54618.05749986398,73853.20655344745,0.0,0.0,0.0
2025-08-08,54699.17159743478,54632.38032782057,74429.08818951169,0.0,0.0,0.0
2025-08-11,54585.93293057302,54519.279932784666,74281.90458169136,0.0,0.0,0.0
2025-08-12,54688.461964986716,54621.683772534874,75072.70830939844,0.0,0.0,0.0
2025-08-13,55068.89108050412,55001.64835919597,75329.68491999632,0.0,0.0,0.0
2025-08-14,54761.43620157545,54694.56890280319,75336.70602069263,0.0,0.0,0.0
2025-08-15,54642.76048862926,54576.03810067207,75160.32068913439,0.0,0.0,0.0
2025-08-18,54590.71368087931,54524.054845481834,75143.95734356908,0.0,0.0,0.0
2025-08-19,54551.54165949136,54484.930655696546,74736.29378332499,0.0,0.0,0.0
2025-08-20,54668.532168384525,54601.77831151911,74537.72062020289,0.0,0.0,0.0
2025-08-21,54499.238498578714,54432.6913603676,74238.6822821277,0.0,0.0,0.0
2025-08-22,55162.64291455155,55095.28571611618,75378.7461226031,0.0,0.0,0.0
2025-08-25,54919.19933908619,54852.13940119445,75047.00992748642,0.0,0.0,0.0
2025-08-26,54914.641061488146,54847.586689551776,75361.22220495145,0.0,0.0,0.0
2025-08-27,54835.719689426114,54768.76168565192,75532.93641407517,0.0,0.0,0.0
2025-08-28,55131.92614730341,55064.60645605186,75800.43025867295,0.0,0.0,0.0
2025-08-29,54878.8423705951,54811.83171120401,75348.37661825657,0.0,0.0,0.0
2025-09-02,54732.26639516093,54665.434714632014,74790.02610836626,0.0,0.0,0.0
2025-09-03,55087.37498362935,55020.10969226535,75195.3541073931,0.0,0.0,0.0
2025-09-04,55298.91519270577,55231.391596897185,75823.79307936772,0.0,0.0,0.0
2025-09-05,55820.300785166975,55752.14054341546,75604.1926567681,0.0,0.0,0.0
2025-09-08,56363.86966347792,56295.04568853914,75789.92023319533,0.0,0.0,0.0
2025-09-09,56262.93795919418,56194.237228474216,75965.13778414494,0.0,0.0,0.0
2025-09-10,56504.215646893805,56435.22030032098,76184.74541526682,0.0,0.0,0.0
2025-09-11,56949.69950293906,56880.16019141267,76817.85550967592,0.0,0.0,0.0
2025-09-12,56849.987394206866,56780.56983769328,76792.14271071936,0.0,0.0,0.0
2025-09-15,57146.95884814944,57077.1786700482,77200.98126009437,0.0,0.0,0.0
2025-09-16,57264.64501301056,57194.721132397244,77094.69159914271,0.0,0.0,0.0
2025-09-17,57152.33523952728,57082.548496500174,76998.9047551464,0.0,0.0,0.0
2025-09-18,56907.17714006055,56837.689751123115,77358.68931043688,0.0,0.0,0.0
2025-09-19,56858.532306805464,56789.10431639416,77741.82947789987,0.0,0.0,0.0
2025-09-22,56911.605817213094,56842.11302057092,78109.63711848293,0.0,0.0,0.0
2025-09-23,57112.815028909594,57043.076542646995,77684.44243206493,0.0,0.0,0.0
2025-09-24,56882.11606547275,56812.659277748106,77437.27662028394,0.0,0.0,0.0
2025-09-25,56780.385735113254,56711.053166782156,77080.02225631214,0.0,0.0,0.0
2025-09-26,56884.43190465901,56814.97228914311,77521.6235394291,0.0,0.0,0.0
2025-09-29,57256.562318226344,57186.648307112526,77739.48670816033,0.0,0.0,0.0
2025-09-30,57293.60679489271,57223.64755004761,78032.31850855635,0.0,0.0,0.0
2025-10-01,57484.87955179612,57414.68675039242,78298.21206120896,0.0,0.0,0.0
2025-10-02,57571.142067954344,57500.84393437092,78388.39788339724,0.0,0.0,0.0
2025-10-03,57663.64133922097,57593.2302579715,78387.23731131089,0.0,0.0,0.0
2025-10-06,57692.478214511844,57622.03192154973,78668.3552630093,0.0,0.0,0.0
2025-10-07,57723.48446206189,57653.000308441566,78376.69124322191,0.0,0.0,0.0
2025-10-08,57979.999568580315,57909.20219322118,78844.05578495136,0.0,0.0,0.0
2025-10-09,57665.6908196507,57595.27723585145,78615.64654813113,0.0,0.0,0.0
2025-10-10,57339.83687050953,57269.82117571547,76490.8336881274,0.0,0.0,0.0
2025-10-13,57921.958083487836,57851.231580581916,77664.51807649554,0.0,0.0,0.0
2025-10-14,57941.59939385689,57870.84890762511,77569.63950630593,0.0,0.0,0.0
2025-10-15,58209.20061316966,58138.12336832954,77914.0122409715,0.0,0.0,0.0
2025-10-16,58563.397788821196,58491.888046040716,77383.39291627487,0.0,0.0,0.0
2025-10-17,58431.88428424756,58360.5351280662,77822.65142965231,0.0,0.0,0.0
2025-10-20,59035.765468990496,58963.67893434714,78632.0459363078,0.0,0.0,0.0
2025-10-21,58605.989185483406,58534.42743581919,78630.8709471769,0.0,0.0,0.0
2025-10-22,58661.79918659259,58590.169289263205,78222.07564893554,0.0,0.0,0.0
2025-10-23,58738.56325155158,58666.83962027321,78685.92964031686,0.0,0.0,0.0
2025-10-24,58848.11180940866,58776.25441216914,79328.99470398838,0.0,0.0,0.0
2025-10-27,59011.896102459315,58939.8387138752,80264.89156805594,0.0,0.0,0.0
2025-10-28,59047.297929156186,58975.197312623946,80478.07640583039,0.0,0.0,0.0
2025-10-29,58764.76140952431,58693.00578857989,80516.73571079368,0.0,0.0,0.0
2025-10-30,58485.65352818166,58414.23871623325,79631.20479186477,0.0,0.0,0.0
2025-10-31,58422.698395719235,58351.360456109156,79892.3983879938,0.0,0.0,0.0
2025-11-03,58400.554538601864,58329.24363809106,80042.34285984564,0.0,0.0,0.0
2025-11-04,58002.13119418034,57931.306794657416,79093.55715794959,0.0,0.0,0.0
2025-11-05,57951.4834150169,57880.72085974818,79367.6468004294,0.0,0.0,0.0
2025-11-06,58015.44243264553,57944.60177922896,78516.08243846246,0.0,0.0,0.0
2025-11-07,58012.29094661574,57941.45414136993,78593.38663134449,0.0,0.0,0.0
2025-11-10,58565.45065979204,58493.938410321694,79819.77973459079,0.0,0.0,0.0
2025-11-11,58835.921655493934,58764.07914323041,80002.50856575143,0.0,0.0,0.0
2025-11-12,58953.90018152173,58881.913609753996,80047.02839932468,0.0,0.0,0.0
2025-11-13,58395.896502889096,58324.591290144854,78718.7284166702,0.0,0.0,0.0
2025-11-14,58124.81049824255,58053.83629925768,78705.83957884167,0.0,0.0,0.0
2025-11-17,57840.75066784213,57770.12332450725,77972.5814844596,0.0,0.0,0.0
2025-11-18,57688.05203450965,57617.6111462031,77317.80257209046,0.0,0.0,0.0
2025-11-19,57585.611524749074,57515.2957230116,77616.49490109643,0.0,0.0,0.0
2025-11-20,57285.459195214724,57215.50989912224,76433.44664229246,0.0,0.0,0.0
2025-11-21,57480.80638756065,57410.61855975716,77194.81797354884,0.0,0.0,0.0
2025-11-24,57917.15381988491,57846.43318329936,78331.00362904003,0.0,0.0,0.0
2025-11-25,58170.21945884284,58099.1898125442,79067.7866908148,0.0,0.0,0.0
2025-11-26,58602.024993583706,58530.46808445732,79613.63041455718,0.0,0.0,0.0
2025-11-28,58617.86503990415,58546.28878904419,80048.19617993331,0.0,0.0,0.0
2025-12-01,58294.85877283626,58223.67693377525,79682.73130908975,0.0,0.0,0.0
2025-12-02,58312.52620593647,58241.32279378297,79830.33301120208,0.0,0.0,0.0
2025-12-03,58486.91973683764,58415.503378765556,80106.76542342141,0.0,0.0,0.0
2025-12-04,58415.16759859583,58343.83885458208,80165.32745838726,0.0,0.0,0.0
2025-12-05,58365.54392259297,58294.275772336434,80317.60028293409,0.0,0.0,0.0
2025-12-08,58158.23901152199,58087.22399413388,80076.3094168076,0.0,0.0,0.0
2025-12-09,58169.78540939283,58098.756293097,80007.1941052305,0.0,0.0,0.0
2025-12-10,58537.173905552045,58465.69618384988,80537.8206384494,0.0,0.0,0.0
2025-12-11,58585.593126923544,58514.05628218214,80725.2278005668,0.0,0.0,0.0
2025-12-12,58147.18082262085,58076.17930800536,79857.27125894547,0.0,0.0,0.0
2025-12-15,58141.00128817744,58070.00731917807,79736.61501309882,0.0,0.0,0.0
2025-12-16,58128.261757056935,58057.28334385911,79518.75184436758,0.0,0.0,0.0
2025-12-17,57992.07671043286,57921.26458809284,78643.75978500542,0.0,0.0,0.0
2025-12-18,58286.769609722796,58215.59764805953,79237.61947562464,0.0,0.0,0.0
2025-12-19,58382.83394230145,58311.54467979887,79955.79013288418,0.0,0.0,0.0
2025-12-22,58628.78700441929,58557.1974171256,80453.90623064076,0.0,0.0,0.0
2025-12-23,58951.08678554343,58879.10364911638,80821.61295191199,0.0,0.0,0.0
2025-12-24,59138.92000378903,59066.707510705266,81105.91707045614,0.0,0.0,0.0
2025-12-26,59191.88702347103,59119.60985418854,81097.69214653983,0.0,0.0,0.0
2025-12-29,58892.08094013043,58820.16985370367,80808.68807147209,0.0,0.0,0.0
2025-12-30,58938.54243469968,58866.57461574627,80710.01061004332,0.0,0.0,0.0
2025-12-31,58561.963425362956,58490.45543403415,80112.0348532048,0.0,0.0,0.0
2026-01-02,58880.24088932103,58804.708286496934,80258.87966047818,0.06182751649045273,0.12365503298090547,3.6359738745343386
2026-01-05,59417.16143190046,59340.94005801364,80793.41321277036,0.0,0.0,0.0
2026-01-06,59526.20165592883,59449.84040333553,81273.9116820857,0.0,0.0,0.0
2026-01-07,59480.898047185045,59404.59491085339,81011.93235702865,0.0,0.0,0.0
2026-01-08,59387.97741729289,59311.79348117043,81003.70743311236,0.0,0.0,0.0
2026-01-09,59787.83641720136,59711.13953496032,81539.41597453546,0.0,0.0,0.0
2026-01-12,60011.95583300554,59934.971446458076,81667.46816423674,0.0,0.0,0.0
2026-01-13,59976.92261704207,59899.98317171677,81504.17350913073,0.0,0.0,0.0
2026-01-14,60206.374514530406,60129.14072429792,81103.56709219431,0.0,0.0,0.0
2026-01-15,60223.24286501845,60145.987435770934,81324.42900619213,0.0,0.0,0.0
2026-01-16,60014.745192640505,59937.75722785371,81256.28684512222,0.0,0.0,0.0
2026-01-20,59546.45378126495,59470.06654889106,79602.16886413921,0.0,0.0,0.0
2026-01-21,60205.523647177375,60128.29094845241,80520.8661940575,0.0,0.0,0.0
2026-01-22,60532.03852774091,60454.386970016436,80941.44742621921,0.0,0.0,0.0
2026-01-23,60858.28168877823,60780.21162062081,80970.80773744716,0.0,0.0,0.0
2026-01-26,61157.71129721567,61079.25711551954,81381.98905656168,0.0,0.0,0.0
2026-01-27,61516.5200431609,61437.605575329944,81706.23559703415,0.0,0.0,0.0
2026-01-28,61678.02218145388,61598.90053585525,81698.01067311784,0.0,0.0,0.0
2026-01-29,61717.41475345273,61638.24257437377,81535.89100714274,0.0,0.0,0.0
2026-01-30,60548.48353948175,60470.81088580859,81292.70429965782,0.0,0.0,0.0
2026-02-02,60227.79712628557,60150.53585475205,81696.84289250922,0.0,0.0,0.0
2026-02-03,60715.55636785654,60637.669390237046,81006.05741137415,0.0,0.0,0.0
2026-02-04,60509.20917976152,60431.58690792392,80613.67591835403,0.0,0.0,0.0
2026-02-05,60320.97466554227,60243.59386423171,79606.86882066278,0.0,0.0,0.0
2026-02-06,61079.71864064528,61001.36450929308,81134.10960107543,0.0,0.0,0.0
2026-02-09,61456.22899115872,61377.391865743746,81525.32331348691,0.0,0.0,0.0
2026-02-10,61697.4050331994,61618.25852293954,81310.32913662132,0.0,0.0,0.0
2026-02-11,61843.77703241324,61764.44275359276,81291.5365190492,0.0,0.0,0.0
2026-02-12,61688.29170799364,61609.15688846676,80035.67497674082,0.0,0.0,0.0
2026-02-13,61988.293194004145,61908.77352732399,80092.06003797946,0.0,0.0,0.0
2026-02-17,61818.02217079389,61738.72093076033,80221.28721681163,0.0,0.0,0.0
2026-02-18,62012.40854166609,61932.857939396185,80625.41860114076,0.0,0.0,0.0
2026-02-19,62046.71504766587,61967.120436410056,80412.77440253696,0.0,0.0,0.0
2026-02-20,62374.05012878192,62294.03560635898,80994.31472858743,0.0,0.0,0.0
2026-02-23,62390.4745029982,62310.43891110075,80167.25213383479,0.0,0.0,0.0
2026-02-24,62565.20117370306,62484.941439376475,80749.94582344932,0.0,0.0,0.0
2026-02-25,62821.08544998308,62740.49746283148,81431.33860005946,0.0,0.0,0.0
2026-02-26,62853.114693104115,62772.485618279265,80979.03266136344,0.0,0.0,0.0
2026-02-27,63006.6419434249,62925.81592115816,80590.17613573602,0.0,0.0,0.0
2026-03-02,62632.234405596835,62551.88867986798,80636.00071184112,0.0,0.0,0.0
2026-03-03,61608.45922162096,61529.42681260385,79925.24762400304,0.0,0.0,0.0
2026-03-04,61834.37101862623,61755.04880600475,80489.14148752319,0.0,0.0,0.0
2026-03-05,61328.50841317505,61249.83512995134,80040.37493326441,0.0,0.0,0.0
2026-03-06,61254.86425092054,61176.285439716194,78991.27543538304,0.0,0.0,0.0
2026-03-09,61681.66042599394,61602.53411319158,79683.23590564901,0.0,0.0,0.0
2026-03-10,61562.622310186074,61483.64870156063,79555.17650742545,0.0,0.0,0.0
2026-03-11,61262.091228862024,61183.503146763986,79455.3240568658,0.0,0.0,0.0
2026-03-12,60748.55784461287,60670.62853212181,78248.79764101065,0.0,0.0,0.0
2026-03-13,60302.69819736162,60225.3408414241,77805.8988238841,0.0,0.0,0.0
2026-03-16,60872.73447774273,60794.64586929484,78597.71895323202,0.0,0.0,0.0
2026-03-17,61171.18682166778,61092.715353333195,78804.47378913675,0.0,0.0,0.0
2026-03-18,60575.634724828065,60497.92724113948,77704.86417567125,0.0,0.0,0.0
2026-03-19,60477.74880614152,60400.16689222144,77513.37698994591,0.0,0.0,0.0
2026-03-20,59129.19040690849,59053.338447289134,76402.16165561692,0.0,0.0,0.0
2026-03-23,59491.848348366904,59415.531164797394,77204.38368260833,0.0,0.0,0.0
2026-03-24,59249.54576556928,59173.53941199084,76945.22288976097,0.0,0.0,0.0
2026-03-25,59872.49371060662,59795.68822850897,77374.01462879444,0.0,0.0,0.0
2026-03-26,59039.710458877875,58963.97328570086,75992.2129938115,0.0,0.0,0.0
2026-03-27,58844.89576829845,58769.408506813794,74696.4018210525,0.0,0.0,0.0
2026-03-30,59161.40434406602,59085.511059844655,74446.66256681918,0.0,0.0,0.0
2026-03-31,59965.827021279525,59888.90180957854,76610.6681624346,0.0,0.0,0.0
2026-04-01,60236.88487844705,60159.61194898611,77187.89058364207,0.0,0.0,0.0
2026-04-02,60384.158751179646,60306.696896218964,77257.39515542205,0.0,0.0,0.0
2026-04-06,60514.44561932668,60436.81663009282,77622.57889389686,0.0,0.0,0.0
2026-04-07,60513.3971648219,60435.76952056382,77656.732872438,0.0,0.0,0.0
2026-04-08,61413.09550252523,61334.313709503884,79634.6216314233,0.0,0.0,0.0
2026-04-09,61437.03425846979,61358.22175639363,80094.03517308293,0.0,0.0,0.0
2026-04-10,61413.473772368925,61334.691494096405,80041.03090879146,0.0,0.0,0.0
2026-04-13,61771.85253551715,61692.610522699244,80823.22766090166,0.0,0.0,0.0
2026-04-14,62313.31630565676,62233.37969364436,81808.04876565274,0.0,0.0,0.0
2026-04-15,62204.71138766467,62124.91409594057,82453.593560987,0.0,0.0,0.0
2026-04-16,62039.02078819397,61959.43604726878,82656.21070510565,0.0,0.0,0.0
2026-04-17,62518.44421506941,62438.244461387134,83655.16772203891,0.0,0.0,0.0
2026-04-20,62427.505391571234,62347.42229580226,83487.87954559231,0.0,0.0,0.0
2026-04-21,61915.47839644769,61836.052137863386,82941.29334405555,0.0,0.0,0.0
2026-04-22,62348.27234134509,62268.290887118725,83781.21594254761,0.0,0.0,0.0
2026-04-23,62124.715473521384,62045.020801955056,83456.08275383526,0.0,0.0,0.0
2026-04-24,62423.80368080145,62343.725333651804,84102.80974682274,0.0,0.0,0.0
2026-04-27,62256.38070389711,62176.51712987046,84247.70104455948,0.0,0.0,0.0
2026-04-28,62109.00448820001,62029.32997096044,83837.75238275407,0.0,0.0,0.0
2026-04-29,61805.681555450414,61726.396146174084,83824.79866822508,0.0,0.0,0.0
2026-04-30,62302.64047899876,62222.71756212352,84658.82469549582,0.0,0.0,0.0
2026-05-01,62422.61317000628,62342.536350064714,84893.25304841605,0.0,0.0,0.0
2026-05-04,62068.2029820566,61988.58080570273,84582.25577188587,0.0,0.0,0.0
2026-05-05,62566.93754789594,62486.67558611818,85260.79397367494,0.0,0.0,0.0
2026-05-06,63312.90992936378,63231.69102116807,86445.86782723833,0.0,0.0,0.0
2026-05-07,62917.30212048486,62836.59070490553,86180.81767169194,0.0,0.0,0.0
2026-05-08,63415.476102200766,63334.12562032466,86892.33486289122,0.0,0.0,0.0
2026-05-11,63384.82802520497,63303.516859218056,87090.2376334417,0.0,0.0,0.0
2026-05-12,62966.743507147665,62885.96866729281,86958.30005023396,0.0,0.0,0.0
2026-05-13,63100.58476073327,63019.63822697744,87444.8176356493,0.0,0.0,0.0
2026-05-14,63105.964406667656,63025.01097180792,88135.13456283647,0.0,0.0,0.0
2026-05-15,62102.87569697943,62023.20904186044,87074.92673212862,0.0,0.0,0.0
2026-05-18,62150.53644550502,62070.80865034424,87013.66870983175,0.0,0.0,0.0
2026-05-19,61721.20172807297,61642.02469099674,86434.08910184022,0.0,0.0,0.0
2026-05-20,62290.862615616184,62210.95480759009,87319.95161279378,0.0,0.0,0.0
2026-05-21,62510.939547171976,62430.74942060895,87493.1147348949,0.0,0.0,0.0
2026-05-22,62606.05193753594,62525.739799135044,87837.09820935757,0.0,0.0,0.0
2026-05-26,63160.62168118692,63079.59813101949,88420.21720178636,0.0,0.0,0.0
2026-05-27,63017.49433722368,62936.65439331636,88404.89909195101,0.0,0.0,0.0
2026-05-28,63332.67267033788,63251.4284101524,88892.59166649728,0.0,0.0,0.0
2026-05-29,63374.148909332245,63292.85144270196,89114.05909636624,0.0,0.0,0.0
2026-06-01,63639.30776144317,63557.670144399795,89356.72679024734,0.0,0.0,0.0
2026-06-02,63870.58293873942,63788.64863785362,89478.06784571016,0.0,0.0,0.0
2026-06-03,63490.124158829945,63408.67791712121,88850.18392995076,0.0,0.0,0.0
2026-06-04,63500.382494419624,63418.92309313858,89185.9208549303,0.0,0.0,0.0
2026-06-05,62056.90079759509,61977.293119881135,86884.08831340811,0.0,0.0,0.0
2026-06-08,62140.111890875676,62060.3974685159,87080.8088863054,0.0,0.0,0.0
2026-06-09,62180.71687786703,62100.95036671976,86825.18747789532,0.0,0.0,0.0
2026-06-10,61550.25315702806,61471.29541576864,85456.33955744137,0.0,0.0,0.0
2026-06-11,62718.40911042842,62637.952838281024,86908.82796185749,0.0,0.0,0.0
2026-06-12,62753.627933439566,62673.12648197004,87378.85244830657,0.0,0.0,0.0
2026-06-15,63277.739476597344,63196.56568567358,88919.68850173072,0.0,0.0,0.0
2026-06-16,63235.02507311904,63153.906076979125,88389.58819063792,0.0,0.0,0.0
2026-06-17,62930.41884517454,62849.69060323138,87285.79042573036,0.0,0.0,0.0
2026-06-18,63460.77812937,63379.36953326113,88193.30012907715,0.0,0.0,0.0
2026-06-22,63174.61208237196,63093.5705850732,87915.75760442737,0.0,0.0,0.0
2026-06-23,62250.376979344466,62170.52110700069,86639.04901569836,0.0,0.0,0.0
2026-06-24,62369.61152172096,62289.60269322081,86598.89033810177,0.0,0.0,0.0
2026-06-25,62666.6338950388,62586.24404104327,86724.0807444597,0.0,0.0,0.0
2026-06-26,62459.30658257166,62379.182691678696,86096.94651501694,0.0,0.0,0.0
2026-06-29,62709.89219132114,62629.44684482654,87515.3818602038,0.0,0.0,0.0
2026-06-30,62558.608479848874,62478.3572027453,88196.84672203669,0.0,0.0,0.0
2026-07-01,62015.3941549109,61935.83972264413,88077.56009542239,0.0,0.0,0.0
2026-07-02,62166.37256525637,62086.624455244215,87961.82006176759,0.0,0.0,0.0
2026-07-06,62647.48514464398,62567.11985500035,88729.49885001498,0.0,0.0,0.0
2026-07-07,61985.541329674386,61906.02519313395,88307.86517360105,0.0,0.0,0.0
2026-07-08,61911.58107182816,61832.15981280005,88035.04423104171,0.0,0.0,0.0
2026-07-09,62116.166473922116,62036.48276916201,88780.28288944559,0.0,0.0,0.0
2026-07-10,62207.33118343678,62127.53053099285,89162.94008591611,0.0,0.0,0.0
2026-07-13,61629.26923079252,61550.210126331694,88480.29302643004,0.0,0.0,0.0
2026-07-14,62003.01123159275,61923.47268435658,88794.45484423912,0.0,0.0,0.0
2026-07-15,62115.48034498965,62035.797520407745,89146.40373581619,0.0,0.0,0.0
2026-07-16,61655.921628958386,61576.82833433505,88663.35344961534,0.0,0.0,0.0
2026-07-17,61692.616658944215,61613.47629129463,87785.83840745674,0.0,0.0,0.0
2026-07-20,61474.076048946314,61395.2160290135,87644.1188595212,0.0,0.0,0.0
2026-07-21,61952.37904349422,61872.905448114514,88375.18556313153,0.0,0.0,0.0
2026-07-22,61918.17326234774,61838.743546742335,88272.42807809485,0.0,0.0,0.0
2026-07-23,61547.454974728746,61468.50082302654,87182.32650551067,0.0,0.0,0.0
2026-07-24,61415.41291323548,61336.62814739916,87270.90482723153,0.0,0.0,0.0
2026-07-27,61429.17384133192,61350.37142273636,87289.80557263778,0.0,0.0,0.0
2026-07-28,61346.01229307399,61267.31655556703,87498.84551010384,0.0,0.0,0.0
2026-07-29,60788.00713507885,60710.02721634803,86152.45934506023,0.0,0.0,0.0
2026-07-30,61496.979066092346,61418.08966576856,87596.87420452783,0.0,0.0,0.0
2026-07-31,61376.41696520977,61297.682224057615,88227.5550269301,0.0,0.0,0.0
2026-08-03,61554.23600248079,61475.27315195759,89484.18067259969,0.0,0.0,0.0
2026-08-04,62146.35651964957,62066.63408657079,91097.49120898132,0.0,0.0,0.0
2026-08-05,62329.85411406396,62249.89628706172,90915.6057749269,0.0,0.0,0.0
2026-08-06,62153.589957716606,62073.858245456984,90770.33963403181,0.0,0.0,0.0
2026-08-07,62579.53111128087,62499.25299425976,91325.43189185363,0.0,0.0,0.0
2026-08-10,62468.97717109059,62388.84087459753,91298.2701799197,0.0,0.0,0.0
2026-08-11,62492.47062071828,62412.30418641715,91006.54849195409,0.0,0.0,0.0
2026-08-12,62731.02160669323,62650.54915501505,91234.48917482642,0.0,0.0,0.0
2026-08-13,62874.05396326012,62793.39802717331,91871.0737769723,0.0,0.0,0.0
2026-08-14,62721.891476506884,62641.430737119386,91689.19555144019,0.0,0.0,0.0
2026-08-17,62636.13319029273,62555.78246313469,91255.74710701677,0.0,0.0,0.0
2026-08-18,62269.41008871103,62189.52980036167,90639.24544793033,0.0,0.0,0.0
2026-08-19,63160.12380713214,63079.10089564626,90829.3918485124,0.0,0.0,0.0
2026-08-20,63041.889213024595,62961.017974943956,90066.43464235542,0.0,0.0,0.0
2026-08-21,63164.420738493216,63083.39231482864,90434.9198840324,0.0,0.0,0.0
2026-08-24,63161.80998563585,63080.784911090705,90169.18491886983,0.0,0.0,0.0
2026-08-25,63617.032834802616,63535.423792424735,90457.3600138759,0.0,0.0,0.0
2026-08-26,63467.734397703956,63386.31687797241,90477.44295693534,0.0,0.0,0.0
2026-08-27,63592.83867973724,63511.260674044635,91070.32228852509,0.0,0.0,0.0
2026-08-28,63191.93924547543,63110.875520588794,90863.63953784309,0.0,0.0,0.0
2026-08-31,63074.345139063444,62993.43226595322,90592.00079293692,0.0,0.0,0.0
