stock_code,corp_code,year,period,period_end,reprt_code,fs_div,status,rows_saved,error,updated_at_utc
000050,00101628,2015,Q1,2015-03-31,11013,CFS,NO_DATA,0,,2026-08-31T21:11:47.709185+00:00
000020,00119195,2015,Q1,2015-03-31,11013,CFS,NO_DATA,0,,2026-08-31T21:11:47.711720+00:00
000070,00126937,2015,Q1,2015-03-31,11013,CFS,NO_DATA,0,,2026-08-31T21:11:47.714098+00:00
000040,00112378,2015,Q1,2015-03-31,11013,CFS,NO_DATA,0,,2026-08-31T21:11:47.726348+00:00
000030,00254045,2015,Q1,2015-03-31,11013,CFS,NO_DATA,0,,2026-08-31T21:11:47.728874+00:00
000060,00117744,2015,Q1,2015-03-31,11013,CFS,NO_DATA,0,,2026-08-31T21:11:47.731227+00:00
000140,00148993,2015,Q1,2015-03-31,11013,CFS,NO_DATA,0,,2026-08-31T21:11:48.612471+00:00
000180,00133335,2015,Q1,2015-03-31,11013,CFS,NO_DATA,0,,2026-08-31T21:11:48.621921+00:00
000120,00113410,2015,Q1,2015-03-31,11013,CFS,NO_DATA,0,,2026-08-31T21:11:48.628426+00:00
000100,00145109,2015,Q1,2015-03-31,11013,CFS,NO_DATA,0,,2026-08-31T21:11:48.645851+00:00
000080,00150244,2015,Q1,2015-03-31,11013,CFS,NO_DATA,0,,2026-08-31T21:11:48.647828+00:00
000150,00117212,2015,Q1,2015-03-31,11013,CFS,NO_DATA,0,,2026-08-31T21:11:48.652015+00:00
000230,00146083,2015,Q1,2015-03-31,11013,CFS,NO_DATA,0,,2026-08-31T21:11:49.500772+00:00
000220,00144818,2015,Q1,2015-03-31,11013,CFS,NO_DATA,0,,2026-08-31T21:11:49.512085+00:00
000210,00109693,2015,Q1,2015-03-31,11013,CFS,NO_DATA,0,,2026-08-31T21:11:49.518345+00:00
000240,00160047,2015,Q1,2015-03-31,11013,CFS,NO_DATA,0,,2026-08-31T21:11:49.538060+00:00
000250,00128546,2015,Q1,2015-03-31,11013,CFS,NO_DATA,0,,2026-08-31T21:11:49.544647+00:00
000270,00106641,2015,Q1,2015-03-31,11013,CFS,NO_DATA,0,,2026-08-31T21:11:49.546854+00:00
000300,00126089,2015,Q1,2015-03-31,11013,CFS,NO_DATA,0,,2026-08-31T21:11:50.290622+00:00
000320,00113508,2015,Q1,2015-03-31,11013,CFS,NO_DATA,0,,2026-08-31T21:11:50.504416+00:00
000360,00129411,2015,Q1,2015-03-31,11013,CFS,NO_DATA,0,,2026-08-31T21:11:50.511919+00:00
000400,00113562,2015,Q1,2015-03-31,11013,CFS,NO_DATA,0,,2026-08-31T21:11:50.516555+00:00
000370,00135917,2015,Q1,2015-03-31,11013,CFS,NO_DATA,0,,2026-08-31T21:11:50.518390+00:00
000390,00129387,2015,Q1,2015-03-31,11013,CFS,NO_DATA,0,,2026-08-31T21:11:50.524818+00:00
000420,00120377,2015,Q1,2015-03-31,11013,CFS,NO_DATA,0,,2026-08-31T21:11:51.072844+00:00
000440,00149770,2015,Q1,2015-03-31,11013,CFS,NO_DATA,0,,2026-08-31T21:11:51.324945+00:00
000480,00148984,2015,Q1,2015-03-31,11013,CFS,NO_DATA,0,,2026-08-31T21:11:51.334508+00:00
000490,00109286,2015,Q1,2015-03-31,11013,CFS,NO_DATA,0,,2026-08-31T21:11:51.336918+00:00
000430,00111847,2015,Q1,2015-03-31,11013,CFS,NO_DATA,0,,2026-08-31T21:11:51.340468+00:00
000500,00104768,2015,Q1,2015-03-31,11013,CFS,NO_DATA,0,,2026-08-31T21:11:51.491452+00:00
000520,00128032,2015,Q1,2015-03-31,11013,CFS,NO_DATA,0,,2026-08-31T21:11:52.034819+00:00
000540,00103176,2015,Q1,2015-03-31,11013,CFS,NO_DATA,0,,2026-08-31T21:11:52.135287+00:00
000590,00149026,2015,Q1,2015-03-31,11013,CFS,NO_DATA,0,,2026-08-31T21:11:52.148874+00:00
000640,00116824,2015,Q1,2015-03-31,11013,CFS,NO_DATA,0,,2026-08-31T21:11:52.151094+00:00
000650,00151395,2015,Q1,2015-03-31,11013,CFS,NO_DATA,0,,2026-08-31T21:11:52.153033+00:00
000660,00164779,2015,Q1,2015-03-31,11013,CFS,NO_DATA,0,,2026-08-31T21:11:52.469289+00:00
000670,00141307,2015,Q1,2015-03-31,11013,CFS,NO_DATA,0,,2026-08-31T21:11:52.824133+00:00
000720,00164478,2015,Q1,2015-03-31,11013,CFS,NO_DATA,0,,2026-08-31T21:11:53.138129+00:00
000700,00163691,2015,Q1,2015-03-31,11013,CFS,NO_DATA,0,,2026-08-31T21:11:53.140277+00:00
000760,00145686,2015,Q1,2015-03-31,11013,CFS,NO_DATA,0,,2026-08-31T21:11:53.145333+00:00
000680,00104698,2015,Q1,2015-03-31,11013,CFS,NO_DATA,0,,2026-08-31T21:11:53.146854+00:00
000800,00101257,2015,Q1,2015-03-31,11013,CFS,NO_DATA,0,,2026-08-31T21:11:53.423585+00:00
000810,00139214,2015,Q1,2015-03-31,11013,CFS,NO_DATA,0,,2026-08-31T21:11:53.781337+00:00
000830,00126229,2015,Q1,2015-03-31,11013,CFS,NO_DATA,0,,2026-08-31T21:11:54.019250+00:00
000880,00160588,2015,Q1,2015-03-31,11013,CFS,NO_DATA,0,,2026-08-31T21:11:54.039297+00:00
000860,00100939,2015,Q1,2015-03-31,11013,CFS,NO_DATA,0,,2026-08-31T21:11:54.042454+00:00
000850,00166519,2015,Q1,2015-03-31,11013,CFS,NO_DATA,0,,2026-08-31T21:11:54.055594+00:00
000890,00123541,2015,Q1,2015-03-31,11013,CFS,NO_DATA,0,,2026-08-31T21:11:54.311181+00:00
000910,00144252,2015,Q1,2015-03-31,11013,CFS,NO_DATA,0,,2026-08-31T21:11:54.573804+00:00
001000,00135999,2015,Q1,2015-03-31,11013,CFS,NO_DATA,0,,2026-08-31T21:11:55.006119+00:00
000950,00147222,2015,Q1,2015-03-31,11013,CFS,NO_DATA,0,,2026-08-31T21:11:55.017230+00:00
000970,00159573,2015,Q1,2015-03-31,11013,CFS,NO_DATA,0,,2026-08-31T21:11:55.019921+00:00
000990,00160843,2015,Q1,2015-03-31,11013,CFS,NO_DATA,0,,2026-08-31T21:11:55.022745+00:00
001020,00134723,2015,Q1,2015-03-31,11013,CFS,NO_DATA,0,,2026-08-31T21:11:55.098753+00:00
001040,00148540,2015,Q1,2015-03-31,11013,CFS,NO_DATA,0,,2026-08-31T21:11:55.551339+00:00
001060,00149947,2015,Q1,2015-03-31,11013,CFS,NO_DATA,0,,2026-08-31T21:11:55.794894+00:00
001070,00112970,2015,Q1,2015-03-31,11013,CFS,NO_DATA,0,,2026-08-31T21:11:55.816595+00:00
001080,00120872,2015,Q1,2015-03-31,11013,CFS,NO_DATA,0,,2026-08-31T21:11:55.830140+00:00
001120,00120076,2015,Q1,2015-03-31,11013,CFS,NO_DATA,0,,2026-08-31T21:11:55.832934+00:00
001130,00113243,2015,Q1,2015-03-31,11013,CFS,NO_DATA,0,,2026-08-31T21:11:55.880222+00:00
001140,00104519,2015,Q1,2015-03-31,11013,CFS,NO_DATA,0,,2026-08-31T21:11:56.339735+00:00
001200,00131054,2015,Q1,2015-03-31,11013,CFS,NO_DATA,0,,2026-08-31T21:11:56.571058+00:00
001210,00106395,2015,Q1,2015-03-31,11013,CFS,NO_DATA,0,,2026-08-31T21:11:56.595362+00:00
001250,00138190,2015,Q1,2015-03-31,11013,CFS,NO_DATA,0,,2026-08-31T21:11:56.725484+00:00
001230,00114792,2015,Q1,2015-03-31,11013,CFS,NO_DATA,0,,2026-08-31T21:11:56.736420+00:00
001260,00107066,2015,Q1,2015-03-31,11013,CFS,NO_DATA,0,,2026-08-31T21:11:56.738526+00:00
001270,00123772,2015,Q1,2015-03-31,11013,CFS,NO_DATA,0,,2026-08-31T21:11:57.131511+00:00
001290,00112059,2015,Q1,2015-03-31,11013,CFS,NO_DATA,0,,2026-08-31T21:11:57.354939+00:00
001390,00101220,2015,Q1,2015-03-31,11013,CFS,NO_DATA,0,,2026-08-31T21:11:57.588049+00:00
001360,00126414,2015,Q1,2015-03-31,11013,CFS,NO_DATA,0,,2026-08-31T21:11:57.593560+00:00
001380,00152039,2015,Q1,2015-03-31,11013,CFS,NO_DATA,0,,2026-08-31T21:11:57.596070+00:00
001340,00122472,2015,Q1,2015-03-31,11013,CFS,NO_DATA,0,,2026-08-31T21:11:57.598714+00:00
001420,00154055,2015,Q1,2015-03-31,11013,CFS,NO_DATA,0,,2026-08-31T21:11:57.908522+00:00
001430,00106669,2015,Q1,2015-03-31,11013,CFS,NO_DATA,0,,2026-08-31T21:11:58.134463+00:00
001450,00164973,2015,Q1,2015-03-31,11013,CFS,NO_DATA,0,,2026-08-31T21:11:58.382878+00:00
001440,00113207,2015,Q1,2015-03-31,11013,CFS,NO_DATA,0,,2026-08-31T21:11:58.385942+00:00
001460,00122579,2015,Q1,2015-03-31,11013,CFS,NO_DATA,0,,2026-08-31T21:11:58.387417+00:00
001470,00125974,2015,Q1,2015-03-31,11013,CFS,NO_DATA,0,,2026-08-31T21:11:58.553409+00:00
001500,00137997,2015,Q1,2015-03-31,11013,CFS,NO_DATA,0,,2026-08-31T21:11:58.682133+00:00
001510,00131850,2015,Q1,2015-03-31,11013,CFS,NO_DATA,0,,2026-08-31T21:11:58.901047+00:00
001520,00117337,2015,Q1,2015-03-31,11013,CFS,NO_DATA,0,,2026-08-31T21:11:59.161735+00:00
001540,00139205,2015,Q1,2015-03-31,11013,CFS,NO_DATA,0,,2026-08-31T21:11:59.174260+00:00
001530,00118345,2015,Q1,2015-03-31,11013,CFS,NO_DATA,0,,2026-08-31T21:11:59.187215+00:00
001550,00148948,2015,Q1,2015-03-31,11013,CFS,NO_DATA,0,,2026-08-31T21:11:59.334512+00:00
001560,00148461,2015,Q1,2015-03-31,11013,CFS,NO_DATA,0,,2026-08-31T21:11:59.452418+00:00
001570,00106119,2015,Q1,2015-03-31,11013,CFS,NO_DATA,0,,2026-08-31T21:11:59.684771+00:00
001680,00121941,2015,Q1,2015-03-31,11013,CFS,NO_DATA,0,,2026-08-31T21:12:00.062148+00:00
001620,00114765,2015,Q1,2015-03-31,11013,CFS,NO_DATA,0,,2026-08-31T21:12:00.064380+00:00
001630,00149354,2015,Q1,2015-03-31,11013,CFS,NO_DATA,0,,2026-08-31T21:12:00.066751+00:00
001720,00136721,2015,Q1,2015-03-31,11013,CFS,NO_DATA,0,,2026-08-31T21:12:00.105597+00:00
001740,00131780,2015,Q1,2015-03-31,11013,CFS,NO_DATA,0,,2026-08-31T21:12:00.342536+00:00
001750,00162416,2015,Q1,2015-03-31,11013,CFS,NO_DATA,0,,2026-08-31T21:12:00.462404+00:00
001770,00137809,2015,Q1,2015-03-31,11013,CFS,NO_DATA,0,,2026-08-31T21:12:00.850417+00:00
001790,00113234,2015,Q1,2015-03-31,11013,CFS,NO_DATA,0,,2026-08-31T21:12:00.863648+00:00
001780,00117027,2015,Q1,2015-03-31,11013,CFS,NO_DATA,0,,2026-08-31T21:12:00.866177+00:00
001800,00117577,2015,Q1,2015-03-31,11013,CFS,NO_DATA,0,,2026-08-31T21:12:00.879049+00:00
001810,00121507,2015,Q1,2015-03-31,11013,CFS,NO_DATA,0,,2026-08-31T21:12:01.138337+00:00
001820,00129350,2015,Q1,2015-03-31,11013,CFS,NO_DATA,0,,2026-08-31T21:12:01.231500+00:00
001840,00145668,2015,Q1,2015-03-31,11013,CFS,NO_DATA,0,,2026-08-31T21:12:01.619496+00:00
001880,00128971,2015,Q1,2015-03-31,11013,CFS,NO_DATA,0,,2026-08-31T21:12:01.664959+00:00
001940,00159740,2015,Q1,2015-03-31,11013,CFS,NO_DATA,0,,2026-08-31T21:12:01.666858+00:00
002000,00159005,2015,Q1,2015-03-31,11013,CFS,NO_DATA,0,,2026-08-31T21:12:01.680975+00:00
002020,00152862,2015,Q1,2015-03-31,11013,CFS,NO_DATA,0,,2026-08-31T21:12:01.919485+00:00
002030,00138701,2015,Q1,2015-03-31,11013,CFS,NO_DATA,0,,2026-08-31T21:12:02.008445+00:00
002070,00107677,2015,Q1,2015-03-31,11013,CFS,NO_DATA,0,,2026-08-31T21:12:02.395759+00:00
002140,00102751,2015,Q1,2015-03-31,11013,CFS,NO_DATA,0,,2026-08-31T21:12:02.465439+00:00
002150,00114552,2015,Q1,2015-03-31,11013,CFS,NO_DATA,0,,2026-08-31T21:12:02.474425+00:00
002100,00101433,2015,Q1,2015-03-31,11013,CFS,NO_DATA,0,,2026-08-31T21:12:02.477248+00:00
002170,00127042,2015,Q1,2015-03-31,11013,CFS,NO_DATA,0,,2026-08-31T21:12:02.703138+00:00
002200,00158112,2015,Q1,2015-03-31,11013,CFS,NO_DATA,0,,2026-08-31T21:12:02.792338+00:00
002210,00116268,2015,Q1,2015-03-31,11013,CFS,NO_DATA,0,,2026-08-31T21:12:03.193927+00:00
002220,00163196,2015,Q1,2015-03-31,11013,CFS,NO_DATA,0,,2026-08-31T21:12:03.256523+00:00
002240,00103006,2015,Q1,2015-03-31,11013,CFS,NO_DATA,0,,2026-08-31T21:12:03.259160+00:00
002230,00155638,2015,Q1,2015-03-31,11013,CFS,NO_DATA,0,,2026-08-31T21:12:03.262079+00:00
002250,00105244,2015,Q1,2015-03-31,11013,CFS,NO_DATA,0,,2026-08-31T21:12:03.473883+00:00
002270,00120508,2015,Q1,2015-03-31,11013,CFS,NO_DATA,0,,2026-08-31T21:12:03.574321+00:00
002290,00127936,2015,Q1,2015-03-31,11013,CFS,NO_DATA,0,,2026-08-31T21:12:03.973394+00:00
002310,00138729,2015,Q1,2015-03-31,11013,CFS,NO_DATA,0,,2026-08-31T21:12:04.069784+00:00
002300,00159412,2015,Q1,2015-03-31,11013,CFS,NO_DATA,0,,2026-08-31T21:12:04.071876+00:00
002320,00163512,2015,Q1,2015-03-31,11013,CFS,NO_DATA,0,,2026-08-31T21:12:04.076304+00:00
002350,00173874,2015,Q1,2015-03-31,11013,CFS,NO_DATA,0,,2026-08-31T21:12:04.260368+00:00
002360,00136457,2015,Q1,2015-03-31,11013,CFS,NO_DATA,0,,2026-08-31T21:12:04.360135+00:00
002380,00105271,2015,Q1,2015-03-31,11013,CFS,NO_DATA,0,,2026-08-31T21:12:04.747802+00:00
002420,00133618,2015,Q1,2015-03-31,11013,CFS,NO_DATA,0,,2026-08-31T21:12:04.965531+00:00
002410,00122694,2015,Q1,2015-03-31,11013,CFS,NO_DATA,0,,2026-08-31T21:12:04.967941+00:00
002390,00161046,2015,Q1,2015-03-31,11013,CFS,NO_DATA,0,,2026-08-31T21:12:04.970369+00:00
002450,00127857,2015,Q1,2015-03-31,11013,CFS,NO_DATA,0,,2026-08-31T21:12:05.049141+00:00
002460,00174527,2015,Q1,2015-03-31,11013,CFS,NO_DATA,0,,2026-08-31T21:12:05.136278+00:00
002550,00120216,2015,Q1,2015-03-31,11013,CFS,NO_DATA,0,,2026-08-31T21:12:05.531609+00:00
002600,00149345,2015,Q1,2015-03-31,11013,CFS,NO_DATA,0,,2026-08-31T21:12:05.748789+00:00
002630,00141626,2015,Q1,2015-03-31,11013,CFS,NO_DATA,0,,2026-08-31T21:12:05.765064+00:00
002620,00148443,2015,Q1,2015-03-31,11013,CFS,NO_DATA,0,,2026-08-31T21:12:05.768085+00:00
002680,00140566,2015,Q1,2015-03-31,11013,CFS,NO_DATA,0,,2026-08-31T21:12:05.840020+00:00
002690,00118451,2015,Q1,2015-03-31,11013,CFS,NO_DATA,0,,2026-08-31T21:12:05.918331+00:00
002700,00173698,2015,Q1,2015-03-31,11013,CFS,NO_DATA,0,,2026-08-31T21:12:06.303654+00:00
002710,00117300,2015,Q1,2015-03-31,11013,CFS,NO_DATA,0,,2026-08-31T21:12:06.526057+00:00
002720,00104722,2015,Q1,2015-03-31,11013,CFS,NO_DATA,0,,2026-08-31T21:12:06.551696+00:00
002760,00123107,2015,Q1,2015-03-31,11013,CFS,NO_DATA,0,,2026-08-31T21:12:06.555066+00:00
002780,00150828,2015,Q1,2015-03-31,11013,CFS,NO_DATA,0,,2026-08-31T21:12:06.619410+00:00
002790,00154462,2015,Q1,2015-03-31,11013,CFS,NO_DATA,0,,2026-08-31T21:12:06.683802+00:00
002810,00127167,2015,Q1,2015-03-31,11013,CFS,NO_DATA,0,,2026-08-31T21:12:07.080577+00:00
002820,00132211,2015,Q1,2015-03-31,11013,CFS,NO_DATA,0,,2026-08-31T21:12:07.311163+00:00
002840,00121932,2015,Q1,2015-03-31,11013,CFS,NO_DATA,0,,2026-08-31T21:12:07.326611+00:00
002870,00137368,2015,Q1,2015-03-31,11013,CFS,NO_DATA,0,,2026-08-31T21:12:07.344681+00:00
002880,00149804,2015,Q1,2015-03-31,11013,CFS,NO_DATA,0,,2026-08-31T21:12:07.405721+00:00
002900,00117230,2015,Q1,2015-03-31,11013,CFS,NO_DATA,0,,2026-08-31T21:12:07.448973+00:00
002920,00174004,2015,Q1,2015-03-31,11013,CFS,NO_DATA,0,,2026-08-31T21:12:07.865803+00:00
002960,00158149,2015,Q1,2015-03-31,11013,CFS,NO_DATA,0,,2026-08-31T21:12:08.094781+00:00
002990,00106313,2015,Q1,2015-03-31,11013,CFS,NO_DATA,0,,2026-08-31T21:12:08.111841+00:00
003000,00123718,2015,Q1,2015-03-31,11013,CFS,NO_DATA,0,,2026-08-31T21:12:08.133735+00:00
003010,00165343,2015,Q1,2015-03-31,11013,CFS,NO_DATA,0,,2026-08-31T21:12:08.178813+00:00
003030,00124197,2015,Q1,2015-03-31,11013,CFS,NO_DATA,0,,2026-08-31T21:12:08.215559+00:00
003060,00101044,2015,Q1,2015-03-31,11013,CFS,NO_DATA,0,,2026-08-31T21:12:08.642403+00:00
003070,00152880,2015,Q1,2015-03-31,11013,CFS,NO_DATA,0,,2026-08-31T21:12:08.879339+00:00
003080,00132725,2015,Q1,2015-03-31,11013,CFS,NO_DATA,0,,2026-08-31T21:12:08.889742+00:00
003090,00111810,2015,Q1,2015-03-31,11013,CFS,NO_DATA,0,,2026-08-31T21:12:08.919555+00:00
003100,00131896,2015,Q1,2015-03-31,11013,CFS,NO_DATA,0,,2026-08-31T21:12:08.953475+00:00
003120,00146214,2015,Q1,2015-03-31,11013,CFS,NO_DATA,0,,2026-08-31T21:12:08.996391+00:00
003160,00118275,2015,Q1,2015-03-31,11013,CFS,NO_DATA,0,,2026-08-31T21:12:09.426883+00:00
003200,00146269,2015,Q1,2015-03-31,11013,CFS,NO_DATA,0,,2026-08-31T21:12:09.659360+00:00
003220,00111999,2015,Q1,2015-03-31,11013,CFS,NO_DATA,0,,2026-08-31T21:12:09.677945+00:00
003230,00126955,2015,Q1,2015-03-31,11013,CFS,NO_DATA,0,,2026-08-31T21:12:09.694750+00:00
003240,00153393,2015,Q1,2015-03-31,11013,CFS,NO_DATA,0,,2026-08-31T21:12:09.729757+00:00
003280,00167208,2015,Q1,2015-03-31,11013,CFS,NO_DATA,0,,2026-08-31T21:12:09.785059+00:00
003300,00162993,2015,Q1,2015-03-31,11013,CFS,NO_DATA,0,,2026-08-31T21:12:10.194317+00:00
003310,00112457,2015,Q1,2015-03-31,11013,CFS,NO_DATA,0,,2026-08-31T21:12:10.436718+00:00
003350,00160621,2015,Q1,2015-03-31,11013,CFS,NO_DATA,0,,2026-08-31T21:12:10.457253+00:00
003380,00148364,2015,Q1,2015-03-31,11013,CFS,NO_DATA,0,,2026-08-31T21:12:10.476192+00:00
003410,00138224,2015,Q1,2015-03-31,11013,CFS,NO_DATA,0,,2026-08-31T21:12:10.495487+00:00
003450,00164876,2015,Q1,2015-03-31,11013,CFS,NO_DATA,0,,2026-08-31T21:12:10.569396+00:00
003460,00145190,2015,Q1,2015-03-31,11013,CFS,NO_DATA,0,,2026-08-31T21:12:10.969394+00:00
003470,00117601,2015,Q1,2015-03-31,11013,CFS,NO_DATA,0,,2026-08-31T21:12:11.243907+00:00
003490,00113526,2015,Q1,2015-03-31,11013,CFS,NO_DATA,0,,2026-08-31T21:12:11.247451+00:00
003480,00163673,2015,Q1,2015-03-31,11013,CFS,NO_DATA,0,,2026-08-31T21:12:11.267300+00:00
003520,00141149,2015,Q1,2015-03-31,11013,CFS,NO_DATA,0,,2026-08-31T21:12:11.270307+00:00
003530,00148610,2015,Q1,2015-03-31,11013,CFS,NO_DATA,0,,2026-08-31T21:12:11.353212+00:00
003540,00110893,2015,Q1,2015-03-31,11013,CFS,NO_DATA,0,,2026-08-31T21:12:11.752945+00:00
003550,00120021,2015,Q1,2015-03-31,11013,CFS,NO_DATA,0,,2026-08-31T21:12:12.036140+00:00
003560,00154426,2015,Q1,2015-03-31,11013,CFS,NO_DATA,0,,2026-08-31T21:12:12.038584+00:00
003580,00169048,2015,Q1,2015-03-31,11013,CFS,NO_DATA,0,,2026-08-31T21:12:12.060846+00:00
003570,00134477,2015,Q1,2015-03-31,11013,CFS,NO_DATA,0,,2026-08-31T21:12:12.064244+00:00
003600,00144155,2015,Q1,2015-03-31,11013,CFS,NO_DATA,0,,2026-08-31T21:12:12.138180+00:00
003610,00122348,2015,Q1,2015-03-31,11013,CFS,NO_DATA,0,,2026-08-31T21:12:12.534783+00:00
003620,00138242,2015,Q1,2015-03-31,11013,CFS,NO_DATA,0,,2026-08-31T21:12:12.818979+00:00
003640,00140380,2015,Q1,2015-03-31,11013,CFS,NO_DATA,0,,2026-08-31T21:12:12.829999+00:00
003650,00122056,2015,Q1,2015-03-31,11013,CFS,NO_DATA,0,,2026-08-31T21:12:12.851967+00:00
003670,00155276,2015,Q1,2015-03-31,11013,CFS,NO_DATA,0,,2026-08-31T21:12:12.854271+00:00
003680,00161860,2015,Q1,2015-03-31,11013,CFS,NO_DATA,0,,2026-08-31T21:12:12.906366+00:00
003690,00113191,2015,Q1,2015-03-31,11013,CFS,NO_DATA,0,,2026-08-31T21:12:13.322561+00:00
003720,00127255,2015,Q1,2015-03-31,11013,CFS,NO_DATA,0,,2026-08-31T21:12:13.605942+00:00
003780,00150439,2015,Q1,2015-03-31,11013,CFS,NO_DATA,0,,2026-08-31T21:12:13.633383+00:00
003800,00140052,2015,Q1,2015-03-31,11013,CFS,NO_DATA,0,,2026-08-31T21:12:13.646556+00:00
003830,00113544,2015,Q1,2015-03-31,11013,CFS,NO_DATA,0,,2026-08-31T21:12:13.651112+00:00
003850,00123143,2015,Q1,2015-03-31,11013,CFS,NO_DATA,0,,2026-08-31T21:12:13.688430+00:00
003920,00107598,2015,Q1,2015-03-31,11013,CFS,NO_DATA,0,,2026-08-31T21:12:14.103447+00:00
003940,00132105,2015,Q1,2015-03-31,11013,CFS,NO_DATA,0,,2026-08-31T21:12:14.388201+00:00
003960,00109718,2015,Q1,2015-03-31,11013,CFS,NO_DATA,0,,2026-08-31T21:12:14.428715+00:00
004000,00157681,2015,Q1,2015-03-31,11013,CFS,NO_DATA,0,,2026-08-31T21:12:14.445420+00:00
004020,00145880,2015,Q1,2015-03-31,11013,CFS,NO_DATA,0,,2026-08-31T21:12:14.461572+00:00
004060,00133511,2015,Q1,2015-03-31,11013,CFS,NO_DATA,0,,2026-08-31T21:12:14.472222+00:00
004080,00173795,2015,Q1,2015-03-31,11013,CFS,NO_DATA,0,,2026-08-31T21:12:14.885986+00:00
004090,00157991,2015,Q1,2015-03-31,11013,CFS,NO_DATA,0,,2026-08-31T21:12:15.182255+00:00
004100,00153755,2015,Q1,2015-03-31,11013,CFS,NO_DATA,0,,2026-08-31T21:12:15.197618+00:00
004130,00109170,2015,Q1,2015-03-31,11013,CFS,NO_DATA,0,,2026-08-31T21:12:15.221121+00:00
004140,00115287,2015,Q1,2015-03-31,11013,CFS,NO_DATA,0,,2026-08-31T21:12:15.247931+00:00
004150,00171636,2015,Q1,2015-03-31,11013,CFS,NO_DATA,0,,2026-08-31T21:12:15.252113+00:00
004170,00136378,2015,Q1,2015-03-31,11013,CFS,NO_DATA,0,,2026-08-31T21:12:15.669059+00:00
004200,00102681,2015,Q1,2015-03-31,11013,CFS,NO_DATA,0,,2026-08-31T21:12:15.963172+00:00
004250,00108038,2015,Q1,2015-03-31,11013,CFS,NO_DATA,0,,2026-08-31T21:12:15.981447+00:00
004270,00172185,2015,Q1,2015-03-31,11013,CFS,NO_DATA,0,,2026-08-31T21:12:15.996693+00:00
004320,00144766,2015,Q1,2015-03-31,11013,CFS,NO_DATA,0,,2026-08-31T21:12:16.039044+00:00
004310,00164706,2015,Q1,2015-03-31,11013,CFS,NO_DATA,0,,2026-08-31T21:12:16.041368+00:00
004360,00133812,2015,Q1,2015-03-31,11013,CFS,NO_DATA,0,,2026-08-31T21:12:16.455479+00:00
004370,00108241,2015,Q1,2015-03-31,11013,CFS,NO_DATA,0,,2026-08-31T21:12:16.763259+00:00
004380,00127802,2015,Q1,2015-03-31,11013,CFS,NO_DATA,0,,2026-08-31T21:12:16.777920+00:00
004410,00130879,2015,Q1,2015-03-31,11013,CFS,NO_DATA,0,,2026-08-31T21:12:16.790014+00:00
004430,00134963,2015,Q1,2015-03-31,11013,CFS,NO_DATA,0,,2026-08-31T21:12:16.830067+00:00
004450,00129235,2015,Q1,2015-03-31,11013,CFS,NO_DATA,0,,2026-08-31T21:12:16.834544+00:00
004490,00133858,2015,Q1,2015-03-31,11013,CFS,NO_DATA,0,,2026-08-31T21:12:17.229452+00:00
004540,00113492,2015,Q1,2015-03-31,11013,CFS,NO_DATA,0,,2026-08-31T21:12:17.549906+00:00
004590,00156442,2015,Q1,2015-03-31,11013,CFS,NO_DATA,0,,2026-08-31T21:12:17.562883+00:00
004560,00125743,2015,Q1,2015-03-31,11013,CFS,NO_DATA,0,,2026-08-31T21:12:17.565303+00:00
004690,00128555,2015,Q1,2015-03-31,11013,CFS,NO_DATA,0,,2026-08-31T21:12:17.622758+00:00
004650,00123523,2015,Q1,2015-03-31,11013,CFS,NO_DATA,0,,2026-08-31T21:12:17.624891+00:00
004700,00148939,2015,Q1,2015-03-31,11013,CFS,NO_DATA,0,,2026-08-31T21:12:18.047425+00:00
004740,00123152,2015,Q1,2015-03-31,11013,CFS,NO_DATA,0,,2026-08-31T21:12:18.345352+00:00
004710,00157399,2015,Q1,2015-03-31,11013,CFS,NO_DATA,0,,2026-08-31T21:12:18.350623+00:00
004720,00135050,2015,Q1,2015-03-31,11013,CFS,NO_DATA,0,,2026-08-31T21:12:18.357745+00:00
004770,00138057,2015,Q1,2015-03-31,11013,CFS,NO_DATA,0,,2026-08-31T21:12:18.406823+00:00
004780,00109587,2015,Q1,2015-03-31,11013,CFS,NO_DATA,0,,2026-08-31T21:12:18.410976+00:00
004800,00117188,2015,Q1,2015-03-31,11013,CFS,NO_DATA,0,,2026-08-31T21:12:18.824356+00:00
004830,00114093,2015,Q1,2015-03-31,11013,CFS,NO_DATA,0,,2026-08-31T21:12:19.141119+00:00
004840,00118266,2015,Q1,2015-03-31,11013,CFS,NO_DATA,0,,2026-08-31T21:12:19.149370+00:00
004870,00109514,2015,Q1,2015-03-31,11013,CFS,NO_DATA,0,,2026-08-31T21:12:19.155574+00:00
004890,00172936,2015,Q1,2015-03-31,11013,CFS,NO_DATA,0,,2026-08-31T21:12:19.192698+00:00
004910,00148920,2015,Q1,2015-03-31,11013,CFS,NO_DATA,0,,2026-08-31T21:12:19.203131+00:00
004920,00127158,2015,Q1,2015-03-31,11013,CFS,NO_DATA,0,,2026-08-31T21:12:19.618113+00:00
004960,00162063,2015,Q1,2015-03-31,11013,CFS,NO_DATA,0,,2026-08-31T21:12:19.930937+00:00
004970,00135962,2015,Q1,2015-03-31,11013,CFS,NO_DATA,0,,2026-08-31T21:12:19.941724+00:00
004980,00132804,2015,Q1,2015-03-31,11013,CFS,NO_DATA,0,,2026-08-31T21:12:19.944256+00:00
004990,00120562,2015,Q1,2015-03-31,11013,CFS,NO_DATA,0,,2026-08-31T21:12:19.982541+00:00
005010,00156488,2015,Q1,2015-03-31,11013,CFS,NO_DATA,0,,2026-08-31T21:12:19.985304+00:00
005030,00124151,2015,Q1,2015-03-31,11013,CFS,NO_DATA,0,,2026-08-31T21:12:20.404653+00:00
005070,00129989,2015,Q1,2015-03-31,11013,CFS,NO_DATA,0,,2026-08-31T21:12:20.711598+00:00
005090,00125150,2015,Q1,2015-03-31,11013,CFS,NO_DATA,0,,2026-08-31T21:12:20.727972+00:00
005110,00163716,2015,Q1,2015-03-31,11013,CFS,NO_DATA,0,,2026-08-31T21:12:20.736980+00:00
005160,00172680,2015,Q1,2015-03-31,11013,CFS,NO_DATA,0,,2026-08-31T21:12:20.785730+00:00
005180,00124726,2015,Q1,2015-03-31,11013,CFS,NO_DATA,0,,2026-08-31T21:12:20.810374+00:00
005190,00116356,2015,Q1,2015-03-31,11013,CFS,NO_DATA,0,,2026-08-31T21:12:21.196893+00:00
005250,00108135,2015,Q1,2015-03-31,11013,CFS,NO_DATA,0,,2026-08-31T21:12:21.494487+00:00
005290,00118804,2015,Q1,2015-03-31,11013,CFS,NO_DATA,0,,2026-08-31T21:12:21.509574+00:00
005300,00120571,2015,Q1,2015-03-31,11013,CFS,NO_DATA,0,,2026-08-31T21:12:21.527091+00:00
005320,00168331,2015,Q1,2015-03-31,11013,CFS,NO_DATA,0,,2026-08-31T21:12:21.565335+00:00
005360,00121288,2015,Q1,2015-03-31,11013,CFS,NO_DATA,0,,2026-08-31T21:12:21.583444+00:00
005380,00164742,2015,Q1,2015-03-31,11013,CFS,NO_DATA,0,,2026-08-31T21:12:21.978876+00:00
005390,00136341,2015,Q1,2015-03-31,11013,CFS,NO_DATA,0,,2026-08-31T21:12:22.304478+00:00
005420,00160302,2015,Q1,2015-03-31,11013,CFS,NO_DATA,0,,2026-08-31T21:12:22.314441+00:00
005430,00156691,2015,Q1,2015-03-31,11013,CFS,NO_DATA,0,,2026-08-31T21:12:22.319906+00:00
005450,00173740,2015,Q1,2015-03-31,11013,CFS,NO_DATA,0,,2026-08-31T21:12:22.345570+00:00
005440,00105280,2015,Q1,2015-03-31,11013,CFS,NO_DATA,0,,2026-08-31T21:12:22.348087+00:00
005490,00155319,2015,Q1,2015-03-31,11013,CFS,NO_DATA,0,,2026-08-31T21:12:22.753766+00:00
005500,00128412,2015,Q1,2015-03-31,11013,CFS,NO_DATA,0,,2026-08-31T21:12:23.094281+00:00
005620,00110495,2015,Q1,2015-03-31,11013,CFS,NO_DATA,0,,2026-08-31T21:12:23.110341+00:00
005610,00125530,2015,Q1,2015-03-31,11013,CFS,NO_DATA,0,,2026-08-31T21:12:23.112755+00:00
005670,00165103,2015,Q1,2015-03-31,11013,CFS,NO_DATA,0,,2026-08-31T21:12:23.129710+00:00
005680,00127200,2015,Q1,2015-03-31,11013,CFS,NO_DATA,0,,2026-08-31T21:12:23.148477+00:00
005690,00145163,2015,Q1,2015-03-31,11013,CFS,NO_DATA,0,,2026-08-31T21:12:23.521124+00:00
005710,00111874,2015,Q1,2015-03-31,11013,CFS,NO_DATA,0,,2026-08-31T21:12:23.884523+00:00
005720,00167192,2015,Q1,2015-03-31,11013,CFS,NO_DATA,0,,2026-08-31T21:12:23.894955+00:00
005740,00153126,2015,Q1,2015-03-31,11013,CFS,NO_DATA,0,,2026-08-31T21:12:23.897157+00:00
005800,00136624,2015,Q1,2015-03-31,11013,CFS,NO_DATA,0,,2026-08-31T21:12:23.928913+00:00
005750,00109754,2015,Q1,2015-03-31,11013,CFS,NO_DATA,0,,2026-08-31T21:12:23.931890+00:00
005810,00155531,2015,Q1,2015-03-31,11013,CFS,NO_DATA,0,,2026-08-31T21:12:24.296618+00:00
005820,00143794,2015,Q1,2015-03-31,11013,CFS,NO_DATA,0,,2026-08-31T21:12:24.674575+00:00
005830,00159102,2015,Q1,2015-03-31,11013,CFS,NO_DATA,0,,2026-08-31T21:12:24.681698+00:00
005850,00125521,2015,Q1,2015-03-31,11013,CFS,NO_DATA,0,,2026-08-31T21:12:24.684456+00:00
005860,00162911,2015,Q1,2015-03-31,11013,CFS,NO_DATA,0,,2026-08-31T21:12:24.721467+00:00
005870,00111421,2015,Q1,2015-03-31,11013,CFS,NO_DATA,0,,2026-08-31T21:12:24.723770+00:00
005880,00113535,2015,Q1,2015-03-31,11013,CFS,NO_DATA,0,,2026-08-31T21:12:25.059373+00:00
005950,00145552,2015,Q1,2015-03-31,11013,CFS,NO_DATA,0,,2026-08-31T21:12:25.472284+00:00
005930,00126380,2015,Q1,2015-03-31,11013,CFS,NO_DATA,0,,2026-08-31T21:12:25.487911+00:00
005940,00120182,2015,Q1,2015-03-31,11013,CFS,NO_DATA,0,,2026-08-31T21:12:25.490136+00:00
005980,00133238,2015,Q1,2015-03-31,11013,CFS,NO_DATA,0,,2026-08-31T21:12:25.513484+00:00
005960,00115612,2015,Q1,2015-03-31,11013,CFS,NO_DATA,0,,2026-08-31T21:12:25.515939+00:00
005990,00120924,2015,Q1,2015-03-31,11013,CFS,NO_DATA,0,,2026-08-31T21:12:25.846418+00:00
006040,00118026,2015,Q1,2015-03-31,11013,CFS,NO_DATA,0,,2026-08-31T21:12:26.270227+00:00
006060,00166227,2015,Q1,2015-03-31,11013,CFS,NO_DATA,0,,2026-08-31T21:12:26.285690+00:00
006050,00104537,2015,Q1,2015-03-31,11013,CFS,NO_DATA,0,,2026-08-31T21:12:26.288837+00:00
006090,00141875,2015,Q1,2015-03-31,11013,CFS,NO_DATA,0,,2026-08-31T21:12:26.297633+00:00
006110,00126779,2015,Q1,2015-03-31,11013,CFS,NO_DATA,0,,2026-08-31T21:12:26.324800+00:00
006120,00131832,2015,Q1,2015-03-31,11013,CFS,NO_DATA,0,,2026-08-31T21:12:26.645045+00:00
006140,00155735,2015,Q1,2015-03-31,11013,CFS,NO_DATA,0,,2026-08-31T21:12:27.054145+00:00
006200,00159254,2015,Q1,2015-03-31,11013,CFS,NO_DATA,0,,2026-08-31T21:12:27.083336+00:00
006260,00105952,2015,Q1,2015-03-31,11013,CFS,NO_DATA,0,,2026-08-31T21:12:27.094843+00:00
006280,00129679,2015,Q1,2015-03-31,11013,CFS,NO_DATA,0,,2026-08-31T21:12:27.097099+00:00
006220,00148832,2015,Q1,2015-03-31,11013,CFS,NO_DATA,0,,2026-08-31T21:12:27.277135+00:00
006340,00260392,2015,Q1,2015-03-31,11013,CFS,NO_DATA,0,,2026-08-31T21:12:27.422733+00:00
006360,00120030,2015,Q1,2015-03-31,11013,CFS,NO_DATA,0,,2026-08-31T21:12:27.826318+00:00
006370,00108977,2015,Q1,2015-03-31,11013,CFS,NO_DATA,0,,2026-08-31T21:12:27.864276+00:00
006390,00164672,2015,Q1,2015-03-31,11013,CFS,NO_DATA,0,,2026-08-31T21:12:27.876820+00:00
006380,00159810,2015,Q1,2015-03-31,11013,CFS,NO_DATA,0,,2026-08-31T21:12:27.879205+00:00
006400,00126362,2015,Q1,2015-03-31,11013,CFS,NO_DATA,0,,2026-08-31T21:12:28.061842+00:00
006490,00122825,2015,Q1,2015-03-31,11013,CFS,NO_DATA,0,,2026-08-31T21:12:28.188918+00:00
006570,00109824,2015,Q1,2015-03-31,11013,CFS,NO_DATA,0,,2026-08-31T21:12:28.622708+00:00
006580,00111227,2015,Q1,2015-03-31,11013,CFS,NO_DATA,0,,2026-08-31T21:12:28.654013+00:00
006650,00260383,2015,Q1,2015-03-31,11013,CFS,NO_DATA,0,,2026-08-31T21:12:28.676264+00:00
006660,00126201,2015,Q1,2015-03-31,11013,CFS,NO_DATA,0,,2026-08-31T21:12:28.678824+00:00
006730,00130383,2015,Q1,2015-03-31,11013,CFS,NO_DATA,0,,2026-08-31T21:12:28.848894+00:00
006740,00141404,2015,Q1,2015-03-31,11013,CFS,NO_DATA,0,,2026-08-31T21:12:28.969633+00:00
006800,00111722,2015,Q1,2015-03-31,11013,CFS,NO_DATA,0,,2026-08-31T21:12:29.411011+00:00
006840,00125080,2015,Q1,2015-03-31,11013,CFS,NO_DATA,0,,2026-08-31T21:12:29.435603+00:00
006890,00109161,2015,Q1,2015-03-31,11013,CFS,NO_DATA,0,,2026-08-31T21:12:29.469619+00:00
006880,00136402,2015,Q1,2015-03-31,11013,CFS,NO_DATA,0,,2026-08-31T21:12:29.475011+00:00
006910,00267881,2015,Q1,2015-03-31,11013,CFS,NO_DATA,0,,2026-08-31T21:12:29.651108+00:00
006920,00163318,2015,Q1,2015-03-31,11013,CFS,NO_DATA,0,,2026-08-31T21:12:29.799451+00:00
006980,00142661,2015,Q1,2015-03-31,11013,CFS,NO_DATA,0,,2026-08-31T21:12:30.196039+00:00
007070,00140177,2015,Q1,2015-03-31,11013,CFS,NO_DATA,0,,2026-08-31T21:12:30.228497+00:00
007120,00104786,2015,Q1,2015-03-31,11013,CFS,NO_DATA,0,,2026-08-31T21:12:30.259760+00:00
007110,00146296,2015,Q1,2015-03-31,11013,CFS,NO_DATA,0,,2026-08-31T21:12:30.262349+00:00
007160,00124799,2015,Q1,2015-03-31,11013,CFS,NO_DATA,0,,2026-08-31T21:12:30.423371+00:00
007190,00137702,2015,Q1,2015-03-31,11013,CFS,NO_DATA,0,,2026-08-31T21:12:30.588234+00:00
007210,00122898,2015,Q1,2015-03-31,11013,CFS,NO_DATA,0,,2026-08-31T21:12:30.981828+00:00
007280,00124090,2015,Q1,2015-03-31,11013,CFS,NO_DATA,0,,2026-08-31T21:12:31.023783+00:00
007310,00141529,2015,Q1,2015-03-31,11013,CFS,NO_DATA,0,,2026-08-31T21:12:31.047907+00:00
007330,00124805,2015,Q1,2015-03-31,11013,CFS,NO_DATA,0,,2026-08-31T21:12:31.061771+00:00
007340,00116949,2015,Q1,2015-03-31,11013,CFS,NO_DATA,0,,2026-08-31T21:12:31.207082+00:00
007370,00150536,2015,Q1,2015-03-31,11013,CFS,NO_DATA,0,,2026-08-31T21:12:31.368792+00:00
007390,00117276,2015,Q1,2015-03-31,11013,CFS,NO_DATA,0,,2026-08-31T21:12:31.769650+00:00
007460,00152385,2015,Q1,2015-03-31,11013,CFS,NO_DATA,0,,2026-08-31T21:12:31.811235+00:00
007530,00140858,2015,Q1,2015-03-31,11013,CFS,NO_DATA,0,,2026-08-31T21:12:31.839452+00:00
007540,00130091,2015,Q1,2015-03-31,11013,CFS,NO_DATA,0,,2026-08-31T21:12:31.892699+00:00
007570,00146454,2015,Q1,2015-03-31,11013,CFS,NO_DATA,0,,2026-08-31T21:12:31.999958+00:00
007590,00115384,2015,Q1,2015-03-31,11013,CFS,NO_DATA,0,,2026-08-31T21:12:32.155667+00:00
007610,00131939,2015,Q1,2015-03-31,11013,CFS,NO_DATA,0,,2026-08-31T21:12:32.540280+00:00
007630,00167280,2015,Q1,2015-03-31,11013,CFS,NO_DATA,0,,2026-08-31T21:12:32.583073+00:00
007660,00107613,2015,Q1,2015-03-31,11013,CFS,NO_DATA,0,,2026-08-31T21:12:32.618711+00:00
007690,00104388,2015,Q1,2015-03-31,11013,CFS,NO_DATA,0,,2026-08-31T21:12:32.673169+00:00
007700,00126487,2015,Q1,2015-03-31,11013,CFS,NO_DATA,0,,2026-08-31T21:12:32.797959+00:00
007720,00104810,2015,Q1,2015-03-31,11013,CFS,NO_DATA,0,,2026-08-31T21:12:32.936291+00:00
007770,00267979,2015,Q1,2015-03-31,11013,CFS,NO_DATA,0,,2026-08-31T21:12:33.324509+00:00
007810,00152686,2015,Q1,2015-03-31,11013,CFS,NO_DATA,0,,2026-08-31T21:12:33.354846+00:00
007820,00137915,2015,Q1,2015-03-31,11013,CFS,NO_DATA,0,,2026-08-31T21:12:33.394117+00:00
007860,00163114,2015,Q1,2015-03-31,11013,CFS,NO_DATA,0,,2026-08-31T21:12:33.446923+00:00
007980,00154329,2015,Q1,2015-03-31,11013,CFS,NO_DATA,0,,2026-08-31T21:12:33.568216+00:00
008000,00148717,2015,Q1,2015-03-31,11013,CFS,NO_DATA,0,,2026-08-31T21:12:33.720273+00:00
008020,00101336,2015,Q1,2015-03-31,11013,CFS,NO_DATA,0,,2026-08-31T21:12:34.103566+00:00
008040,00137252,2015,Q1,2015-03-31,11013,CFS,NO_DATA,0,,2026-08-31T21:12:34.153960+00:00
008060,00109189,2015,Q1,2015-03-31,11013,CFS,NO_DATA,0,,2026-08-31T21:12:34.203100+00:00
008110,00157104,2015,Q1,2015-03-31,11013,CFS,NO_DATA,0,,2026-08-31T21:12:34.230849+00:00
008250,00145446,2015,Q1,2015-03-31,11013,CFS,NO_DATA,0,,2026-08-31T21:12:34.340360+00:00
008260,00116301,2015,Q1,2015-03-31,11013,CFS,NO_DATA,0,,2026-08-31T21:12:34.516917+00:00
008290,00144021,2015,Q1,2015-03-31,11013,CFS,NO_DATA,0,,2026-08-31T21:12:34.889767+00:00
008350,00107224,2015,Q1,2015-03-31,11013,CFS,NO_DATA,0,,2026-08-31T21:12:34.939567+00:00
008370,00144012,2015,Q1,2015-03-31,11013,CFS,NO_DATA,0,,2026-08-31T21:12:34.977149+00:00
008420,00121570,2015,Q1,2015-03-31,11013,CFS,NO_DATA,0,,2026-08-31T21:12:35.003708+00:00
008470,00124276,2015,Q1,2015-03-31,11013,CFS,NO_DATA,0,,2026-08-31T21:12:35.127499+00:00
008490,00131692,2015,Q1,2015-03-31,11013,CFS,NO_DATA,0,,2026-08-31T21:12:35.303370+00:00
008500,00146542,2015,Q1,2015-03-31,11013,CFS,NO_DATA,0,,2026-08-31T21:12:35.673174+00:00
008560,00163682,2015,Q1,2015-03-31,11013,CFS,NO_DATA,0,,2026-08-31T21:12:35.729413+00:00
008600,00104999,2015,Q1,2015-03-31,11013,CFS,NO_DATA,0,,2026-08-31T21:12:35.763727+00:00
008700,00138516,2015,Q1,2015-03-31,11013,CFS,NO_DATA,0,,2026-08-31T21:12:35.769899+00:00
008730,00145260,2015,Q1,2015-03-31,11013,CFS,NO_DATA,0,,2026-08-31T21:12:35.900518+00:00
008770,00165680,2015,Q1,2015-03-31,11013,CFS,NO_DATA,0,,2026-08-31T21:12:36.086153+00:00
008800,00164362,2015,Q1,2015-03-31,11013,CFS,NO_DATA,0,,2026-08-31T21:12:36.453661+00:00
008830,00109310,2015,Q1,2015-03-31,11013,CFS,NO_DATA,0,,2026-08-31T21:12:36.510168+00:00
008870,00168401,2015,Q1,2015-03-31,11013,CFS,NO_DATA,0,,2026-08-31T21:12:36.540901+00:00
008900,00138127,2015,Q1,2015-03-31,11013,CFS,NO_DATA,0,,2026-08-31T21:12:36.560388+00:00
008930,00161426,2015,Q1,2015-03-31,11013,CFS,NO_DATA,0,,2026-08-31T21:12:36.690012+00:00
008970,00117629,2015,Q1,2015-03-31,11013,CFS,NO_DATA,0,,2026-08-31T21:12:36.867047+00:00
009070,00103042,2015,Q1,2015-03-31,11013,CFS,NO_DATA,0,,2026-08-31T21:12:37.245905+00:00
009140,00102140,2015,Q1,2015-03-31,11013,CFS,NO_DATA,0,,2026-08-31T21:12:37.298411+00:00
009150,00126371,2015,Q1,2015-03-31,11013,CFS,NO_DATA,0,,2026-08-31T21:12:37.320169+00:00
009160,00138260,2015,Q1,2015-03-31,11013,CFS,NO_DATA,0,,2026-08-31T21:12:37.343442+00:00
009180,00140946,2015,Q1,2015-03-31,11013,CFS,NO_DATA,0,,2026-08-31T21:12:37.479234+00:00
009190,00111111,2015,Q1,2015-03-31,11013,CFS,NO_DATA,0,,2026-08-31T21:12:37.643189+00:00
009200,00136086,2015,Q1,2015-03-31,11013,CFS,NO_DATA,0,,2026-08-31T21:12:38.022055+00:00
009240,00161693,2015,Q1,2015-03-31,11013,CFS,NO_DATA,0,,2026-08-31T21:12:38.073375+00:00
009270,00136864,2015,Q1,2015-03-31,11013,CFS,NO_DATA,0,,2026-08-31T21:12:38.114583+00:00
009290,00103592,2015,Q1,2015-03-31,11013,CFS,NO_DATA,0,,2026-08-31T21:12:38.132020+00:00
009300,00126788,2015,Q1,2015-03-31,11013,CFS,NO_DATA,0,,2026-08-31T21:12:38.256124+00:00
009310,00153621,2015,Q1,2015-03-31,11013,CFS,NO_DATA,0,,2026-08-31T21:12:38.418262+00:00
009320,00111689,2015,Q1,2015-03-31,11013,CFS,NO_DATA,0,,2026-08-31T21:12:38.795689+00:00
009410,00153861,2015,Q1,2015-03-31,11013,CFS,NO_DATA,0,,2026-08-31T21:12:38.844129+00:00
009420,00162586,2015,Q1,2015-03-31,11013,CFS,NO_DATA,0,,2026-08-31T21:12:38.893151+00:00
009440,00159971,2015,Q1,2015-03-31,11013,CFS,NO_DATA,0,,2026-08-31T21:12:38.909482+00:00
009450,00101488,2015,Q1,2015-03-31,11013,CFS,NO_DATA,0,,2026-08-31T21:12:39.039076+00:00
009460,00163761,2015,Q1,2015-03-31,11013,CFS,NO_DATA,0,,2026-08-31T21:12:39.197500+00:00
009470,00129271,2015,Q1,2015-03-31,11013,CFS,NO_DATA,0,,2026-08-31T21:12:39.572499+00:00
009520,00128111,2015,Q1,2015-03-31,11013,CFS,NO_DATA,0,,2026-08-31T21:12:39.643931+00:00
009540,00164830,2015,Q1,2015-03-31,11013,CFS,NO_DATA,0,,2026-08-31T21:12:39.678623+00:00
009580,00119007,2015,Q1,2015-03-31,11013,CFS,NO_DATA,0,,2026-08-31T21:12:39.697271+00:00
009620,00125822,2015,Q1,2015-03-31,11013,CFS,NO_DATA,0,,2026-08-31T21:12:39.815755+00:00
009680,00151128,2015,Q1,2015-03-31,11013,CFS,NO_DATA,0,,2026-08-31T21:12:39.964514+00:00
009730,00116426,2015,Q1,2015-03-31,11013,CFS,NO_DATA,0,,2026-08-31T21:12:40.362938+00:00
009770,00128227,2015,Q1,2015-03-31,11013,CFS,NO_DATA,0,,2026-08-31T21:12:40.429399+00:00
009780,00121154,2015,Q1,2015-03-31,11013,CFS,NO_DATA,0,,2026-08-31T21:12:40.450311+00:00
009810,00103130,2015,Q1,2015-03-31,11013,CFS,NO_DATA,0,,2026-08-31T21:12:40.470827+00:00
009830,00162461,2015,Q1,2015-03-31,11013,CFS,NO_DATA,0,,2026-08-31T21:12:40.594627+00:00
009970,00140964,2015,Q1,2015-03-31,11013,CFS,NO_DATA,0,,2026-08-31T21:12:40.747859+00:00
010040,00160205,2015,Q1,2015-03-31,11013,CFS,NO_DATA,0,,2026-08-31T21:12:41.136667+00:00
010050,00104102,2015,Q1,2015-03-31,11013,CFS,NO_DATA,0,,2026-08-31T21:12:41.203198+00:00
010060,00148896,2015,Q1,2015-03-31,11013,CFS,NO_DATA,0,,2026-08-31T21:12:41.226699+00:00
010100,00160418,2015,Q1,2015-03-31,11013,CFS,NO_DATA,0,,2026-08-31T21:12:41.232854+00:00
010120,00105855,2015,Q1,2015-03-31,11013,CFS,NO_DATA,0,,2026-08-31T21:12:41.478270+00:00
010130,00102858,2015,Q1,2015-03-31,11013,CFS,NO_DATA,0,,2026-08-31T21:12:41.517743+00:00
010140,00126478,2015,Q1,2015-03-31,11013,CFS,NO_DATA,0,,2026-08-31T21:12:41.922597+00:00
010170,00113261,2015,Q1,2015-03-31,11013,CFS,NO_DATA,0,,2026-08-31T21:12:41.971368+00:00
010240,00167031,2015,Q1,2015-03-31,11013,CFS,NO_DATA,0,,2026-08-31T21:12:41.994046+00:00
010280,00138303,2015,Q1,2015-03-31,11013,CFS,NO_DATA,0,,2026-08-31T21:12:42.019509+00:00
010420,00103626,2015,Q1,2015-03-31,11013,CFS,NO_DATA,0,,2026-08-31T21:12:42.255585+00:00
010470,00141671,2015,Q1,2015-03-31,11013,CFS,NO_DATA,0,,2026-08-31T21:12:42.286798+00:00
010520,00164469,2015,Q1,2015-03-31,11013,CFS,NO_DATA,0,,2026-08-31T21:12:42.701977+00:00
010580,00147860,2015,Q1,2015-03-31,11013,CFS,NO_DATA,0,,2026-08-31T21:12:42.759747+00:00
010600,00141273,2015,Q1,2015-03-31,11013,CFS,NO_DATA,0,,2026-08-31T21:12:42.769234+00:00
010620,00164609,2015,Q1,2015-03-31,11013,CFS,NO_DATA,0,,2026-08-31T21:12:42.789105+00:00
010640,00160375,2015,Q1,2015-03-31,11013,CFS,NO_DATA,0,,2026-08-31T21:12:43.043103+00:00
010660,00166500,2015,Q1,2015-03-31,11013,CFS,NO_DATA,0,,2026-08-31T21:12:43.068155+00:00
010690,00166315,2015,Q1,2015-03-31,11013,CFS,NO_DATA,0,,2026-08-31T21:12:43.475730+00:00
010780,00115977,2015,Q1,2015-03-31,11013,CFS,NO_DATA,0,,2026-08-31T21:12:43.547126+00:00
010770,00155124,2015,Q1,2015-03-31,11013,CFS,NO_DATA,0,,2026-08-31T21:12:43.549572+00:00
010820,00148522,2015,Q1,2015-03-31,11013,CFS,NO_DATA,0,,2026-08-31T21:12:43.576810+00:00
010950,00138279,2015,Q1,2015-03-31,11013,CFS,NO_DATA,0,,2026-08-31T21:12:43.818776+00:00
010960,00128980,2015,Q1,2015-03-31,11013,CFS,NO_DATA,0,,2026-08-31T21:12:43.840501+00:00
011000,00118521,2015,Q1,2015-03-31,11013,CFS,NO_DATA,0,,2026-08-31T21:12:44.271681+00:00
011070,00105961,2015,Q1,2015-03-31,11013,CFS,NO_DATA,0,,2026-08-31T21:12:44.330412+00:00
011080,00142713,2015,Q1,2015-03-31,11013,CFS,NO_DATA,0,,2026-08-31T21:12:44.349945+00:00
011040,00101549,2015,Q1,2015-03-31,11013,CFS,NO_DATA,0,,2026-08-31T21:12:44.578715+00:00
011090,00139764,2015,Q1,2015-03-31,11013,CFS,NO_DATA,0,,2026-08-31T21:12:44.602726+00:00
011150,00129013,2015,Q1,2015-03-31,11013,CFS,NO_DATA,0,,2026-08-31T21:12:44.631804+00:00
011160,00102760,2015,Q1,2015-03-31,11013,CFS,NO_DATA,0,,2026-08-31T21:12:45.050033+00:00
011170,00165413,2015,Q1,2015-03-31,11013,CFS,NO_DATA,0,,2026-08-31T21:12:45.130677+00:00
011200,00164645,2015,Q1,2015-03-31,11013,CFS,NO_DATA,0,,2026-08-31T21:12:45.144664+00:00
011210,00106623,2015,Q1,2015-03-31,11013,CFS,NO_DATA,0,,2026-08-31T21:12:45.357229+00:00
011230,00129280,2015,Q1,2015-03-31,11013,CFS,NO_DATA,0,,2026-08-31T21:12:45.375109+00:00
011280,00153524,2015,Q1,2015-03-31,11013,CFS,NO_DATA,0,,2026-08-31T21:12:45.412416+00:00
011300,00132868,2015,Q1,2015-03-31,11013,CFS,NO_DATA,0,,2026-08-31T21:12:45.817821+00:00
011320,00147152,2015,Q1,2015-03-31,11013,CFS,NO_DATA,0,,2026-08-31T21:12:45.905083+00:00
011330,00137207,2015,Q1,2015-03-31,11013,CFS,NO_DATA,0,,2026-08-31T21:12:45.929906+00:00
011370,00131504,2015,Q1,2015-03-31,11013,CFS,NO_DATA,0,,2026-08-31T21:12:46.152926+00:00
011390,00124027,2015,Q1,2015-03-31,11013,CFS,NO_DATA,0,,2026-08-31T21:12:46.155527+00:00
011420,00129554,2015,Q1,2015-03-31,11013,CFS,NO_DATA,0,,2026-08-31T21:12:46.220096+00:00
011500,00160861,2015,Q1,2015-03-31,11013,CFS,NO_DATA,0,,2026-08-31T21:12:46.611361+00:00
011560,00133876,2015,Q1,2015-03-31,11013,CFS,NO_DATA,0,,2026-08-31T21:12:46.686904+00:00
011690,00144720,2015,Q1,2015-03-31,11013,CFS,NO_DATA,0,,2026-08-31T21:12:46.703694+00:00
011700,00162072,2015,Q1,2015-03-31,11013,CFS,NO_DATA,0,,2026-08-31T21:12:46.940818+00:00
011720,00164955,2015,Q1,2015-03-31,11013,CFS,NO_DATA,0,,2026-08-31T21:12:46.942824+00:00
011760,00164812,2015,Q1,2015-03-31,11013,CFS,NO_DATA,0,,2026-08-31T21:12:46.995872+00:00
011780,00106368,2015,Q1,2015-03-31,11013,CFS,NO_DATA,0,,2026-08-31T21:12:47.389457+00:00
011790,00139889,2015,Q1,2015-03-31,11013,CFS,NO_DATA,0,,2026-08-31T21:12:47.462763+00:00
011810,00138297,2015,Q1,2015-03-31,11013,CFS,NO_DATA,0,,2026-08-31T21:12:47.483904+00:00
012030,00163345,2015,Q1,2015-03-31,11013,CFS,NO_DATA,0,,2026-08-31T21:12:47.721195+00:00
011930,00136271,2015,Q1,2015-03-31,11013,CFS,NO_DATA,0,,2026-08-31T21:12:47.734903+00:00
012160,00141477,2015,Q1,2015-03-31,11013,CFS,NO_DATA,0,,2026-08-31T21:12:47.791330+00:00
012170,00145437,2015,Q1,2015-03-31,11013,CFS,NO_DATA,0,,2026-08-31T21:12:48.165048+00:00
012200,00102618,2015,Q1,2015-03-31,11013,CFS,NO_DATA,0,,2026-08-31T21:12:48.236284+00:00
012280,00141413,2015,Q1,2015-03-31,11013,CFS,NO_DATA,0,,2026-08-31T21:12:48.258255+00:00
012320,00143527,2015,Q1,2015-03-31,11013,CFS,NO_DATA,0,,2026-08-31T21:12:48.502870+00:00
012330,00164788,2015,Q1,2015-03-31,11013,CFS,NO_DATA,0,,2026-08-31T21:12:48.510330+00:00
012340,00105040,2015,Q1,2015-03-31,11013,CFS,NO_DATA,0,,2026-08-31T21:12:48.564896+00:00
012450,00126566,2015,Q1,2015-03-31,11013,CFS,NO_DATA,0,,2026-08-31T21:12:48.929061+00:00
012510,00172291,2015,Q1,2015-03-31,11013,CFS,NO_DATA,0,,2026-08-31T21:12:49.025257+00:00
012600,00151863,2015,Q1,2015-03-31,11013,CFS,NO_DATA,0,,2026-08-31T21:12:49.053486+00:00
012610,00102113,2015,Q1,2015-03-31,11013,CFS,NO_DATA,0,,2026-08-31T21:12:49.288848+00:00
012620,00143907,2015,Q1,2015-03-31,11013,CFS,NO_DATA,0,,2026-08-31T21:12:49.291894+00:00
012630,00164636,2015,Q1,2015-03-31,11013,CFS,NO_DATA,0,,2026-08-31T21:12:49.327604+00:00
012690,00173102,2015,Q1,2015-03-31,11013,CFS,NO_DATA,0,,2026-08-31T21:12:49.726597+00:00
012700,00117708,2015,Q1,2015-03-31,11013,CFS,NO_DATA,0,,2026-08-31T21:12:49.813137+00:00
012750,00158501,2015,Q1,2015-03-31,11013,CFS,NO_DATA,0,,2026-08-31T21:12:49.818619+00:00
012790,00137058,2015,Q1,2015-03-31,11013,CFS,NO_DATA,0,,2026-08-31T21:12:50.088153+00:00
012800,00112651,2015,Q1,2015-03-31,11013,CFS,NO_DATA,0,,2026-08-31T21:12:50.090744+00:00
012860,00137234,2015,Q1,2015-03-31,11013,CFS,NO_DATA,0,,2026-08-31T21:12:50.136949+00:00
013000,00134176,2015,Q1,2015-03-31,11013,CFS,NO_DATA,0,,2026-08-31T21:12:50.508929+00:00
013030,00165060,2015,Q1,2015-03-31,11013,CFS,NO_DATA,0,,2026-08-31T21:12:50.603865+00:00
013120,00117966,2015,Q1,2015-03-31,11013,CFS,NO_DATA,0,,2026-08-31T21:12:50.612059+00:00
013360,00146232,2015,Q1,2015-03-31,11013,CFS,NO_DATA,0,,2026-08-31T21:12:50.879530+00:00
013310,00139083,2015,Q1,2015-03-31,11013,CFS,NO_DATA,0,,2026-08-31T21:12:50.881293+00:00
013450,00165529,2015,Q1,2015-03-31,11013,CFS,NO_DATA,0,,2026-08-31T21:12:50.920916+00:00
013520,00166272,2015,Q1,2015-03-31,11013,CFS,NO_DATA,0,,2026-08-31T21:12:51.284648+00:00
013570,00117179,2015,Q1,2015-03-31,11013,CFS,NO_DATA,0,,2026-08-31T21:12:51.392131+00:00
013580,00102432,2015,Q1,2015-03-31,11013,CFS,NO_DATA,0,,2026-08-31T21:12:51.394602+00:00
013720,00151605,2015,Q1,2015-03-31,11013,CFS,NO_DATA,0,,2026-08-31T21:12:51.662213+00:00
013700,00129420,2015,Q1,2015-03-31,11013,CFS,NO_DATA,0,,2026-08-31T21:12:51.674456+00:00
013810,00136165,2015,Q1,2015-03-31,11013,CFS,NO_DATA,0,,2026-08-31T21:12:51.688733+00:00
013870,00156354,2015,Q1,2015-03-31,11013,CFS,NO_DATA,0,,2026-08-31T21:12:52.057159+00:00
013890,00150633,2015,Q1,2015-03-31,11013,CFS,NO_DATA,0,,2026-08-31T21:12:52.184387+00:00
013990,00138446,2015,Q1,2015-03-31,11013,CFS,NO_DATA,0,,2026-08-31T21:12:52.190448+00:00
014100,00267854,2015,Q1,2015-03-31,11013,CFS,NO_DATA,0,,2026-08-31T21:12:52.446552+00:00
014130,00129509,2015,Q1,2015-03-31,11013,CFS,NO_DATA,0,,2026-08-31T21:12:52.456623+00:00
014160,00111458,2015,Q1,2015-03-31,11013,CFS,NO_DATA,0,,2026-08-31T21:12:52.470631+00:00
014190,00128175,2015,Q1,2015-03-31,11013,CFS,NO_DATA,0,,2026-08-31T21:12:52.828440+00:00
014200,00103635,2015,Q1,2015-03-31,11013,CFS,NO_DATA,0,,2026-08-31T21:12:52.967171+00:00
014280,00105299,2015,Q1,2015-03-31,11013,CFS,NO_DATA,0,,2026-08-31T21:12:52.971259+00:00
014350,00136970,2015,Q1,2015-03-31,11013,CFS,NO_DATA,0,,2026-08-31T21:12:53.245206+00:00
014440,00140779,2015,Q1,2015-03-31,11013,CFS,NO_DATA,0,,2026-08-31T21:12:53.248051+00:00
014470,00243067,2015,Q1,2015-03-31,11013,CFS,NO_DATA,0,,2026-08-31T21:12:53.249892+00:00
014530,00105156,2015,Q1,2015-03-31,11013,CFS,NO_DATA,0,,2026-08-31T21:12:53.618814+00:00
014570,00103015,2015,Q1,2015-03-31,11013,CFS,NO_DATA,0,,2026-08-31T21:12:53.743903+00:00
014580,00122481,2015,Q1,2015-03-31,11013,CFS,NO_DATA,0,,2026-08-31T21:12:53.746012+00:00
014620,00132318,2015,Q1,2015-03-31,11013,CFS,NO_DATA,0,,2026-08-31T21:12:54.035535+00:00
014680,00140955,2015,Q1,2015-03-31,11013,CFS,NO_DATA,0,,2026-08-31T21:12:54.038034+00:00
014710,00124780,2015,Q1,2015-03-31,11013,CFS,NO_DATA,0,,2026-08-31T21:12:54.048774+00:00
014790,00161116,2015,Q1,2015-03-31,11013,CFS,NO_DATA,0,,2026-08-31T21:12:54.406750+00:00
014820,00132637,2015,Q1,2015-03-31,11013,CFS,NO_DATA,0,,2026-08-31T21:12:54.537950+00:00
014830,00159786,2015,Q1,2015-03-31,11013,CFS,NO_DATA,0,,2026-08-31T21:12:54.540382+00:00
014940,00141608,2015,Q1,2015-03-31,11013,CFS,NO_DATA,0,,2026-08-31T21:12:55.006363+00:00
014910,00132628,2015,Q1,2015-03-31,11013,CFS,NO_DATA,0,,2026-08-31T21:12:55.017514+00:00
014970,00125488,2015,Q1,2015-03-31,11013,CFS,NO_DATA,0,,2026-08-31T21:12:55.019902+00:00
014990,00106881,2015,Q1,2015-03-31,11013,CFS,NO_DATA,0,,2026-08-31T21:12:55.290569+00:00
015230,00112679,2015,Q1,2015-03-31,11013,CFS,NO_DATA,0,,2026-08-31T21:12:55.510971+00:00
015020,00134565,2015,Q1,2015-03-31,11013,CFS,NO_DATA,0,,2026-08-31T21:12:55.515724+00:00
015350,00123967,2015,Q1,2015-03-31,11013,CFS,NO_DATA,0,,2026-08-31T21:12:55.891633+00:00
015360,00105101,2015,Q1,2015-03-31,11013,CFS,NO_DATA,0,,2026-08-31T21:12:55.900940+00:00
015260,00143314,2015,Q1,2015-03-31,11013,CFS,NO_DATA,0,,2026-08-31T21:12:55.914702+00:00
015540,00108065,2015,Q1,2015-03-31,11013,CFS,NO_DATA,0,,2026-08-31T21:12:56.239879+00:00
015590,00108746,2015,Q1,2015-03-31,11013,CFS,NO_DATA,0,,2026-08-31T21:12:56.485531+00:00
015710,00187725,2015,Q1,2015-03-31,11013,CFS,NO_DATA,0,,2026-08-31T21:12:56.491532+00:00
015760,00159193,2015,Q1,2015-03-31,11013,CFS,NO_DATA,0,,2026-08-31T21:12:56.781559+00:00
015750,00132992,2015,Q1,2015-03-31,11013,CFS,NO_DATA,0,,2026-08-31T21:12:56.790684+00:00
015860,00146649,2015,Q1,2015-03-31,11013,CFS,NO_DATA,0,,2026-08-31T21:12:56.794463+00:00
015890,00153339,2015,Q1,2015-03-31,11013,CFS,NO_DATA,0,,2026-08-31T21:12:57.018729+00:00
016090,00113614,2015,Q1,2015-03-31,11013,CFS,NO_DATA,0,,2026-08-31T21:12:57.367738+00:00
016100,00180263,2015,Q1,2015-03-31,11013,CFS,NO_DATA,0,,2026-08-31T21:12:57.372543+00:00
016360,00104856,2015,Q1,2015-03-31,11013,CFS,NO_DATA,0,,2026-08-31T21:12:57.762802+00:00
016170,00130949,2015,Q1,2015-03-31,11013,CFS,NO_DATA,0,,2026-08-31T21:12:57.776625+00:00
016250,00141246,2015,Q1,2015-03-31,11013,CFS,NO_DATA,0,,2026-08-31T21:12:57.781896+00:00
016380,00115676,2015,Q1,2015-03-31,11013,CFS,NO_DATA,0,,2026-08-31T21:12:58.025965+00:00
016450,00161976,2015,Q1,2015-03-31,11013,CFS,NO_DATA,0,,2026-08-31T21:12:58.154130+00:00
016420,00116860,2015,Q1,2015-03-31,11013,CFS,NO_DATA,0,,2026-08-31T21:12:58.187132+00:00
016580,00166573,2015,Q1,2015-03-31,11013,CFS,NO_DATA,0,,2026-08-31T21:12:58.549937+00:00
016590,00135777,2015,Q1,2015-03-31,11013,CFS,NO_DATA,0,,2026-08-31T21:12:58.661802+00:00
016600,00267942,2015,Q1,2015-03-31,11013,CFS,NO_DATA,0,,2026-08-31T21:12:58.667419+00:00
016610,00115694,2015,Q1,2015-03-31,11013,CFS,NO_DATA,0,,2026-08-31T21:12:58.809323+00:00
016670,00125725,2015,Q1,2015-03-31,11013,CFS,NO_DATA,0,,2026-08-31T21:12:59.043596+00:00
016710,00108940,2015,Q1,2015-03-31,11013,CFS,NO_DATA,0,,2026-08-31T21:12:59.050200+00:00
016800,00161709,2015,Q1,2015-03-31,11013,CFS,NO_DATA,0,,2026-08-31T21:12:59.448855+00:00
016880,00143651,2015,Q1,2015-03-31,11013,CFS,NO_DATA,0,,2026-08-31T21:12:59.451465+00:00
017000,00136925,2015,Q1,2015-03-31,11013,CFS,NO_DATA,0,,2026-08-31T21:13:00.473306+00:00
017370,00142883,2015,Q1,2015-03-31,11013,CFS,NO_DATA,0,,2026-08-31T21:13:00.497701+00:00
017250,00145914,2015,Q1,2015-03-31,11013,CFS,NO_DATA,0,,2026-08-31T21:13:00.520377+00:00
017180,00121039,2015,Q1,2015-03-31,11013,CFS,NO_DATA,0,,2026-08-31T21:13:00.523182+00:00
017040,00103662,2015,Q1,2015-03-31,11013,CFS,NO_DATA,0,,2026-08-31T21:13:00.525497+00:00
016920,00152260,2015,Q1,2015-03-31,11013,CFS,NO_DATA,0,,2026-08-31T21:13:00.535095+00:00
017550,00135111,2015,Q1,2015-03-31,11013,CFS,NO_DATA,0,,2026-08-31T21:13:01.538685+00:00
017510,00133751,2015,Q1,2015-03-31,11013,CFS,NO_DATA,0,,2026-08-31T21:13:01.541200+00:00
017390,00130684,2015,Q1,2015-03-31,11013,CFS,NO_DATA,0,,2026-08-31T21:13:01.562107+00:00
017650,00109781,2015,Q1,2015-03-31,11013,CFS,NO_DATA,0,,2026-08-31T21:13:01.563040+00:00
017670,00159023,2015,Q1,2015-03-31,11013,CFS,NO_DATA,0,,2026-08-31T21:13:01.565106+00:00
017480,00128926,2015,Q1,2015-03-31,11013,CFS,NO_DATA,0,,2026-08-31T21:13:01.566744+00:00
017810,00155355,2015,Q1,2015-03-31,11013,CFS,NO_DATA,0,,2026-08-31T21:13:02.443223+00:00
017940,00165583,2015,Q1,2015-03-31,11013,CFS,NO_DATA,0,,2026-08-31T21:13:02.445822+00:00
017680,00112819,2015,Q1,2015-03-31,11013,CFS,NO_DATA,0,,2026-08-31T21:13:02.493728+00:00
017890,00158565,2015,Q1,2015-03-31,11013,CFS,NO_DATA,0,,2026-08-31T21:13:02.495559+00:00
017800,00164724,2015,Q1,2015-03-31,11013,CFS,NO_DATA,0,,2026-08-31T21:13:02.498600+00:00
017900,00152729,2015,Q1,2015-03-31,11013,CFS,NO_DATA,0,,2026-08-31T21:13:02.500333+00:00
018000,00144243,2015,Q1,2015-03-31,11013,CFS,NO_DATA,0,,2026-08-31T21:13:03.219402+00:00
017960,00159795,2015,Q1,2015-03-31,11013,CFS,NO_DATA,0,,2026-08-31T21:13:03.234376+00:00
018120,00170877,2015,Q1,2015-03-31,11013,CFS,NO_DATA,0,,2026-08-31T21:13:03.310497+00:00
018310,00125646,2015,Q1,2015-03-31,11013,CFS,NO_DATA,0,,2026-08-31T21:13:03.313341+00:00
018290,00150165,2015,Q1,2015-03-31,11013,CFS,NO_DATA,0,,2026-08-31T21:13:03.315455+00:00
018260,00126186,2015,Q1,2015-03-31,11013,CFS,NO_DATA,0,,2026-08-31T21:13:03.317597+00:00
018470,00149239,2015,Q1,2015-03-31,11013,CFS,NO_DATA,0,,2026-08-31T21:13:04.012279+00:00
018500,00118008,2015,Q1,2015-03-31,11013,CFS,NO_DATA,0,,2026-08-31T21:13:04.210205+00:00
018700,00122205,2015,Q1,2015-03-31,11013,CFS,NO_DATA,0,,2026-08-31T21:13:04.224637+00:00
018620,00103547,2015,Q1,2015-03-31,11013,CFS,NO_DATA,0,,2026-08-31T21:13:04.227038+00:00
018670,00144164,2015,Q1,2015-03-31,11013,CFS,NO_DATA,0,,2026-08-31T21:13:04.231270+00:00
018680,00131018,2015,Q1,2015-03-31,11013,CFS,NO_DATA,0,,2026-08-31T21:13:04.254105+00:00
018880,00161125,2015,Q1,2015-03-31,11013,CFS,NO_DATA,0,,2026-08-31T21:13:04.913132+00:00
019010,00267906,2015,Q1,2015-03-31,11013,CFS,NO_DATA,0,,2026-08-31T21:13:04.997588+00:00
019180,00118965,2015,Q1,2015-03-31,11013,CFS,NO_DATA,0,,2026-08-31T21:13:05.006314+00:00
019170,00137359,2015,Q1,2015-03-31,11013,CFS,NO_DATA,0,,2026-08-31T21:13:05.015652+00:00
019210,00139719,2015,Q1,2015-03-31,11013,CFS,NO_DATA,0,,2026-08-31T21:13:05.133648+00:00
019300,00118460,2015,Q1,2015-03-31,11013,CFS,NO_DATA,0,,2026-08-31T21:13:05.135465+00:00
019440,00133991,2015,Q1,2015-03-31,11013,CFS,NO_DATA,0,,2026-08-31T21:13:05.918904+00:00
019490,00156150,2015,Q1,2015-03-31,11013,CFS,NO_DATA,0,,2026-08-31T21:13:05.919955+00:00
019540,00146560,2015,Q1,2015-03-31,11013,CFS,NO_DATA,0,,2026-08-31T21:13:05.924126+00:00
019550,00156910,2015,Q1,2015-03-31,11013,CFS,NO_DATA,0,,2026-08-31T21:13:05.925698+00:00
019570,00110750,2015,Q1,2015-03-31,11013,CFS,NO_DATA,0,,2026-08-31T21:13:05.936133+00:00
019590,00136642,2015,Q1,2015-03-31,11013,CFS,NO_DATA,0,,2026-08-31T21:13:05.940298+00:00
019990,00169215,2015,Q1,2015-03-31,11013,CFS,NO_DATA,0,,2026-08-31T21:13:06.731353+00:00
019680,00108913,2015,Q1,2015-03-31,11013,CFS,NO_DATA,0,,2026-08-31T21:13:06.735817+00:00
019660,00159731,2015,Q1,2015-03-31,11013,CFS,NO_DATA,0,,2026-08-31T21:13:06.738617+00:00
019770,00153278,2015,Q1,2015-03-31,11013,CFS,NO_DATA,0,,2026-08-31T21:13:06.741516+00:00
020120,00140131,2015,Q1,2015-03-31,11013,CFS,NO_DATA,0,,2026-08-31T21:13:06.937694+00:00
020000,00188089,2015,Q1,2015-03-31,11013,CFS,NO_DATA,0,,2026-08-31T21:13:06.940210+00:00
020400,00191287,2015,Q1,2015-03-31,11013,CFS,NO_DATA,0,,2026-08-31T21:13:08.455261+00:00
020180,00110875,2015,Q1,2015-03-31,11013,CFS,NO_DATA,0,,2026-08-31T21:13:08.457819+00:00
020710,00170026,2015,Q1,2015-03-31,11013,CFS,NO_DATA,0,,2026-08-31T21:13:08.473447+00:00
020150,00113997,2015,Q1,2015-03-31,11013,CFS,NO_DATA,0,,2026-08-31T21:13:08.479466+00:00
020760,00198697,2015,Q1,2015-03-31,11013,CFS,NO_DATA,0,,2026-08-31T21:13:08.482303+00:00
020560,00138792,2015,Q1,2015-03-31,11013,CFS,NO_DATA,0,,2026-08-31T21:13:08.486880+00:00
021050,00131197,2015,Q1,2015-03-31,11013,CFS,NO_DATA,0,,2026-08-31T21:13:09.226892+00:00
021080,00161462,2015,Q1,2015-03-31,11013,CFS,NO_DATA,0,,2026-08-31T21:13:09.278771+00:00
021650,00160010,2015,Q1,2015-03-31,11013,CFS,NO_DATA,0,,2026-08-31T21:13:09.281435+00:00
021240,00170558,2015,Q1,2015-03-31,11013,CFS,NO_DATA,0,,2026-08-31T21:13:09.285802+00:00
021040,00166175,2015,Q1,2015-03-31,11013,CFS,NO_DATA,0,,2026-08-31T21:13:09.352322+00:00
021320,00105466,2015,Q1,2015-03-31,11013,CFS,NO_DATA,0,,2026-08-31T21:13:09.359700+00:00
021820,00134316,2015,Q1,2015-03-31,11013,CFS,NO_DATA,0,,2026-08-31T21:13:10.143309+00:00
021960,00161408,2015,Q1,2015-03-31,11013,CFS,NO_DATA,0,,2026-08-31T21:13:10.146968+00:00
021880,00136101,2015,Q1,2015-03-31,11013,CFS,NO_DATA,0,,2026-08-31T21:13:10.149234+00:00
022100,00155212,2015,Q1,2015-03-31,11013,CFS,NO_DATA,0,,2026-08-31T21:13:10.157456+00:00
023000,00191588,2015,Q1,2015-03-31,11013,CFS,NO_DATA,0,,2026-08-31T21:13:10.162512+00:00
022220,00140061,2015,Q1,2015-03-31,11013,CFS,NO_DATA,0,,2026-08-31T21:13:10.165252+00:00
023150,00121534,2015,Q1,2015-03-31,11013,CFS,NO_DATA,0,,2026-08-31T21:13:10.946237+00:00
023350,00159500,2015,Q1,2015-03-31,11013,CFS,NO_DATA,0,,2026-08-31T21:13:10.956542+00:00
023160,00153375,2015,Q1,2015-03-31,11013,CFS,NO_DATA,0,,2026-08-31T21:13:10.962031+00:00
023440,00148531,2015,Q1,2015-03-31,11013,CFS,NO_DATA,0,,2026-08-31T21:13:10.978276+00:00
023410,00184667,2015,Q1,2015-03-31,11013,CFS,NO_DATA,0,,2026-08-31T21:13:10.981543+00:00
023430,00100717,2015,Q1,2015-03-31,11013,CFS,NO_DATA,0,,2026-08-31T21:13:10.984681+00:00
023460,00149266,2015,Q1,2015-03-31,11013,CFS,NO_DATA,0,,2026-08-31T21:13:11.744168+00:00
023450,00115065,2015,Q1,2015-03-31,11013,CFS,NO_DATA,0,,2026-08-31T21:13:11.749837+00:00
023530,00120526,2015,Q1,2015-03-31,11013,CFS,NO_DATA,0,,2026-08-31T21:13:11.753628+00:00
023600,00125938,2015,Q1,2015-03-31,11013,CFS,NO_DATA,0,,2026-08-31T21:13:11.778164+00:00
023590,00176914,2015,Q1,2015-03-31,11013,CFS,NO_DATA,0,,2026-08-31T21:13:11.780851+00:00
023760,00149594,2015,Q1,2015-03-31,11013,CFS,NO_DATA,0,,2026-08-31T21:13:11.869128+00:00
023770,00138367,2015,Q1,2015-03-31,11013,CFS,NO_DATA,0,,2026-08-31T21:13:12.524201+00:00
023800,00103510,2015,Q1,2015-03-31,11013,CFS,NO_DATA,0,,2026-08-31T21:13:12.536955+00:00
023790,00172945,2015,Q1,2015-03-31,11013,CFS,NO_DATA,0,,2026-08-31T21:13:12.555318+00:00
023890,00159290,2015,Q1,2015-03-31,11013,CFS,NO_DATA,0,,2026-08-31T21:13:12.575305+00:00
023810,00180795,2015,Q1,2015-03-31,11013,CFS,NO_DATA,0,,2026-08-31T21:13:12.577752+00:00
023900,00155452,2015,Q1,2015-03-31,11013,CFS,NO_DATA,0,,2026-08-31T21:13:12.643652+00:00
023910,00113128,2015,Q1,2015-03-31,11013,CFS,NO_DATA,0,,2026-08-31T21:13:13.303682+00:00
023960,00121969,2015,Q1,2015-03-31,11013,CFS,NO_DATA,0,,2026-08-31T21:13:13.313591+00:00
024060,00167004,2015,Q1,2015-03-31,11013,CFS,NO_DATA,0,,2026-08-31T21:13:13.329503+00:00
024070,00142865,2015,Q1,2015-03-31,11013,CFS,NO_DATA,0,,2026-08-31T21:13:13.360256+00:00
024090,00177199,2015,Q1,2015-03-31,11013,CFS,NO_DATA,0,,2026-08-31T21:13:13.365421+00:00
024110,00149646,2015,Q1,2015-03-31,11013,CFS,NO_DATA,0,,2026-08-31T21:13:13.419162+00:00
024120,00157539,2015,Q1,2015-03-31,11013,CFS,NO_DATA,0,,2026-08-31T21:13:14.100119+00:00
024660,00156044,2015,Q1,2015-03-31,11013,CFS,NO_DATA,0,,2026-08-31T21:13:14.110955+00:00
024720,00203290,2015,Q1,2015-03-31,11013,CFS,NO_DATA,0,,2026-08-31T21:13:14.113222+00:00
024800,00173999,2015,Q1,2015-03-31,11013,CFS,NO_DATA,0,,2026-08-31T21:13:14.142284+00:00
024740,00162832,2015,Q1,2015-03-31,11013,CFS,NO_DATA,0,,2026-08-31T21:13:14.153783+00:00
024810,00145738,2015,Q1,2015-03-31,11013,CFS,NO_DATA,0,,2026-08-31T21:13:14.286890+00:00
024830,00173591,2015,Q1,2015-03-31,11013,CFS,NO_DATA,0,,2026-08-31T21:13:14.886479+00:00
024840,00158024,2015,Q1,2015-03-31,11013,CFS,NO_DATA,0,,2026-08-31T21:13:14.899056+00:00
024850,00155586,2015,Q1,2015-03-31,11013,CFS,NO_DATA,0,,2026-08-31T21:13:14.901230+00:00
024880,00157636,2015,Q1,2015-03-31,11013,CFS,NO_DATA,0,,2026-08-31T21:13:14.916024+00:00
024890,00112022,2015,Q1,2015-03-31,11013,CFS,NO_DATA,0,,2026-08-31T21:13:14.935419+00:00
024900,00114154,2015,Q1,2015-03-31,11013,CFS,NO_DATA,0,,2026-08-31T21:13:15.053987+00:00
024910,00102353,2015,Q1,2015-03-31,11013,CFS,NO_DATA,0,,2026-08-31T21:13:15.663716+00:00
024940,00133557,2015,Q1,2015-03-31,11013,CFS,NO_DATA,0,,2026-08-31T21:13:15.681765+00:00
025000,00191472,2015,Q1,2015-03-31,11013,CFS,NO_DATA,0,,2026-08-31T21:13:15.884460+00:00
025270,00124018,2015,Q1,2015-03-31,11013,CFS,NO_DATA,0,,2026-08-31T21:13:15.894771+00:00
025320,00203023,2015,Q1,2015-03-31,11013,CFS,NO_DATA,0,,2026-08-31T21:13:15.905657+00:00
024950,00128607,2015,Q1,2015-03-31,11013,CFS,NO_DATA,0,,2026-08-31T21:13:15.907444+00:00
025440,00110583,2015,Q1,2015-03-31,11013,CFS,NO_DATA,0,,2026-08-31T21:13:16.447884+00:00
025530,00181943,2015,Q1,2015-03-31,11013,CFS,NO_DATA,0,,2026-08-31T21:13:16.450431+00:00
025540,00157070,2015,Q1,2015-03-31,11013,CFS,NO_DATA,0,,2026-08-31T21:13:16.672780+00:00
025550,00158015,2015,Q1,2015-03-31,11013,CFS,NO_DATA,0,,2026-08-31T21:13:16.682132+00:00
025560,00197759,2015,Q1,2015-03-31,11013,CFS,NO_DATA,0,,2026-08-31T21:13:16.706318+00:00
025620,00136776,2015,Q1,2015-03-31,11013,CFS,NO_DATA,0,,2026-08-31T21:13:16.708855+00:00
025750,00203582,2015,Q1,2015-03-31,11013,CFS,NO_DATA,0,,2026-08-31T21:13:17.243737+00:00
025770,00159342,2015,Q1,2015-03-31,11013,CFS,NO_DATA,0,,2026-08-31T21:13:17.247948+00:00
025820,00145464,2015,Q1,2015-03-31,11013,CFS,NO_DATA,0,,2026-08-31T21:13:17.450805+00:00
025850,00160612,2015,Q1,2015-03-31,11013,CFS,NO_DATA,0,,2026-08-31T21:13:17.459646+00:00
025860,00107987,2015,Q1,2015-03-31,11013,CFS,NO_DATA,0,,2026-08-31T21:13:17.497314+00:00
025870,00136004,2015,Q1,2015-03-31,11013,CFS,NO_DATA,0,,2026-08-31T21:13:17.519039+00:00
025890,00159564,2015,Q1,2015-03-31,11013,CFS,NO_DATA,0,,2026-08-31T21:13:18.229070+00:00
025880,00101752,2015,Q1,2015-03-31,11013,CFS,NO_DATA,0,,2026-08-31T21:13:18.231674+00:00
025900,00173032,2015,Q1,2015-03-31,11013,CFS,NO_DATA,0,,2026-08-31T21:13:18.237636+00:00
025950,00116408,2015,Q1,2015-03-31,11013,CFS,NO_DATA,0,,2026-08-31T21:13:18.254058+00:00
026040,00120289,2015,Q1,2015-03-31,11013,CFS,NO_DATA,0,,2026-08-31T21:13:18.299940+00:00
025980,00161781,2015,Q1,2015-03-31,11013,CFS,NO_DATA,0,,2026-08-31T21:13:18.563919+00:00
026180,00200956,2015,Q1,2015-03-31,11013,CFS,NO_DATA,0,,2026-08-31T21:13:19.014241+00:00
026150,00186939,2015,Q1,2015-03-31,11013,CFS,NO_DATA,0,,2026-08-31T21:13:19.022870+00:00
026890,00117498,2015,Q1,2015-03-31,11013,CFS,NO_DATA,0,,2026-08-31T21:13:19.035934+00:00
026260,00207223,2015,Q1,2015-03-31,11013,CFS,NO_DATA,0,,2026-08-31T21:13:19.037642+00:00
026910,00104120,2015,Q1,2015-03-31,11013,CFS,NO_DATA,0,,2026-08-31T21:13:19.075381+00:00
026940,00123781,2015,Q1,2015-03-31,11013,CFS,NO_DATA,0,,2026-08-31T21:13:19.350397+00:00
026960,00144395,2015,Q1,2015-03-31,11013,CFS,NO_DATA,0,,2026-08-31T21:13:19.807324+00:00
027040,00130587,2015,Q1,2015-03-31,11013,CFS,NO_DATA,0,,2026-08-31T21:13:19.817262+00:00
027050,00152589,2015,Q1,2015-03-31,11013,CFS,NO_DATA,0,,2026-08-31T21:13:19.820097+00:00
027390,00117258,2015,Q1,2015-03-31,11013,CFS,NO_DATA,0,,2026-08-31T21:13:19.829105+00:00
027410,00219097,2015,Q1,2015-03-31,11013,CFS,NO_DATA,0,,2026-08-31T21:13:19.861273+00:00
027580,00129615,2015,Q1,2015-03-31,11013,CFS,NO_DATA,0,,2026-08-31T21:13:20.144667+00:00
027830,00109037,2015,Q1,2015-03-31,11013,CFS,NO_DATA,0,,2026-08-31T21:13:20.709370+00:00
028040,00111865,2015,Q1,2015-03-31,11013,CFS,NO_DATA,0,,2026-08-31T21:13:20.711922+00:00
027710,00192499,2015,Q1,2015-03-31,11013,CFS,NO_DATA,0,,2026-08-31T21:13:20.718187+00:00
027970,00133706,2015,Q1,2015-03-31,11013,CFS,NO_DATA,0,,2026-08-31T21:13:20.730615+00:00
027740,00204208,2015,Q1,2015-03-31,11013,CFS,NO_DATA,0,,2026-08-31T21:13:20.735263+00:00
028050,00126308,2015,Q1,2015-03-31,11013,CFS,NO_DATA,0,,2026-08-31T21:13:20.941874+00:00
028080,00219440,2015,Q1,2015-03-31,11013,CFS,NO_DATA,0,,2026-08-31T21:13:21.500704+00:00
028100,00178754,2015,Q1,2015-03-31,11013,CFS,NO_DATA,0,,2026-08-31T21:13:21.519262+00:00
028260,00149655,2015,Q1,2015-03-31,11013,CFS,NO_DATA,0,,2026-08-31T21:13:21.522661+00:00
028150,00207755,2015,Q1,2015-03-31,11013,CFS,NO_DATA,0,,2026-08-31T21:13:21.531069+00:00
028300,00199252,2015,Q1,2015-03-31,11013,CFS,NO_DATA,0,,2026-08-31T21:13:21.535254+00:00
028670,00122737,2015,Q1,2015-03-31,11013,CFS,NO_DATA,0,,2026-08-31T21:13:21.719461+00:00
029460,00209780,2015,Q1,2015-03-31,11013,CFS,NO_DATA,0,,2026-08-31T21:13:22.284358+00:00
029530,00135795,2015,Q1,2015-03-31,11013,CFS,NO_DATA,0,,2026-08-31T21:13:22.310066+00:00
029480,00186452,2015,Q1,2015-03-31,11013,CFS,NO_DATA,0,,2026-08-31T21:13:22.321169+00:00
029780,00126292,2015,Q1,2015-03-31,11013,CFS,NO_DATA,0,,2026-08-31T21:13:22.326261+00:00
029960,00197476,2015,Q1,2015-03-31,11013,CFS,NO_DATA,0,,2026-08-31T21:13:22.335846+00:00
030000,00148276,2015,Q1,2015-03-31,11013,CFS,NO_DATA,0,,2026-08-31T21:13:22.502680+00:00
030190,00158325,2015,Q1,2015-03-31,11013,CFS,NO_DATA,0,,2026-08-31T21:13:23.066269+00:00
030270,00100258,2015,Q1,2015-03-31,11013,CFS,NO_DATA,0,,2026-08-31T21:13:23.119578+00:00
030200,00190321,2015,Q1,2015-03-31,11013,CFS,NO_DATA,0,,2026-08-31T21:13:23.174862+00:00
030350,00230036,2015,Q1,2015-03-31,11013,CFS,NO_DATA,0,,2026-08-31T21:13:23.177373+00:00
030520,00204262,2015,Q1,2015-03-31,11013,CFS,NO_DATA,0,,2026-08-31T21:13:23.284726+00:00
030210,00156859,2015,Q1,2015-03-31,11013,CFS,NO_DATA,0,,2026-08-31T21:13:23.311752+00:00
030530,00216647,2015,Q1,2015-03-31,11013,CFS,NO_DATA,0,,2026-08-31T21:13:23.857710+00:00
030610,00113359,2015,Q1,2015-03-31,11013,CFS,NO_DATA,0,,2026-08-31T21:13:23.897450+00:00
030790,00273615,2015,Q1,2015-03-31,11013,CFS,NO_DATA,0,,2026-08-31T21:13:23.961599+00:00
030720,00118044,2015,Q1,2015-03-31,11013,CFS,NO_DATA,0,,2026-08-31T21:13:23.973898+00:00
030960,00139685,2015,Q1,2015-03-31,11013,CFS,NO_DATA,0,,2026-08-31T21:13:24.073182+00:00
031310,00200910,2015,Q1,2015-03-31,11013,CFS,NO_DATA,0,,2026-08-31T21:13:24.103702+00:00
031330,00128661,2015,Q1,2015-03-31,11013,CFS,NO_DATA,0,,2026-08-31T21:13:24.632466+00:00
031390,00198378,2015,Q1,2015-03-31,11013,CFS,NO_DATA,0,,2026-08-31T21:13:24.672817+00:00
031430,00234412,2015,Q1,2015-03-31,11013,CFS,NO_DATA,0,,2026-08-31T21:13:24.753319+00:00
031440,00274933,2015,Q1,2015-03-31,11013,CFS,NO_DATA,0,,2026-08-31T21:13:24.763405+00:00
031510,00175173,2015,Q1,2015-03-31,11013,CFS,NO_DATA,0,,2026-08-31T21:13:24.861752+00:00
031820,00186559,2015,Q1,2015-03-31,11013,CFS,NO_DATA,0,,2026-08-31T21:13:24.880813+00:00
031860,00180865,2015,Q1,2015-03-31,11013,CFS,NO_DATA,0,,2026-08-31T21:13:25.415577+00:00
031980,00208444,2015,Q1,2015-03-31,11013,CFS,NO_DATA,0,,2026-08-31T21:13:25.451956+00:00
032080,00201131,2015,Q1,2015-03-31,11013,CFS,NO_DATA,0,,2026-08-31T21:13:25.553942+00:00
032040,00173731,2015,Q1,2015-03-31,11013,CFS,NO_DATA,0,,2026-08-31T21:13:25.557736+00:00
032190,00238782,2015,Q1,2015-03-31,11013,CFS,NO_DATA,0,,2026-08-31T21:13:25.642528+00:00
032280,00127909,2015,Q1,2015-03-31,11013,CFS,NO_DATA,0,,2026-08-31T21:13:25.681833+00:00
032350,00231372,2015,Q1,2015-03-31,11013,CFS,NO_DATA,0,,2026-08-31T21:13:26.184975+00:00
032420,00229818,2015,Q1,2015-03-31,11013,CFS,NO_DATA,0,,2026-08-31T21:13:26.229518+00:00
032540,00201733,2015,Q1,2015-03-31,11013,CFS,NO_DATA,0,,2026-08-31T21:13:26.338931+00:00
032500,00226352,2015,Q1,2015-03-31,11013,CFS,NO_DATA,0,,2026-08-31T21:13:26.357172+00:00
032560,00218575,2015,Q1,2015-03-31,11013,CFS,NO_DATA,0,,2026-08-31T21:13:26.421755+00:00
032580,00189538,2015,Q1,2015-03-31,11013,CFS,NO_DATA,0,,2026-08-31T21:13:26.461907+00:00
032620,00220057,2015,Q1,2015-03-31,11013,CFS,NO_DATA,0,,2026-08-31T21:13:26.967063+00:00
032640,00231363,2015,Q1,2015-03-31,11013,CFS,NO_DATA,0,,2026-08-31T21:13:27.011293+00:00
032680,00204226,2015,Q1,2015-03-31,11013,CFS,NO_DATA,0,,2026-08-31T21:13:27.132279+00:00
032750,00173351,2015,Q1,2015-03-31,11013,CFS,NO_DATA,0,,2026-08-31T21:13:27.150788+00:00
032790,00110884,2015,Q1,2015-03-31,11013,CFS,NO_DATA,0,,2026-08-31T21:13:27.202588+00:00
032800,00231691,2015,Q1,2015-03-31,11013,CFS,NO_DATA,0,,2026-08-31T21:13:27.236030+00:00
032820,00231044,2015,Q1,2015-03-31,11013,CFS,NO_DATA,0,,2026-08-31T21:13:27.737912+00:00
032830,00126256,2015,Q1,2015-03-31,11013,CFS,NO_DATA,0,,2026-08-31T21:13:27.799218+00:00
032850,00231707,2015,Q1,2015-03-31,11013,CFS,NO_DATA,0,,2026-08-31T21:13:27.919786+00:00
032860,00205687,2015,Q1,2015-03-31,11013,CFS,NO_DATA,0,,2026-08-31T21:13:27.938520+00:00
032940,00210980,2015,Q1,2015-03-31,11013,CFS,NO_DATA,0,,2026-08-31T21:13:27.988235+00:00
032960,00199076,2015,Q1,2015-03-31,11013,CFS,NO_DATA,0,,2026-08-31T21:13:28.006574+00:00
032980,00232089,2015,Q1,2015-03-31,11013,CFS,NO_DATA,0,,2026-08-31T21:13:28.517012+00:00
033050,00222435,2015,Q1,2015-03-31,11013,CFS,NO_DATA,0,,2026-08-31T21:13:28.592960+00:00
033100,00185356,2015,Q1,2015-03-31,11013,CFS,NO_DATA,0,,2026-08-31T21:13:28.696915+00:00
033110,00194275,2015,Q1,2015-03-31,11013,CFS,NO_DATA,0,,2026-08-31T21:13:28.734597+00:00
033130,00231442,2015,Q1,2015-03-31,11013,CFS,NO_DATA,0,,2026-08-31T21:13:28.772318+00:00
033160,00121686,2015,Q1,2015-03-31,11013,CFS,NO_DATA,0,,2026-08-31T21:13:28.792566+00:00
033170,00158219,2015,Q1,2015-03-31,11013,CFS,NO_DATA,0,,2026-08-31T21:13:29.299935+00:00
033180,00193009,2015,Q1,2015-03-31,11013,CFS,NO_DATA,0,,2026-08-31T21:13:29.384029+00:00
033200,00241209,2015,Q1,2015-03-31,11013,CFS,NO_DATA,0,,2026-08-31T21:13:29.470515+00:00
033230,00229021,2015,Q1,2015-03-31,11013,CFS,NO_DATA,0,,2026-08-31T21:13:29.516187+00:00
033250,00125576,2015,Q1,2015-03-31,11013,CFS,NO_DATA,0,,2026-08-31T21:13:29.562774+00:00
033240,00146861,2015,Q1,2015-03-31,11013,CFS,NO_DATA,0,,2026-08-31T21:13:29.565222+00:00
033270,00158963,2015,Q1,2015-03-31,11013,CFS,NO_DATA,0,,2026-08-31T21:13:30.076550+00:00
033290,00155948,2015,Q1,2015-03-31,11013,CFS,NO_DATA,0,,2026-08-31T21:13:30.174184+00:00
033310,00143226,2015,Q1,2015-03-31,11013,CFS,NO_DATA,0,,2026-08-31T21:13:30.242690+00:00
033320,00223513,2015,Q1,2015-03-31,11013,CFS,NO_DATA,0,,2026-08-31T21:13:30.296706+00:00
033430,00244419,2015,Q1,2015-03-31,11013,CFS,NO_DATA,0,,2026-08-31T21:13:30.347936+00:00
033340,00205003,2015,Q1,2015-03-31,11013,CFS,NO_DATA,0,,2026-08-31T21:13:30.354740+00:00
033500,00231105,2015,Q1,2015-03-31,11013,CFS,NO_DATA,0,,2026-08-31T21:13:30.872508+00:00
033530,00134510,2015,Q1,2015-03-31,11013,CFS,NO_DATA,0,,2026-08-31T21:13:30.947155+00:00
033540,00105138,2015,Q1,2015-03-31,11013,CFS,NO_DATA,0,,2026-08-31T21:13:31.027062+00:00
033560,00238001,2015,Q1,2015-03-31,11013,CFS,NO_DATA,0,,2026-08-31T21:13:31.083599+00:00
033600,00264787,2015,Q1,2015-03-31,11013,CFS,NO_DATA,0,,2026-08-31T21:13:31.137368+00:00
033630,00243988,2015,Q1,2015-03-31,11013,CFS,NO_DATA,0,,2026-08-31T21:13:31.144622+00:00
033640,00227333,2015,Q1,2015-03-31,11013,CFS,NO_DATA,0,,2026-08-31T21:13:31.649843+00:00
033660,00209443,2015,Q1,2015-03-31,11013,CFS,NO_DATA,0,,2026-08-31T21:13:31.735280+00:00
033780,00244455,2015,Q1,2015-03-31,11013,CFS,NO_DATA,0,,2026-08-31T21:13:31.801412+00:00
033790,00276083,2015,Q1,2015-03-31,11013,CFS,NO_DATA,0,,2026-08-31T21:13:31.861234+00:00
033830,00204642,2015,Q1,2015-03-31,11013,CFS,NO_DATA,0,,2026-08-31T21:13:31.914627+00:00
033920,00121543,2015,Q1,2015-03-31,11013,CFS,NO_DATA,0,,2026-08-31T21:13:31.921190+00:00
034020,00159616,2015,Q1,2015-03-31,11013,CFS,NO_DATA,0,,2026-08-31T21:13:32.434422+00:00
034120,00130772,2015,Q1,2015-03-31,11013,CFS,NO_DATA,0,,2026-08-31T21:13:32.533396+00:00
034220,00105873,2015,Q1,2015-03-31,11013,CFS,NO_DATA,0,,2026-08-31T21:13:32.575799+00:00
034230,00171265,2015,Q1,2015-03-31,11013,CFS,NO_DATA,0,,2026-08-31T21:13:32.639805+00:00
034300,00217947,2015,Q1,2015-03-31,11013,CFS,NO_DATA,0,,2026-08-31T21:13:32.704264+00:00
034310,00158316,2015,Q1,2015-03-31,11013,CFS,NO_DATA,0,,2026-08-31T21:13:32.728684+00:00
034590,00145862,2015,Q1,2015-03-31,11013,CFS,NO_DATA,0,,2026-08-31T21:13:33.213446+00:00
034730,00181712,2015,Q1,2015-03-31,11013,CFS,NO_DATA,0,,2026-08-31T21:13:33.316399+00:00
034810,00219361,2015,Q1,2015-03-31,11013,CFS,NO_DATA,0,,2026-08-31T21:13:33.350951+00:00
034830,00233653,2015,Q1,2015-03-31,11013,CFS,NO_DATA,0,,2026-08-31T21:13:33.415113+00:00
034940,00231831,2015,Q1,2015-03-31,11013,CFS,NO_DATA,0,,2026-08-31T21:13:33.477982+00:00
034950,00156956,2015,Q1,2015-03-31,11013,CFS,NO_DATA,0,,2026-08-31T21:13:33.516250+00:00
035000,00140168,2015,Q1,2015-03-31,11013,CFS,NO_DATA,0,,2026-08-31T21:13:33.993708+00:00
035150,00122551,2015,Q1,2015-03-31,11013,CFS,NO_DATA,0,,2026-08-31T21:13:34.132806+00:00
035080,00244561,2015,Q1,2015-03-31,11013,CFS,NO_DATA,0,,2026-08-31T21:13:34.135400+00:00
035200,00356389,2015,Q1,2015-03-31,11013,CFS,NO_DATA,0,,2026-08-31T21:13:34.196104+00:00
035250,00255619,2015,Q1,2015-03-31,11013,CFS,NO_DATA,0,,2026-08-31T21:13:34.261758+00:00
035290,00249502,2015,Q1,2015-03-31,11013,CFS,NO_DATA,0,,2026-08-31T21:13:34.291571+00:00
035420,00266961,2015,Q1,2015-03-31,11013,CFS,NO_DATA,0,,2026-08-31T21:13:34.785831+00:00
035460,00258421,2015,Q1,2015-03-31,11013,CFS,NO_DATA,0,,2026-08-31T21:13:34.920089+00:00
035480,00255141,2015,Q1,2015-03-31,11013,CFS,NO_DATA,0,,2026-08-31T21:13:34.926259+00:00
035510,00219486,2015,Q1,2015-03-31,11013,CFS,NO_DATA,0,,2026-08-31T21:13:34.985629+00:00
035600,00264547,2015,Q1,2015-03-31,11013,CFS,NO_DATA,0,,2026-08-31T21:13:35.050520+00:00
035610,00249982,2015,Q1,2015-03-31,11013,CFS,NO_DATA,0,,2026-08-31T21:13:35.087017+00:00
035620,00259590,2015,Q1,2015-03-31,11013,CFS,NO_DATA,0,,2026-08-31T21:13:35.573234+00:00
035720,00258801,2015,Q1,2015-03-31,11013,CFS,NO_DATA,0,,2026-08-31T21:13:35.698408+00:00
035760,00265324,2015,Q1,2015-03-31,11013,CFS,NO_DATA,0,,2026-08-31T21:13:35.710432+00:00
035810,00242378,2015,Q1,2015-03-31,11013,CFS,NO_DATA,0,,2026-08-31T21:13:35.758584+00:00
035890,00219848,2015,Q1,2015-03-31,11013,CFS,NO_DATA,0,,2026-08-31T21:13:35.831696+00:00
035900,00258689,2015,Q1,2015-03-31,11013,CFS,NO_DATA,0,,2026-08-31T21:13:35.873865+00:00
036000,00259934,2015,Q1,2015-03-31,11013,CFS,NO_DATA,0,,2026-08-31T21:13:36.353762+00:00
036010,00138598,2015,Q1,2015-03-31,11013,CFS,NO_DATA,0,,2026-08-31T21:13:36.465179+00:00
036030,00260958,2015,Q1,2015-03-31,11013,CFS,NO_DATA,0,,2026-08-31T21:13:36.485387+00:00
036090,00258360,2015,Q1,2015-03-31,11013,CFS,NO_DATA,0,,2026-08-31T21:13:36.548408+00:00
036120,00260745,2015,Q1,2015-03-31,11013,CFS,NO_DATA,0,,2026-08-31T21:13:36.614459+00:00
036170,00232821,2015,Q1,2015-03-31,11013,CFS,NO_DATA,0,,2026-08-31T21:13:36.656753+00:00
036180,00257149,2015,Q1,2015-03-31,11013,CFS,NO_DATA,0,,2026-08-31T21:13:37.138826+00:00
036190,00176516,2015,Q1,2015-03-31,11013,CFS,NO_DATA,0,,2026-08-31T21:13:37.258336+00:00
036200,00260569,2015,Q1,2015-03-31,11013,CFS,NO_DATA,0,,2026-08-31T21:13:37.260194+00:00
036220,00260657,2015,Q1,2015-03-31,11013,CFS,NO_DATA,0,,2026-08-31T21:13:37.335258+00:00
036260,00122339,2015,Q1,2015-03-31,11013,CFS,NO_DATA,0,,2026-08-31T21:13:37.391431+00:00
036420,00203315,2015,Q1,2015-03-31,11013,CFS,NO_DATA,0,,2026-08-31T21:13:37.436577+00:00
036460,00261285,2015,Q1,2015-03-31,11013,CFS,NO_DATA,0,,2026-08-31T21:13:37.914522+00:00
036480,00177320,2015,Q1,2015-03-31,11013,CFS,NO_DATA,0,,2026-08-31T21:13:38.044321+00:00
036490,00110051,2015,Q1,2015-03-31,11013,CFS,NO_DATA,0,,2026-08-31T21:13:38.056234+00:00
036500,00267960,2015,Q1,2015-03-31,11013,CFS,NO_DATA,0,,2026-08-31T21:13:38.109523+00:00
036530,00225159,2015,Q1,2015-03-31,11013,CFS,NO_DATA,0,,2026-08-31T21:13:38.187348+00:00
036540,00301246,2015,Q1,2015-03-31,11013,CFS,NO_DATA,0,,2026-08-31T21:13:38.213418+00:00
036560,00141389,2015,Q1,2015-03-31,11013,CFS,NO_DATA,0,,2026-08-31T21:13:38.694680+00:00
036570,00261443,2015,Q1,2015-03-31,11013,CFS,NO_DATA,0,,2026-08-31T21:13:38.819403+00:00
036580,00260408,2015,Q1,2015-03-31,11013,CFS,NO_DATA,0,,2026-08-31T21:13:38.833795+00:00
036620,00261009,2015,Q1,2015-03-31,11013,CFS,NO_DATA,0,,2026-08-31T21:13:38.892296+00:00
036630,00268002,2015,Q1,2015-03-31,11013,CFS,NO_DATA,0,,2026-08-31T21:13:38.978960+00:00
036640,00230911,2015,Q1,2015-03-31,11013,CFS,NO_DATA,0,,2026-08-31T21:13:39.001653+00:00
036670,00265041,2015,Q1,2015-03-31,11013,CFS,NO_DATA,0,,2026-08-31T21:13:39.486761+00:00
036690,00268118,2015,Q1,2015-03-31,11013,CFS,NO_DATA,0,,2026-08-31T21:13:39.600021+00:00
036710,00152127,2015,Q1,2015-03-31,11013,CFS,NO_DATA,0,,2026-08-31T21:13:39.606608+00:00
036800,00264945,2015,Q1,2015-03-31,11013,CFS,NO_DATA,0,,2026-08-31T21:13:39.676924+00:00
036810,00223434,2015,Q1,2015-03-31,11013,CFS,NO_DATA,0,,2026-08-31T21:13:39.759515+00:00
036830,00247975,2015,Q1,2015-03-31,11013,CFS,NO_DATA,0,,2026-08-31T21:13:39.782165+00:00
036890,00174208,2015,Q1,2015-03-31,11013,CFS,NO_DATA,0,,2026-08-31T21:13:40.263903+00:00
036930,00252135,2015,Q1,2015-03-31,11013,CFS,NO_DATA,0,,2026-08-31T21:13:40.380787+00:00
037030,00231354,2015,Q1,2015-03-31,11013,CFS,NO_DATA,0,,2026-08-31T21:13:40.392785+00:00
037070,00238153,2015,Q1,2015-03-31,11013,CFS,NO_DATA,0,,2026-08-31T21:13:40.476472+00:00
037230,00198192,2015,Q1,2015-03-31,11013,CFS,NO_DATA,0,,2026-08-31T21:13:40.534669+00:00
037270,00249247,2015,Q1,2015-03-31,11013,CFS,NO_DATA,0,,2026-08-31T21:13:40.562465+00:00
037330,00265421,2015,Q1,2015-03-31,11013,CFS,NO_DATA,0,,2026-08-31T21:13:41.047739+00:00
037350,00216498,2015,Q1,2015-03-31,11013,CFS,NO_DATA,0,,2026-08-31T21:13:41.173620+00:00
037340,00241236,2015,Q1,2015-03-31,11013,CFS,NO_DATA,0,,2026-08-31T21:13:41.176414+00:00
037370,00261054,2015,Q1,2015-03-31,11013,CFS,NO_DATA,0,,2026-08-31T21:13:41.268661+00:00
037400,00155692,2015,Q1,2015-03-31,11013,CFS,NO_DATA,0,,2026-08-31T21:13:41.301981+00:00
037440,00236863,2015,Q1,2015-03-31,11013,CFS,NO_DATA,0,,2026-08-31T21:13:41.338558+00:00
037460,00128315,2015,Q1,2015-03-31,11013,CFS,NO_DATA,0,,2026-08-31T21:13:41.848371+00:00
037620,00311030,2015,Q1,2015-03-31,11013,CFS,NO_DATA,0,,2026-08-31T21:13:41.963982+00:00
037560,00222532,2015,Q1,2015-03-31,11013,CFS,NO_DATA,0,,2026-08-31T21:13:41.973121+00:00
037710,00220561,2015,Q1,2015-03-31,11013,CFS,NO_DATA,0,,2026-08-31T21:13:42.054650+00:00
037760,00239596,2015,Q1,2015-03-31,11013,CFS,NO_DATA,0,,2026-08-31T21:13:42.097921+00:00
037950,00242712,2015,Q1,2015-03-31,11013,CFS,NO_DATA,0,,2026-08-31T21:13:42.141012+00:00
038010,00148595,2015,Q1,2015-03-31,11013,CFS,NO_DATA,0,,2026-08-31T21:13:42.641827+00:00
038060,00406329,2015,Q1,2015-03-31,11013,CFS,NO_DATA,0,,2026-08-31T21:13:42.762941+00:00
038070,00373447,2015,Q1,2015-03-31,11013,CFS,NO_DATA,0,,2026-08-31T21:13:42.765582+00:00
038110,00139153,2015,Q1,2015-03-31,11013,CFS,NO_DATA,0,,2026-08-31T21:13:42.858692+00:00
038290,00261373,2015,Q1,2015-03-31,11013,CFS,NO_DATA,0,,2026-08-31T21:13:42.883630+00:00
038340,00215976,2015,Q1,2015-03-31,11013,CFS,NO_DATA,0,,2026-08-31T21:13:42.924524+00:00
038390,00261355,2015,Q1,2015-03-31,11013,CFS,NO_DATA,0,,2026-08-31T21:13:43.433140+00:00
038460,00240857,2015,Q1,2015-03-31,11013,CFS,NO_DATA,0,,2026-08-31T21:13:43.547550+00:00
038500,00239639,2015,Q1,2015-03-31,11013,CFS,NO_DATA,0,,2026-08-31T21:13:43.550234+00:00
038530,00255105,2015,Q1,2015-03-31,11013,CFS,NO_DATA,0,,2026-08-31T21:13:43.627774+00:00
038540,00306162,2015,Q1,2015-03-31,11013,CFS,NO_DATA,0,,2026-08-31T21:13:43.657522+00:00
038620,00264228,2015,Q1,2015-03-31,11013,CFS,NO_DATA,0,,2026-08-31T21:13:43.716919+00:00
038680,00264635,2015,Q1,2015-03-31,11013,CFS,NO_DATA,0,,2026-08-31T21:13:44.213331+00:00
038880,00252269,2015,Q1,2015-03-31,11013,CFS,NO_DATA,0,,2026-08-31T21:13:44.339760+00:00
038870,00287812,2015,Q1,2015-03-31,11013,CFS,NO_DATA,0,,2026-08-31T21:13:44.359543+00:00
038950,00264732,2015,Q1,2015-03-31,11013,CFS,NO_DATA,0,,2026-08-31T21:13:44.407308+00:00
039010,00255044,2015,Q1,2015-03-31,11013,CFS,NO_DATA,0,,2026-08-31T21:13:44.445220+00:00
039020,00184889,2015,Q1,2015-03-31,11013,CFS,NO_DATA,0,,2026-08-31T21:13:44.488257+00:00
039030,00246417,2015,Q1,2015-03-31,11013,CFS,NO_DATA,0,,2026-08-31T21:13:45.004167+00:00
039130,00269940,2015,Q1,2015-03-31,11013,CFS,NO_DATA,0,,2026-08-31T21:13:45.131959+00:00
039200,00263654,2015,Q1,2015-03-31,11013,CFS,NO_DATA,0,,2026-08-31T21:13:45.146421+00:00
039230,00295370,2015,Q1,2015-03-31,11013,CFS,NO_DATA,0,,2026-08-31T21:13:45.220873+00:00
039240,00206039,2015,Q1,2015-03-31,11013,CFS,NO_DATA,0,,2026-08-31T21:13:45.224893+00:00
039290,00243757,2015,Q1,2015-03-31,11013,CFS,NO_DATA,0,,2026-08-31T21:13:45.272400+00:00
039310,00264671,2015,Q1,2015-03-31,11013,CFS,NO_DATA,0,,2026-08-31T21:13:45.781422+00:00
039340,00263371,2015,Q1,2015-03-31,11013,CFS,NO_DATA,0,,2026-08-31T21:13:45.915235+00:00
039420,00246620,2015,Q1,2015-03-31,11013,CFS,NO_DATA,0,,2026-08-31T21:13:45.939768+00:00
039440,00298340,2015,Q1,2015-03-31,11013,CFS,NO_DATA,0,,2026-08-31T21:13:46.005221+00:00
039490,00296290,2015,Q1,2015-03-31,11013,CFS,NO_DATA,0,,2026-08-31T21:13:46.017800+00:00
039530,00252755,2015,Q1,2015-03-31,11013,CFS,NO_DATA,0,,2026-08-31T21:13:46.039444+00:00
039560,00268251,2015,Q1,2015-03-31,11013,CFS,NO_DATA,0,,2026-08-31T21:13:46.557016+00:00
039570,00350312,2015,Q1,2015-03-31,11013,CFS,NO_DATA,0,,2026-08-31T21:13:46.699054+00:00
039610,00217743,2015,Q1,2015-03-31,11013,CFS,NO_DATA,0,,2026-08-31T21:13:46.702037+00:00
039670,00298687,2015,Q1,2015-03-31,11013,CFS,NO_DATA,0,,2026-08-31T21:13:46.791832+00:00
039740,00261957,2015,Q1,2015-03-31,11013,CFS,NO_DATA,0,,2026-08-31T21:13:46.809030+00:00
039790,00261735,2015,Q1,2015-03-31,11013,CFS,NO_DATA,0,,2026-08-31T21:13:46.823350+00:00
039830,00141556,2015,Q1,2015-03-31,11013,CFS,NO_DATA,0,,2026-08-31T21:13:47.326027+00:00
039840,00115931,2015,Q1,2015-03-31,11013,CFS,NO_DATA,0,,2026-08-31T21:13:47.488893+00:00
039850,00246347,2015,Q1,2015-03-31,11013,CFS,NO_DATA,0,,2026-08-31T21:13:47.499354+00:00
039860,00230425,2015,Q1,2015-03-31,11013,CFS,NO_DATA,0,,2026-08-31T21:13:47.580941+00:00
039980,00369213,2015,Q1,2015-03-31,11013,CFS,NO_DATA,0,,2026-08-31T21:13:47.598848+00:00
040160,00269889,2015,Q1,2015-03-31,11013,CFS,NO_DATA,0,,2026-08-31T21:13:47.611029+00:00
040300,00200275,2015,Q1,2015-03-31,11013,CFS,NO_DATA,0,,2026-08-31T21:13:48.123706+00:00
040350,00346407,2015,Q1,2015-03-31,11013,CFS,NO_DATA,0,,2026-08-31T21:13:48.272347+00:00
040420,00287788,2015,Q1,2015-03-31,11013,CFS,NO_DATA,0,,2026-08-31T21:13:48.275568+00:00
040610,00264714,2015,Q1,2015-03-31,11013,CFS,NO_DATA,0,,2026-08-31T21:13:48.364324+00:00
040670,00248123,2015,Q1,2015-03-31,11013,CFS,NO_DATA,0,,2026-08-31T21:13:48.381859+00:00
040910,00298377,2015,Q1,2015-03-31,11013,CFS,NO_DATA,0,,2026-08-31T21:13:48.394582+00:00
041020,00269852,2015,Q1,2015-03-31,11013,CFS,NO_DATA,0,,2026-08-31T21:13:48.913951+00:00
041190,00231664,2015,Q1,2015-03-31,11013,CFS,NO_DATA,0,,2026-08-31T21:13:49.062587+00:00
041440,00228536,2015,Q1,2015-03-31,11013,CFS,NO_DATA,0,,2026-08-31T21:13:49.141345+00:00
041460,00361169,2015,Q1,2015-03-31,11013,CFS,NO_DATA,0,,2026-08-31T21:13:49.166294+00:00
041510,00260930,2015,Q1,2015-03-31,11013,CFS,NO_DATA,0,,2026-08-31T21:13:49.169018+00:00
041140,00266943,2015,Q1,2015-03-31,11013,CFS,NO_DATA,0,,2026-08-31T21:13:49.232540+00:00
041520,00137289,2015,Q1,2015-03-31,11013,CFS,NO_DATA,0,,2026-08-31T21:13:49.682353+00:00
041590,00297448,2015,Q1,2015-03-31,11013,CFS,NO_DATA,0,,2026-08-31T21:13:49.848792+00:00
041650,00129642,2015,Q1,2015-03-31,11013,CFS,NO_DATA,0,,2026-08-31T21:13:49.915312+00:00
041830,00269922,2015,Q1,2015-03-31,11013,CFS,NO_DATA,0,,2026-08-31T21:13:49.967557+00:00
041910,00463342,2015,Q1,2015-03-31,11013,CFS,NO_DATA,0,,2026-08-31T21:13:49.970223+00:00
041920,00273439,2015,Q1,2015-03-31,11013,CFS,NO_DATA,0,,2026-08-31T21:13:50.016520+00:00
041930,00199988,2015,Q1,2015-03-31,11013,CFS,NO_DATA,0,,2026-08-31T21:13:50.466607+00:00
041960,00187415,2015,Q1,2015-03-31,11013,CFS,NO_DATA,0,,2026-08-31T21:13:50.639804+00:00
042040,00206686,2015,Q1,2015-03-31,11013,CFS,NO_DATA,0,,2026-08-31T21:13:50.691228+00:00
042110,00171867,2015,Q1,2015-03-31,11013,CFS,NO_DATA,0,,2026-08-31T21:13:50.757259+00:00
042370,00103644,2015,Q1,2015-03-31,11013,CFS,NO_DATA,0,,2026-08-31T21:13:50.759387+00:00
042420,00266952,2015,Q1,2015-03-31,11013,CFS,NO_DATA,0,,2026-08-31T21:13:50.811234+00:00
042500,00352499,2015,Q1,2015-03-31,11013,CFS,NO_DATA,0,,2026-08-31T21:13:51.237395+00:00
042510,00255433,2015,Q1,2015-03-31,11013,CFS,NO_DATA,0,,2026-08-31T21:13:51.417567+00:00
042520,00349060,2015,Q1,2015-03-31,11013,CFS,NO_DATA,0,,2026-08-31T21:13:51.468621+00:00
042660,00111704,2015,Q1,2015-03-31,11013,CFS,NO_DATA,0,,2026-08-31T21:13:51.551543+00:00
042600,00147994,2015,Q1,2015-03-31,11013,CFS,NO_DATA,0,,2026-08-31T21:13:51.553514+00:00
042670,00344287,2015,Q1,2015-03-31,11013,CFS,NO_DATA,0,,2026-08-31T21:13:51.594411+00:00
042700,00161383,2015,Q1,2015-03-31,11013,CFS,NO_DATA,0,,2026-08-31T21:13:52.004832+00:00
042940,00232007,2015,Q1,2015-03-31,11013,CFS,NO_DATA,0,,2026-08-31T21:13:52.180401+00:00
043090,00351454,2015,Q1,2015-03-31,11013,CFS,NO_DATA,0,,2026-08-31T21:13:52.265065+00:00
043100,00220109,2015,Q1,2015-03-31,11013,CFS,NO_DATA,0,,2026-08-31T21:13:52.337195+00:00
043150,00264255,2015,Q1,2015-03-31,11013,CFS,NO_DATA,0,,2026-08-31T21:13:52.339796+00:00
043200,00266934,2015,Q1,2015-03-31,11013,CFS,NO_DATA,0,,2026-08-31T21:13:52.375776+00:00
043220,00317487,2015,Q1,2015-03-31,11013,CFS,NO_DATA,0,,2026-08-31T21:13:52.791362+00:00
043260,00317210,2015,Q1,2015-03-31,11013,CFS,NO_DATA,0,,2026-08-31T21:13:52.957625+00:00
043290,00297961,2015,Q1,2015-03-31,11013,CFS,NO_DATA,0,,2026-08-31T21:13:53.052761+00:00
043360,00295547,2015,Q1,2015-03-31,11013,CFS,NO_DATA,0,,2026-08-31T21:13:53.130889+00:00
043340,00203209,2015,Q1,2015-03-31,11013,CFS,NO_DATA,0,,2026-08-31T21:13:53.146229+00:00
043370,00155151,2015,Q1,2015-03-31,11013,CFS,NO_DATA,0,,2026-08-31T21:13:53.159486+00:00
043580,00222806,2015,Q1,2015-03-31,11013,CFS,NO_DATA,0,,2026-08-31T21:13:53.557772+00:00
043590,00260611,2015,Q1,2015-03-31,11013,CFS,NO_DATA,0,,2026-08-31T21:13:53.732694+00:00
043610,00223762,2015,Q1,2015-03-31,11013,CFS,NO_DATA,0,,2026-08-31T21:13:53.843288+00:00
043650,00256715,2015,Q1,2015-03-31,11013,CFS,NO_DATA,0,,2026-08-31T21:13:53.917650+00:00
043710,00305570,2015,Q1,2015-03-31,11013,CFS,NO_DATA,0,,2026-08-31T21:13:53.936685+00:00
043910,00418379,2015,Q1,2015-03-31,11013,CFS,NO_DATA,0,,2026-08-31T21:13:53.947836+00:00
044060,00291860,2015,Q1,2015-03-31,11013,CFS,NO_DATA,0,,2026-08-31T21:13:54.326724+00:00
044180,00111218,2015,Q1,2015-03-31,11013,CFS,NO_DATA,0,,2026-08-31T21:13:54.536447+00:00
044340,00293886,2015,Q1,2015-03-31,11013,CFS,NO_DATA,0,,2026-08-31T21:13:54.627158+00:00
044380,00269241,2015,Q1,2015-03-31,11013,CFS,NO_DATA,0,,2026-08-31T21:13:54.714453+00:00
044450,00160232,2015,Q1,2015-03-31,11013,CFS,NO_DATA,0,,2026-08-31T21:13:54.719315+00:00
044480,00173449,2015,Q1,2015-03-31,11013,CFS,NO_DATA,0,,2026-08-31T21:13:54.721664+00:00
044490,00186799,2015,Q1,2015-03-31,11013,CFS,NO_DATA,0,,2026-08-31T21:13:55.116475+00:00
044780,00235183,2015,Q1,2015-03-31,11013,CFS,NO_DATA,0,,2026-08-31T21:13:55.314602+00:00
044820,00219574,2015,Q1,2015-03-31,11013,CFS,NO_DATA,0,,2026-08-31T21:13:55.416746+00:00
044990,00311216,2015,Q1,2015-03-31,11013,CFS,NO_DATA,0,,2026-08-31T21:13:55.509458+00:00
044960,00145473,2015,Q1,2015-03-31,11013,CFS,NO_DATA,0,,2026-08-31T21:13:55.521939+00:00
045060,00220969,2015,Q1,2015-03-31,11013,CFS,NO_DATA,0,,2026-08-31T21:13:55.524514+00:00
045100,00216762,2015,Q1,2015-03-31,11013,CFS,NO_DATA,0,,2026-08-31T21:13:55.911719+00:00
045300,00350482,2015,Q1,2015-03-31,11013,CFS,NO_DATA,0,,2026-08-31T21:13:56.094324+00:00
045340,00355089,2015,Q1,2015-03-31,11013,CFS,NO_DATA,0,,2026-08-31T21:13:56.194625+00:00
045510,00147772,2015,Q1,2015-03-31,11013,CFS,NO_DATA,0,,2026-08-31T21:13:56.312273+00:00
045520,00185222,2015,Q1,2015-03-31,11013,CFS,NO_DATA,0,,2026-08-31T21:13:56.314346+00:00
045390,00318316,2015,Q1,2015-03-31,11013,CFS,NO_DATA,0,,2026-08-31T21:13:56.316383+00:00
045660,00256502,2015,Q1,2015-03-31,11013,CFS,NO_DATA,0,,2026-08-31T21:13:56.708036+00:00
045890,00455112,2015,Q1,2015-03-31,11013,CFS,NO_DATA,0,,2026-08-31T21:13:56.867328+00:00
045970,00271501,2015,Q1,2015-03-31,11013,CFS,NO_DATA,0,,2026-08-31T21:13:56.977849+00:00
046110,00277736,2015,Q1,2015-03-31,11013,CFS,NO_DATA,0,,2026-08-31T21:13:57.118200+00:00
046120,00297989,2015,Q1,2015-03-31,11013,CFS,NO_DATA,0,,2026-08-31T21:13:57.141055+00:00
046070,00295857,2015,Q1,2015-03-31,11013,CFS,NO_DATA,0,,2026-08-31T21:13:57.142722+00:00
046140,00280688,2015,Q1,2015-03-31,11013,CFS,NO_DATA,0,,2026-08-31T21:13:57.480754+00:00
046210,00172079,2015,Q1,2015-03-31,11013,CFS,NO_DATA,0,,2026-08-31T21:13:57.653878+00:00
046310,00360036,2015,Q1,2015-03-31,11013,CFS,NO_DATA,0,,2026-08-31T21:13:57.762093+00:00
046390,00301112,2015,Q1,2015-03-31,11013,CFS,NO_DATA,0,,2026-08-31T21:13:57.896635+00:00
046890,00130763,2015,Q1,2015-03-31,11013,CFS,NO_DATA,0,,2026-08-31T21:13:57.920039+00:00
046440,00405278,2015,Q1,2015-03-31,11013,CFS,NO_DATA,0,,2026-08-31T21:13:57.927847+00:00
046940,00363246,2015,Q1,2015-03-31,11013,CFS,NO_DATA,0,,2026-08-31T21:13:58.265960+00:00
046970,00296005,2015,Q1,2015-03-31,11013,CFS,NO_DATA,0,,2026-08-31T21:13:58.426558+00:00
047040,00124540,2015,Q1,2015-03-31,11013,CFS,NO_DATA,0,,2026-08-31T21:13:58.529632+00:00
047050,00124504,2015,Q1,2015-03-31,11013,CFS,NO_DATA,0,,2026-08-31T21:13:58.665527+00:00
047310,00269612,2015,Q1,2015-03-31,11013,CFS,NO_DATA,0,,2026-08-31T21:13:58.707254+00:00
047080,00348292,2015,Q1,2015-03-31,11013,CFS,NO_DATA,0,,2026-08-31T21:13:58.714395+00:00
047400,00369833,2015,Q1,2015-03-31,11013,CFS,NO_DATA,0,,2026-08-31T21:13:59.033506+00:00
047440,00324104,2015,Q1,2015-03-31,11013,CFS,NO_DATA,0,,2026-08-31T21:13:59.209410+00:00
047560,00273420,2015,Q1,2015-03-31,11013,CFS,NO_DATA,0,,2026-08-31T21:13:59.304368+00:00
047770,00329093,2015,Q1,2015-03-31,11013,CFS,NO_DATA,0,,2026-08-31T21:13:59.438669+00:00
047810,00309503,2015,Q1,2015-03-31,11013,CFS,NO_DATA,0,,2026-08-31T21:13:59.490471+00:00
047820,00299464,2015,Q1,2015-03-31,11013,CFS,NO_DATA,0,,2026-08-31T21:13:59.492766+00:00
047920,00336817,2015,Q1,2015-03-31,11013,CFS,NO_DATA,0,,2026-08-31T21:13:59.809668+00:00
048260,00341916,2015,Q1,2015-03-31,11013,CFS,NO_DATA,0,,2026-08-31T21:13:59.986490+00:00
048410,00313649,2015,Q1,2015-03-31,11013,CFS,NO_DATA,0,,2026-08-31T21:14:00.079784+00:00
048430,00201742,2015,Q1,2015-03-31,11013,CFS,NO_DATA,0,,2026-08-31T21:14:00.219575+00:00
048530,00292434,2015,Q1,2015-03-31,11013,CFS,NO_DATA,0,,2026-08-31T21:14:00.259522+00:00
048470,00109268,2015,Q1,2015-03-31,11013,CFS,NO_DATA,0,,2026-08-31T21:14:00.287270+00:00
048550,00185046,2015,Q1,2015-03-31,11013,CFS,NO_DATA,0,,2026-08-31T21:14:00.616314+00:00
048770,00108649,2015,Q1,2015-03-31,11013,CFS,NO_DATA,0,,2026-08-31T21:14:00.755646+00:00
048830,00108490,2015,Q1,2015-03-31,11013,CFS,NO_DATA,0,,2026-08-31T21:14:00.853854+00:00
048870,00475985,2015,Q1,2015-03-31,11013,CFS,NO_DATA,0,,2026-08-31T21:14:01.012322+00:00
048910,00351807,2015,Q1,2015-03-31,11013,CFS,NO_DATA,0,,2026-08-31T21:14:01.026160+00:00
049070,00226866,2015,Q1,2015-03-31,11013,CFS,NO_DATA,0,,2026-08-31T21:14:01.067747+00:00
049080,00377018,2015,Q1,2015-03-31,11013,CFS,NO_DATA,0,,2026-08-31T21:14:01.385044+00:00
049120,00350020,2015,Q1,2015-03-31,11013,CFS,NO_DATA,0,,2026-08-31T21:14:01.530644+00:00
049180,00310156,2015,Q1,2015-03-31,11013,CFS,NO_DATA,0,,2026-08-31T21:14:01.623538+00:00
049430,00152783,2015,Q1,2015-03-31,11013,CFS,NO_DATA,0,,2026-08-31T21:14:01.812846+00:00
049470,00351579,2015,Q1,2015-03-31,11013,CFS,NO_DATA,0,,2026-08-31T21:14:01.815458+00:00
049480,00335076,2015,Q1,2015-03-31,11013,CFS,NO_DATA,0,,2026-08-31T21:14:01.848591+00:00
049520,00256380,2015,Q1,2015-03-31,11013,CFS,NO_DATA,0,,2026-08-31T21:14:02.175460+00:00
049550,00261656,2015,Q1,2015-03-31,11013,CFS,NO_DATA,0,,2026-08-31T21:14:02.296132+00:00
049630,00147082,2015,Q1,2015-03-31,11013,CFS,NO_DATA,0,,2026-08-31T21:14:02.401732+00:00
049720,00336297,2015,Q1,2015-03-31,11013,CFS,NO_DATA,0,,2026-08-31T21:14:02.601570+00:00
049770,00340917,2015,Q1,2015-03-31,11013,CFS,NO_DATA,0,,2026-08-31T21:14:02.619307+00:00
049800,00303217,2015,Q1,2015-03-31,11013,CFS,NO_DATA,0,,2026-08-31T21:14:02.622134+00:00
049830,00135467,2015,Q1,2015-03-31,11013,CFS,NO_DATA,0,,2026-08-31T21:14:02.945260+00:00
049950,00447760,2015,Q1,2015-03-31,11013,CFS,NO_DATA,0,,2026-08-31T21:14:03.075641+00:00
049960,00357430,2015,Q1,2015-03-31,11013,CFS,NO_DATA,0,,2026-08-31T21:14:03.197764+00:00
050090,00369569,2015,Q1,2015-03-31,11013,CFS,NO_DATA,0,,2026-08-31T21:14:03.388567+00:00
050110,00330044,2015,Q1,2015-03-31,11013,CFS,NO_DATA,0,,2026-08-31T21:14:03.411710+00:00
050120,00175623,2015,Q1,2015-03-31,11013,CFS,NO_DATA,0,,2026-08-31T21:14:03.416454+00:00
050320,00245898,2015,Q1,2015-03-31,11013,CFS,NO_DATA,0,,2026-08-31T21:14:03.725124+00:00
050540,00302078,2015,Q1,2015-03-31,11013,CFS,NO_DATA,0,,2026-08-31T21:14:03.858774+00:00
050760,00340272,2015,Q1,2015-03-31,11013,CFS,NO_DATA,0,,2026-08-31T21:14:03.971871+00:00
050860,00138747,2015,Q1,2015-03-31,11013,CFS,NO_DATA,0,,2026-08-31T21:14:04.158047+00:00
051160,00389110,2015,Q1,2015-03-31,11013,CFS,NO_DATA,0,,2026-08-31T21:14:04.203853+00:00
050890,00364403,2015,Q1,2015-03-31,11013,CFS,NO_DATA,0,,2026-08-31T21:14:04.212649+00:00
051170,00202778,2015,Q1,2015-03-31,11013,CFS,NO_DATA,0,,2026-08-31T21:14:04.510213+00:00
051310,00181934,2015,Q1,2015-03-31,11013,CFS,NO_DATA,0,,2026-08-31T21:14:04.632471+00:00
051360,00390365,2015,Q1,2015-03-31,11013,CFS,NO_DATA,0,,2026-08-31T21:14:04.753236+00:00
051370,00369170,2015,Q1,2015-03-31,11013,CFS,NO_DATA,0,,2026-08-31T21:14:04.945731+00:00
051380,00297934,2015,Q1,2015-03-31,11013,CFS,NO_DATA,0,,2026-08-31T21:14:04.992383+00:00
051390,00296263,2015,Q1,2015-03-31,11013,CFS,NO_DATA,0,,2026-08-31T21:14:05.014404+00:00
051490,00297095,2015,Q1,2015-03-31,11013,CFS,NO_DATA,0,,2026-08-31T21:14:05.293459+00:00
051500,00127954,2015,Q1,2015-03-31,11013,CFS,NO_DATA,0,,2026-08-31T21:14:05.418938+00:00
051600,00159218,2015,Q1,2015-03-31,11013,CFS,NO_DATA,0,,2026-08-31T21:14:05.524385+00:00
051630,00347734,2015,Q1,2015-03-31,11013,CFS,NO_DATA,0,,2026-08-31T21:14:05.712043+00:00
051780,00296324,2015,Q1,2015-03-31,11013,CFS,NO_DATA,0,,2026-08-31T21:14:05.768062+00:00
051900,00356370,2015,Q1,2015-03-31,11013,CFS,NO_DATA,0,,2026-08-31T21:14:05.787510+00:00
051910,00356361,2015,Q1,2015-03-31,11013,CFS,NO_DATA,0,,2026-08-31T21:14:06.080523+00:00
051980,00347716,2015,Q1,2015-03-31,11013,CFS,NO_DATA,0,,2026-08-31T21:14:06.198591+00:00
052020,00273110,2015,Q1,2015-03-31,11013,CFS,NO_DATA,0,,2026-08-31T21:14:06.298539+00:00
052190,00347877,2015,Q1,2015-03-31,11013,CFS,NO_DATA,0,,2026-08-31T21:14:06.513089+00:00
052260,00347062,2015,Q1,2015-03-31,11013,CFS,NO_DATA,0,,2026-08-31T21:14:06.582449+00:00
052220,00370006,2015,Q1,2015-03-31,11013,CFS,NO_DATA,0,,2026-08-31T21:14:06.585183+00:00
052270,00291231,2015,Q1,2015-03-31,11013,CFS,NO_DATA,0,,2026-08-31T21:14:06.863329+00:00
052290,00348177,2015,Q1,2015-03-31,11013,CFS,NO_DATA,0,,2026-08-31T21:14:06.986561+00:00
052300,00349811,2015,Q1,2015-03-31,11013,CFS,NO_DATA,0,,2026-08-31T21:14:07.082755+00:00
052330,00305297,2015,Q1,2015-03-31,11013,CFS,NO_DATA,0,,2026-08-31T21:14:07.293567+00:00
052420,00350048,2015,Q1,2015-03-31,11013,CFS,NO_DATA,0,,2026-08-31T21:14:07.364692+00:00
052400,00349732,2015,Q1,2015-03-31,11013,CFS,NO_DATA,0,,2026-08-31T21:14:07.376102+00:00
052460,00405719,2015,Q1,2015-03-31,11013,CFS,NO_DATA,0,,2026-08-31T21:14:07.641099+00:00
052600,00244783,2015,Q1,2015-03-31,11013,CFS,NO_DATA,0,,2026-08-31T21:14:07.773506+00:00
052670,00185505,2015,Q1,2015-03-31,11013,CFS,NO_DATA,0,,2026-08-31T21:14:07.878905+00:00
052690,00159209,2015,Q1,2015-03-31,11013,CFS,NO_DATA,0,,2026-08-31T21:14:08.082926+00:00
052770,00346911,2015,Q1,2015-03-31,11013,CFS,NO_DATA,0,,2026-08-31T21:14:08.153965+00:00
052710,00298447,2015,Q1,2015-03-31,11013,CFS,NO_DATA,0,,2026-08-31T21:14:08.156526+00:00
052790,00348034,2015,Q1,2015-03-31,11013,CFS,NO_DATA,0,,2026-08-31T21:14:08.437976+00:00
052860,00365758,2015,Q1,2015-03-31,11013,CFS,NO_DATA,0,,2026-08-31T21:14:08.549393+00:00
052900,00276834,2015,Q1,2015-03-31,11013,CFS,NO_DATA,0,,2026-08-31T21:14:08.686378+00:00
053030,00216027,2015,Q1,2015-03-31,11013,CFS,NO_DATA,0,,2026-08-31T21:14:08.858145+00:00
053060,00133663,2015,Q1,2015-03-31,11013,CFS,NO_DATA,0,,2026-08-31T21:14:08.942720+00:00
053050,00351995,2015,Q1,2015-03-31,11013,CFS,NO_DATA,0,,2026-08-31T21:14:08.948452+00:00
053110,00352718,2015,Q1,2015-03-31,11013,CFS,NO_DATA,0,,2026-08-31T21:14:09.208593+00:00
053160,00352064,2015,Q1,2015-03-31,11013,CFS,NO_DATA,0,,2026-08-31T21:14:09.324427+00:00
053210,00349097,2015,Q1,2015-03-31,11013,CFS,NO_DATA,0,,2026-08-31T21:14:09.462808+00:00
053260,00105475,2015,Q1,2015-03-31,11013,CFS,NO_DATA,0,,2026-08-31T21:14:09.623038+00:00
053270,00202060,2015,Q1,2015-03-31,11013,CFS,NO_DATA,0,,2026-08-31T21:14:09.721324+00:00
053280,00362858,2015,Q1,2015-03-31,11013,CFS,NO_DATA,0,,2026-08-31T21:14:09.740396+00:00
053290,00363927,2015,Q1,2015-03-31,11013,CFS,NO_DATA,0,,2026-08-31T21:14:09.986340+00:00
053300,00306454,2015,Q1,2015-03-31,11013,CFS,NO_DATA,0,,2026-08-31T21:14:10.102964+00:00
053330,00356158,2015,Q1,2015-03-31,11013,CFS,NO_DATA,0,,2026-08-31T21:14:10.247271+00:00
053350,00353610,2015,Q1,2015-03-31,11013,CFS,NO_DATA,0,,2026-08-31T21:14:10.393497+00:00
053450,00351630,2015,Q1,2015-03-31,11013,CFS,NO_DATA,0,,2026-08-31T21:14:10.484672+00:00
053590,00355548,2015,Q1,2015-03-31,11013,CFS,NO_DATA,0,,2026-08-31T21:14:10.531693+00:00
053610,00325112,2015,Q1,2015-03-31,11013,CFS,NO_DATA,0,,2026-08-31T21:14:10.761964+00:00
053620,00186717,2015,Q1,2015-03-31,11013,CFS,NO_DATA,0,,2026-08-31T21:14:10.877528+00:00
053660,00188715,2015,Q1,2015-03-31,11013,CFS,NO_DATA,0,,2026-08-31T21:14:11.016960+00:00
053690,00413523,2015,Q1,2015-03-31,11013,CFS,NO_DATA,0,,2026-08-31T21:14:11.169483+00:00
053700,00351092,2015,Q1,2015-03-31,11013,CFS,NO_DATA,0,,2026-08-31T21:14:11.268559+00:00
053740,00218052,2015,Q1,2015-03-31,11013,CFS,NO_DATA,0,,2026-08-31T21:14:11.319485+00:00
053800,00298270,2015,Q1,2015-03-31,11013,CFS,NO_DATA,0,,2026-08-31T21:14:11.548867+00:00
053810,00351047,2015,Q1,2015-03-31,11013,CFS,NO_DATA,0,,2026-08-31T21:14:11.659777+00:00
053870,00351269,2015,Q1,2015-03-31,11013,CFS,NO_DATA,0,,2026-08-31T21:14:11.781524+00:00
053950,00307028,2015,Q1,2015-03-31,11013,CFS,NO_DATA,0,,2026-08-31T21:14:11.944831+00:00
053980,00226547,2015,Q1,2015-03-31,11013,CFS,NO_DATA,0,,2026-08-31T21:14:12.072296+00:00
054040,00303396,2015,Q1,2015-03-31,11013,CFS,NO_DATA,0,,2026-08-31T21:14:12.095291+00:00
054050,00176835,2015,Q1,2015-03-31,11013,CFS,NO_DATA,0,,2026-08-31T21:14:12.323613+00:00
054090,00239514,2015,Q1,2015-03-31,11013,CFS,NO_DATA,0,,2026-08-31T21:14:12.423837+00:00
054180,00356839,2015,Q1,2015-03-31,11013,CFS,NO_DATA,0,,2026-08-31T21:14:12.558414+00:00
054210,00206659,2015,Q1,2015-03-31,11013,CFS,NO_DATA,0,,2026-08-31T21:14:12.712847+00:00
054300,00339072,2015,Q1,2015-03-31,11013,CFS,NO_DATA,0,,2026-08-31T21:14:12.856436+00:00
054220,00201432,2015,Q1,2015-03-31,11013,CFS,NO_DATA,0,,2026-08-31T21:14:12.973448+00:00
054340,00302120,2015,Q1,2015-03-31,11013,CFS,NO_DATA,0,,2026-08-31T21:14:13.104185+00:00
054410,00357607,2015,Q1,2015-03-31,11013,CFS,NO_DATA,0,,2026-08-31T21:14:13.197665+00:00
054450,00423177,2015,Q1,2015-03-31,11013,CFS,NO_DATA,0,,2026-08-31T21:14:13.360734+00:00
054540,00250614,2015,Q1,2015-03-31,11013,CFS,NO_DATA,0,,2026-08-31T21:14:13.495206+00:00
054620,00296078,2015,Q1,2015-03-31,11013,CFS,NO_DATA,0,,2026-08-31T21:14:13.632442+00:00
054630,00356927,2015,Q1,2015-03-31,11013,CFS,NO_DATA,0,,2026-08-31T21:14:13.773099+00:00
054670,00207375,2015,Q1,2015-03-31,11013,CFS,NO_DATA,0,,2026-08-31T21:14:13.887772+00:00
054780,00353762,2015,Q1,2015-03-31,11013,CFS,NO_DATA,0,,2026-08-31T21:14:13.981113+00:00
054800,00359580,2015,Q1,2015-03-31,11013,CFS,NO_DATA,0,,2026-08-31T21:14:14.131748+00:00
054920,00363592,2015,Q1,2015-03-31,11013,CFS,NO_DATA,0,,2026-08-31T21:14:14.262152+00:00
054930,00144650,2015,Q1,2015-03-31,11013,CFS,NO_DATA,0,,2026-08-31T21:14:14.408746+00:00
054940,00360577,2015,Q1,2015-03-31,11013,CFS,NO_DATA,0,,2026-08-31T21:14:14.563167+00:00
054950,00361381,2015,Q1,2015-03-31,11013,CFS,NO_DATA,0,,2026-08-31T21:14:14.675573+00:00
055550,00382199,2015,Q1,2015-03-31,11013,CFS,NO_DATA,0,,2026-08-31T21:14:14.759338+00:00
056000,00361266,2015,Q1,2015-03-31,11013,CFS,NO_DATA,0,,2026-08-31T21:14:14.916514+00:00
056080,00234227,2015,Q1,2015-03-31,11013,CFS,NO_DATA,0,,2026-08-31T21:14:15.052254+00:00
056090,00346610,2015,Q1,2015-03-31,11013,CFS,NO_DATA,0,,2026-08-31T21:14:15.186686+00:00
056190,00358271,2015,Q1,2015-03-31,11013,CFS,NO_DATA,0,,2026-08-31T21:14:15.348557+00:00
056360,00360674,2015,Q1,2015-03-31,11013,CFS,NO_DATA,0,,2026-08-31T21:14:15.457896+00:00
056700,00228350,2015,Q1,2015-03-31,11013,CFS,NO_DATA,0,,2026-08-31T21:14:15.558611+00:00
056730,00318662,2015,Q1,2015-03-31,11013,CFS,NO_DATA,0,,2026-08-31T21:14:15.696670+00:00
057030,00307222,2015,Q1,2015-03-31,11013,CFS,NO_DATA,0,,2026-08-31T21:14:15.823510+00:00
057050,00412597,2015,Q1,2015-03-31,11013,CFS,NO_DATA,0,,2026-08-31T21:14:15.975111+00:00
057500,00307189,2015,Q1,2015-03-31,11013,CFS,NO_DATA,0,,2026-08-31T21:14:16.134302+00:00
057540,00265005,2015,Q1,2015-03-31,11013,CFS,NO_DATA,0,,2026-08-31T21:14:16.226789+00:00
057680,00372688,2015,Q1,2015-03-31,11013,CFS,NO_DATA,0,,2026-08-31T21:14:16.342581+00:00
057880,00410739,2015,Q1,2015-03-31,11013,CFS,NO_DATA,0,,2026-08-31T21:14:16.482031+00:00
058110,00270113,2015,Q1,2015-03-31,11013,CFS,NO_DATA,0,,2026-08-31T21:14:16.608795+00:00
058220,00441128,2015,Q1,2015-03-31,11013,CFS,NO_DATA,0,,2026-08-31T21:14:16.752816+00:00
058370,00372989,2015,Q1,2015-03-31,11013,CFS,NO_DATA,0,,2026-08-31T21:14:16.916242+00:00
058400,00208134,2015,Q1,2015-03-31,11013,CFS,NO_DATA,0,,2026-08-31T21:14:17.017913+00:00
058420,00359474,2015,Q1,2015-03-31,11013,CFS,NO_DATA,0,,2026-08-31T21:14:17.126614+00:00
058430,00155258,2015,Q1,2015-03-31,11013,CFS,NO_DATA,0,,2026-08-31T21:14:17.253318+00:00
058450,00146427,2015,Q1,2015-03-31,11013,CFS,NO_DATA,0,,2026-08-31T21:14:17.393826+00:00
058470,00369657,2015,Q1,2015-03-31,11013,CFS,NO_DATA,0,,2026-08-31T21:14:17.532957+00:00
058530,00353018,2015,Q1,2015-03-31,11013,CFS,NO_DATA,0,,2026-08-31T21:14:17.689652+00:00
058610,00220686,2015,Q1,2015-03-31,11013,CFS,NO_DATA,0,,2026-08-31T21:14:17.783469+00:00
058630,00397058,2015,Q1,2015-03-31,11013,CFS,NO_DATA,0,,2026-08-31T21:14:17.914339+00:00
058650,00377610,2015,Q1,2015-03-31,11013,CFS,NO_DATA,0,,2026-08-31T21:14:18.025907+00:00
058730,00353878,2015,Q1,2015-03-31,11013,CFS,NO_DATA,0,,2026-08-31T21:14:18.177487+00:00
058820,00380429,2015,Q1,2015-03-31,11013,CFS,NO_DATA,0,,2026-08-31T21:14:18.307980+00:00
058850,00372882,2015,Q1,2015-03-31,11013,CFS,NO_DATA,0,,2026-08-31T21:14:18.493269+00:00
058860,00372873,2015,Q1,2015-03-31,11013,CFS,NO_DATA,0,,2026-08-31T21:14:18.564845+00:00
059090,00366942,2015,Q1,2015-03-31,11013,CFS,NO_DATA,0,,2026-08-31T21:14:18.685686+00:00
059100,00407285,2015,Q1,2015-03-31,11013,CFS,NO_DATA,0,,2026-08-31T21:14:18.812549+00:00
059120,00404288,2015,Q1,2015-03-31,11013,CFS,NO_DATA,0,,2026-08-31T21:14:18.957847+00:00
059210,00317681,2015,Q1,2015-03-31,11013,CFS,NO_DATA,0,,2026-08-31T21:14:19.097938+00:00
060150,00375931,2015,Q1,2015-03-31,11013,CFS,NO_DATA,0,,2026-08-31T21:14:19.271951+00:00
060230,00363510,2015,Q1,2015-03-31,11013,CFS,NO_DATA,0,,2026-08-31T21:14:19.348343+00:00
060240,00373571,2015,Q1,2015-03-31,11013,CFS,NO_DATA,0,,2026-08-31T21:14:19.466252+00:00
060250,00357740,2015,Q1,2015-03-31,11013,CFS,NO_DATA,0,,2026-08-31T21:14:19.603969+00:00
060260,00351375,2015,Q1,2015-03-31,11013,CFS,NO_DATA,0,,2026-08-31T21:14:19.752376+00:00
060280,00356802,2015,Q1,2015-03-31,11013,CFS,NO_DATA,0,,2026-08-31T21:14:19.878782+00:00
060300,00364795,2015,Q1,2015-03-31,11013,CFS,NO_DATA,0,,2026-08-31T21:14:20.054578+00:00
060310,00378363,2015,Q1,2015-03-31,11013,CFS,NO_DATA,0,,2026-08-31T21:14:20.152675+00:00
060370,00225742,2015,Q1,2015-03-31,11013,CFS,NO_DATA,0,,2026-08-31T21:14:20.247587+00:00
060380,00178851,2015,Q1,2015-03-31,11013,CFS,NO_DATA,0,,2026-08-31T21:14:20.382354+00:00
060480,00203847,2015,Q1,2015-03-31,11013,CFS,NO_DATA,0,,2026-08-31T21:14:20.542332+00:00
060540,00379229,2015,Q1,2015-03-31,11013,CFS,NO_DATA,0,,2026-08-31T21:14:20.662030+00:00
060560,00288495,2015,Q1,2015-03-31,11013,CFS,NO_DATA,0,,2026-08-31T21:14:20.841436+00:00
060570,00364467,2015,Q1,2015-03-31,11013,CFS,NO_DATA,0,,2026-08-31T21:14:20.944015+00:00
060590,00362292,2015,Q1,2015-03-31,11013,CFS,NO_DATA,0,,2026-08-31T21:14:21.015534+00:00
060720,00378628,2015,Q1,2015-03-31,11013,CFS,NO_DATA,0,,2026-08-31T21:14:21.157227+00:00
060900,00367695,2015,Q1,2015-03-31,11013,CFS,NO_DATA,0,,2026-08-31T21:14:21.319698+00:00
060910,00353230,2015,Q1,2015-03-31,11013,CFS,NO_DATA,0,,2026-08-31T21:14:21.433161+00:00
060980,00299002,2015,Q1,2015-03-31,11013,CFS,NO_DATA,0,,2026-08-31T21:14:21.610874+00:00
061040,00309831,2015,Q1,2015-03-31,11013,CFS,NO_DATA,0,,2026-08-31T21:14:21.735603+00:00
061250,00188973,2015,Q1,2015-03-31,11013,CFS,NO_DATA,0,,2026-08-31T21:14:21.803732+00:00
061460,00163619,2015,Q1,2015-03-31,11013,CFS,NO_DATA,0,,2026-08-31T21:14:21.949306+00:00
061970,00412348,2015,Q1,2015-03-31,11013,CFS,NO_DATA,0,,2026-08-31T21:14:22.101733+00:00
062580,00408336,2015,Q1,2015-03-31,11013,CFS,NO_DATA,0,,2026-08-31T21:14:22.227934+00:00
062860,00261887,2015,Q1,2015-03-31,11013,CFS,NO_DATA,0,,2026-08-31T21:14:22.399772+00:00
063080,00535746,2015,Q1,2015-03-31,11013,CFS,NO_DATA,0,,2026-08-31T21:14:22.521332+00:00
063160,00390055,2015,Q1,2015-03-31,11013,CFS,NO_DATA,0,,2026-08-31T21:14:22.588917+00:00
063170,00410915,2015,Q1,2015-03-31,11013,CFS,NO_DATA,0,,2026-08-31T21:14:22.721792+00:00
063440,00367604,2015,Q1,2015-03-31,11013,CFS,NO_DATA,0,,2026-08-31T21:14:22.896080+00:00
063570,00363769,2015,Q1,2015-03-31,11013,CFS,NO_DATA,0,,2026-08-31T21:14:22.995341+00:00
063760,00374020,2015,Q1,2015-03-31,11013,CFS,NO_DATA,0,,2026-08-31T21:14:23.194738+00:00
063840,00359030,2015,Q1,2015-03-31,11013,CFS,NO_DATA,0,,2026-08-31T21:14:23.308944+00:00
064090,00390408,2015,Q1,2015-03-31,11013,CFS,NO_DATA,0,,2026-08-31T21:14:23.381529+00:00
064240,00385336,2015,Q1,2015-03-31,11013,CFS,NO_DATA,0,,2026-08-31T21:14:23.499169+00:00
064260,00389970,2015,Q1,2015-03-31,11013,CFS,NO_DATA,0,,2026-08-31T21:14:23.688757+00:00
064290,00479787,2015,Q1,2015-03-31,11013,CFS,NO_DATA,0,,2026-08-31T21:14:23.765910+00:00
064350,00302926,2015,Q1,2015-03-31,11013,CFS,NO_DATA,0,,2026-08-31T21:14:23.969667+00:00
064480,00359076,2015,Q1,2015-03-31,11013,CFS,NO_DATA,0,,2026-08-31T21:14:24.093613+00:00
064520,00370255,2015,Q1,2015-03-31,11013,CFS,NO_DATA,0,,2026-08-31T21:14:24.164144+00:00
064550,00326731,2015,Q1,2015-03-31,11013,CFS,NO_DATA,0,,2026-08-31T21:14:24.271687+00:00
064760,00245472,2015,Q1,2015-03-31,11013,CFS,NO_DATA,0,,2026-08-31T21:14:24.475514+00:00
064800,00392691,2015,Q1,2015-03-31,11013,CFS,NO_DATA,0,,2026-08-31T21:14:24.532589+00:00
064820,00152437,2015,Q1,2015-03-31,11013,CFS,NO_DATA,0,,2026-08-31T21:14:24.793540+00:00
064850,00331016,2015,Q1,2015-03-31,11013,CFS,NO_DATA,0,,2026-08-31T21:14:24.862647+00:00
064960,00398792,2015,Q1,2015-03-31,11013,CFS,NO_DATA,0,,2026-08-31T21:14:24.968035+00:00
065060,00258102,2015,Q1,2015-03-31,11013,CFS,NO_DATA,0,,2026-08-31T21:14:25.067857+00:00
065130,00366845,2015,Q1,2015-03-31,11013,CFS,NO_DATA,0,,2026-08-31T21:14:25.254042+00:00
065150,00390860,2015,Q1,2015-03-31,11013,CFS,NO_DATA,0,,2026-08-31T21:14:25.322183+00:00
065160,00389387,2015,Q1,2015-03-31,11013,CFS,NO_DATA,0,,2026-08-31T21:14:25.576173+00:00
065170,00384717,2015,Q1,2015-03-31,11013,CFS,NO_DATA,0,,2026-08-31T21:14:25.632485+00:00
065180,00389679,2015,Q1,2015-03-31,11013,CFS,NO_DATA,0,,2026-08-31T21:14:25.747758+00:00
065270,00364926,2015,Q1,2015-03-31,11013,CFS,NO_DATA,0,,2026-08-31T21:14:25.853545+00:00
065350,00136226,2015,Q1,2015-03-31,11013,CFS,NO_DATA,0,,2026-08-31T21:14:26.035773+00:00
065420,00120906,2015,Q1,2015-03-31,11013,CFS,NO_DATA,0,,2026-08-31T21:14:26.096967+00:00
065440,00390514,2015,Q1,2015-03-31,11013,CFS,NO_DATA,0,,2026-08-31T21:14:26.353938+00:00
065450,00385363,2015,Q1,2015-03-31,11013,CFS,NO_DATA,0,,2026-08-31T21:14:26.414865+00:00
065500,00300405,2015,Q1,2015-03-31,11013,CFS,NO_DATA,0,,2026-08-31T21:14:26.524459+00:00
065510,00398668,2015,Q1,2015-03-31,11013,CFS,NO_DATA,0,,2026-08-31T21:14:26.624176+00:00
065530,00250137,2015,Q1,2015-03-31,11013,CFS,NO_DATA,0,,2026-08-31T21:14:26.810905+00:00
065560,00393469,2015,Q1,2015-03-31,11013,CFS,NO_DATA,0,,2026-08-31T21:14:26.870483+00:00
065570,00288343,2015,Q1,2015-03-31,11013,CFS,NO_DATA,0,,2026-08-31T21:14:27.136709+00:00
065620,00201788,2015,Q1,2015-03-31,11013,CFS,NO_DATA,0,,2026-08-31T21:14:27.203713+00:00
065650,00391197,2015,Q1,2015-03-31,11013,CFS,NO_DATA,0,,2026-08-31T21:14:27.301650+00:00
065680,00390903,2015,Q1,2015-03-31,11013,CFS,NO_DATA,0,,2026-08-31T21:14:27.402413+00:00
065690,00384762,2015,Q1,2015-03-31,11013,CFS,NO_DATA,0,,2026-08-31T21:14:27.603842+00:00
065710,00220622,2015,Q1,2015-03-31,11013,CFS,NO_DATA,0,,2026-08-31T21:14:27.653939+00:00
065770,00303703,2015,Q1,2015-03-31,11013,CFS,NO_DATA,0,,2026-08-31T21:14:27.926436+00:00
065940,00155382,2015,Q1,2015-03-31,11013,CFS,NO_DATA,0,,2026-08-31T21:14:27.982718+00:00
065950,00362159,2015,Q1,2015-03-31,11013,CFS,NO_DATA,0,,2026-08-31T21:14:28.079924+00:00
066110,00226228,2015,Q1,2015-03-31,11013,CFS,NO_DATA,0,,2026-08-31T21:14:28.188230+00:00
066130,00221728,2015,Q1,2015-03-31,11013,CFS,NO_DATA,0,,2026-08-31T21:14:28.390722+00:00
066270,00361725,2015,Q1,2015-03-31,11013,CFS,NO_DATA,0,,2026-08-31T21:14:28.421540+00:00
066310,00411446,2015,Q1,2015-03-31,11013,CFS,NO_DATA,0,,2026-08-31T21:14:28.726517+00:00
066350,00397243,2015,Q1,2015-03-31,11013,CFS,NO_DATA,0,,2026-08-31T21:14:28.765883+00:00
066410,00378220,2015,Q1,2015-03-31,11013,CFS,NO_DATA,0,,2026-08-31T21:14:28.865366+00:00
066430,00370200,2015,Q1,2015-03-31,11013,CFS,NO_DATA,0,,2026-08-31T21:14:28.982782+00:00
066570,00401731,2015,Q1,2015-03-31,11013,CFS,NO_DATA,0,,2026-08-31T21:14:29.188372+00:00
066590,00301422,2015,Q1,2015-03-31,11013,CFS,NO_DATA,0,,2026-08-31T21:14:29.207220+00:00
066620,00253985,2015,Q1,2015-03-31,11013,CFS,NO_DATA,0,,2026-08-31T21:14:29.515334+00:00
066670,00371740,2015,Q1,2015-03-31,11013,CFS,NO_DATA,0,,2026-08-31T21:14:29.540826+00:00
066700,00249894,2015,Q1,2015-03-31,11013,CFS,NO_DATA,0,,2026-08-31T21:14:29.636393+00:00
066790,00249441,2015,Q1,2015-03-31,11013,CFS,NO_DATA,0,,2026-08-31T21:14:29.760870+00:00
066900,00303192,2015,Q1,2015-03-31,11013,CFS,NO_DATA,0,,2026-08-31T21:14:29.976343+00:00
066910,00306870,2015,Q1,2015-03-31,11013,CFS,NO_DATA,0,,2026-08-31T21:14:29.982567+00:00
066970,00398701,2015,Q1,2015-03-31,11013,CFS,NO_DATA,0,,2026-08-31T21:14:30.304140+00:00
066980,00389998,2015,Q1,2015-03-31,11013,CFS,NO_DATA,0,,2026-08-31T21:14:30.327486+00:00
067000,00397252,2015,Q1,2015-03-31,11013,CFS,NO_DATA,0,,2026-08-31T21:14:30.424444+00:00
067010,00400060,2015,Q1,2015-03-31,11013,CFS,NO_DATA,0,,2026-08-31T21:14:30.533806+00:00
067080,00210740,2015,Q1,2015-03-31,11013,CFS,NO_DATA,0,,2026-08-31T21:14:30.775317+00:00
067160,00399694,2015,Q1,2015-03-31,11013,CFS,NO_DATA,0,,2026-08-31T21:14:30.777812+00:00
067170,00397289,2015,Q1,2015-03-31,11013,CFS,NO_DATA,0,,2026-08-31T21:14:31.099819+00:00
067280,00425351,2015,Q1,2015-03-31,11013,CFS,NO_DATA,0,,2026-08-31T21:14:31.112016+00:00
067290,00110431,2015,Q1,2015-03-31,11013,CFS,NO_DATA,0,,2026-08-31T21:14:31.238693+00:00
067310,00445054,2015,Q1,2015-03-31,11013,CFS,NO_DATA,0,,2026-08-31T21:14:31.315107+00:00
067570,00146436,2015,Q1,2015-03-31,11013,CFS,NO_DATA,0,,2026-08-31T21:14:31.547933+00:00
067390,00409681,2015,Q1,2015-03-31,11013,CFS,NO_DATA,0,,2026-08-31T21:14:31.571800+00:00
067730,00238199,2015,Q1,2015-03-31,11013,CFS,NO_DATA,0,,2026-08-31T21:14:31.887298+00:00
067630,00365590,2015,Q1,2015-03-31,11013,CFS,NO_DATA,0,,2026-08-31T21:14:31.889142+00:00
067770,00406727,2015,Q1,2015-03-31,11013,CFS,NO_DATA,0,,2026-08-31T21:14:32.015054+00:00
067830,00422895,2015,Q1,2015-03-31,11013,CFS,NO_DATA,0,,2026-08-31T21:14:32.096721+00:00
067900,00190756,2015,Q1,2015-03-31,11013,CFS,NO_DATA,0,,2026-08-31T21:14:32.316118+00:00
067920,00364847,2015,Q1,2015-03-31,11013,CFS,NO_DATA,0,,2026-08-31T21:14:32.352244+00:00
067990,00449379,2015,Q1,2015-03-31,11013,CFS,NO_DATA,0,,2026-08-31T21:14:32.676611+00:00
068050,00397191,2015,Q1,2015-03-31,11013,CFS,NO_DATA,0,,2026-08-31T21:14:32.679111+00:00
068060,00175650,2015,Q1,2015-03-31,11013,CFS,NO_DATA,0,,2026-08-31T21:14:32.811646+00:00
068150,00394778,2015,Q1,2015-03-31,11013,CFS,NO_DATA,0,,2026-08-31T21:14:32.864667+00:00
068240,00523307,2015,Q1,2015-03-31,11013,CFS,NO_DATA,0,,2026-08-31T21:14:33.099111+00:00
068270,00413046,2015,Q1,2015-03-31,11013,CFS,NO_DATA,0,,2026-08-31T21:14:33.135405+00:00
068330,00385415,2015,Q1,2015-03-31,11013,CFS,NO_DATA,0,,2026-08-31T21:14:33.469425+00:00
068290,00423690,2015,Q1,2015-03-31,11013,CFS,NO_DATA,0,,2026-08-31T21:14:33.471140+00:00
068400,00201450,2015,Q1,2015-03-31,11013,CFS,NO_DATA,0,,2026-08-31T21:14:33.591444+00:00
068760,00541349,2015,Q1,2015-03-31,11013,CFS,NO_DATA,0,,2026-08-31T21:14:33.640167+00:00
068790,00361594,2015,Q1,2015-03-31,11013,CFS,NO_DATA,0,,2026-08-31T21:14:33.873509+00:00
068870,00423609,2015,Q1,2015-03-31,11013,CFS,NO_DATA,0,,2026-08-31T21:14:33.917701+00:00
068940,00308896,2015,Q1,2015-03-31,11013,CFS,NO_DATA,0,,2026-08-31T21:14:34.260354+00:00
068930,00398808,2015,Q1,2015-03-31,11013,CFS,NO_DATA,0,,2026-08-31T21:14:34.266012+00:00
069080,00405320,2015,Q1,2015-03-31,11013,CFS,NO_DATA,0,,2026-08-31T21:14:34.371304+00:00
069110,00402989,2015,Q1,2015-03-31,11013,CFS,NO_DATA,0,,2026-08-31T21:14:34.412045+00:00
069140,00410997,2015,Q1,2015-03-31,11013,CFS,NO_DATA,0,,2026-08-31T21:14:34.644399+00:00
069260,00426086,2015,Q1,2015-03-31,11013,CFS,NO_DATA,0,,2026-08-31T21:14:34.686751+00:00
069330,00400121,2015,Q1,2015-03-31,11013,CFS,NO_DATA,0,,2026-08-31T21:14:35.054609+00:00
069410,00415707,2015,Q1,2015-03-31,11013,CFS,NO_DATA,0,,2026-08-31T21:14:35.057067+00:00
069460,00428729,2015,Q1,2015-03-31,11013,CFS,NO_DATA,0,,2026-08-31T21:14:35.140401+00:00
069510,00306719,2015,Q1,2015-03-31,11013,CFS,NO_DATA,0,,2026-08-31T21:14:35.182717+00:00
069540,00367482,2015,Q1,2015-03-31,11013,CFS,NO_DATA,0,,2026-08-31T21:14:35.435481+00:00
069620,00427483,2015,Q1,2015-03-31,11013,CFS,NO_DATA,0,,2026-08-31T21:14:35.467461+00:00
069730,00151298,2015,Q1,2015-03-31,11013,CFS,NO_DATA,0,,2026-08-31T21:14:35.846556+00:00
069640,00357360,2015,Q1,2015-03-31,11013,CFS,NO_DATA,0,,2026-08-31T21:14:35.848671+00:00
069920,00426068,2015,Q1,2015-03-31,11013,CFS,NO_DATA,0,,2026-08-31T21:14:35.909550+00:00
069960,00428251,2015,Q1,2015-03-31,11013,CFS,NO_DATA,0,,2026-08-31T21:14:35.963851+00:00
070300,00683007,2015,Q1,2015-03-31,11013,CFS,NO_DATA,0,,2026-08-31T21:14:36.210591+00:00
070590,00470829,2015,Q1,2015-03-31,11013,CFS,NO_DATA,0,,2026-08-31T21:14:36.240245+00:00
071050,00432102,2015,Q1,2015-03-31,11013,CFS,NO_DATA,0,,2026-08-31T21:14:36.633636+00:00
071090,00435312,2015,Q1,2015-03-31,11013,CFS,NO_DATA,0,,2026-08-31T21:14:36.643858+00:00
071200,00435969,2015,Q1,2015-03-31,11013,CFS,NO_DATA,0,,2026-08-31T21:14:36.679872+00:00
071280,00363486,2015,Q1,2015-03-31,11013,CFS,NO_DATA,0,,2026-08-31T21:14:36.725620+00:00
071320,00159698,2015,Q1,2015-03-31,11013,CFS,NO_DATA,0,,2026-08-31T21:14:36.980203+00:00
071670,00384887,2015,Q1,2015-03-31,11013,CFS,NO_DATA,0,,2026-08-31T21:14:37.018571+00:00
071840,00158307,2015,Q1,2015-03-31,11013,CFS,NO_DATA,0,,2026-08-31T21:14:37.402859+00:00
071850,00302582,2015,Q1,2015-03-31,11013,CFS,NO_DATA,0,,2026-08-31T21:14:37.417781+00:00
071930,00183260,2015,Q1,2015-03-31,11013,CFS,NO_DATA,0,,2026-08-31T21:14:37.452983+00:00
071950,00210856,2015,Q1,2015-03-31,11013,CFS,NO_DATA,0,,2026-08-31T21:14:37.508349+00:00
071970,00406046,2015,Q1,2015-03-31,11013,CFS,NO_DATA,0,,2026-08-31T21:14:37.749961+00:00
072020,00415327,2015,Q1,2015-03-31,11013,CFS,NO_DATA,0,,2026-08-31T21:14:37.790337+00:00
072130,00416654,2015,Q1,2015-03-31,11013,CFS,NO_DATA,0,,2026-08-31T21:14:38.183348+00:00
072470,00359623,2015,Q1,2015-03-31,11013,CFS,NO_DATA,0,,2026-08-31T21:14:38.200442+00:00
072520,00408956,2015,Q1,2015-03-31,11013,CFS,NO_DATA,0,,2026-08-31T21:14:38.231188+00:00
072710,00459871,2015,Q1,2015-03-31,11013,CFS,NO_DATA,0,,2026-08-31T21:14:38.278397+00:00
072770,00583026,2015,Q1,2015-03-31,11013,CFS,NO_DATA,0,,2026-08-31T21:14:38.546676+00:00
072870,00422284,2015,Q1,2015-03-31,11013,CFS,NO_DATA,0,,2026-08-31T21:14:38.578974+00:00
072950,00359261,2015,Q1,2015-03-31,11013,CFS,NO_DATA,0,,2026-08-31T21:14:38.969633+00:00
073010,00328191,2015,Q1,2015-03-31,11013,CFS,NO_DATA,0,,2026-08-31T21:14:38.988828+00:00
073070,00235147,2015,Q1,2015-03-31,11013,CFS,NO_DATA,0,,2026-08-31T21:14:38.996513+00:00
073110,00494218,2015,Q1,2015-03-31,11013,CFS,NO_DATA,0,,2026-08-31T21:14:39.052136+00:00
073190,00407771,2015,Q1,2015-03-31,11013,CFS,NO_DATA,0,,2026-08-31T21:14:39.334601+00:00
073240,00481454,2015,Q1,2015-03-31,11013,CFS,NO_DATA,0,,2026-08-31T21:14:39.355238+00:00
073490,00462121,2015,Q1,2015-03-31,11013,CFS,NO_DATA,0,,2026-08-31T21:14:39.755976+00:00
073570,00440712,2015,Q1,2015-03-31,11013,CFS,NO_DATA,0,,2026-08-31T21:14:39.804204+00:00
073540,00442561,2015,Q1,2015-03-31,11013,CFS,NO_DATA,0,,2026-08-31T21:14:39.805949+00:00
073640,00373021,2015,Q1,2015-03-31,11013,CFS,NO_DATA,0,,2026-08-31T21:14:39.837849+00:00
074130,00302801,2015,Q1,2015-03-31,11013,CFS,NO_DATA,0,,2026-08-31T21:14:40.130928+00:00
074150,00418476,2015,Q1,2015-03-31,11013,CFS,NO_DATA,0,,2026-08-31T21:14:40.139127+00:00
074430,00466428,2015,Q1,2015-03-31,11013,CFS,NO_DATA,0,,2026-08-31T21:14:40.540616+00:00
074600,00468374,2015,Q1,2015-03-31,11013,CFS,NO_DATA,0,,2026-08-31T21:14:40.586009+00:00
074610,00469799,2015,Q1,2015-03-31,11013,CFS,NO_DATA,0,,2026-08-31T21:14:40.593519+00:00
075130,00490179,2015,Q1,2015-03-31,11013,CFS,NO_DATA,0,,2026-08-31T21:14:40.610955+00:00
075180,00305668,2015,Q1,2015-03-31,11013,CFS,NO_DATA,0,,2026-08-31T21:14:40.917473+00:00
075580,00415628,2015,Q1,2015-03-31,11013,CFS,NO_DATA,0,,2026-08-31T21:14:40.926278+00:00
075970,00472890,2015,Q1,2015-03-31,11013,CFS,NO_DATA,0,,2026-08-31T21:14:41.314429+00:00
076340,00321204,2015,Q1,2015-03-31,11013,CFS,NO_DATA,0,,2026-08-31T21:14:41.383976+00:00
076080,00487546,2015,Q1,2015-03-31,11013,CFS,NO_DATA,0,,2026-08-31T21:14:41.385718+00:00
076610,00483735,2015,Q1,2015-03-31,11013,CFS,NO_DATA,0,,2026-08-31T21:14:41.397927+00:00
077280,00473400,2015,Q1,2015-03-31,11013,CFS,NO_DATA,0,,2026-08-31T21:14:41.695292+00:00
077360,00471068,2015,Q1,2015-03-31,11013,CFS,NO_DATA,0,,2026-08-31T21:14:41.705169+00:00
077500,00414601,2015,Q1,2015-03-31,11013,CFS,NO_DATA,0,,2026-08-31T21:14:42.089768+00:00
077970,00480455,2015,Q1,2015-03-31,11013,CFS,NO_DATA,0,,2026-08-31T21:14:42.170931+00:00
078000,00361488,2015,Q1,2015-03-31,11013,CFS,NO_DATA,0,,2026-08-31T21:14:42.185409+00:00
078020,00330424,2015,Q1,2015-03-31,11013,CFS,NO_DATA,0,,2026-08-31T21:14:42.188043+00:00
078070,00411385,2015,Q1,2015-03-31,11013,CFS,NO_DATA,0,,2026-08-31T21:14:42.469458+00:00
078130,00104573,2015,Q1,2015-03-31,11013,CFS,NO_DATA,0,,2026-08-31T21:14:42.493343+00:00
078140,00442826,2015,Q1,2015-03-31,11013,CFS,NO_DATA,0,,2026-08-31T21:14:42.867180+00:00
078150,00255275,2015,Q1,2015-03-31,11013,CFS,NO_DATA,0,,2026-08-31T21:14:42.949403+00:00
078340,00476498,2015,Q1,2015-03-31,11013,CFS,NO_DATA,0,,2026-08-31T21:14:42.963923+00:00
078160,00453929,2015,Q1,2015-03-31,11013,CFS,NO_DATA,0,,2026-08-31T21:14:42.974289+00:00
078350,00488989,2015,Q1,2015-03-31,11013,CFS,NO_DATA,0,,2026-08-31T21:14:43.247178+00:00
078520,00400857,2015,Q1,2015-03-31,11013,CFS,NO_DATA,0,,2026-08-31T21:14:43.275051+00:00
078590,00230814,2015,Q1,2015-03-31,11013,CFS,NO_DATA,0,,2026-08-31T21:14:43.651659+00:00
078600,00177816,2015,Q1,2015-03-31,11013,CFS,NO_DATA,0,,2026-08-31T21:14:43.744643+00:00
078650,00477257,2015,Q1,2015-03-31,11013,CFS,NO_DATA,0,,2026-08-31T21:14:43.751202+00:00
078780,00446460,2015,Q1,2015-03-31,11013,CFS,NO_DATA,0,,2026-08-31T21:14:43.753613+00:00
078860,00543204,2015,Q1,2015-03-31,11013,CFS,NO_DATA,0,,2026-08-31T21:14:44.031313+00:00
078890,00441304,2015,Q1,2015-03-31,11013,CFS,NO_DATA,0,,2026-08-31T21:14:44.051237+00:00
078930,00500254,2015,Q1,2015-03-31,11013,CFS,NO_DATA,0,,2026-08-31T21:14:44.428866+00:00
078940,00501970,2015,Q1,2015-03-31,11013,CFS,NO_DATA,0,,2026-08-31T21:14:44.548439+00:00
079160,00303873,2015,Q1,2015-03-31,11013,CFS,NO_DATA,0,,2026-08-31T21:14:44.550512+00:00
079000,00455875,2015,Q1,2015-03-31,11013,CFS,NO_DATA,0,,2026-08-31T21:14:44.554503+00:00
079170,00202839,2015,Q1,2015-03-31,11013,CFS,NO_DATA,0,,2026-08-31T21:14:44.804568+00:00
079190,00479705,2015,Q1,2015-03-31,11013,CFS,NO_DATA,0,,2026-08-31T21:14:44.840609+00:00
079370,00442570,2015,Q1,2015-03-31,11013,CFS,NO_DATA,0,,2026-08-31T21:14:45.211326+00:00
079650,00130408,2015,Q1,2015-03-31,11013,CFS,NO_DATA,0,,2026-08-31T21:14:45.346723+00:00
079430,00300548,2015,Q1,2015-03-31,11013,CFS,NO_DATA,0,,2026-08-31T21:14:45.349208+00:00
079550,00503668,2015,Q1,2015-03-31,11013,CFS,NO_DATA,0,,2026-08-31T21:14:45.369412+00:00
079660,00503899,2015,Q1,2015-03-31,11013,CFS,NO_DATA,0,,2026-08-31T21:14:45.572325+00:00
079810,00445160,2015,Q1,2015-03-31,11013,CFS,NO_DATA,0,,2026-08-31T21:14:45.615256+00:00
079940,00506294,2015,Q1,2015-03-31,11013,CFS,NO_DATA,0,,2026-08-31T21:14:46.000333+00:00
079950,00409371,2015,Q1,2015-03-31,11013,CFS,NO_DATA,0,,2026-08-31T21:14:46.135289+00:00
079960,00178790,2015,Q1,2015-03-31,11013,CFS,NO_DATA,0,,2026-08-31T21:14:46.137768+00:00
079970,00596260,2015,Q1,2015-03-31,11013,CFS,NO_DATA,0,,2026-08-31T21:14:46.160050+00:00
079980,00362238,2015,Q1,2015-03-31,11013,CFS,NO_DATA,0,,2026-08-31T21:14:46.347889+00:00
080000,00455981,2015,Q1,2015-03-31,11013,CFS,NO_DATA,0,,2026-08-31T21:14:46.402198+00:00
080010,00454399,2015,Q1,2015-03-31,11013,CFS,NO_DATA,0,,2026-08-31T21:14:46.775547+00:00
080220,00447487,2015,Q1,2015-03-31,11013,CFS,NO_DATA,0,,2026-08-31T21:14:46.927621+00:00
080160,00456218,2015,Q1,2015-03-31,11013,CFS,NO_DATA,0,,2026-08-31T21:14:46.941154+00:00
080420,00480048,2015,Q1,2015-03-31,11013,CFS,NO_DATA,0,,2026-08-31T21:14:46.945352+00:00
080440,00366793,2015,Q1,2015-03-31,11013,CFS,NO_DATA,0,,2026-08-31T21:14:47.129724+00:00
080470,00486370,2015,Q1,2015-03-31,11013,CFS,NO_DATA,0,,2026-08-31T21:14:47.187601+00:00
080520,00529815,2015,Q1,2015-03-31,11013,CFS,NO_DATA,0,,2026-08-31T21:14:47.556606+00:00
081000,00508274,2015,Q1,2015-03-31,11013,CFS,NO_DATA,0,,2026-08-31T21:14:47.738916+00:00
080580,00543107,2015,Q1,2015-03-31,11013,CFS,NO_DATA,0,,2026-08-31T21:14:47.740964+00:00
080530,00308559,2015,Q1,2015-03-31,11013,CFS,NO_DATA,0,,2026-08-31T21:14:47.743886+00:00
081150,00497631,2015,Q1,2015-03-31,11013,CFS,NO_DATA,0,,2026-08-31T21:14:47.913309+00:00
081210,00505569,2015,Q1,2015-03-31,11013,CFS,NO_DATA,0,,2026-08-31T21:14:47.969797+00:00
081580,00364306,2015,Q1,2015-03-31,11013,CFS,NO_DATA,0,,2026-08-31T21:14:48.333279+00:00
081660,00195229,2015,Q1,2015-03-31,11013,CFS,NO_DATA,0,,2026-08-31T21:14:48.518902+00:00
081940,00510914,2015,Q1,2015-03-31,11013,CFS,NO_DATA,0,,2026-08-31T21:14:48.541071+00:00
081930,00510534,2015,Q1,2015-03-31,11013,CFS,NO_DATA,0,,2026-08-31T21:14:48.543467+00:00
081970,00584362,2015,Q1,2015-03-31,11013,CFS,NO_DATA,0,,2026-08-31T21:14:48.702081+00:00
082210,00327396,2015,Q1,2015-03-31,11013,CFS,NO_DATA,0,,2026-08-31T21:14:48.741635+00:00
082220,00535719,2015,Q1,2015-03-31,11013,CFS,NO_DATA,0,,2026-08-31T21:14:49.104791+00:00
082240,00512550,2015,Q1,2015-03-31,11013,CFS,NO_DATA,0,,2026-08-31T21:14:49.302806+00:00
082260,00512532,2015,Q1,2015-03-31,11013,CFS,NO_DATA,0,,2026-08-31T21:14:49.340217+00:00
082250,00512541,2015,Q1,2015-03-31,11013,CFS,NO_DATA,0,,2026-08-31T21:14:49.343144+00:00
082270,00492894,2015,Q1,2015-03-31,11013,CFS,NO_DATA,0,,2026-08-31T21:14:49.476298+00:00
082390,00496003,2015,Q1,2015-03-31,11013,CFS,NO_DATA,0,,2026-08-31T21:14:49.521606+00:00
082640,00117267,2015,Q1,2015-03-31,11013,CFS,NO_DATA,0,,2026-08-31T21:14:49.883157+00:00
082660,00442455,2015,Q1,2015-03-31,11013,CFS,NO_DATA,0,,2026-08-31T21:14:50.084873+00:00
082740,00361008,2015,Q1,2015-03-31,11013,CFS,NO_DATA,0,,2026-08-31T21:14:50.142261+00:00
082800,00533191,2015,Q1,2015-03-31,11013,CFS,NO_DATA,0,,2026-08-31T21:14:50.143408+00:00
082850,00369107,2015,Q1,2015-03-31,11013,CFS,NO_DATA,0,,2026-08-31T21:14:50.262344+00:00
082920,00154718,2015,Q1,2015-03-31,11013,CFS,NO_DATA,0,,2026-08-31T21:14:50.299549+00:00
083310,00484682,2015,Q1,2015-03-31,11013,CFS,NO_DATA,0,,2026-08-31T21:14:50.658270+00:00
083350,00529310,2015,Q1,2015-03-31,11013,CFS,NO_DATA,0,,2026-08-31T21:14:50.875817+00:00
083370,00526447,2015,Q1,2015-03-31,11013,CFS,NO_DATA,0,,2026-08-31T21:14:50.936724+00:00
083360,00529523,2015,Q1,2015-03-31,11013,CFS,NO_DATA,0,,2026-08-31T21:14:50.938501+00:00
083380,00526465,2015,Q1,2015-03-31,11013,CFS,NO_DATA,0,,2026-08-31T21:14:51.051965+00:00
083390,00526474,2015,Q1,2015-03-31,11013,CFS,NO_DATA,0,,2026-08-31T21:14:51.077695+00:00
083420,00454946,2015,Q1,2015-03-31,11013,CFS,NO_DATA,0,,2026-08-31T21:14:51.425332+00:00
083450,00540863,2015,Q1,2015-03-31,11013,CFS,NO_DATA,0,,2026-08-31T21:14:51.653107+00:00
083550,00242934,2015,Q1,2015-03-31,11013,CFS,NO_DATA,0,,2026-08-31T21:14:51.725654+00:00
083470,00475718,2015,Q1,2015-03-31,11013,CFS,NO_DATA,0,,2026-08-31T21:14:51.742756+00:00
083570,00533580,2015,Q1,2015-03-31,11013,CFS,NO_DATA,0,,2026-08-31T21:14:51.819638+00:00
083580,00533793,2015,Q1,2015-03-31,11013,CFS,NO_DATA,0,,2026-08-31T21:14:51.859727+00:00
083590,00533836,2015,Q1,2015-03-31,11013,CFS,NO_DATA,0,,2026-08-31T21:14:52.203087+00:00
083600,00533757,2015,Q1,2015-03-31,11013,CFS,NO_DATA,0,,2026-08-31T21:14:52.429543+00:00
083610,00533696,2015,Q1,2015-03-31,11013,CFS,NO_DATA,0,,2026-08-31T21:14:52.506817+00:00
083620,00533678,2015,Q1,2015-03-31,11013,CFS,NO_DATA,0,,2026-08-31T21:14:52.528819+00:00
083640,00475976,2015,Q1,2015-03-31,11013,CFS,NO_DATA,0,,2026-08-31T21:14:52.598580+00:00
083650,00409788,2015,Q1,2015-03-31,11013,CFS,NO_DATA,0,,2026-08-31T21:14:52.646837+00:00
083660,00406037,2015,Q1,2015-03-31,11013,CFS,NO_DATA,0,,2026-08-31T21:14:52.986225+00:00
083790,00407814,2015,Q1,2015-03-31,11013,CFS,NO_DATA,0,,2026-08-31T21:14:53.198879+00:00
084010,00113225,2015,Q1,2015-03-31,11013,CFS,NO_DATA,0,,2026-08-31T21:14:53.297371+00:00
083930,00442145,2015,Q1,2015-03-31,11013,CFS,NO_DATA,0,,2026-08-31T21:14:53.303112+00:00
084110,00228059,2015,Q1,2015-03-31,11013,CFS,NO_DATA,0,,2026-08-31T21:14:53.383305+00:00
084180,00243979,2015,Q1,2015-03-31,11013,CFS,NO_DATA,0,,2026-08-31T21:14:53.423495+00:00
084370,00531014,2015,Q1,2015-03-31,11013,CFS,NO_DATA,0,,2026-08-31T21:14:53.763951+00:00
084440,00531078,2015,Q1,2015-03-31,11013,CFS,NO_DATA,0,,2026-08-31T21:14:53.979216+00:00
084650,00545114,2015,Q1,2015-03-31,11013,CFS,NO_DATA,0,,2026-08-31T21:14:54.080434+00:00
084670,00540641,2015,Q1,2015-03-31,11013,CFS,NO_DATA,0,,2026-08-31T21:14:54.083513+00:00
084680,00540605,2015,Q1,2015-03-31,11013,CFS,NO_DATA,0,,2026-08-31T21:14:54.156891+00:00
084690,00539274,2015,Q1,2015-03-31,11013,CFS,NO_DATA,0,,2026-08-31T21:14:54.198206+00:00
084730,00438036,2015,Q1,2015-03-31,11013,CFS,NO_DATA,0,,2026-08-31T21:14:54.548630+00:00
084870,00409672,2015,Q1,2015-03-31,11013,CFS,NO_DATA,0,,2026-08-31T21:14:54.773068+00:00
085310,00172228,2015,Q1,2015-03-31,11013,CFS,NO_DATA,0,,2026-08-31T21:14:54.870268+00:00
084990,00359395,2015,Q1,2015-03-31,11013,CFS,NO_DATA,0,,2026-08-31T21:14:54.875596+00:00
085370,00549925,2015,Q1,2015-03-31,11013,CFS,NO_DATA,0,,2026-08-31T21:14:54.934373+00:00
085620,00112332,2015,Q1,2015-03-31,11013,CFS,NO_DATA,0,,2026-08-31T21:14:54.973817+00:00
085660,00525679,2015,Q1,2015-03-31,11013,CFS,NO_DATA,0,,2026-08-31T21:14:55.323909+00:00
085670,00493510,2015,Q1,2015-03-31,11013,CFS,NO_DATA,0,,2026-08-31T21:14:55.539243+00:00
085810,00364254,2015,Q1,2015-03-31,11013,CFS,NO_DATA,0,,2026-08-31T21:14:55.644280+00:00
085910,00447928,2015,Q1,2015-03-31,11013,CFS,NO_DATA,0,,2026-08-31T21:14:55.660964+00:00
085980,00461690,2015,Q1,2015-03-31,11013,CFS,NO_DATA,0,,2026-08-31T21:14:55.707158+00:00
086040,00447502,2015,Q1,2015-03-31,11013,CFS,NO_DATA,0,,2026-08-31T21:14:55.758497+00:00
086060,00491053,2015,Q1,2015-03-31,11013,CFS,NO_DATA,0,,2026-08-31T21:14:56.100023+00:00
086200,00413824,2015,Q1,2015-03-31,11013,CFS,NO_DATA,0,,2026-08-31T21:14:56.322589+00:00
086220,00523176,2015,Q1,2015-03-31,11013,CFS,NO_DATA,0,,2026-08-31T21:14:56.408506+00:00
086250,00166333,2015,Q1,2015-03-31,11013,CFS,NO_DATA,0,,2026-08-31T21:14:56.441866+00:00
086280,00360595,2015,Q1,2015-03-31,11013,CFS,NO_DATA,0,,2026-08-31T21:14:56.487174+00:00
086390,00540447,2015,Q1,2015-03-31,11013,CFS,NO_DATA,0,,2026-08-31T21:14:56.547306+00:00
086450,00114808,2015,Q1,2015-03-31,11013,CFS,NO_DATA,0,,2026-08-31T21:14:56.867430+00:00
086460,00548519,2015,Q1,2015-03-31,11013,CFS,NO_DATA,0,,2026-08-31T21:14:57.108032+00:00
086520,00536541,2015,Q1,2015-03-31,11013,CFS,NO_DATA,0,,2026-08-31T21:14:57.188702+00:00
086670,00524786,2015,Q1,2015-03-31,11013,CFS,NO_DATA,0,,2026-08-31T21:14:57.212422+00:00
086790,00547583,2015,Q1,2015-03-31,11013,CFS,NO_DATA,0,,2026-08-31T21:14:57.276187+00:00
086830,00317830,2015,Q1,2015-03-31,11013,CFS,NO_DATA,0,,2026-08-31T21:14:57.327030+00:00
086890,00526872,2015,Q1,2015-03-31,11013,CFS,NO_DATA,0,,2026-08-31T21:14:57.642577+00:00
086900,00580199,2015,Q1,2015-03-31,11013,CFS,NO_DATA,0,,2026-08-31T21:14:57.888758+00:00
086960,00445841,2015,Q1,2015-03-31,11013,CFS,NO_DATA,0,,2026-08-31T21:14:57.973534+00:00
086980,00303794,2015,Q1,2015-03-31,11013,CFS,NO_DATA,0,,2026-08-31T21:14:57.990478+00:00
087010,00415868,2015,Q1,2015-03-31,11013,CFS,NO_DATA,0,,2026-08-31T21:14:58.046906+00:00
087220,00454265,2015,Q1,2015-03-31,11013,CFS,NO_DATA,0,,2026-08-31T21:14:58.123684+00:00
087600,00495086,2015,Q1,2015-03-31,11013,CFS,NO_DATA,0,,2026-08-31T21:14:58.411090+00:00
087730,00496225,2015,Q1,2015-03-31,11013,CFS,NO_DATA,0,,2026-08-31T21:14:58.660460+00:00
088130,00489243,2015,Q1,2015-03-31,11013,CFS,NO_DATA,0,,2026-08-31T21:14:58.753504+00:00
088290,00409140,2015,Q1,2015-03-31,11013,CFS,NO_DATA,0,,2026-08-31T21:14:58.758980+00:00
088350,00113058,2015,Q1,2015-03-31,11013,CFS,NO_DATA,0,,2026-08-31T21:14:58.826106+00:00
088390,00494476,2015,Q1,2015-03-31,11013,CFS,NO_DATA,0,,2026-08-31T21:14:58.904184+00:00
088790,00557933,2015,Q1,2015-03-31,11013,CFS,NO_DATA,0,,2026-08-31T21:14:59.203232+00:00
088800,00556907,2015,Q1,2015-03-31,11013,CFS,NO_DATA,0,,2026-08-31T21:14:59.437139+00:00
088910,00228712,2015,Q1,2015-03-31,11013,CFS,NO_DATA,0,,2026-08-31T21:14:59.539824+00:00
088980,00435297,2015,Q1,2015-03-31,11013,CFS,NO_DATA,0,,2026-08-31T21:14:59.547153+00:00
089010,00371485,2015,Q1,2015-03-31,11013,CFS,NO_DATA,0,,2026-08-31T21:14:59.603367+00:00
089030,00535676,2015,Q1,2015-03-31,11013,CFS,NO_DATA,0,,2026-08-31T21:14:59.686798+00:00
089140,00416414,2015,Q1,2015-03-31,11013,CFS,NO_DATA,0,,2026-08-31T21:14:59.978813+00:00
089150,00441447,2015,Q1,2015-03-31,11013,CFS,NO_DATA,0,,2026-08-31T21:15:00.269391+00:00
089470,00357935,2015,Q1,2015-03-31,11013,CFS,NO_DATA,0,,2026-08-31T21:15:00.326141+00:00
089230,00519252,2015,Q1,2015-03-31,11013,CFS,NO_DATA,0,,2026-08-31T21:15:00.328072+00:00
089530,00458562,2015,Q1,2015-03-31,11013,CFS,NO_DATA,0,,2026-08-31T21:15:00.372483+00:00
089590,00555874,2015,Q1,2015-03-31,11013,CFS,NO_DATA,0,,2026-08-31T21:15:00.463444+00:00
089600,00486097,2015,Q1,2015-03-31,11013,CFS,NO_DATA,0,,2026-08-31T21:15:00.767498+00:00
089790,00365457,2015,Q1,2015-03-31,11013,CFS,NO_DATA,0,,2026-08-31T21:15:01.066961+00:00
089850,00592653,2015,Q1,2015-03-31,11013,CFS,NO_DATA,0,,2026-08-31T21:15:01.120296+00:00
089890,00365934,2015,Q1,2015-03-31,11013,CFS,NO_DATA,0,,2026-08-31T21:15:01.122118+00:00
089980,00181299,2015,Q1,2015-03-31,11013,CFS,NO_DATA,0,,2026-08-31T21:15:01.146534+00:00
090080,00573579,2015,Q1,2015-03-31,11013,CFS,NO_DATA,0,,2026-08-31T21:15:01.271149+00:00
090120,00491336,2015,Q1,2015-03-31,11013,CFS,NO_DATA,0,,2026-08-31T21:15:01.546602+00:00
090150,00365624,2015,Q1,2015-03-31,11013,CFS,NO_DATA,0,,2026-08-31T21:15:01.843466+00:00
090360,00536523,2015,Q1,2015-03-31,11013,CFS,NO_DATA,0,,2026-08-31T21:15:01.909804+00:00
090350,00583442,2015,Q1,2015-03-31,11013,CFS,NO_DATA,0,,2026-08-31T21:15:01.914811+00:00
090370,00442835,2015,Q1,2015-03-31,11013,CFS,NO_DATA,0,,2026-08-31T21:15:01.937181+00:00
090410,00454937,2015,Q1,2015-03-31,11013,CFS,NO_DATA,0,,2026-08-31T21:15:02.040928+00:00
090430,00583424,2015,Q1,2015-03-31,11013,CFS,NO_DATA,0,,2026-08-31T21:15:02.333651+00:00
090460,00447609,2015,Q1,2015-03-31,11013,CFS,NO_DATA,0,,2026-08-31T21:15:02.630044+00:00
090470,00493185,2015,Q1,2015-03-31,11013,CFS,NO_DATA,0,,2026-08-31T21:15:02.702088+00:00
090540,00560025,2015,Q1,2015-03-31,11013,CFS,NO_DATA,0,,2026-08-31T21:15:02.710981+00:00
090710,00540429,2015,Q1,2015-03-31,11013,CFS,NO_DATA,0,,2026-08-31T21:15:02.714554+00:00
090730,00163789,2015,Q1,2015-03-31,11013,CFS,NO_DATA,0,,2026-08-31T21:15:02.916559+00:00
090740,00495554,2015,Q1,2015-03-31,11013,CFS,NO_DATA,0,,2026-08-31T21:15:03.120333+00:00
090850,00656951,2015,Q1,2015-03-31,11013,CFS,NO_DATA,0,,2026-08-31T21:15:03.409559+00:00
090970,00580603,2015,Q1,2015-03-31,11013,CFS,NO_DATA,0,,2026-08-31T21:15:03.473358+00:00
090980,00580612,2015,Q1,2015-03-31,11013,CFS,NO_DATA,0,,2026-08-31T21:15:03.498219+00:00
090990,00580621,2015,Q1,2015-03-31,11013,CFS,NO_DATA,0,,2026-08-31T21:15:03.512199+00:00
091000,00580630,2015,Q1,2015-03-31,11013,CFS,NO_DATA,0,,2026-08-31T21:15:03.695144+00:00
091090,00585219,2015,Q1,2015-03-31,11013,CFS,NO_DATA,0,,2026-08-31T21:15:03.902605+00:00
091120,00541163,2015,Q1,2015-03-31,11013,CFS,NO_DATA,0,,2026-08-31T21:15:04.191320+00:00
091270,00612115,2015,Q1,2015-03-31,11013,CFS,NO_DATA,0,,2026-08-31T21:15:04.244306+00:00
091340,00580667,2015,Q1,2015-03-31,11013,CFS,NO_DATA,0,,2026-08-31T21:15:04.282659+00:00
091440,00560122,2015,Q1,2015-03-31,11013,CFS,NO_DATA,0,,2026-08-31T21:15:04.292486+00:00
091580,00480783,2015,Q1,2015-03-31,11013,CFS,NO_DATA,0,,2026-08-31T21:15:04.479881+00:00
091590,00108001,2015,Q1,2015-03-31,11013,CFS,NO_DATA,0,,2026-08-31T21:15:04.684954+00:00
091690,00543231,2015,Q1,2015-03-31,11013,CFS,NO_DATA,0,,2026-08-31T21:15:04.978810+00:00
091700,00490151,2015,Q1,2015-03-31,11013,CFS,NO_DATA,0,,2026-08-31T21:15:05.017620+00:00
091970,00542074,2015,Q1,2015-03-31,11013,CFS,NO_DATA,0,,2026-08-31T21:15:05.077127+00:00
092040,00545734,2015,Q1,2015-03-31,11013,CFS,NO_DATA,0,,2026-08-31T21:15:05.079463+00:00
092070,00569691,2015,Q1,2015-03-31,11013,CFS,NO_DATA,0,,2026-08-31T21:15:05.275433+00:00
092130,00634728,2015,Q1,2015-03-31,11013,CFS,NO_DATA,0,,2026-08-31T21:15:05.471648+00:00
092200,00112165,2015,Q1,2015-03-31,11013,CFS,NO_DATA,0,,2026-08-31T21:15:05.759182+00:00
092220,00589127,2015,Q1,2015-03-31,11013,CFS,NO_DATA,0,,2026-08-31T21:15:05.797728+00:00
092300,00367455,2015,Q1,2015-03-31,11013,CFS,NO_DATA,0,,2026-08-31T21:15:05.859329+00:00
092230,00587466,2015,Q1,2015-03-31,11013,CFS,NO_DATA,0,,2026-08-31T21:15:05.862190+00:00
092440,00106614,2015,Q1,2015-03-31,11013,CFS,NO_DATA,0,,2026-08-31T21:15:06.059733+00:00
092460,00528515,2015,Q1,2015-03-31,11013,CFS,NO_DATA,0,,2026-08-31T21:15:06.247849+00:00
092590,00578325,2015,Q1,2015-03-31,11013,CFS,NO_DATA,0,,2026-08-31T21:15:06.552331+00:00
092600,00537337,2015,Q1,2015-03-31,11013,CFS,NO_DATA,0,,2026-08-31T21:15:06.576364+00:00
092730,00551920,2015,Q1,2015-03-31,11013,CFS,NO_DATA,0,,2026-08-31T21:15:06.660829+00:00
092630,00587101,2015,Q1,2015-03-31,11013,CFS,NO_DATA,0,,2026-08-31T21:15:06.663347+00:00
092870,00611736,2015,Q1,2015-03-31,11013,CFS,NO_DATA,0,,2026-08-31T21:15:06.855495+00:00
093050,00593032,2015,Q1,2015-03-31,11013,CFS,NO_DATA,0,,2026-08-31T21:15:07.029463+00:00
093190,00478900,2015,Q1,2015-03-31,11013,CFS,NO_DATA,0,,2026-08-31T21:15:07.327404+00:00
093230,00480950,2015,Q1,2015-03-31,11013,CFS,NO_DATA,0,,2026-08-31T21:15:07.354310+00:00
093320,00603348,2015,Q1,2015-03-31,11013,CFS,NO_DATA,0,,2026-08-31T21:15:07.461060+00:00
093240,00441243,2015,Q1,2015-03-31,11013,CFS,NO_DATA,0,,2026-08-31T21:15:07.529778+00:00
093370,00595191,2015,Q1,2015-03-31,11013,CFS,NO_DATA,0,,2026-08-31T21:15:07.636017+00:00
093380,00155373,2015,Q1,2015-03-31,11013,CFS,NO_DATA,0,,2026-08-31T21:15:07.802772+00:00
093520,00596677,2015,Q1,2015-03-31,11013,CFS,NO_DATA,0,,2026-08-31T21:15:08.115920+00:00
093640,00536888,2015,Q1,2015-03-31,11013,CFS,NO_DATA,0,,2026-08-31T21:15:08.125659+00:00
093920,00445799,2015,Q1,2015-03-31,11013,CFS,NO_DATA,0,,2026-08-31T21:15:08.239298+00:00
094170,00695969,2015,Q1,2015-03-31,11013,CFS,NO_DATA,0,,2026-08-31T21:15:08.331512+00:00
094190,00379016,2015,Q1,2015-03-31,11013,CFS,NO_DATA,0,,2026-08-31T21:15:08.419633+00:00
094280,00414850,2015,Q1,2015-03-31,11013,CFS,NO_DATA,0,,2026-08-31T21:15:08.586559+00:00
094360,00579971,2015,Q1,2015-03-31,11013,CFS,NO_DATA,0,,2026-08-31T21:15:08.903240+00:00
094480,00587457,2015,Q1,2015-03-31,11013,CFS,NO_DATA,0,,2026-08-31T21:15:08.905059+00:00
094800,00600013,2015,Q1,2015-03-31,11013,CFS,NO_DATA,0,,2026-08-31T21:15:09.025208+00:00
094820,00485177,2015,Q1,2015-03-31,11013,CFS,NO_DATA,0,,2026-08-31T21:15:09.140510+00:00
094840,00599957,2015,Q1,2015-03-31,11013,CFS,NO_DATA,0,,2026-08-31T21:15:09.217392+00:00
094850,00606770,2015,Q1,2015-03-31,11013,CFS,NO_DATA,0,,2026-08-31T21:15:09.380399+00:00
094860,00599106,2015,Q1,2015-03-31,11013,CFS,NO_DATA,0,,2026-08-31T21:15:09.698562+00:00
094940,00537832,2015,Q1,2015-03-31,11013,CFS,NO_DATA,0,,2026-08-31T21:15:09.700185+00:00
094970,00533508,2015,Q1,2015-03-31,11013,CFS,NO_DATA,0,,2026-08-31T21:15:09.802707+00:00
095190,00526951,2015,Q1,2015-03-31,11013,CFS,NO_DATA,0,,2026-08-31T21:15:09.926477+00:00
095270,00526696,2015,Q1,2015-03-31,11013,CFS,NO_DATA,0,,2026-08-31T21:15:09.999516+00:00
095300,00447478,2015,Q1,2015-03-31,11013,CFS,NO_DATA,0,,2026-08-31T21:15:10.157747+00:00
095500,00526836,2015,Q1,2015-03-31,11013,CFS,NO_DATA,0,,2026-08-31T21:15:10.488973+00:00
095340,00572905,2015,Q1,2015-03-31,11013,CFS,NO_DATA,0,,2026-08-31T21:15:10.492358+00:00
095570,00365387,2015,Q1,2015-03-31,11013,CFS,NO_DATA,0,,2026-08-31T21:15:10.585072+00:00
095610,00524421,2015,Q1,2015-03-31,11013,CFS,NO_DATA,0,,2026-08-31T21:15:10.702814+00:00
095660,00628860,2015,Q1,2015-03-31,11013,CFS,NO_DATA,0,,2026-08-31T21:15:10.783524+00:00
095700,00545929,2015,Q1,2015-03-31,11013,CFS,NO_DATA,0,,2026-08-31T21:15:10.937258+00:00
095720,00628189,2015,Q1,2015-03-31,11013,CFS,NO_DATA,0,,2026-08-31T21:15:11.279495+00:00
095910,00585538,2015,Q1,2015-03-31,11013,CFS,NO_DATA,0,,2026-08-31T21:15:11.300732+00:00
096040,00480756,2015,Q1,2015-03-31,11013,CFS,NO_DATA,0,,2026-08-31T21:15:11.360312+00:00
096240,00525882,2015,Q1,2015-03-31,11013,CFS,NO_DATA,0,,2026-08-31T21:15:11.480516+00:00
096300,00626710,2015,Q1,2015-03-31,11013,CFS,NO_DATA,0,,2026-08-31T21:15:11.554944+00:00
096350,00177870,2015,Q1,2015-03-31,11013,CFS,NO_DATA,0,,2026-08-31T21:15:11.720441+00:00
096530,00788773,2015,Q1,2015-03-31,11013,CFS,NO_DATA,0,,2026-08-31T21:15:12.052775+00:00
096610,00516246,2015,Q1,2015-03-31,11013,CFS,NO_DATA,0,,2026-08-31T21:15:12.076661+00:00
096630,00573269,2015,Q1,2015-03-31,11013,CFS,NO_DATA,0,,2026-08-31T21:15:12.149919+00:00
096640,00609315,2015,Q1,2015-03-31,11013,CFS,NO_DATA,0,,2026-08-31T21:15:12.268668+00:00
096690,00608839,2015,Q1,2015-03-31,11013,CFS,NO_DATA,0,,2026-08-31T21:15:12.351947+00:00
096760,00632304,2015,Q1,2015-03-31,11013,CFS,NO_DATA,0,,2026-08-31T21:15:12.502384+00:00
096770,00631518,2015,Q1,2015-03-31,11013,CFS,NO_DATA,0,,2026-08-31T21:15:12.840224+00:00
096870,00540571,2015,Q1,2015-03-31,11013,CFS,NO_DATA,0,,2026-08-31T21:15:12.865945+00:00
097230,00633835,2015,Q1,2015-03-31,11013,CFS,NO_DATA,0,,2026-08-31T21:15:12.950266+00:00
097520,00564562,2015,Q1,2015-03-31,11013,CFS,NO_DATA,0,,2026-08-31T21:15:13.048470+00:00
097780,00562360,2015,Q1,2015-03-31,11013,CFS,NO_DATA,0,,2026-08-31T21:15:13.134840+00:00
097800,00536286,2015,Q1,2015-03-31,11013,CFS,NO_DATA,0,,2026-08-31T21:15:13.277061+00:00
097870,00367385,2015,Q1,2015-03-31,11013,CFS,NO_DATA,0,,2026-08-31T21:15:13.618384+00:00
097950,00635134,2015,Q1,2015-03-31,11013,CFS,NO_DATA,0,,2026-08-31T21:15:13.643450+00:00
098120,00568188,2015,Q1,2015-03-31,11013,CFS,NO_DATA,0,,2026-08-31T21:15:13.726976+00:00
098460,00579999,2015,Q1,2015-03-31,11013,CFS,NO_DATA,0,,2026-08-31T21:15:13.835342+00:00
098660,00612188,2015,Q1,2015-03-31,11013,CFS,NO_DATA,0,,2026-08-31T21:15:13.937025+00:00
099190,00550994,2015,Q1,2015-03-31,11013,CFS,NO_DATA,0,,2026-08-31T21:15:14.075614+00:00
099220,00574611,2015,Q1,2015-03-31,11013,CFS,NO_DATA,0,,2026-08-31T21:15:14.399924+00:00
099320,00449254,2015,Q1,2015-03-31,11013,CFS,NO_DATA,0,,2026-08-31T21:15:14.428320+00:00
099340,00647883,2015,Q1,2015-03-31,11013,CFS,NO_DATA,0,,2026-08-31T21:15:14.511483+00:00
099350,00647935,2015,Q1,2015-03-31,11013,CFS,NO_DATA,0,,2026-08-31T21:15:14.614475+00:00
099410,00526678,2015,Q1,2015-03-31,11013,CFS,NO_DATA,0,,2026-08-31T21:15:14.715347+00:00
099440,00580056,2015,Q1,2015-03-31,11013,CFS,NO_DATA,0,,2026-08-31T21:15:14.863906+00:00
099520,00627029,2015,Q1,2015-03-31,11013,CFS,NO_DATA,0,,2026-08-31T21:15:15.179082+00:00
099660,00599887,2015,Q1,2015-03-31,11013,CFS,NO_DATA,0,,2026-08-31T21:15:15.211452+00:00
099830,00232496,2015,Q1,2015-03-31,11013,CFS,NO_DATA,0,,2026-08-31T21:15:15.305942+00:00
100030,00641171,2015,Q1,2015-03-31,11013,CFS,NO_DATA,0,,2026-08-31T21:15:15.401353+00:00
100090,00480367,2015,Q1,2015-03-31,11013,CFS,NO_DATA,0,,2026-08-31T21:15:15.496701+00:00
100120,00609324,2015,Q1,2015-03-31,11013,CFS,NO_DATA,0,,2026-08-31T21:15:15.645985+00:00
100130,00415594,2015,Q1,2015-03-31,11013,CFS,NO_DATA,0,,2026-08-31T21:15:15.954211+00:00
100220,00520887,2015,Q1,2015-03-31,11013,CFS,NO_DATA,0,,2026-08-31T21:15:15.994195+00:00
100250,00646732,2015,Q1,2015-03-31,11013,CFS,NO_DATA,0,,2026-08-31T21:15:16.094159+00:00
100660,00166528,2015,Q1,2015-03-31,11013,CFS,NO_DATA,0,,2026-08-31T21:15:16.183726+00:00
100700,00362201,2015,Q1,2015-03-31,11013,CFS,NO_DATA,0,,2026-08-31T21:15:16.271894+00:00
100840,00648721,2015,Q1,2015-03-31,11013,CFS,NO_DATA,0,,2026-08-31T21:15:16.424198+00:00
101000,00618410,2015,Q1,2015-03-31,11013,CFS,NO_DATA,0,,2026-08-31T21:15:16.742978+00:00
101060,00650629,2015,Q1,2015-03-31,11013,CFS,NO_DATA,0,,2026-08-31T21:15:16.787011+00:00
101140,00652423,2015,Q1,2015-03-31,11013,CFS,NO_DATA,0,,2026-08-31T21:15:16.886686+00:00
101160,00580065,2015,Q1,2015-03-31,11013,CFS,NO_DATA,0,,2026-08-31T21:15:16.963452+00:00
101170,00567222,2015,Q1,2015-03-31,11013,CFS,NO_DATA,0,,2026-08-31T21:15:17.044634+00:00
101240,00520610,2015,Q1,2015-03-31,11013,CFS,NO_DATA,0,,2026-08-31T21:15:17.207619+00:00
101330,00498001,2015,Q1,2015-03-31,11013,CFS,NO_DATA,0,,2026-08-31T21:15:17.529950+00:00
101360,00619640,2015,Q1,2015-03-31,11013,CFS,NO_DATA,0,,2026-08-31T21:15:17.572740+00:00
101390,00609634,2015,Q1,2015-03-31,11013,CFS,NO_DATA,0,,2026-08-31T21:15:17.668826+00:00
101400,00641393,2015,Q1,2015-03-31,11013,CFS,NO_DATA,0,,2026-08-31T21:15:17.740227+00:00
101490,00411048,2015,Q1,2015-03-31,11013,CFS,NO_DATA,0,,2026-08-31T21:15:17.818383+00:00
101670,00527491,2015,Q1,2015-03-31,11013,CFS,NO_DATA,0,,2026-08-31T21:15:18.020311+00:00
101680,00257732,2015,Q1,2015-03-31,11013,CFS,NO_DATA,0,,2026-08-31T21:15:18.328692+00:00
101730,00643656,2015,Q1,2015-03-31,11013,CFS,NO_DATA,0,,2026-08-31T21:15:18.360454+00:00
101930,00482426,2015,Q1,2015-03-31,11013,CFS,NO_DATA,0,,2026-08-31T21:15:18.455585+00:00
101970,00450931,2015,Q1,2015-03-31,11013,CFS,NO_DATA,0,,2026-08-31T21:15:18.524625+00:00
102120,00591441,2015,Q1,2015-03-31,11013,CFS,NO_DATA,0,,2026-08-31T21:15:18.592204+00:00
102210,00299358,2015,Q1,2015-03-31,11013,CFS,NO_DATA,0,,2026-08-31T21:15:18.802677+00:00
102260,00679314,2015,Q1,2015-03-31,11013,CFS,NO_DATA,0,,2026-08-31T21:15:19.099704+00:00
102280,00681142,2015,Q1,2015-03-31,11013,CFS,NO_DATA,0,,2026-08-31T21:15:19.138910+00:00
102460,00145598,2015,Q1,2015-03-31,11013,CFS,NO_DATA,0,,2026-08-31T21:15:19.241782+00:00
102710,00530185,2015,Q1,2015-03-31,11013,CFS,NO_DATA,0,,2026-08-31T21:15:19.305211+00:00
102940,00525642,2015,Q1,2015-03-31,11013,CFS,NO_DATA,0,,2026-08-31T21:15:19.360732+00:00
103130,00609485,2015,Q1,2015-03-31,11013,CFS,NO_DATA,0,,2026-08-31T21:15:19.594897+00:00
103140,00684714,2015,Q1,2015-03-31,11013,CFS,NO_DATA,0,,2026-08-31T21:15:19.887756+00:00
103230,00137012,2015,Q1,2015-03-31,11013,CFS,NO_DATA,0,,2026-08-31T21:15:19.932186+00:00
103590,00683469,2015,Q1,2015-03-31,11013,CFS,NO_DATA,0,,2026-08-31T21:15:20.029126+00:00
103650,00678281,2015,Q1,2015-03-31,11013,CFS,NO_DATA,0,,2026-08-31T21:15:20.083537+00:00
103660,00762377,2015,Q1,2015-03-31,11013,CFS,NO_DATA,0,,2026-08-31T21:15:20.162414+00:00
104040,00442905,2015,Q1,2015-03-31,11013,CFS,NO_DATA,0,,2026-08-31T21:15:20.362859+00:00
104110,00686068,2015,Q1,2015-03-31,11013,CFS,NO_DATA,0,,2026-08-31T21:15:20.667856+00:00
104120,00686147,2015,Q1,2015-03-31,11013,CFS,NO_DATA,0,,2026-08-31T21:15:20.707335+00:00
104200,00645089,2015,Q1,2015-03-31,11013,CFS,NO_DATA,0,,2026-08-31T21:15:20.809502+00:00
104460,00602136,2015,Q1,2015-03-31,11013,CFS,NO_DATA,0,,2026-08-31T21:15:20.871318+00:00
104480,00693554,2015,Q1,2015-03-31,11013,CFS,NO_DATA,0,,2026-08-31T21:15:20.934293+00:00
104540,00541437,2015,Q1,2015-03-31,11013,CFS,NO_DATA,0,,2026-08-31T21:15:21.142883+00:00
104700,00687711,2015,Q1,2015-03-31,11013,CFS,NO_DATA,0,,2026-08-31T21:15:21.455188+00:00
104830,00623661,2015,Q1,2015-03-31,11013,CFS,NO_DATA,0,,2026-08-31T21:15:21.490466+00:00
105330,00606664,2015,Q1,2015-03-31,11013,CFS,NO_DATA,0,,2026-08-31T21:15:21.589980+00:00
105550,00766106,2015,Q1,2015-03-31,11013,CFS,NO_DATA,0,,2026-08-31T21:15:21.632792+00:00
105560,00688996,2015,Q1,2015-03-31,11013,CFS,NO_DATA,0,,2026-08-31T21:15:21.722342+00:00
105630,00728638,2015,Q1,2015-03-31,11013,CFS,NO_DATA,0,,2026-08-31T21:15:21.927412+00:00
105740,00533003,2015,Q1,2015-03-31,11013,CFS,NO_DATA,0,,2026-08-31T21:15:22.229830+00:00
105840,00173944,2015,Q1,2015-03-31,11013,CFS,NO_DATA,0,,2026-08-31T21:15:22.274904+00:00
106080,00542898,2015,Q1,2015-03-31,11013,CFS,NO_DATA,0,,2026-08-31T21:15:22.356424+00:00
106190,00409964,2015,Q1,2015-03-31,11013,CFS,NO_DATA,0,,2026-08-31T21:15:22.399381+00:00
106240,00755739,2015,Q1,2015-03-31,11013,CFS,NO_DATA,0,,2026-08-31T21:15:22.535847+00:00
106520,00536329,2015,Q1,2015-03-31,11013,CFS,NO_DATA,0,,2026-08-31T21:15:22.735332+00:00
107590,00706715,2015,Q1,2015-03-31,11013,CFS,NO_DATA,0,,2026-08-31T21:15:23.011386+00:00
107640,00474588,2015,Q1,2015-03-31,11013,CFS,NO_DATA,0,,2026-08-31T21:15:23.051244+00:00
108230,00531917,2015,Q1,2015-03-31,11013,CFS,NO_DATA,0,,2026-08-31T21:15:23.130536+00:00
108320,00525934,2015,Q1,2015-03-31,11013,CFS,NO_DATA,0,,2026-08-31T21:15:23.173292+00:00
108380,00111193,2015,Q1,2015-03-31,11013,CFS,NO_DATA,0,,2026-08-31T21:15:23.321189+00:00
108670,00759513,2015,Q1,2015-03-31,11013,CFS,NO_DATA,0,,2026-08-31T21:15:23.512776+00:00
108790,00598587,2015,Q1,2015-03-31,11013,CFS,NO_DATA,0,,2026-08-31T21:15:23.784582+00:00
108860,00666064,2015,Q1,2015-03-31,11013,CFS,NO_DATA,0,,2026-08-31T21:15:23.832733+00:00
109070,00753643,2015,Q1,2015-03-31,11013,CFS,NO_DATA,0,,2026-08-31T21:15:23.927797+00:00
109080,00660291,2015,Q1,2015-03-31,11013,CFS,NO_DATA,0,,2026-08-31T21:15:23.963230+00:00
109610,00535481,2015,Q1,2015-03-31,11013,CFS,NO_DATA,0,,2026-08-31T21:15:24.111699+00:00
109740,00530121,2015,Q1,2015-03-31,11013,CFS,NO_DATA,0,,2026-08-31T21:15:24.289941+00:00
109820,00552992,2015,Q1,2015-03-31,11013,CFS,NO_DATA,0,,2026-08-31T21:15:24.565116+00:00
109860,00118284,2015,Q1,2015-03-31,11013,CFS,NO_DATA,0,,2026-08-31T21:15:24.617393+00:00
109960,00653194,2015,Q1,2015-03-31,11013,CFS,NO_DATA,0,,2026-08-31T21:15:24.710756+00:00
110570,00636045,2015,Q1,2015-03-31,11013,CFS,NO_DATA,0,,2026-08-31T21:15:24.736666+00:00
110660,00555740,2015,Q1,2015-03-31,11013,CFS,NO_DATA,0,,2026-08-31T21:15:24.877789+00:00
111610,00609254,2015,Q1,2015-03-31,11013,CFS,NO_DATA,0,,2026-08-31T21:15:25.075521+00:00
111770,00776820,2015,Q1,2015-03-31,11013,CFS,NO_DATA,0,,2026-08-31T21:15:25.349398+00:00
111820,00689418,2015,Q1,2015-03-31,11013,CFS,NO_DATA,0,,2026-08-31T21:15:25.403222+00:00
111870,00125965,2015,Q1,2015-03-31,11013,CFS,NO_DATA,0,,2026-08-31T21:15:25.497687+00:00
112040,00444329,2015,Q1,2015-03-31,11013,CFS,NO_DATA,0,,2026-08-31T21:15:25.509136+00:00
112240,00450339,2015,Q1,2015-03-31,11013,CFS,NO_DATA,0,,2026-08-31T21:15:25.657926+00:00
112610,00670340,2015,Q1,2015-03-31,11013,CFS,NO_DATA,0,,2026-08-31T21:15:25.866639+00:00
113810,00576789,2015,Q1,2015-03-31,11013,CFS,NO_DATA,0,,2026-08-31T21:15:26.144763+00:00
114090,00557508,2015,Q1,2015-03-31,11013,CFS,NO_DATA,0,,2026-08-31T21:15:26.169289+00:00
114120,00618401,2015,Q1,2015-03-31,11013,CFS,NO_DATA,0,,2026-08-31T21:15:26.279703+00:00
114190,00100601,2015,Q1,2015-03-31,11013,CFS,NO_DATA,0,,2026-08-31T21:15:26.291920+00:00
114450,00532059,2015,Q1,2015-03-31,11013,CFS,NO_DATA,0,,2026-08-31T21:15:26.446873+00:00
114570,00673976,2015,Q1,2015-03-31,11013,CFS,NO_DATA,0,,2026-08-31T21:15:26.648786+00:00
114810,00625942,2015,Q1,2015-03-31,11013,CFS,NO_DATA,0,,2026-08-31T21:15:26.955215+00:00
114920,00414540,2015,Q1,2015-03-31,11013,CFS,NO_DATA,0,,2026-08-31T21:15:27.053385+00:00
115160,00787057,2015,Q1,2015-03-31,11013,CFS,NO_DATA,0,,2026-08-31T21:15:27.070126+00:00
114630,00663669,2015,Q1,2015-03-31,11013,CFS,NO_DATA,0,,2026-08-31T21:15:27.189174+00:00
115310,00491415,2015,Q1,2015-03-31,11013,CFS,NO_DATA,0,,2026-08-31T21:15:27.239822+00:00
115390,00561866,2015,Q1,2015-03-31,11013,CFS,NO_DATA,0,,2026-08-31T21:15:27.433467+00:00
115440,00664048,2015,Q1,2015-03-31,11013,CFS,NO_DATA,0,,2026-08-31T21:15:27.737849+00:00
115450,00552859,2015,Q1,2015-03-31,11013,CFS,NO_DATA,0,,2026-08-31T21:15:27.835540+00:00
115480,00681249,2015,Q1,2015-03-31,11013,CFS,NO_DATA,0,,2026-08-31T21:15:27.877325+00:00
115500,00441650,2015,Q1,2015-03-31,11013,CFS,NO_DATA,0,,2026-08-31T21:15:27.964382+00:00
115530,00660033,2015,Q1,2015-03-31,11013,CFS,NO_DATA,0,,2026-08-31T21:15:28.028370+00:00
115570,00405959,2015,Q1,2015-03-31,11013,CFS,NO_DATA,0,,2026-08-31T21:15:28.209769+00:00
115610,00694942,2015,Q1,2015-03-31,11013,CFS,NO_DATA,0,,2026-08-31T21:15:28.514233+00:00
115960,00372253,2015,Q1,2015-03-31,11013,CFS,NO_DATA,0,,2026-08-31T21:15:28.611981+00:00
116100,00442631,2015,Q1,2015-03-31,11013,CFS,NO_DATA,0,,2026-08-31T21:15:28.648106+00:00
117580,00787376,2015,Q1,2015-03-31,11013,CFS,NO_DATA,0,,2026-08-31T21:15:28.761709+00:00
117670,00605124,2015,Q1,2015-03-31,11013,CFS,NO_DATA,0,,2026-08-31T21:15:28.823497+00:00
117930,00790501,2015,Q1,2015-03-31,11013,CFS,NO_DATA,0,,2026-08-31T21:15:28.982982+00:00
118000,00791209,2015,Q1,2015-03-31,11013,CFS,NO_DATA,0,,2026-08-31T21:15:29.304871+00:00
119500,00188797,2015,Q1,2015-03-31,11013,CFS,NO_DATA,0,,2026-08-31T21:15:29.389518+00:00
119610,00604426,2015,Q1,2015-03-31,11013,CFS,NO_DATA,0,,2026-08-31T21:15:29.436478+00:00
119650,00797364,2015,Q1,2015-03-31,11013,CFS,NO_DATA,0,,2026-08-31T21:15:29.541116+00:00
119830,00626011,2015,Q1,2015-03-31,11013,CFS,NO_DATA,0,,2026-08-31T21:15:29.608823+00:00
119850,00626464,2015,Q1,2015-03-31,11013,CFS,NO_DATA,0,,2026-08-31T21:15:29.775780+00:00
119860,00585608,2015,Q1,2015-03-31,11013,CFS,NO_DATA,0,,2026-08-31T21:15:30.082745+00:00
120030,00796994,2015,Q1,2015-03-31,11013,CFS,NO_DATA,0,,2026-08-31T21:15:30.173299+00:00
120110,00795135,2015,Q1,2015-03-31,11013,CFS,NO_DATA,0,,2026-08-31T21:15:30.215367+00:00
120240,00250997,2015,Q1,2015-03-31,11013,CFS,NO_DATA,0,,2026-08-31T21:15:30.331591+00:00
121060,00445869,2015,Q1,2015-03-31,11013,CFS,NO_DATA,0,,2026-08-31T21:15:30.395252+00:00
121440,00674498,2015,Q1,2015-03-31,11013,CFS,NO_DATA,0,,2026-08-31T21:15:30.556251+00:00
121550,00788807,2015,Q1,2015-03-31,11013,CFS,NO_DATA,0,,2026-08-31T21:15:30.870944+00:00
121600,00439965,2015,Q1,2015-03-31,11013,CFS,NO_DATA,0,,2026-08-31T21:15:30.944446+00:00
121800,00693651,2015,Q1,2015-03-31,11013,CFS,NO_DATA,0,,2026-08-31T21:15:30.984650+00:00
121850,00807397,2015,Q1,2015-03-31,11013,CFS,NO_DATA,0,,2026-08-31T21:15:31.111275+00:00
121890,00604815,2015,Q1,2015-03-31,11013,CFS,NO_DATA,0,,2026-08-31T21:15:31.177518+00:00
122350,00799177,2015,Q1,2015-03-31,11013,CFS,NO_DATA,0,,2026-08-31T21:15:31.328202+00:00
122450,00657987,2015,Q1,2015-03-31,11013,CFS,NO_DATA,0,,2026-08-31T21:15:31.656448+00:00
122640,00530556,2015,Q1,2015-03-31,11013,CFS,NO_DATA,0,,2026-08-31T21:15:31.744683+00:00
122690,00800145,2015,Q1,2015-03-31,11013,CFS,NO_DATA,0,,2026-08-31T21:15:31.762235+00:00
122800,00527880,2015,Q1,2015-03-31,11013,CFS,NO_DATA,0,,2026-08-31T21:15:31.904708+00:00
122870,00613318,2015,Q1,2015-03-31,11013,CFS,NO_DATA,0,,2026-08-31T21:15:31.978620+00:00
122900,00360142,2015,Q1,2015-03-31,11013,CFS,NO_DATA,0,,2026-08-31T21:15:32.104732+00:00
122990,00759294,2015,Q1,2015-03-31,11013,CFS,NO_DATA,0,,2026-08-31T21:15:32.451661+00:00
123010,00615723,2015,Q1,2015-03-31,11013,CFS,NO_DATA,0,,2026-08-31T21:15:32.529081+00:00
123040,00259545,2015,Q1,2015-03-31,11013,CFS,NO_DATA,0,,2026-08-31T21:15:32.541526+00:00
123100,00569992,2015,Q1,2015-03-31,11013,CFS,NO_DATA,0,,2026-08-31T21:15:32.670138+00:00
123260,00671437,2015,Q1,2015-03-31,11013,CFS,NO_DATA,0,,2026-08-31T21:15:32.763234+00:00
123330,00624998,2015,Q1,2015-03-31,11013,CFS,NO_DATA,0,,2026-08-31T21:15:32.876211+00:00
123410,00803425,2015,Q1,2015-03-31,11013,CFS,NO_DATA,0,,2026-08-31T21:15:33.233804+00:00
123420,00815767,2015,Q1,2015-03-31,11013,CFS,NO_DATA,0,,2026-08-31T21:15:33.316190+00:00
123570,00616290,2015,Q1,2015-03-31,11013,CFS,NO_DATA,0,,2026-08-31T21:15:33.321069+00:00
123690,00823429,2015,Q1,2015-03-31,11013,CFS,NO_DATA,0,,2026-08-31T21:15:33.447242+00:00
123700,00815369,2015,Q1,2015-03-31,11013,CFS,NO_DATA,0,,2026-08-31T21:15:33.544342+00:00
123750,00821607,2015,Q1,2015-03-31,11013,CFS,NO_DATA,0,,2026-08-31T21:15:33.661609+00:00
123840,00809429,2015,Q1,2015-03-31,11013,CFS,NO_DATA,0,,2026-08-31T21:15:34.019722+00:00
123860,00761952,2015,Q1,2015-03-31,11013,CFS,NO_DATA,0,,2026-08-31T21:15:34.110801+00:00
124500,00620868,2015,Q1,2015-03-31,11013,CFS,NO_DATA,0,,2026-08-31T21:15:34.112625+00:00
126340,00563518,2015,Q1,2015-03-31,11013,CFS,NO_DATA,0,,2026-08-31T21:15:34.223292+00:00
126560,00403632,2015,Q1,2015-03-31,11013,CFS,NO_DATA,0,,2026-08-31T21:15:34.334752+00:00
126600,00599595,2015,Q1,2015-03-31,11013,CFS,NO_DATA,0,,2026-08-31T21:15:34.435088+00:00
126640,00825223,2015,Q1,2015-03-31,11013,CFS,NO_DATA,0,,2026-08-31T21:15:34.789377+00:00
126870,00638539,2015,Q1,2015-03-31,11013,CFS,NO_DATA,0,,2026-08-31T21:15:34.906789+00:00
126700,00825959,2015,Q1,2015-03-31,11013,CFS,NO_DATA,0,,2026-08-31T21:15:34.909426+00:00
126880,00442154,2015,Q1,2015-03-31,11013,CFS,NO_DATA,0,,2026-08-31T21:15:35.047820+00:00
127120,00642541,2015,Q1,2015-03-31,11013,CFS,NO_DATA,0,,2026-08-31T21:15:35.152454+00:00
127160,00806972,2015,Q1,2015-03-31,11013,CFS,NO_DATA,0,,2026-08-31T21:15:35.221952+00:00
127710,00665676,2015,Q1,2015-03-31,11013,CFS,NO_DATA,0,,2026-08-31T21:15:35.580316+00:00
128820,00828789,2015,Q1,2015-03-31,11013,CFS,NO_DATA,0,,2026-08-31T21:15:35.690513+00:00
128660,00829380,2015,Q1,2015-03-31,11013,CFS,NO_DATA,0,,2026-08-31T21:15:35.699141+00:00
128940,00828497,2015,Q1,2015-03-31,11013,CFS,NO_DATA,0,,2026-08-31T21:15:35.822377+00:00
129260,00151368,2015,Q1,2015-03-31,11013,CFS,NO_DATA,0,,2026-08-31T21:15:35.943265+00:00
130500,00491938,2015,Q1,2015-03-31,11013,CFS,NO_DATA,0,,2026-08-31T21:15:36.000630+00:00
130580,00606293,2015,Q1,2015-03-31,11013,CFS,NO_DATA,0,,2026-08-31T21:15:36.352418+00:00
130740,00578538,2015,Q1,2015-03-31,11013,CFS,NO_DATA,0,,2026-08-31T21:15:36.488296+00:00
130660,00194947,2015,Q1,2015-03-31,11013,CFS,NO_DATA,0,,2026-08-31T21:15:36.490981+00:00
130960,00838421,2015,Q1,2015-03-31,11013,CFS,NO_DATA,0,,2026-08-31T21:15:36.616246+00:00
131030,00831428,2015,Q1,2015-03-31,11013,CFS,NO_DATA,0,,2026-08-31T21:15:36.722440+00:00
131090,00402110,2015,Q1,2015-03-31,11013,CFS,NO_DATA,0,,2026-08-31T21:15:36.789311+00:00
131100,00814786,2015,Q1,2015-03-31,11013,CFS,NO_DATA,0,,2026-08-31T21:15:37.135555+00:00
131220,00608316,2015,Q1,2015-03-31,11013,CFS,NO_DATA,0,,2026-08-31T21:15:37.262483+00:00
131180,00629212,2015,Q1,2015-03-31,11013,CFS,NO_DATA,0,,2026-08-31T21:15:37.268087+00:00
131290,00372226,2015,Q1,2015-03-31,11013,CFS,NO_DATA,0,,2026-08-31T21:15:37.392393+00:00
131370,00838962,2015,Q1,2015-03-31,11013,CFS,NO_DATA,0,,2026-08-31T21:15:37.501697+00:00
131390,00785475,2015,Q1,2015-03-31,11013,CFS,NO_DATA,0,,2026-08-31T21:15:37.567094+00:00
131400,00533924,2015,Q1,2015-03-31,11013,CFS,NO_DATA,0,,2026-08-31T21:15:37.913847+00:00
131970,00563545,2015,Q1,2015-03-31,11013,CFS,NO_DATA,0,,2026-08-31T21:15:38.045753+00:00
131760,00820352,2015,Q1,2015-03-31,11013,CFS,NO_DATA,0,,2026-08-31T21:15:38.048424+00:00
133750,00807555,2015,Q1,2015-03-31,11013,CFS,NO_DATA,0,,2026-08-31T21:15:38.181142+00:00
133820,00661847,2015,Q1,2015-03-31,11013,CFS,NO_DATA,0,,2026-08-31T21:15:38.283942+00:00
134060,00788737,2015,Q1,2015-03-31,11013,CFS,NO_DATA,0,,2026-08-31T21:15:38.344391+00:00
134380,00855163,2015,Q1,2015-03-31,11013,CFS,NO_DATA,0,,2026-08-31T21:15:38.712243+00:00
134780,00238977,2015,Q1,2015-03-31,11013,CFS,NO_DATA,0,,2026-08-31T21:15:38.832478+00:00
134580,00608699,2015,Q1,2015-03-31,11013,CFS,NO_DATA,0,,2026-08-31T21:15:38.835176+00:00
134790,00852087,2015,Q1,2015-03-31,11013,CFS,NO_DATA,0,,2026-08-31T21:15:38.969815+00:00
135160,00657756,2015,Q1,2015-03-31,11013,CFS,NO_DATA,0,,2026-08-31T21:15:39.073742+00:00
135270,00619020,2015,Q1,2015-03-31,11013,CFS,NO_DATA,0,,2026-08-31T21:15:39.122117+00:00
136480,00857727,2015,Q1,2015-03-31,11013,CFS,NO_DATA,0,,2026-08-31T21:15:39.497939+00:00
136490,00855093,2015,Q1,2015-03-31,11013,CFS,NO_DATA,0,,2026-08-31T21:15:39.622365+00:00
136510,00763358,2015,Q1,2015-03-31,11013,CFS,NO_DATA,0,,2026-08-31T21:15:39.636594+00:00
136540,00868705,2015,Q1,2015-03-31,11013,CFS,NO_DATA,0,,2026-08-31T21:15:39.758726+00:00
136660,00816696,2015,Q1,2015-03-31,11013,CFS,NO_DATA,0,,2026-08-31T21:15:39.877745+00:00
137400,00612294,2015,Q1,2015-03-31,11013,CFS,NO_DATA,0,,2026-08-31T21:15:39.901700+00:00
137940,00614593,2015,Q1,2015-03-31,11013,CFS,NO_DATA,0,,2026-08-31T21:15:40.277560+00:00
137950,00664853,2015,Q1,2015-03-31,11013,CFS,NO_DATA,0,,2026-08-31T21:15:40.424213+00:00
138040,00860332,2015,Q1,2015-03-31,11013,CFS,NO_DATA,0,,2026-08-31T21:15:40.426685+00:00
138070,00577380,2015,Q1,2015-03-31,11013,CFS,NO_DATA,0,,2026-08-31T21:15:40.535948+00:00
138080,00571483,2015,Q1,2015-03-31,11013,CFS,NO_DATA,0,,2026-08-31T21:15:40.643627+00:00
138250,00406392,2015,Q1,2015-03-31,11013,CFS,NO_DATA,0,,2026-08-31T21:15:40.669502+00:00
138290,00890388,2015,Q1,2015-03-31,11013,CFS,NO_DATA,0,,2026-08-31T21:15:41.048112+00:00
138360,00808068,2015,Q1,2015-03-31,11013,CFS,NO_DATA,0,,2026-08-31T21:15:41.219543+00:00
138440,00846396,2015,Q1,2015-03-31,11013,CFS,NO_DATA,0,,2026-08-31T21:15:41.220742+00:00
138490,00241005,2015,Q1,2015-03-31,11013,CFS,NO_DATA,0,,2026-08-31T21:15:41.303099+00:00
138610,00767628,2015,Q1,2015-03-31,11013,CFS,NO_DATA,0,,2026-08-31T21:15:41.426198+00:00
138690,00670085,2015,Q1,2015-03-31,11013,CFS,NO_DATA,0,,2026-08-31T21:15:41.450569+00:00
138930,00858364,2015,Q1,2015-03-31,11013,CFS,NO_DATA,0,,2026-08-31T21:15:41.840606+00:00
139050,00656021,2015,Q1,2015-03-31,11013,CFS,NO_DATA,0,,2026-08-31T21:15:42.015493+00:00
139130,00878915,2015,Q1,2015-03-31,11013,CFS,NO_DATA,0,,2026-08-31T21:15:42.017741+00:00
139200,00855145,2015,Q1,2015-03-31,11013,CFS,NO_DATA,0,,2026-08-31T21:15:42.084376+00:00
139480,00872984,2015,Q1,2015-03-31,11013,CFS,NO_DATA,0,,2026-08-31T21:15:42.210806+00:00
139670,00535375,2015,Q1,2015-03-31,11013,CFS,NO_DATA,0,,2026-08-31T21:15:42.226743+00:00
140290,00599489,2015,Q1,2015-03-31,11013,CFS,NO_DATA,0,,2026-08-31T21:15:42.635380+00:00
140410,00808022,2015,Q1,2015-03-31,11013,CFS,NO_DATA,0,,2026-08-31T21:15:42.820534+00:00
140520,00112721,2015,Q1,2015-03-31,11013,CFS,NO_DATA,0,,2026-08-31T21:15:42.841522+00:00
140660,00663289,2015,Q1,2015-03-31,11013,CFS,NO_DATA,0,,2026-08-31T21:15:42.872663+00:00
140860,00244747,2015,Q1,2015-03-31,11013,CFS,NO_DATA,0,,2026-08-31T21:15:42.994426+00:00
140890,00865382,2015,Q1,2015-03-31,11013,CFS,NO_DATA,0,,2026-08-31T21:15:43.012509+00:00
140910,00860730,2015,Q1,2015-03-31,11013,CFS,NO_DATA,0,,2026-08-31T21:15:43.404075+00:00
141000,00610083,2015,Q1,2015-03-31,11013,CFS,NO_DATA,0,,2026-08-31T21:15:43.602244+00:00
141020,00812362,2015,Q1,2015-03-31,11013,CFS,NO_DATA,0,,2026-08-31T21:15:43.618408+00:00
141070,00678096,2015,Q1,2015-03-31,11013,CFS,NO_DATA,0,,2026-08-31T21:15:43.660039+00:00
141080,00842619,2015,Q1,2015-03-31,11013,CFS,NO_DATA,0,,2026-08-31T21:15:43.774638+00:00
142280,00513948,2015,Q1,2015-03-31,11013,CFS,NO_DATA,0,,2026-08-31T21:15:43.781347+00:00
142760,00587925,2015,Q1,2015-03-31,11013,CFS,NO_DATA,0,,2026-08-31T21:15:44.200238+00:00
143160,00883980,2015,Q1,2015-03-31,11013,CFS,NO_DATA,0,,2026-08-31T21:15:44.383744+00:00
143240,00857480,2015,Q1,2015-03-31,11013,CFS,NO_DATA,0,,2026-08-31T21:15:44.397899+00:00
143540,00569646,2015,Q1,2015-03-31,11013,CFS,NO_DATA,0,,2026-08-31T21:15:44.435975+00:00
144620,00652159,2015,Q1,2015-03-31,11013,CFS,NO_DATA,0,,2026-08-31T21:15:44.560572+00:00
144630,00822572,2015,Q1,2015-03-31,11013,CFS,NO_DATA,0,,2026-08-31T21:15:44.565628+00:00
144740,00835734,2015,Q1,2015-03-31,11013,CFS,NO_DATA,0,,2026-08-31T21:15:44.980901+00:00
145020,00888347,2015,Q1,2015-03-31,11013,CFS,NO_DATA,0,,2026-08-31T21:15:45.154017+00:00
145210,00453488,2015,Q1,2015-03-31,11013,CFS,NO_DATA,0,,2026-08-31T21:15:45.176612+00:00
145270,00861076,2015,Q1,2015-03-31,11013,CFS,NO_DATA,0,,2026-08-31T21:15:45.203525+00:00
147830,00899556,2015,Q1,2015-03-31,11013,CFS,NO_DATA,0,,2026-08-31T21:15:45.348330+00:00
145990,00896285,2015,Q1,2015-03-31,11013,CFS,NO_DATA,0,,2026-08-31T21:15:45.363492+00:00
148250,00915508,2015,Q1,2015-03-31,11013,CFS,NO_DATA,0,,2026-08-31T21:15:45.761922+00:00
149010,00861100,2015,Q1,2015-03-31,11013,CFS,NO_DATA,0,,2026-08-31T21:15:45.930755+00:00
149130,00890333,2015,Q1,2015-03-31,11013,CFS,NO_DATA,0,,2026-08-31T21:15:45.955582+00:00
149940,00757816,2015,Q1,2015-03-31,11013,CFS,NO_DATA,0,,2026-08-31T21:15:45.969066+00:00
149950,00442048,2015,Q1,2015-03-31,11013,CFS,NO_DATA,0,,2026-08-31T21:15:46.125397+00:00
149980,00977641,2015,Q1,2015-03-31,11013,CFS,NO_DATA,0,,2026-08-31T21:15:46.144837+00:00
150440,00990262,2015,Q1,2015-03-31,11013,CFS,NO_DATA,0,,2026-08-31T21:15:46.549624+00:00
150840,00661157,2015,Q1,2015-03-31,11013,CFS,NO_DATA,0,,2026-08-31T21:15:46.715641+00:00
150900,00638487,2015,Q1,2015-03-31,11013,CFS,NO_DATA,0,,2026-08-31T21:15:46.743346+00:00
151750,00665630,2015,Q1,2015-03-31,11013,CFS,NO_DATA,0,,2026-08-31T21:15:46.754354+00:00
151860,00366137,2015,Q1,2015-03-31,11013,CFS,NO_DATA,0,,2026-08-31T21:15:46.921876+00:00
151910,00653103,2015,Q1,2015-03-31,11013,CFS,NO_DATA,0,,2026-08-31T21:15:46.927859+00:00
152330,00351418,2015,Q1,2015-03-31,11013,CFS,NO_DATA,0,,2026-08-31T21:15:47.318765+00:00
152550,00907013,2015,Q1,2015-03-31,11013,CFS,NO_DATA,0,,2026-08-31T21:15:47.498318+00:00
153360,00905316,2015,Q1,2015-03-31,11013,CFS,NO_DATA,0,,2026-08-31T21:15:47.531837+00:00
153460,00842585,2015,Q1,2015-03-31,11013,CFS,NO_DATA,0,,2026-08-31T21:15:47.551505+00:00
153490,00815095,2015,Q1,2015-03-31,11013,CFS,NO_DATA,0,,2026-08-31T21:15:47.710934+00:00
154030,00867478,2015,Q1,2015-03-31,11013,CFS,NO_DATA,0,,2026-08-31T21:15:47.713620+00:00
154040,00624518,2015,Q1,2015-03-31,11013,CFS,NO_DATA,0,,2026-08-31T21:15:48.107414+00:00
155650,00870861,2015,Q1,2015-03-31,11013,CFS,NO_DATA,0,,2026-08-31T21:15:48.304970+00:00
155660,00110608,2015,Q1,2015-03-31,11013,CFS,NO_DATA,0,,2026-08-31T21:15:48.331355+00:00
155900,00910947,2015,Q1,2015-03-31,11013,CFS,NO_DATA,0,,2026-08-31T21:15:48.337466+00:00
155960,00676122,2015,Q1,2015-03-31,11013,CFS,NO_DATA,0,,2026-08-31T21:15:48.492449+00:00
156100,00918222,2015,Q1,2015-03-31,11013,CFS,NO_DATA,0,,2026-08-31T21:15:48.500510+00:00
156170,00974459,2015,Q1,2015-03-31,11013,CFS,NO_DATA,0,,2026-08-31T21:15:48.890523+00:00
158300,00563147,2015,Q1,2015-03-31,11013,CFS,NO_DATA,0,,2026-08-31T21:15:49.087805+00:00
158310,00923899,2015,Q1,2015-03-31,11013,CFS,NO_DATA,0,,2026-08-31T21:15:49.123082+00:00
158380,00125628,2015,Q1,2015-03-31,11013,CFS,NO_DATA,0,,2026-08-31T21:15:49.133527+00:00
159580,00563837,2015,Q1,2015-03-31,11013,CFS,NO_DATA,0,,2026-08-31T21:15:49.270289+00:00
159650,00930321,2015,Q1,2015-03-31,11013,CFS,NO_DATA,0,,2026-08-31T21:15:49.286566+00:00
159910,00896753,2015,Q1,2015-03-31,11013,CFS,NO_DATA,0,,2026-08-31T21:15:49.684793+00:00
160350,00350491,2015,Q1,2015-03-31,11013,CFS,NO_DATA,0,,2026-08-31T21:15:49.870703+00:00
160600,00818472,2015,Q1,2015-03-31,11013,CFS,NO_DATA,0,,2026-08-31T21:15:49.926629+00:00
160550,00974927,2015,Q1,2015-03-31,11013,CFS,NO_DATA,0,,2026-08-31T21:15:49.933265+00:00
160980,00659161,2015,Q1,2015-03-31,11013,CFS,NO_DATA,0,,2026-08-31T21:15:50.045393+00:00
161000,00936787,2015,Q1,2015-03-31,11013,CFS,NO_DATA,0,,2026-08-31T21:15:50.072814+00:00
161390,00937324,2015,Q1,2015-03-31,11013,CFS,NO_DATA,0,,2026-08-31T21:15:50.471976+00:00
161570,00945208,2015,Q1,2015-03-31,11013,CFS,NO_DATA,0,,2026-08-31T21:15:50.646605+00:00
161890,00939331,2015,Q1,2015-03-31,11013,CFS,NO_DATA,0,,2026-08-31T21:15:50.701862+00:00
163560,00939687,2015,Q1,2015-03-31,11013,CFS,NO_DATA,0,,2026-08-31T21:15:50.712925+00:00
165270,00659815,2015,Q1,2015-03-31,11013,CFS,NO_DATA,0,,2026-08-31T21:15:50.823786+00:00
166480,00989664,2015,Q1,2015-03-31,11013,CFS,NO_DATA,0,,2026-08-31T21:15:50.859417+00:00
168330,00923792,2015,Q1,2015-03-31,11013,CFS,NO_DATA,0,,2026-08-31T21:15:51.251073+00:00
168490,00960641,2015,Q1,2015-03-31,11013,CFS,NO_DATA,0,,2026-08-31T21:15:51.430052+00:00
170030,00164502,2015,Q1,2015-03-31,11013,CFS,NO_DATA,0,,2026-08-31T21:15:51.477756+00:00
170790,00492353,2015,Q1,2015-03-31,11013,CFS,NO_DATA,0,,2026-08-31T21:15:51.484444+00:00
170900,00956930,2015,Q1,2015-03-31,11013,CFS,NO_DATA,0,,2026-08-31T21:15:51.619170+00:00
170920,00866062,2015,Q1,2015-03-31,11013,CFS,NO_DATA,0,,2026-08-31T21:15:51.649511+00:00
171010,00654272,2015,Q1,2015-03-31,11013,CFS,NO_DATA,0,,2026-08-31T21:15:52.038389+00:00
171120,00317104,2015,Q1,2015-03-31,11013,CFS,NO_DATA,0,,2026-08-31T21:15:52.191511+00:00
173940,00925295,2015,Q1,2015-03-31,11013,CFS,NO_DATA,0,,2026-08-31T21:15:52.261348+00:00
172580,00954242,2015,Q1,2015-03-31,11013,CFS,NO_DATA,0,,2026-08-31T21:15:52.267909+00:00
175140,00861997,2015,Q1,2015-03-31,11013,CFS,NO_DATA,0,,2026-08-31T21:15:52.407611+00:00
175330,00980122,2015,Q1,2015-03-31,11013,CFS,NO_DATA,0,,2026-08-31T21:15:52.442370+00:00
176750,00867034,2015,Q1,2015-03-31,11013,CFS,NO_DATA,0,,2026-08-31T21:15:52.819638+00:00
177350,00813389,2015,Q1,2015-03-31,11013,CFS,NO_DATA,0,,2026-08-31T21:15:52.990090+00:00
177830,00429694,2015,Q1,2015-03-31,11013,CFS,NO_DATA,0,,2026-08-31T21:15:53.030327+00:00
178600,00910202,2015,Q1,2015-03-31,11013,CFS,NO_DATA,0,,2026-08-31T21:15:53.050725+00:00
178780,00923826,2015,Q1,2015-03-31,11013,CFS,NO_DATA,0,,2026-08-31T21:15:53.196409+00:00
178920,00767460,2015,Q1,2015-03-31,11013,CFS,NO_DATA,0,,2026-08-31T21:15:53.212170+00:00
179280,00970277,2015,Q1,2015-03-31,11013,CFS,NO_DATA,0,,2026-08-31T21:15:53.602706+00:00
179440,00872850,2015,Q1,2015-03-31,11013,CFS,NO_DATA,0,,2026-08-31T21:15:53.770234+00:00
179720,00978075,2015,Q1,2015-03-31,11013,CFS,NO_DATA,0,,2026-08-31T21:15:53.814293+00:00
180400,00995993,2015,Q1,2015-03-31,11013,CFS,NO_DATA,0,,2026-08-31T21:15:53.834148+00:00
180640,00983040,2015,Q1,2015-03-31,11013,CFS,NO_DATA,0,,2026-08-31T21:15:53.990435+00:00
181710,00983271,2015,Q1,2015-03-31,11013,CFS,NO_DATA,0,,2026-08-31T21:15:53.992890+00:00
181980,00810531,2015,Q1,2015-03-31,11013,CFS,NO_DATA,0,,2026-08-31T21:15:54.379792+00:00
182360,00985686,2015,Q1,2015-03-31,11013,CFS,NO_DATA,0,,2026-08-31T21:15:54.536609+00:00
182400,00977650,2015,Q1,2015-03-31,11013,CFS,NO_DATA,0,,2026-08-31T21:15:54.582956+00:00
182690,00411905,2015,Q1,2015-03-31,11013,CFS,NO_DATA,0,,2026-08-31T21:15:54.620279+00:00
183350,00989327,2015,Q1,2015-03-31,11013,CFS,NO_DATA,0,,2026-08-31T21:15:54.787134+00:00
183190,00990165,2015,Q1,2015-03-31,11013,CFS,NO_DATA,0,,2026-08-31T21:15:54.792615+00:00
183410,00764807,2015,Q1,2015-03-31,11013,CFS,NO_DATA,0,,2026-08-31T21:15:55.156419+00:00
183490,00606886,2015,Q1,2015-03-31,11013,CFS,NO_DATA,0,,2026-08-31T21:15:55.318105+00:00
184230,00988364,2015,Q1,2015-03-31,11013,CFS,NO_DATA,0,,2026-08-31T21:15:55.371676+00:00
185190,00830447,2015,Q1,2015-03-31,11013,CFS,NO_DATA,0,,2026-08-31T21:15:55.398016+00:00
185490,00945457,2015,Q1,2015-03-31,11013,CFS,NO_DATA,0,,2026-08-31T21:15:55.567744+00:00
185280,00893923,2015,Q1,2015-03-31,11013,CFS,NO_DATA,0,,2026-08-31T21:15:55.570777+00:00
185750,00992871,2015,Q1,2015-03-31,11013,CFS,NO_DATA,0,,2026-08-31T21:15:55.934107+00:00
186230,00602279,2015,Q1,2015-03-31,11013,CFS,NO_DATA,0,,2026-08-31T21:15:56.095268+00:00
187270,00925189,2015,Q1,2015-03-31,11013,CFS,NO_DATA,0,,2026-08-31T21:15:56.162464+00:00
187220,00675594,2015,Q1,2015-03-31,11013,CFS,NO_DATA,0,,2026-08-31T21:15:56.165048+00:00
187420,00983916,2015,Q1,2015-03-31,11013,CFS,NO_DATA,0,,2026-08-31T21:15:56.358019+00:00
187790,00994994,2015,Q1,2015-03-31,11013,CFS,NO_DATA,0,,2026-08-31T21:15:56.360606+00:00
189330,00991298,2015,Q1,2015-03-31,11013,CFS,NO_DATA,0,,2026-08-31T21:15:56.722960+00:00
189350,00965062,2015,Q1,2015-03-31,11013,CFS,NO_DATA,0,,2026-08-31T21:15:56.875291+00:00
189540,00961136,2015,Q1,2015-03-31,11013,CFS,NO_DATA,0,,2026-08-31T21:15:56.948589+00:00
189690,00939942,2015,Q1,2015-03-31,11013,CFS,NO_DATA,0,,2026-08-31T21:15:56.955732+00:00
189860,00869272,2015,Q1,2015-03-31,11013,CFS,NO_DATA,0,,2026-08-31T21:15:57.142095+00:00
189700,00632331,2015,Q1,2015-03-31,11013,CFS,NO_DATA,0,,2026-08-31T21:15:57.159719+00:00
189980,00916516,2015,Q1,2015-03-31,11013,CFS,NO_DATA,0,,2026-08-31T21:15:57.500562+00:00
190510,00819374,2015,Q1,2015-03-31,11013,CFS,NO_DATA,0,,2026-08-31T21:15:57.648454+00:00
191420,00926522,2015,Q1,2015-03-31,11013,CFS,NO_DATA,0,,2026-08-31T21:15:57.739064+00:00
191410,00843900,2015,Q1,2015-03-31,11013,CFS,NO_DATA,0,,2026-08-31T21:15:57.743901+00:00
192080,01010110,2015,Q1,2015-03-31,11013,CFS,NO_DATA,0,,2026-08-31T21:15:57.935256+00:00
192240,00967778,2015,Q1,2015-03-31,11013,CFS,NO_DATA,0,,2026-08-31T21:15:57.949835+00:00
192250,01003040,2015,Q1,2015-03-31,11013,CFS,NO_DATA,0,,2026-08-31T21:15:58.289398+00:00
192390,00910840,2015,Q1,2015-03-31,11013,CFS,NO_DATA,0,,2026-08-31T21:15:58.424928+00:00
192400,00132354,2015,Q1,2015-03-31,11013,CFS,NO_DATA,0,,2026-08-31T21:15:58.531747+00:00
192410,00623184,2015,Q1,2015-03-31,11013,CFS,NO_DATA,0,,2026-08-31T21:15:58.558539+00:00
192440,00917861,2015,Q1,2015-03-31,11013,CFS,NO_DATA,0,,2026-08-31T21:15:58.710451+00:00
192520,01030132,2015,Q1,2015-03-31,11013,CFS,NO_DATA,0,,2026-08-31T21:15:58.739429+00:00
192530,01028164,2015,Q1,2015-03-31,11013,CFS,NO_DATA,0,,2026-08-31T21:15:59.060500+00:00
192820,01009789,2015,Q1,2015-03-31,11013,CFS,NO_DATA,0,,2026-08-31T21:15:59.209730+00:00
193250,01035678,2015,Q1,2015-03-31,11013,CFS,NO_DATA,0,,2026-08-31T21:15:59.322836+00:00
194480,01008762,2015,Q1,2015-03-31,11013,CFS,NO_DATA,0,,2026-08-31T21:15:59.354707+00:00
194510,00977696,2015,Q1,2015-03-31,11013,CFS,NO_DATA,0,,2026-08-31T21:15:59.498794+00:00
194610,01011562,2015,Q1,2015-03-31,11013,CFS,NO_DATA,0,,2026-08-31T21:15:59.513730+00:00
194860,00992312,2015,Q1,2015-03-31,11013,CFS,NO_DATA,0,,2026-08-31T21:15:59.838820+00:00
195990,00620558,2015,Q1,2015-03-31,11013,CFS,NO_DATA,0,,2026-08-31T21:15:59.980908+00:00
196170,00989619,2015,Q1,2015-03-31,11013,CFS,NO_DATA,0,,2026-08-31T21:16:00.139360+00:00
196450,01031502,2015,Q1,2015-03-31,11013,CFS,NO_DATA,0,,2026-08-31T21:16:00.147386+00:00
196490,00660121,2015,Q1,2015-03-31,11013,CFS,NO_DATA,0,,2026-08-31T21:16:00.280416+00:00
196700,00864338,2015,Q1,2015-03-31,11013,CFS,NO_DATA,0,,2026-08-31T21:16:00.303767+00:00
197140,00681373,2015,Q1,2015-03-31,11013,CFS,NO_DATA,0,,2026-08-31T21:16:00.640720+00:00
197210,00601641,2015,Q1,2015-03-31,11013,CFS,NO_DATA,0,,2026-08-31T21:16:00.792014+00:00
198440,01032583,2015,Q1,2015-03-31,11013,CFS,NO_DATA,0,,2026-08-31T21:16:00.928745+00:00
198940,00156600,2015,Q1,2015-03-31,11013,CFS,NO_DATA,0,,2026-08-31T21:16:00.933662+00:00
199150,00553025,2015,Q1,2015-03-31,11013,CFS,NO_DATA,0,,2026-08-31T21:16:01.059857+00:00
199800,00547510,2015,Q1,2015-03-31,11013,CFS,NO_DATA,0,,2026-08-31T21:16:01.075124+00:00
199870,00929778,2015,Q1,2015-03-31,11013,CFS,NO_DATA,0,,2026-08-31T21:16:01.405283+00:00
200130,01032404,2015,Q1,2015-03-31,11013,CFS,NO_DATA,0,,2026-08-31T21:16:01.565535+00:00
200350,00990819,2015,Q1,2015-03-31,11013,CFS,NO_DATA,0,,2026-08-31T21:16:01.716182+00:00
200230,00608802,2015,Q1,2015-03-31,11013,CFS,NO_DATA,0,,2026-08-31T21:16:01.718784+00:00
200580,01018617,2015,Q1,2015-03-31,11013,CFS,NO_DATA,0,,2026-08-31T21:16:01.840861+00:00
200470,00667425,2015,Q1,2015-03-31,11013,CFS,NO_DATA,0,,2026-08-31T21:16:01.846209+00:00
200670,00614478,2015,Q1,2015-03-31,11013,CFS,NO_DATA,0,,2026-08-31T21:16:02.199810+00:00
200710,00657002,2015,Q1,2015-03-31,11013,CFS,NO_DATA,0,,2026-08-31T21:16:02.346373+00:00
200880,01036446,2015,Q1,2015-03-31,11013,CFS,NO_DATA,0,,2026-08-31T21:16:02.504119+00:00
200780,00256043,2015,Q1,2015-03-31,11013,CFS,NO_DATA,0,,2026-08-31T21:16:02.506225+00:00
203400,00977377,2015,Q1,2015-03-31,11013,CFS,NO_DATA,0,,2026-08-31T21:16:02.632675+00:00
202960,00541862,2015,Q1,2015-03-31,11013,CFS,NO_DATA,0,,2026-08-31T21:16:02.635035+00:00
203450,00408266,2015,Q1,2015-03-31,11013,CFS,NO_DATA,0,,2026-08-31T21:16:02.960532+00:00
203650,01038693,2015,Q1,2015-03-31,11013,CFS,NO_DATA,0,,2026-08-31T21:16:03.146827+00:00
203690,01036367,2015,Q1,2015-03-31,11013,CFS,NO_DATA,0,,2026-08-31T21:16:03.303803+00:00
204320,01042775,2015,Q1,2015-03-31,11013,CFS,NO_DATA,0,,2026-08-31T21:16:03.305840+00:00
204620,01042711,2015,Q1,2015-03-31,11013,CFS,NO_DATA,0,,2026-08-31T21:16:03.420683+00:00
204440,01038161,2015,Q1,2015-03-31,11013,CFS,NO_DATA,0,,2026-08-31T21:16:03.519976+00:00
204630,01046203,2015,Q1,2015-03-31,11013,CFS,NO_DATA,0,,2026-08-31T21:16:03.757881+00:00
204650,01043871,2015,Q1,2015-03-31,11013,CFS,NO_DATA,0,,2026-08-31T21:16:03.933482+00:00
204690,00410678,2015,Q1,2015-03-31,11013,CFS,NO_DATA,0,,2026-08-31T21:16:04.087407+00:00
204760,01041217,2015,Q1,2015-03-31,11013,CFS,NO_DATA,0,,2026-08-31T21:16:04.107633+00:00
204840,01042359,2015,Q1,2015-03-31,11013,CFS,NO_DATA,0,,2026-08-31T21:16:04.206281+00:00
204990,00874195,2015,Q1,2015-03-31,11013,CFS,NO_DATA,0,,2026-08-31T21:16:04.301296+00:00
205100,01042085,2015,Q1,2015-03-31,11013,CFS,NO_DATA,0,,2026-08-31T21:16:04.526625+00:00
205470,01042979,2015,Q1,2015-03-31,11013,CFS,NO_DATA,0,,2026-08-31T21:16:04.708865+00:00
205500,01042429,2015,Q1,2015-03-31,11013,CFS,NO_DATA,0,,2026-08-31T21:16:04.857128+00:00
206400,01043853,2015,Q1,2015-03-31,11013,CFS,NO_DATA,0,,2026-08-31T21:16:04.891541+00:00
206560,01021949,2015,Q1,2015-03-31,11013,CFS,NO_DATA,0,,2026-08-31T21:16:04.992100+00:00
206640,01046708,2015,Q1,2015-03-31,11013,CFS,NO_DATA,0,,2026-08-31T21:16:05.080935+00:00
206660,01046179,2015,Q1,2015-03-31,11013,CFS,NO_DATA,0,,2026-08-31T21:16:05.302939+00:00
206950,00756163,2015,Q1,2015-03-31,11013,CFS,NO_DATA,0,,2026-08-31T21:16:05.490029+00:00
207230,00959265,2015,Q1,2015-03-31,11013,CFS,NO_DATA,0,,2026-08-31T21:16:05.661556+00:00
207720,01047567,2015,Q1,2015-03-31,11013,CFS,NO_DATA,0,,2026-08-31T21:16:05.676394+00:00
207760,01047840,2015,Q1,2015-03-31,11013,CFS,NO_DATA,0,,2026-08-31T21:16:05.762780+00:00
207930,01047929,2015,Q1,2015-03-31,11013,CFS,NO_DATA,0,,2026-08-31T21:16:05.849770+00:00
208140,01047415,2015,Q1,2015-03-31,11013,CFS,NO_DATA,0,,2026-08-31T21:16:06.093981+00:00
208350,01047169,2015,Q1,2015-03-31,11013,CFS,NO_DATA,0,,2026-08-31T21:16:06.275441+00:00
208370,01047451,2015,Q1,2015-03-31,11013,CFS,NO_DATA,0,,2026-08-31T21:16:06.440675+00:00
208640,01049422,2015,Q1,2015-03-31,11013,CFS,NO_DATA,0,,2026-08-31T21:16:06.466115+00:00
208710,01047707,2015,Q1,2015-03-31,11013,CFS,NO_DATA,0,,2026-08-31T21:16:06.548052+00:00
208870,01047716,2015,Q1,2015-03-31,11013,CFS,NO_DATA,0,,2026-08-31T21:16:06.631356+00:00
208890,00876209,2015,Q1,2015-03-31,11013,CFS,NO_DATA,0,,2026-08-31T21:16:06.875150+00:00
210120,00550082,2015,Q1,2015-03-31,11013,CFS,NO_DATA,0,,2026-08-31T21:16:07.061066+00:00
210540,01059605,2015,Q1,2015-03-31,11013,CFS,NO_DATA,0,,2026-08-31T21:16:07.214121+00:00
210610,00656340,2015,Q1,2015-03-31,11013,CFS,NO_DATA,0,,2026-08-31T21:16:07.241691+00:00
210980,00508344,2015,Q1,2015-03-31,11013,CFS,NO_DATA,0,,2026-08-31T21:16:07.332868+00:00
211050,01013694,2015,Q1,2015-03-31,11013,CFS,NO_DATA,0,,2026-08-31T21:16:07.412097+00:00
212560,00876865,2015,Q1,2015-03-31,11013,CFS,NO_DATA,0,,2026-08-31T21:16:07.659721+00:00
213090,01015726,2015,Q1,2015-03-31,11013,CFS,NO_DATA,0,,2026-08-31T21:16:07.829812+00:00
213420,01061558,2015,Q1,2015-03-31,11013,CFS,NO_DATA,0,,2026-08-31T21:16:07.997543+00:00
213500,01060744,2015,Q1,2015-03-31,11013,CFS,NO_DATA,0,,2026-08-31T21:16:08.023119+00:00
214150,01061327,2015,Q1,2015-03-31,11013,CFS,NO_DATA,0,,2026-08-31T21:16:08.118377+00:00
214180,01013311,2015,Q1,2015-03-31,11013,CFS,NO_DATA,0,,2026-08-31T21:16:08.192376+00:00
214270,01061497,2015,Q1,2015-03-31,11013,CFS,NO_DATA,0,,2026-08-31T21:16:08.441282+00:00
214310,00957568,2015,Q1,2015-03-31,11013,CFS,NO_DATA,0,,2026-08-31T21:16:08.607488+00:00
214320,00565154,2015,Q1,2015-03-31,11013,CFS,NO_DATA,0,,2026-08-31T21:16:08.780139+00:00
214330,00105606,2015,Q1,2015-03-31,11013,CFS,NO_DATA,0,,2026-08-31T21:16:08.814127+00:00
214370,00549891,2015,Q1,2015-03-31,11013,CFS,NO_DATA,0,,2026-08-31T21:16:08.907457+00:00
214390,00101664,2015,Q1,2015-03-31,11013,CFS,NO_DATA,0,,2026-08-31T21:16:08.968926+00:00
214420,00816544,2015,Q1,2015-03-31,11013,CFS,NO_DATA,0,,2026-08-31T21:16:09.217959+00:00
214430,00612489,2015,Q1,2015-03-31,11013,CFS,NO_DATA,0,,2026-08-31T21:16:09.385214+00:00
214450,00970453,2015,Q1,2015-03-31,11013,CFS,NO_DATA,0,,2026-08-31T21:16:09.568251+00:00
214610,01049167,2015,Q1,2015-03-31,11013,CFS,NO_DATA,0,,2026-08-31T21:16:09.595232+00:00
214680,01062867,2015,Q1,2015-03-31,11013,CFS,NO_DATA,0,,2026-08-31T21:16:09.684309+00:00
214870,00820389,2015,Q1,2015-03-31,11013,CFS,NO_DATA,0,,2026-08-31T21:16:09.737135+00:00
215000,01067516,2015,Q1,2015-03-31,11013,CFS,NO_DATA,0,,2026-08-31T21:16:09.997975+00:00
215050,01055317,2015,Q1,2015-03-31,11013,CFS,NO_DATA,0,,2026-08-31T21:16:10.233091+00:00
215090,01063884,2015,Q1,2015-03-31,11013,CFS,NO_DATA,0,,2026-08-31T21:16:10.372355+00:00
215100,01063990,2015,Q1,2015-03-31,11013,CFS,NO_DATA,0,,2026-08-31T21:16:10.377455+00:00
215200,01074862,2015,Q1,2015-03-31,11013,CFS,NO_DATA,0,,2026-08-31T21:16:10.460746+00:00
215360,01077577,2015,Q1,2015-03-31,11013,CFS,NO_DATA,0,,2026-08-31T21:16:10.524466+00:00
215380,01065013,2015,Q1,2015-03-31,11013,CFS,NO_DATA,0,,2026-08-31T21:16:10.783704+00:00
215480,01064069,2015,Q1,2015-03-31,11013,CFS,NO_DATA,0,,2026-08-31T21:16:11.027015+00:00
215580,01064315,2015,Q1,2015-03-31,11013,CFS,NO_DATA,0,,2026-08-31T21:16:11.149375+00:00
215570,01034730,2015,Q1,2015-03-31,11013,CFS,NO_DATA,0,,2026-08-31T21:16:11.164905+00:00
215750,01065536,2015,Q1,2015-03-31,11013,CFS,NO_DATA,0,,2026-08-31T21:16:11.224824+00:00
215790,01065679,2015,Q1,2015-03-31,11013,CFS,NO_DATA,0,,2026-08-31T21:16:11.300800+00:00
216280,00311270,2015,Q1,2015-03-31,11013,CFS,NO_DATA,0,,2026-08-31T21:16:11.556581+00:00
216400,00537221,2015,Q1,2015-03-31,11013,CFS,NO_DATA,0,,2026-08-31T21:16:11.834581+00:00
217190,00666204,2015,Q1,2015-03-31,11013,CFS,NO_DATA,0,,2026-08-31T21:16:11.922533+00:00
217270,01067808,2015,Q1,2015-03-31,11013,CFS,NO_DATA,0,,2026-08-31T21:16:11.948654+00:00
217320,00963000,2015,Q1,2015-03-31,11013,CFS,NO_DATA,0,,2026-08-31T21:16:12.013127+00:00
217500,01068348,2015,Q1,2015-03-31,11013,CFS,NO_DATA,0,,2026-08-31T21:16:12.088622+00:00
217600,01070857,2015,Q1,2015-03-31,11013,CFS,NO_DATA,0,,2026-08-31T21:16:12.340336+00:00
217620,01068658,2015,Q1,2015-03-31,11013,CFS,NO_DATA,0,,2026-08-31T21:16:12.609176+00:00
217730,01025644,2015,Q1,2015-03-31,11013,CFS,NO_DATA,0,,2026-08-31T21:16:12.709151+00:00
217810,01072660,2015,Q1,2015-03-31,11013,CFS,NO_DATA,0,,2026-08-31T21:16:12.729511+00:00
217820,01020843,2015,Q1,2015-03-31,11013,CFS,NO_DATA,0,,2026-08-31T21:16:12.800467+00:00
217880,00976615,2015,Q1,2015-03-31,11013,CFS,NO_DATA,0,,2026-08-31T21:16:12.869346+00:00
217950,01066058,2015,Q1,2015-03-31,11013,CFS,NO_DATA,0,,2026-08-31T21:16:13.119412+00:00
218150,01071944,2015,Q1,2015-03-31,11013,CFS,NO_DATA,0,,2026-08-31T21:16:13.385978+00:00
218410,01078178,2015,Q1,2015-03-31,11013,CFS,NO_DATA,0,,2026-08-31T21:16:13.503923+00:00
218710,01075047,2015,Q1,2015-03-31,11013,CFS,NO_DATA,0,,2026-08-31T21:16:13.509312+00:00
219130,00617314,2015,Q1,2015-03-31,11013,CFS,NO_DATA,0,,2026-08-31T21:16:13.582912+00:00
219550,01089378,2015,Q1,2015-03-31,11013,CFS,NO_DATA,0,,2026-08-31T21:16:13.641402+00:00
219580,01080410,2015,Q1,2015-03-31,11013,CFS,NO_DATA,0,,2026-08-31T21:16:13.904531+00:00
219750,01031229,2015,Q1,2015-03-31,11013,CFS,NO_DATA,0,,2026-08-31T21:16:14.169080+00:00
219960,01089387,2015,Q1,2015-03-31,11013,CFS,NO_DATA,0,,2026-08-31T21:16:14.290149+00:00
219860,01087079,2015,Q1,2015-03-31,11013,CFS,NO_DATA,0,,2026-08-31T21:16:14.308635+00:00
220100,01053540,2015,Q1,2015-03-31,11013,CFS,NO_DATA,0,,2026-08-31T21:16:14.371253+00:00
220110,01066030,2015,Q1,2015-03-31,11013,CFS,NO_DATA,0,,2026-08-31T21:16:14.434750+00:00
220180,00793155,2015,Q1,2015-03-31,11013,CFS,NO_DATA,0,,2026-08-31T21:16:14.835678+00:00
220250,00843830,2015,Q1,2015-03-31,11013,CFS,NO_DATA,0,,2026-08-31T21:16:14.945876+00:00
220260,01089350,2015,Q1,2015-03-31,11013,CFS,NO_DATA,0,,2026-08-31T21:16:15.063098+00:00
220630,01089855,2015,Q1,2015-03-31,11013,CFS,NO_DATA,0,,2026-08-31T21:16:15.104421+00:00
221200,01089828,2015,Q1,2015-03-31,11013,CFS,NO_DATA,0,,2026-08-31T21:16:15.164412+00:00
221800,01026616,2015,Q1,2015-03-31,11013,CFS,NO_DATA,0,,2026-08-31T21:16:15.207950+00:00
221840,00688358,2015,Q1,2015-03-31,11013,CFS,NO_DATA,0,,2026-08-31T21:16:15.626651+00:00
221950,01089961,2015,Q1,2015-03-31,11013,CFS,NO_DATA,0,,2026-08-31T21:16:15.720316+00:00
221980,00370918,2015,Q1,2015-03-31,11013,CFS,NO_DATA,0,,2026-08-31T21:16:15.845548+00:00
222040,00656289,2015,Q1,2015-03-31,11013,CFS,NO_DATA,0,,2026-08-31T21:16:15.888447+00:00
222080,01090471,2015,Q1,2015-03-31,11013,CFS,NO_DATA,0,,2026-08-31T21:16:15.943442+00:00
222390,01090301,2015,Q1,2015-03-31,11013,CFS,NO_DATA,0,,2026-08-31T21:16:15.979727+00:00
222420,01091054,2015,Q1,2015-03-31,11013,CFS,NO_DATA,0,,2026-08-31T21:16:16.407403+00:00
222520,01022054,2015,Q1,2015-03-31,11013,CFS,NO_DATA,0,,2026-08-31T21:16:16.499664+00:00
222670,01063237,2015,Q1,2015-03-31,11013,CFS,NO_DATA,0,,2026-08-31T21:16:16.620242+00:00
222800,01095722,2015,Q1,2015-03-31,11013,CFS,NO_DATA,0,,2026-08-31T21:16:16.658223+00:00
222810,01091382,2015,Q1,2015-03-31,11013,CFS,NO_DATA,0,,2026-08-31T21:16:16.736442+00:00
222980,00579139,2015,Q1,2015-03-31,11013,CFS,NO_DATA,0,,2026-08-31T21:16:16.763708+00:00
223040,01091391,2015,Q1,2015-03-31,11013,CFS,NO_DATA,0,,2026-08-31T21:16:17.189930+00:00
223220,01060735,2015,Q1,2015-03-31,11013,CFS,NO_DATA,0,,2026-08-31T21:16:17.282971+00:00
223310,01075126,2015,Q1,2015-03-31,11013,CFS,NO_DATA,0,,2026-08-31T21:16:17.409387+00:00
224060,00530413,2015,Q1,2015-03-31,11013,CFS,NO_DATA,0,,2026-08-31T21:16:17.452561+00:00
224090,00659435,2015,Q1,2015-03-31,11013,CFS,NO_DATA,0,,2026-08-31T21:16:17.529017+00:00
224110,01099861,2015,Q1,2015-03-31,11013,CFS,NO_DATA,0,,2026-08-31T21:16:17.546548+00:00
224760,00929228,2015,Q1,2015-03-31,11013,CFS,NO_DATA,0,,2026-08-31T21:16:17.965078+00:00
224810,00607797,2015,Q1,2015-03-31,11013,CFS,NO_DATA,0,,2026-08-31T21:16:18.066549+00:00
225220,01062177,2015,Q1,2015-03-31,11013,CFS,NO_DATA,0,,2026-08-31T21:16:18.180526+00:00
225430,01095704,2015,Q1,2015-03-31,11013,CFS,NO_DATA,0,,2026-08-31T21:16:18.237030+00:00
225440,01094565,2015,Q1,2015-03-31,11013,CFS,NO_DATA,0,,2026-08-31T21:16:18.319770+00:00
225530,00568461,2015,Q1,2015-03-31,11013,CFS,NO_DATA,0,,2026-08-31T21:16:18.366848+00:00
225570,01096341,2015,Q1,2015-03-31,11013,CFS,NO_DATA,0,,2026-08-31T21:16:18.750585+00:00
225590,01101041,2015,Q1,2015-03-31,11013,CFS,NO_DATA,0,,2026-08-31T21:16:18.842962+00:00
225650,01102095,2015,Q1,2015-03-31,11013,CFS,NO_DATA,0,,2026-08-31T21:16:18.959615+00:00
225850,00866594,2015,Q1,2015-03-31,11013,CFS,NO_DATA,0,,2026-08-31T21:16:19.012561+00:00
226320,00911955,2015,Q1,2015-03-31,11013,CFS,NO_DATA,0,,2026-08-31T21:16:19.106113+00:00
226340,01098792,2015,Q1,2015-03-31,11013,CFS,NO_DATA,0,,2026-08-31T21:16:19.152724+00:00
226360,01097906,2015,Q1,2015-03-31,11013,CFS,NO_DATA,0,,2026-08-31T21:16:19.535682+00:00
226440,01101722,2015,Q1,2015-03-31,11013,CFS,NO_DATA,0,,2026-08-31T21:16:19.620552+00:00
226610,01051339,2015,Q1,2015-03-31,11013,CFS,NO_DATA,0,,2026-08-31T21:16:19.736404+00:00
226850,01102800,2015,Q1,2015-03-31,11013,CFS,NO_DATA,0,,2026-08-31T21:16:19.792931+00:00
227840,01108099,2015,Q1,2015-03-31,11013,CFS,NO_DATA,0,,2026-08-31T21:16:19.889372+00:00
227950,01105621,2015,Q1,2015-03-31,11013,CFS,NO_DATA,0,,2026-08-31T21:16:19.934870+00:00
228180,01067242,2015,Q1,2015-03-31,11013,CFS,NO_DATA,0,,2026-08-31T21:16:20.320156+00:00
229000,01051472,2015,Q1,2015-03-31,11013,CFS,NO_DATA,0,,2026-08-31T21:16:20.418010+00:00
229500,01065785,2015,Q1,2015-03-31,11013,CFS,NO_DATA,0,,2026-08-31T21:16:20.534881+00:00
230240,01108442,2015,Q1,2015-03-31,11013,CFS,NO_DATA,0,,2026-08-31T21:16:20.568730+00:00
230400,00921475,2015,Q1,2015-03-31,11013,CFS,NO_DATA,0,,2026-08-31T21:16:20.662867+00:00
230490,01109186,2015,Q1,2015-03-31,11013,CFS,NO_DATA,0,,2026-08-31T21:16:20.729406+00:00
232140,01109539,2015,Q1,2015-03-31,11013,CFS,NO_DATA,0,,2026-08-31T21:16:21.109607+00:00
232360,00318538,2015,Q1,2015-03-31,11013,CFS,NO_DATA,0,,2026-08-31T21:16:21.189133+00:00
232530,00925967,2015,Q1,2015-03-31,11013,CFS,NO_DATA,0,,2026-08-31T21:16:21.319099+00:00
232680,00911229,2015,Q1,2015-03-31,11013,CFS,NO_DATA,0,,2026-08-31T21:16:21.356209+00:00
233190,00653112,2015,Q1,2015-03-31,11013,CFS,NO_DATA,0,,2026-08-31T21:16:21.438695+00:00
233990,01063556,2015,Q1,2015-03-31,11013,CFS,NO_DATA,0,,2026-08-31T21:16:21.516249+00:00
234070,00614089,2015,Q1,2015-03-31,11013,CFS,NO_DATA,0,,2026-08-31T21:16:21.902807+00:00
234100,00617998,2015,Q1,2015-03-31,11013,CFS,NO_DATA,0,,2026-08-31T21:16:21.977775+00:00
900040,00695464,2015,Q1,2015-03-31,11013,CFS,NO_DATA,0,,2026-08-31T21:16:22.111849+00:00
900050,00722500,2015,Q1,2015-03-31,11013,CFS,NO_DATA,0,,2026-08-31T21:16:22.154789+00:00
900070,00783246,2015,Q1,2015-03-31,11013,CFS,NO_DATA,0,,2026-08-31T21:16:22.205747+00:00
900080,00786331,2015,Q1,2015-03-31,11013,CFS,NO_DATA,0,,2026-08-31T21:16:22.324900+00:00
900090,00790121,2015,Q1,2015-03-31,11013,CFS,NO_DATA,0,,2026-08-31T21:16:22.686981+00:00
900100,00781202,2015,Q1,2015-03-31,11013,CFS,NO_DATA,0,,2026-08-31T21:16:22.761878+00:00
900110,00799070,2015,Q1,2015-03-31,11013,CFS,NO_DATA,0,,2026-08-31T21:16:22.898869+00:00
900120,00800084,2015,Q1,2015-03-31,11013,CFS,NO_DATA,0,,2026-08-31T21:16:22.931173+00:00
900130,00823687,2015,Q1,2015-03-31,11013,CFS,NO_DATA,0,,2026-08-31T21:16:22.992721+00:00
900140,00838500,2015,Q1,2015-03-31,11013,CFS,NO_DATA,0,,2026-08-31T21:16:23.113179+00:00
900180,00842327,2015,Q1,2015-03-31,11013,CFS,NO_DATA,0,,2026-08-31T21:16:23.464399+00:00
950010,00599230,2015,Q1,2015-03-31,11013,CFS,NO_DATA,0,,2026-08-31T21:16:23.549474+00:00
950100,00907660,2015,Q1,2015-03-31,11013,CFS,NO_DATA,0,,2026-08-31T21:16:23.680520+00:00
950110,00938688,2015,Q1,2015-03-31,11013,CFS,NO_DATA,0,,2026-08-31T21:16:23.717381+00:00
950130,00956028,2015,Q1,2015-03-31,11013,CFS,NO_DATA,0,,2026-08-31T21:16:23.761927+00:00
000020,00119195,2015,Q1,2015-03-31,11013,OFS,NO_DATA,0,,2026-08-31T21:16:23.898371+00:00
000030,00254045,2015,Q1,2015-03-31,11013,OFS,NO_DATA,0,,2026-08-31T21:16:24.257447+00:00
000040,00112378,2015,Q1,2015-03-31,11013,OFS,NO_DATA,0,,2026-08-31T21:16:24.332931+00:00
000050,00101628,2015,Q1,2015-03-31,11013,OFS,NO_DATA,0,,2026-08-31T21:16:24.463422+00:00
000060,00117744,2015,Q1,2015-03-31,11013,OFS,NO_DATA,0,,2026-08-31T21:16:24.500819+00:00
000070,00126937,2015,Q1,2015-03-31,11013,OFS,NO_DATA,0,,2026-08-31T21:16:24.538605+00:00
000080,00150244,2015,Q1,2015-03-31,11013,OFS,NO_DATA,0,,2026-08-31T21:16:24.672790+00:00
000100,00145109,2015,Q1,2015-03-31,11013,OFS,NO_DATA,0,,2026-08-31T21:16:25.062237+00:00
000120,00113410,2015,Q1,2015-03-31,11013,OFS,NO_DATA,0,,2026-08-31T21:16:25.126496+00:00
000140,00148993,2015,Q1,2015-03-31,11013,OFS,NO_DATA,0,,2026-08-31T21:16:25.246043+00:00
000150,00117212,2015,Q1,2015-03-31,11013,OFS,NO_DATA,0,,2026-08-31T21:16:25.271829+00:00
000180,00133335,2015,Q1,2015-03-31,11013,OFS,NO_DATA,0,,2026-08-31T21:16:25.326754+00:00
000210,00109693,2015,Q1,2015-03-31,11013,OFS,NO_DATA,0,,2026-08-31T21:16:25.458917+00:00
000220,00144818,2015,Q1,2015-03-31,11013,OFS,NO_DATA,0,,2026-08-31T21:16:25.839469+00:00
000230,00146083,2015,Q1,2015-03-31,11013,OFS,NO_DATA,0,,2026-08-31T21:16:25.897318+00:00
000240,00160047,2015,Q1,2015-03-31,11013,OFS,NO_DATA,0,,2026-08-31T21:16:26.040334+00:00
000250,00128546,2015,Q1,2015-03-31,11013,OFS,NO_DATA,0,,2026-08-31T21:16:26.042681+00:00
000270,00106641,2015,Q1,2015-03-31,11013,OFS,NO_DATA,0,,2026-08-31T21:16:26.106040+00:00
000300,00126089,2015,Q1,2015-03-31,11013,OFS,NO_DATA,0,,2026-08-31T21:16:26.238383+00:00
000320,00113508,2015,Q1,2015-03-31,11013,OFS,NO_DATA,0,,2026-08-31T21:16:26.648269+00:00
000360,00129411,2015,Q1,2015-03-31,11013,OFS,NO_DATA,0,,2026-08-31T21:16:26.671651+00:00
000370,00135917,2015,Q1,2015-03-31,11013,OFS,NO_DATA,0,,2026-08-31T21:16:26.822516+00:00
000390,00129387,2015,Q1,2015-03-31,11013,OFS,NO_DATA,0,,2026-08-31T21:16:26.832633+00:00
000400,00113562,2015,Q1,2015-03-31,11013,OFS,NO_DATA,0,,2026-08-31T21:16:26.905468+00:00
000420,00120377,2015,Q1,2015-03-31,11013,OFS,NO_DATA,0,,2026-08-31T21:16:27.014826+00:00
000430,00111847,2015,Q1,2015-03-31,11013,OFS,NO_DATA,0,,2026-08-31T21:16:27.432495+00:00
000440,00149770,2015,Q1,2015-03-31,11013,OFS,NO_DATA,0,,2026-08-31T21:16:27.460656+00:00
000480,00148984,2015,Q1,2015-03-31,11013,OFS,NO_DATA,0,,2026-08-31T21:16:27.617152+00:00
000490,00109286,2015,Q1,2015-03-31,11013,OFS,NO_DATA,0,,2026-08-31T21:16:27.625107+00:00
000500,00104768,2015,Q1,2015-03-31,11013,OFS,NO_DATA,0,,2026-08-31T21:16:27.690078+00:00
000520,00128032,2015,Q1,2015-03-31,11013,OFS,NO_DATA,0,,2026-08-31T21:16:27.791522+00:00
000540,00103176,2015,Q1,2015-03-31,11013,OFS,NO_DATA,0,,2026-08-31T21:16:28.205201+00:00
000590,00149026,2015,Q1,2015-03-31,11013,OFS,NO_DATA,0,,2026-08-31T21:16:28.256772+00:00
000640,00116824,2015,Q1,2015-03-31,11013,OFS,NO_DATA,0,,2026-08-31T21:16:28.409541+00:00
000650,00151395,2015,Q1,2015-03-31,11013,OFS,NO_DATA,0,,2026-08-31T21:16:28.413019+00:00
000660,00164779,2015,Q1,2015-03-31,11013,OFS,NO_DATA,0,,2026-08-31T21:16:28.465413+00:00
000670,00141307,2015,Q1,2015-03-31,11013,OFS,NO_DATA,0,,2026-08-31T21:16:28.569341+00:00
000680,00104698,2015,Q1,2015-03-31,11013,OFS,NO_DATA,0,,2026-08-31T21:16:29.003554+00:00
000700,00163691,2015,Q1,2015-03-31,11013,OFS,NO_DATA,0,,2026-08-31T21:16:29.043918+00:00
000720,00164478,2015,Q1,2015-03-31,11013,OFS,NO_DATA,0,,2026-08-31T21:16:29.207970+00:00
000760,00145686,2015,Q1,2015-03-31,11013,OFS,NO_DATA,0,,2026-08-31T21:16:29.208930+00:00
000800,00101257,2015,Q1,2015-03-31,11013,OFS,NO_DATA,0,,2026-08-31T21:16:29.236769+00:00
000810,00139214,2015,Q1,2015-03-31,11013,OFS,NO_DATA,0,,2026-08-31T21:16:29.357862+00:00
000830,00126229,2015,Q1,2015-03-31,11013,OFS,NO_DATA,0,,2026-08-31T21:16:29.786736+00:00
000850,00166519,2015,Q1,2015-03-31,11013,OFS,NO_DATA,0,,2026-08-31T21:16:29.824849+00:00
000880,00160588,2015,Q1,2015-03-31,11013,OFS,NO_DATA,0,,2026-08-31T21:16:29.984697+00:00
000860,00100939,2015,Q1,2015-03-31,11013,OFS,NO_DATA,0,,2026-08-31T21:16:29.991474+00:00
000890,00123541,2015,Q1,2015-03-31,11013,OFS,NO_DATA,0,,2026-08-31T21:16:30.043266+00:00
000910,00144252,2015,Q1,2015-03-31,11013,OFS,NO_DATA,0,,2026-08-31T21:16:30.227956+00:00
000950,00147222,2015,Q1,2015-03-31,11013,OFS,NO_DATA,0,,2026-08-31T21:16:30.580224+00:00
000970,00159573,2015,Q1,2015-03-31,11013,OFS,NO_DATA,0,,2026-08-31T21:16:30.630717+00:00
001000,00135999,2015,Q1,2015-03-31,11013,OFS,NO_DATA,0,,2026-08-31T21:16:30.777414+00:00
000990,00160843,2015,Q1,2015-03-31,11013,OFS,NO_DATA,0,,2026-08-31T21:16:30.780070+00:00
001020,00134723,2015,Q1,2015-03-31,11013,OFS,NO_DATA,0,,2026-08-31T21:16:30.836578+00:00
001040,00148540,2015,Q1,2015-03-31,11013,OFS,NO_DATA,0,,2026-08-31T21:16:31.011246+00:00
001060,00149947,2015,Q1,2015-03-31,11013,OFS,NO_DATA,0,,2026-08-31T21:16:31.358212+00:00
001070,00112970,2015,Q1,2015-03-31,11013,OFS,NO_DATA,0,,2026-08-31T21:16:31.422227+00:00
001120,00120076,2015,Q1,2015-03-31,11013,OFS,NO_DATA,0,,2026-08-31T21:16:31.563886+00:00
001080,00120872,2015,Q1,2015-03-31,11013,OFS,NO_DATA,0,,2026-08-31T21:16:31.568373+00:00
001130,00113243,2015,Q1,2015-03-31,11013,OFS,NO_DATA,0,,2026-08-31T21:16:31.604254+00:00
001140,00104519,2015,Q1,2015-03-31,11013,OFS,NO_DATA,0,,2026-08-31T21:16:31.792557+00:00
001200,00131054,2015,Q1,2015-03-31,11013,OFS,NO_DATA,0,,2026-08-31T21:16:32.146125+00:00
001210,00106395,2015,Q1,2015-03-31,11013,OFS,NO_DATA,0,,2026-08-31T21:16:32.213245+00:00
001250,00138190,2015,Q1,2015-03-31,11013,OFS,NO_DATA,0,,2026-08-31T21:16:32.348062+00:00
001230,00114792,2015,Q1,2015-03-31,11013,OFS,NO_DATA,0,,2026-08-31T21:16:32.357042+00:00
001260,00107066,2015,Q1,2015-03-31,11013,OFS,NO_DATA,0,,2026-08-31T21:16:32.385575+00:00
001270,00123772,2015,Q1,2015-03-31,11013,OFS,NO_DATA,0,,2026-08-31T21:16:32.584229+00:00
001290,00112059,2015,Q1,2015-03-31,11013,OFS,NO_DATA,0,,2026-08-31T21:16:32.950747+00:00
001340,00122472,2015,Q1,2015-03-31,11013,OFS,NO_DATA,0,,2026-08-31T21:16:32.994866+00:00
001360,00126414,2015,Q1,2015-03-31,11013,OFS,NO_DATA,0,,2026-08-31T21:16:33.136889+00:00
001380,00152039,2015,Q1,2015-03-31,11013,OFS,NO_DATA,0,,2026-08-31T21:16:33.151922+00:00
001390,00101220,2015,Q1,2015-03-31,11013,OFS,NO_DATA,0,,2026-08-31T21:16:33.186288+00:00
001420,00154055,2015,Q1,2015-03-31,11013,OFS,NO_DATA,0,,2026-08-31T21:16:33.364460+00:00
001430,00106669,2015,Q1,2015-03-31,11013,OFS,NO_DATA,0,,2026-08-31T21:16:33.744079+00:00
001450,00164973,2015,Q1,2015-03-31,11013,OFS,NO_DATA,0,,2026-08-31T21:16:33.915702+00:00
001460,00122579,2015,Q1,2015-03-31,11013,OFS,NO_DATA,0,,2026-08-31T21:16:33.922637+00:00
001470,00125974,2015,Q1,2015-03-31,11013,OFS,NO_DATA,0,,2026-08-31T21:16:33.967835+00:00
001440,00113207,2015,Q1,2015-03-31,11013,OFS,NO_DATA,0,,2026-08-31T21:16:33.976866+00:00
001500,00137997,2015,Q1,2015-03-31,11013,OFS,NO_DATA,0,,2026-08-31T21:16:34.152774+00:00
001510,00131850,2015,Q1,2015-03-31,11013,OFS,NO_DATA,0,,2026-08-31T21:16:34.550338+00:00
001530,00118345,2015,Q1,2015-03-31,11013,OFS,NO_DATA,0,,2026-08-31T21:16:34.711743+00:00
001520,00117337,2015,Q1,2015-03-31,11013,OFS,NO_DATA,0,,2026-08-31T21:16:34.715566+00:00
001540,00139205,2015,Q1,2015-03-31,11013,OFS,NO_DATA,0,,2026-08-31T21:16:34.747776+00:00
001550,00148948,2015,Q1,2015-03-31,11013,OFS,NO_DATA,0,,2026-08-31T21:16:34.762411+00:00
001560,00148461,2015,Q1,2015-03-31,11013,OFS,NO_DATA,0,,2026-08-31T21:16:34.922340+00:00
001570,00106119,2015,Q1,2015-03-31,11013,OFS,NO_DATA,0,,2026-08-31T21:16:35.324570+00:00
001620,00114765,2015,Q1,2015-03-31,11013,OFS,NO_DATA,0,,2026-08-31T21:16:35.494867+00:00
001630,00149354,2015,Q1,2015-03-31,11013,OFS,NO_DATA,0,,2026-08-31T21:16:35.502855+00:00
001680,00121941,2015,Q1,2015-03-31,11013,OFS,NO_DATA,0,,2026-08-31T21:16:35.554134+00:00
001720,00136721,2015,Q1,2015-03-31,11013,OFS,NO_DATA,0,,2026-08-31T21:16:35.556713+00:00
001740,00131780,2015,Q1,2015-03-31,11013,OFS,NO_DATA,0,,2026-08-31T21:16:35.719498+00:00
001750,00162416,2015,Q1,2015-03-31,11013,OFS,NO_DATA,0,,2026-08-31T21:16:36.115355+00:00
001770,00137809,2015,Q1,2015-03-31,11013,OFS,NO_DATA,0,,2026-08-31T21:16:36.267216+00:00
001780,00117027,2015,Q1,2015-03-31,11013,OFS,NO_DATA,0,,2026-08-31T21:16:36.283720+00:00
001800,00117577,2015,Q1,2015-03-31,11013,OFS,NO_DATA,0,,2026-08-31T21:16:36.337590+00:00
001790,00113234,2015,Q1,2015-03-31,11013,OFS,NO_DATA,0,,2026-08-31T21:16:36.349737+00:00
001810,00121507,2015,Q1,2015-03-31,11013,OFS,NO_DATA,0,,2026-08-31T21:16:36.504928+00:00
001820,00129350,2015,Q1,2015-03-31,11013,OFS,NO_DATA,0,,2026-08-31T21:16:36.907413+00:00
001840,00145668,2015,Q1,2015-03-31,11013,OFS,NO_DATA,0,,2026-08-31T21:16:37.046256+00:00
001880,00128971,2015,Q1,2015-03-31,11013,OFS,NO_DATA,0,,2026-08-31T21:16:37.057798+00:00
001940,00159740,2015,Q1,2015-03-31,11013,OFS,NO_DATA,0,,2026-08-31T21:16:37.121976+00:00
002000,00159005,2015,Q1,2015-03-31,11013,OFS,NO_DATA,0,,2026-08-31T21:16:37.137683+00:00
002020,00152862,2015,Q1,2015-03-31,11013,OFS,NO_DATA,0,,2026-08-31T21:16:37.280954+00:00
002030,00138701,2015,Q1,2015-03-31,11013,OFS,NO_DATA,0,,2026-08-31T21:16:37.695905+00:00
002070,00107677,2015,Q1,2015-03-31,11013,OFS,NO_DATA,0,,2026-08-31T21:16:37.829158+00:00
002100,00101433,2015,Q1,2015-03-31,11013,OFS,NO_DATA,0,,2026-08-31T21:16:37.841495+00:00
002140,00102751,2015,Q1,2015-03-31,11013,OFS,NO_DATA,0,,2026-08-31T21:16:37.912628+00:00
002150,00114552,2015,Q1,2015-03-31,11013,OFS,NO_DATA,0,,2026-08-31T21:16:37.915524+00:00
002170,00127042,2015,Q1,2015-03-31,11013,OFS,NO_DATA,0,,2026-08-31T21:16:38.062361+00:00
002200,00158112,2015,Q1,2015-03-31,11013,OFS,NO_DATA,0,,2026-08-31T21:16:38.490303+00:00
002210,00116268,2015,Q1,2015-03-31,11013,OFS,NO_DATA,0,,2026-08-31T21:16:38.595857+00:00
002220,00163196,2015,Q1,2015-03-31,11013,OFS,NO_DATA,0,,2026-08-31T21:16:38.625105+00:00
002230,00155638,2015,Q1,2015-03-31,11013,OFS,NO_DATA,0,,2026-08-31T21:16:38.701267+00:00
002240,00103006,2015,Q1,2015-03-31,11013,OFS,NO_DATA,0,,2026-08-31T21:16:38.837663+00:00
002250,00105244,2015,Q1,2015-03-31,11013,OFS,NO_DATA,0,,2026-08-31T21:16:38.851430+00:00
002270,00120508,2015,Q1,2015-03-31,11013,OFS,NO_DATA,0,,2026-08-31T21:16:39.270333+00:00
002290,00127936,2015,Q1,2015-03-31,11013,OFS,NO_DATA,0,,2026-08-31T21:16:39.388356+00:00
002300,00159412,2015,Q1,2015-03-31,11013,OFS,NO_DATA,0,,2026-08-31T21:16:39.395839+00:00
002310,00138729,2015,Q1,2015-03-31,11013,OFS,NO_DATA,0,,2026-08-31T21:16:39.486460+00:00
002320,00163512,2015,Q1,2015-03-31,11013,OFS,NO_DATA,0,,2026-08-31T21:16:39.616236+00:00
002350,00173874,2015,Q1,2015-03-31,11013,OFS,NO_DATA,0,,2026-08-31T21:16:39.635171+00:00
002360,00136457,2015,Q1,2015-03-31,11013,OFS,NO_DATA,0,,2026-08-31T21:16:40.052573+00:00
002380,00105271,2015,Q1,2015-03-31,11013,OFS,NO_DATA,0,,2026-08-31T21:16:40.164316+00:00
002390,00161046,2015,Q1,2015-03-31,11013,OFS,NO_DATA,0,,2026-08-31T21:16:40.174703+00:00
002410,00122694,2015,Q1,2015-03-31,11013,OFS,NO_DATA,0,,2026-08-31T21:16:40.257811+00:00
002420,00133618,2015,Q1,2015-03-31,11013,OFS,NO_DATA,0,,2026-08-31T21:16:40.398498+00:00
002450,00127857,2015,Q1,2015-03-31,11013,OFS,NO_DATA,0,,2026-08-31T21:16:40.404936+00:00
002460,00174527,2015,Q1,2015-03-31,11013,OFS,NO_DATA,0,,2026-08-31T21:16:40.831341+00:00
002550,00120216,2015,Q1,2015-03-31,11013,OFS,NO_DATA,0,,2026-08-31T21:16:40.955171+00:00
002600,00149345,2015,Q1,2015-03-31,11013,OFS,NO_DATA,0,,2026-08-31T21:16:40.959402+00:00
002620,00148443,2015,Q1,2015-03-31,11013,OFS,NO_DATA,0,,2026-08-31T21:16:41.042709+00:00
002630,00141626,2015,Q1,2015-03-31,11013,OFS,NO_DATA,0,,2026-08-31T21:16:41.182397+00:00
002680,00140566,2015,Q1,2015-03-31,11013,OFS,NO_DATA,0,,2026-08-31T21:16:41.195233+00:00
002690,00118451,2015,Q1,2015-03-31,11013,OFS,NO_DATA,0,,2026-08-31T21:16:41.599342+00:00
002710,00117300,2015,Q1,2015-03-31,11013,OFS,NO_DATA,0,,2026-08-31T21:16:41.742753+00:00
002700,00173698,2015,Q1,2015-03-31,11013,OFS,NO_DATA,0,,2026-08-31T21:16:41.745239+00:00
002720,00104722,2015,Q1,2015-03-31,11013,OFS,NO_DATA,0,,2026-08-31T21:16:41.817663+00:00
002760,00123107,2015,Q1,2015-03-31,11013,OFS,NO_DATA,0,,2026-08-31T21:16:41.972234+00:00
002780,00150828,2015,Q1,2015-03-31,11013,OFS,NO_DATA,0,,2026-08-31T21:16:41.975761+00:00
002790,00154462,2015,Q1,2015-03-31,11013,OFS,NO_DATA,0,,2026-08-31T21:16:42.379576+00:00
002820,00132211,2015,Q1,2015-03-31,11013,OFS,NO_DATA,0,,2026-08-31T21:16:42.529312+00:00
002810,00127167,2015,Q1,2015-03-31,11013,OFS,NO_DATA,0,,2026-08-31T21:16:42.532539+00:00
002840,00121932,2015,Q1,2015-03-31,11013,OFS,NO_DATA,0,,2026-08-31T21:16:42.604347+00:00
002870,00137368,2015,Q1,2015-03-31,11013,OFS,NO_DATA,0,,2026-08-31T21:16:42.770032+00:00
002880,00149804,2015,Q1,2015-03-31,11013,OFS,NO_DATA,0,,2026-08-31T21:16:42.772340+00:00
002900,00117230,2015,Q1,2015-03-31,11013,OFS,NO_DATA,0,,2026-08-31T21:16:43.152901+00:00
002960,00158149,2015,Q1,2015-03-31,11013,OFS,NO_DATA,0,,2026-08-31T21:16:43.307170+00:00
002920,00174004,2015,Q1,2015-03-31,11013,OFS,NO_DATA,0,,2026-08-31T21:16:43.318407+00:00
002990,00106313,2015,Q1,2015-03-31,11013,OFS,NO_DATA,0,,2026-08-31T21:16:43.402623+00:00
003000,00123718,2015,Q1,2015-03-31,11013,OFS,NO_DATA,0,,2026-08-31T21:16:43.556421+00:00
003010,00165343,2015,Q1,2015-03-31,11013,OFS,NO_DATA,0,,2026-08-31T21:16:43.560157+00:00
003030,00124197,2015,Q1,2015-03-31,11013,OFS,NO_DATA,0,,2026-08-31T21:16:43.927199+00:00
003060,00101044,2015,Q1,2015-03-31,11013,OFS,NO_DATA,0,,2026-08-31T21:16:44.079562+00:00
003070,00152880,2015,Q1,2015-03-31,11013,OFS,NO_DATA,0,,2026-08-31T21:16:44.101102+00:00
003080,00132725,2015,Q1,2015-03-31,11013,OFS,NO_DATA,0,,2026-08-31T21:16:44.304185+00:00
003090,00111810,2015,Q1,2015-03-31,11013,OFS,NO_DATA,0,,2026-08-31T21:16:44.335189+00:00
003100,00131896,2015,Q1,2015-03-31,11013,OFS,NO_DATA,0,,2026-08-31T21:16:44.350187+00:00
003120,00146214,2015,Q1,2015-03-31,11013,OFS,NO_DATA,0,,2026-08-31T21:16:44.698074+00:00
003160,00118275,2015,Q1,2015-03-31,11013,OFS,NO_DATA,0,,2026-08-31T21:16:44.866254+00:00
003200,00146269,2015,Q1,2015-03-31,11013,OFS,NO_DATA,0,,2026-08-31T21:16:44.878190+00:00
003220,00111999,2015,Q1,2015-03-31,11013,OFS,NO_DATA,0,,2026-08-31T21:16:45.083106+00:00
003230,00126955,2015,Q1,2015-03-31,11013,OFS,NO_DATA,0,,2026-08-31T21:16:45.123251+00:00
003240,00153393,2015,Q1,2015-03-31,11013,OFS,NO_DATA,0,,2026-08-31T21:16:45.131718+00:00
003280,00167208,2015,Q1,2015-03-31,11013,OFS,NO_DATA,0,,2026-08-31T21:16:45.484209+00:00
003300,00162993,2015,Q1,2015-03-31,11013,OFS,NO_DATA,0,,2026-08-31T21:16:45.649275+00:00
003310,00112457,2015,Q1,2015-03-31,11013,OFS,NO_DATA,0,,2026-08-31T21:16:45.662095+00:00
003350,00160621,2015,Q1,2015-03-31,11013,OFS,NO_DATA,0,,2026-08-31T21:16:45.904811+00:00
003380,00148364,2015,Q1,2015-03-31,11013,OFS,NO_DATA,0,,2026-08-31T21:16:45.910637+00:00
003410,00138224,2015,Q1,2015-03-31,11013,OFS,NO_DATA,0,,2026-08-31T21:16:45.919645+00:00
003450,00164876,2015,Q1,2015-03-31,11013,OFS,NO_DATA,0,,2026-08-31T21:16:46.253198+00:00
003470,00117601,2015,Q1,2015-03-31,11013,OFS,NO_DATA,0,,2026-08-31T21:16:46.449068+00:00
003460,00145190,2015,Q1,2015-03-31,11013,OFS,NO_DATA,0,,2026-08-31T21:16:46.451374+00:00
003490,00113526,2015,Q1,2015-03-31,11013,OFS,NO_DATA,0,,2026-08-31T21:16:46.693614+00:00
003480,00163673,2015,Q1,2015-03-31,11013,OFS,NO_DATA,0,,2026-08-31T21:16:46.696376+00:00
003520,00141149,2015,Q1,2015-03-31,11013,OFS,NO_DATA,0,,2026-08-31T21:16:46.703798+00:00
003530,00148610,2015,Q1,2015-03-31,11013,OFS,NO_DATA,0,,2026-08-31T21:16:47.181927+00:00
003540,00110893,2015,Q1,2015-03-31,11013,OFS,NO_DATA,0,,2026-08-31T21:16:47.240253+00:00
003550,00120021,2015,Q1,2015-03-31,11013,OFS,NO_DATA,0,,2026-08-31T21:16:47.242800+00:00
003580,00169048,2015,Q1,2015-03-31,11013,OFS,NO_DATA,0,,2026-08-31T21:16:47.494853+00:00
003560,00154426,2015,Q1,2015-03-31,11013,OFS,NO_DATA,0,,2026-08-31T21:16:47.497830+00:00
003570,00134477,2015,Q1,2015-03-31,11013,OFS,NO_DATA,0,,2026-08-31T21:16:47.499558+00:00
003600,00144155,2015,Q1,2015-03-31,11013,OFS,NO_DATA,0,,2026-08-31T21:16:47.960621+00:00
003620,00138242,2015,Q1,2015-03-31,11013,OFS,NO_DATA,0,,2026-08-31T21:16:48.016159+00:00
003610,00122348,2015,Q1,2015-03-31,11013,OFS,NO_DATA,0,,2026-08-31T21:16:48.046414+00:00
003640,00140380,2015,Q1,2015-03-31,11013,OFS,NO_DATA,0,,2026-08-31T21:16:48.293528+00:00
003650,00122056,2015,Q1,2015-03-31,11013,OFS,NO_DATA,0,,2026-08-31T21:16:48.301293+00:00
003670,00155276,2015,Q1,2015-03-31,11013,OFS,NO_DATA,0,,2026-08-31T21:16:48.310016+00:00
003680,00161860,2015,Q1,2015-03-31,11013,OFS,NO_DATA,0,,2026-08-31T21:16:48.747844+00:00
003690,00113191,2015,Q1,2015-03-31,11013,OFS,NO_DATA,0,,2026-08-31T21:16:48.790623+00:00
003720,00127255,2015,Q1,2015-03-31,11013,OFS,NO_DATA,0,,2026-08-31T21:16:49.014724+00:00
003780,00150439,2015,Q1,2015-03-31,11013,OFS,NO_DATA,0,,2026-08-31T21:16:49.081279+00:00
003830,00113544,2015,Q1,2015-03-31,11013,OFS,NO_DATA,0,,2026-08-31T21:16:49.103614+00:00
003800,00140052,2015,Q1,2015-03-31,11013,OFS,NO_DATA,0,,2026-08-31T21:16:49.105892+00:00
003850,00123143,2015,Q1,2015-03-31,11013,OFS,NO_DATA,0,,2026-08-31T21:16:49.558460+00:00
003920,00107598,2015,Q1,2015-03-31,11013,OFS,NO_DATA,0,,2026-08-31T21:16:49.582898+00:00
003940,00132105,2015,Q1,2015-03-31,11013,OFS,NO_DATA,0,,2026-08-31T21:16:49.798864+00:00
003960,00109718,2015,Q1,2015-03-31,11013,OFS,NO_DATA,0,,2026-08-31T21:16:49.854873+00:00
004000,00157681,2015,Q1,2015-03-31,11013,OFS,NO_DATA,0,,2026-08-31T21:16:49.894977+00:00
004020,00145880,2015,Q1,2015-03-31,11013,OFS,NO_DATA,0,,2026-08-31T21:16:49.897446+00:00
004060,00133511,2015,Q1,2015-03-31,11013,OFS,NO_DATA,0,,2026-08-31T21:16:50.320744+00:00
004080,00173795,2015,Q1,2015-03-31,11013,OFS,NO_DATA,0,,2026-08-31T21:16:50.371731+00:00
004090,00157991,2015,Q1,2015-03-31,11013,OFS,NO_DATA,0,,2026-08-31T21:16:50.578025+00:00
004100,00153755,2015,Q1,2015-03-31,11013,OFS,NO_DATA,0,,2026-08-31T21:16:50.648202+00:00
004130,00109170,2015,Q1,2015-03-31,11013,OFS,NO_DATA,0,,2026-08-31T21:16:50.672789+00:00
004140,00115287,2015,Q1,2015-03-31,11013,OFS,NO_DATA,0,,2026-08-31T21:16:50.681345+00:00
004150,00171636,2015,Q1,2015-03-31,11013,OFS,NO_DATA,0,,2026-08-31T21:16:51.083122+00:00
004170,00136378,2015,Q1,2015-03-31,11013,OFS,NO_DATA,0,,2026-08-31T21:16:51.188121+00:00
004200,00102681,2015,Q1,2015-03-31,11013,OFS,NO_DATA,0,,2026-08-31T21:16:51.384112+00:00
004250,00108038,2015,Q1,2015-03-31,11013,OFS,NO_DATA,0,,2026-08-31T21:16:51.435448+00:00
004270,00172185,2015,Q1,2015-03-31,11013,OFS,NO_DATA,0,,2026-08-31T21:16:51.458947+00:00
004310,00164706,2015,Q1,2015-03-31,11013,OFS,NO_DATA,0,,2026-08-31T21:16:51.463749+00:00
004320,00144766,2015,Q1,2015-03-31,11013,OFS,NO_DATA,0,,2026-08-31T21:16:51.870662+00:00
004360,00133812,2015,Q1,2015-03-31,11013,OFS,NO_DATA,0,,2026-08-31T21:16:51.965722+00:00
004370,00108241,2015,Q1,2015-03-31,11013,OFS,NO_DATA,0,,2026-08-31T21:16:52.154442+00:00
004380,00127802,2015,Q1,2015-03-31,11013,OFS,NO_DATA,0,,2026-08-31T21:16:52.200573+00:00
004430,00134963,2015,Q1,2015-03-31,11013,OFS,NO_DATA,0,,2026-08-31T21:16:52.249411+00:00
004410,00130879,2015,Q1,2015-03-31,11013,OFS,NO_DATA,0,,2026-08-31T21:16:52.253833+00:00
004450,00129235,2015,Q1,2015-03-31,11013,OFS,NO_DATA,0,,2026-08-31T21:16:52.649168+00:00
004490,00133858,2015,Q1,2015-03-31,11013,OFS,NO_DATA,0,,2026-08-31T21:16:52.761240+00:00
004540,00113492,2015,Q1,2015-03-31,11013,OFS,NO_DATA,0,,2026-08-31T21:16:52.939958+00:00
004560,00125743,2015,Q1,2015-03-31,11013,OFS,NO_DATA,0,,2026-08-31T21:16:52.986848+00:00
004650,00123523,2015,Q1,2015-03-31,11013,OFS,NO_DATA,0,,2026-08-31T21:16:53.038879+00:00
004590,00156442,2015,Q1,2015-03-31,11013,OFS,NO_DATA,0,,2026-08-31T21:16:53.050642+00:00
004690,00128555,2015,Q1,2015-03-31,11013,OFS,NO_DATA,0,,2026-08-31T21:16:53.428666+00:00
004700,00148939,2015,Q1,2015-03-31,11013,OFS,NO_DATA,0,,2026-08-31T21:16:53.545025+00:00
004720,00135050,2015,Q1,2015-03-31,11013,OFS,NO_DATA,0,,2026-08-31T21:16:53.767163+00:00
004770,00138057,2015,Q1,2015-03-31,11013,OFS,NO_DATA,0,,2026-08-31T21:16:53.839649+00:00
004740,00123152,2015,Q1,2015-03-31,11013,OFS,NO_DATA,0,,2026-08-31T21:16:53.842962+00:00
004710,00157399,2015,Q1,2015-03-31,11013,OFS,NO_DATA,0,,2026-08-31T21:16:53.844502+00:00
004780,00109587,2015,Q1,2015-03-31,11013,OFS,NO_DATA,0,,2026-08-31T21:16:54.209955+00:00
004800,00117188,2015,Q1,2015-03-31,11013,OFS,NO_DATA,0,,2026-08-31T21:16:54.326499+00:00
004830,00114093,2015,Q1,2015-03-31,11013,OFS,NO_DATA,0,,2026-08-31T21:16:54.542699+00:00
004890,00172936,2015,Q1,2015-03-31,11013,OFS,NO_DATA,0,,2026-08-31T21:16:54.637276+00:00
004870,00109514,2015,Q1,2015-03-31,11013,OFS,NO_DATA,0,,2026-08-31T21:16:54.640388+00:00
004840,00118266,2015,Q1,2015-03-31,11013,OFS,NO_DATA,0,,2026-08-31T21:16:54.642906+00:00
004910,00148920,2015,Q1,2015-03-31,11013,OFS,NO_DATA,0,,2026-08-31T21:16:54.991458+00:00
004920,00127158,2015,Q1,2015-03-31,11013,OFS,NO_DATA,0,,2026-08-31T21:16:55.099362+00:00
004960,00162063,2015,Q1,2015-03-31,11013,OFS,NO_DATA,0,,2026-08-31T21:16:55.329413+00:00
004980,00132804,2015,Q1,2015-03-31,11013,OFS,NO_DATA,0,,2026-08-31T21:16:55.420565+00:00
004990,00120562,2015,Q1,2015-03-31,11013,OFS,NO_DATA,0,,2026-08-31T21:16:55.425730+00:00
004970,00135962,2015,Q1,2015-03-31,11013,OFS,NO_DATA,0,,2026-08-31T21:16:55.432886+00:00
005010,00156488,2015,Q1,2015-03-31,11013,OFS,NO_DATA,0,,2026-08-31T21:16:55.774315+00:00
005030,00124151,2015,Q1,2015-03-31,11013,OFS,NO_DATA,0,,2026-08-31T21:16:55.874364+00:00
005070,00129989,2015,Q1,2015-03-31,11013,OFS,NO_DATA,0,,2026-08-31T21:16:56.111899+00:00
005090,00125150,2015,Q1,2015-03-31,11013,OFS,NO_DATA,0,,2026-08-31T21:16:56.203109+00:00
005110,00163716,2015,Q1,2015-03-31,11013,OFS,NO_DATA,0,,2026-08-31T21:16:56.224076+00:00
005160,00172680,2015,Q1,2015-03-31,11013,OFS,NO_DATA,0,,2026-08-31T21:16:56.240295+00:00
005180,00124726,2015,Q1,2015-03-31,11013,OFS,NO_DATA,0,,2026-08-31T21:16:56.564504+00:00
005190,00116356,2015,Q1,2015-03-31,11013,OFS,NO_DATA,0,,2026-08-31T21:16:56.652686+00:00
005250,00108135,2015,Q1,2015-03-31,11013,OFS,NO_DATA,0,,2026-08-31T21:16:56.900348+00:00
005290,00118804,2015,Q1,2015-03-31,11013,OFS,NO_DATA,0,,2026-08-31T21:16:56.985313+00:00
005300,00120571,2015,Q1,2015-03-31,11013,OFS,NO_DATA,0,,2026-08-31T21:16:57.017385+00:00
005320,00168331,2015,Q1,2015-03-31,11013,OFS,NO_DATA,0,,2026-08-31T21:16:57.023845+00:00
005360,00121288,2015,Q1,2015-03-31,11013,OFS,NO_DATA,0,,2026-08-31T21:16:57.356721+00:00
005380,00164742,2015,Q1,2015-03-31,11013,OFS,NO_DATA,0,,2026-08-31T21:16:57.426932+00:00
005390,00136341,2015,Q1,2015-03-31,11013,OFS,NO_DATA,0,,2026-08-31T21:16:57.685158+00:00
005420,00160302,2015,Q1,2015-03-31,11013,OFS,NO_DATA,0,,2026-08-31T21:16:57.752076+00:00
005430,00156691,2015,Q1,2015-03-31,11013,OFS,NO_DATA,0,,2026-08-31T21:16:57.815291+00:00
005440,00105280,2015,Q1,2015-03-31,11013,OFS,NO_DATA,0,,2026-08-31T21:16:57.818222+00:00
005450,00173740,2015,Q1,2015-03-31,11013,OFS,NO_DATA,0,,2026-08-31T21:16:58.137518+00:00
005490,00155319,2015,Q1,2015-03-31,11013,OFS,NO_DATA,0,,2026-08-31T21:16:58.329417+00:00
005500,00128412,2015,Q1,2015-03-31,11013,OFS,NO_DATA,0,,2026-08-31T21:16:58.470923+00:00
005610,00125530,2015,Q1,2015-03-31,11013,OFS,NO_DATA,0,,2026-08-31T21:16:58.534167+00:00
005670,00165103,2015,Q1,2015-03-31,11013,OFS,NO_DATA,0,,2026-08-31T21:16:58.603971+00:00
005620,00110495,2015,Q1,2015-03-31,11013,OFS,NO_DATA,0,,2026-08-31T21:16:58.608550+00:00
005680,00127200,2015,Q1,2015-03-31,11013,OFS,NO_DATA,0,,2026-08-31T21:16:58.922369+00:00
005690,00145163,2015,Q1,2015-03-31,11013,OFS,NO_DATA,0,,2026-08-31T21:16:59.118460+00:00
005710,00111874,2015,Q1,2015-03-31,11013,OFS,NO_DATA,0,,2026-08-31T21:16:59.248707+00:00
005720,00167192,2015,Q1,2015-03-31,11013,OFS,NO_DATA,0,,2026-08-31T21:16:59.322059+00:00
005740,00153126,2015,Q1,2015-03-31,11013,OFS,NO_DATA,0,,2026-08-31T21:16:59.393857+00:00
005750,00109754,2015,Q1,2015-03-31,11013,OFS,NO_DATA,0,,2026-08-31T21:16:59.399056+00:00
005800,00136624,2015,Q1,2015-03-31,11013,OFS,NO_DATA,0,,2026-08-31T21:16:59.731463+00:00
005810,00155531,2015,Q1,2015-03-31,11013,OFS,NO_DATA,0,,2026-08-31T21:16:59.890479+00:00
005820,00143794,2015,Q1,2015-03-31,11013,OFS,NO_DATA,0,,2026-08-31T21:17:00.028752+00:00
005830,00159102,2015,Q1,2015-03-31,11013,OFS,NO_DATA,0,,2026-08-31T21:17:00.117964+00:00
005850,00125521,2015,Q1,2015-03-31,11013,OFS,NO_DATA,0,,2026-08-31T21:17:00.170891+00:00
005860,00162911,2015,Q1,2015-03-31,11013,OFS,NO_DATA,0,,2026-08-31T21:17:00.187729+00:00
005870,00111421,2015,Q1,2015-03-31,11013,OFS,NO_DATA,0,,2026-08-31T21:17:00.514692+00:00
005880,00113535,2015,Q1,2015-03-31,11013,OFS,NO_DATA,0,,2026-08-31T21:17:00.684641+00:00
005930,00126380,2015,Q1,2015-03-31,11013,OFS,NO_DATA,0,,2026-08-31T21:17:00.818422+00:00
005940,00120182,2015,Q1,2015-03-31,11013,OFS,NO_DATA,0,,2026-08-31T21:17:00.893416+00:00
005950,00145552,2015,Q1,2015-03-31,11013,OFS,NO_DATA,0,,2026-08-31T21:17:00.954702+00:00
005960,00115612,2015,Q1,2015-03-31,11013,OFS,NO_DATA,0,,2026-08-31T21:17:00.972303+00:00
005980,00133238,2015,Q1,2015-03-31,11013,OFS,NO_DATA,0,,2026-08-31T21:17:01.298867+00:00
005990,00120924,2015,Q1,2015-03-31,11013,OFS,NO_DATA,0,,2026-08-31T21:17:01.469686+00:00
006040,00118026,2015,Q1,2015-03-31,11013,OFS,NO_DATA,0,,2026-08-31T21:17:01.598616+00:00
006050,00104537,2015,Q1,2015-03-31,11013,OFS,NO_DATA,0,,2026-08-31T21:17:01.686191+00:00
006060,00166227,2015,Q1,2015-03-31,11013,OFS,NO_DATA,0,,2026-08-31T21:17:01.735824+00:00
006090,00141875,2015,Q1,2015-03-31,11013,OFS,NO_DATA,0,,2026-08-31T21:17:01.756739+00:00
006110,00126779,2015,Q1,2015-03-31,11013,OFS,NO_DATA,0,,2026-08-31T21:17:02.082903+00:00
006120,00131832,2015,Q1,2015-03-31,11013,OFS,NO_DATA,0,,2026-08-31T21:17:02.242324+00:00
006140,00155735,2015,Q1,2015-03-31,11013,OFS,NO_DATA,0,,2026-08-31T21:17:02.377425+00:00
006200,00159254,2015,Q1,2015-03-31,11013,OFS,NO_DATA,0,,2026-08-31T21:17:02.461020+00:00
006220,00148832,2015,Q1,2015-03-31,11013,OFS,NO_DATA,0,,2026-08-31T21:17:02.512153+00:00
006260,00105952,2015,Q1,2015-03-31,11013,OFS,NO_DATA,0,,2026-08-31T21:17:02.529219+00:00
006280,00129679,2015,Q1,2015-03-31,11013,OFS,NO_DATA,0,,2026-08-31T21:17:02.861856+00:00
006340,00260392,2015,Q1,2015-03-31,11013,OFS,NO_DATA,0,,2026-08-31T21:17:03.029044+00:00
006360,00120030,2015,Q1,2015-03-31,11013,OFS,NO_DATA,0,,2026-08-31T21:17:03.162831+00:00
006370,00108977,2015,Q1,2015-03-31,11013,OFS,NO_DATA,0,,2026-08-31T21:17:03.245645+00:00
006380,00159810,2015,Q1,2015-03-31,11013,OFS,NO_DATA,0,,2026-08-31T21:17:03.284652+00:00
006390,00164672,2015,Q1,2015-03-31,11013,OFS,NO_DATA,0,,2026-08-31T21:17:03.301789+00:00
006400,00126362,2015,Q1,2015-03-31,11013,OFS,NO_DATA,0,,2026-08-31T21:17:03.635754+00:00
006490,00122825,2015,Q1,2015-03-31,11013,OFS,NO_DATA,0,,2026-08-31T21:17:03.810540+00:00
006570,00109824,2015,Q1,2015-03-31,11013,OFS,NO_DATA,0,,2026-08-31T21:17:03.936812+00:00
006580,00111227,2015,Q1,2015-03-31,11013,OFS,NO_DATA,0,,2026-08-31T21:17:04.023283+00:00
006650,00260383,2015,Q1,2015-03-31,11013,OFS,NO_DATA,0,,2026-08-31T21:17:04.085116+00:00
006660,00126201,2015,Q1,2015-03-31,11013,OFS,NO_DATA,0,,2026-08-31T21:17:04.088402+00:00
006730,00130383,2015,Q1,2015-03-31,11013,OFS,NO_DATA,0,,2026-08-31T21:17:04.416902+00:00
006740,00141404,2015,Q1,2015-03-31,11013,OFS,NO_DATA,0,,2026-08-31T21:17:04.586968+00:00
006800,00111722,2015,Q1,2015-03-31,11013,OFS,NO_DATA,0,,2026-08-31T21:17:04.726289+00:00
006840,00125080,2015,Q1,2015-03-31,11013,OFS,NO_DATA,0,,2026-08-31T21:17:04.809205+00:00
006880,00136402,2015,Q1,2015-03-31,11013,OFS,NO_DATA,0,,2026-08-31T21:17:04.868610+00:00
006890,00109161,2015,Q1,2015-03-31,11013,OFS,NO_DATA,0,,2026-08-31T21:17:04.876344+00:00
006910,00267881,2015,Q1,2015-03-31,11013,OFS,NO_DATA,0,,2026-08-31T21:17:05.192326+00:00
006920,00163318,2015,Q1,2015-03-31,11013,OFS,NO_DATA,0,,2026-08-31T21:17:05.371270+00:00
006980,00142661,2015,Q1,2015-03-31,11013,OFS,NO_DATA,0,,2026-08-31T21:17:05.509719+00:00
007070,00140177,2015,Q1,2015-03-31,11013,OFS,NO_DATA,0,,2026-08-31T21:17:05.601682+00:00
007110,00146296,2015,Q1,2015-03-31,11013,OFS,NO_DATA,0,,2026-08-31T21:17:05.664176+00:00
007120,00104786,2015,Q1,2015-03-31,11013,OFS,NO_DATA,0,,2026-08-31T21:17:05.669009+00:00
007160,00124799,2015,Q1,2015-03-31,11013,OFS,NO_DATA,0,,2026-08-31T21:17:05.981818+00:00
007190,00137702,2015,Q1,2015-03-31,11013,OFS,NO_DATA,0,,2026-08-31T21:17:06.162293+00:00
007210,00122898,2015,Q1,2015-03-31,11013,OFS,NO_DATA,0,,2026-08-31T21:17:06.287449+00:00
007280,00124090,2015,Q1,2015-03-31,11013,OFS,NO_DATA,0,,2026-08-31T21:17:06.367845+00:00
007330,00124805,2015,Q1,2015-03-31,11013,OFS,NO_DATA,0,,2026-08-31T21:17:06.454401+00:00
007310,00141529,2015,Q1,2015-03-31,11013,OFS,NO_DATA,0,,2026-08-31T21:17:06.456422+00:00
007340,00116949,2015,Q1,2015-03-31,11013,OFS,NO_DATA,0,,2026-08-31T21:17:06.761330+00:00
007370,00150536,2015,Q1,2015-03-31,11013,OFS,NO_DATA,0,,2026-08-31T21:17:06.939632+00:00
007390,00117276,2015,Q1,2015-03-31,11013,OFS,NO_DATA,0,,2026-08-31T21:17:07.064187+00:00
007460,00152385,2015,Q1,2015-03-31,11013,OFS,NO_DATA,0,,2026-08-31T21:17:07.152112+00:00
007530,00140858,2015,Q1,2015-03-31,11013,OFS,NO_DATA,0,,2026-08-31T21:17:07.233524+00:00
007540,00130091,2015,Q1,2015-03-31,11013,OFS,NO_DATA,0,,2026-08-31T21:17:07.238952+00:00
007570,00146454,2015,Q1,2015-03-31,11013,OFS,NO_DATA,0,,2026-08-31T21:17:07.550806+00:00
007590,00115384,2015,Q1,2015-03-31,11013,OFS,NO_DATA,0,,2026-08-31T21:17:07.708487+00:00
007610,00131939,2015,Q1,2015-03-31,11013,OFS,NO_DATA,0,,2026-08-31T21:17:07.847018+00:00
007630,00167280,2015,Q1,2015-03-31,11013,OFS,NO_DATA,0,,2026-08-31T21:17:07.943881+00:00
007660,00107613,2015,Q1,2015-03-31,11013,OFS,NO_DATA,0,,2026-08-31T21:17:08.024522+00:00
007690,00104388,2015,Q1,2015-03-31,11013,OFS,NO_DATA,0,,2026-08-31T21:17:08.031320+00:00
007700,00126487,2015,Q1,2015-03-31,11013,OFS,NO_DATA,0,,2026-08-31T21:17:08.326823+00:00
007720,00104810,2015,Q1,2015-03-31,11013,OFS,NO_DATA,0,,2026-08-31T21:17:08.488608+00:00
007770,00267979,2015,Q1,2015-03-31,11013,OFS,NO_DATA,0,,2026-08-31T21:17:08.634311+00:00
007810,00152686,2015,Q1,2015-03-31,11013,OFS,NO_DATA,0,,2026-08-31T21:17:08.719711+00:00
007820,00137915,2015,Q1,2015-03-31,11013,OFS,NO_DATA,0,,2026-08-31T21:17:08.810666+00:00
007860,00163114,2015,Q1,2015-03-31,11013,OFS,NO_DATA,0,,2026-08-31T21:17:08.818396+00:00
007980,00154329,2015,Q1,2015-03-31,11013,OFS,NO_DATA,0,,2026-08-31T21:17:09.117563+00:00
008000,00148717,2015,Q1,2015-03-31,11013,OFS,NO_DATA,0,,2026-08-31T21:17:09.254355+00:00
008020,00101336,2015,Q1,2015-03-31,11013,OFS,NO_DATA,0,,2026-08-31T21:17:09.427558+00:00
008040,00137252,2015,Q1,2015-03-31,11013,OFS,NO_DATA,0,,2026-08-31T21:17:09.500709+00:00
008060,00109189,2015,Q1,2015-03-31,11013,OFS,NO_DATA,0,,2026-08-31T21:17:09.580806+00:00
008110,00157104,2015,Q1,2015-03-31,11013,OFS,NO_DATA,0,,2026-08-31T21:17:09.610175+00:00
008250,00145446,2015,Q1,2015-03-31,11013,OFS,NO_DATA,0,,2026-08-31T21:17:09.895288+00:00
008260,00116301,2015,Q1,2015-03-31,11013,OFS,NO_DATA,0,,2026-08-31T21:17:10.036927+00:00
008290,00144021,2015,Q1,2015-03-31,11013,OFS,NO_DATA,0,,2026-08-31T21:17:10.206692+00:00
008350,00107224,2015,Q1,2015-03-31,11013,OFS,NO_DATA,0,,2026-08-31T21:17:10.279015+00:00
008370,00144012,2015,Q1,2015-03-31,11013,OFS,NO_DATA,0,,2026-08-31T21:17:10.358921+00:00
008420,00121570,2015,Q1,2015-03-31,11013,OFS,NO_DATA,0,,2026-08-31T21:17:10.382027+00:00
008470,00124276,2015,Q1,2015-03-31,11013,OFS,NO_DATA,0,,2026-08-31T21:17:10.695059+00:00
008490,00131692,2015,Q1,2015-03-31,11013,OFS,NO_DATA,0,,2026-08-31T21:17:10.822618+00:00
008500,00146542,2015,Q1,2015-03-31,11013,OFS,NO_DATA,0,,2026-08-31T21:17:10.981732+00:00
008560,00163682,2015,Q1,2015-03-31,11013,OFS,NO_DATA,0,,2026-08-31T21:17:11.056080+00:00
008600,00104999,2015,Q1,2015-03-31,11013,OFS,NO_DATA,0,,2026-08-31T21:17:11.142390+00:00
008700,00138516,2015,Q1,2015-03-31,11013,OFS,NO_DATA,0,,2026-08-31T21:17:11.160819+00:00
008730,00145260,2015,Q1,2015-03-31,11013,OFS,NO_DATA,0,,2026-08-31T21:17:11.470060+00:00
008770,00165680,2015,Q1,2015-03-31,11013,OFS,NO_DATA,0,,2026-08-31T21:17:11.608878+00:00
008800,00164362,2015,Q1,2015-03-31,11013,OFS,NO_DATA,0,,2026-08-31T21:17:11.762969+00:00
008830,00109310,2015,Q1,2015-03-31,11013,OFS,NO_DATA,0,,2026-08-31T21:17:11.849660+00:00
008870,00168401,2015,Q1,2015-03-31,11013,OFS,NO_DATA,0,,2026-08-31T21:17:11.932090+00:00
008900,00138127,2015,Q1,2015-03-31,11013,OFS,NO_DATA,0,,2026-08-31T21:17:11.960149+00:00
008930,00161426,2015,Q1,2015-03-31,11013,OFS,NO_DATA,0,,2026-08-31T21:17:12.247091+00:00
008970,00117629,2015,Q1,2015-03-31,11013,OFS,NO_DATA,0,,2026-08-31T21:17:12.397940+00:00
009070,00103042,2015,Q1,2015-03-31,11013,OFS,NO_DATA,0,,2026-08-31T21:17:12.546839+00:00
009140,00102140,2015,Q1,2015-03-31,11013,OFS,NO_DATA,0,,2026-08-31T21:17:12.619087+00:00
009150,00126371,2015,Q1,2015-03-31,11013,OFS,NO_DATA,0,,2026-08-31T21:17:12.710434+00:00
009160,00138260,2015,Q1,2015-03-31,11013,OFS,NO_DATA,0,,2026-08-31T21:17:12.740280+00:00
009180,00140946,2015,Q1,2015-03-31,11013,OFS,NO_DATA,0,,2026-08-31T21:17:13.018213+00:00
009190,00111111,2015,Q1,2015-03-31,11013,OFS,NO_DATA,0,,2026-08-31T21:17:13.185362+00:00
009200,00136086,2015,Q1,2015-03-31,11013,OFS,NO_DATA,0,,2026-08-31T21:17:13.328460+00:00
009240,00161693,2015,Q1,2015-03-31,11013,OFS,NO_DATA,0,,2026-08-31T21:17:13.389818+00:00
009270,00136864,2015,Q1,2015-03-31,11013,OFS,NO_DATA,0,,2026-08-31T21:17:13.484101+00:00
009290,00103592,2015,Q1,2015-03-31,11013,OFS,NO_DATA,0,,2026-08-31T21:17:13.519654+00:00
009300,00126788,2015,Q1,2015-03-31,11013,OFS,NO_DATA,0,,2026-08-31T21:17:13.798765+00:00
009310,00153621,2015,Q1,2015-03-31,11013,OFS,NO_DATA,0,,2026-08-31T21:17:13.968254+00:00
009320,00111689,2015,Q1,2015-03-31,11013,OFS,NO_DATA,0,,2026-08-31T21:17:14.107585+00:00
009410,00153861,2015,Q1,2015-03-31,11013,OFS,NO_DATA,0,,2026-08-31T21:17:14.169162+00:00
009420,00162586,2015,Q1,2015-03-31,11013,OFS,NO_DATA,0,,2026-08-31T21:17:14.262518+00:00
009440,00159971,2015,Q1,2015-03-31,11013,OFS,NO_DATA,0,,2026-08-31T21:17:14.296637+00:00
009450,00101488,2015,Q1,2015-03-31,11013,OFS,NO_DATA,0,,2026-08-31T21:17:14.567269+00:00
009460,00163761,2015,Q1,2015-03-31,11013,OFS,NO_DATA,0,,2026-08-31T21:17:14.753677+00:00
009470,00129271,2015,Q1,2015-03-31,11013,OFS,NO_DATA,0,,2026-08-31T21:17:14.897095+00:00
009520,00128111,2015,Q1,2015-03-31,11013,OFS,NO_DATA,0,,2026-08-31T21:17:14.955821+00:00
009540,00164830,2015,Q1,2015-03-31,11013,OFS,NO_DATA,0,,2026-08-31T21:17:15.063400+00:00
009580,00119007,2015,Q1,2015-03-31,11013,OFS,NO_DATA,0,,2026-08-31T21:17:15.095698+00:00
009620,00125822,2015,Q1,2015-03-31,11013,OFS,NO_DATA,0,,2026-08-31T21:17:15.357594+00:00
009680,00151128,2015,Q1,2015-03-31,11013,OFS,NO_DATA,0,,2026-08-31T21:17:15.533732+00:00
009730,00116426,2015,Q1,2015-03-31,11013,OFS,NO_DATA,0,,2026-08-31T21:17:15.682764+00:00
009770,00128227,2015,Q1,2015-03-31,11013,OFS,NO_DATA,0,,2026-08-31T21:17:15.727438+00:00
009780,00121154,2015,Q1,2015-03-31,11013,OFS,NO_DATA,0,,2026-08-31T21:17:15.844635+00:00
009810,00103130,2015,Q1,2015-03-31,11013,OFS,NO_DATA,0,,2026-08-31T21:17:15.875339+00:00
009830,00162461,2015,Q1,2015-03-31,11013,OFS,NO_DATA,0,,2026-08-31T21:17:16.133703+00:00
009970,00140964,2015,Q1,2015-03-31,11013,OFS,NO_DATA,0,,2026-08-31T21:17:16.315192+00:00
010040,00160205,2015,Q1,2015-03-31,11013,OFS,NO_DATA,0,,2026-08-31T21:17:16.462667+00:00
010050,00104102,2015,Q1,2015-03-31,11013,OFS,NO_DATA,0,,2026-08-31T21:17:16.512092+00:00
010060,00148896,2015,Q1,2015-03-31,11013,OFS,NO_DATA,0,,2026-08-31T21:17:16.624262+00:00
010100,00160418,2015,Q1,2015-03-31,11013,OFS,NO_DATA,0,,2026-08-31T21:17:16.667913+00:00
010120,00105855,2015,Q1,2015-03-31,11013,OFS,NO_DATA,0,,2026-08-31T21:17:16.915287+00:00
010130,00102858,2015,Q1,2015-03-31,11013,OFS,NO_DATA,0,,2026-08-31T21:17:17.125754+00:00
010240,00167031,2015,Q1,2015-03-31,11013,OFS,NO_DATA,0,,2026-08-31T21:17:17.404754+00:00
010140,00126478,2015,Q1,2015-03-31,11013,OFS,NO_DATA,0,,2026-08-31T21:17:17.419978+00:00
010280,00138303,2015,Q1,2015-03-31,11013,OFS,NO_DATA,0,,2026-08-31T21:17:17.454339+00:00
010170,00113261,2015,Q1,2015-03-31,11013,OFS,NO_DATA,0,,2026-08-31T21:17:17.634374+00:00
010420,00103626,2015,Q1,2015-03-31,11013,OFS,NO_DATA,0,,2026-08-31T21:17:17.710209+00:00
010470,00141671,2015,Q1,2015-03-31,11013,OFS,NO_DATA,0,,2026-08-31T21:17:17.925028+00:00
010520,00164469,2015,Q1,2015-03-31,11013,OFS,NO_DATA,0,,2026-08-31T21:17:18.198374+00:00
010580,00147860,2015,Q1,2015-03-31,11013,OFS,NO_DATA,0,,2026-08-31T21:17:18.201139+00:00
010600,00141273,2015,Q1,2015-03-31,11013,OFS,NO_DATA,0,,2026-08-31T21:17:18.239466+00:00
010620,00164609,2015,Q1,2015-03-31,11013,OFS,NO_DATA,0,,2026-08-31T21:17:18.420234+00:00
010640,00160375,2015,Q1,2015-03-31,11013,OFS,NO_DATA,0,,2026-08-31T21:17:18.487331+00:00
010660,00166500,2015,Q1,2015-03-31,11013,OFS,NO_DATA,0,,2026-08-31T21:17:18.721408+00:00
010690,00166315,2015,Q1,2015-03-31,11013,OFS,NO_DATA,0,,2026-08-31T21:17:18.997662+00:00
010770,00155124,2015,Q1,2015-03-31,11013,OFS,NO_DATA,0,,2026-08-31T21:17:19.003648+00:00
010780,00115977,2015,Q1,2015-03-31,11013,OFS,NO_DATA,0,,2026-08-31T21:17:19.021185+00:00
010820,00148522,2015,Q1,2015-03-31,11013,OFS,NO_DATA,0,,2026-08-31T21:17:19.201505+00:00
010950,00138279,2015,Q1,2015-03-31,11013,OFS,NO_DATA,0,,2026-08-31T21:17:19.262670+00:00
010960,00128980,2015,Q1,2015-03-31,11013,OFS,NO_DATA,0,,2026-08-31T21:17:19.502676+00:00
011000,00118521,2015,Q1,2015-03-31,11013,OFS,NO_DATA,0,,2026-08-31T21:17:19.791813+00:00
011040,00101549,2015,Q1,2015-03-31,11013,OFS,NO_DATA,0,,2026-08-31T21:17:19.802100+00:00
011070,00105961,2015,Q1,2015-03-31,11013,OFS,NO_DATA,0,,2026-08-31T21:17:19.805949+00:00
011080,00142713,2015,Q1,2015-03-31,11013,OFS,NO_DATA,0,,2026-08-31T21:17:19.974858+00:00
011090,00139764,2015,Q1,2015-03-31,11013,OFS,NO_DATA,0,,2026-08-31T21:17:20.042473+00:00
011150,00129013,2015,Q1,2015-03-31,11013,OFS,NO_DATA,0,,2026-08-31T21:17:20.282459+00:00
011160,00102760,2015,Q1,2015-03-31,11013,OFS,NO_DATA,0,,2026-08-31T21:17:20.582755+00:00
011200,00164645,2015,Q1,2015-03-31,11013,OFS,NO_DATA,0,,2026-08-31T21:17:20.602599+00:00
011170,00165413,2015,Q1,2015-03-31,11013,OFS,NO_DATA,0,,2026-08-31T21:17:20.605092+00:00
011210,00106623,2015,Q1,2015-03-31,11013,OFS,NO_DATA,0,,2026-08-31T21:17:20.777475+00:00
011230,00129280,2015,Q1,2015-03-31,11013,OFS,NO_DATA,0,,2026-08-31T21:17:20.829362+00:00
011280,00153524,2015,Q1,2015-03-31,11013,OFS,NO_DATA,0,,2026-08-31T21:17:21.043353+00:00
011300,00132868,2015,Q1,2015-03-31,11013,OFS,NO_DATA,0,,2026-08-31T21:17:21.367063+00:00
011320,00147152,2015,Q1,2015-03-31,11013,OFS,NO_DATA,0,,2026-08-31T21:17:21.391506+00:00
011330,00137207,2015,Q1,2015-03-31,11013,OFS,NO_DATA,0,,2026-08-31T21:17:21.396297+00:00
011370,00131504,2015,Q1,2015-03-31,11013,OFS,NO_DATA,0,,2026-08-31T21:17:21.557073+00:00
011390,00124027,2015,Q1,2015-03-31,11013,OFS,NO_DATA,0,,2026-08-31T21:17:21.615137+00:00
011420,00129554,2015,Q1,2015-03-31,11013,OFS,NO_DATA,0,,2026-08-31T21:17:21.812224+00:00
011500,00160861,2015,Q1,2015-03-31,11013,OFS,NO_DATA,0,,2026-08-31T21:17:22.143910+00:00
011560,00133876,2015,Q1,2015-03-31,11013,OFS,NO_DATA,0,,2026-08-31T21:17:22.186110+00:00
011700,00162072,2015,Q1,2015-03-31,11013,OFS,NO_DATA,0,,2026-08-31T21:17:22.345643+00:00
011720,00164955,2015,Q1,2015-03-31,11013,OFS,NO_DATA,0,,2026-08-31T21:17:22.395218+00:00
011690,00144720,2015,Q1,2015-03-31,11013,OFS,NO_DATA,0,,2026-08-31T21:17:22.432628+00:00
011760,00164812,2015,Q1,2015-03-31,11013,OFS,NO_DATA,0,,2026-08-31T21:17:22.588571+00:00
011780,00106368,2015,Q1,2015-03-31,11013,OFS,NO_DATA,0,,2026-08-31T21:17:22.922615+00:00
011790,00139889,2015,Q1,2015-03-31,11013,OFS,NO_DATA,0,,2026-08-31T21:17:22.955846+00:00
011810,00138297,2015,Q1,2015-03-31,11013,OFS,NO_DATA,0,,2026-08-31T21:17:23.123151+00:00
011930,00136271,2015,Q1,2015-03-31,11013,OFS,NO_DATA,0,,2026-08-31T21:17:23.176144+00:00
012030,00163345,2015,Q1,2015-03-31,11013,OFS,NO_DATA,0,,2026-08-31T21:17:23.215855+00:00
012160,00141477,2015,Q1,2015-03-31,11013,OFS,NO_DATA,0,,2026-08-31T21:17:23.356961+00:00
012170,00145437,2015,Q1,2015-03-31,11013,OFS,NO_DATA,0,,2026-08-31T21:17:23.699440+00:00
012200,00102618,2015,Q1,2015-03-31,11013,OFS,NO_DATA,0,,2026-08-31T21:17:23.744604+00:00
012280,00141413,2015,Q1,2015-03-31,11013,OFS,NO_DATA,0,,2026-08-31T21:17:23.917960+00:00
012320,00143527,2015,Q1,2015-03-31,11013,OFS,NO_DATA,0,,2026-08-31T21:17:23.957708+00:00
012330,00164788,2015,Q1,2015-03-31,11013,OFS,NO_DATA,0,,2026-08-31T21:17:23.990361+00:00
012340,00105040,2015,Q1,2015-03-31,11013,OFS,NO_DATA,0,,2026-08-31T21:17:24.134971+00:00
012450,00126566,2015,Q1,2015-03-31,11013,OFS,NO_DATA,0,,2026-08-31T21:17:24.478048+00:00
012510,00172291,2015,Q1,2015-03-31,11013,OFS,NO_DATA,0,,2026-08-31T21:17:24.513800+00:00
012600,00151863,2015,Q1,2015-03-31,11013,OFS,NO_DATA,0,,2026-08-31T21:17:24.708187+00:00
012610,00102113,2015,Q1,2015-03-31,11013,OFS,NO_DATA,0,,2026-08-31T21:17:24.741164+00:00
012620,00143907,2015,Q1,2015-03-31,11013,OFS,NO_DATA,0,,2026-08-31T21:17:24.774829+00:00
012630,00164636,2015,Q1,2015-03-31,11013,OFS,NO_DATA,0,,2026-08-31T21:17:24.911616+00:00
012690,00173102,2015,Q1,2015-03-31,11013,OFS,NO_DATA,0,,2026-08-31T21:17:25.290397+00:00
012700,00117708,2015,Q1,2015-03-31,11013,OFS,NO_DATA,0,,2026-08-31T21:17:25.292171+00:00
012750,00158501,2015,Q1,2015-03-31,11013,OFS,NO_DATA,0,,2026-08-31T21:17:25.488958+00:00
012790,00137058,2015,Q1,2015-03-31,11013,OFS,NO_DATA,0,,2026-08-31T21:17:25.514844+00:00
012800,00112651,2015,Q1,2015-03-31,11013,OFS,NO_DATA,0,,2026-08-31T21:17:25.563870+00:00
012860,00137234,2015,Q1,2015-03-31,11013,OFS,NO_DATA,0,,2026-08-31T21:17:25.691464+00:00
013000,00134176,2015,Q1,2015-03-31,11013,OFS,NO_DATA,0,,2026-08-31T21:17:26.081615+00:00
013030,00165060,2015,Q1,2015-03-31,11013,OFS,NO_DATA,0,,2026-08-31T21:17:26.083958+00:00
013120,00117966,2015,Q1,2015-03-31,11013,OFS,NO_DATA,0,,2026-08-31T21:17:26.266965+00:00
013310,00139083,2015,Q1,2015-03-31,11013,OFS,NO_DATA,0,,2026-08-31T21:17:26.306338+00:00
013360,00146232,2015,Q1,2015-03-31,11013,OFS,NO_DATA,0,,2026-08-31T21:17:26.355132+00:00
013450,00165529,2015,Q1,2015-03-31,11013,OFS,NO_DATA,0,,2026-08-31T21:17:26.473976+00:00
013520,00166272,2015,Q1,2015-03-31,11013,OFS,NO_DATA,0,,2026-08-31T21:17:26.875579+00:00
013570,00117179,2015,Q1,2015-03-31,11013,OFS,NO_DATA,0,,2026-08-31T21:17:26.883076+00:00
013580,00102432,2015,Q1,2015-03-31,11013,OFS,NO_DATA,0,,2026-08-31T21:17:27.060215+00:00
013700,00129420,2015,Q1,2015-03-31,11013,OFS,NO_DATA,0,,2026-08-31T21:17:27.084255+00:00
013720,00151605,2015,Q1,2015-03-31,11013,OFS,NO_DATA,0,,2026-08-31T21:17:27.171854+00:00
013810,00136165,2015,Q1,2015-03-31,11013,OFS,NO_DATA,0,,2026-08-31T21:17:27.255577+00:00
013870,00156354,2015,Q1,2015-03-31,11013,OFS,NO_DATA,0,,2026-08-31T21:17:27.655242+00:00
013890,00150633,2015,Q1,2015-03-31,11013,OFS,NO_DATA,0,,2026-08-31T21:17:27.662338+00:00
013990,00138446,2015,Q1,2015-03-31,11013,OFS,NO_DATA,0,,2026-08-31T21:17:27.839191+00:00
014100,00267854,2015,Q1,2015-03-31,11013,OFS,NO_DATA,0,,2026-08-31T21:17:27.870476+00:00
014130,00129509,2015,Q1,2015-03-31,11013,OFS,NO_DATA,0,,2026-08-31T21:17:27.969197+00:00
014160,00111458,2015,Q1,2015-03-31,11013,OFS,NO_DATA,0,,2026-08-31T21:17:28.021487+00:00
014190,00128175,2015,Q1,2015-03-31,11013,OFS,NO_DATA,0,,2026-08-31T21:17:28.430325+00:00
014200,00103635,2015,Q1,2015-03-31,11013,OFS,NO_DATA,0,,2026-08-31T21:17:28.446019+00:00
014280,00105299,2015,Q1,2015-03-31,11013,OFS,NO_DATA,0,,2026-08-31T21:17:28.625279+00:00
014350,00136970,2015,Q1,2015-03-31,11013,OFS,NO_DATA,0,,2026-08-31T21:17:28.661399+00:00
014440,00140779,2015,Q1,2015-03-31,11013,OFS,NO_DATA,0,,2026-08-31T21:17:28.743834+00:00
014470,00243067,2015,Q1,2015-03-31,11013,OFS,NO_DATA,0,,2026-08-31T21:17:28.817780+00:00
014530,00105156,2015,Q1,2015-03-31,11013,OFS,NO_DATA,0,,2026-08-31T21:17:29.198271+00:00
014570,00103015,2015,Q1,2015-03-31,11013,OFS,NO_DATA,0,,2026-08-31T21:17:29.222746+00:00
014680,00140955,2015,Q1,2015-03-31,11013,OFS,NO_DATA,0,,2026-08-31T21:17:29.521680+00:00
014620,00132318,2015,Q1,2015-03-31,11013,OFS,NO_DATA,0,,2026-08-31T21:17:29.538534+00:00
014580,00122481,2015,Q1,2015-03-31,11013,OFS,NO_DATA,0,,2026-08-31T21:17:29.545612+00:00
014710,00124780,2015,Q1,2015-03-31,11013,OFS,NO_DATA,0,,2026-08-31T21:17:29.588860+00:00
014790,00161116,2015,Q1,2015-03-31,11013,OFS,NO_DATA,0,,2026-08-31T21:17:29.983178+00:00
014820,00132637,2015,Q1,2015-03-31,11013,OFS,NO_DATA,0,,2026-08-31T21:17:29.993942+00:00
014830,00159786,2015,Q1,2015-03-31,11013,OFS,NO_DATA,0,,2026-08-31T21:17:30.297398+00:00
014910,00132628,2015,Q1,2015-03-31,11013,OFS,NO_DATA,0,,2026-08-31T21:17:30.318472+00:00
014940,00141608,2015,Q1,2015-03-31,11013,OFS,NO_DATA,0,,2026-08-31T21:17:30.330515+00:00
014970,00125488,2015,Q1,2015-03-31,11013,OFS,NO_DATA,0,,2026-08-31T21:17:30.365547+00:00
014990,00106881,2015,Q1,2015-03-31,11013,OFS,NO_DATA,0,,2026-08-31T21:17:30.766358+00:00
015020,00134565,2015,Q1,2015-03-31,11013,OFS,NO_DATA,0,,2026-08-31T21:17:30.781575+00:00
015230,00112679,2015,Q1,2015-03-31,11013,OFS,NO_DATA,0,,2026-08-31T21:17:31.071891+00:00
015260,00143314,2015,Q1,2015-03-31,11013,OFS,NO_DATA,0,,2026-08-31T21:17:31.092770+00:00
015350,00123967,2015,Q1,2015-03-31,11013,OFS,NO_DATA,0,,2026-08-31T21:17:31.144549+00:00
015360,00105101,2015,Q1,2015-03-31,11013,OFS,NO_DATA,0,,2026-08-31T21:17:31.159357+00:00
015540,00108065,2015,Q1,2015-03-31,11013,OFS,NO_DATA,0,,2026-08-31T21:17:31.545119+00:00
015590,00108746,2015,Q1,2015-03-31,11013,OFS,NO_DATA,0,,2026-08-31T21:17:31.555545+00:00
015710,00187725,2015,Q1,2015-03-31,11013,OFS,NO_DATA,0,,2026-08-31T21:17:31.849692+00:00
015750,00132992,2015,Q1,2015-03-31,11013,OFS,NO_DATA,0,,2026-08-31T21:17:31.868495+00:00
015760,00159193,2015,Q1,2015-03-31,11013,OFS,NO_DATA,0,,2026-08-31T21:17:31.927065+00:00
015860,00146649,2015,Q1,2015-03-31,11013,OFS,NO_DATA,0,,2026-08-31T21:17:31.938837+00:00
015890,00153339,2015,Q1,2015-03-31,11013,OFS,NO_DATA,0,,2026-08-31T21:17:32.316477+00:00
016090,00113614,2015,Q1,2015-03-31,11013,OFS,NO_DATA,0,,2026-08-31T21:17:32.335273+00:00
016100,00180263,2015,Q1,2015-03-31,11013,OFS,NO_DATA,0,,2026-08-31T21:17:32.633701+00:00
016170,00130949,2015,Q1,2015-03-31,11013,OFS,NO_DATA,0,,2026-08-31T21:17:32.642231+00:00
016250,00141246,2015,Q1,2015-03-31,11013,OFS,NO_DATA,0,,2026-08-31T21:17:32.703349+00:00
016360,00104856,2015,Q1,2015-03-31,11013,OFS,NO_DATA,0,,2026-08-31T21:17:32.726390+00:00
016380,00115676,2015,Q1,2015-03-31,11013,OFS,NO_DATA,0,,2026-08-31T21:17:33.099582+00:00
016420,00116860,2015,Q1,2015-03-31,11013,OFS,NO_DATA,0,,2026-08-31T21:17:33.130814+00:00
016580,00166573,2015,Q1,2015-03-31,11013,OFS,NO_DATA,0,,2026-08-31T21:17:33.440710+00:00
016450,00161976,2015,Q1,2015-03-31,11013,OFS,NO_DATA,0,,2026-08-31T21:17:33.443109+00:00
016590,00135777,2015,Q1,2015-03-31,11013,OFS,NO_DATA,0,,2026-08-31T21:17:33.483141+00:00
016600,00267942,2015,Q1,2015-03-31,11013,OFS,NO_DATA,0,,2026-08-31T21:17:33.500719+00:00
016610,00115694,2015,Q1,2015-03-31,11013,OFS,NO_DATA,0,,2026-08-31T21:17:33.883641+00:00
016670,00125725,2015,Q1,2015-03-31,11013,OFS,NO_DATA,0,,2026-08-31T21:17:33.906527+00:00
016800,00161709,2015,Q1,2015-03-31,11013,OFS,NO_DATA,0,,2026-08-31T21:17:34.263519+00:00
016710,00108940,2015,Q1,2015-03-31,11013,OFS,NO_DATA,0,,2026-08-31T21:17:34.267264+00:00
016880,00143651,2015,Q1,2015-03-31,11013,OFS,NO_DATA,0,,2026-08-31T21:17:34.276935+00:00
016920,00152260,2015,Q1,2015-03-31,11013,OFS,NO_DATA,0,,2026-08-31T21:17:34.279256+00:00
017000,00136925,2015,Q1,2015-03-31,11013,OFS,NO_DATA,0,,2026-08-31T21:17:34.655797+00:00
017040,00103662,2015,Q1,2015-03-31,11013,OFS,NO_DATA,0,,2026-08-31T21:17:34.704013+00:00
017180,00121039,2015,Q1,2015-03-31,11013,OFS,NO_DATA,0,,2026-08-31T21:17:35.073636+00:00
017250,00145914,2015,Q1,2015-03-31,11013,OFS,NO_DATA,0,,2026-08-31T21:17:35.076179+00:00
017370,00142883,2015,Q1,2015-03-31,11013,OFS,NO_DATA,0,,2026-08-31T21:17:35.078485+00:00
017390,00130684,2015,Q1,2015-03-31,11013,OFS,NO_DATA,0,,2026-08-31T21:17:35.080504+00:00
017480,00128926,2015,Q1,2015-03-31,11013,OFS,NO_DATA,0,,2026-08-31T21:17:35.429196+00:00
017510,00133751,2015,Q1,2015-03-31,11013,OFS,NO_DATA,0,,2026-08-31T21:17:35.490550+00:00
017680,00112819,2015,Q1,2015-03-31,11013,OFS,NO_DATA,0,,2026-08-31T21:17:35.893886+00:00
017670,00159023,2015,Q1,2015-03-31,11013,OFS,NO_DATA,0,,2026-08-31T21:17:35.900526+00:00
017550,00135111,2015,Q1,2015-03-31,11013,OFS,NO_DATA,0,,2026-08-31T21:17:35.902971+00:00
017650,00109781,2015,Q1,2015-03-31,11013,OFS,NO_DATA,0,,2026-08-31T21:17:35.905132+00:00
017800,00164724,2015,Q1,2015-03-31,11013,OFS,NO_DATA,0,,2026-08-31T21:17:36.217902+00:00
017810,00155355,2015,Q1,2015-03-31,11013,OFS,NO_DATA,0,,2026-08-31T21:17:36.272546+00:00
017890,00158565,2015,Q1,2015-03-31,11013,OFS,NO_DATA,0,,2026-08-31T21:17:36.701982+00:00
017900,00152729,2015,Q1,2015-03-31,11013,OFS,NO_DATA,0,,2026-08-31T21:17:36.704555+00:00
017960,00159795,2015,Q1,2015-03-31,11013,OFS,NO_DATA,0,,2026-08-31T21:17:36.709251+00:00
017940,00165583,2015,Q1,2015-03-31,11013,OFS,NO_DATA,0,,2026-08-31T21:17:36.713009+00:00
018000,00144243,2015,Q1,2015-03-31,11013,OFS,NO_DATA,0,,2026-08-31T21:17:37.010045+00:00
018120,00170877,2015,Q1,2015-03-31,11013,OFS,NO_DATA,0,,2026-08-31T21:17:37.059550+00:00
018290,00150165,2015,Q1,2015-03-31,11013,OFS,NO_DATA,0,,2026-08-31T21:17:37.481481+00:00
018470,00149239,2015,Q1,2015-03-31,11013,OFS,NO_DATA,0,,2026-08-31T21:17:37.520339+00:00
018260,00126186,2015,Q1,2015-03-31,11013,OFS,NO_DATA,0,,2026-08-31T21:17:37.524322+00:00
018310,00125646,2015,Q1,2015-03-31,11013,OFS,NO_DATA,0,,2026-08-31T21:17:37.526771+00:00
018500,00118008,2015,Q1,2015-03-31,11013,OFS,NO_DATA,0,,2026-08-31T21:17:37.785683+00:00
018620,00103547,2015,Q1,2015-03-31,11013,OFS,NO_DATA,0,,2026-08-31T21:17:37.843645+00:00
018670,00144164,2015,Q1,2015-03-31,11013,OFS,NO_DATA,0,,2026-08-31T21:17:38.278736+00:00
018880,00161125,2015,Q1,2015-03-31,11013,OFS,NO_DATA,0,,2026-08-31T21:17:38.314679+00:00
018700,00122205,2015,Q1,2015-03-31,11013,OFS,NO_DATA,0,,2026-08-31T21:17:38.326981+00:00
018680,00131018,2015,Q1,2015-03-31,11013,OFS,NO_DATA,0,,2026-08-31T21:17:38.341101+00:00
019010,00267906,2015,Q1,2015-03-31,11013,OFS,NO_DATA,0,,2026-08-31T21:17:38.577334+00:00
019170,00137359,2015,Q1,2015-03-31,11013,OFS,NO_DATA,0,,2026-08-31T21:17:38.610572+00:00
019180,00118965,2015,Q1,2015-03-31,11013,OFS,NO_DATA,0,,2026-08-31T21:17:39.052666+00:00
019210,00139719,2015,Q1,2015-03-31,11013,OFS,NO_DATA,0,,2026-08-31T21:17:39.104159+00:00
019440,00133991,2015,Q1,2015-03-31,11013,OFS,NO_DATA,0,,2026-08-31T21:17:39.116618+00:00
019300,00118460,2015,Q1,2015-03-31,11013,OFS,NO_DATA,0,,2026-08-31T21:17:39.129909+00:00
019490,00156150,2015,Q1,2015-03-31,11013,OFS,NO_DATA,0,,2026-08-31T21:17:39.350666+00:00
019540,00146560,2015,Q1,2015-03-31,11013,OFS,NO_DATA,0,,2026-08-31T21:17:39.392770+00:00
019550,00156910,2015,Q1,2015-03-31,11013,OFS,NO_DATA,0,,2026-08-31T21:17:39.833451+00:00
019570,00110750,2015,Q1,2015-03-31,11013,OFS,NO_DATA,0,,2026-08-31T21:17:39.887364+00:00
019590,00136642,2015,Q1,2015-03-31,11013,OFS,NO_DATA,0,,2026-08-31T21:17:39.906820+00:00
019660,00159731,2015,Q1,2015-03-31,11013,OFS,NO_DATA,0,,2026-08-31T21:17:39.908596+00:00
019680,00108913,2015,Q1,2015-03-31,11013,OFS,NO_DATA,0,,2026-08-31T21:17:40.116561+00:00
019770,00153278,2015,Q1,2015-03-31,11013,OFS,NO_DATA,0,,2026-08-31T21:17:40.165427+00:00
019990,00169215,2015,Q1,2015-03-31,11013,OFS,NO_DATA,0,,2026-08-31T21:17:40.636561+00:00
020000,00188089,2015,Q1,2015-03-31,11013,OFS,NO_DATA,0,,2026-08-31T21:17:40.661232+00:00
020150,00113997,2015,Q1,2015-03-31,11013,OFS,NO_DATA,0,,2026-08-31T21:17:40.701181+00:00
020120,00140131,2015,Q1,2015-03-31,11013,OFS,NO_DATA,0,,2026-08-31T21:17:40.708063+00:00
020180,00110875,2015,Q1,2015-03-31,11013,OFS,NO_DATA,0,,2026-08-31T21:17:40.905790+00:00
020400,00191287,2015,Q1,2015-03-31,11013,OFS,NO_DATA,0,,2026-08-31T21:17:40.946855+00:00
020560,00138792,2015,Q1,2015-03-31,11013,OFS,NO_DATA,0,,2026-08-31T21:17:41.415392+00:00
020710,00170026,2015,Q1,2015-03-31,11013,OFS,NO_DATA,0,,2026-08-31T21:17:41.442569+00:00
021040,00166175,2015,Q1,2015-03-31,11013,OFS,NO_DATA,0,,2026-08-31T21:17:41.488013+00:00
020760,00198697,2015,Q1,2015-03-31,11013,OFS,NO_DATA,0,,2026-08-31T21:17:41.491459+00:00
021050,00131197,2015,Q1,2015-03-31,11013,OFS,NO_DATA,0,,2026-08-31T21:17:41.696095+00:00
021080,00161462,2015,Q1,2015-03-31,11013,OFS,NO_DATA,0,,2026-08-31T21:17:41.745087+00:00
021240,00170558,2015,Q1,2015-03-31,11013,OFS,NO_DATA,0,,2026-08-31T21:17:42.210144+00:00
021320,00105466,2015,Q1,2015-03-31,11013,OFS,NO_DATA,0,,2026-08-31T21:17:42.238448+00:00
021650,00160010,2015,Q1,2015-03-31,11013,OFS,NO_DATA,0,,2026-08-31T21:17:42.279504+00:00
021820,00134316,2015,Q1,2015-03-31,11013,OFS,NO_DATA,0,,2026-08-31T21:17:42.281946+00:00
021880,00136101,2015,Q1,2015-03-31,11013,OFS,NO_DATA,0,,2026-08-31T21:17:42.483568+00:00
021960,00161408,2015,Q1,2015-03-31,11013,OFS,NO_DATA,0,,2026-08-31T21:17:42.522479+00:00
022100,00155212,2015,Q1,2015-03-31,11013,OFS,NO_DATA,0,,2026-08-31T21:17:42.989921+00:00
022220,00140061,2015,Q1,2015-03-31,11013,OFS,NO_DATA,0,,2026-08-31T21:17:43.007067+00:00
023150,00121534,2015,Q1,2015-03-31,11013,OFS,NO_DATA,0,,2026-08-31T21:17:43.049155+00:00
023000,00191588,2015,Q1,2015-03-31,11013,OFS,NO_DATA,0,,2026-08-31T21:17:43.064693+00:00
023160,00153375,2015,Q1,2015-03-31,11013,OFS,NO_DATA,0,,2026-08-31T21:17:43.254168+00:00
023350,00159500,2015,Q1,2015-03-31,11013,OFS,NO_DATA,0,,2026-08-31T21:17:43.309926+00:00
023410,00184667,2015,Q1,2015-03-31,11013,OFS,NO_DATA,0,,2026-08-31T21:17:43.758226+00:00
023430,00100717,2015,Q1,2015-03-31,11013,OFS,NO_DATA,0,,2026-08-31T21:17:43.797776+00:00
023440,00148531,2015,Q1,2015-03-31,11013,OFS,NO_DATA,0,,2026-08-31T21:17:43.816668+00:00
023450,00115065,2015,Q1,2015-03-31,11013,OFS,NO_DATA,0,,2026-08-31T21:17:43.892317+00:00
023460,00149266,2015,Q1,2015-03-31,11013,OFS,NO_DATA,0,,2026-08-31T21:17:44.023628+00:00
023530,00120526,2015,Q1,2015-03-31,11013,OFS,NO_DATA,0,,2026-08-31T21:17:44.102985+00:00
023590,00176914,2015,Q1,2015-03-31,11013,OFS,NO_DATA,0,,2026-08-31T21:17:44.523431+00:00
023600,00125938,2015,Q1,2015-03-31,11013,OFS,NO_DATA,0,,2026-08-31T21:17:44.572960+00:00
023760,00149594,2015,Q1,2015-03-31,11013,OFS,NO_DATA,0,,2026-08-31T21:17:44.582745+00:00
023770,00138367,2015,Q1,2015-03-31,11013,OFS,NO_DATA,0,,2026-08-31T21:17:44.670518+00:00
023790,00172945,2015,Q1,2015-03-31,11013,OFS,NO_DATA,0,,2026-08-31T21:17:44.809854+00:00
023800,00103510,2015,Q1,2015-03-31,11013,OFS,NO_DATA,0,,2026-08-31T21:17:44.878234+00:00
023810,00180795,2015,Q1,2015-03-31,11013,OFS,NO_DATA,0,,2026-08-31T21:17:45.317663+00:00
023900,00155452,2015,Q1,2015-03-31,11013,OFS,NO_DATA,0,,2026-08-31T21:17:45.368038+00:00
023890,00159290,2015,Q1,2015-03-31,11013,OFS,NO_DATA,0,,2026-08-31T21:17:45.380918+00:00
023910,00113128,2015,Q1,2015-03-31,11013,OFS,NO_DATA,0,,2026-08-31T21:17:45.439740+00:00
023960,00121969,2015,Q1,2015-03-31,11013,OFS,NO_DATA,0,,2026-08-31T21:17:45.591016+00:00
024060,00167004,2015,Q1,2015-03-31,11013,OFS,NO_DATA,0,,2026-08-31T21:17:45.665047+00:00
024070,00142865,2015,Q1,2015-03-31,11013,OFS,NO_DATA,0,,2026-08-31T21:17:46.093214+00:00
024090,00177199,2015,Q1,2015-03-31,11013,OFS,NO_DATA,0,,2026-08-31T21:17:46.153314+00:00
024110,00149646,2015,Q1,2015-03-31,11013,OFS,NO_DATA,0,,2026-08-31T21:17:46.167805+00:00
024120,00157539,2015,Q1,2015-03-31,11013,OFS,NO_DATA,0,,2026-08-31T21:17:46.216525+00:00
024660,00156044,2015,Q1,2015-03-31,11013,OFS,NO_DATA,0,,2026-08-31T21:17:46.373211+00:00
024720,00203290,2015,Q1,2015-03-31,11013,OFS,NO_DATA,0,,2026-08-31T21:17:46.460544+00:00
024740,00162832,2015,Q1,2015-03-31,11013,OFS,NO_DATA,0,,2026-08-31T21:17:46.890440+00:00
024800,00173999,2015,Q1,2015-03-31,11013,OFS,NO_DATA,0,,2026-08-31T21:17:46.932968+00:00
024810,00145738,2015,Q1,2015-03-31,11013,OFS,NO_DATA,0,,2026-08-31T21:17:46.951132+00:00
024830,00173591,2015,Q1,2015-03-31,11013,OFS,NO_DATA,0,,2026-08-31T21:17:47.000350+00:00
024840,00158024,2015,Q1,2015-03-31,11013,OFS,NO_DATA,0,,2026-08-31T21:17:47.156053+00:00
024850,00155586,2015,Q1,2015-03-31,11013,OFS,NO_DATA,0,,2026-08-31T21:17:47.245918+00:00
024880,00157636,2015,Q1,2015-03-31,11013,OFS,NO_DATA,0,,2026-08-31T21:17:47.693933+00:00
024890,00112022,2015,Q1,2015-03-31,11013,OFS,NO_DATA,0,,2026-08-31T21:17:47.706664+00:00
024900,00114154,2015,Q1,2015-03-31,11013,OFS,NO_DATA,0,,2026-08-31T21:17:47.730238+00:00
024910,00102353,2015,Q1,2015-03-31,11013,OFS,NO_DATA,0,,2026-08-31T21:17:47.771383+00:00
024940,00133557,2015,Q1,2015-03-31,11013,OFS,NO_DATA,0,,2026-08-31T21:17:47.928773+00:00
024950,00128607,2015,Q1,2015-03-31,11013,OFS,NO_DATA,0,,2026-08-31T21:17:48.030524+00:00
025000,00191472,2015,Q1,2015-03-31,11013,OFS,NO_DATA,0,,2026-08-31T21:17:48.501822+00:00
025270,00124018,2015,Q1,2015-03-31,11013,OFS,NO_DATA,0,,2026-08-31T21:17:48.508883+00:00
025320,00203023,2015,Q1,2015-03-31,11013,OFS,NO_DATA,0,,2026-08-31T21:17:48.520489+00:00
025440,00110583,2015,Q1,2015-03-31,11013,OFS,NO_DATA,0,,2026-08-31T21:17:48.545116+00:00
025530,00181943,2015,Q1,2015-03-31,11013,OFS,NO_DATA,0,,2026-08-31T21:17:48.716260+00:00
025540,00157070,2015,Q1,2015-03-31,11013,OFS,NO_DATA,0,,2026-08-31T21:17:48.813718+00:00
025620,00136776,2015,Q1,2015-03-31,11013,OFS,NO_DATA,0,,2026-08-31T21:17:49.303303+00:00
025550,00158015,2015,Q1,2015-03-31,11013,OFS,NO_DATA,0,,2026-08-31T21:17:49.309024+00:00
025750,00203582,2015,Q1,2015-03-31,11013,OFS,NO_DATA,0,,2026-08-31T21:17:49.312931+00:00
025560,00197759,2015,Q1,2015-03-31,11013,OFS,NO_DATA,0,,2026-08-31T21:17:49.326423+00:00
025770,00159342,2015,Q1,2015-03-31,11013,OFS,NO_DATA,0,,2026-08-31T21:17:49.499661+00:00
025820,00145464,2015,Q1,2015-03-31,11013,OFS,NO_DATA,0,,2026-08-31T21:17:49.600800+00:00
025850,00160612,2015,Q1,2015-03-31,11013,OFS,NO_DATA,0,,2026-08-31T21:17:50.111667+00:00
025860,00107987,2015,Q1,2015-03-31,11013,OFS,NO_DATA,0,,2026-08-31T21:17:50.122811+00:00
025880,00101752,2015,Q1,2015-03-31,11013,OFS,NO_DATA,0,,2026-08-31T21:17:50.125519+00:00
025870,00136004,2015,Q1,2015-03-31,11013,OFS,NO_DATA,0,,2026-08-31T21:17:50.127291+00:00
025890,00159564,2015,Q1,2015-03-31,11013,OFS,NO_DATA,0,,2026-08-31T21:17:50.285517+00:00
025900,00173032,2015,Q1,2015-03-31,11013,OFS,NO_DATA,0,,2026-08-31T21:17:50.390302+00:00
025950,00116408,2015,Q1,2015-03-31,11013,OFS,NO_DATA,0,,2026-08-31T21:17:50.908228+00:00
026040,00120289,2015,Q1,2015-03-31,11013,OFS,NO_DATA,0,,2026-08-31T21:17:50.916113+00:00
026150,00186939,2015,Q1,2015-03-31,11013,OFS,NO_DATA,0,,2026-08-31T21:17:50.937673+00:00
025980,00161781,2015,Q1,2015-03-31,11013,OFS,NO_DATA,0,,2026-08-31T21:17:50.941157+00:00
026180,00200956,2015,Q1,2015-03-31,11013,OFS,NO_DATA,0,,2026-08-31T21:17:51.064538+00:00
026260,00207223,2015,Q1,2015-03-31,11013,OFS,NO_DATA,0,,2026-08-31T21:17:51.177285+00:00
026910,00104120,2015,Q1,2015-03-31,11013,OFS,NO_DATA,0,,2026-08-31T21:17:51.695442+00:00
026890,00117498,2015,Q1,2015-03-31,11013,OFS,NO_DATA,0,,2026-08-31T21:17:51.697857+00:00
026960,00144395,2015,Q1,2015-03-31,11013,OFS,NO_DATA,0,,2026-08-31T21:17:51.717284+00:00
026940,00123781,2015,Q1,2015-03-31,11013,OFS,NO_DATA,0,,2026-08-31T21:17:51.723572+00:00
027040,00130587,2015,Q1,2015-03-31,11013,OFS,NO_DATA,0,,2026-08-31T21:17:51.842062+00:00
027050,00152589,2015,Q1,2015-03-31,11013,OFS,NO_DATA,0,,2026-08-31T21:17:51.952515+00:00
027390,00117258,2015,Q1,2015-03-31,11013,OFS,NO_DATA,0,,2026-08-31T21:17:52.483722+00:00
027410,00219097,2015,Q1,2015-03-31,11013,OFS,NO_DATA,0,,2026-08-31T21:17:52.492274+00:00
027580,00129615,2015,Q1,2015-03-31,11013,OFS,NO_DATA,0,,2026-08-31T21:17:52.513318+00:00
027710,00192499,2015,Q1,2015-03-31,11013,OFS,NO_DATA,0,,2026-08-31T21:17:52.523950+00:00
027740,00204208,2015,Q1,2015-03-31,11013,OFS,NO_DATA,0,,2026-08-31T21:17:52.609294+00:00
027830,00109037,2015,Q1,2015-03-31,11013,OFS,NO_DATA,0,,2026-08-31T21:17:52.728861+00:00
027970,00133706,2015,Q1,2015-03-31,11013,OFS,NO_DATA,0,,2026-08-31T21:17:53.267501+00:00
028040,00111865,2015,Q1,2015-03-31,11013,OFS,NO_DATA,0,,2026-08-31T21:17:53.305554+00:00
028050,00126308,2015,Q1,2015-03-31,11013,OFS,NO_DATA,0,,2026-08-31T21:17:53.309637+00:00
028080,00219440,2015,Q1,2015-03-31,11013,OFS,NO_DATA,0,,2026-08-31T21:17:53.325476+00:00
028100,00178754,2015,Q1,2015-03-31,11013,OFS,NO_DATA,0,,2026-08-31T21:17:53.408163+00:00
028150,00207755,2015,Q1,2015-03-31,11013,OFS,NO_DATA,0,,2026-08-31T21:17:53.524559+00:00
028260,00149655,2015,Q1,2015-03-31,11013,OFS,NO_DATA,0,,2026-08-31T21:17:54.045439+00:00
028300,00199252,2015,Q1,2015-03-31,11013,OFS,NO_DATA,0,,2026-08-31T21:17:54.095183+00:00
028670,00122737,2015,Q1,2015-03-31,11013,OFS,NO_DATA,0,,2026-08-31T21:17:54.105273+00:00
029460,00209780,2015,Q1,2015-03-31,11013,OFS,NO_DATA,0,,2026-08-31T21:17:54.117280+00:00
029480,00186452,2015,Q1,2015-03-31,11013,OFS,NO_DATA,0,,2026-08-31T21:17:54.184463+00:00
029530,00135795,2015,Q1,2015-03-31,11013,OFS,NO_DATA,0,,2026-08-31T21:17:54.323657+00:00
029780,00126292,2015,Q1,2015-03-31,11013,OFS,NO_DATA,0,,2026-08-31T21:17:54.815103+00:00
030000,00148276,2015,Q1,2015-03-31,11013,OFS,NO_DATA,0,,2026-08-31T21:17:54.884226+00:00
030190,00158325,2015,Q1,2015-03-31,11013,OFS,NO_DATA,0,,2026-08-31T21:17:54.896460+00:00
029960,00197476,2015,Q1,2015-03-31,11013,OFS,NO_DATA,0,,2026-08-31T21:17:54.900678+00:00
030200,00190321,2015,Q1,2015-03-31,11013,OFS,NO_DATA,0,,2026-08-31T21:17:54.970572+00:00
030210,00156859,2015,Q1,2015-03-31,11013,OFS,NO_DATA,0,,2026-08-31T21:17:55.096422+00:00
030270,00100258,2015,Q1,2015-03-31,11013,OFS,NO_DATA,0,,2026-08-31T21:17:55.592440+00:00
030350,00230036,2015,Q1,2015-03-31,11013,OFS,NO_DATA,0,,2026-08-31T21:17:55.668702+00:00
030530,00216647,2015,Q1,2015-03-31,11013,OFS,NO_DATA,0,,2026-08-31T21:17:55.678193+00:00
030520,00204262,2015,Q1,2015-03-31,11013,OFS,NO_DATA,0,,2026-08-31T21:17:55.682746+00:00
030610,00113359,2015,Q1,2015-03-31,11013,OFS,NO_DATA,0,,2026-08-31T21:17:55.735916+00:00
030720,00118044,2015,Q1,2015-03-31,11013,OFS,NO_DATA,0,,2026-08-31T21:17:55.878446+00:00
030790,00273615,2015,Q1,2015-03-31,11013,OFS,NO_DATA,0,,2026-08-31T21:17:56.398575+00:00
030960,00139685,2015,Q1,2015-03-31,11013,OFS,NO_DATA,0,,2026-08-31T21:17:56.466321+00:00
031310,00200910,2015,Q1,2015-03-31,11013,OFS,NO_DATA,0,,2026-08-31T21:17:56.480512+00:00
031330,00128661,2015,Q1,2015-03-31,11013,OFS,NO_DATA,0,,2026-08-31T21:17:56.483239+00:00
031390,00198378,2015,Q1,2015-03-31,11013,OFS,NO_DATA,0,,2026-08-31T21:17:56.514624+00:00
031430,00234412,2015,Q1,2015-03-31,11013,OFS,NO_DATA,0,,2026-08-31T21:17:56.649902+00:00
031440,00274933,2015,Q1,2015-03-31,11013,OFS,NO_DATA,0,,2026-08-31T21:17:57.181319+00:00
031820,00186559,2015,Q1,2015-03-31,11013,OFS,NO_DATA,0,,2026-08-31T21:17:57.278720+00:00
031980,00208444,2015,Q1,2015-03-31,11013,OFS,NO_DATA,0,,2026-08-31T21:17:57.294146+00:00
031510,00175173,2015,Q1,2015-03-31,11013,OFS,NO_DATA,0,,2026-08-31T21:17:57.330178+00:00
031860,00180865,2015,Q1,2015-03-31,11013,OFS,NO_DATA,0,,2026-08-31T21:17:57.335189+00:00
032040,00173731,2015,Q1,2015-03-31,11013,OFS,NO_DATA,0,,2026-08-31T21:17:57.432900+00:00
032080,00201131,2015,Q1,2015-03-31,11013,OFS,NO_DATA,0,,2026-08-31T21:17:57.970564+00:00
032190,00238782,2015,Q1,2015-03-31,11013,OFS,NO_DATA,0,,2026-08-31T21:17:58.049302+00:00
032280,00127909,2015,Q1,2015-03-31,11013,OFS,NO_DATA,0,,2026-08-31T21:17:58.095049+00:00
032420,00229818,2015,Q1,2015-03-31,11013,OFS,NO_DATA,0,,2026-08-31T21:17:58.121970+00:00
032350,00231372,2015,Q1,2015-03-31,11013,OFS,NO_DATA,0,,2026-08-31T21:17:58.125485+00:00
032500,00226352,2015,Q1,2015-03-31,11013,OFS,NO_DATA,0,,2026-08-31T21:17:58.221193+00:00
032540,00201733,2015,Q1,2015-03-31,11013,OFS,NO_DATA,0,,2026-08-31T21:17:58.754820+00:00
032560,00218575,2015,Q1,2015-03-31,11013,OFS,NO_DATA,0,,2026-08-31T21:17:58.825020+00:00
032580,00189538,2015,Q1,2015-03-31,11013,OFS,NO_DATA,0,,2026-08-31T21:17:58.856380+00:00
032640,00231363,2015,Q1,2015-03-31,11013,OFS,NO_DATA,0,,2026-08-31T21:17:58.901666+00:00
032620,00220057,2015,Q1,2015-03-31,11013,OFS,NO_DATA,0,,2026-08-31T21:17:58.908925+00:00
032680,00204226,2015,Q1,2015-03-31,11013,OFS,NO_DATA,0,,2026-08-31T21:17:59.016182+00:00
032750,00173351,2015,Q1,2015-03-31,11013,OFS,NO_DATA,0,,2026-08-31T21:17:59.538609+00:00
032790,00110884,2015,Q1,2015-03-31,11013,OFS,NO_DATA,0,,2026-08-31T21:17:59.610454+00:00
032800,00231691,2015,Q1,2015-03-31,11013,OFS,NO_DATA,0,,2026-08-31T21:17:59.645425+00:00
032820,00231044,2015,Q1,2015-03-31,11013,OFS,NO_DATA,0,,2026-08-31T21:17:59.675977+00:00
032830,00126256,2015,Q1,2015-03-31,11013,OFS,NO_DATA,0,,2026-08-31T21:17:59.693446+00:00
032850,00231707,2015,Q1,2015-03-31,11013,OFS,NO_DATA,0,,2026-08-31T21:17:59.783883+00:00
032860,00205687,2015,Q1,2015-03-31,11013,OFS,NO_DATA,0,,2026-08-31T21:18:00.325961+00:00
032940,00210980,2015,Q1,2015-03-31,11013,OFS,NO_DATA,0,,2026-08-31T21:18:00.403345+00:00
032960,00199076,2015,Q1,2015-03-31,11013,OFS,NO_DATA,0,,2026-08-31T21:18:00.415315+00:00
033050,00222435,2015,Q1,2015-03-31,11013,OFS,NO_DATA,0,,2026-08-31T21:18:00.463413+00:00
032980,00232089,2015,Q1,2015-03-31,11013,OFS,NO_DATA,0,,2026-08-31T21:18:00.465820+00:00
033100,00185356,2015,Q1,2015-03-31,11013,OFS,NO_DATA,0,,2026-08-31T21:18:00.561539+00:00
033110,00194275,2015,Q1,2015-03-31,11013,OFS,NO_DATA,0,,2026-08-31T21:18:01.114861+00:00
033130,00231442,2015,Q1,2015-03-31,11013,OFS,NO_DATA,0,,2026-08-31T21:18:01.179821+00:00
033160,00121686,2015,Q1,2015-03-31,11013,OFS,NO_DATA,0,,2026-08-31T21:18:01.213873+00:00
033180,00193009,2015,Q1,2015-03-31,11013,OFS,NO_DATA,0,,2026-08-31T21:18:01.254437+00:00
033170,00158219,2015,Q1,2015-03-31,11013,OFS,NO_DATA,0,,2026-08-31T21:18:01.257093+00:00
033200,00241209,2015,Q1,2015-03-31,11013,OFS,NO_DATA,0,,2026-08-31T21:18:01.348788+00:00
033230,00229021,2015,Q1,2015-03-31,11013,OFS,NO_DATA,0,,2026-08-31T21:18:01.882134+00:00
033240,00146861,2015,Q1,2015-03-31,11013,OFS,NO_DATA,0,,2026-08-31T21:18:01.957122+00:00
033250,00125576,2015,Q1,2015-03-31,11013,OFS,NO_DATA,0,,2026-08-31T21:18:01.996137+00:00
033270,00158963,2015,Q1,2015-03-31,11013,OFS,NO_DATA,0,,2026-08-31T21:18:02.043923+00:00
033290,00155948,2015,Q1,2015-03-31,11013,OFS,NO_DATA,0,,2026-08-31T21:18:02.046489+00:00
033310,00143226,2015,Q1,2015-03-31,11013,OFS,NO_DATA,0,,2026-08-31T21:18:02.132099+00:00
033320,00223513,2015,Q1,2015-03-31,11013,OFS,NO_DATA,0,,2026-08-31T21:18:02.689694+00:00
033340,00205003,2015,Q1,2015-03-31,11013,OFS,NO_DATA,0,,2026-08-31T21:18:02.724854+00:00
033430,00244419,2015,Q1,2015-03-31,11013,OFS,NO_DATA,0,,2026-08-31T21:18:02.772893+00:00
033530,00134510,2015,Q1,2015-03-31,11013,OFS,NO_DATA,0,,2026-08-31T21:18:02.833445+00:00
033500,00231105,2015,Q1,2015-03-31,11013,OFS,NO_DATA,0,,2026-08-31T21:18:02.835818+00:00
033540,00105138,2015,Q1,2015-03-31,11013,OFS,NO_DATA,0,,2026-08-31T21:18:02.944377+00:00
033560,00238001,2015,Q1,2015-03-31,11013,OFS,NO_DATA,0,,2026-08-31T21:18:03.470643+00:00
033600,00264787,2015,Q1,2015-03-31,11013,OFS,NO_DATA,0,,2026-08-31T21:18:03.495529+00:00
033630,00243988,2015,Q1,2015-03-31,11013,OFS,NO_DATA,0,,2026-08-31T21:18:03.556958+00:00
033640,00227333,2015,Q1,2015-03-31,11013,OFS,NO_DATA,0,,2026-08-31T21:18:03.621342+00:00
033660,00209443,2015,Q1,2015-03-31,11013,OFS,NO_DATA,0,,2026-08-31T21:18:03.623910+00:00
033780,00244455,2015,Q1,2015-03-31,11013,OFS,NO_DATA,0,,2026-08-31T21:18:03.717109+00:00
033790,00276083,2015,Q1,2015-03-31,11013,OFS,NO_DATA,0,,2026-08-31T21:18:04.251508+00:00
033830,00204642,2015,Q1,2015-03-31,11013,OFS,NO_DATA,0,,2026-08-31T21:18:04.276340+00:00
033920,00121543,2015,Q1,2015-03-31,11013,OFS,NO_DATA,0,,2026-08-31T21:18:04.330517+00:00
034020,00159616,2015,Q1,2015-03-31,11013,OFS,NO_DATA,0,,2026-08-31T21:18:04.419146+00:00
034120,00130772,2015,Q1,2015-03-31,11013,OFS,NO_DATA,0,,2026-08-31T21:18:04.421168+00:00
034220,00105873,2015,Q1,2015-03-31,11013,OFS,NO_DATA,0,,2026-08-31T21:18:04.494260+00:00
034230,00171265,2015,Q1,2015-03-31,11013,OFS,NO_DATA,0,,2026-08-31T21:18:05.025811+00:00
034300,00217947,2015,Q1,2015-03-31,11013,OFS,NO_DATA,0,,2026-08-31T21:18:05.059408+00:00
034310,00158316,2015,Q1,2015-03-31,11013,OFS,NO_DATA,0,,2026-08-31T21:18:05.105530+00:00
034590,00145862,2015,Q1,2015-03-31,11013,OFS,NO_DATA,0,,2026-08-31T21:18:05.198348+00:00
034730,00181712,2015,Q1,2015-03-31,11013,OFS,NO_DATA,0,,2026-08-31T21:18:05.203963+00:00
034810,00219361,2015,Q1,2015-03-31,11013,OFS,NO_DATA,0,,2026-08-31T21:18:05.283116+00:00
034830,00233653,2015,Q1,2015-03-31,11013,OFS,NO_DATA,0,,2026-08-31T21:18:05.796441+00:00
034940,00231831,2015,Q1,2015-03-31,11013,OFS,NO_DATA,0,,2026-08-31T21:18:05.835126+00:00
034950,00156956,2015,Q1,2015-03-31,11013,OFS,NO_DATA,0,,2026-08-31T21:18:05.885454+00:00
035080,00244561,2015,Q1,2015-03-31,11013,OFS,NO_DATA,0,,2026-08-31T21:18:05.975131+00:00
035000,00140168,2015,Q1,2015-03-31,11013,OFS,NO_DATA,0,,2026-08-31T21:18:05.979712+00:00
035150,00122551,2015,Q1,2015-03-31,11013,OFS,NO_DATA,0,,2026-08-31T21:18:06.082871+00:00
035200,00356389,2015,Q1,2015-03-31,11013,OFS,NO_DATA,0,,2026-08-31T21:18:06.584490+00:00
035250,00255619,2015,Q1,2015-03-31,11013,OFS,NO_DATA,0,,2026-08-31T21:18:06.606078+00:00
035290,00249502,2015,Q1,2015-03-31,11013,OFS,NO_DATA,0,,2026-08-31T21:18:06.673928+00:00
035420,00266961,2015,Q1,2015-03-31,11013,OFS,NO_DATA,0,,2026-08-31T21:18:06.762495+00:00
035460,00258421,2015,Q1,2015-03-31,11013,OFS,NO_DATA,0,,2026-08-31T21:18:06.776782+00:00
035480,00255141,2015,Q1,2015-03-31,11013,OFS,NO_DATA,0,,2026-08-31T21:18:06.878252+00:00
035510,00219486,2015,Q1,2015-03-31,11013,OFS,NO_DATA,0,,2026-08-31T21:18:07.369062+00:00
035600,00264547,2015,Q1,2015-03-31,11013,OFS,NO_DATA,0,,2026-08-31T21:18:07.377340+00:00
035610,00249982,2015,Q1,2015-03-31,11013,OFS,NO_DATA,0,,2026-08-31T21:18:07.455045+00:00
035620,00259590,2015,Q1,2015-03-31,11013,OFS,NO_DATA,0,,2026-08-31T21:18:07.529367+00:00
035720,00258801,2015,Q1,2015-03-31,11013,OFS,NO_DATA,0,,2026-08-31T21:18:07.550309+00:00
035760,00265324,2015,Q1,2015-03-31,11013,OFS,NO_DATA,0,,2026-08-31T21:18:07.674864+00:00
035890,00219848,2015,Q1,2015-03-31,11013,OFS,NO_DATA,0,,2026-08-31T21:18:08.156340+00:00
035810,00242378,2015,Q1,2015-03-31,11013,OFS,NO_DATA,0,,2026-08-31T21:18:08.165370+00:00
035900,00258689,2015,Q1,2015-03-31,11013,OFS,NO_DATA,0,,2026-08-31T21:18:08.235316+00:00
036000,00259934,2015,Q1,2015-03-31,11013,OFS,NO_DATA,0,,2026-08-31T21:18:08.305388+00:00
036010,00138598,2015,Q1,2015-03-31,11013,OFS,NO_DATA,0,,2026-08-31T21:18:08.331345+00:00
036030,00260958,2015,Q1,2015-03-31,11013,OFS,NO_DATA,0,,2026-08-31T21:18:08.460730+00:00
036090,00258360,2015,Q1,2015-03-31,11013,OFS,NO_DATA,0,,2026-08-31T21:18:08.945614+00:00
036120,00260745,2015,Q1,2015-03-31,11013,OFS,NO_DATA,0,,2026-08-31T21:18:08.948299+00:00
036170,00232821,2015,Q1,2015-03-31,11013,OFS,NO_DATA,0,,2026-08-31T21:18:09.017984+00:00
036180,00257149,2015,Q1,2015-03-31,11013,OFS,NO_DATA,0,,2026-08-31T21:18:09.076754+00:00
036190,00176516,2015,Q1,2015-03-31,11013,OFS,NO_DATA,0,,2026-08-31T21:18:09.118705+00:00
036200,00260569,2015,Q1,2015-03-31,11013,OFS,NO_DATA,0,,2026-08-31T21:18:09.247560+00:00
036220,00260657,2015,Q1,2015-03-31,11013,OFS,NO_DATA,0,,2026-08-31T21:18:09.745128+00:00
036260,00122339,2015,Q1,2015-03-31,11013,OFS,NO_DATA,0,,2026-08-31T21:18:09.747596+00:00
036420,00203315,2015,Q1,2015-03-31,11013,OFS,NO_DATA,0,,2026-08-31T21:18:09.797035+00:00
036460,00261285,2015,Q1,2015-03-31,11013,OFS,NO_DATA,0,,2026-08-31T21:18:09.849851+00:00
036480,00177320,2015,Q1,2015-03-31,11013,OFS,NO_DATA,0,,2026-08-31T21:18:09.914263+00:00
036490,00110051,2015,Q1,2015-03-31,11013,OFS,NO_DATA,0,,2026-08-31T21:18:10.032877+00:00
036530,00225159,2015,Q1,2015-03-31,11013,OFS,NO_DATA,0,,2026-08-31T21:18:10.532114+00:00
036500,00267960,2015,Q1,2015-03-31,11013,OFS,NO_DATA,0,,2026-08-31T21:18:10.549681+00:00
036540,00301246,2015,Q1,2015-03-31,11013,OFS,NO_DATA,0,,2026-08-31T21:18:10.578105+00:00
036560,00141389,2015,Q1,2015-03-31,11013,OFS,NO_DATA,0,,2026-08-31T21:18:10.638691+00:00
036570,00261443,2015,Q1,2015-03-31,11013,OFS,NO_DATA,0,,2026-08-31T21:18:10.688361+00:00
036580,00260408,2015,Q1,2015-03-31,11013,OFS,NO_DATA,0,,2026-08-31T21:18:10.821197+00:00
036620,00261009,2015,Q1,2015-03-31,11013,OFS,NO_DATA,0,,2026-08-31T21:18:11.300624+00:00
036630,00268002,2015,Q1,2015-03-31,11013,OFS,NO_DATA,0,,2026-08-31T21:18:11.336234+00:00
036640,00230911,2015,Q1,2015-03-31,11013,OFS,NO_DATA,0,,2026-08-31T21:18:11.353369+00:00
036670,00265041,2015,Q1,2015-03-31,11013,OFS,NO_DATA,0,,2026-08-31T21:18:11.408529+00:00
036690,00268118,2015,Q1,2015-03-31,11013,OFS,NO_DATA,0,,2026-08-31T21:18:11.462402+00:00
036710,00152127,2015,Q1,2015-03-31,11013,OFS,NO_DATA,0,,2026-08-31T21:18:11.607454+00:00
036800,00264945,2015,Q1,2015-03-31,11013,OFS,NO_DATA,0,,2026-08-31T21:18:12.091355+00:00
036810,00223434,2015,Q1,2015-03-31,11013,OFS,NO_DATA,0,,2026-08-31T21:18:12.138718+00:00
036830,00247975,2015,Q1,2015-03-31,11013,OFS,NO_DATA,0,,2026-08-31T21:18:12.141249+00:00
036890,00174208,2015,Q1,2015-03-31,11013,OFS,NO_DATA,0,,2026-08-31T21:18:12.179218+00:00
036930,00252135,2015,Q1,2015-03-31,11013,OFS,NO_DATA,0,,2026-08-31T21:18:12.245259+00:00
037030,00231354,2015,Q1,2015-03-31,11013,OFS,NO_DATA,0,,2026-08-31T21:18:12.385604+00:00
037070,00238153,2015,Q1,2015-03-31,11013,OFS,NO_DATA,0,,2026-08-31T21:18:12.863781+00:00
037270,00249247,2015,Q1,2015-03-31,11013,OFS,NO_DATA,0,,2026-08-31T21:18:12.928322+00:00
037230,00198192,2015,Q1,2015-03-31,11013,OFS,NO_DATA,0,,2026-08-31T21:18:12.951625+00:00
037330,00265421,2015,Q1,2015-03-31,11013,OFS,NO_DATA,0,,2026-08-31T21:18:12.953959+00:00
037340,00241236,2015,Q1,2015-03-31,11013,OFS,NO_DATA,0,,2026-08-31T21:18:13.030657+00:00
037350,00216498,2015,Q1,2015-03-31,11013,OFS,NO_DATA,0,,2026-08-31T21:18:13.160887+00:00
037370,00261054,2015,Q1,2015-03-31,11013,OFS,NO_DATA,0,,2026-08-31T21:18:13.643098+00:00
037400,00155692,2015,Q1,2015-03-31,11013,OFS,NO_DATA,0,,2026-08-31T21:18:13.723802+00:00
037440,00236863,2015,Q1,2015-03-31,11013,OFS,NO_DATA,0,,2026-08-31T21:18:13.761556+00:00
037460,00128315,2015,Q1,2015-03-31,11013,OFS,NO_DATA,0,,2026-08-31T21:18:13.763881+00:00
037560,00222532,2015,Q1,2015-03-31,11013,OFS,NO_DATA,0,,2026-08-31T21:18:13.810127+00:00
037620,00311030,2015,Q1,2015-03-31,11013,OFS,NO_DATA,0,,2026-08-31T21:18:13.962442+00:00
037710,00220561,2015,Q1,2015-03-31,11013,OFS,NO_DATA,0,,2026-08-31T21:18:14.445714+00:00
037760,00239596,2015,Q1,2015-03-31,11013,OFS,NO_DATA,0,,2026-08-31T21:18:14.500782+00:00
037950,00242712,2015,Q1,2015-03-31,11013,OFS,NO_DATA,0,,2026-08-31T21:18:14.571327+00:00
038010,00148595,2015,Q1,2015-03-31,11013,OFS,NO_DATA,0,,2026-08-31T21:18:14.575247+00:00
038060,00406329,2015,Q1,2015-03-31,11013,OFS,NO_DATA,0,,2026-08-31T21:18:14.600760+00:00
038070,00373447,2015,Q1,2015-03-31,11013,OFS,NO_DATA,0,,2026-08-31T21:18:14.767354+00:00
038110,00139153,2015,Q1,2015-03-31,11013,OFS,NO_DATA,0,,2026-08-31T21:18:15.221504+00:00
038290,00261373,2015,Q1,2015-03-31,11013,OFS,NO_DATA,0,,2026-08-31T21:18:15.278366+00:00
038340,00215976,2015,Q1,2015-03-31,11013,OFS,NO_DATA,0,,2026-08-31T21:18:15.362522+00:00
038390,00261355,2015,Q1,2015-03-31,11013,OFS,NO_DATA,0,,2026-08-31T21:18:15.365208+00:00
038460,00240857,2015,Q1,2015-03-31,11013,OFS,NO_DATA,0,,2026-08-31T21:18:15.380394+00:00
038500,00239639,2015,Q1,2015-03-31,11013,OFS,NO_DATA,0,,2026-08-31T21:18:15.563404+00:00
038530,00255105,2015,Q1,2015-03-31,11013,OFS,NO_DATA,0,,2026-08-31T21:18:16.008156+00:00
038540,00306162,2015,Q1,2015-03-31,11013,OFS,NO_DATA,0,,2026-08-31T21:18:16.055356+00:00
038620,00264228,2015,Q1,2015-03-31,11013,OFS,NO_DATA,0,,2026-08-31T21:18:16.148287+00:00
038870,00287812,2015,Q1,2015-03-31,11013,OFS,NO_DATA,0,,2026-08-31T21:18:16.167015+00:00
038680,00264635,2015,Q1,2015-03-31,11013,OFS,NO_DATA,0,,2026-08-31T21:18:16.169092+00:00
038880,00252269,2015,Q1,2015-03-31,11013,OFS,NO_DATA,0,,2026-08-31T21:18:16.354191+00:00
038950,00264732,2015,Q1,2015-03-31,11013,OFS,NO_DATA,0,,2026-08-31T21:18:16.799659+00:00
039010,00255044,2015,Q1,2015-03-31,11013,OFS,NO_DATA,0,,2026-08-31T21:18:16.863686+00:00
039020,00184889,2015,Q1,2015-03-31,11013,OFS,NO_DATA,0,,2026-08-31T21:18:16.936782+00:00
039030,00246417,2015,Q1,2015-03-31,11013,OFS,NO_DATA,0,,2026-08-31T21:18:16.947568+00:00
039130,00269940,2015,Q1,2015-03-31,11013,OFS,NO_DATA,0,,2026-08-31T21:18:16.958985+00:00
039200,00263654,2015,Q1,2015-03-31,11013,OFS,NO_DATA,0,,2026-08-31T21:18:17.122782+00:00
039230,00295370,2015,Q1,2015-03-31,11013,OFS,NO_DATA,0,,2026-08-31T21:18:17.576317+00:00
039240,00206039,2015,Q1,2015-03-31,11013,OFS,NO_DATA,0,,2026-08-31T21:18:17.658899+00:00
039290,00243757,2015,Q1,2015-03-31,11013,OFS,NO_DATA,0,,2026-08-31T21:18:17.721604+00:00
039310,00264671,2015,Q1,2015-03-31,11013,OFS,NO_DATA,0,,2026-08-31T21:18:17.736773+00:00
039340,00263371,2015,Q1,2015-03-31,11013,OFS,NO_DATA,0,,2026-08-31T21:18:17.739486+00:00
039420,00246620,2015,Q1,2015-03-31,11013,OFS,NO_DATA,0,,2026-08-31T21:18:17.902531+00:00
039440,00298340,2015,Q1,2015-03-31,11013,OFS,NO_DATA,0,,2026-08-31T21:18:18.366128+00:00
039490,00296290,2015,Q1,2015-03-31,11013,OFS,NO_DATA,0,,2026-08-31T21:18:18.434198+00:00
039530,00252755,2015,Q1,2015-03-31,11013,OFS,NO_DATA,0,,2026-08-31T21:18:18.500115+00:00
039560,00268251,2015,Q1,2015-03-31,11013,OFS,NO_DATA,0,,2026-08-31T21:18:18.522109+00:00
039570,00350312,2015,Q1,2015-03-31,11013,OFS,NO_DATA,0,,2026-08-31T21:18:18.533155+00:00
039610,00217743,2015,Q1,2015-03-31,11013,OFS,NO_DATA,0,,2026-08-31T21:18:18.692494+00:00
039670,00298687,2015,Q1,2015-03-31,11013,OFS,NO_DATA,0,,2026-08-31T21:18:19.162982+00:00
039740,00261957,2015,Q1,2015-03-31,11013,OFS,NO_DATA,0,,2026-08-31T21:18:19.215899+00:00
039790,00261735,2015,Q1,2015-03-31,11013,OFS,NO_DATA,0,,2026-08-31T21:18:19.296375+00:00
039830,00141556,2015,Q1,2015-03-31,11013,OFS,NO_DATA,0,,2026-08-31T21:18:19.305172+00:00
039840,00115931,2015,Q1,2015-03-31,11013,OFS,NO_DATA,0,,2026-08-31T21:18:19.313940+00:00
039850,00246347,2015,Q1,2015-03-31,11013,OFS,NO_DATA,0,,2026-08-31T21:18:19.463645+00:00
039860,00230425,2015,Q1,2015-03-31,11013,OFS,NO_DATA,0,,2026-08-31T21:18:19.934331+00:00
039980,00369213,2015,Q1,2015-03-31,11013,OFS,NO_DATA,0,,2026-08-31T21:18:19.993877+00:00
040350,00346407,2015,Q1,2015-03-31,11013,OFS,NO_DATA,0,,2026-08-31T21:18:20.139754+00:00
040160,00269889,2015,Q1,2015-03-31,11013,OFS,NO_DATA,0,,2026-08-31T21:18:20.142302+00:00
040300,00200275,2015,Q1,2015-03-31,11013,OFS,NO_DATA,0,,2026-08-31T21:18:20.148108+00:00
040420,00287788,2015,Q1,2015-03-31,11013,OFS,NO_DATA,0,,2026-08-31T21:18:20.257647+00:00
040610,00264714,2015,Q1,2015-03-31,11013,OFS,NO_DATA,0,,2026-08-31T21:18:20.715040+00:00
040670,00248123,2015,Q1,2015-03-31,11013,OFS,NO_DATA,0,,2026-08-31T21:18:20.774390+00:00
041020,00269852,2015,Q1,2015-03-31,11013,OFS,NO_DATA,0,,2026-08-31T21:18:20.930577+00:00
040910,00298377,2015,Q1,2015-03-31,11013,OFS,NO_DATA,0,,2026-08-31T21:18:20.932904+00:00
041140,00266943,2015,Q1,2015-03-31,11013,OFS,NO_DATA,0,,2026-08-31T21:18:20.948852+00:00
041190,00231664,2015,Q1,2015-03-31,11013,OFS,NO_DATA,0,,2026-08-31T21:18:21.053253+00:00
041440,00228536,2015,Q1,2015-03-31,11013,OFS,NO_DATA,0,,2026-08-31T21:18:21.493391+00:00
041460,00361169,2015,Q1,2015-03-31,11013,OFS,NO_DATA,0,,2026-08-31T21:18:21.545601+00:00
041520,00137289,2015,Q1,2015-03-31,11013,OFS,NO_DATA,0,,2026-08-31T21:18:21.711804+00:00
041510,00260930,2015,Q1,2015-03-31,11013,OFS,NO_DATA,0,,2026-08-31T21:18:21.724713+00:00
041590,00297448,2015,Q1,2015-03-31,11013,OFS,NO_DATA,0,,2026-08-31T21:18:21.731440+00:00
041650,00129642,2015,Q1,2015-03-31,11013,OFS,NO_DATA,0,,2026-08-31T21:18:21.833670+00:00
041830,00269922,2015,Q1,2015-03-31,11013,OFS,NO_DATA,0,,2026-08-31T21:18:22.272653+00:00
041910,00463342,2015,Q1,2015-03-31,11013,OFS,NO_DATA,0,,2026-08-31T21:18:22.328560+00:00
041920,00273439,2015,Q1,2015-03-31,11013,OFS,NO_DATA,0,,2026-08-31T21:18:22.485876+00:00
041960,00187415,2015,Q1,2015-03-31,11013,OFS,NO_DATA,0,,2026-08-31T21:18:22.514443+00:00
041930,00199988,2015,Q1,2015-03-31,11013,OFS,NO_DATA,0,,2026-08-31T21:18:22.517895+00:00
042040,00206686,2015,Q1,2015-03-31,11013,OFS,NO_DATA,0,,2026-08-31T21:18:22.624501+00:00
042110,00171867,2015,Q1,2015-03-31,11013,OFS,NO_DATA,0,,2026-08-31T21:18:23.077726+00:00
042370,00103644,2015,Q1,2015-03-31,11013,OFS,NO_DATA,0,,2026-08-31T21:18:23.126881+00:00
042420,00266952,2015,Q1,2015-03-31,11013,OFS,NO_DATA,0,,2026-08-31T21:18:23.260574+00:00
042510,00255433,2015,Q1,2015-03-31,11013,OFS,NO_DATA,0,,2026-08-31T21:18:23.314550+00:00
042500,00352499,2015,Q1,2015-03-31,11013,OFS,NO_DATA,0,,2026-08-31T21:18:23.317936+00:00
042520,00349060,2015,Q1,2015-03-31,11013,OFS,NO_DATA,0,,2026-08-31T21:18:23.404602+00:00
042600,00147994,2015,Q1,2015-03-31,11013,OFS,NO_DATA,0,,2026-08-31T21:18:23.855907+00:00
042660,00111704,2015,Q1,2015-03-31,11013,OFS,NO_DATA,0,,2026-08-31T21:18:23.915285+00:00
042670,00344287,2015,Q1,2015-03-31,11013,OFS,NO_DATA,0,,2026-08-31T21:18:24.043819+00:00
042700,00161383,2015,Q1,2015-03-31,11013,OFS,NO_DATA,0,,2026-08-31T21:18:24.101082+00:00
042940,00232007,2015,Q1,2015-03-31,11013,OFS,NO_DATA,0,,2026-08-31T21:18:24.116226+00:00
043090,00351454,2015,Q1,2015-03-31,11013,OFS,NO_DATA,0,,2026-08-31T21:18:24.185540+00:00
043100,00220109,2015,Q1,2015-03-31,11013,OFS,NO_DATA,0,,2026-08-31T21:18:24.666235+00:00
043150,00264255,2015,Q1,2015-03-31,11013,OFS,NO_DATA,0,,2026-08-31T21:18:24.697155+00:00
043200,00266934,2015,Q1,2015-03-31,11013,OFS,NO_DATA,0,,2026-08-31T21:18:24.829132+00:00
043220,00317487,2015,Q1,2015-03-31,11013,OFS,NO_DATA,0,,2026-08-31T21:18:24.892056+00:00
043260,00317210,2015,Q1,2015-03-31,11013,OFS,NO_DATA,0,,2026-08-31T21:18:24.897353+00:00
043290,00297961,2015,Q1,2015-03-31,11013,OFS,NO_DATA,0,,2026-08-31T21:18:24.958427+00:00
000030,00254045,2015,FY,2015-12-31,11011,CFS,NO_DATA,0,,2026-09-01T01:56:34.103335+00:00
000020,00119195,2015,FY,2015-12-31,11011,CFS,NO_DATA,0,,2026-09-01T01:56:34.110194+00:00
000060,00117744,2015,FY,2015-12-31,11011,CFS,NO_DATA,0,,2026-09-01T01:56:34.118659+00:00
000040,00112378,2015,FY,2015-12-31,11011,CFS,OK,194,,2026-09-01T01:56:34.615758+00:00
000070,00126937,2015,FY,2015-12-31,11011,CFS,OK,253,,2026-09-01T01:56:34.704677+00:00
000050,00101628,2015,FY,2015-12-31,11011,CFS,OK,266,,2026-09-01T01:56:34.920238+00:00
000100,00145109,2015,FY,2015-12-31,11011,CFS,OK,207,,2026-09-01T01:56:35.223773+00:00
000120,00113410,2015,FY,2015-12-31,11011,CFS,OK,242,,2026-09-01T01:56:35.235638+00:00
000080,00150244,2015,FY,2015-12-31,11011,CFS,OK,297,,2026-09-01T01:56:35.263797+00:00
000140,00148993,2015,FY,2015-12-31,11011,CFS,OK,204,,2026-09-01T01:56:35.863258+00:00
000220,00144818,2015,FY,2015-12-31,11011,CFS,OK,160,,2026-09-01T01:56:36.438766+00:00
000240,00160047,2015,FY,2015-12-31,11011,CFS,NO_DATA,0,,2026-09-01T01:56:36.483917+00:00
000230,00146083,2015,FY,2015-12-31,11011,CFS,OK,151,,2026-09-01T01:56:36.490383+00:00
000180,00133335,2015,FY,2015-12-31,11011,CFS,OK,131,,2026-09-01T01:56:36.557558+00:00
000210,00109693,2015,FY,2015-12-31,11011,CFS,OK,222,,2026-09-01T01:56:36.566154+00:00
000150,00117212,2015,FY,2015-12-31,11011,CFS,OK,422,,2026-09-01T01:56:36.818802+00:00
000370,00135917,2015,FY,2015-12-31,11011,CFS,NO_DATA,0,,2026-09-01T01:56:37.431323+00:00
000270,00106641,2015,FY,2015-12-31,11011,CFS,OK,167,,2026-09-01T01:56:37.561637+00:00
000250,00128546,2015,FY,2015-12-31,11011,CFS,OK,221,,2026-09-01T01:56:37.613475+00:00
000300,00126089,2015,FY,2015-12-31,11011,CFS,OK,151,,2026-09-01T01:56:37.641396+00:00
000320,00113508,2015,FY,2015-12-31,11011,CFS,OK,263,,2026-09-01T01:56:37.813309+00:00
000360,00129411,2015,FY,2015-12-31,11011,CFS,OK,354,,2026-09-01T01:56:37.939392+00:00
000400,00113562,2015,FY,2015-12-31,11011,CFS,NO_DATA,0,,2026-09-01T01:56:38.190224+00:00
000390,00129387,2015,FY,2015-12-31,11011,CFS,OK,333,,2026-09-01T01:56:38.665850+00:00
000420,00120377,2015,FY,2015-12-31,11011,CFS,OK,170,,2026-09-01T01:56:38.735548+00:00
000430,00111847,2015,FY,2015-12-31,11011,CFS,OK,196,,2026-09-01T01:56:38.804480+00:00
000440,00149770,2015,FY,2015-12-31,11011,CFS,OK,130,,2026-09-01T01:56:38.828791+00:00
000480,00148984,2015,FY,2015-12-31,11011,CFS,OK,222,,2026-09-01T01:56:39.064673+00:00
000540,00103176,2015,FY,2015-12-31,11011,CFS,NO_DATA,0,,2026-09-01T01:56:39.398939+00:00
000490,00109286,2015,FY,2015-12-31,11011,CFS,OK,231,,2026-09-01T01:56:39.440718+00:00
000520,00128032,2015,FY,2015-12-31,11011,CFS,OK,134,,2026-09-01T01:56:39.724219+00:00
000500,00104768,2015,FY,2015-12-31,11011,CFS,OK,219,,2026-09-01T01:56:39.821573+00:00
000590,00149026,2015,FY,2015-12-31,11011,CFS,OK,137,,2026-09-01T01:56:39.835006+00:00
000650,00151395,2015,FY,2015-12-31,11011,CFS,NO_DATA,0,,2026-09-01T01:56:39.970346+00:00
000640,00116824,2015,FY,2015-12-31,11011,CFS,OK,317,,2026-09-01T01:56:40.307860+00:00
000660,00164779,2015,FY,2015-12-31,11011,CFS,OK,166,,2026-09-01T01:56:40.558459+00:00
000670,00141307,2015,FY,2015-12-31,11011,CFS,OK,175,,2026-09-01T01:56:40.832586+00:00
000720,00164478,2015,FY,2015-12-31,11011,CFS,OK,223,,2026-09-01T01:56:41.087213+00:00
000700,00163691,2015,FY,2015-12-31,11011,CFS,OK,207,,2026-09-01T01:56:41.094088+00:00
000680,00104698,2015,FY,2015-12-31,11011,CFS,OK,301,,2026-09-01T01:56:41.108998+00:00
000810,00139214,2015,FY,2015-12-31,11011,CFS,NO_DATA,0,,2026-09-01T01:56:41.405527+00:00
000760,00145686,2015,FY,2015-12-31,11011,CFS,OK,132,,2026-09-01T01:56:41.439181+00:00
000830,00126229,2015,FY,2015-12-31,11011,CFS,NO_DATA,0,,2026-09-01T01:56:41.665748+00:00
000800,00101257,2015,FY,2015-12-31,11011,CFS,OK,149,,2026-09-01T01:56:41.888953+00:00
000850,00166519,2015,FY,2015-12-31,11011,CFS,OK,130,,2026-09-01T01:56:42.104733+00:00
000860,00100939,2015,FY,2015-12-31,11011,CFS,OK,166,,2026-09-01T01:56:42.227023+00:00
000890,00123541,2015,FY,2015-12-31,11011,CFS,OK,189,,2026-09-01T01:56:42.671493+00:00
000880,00160588,2015,FY,2015-12-31,11011,CFS,OK,263,,2026-09-01T01:56:42.801014+00:00
000950,00147222,2015,FY,2015-12-31,11011,CFS,OK,129,,2026-09-01T01:56:42.911536+00:00
000910,00144252,2015,FY,2015-12-31,11011,CFS,OK,153,,2026-09-01T01:56:42.915703+00:00
000970,00159573,2015,FY,2015-12-31,11011,CFS,OK,131,,2026-09-01T01:56:43.092200+00:00
001000,00135999,2015,FY,2015-12-31,11011,CFS,NO_DATA,0,,2026-09-01T01:56:43.257984+00:00
000990,00160843,2015,FY,2015-12-31,11011,CFS,OK,225,,2026-09-01T01:56:43.469000+00:00
001060,00149947,2015,FY,2015-12-31,11011,CFS,OK,175,,2026-09-01T01:56:44.029726+00:00
001020,00134723,2015,FY,2015-12-31,11011,CFS,OK,305,,2026-09-01T01:56:44.107469+00:00
001040,00148540,2015,FY,2015-12-31,11011,CFS,OK,255,,2026-09-01T01:56:44.182636+00:00
001080,00120872,2015,FY,2015-12-31,11011,CFS,OK,108,,2026-09-01T01:56:44.232348+00:00
001070,00112970,2015,FY,2015-12-31,11011,CFS,OK,215,,2026-09-01T01:56:44.242851+00:00
001120,00120076,2015,FY,2015-12-31,11011,CFS,OK,205,,2026-09-01T01:56:44.584442+00:00
001200,00131054,2015,FY,2015-12-31,11011,CFS,NO_DATA,0,,2026-09-01T01:56:44.764971+00:00
001130,00113243,2015,FY,2015-12-31,11011,CFS,OK,198,,2026-09-01T01:56:45.152693+00:00
001140,00104519,2015,FY,2015-12-31,11011,CFS,OK,192,,2026-09-01T01:56:45.282706+00:00
001210,00106395,2015,FY,2015-12-31,11011,CFS,OK,197,,2026-09-01T01:56:45.346791+00:00
001230,00114792,2015,FY,2015-12-31,11011,CFS,OK,224,,2026-09-01T01:56:45.486907+00:00
001250,00138190,2015,FY,2015-12-31,11011,CFS,OK,227,,2026-09-01T01:56:45.688043+00:00
001270,00123772,2015,FY,2015-12-31,11011,CFS,NO_DATA,0,,2026-09-01T01:56:45.722657+00:00
001290,00112059,2015,FY,2015-12-31,11011,CFS,NO_DATA,0,,2026-09-01T01:56:45.858851+00:00
001260,00107066,2015,FY,2015-12-31,11011,CFS,OK,200,,2026-09-01T01:56:45.900084+00:00
001340,00122472,2015,FY,2015-12-31,11011,CFS,NO_DATA,0,,2026-09-01T01:56:45.924046+00:00
001420,00154055,2015,FY,2015-12-31,11011,CFS,NO_DATA,0,,2026-09-01T01:56:46.435284+00:00
001360,00126414,2015,FY,2015-12-31,11011,CFS,OK,163,,2026-09-01T01:56:46.626852+00:00
001380,00152039,2015,FY,2015-12-31,11011,CFS,OK,153,,2026-09-01T01:56:46.807350+00:00
001390,00101220,2015,FY,2015-12-31,11011,CFS,OK,221,,2026-09-01T01:56:46.847038+00:00
001430,00106669,2015,FY,2015-12-31,11011,CFS,OK,218,,2026-09-01T01:56:47.009992+00:00
001450,00164973,2015,FY,2015-12-31,11011,CFS,NO_DATA,0,,2026-09-01T01:56:47.012665+00:00
001440,00113207,2015,FY,2015-12-31,11011,CFS,OK,211,,2026-09-01T01:56:47.056533+00:00
001500,00137997,2015,FY,2015-12-31,11011,CFS,NO_DATA,0,,2026-09-01T01:56:47.426722+00:00
001510,00131850,2015,FY,2015-12-31,11011,CFS,NO_DATA,0,,2026-09-01T01:56:47.588762+00:00
001460,00122579,2015,FY,2015-12-31,11011,CFS,OK,136,,2026-09-01T01:56:47.601626+00:00
001470,00125974,2015,FY,2015-12-31,11011,CFS,OK,187,,2026-09-01T01:56:47.937711+00:00
001550,00148948,2015,FY,2015-12-31,11011,CFS,NO_DATA,0,,2026-09-01T01:56:48.167132+00:00
001530,00118345,2015,FY,2015-12-31,11011,CFS,OK,218,,2026-09-01T01:56:48.181366+00:00
001520,00117337,2015,FY,2015-12-31,11011,CFS,OK,255,,2026-09-01T01:56:48.260696+00:00
001540,00139205,2015,FY,2015-12-31,11011,CFS,OK,190,,2026-09-01T01:56:48.523719+00:00
001560,00148461,2015,FY,2015-12-31,11011,CFS,OK,152,,2026-09-01T01:56:48.634505+00:00
001570,00106119,2015,FY,2015-12-31,11011,CFS,OK,161,,2026-09-01T01:56:49.047015+00:00
001720,00136721,2015,FY,2015-12-31,11011,CFS,NO_DATA,0,,2026-09-01T01:56:49.095778+00:00
001620,00114765,2015,FY,2015-12-31,11011,CFS,OK,155,,2026-09-01T01:56:49.302497+00:00
001630,00149354,2015,FY,2015-12-31,11011,CFS,OK,236,,2026-09-01T01:56:49.309414+00:00
001680,00121941,2015,FY,2015-12-31,11011,CFS,OK,184,,2026-09-01T01:56:49.363948+00:00
001750,00162416,2015,FY,2015-12-31,11011,CFS,NO_DATA,0,,2026-09-01T01:56:49.628777+00:00
001770,00137809,2015,FY,2015-12-31,11011,CFS,NO_DATA,0,,2026-09-01T01:56:49.698519+00:00
001740,00131780,2015,FY,2015-12-31,11011,CFS,OK,179,,2026-09-01T01:56:49.746413+00:00
001840,00145668,2015,FY,2015-12-31,11011,CFS,NO_DATA,0,,2026-09-01T01:56:50.319335+00:00
001780,00117027,2015,FY,2015-12-31,11011,CFS,OK,208,,2026-09-01T01:56:50.430504+00:00
001810,00121507,2015,FY,2015-12-31,11011,CFS,OK,142,,2026-09-01T01:56:50.622295+00:00
001800,00117577,2015,FY,2015-12-31,11011,CFS,OK,275,,2026-09-01T01:56:50.657803+00:00
001820,00129350,2015,FY,2015-12-31,11011,CFS,OK,248,,2026-09-01T01:56:50.965840+00:00
001880,00128971,2015,FY,2015-12-31,11011,CFS,NO_DATA,0,,2026-09-01T01:56:51.063855+00:00
001790,00113234,2015,FY,2015-12-31,11011,CFS,OK,421,,2026-09-01T01:56:51.172840+00:00
001940,00159740,2015,FY,2015-12-31,11011,CFS,OK,141,,2026-09-01T01:56:51.416601+00:00
002000,00159005,2015,FY,2015-12-31,11011,CFS,OK,186,,2026-09-01T01:56:51.760722+00:00
002020,00152862,2015,FY,2015-12-31,11011,CFS,OK,336,,2026-09-01T01:56:51.908783+00:00
002070,00107677,2015,FY,2015-12-31,11011,CFS,OK,136,,2026-09-01T01:56:52.164507+00:00
002030,00138701,2015,FY,2015-12-31,11011,CFS,OK,253,,2026-09-01T01:56:52.217322+00:00
002150,00114552,2015,FY,2015-12-31,11011,CFS,NO_DATA,0,,2026-09-01T01:56:52.355258+00:00
002100,00101433,2015,FY,2015-12-31,11011,CFS,OK,245,,2026-09-01T01:56:52.405438+00:00
002140,00102751,2015,FY,2015-12-31,11011,CFS,OK,207,,2026-09-01T01:56:52.646788+00:00
002210,00116268,2015,FY,2015-12-31,11011,CFS,NO_DATA,0,,2026-09-01T01:56:52.787232+00:00
002170,00127042,2015,FY,2015-12-31,11011,CFS,OK,163,,2026-09-01T01:56:53.080539+00:00
002200,00158112,2015,FY,2015-12-31,11011,CFS,OK,96,,2026-09-01T01:56:53.154421+00:00
002220,00163196,2015,FY,2015-12-31,11011,CFS,OK,126,,2026-09-01T01:56:53.349440+00:00
002250,00105244,2015,FY,2015-12-31,11011,CFS,NO_DATA,0,,2026-09-01T01:56:53.376806+00:00
002230,00155638,2015,FY,2015-12-31,11011,CFS,OK,175,,2026-09-01T01:56:53.416167+00:00
002270,00120508,2015,FY,2015-12-31,11011,CFS,NO_DATA,0,,2026-09-01T01:56:53.668654+00:00
002290,00127936,2015,FY,2015-12-31,11011,CFS,NO_DATA,0,,2026-09-01T01:56:53.718368+00:00
002240,00103006,2015,FY,2015-12-31,11011,CFS,OK,171,,2026-09-01T01:56:53.747564+00:00
002300,00159412,2015,FY,2015-12-31,11011,CFS,OK,177,,2026-09-01T01:56:54.463964+00:00
002310,00138729,2015,FY,2015-12-31,11011,CFS,OK,186,,2026-09-01T01:56:54.481076+00:00
002320,00163512,2015,FY,2015-12-31,11011,CFS,OK,176,,2026-09-01T01:56:54.554923+00:00
002360,00136457,2015,FY,2015-12-31,11011,CFS,OK,138,,2026-09-01T01:56:54.751800+00:00
002350,00173874,2015,FY,2015-12-31,11011,CFS,OK,158,,2026-09-01T01:56:54.782532+00:00
002380,00105271,2015,FY,2015-12-31,11011,CFS,OK,222,,2026-09-01T01:56:54.890540+00:00
002460,00174527,2015,FY,2015-12-31,11011,CFS,NO_DATA,0,,2026-09-01T01:56:55.357481+00:00
002550,00120216,2015,FY,2015-12-31,11011,CFS,NO_DATA,0,,2026-09-01T01:56:55.465725+00:00
002390,00161046,2015,FY,2015-12-31,11011,CFS,OK,155,,2026-09-01T01:56:55.484630+00:00
002420,00133618,2015,FY,2015-12-31,11011,CFS,OK,143,,2026-09-01T01:56:55.570585+00:00
002410,00122694,2015,FY,2015-12-31,11011,CFS,OK,197,,2026-09-01T01:56:55.782708+00:00
002600,00149345,2015,FY,2015-12-31,11011,CFS,NO_DATA,0,,2026-09-01T01:56:55.931360+00:00
002450,00127857,2015,FY,2015-12-31,11011,CFS,OK,178,,2026-09-01T01:56:56.008086+00:00
002620,00148443,2015,FY,2015-12-31,11011,CFS,NO_DATA,0,,2026-09-01T01:56:56.060840+00:00
002690,00118451,2015,FY,2015-12-31,11011,CFS,NO_DATA,0,,2026-09-01T01:56:56.362786+00:00
002630,00141626,2015,FY,2015-12-31,11011,CFS,OK,200,,2026-09-01T01:56:56.617754+00:00
002680,00140566,2015,FY,2015-12-31,11011,CFS,OK,266,,2026-09-01T01:56:56.810675+00:00
002700,00173698,2015,FY,2015-12-31,11011,CFS,OK,120,,2026-09-01T01:56:56.896329+00:00
002760,00123107,2015,FY,2015-12-31,11011,CFS,NO_DATA,0,,2026-09-01T01:56:56.967372+00:00
002720,00104722,2015,FY,2015-12-31,11011,CFS,OK,135,,2026-09-01T01:56:57.035305+00:00
002710,00117300,2015,FY,2015-12-31,11011,CFS,OK,236,,2026-09-01T01:56:57.258013+00:00
002780,00150828,2015,FY,2015-12-31,11011,CFS,OK,107,,2026-09-01T01:56:57.592479+00:00
002790,00154462,2015,FY,2015-12-31,11011,CFS,OK,229,,2026-09-01T01:56:57.917918+00:00
002810,00127167,2015,FY,2015-12-31,11011,CFS,OK,143,,2026-09-01T01:56:58.014610+00:00
002870,00137368,2015,FY,2015-12-31,11011,CFS,OK,132,,2026-09-01T01:56:58.229259+00:00
002820,00132211,2015,FY,2015-12-31,11011,CFS,OK,215,,2026-09-01T01:56:58.260394+00:00
002840,00121932,2015,FY,2015-12-31,11011,CFS,OK,389,,2026-09-01T01:56:58.438651+00:00
002880,00149804,2015,FY,2015-12-31,11011,CFS,OK,173,,2026-09-01T01:56:58.750706+00:00
002960,00158149,2015,FY,2015-12-31,11011,CFS,NO_DATA,0,,2026-09-01T01:56:58.809354+00:00
002900,00117230,2015,FY,2015-12-31,11011,CFS,OK,123,,2026-09-01T01:56:59.134744+00:00
002920,00174004,2015,FY,2015-12-31,11011,CFS,OK,164,,2026-09-01T01:56:59.140466+00:00
002990,00106313,2015,FY,2015-12-31,11011,CFS,OK,248,,2026-09-01T01:56:59.423115+00:00
003000,00123718,2015,FY,2015-12-31,11011,CFS,OK,186,,2026-09-01T01:56:59.538784+00:00
003010,00165343,2015,FY,2015-12-31,11011,CFS,OK,204,,2026-09-01T01:56:59.908932+00:00
003030,00124197,2015,FY,2015-12-31,11011,CFS,OK,162,,2026-09-01T01:56:59.912287+00:00
003080,00132725,2015,FY,2015-12-31,11011,CFS,NO_DATA,0,,2026-09-01T01:56:59.993987+00:00
003060,00101044,2015,FY,2015-12-31,11011,CFS,OK,204,,2026-09-01T01:57:00.260101+00:00
003070,00152880,2015,FY,2015-12-31,11011,CFS,OK,275,,2026-09-01T01:57:00.447245+00:00
003120,00146214,2015,FY,2015-12-31,11011,CFS,NO_DATA,0,,2026-09-01T01:57:00.497260+00:00
003090,00111810,2015,FY,2015-12-31,11011,CFS,OK,254,,2026-09-01T01:57:00.835232+00:00
003100,00131896,2015,FY,2015-12-31,11011,CFS,OK,178,,2026-09-01T01:57:01.028972+00:00
003160,00118275,2015,FY,2015-12-31,11011,CFS,OK,176,,2026-09-01T01:57:01.108479+00:00
003200,00146269,2015,FY,2015-12-31,11011,CFS,OK,233,,2026-09-01T01:57:01.392919+00:00
003230,00126955,2015,FY,2015-12-31,11011,CFS,OK,126,,2026-09-01T01:57:01.468551+00:00
003220,00111999,2015,FY,2015-12-31,11011,CFS,OK,319,,2026-09-01T01:57:01.706981+00:00
003280,00167208,2015,FY,2015-12-31,11011,CFS,OK,180,,2026-09-01T01:57:02.047136+00:00
003350,00160621,2015,FY,2015-12-31,11011,CFS,NO_DATA,0,,2026-09-01T01:57:02.049892+00:00
003240,00153393,2015,FY,2015-12-31,11011,CFS,OK,310,,2026-09-01T01:57:02.075968+00:00
003300,00162993,2015,FY,2015-12-31,11011,CFS,OK,158,,2026-09-01T01:57:02.116322+00:00
003380,00148364,2015,FY,2015-12-31,11011,CFS,NO_DATA,0,,2026-09-01T01:57:02.283137+00:00
003310,00112457,2015,FY,2015-12-31,11011,CFS,OK,149,,2026-09-01T01:57:02.379732+00:00
003450,00164876,2015,FY,2015-12-31,11011,CFS,NO_DATA,0,,2026-09-01T01:57:02.652488+00:00
003460,00145190,2015,FY,2015-12-31,11011,CFS,NO_DATA,0,,2026-09-01T01:57:02.663651+00:00
003470,00117601,2015,FY,2015-12-31,11011,CFS,NO_DATA,0,,2026-09-01T01:57:02.684773+00:00
003410,00138224,2015,FY,2015-12-31,11011,CFS,OK,198,,2026-09-01T01:57:03.172723+00:00
003520,00141149,2015,FY,2015-12-31,11011,CFS,NO_DATA,0,,2026-09-01T01:57:03.223312+00:00
003530,00148610,2015,FY,2015-12-31,11011,CFS,NO_DATA,0,,2026-09-01T01:57:03.239021+00:00
003540,00110893,2015,FY,2015-12-31,11011,CFS,NO_DATA,0,,2026-09-01T01:57:03.261309+00:00
003480,00163673,2015,FY,2015-12-31,11011,CFS,OK,185,,2026-09-01T01:57:03.416998+00:00
003490,00113526,2015,FY,2015-12-31,11011,CFS,OK,326,,2026-09-01T01:57:03.622095+00:00
003580,00169048,2015,FY,2015-12-31,11011,CFS,NO_DATA,0,,2026-09-01T01:57:03.851909+00:00
003600,00144155,2015,FY,2015-12-31,11011,CFS,NO_DATA,0,,2026-09-01T01:57:04.006757+00:00
003560,00154426,2015,FY,2015-12-31,11011,CFS,OK,152,,2026-09-01T01:57:04.232055+00:00
003550,00120021,2015,FY,2015-12-31,11011,CFS,OK,256,,2026-09-01T01:57:04.280285+00:00
003570,00134477,2015,FY,2015-12-31,11011,CFS,OK,245,,2026-09-01T01:57:04.523529+00:00
003640,00140380,2015,FY,2015-12-31,11011,CFS,NO_DATA,0,,2026-09-01T01:57:04.595569+00:00
003650,00122056,2015,FY,2015-12-31,11011,CFS,NO_DATA,0,,2026-09-01T01:57:04.804385+00:00
003620,00138242,2015,FY,2015-12-31,11011,CFS,OK,156,,2026-09-01T01:57:04.826212+00:00
003610,00122348,2015,FY,2015-12-31,11011,CFS,OK,124,,2026-09-01T01:57:04.874067+00:00
003690,00113191,2015,FY,2015-12-31,11011,CFS,NO_DATA,0,,2026-09-01T01:57:05.186513+00:00
003670,00155276,2015,FY,2015-12-31,11011,CFS,OK,172,,2026-09-01T01:57:05.325214+00:00
003680,00161860,2015,FY,2015-12-31,11011,CFS,NO_DATA,0,,2026-09-01T01:57:05.384422+00:00
003830,00113544,2015,FY,2015-12-31,11011,CFS,NO_DATA,0,,2026-09-01T01:57:05.781620+00:00
003720,00127255,2015,FY,2015-12-31,11011,CFS,OK,139,,2026-09-01T01:57:05.857477+00:00
003850,00123143,2015,FY,2015-12-31,11011,CFS,NO_DATA,0,,2026-09-01T01:57:05.893840+00:00
003780,00150439,2015,FY,2015-12-31,11011,CFS,OK,166,,2026-09-01T01:57:05.924190+00:00
003800,00140052,2015,FY,2015-12-31,11011,CFS,OK,148,,2026-09-01T01:57:05.984438+00:00
003940,00132105,2015,FY,2015-12-31,11011,CFS,NO_DATA,0,,2026-09-01T01:57:06.353611+00:00
003920,00107598,2015,FY,2015-12-31,11011,CFS,OK,196,,2026-09-01T01:57:06.485949+00:00
003960,00109718,2015,FY,2015-12-31,11011,CFS,OK,189,,2026-09-01T01:57:06.964101+00:00
004000,00157681,2015,FY,2015-12-31,11011,CFS,OK,179,,2026-09-01T01:57:07.047683+00:00
004060,00133511,2015,FY,2015-12-31,11011,CFS,OK,145,,2026-09-01T01:57:07.077507+00:00
004020,00145880,2015,FY,2015-12-31,11011,CFS,OK,196,,2026-09-01T01:57:07.175449+00:00
004080,00173795,2015,FY,2015-12-31,11011,CFS,OK,131,,2026-09-01T01:57:07.328839+00:00
004090,00157991,2015,FY,2015-12-31,11011,CFS,OK,165,,2026-09-01T01:57:07.513728+00:00
004200,00102681,2015,FY,2015-12-31,11011,CFS,NO_DATA,0,,2026-09-01T01:57:08.092421+00:00
004130,00109170,2015,FY,2015-12-31,11011,CFS,OK,168,,2026-09-01T01:57:08.119029+00:00
004100,00153755,2015,FY,2015-12-31,11011,CFS,OK,343,,2026-09-01T01:57:08.212475+00:00
004140,00115287,2015,FY,2015-12-31,11011,CFS,OK,241,,2026-09-01T01:57:08.263217+00:00
004170,00136378,2015,FY,2015-12-31,11011,CFS,OK,170,,2026-09-01T01:57:08.416528+00:00
004150,00171636,2015,FY,2015-12-31,11011,CFS,OK,306,,2026-09-01T01:57:08.433824+00:00
004310,00164706,2015,FY,2015-12-31,11011,CFS,NO_DATA,0,,2026-09-01T01:57:08.780104+00:00
004250,00108038,2015,FY,2015-12-31,11011,CFS,OK,153,,2026-09-01T01:57:09.200304+00:00
004270,00172185,2015,FY,2015-12-31,11011,CFS,OK,162,,2026-09-01T01:57:09.230207+00:00
004320,00144766,2015,FY,2015-12-31,11011,CFS,OK,145,,2026-09-01T01:57:09.234391+00:00
004380,00127802,2015,FY,2015-12-31,11011,CFS,NO_DATA,0,,2026-09-01T01:57:09.367525+00:00
004370,00108241,2015,FY,2015-12-31,11011,CFS,OK,145,,2026-09-01T01:57:09.401521+00:00
004360,00133812,2015,FY,2015-12-31,11011,CFS,OK,192,,2026-09-01T01:57:09.531102+00:00
004440,00109806,2015,FY,2015-12-31,11011,CFS,NO_DATA,0,,2026-09-01T01:57:09.816651+00:00
004450,00129235,2015,FY,2015-12-31,11011,CFS,NO_DATA,0,,2026-09-01T01:57:09.953819+00:00
004430,00134963,2015,FY,2015-12-31,11011,CFS,OK,159,,2026-09-01T01:57:10.335684+00:00
004410,00130879,2015,FY,2015-12-31,11011,CFS,OK,172,,2026-09-01T01:57:10.430685+00:00
004490,00133858,2015,FY,2015-12-31,11011,CFS,OK,174,,2026-09-01T01:57:10.538275+00:00
004540,00113492,2015,FY,2015-12-31,11011,CFS,OK,206,,2026-09-01T01:57:10.655524+00:00
004560,00125743,2015,FY,2015-12-31,11011,CFS,OK,129,,2026-09-01T01:57:10.805305+00:00
004590,00156442,2015,FY,2015-12-31,11011,CFS,OK,166,,2026-09-01T01:57:11.289302+00:00
004700,00148939,2015,FY,2015-12-31,11011,CFS,OK,138,,2026-09-01T01:57:16.343183+00:00
004650,00123523,2015,FY,2015-12-31,11011,CFS,OK,212,,2026-09-01T01:57:16.480033+00:00
004710,00157399,2015,FY,2015-12-31,11011,CFS,OK,149,,2026-09-01T01:57:16.505216+00:00
004740,00123152,2015,FY,2015-12-31,11011,CFS,OK,182,,2026-09-01T01:57:16.514028+00:00
004720,00135050,2015,FY,2015-12-31,11011,CFS,OK,239,,2026-09-01T01:57:16.524821+00:00
004690,00128555,2015,FY,2015-12-31,11011,CFS,OK,241,,2026-09-01T01:57:16.645749+00:00
004780,00109587,2015,FY,2015-12-31,11011,CFS,NO_DATA,0,,2026-09-01T01:57:17.058487+00:00
004770,00138057,2015,FY,2015-12-31,11011,CFS,OK,167,,2026-09-01T01:57:17.363967+00:00
004840,00118266,2015,FY,2015-12-31,11011,CFS,OK,143,,2026-09-01T01:57:17.526299+00:00
004800,00117188,2015,FY,2015-12-31,11011,CFS,OK,178,,2026-09-01T01:57:17.620049+00:00
004830,00114093,2015,FY,2015-12-31,11011,CFS,OK,193,,2026-09-01T01:57:17.635732+00:00
004870,00109514,2015,FY,2015-12-31,11011,CFS,OK,143,,2026-09-01T01:57:17.654350+00:00
004890,00172936,2015,FY,2015-12-31,11011,CFS,OK,198,,2026-09-01T01:57:18.160525+00:00
004910,00148920,2015,FY,2015-12-31,11011,CFS,OK,127,,2026-09-01T01:57:18.481859+00:00
004920,00127158,2015,FY,2015-12-31,11011,CFS,OK,172,,2026-09-01T01:57:18.643276+00:00
004980,00132804,2015,FY,2015-12-31,11011,CFS,OK,200,,2026-09-01T01:57:18.747934+00:00
004970,00135962,2015,FY,2015-12-31,11011,CFS,OK,190,,2026-09-01T01:57:18.755054+00:00
004960,00162063,2015,FY,2015-12-31,11011,CFS,OK,242,,2026-09-01T01:57:18.905354+00:00
004990,00120562,2015,FY,2015-12-31,11011,CFS,OK,226,,2026-09-01T01:57:19.285463+00:00
005070,00129989,2015,FY,2015-12-31,11011,CFS,NO_DATA,0,,2026-09-01T01:57:19.337983+00:00
005010,00156488,2015,FY,2015-12-31,11011,CFS,OK,159,,2026-09-01T01:57:19.588789+00:00
005030,00124151,2015,FY,2015-12-31,11011,CFS,NO_DATA,0,,2026-09-01T01:57:19.662506+00:00
005090,00125150,2015,FY,2015-12-31,11011,CFS,OK,191,,2026-09-01T01:57:19.871288+00:00
005110,00163716,2015,FY,2015-12-31,11011,CFS,OK,311,,2026-09-01T01:57:20.192861+00:00
005180,00124726,2015,FY,2015-12-31,11011,CFS,OK,143,,2026-09-01T01:57:20.305982+00:00
005160,00172680,2015,FY,2015-12-31,11011,CFS,OK,302,,2026-09-01T01:57:20.544024+00:00
005190,00116356,2015,FY,2015-12-31,11011,CFS,OK,199,,2026-09-01T01:57:20.698712+00:00
005250,00108135,2015,FY,2015-12-31,11011,CFS,OK,246,,2026-09-01T01:57:20.825112+00:00
005290,00118804,2015,FY,2015-12-31,11011,CFS,OK,233,,2026-09-01T01:57:21.148336+00:00
005300,00120571,2015,FY,2015-12-31,11011,CFS,OK,180,,2026-09-01T01:57:21.321418+00:00
005320,00168331,2015,FY,2015-12-31,11011,CFS,OK,178,,2026-09-01T01:57:21.409135+00:00
005380,00164742,2015,FY,2015-12-31,11011,CFS,OK,205,,2026-09-01T01:57:21.828831+00:00
005390,00136341,2015,FY,2015-12-31,11011,CFS,OK,174,,2026-09-01T01:57:21.939357+00:00
005360,00121288,2015,FY,2015-12-31,11011,CFS,OK,206,,2026-09-01T01:57:22.079172+00:00
005420,00160302,2015,FY,2015-12-31,11011,CFS,OK,239,,2026-09-01T01:57:22.345176+00:00
005430,00156691,2015,FY,2015-12-31,11011,CFS,OK,201,,2026-09-01T01:57:22.457312+00:00
005440,00105280,2015,FY,2015-12-31,11011,CFS,OK,170,,2026-09-01T01:57:22.508405+00:00
005500,00128412,2015,FY,2015-12-31,11011,CFS,NO_DATA,0,,2026-09-01T01:57:22.658280+00:00
005450,00173740,2015,FY,2015-12-31,11011,CFS,OK,229,,2026-09-01T01:57:22.935713+00:00
005490,00155319,2015,FY,2015-12-31,11011,CFS,OK,190,,2026-09-01T01:57:23.055367+00:00
005690,00145163,2015,FY,2015-12-31,11011,CFS,NO_DATA,0,,2026-09-01T01:57:23.515575+00:00
005670,00165103,2015,FY,2015-12-31,11011,CFS,OK,164,,2026-09-01T01:57:23.565580+00:00
005610,00125530,2015,FY,2015-12-31,11011,CFS,OK,267,,2026-09-01T01:57:23.584631+00:00
005620,00110495,2015,FY,2015-12-31,11011,CFS,OK,236,,2026-09-01T01:57:23.623899+00:00
005680,00127200,2015,FY,2015-12-31,11011,CFS,OK,160,,2026-09-01T01:57:23.693588+00:00
005710,00111874,2015,FY,2015-12-31,11011,CFS,OK,196,,2026-09-01T01:57:24.204010+00:00
005800,00136624,2015,FY,2015-12-31,11011,CFS,OK,125,,2026-09-01T01:57:24.618582+00:00
005720,00167192,2015,FY,2015-12-31,11011,CFS,OK,199,,2026-09-01T01:57:24.650675+00:00
005740,00153126,2015,FY,2015-12-31,11011,CFS,OK,216,,2026-09-01T01:57:24.669057+00:00
005750,00109754,2015,FY,2015-12-31,11011,CFS,OK,194,,2026-09-01T01:57:24.738581+00:00
005810,00155531,2015,FY,2015-12-31,11011,CFS,OK,287,,2026-09-01T01:57:24.944771+00:00
005830,00159102,2015,FY,2015-12-31,11011,CFS,NO_DATA,0,,2026-09-01T01:57:25.187172+00:00
005870,00111421,2015,FY,2015-12-31,11011,CFS,NO_DATA,0,,2026-09-01T01:57:25.327674+00:00
005820,00143794,2015,FY,2015-12-31,11011,CFS,OK,203,,2026-09-01T01:57:25.533349+00:00
005850,00125521,2015,FY,2015-12-31,11011,CFS,OK,185,,2026-09-01T01:57:25.792895+00:00
005860,00162911,2015,FY,2015-12-31,11011,CFS,OK,233,,2026-09-01T01:57:25.907200+00:00
005940,00120182,2015,FY,2015-12-31,11011,CFS,NO_DATA,0,,2026-09-01T01:57:25.909960+00:00
005880,00113535,2015,FY,2015-12-31,11011,CFS,OK,196,,2026-09-01T01:57:26.041636+00:00
005930,00126380,2015,FY,2015-12-31,11011,CFS,OK,184,,2026-09-01T01:57:26.302367+00:00
005980,00133238,2015,FY,2015-12-31,11011,CFS,NO_DATA,0,,2026-09-01T01:57:26.517383+00:00
005950,00145552,2015,FY,2015-12-31,11011,CFS,OK,197,,2026-09-01T01:57:26.650752+00:00
006050,00104537,2015,FY,2015-12-31,11011,CFS,NO_DATA,0,,2026-09-01T01:57:26.888296+00:00
005960,00115612,2015,FY,2015-12-31,11011,CFS,OK,182,,2026-09-01T01:57:26.908250+00:00
005990,00120924,2015,FY,2015-12-31,11011,CFS,OK,174,,2026-09-01T01:57:27.032255+00:00
006040,00118026,2015,FY,2015-12-31,11011,CFS,OK,235,,2026-09-01T01:57:27.148573+00:00
006090,00141875,2015,FY,2015-12-31,11011,CFS,NO_DATA,0,,2026-09-01T01:57:27.240744+00:00
006110,00126779,2015,FY,2015-12-31,11011,CFS,NO_DATA,0,,2026-09-01T01:57:27.473382+00:00
006140,00155735,2015,FY,2015-12-31,11011,CFS,NO_DATA,0,,2026-09-01T01:57:27.604755+00:00
006060,00166227,2015,FY,2015-12-31,11011,CFS,OK,259,,2026-09-01T01:57:27.656060+00:00
006220,00148832,2015,FY,2015-12-31,11011,CFS,NO_DATA,0,,2026-09-01T01:57:27.822841+00:00
006120,00131832,2015,FY,2015-12-31,11011,CFS,OK,175,,2026-09-01T01:57:28.032255+00:00
006200,00159254,2015,FY,2015-12-31,11011,CFS,OK,196,,2026-09-01T01:57:28.307205+00:00
006340,00260392,2015,FY,2015-12-31,11011,CFS,OK,132,,2026-09-01T01:57:28.643306+00:00
006280,00129679,2015,FY,2015-12-31,11011,CFS,OK,195,,2026-09-01T01:57:28.734061+00:00
006260,00105952,2015,FY,2015-12-31,11011,CFS,OK,240,,2026-09-01T01:57:28.737504+00:00
006380,00159810,2015,FY,2015-12-31,11011,CFS,NO_DATA,0,,2026-09-01T01:57:28.920463+00:00
006360,00120030,2015,FY,2015-12-31,11011,CFS,OK,220,,2026-09-01T01:57:28.959925+00:00
006370,00108977,2015,FY,2015-12-31,11011,CFS,OK,153,,2026-09-01T01:57:29.080454+00:00
006390,00164672,2015,FY,2015-12-31,11011,CFS,NO_DATA,0,,2026-09-01T01:57:29.213404+00:00
006490,00122825,2015,FY,2015-12-31,11011,CFS,OK,155,,2026-09-01T01:57:29.858624+00:00
006400,00126362,2015,FY,2015-12-31,11011,CFS,OK,202,,2026-09-01T01:57:29.888212+00:00
006580,00111227,2015,FY,2015-12-31,11011,CFS,OK,167,,2026-09-01T01:57:30.072129+00:00
006650,00260383,2015,FY,2015-12-31,11011,CFS,OK,139,,2026-09-01T01:57:30.215299+00:00
006660,00126201,2015,FY,2015-12-31,11011,CFS,OK,230,,2026-09-01T01:57:30.360196+00:00
006570,00109824,2015,FY,2015-12-31,11011,CFS,OK,271,,2026-09-01T01:57:30.413315+00:00
006740,00141404,2015,FY,2015-12-31,11011,CFS,NO_DATA,0,,2026-09-01T01:57:30.463567+00:00
006800,00111722,2015,FY,2015-12-31,11011,CFS,NO_DATA,0,,2026-09-01T01:57:30.661652+00:00
006730,00130383,2015,FY,2015-12-31,11011,CFS,OK,279,,2026-09-01T01:57:31.011231+00:00
006880,00136402,2015,FY,2015-12-31,11011,CFS,OK,132,,2026-09-01T01:57:31.365807+00:00
006890,00109161,2015,FY,2015-12-31,11011,CFS,OK,117,,2026-09-01T01:57:31.386675+00:00
006840,00125080,2015,FY,2015-12-31,11011,CFS,OK,285,,2026-09-01T01:57:31.461264+00:00
006920,00163318,2015,FY,2015-12-31,11011,CFS,OK,114,,2026-09-01T01:57:31.635388+00:00
006910,00267881,2015,FY,2015-12-31,11011,CFS,OK,298,,2026-09-01T01:57:31.879621+00:00
007110,00146296,2015,FY,2015-12-31,11011,CFS,NO_DATA,0,,2026-09-01T01:57:31.965158+00:00
006980,00142661,2015,FY,2015-12-31,11011,CFS,OK,177,,2026-09-01T01:57:32.134529+00:00
007070,00140177,2015,FY,2015-12-31,11011,CFS,OK,151,,2026-09-01T01:57:32.417403+00:00
007190,00137702,2015,FY,2015-12-31,11011,CFS,NO_DATA,0,,2026-09-01T01:57:32.458952+00:00
007120,00104786,2015,FY,2015-12-31,11011,CFS,OK,251,,2026-09-01T01:57:32.698809+00:00
007280,00124090,2015,FY,2015-12-31,11011,CFS,NO_DATA,0,,2026-09-01T01:57:32.703365+00:00
007160,00124799,2015,FY,2015-12-31,11011,CFS,OK,254,,2026-09-01T01:57:32.917973+00:00
007210,00122898,2015,FY,2015-12-31,11011,CFS,OK,148,,2026-09-01T01:57:32.978970+00:00
007330,00124805,2015,FY,2015-12-31,11011,CFS,NO_DATA,0,,2026-09-01T01:57:33.028438+00:00
007370,00150536,2015,FY,2015-12-31,11011,CFS,NO_DATA,0,,2026-09-01T01:57:33.297050+00:00
007390,00117276,2015,FY,2015-12-31,11011,CFS,NO_DATA,0,,2026-09-01T01:57:33.496207+00:00
007310,00141529,2015,FY,2015-12-31,11011,CFS,OK,180,,2026-09-01T01:57:33.519441+00:00
007460,00152385,2015,FY,2015-12-31,11011,CFS,NO_DATA,0,,2026-09-01T01:57:33.555465+00:00
007340,00116949,2015,FY,2015-12-31,11011,CFS,OK,158,,2026-09-01T01:57:33.806237+00:00
007530,00140858,2015,FY,2015-12-31,11011,CFS,OK,156,,2026-09-01T01:57:34.128366+00:00
007540,00130091,2015,FY,2015-12-31,11011,CFS,OK,135,,2026-09-01T01:57:34.286308+00:00
007630,00167280,2015,FY,2015-12-31,11011,CFS,NO_DATA,0,,2026-09-01T01:57:34.393270+00:00
007590,00115384,2015,FY,2015-12-31,11011,CFS,OK,154,,2026-09-01T01:57:34.640219+00:00
007570,00146454,2015,FY,2015-12-31,11011,CFS,OK,259,,2026-09-01T01:57:34.745752+00:00
007610,00131939,2015,FY,2015-12-31,11011,CFS,OK,283,,2026-09-01T01:57:34.759778+00:00
007660,00107613,2015,FY,2015-12-31,11011,CFS,OK,168,,2026-09-01T01:57:35.167931+00:00
007700,00126487,2015,FY,2015-12-31,11011,CFS,OK,123,,2026-09-01T01:57:35.373352+00:00
007690,00104388,2015,FY,2015-12-31,11011,CFS,OK,175,,2026-09-01T01:57:35.388472+00:00
007720,00104810,2015,FY,2015-12-31,11011,CFS,OK,152,,2026-09-01T01:57:35.657791+00:00
007770,00267979,2015,FY,2015-12-31,11011,CFS,OK,130,,2026-09-01T01:57:35.765271+00:00
007810,00152686,2015,FY,2015-12-31,11011,CFS,OK,221,,2026-09-01T01:57:35.917415+00:00
007820,00137915,2015,FY,2015-12-31,11011,CFS,OK,207,,2026-09-01T01:57:36.269557+00:00
007860,00163114,2015,FY,2015-12-31,11011,CFS,OK,218,,2026-09-01T01:57:36.500486+00:00
007980,00154329,2015,FY,2015-12-31,11011,CFS,OK,211,,2026-09-01T01:57:36.507730+00:00
008000,00148717,2015,FY,2015-12-31,11011,CFS,OK,243,,2026-09-01T01:57:36.773115+00:00
008060,00109189,2015,FY,2015-12-31,11011,CFS,NO_DATA,0,,2026-09-01T01:57:36.835436+00:00
008020,00101336,2015,FY,2015-12-31,11011,CFS,OK,141,,2026-09-01T01:57:36.887249+00:00
008040,00137252,2015,FY,2015-12-31,11011,CFS,OK,191,,2026-09-01T01:57:37.046783+00:00
008260,00116301,2015,FY,2015-12-31,11011,CFS,NO_DATA,0,,2026-09-01T01:57:37.356405+00:00
008350,00107224,2015,FY,2015-12-31,11011,CFS,NO_DATA,0,,2026-09-01T01:57:37.488536+00:00
008110,00157104,2015,FY,2015-12-31,11011,CFS,OK,160,,2026-09-01T01:57:37.543029+00:00
008250,00145446,2015,FY,2015-12-31,11011,CFS,OK,201,,2026-09-01T01:57:37.639787+00:00
008420,00121570,2015,FY,2015-12-31,11011,CFS,NO_DATA,0,,2026-09-01T01:57:37.924228+00:00
008370,00144012,2015,FY,2015-12-31,11011,CFS,OK,123,,2026-09-01T01:57:38.035154+00:00
008290,00144021,2015,FY,2015-12-31,11011,CFS,OK,199,,2026-09-01T01:57:38.062652+00:00
008470,00124276,2015,FY,2015-12-31,11011,CFS,NO_DATA,0,,2026-09-01T01:57:38.074409+00:00
008560,00163682,2015,FY,2015-12-31,11011,CFS,NO_DATA,0,,2026-09-01T01:57:38.521359+00:00
008500,00146542,2015,FY,2015-12-31,11011,CFS,OK,118,,2026-09-01T01:57:38.627313+00:00
008730,00145260,2015,FY,2015-12-31,11011,CFS,NO_DATA,0,,2026-09-01T01:57:38.645469+00:00
008490,00131692,2015,FY,2015-12-31,11011,CFS,OK,179,,2026-09-01T01:57:38.654497+00:00
008700,00138516,2015,FY,2015-12-31,11011,CFS,OK,142,,2026-09-01T01:57:39.067969+00:00
008600,00104999,2015,FY,2015-12-31,11011,CFS,OK,163,,2026-09-01T01:57:39.133910+00:00
008830,00109310,2015,FY,2015-12-31,11011,CFS,NO_DATA,0,,2026-09-01T01:57:39.245225+00:00
008770,00165680,2015,FY,2015-12-31,11011,CFS,OK,195,,2026-09-01T01:57:39.635503+00:00
008900,00138127,2015,FY,2015-12-31,11011,CFS,NO_DATA,0,,2026-09-01T01:57:39.650547+00:00
008800,00164362,2015,FY,2015-12-31,11011,CFS,OK,152,,2026-09-01T01:57:39.761649+00:00
008870,00168401,2015,FY,2015-12-31,11011,CFS,OK,200,,2026-09-01T01:57:39.885086+00:00
008970,00117629,2015,FY,2015-12-31,11011,CFS,OK,107,,2026-09-01T01:57:40.247446+00:00
008930,00161426,2015,FY,2015-12-31,11011,CFS,OK,306,,2026-09-01T01:57:40.358604+00:00
009070,00103042,2015,FY,2015-12-31,11011,CFS,OK,150,,2026-09-01T01:57:40.616581+00:00
009140,00102140,2015,FY,2015-12-31,11011,CFS,OK,229,,2026-09-01T01:57:40.770197+00:00
009190,00111111,2015,FY,2015-12-31,11011,CFS,NO_DATA,0,,2026-09-01T01:57:40.940419+00:00
009160,00138260,2015,FY,2015-12-31,11011,CFS,OK,198,,2026-09-01T01:57:41.050345+00:00
009150,00126371,2015,FY,2015-12-31,11011,CFS,OK,179,,2026-09-01T01:57:41.204633+00:00
009180,00140946,2015,FY,2015-12-31,11011,CFS,OK,201,,2026-09-01T01:57:41.368467+00:00
009200,00136086,2015,FY,2015-12-31,11011,CFS,OK,181,,2026-09-01T01:57:41.763306+00:00
009240,00161693,2015,FY,2015-12-31,11011,CFS,OK,147,,2026-09-01T01:57:41.776911+00:00
009300,00126788,2015,FY,2015-12-31,11011,CFS,NO_DATA,0,,2026-09-01T01:57:41.803467+00:00
009270,00136864,2015,FY,2015-12-31,11011,CFS,OK,206,,2026-09-01T01:57:42.053260+00:00
009290,00103592,2015,FY,2015-12-31,11011,CFS,OK,193,,2026-09-01T01:57:42.162566+00:00
009310,00153621,2015,FY,2015-12-31,11011,CFS,OK,262,,2026-09-01T01:57:42.611697+00:00
009410,00153861,2015,FY,2015-12-31,11011,CFS,OK,222,,2026-09-01T01:57:42.895960+00:00
009320,00111689,2015,FY,2015-12-31,11011,CFS,OK,187,,2026-09-01T01:57:42.920359+00:00
009420,00162586,2015,FY,2015-12-31,11011,CFS,OK,171,,2026-09-01T01:57:42.923805+00:00
009450,00101488,2015,FY,2015-12-31,11011,CFS,OK,131,,2026-09-01T01:57:43.147186+00:00
009460,00163761,2015,FY,2015-12-31,11011,CFS,NO_DATA,0,,2026-09-01T01:57:43.193842+00:00
009440,00159971,2015,FY,2015-12-31,11011,CFS,OK,472,,2026-09-01T01:57:43.562710+00:00
009470,00129271,2015,FY,2015-12-31,11011,CFS,OK,145,,2026-09-01T01:57:43.877028+00:00
009520,00128111,2015,FY,2015-12-31,11011,CFS,OK,165,,2026-09-01T01:57:44.060289+00:00
009540,00164830,2015,FY,2015-12-31,11011,CFS,OK,205,,2026-09-01T01:57:44.210306+00:00
009580,00119007,2015,FY,2015-12-31,11011,CFS,OK,191,,2026-09-01T01:57:44.258360+00:00
009620,00125822,2015,FY,2015-12-31,11011,CFS,OK,171,,2026-09-01T01:57:44.299313+00:00
009770,00128227,2015,FY,2015-12-31,11011,CFS,NO_DATA,0,,2026-09-01T01:57:44.633219+00:00
009680,00151128,2015,FY,2015-12-31,11011,CFS,OK,184,,2026-09-01T01:57:44.680041+00:00
009730,00116426,2015,FY,2015-12-31,11011,CFS,OK,224,,2026-09-01T01:57:44.993000+00:00
010040,00160205,2015,FY,2015-12-31,11011,CFS,NO_DATA,0,,2026-09-01T01:57:45.249960+00:00
009780,00121154,2015,FY,2015-12-31,11011,CFS,OK,144,,2026-09-01T01:57:45.306166+00:00
009810,00103130,2015,FY,2015-12-31,11011,CFS,OK,153,,2026-09-01T01:57:45.360190+00:00
009830,00162461,2015,FY,2015-12-31,11011,CFS,OK,161,,2026-09-01T01:57:45.423655+00:00
010050,00104102,2015,FY,2015-12-31,11011,CFS,NO_DATA,0,,2026-09-01T01:57:45.579233+00:00
009970,00140964,2015,FY,2015-12-31,11011,CFS,OK,188,,2026-09-01T01:57:45.746619+00:00
010060,00148896,2015,FY,2015-12-31,11011,CFS,OK,215,,2026-09-01T01:57:46.353273+00:00
010100,00160418,2015,FY,2015-12-31,11011,CFS,OK,220,,2026-09-01T01:57:46.479538+00:00
010130,00102858,2015,FY,2015-12-31,11011,CFS,OK,167,,2026-09-01T01:57:46.571539+00:00
010120,00105855,2015,FY,2015-12-31,11011,CFS,OK,240,,2026-09-01T01:57:46.589765+00:00
010140,00126478,2015,FY,2015-12-31,11011,CFS,OK,163,,2026-09-01T01:57:46.687062+00:00
010170,00113261,2015,FY,2015-12-31,11011,CFS,OK,172,,2026-09-01T01:57:46.968435+00:00
010420,00103626,2015,FY,2015-12-31,11011,CFS,NO_DATA,0,,2026-09-01T01:57:47.142423+00:00
010520,00164469,2015,FY,2015-12-31,11011,CFS,NO_DATA,0,,2026-09-01T01:57:47.260633+00:00
010240,00167031,2015,FY,2015-12-31,11011,CFS,OK,134,,2026-09-01T01:57:47.319286+00:00
010280,00138303,2015,FY,2015-12-31,11011,CFS,OK,117,,2026-09-01T01:57:47.445172+00:00
010580,00147860,2015,FY,2015-12-31,11011,CFS,NO_DATA,0,,2026-09-01T01:57:47.533261+00:00
010470,00141671,2015,FY,2015-12-31,11011,CFS,OK,147,,2026-09-01T01:57:47.690388+00:00
010640,00160375,2015,FY,2015-12-31,11011,CFS,NO_DATA,0,,2026-09-01T01:57:47.896084+00:00
010660,00166500,2015,FY,2015-12-31,11011,CFS,NO_DATA,0,,2026-09-01T01:57:48.023497+00:00
010600,00141273,2015,FY,2015-12-31,11011,CFS,OK,128,,2026-09-01T01:57:48.118770+00:00
010620,00164609,2015,FY,2015-12-31,11011,CFS,OK,166,,2026-09-01T01:57:48.356605+00:00
010770,00155124,2015,FY,2015-12-31,11011,CFS,OK,168,,2026-09-01T01:57:48.797913+00:00
010690,00166315,2015,FY,2015-12-31,11011,CFS,OK,165,,2026-09-01T01:57:48.819727+00:00
010820,00148522,2015,FY,2015-12-31,11011,CFS,OK,134,,2026-09-01T01:57:49.027453+00:00
010780,00115977,2015,FY,2015-12-31,11011,CFS,OK,245,,2026-09-01T01:57:49.140600+00:00
010950,00138279,2015,FY,2015-12-31,11011,CFS,OK,125,,2026-09-01T01:57:49.225050+00:00
010960,00128980,2015,FY,2015-12-31,11011,CFS,OK,170,,2026-09-01T01:57:49.374168+00:00
011040,00101549,2015,FY,2015-12-31,11011,CFS,OK,183,,2026-09-01T01:57:49.929726+00:00
011000,00118521,2015,FY,2015-12-31,11011,CFS,OK,216,,2026-09-01T01:57:49.946307+00:00
011150,00129013,2015,FY,2015-12-31,11011,CFS,NO_DATA,0,,2026-09-01T01:57:49.949202+00:00
011070,00105961,2015,FY,2015-12-31,11011,CFS,OK,152,,2026-09-01T01:57:50.044947+00:00
011080,00142713,2015,FY,2015-12-31,11011,CFS,OK,162,,2026-09-01T01:57:50.266731+00:00
011090,00139764,2015,FY,2015-12-31,11011,CFS,OK,192,,2026-09-01T01:57:50.334416+00:00
011210,00106623,2015,FY,2015-12-31,11011,CFS,OK,159,,2026-09-01T01:57:51.049759+00:00
011170,00165413,2015,FY,2015-12-31,11011,CFS,OK,222,,2026-09-01T01:57:51.132303+00:00
011160,00102760,2015,FY,2015-12-31,11011,CFS,OK,328,,2026-09-01T01:57:51.208705+00:00
011200,00164645,2015,FY,2015-12-31,11011,CFS,OK,254,,2026-09-01T01:57:51.222471+00:00
011230,00129280,2015,FY,2015-12-31,11011,CFS,OK,117,,2026-09-01T01:57:51.307465+00:00
011280,00153524,2015,FY,2015-12-31,11011,CFS,OK,222,,2026-09-01T01:57:51.586188+00:00
011330,00137207,2015,FY,2015-12-31,11011,CFS,NO_DATA,0,,2026-09-01T01:57:51.792535+00:00
011370,00131504,2015,FY,2015-12-31,11011,CFS,NO_DATA,0,,2026-09-01T01:57:51.799055+00:00
011320,00147152,2015,FY,2015-12-31,11011,CFS,OK,125,,2026-09-01T01:57:52.104953+00:00
011300,00132868,2015,FY,2015-12-31,11011,CFS,OK,208,,2026-09-01T01:57:52.158609+00:00
011500,00160861,2015,FY,2015-12-31,11011,CFS,NO_DATA,0,,2026-09-01T01:57:52.380697+00:00
011390,00124027,2015,FY,2015-12-31,11011,CFS,OK,199,,2026-09-01T01:57:52.419654+00:00
011420,00129554,2015,FY,2015-12-31,11011,CFS,OK,132,,2026-09-01T01:57:52.677860+00:00
011560,00133876,2015,FY,2015-12-31,11011,CFS,OK,148,,2026-09-01T01:57:52.892716+00:00
011720,00164955,2015,FY,2015-12-31,11011,CFS,NO_DATA,0,,2026-09-01T01:57:52.951481+00:00
011690,00144720,2015,FY,2015-12-31,11011,CFS,OK,182,,2026-09-01T01:57:53.208548+00:00
011700,00162072,2015,FY,2015-12-31,11011,CFS,OK,189,,2026-09-01T01:57:53.279314+00:00
011760,00164812,2015,FY,2015-12-31,11011,CFS,OK,183,,2026-09-01T01:57:53.586005+00:00
011780,00106368,2015,FY,2015-12-31,11011,CFS,OK,192,,2026-09-01T01:57:53.779562+00:00
011930,00136271,2015,FY,2015-12-31,11011,CFS,NO_DATA,0,,2026-09-01T01:57:53.791993+00:00
011790,00139889,2015,FY,2015-12-31,11011,CFS,OK,290,,2026-09-01T01:57:54.051813+00:00
011810,00138297,2015,FY,2015-12-31,11011,CFS,OK,215,,2026-09-01T01:57:54.075097+00:00
012030,00163345,2015,FY,2015-12-31,11011,CFS,OK,281,,2026-09-01T01:57:54.543200+00:00
012280,00141413,2015,FY,2015-12-31,11011,CFS,NO_DATA,0,,2026-09-01T01:57:54.619416+00:00
012160,00141477,2015,FY,2015-12-31,11011,CFS,OK,180,,2026-09-01T01:57:54.728098+00:00
012200,00102618,2015,FY,2015-12-31,11011,CFS,OK,133,,2026-09-01T01:57:54.766325+00:00
012170,00145437,2015,FY,2015-12-31,11011,CFS,OK,254,,2026-09-01T01:57:54.905256+00:00
012320,00143527,2015,FY,2015-12-31,11011,CFS,OK,243,,2026-09-01T01:57:55.180262+00:00
012330,00164788,2015,FY,2015-12-31,11011,CFS,OK,182,,2026-09-01T01:57:55.689629+00:00
012340,00105040,2015,FY,2015-12-31,11011,CFS,OK,148,,2026-09-01T01:57:55.711751+00:00
012510,00172291,2015,FY,2015-12-31,11011,CFS,OK,159,,2026-09-01T01:57:55.859206+00:00
012600,00151863,2015,FY,2015-12-31,11011,CFS,OK,195,,2026-09-01T01:57:56.044179+00:00
012450,00126566,2015,FY,2015-12-31,11011,CFS,OK,217,,2026-09-01T01:57:56.095536+00:00
012610,00102113,2015,FY,2015-12-31,11011,CFS,OK,209,,2026-09-01T01:57:56.336558+00:00
012690,00173102,2015,FY,2015-12-31,11011,CFS,NO_DATA,0,,2026-09-01T01:57:56.438009+00:00
012620,00143907,2015,FY,2015-12-31,11011,CFS,OK,142,,2026-09-01T01:57:56.655979+00:00
012630,00164636,2015,FY,2015-12-31,11011,CFS,OK,188,,2026-09-01T01:57:56.824935+00:00
012790,00137058,2015,FY,2015-12-31,11011,CFS,NO_DATA,0,,2026-09-01T01:57:56.923525+00:00
012700,00117708,2015,FY,2015-12-31,11011,CFS,OK,123,,2026-09-01T01:57:57.038930+00:00
012750,00158501,2015,FY,2015-12-31,11011,CFS,OK,161,,2026-09-01T01:57:57.226724+00:00
012800,00112651,2015,FY,2015-12-31,11011,CFS,OK,151,,2026-09-01T01:57:57.537010+00:00
013120,00117966,2015,FY,2015-12-31,11011,CFS,NO_DATA,0,,2026-09-01T01:57:57.616652+00:00
013000,00134176,2015,FY,2015-12-31,11011,CFS,OK,109,,2026-09-01T01:57:57.791493+00:00
012860,00137234,2015,FY,2015-12-31,11011,CFS,OK,206,,2026-09-01T01:57:57.819948+00:00
013030,00165060,2015,FY,2015-12-31,11011,CFS,OK,131,,2026-09-01T01:57:57.912942+00:00
013450,00165529,2015,FY,2015-12-31,11011,CFS,NO_DATA,0,,2026-09-01T01:57:58.182787+00:00
013310,00139083,2015,FY,2015-12-31,11011,CFS,OK,151,,2026-09-01T01:57:58.344396+00:00
013360,00146232,2015,FY,2015-12-31,11011,CFS,OK,199,,2026-09-01T01:57:58.646347+00:00
013700,00129420,2015,FY,2015-12-31,11011,CFS,NO_DATA,0,,2026-09-01T01:57:58.778824+00:00
013720,00151605,2015,FY,2015-12-31,11011,CFS,NO_DATA,0,,2026-09-01T01:57:58.915633+00:00
013580,00102432,2015,FY,2015-12-31,11011,CFS,OK,229,,2026-09-01T01:57:59.015830+00:00
013520,00166272,2015,FY,2015-12-31,11011,CFS,OK,208,,2026-09-01T01:57:59.045183+00:00
013570,00117179,2015,FY,2015-12-31,11011,CFS,OK,254,,2026-09-01T01:57:59.086674+00:00
013890,00150633,2015,FY,2015-12-31,11011,CFS,NO_DATA,0,,2026-09-01T01:57:59.488531+00:00
013810,00136165,2015,FY,2015-12-31,11011,CFS,OK,134,,2026-09-01T01:57:59.635303+00:00
013870,00156354,2015,FY,2015-12-31,11011,CFS,OK,165,,2026-09-01T01:57:59.878600+00:00
014160,00111458,2015,FY,2015-12-31,11011,CFS,NO_DATA,0,,2026-09-01T01:58:00.087723+00:00
014130,00129509,2015,FY,2015-12-31,11011,CFS,OK,164,,2026-09-01T01:58:00.129197+00:00
013990,00138446,2015,FY,2015-12-31,11011,CFS,OK,239,,2026-09-01T01:58:00.264319+00:00
014100,00267854,2015,FY,2015-12-31,11011,CFS,OK,237,,2026-09-01T01:58:00.324267+00:00
014200,00103635,2015,FY,2015-12-31,11011,CFS,NO_DATA,0,,2026-09-01T01:58:00.455803+00:00
014350,00136970,2015,FY,2015-12-31,11011,CFS,NO_DATA,0,,2026-09-01T01:58:00.710065+00:00
014190,00128175,2015,FY,2015-12-31,11011,CFS,OK,163,,2026-09-01T01:58:00.744014+00:00
014280,00105299,2015,FY,2015-12-31,11011,CFS,OK,225,,2026-09-01T01:58:01.232997+00:00
014570,00103015,2015,FY,2015-12-31,11011,CFS,NO_DATA,0,,2026-09-01T01:58:01.297140+00:00
014470,00243067,2015,FY,2015-12-31,11011,CFS,OK,149,,2026-09-01T01:58:01.305118+00:00
014580,00122481,2015,FY,2015-12-31,11011,CFS,NO_DATA,0,,2026-09-01T01:58:01.336959+00:00
014440,00140779,2015,FY,2015-12-31,11011,CFS,OK,142,,2026-09-01T01:58:01.423312+00:00
014530,00105156,2015,FY,2015-12-31,11011,CFS,OK,126,,2026-09-01T01:58:01.426340+00:00
014620,00132318,2015,FY,2015-12-31,11011,CFS,OK,132,,2026-09-01T01:58:02.233553+00:00
014710,00124780,2015,FY,2015-12-31,11011,CFS,OK,152,,2026-09-01T01:58:02.427515+00:00
014680,00140955,2015,FY,2015-12-31,11011,CFS,OK,205,,2026-09-01T01:58:02.458143+00:00
014830,00159786,2015,FY,2015-12-31,11011,CFS,OK,162,,2026-09-01T01:58:02.461385+00:00
014820,00132637,2015,FY,2015-12-31,11011,CFS,OK,297,,2026-09-01T01:58:02.597257+00:00
014790,00161116,2015,FY,2015-12-31,11011,CFS,OK,214,,2026-09-01T01:58:02.636890+00:00
014910,00132628,2015,FY,2015-12-31,11011,CFS,OK,180,,2026-09-01T01:58:03.348477+00:00
014990,00106881,2015,FY,2015-12-31,11011,CFS,OK,160,,2026-09-01T01:58:03.500186+00:00
014940,00141608,2015,FY,2015-12-31,11011,CFS,OK,148,,2026-09-01T01:58:03.556253+00:00
014970,00125488,2015,FY,2015-12-31,11011,CFS,OK,156,,2026-09-01T01:58:03.575416+00:00
015230,00112679,2015,FY,2015-12-31,11011,CFS,OK,187,,2026-09-01T01:58:03.736925+00:00
015020,00134565,2015,FY,2015-12-31,11011,CFS,OK,263,,2026-09-01T01:58:03.860357+00:00
015350,00123967,2015,FY,2015-12-31,11011,CFS,NO_DATA,0,,2026-09-01T01:58:04.076092+00:00
015590,00108746,2015,FY,2015-12-31,11011,CFS,NO_DATA,0,,2026-09-01T01:58:04.323234+00:00
015260,00143314,2015,FY,2015-12-31,11011,CFS,OK,158,,2026-09-01T01:58:04.485415+00:00
015360,00105101,2015,FY,2015-12-31,11011,CFS,OK,228,,2026-09-01T01:58:04.660188+00:00
015540,00108065,2015,FY,2015-12-31,11011,CFS,OK,194,,2026-09-01T01:58:04.726420+00:00
015710,00187725,2015,FY,2015-12-31,11011,CFS,OK,208,,2026-09-01T01:58:04.974509+00:00
015750,00132992,2015,FY,2015-12-31,11011,CFS,OK,194,,2026-09-01T01:58:05.171844+00:00
016090,00113614,2015,FY,2015-12-31,11011,CFS,NO_DATA,0,,2026-09-01T01:58:05.310636+00:00
015760,00159193,2015,FY,2015-12-31,11011,CFS,OK,278,,2026-09-01T01:58:05.584902+00:00
015860,00146649,2015,FY,2015-12-31,11011,CFS,OK,253,,2026-09-01T01:58:05.756083+00:00
015890,00153339,2015,FY,2015-12-31,11011,CFS,OK,173,,2026-09-01T01:58:05.760886+00:00
016100,00180263,2015,FY,2015-12-31,11011,CFS,OK,189,,2026-09-01T01:58:06.091578+00:00
016360,00104856,2015,FY,2015-12-31,11011,CFS,NO_DATA,0,,2026-09-01T01:58:06.178683+00:00
016170,00130949,2015,FY,2015-12-31,11011,CFS,OK,170,,2026-09-01T01:58:06.311119+00:00
016420,00116860,2015,FY,2015-12-31,11011,CFS,NO_DATA,0,,2026-09-01T01:58:06.340069+00:00
016250,00141246,2015,FY,2015-12-31,11011,CFS,OK,244,,2026-09-01T01:58:06.420824+00:00
016580,00166573,2015,FY,2015-12-31,11011,CFS,NO_DATA,0,,2026-09-01T01:58:06.774610+00:00
016600,00267942,2015,FY,2015-12-31,11011,CFS,NO_DATA,0,,2026-09-01T01:58:06.912397+00:00
016610,00115694,2015,FY,2015-12-31,11011,CFS,NO_DATA,0,,2026-09-01T01:58:07.004677+00:00
016380,00115676,2015,FY,2015-12-31,11011,CFS,OK,206,,2026-09-01T01:58:07.015885+00:00
016450,00161976,2015,FY,2015-12-31,11011,CFS,OK,162,,2026-09-01T01:58:07.202216+00:00
016590,00135777,2015,FY,2015-12-31,11011,CFS,OK,187,,2026-09-01T01:58:07.423479+00:00
016740,00119672,2015,FY,2015-12-31,11011,CFS,NO_DATA,0,,2026-09-01T01:58:07.589236+00:00
016800,00161709,2015,FY,2015-12-31,11011,CFS,NO_DATA,0,,2026-09-01T01:58:07.591991+00:00
016670,00125725,2015,FY,2015-12-31,11011,CFS,OK,191,,2026-09-01T01:58:07.894587+00:00
016710,00108940,2015,FY,2015-12-31,11011,CFS,OK,262,,2026-09-01T01:58:08.161185+00:00
017000,00136925,2015,FY,2015-12-31,11011,CFS,NO_DATA,0,,2026-09-01T01:58:08.170383+00:00
016920,00152260,2015,FY,2015-12-31,11011,CFS,OK,185,,2026-09-01T01:58:08.529614+00:00
017040,00103662,2015,FY,2015-12-31,11011,CFS,OK,156,,2026-09-01T01:58:08.620750+00:00
016880,00143651,2015,FY,2015-12-31,11011,CFS,OK,512,,2026-09-01T01:58:08.732186+00:00
017180,00121039,2015,FY,2015-12-31,11011,CFS,OK,209,,2026-09-01T01:58:09.188711+00:00
017480,00128926,2015,FY,2015-12-31,11011,CFS,NO_DATA,0,,2026-09-01T01:58:09.204816+00:00
017370,00142883,2015,FY,2015-12-31,11011,CFS,OK,173,,2026-09-01T01:58:09.263146+00:00
017250,00145914,2015,FY,2015-12-31,11011,CFS,OK,192,,2026-09-01T01:58:09.281440+00:00
017510,00133751,2015,FY,2015-12-31,11011,CFS,NO_DATA,0,,2026-09-01T01:58:09.351158+00:00
017390,00130684,2015,FY,2015-12-31,11011,CFS,OK,257,,2026-09-01T01:58:09.700001+00:00
017650,00109781,2015,FY,2015-12-31,11011,CFS,NO_DATA,0,,2026-09-01T01:58:09.798608+00:00
017550,00135111,2015,FY,2015-12-31,11011,CFS,OK,184,,2026-09-01T01:58:10.316918+00:00
017680,00112819,2015,FY,2015-12-31,11011,CFS,OK,169,,2026-09-01T01:58:10.393372+00:00
017670,00159023,2015,FY,2015-12-31,11011,CFS,OK,251,,2026-09-01T01:58:10.543936+00:00
017800,00164724,2015,FY,2015-12-31,11011,CFS,OK,243,,2026-09-01T01:58:10.580940+00:00
017810,00155355,2015,FY,2015-12-31,11011,CFS,OK,284,,2026-09-01T01:58:10.932375+00:00
017890,00158565,2015,FY,2015-12-31,11011,CFS,OK,292,,2026-09-01T01:58:11.048537+00:00
017900,00152729,2015,FY,2015-12-31,11011,CFS,OK,202,,2026-09-01T01:58:11.449550+00:00
018120,00170877,2015,FY,2015-12-31,11011,CFS,NO_DATA,0,,2026-09-01T01:58:11.505179+00:00
017960,00159795,2015,FY,2015-12-31,11011,CFS,OK,204,,2026-09-01T01:58:11.655027+00:00
017940,00165583,2015,FY,2015-12-31,11011,CFS,OK,264,,2026-09-01T01:58:11.664445+00:00
018000,00144243,2015,FY,2015-12-31,11011,CFS,OK,147,,2026-09-01T01:58:11.674999+00:00
018290,00150165,2015,FY,2015-12-31,11011,CFS,NO_DATA,0,,2026-09-01T01:58:12.021665+00:00
018260,00126186,2015,FY,2015-12-31,11011,CFS,OK,174,,2026-09-01T01:58:12.070643+00:00
018310,00125646,2015,FY,2015-12-31,11011,CFS,NO_DATA,0,,2026-09-01T01:58:12.090352+00:00
018470,00149239,2015,FY,2015-12-31,11011,CFS,NO_DATA,0,,2026-09-01T01:58:12.234826+00:00
018620,00103547,2015,FY,2015-12-31,11011,CFS,NO_DATA,0,,2026-09-01T01:58:12.253109+00:00
018680,00131018,2015,FY,2015-12-31,11011,CFS,NO_DATA,0,,2026-09-01T01:58:12.634932+00:00
018500,00118008,2015,FY,2015-12-31,11011,CFS,OK,155,,2026-09-01T01:58:12.656242+00:00
018700,00122205,2015,FY,2015-12-31,11011,CFS,OK,198,,2026-09-01T01:58:13.205808+00:00
018670,00144164,2015,FY,2015-12-31,11011,CFS,OK,220,,2026-09-01T01:58:13.253819+00:00
018880,00161125,2015,FY,2015-12-31,11011,CFS,OK,157,,2026-09-01T01:58:13.333521+00:00
019010,00267906,2015,FY,2015-12-31,11011,CFS,OK,150,,2026-09-01T01:58:13.369656+00:00
019170,00137359,2015,FY,2015-12-31,11011,CFS,OK,147,,2026-09-01T01:58:13.744017+00:00
019180,00118965,2015,FY,2015-12-31,11011,CFS,OK,182,,2026-09-01T01:58:13.751736+00:00
019210,00139719,2015,FY,2015-12-31,11011,CFS,OK,178,,2026-09-01T01:58:14.245405+00:00
019550,00156910,2015,FY,2015-12-31,11011,CFS,NO_DATA,0,,2026-09-01T01:58:14.352521+00:00
019440,00133991,2015,FY,2015-12-31,11011,CFS,OK,203,,2026-09-01T01:58:14.467999+00:00
019300,00118460,2015,FY,2015-12-31,11011,CFS,OK,254,,2026-09-01T01:58:14.512194+00:00
019490,00156150,2015,FY,2015-12-31,11011,CFS,OK,254,,2026-09-01T01:58:14.619737+00:00
019540,00146560,2015,FY,2015-12-31,11011,CFS,OK,136,,2026-09-01T01:58:14.724136+00:00
019570,00110750,2015,FY,2015-12-31,11011,CFS,NO_DATA,0,,2026-09-01T01:58:14.821152+00:00
019590,00136642,2015,FY,2015-12-31,11011,CFS,NO_DATA,0,,2026-09-01T01:58:14.931897+00:00
019990,00169215,2015,FY,2015-12-31,11011,CFS,NO_DATA,0,,2026-09-01T01:58:15.297298+00:00
019660,00159731,2015,FY,2015-12-31,11011,CFS,OK,166,,2026-09-01T01:58:15.573635+00:00
019770,00153278,2015,FY,2015-12-31,11011,CFS,OK,151,,2026-09-01T01:58:15.594136+00:00
019680,00108913,2015,FY,2015-12-31,11011,CFS,OK,175,,2026-09-01T01:58:15.612774+00:00
020000,00188089,2015,FY,2015-12-31,11011,CFS,OK,202,,2026-09-01T01:58:15.956289+00:00
020120,00140131,2015,FY,2015-12-31,11011,CFS,OK,191,,2026-09-01T01:58:16.037431+00:00
020180,00110875,2015,FY,2015-12-31,11011,CFS,NO_DATA,0,,2026-09-01T01:58:16.162850+00:00
020400,00191287,2015,FY,2015-12-31,11011,CFS,NO_DATA,0,,2026-09-01T01:58:16.186899+00:00
020150,00113997,2015,FY,2015-12-31,11011,CFS,OK,156,,2026-09-01T01:58:16.302209+00:00
020560,00138792,2015,FY,2015-12-31,11011,CFS,OK,166,,2026-09-01T01:58:16.597032+00:00
020760,00198697,2015,FY,2015-12-31,11011,CFS,NO_DATA,0,,2026-09-01T01:58:16.616494+00:00
021040,00166175,2015,FY,2015-12-31,11011,CFS,NO_DATA,0,,2026-09-01T01:58:16.731515+00:00
021080,00161462,2015,FY,2015-12-31,11011,CFS,NO_DATA,0,,2026-09-01T01:58:16.882891+00:00
020710,00170026,2015,FY,2015-12-31,11011,CFS,OK,180,,2026-09-01T01:58:17.058511+00:00
021050,00131197,2015,FY,2015-12-31,11011,CFS,OK,214,,2026-09-01T01:58:17.550045+00:00
021880,00136101,2015,FY,2015-12-31,11011,CFS,NO_DATA,0,,2026-09-01T01:58:17.638239+00:00
021240,00170558,2015,FY,2015-12-31,11011,CFS,OK,172,,2026-09-01T01:58:17.737147+00:00
021650,00160010,2015,FY,2015-12-31,11011,CFS,OK,144,,2026-09-01T01:58:17.870479+00:00
021820,00134316,2015,FY,2015-12-31,11011,CFS,OK,154,,2026-09-01T01:58:18.031034+00:00
021320,00105466,2015,FY,2015-12-31,11011,CFS,OK,396,,2026-09-01T01:58:18.134768+00:00
021960,00161408,2015,FY,2015-12-31,11011,CFS,NO_DATA,0,,2026-09-01T01:58:18.139654+00:00
023000,00191588,2015,FY,2015-12-31,11011,CFS,NO_DATA,0,,2026-09-01T01:58:18.472660+00:00
023350,00159500,2015,FY,2015-12-31,11011,CFS,NO_DATA,0,,2026-09-01T01:58:18.729213+00:00
022100,00155212,2015,FY,2015-12-31,11011,CFS,OK,186,,2026-09-01T01:58:18.751595+00:00
022220,00140061,2015,FY,2015-12-31,11011,CFS,OK,141,,2026-09-01T01:58:18.769487+00:00
023160,00153375,2015,FY,2015-12-31,11011,CFS,NO_DATA,0,,2026-09-01T01:58:18.839001+00:00
023440,00148531,2015,FY,2015-12-31,11011,CFS,NO_DATA,0,,2026-09-01T01:58:19.319768+00:00
023450,00115065,2015,FY,2015-12-31,11011,CFS,NO_DATA,0,,2026-09-01T01:58:19.353684+00:00
023150,00121534,2015,FY,2015-12-31,11011,CFS,OK,182,,2026-09-01T01:58:19.394275+00:00
023410,00184667,2015,FY,2015-12-31,11011,CFS,OK,315,,2026-09-01T01:58:19.719936+00:00
023430,00100717,2015,FY,2015-12-31,11011,CFS,OK,158,,2026-09-01T01:58:19.739085+00:00
023460,00149266,2015,FY,2015-12-31,11011,CFS,OK,194,,2026-09-01T01:58:19.951914+00:00
023760,00149594,2015,FY,2015-12-31,11011,CFS,NO_DATA,0,,2026-09-01T01:58:20.295357+00:00
023770,00138367,2015,FY,2015-12-31,11011,CFS,NO_DATA,0,,2026-09-01T01:58:20.305657+00:00
023790,00172945,2015,FY,2015-12-31,11011,CFS,NO_DATA,0,,2026-09-01T01:58:20.529389+00:00
023530,00120526,2015,FY,2015-12-31,11011,CFS,OK,275,,2026-09-01T01:58:20.548808+00:00
023590,00176914,2015,FY,2015-12-31,11011,CFS,OK,227,,2026-09-01T01:58:20.589614+00:00
023600,00125938,2015,FY,2015-12-31,11011,CFS,OK,140,,2026-09-01T01:58:20.643292+00:00
023910,00113128,2015,FY,2015-12-31,11011,CFS,NO_DATA,0,,2026-09-01T01:58:21.155756+00:00
023800,00103510,2015,FY,2015-12-31,11011,CFS,OK,200,,2026-09-01T01:58:21.416395+00:00
023810,00180795,2015,FY,2015-12-31,11011,CFS,OK,171,,2026-09-01T01:58:21.441598+00:00
023890,00159290,2015,FY,2015-12-31,11011,CFS,OK,130,,2026-09-01T01:58:21.501152+00:00
024060,00167004,2015,FY,2015-12-31,11011,CFS,NO_DATA,0,,2026-09-01T01:58:21.722861+00:00
023900,00155452,2015,FY,2015-12-31,11011,CFS,OK,220,,2026-09-01T01:58:21.729906+00:00
023960,00121969,2015,FY,2015-12-31,11011,CFS,OK,206,,2026-09-01T01:58:21.786431+00:00
024110,00149646,2015,FY,2015-12-31,11011,CFS,NO_DATA,0,,2026-09-01T01:58:22.078948+00:00
024070,00142865,2015,FY,2015-12-31,11011,CFS,OK,165,,2026-09-01T01:58:22.524693+00:00
024090,00177199,2015,FY,2015-12-31,11011,CFS,OK,131,,2026-09-01T01:58:22.537936+00:00
024120,00157539,2015,FY,2015-12-31,11011,CFS,OK,114,,2026-09-01T01:58:22.736382+00:00
024720,00203290,2015,FY,2015-12-31,11011,CFS,OK,240,,2026-09-01T01:58:23.105806+00:00
024810,00145738,2015,FY,2015-12-31,11011,CFS,NO_DATA,0,,2026-09-01T01:58:23.110206+00:00
024660,00156044,2015,FY,2015-12-31,11011,CFS,OK,197,,2026-09-01T01:58:23.129609+00:00
024740,00162832,2015,FY,2015-12-31,11011,CFS,OK,179,,2026-09-01T01:58:23.184307+00:00
024830,00173591,2015,FY,2015-12-31,11011,CFS,NO_DATA,0,,2026-09-01T01:58:23.323399+00:00
024800,00173999,2015,FY,2015-12-31,11011,CFS,OK,198,,2026-09-01T01:58:23.632236+00:00
024840,00158024,2015,FY,2015-12-31,11011,CFS,NO_DATA,0,,2026-09-01T01:58:23.694849+00:00
024890,00112022,2015,FY,2015-12-31,11011,CFS,OK,143,,2026-09-01T01:58:24.156658+00:00
024880,00157636,2015,FY,2015-12-31,11011,CFS,OK,180,,2026-09-01T01:58:24.247935+00:00
024850,00155586,2015,FY,2015-12-31,11011,CFS,OK,153,,2026-09-01T01:58:24.264824+00:00
024940,00133557,2015,FY,2015-12-31,11011,CFS,NO_DATA,0,,2026-09-01T01:58:24.273240+00:00
024900,00114154,2015,FY,2015-12-31,11011,CFS,OK,123,,2026-09-01T01:58:24.295606+00:00
024910,00102353,2015,FY,2015-12-31,11011,CFS,OK,155,,2026-09-01T01:58:24.689626+00:00
024950,00128607,2015,FY,2015-12-31,11011,CFS,NO_DATA,0,,2026-09-01T01:58:24.748212+00:00
025320,00203023,2015,FY,2015-12-31,11011,CFS,OK,135,,2026-09-01T01:58:25.271359+00:00
025270,00124018,2015,FY,2015-12-31,11011,CFS,OK,106,,2026-09-01T01:58:25.274215+00:00
025440,00110583,2015,FY,2015-12-31,11011,CFS,OK,124,,2026-09-01T01:58:25.313143+00:00
025000,00191472,2015,FY,2015-12-31,11011,CFS,OK,159,,2026-09-01T01:58:25.354994+00:00
025540,00157070,2015,FY,2015-12-31,11011,CFS,OK,108,,2026-09-01T01:58:25.712585+00:00
025530,00181943,2015,FY,2015-12-31,11011,CFS,OK,320,,2026-09-01T01:58:25.921632+00:00
025750,00203582,2015,FY,2015-12-31,11011,CFS,OK,126,,2026-09-01T01:58:26.335844+00:00
025550,00158015,2015,FY,2015-12-31,11011,CFS,OK,166,,2026-09-01T01:58:26.395414+00:00
025820,00145464,2015,FY,2015-12-31,11011,CFS,NO_DATA,0,,2026-09-01T01:58:26.518659+00:00
025560,00197759,2015,FY,2015-12-31,11011,CFS,OK,193,,2026-09-01T01:58:26.521922+00:00
025620,00136776,2015,FY,2015-12-31,11011,CFS,OK,229,,2026-09-01T01:58:26.552276+00:00
025770,00159342,2015,FY,2015-12-31,11011,CFS,OK,187,,2026-09-01T01:58:26.839091+00:00
025850,00160612,2015,FY,2015-12-31,11011,CFS,NO_DATA,0,,2026-09-01T01:58:26.923985+00:00
025860,00107987,2015,FY,2015-12-31,11011,CFS,NO_DATA,0,,2026-09-01T01:58:26.969447+00:00
025890,00159564,2015,FY,2015-12-31,11011,CFS,NO_DATA,0,,2026-09-01T01:58:27.146963+00:00
025950,00116408,2015,FY,2015-12-31,11011,CFS,NO_DATA,0,,2026-09-01T01:58:27.498151+00:00
025870,00136004,2015,FY,2015-12-31,11011,CFS,OK,177,,2026-09-01T01:58:27.629486+00:00
025880,00101752,2015,FY,2015-12-31,11011,CFS,OK,202,,2026-09-01T01:58:27.649202+00:00
025980,00161781,2015,FY,2015-12-31,11011,CFS,OK,166,,2026-09-01T01:58:27.947222+00:00
026150,00186939,2015,FY,2015-12-31,11011,CFS,NO_DATA,0,,2026-09-01T01:58:28.081984+00:00
026040,00120289,2015,FY,2015-12-31,11011,CFS,OK,144,,2026-09-01T01:58:28.115709+00:00
025900,00173032,2015,FY,2015-12-31,11011,CFS,OK,277,,2026-09-01T01:58:28.126008+00:00
026910,00104120,2015,FY,2015-12-31,11011,CFS,NO_DATA,0,,2026-09-01T01:58:28.662557+00:00
026940,00123781,2015,FY,2015-12-31,11011,CFS,NO_DATA,0,,2026-09-01T01:58:28.688397+00:00
026260,00207223,2015,FY,2015-12-31,11011,CFS,OK,170,,2026-09-01T01:58:28.746179+00:00
026180,00200956,2015,FY,2015-12-31,11011,CFS,OK,211,,2026-09-01T01:58:28.878667+00:00
026960,00144395,2015,FY,2015-12-31,11011,CFS,OK,190,,2026-09-01T01:58:29.233950+00:00
027390,00117258,2015,FY,2015-12-31,11011,CFS,NO_DATA,0,,2026-09-01T01:58:29.331104+00:00
026890,00117498,2015,FY,2015-12-31,11011,CFS,OK,293,,2026-09-01T01:58:29.334812+00:00
027050,00152589,2015,FY,2015-12-31,11011,CFS,OK,176,,2026-09-01T01:58:29.804803+00:00
027040,00130587,2015,FY,2015-12-31,11011,CFS,OK,255,,2026-09-01T01:58:29.838527+00:00
027410,00219097,2015,FY,2015-12-31,11011,CFS,OK,189,,2026-09-01T01:58:30.013580+00:00
027740,00204208,2015,FY,2015-12-31,11011,CFS,OK,149,,2026-09-01T01:58:30.327140+00:00
027580,00129615,2015,FY,2015-12-31,11011,CFS,OK,204,,2026-09-01T01:58:30.347916+00:00
027830,00109037,2015,FY,2015-12-31,11011,CFS,NO_DATA,0,,2026-09-01T01:58:30.382465+00:00
027970,00133706,2015,FY,2015-12-31,11011,CFS,NO_DATA,0,,2026-09-01T01:58:30.408556+00:00
027710,00192499,2015,FY,2015-12-31,11011,CFS,OK,199,,2026-09-01T01:58:30.450290+00:00
028040,00111865,2015,FY,2015-12-31,11011,CFS,OK,345,,2026-09-01T01:58:31.357203+00:00
028050,00126308,2015,FY,2015-12-31,11011,CFS,OK,191,,2026-09-01T01:58:31.438124+00:00
028080,00219440,2015,FY,2015-12-31,11011,CFS,OK,185,,2026-09-01T01:58:31.448760+00:00
028100,00178754,2015,FY,2015-12-31,11011,CFS,OK,187,,2026-09-01T01:58:31.493484+00:00
028150,00207755,2015,FY,2015-12-31,11011,CFS,OK,171,,2026-09-01T01:58:31.532268+00:00
028260,00149655,2015,FY,2015-12-31,11011,CFS,OK,191,,2026-09-01T01:58:31.598182+00:00
029480,00186452,2015,FY,2015-12-31,11011,CFS,NO_DATA,0,,2026-09-01T01:58:32.074302+00:00
029780,00126292,2015,FY,2015-12-31,11011,CFS,NO_DATA,0,,2026-09-01T01:58:32.176853+00:00
029530,00135795,2015,FY,2015-12-31,11011,CFS,OK,132,,2026-09-01T01:58:32.549303+00:00
029460,00209780,2015,FY,2015-12-31,11011,CFS,OK,205,,2026-09-01T01:58:32.696662+00:00
028670,00122737,2015,FY,2015-12-31,11011,CFS,OK,293,,2026-09-01T01:58:32.734149+00:00
028300,00199252,2015,FY,2015-12-31,11011,CFS,OK,270,,2026-09-01T01:58:32.914777+00:00
029960,00197476,2015,FY,2015-12-31,11011,CFS,OK,141,,2026-09-01T01:58:33.168815+00:00
030210,00156859,2015,FY,2015-12-31,11011,CFS,NO_DATA,0,,2026-09-01T01:58:33.311324+00:00
030000,00148276,2015,FY,2015-12-31,11011,CFS,OK,231,,2026-09-01T01:58:33.419542+00:00
030270,00100258,2015,FY,2015-12-31,11011,CFS,NO_DATA,0,,2026-09-01T01:58:33.524994+00:00
030190,00158325,2015,FY,2015-12-31,11011,CFS,OK,184,,2026-09-01T01:58:33.790803+00:00
030200,00190321,2015,FY,2015-12-31,11011,CFS,OK,205,,2026-09-01T01:58:33.808262+00:00
030610,00113359,2015,FY,2015-12-31,11011,CFS,NO_DATA,0,,2026-09-01T01:58:34.106070+00:00
030350,00230036,2015,FY,2015-12-31,11011,CFS,OK,177,,2026-09-01T01:58:34.289561+00:00
030520,00204262,2015,FY,2015-12-31,11011,CFS,OK,157,,2026-09-01T01:58:34.336816+00:00
030530,00216647,2015,FY,2015-12-31,11011,CFS,OK,233,,2026-09-01T01:58:34.562514+00:00
030960,00139685,2015,FY,2015-12-31,11011,CFS,NO_DATA,0,,2026-09-01T01:58:34.680742+00:00
030790,00273615,2015,FY,2015-12-31,11011,CFS,OK,174,,2026-09-01T01:58:34.920223+00:00
030720,00118044,2015,FY,2015-12-31,11011,CFS,OK,219,,2026-09-01T01:58:35.024783+00:00
031310,00200910,2015,FY,2015-12-31,11011,CFS,OK,113,,2026-09-01T01:58:35.410756+00:00
031330,00128661,2015,FY,2015-12-31,11011,CFS,OK,155,,2026-09-01T01:58:35.450813+00:00
031390,00198378,2015,FY,2015-12-31,11011,CFS,OK,213,,2026-09-01T01:58:35.795328+00:00
031430,00234412,2015,FY,2015-12-31,11011,CFS,OK,162,,2026-09-01T01:58:35.901272+00:00
031440,00274933,2015,FY,2015-12-31,11011,CFS,OK,120,,2026-09-01T01:58:36.034132+00:00
031510,00175173,2015,FY,2015-12-31,11011,CFS,OK,138,,2026-09-01T01:58:36.135648+00:00
031860,00180865,2015,FY,2015-12-31,11011,CFS,OK,155,,2026-09-01T01:58:36.578094+00:00
032080,00201131,2015,FY,2015-12-31,11011,CFS,NO_DATA,0,,2026-09-01T01:58:36.608784+00:00
031820,00186559,2015,FY,2015-12-31,11011,CFS,OK,309,,2026-09-01T01:58:36.785378+00:00
031980,00208444,2015,FY,2015-12-31,11011,CFS,OK,205,,2026-09-01T01:58:36.920400+00:00
032040,00173731,2015,FY,2015-12-31,11011,CFS,OK,198,,2026-09-01T01:58:37.019902+00:00
032280,00127909,2015,FY,2015-12-31,11011,CFS,NO_DATA,0,,2026-09-01T01:58:37.141557+00:00
032190,00238782,2015,FY,2015-12-31,11011,CFS,OK,252,,2026-09-01T01:58:37.368187+00:00
032420,00229818,2015,FY,2015-12-31,11011,CFS,NO_DATA,0,,2026-09-01T01:58:37.390926+00:00
032350,00231372,2015,FY,2015-12-31,11011,CFS,OK,186,,2026-09-01T01:58:37.737039+00:00
032580,00189538,2015,FY,2015-12-31,11011,CFS,NO_DATA,0,,2026-09-01T01:58:37.956716+00:00
032560,00218575,2015,FY,2015-12-31,11011,CFS,OK,130,,2026-09-01T01:58:38.142772+00:00
032540,00201733,2015,FY,2015-12-31,11011,CFS,OK,135,,2026-09-01T01:58:38.161271+00:00
032500,00226352,2015,FY,2015-12-31,11011,CFS,OK,247,,2026-09-01T01:58:38.366064+00:00
032680,00204226,2015,FY,2015-12-31,11011,CFS,NO_DATA,0,,2026-09-01T01:58:38.535991+00:00
032620,00220057,2015,FY,2015-12-31,11011,CFS,OK,177,,2026-09-01T01:58:38.626891+00:00
032640,00231363,2015,FY,2015-12-31,11011,CFS,OK,195,,2026-09-01T01:58:38.847925+00:00
032830,00126256,2015,FY,2015-12-31,11011,CFS,NO_DATA,0,,2026-09-01T01:58:39.203356+00:00
032750,00173351,2015,FY,2015-12-31,11011,CFS,OK,274,,2026-09-01T01:58:39.364166+00:00
032790,00110884,2015,FY,2015-12-31,11011,CFS,OK,315,,2026-09-01T01:58:39.407208+00:00
032800,00231691,2015,FY,2015-12-31,11011,CFS,OK,231,,2026-09-01T01:58:39.629328+00:00
032860,00205687,2015,FY,2015-12-31,11011,CFS,NO_DATA,0,,2026-09-01T01:58:39.772780+00:00
032850,00231707,2015,FY,2015-12-31,11011,CFS,OK,203,,2026-09-01T01:58:39.964854+00:00
032820,00231044,2015,FY,2015-12-31,11011,CFS,OK,461,,2026-09-01T01:58:40.087439+00:00
032940,00210980,2015,FY,2015-12-31,11011,CFS,OK,176,,2026-09-01T01:58:40.517233+00:00
033100,00185356,2015,FY,2015-12-31,11011,CFS,NO_DATA,0,,2026-09-01T01:58:40.527557+00:00
032960,00199076,2015,FY,2015-12-31,11011,CFS,OK,272,,2026-09-01T01:58:40.561085+00:00
032980,00232089,2015,FY,2015-12-31,11011,CFS,OK,197,,2026-09-01T01:58:40.737903+00:00
033050,00222435,2015,FY,2015-12-31,11011,CFS,OK,176,,2026-09-01T01:58:40.873654+00:00
033110,00194275,2015,FY,2015-12-31,11011,CFS,OK,165,,2026-09-01T01:58:41.194616+00:00
033130,00231442,2015,FY,2015-12-31,11011,CFS,OK,123,,2026-09-01T01:58:41.631253+00:00
033170,00158219,2015,FY,2015-12-31,11011,CFS,OK,148,,2026-09-01T01:58:41.678908+00:00
033180,00193009,2015,FY,2015-12-31,11011,CFS,OK,127,,2026-09-01T01:58:41.851017+00:00
033200,00241209,2015,FY,2015-12-31,11011,CFS,OK,166,,2026-09-01T01:58:41.967222+00:00
033160,00121686,2015,FY,2015-12-31,11011,CFS,OK,275,,2026-09-01T01:58:41.976139+00:00
033230,00229021,2015,FY,2015-12-31,11011,CFS,OK,231,,2026-09-01T01:58:42.337496+00:00
033270,00158963,2015,FY,2015-12-31,11011,CFS,NO_DATA,0,,2026-09-01T01:58:42.429190+00:00
033250,00125576,2015,FY,2015-12-31,11011,CFS,OK,145,,2026-09-01T01:58:42.675441+00:00
033240,00146861,2015,FY,2015-12-31,11011,CFS,OK,169,,2026-09-01T01:58:42.736082+00:00
033310,00143226,2015,FY,2015-12-31,11011,CFS,OK,132,,2026-09-01T01:58:42.990697+00:00
033290,00155948,2015,FY,2015-12-31,11011,CFS,OK,324,,2026-09-01T01:58:43.224249+00:00
033340,00205003,2015,FY,2015-12-31,11011,CFS,OK,135,,2026-09-01T01:58:43.414386+00:00
033500,00231105,2015,FY,2015-12-31,11011,CFS,OK,121,,2026-09-01T01:58:43.731475+00:00
033430,00244419,2015,FY,2015-12-31,11011,CFS,OK,169,,2026-09-01T01:58:43.787539+00:00
033320,00223513,2015,FY,2015-12-31,11011,CFS,OK,261,,2026-09-01T01:58:43.883594+00:00
033530,00134510,2015,FY,2015-12-31,11011,CFS,OK,200,,2026-09-01T01:58:44.232546+00:00
033600,00264787,2015,FY,2015-12-31,11011,CFS,NO_DATA,0,,2026-09-01T01:58:44.303410+00:00
033630,00243988,2015,FY,2015-12-31,11011,CFS,NO_DATA,0,,2026-09-01T01:58:44.368222+00:00
033540,00105138,2015,FY,2015-12-31,11011,CFS,OK,148,,2026-09-01T01:58:44.372180+00:00
033560,00238001,2015,FY,2015-12-31,11011,CFS,OK,142,,2026-09-01T01:58:44.512342+00:00
033660,00209443,2015,FY,2015-12-31,11011,CFS,NO_DATA,0,,2026-09-01T01:58:44.830340+00:00
033790,00276083,2015,FY,2015-12-31,11011,CFS,NO_DATA,0,,2026-09-01T01:58:44.959356+00:00
033640,00227333,2015,FY,2015-12-31,11011,CFS,OK,240,,2026-09-01T01:58:45.066618+00:00
033830,00204642,2015,FY,2015-12-31,11011,CFS,OK,146,,2026-09-01T01:58:45.377392+00:00
033920,00121543,2015,FY,2015-12-31,11011,CFS,OK,161,,2026-09-01T01:58:45.532102+00:00
033780,00244455,2015,FY,2015-12-31,11011,CFS,OK,264,,2026-09-01T01:58:45.691816+00:00
034020,00159616,2015,FY,2015-12-31,11011,CFS,OK,261,,2026-09-01T01:58:45.988771+00:00
034120,00130772,2015,FY,2015-12-31,11011,CFS,OK,163,,2026-09-01T01:58:46.071111+00:00
034300,00217947,2015,FY,2015-12-31,11011,CFS,NO_DATA,0,,2026-09-01T01:58:46.101462+00:00
034220,00105873,2015,FY,2015-12-31,11011,CFS,OK,257,,2026-09-01T01:58:46.338061+00:00
034590,00145862,2015,FY,2015-12-31,11011,CFS,NO_DATA,0,,2026-09-01T01:58:46.571297+00:00
034230,00171265,2015,FY,2015-12-31,11011,CFS,OK,239,,2026-09-01T01:58:46.656572+00:00
034810,00219361,2015,FY,2015-12-31,11011,CFS,NO_DATA,0,,2026-09-01T01:58:46.673644+00:00
034830,00233653,2015,FY,2015-12-31,11011,CFS,NO_DATA,0,,2026-09-01T01:58:46.917146+00:00
034310,00158316,2015,FY,2015-12-31,11011,CFS,OK,226,,2026-09-01T01:58:46.972371+00:00
034730,00181712,2015,FY,2015-12-31,11011,CFS,OK,240,,2026-09-01T01:58:47.309774+00:00
034940,00231831,2015,FY,2015-12-31,11011,CFS,OK,142,,2026-09-01T01:58:47.693010+00:00
034950,00156956,2015,FY,2015-12-31,11011,CFS,OK,152,,2026-09-01T01:58:47.711804+00:00
035000,00140168,2015,FY,2015-12-31,11011,CFS,OK,229,,2026-09-01T01:58:47.925427+00:00
035150,00122551,2015,FY,2015-12-31,11011,CFS,OK,144,,2026-09-01T01:58:48.083611+00:00
035080,00244561,2015,FY,2015-12-31,11011,CFS,OK,414,,2026-09-01T01:58:48.310808+00:00
035200,00356389,2015,FY,2015-12-31,11011,CFS,OK,242,,2026-09-01T01:58:48.549670+00:00
035250,00255619,2015,FY,2015-12-31,11011,CFS,OK,214,,2026-09-01T01:58:48.803664+00:00
035480,00255141,2015,FY,2015-12-31,11011,CFS,NO_DATA,0,,2026-09-01T01:58:48.891052+00:00
035420,00266961,2015,FY,2015-12-31,11011,CFS,OK,239,,2026-09-01T01:58:49.049983+00:00
035290,00249502,2015,FY,2015-12-31,11011,CFS,OK,434,,2026-09-01T01:58:49.101672+00:00
035510,00219486,2015,FY,2015-12-31,11011,CFS,NO_DATA,0,,2026-09-01T01:58:49.142453+00:00
035460,00258421,2015,FY,2015-12-31,11011,CFS,OK,141,,2026-09-01T01:58:49.178611+00:00
035600,00264547,2015,FY,2015-12-31,11011,CFS,OK,193,,2026-09-01T01:58:49.937826+00:00
035610,00249982,2015,FY,2015-12-31,11011,CFS,OK,234,,2026-09-01T01:58:50.121988+00:00
035620,00259590,2015,FY,2015-12-31,11011,CFS,OK,194,,2026-09-01T01:58:50.155135+00:00
035720,00258801,2015,FY,2015-12-31,11011,CFS,OK,189,,2026-09-01T01:58:50.208942+00:00
035760,00265324,2015,FY,2015-12-31,11011,CFS,OK,271,,2026-09-01T01:58:50.297105+00:00
035810,00242378,2015,FY,2015-12-31,11011,CFS,OK,227,,2026-09-01T01:58:50.430762+00:00
036030,00260958,2015,FY,2015-12-31,11011,CFS,NO_DATA,0,,2026-09-01T01:58:50.877662+00:00
035890,00219848,2015,FY,2015-12-31,11011,CFS,OK,191,,2026-09-01T01:58:51.063379+00:00
036000,00259934,2015,FY,2015-12-31,11011,CFS,OK,137,,2026-09-01T01:58:51.141714+00:00
035900,00258689,2015,FY,2015-12-31,11011,CFS,OK,190,,2026-09-01T01:58:51.225745+00:00
036010,00138598,2015,FY,2015-12-31,11011,CFS,OK,186,,2026-09-01T01:58:51.304761+00:00
036120,00260745,2015,FY,2015-12-31,11011,CFS,NO_DATA,0,,2026-09-01T01:58:51.460483+00:00
036090,00258360,2015,FY,2015-12-31,11011,CFS,OK,135,,2026-09-01T01:58:51.603726+00:00
036180,00257149,2015,FY,2015-12-31,11011,CFS,NO_DATA,0,,2026-09-01T01:58:51.708643+00:00
036170,00232821,2015,FY,2015-12-31,11011,CFS,OK,226,,2026-09-01T01:58:52.301468+00:00
036200,00260569,2015,FY,2015-12-31,11011,CFS,OK,161,,2026-09-01T01:58:52.405831+00:00
036190,00176516,2015,FY,2015-12-31,11011,CFS,OK,198,,2026-09-01T01:58:52.479259+00:00
036220,00260657,2015,FY,2015-12-31,11011,CFS,OK,150,,2026-09-01T01:58:52.598795+00:00
036420,00203315,2015,FY,2015-12-31,11011,CFS,OK,219,,2026-09-01T01:58:52.852001+00:00
036260,00122339,2015,FY,2015-12-31,11011,CFS,OK,199,,2026-09-01T01:58:52.866948+00:00
036480,00177320,2015,FY,2015-12-31,11011,CFS,NO_DATA,0,,2026-09-01T01:58:52.994596+00:00
036490,00110051,2015,FY,2015-12-31,11011,CFS,OK,124,,2026-09-01T01:58:53.497530+00:00
036560,00141389,2015,FY,2015-12-31,11011,CFS,NO_DATA,0,,2026-09-01T01:58:53.569000+00:00
036460,00261285,2015,FY,2015-12-31,11011,CFS,OK,398,,2026-09-01T01:58:53.676772+00:00
036500,00267960,2015,FY,2015-12-31,11011,CFS,OK,165,,2026-09-01T01:58:53.701700+00:00
036530,00225159,2015,FY,2015-12-31,11011,CFS,OK,205,,2026-09-01T01:58:54.092276+00:00
036540,00301246,2015,FY,2015-12-31,11011,CFS,OK,312,,2026-09-01T01:58:54.117603+00:00
036620,00261009,2015,FY,2015-12-31,11011,CFS,NO_DATA,0,,2026-09-01T01:58:54.267602+00:00
036630,00268002,2015,FY,2015-12-31,11011,CFS,OK,120,,2026-09-01T01:58:54.697200+00:00
036670,00265041,2015,FY,2015-12-31,11011,CFS,NO_DATA,0,,2026-09-01T01:58:54.700168+00:00
036580,00260408,2015,FY,2015-12-31,11011,CFS,OK,246,,2026-09-01T01:58:54.727053+00:00
036570,00261443,2015,FY,2015-12-31,11011,CFS,OK,436,,2026-09-01T01:58:54.894683+00:00
036640,00230911,2015,FY,2015-12-31,11011,CFS,OK,181,,2026-09-01T01:58:55.236725+00:00
036690,00268118,2015,FY,2015-12-31,11011,CFS,OK,118,,2026-09-01T01:58:55.241369+00:00
036800,00264945,2015,FY,2015-12-31,11011,CFS,NO_DATA,0,,2026-09-01T01:58:55.292506+00:00
036810,00223434,2015,FY,2015-12-31,11011,CFS,OK,118,,2026-09-01T01:58:55.703750+00:00
037030,00231354,2015,FY,2015-12-31,11011,CFS,NO_DATA,0,,2026-09-01T01:58:55.868521+00:00
036830,00247975,2015,FY,2015-12-31,11011,CFS,OK,165,,2026-09-01T01:58:55.906115+00:00
036710,00152127,2015,FY,2015-12-31,11011,CFS,OK,243,,2026-09-01T01:58:55.952086+00:00
036890,00174208,2015,FY,2015-12-31,11011,CFS,OK,158,,2026-09-01T01:58:56.256142+00:00
037070,00238153,2015,FY,2015-12-31,11011,CFS,NO_DATA,0,,2026-09-01T01:58:56.279274+00:00
036930,00252135,2015,FY,2015-12-31,11011,CFS,OK,239,,2026-09-01T01:58:56.370661+00:00
037230,00198192,2015,FY,2015-12-31,11011,CFS,NO_DATA,0,,2026-09-01T01:58:56.437342+00:00
037270,00249247,2015,FY,2015-12-31,11011,CFS,OK,172,,2026-09-01T01:58:57.023315+00:00
037330,00265421,2015,FY,2015-12-31,11011,CFS,OK,151,,2026-09-01T01:58:57.069351+00:00
037350,00216498,2015,FY,2015-12-31,11011,CFS,OK,145,,2026-09-01T01:58:57.396974+00:00
037370,00261054,2015,FY,2015-12-31,11011,CFS,OK,225,,2026-09-01T01:58:57.492772+00:00
037400,00155692,2015,FY,2015-12-31,11011,CFS,OK,186,,2026-09-01T01:58:57.563117+00:00
037340,00241236,2015,FY,2015-12-31,11011,CFS,OK,423,,2026-09-01T01:58:57.683297+00:00
037560,00222532,2015,FY,2015-12-31,11011,CFS,NO_DATA,0,,2026-09-01T01:58:57.967859+00:00
037440,00236863,2015,FY,2015-12-31,11011,CFS,OK,131,,2026-09-01T01:58:57.997697+00:00
037460,00128315,2015,FY,2015-12-31,11011,CFS,OK,163,,2026-09-01T01:58:58.084184+00:00
037620,00311030,2015,FY,2015-12-31,11011,CFS,NO_DATA,0,,2026-09-01T01:58:58.099545+00:00
037710,00220561,2015,FY,2015-12-31,11011,CFS,NO_DATA,0,,2026-09-01T01:58:58.151176+00:00
037760,00239596,2015,FY,2015-12-31,11011,CFS,OK,194,,2026-09-01T01:58:58.813851+00:00
038010,00148595,2015,FY,2015-12-31,11011,CFS,OK,118,,2026-09-01T01:58:58.964442+00:00
037950,00242712,2015,FY,2015-12-31,11011,CFS,OK,162,,2026-09-01T01:58:59.125130+00:00
038070,00373447,2015,FY,2015-12-31,11011,CFS,OK,221,,2026-09-01T01:58:59.332116+00:00
038060,00406329,2015,FY,2015-12-31,11011,CFS,OK,253,,2026-09-01T01:58:59.360170+00:00
038160,00334624,2015,FY,2015-12-31,11011,CFS,NO_DATA,0,,2026-09-01T01:58:59.389362+00:00
038110,00139153,2015,FY,2015-12-31,11011,CFS,OK,268,,2026-09-01T01:58:59.406988+00:00
038290,00261373,2015,FY,2015-12-31,11011,CFS,OK,219,,2026-09-01T01:59:00.216370+00:00
038340,00215976,2015,FY,2015-12-31,11011,CFS,OK,261,,2026-09-01T01:59:00.265846+00:00
038460,00240857,2015,FY,2015-12-31,11011,CFS,OK,153,,2026-09-01T01:59:00.428036+00:00
038390,00261355,2015,FY,2015-12-31,11011,CFS,OK,185,,2026-09-01T01:59:00.450390+00:00
038530,00255105,2015,FY,2015-12-31,11011,CFS,OK,137,,2026-09-01T01:59:00.516808+00:00
038500,00239639,2015,FY,2015-12-31,11011,CFS,OK,246,,2026-09-01T01:59:00.642808+00:00
038620,00264228,2015,FY,2015-12-31,11011,CFS,OK,201,,2026-09-01T01:59:01.417837+00:00
038540,00306162,2015,FY,2015-12-31,11011,CFS,OK,307,,2026-09-01T01:59:01.475265+00:00
038680,00264635,2015,FY,2015-12-31,11011,CFS,OK,210,,2026-09-01T01:59:01.540591+00:00
038870,00287812,2015,FY,2015-12-31,11011,CFS,OK,198,,2026-09-01T01:59:01.553574+00:00
038950,00264732,2015,FY,2015-12-31,11011,CFS,OK,154,,2026-09-01T01:59:01.751739+00:00
038880,00252269,2015,FY,2015-12-31,11011,CFS,OK,176,,2026-09-01T01:59:01.756899+00:00
039010,00255044,2015,FY,2015-12-31,11011,CFS,OK,113,,2026-09-01T01:59:02.383143+00:00
039020,00184889,2015,FY,2015-12-31,11011,CFS,OK,179,,2026-09-01T01:59:02.594537+00:00
039030,00246417,2015,FY,2015-12-31,11011,CFS,OK,181,,2026-09-01T01:59:02.656453+00:00
039230,00295370,2015,FY,2015-12-31,11011,CFS,OK,139,,2026-09-01T01:59:02.784332+00:00
039130,00269940,2015,FY,2015-12-31,11011,CFS,OK,298,,2026-09-01T01:59:02.838079+00:00
039200,00263654,2015,FY,2015-12-31,11011,CFS,OK,193,,2026-09-01T01:59:02.861095+00:00
039240,00206039,2015,FY,2015-12-31,11011,CFS,NO_DATA,0,,2026-09-01T01:59:02.953781+00:00
039490,00296290,2015,FY,2015-12-31,11011,CFS,NO_DATA,0,,2026-09-01T01:59:03.561852+00:00
039310,00264671,2015,FY,2015-12-31,11011,CFS,OK,153,,2026-09-01T01:59:03.626918+00:00
039340,00263371,2015,FY,2015-12-31,11011,CFS,OK,119,,2026-09-01T01:59:03.765832+00:00
039290,00243757,2015,FY,2015-12-31,11011,CFS,OK,191,,2026-09-01T01:59:03.837704+00:00
039440,00298340,2015,FY,2015-12-31,11011,CFS,OK,204,,2026-09-01T01:59:03.975186+00:00
039530,00252755,2015,FY,2015-12-31,11011,CFS,NO_DATA,0,,2026-09-01T01:59:04.148975+00:00
039420,00246620,2015,FY,2015-12-31,11011,CFS,OK,255,,2026-09-01T01:59:04.236936+00:00
039610,00217743,2015,FY,2015-12-31,11011,CFS,NO_DATA,0,,2026-09-01T01:59:04.435673+00:00
039560,00268251,2015,FY,2015-12-31,11011,CFS,OK,174,,2026-09-01T01:59:04.731577+00:00
039570,00350312,2015,FY,2015-12-31,11011,CFS,OK,160,,2026-09-01T01:59:04.875182+00:00
039670,00298687,2015,FY,2015-12-31,11011,CFS,OK,166,,2026-09-01T01:59:05.080789+00:00
039790,00261735,2015,FY,2015-12-31,11011,CFS,OK,237,,2026-09-01T01:59:05.344750+00:00
039830,00141556,2015,FY,2015-12-31,11011,CFS,OK,161,,2026-09-01T01:59:05.401346+00:00
039850,00246347,2015,FY,2015-12-31,11011,CFS,NO_DATA,0,,2026-09-01T01:59:05.467976+00:00
039740,00261957,2015,FY,2015-12-31,11011,CFS,OK,179,,2026-09-01T01:59:05.502143+00:00
039840,00115931,2015,FY,2015-12-31,11011,CFS,OK,196,,2026-09-01T01:59:05.847082+00:00
039980,00369213,2015,FY,2015-12-31,11011,CFS,NO_DATA,0,,2026-09-01T01:59:05.928845+00:00
039860,00230425,2015,FY,2015-12-31,11011,CFS,OK,165,,2026-09-01T01:59:06.175073+00:00
040160,00269889,2015,FY,2015-12-31,11011,CFS,OK,157,,2026-09-01T01:59:06.517099+00:00
040300,00200275,2015,FY,2015-12-31,11011,CFS,OK,188,,2026-09-01T01:59:06.627805+00:00
040350,00346407,2015,FY,2015-12-31,11011,CFS,OK,244,,2026-09-01T01:59:06.665365+00:00
040670,00248123,2015,FY,2015-12-31,11011,CFS,NO_DATA,0,,2026-09-01T01:59:06.747136+00:00
040420,00287788,2015,FY,2015-12-31,11011,CFS,OK,126,,2026-09-01T01:59:06.819522+00:00
040610,00264714,2015,FY,2015-12-31,11011,CFS,OK,167,,2026-09-01T01:59:07.019364+00:00
041140,00266943,2015,FY,2015-12-31,11011,CFS,NO_DATA,0,,2026-09-01T01:59:07.265753+00:00
041190,00231664,2015,FY,2015-12-31,11011,CFS,NO_DATA,0,,2026-09-01T01:59:07.330456+00:00
040910,00298377,2015,FY,2015-12-31,11011,CFS,OK,185,,2026-09-01T01:59:07.624198+00:00
041020,00269852,2015,FY,2015-12-31,11011,CFS,OK,169,,2026-09-01T01:59:07.749918+00:00
041440,00228536,2015,FY,2015-12-31,11011,CFS,OK,169,,2026-09-01T01:59:08.003760+00:00
041460,00361169,2015,FY,2015-12-31,11011,CFS,OK,137,,2026-09-01T01:59:08.118265+00:00
041510,00260930,2015,FY,2015-12-31,11011,CFS,OK,271,,2026-09-01T01:59:08.499780+00:00
041520,00137289,2015,FY,2015-12-31,11011,CFS,OK,313,,2026-09-01T01:59:08.628437+00:00
041590,00297448,2015,FY,2015-12-31,11011,CFS,OK,165,,2026-09-01T01:59:08.747724+00:00
041650,00129642,2015,FY,2015-12-31,11011,CFS,OK,162,,2026-09-01T01:59:08.776560+00:00
041830,00269922,2015,FY,2015-12-31,11011,CFS,OK,118,,2026-09-01T01:59:09.018503+00:00
041910,00463342,2015,FY,2015-12-31,11011,CFS,OK,164,,2026-09-01T01:59:09.082543+00:00
041920,00273439,2015,FY,2015-12-31,11011,CFS,OK,179,,2026-09-01T01:59:09.620514+00:00
042370,00103644,2015,FY,2015-12-31,11011,CFS,NO_DATA,0,,2026-09-01T01:59:09.656178+00:00
042040,00206686,2015,FY,2015-12-31,11011,CFS,OK,145,,2026-09-01T01:59:09.744771+00:00
041960,00187415,2015,FY,2015-12-31,11011,CFS,OK,141,,2026-09-01T01:59:09.851678+00:00
041930,00199988,2015,FY,2015-12-31,11011,CFS,OK,137,,2026-09-01T01:59:09.864824+00:00
042110,00171867,2015,FY,2015-12-31,11011,CFS,OK,127,,2026-09-01T01:59:09.989723+00:00
042510,00255433,2015,FY,2015-12-31,11011,CFS,OK,94,,2026-09-01T01:59:10.638794+00:00
042420,00266952,2015,FY,2015-12-31,11011,CFS,OK,152,,2026-09-01T01:59:10.642281+00:00
042500,00352499,2015,FY,2015-12-31,11011,CFS,OK,182,,2026-09-01T01:59:10.754182+00:00
042520,00349060,2015,FY,2015-12-31,11011,CFS,OK,164,,2026-09-01T01:59:10.846306+00:00
042600,00147994,2015,FY,2015-12-31,11011,CFS,OK,199,,2026-09-01T01:59:10.982661+00:00
042940,00232007,2015,FY,2015-12-31,11011,CFS,NO_DATA,0,,2026-09-01T01:59:11.326575+00:00
042660,00111704,2015,FY,2015-12-31,11011,CFS,OK,216,,2026-09-01T01:59:11.338732+00:00
043090,00351454,2015,FY,2015-12-31,11011,CFS,NO_DATA,0,,2026-09-01T01:59:11.425566+00:00
042670,00344287,2015,FY,2015-12-31,11011,CFS,OK,290,,2026-09-01T01:59:11.762849+00:00
042700,00161383,2015,FY,2015-12-31,11011,CFS,OK,234,,2026-09-01T01:59:11.795488+00:00
043100,00220109,2015,FY,2015-12-31,11011,CFS,OK,146,,2026-09-01T01:59:12.144543+00:00
043150,00264255,2015,FY,2015-12-31,11011,CFS,OK,164,,2026-09-01T01:59:12.426784+00:00
043200,00266934,2015,FY,2015-12-31,11011,CFS,OK,196,,2026-09-01T01:59:12.459248+00:00
043220,00317487,2015,FY,2015-12-31,11011,CFS,OK,303,,2026-09-01T01:59:12.683155+00:00
043340,00203209,2015,FY,2015-12-31,11011,CFS,NO_DATA,0,,2026-09-01T01:59:12.709094+00:00
043260,00317210,2015,FY,2015-12-31,11011,CFS,OK,161,,2026-09-01T01:59:12.864992+00:00
043290,00297961,2015,FY,2015-12-31,11011,CFS,OK,133,,2026-09-01T01:59:12.934437+00:00
043360,00295547,2015,FY,2015-12-31,11011,CFS,NO_DATA,0,,2026-09-01T01:59:13.009289+00:00
043610,00223762,2015,FY,2015-12-31,11011,CFS,NO_DATA,0,,2026-09-01T01:59:13.449384+00:00
043370,00155151,2015,FY,2015-12-31,11011,CFS,OK,251,,2026-09-01T01:59:13.738750+00:00
043580,00222806,2015,FY,2015-12-31,11011,CFS,OK,183,,2026-09-01T01:59:13.801783+00:00
043590,00260611,2015,FY,2015-12-31,11011,CFS,OK,271,,2026-09-01T01:59:13.832718+00:00
043650,00256715,2015,FY,2015-12-31,11011,CFS,OK,197,,2026-09-01T01:59:14.034714+00:00
043710,00305570,2015,FY,2015-12-31,11011,CFS,OK,180,,2026-09-01T01:59:14.135831+00:00
043910,00418379,2015,FY,2015-12-31,11011,CFS,OK,181,,2026-09-01T01:59:14.598407+00:00
044380,00269241,2015,FY,2015-12-31,11011,CFS,NO_DATA,0,,2026-09-01T01:59:14.603243+00:00
044060,00291860,2015,FY,2015-12-31,11011,CFS,OK,128,,2026-09-01T01:59:14.839741+00:00
044180,00111218,2015,FY,2015-12-31,11011,CFS,OK,225,,2026-09-01T01:59:14.949929+00:00
044340,00293886,2015,FY,2015-12-31,11011,CFS,OK,230,,2026-09-01T01:59:14.953602+00:00
044450,00160232,2015,FY,2015-12-31,11011,CFS,OK,312,,2026-09-01T01:59:15.373591+00:00
044960,00145473,2015,FY,2015-12-31,11011,CFS,NO_DATA,0,,2026-09-01T01:59:15.552341+00:00
044490,00186799,2015,FY,2015-12-31,11011,CFS,NO_DATA,0,,2026-09-01T01:59:15.557472+00:00
044480,00173449,2015,FY,2015-12-31,11011,CFS,OK,121,,2026-09-01T01:59:15.602577+00:00
044780,00235183,2015,FY,2015-12-31,11011,CFS,OK,157,,2026-09-01T01:59:15.825140+00:00
044990,00311216,2015,FY,2015-12-31,11011,CFS,NO_DATA,0,,2026-09-01T01:59:15.979492+00:00
045340,00355089,2015,FY,2015-12-31,11011,CFS,NO_DATA,0,,2026-09-01T01:59:16.398519+00:00
044820,00219574,2015,FY,2015-12-31,11011,CFS,OK,321,,2026-09-01T01:59:16.481009+00:00
045060,00220969,2015,FY,2015-12-31,11011,CFS,OK,126,,2026-09-01T01:59:16.541783+00:00
045100,00216762,2015,FY,2015-12-31,11011,CFS,OK,201,,2026-09-01T01:59:16.725725+00:00
045300,00350482,2015,FY,2015-12-31,11011,CFS,OK,324,,2026-09-01T01:59:16.879883+00:00
045390,00318316,2015,FY,2015-12-31,11011,CFS,OK,143,,2026-09-01T01:59:16.971718+00:00
045660,00256502,2015,FY,2015-12-31,11011,CFS,NO_DATA,0,,2026-09-01T01:59:17.125417+00:00
045510,00147772,2015,FY,2015-12-31,11011,CFS,OK,126,,2026-09-01T01:59:17.383118+00:00
045520,00185222,2015,FY,2015-12-31,11011,CFS,OK,138,,2026-09-01T01:59:17.458013+00:00
045890,00455112,2015,FY,2015-12-31,11011,CFS,OK,128,,2026-09-01T01:59:17.702784+00:00
046120,00297989,2015,FY,2015-12-31,11011,CFS,NO_DATA,0,,2026-09-01T01:59:17.970646+00:00
045970,00271501,2015,FY,2015-12-31,11011,CFS,OK,337,,2026-09-01T01:59:18.171473+00:00
046110,00277736,2015,FY,2015-12-31,11011,CFS,OK,150,,2026-09-01T01:59:18.231380+00:00
046070,00295857,2015,FY,2015-12-31,11011,CFS,OK,251,,2026-09-01T01:59:18.236069+00:00
046210,00172079,2015,FY,2015-12-31,11011,CFS,NO_DATA,0,,2026-09-01T01:59:18.275916+00:00
046140,00280688,2015,FY,2015-12-31,11011,CFS,OK,117,,2026-09-01T01:59:18.552583+00:00
046440,00405278,2015,FY,2015-12-31,11011,CFS,NO_DATA,0,,2026-09-01T01:59:18.817198+00:00
046390,00301112,2015,FY,2015-12-31,11011,CFS,OK,147,,2026-09-01T01:59:19.193685+00:00
046310,00360036,2015,FY,2015-12-31,11011,CFS,OK,188,,2026-09-01T01:59:19.214224+00:00
046940,00363246,2015,FY,2015-12-31,11011,CFS,OK,159,,2026-09-01T01:59:19.333613+00:00
046890,00130763,2015,FY,2015-12-31,11011,CFS,OK,171,,2026-09-01T01:59:19.348663+00:00
046970,00296005,2015,FY,2015-12-31,11011,CFS,OK,192,,2026-09-01T01:59:19.667532+00:00
047040,00124540,2015,FY,2015-12-31,11011,CFS,OK,179,,2026-09-01T01:59:20.053486+00:00
047080,00348292,2015,FY,2015-12-31,11011,CFS,OK,154,,2026-09-01T01:59:20.228608+00:00
047400,00369833,2015,FY,2015-12-31,11011,CFS,OK,112,,2026-09-01T01:59:20.314531+00:00
047050,00124504,2015,FY,2015-12-31,11011,CFS,OK,239,,2026-09-01T01:59:20.367283+00:00
047310,00269612,2015,FY,2015-12-31,11011,CFS,OK,160,,2026-09-01T01:59:20.757835+00:00
047440,00324104,2015,FY,2015-12-31,11011,CFS,OK,320,,2026-09-01T01:59:20.935326+00:00
047560,00273420,2015,FY,2015-12-31,11011,CFS,OK,178,,2026-09-01T01:59:21.154132+00:00
047770,00329093,2015,FY,2015-12-31,11011,CFS,OK,144,,2026-09-01T01:59:21.202812+00:00
047810,00309503,2015,FY,2015-12-31,11011,CFS,OK,135,,2026-09-01T01:59:21.289053+00:00
047920,00336817,2015,FY,2015-12-31,11011,CFS,NO_DATA,0,,2026-09-01T01:59:21.338723+00:00
047820,00299464,2015,FY,2015-12-31,11011,CFS,OK,171,,2026-09-01T01:59:21.482787+00:00
048470,00109268,2015,FY,2015-12-31,11011,CFS,NO_DATA,0,,2026-09-01T01:59:21.885131+00:00
048260,00341916,2015,FY,2015-12-31,11011,CFS,OK,127,,2026-09-01T01:59:21.912620+00:00
048530,00292434,2015,FY,2015-12-31,11011,CFS,NO_DATA,0,,2026-09-01T01:59:21.924897+00:00
048430,00201742,2015,FY,2015-12-31,11011,CFS,OK,155,,2026-09-01T01:59:22.345780+00:00
048410,00313649,2015,FY,2015-12-31,11011,CFS,OK,272,,2026-09-01T01:59:22.408384+00:00
048550,00185046,2015,FY,2015-12-31,11011,CFS,OK,204,,2026-09-01T01:59:22.623767+00:00
048830,00108490,2015,FY,2015-12-31,11011,CFS,OK,117,,2026-09-01T01:59:22.814228+00:00
048770,00108649,2015,FY,2015-12-31,11011,CFS,OK,306,,2026-09-01T01:59:23.313567+00:00
048870,00475985,2015,FY,2015-12-31,11011,CFS,OK,436,,2026-09-01T01:59:23.349668+00:00
048910,00351807,2015,FY,2015-12-31,11011,CFS,OK,170,,2026-09-01T01:59:23.467112+00:00
049070,00226866,2015,FY,2015-12-31,11011,CFS,OK,145,,2026-09-01T01:59:23.516156+00:00
049080,00377018,2015,FY,2015-12-31,11011,CFS,OK,170,,2026-09-01T01:59:23.727826+00:00
049120,00350020,2015,FY,2015-12-31,11011,CFS,OK,175,,2026-09-01T01:59:23.825327+00:00
049180,00310156,2015,FY,2015-12-31,11011,CFS,OK,167,,2026-09-01T01:59:24.419300+00:00
049430,00152783,2015,FY,2015-12-31,11011,CFS,OK,177,,2026-09-01T01:59:24.457667+00:00
049480,00335076,2015,FY,2015-12-31,11011,CFS,OK,156,,2026-09-01T01:59:24.497233+00:00
049470,00351579,2015,FY,2015-12-31,11011,CFS,OK,173,,2026-09-01T01:59:24.598261+00:00
049520,00256380,2015,FY,2015-12-31,11011,CFS,OK,172,,2026-09-01T01:59:24.836611+00:00
049550,00261656,2015,FY,2015-12-31,11011,CFS,OK,171,,2026-09-01T01:59:24.973963+00:00
049830,00135467,2015,FY,2015-12-31,11011,CFS,NO_DATA,0,,2026-09-01T01:59:25.401757+00:00
049770,00340917,2015,FY,2015-12-31,11011,CFS,OK,209,,2026-09-01T01:59:25.642222+00:00
049630,00147082,2015,FY,2015-12-31,11011,CFS,OK,219,,2026-09-01T01:59:25.693330+00:00
049720,00336297,2015,FY,2015-12-31,11011,CFS,OK,190,,2026-09-01T01:59:25.733596+00:00
049800,00303217,2015,FY,2015-12-31,11011,CFS,OK,160,,2026-09-01T01:59:25.746441+00:00
049950,00447760,2015,FY,2015-12-31,11011,CFS,OK,150,,2026-09-01T01:59:26.107649+00:00
050090,00369569,2015,FY,2015-12-31,11011,CFS,NO_DATA,0,,2026-09-01T01:59:26.258815+00:00
050320,00245898,2015,FY,2015-12-31,11011,CFS,NO_DATA,0,,2026-09-01T01:59:26.330798+00:00
049960,00357430,2015,FY,2015-12-31,11011,CFS,OK,128,,2026-09-01T01:59:26.386075+00:00
050110,00330044,2015,FY,2015-12-31,11011,CFS,OK,156,,2026-09-01T01:59:26.807458+00:00
050120,00175623,2015,FY,2015-12-31,11011,CFS,OK,196,,2026-09-01T01:59:26.832250+00:00
050540,00302078,2015,FY,2015-12-31,11011,CFS,OK,158,,2026-09-01T01:59:27.252668+00:00
050760,00340272,2015,FY,2015-12-31,11011,CFS,OK,123,,2026-09-01T01:59:27.360646+00:00
050960,00577016,2015,FY,2015-12-31,11011,CFS,NO_DATA,0,,2026-09-01T01:59:27.386434+00:00
050860,00138747,2015,FY,2015-12-31,11011,CFS,OK,167,,2026-09-01T01:59:27.466409+00:00
050890,00364403,2015,FY,2015-12-31,11011,CFS,OK,277,,2026-09-01T01:59:27.553227+00:00
051160,00389110,2015,FY,2015-12-31,11011,CFS,OK,145,,2026-09-01T01:59:27.933537+00:00
051380,00297934,2015,FY,2015-12-31,11011,CFS,NO_DATA,0,,2026-09-01T01:59:28.125263+00:00
051170,00202778,2015,FY,2015-12-31,11011,CFS,OK,146,,2026-09-01T01:59:28.283589+00:00
051370,00369170,2015,FY,2015-12-31,11011,CFS,OK,137,,2026-09-01T01:59:28.438163+00:00
051360,00390365,2015,FY,2015-12-31,11011,CFS,OK,194,,2026-09-01T01:59:28.520162+00:00
051310,00181934,2015,FY,2015-12-31,11011,CFS,OK,331,,2026-09-01T01:59:28.918119+00:00
051390,00296263,2015,FY,2015-12-31,11011,CFS,OK,192,,2026-09-01T01:59:29.067190+00:00
051630,00347734,2015,FY,2015-12-31,11011,CFS,NO_DATA,0,,2026-09-01T01:59:29.102722+00:00
051490,00297095,2015,FY,2015-12-31,11011,CFS,OK,153,,2026-09-01T01:59:29.273081+00:00
051500,00127954,2015,FY,2015-12-31,11011,CFS,OK,161,,2026-09-01T01:59:29.383993+00:00
051600,00159218,2015,FY,2015-12-31,11011,CFS,OK,176,,2026-09-01T01:59:29.554579+00:00
052190,00347877,2015,FY,2015-12-31,11011,CFS,NO_DATA,0,,2026-09-01T01:59:30.130034+00:00
051780,00296324,2015,FY,2015-12-31,11011,CFS,OK,222,,2026-09-01T01:59:30.171538+00:00
051910,00356361,2015,FY,2015-12-31,11011,CFS,OK,165,,2026-09-01T01:59:30.212020+00:00
051980,00347716,2015,FY,2015-12-31,11011,CFS,OK,133,,2026-09-01T01:59:30.247685+00:00
051900,00356370,2015,FY,2015-12-31,11011,CFS,OK,214,,2026-09-01T01:59:30.289987+00:00
052020,00273110,2015,FY,2015-12-31,11011,CFS,OK,191,,2026-09-01T01:59:30.494604+00:00
052330,00305297,2015,FY,2015-12-31,11011,CFS,NO_DATA,0,,2026-09-01T01:59:31.072816+00:00
052260,00347062,2015,FY,2015-12-31,11011,CFS,OK,125,,2026-09-01T01:59:31.140937+00:00
052220,00370006,2015,FY,2015-12-31,11011,CFS,OK,177,,2026-09-01T01:59:31.234183+00:00
052290,00348177,2015,FY,2015-12-31,11011,CFS,OK,135,,2026-09-01T01:59:31.240408+00:00
052270,00291231,2015,FY,2015-12-31,11011,CFS,OK,176,,2026-09-01T01:59:31.320973+00:00
052300,00349811,2015,FY,2015-12-31,11011,CFS,OK,205,,2026-09-01T01:59:31.398022+00:00
052600,00244783,2015,FY,2015-12-31,11011,CFS,NO_DATA,0,,2026-09-01T01:59:32.023513+00:00
052670,00185505,2015,FY,2015-12-31,11011,CFS,NO_DATA,0,,2026-09-01T01:59:32.148907+00:00
052690,00159209,2015,FY,2015-12-31,11011,CFS,NO_DATA,0,,2026-09-01T01:59:32.202065+00:00
052400,00349732,2015,FY,2015-12-31,11011,CFS,OK,246,,2026-09-01T01:59:32.318255+00:00
052420,00350048,2015,FY,2015-12-31,11011,CFS,OK,201,,2026-09-01T01:59:32.334618+00:00
052460,00405719,2015,FY,2015-12-31,11011,CFS,OK,142,,2026-09-01T01:59:32.338531+00:00
052770,00346911,2015,FY,2015-12-31,11011,CFS,NO_DATA,0,,2026-09-01T01:59:32.750509+00:00
053030,00216027,2015,FY,2015-12-31,11011,CFS,NO_DATA,0,,2026-09-01T01:59:32.935393+00:00
052710,00298447,2015,FY,2015-12-31,11011,CFS,OK,225,,2026-09-01T01:59:33.150497+00:00
053050,00351995,2015,FY,2015-12-31,11011,CFS,NO_DATA,0,,2026-09-01T01:59:33.316237+00:00
052790,00348034,2015,FY,2015-12-31,11011,CFS,OK,242,,2026-09-01T01:59:33.330683+00:00
052900,00276834,2015,FY,2015-12-31,11011,CFS,OK,176,,2026-09-01T01:59:33.467439+00:00
052860,00365758,2015,FY,2015-12-31,11011,CFS,OK,198,,2026-09-01T01:59:33.734160+00:00
053060,00133663,2015,FY,2015-12-31,11011,CFS,OK,160,,2026-09-01T01:59:34.081096+00:00
053110,00352718,2015,FY,2015-12-31,11011,CFS,OK,153,,2026-09-01T01:59:34.186417+00:00
053160,00352064,2015,FY,2015-12-31,11011,CFS,OK,137,,2026-09-01T01:59:34.285846+00:00
053210,00349097,2015,FY,2015-12-31,11011,CFS,OK,166,,2026-09-01T01:59:34.372501+00:00
053260,00105475,2015,FY,2015-12-31,11011,CFS,OK,182,,2026-09-01T01:59:34.713513+00:00
053330,00356158,2015,FY,2015-12-31,11011,CFS,NO_DATA,0,,2026-09-01T01:59:34.969104+00:00
053270,00202060,2015,FY,2015-12-31,11011,CFS,OK,167,,2026-09-01T01:59:35.006684+00:00
053290,00363927,2015,FY,2015-12-31,11011,CFS,OK,119,,2026-09-01T01:59:35.163487+00:00
053280,00362858,2015,FY,2015-12-31,11011,CFS,OK,149,,2026-09-01T01:59:35.179618+00:00
053300,00306454,2015,FY,2015-12-31,11011,CFS,OK,180,,2026-09-01T01:59:35.400919+00:00
053590,00355548,2015,FY,2015-12-31,11011,CFS,NO_DATA,0,,2026-09-01T01:59:35.584533+00:00
053350,00353610,2015,FY,2015-12-31,11011,CFS,OK,196,,2026-09-01T01:59:35.853269+00:00
053660,00188715,2015,FY,2015-12-31,11011,CFS,NO_DATA,0,,2026-09-01T01:59:35.978906+00:00
053620,00186717,2015,FY,2015-12-31,11011,CFS,OK,116,,2026-09-01T01:59:36.146764+00:00
053450,00351630,2015,FY,2015-12-31,11011,CFS,OK,170,,2026-09-01T01:59:36.210785+00:00
053610,00325112,2015,FY,2015-12-31,11011,CFS,OK,161,,2026-09-01T01:59:36.285965+00:00
053740,00218052,2015,FY,2015-12-31,11011,CFS,NO_DATA,0,,2026-09-01T01:59:36.588611+00:00
053690,00413523,2015,FY,2015-12-31,11011,CFS,OK,163,,2026-09-01T01:59:36.696801+00:00
053870,00351269,2015,FY,2015-12-31,11011,CFS,NO_DATA,0,,2026-09-01T01:59:36.870392+00:00
053700,00351092,2015,FY,2015-12-31,11011,CFS,OK,217,,2026-09-01T01:59:37.011233+00:00
053950,00307028,2015,FY,2015-12-31,11011,CFS,NO_DATA,0,,2026-09-01T01:59:37.162236+00:00
053800,00298270,2015,FY,2015-12-31,11011,CFS,OK,183,,2026-09-01T01:59:37.275976+00:00
053810,00351047,2015,FY,2015-12-31,11011,CFS,OK,173,,2026-09-01T01:59:37.536972+00:00
053980,00226547,2015,FY,2015-12-31,11011,CFS,OK,131,,2026-09-01T01:59:37.709283+00:00
054040,00303396,2015,FY,2015-12-31,11011,CFS,OK,128,,2026-09-01T01:59:37.841466+00:00
054180,00356839,2015,FY,2015-12-31,11011,CFS,NO_DATA,0,,2026-09-01T01:59:37.851697+00:00
054050,00176835,2015,FY,2015-12-31,11011,CFS,OK,343,,2026-09-01T01:59:38.252809+00:00
054090,00239514,2015,FY,2015-12-31,11011,CFS,OK,216,,2026-09-01T01:59:38.256913+00:00
054300,00339072,2015,FY,2015-12-31,11011,CFS,NO_DATA,0,,2026-09-01T01:59:38.456610+00:00
054210,00206659,2015,FY,2015-12-31,11011,CFS,OK,160,,2026-09-01T01:59:38.732940+00:00
054220,00201432,2015,FY,2015-12-31,11011,CFS,OK,206,,2026-09-01T01:59:38.815556+00:00
054450,00423177,2015,FY,2015-12-31,11011,CFS,NO_DATA,0,,2026-09-01T01:59:38.840443+00:00
054410,00357607,2015,FY,2015-12-31,11011,CFS,NO_DATA,0,,2026-09-01T01:59:38.864904+00:00
054340,00302120,2015,FY,2015-12-31,11011,CFS,OK,150,,2026-09-01T01:59:38.876739+00:00
054670,00207375,2015,FY,2015-12-31,11011,CFS,NO_DATA,0,,2026-09-01T01:59:39.432823+00:00
054540,00250614,2015,FY,2015-12-31,11011,CFS,OK,151,,2026-09-01T01:59:39.473639+00:00
054620,00296078,2015,FY,2015-12-31,11011,CFS,OK,180,,2026-09-01T01:59:39.856036+00:00
054630,00356927,2015,FY,2015-12-31,11011,CFS,OK,168,,2026-09-01T01:59:39.905242+00:00
054780,00353762,2015,FY,2015-12-31,11011,CFS,OK,200,,2026-09-01T01:59:39.985953+00:00
054920,00363592,2015,FY,2015-12-31,11011,CFS,NO_DATA,0,,2026-09-01T01:59:40.007097+00:00
054800,00359580,2015,FY,2015-12-31,11011,CFS,OK,229,,2026-09-01T01:59:40.106051+00:00
054930,00144650,2015,FY,2015-12-31,11011,CFS,OK,109,,2026-09-01T01:59:40.461748+00:00
055550,00382199,2015,FY,2015-12-31,11011,CFS,NO_DATA,0,,2026-09-01T01:59:40.571272+00:00
056000,00361266,2015,FY,2015-12-31,11011,CFS,OK,143,,2026-09-01T01:59:40.990354+00:00
056090,00346610,2015,FY,2015-12-31,11011,CFS,NO_DATA,0,,2026-09-01T01:59:41.063377+00:00
054940,00360577,2015,FY,2015-12-31,11011,CFS,OK,243,,2026-09-01T01:59:41.138990+00:00
054950,00361381,2015,FY,2015-12-31,11011,CFS,OK,193,,2026-09-01T01:59:41.143201+00:00
056080,00234227,2015,FY,2015-12-31,11011,CFS,OK,221,,2026-09-01T01:59:41.263054+00:00
056190,00358271,2015,FY,2015-12-31,11011,CFS,OK,206,,2026-09-01T01:59:41.667734+00:00
056360,00360674,2015,FY,2015-12-31,11011,CFS,OK,113,,2026-09-01T01:59:41.961008+00:00
056700,00228350,2015,FY,2015-12-31,11011,CFS,OK,134,,2026-09-01T01:59:42.051573+00:00
057030,00307222,2015,FY,2015-12-31,11011,CFS,OK,143,,2026-09-01T01:59:42.133295+00:00
057050,00412597,2015,FY,2015-12-31,11011,CFS,OK,148,,2026-09-01T01:59:42.247479+00:00
056730,00318662,2015,FY,2015-12-31,11011,CFS,OK,182,,2026-09-01T01:59:42.269210+00:00
057500,00307189,2015,FY,2015-12-31,11011,CFS,OK,145,,2026-09-01T01:59:42.809884+00:00
058110,00270113,2015,FY,2015-12-31,11011,CFS,NO_DATA,0,,2026-09-01T01:59:42.819197+00:00
058220,00441128,2015,FY,2015-12-31,11011,CFS,NO_DATA,0,,2026-09-01T01:59:42.872502+00:00
057540,00265005,2015,FY,2015-12-31,11011,CFS,OK,173,,2026-09-01T01:59:43.088104+00:00
057880,00410739,2015,FY,2015-12-31,11011,CFS,OK,131,,2026-09-01T01:59:43.097751+00:00
057680,00372688,2015,FY,2015-12-31,11011,CFS,OK,148,,2026-09-01T01:59:43.157591+00:00
058450,00146427,2015,FY,2015-12-31,11011,CFS,NO_DATA,0,,2026-09-01T01:59:43.688308+00:00
058470,00369657,2015,FY,2015-12-31,11011,CFS,NO_DATA,0,,2026-09-01T01:59:43.719277+00:00
058370,00372989,2015,FY,2015-12-31,11011,CFS,OK,149,,2026-09-01T01:59:43.943017+00:00
058400,00208134,2015,FY,2015-12-31,11011,CFS,OK,181,,2026-09-01T01:59:43.946599+00:00
058420,00359474,2015,FY,2015-12-31,11011,CFS,OK,140,,2026-09-01T01:59:44.044467+00:00
058430,00155258,2015,FY,2015-12-31,11011,CFS,OK,183,,2026-09-01T01:59:44.189009+00:00
058630,00397058,2015,FY,2015-12-31,11011,CFS,NO_DATA,0,,2026-09-01T01:59:44.530515+00:00
058530,00353018,2015,FY,2015-12-31,11011,CFS,OK,157,,2026-09-01T01:59:44.800590+00:00
058610,00220686,2015,FY,2015-12-31,11011,CFS,OK,194,,2026-09-01T01:59:44.826323+00:00
058650,00377610,2015,FY,2015-12-31,11011,CFS,OK,348,,2026-09-01T01:59:45.198087+00:00
058820,00380429,2015,FY,2015-12-31,11011,CFS,OK,145,,2026-09-01T01:59:45.211001+00:00
058730,00353878,2015,FY,2015-12-31,11011,CFS,OK,214,,2026-09-01T01:59:45.294163+00:00
058970,00396925,2015,FY,2015-12-31,11011,CFS,NO_DATA,0,,2026-09-01T01:59:45.401541+00:00
058860,00372873,2015,FY,2015-12-31,11011,CFS,NO_DATA,0,,2026-09-01T01:59:45.404291+00:00
058850,00372882,2015,FY,2015-12-31,11011,CFS,OK,126,,2026-09-01T01:59:45.593027+00:00
059100,00407285,2015,FY,2015-12-31,11011,CFS,NO_DATA,0,,2026-09-01T01:59:45.790940+00:00
059120,00404288,2015,FY,2015-12-31,11011,CFS,NO_DATA,0,,2026-09-01T01:59:45.884122+00:00
059090,00366942,2015,FY,2015-12-31,11011,CFS,OK,195,,2026-09-01T01:59:46.303273+00:00
059210,00317681,2015,FY,2015-12-31,11011,CFS,OK,156,,2026-09-01T01:59:46.431979+00:00
060230,00363510,2015,FY,2015-12-31,11011,CFS,OK,154,,2026-09-01T01:59:46.616287+00:00
060260,00351375,2015,FY,2015-12-31,11011,CFS,NO_DATA,0,,2026-09-01T01:59:46.878688+00:00
060240,00373571,2015,FY,2015-12-31,11011,CFS,OK,217,,2026-09-01T01:59:46.889586+00:00
060250,00357740,2015,FY,2015-12-31,11011,CFS,OK,136,,2026-09-01T01:59:46.986912+00:00
060370,00225742,2015,FY,2015-12-31,11011,CFS,NO_DATA,0,,2026-09-01T01:59:47.510159+00:00
060280,00356802,2015,FY,2015-12-31,11011,CFS,OK,196,,2026-09-01T01:59:47.706665+00:00
060300,00364795,2015,FY,2015-12-31,11011,CFS,OK,182,,2026-09-01T01:59:47.880965+00:00
060310,00378363,2015,FY,2015-12-31,11011,CFS,OK,159,,2026-09-01T01:59:47.975817+00:00
060480,00203847,2015,FY,2015-12-31,11011,CFS,NO_DATA,0,,2026-09-01T01:59:48.092178+00:00
060380,00178851,2015,FY,2015-12-31,11011,CFS,OK,149,,2026-09-01T01:59:48.108450+00:00
060540,00379229,2015,FY,2015-12-31,11011,CFS,OK,384,,2026-09-01T01:59:48.959566+00:00
060560,00288495,2015,FY,2015-12-31,11011,CFS,OK,208,,2026-09-01T01:59:49.013188+00:00
060570,00364467,2015,FY,2015-12-31,11011,CFS,OK,164,,2026-09-01T01:59:49.101656+00:00
060590,00362292,2015,FY,2015-12-31,11011,CFS,OK,166,,2026-09-01T01:59:49.200859+00:00
060720,00378628,2015,FY,2015-12-31,11011,CFS,OK,176,,2026-09-01T01:59:49.329464+00:00
060910,00353230,2015,FY,2015-12-31,11011,CFS,NO_DATA,0,,2026-09-01T01:59:49.604173+00:00
060150,00375931,2015,FY,2015-12-31,11011,CFS,OK,213,,2026-09-01T01:59:49.760227+00:00
060900,00367695,2015,FY,2015-12-31,11011,CFS,OK,184,,2026-09-01T01:59:50.093028+00:00
061460,00163619,2015,FY,2015-12-31,11011,CFS,NO_DATA,0,,2026-09-01T01:59:50.178969+00:00
061040,00309831,2015,FY,2015-12-31,11011,CFS,OK,196,,2026-09-01T01:59:50.310079+00:00
060980,00299002,2015,FY,2015-12-31,11011,CFS,OK,295,,2026-09-01T01:59:50.345383+00:00
061970,00412348,2015,FY,2015-12-31,11011,CFS,NO_DATA,0,,2026-09-01T01:59:50.366403+00:00
061250,00188973,2015,FY,2015-12-31,11011,CFS,OK,170,,2026-09-01T01:59:50.442692+00:00
062580,00408336,2015,FY,2015-12-31,11011,CFS,NO_DATA,0,,2026-09-01T01:59:50.681564+00:00
063160,00390055,2015,FY,2015-12-31,11011,CFS,NO_DATA,0,,2026-09-01T01:59:50.911637+00:00
062860,00261887,2015,FY,2015-12-31,11011,CFS,OK,172,,2026-09-01T01:59:51.272524+00:00
063170,00410915,2015,FY,2015-12-31,11011,CFS,OK,122,,2026-09-01T01:59:51.337975+00:00
063080,00535746,2015,FY,2015-12-31,11011,CFS,OK,212,,2026-09-01T01:59:51.415434+00:00
063440,00367604,2015,FY,2015-12-31,11011,CFS,OK,143,,2026-09-01T01:59:51.419471+00:00
063760,00374020,2015,FY,2015-12-31,11011,CFS,NO_DATA,0,,2026-09-01T01:59:51.493381+00:00
063570,00363769,2015,FY,2015-12-31,11011,CFS,OK,149,,2026-09-01T01:59:51.783930+00:00
063840,00359030,2015,FY,2015-12-31,11011,CFS,NO_DATA,0,,2026-09-01T01:59:51.852474+00:00
064290,00479787,2015,FY,2015-12-31,11011,CFS,NO_DATA,0,,2026-09-01T01:59:52.094255+00:00
064480,00359076,2015,FY,2015-12-31,11011,CFS,NO_DATA,0,,2026-09-01T01:59:52.435781+00:00
064090,00390408,2015,FY,2015-12-31,11011,CFS,OK,152,,2026-09-01T01:59:52.439316+00:00
064240,00385336,2015,FY,2015-12-31,11011,CFS,OK,210,,2026-09-01T01:59:52.529287+00:00
064260,00389970,2015,FY,2015-12-31,11011,CFS,OK,163,,2026-09-01T01:59:52.532708+00:00
064350,00302926,2015,FY,2015-12-31,11011,CFS,OK,164,,2026-09-01T01:59:52.895358+00:00
064760,00245472,2015,FY,2015-12-31,11011,CFS,NO_DATA,0,,2026-09-01T01:59:53.027415+00:00
064800,00392691,2015,FY,2015-12-31,11011,CFS,NO_DATA,0,,2026-09-01T01:59:53.120179+00:00
064520,00370255,2015,FY,2015-12-31,11011,CFS,OK,198,,2026-09-01T01:59:53.206598+00:00
064550,00326731,2015,FY,2015-12-31,11011,CFS,OK,143,,2026-09-01T01:59:53.413285+00:00
064850,00331016,2015,FY,2015-12-31,11011,CFS,NO_DATA,0,,2026-09-01T01:59:53.473721+00:00
064820,00152437,2015,FY,2015-12-31,11011,CFS,OK,268,,2026-09-01T01:59:53.698897+00:00
064960,00398792,2015,FY,2015-12-31,11011,CFS,OK,292,,2026-09-01T01:59:54.173088+00:00
065060,00258102,2015,FY,2015-12-31,11011,CFS,OK,196,,2026-09-01T01:59:54.238276+00:00
065130,00366845,2015,FY,2015-12-31,11011,CFS,OK,209,,2026-09-01T01:59:54.317576+00:00
065150,00390860,2015,FY,2015-12-31,11011,CFS,OK,157,,2026-09-01T01:59:54.568760+00:00
065170,00384717,2015,FY,2015-12-31,11011,CFS,OK,197,,2026-09-01T01:59:54.722769+00:00
065180,00389679,2015,FY,2015-12-31,11011,CFS,NO_DATA,0,,2026-09-01T01:59:54.748332+00:00
065160,00389387,2015,FY,2015-12-31,11011,CFS,OK,384,,2026-09-01T01:59:54.845380+00:00
065450,00385363,2015,FY,2015-12-31,11011,CFS,NO_DATA,0,,2026-09-01T01:59:55.320257+00:00
065270,00364926,2015,FY,2015-12-31,11011,CFS,OK,266,,2026-09-01T01:59:55.350514+00:00
065500,00300405,2015,FY,2015-12-31,11011,CFS,NO_DATA,0,,2026-09-01T01:59:55.419243+00:00
065350,00136226,2015,FY,2015-12-31,11011,CFS,OK,325,,2026-09-01T01:59:55.573119+00:00
065420,00120906,2015,FY,2015-12-31,11011,CFS,OK,142,,2026-09-01T01:59:55.697339+00:00
065440,00390514,2015,FY,2015-12-31,11011,CFS,OK,172,,2026-09-01T01:59:55.830624+00:00
065530,00250137,2015,FY,2015-12-31,11011,CFS,NO_DATA,0,,2026-09-01T01:59:56.057743+00:00
065570,00288343,2015,FY,2015-12-31,11011,CFS,NO_DATA,0,,2026-09-01T01:59:56.194691+00:00
065650,00391197,2015,FY,2015-12-31,11011,CFS,NO_DATA,0,,2026-09-01T01:59:56.540702+00:00
065510,00398668,2015,FY,2015-12-31,11011,CFS,OK,205,,2026-09-01T01:59:56.581988+00:00
065560,00393469,2015,FY,2015-12-31,11011,CFS,OK,158,,2026-09-01T01:59:56.588630+00:00
065620,00201788,2015,FY,2015-12-31,11011,CFS,OK,136,,2026-09-01T01:59:56.793935+00:00
065660,00631837,2015,FY,2015-12-31,11011,CFS,NO_DATA,0,,2026-09-01T01:59:56.822394+00:00
065680,00390903,2015,FY,2015-12-31,11011,CFS,OK,128,,2026-09-01T01:59:57.358559+00:00
065690,00384762,2015,FY,2015-12-31,11011,CFS,OK,110,,2026-09-01T01:59:57.508641+00:00
065940,00155382,2015,FY,2015-12-31,11011,CFS,OK,186,,2026-09-01T01:59:57.810338+00:00
065710,00220622,2015,FY,2015-12-31,11011,CFS,OK,329,,2026-09-01T01:59:57.840929+00:00
065770,00303703,2015,FY,2015-12-31,11011,CFS,OK,210,,2026-09-01T01:59:57.844552+00:00
066130,00221728,2015,FY,2015-12-31,11011,CFS,NO_DATA,0,,2026-09-01T01:59:58.093014+00:00
065950,00362159,2015,FY,2015-12-31,11011,CFS,OK,275,,2026-09-01T01:59:58.200679+00:00
066270,00361725,2015,FY,2015-12-31,11011,CFS,NO_DATA,0,,2026-09-01T01:59:58.405649+00:00
066350,00397243,2015,FY,2015-12-31,11011,CFS,NO_DATA,0,,2026-09-01T01:59:58.428599+00:00
066110,00226228,2015,FY,2015-12-31,11011,CFS,OK,187,,2026-09-01T01:59:58.526248+00:00
066410,00378220,2015,FY,2015-12-31,11011,CFS,NO_DATA,0,,2026-09-01T01:59:58.665391+00:00
066310,00411446,2015,FY,2015-12-31,11011,CFS,OK,149,,2026-09-01T01:59:58.825762+00:00
066430,00370200,2015,FY,2015-12-31,11011,CFS,OK,129,,2026-09-01T01:59:59.196125+00:00
066670,00371740,2015,FY,2015-12-31,11011,CFS,NO_DATA,0,,2026-09-01T01:59:59.253362+00:00
066570,00401731,2015,FY,2015-12-31,11011,CFS,OK,208,,2026-09-01T01:59:59.529502+00:00
066590,00301422,2015,FY,2015-12-31,11011,CFS,OK,183,,2026-09-01T01:59:59.540989+00:00
066620,00253985,2015,FY,2015-12-31,11011,CFS,OK,164,,2026-09-01T01:59:59.628960+00:00
066700,00249894,2015,FY,2015-12-31,11011,CFS,OK,143,,2026-09-01T01:59:59.798286+00:00
066830,00393618,2015,FY,2015-12-31,11011,CFS,NO_DATA,0,,2026-09-01T01:59:59.974581+00:00
066900,00303192,2015,FY,2015-12-31,11011,CFS,NO_DATA,0,,2026-09-01T02:00:00.111813+00:00
066790,00249441,2015,FY,2015-12-31,11011,CFS,OK,171,,2026-09-01T02:00:00.303137+00:00
067010,00400060,2015,FY,2015-12-31,11011,CFS,NO_DATA,0,,2026-09-01T02:00:00.703716+00:00
066910,00306870,2015,FY,2015-12-31,11011,CFS,OK,150,,2026-09-01T02:00:00.707393+00:00
066980,00389998,2015,FY,2015-12-31,11011,CFS,OK,204,,2026-09-01T02:00:00.929634+00:00
066970,00398701,2015,FY,2015-12-31,11011,CFS,OK,273,,2026-09-01T02:00:00.951293+00:00
067000,00397252,2015,FY,2015-12-31,11011,CFS,OK,127,,2026-09-01T02:00:00.982218+00:00
067080,00210740,2015,FY,2015-12-31,11011,CFS,OK,197,,2026-09-01T02:00:01.416725+00:00
067170,00397289,2015,FY,2015-12-31,11011,CFS,OK,140,,2026-09-01T02:00:01.692749+00:00
067160,00399694,2015,FY,2015-12-31,11011,CFS,OK,224,,2026-09-01T02:00:01.910058+00:00
067280,00425351,2015,FY,2015-12-31,11011,CFS,OK,138,,2026-09-01T02:00:01.913922+00:00
067290,00110431,2015,FY,2015-12-31,11011,CFS,OK,128,,2026-09-01T02:00:01.965192+00:00
067310,00445054,2015,FY,2015-12-31,11011,CFS,OK,196,,2026-09-01T02:00:02.262582+00:00
067390,00409681,2015,FY,2015-12-31,11011,CFS,NO_DATA,0,,2026-09-01T02:00:02.933901+00:00
067730,00238199,2015,FY,2015-12-31,11011,CFS,NO_DATA,0,,2026-09-01T02:00:02.957345+00:00
067370,00407036,2015,FY,2015-12-31,11011,CFS,NO_DATA,0,,2026-09-01T02:00:02.988851+00:00
067770,00406727,2015,FY,2015-12-31,11011,CFS,OK,127,,2026-09-01T02:00:03.342578+00:00
067630,00365590,2015,FY,2015-12-31,11011,CFS,OK,158,,2026-09-01T02:00:03.404319+00:00
067570,00146436,2015,FY,2015-12-31,11011,CFS,OK,154,,2026-09-01T02:00:03.493794+00:00
067900,00190756,2015,FY,2015-12-31,11011,CFS,NO_DATA,0,,2026-09-01T02:00:03.588309+00:00
067830,00422895,2015,FY,2015-12-31,11011,CFS,OK,133,,2026-09-01T02:00:03.963099+00:00
067920,00364847,2015,FY,2015-12-31,11011,CFS,OK,159,,2026-09-01T02:00:04.052027+00:00
068050,00397191,2015,FY,2015-12-31,11011,CFS,OK,122,,2026-09-01T02:00:04.485287+00:00
067990,00449379,2015,FY,2015-12-31,11011,CFS,OK,238,,2026-09-01T02:00:04.659841+00:00
068060,00175650,2015,FY,2015-12-31,11011,CFS,OK,145,,2026-09-01T02:00:04.703440+00:00
068150,00394778,2015,FY,2015-12-31,11011,CFS,OK,149,,2026-09-01T02:00:04.797494+00:00
068240,00523307,2015,FY,2015-12-31,11011,CFS,OK,157,,2026-09-01T02:00:05.492096+00:00
068270,00413046,2015,FY,2015-12-31,11011,CFS,OK,187,,2026-09-01T02:00:05.606279+00:00
068330,00385415,2015,FY,2015-12-31,11011,CFS,OK,112,,2026-09-01T02:00:05.669577+00:00
068400,00201450,2015,FY,2015-12-31,11011,CFS,OK,129,,2026-09-01T02:00:05.744410+00:00
068290,00423690,2015,FY,2015-12-31,11011,CFS,OK,200,,2026-09-01T02:00:05.840517+00:00
068760,00541349,2015,FY,2015-12-31,11011,CFS,OK,140,,2026-09-01T02:00:05.895816+00:00
068790,00361594,2015,FY,2015-12-31,11011,CFS,OK,195,,2026-09-01T02:00:06.638229+00:00
068870,00423609,2015,FY,2015-12-31,11011,CFS,OK,137,,2026-09-01T02:00:06.671413+00:00
068940,00308896,2015,FY,2015-12-31,11011,CFS,OK,161,,2026-09-01T02:00:06.798090+00:00
068930,00398808,2015,FY,2015-12-31,11011,CFS,OK,181,,2026-09-01T02:00:06.898371+00:00
069080,00405320,2015,FY,2015-12-31,11011,CFS,OK,228,,2026-09-01T02:00:07.021999+00:00
069110,00402989,2015,FY,2015-12-31,11011,CFS,NO_DATA,0,,2026-09-01T02:00:07.052841+00:00
069140,00410997,2015,FY,2015-12-31,11011,CFS,NO_DATA,0,,2026-09-01T02:00:07.273400+00:00
069330,00400121,2015,FY,2015-12-31,11011,CFS,NO_DATA,0,,2026-09-01T02:00:07.395551+00:00
069460,00428729,2015,FY,2015-12-31,11011,CFS,NO_DATA,0,,2026-09-01T02:00:07.600730+00:00
069410,00415707,2015,FY,2015-12-31,11011,CFS,OK,141,,2026-09-01T02:00:07.996664+00:00
069260,00426086,2015,FY,2015-12-31,11011,CFS,OK,275,,2026-09-01T02:00:08.037427+00:00
069510,00306719,2015,FY,2015-12-31,11011,CFS,OK,138,,2026-09-01T02:00:08.181257+00:00
069540,00367482,2015,FY,2015-12-31,11011,CFS,OK,140,,2026-09-01T02:00:08.277942+00:00
069730,00151298,2015,FY,2015-12-31,11011,CFS,NO_DATA,0,,2026-09-01T02:00:08.597687+00:00
069620,00427483,2015,FY,2015-12-31,11011,CFS,OK,215,,2026-09-01T02:00:08.637234+00:00
069640,00357360,2015,FY,2015-12-31,11011,CFS,OK,102,,2026-09-01T02:00:08.640444+00:00
069920,00426068,2015,FY,2015-12-31,11011,CFS,OK,208,,2026-09-01T02:00:09.186274+00:00
070590,00470829,2015,FY,2015-12-31,11011,CFS,NO_DATA,0,,2026-09-01T02:00:09.193096+00:00
071050,00432102,2015,FY,2015-12-31,11011,CFS,NO_DATA,0,,2026-09-01T02:00:09.234098+00:00
070960,00365989,2015,FY,2015-12-31,11011,CFS,NO_DATA,0,,2026-09-01T02:00:09.238269+00:00
069960,00428251,2015,FY,2015-12-31,11011,CFS,OK,170,,2026-09-01T02:00:09.309493+00:00
070300,00683007,2015,FY,2015-12-31,11011,CFS,NO_DATA,0,,2026-09-01T02:00:09.506450+00:00
071090,00435312,2015,FY,2015-12-31,11011,CFS,NO_DATA,0,,2026-09-01T02:00:09.796916+00:00
071280,00363486,2015,FY,2015-12-31,11011,CFS,NO_DATA,0,,2026-09-01T02:00:09.854673+00:00
071320,00159698,2015,FY,2015-12-31,11011,CFS,NO_DATA,0,,2026-09-01T02:00:09.882414+00:00
071460,00300557,2015,FY,2015-12-31,11011,CFS,NO_DATA,0,,2026-09-01T02:00:09.925236+00:00
071200,00435969,2015,FY,2015-12-31,11011,CFS,OK,195,,2026-09-01T02:00:10.340929+00:00
071930,00183260,2015,FY,2015-12-31,11011,CFS,NO_DATA,0,,2026-09-01T02:00:10.498491+00:00
071670,00384887,2015,FY,2015-12-31,11011,CFS,OK,135,,2026-09-01T02:00:10.546983+00:00
071840,00158307,2015,FY,2015-12-31,11011,CFS,OK,125,,2026-09-01T02:00:10.814906+00:00
071850,00302582,2015,FY,2015-12-31,11011,CFS,OK,153,,2026-09-01T02:00:10.869497+00:00
071950,00210856,2015,FY,2015-12-31,11011,CFS,OK,123,,2026-09-01T02:00:10.966799+00:00
072020,00415327,2015,FY,2015-12-31,11011,CFS,NO_DATA,0,,2026-09-01T02:00:11.080325+00:00
071970,00406046,2015,FY,2015-12-31,11011,CFS,OK,222,,2026-09-01T02:00:11.467177+00:00
072130,00416654,2015,FY,2015-12-31,11011,CFS,OK,196,,2026-09-01T02:00:11.660099+00:00
072470,00359623,2015,FY,2015-12-31,11011,CFS,OK,165,,2026-09-01T02:00:11.940572+00:00
072710,00459871,2015,FY,2015-12-31,11011,CFS,OK,144,,2026-09-01T02:00:12.015461+00:00
072520,00408956,2015,FY,2015-12-31,11011,CFS,OK,108,,2026-09-01T02:00:12.037397+00:00
072770,00583026,2015,FY,2015-12-31,11011,CFS,OK,223,,2026-09-01T02:00:12.262748+00:00
072990,00527464,2015,FY,2015-12-31,11011,CFS,NO_DATA,0,,2026-09-01T02:00:12.533848+00:00
073010,00328191,2015,FY,2015-12-31,11011,CFS,NO_DATA,0,,2026-09-01T02:00:12.618021+00:00
072870,00422284,2015,FY,2015-12-31,11011,CFS,OK,203,,2026-09-01T02:00:12.629559+00:00
072950,00359261,2015,FY,2015-12-31,11011,CFS,OK,162,,2026-09-01T02:00:12.788255+00:00
073070,00235147,2015,FY,2015-12-31,11011,CFS,OK,144,,2026-09-01T02:00:13.045605+00:00
073110,00494218,2015,FY,2015-12-31,11011,CFS,OK,174,,2026-09-01T02:00:13.429967+00:00
073190,00407771,2015,FY,2015-12-31,11011,CFS,OK,145,,2026-09-01T02:00:13.559589+00:00
073560,00413417,2015,FY,2015-12-31,11011,CFS,NO_DATA,0,,2026-09-01T02:00:13.646495+00:00
073490,00462121,2015,FY,2015-12-31,11011,CFS,OK,165,,2026-09-01T02:00:13.667607+00:00
073240,00481454,2015,FY,2015-12-31,11011,CFS,OK,156,,2026-09-01T02:00:13.760940+00:00
073540,00442561,2015,FY,2015-12-31,11011,CFS,OK,137,,2026-09-01T02:00:13.917371+00:00
073570,00440712,2015,FY,2015-12-31,11011,CFS,NO_DATA,0,,2026-09-01T02:00:14.049038+00:00
074130,00302801,2015,FY,2015-12-31,11011,CFS,NO_DATA,0,,2026-09-01T02:00:14.231708+00:00
074150,00418476,2015,FY,2015-12-31,11011,CFS,NO_DATA,0,,2026-09-01T02:00:14.256529+00:00
073640,00373021,2015,FY,2015-12-31,11011,CFS,OK,134,,2026-09-01T02:00:14.671101+00:00
074430,00466428,2015,FY,2015-12-31,11011,CFS,OK,128,,2026-09-01T02:00:14.889486+00:00
074600,00468374,2015,FY,2015-12-31,11011,CFS,OK,152,,2026-09-01T02:00:14.957987+00:00
074610,00469799,2015,FY,2015-12-31,11011,CFS,OK,132,,2026-09-01T02:00:15.016339+00:00
075180,00305668,2015,FY,2015-12-31,11011,CFS,OK,146,,2026-09-01T02:00:15.234157+00:00
075130,00490179,2015,FY,2015-12-31,11011,CFS,OK,197,,2026-09-01T02:00:15.346385+00:00
076340,00321204,2015,FY,2015-12-31,11011,CFS,NO_DATA,0,,2026-09-01T02:00:15.595795+00:00
075580,00415628,2015,FY,2015-12-31,11011,CFS,OK,176,,2026-09-01T02:00:15.699081+00:00
075970,00472890,2015,FY,2015-12-31,11011,CFS,OK,141,,2026-09-01T02:00:15.923962+00:00
076080,00487546,2015,FY,2015-12-31,11011,CFS,OK,217,,2026-09-01T02:00:16.103776+00:00
076610,00483735,2015,FY,2015-12-31,11011,CFS,OK,192,,2026-09-01T02:00:16.342025+00:00
077280,00473400,2015,FY,2015-12-31,11011,CFS,OK,201,,2026-09-01T02:00:16.509385+00:00
077970,00480455,2015,FY,2015-12-31,11011,CFS,NO_DATA,0,,2026-09-01T02:00:16.525369+00:00
077360,00471068,2015,FY,2015-12-31,11011,CFS,OK,173,,2026-09-01T02:00:16.727623+00:00
077500,00414601,2015,FY,2015-12-31,11011,CFS,OK,170,,2026-09-01T02:00:16.835622+00:00
078020,00330424,2015,FY,2015-12-31,11011,CFS,NO_DATA,0,,2026-09-01T02:00:16.915767+00:00
078130,00104573,2015,FY,2015-12-31,11011,CFS,NO_DATA,0,,2026-09-01T02:00:17.112567+00:00
078000,00361488,2015,FY,2015-12-31,11011,CFS,OK,175,,2026-09-01T02:00:17.220769+00:00
078150,00255275,2015,FY,2015-12-31,11011,CFS,NO_DATA,0,,2026-09-01T02:00:17.413331+00:00
078070,00411385,2015,FY,2015-12-31,11011,CFS,OK,221,,2026-09-01T02:00:17.649657+00:00
078140,00442826,2015,FY,2015-12-31,11011,CFS,OK,136,,2026-09-01T02:00:17.880341+00:00
078160,00453929,2015,FY,2015-12-31,11011,CFS,OK,207,,2026-09-01T02:00:18.024637+00:00
078350,00488989,2015,FY,2015-12-31,11011,CFS,OK,127,,2026-09-01T02:00:18.337478+00:00
078590,00230814,2015,FY,2015-12-31,11011,CFS,NO_DATA,0,,2026-09-01T02:00:18.393316+00:00
078520,00400857,2015,FY,2015-12-31,11011,CFS,OK,162,,2026-09-01T02:00:18.454333+00:00
078340,00476498,2015,FY,2015-12-31,11011,CFS,OK,260,,2026-09-01T02:00:18.480017+00:00
078600,00177816,2015,FY,2015-12-31,11011,CFS,OK,160,,2026-09-01T02:00:18.878753+00:00
078780,00446460,2015,FY,2015-12-31,11011,CFS,NO_DATA,0,,2026-09-01T02:00:18.918016+00:00
078860,00543204,2015,FY,2015-12-31,11011,CFS,NO_DATA,0,,2026-09-01T02:00:18.974699+00:00
078650,00477257,2015,FY,2015-12-31,11011,CFS,OK,223,,2026-09-01T02:00:19.177140+00:00
079000,00455875,2015,FY,2015-12-31,11011,CFS,NO_DATA,0,,2026-09-01T02:00:19.503118+00:00
078890,00441304,2015,FY,2015-12-31,11011,CFS,OK,163,,2026-09-01T02:00:19.596862+00:00
078930,00500254,2015,FY,2015-12-31,11011,CFS,OK,227,,2026-09-01T02:00:19.723989+00:00
079170,00202839,2015,FY,2015-12-31,11011,CFS,NO_DATA,0,,2026-09-01T02:00:19.748133+00:00
078940,00501970,2015,FY,2015-12-31,11011,CFS,OK,206,,2026-09-01T02:00:20.041210+00:00
079160,00303873,2015,FY,2015-12-31,11011,CFS,OK,209,,2026-09-01T02:00:20.109278+00:00
079370,00442570,2015,FY,2015-12-31,11011,CFS,OK,146,,2026-09-01T02:00:20.582520+00:00
079190,00479705,2015,FY,2015-12-31,11011,CFS,OK,178,,2026-09-01T02:00:20.621913+00:00
079550,00503668,2015,FY,2015-12-31,11011,CFS,OK,123,,2026-09-01T02:00:20.761682+00:00
079430,00300548,2015,FY,2015-12-31,11011,CFS,OK,171,,2026-09-01T02:00:20.839449+00:00
079650,00130408,2015,FY,2015-12-31,11011,CFS,OK,123,,2026-09-01T02:00:21.060025+00:00
079660,00503899,2015,FY,2015-12-31,11011,CFS,OK,168,,2026-09-01T02:00:21.258333+00:00
079810,00445160,2015,FY,2015-12-31,11011,CFS,OK,164,,2026-09-01T02:00:21.686466+00:00
079950,00409371,2015,FY,2015-12-31,11011,CFS,OK,191,,2026-09-01T02:00:21.886256+00:00
079960,00178790,2015,FY,2015-12-31,11011,CFS,OK,140,,2026-09-01T02:00:21.955207+00:00
079970,00596260,2015,FY,2015-12-31,11011,CFS,OK,172,,2026-09-01T02:00:22.041468+00:00
079940,00506294,2015,FY,2015-12-31,11011,CFS,OK,349,,2026-09-01T02:00:22.067084+00:00
080000,00455981,2015,FY,2015-12-31,11011,CFS,NO_DATA,0,,2026-09-01T02:00:22.266005+00:00
079980,00362238,2015,FY,2015-12-31,11011,CFS,OK,212,,2026-09-01T02:00:22.391713+00:00
080010,00454399,2015,FY,2015-12-31,11011,CFS,OK,128,,2026-09-01T02:00:22.875278+00:00
080420,00480048,2015,FY,2015-12-31,11011,CFS,OK,123,,2026-09-01T02:00:23.054250+00:00
080160,00456218,2015,FY,2015-12-31,11011,CFS,OK,221,,2026-09-01T02:00:23.112582+00:00
080220,00447487,2015,FY,2015-12-31,11011,CFS,OK,162,,2026-09-01T02:00:23.347041+00:00
080440,00366793,2015,FY,2015-12-31,11011,CFS,OK,174,,2026-09-01T02:00:23.569038+00:00
080470,00486370,2015,FY,2015-12-31,11011,CFS,OK,180,,2026-09-01T02:00:23.773327+00:00
080520,00529815,2015,FY,2015-12-31,11011,CFS,OK,116,,2026-09-01T02:00:23.854141+00:00
080530,00308559,2015,FY,2015-12-31,11011,CFS,OK,185,,2026-09-01T02:00:24.186944+00:00
080580,00543107,2015,FY,2015-12-31,11011,CFS,OK,177,,2026-09-01T02:00:24.262012+00:00
081210,00505569,2015,FY,2015-12-31,11011,CFS,NO_DATA,0,,2026-09-01T02:00:24.373465+00:00
081000,00508274,2015,FY,2015-12-31,11011,CFS,OK,176,,2026-09-01T02:00:24.402546+00:00
081150,00497631,2015,FY,2015-12-31,11011,CFS,OK,198,,2026-09-01T02:00:24.684745+00:00
081930,00510534,2015,FY,2015-12-31,11011,CFS,NO_DATA,0,,2026-09-01T02:00:24.845152+00:00
081940,00510914,2015,FY,2015-12-31,11011,CFS,NO_DATA,0,,2026-09-01T02:00:24.952444+00:00
081580,00364306,2015,FY,2015-12-31,11011,CFS,OK,171,,2026-09-01T02:00:24.966137+00:00
081970,00584362,2015,FY,2015-12-31,11011,CFS,NO_DATA,0,,2026-09-01T02:00:24.993747+00:00
081660,00195229,2015,FY,2015-12-31,11011,CFS,OK,159,,2026-09-01T02:00:25.298831+00:00
082220,00535719,2015,FY,2015-12-31,11011,CFS,NO_DATA,0,,2026-09-01T02:00:25.447681+00:00
082240,00512550,2015,FY,2015-12-31,11011,CFS,NO_DATA,0,,2026-09-01T02:00:25.534544+00:00
082250,00512541,2015,FY,2015-12-31,11011,CFS,NO_DATA,0,,2026-09-01T02:00:25.542352+00:00
082260,00512532,2015,FY,2015-12-31,11011,CFS,NO_DATA,0,,2026-09-01T02:00:25.600896+00:00
082210,00327396,2015,FY,2015-12-31,11011,CFS,OK,167,,2026-09-01T02:00:25.662825+00:00
082640,00117267,2015,FY,2015-12-31,11011,CFS,NO_DATA,0,,2026-09-01T02:00:26.102406+00:00
082800,00533191,2015,FY,2015-12-31,11011,CFS,NO_DATA,0,,2026-09-01T02:00:26.400067+00:00
082390,00496003,2015,FY,2015-12-31,11011,CFS,OK,139,,2026-09-01T02:00:26.425831+00:00
082270,00492894,2015,FY,2015-12-31,11011,CFS,OK,153,,2026-09-01T02:00:26.446996+00:00
082740,00361008,2015,FY,2015-12-31,11011,CFS,OK,159,,2026-09-01T02:00:26.568635+00:00
082660,00442455,2015,FY,2015-12-31,11011,CFS,OK,164,,2026-09-01T02:00:26.683097+00:00
083350,00529310,2015,FY,2015-12-31,11011,CFS,NO_DATA,0,,2026-09-01T02:00:27.031853+00:00
083360,00529523,2015,FY,2015-12-31,11011,CFS,NO_DATA,0,,2026-09-01T02:00:27.154696+00:00
082850,00369107,2015,FY,2015-12-31,11011,CFS,OK,160,,2026-09-01T02:00:27.215677+00:00
083370,00526447,2015,FY,2015-12-31,11011,CFS,NO_DATA,0,,2026-09-01T02:00:27.267312+00:00
082920,00154718,2015,FY,2015-12-31,11011,CFS,OK,159,,2026-09-01T02:00:27.405715+00:00
083310,00484682,2015,FY,2015-12-31,11011,CFS,OK,184,,2026-09-01T02:00:27.554494+00:00
083380,00526465,2015,FY,2015-12-31,11011,CFS,NO_DATA,0,,2026-09-01T02:00:27.603787+00:00
083390,00526474,2015,FY,2015-12-31,11011,CFS,NO_DATA,0,,2026-09-01T02:00:27.764654+00:00
083420,00454946,2015,FY,2015-12-31,11011,CFS,NO_DATA,0,,2026-09-01T02:00:27.814245+00:00
083570,00533580,2015,FY,2015-12-31,11011,CFS,NO_DATA,0,,2026-09-01T02:00:28.182506+00:00
083580,00533793,2015,FY,2015-12-31,11011,CFS,NO_DATA,0,,2026-09-01T02:00:28.353358+00:00
083590,00533836,2015,FY,2015-12-31,11011,CFS,NO_DATA,0,,2026-09-01T02:00:28.381555+00:00
083450,00540863,2015,FY,2015-12-31,11011,CFS,OK,181,,2026-09-01T02:00:28.423962+00:00
083550,00242934,2015,FY,2015-12-31,11011,CFS,OK,162,,2026-09-01T02:00:28.547018+00:00
083600,00533757,2015,FY,2015-12-31,11011,CFS,NO_DATA,0,,2026-09-01T02:00:28.769689+00:00
083610,00533696,2015,FY,2015-12-31,11011,CFS,NO_DATA,0,,2026-09-01T02:00:28.932419+00:00
083620,00533678,2015,FY,2015-12-31,11011,CFS,NO_DATA,0,,2026-09-01T02:00:28.958208+00:00
083640,00475976,2015,FY,2015-12-31,11011,CFS,OK,145,,2026-09-01T02:00:29.424360+00:00
083470,00475718,2015,FY,2015-12-31,11011,CFS,OK,181,,2026-09-01T02:00:29.618707+00:00
083650,00409788,2015,FY,2015-12-31,11011,CFS,OK,227,,2026-09-01T02:00:29.791360+00:00
083790,00407814,2015,FY,2015-12-31,11011,CFS,OK,136,,2026-09-01T02:00:29.934759+00:00
083660,00406037,2015,FY,2015-12-31,11011,CFS,NO_DATA,0,,2026-09-01T02:00:29.958631+00:00
084180,00243979,2015,FY,2015-12-31,11011,CFS,NO_DATA,0,,2026-09-01T02:00:30.368358+00:00
084440,00531078,2015,FY,2015-12-31,11011,CFS,NO_DATA,0,,2026-09-01T02:00:30.539517+00:00
084010,00113225,2015,FY,2015-12-31,11011,CFS,OK,203,,2026-09-01T02:00:30.572264+00:00
083930,00442145,2015,FY,2015-12-31,11011,CFS,OK,167,,2026-09-01T02:00:30.580677+00:00
084110,00228059,2015,FY,2015-12-31,11011,CFS,OK,188,,2026-09-01T02:00:30.848971+00:00
084650,00545114,2015,FY,2015-12-31,11011,CFS,NO_DATA,0,,2026-09-01T02:00:30.950032+00:00
084370,00531014,2015,FY,2015-12-31,11011,CFS,OK,149,,2026-09-01T02:00:31.052470+00:00
084680,00540605,2015,FY,2015-12-31,11011,CFS,NO_DATA,0,,2026-09-01T02:00:31.156077+00:00
084670,00540641,2015,FY,2015-12-31,11011,CFS,OK,178,,2026-09-01T02:00:31.554678+00:00
084990,00359395,2015,FY,2015-12-31,11011,CFS,NO_DATA,0,,2026-09-01T02:00:31.618668+00:00
084690,00539274,2015,FY,2015-12-31,11011,CFS,OK,285,,2026-09-01T02:00:31.874526+00:00
084870,00409672,2015,FY,2015-12-31,11011,CFS,OK,121,,2026-09-01T02:00:31.931084+00:00
084730,00438036,2015,FY,2015-12-31,11011,CFS,OK,199,,2026-09-01T02:00:32.038105+00:00
085620,00112332,2015,FY,2015-12-31,11011,CFS,NO_DATA,0,,2026-09-01T02:00:32.198095+00:00
085310,00172228,2015,FY,2015-12-31,11011,CFS,OK,178,,2026-09-01T02:00:32.259737+00:00
085370,00549925,2015,FY,2015-12-31,11011,CFS,OK,196,,2026-09-01T02:00:32.675246+00:00
085980,00461690,2015,FY,2015-12-31,11011,CFS,NO_DATA,0,,2026-09-01T02:00:32.833158+00:00
085670,00493510,2015,FY,2015-12-31,11011,CFS,OK,164,,2026-09-01T02:00:33.035636+00:00
085660,00525679,2015,FY,2015-12-31,11011,CFS,OK,293,,2026-09-01T02:00:33.115760+00:00
085810,00364254,2015,FY,2015-12-31,11011,CFS,OK,178,,2026-09-01T02:00:33.168913+00:00
085910,00447928,2015,FY,2015-12-31,11011,CFS,OK,177,,2026-09-01T02:00:33.318377+00:00
086220,00523176,2015,FY,2015-12-31,11011,CFS,NO_DATA,0,,2026-09-01T02:00:33.715627+00:00
086040,00447502,2015,FY,2015-12-31,11011,CFS,OK,272,,2026-09-01T02:00:33.783216+00:00
086060,00491053,2015,FY,2015-12-31,11011,CFS,OK,263,,2026-09-01T02:00:34.116215+00:00
086250,00166333,2015,FY,2015-12-31,11011,CFS,OK,132,,2026-09-01T02:00:34.146534+00:00
086200,00413824,2015,FY,2015-12-31,11011,CFS,OK,180,,2026-09-01T02:00:34.158835+00:00
086280,00360595,2015,FY,2015-12-31,11011,CFS,OK,149,,2026-09-01T02:00:34.453951+00:00
086460,00548519,2015,FY,2015-12-31,11011,CFS,NO_DATA,0,,2026-09-01T02:00:34.688438+00:00
086520,00536541,2015,FY,2015-12-31,11011,CFS,NO_DATA,0,,2026-09-01T02:00:34.752848+00:00
086390,00540447,2015,FY,2015-12-31,11011,CFS,OK,174,,2026-09-01T02:00:34.899256+00:00
086450,00114808,2015,FY,2015-12-31,11011,CFS,OK,185,,2026-09-01T02:00:34.925767+00:00
086790,00547583,2015,FY,2015-12-31,11011,CFS,NO_DATA,0,,2026-09-01T02:00:35.042450+00:00
086670,00524786,2015,FY,2015-12-31,11011,CFS,OK,127,,2026-09-01T02:00:35.141476+00:00
086890,00526872,2015,FY,2015-12-31,11011,CFS,NO_DATA,0,,2026-09-01T02:00:35.339604+00:00
087010,00415868,2015,FY,2015-12-31,11011,CFS,NO_DATA,0,,2026-09-01T02:00:35.718220+00:00
086830,00317830,2015,FY,2015-12-31,11011,CFS,OK,163,,2026-09-01T02:00:35.801271+00:00
086980,00303794,2015,FY,2015-12-31,11011,CFS,OK,132,,2026-09-01T02:00:36.006193+00:00
086960,00445841,2015,FY,2015-12-31,11011,CFS,OK,143,,2026-09-01T02:00:36.018370+00:00
086900,00580199,2015,FY,2015-12-31,11011,CFS,OK,191,,2026-09-01T02:00:36.027722+00:00
087730,00496225,2015,FY,2015-12-31,11011,CFS,NO_DATA,0,,2026-09-01T02:00:36.372538+00:00
087220,00454265,2015,FY,2015-12-31,11011,CFS,OK,237,,2026-09-01T02:00:36.471014+00:00
088350,00113058,2015,FY,2015-12-31,11011,CFS,NO_DATA,0,,2026-09-01T02:00:36.611115+00:00
087600,00495086,2015,FY,2015-12-31,11011,CFS,OK,171,,2026-09-01T02:00:36.744286+00:00
088290,00409140,2015,FY,2015-12-31,11011,CFS,OK,143,,2026-09-01T02:00:37.021422+00:00
088130,00489243,2015,FY,2015-12-31,11011,CFS,OK,156,,2026-09-01T02:00:37.133431+00:00
088910,00228712,2015,FY,2015-12-31,11011,CFS,NO_DATA,0,,2026-09-01T02:00:37.347124+00:00
088390,00494476,2015,FY,2015-12-31,11011,CFS,OK,148,,2026-09-01T02:00:37.391349+00:00
088980,00435297,2015,FY,2015-12-31,11011,CFS,NO_DATA,0,,2026-09-01T02:00:37.597514+00:00
088800,00556907,2015,FY,2015-12-31,11011,CFS,OK,163,,2026-09-01T02:00:37.715515+00:00
089140,00416414,2015,FY,2015-12-31,11011,CFS,NO_DATA,0,,2026-09-01T02:00:37.970944+00:00
089150,00441447,2015,FY,2015-12-31,11011,CFS,NO_DATA,0,,2026-09-01T02:00:38.177960+00:00
089010,00371485,2015,FY,2015-12-31,11011,CFS,OK,158,,2026-09-01T02:00:38.280631+00:00
089030,00535676,2015,FY,2015-12-31,11011,CFS,OK,185,,2026-09-01T02:00:38.471079+00:00
089530,00458562,2015,FY,2015-12-31,11011,CFS,NO_DATA,0,,2026-09-01T02:00:38.752467+00:00
089230,00519252,2015,FY,2015-12-31,11011,CFS,OK,164,,2026-09-01T02:00:38.848219+00:00
089590,00555874,2015,FY,2015-12-31,11011,CFS,NO_DATA,0,,2026-09-01T02:00:38.875710+00:00
089470,00357935,2015,FY,2015-12-31,11011,CFS,OK,170,,2026-09-01T02:00:39.033309+00:00
089600,00486097,2015,FY,2015-12-31,11011,CFS,NO_DATA,0,,2026-09-01T02:00:39.060485+00:00
089790,00365457,2015,FY,2015-12-31,11011,CFS,NO_DATA,0,,2026-09-01T02:00:39.326377+00:00
089890,00365934,2015,FY,2015-12-31,11011,CFS,NO_DATA,0,,2026-09-01T02:00:39.439452+00:00
089850,00592653,2015,FY,2015-12-31,11011,CFS,OK,169,,2026-09-01T02:00:39.964373+00:00
089980,00181299,2015,FY,2015-12-31,11011,CFS,OK,121,,2026-09-01T02:00:40.004994+00:00
090080,00573579,2015,FY,2015-12-31,11011,CFS,OK,166,,2026-09-01T02:00:40.179120+00:00
088790,00557933,2015,FY,2015-12-31,11011,CFS,OK,116,,2026-09-01T02:00:40.279162+00:00
090150,00365624,2015,FY,2015-12-31,11011,CFS,OK,110,,2026-09-01T02:00:40.426862+00:00
090120,00491336,2015,FY,2015-12-31,11011,CFS,OK,162,,2026-09-01T02:00:40.441645+00:00
090360,00536523,2015,FY,2015-12-31,11011,CFS,OK,123,,2026-09-01T02:00:41.010470+00:00
090370,00442835,2015,FY,2015-12-31,11011,CFS,OK,136,,2026-09-01T02:00:41.163589+00:00
090350,00583442,2015,FY,2015-12-31,11011,CFS,OK,224,,2026-09-01T02:00:41.273017+00:00
090410,00454937,2015,FY,2015-12-31,11011,CFS,OK,122,,2026-09-01T02:00:41.276243+00:00
090430,00583424,2015,FY,2015-12-31,11011,CFS,OK,203,,2026-09-01T02:00:41.540323+00:00
090460,00447609,2015,FY,2015-12-31,11011,CFS,OK,189,,2026-09-01T02:00:41.581674+00:00
090470,00493185,2015,FY,2015-12-31,11011,CFS,NO_DATA,0,,2026-09-01T02:00:41.609311+00:00
090540,00560025,2015,FY,2015-12-31,11011,CFS,NO_DATA,0,,2026-09-01T02:00:41.740599+00:00
090970,00580603,2015,FY,2015-12-31,11011,CFS,NO_DATA,0,,2026-09-01T02:00:42.214944+00:00
090980,00580612,2015,FY,2015-12-31,11011,CFS,NO_DATA,0,,2026-09-01T02:00:42.309412+00:00
090730,00163789,2015,FY,2015-12-31,11011,CFS,OK,166,,2026-09-01T02:00:42.390769+00:00
090710,00540429,2015,FY,2015-12-31,11011,CFS,OK,181,,2026-09-01T02:00:42.401140+00:00
090850,00656951,2015,FY,2015-12-31,11011,CFS,OK,126,,2026-09-01T02:00:42.574189+00:00
090740,00495554,2015,FY,2015-12-31,11011,CFS,OK,180,,2026-09-01T02:00:42.657071+00:00
090990,00580621,2015,FY,2015-12-31,11011,CFS,NO_DATA,0,,2026-09-01T02:00:42.824414+00:00
091000,00580630,2015,FY,2015-12-31,11011,CFS,NO_DATA,0,,2026-09-01T02:00:42.882559+00:00
091270,00612115,2015,FY,2015-12-31,11011,CFS,NO_DATA,0,,2026-09-01T02:00:43.140960+00:00
091440,00560122,2015,FY,2015-12-31,11011,CFS,NO_DATA,0,,2026-09-01T02:00:43.410095+00:00
091090,00585219,2015,FY,2015-12-31,11011,CFS,OK,161,,2026-09-01T02:00:43.436027+00:00
091120,00541163,2015,FY,2015-12-31,11011,CFS,OK,182,,2026-09-01T02:00:43.555142+00:00
091340,00580667,2015,FY,2015-12-31,11011,CFS,OK,134,,2026-09-01T02:00:43.660916+00:00
091580,00480783,2015,FY,2015-12-31,11011,CFS,OK,118,,2026-09-01T02:00:43.874464+00:00
091690,00543231,2015,FY,2015-12-31,11011,CFS,NO_DATA,0,,2026-09-01T02:00:44.034165+00:00
091590,00108001,2015,FY,2015-12-31,11011,CFS,OK,117,,2026-09-01T02:00:44.145482+00:00
092070,00569691,2015,FY,2015-12-31,11011,CFS,NO_DATA,0,,2026-09-01T02:00:44.460781+00:00
091700,00490151,2015,FY,2015-12-31,11011,CFS,OK,159,,2026-09-01T02:00:44.557071+00:00
091970,00542074,2015,FY,2015-12-31,11011,CFS,OK,148,,2026-09-01T02:00:44.673965+00:00
092040,00545734,2015,FY,2015-12-31,11011,CFS,OK,155,,2026-09-01T02:00:44.696911+00:00
092130,00634728,2015,FY,2015-12-31,11011,CFS,OK,89,,2026-09-01T02:00:44.895213+00:00
092200,00112165,2015,FY,2015-12-31,11011,CFS,OK,148,,2026-09-01T02:00:45.114043+00:00
092300,00367455,2015,FY,2015-12-31,11011,CFS,NO_DATA,0,,2026-09-01T02:00:45.270796+00:00
092230,00587466,2015,FY,2015-12-31,11011,CFS,OK,181,,2026-09-01T02:00:45.694336+00:00
092220,00589127,2015,FY,2015-12-31,11011,CFS,OK,220,,2026-09-01T02:00:45.724542+00:00
092590,00578325,2015,FY,2015-12-31,11011,CFS,NO_DATA,0,,2026-09-01T02:00:45.755121+00:00
092440,00106614,2015,FY,2015-12-31,11011,CFS,OK,149,,2026-09-01T02:00:45.840352+00:00
092460,00528515,2015,FY,2015-12-31,11011,CFS,OK,184,,2026-09-01T02:00:46.182139+00:00
092630,00587101,2015,FY,2015-12-31,11011,CFS,NO_DATA,0,,2026-09-01T02:00:46.287337+00:00
092730,00551920,2015,FY,2015-12-31,11011,CFS,NO_DATA,0,,2026-09-01T02:00:46.313754+00:00
092600,00537337,2015,FY,2015-12-31,11011,CFS,OK,148,,2026-09-01T02:00:46.512301+00:00
092870,00611736,2015,FY,2015-12-31,11011,CFS,OK,112,,2026-09-01T02:00:46.742572+00:00
093240,00441243,2015,FY,2015-12-31,11011,CFS,OK,197,,2026-09-01T02:00:47.448050+00:00
093320,00603348,2015,FY,2015-12-31,11011,CFS,OK,297,,2026-09-01T02:00:47.798365+00:00
093370,00595191,2015,FY,2015-12-31,11011,CFS,OK,164,,2026-09-01T02:00:47.843185+00:00
093640,00536888,2015,FY,2015-12-31,11011,CFS,NO_DATA,0,,2026-09-01T02:00:48.428430+00:00
093380,00155373,2015,FY,2015-12-31,11011,CFS,OK,124,,2026-09-01T02:00:48.437662+00:00
093190,00478900,2015,FY,2015-12-31,11011,CFS,OK,118,,2026-09-01T02:00:48.744816+00:00
093520,00596677,2015,FY,2015-12-31,11011,CFS,OK,166,,2026-09-01T02:00:48.830554+00:00
093230,00480950,2015,FY,2015-12-31,11011,CFS,OK,259,,2026-09-01T02:00:48.883307+00:00
094170,00695969,2015,FY,2015-12-31,11011,CFS,NO_DATA,0,,2026-09-01T02:00:49.023627+00:00
093050,00593032,2015,FY,2015-12-31,11011,CFS,OK,194,,2026-09-01T02:00:49.045642+00:00
093920,00445799,2015,FY,2015-12-31,11011,CFS,OK,165,,2026-09-01T02:00:49.538786+00:00
094800,00600013,2015,FY,2015-12-31,11011,CFS,NO_DATA,0,,2026-09-01T02:00:49.644338+00:00
094360,00579971,2015,FY,2015-12-31,11011,CFS,OK,139,,2026-09-01T02:00:49.858104+00:00
094190,00379016,2015,FY,2015-12-31,11011,CFS,OK,234,,2026-09-01T02:00:49.865070+00:00
094280,00414850,2015,FY,2015-12-31,11011,CFS,OK,165,,2026-09-01T02:00:49.957211+00:00
094480,00587457,2015,FY,2015-12-31,11011,CFS,OK,232,,2026-09-01T02:00:50.156117+00:00
094850,00606770,2015,FY,2015-12-31,11011,CFS,NO_DATA,0,,2026-09-01T02:00:50.452318+00:00
094860,00599106,2015,FY,2015-12-31,11011,CFS,NO_DATA,0,,2026-09-01T02:00:50.462696+00:00
094820,00485177,2015,FY,2015-12-31,11011,CFS,OK,182,,2026-09-01T02:00:50.659211+00:00
094840,00599957,2015,FY,2015-12-31,11011,CFS,OK,141,,2026-09-01T02:00:50.678895+00:00
094940,00537832,2015,FY,2015-12-31,11011,CFS,NO_DATA,0,,2026-09-01T02:00:50.842260+00:00
094970,00533508,2015,FY,2015-12-31,11011,CFS,OK,141,,2026-09-01T02:00:51.138985+00:00
095190,00526951,2015,FY,2015-12-31,11011,CFS,OK,145,,2026-09-01T02:00:51.443570+00:00
095270,00526696,2015,FY,2015-12-31,11011,CFS,OK,257,,2026-09-01T02:00:51.597301+00:00
095300,00447478,2015,FY,2015-12-31,11011,CFS,OK,114,,2026-09-01T02:00:51.669586+00:00
095340,00572905,2015,FY,2015-12-31,11011,CFS,OK,166,,2026-09-01T02:00:51.811680+00:00
095500,00526836,2015,FY,2015-12-31,11011,CFS,OK,165,,2026-09-01T02:00:51.825959+00:00
095700,00545929,2015,FY,2015-12-31,11011,CFS,NO_DATA,0,,2026-09-01T02:00:52.248102+00:00
095570,00365387,2015,FY,2015-12-31,11011,CFS,OK,154,,2026-09-01T02:00:52.262115+00:00
095610,00524421,2015,FY,2015-12-31,11011,CFS,OK,161,,2026-09-01T02:00:52.483556+00:00
095660,00628860,2015,FY,2015-12-31,11011,CFS,OK,156,,2026-09-01T02:00:52.699155+00:00
096040,00480756,2015,FY,2015-12-31,11011,CFS,NO_DATA,0,,2026-09-01T02:00:52.836267+00:00
096300,00626710,2015,FY,2015-12-31,11011,CFS,NO_DATA,0,,2026-09-01T02:00:53.087133+00:00
095910,00585538,2015,FY,2015-12-31,11011,CFS,OK,162,,2026-09-01T02:00:53.226050+00:00
095720,00628189,2015,FY,2015-12-31,11011,CFS,OK,403,,2026-09-01T02:00:53.240245+00:00
096240,00525882,2015,FY,2015-12-31,11011,CFS,OK,176,,2026-09-01T02:00:53.395037+00:00
096350,00177870,2015,FY,2015-12-31,11011,CFS,OK,117,,2026-09-01T02:00:53.677008+00:00
096530,00788773,2015,FY,2015-12-31,11011,CFS,OK,149,,2026-09-01T02:00:53.811304+00:00
096640,00609315,2015,FY,2015-12-31,11011,CFS,NO_DATA,0,,2026-09-01T02:00:53.825791+00:00
096690,00608839,2015,FY,2015-12-31,11011,CFS,NO_DATA,0,,2026-09-01T02:00:53.988363+00:00
096610,00516246,2015,FY,2015-12-31,11011,CFS,OK,127,,2026-09-01T02:00:54.092769+00:00
096630,00573269,2015,FY,2015-12-31,11011,CFS,OK,172,,2026-09-01T02:00:54.384606+00:00
096870,00540571,2015,FY,2015-12-31,11011,CFS,NO_DATA,0,,2026-09-01T02:00:54.411782+00:00
096760,00632304,2015,FY,2015-12-31,11011,CFS,OK,234,,2026-09-01T02:00:54.803671+00:00
097800,00536286,2015,FY,2015-12-31,11011,CFS,NO_DATA,0,,2026-09-01T02:00:54.979810+00:00
096770,00631518,2015,FY,2015-12-31,11011,CFS,OK,205,,2026-09-01T02:00:55.074021+00:00
097230,00633835,2015,FY,2015-12-31,11011,CFS,OK,196,,2026-09-01T02:00:55.093106+00:00
097520,00564562,2015,FY,2015-12-31,11011,CFS,OK,157,,2026-09-01T02:00:55.107791+00:00
097780,00562360,2015,FY,2015-12-31,11011,CFS,OK,134,,2026-09-01T02:00:55.490102+00:00
098120,00568188,2015,FY,2015-12-31,11011,CFS,OK,138,,2026-09-01T02:00:56.119004+00:00
098660,00612188,2015,FY,2015-12-31,11011,CFS,OK,132,,2026-09-01T02:00:56.228619+00:00
097870,00367385,2015,FY,2015-12-31,11011,CFS,OK,128,,2026-09-01T02:00:56.450022+00:00
099190,00550994,2015,FY,2015-12-31,11011,CFS,OK,168,,2026-09-01T02:00:56.481649+00:00
098460,00579999,2015,FY,2015-12-31,11011,CFS,OK,181,,2026-09-01T02:00:56.544327+00:00
097950,00635134,2015,FY,2015-12-31,11011,CFS,OK,196,,2026-09-01T02:00:56.590518+00:00
099340,00647883,2015,FY,2015-12-31,11011,CFS,NO_DATA,0,,2026-09-01T02:00:57.038360+00:00
099350,00647935,2015,FY,2015-12-31,11011,CFS,NO_DATA,0,,2026-09-01T02:00:57.054037+00:00
099440,00580056,2015,FY,2015-12-31,11011,CFS,NO_DATA,0,,2026-09-01T02:00:57.169742+00:00
099320,00449254,2015,FY,2015-12-31,11011,CFS,OK,139,,2026-09-01T02:00:57.209593+00:00
099220,00574611,2015,FY,2015-12-31,11011,CFS,OK,172,,2026-09-01T02:00:57.330762+00:00
099410,00526678,2015,FY,2015-12-31,11011,CFS,OK,171,,2026-09-01T02:00:57.550771+00:00
099520,00627029,2015,FY,2015-12-31,11011,CFS,NO_DATA,0,,2026-09-01T02:00:57.618487+00:00
100090,00480367,2015,FY,2015-12-31,11011,CFS,NO_DATA,0,,2026-09-01T02:00:57.927911+00:00
099660,00599887,2015,FY,2015-12-31,11011,CFS,OK,159,,2026-09-01T02:00:58.188043+00:00
100030,00641171,2015,FY,2015-12-31,11011,CFS,OK,133,,2026-09-01T02:00:58.245438+00:00
099830,00232496,2015,FY,2015-12-31,11011,CFS,OK,188,,2026-09-01T02:00:58.336359+00:00
100120,00609324,2015,FY,2015-12-31,11011,CFS,OK,135,,2026-09-01T02:00:58.557466+00:00
100130,00415594,2015,FY,2015-12-31,11011,CFS,OK,165,,2026-09-01T02:00:58.760233+00:00
100660,00166528,2015,FY,2015-12-31,11011,CFS,NO_DATA,0,,2026-09-01T02:00:58.828540+00:00
100220,00520887,2015,FY,2015-12-31,11011,CFS,OK,152,,2026-09-01T02:00:58.968333+00:00
100840,00648721,2015,FY,2015-12-31,11011,CFS,NO_DATA,0,,2026-09-01T02:00:59.145609+00:00
100250,00646732,2015,FY,2015-12-31,11011,CFS,OK,204,,2026-09-01T02:00:59.458854+00:00
100700,00362201,2015,FY,2015-12-31,11011,CFS,OK,257,,2026-09-01T02:00:59.478229+00:00
101140,00652423,2015,FY,2015-12-31,11011,CFS,NO_DATA,0,,2026-09-01T02:00:59.594324+00:00
101060,00650629,2015,FY,2015-12-31,11011,CFS,OK,179,,2026-09-01T02:00:59.979101+00:00
101160,00580065,2015,FY,2015-12-31,11011,CFS,OK,150,,2026-09-01T02:01:00.146403+00:00
101360,00619640,2015,FY,2015-12-31,11011,CFS,NO_DATA,0,,2026-09-01T02:01:00.570956+00:00
101330,00498001,2015,FY,2015-12-31,11011,CFS,OK,140,,2026-09-01T02:01:00.612070+00:00
101170,00567222,2015,FY,2015-12-31,11011,CFS,NO_DATA,0,,2026-09-01T02:01:01.104325+00:00
101240,00520610,2015,FY,2015-12-31,11011,CFS,NO_DATA,0,,2026-09-01T02:01:01.118681+00:00
101390,00609634,2015,FY,2015-12-31,11011,CFS,OK,139,,2026-09-01T02:01:01.158937+00:00
101490,00411048,2015,FY,2015-12-31,11011,CFS,NO_DATA,0,,2026-09-01T02:01:01.182936+00:00
101530,00428321,2015,FY,2015-12-31,11011,CFS,NO_DATA,0,,2026-09-01T02:01:01.681824+00:00
101670,00527491,2015,FY,2015-12-31,11011,CFS,NO_DATA,0,,2026-09-01T02:01:01.710411+00:00
101680,00257732,2015,FY,2015-12-31,11011,CFS,NO_DATA,0,,2026-09-01T02:01:01.725523+00:00
101400,00641393,2015,FY,2015-12-31,11011,CFS,OK,278,,2026-09-01T02:01:01.883985+00:00
101730,00643656,2015,FY,2015-12-31,11011,CFS,OK,166,,2026-09-01T02:01:02.293320+00:00
101970,00450931,2015,FY,2015-12-31,11011,CFS,NO_DATA,0,,2026-09-01T02:01:02.306130+00:00
102120,00591441,2015,FY,2015-12-31,11011,CFS,OK,133,,2026-09-01T02:01:02.722271+00:00
101930,00482426,2015,FY,2015-12-31,11011,CFS,OK,160,,2026-09-01T02:01:02.777097+00:00
102210,00299358,2015,FY,2015-12-31,11011,CFS,OK,170,,2026-09-01T02:01:03.009859+00:00
102280,00681142,2015,FY,2015-12-31,11011,CFS,OK,143,,2026-09-01T02:01:03.296150+00:00
102460,00145598,2015,FY,2015-12-31,11011,CFS,NO_DATA,0,,2026-09-01T02:01:03.365667+00:00
102940,00525642,2015,FY,2015-12-31,11011,CFS,NO_DATA,0,,2026-09-01T02:01:03.613487+00:00
102260,00679314,2015,FY,2015-12-31,11011,CFS,OK,295,,2026-09-01T02:01:03.704270+00:00
103130,00609485,2015,FY,2015-12-31,11011,CFS,NO_DATA,0,,2026-09-01T02:01:03.881567+00:00
102710,00530185,2015,FY,2015-12-31,11011,CFS,OK,168,,2026-09-01T02:01:03.924089+00:00
103230,00137012,2015,FY,2015-12-31,11011,CFS,NO_DATA,0,,2026-09-01T02:01:04.191609+00:00
103660,00762377,2015,FY,2015-12-31,11011,CFS,NO_DATA,0,,2026-09-01T02:01:04.507839+00:00
103140,00684714,2015,FY,2015-12-31,11011,CFS,OK,244,,2026-09-01T02:01:04.558236+00:00
103650,00678281,2015,FY,2015-12-31,11011,CFS,NO_DATA,0,,2026-09-01T02:01:04.731413+00:00
103590,00683469,2015,FY,2015-12-31,11011,CFS,OK,182,,2026-09-01T02:01:04.995415+00:00
104120,00686147,2015,FY,2015-12-31,11011,CFS,NO_DATA,0,,2026-09-01T02:01:05.125199+00:00
104040,00442905,2015,FY,2015-12-31,11011,CFS,OK,146,,2026-09-01T02:01:05.247274+00:00
104200,00645089,2015,FY,2015-12-31,11011,CFS,NO_DATA,0,,2026-09-01T02:01:05.318622+00:00
101000,00618410,2015,FY,2015-12-31,11011,CFS,OK,152,,2026-09-01T02:01:05.623671+00:00
104110,00686068,2015,FY,2015-12-31,11011,CFS,OK,238,,2026-09-01T02:01:05.715804+00:00
104700,00687711,2015,FY,2015-12-31,11011,CFS,NO_DATA,0,,2026-09-01T02:01:05.893099+00:00
104480,00693554,2015,FY,2015-12-31,11011,CFS,NO_DATA,0,,2026-09-01T02:01:06.024522+00:00
104460,00602136,2015,FY,2015-12-31,11011,CFS,OK,230,,2026-09-01T02:01:06.156930+00:00
104540,00541437,2015,FY,2015-12-31,11011,CFS,OK,222,,2026-09-01T02:01:06.369126+00:00
105550,00766106,2015,FY,2015-12-31,11011,CFS,NO_DATA,0,,2026-09-01T02:01:06.486443+00:00
105560,00688996,2015,FY,2015-12-31,11011,CFS,NO_DATA,0,,2026-09-01T02:01:06.688056+00:00
105330,00606664,2015,FY,2015-12-31,11011,CFS,OK,157,,2026-09-01T02:01:06.728857+00:00
104830,00623661,2015,FY,2015-12-31,11011,CFS,OK,214,,2026-09-01T02:01:06.801118+00:00
105740,00533003,2015,FY,2015-12-31,11011,CFS,NO_DATA,0,,2026-09-01T02:01:06.963235+00:00
105630,00728638,2015,FY,2015-12-31,11011,CFS,OK,145,,2026-09-01T02:01:07.264411+00:00
106190,00409964,2015,FY,2015-12-31,11011,CFS,NO_DATA,0,,2026-09-01T02:01:07.326503+00:00
106080,00542898,2015,FY,2015-12-31,11011,CFS,OK,165,,2026-09-01T02:01:07.682603+00:00
105840,00173944,2015,FY,2015-12-31,11011,CFS,OK,194,,2026-09-01T02:01:07.758528+00:00
107640,00474588,2015,FY,2015-12-31,11011,CFS,NO_DATA,0,,2026-09-01T02:01:07.901829+00:00
106240,00755739,2015,FY,2015-12-31,11011,CFS,OK,187,,2026-09-01T02:01:07.947444+00:00
106520,00536329,2015,FY,2015-12-31,11011,CFS,OK,179,,2026-09-01T02:01:08.081385+00:00
107590,00706715,2015,FY,2015-12-31,11011,CFS,OK,258,,2026-09-01T02:01:08.578029+00:00
108670,00759513,2015,FY,2015-12-31,11011,CFS,OK,171,,2026-09-01T02:01:08.969789+00:00
108230,00531917,2015,FY,2015-12-31,11011,CFS,OK,164,,2026-09-01T02:01:09.019972+00:00
108320,00525934,2015,FY,2015-12-31,11011,CFS,OK,138,,2026-09-01T02:01:09.041450+00:00
108380,00111193,2015,FY,2015-12-31,11011,CFS,OK,167,,2026-09-01T02:01:09.145763+00:00
108790,00598587,2015,FY,2015-12-31,11011,CFS,OK,292,,2026-09-01T02:01:09.395673+00:00
109070,00753643,2015,FY,2015-12-31,11011,CFS,NO_DATA,0,,2026-09-01T02:01:09.558753+00:00
109080,00660291,2015,FY,2015-12-31,11011,CFS,NO_DATA,0,,2026-09-01T02:01:09.590736+00:00
108860,00666064,2015,FY,2015-12-31,11011,CFS,OK,149,,2026-09-01T02:01:09.686568+00:00
109740,00530121,2015,FY,2015-12-31,11011,CFS,OK,168,,2026-09-01T02:01:10.150979+00:00
109610,00535481,2015,FY,2015-12-31,11011,CFS,OK,169,,2026-09-01T02:01:10.165889+00:00
109960,00653194,2015,FY,2015-12-31,11011,CFS,NO_DATA,0,,2026-09-01T02:01:10.168820+00:00
110570,00636045,2015,FY,2015-12-31,11011,CFS,NO_DATA,0,,2026-09-01T02:01:10.259072+00:00
109820,00552992,2015,FY,2015-12-31,11011,CFS,OK,156,,2026-09-01T02:01:10.504050+00:00
109860,00118284,2015,FY,2015-12-31,11011,CFS,OK,135,,2026-09-01T02:01:10.690375+00:00
110660,00555740,2015,FY,2015-12-31,11011,CFS,NO_DATA,0,,2026-09-01T02:01:10.734362+00:00
112190,00366517,2015,FY,2015-12-31,11011,CFS,NO_DATA,0,,2026-09-01T02:01:11.314307+00:00
111770,00776820,2015,FY,2015-12-31,11011,CFS,OK,199,,2026-09-01T02:01:11.350734+00:00
111610,00609254,2015,FY,2015-12-31,11011,CFS,OK,160,,2026-09-01T02:01:11.357430+00:00
111870,00125965,2015,FY,2015-12-31,11011,CFS,OK,122,,2026-09-01T02:01:11.469346+00:00
114090,00557508,2015,FY,2015-12-31,11011,CFS,NO_DATA,0,,2026-09-01T02:01:12.035692+00:00
112040,00444329,2015,FY,2015-12-31,11011,CFS,OK,205,,2026-09-01T02:01:12.251180+00:00
111820,00689418,2015,FY,2015-12-31,11011,CFS,OK,136,,2026-09-01T02:01:12.296042+00:00
112240,00450339,2015,FY,2015-12-31,11011,CFS,OK,107,,2026-09-01T02:01:12.402441+00:00
112610,00670340,2015,FY,2015-12-31,11011,CFS,OK,147,,2026-09-01T02:01:12.456816+00:00
113810,00576789,2015,FY,2015-12-31,11011,CFS,OK,281,,2026-09-01T02:01:12.612937+00:00
114450,00532059,2015,FY,2015-12-31,11011,CFS,NO_DATA,0,,2026-09-01T02:01:12.888427+00:00
114570,00673976,2015,FY,2015-12-31,11011,CFS,NO_DATA,0,,2026-09-01T02:01:12.980299+00:00
114120,00618401,2015,FY,2015-12-31,11011,CFS,OK,204,,2026-09-01T02:01:13.170011+00:00
114810,00625942,2015,FY,2015-12-31,11011,CFS,NO_DATA,0,,2026-09-01T02:01:13.197771+00:00
114190,00100601,2015,FY,2015-12-31,11011,CFS,OK,181,,2026-09-01T02:01:13.373523+00:00
114630,00663669,2015,FY,2015-12-31,11011,CFS,OK,152,,2026-09-01T02:01:13.467027+00:00
114920,00414540,2015,FY,2015-12-31,11011,CFS,NO_DATA,0,,2026-09-01T02:01:13.471298+00:00
115180,01042650,2015,FY,2015-12-31,11011,CFS,NO_DATA,0,,2026-09-01T02:01:13.748301+00:00
115440,00664048,2015,FY,2015-12-31,11011,CFS,NO_DATA,0,,2026-09-01T02:01:14.045987+00:00
115160,00787057,2015,FY,2015-12-31,11011,CFS,OK,211,,2026-09-01T02:01:14.100342+00:00
115310,00491415,2015,FY,2015-12-31,11011,CFS,OK,171,,2026-09-01T02:01:14.306713+00:00
115390,00561866,2015,FY,2015-12-31,11011,CFS,OK,192,,2026-09-01T02:01:14.507826+00:00
115450,00552859,2015,FY,2015-12-31,11011,CFS,OK,163,,2026-09-01T02:01:14.630554+00:00
115500,00441650,2015,FY,2015-12-31,11011,CFS,NO_DATA,0,,2026-09-01T02:01:14.665418+00:00
115480,00681249,2015,FY,2015-12-31,11011,CFS,OK,142,,2026-09-01T02:01:14.758254+00:00
115530,00660033,2015,FY,2015-12-31,11011,CFS,OK,160,,2026-09-01T02:01:15.100340+00:00
115960,00372253,2015,FY,2015-12-31,11011,CFS,NO_DATA,0,,2026-09-01T02:01:15.220967+00:00
116100,00442631,2015,FY,2015-12-31,11011,CFS,NO_DATA,0,,2026-09-01T02:01:15.268635+00:00
115570,00405959,2015,FY,2015-12-31,11011,CFS,OK,125,,2026-09-01T02:01:15.321212+00:00
117580,00787376,2015,FY,2015-12-31,11011,CFS,NO_DATA,0,,2026-09-01T02:01:15.379771+00:00
115610,00694942,2015,FY,2015-12-31,11011,CFS,OK,119,,2026-09-01T02:01:15.508034+00:00
117670,00605124,2015,FY,2015-12-31,11011,CFS,NO_DATA,0,,2026-09-01T02:01:15.732551+00:00
119500,00188797,2015,FY,2015-12-31,11011,CFS,NO_DATA,0,,2026-09-01T02:01:15.896011+00:00
119610,00604426,2015,FY,2015-12-31,11011,CFS,NO_DATA,0,,2026-09-01T02:01:15.958944+00:00
118000,00791209,2015,FY,2015-12-31,11011,CFS,OK,171,,2026-09-01T02:01:16.302766+00:00
119830,00626011,2015,FY,2015-12-31,11011,CFS,NO_DATA,0,,2026-09-01T02:01:16.306589+00:00
119850,00626464,2015,FY,2015-12-31,11011,CFS,NO_DATA,0,,2026-09-01T02:01:16.500966+00:00
117930,00790501,2015,FY,2015-12-31,11011,CFS,OK,385,,2026-09-01T02:01:16.808807+00:00
119650,00797364,2015,FY,2015-12-31,11011,CFS,OK,330,,2026-09-01T02:01:16.892049+00:00
120030,00796994,2015,FY,2015-12-31,11011,CFS,NO_DATA,0,,2026-09-01T02:01:16.897057+00:00
120240,00250997,2015,FY,2015-12-31,11011,CFS,NO_DATA,0,,2026-09-01T02:01:17.070990+00:00
119860,00585608,2015,FY,2015-12-31,11011,CFS,OK,229,,2026-09-01T02:01:17.206361+00:00
120780,00673301,2015,FY,2015-12-31,11011,CFS,NO_DATA,0,,2026-09-01T02:01:17.379587+00:00
121060,00445869,2015,FY,2015-12-31,11011,CFS,NO_DATA,0,,2026-09-01T02:01:17.470412+00:00
121550,00788807,2015,FY,2015-12-31,11011,CFS,NO_DATA,0,,2026-09-01T02:01:17.656666+00:00
120110,00795135,2015,FY,2015-12-31,11011,CFS,OK,246,,2026-09-01T02:01:17.689449+00:00
121440,00674498,2015,FY,2015-12-31,11011,CFS,OK,169,,2026-09-01T02:01:18.044244+00:00
121890,00604815,2015,FY,2015-12-31,11011,CFS,NO_DATA,0,,2026-09-01T02:01:18.249546+00:00
121600,00439965,2015,FY,2015-12-31,11011,CFS,OK,210,,2026-09-01T02:01:18.323832+00:00
121800,00693651,2015,FY,2015-12-31,11011,CFS,OK,140,,2026-09-01T02:01:18.389457+00:00
121850,00807397,2015,FY,2015-12-31,11011,CFS,OK,118,,2026-09-01T02:01:18.560513+00:00
122350,00799177,2015,FY,2015-12-31,11011,CFS,OK,139,,2026-09-01T02:01:18.677532+00:00
122640,00530556,2015,FY,2015-12-31,11011,CFS,NO_DATA,0,,2026-09-01T02:01:18.915517+00:00
122450,00657987,2015,FY,2015-12-31,11011,CFS,OK,197,,2026-09-01T02:01:19.184764+00:00
122800,00527880,2015,FY,2015-12-31,11011,CFS,OK,123,,2026-09-01T02:01:19.363159+00:00
122690,00800145,2015,FY,2015-12-31,11011,CFS,OK,181,,2026-09-01T02:01:19.440578+00:00
123010,00615723,2015,FY,2015-12-31,11011,CFS,NO_DATA,0,,2026-09-01T02:01:19.777381+00:00
122870,00613318,2015,FY,2015-12-31,11011,CFS,OK,258,,2026-09-01T02:01:19.811579+00:00
122900,00360142,2015,FY,2015-12-31,11011,CFS,OK,340,,2026-09-01T02:01:19.923338+00:00
122990,00759294,2015,FY,2015-12-31,11011,CFS,OK,249,,2026-09-01T02:01:20.379252+00:00
123040,00259545,2015,FY,2015-12-31,11011,CFS,OK,191,,2026-09-01T02:01:20.462282+00:00
123100,00569992,2015,FY,2015-12-31,11011,CFS,OK,182,,2026-09-01T02:01:20.738065+00:00
123330,00624998,2015,FY,2015-12-31,11011,CFS,OK,152,,2026-09-01T02:01:20.785120+00:00
123260,00671437,2015,FY,2015-12-31,11011,CFS,OK,194,,2026-09-01T02:01:20.899239+00:00
123410,00803425,2015,FY,2015-12-31,11011,CFS,OK,161,,2026-09-01T02:01:21.042131+00:00
123570,00616290,2015,FY,2015-12-31,11011,CFS,OK,132,,2026-09-01T02:01:21.464691+00:00
123420,00815767,2015,FY,2015-12-31,11011,CFS,OK,155,,2026-09-01T02:01:21.485117+00:00
123690,00823429,2015,FY,2015-12-31,11011,CFS,OK,147,,2026-09-01T02:01:21.717494+00:00
123750,00821607,2015,FY,2015-12-31,11011,CFS,OK,156,,2026-09-01T02:01:22.003230+00:00
123700,00815369,2015,FY,2015-12-31,11011,CFS,OK,282,,2026-09-01T02:01:22.033646+00:00
123860,00761952,2015,FY,2015-12-31,11011,CFS,NO_DATA,0,,2026-09-01T02:01:22.050278+00:00
123890,00404701,2015,FY,2015-12-31,11011,CFS,NO_DATA,0,,2026-09-01T02:01:22.058546+00:00
123840,00809429,2015,FY,2015-12-31,11011,CFS,OK,217,,2026-09-01T02:01:22.282350+00:00
126340,00563518,2015,FY,2015-12-31,11011,CFS,NO_DATA,0,,2026-09-01T02:01:22.581656+00:00
126640,00825223,2015,FY,2015-12-31,11011,CFS,NO_DATA,0,,2026-09-01T02:01:22.638526+00:00
124500,00620868,2015,FY,2015-12-31,11011,CFS,OK,179,,2026-09-01T02:01:22.843523+00:00
126560,00403632,2015,FY,2015-12-31,11011,CFS,OK,163,,2026-09-01T02:01:23.055205+00:00
126600,00599595,2015,FY,2015-12-31,11011,CFS,OK,139,,2026-09-01T02:01:23.164620+00:00
126700,00825959,2015,FY,2015-12-31,11011,CFS,OK,130,,2026-09-01T02:01:23.252774+00:00
126880,00442154,2015,FY,2015-12-31,11011,CFS,OK,186,,2026-09-01T02:01:23.743695+00:00
126870,00638539,2015,FY,2015-12-31,11011,CFS,OK,163,,2026-09-01T02:01:23.749998+00:00
128660,00829380,2015,FY,2015-12-31,11011,CFS,NO_DATA,0,,2026-09-01T02:01:24.093766+00:00
127160,00806972,2015,FY,2015-12-31,11011,CFS,OK,157,,2026-09-01T02:01:24.156941+00:00
127120,00642541,2015,FY,2015-12-31,11011,CFS,OK,150,,2026-09-01T02:01:24.263509+00:00
127710,00665676,2015,FY,2015-12-31,11011,CFS,OK,192,,2026-09-01T02:01:24.301289+00:00
128820,00828789,2015,FY,2015-12-31,11011,CFS,OK,214,,2026-09-01T02:01:24.881700+00:00
128940,00828497,2015,FY,2015-12-31,11011,CFS,OK,266,,2026-09-01T02:01:24.924897+00:00
130500,00491938,2015,FY,2015-12-31,11011,CFS,OK,121,,2026-09-01T02:01:25.140321+00:00
129260,00151368,2015,FY,2015-12-31,11011,CFS,OK,188,,2026-09-01T02:01:25.206242+00:00
130580,00606293,2015,FY,2015-12-31,11011,CFS,OK,131,,2026-09-01T02:01:25.249759+00:00
130660,00194947,2015,FY,2015-12-31,11011,CFS,OK,141,,2026-09-01T02:01:25.404448+00:00
130740,00578538,2015,FY,2015-12-31,11011,CFS,NO_DATA,0,,2026-09-01T02:01:25.471668+00:00
131030,00831428,2015,FY,2015-12-31,11011,CFS,NO_DATA,0,,2026-09-01T02:01:25.737180+00:00
131090,00402110,2015,FY,2015-12-31,11011,CFS,NO_DATA,0,,2026-09-01T02:01:26.080729+00:00
131100,00814786,2015,FY,2015-12-31,11011,CFS,OK,151,,2026-09-01T02:01:26.251049+00:00
130960,00838421,2015,FY,2015-12-31,11011,CFS,OK,278,,2026-09-01T02:01:26.494774+00:00
131220,00608316,2015,FY,2015-12-31,11011,CFS,OK,155,,2026-09-01T02:01:26.616491+00:00
131290,00372226,2015,FY,2015-12-31,11011,CFS,OK,178,,2026-09-01T02:01:26.848941+00:00
131370,00838962,2015,FY,2015-12-31,11011,CFS,OK,206,,2026-09-01T02:01:27.229729+00:00
131390,00785475,2015,FY,2015-12-31,11011,CFS,OK,142,,2026-09-01T02:01:27.239629+00:00
131970,00563545,2015,FY,2015-12-31,11011,CFS,NO_DATA,0,,2026-09-01T02:01:27.428671+00:00
131760,00820352,2015,FY,2015-12-31,11011,CFS,OK,131,,2026-09-01T02:01:27.584752+00:00
131400,00533924,2015,FY,2015-12-31,11011,CFS,OK,173,,2026-09-01T02:01:27.619684+00:00
133820,00661847,2015,FY,2015-12-31,11011,CFS,NO_DATA,0,,2026-09-01T02:01:27.922323+00:00
134060,00788737,2015,FY,2015-12-31,11011,CFS,NO_DATA,0,,2026-09-01T02:01:28.010451+00:00
134380,00855163,2015,FY,2015-12-31,11011,CFS,NO_DATA,0,,2026-09-01T02:01:28.169842+00:00
133750,00807555,2015,FY,2015-12-31,11011,CFS,OK,233,,2026-09-01T02:01:28.598754+00:00
134790,00852087,2015,FY,2015-12-31,11011,CFS,NO_DATA,0,,2026-09-01T02:01:28.602183+00:00
134580,00608699,2015,FY,2015-12-31,11011,CFS,OK,136,,2026-09-01T02:01:28.645934+00:00
135160,00657756,2015,FY,2015-12-31,11011,CFS,NO_DATA,0,,2026-09-01T02:01:28.746121+00:00
131180,00629212,2015,FY,2015-12-31,11011,CFS,OK,224,,2026-09-01T02:01:28.772238+00:00
134780,00238977,2015,FY,2015-12-31,11011,CFS,OK,164,,2026-09-01T02:01:29.068792+00:00
135270,00619020,2015,FY,2015-12-31,11011,CFS,NO_DATA,0,,2026-09-01T02:01:29.187151+00:00
136540,00868705,2015,FY,2015-12-31,11011,CFS,NO_DATA,0,,2026-09-01T02:01:29.339509+00:00
136660,00816696,2015,FY,2015-12-31,11011,CFS,NO_DATA,0,,2026-09-01T02:01:29.632998+00:00
136480,00857727,2015,FY,2015-12-31,11011,CFS,OK,160,,2026-09-01T02:01:29.721439+00:00
136490,00855093,2015,FY,2015-12-31,11011,CFS,OK,201,,2026-09-01T02:01:29.749951+00:00
138040,00860332,2015,FY,2015-12-31,11011,CFS,NO_DATA,0,,2026-09-01T02:01:30.299127+00:00
137400,00612294,2015,FY,2015-12-31,11011,CFS,OK,170,,2026-09-01T02:01:30.311387+00:00
137940,00614593,2015,FY,2015-12-31,11011,CFS,OK,140,,2026-09-01T02:01:30.317108+00:00
137950,00664853,2015,FY,2015-12-31,11011,CFS,OK,162,,2026-09-01T02:01:30.606337+00:00
138070,00577380,2015,FY,2015-12-31,11011,CFS,OK,150,,2026-09-01T02:01:30.859597+00:00
138290,00890388,2015,FY,2015-12-31,11011,CFS,NO_DATA,0,,2026-09-01T02:01:30.912661+00:00
136510,00763358,2015,FY,2015-12-31,11011,CFS,OK,150,,2026-09-01T02:01:31.004105+00:00
138080,00571483,2015,FY,2015-12-31,11011,CFS,OK,120,,2026-09-01T02:01:31.299772+00:00
138250,00406392,2015,FY,2015-12-31,11011,CFS,OK,117,,2026-09-01T02:01:31.317035+00:00
138440,00846396,2015,FY,2015-12-31,11011,CFS,NO_DATA,0,,2026-09-01T02:01:31.444861+00:00
138360,00808068,2015,FY,2015-12-31,11011,CFS,OK,130,,2026-09-01T02:01:31.588504+00:00
138610,00767628,2015,FY,2015-12-31,11011,CFS,NO_DATA,0,,2026-09-01T02:01:31.592735+00:00
138490,00241005,2015,FY,2015-12-31,11011,CFS,OK,131,,2026-09-01T02:01:31.890397+00:00
138930,00858364,2015,FY,2015-12-31,11011,CFS,NO_DATA,0,,2026-09-01T02:01:31.893512+00:00
139130,00878915,2015,FY,2015-12-31,11011,CFS,NO_DATA,0,,2026-09-01T02:01:32.197997+00:00
138690,00670085,2015,FY,2015-12-31,11011,CFS,OK,176,,2026-09-01T02:01:32.424947+00:00
139050,00656021,2015,FY,2015-12-31,11011,CFS,OK,115,,2026-09-01T02:01:32.439930+00:00
139200,00855145,2015,FY,2015-12-31,11011,CFS,OK,114,,2026-09-01T02:01:32.613207+00:00
140290,00599489,2015,FY,2015-12-31,11011,CFS,NO_DATA,0,,2026-09-01T02:01:32.777682+00:00
139670,00535375,2015,FY,2015-12-31,11011,CFS,OK,116,,2026-09-01T02:01:32.913293+00:00
140410,00808022,2015,FY,2015-12-31,11011,CFS,NO_DATA,0,,2026-09-01T02:01:33.008388+00:00
139480,00872984,2015,FY,2015-12-31,11011,CFS,OK,183,,2026-09-01T02:01:33.040589+00:00
140660,00663289,2015,FY,2015-12-31,11011,CFS,NO_DATA,0,,2026-09-01T02:01:33.191706+00:00
140890,00865382,2015,FY,2015-12-31,11011,CFS,NO_DATA,0,,2026-09-01T02:01:33.512453+00:00
140520,00112721,2015,FY,2015-12-31,11011,CFS,OK,152,,2026-09-01T02:01:33.549384+00:00
140910,00860730,2015,FY,2015-12-31,11011,CFS,NO_DATA,0,,2026-09-01T02:01:33.576245+00:00
141000,00610083,2015,FY,2015-12-31,11011,CFS,NO_DATA,0,,2026-09-01T02:01:33.628092+00:00
140860,00244747,2015,FY,2015-12-31,11011,CFS,OK,125,,2026-09-01T02:01:33.742863+00:00
141070,00678096,2015,FY,2015-12-31,11011,CFS,NO_DATA,0,,2026-09-01T02:01:34.101335+00:00
141020,00812362,2015,FY,2015-12-31,11011,CFS,OK,187,,2026-09-01T02:01:34.295515+00:00
142760,00587925,2015,FY,2015-12-31,11011,CFS,NO_DATA,0,,2026-09-01T02:01:34.340338+00:00
141080,00842619,2015,FY,2015-12-31,11011,CFS,OK,113,,2026-09-01T02:01:34.528158+00:00
142210,00879020,2015,FY,2015-12-31,11011,CFS,OK,113,,2026-09-01T02:01:34.559417+00:00
142280,00513948,2015,FY,2015-12-31,11011,CFS,OK,135,,2026-09-01T02:01:34.730819+00:00
143210,00119140,2015,FY,2015-12-31,11011,CFS,NO_DATA,0,,2026-09-01T02:01:34.867770+00:00
143240,00857480,2015,FY,2015-12-31,11011,CFS,NO_DATA,0,,2026-09-01T02:01:34.933367+00:00
143160,00883980,2015,FY,2015-12-31,11011,CFS,OK,146,,2026-09-01T02:01:35.070598+00:00
143540,00569646,2015,FY,2015-12-31,11011,CFS,NO_DATA,0,,2026-09-01T02:01:35.110340+00:00
144510,01010642,2015,FY,2015-12-31,11011,CFS,NO_DATA,0,,2026-09-01T02:01:35.146257+00:00
144620,00652159,2015,FY,2015-12-31,11011,CFS,NO_DATA,0,,2026-09-01T02:01:35.312793+00:00
144630,00822572,2015,FY,2015-12-31,11011,CFS,NO_DATA,0,,2026-09-01T02:01:35.469645+00:00
144740,00835734,2015,FY,2015-12-31,11011,CFS,NO_DATA,0,,2026-09-01T02:01:35.502126+00:00
144960,00521390,2015,FY,2015-12-31,11011,CFS,NO_DATA,0,,2026-09-01T02:01:35.651959+00:00
147760,00654175,2015,FY,2015-12-31,11011,CFS,NO_DATA,0,,2026-09-01T02:01:36.079578+00:00
145020,00888347,2015,FY,2015-12-31,11011,CFS,OK,163,,2026-09-01T02:01:36.221897+00:00
147830,00899556,2015,FY,2015-12-31,11011,CFS,NO_DATA,0,,2026-09-01T02:01:36.224609+00:00
145210,00453488,2015,FY,2015-12-31,11011,CFS,OK,168,,2026-09-01T02:01:36.236440+00:00
145270,00861076,2015,FY,2015-12-31,11011,CFS,OK,159,,2026-09-01T02:01:36.435011+00:00
145990,00896285,2015,FY,2015-12-31,11011,CFS,OK,248,,2026-09-01T02:01:36.584367+00:00
148250,00915508,2015,FY,2015-12-31,11011,CFS,NO_DATA,0,,2026-09-01T02:01:36.660538+00:00
148780,00980043,2015,FY,2015-12-31,11011,CFS,NO_DATA,0,,2026-09-01T02:01:36.804685+00:00
149130,00890333,2015,FY,2015-12-31,11011,CFS,NO_DATA,0,,2026-09-01T02:01:36.823714+00:00
149010,00861100,2015,FY,2015-12-31,11011,CFS,NO_DATA,0,,2026-09-01T02:01:36.828016+00:00
149940,00757816,2015,FY,2015-12-31,11011,CFS,NO_DATA,0,,2026-09-01T02:01:37.020969+00:00
150440,00990262,2015,FY,2015-12-31,11011,CFS,NO_DATA,0,,2026-09-01T02:01:37.413266+00:00
151750,00665630,2015,FY,2015-12-31,11011,CFS,NO_DATA,0,,2026-09-01T02:01:37.595701+00:00
149950,00442048,2015,FY,2015-12-31,11011,CFS,OK,211,,2026-09-01T02:01:37.766560+00:00
149980,00977641,2015,FY,2015-12-31,11011,CFS,OK,166,,2026-09-01T02:01:37.770251+00:00
150900,00638487,2015,FY,2015-12-31,11011,CFS,OK,115,,2026-09-01T02:01:37.826530+00:00
150840,00661157,2015,FY,2015-12-31,11011,CFS,OK,123,,2026-09-01T02:01:37.873488+00:00
151860,00366137,2015,FY,2015-12-31,11011,CFS,NO_DATA,0,,2026-09-01T02:01:37.985657+00:00
152550,00907013,2015,FY,2015-12-31,11011,CFS,NO_DATA,0,,2026-09-01T02:01:38.354111+00:00
152330,00351418,2015,FY,2015-12-31,11011,CFS,NO_DATA,0,,2026-09-01T02:01:38.379528+00:00
153460,00842585,2015,FY,2015-12-31,11011,CFS,NO_DATA,0,,2026-09-01T02:01:38.448158+00:00
151910,00653103,2015,FY,2015-12-31,11011,CFS,OK,168,,2026-09-01T02:01:38.720281+00:00
153360,00905316,2015,FY,2015-12-31,11011,CFS,OK,111,,2026-09-01T02:01:38.807094+00:00
154030,00867478,2015,FY,2015-12-31,11011,CFS,NO_DATA,0,,2026-09-01T02:01:38.941208+00:00
153490,00815095,2015,FY,2015-12-31,11011,CFS,OK,138,,2026-09-01T02:01:39.008706+00:00
154040,00624518,2015,FY,2015-12-31,11011,CFS,OK,130,,2026-09-01T02:01:39.343821+00:00
155650,00870861,2015,FY,2015-12-31,11011,CFS,OK,128,,2026-09-01T02:01:39.413699+00:00
156100,00918222,2015,FY,2015-12-31,11011,CFS,NO_DATA,0,,2026-09-01T02:01:39.583844+00:00
155900,00910947,2015,FY,2015-12-31,11011,CFS,OK,90,,2026-09-01T02:01:39.664916+00:00
155660,00110608,2015,FY,2015-12-31,11011,CFS,OK,135,,2026-09-01T02:01:39.714494+00:00
156170,00974459,2015,FY,2015-12-31,11011,CFS,NO_DATA,0,,2026-09-01T02:01:39.918977+00:00
158300,00563147,2015,FY,2015-12-31,11011,CFS,NO_DATA,0,,2026-09-01T02:01:40.004895+00:00
155960,00676122,2015,FY,2015-12-31,11011,CFS,OK,180,,2026-09-01T02:01:40.048288+00:00
158380,00125628,2015,FY,2015-12-31,11011,CFS,NO_DATA,0,,2026-09-01T02:01:40.235375+00:00
158310,00923899,2015,FY,2015-12-31,11011,CFS,OK,100,,2026-09-01T02:01:40.575421+00:00
160350,00350491,2015,FY,2015-12-31,11011,CFS,NO_DATA,0,,2026-09-01T02:01:40.620110+00:00
159580,00563837,2015,FY,2015-12-31,11011,CFS,OK,125,,2026-09-01T02:01:40.707864+00:00
159650,00930321,2015,FY,2015-12-31,11011,CFS,OK,108,,2026-09-01T02:01:40.902537+00:00
159910,00896753,2015,FY,2015-12-31,11011,CFS,OK,127,,2026-09-01T02:01:41.122325+00:00
160550,00974927,2015,FY,2015-12-31,11011,CFS,OK,148,,2026-09-01T02:01:41.351630+00:00
160600,00818472,2015,FY,2015-12-31,11011,CFS,OK,119,,2026-09-01T02:01:41.555064+00:00
160980,00659161,2015,FY,2015-12-31,11011,CFS,OK,175,,2026-09-01T02:01:41.725008+00:00
161390,00937324,2015,FY,2015-12-31,11011,CFS,OK,208,,2026-09-01T02:01:42.049246+00:00
161000,00936787,2015,FY,2015-12-31,11011,CFS,OK,276,,2026-09-01T02:01:42.072656+00:00
161570,00945208,2015,FY,2015-12-31,11011,CFS,OK,133,,2026-09-01T02:01:42.092358+00:00
161890,00939331,2015,FY,2015-12-31,11011,CFS,OK,167,,2026-09-01T02:01:42.481197+00:00
165270,00659815,2015,FY,2015-12-31,11011,CFS,NO_DATA,0,,2026-09-01T02:01:42.497749+00:00
163560,00939687,2015,FY,2015-12-31,11011,CFS,OK,134,,2026-09-01T02:01:42.539777+00:00
167380,00925453,2015,FY,2015-12-31,11011,CFS,NO_DATA,0,,2026-09-01T02:01:42.692362+00:00
168490,00960641,2015,FY,2015-12-31,11011,CFS,NO_DATA,0,,2026-09-01T02:01:43.075597+00:00
166480,00989664,2015,FY,2015-12-31,11011,CFS,OK,163,,2026-09-01T02:01:43.160848+00:00
168330,00923792,2015,FY,2015-12-31,11011,CFS,OK,339,,2026-09-01T02:01:43.498758+00:00
170030,00164502,2015,FY,2015-12-31,11011,CFS,OK,186,,2026-09-01T02:01:43.615952+00:00
170790,00492353,2015,FY,2015-12-31,11011,CFS,OK,151,,2026-09-01T02:01:43.658815+00:00
170900,00956930,2015,FY,2015-12-31,11011,CFS,OK,263,,2026-09-01T02:01:44.031249+00:00
170920,00866062,2015,FY,2015-12-31,11011,CFS,OK,150,,2026-09-01T02:01:44.070174+00:00
171120,00317104,2015,FY,2015-12-31,11011,CFS,NO_DATA,0,,2026-09-01T02:01:44.081997+00:00
173130,00867849,2015,FY,2015-12-31,11011,CFS,NO_DATA,0,,2026-09-01T02:01:44.237254+00:00
171010,00654272,2015,FY,2015-12-31,11011,CFS,OK,178,,2026-09-01T02:01:44.386518+00:00
172580,00954242,2015,FY,2015-12-31,11011,CFS,OK,116,,2026-09-01T02:01:44.602094+00:00
174880,00659684,2015,FY,2015-12-31,11011,CFS,NO_DATA,0,,2026-09-01T02:01:44.649920+00:00
175140,00861997,2015,FY,2015-12-31,11011,CFS,NO_DATA,0,,2026-09-01T02:01:44.680709+00:00
175330,00980122,2015,FY,2015-12-31,11011,CFS,NO_DATA,0,,2026-09-01T02:01:44.823478+00:00
176440,00872452,2015,FY,2015-12-31,11011,CFS,NO_DATA,0,,2026-09-01T02:01:44.987282+00:00
173940,00925295,2015,FY,2015-12-31,11011,CFS,OK,132,,2026-09-01T02:01:45.030216+00:00
176750,00867034,2015,FY,2015-12-31,11011,CFS,NO_DATA,0,,2026-09-01T02:01:45.178442+00:00
178600,00910202,2015,FY,2015-12-31,11011,CFS,NO_DATA,0,,2026-09-01T02:01:45.421168+00:00
178780,00923826,2015,FY,2015-12-31,11011,CFS,NO_DATA,0,,2026-09-01T02:01:45.575455+00:00
178920,00767460,2015,FY,2015-12-31,11011,CFS,NO_DATA,0,,2026-09-01T02:01:45.607837+00:00
177350,00813389,2015,FY,2015-12-31,11011,CFS,OK,132,,2026-09-01T02:01:45.630491+00:00
179280,00970277,2015,FY,2015-12-31,11011,CFS,NO_DATA,0,,2026-09-01T02:01:45.752776+00:00
177830,00429694,2015,FY,2015-12-31,11011,CFS,OK,175,,2026-09-01T02:01:45.780084+00:00
179440,00872850,2015,FY,2015-12-31,11011,CFS,NO_DATA,0,,2026-09-01T02:01:46.006146+00:00
179720,00978075,2015,FY,2015-12-31,11011,CFS,NO_DATA,0,,2026-09-01T02:01:46.155502+00:00
180400,00995993,2015,FY,2015-12-31,11011,CFS,NO_DATA,0,,2026-09-01T02:01:46.207020+00:00
182690,00411905,2015,FY,2015-12-31,11011,CFS,NO_DATA,0,,2026-09-01T02:01:46.779557+00:00
180640,00983040,2015,FY,2015-12-31,11011,CFS,OK,268,,2026-09-01T02:01:46.892359+00:00
181710,00983271,2015,FY,2015-12-31,11011,CFS,OK,230,,2026-09-01T02:01:46.918593+00:00
181980,00810531,2015,FY,2015-12-31,11011,CFS,OK,124,,2026-09-01T02:01:46.931363+00:00
182360,00985686,2015,FY,2015-12-31,11011,CFS,OK,101,,2026-09-01T02:01:46.985649+00:00
182400,00977650,2015,FY,2015-12-31,11011,CFS,OK,121,,2026-09-01T02:01:47.131035+00:00
183350,00989327,2015,FY,2015-12-31,11011,CFS,NO_DATA,0,,2026-09-01T02:01:47.467555+00:00
183410,00764807,2015,FY,2015-12-31,11011,CFS,NO_DATA,0,,2026-09-01T02:01:47.496849+00:00
183490,00606886,2015,FY,2015-12-31,11011,CFS,NO_DATA,0,,2026-09-01T02:01:47.508293+00:00
185190,00830447,2015,FY,2015-12-31,11011,CFS,NO_DATA,0,,2026-09-01T02:01:47.708571+00:00
183190,00990165,2015,FY,2015-12-31,11011,CFS,OK,178,,2026-09-01T02:01:47.930120+00:00
185280,00893923,2015,FY,2015-12-31,11011,CFS,NO_DATA,0,,2026-09-01T02:01:48.043404+00:00
185490,00945457,2015,FY,2015-12-31,11011,CFS,NO_DATA,0,,2026-09-01T02:01:48.074553+00:00
185750,00992871,2015,FY,2015-12-31,11011,CFS,NO_DATA,0,,2026-09-01T02:01:48.087125+00:00
184230,00988364,2015,FY,2015-12-31,11011,CFS,OK,216,,2026-09-01T02:01:48.257160+00:00
186230,00602279,2015,FY,2015-12-31,11011,CFS,NO_DATA,0,,2026-09-01T02:01:48.300111+00:00
189300,00664181,2015,FY,2015-12-31,11011,CFS,NO_DATA,0,,2026-09-01T02:01:48.839731+00:00
189330,00991298,2015,FY,2015-12-31,11011,CFS,NO_DATA,0,,2026-09-01T02:01:48.900587+00:00
187220,00675594,2015,FY,2015-12-31,11011,CFS,OK,190,,2026-09-01T02:01:49.039402+00:00
187420,00983916,2015,FY,2015-12-31,11011,CFS,OK,122,,2026-09-01T02:01:49.054136+00:00
187270,00925189,2015,FY,2015-12-31,11011,CFS,OK,166,,2026-09-01T02:01:49.143111+00:00
187790,00994994,2015,FY,2015-12-31,11011,CFS,OK,168,,2026-09-01T02:01:49.191034+00:00
189350,00965062,2015,FY,2015-12-31,11011,CFS,NO_DATA,0,,2026-09-01T02:01:49.428266+00:00
189540,00961136,2015,FY,2015-12-31,11011,CFS,NO_DATA,0,,2026-09-01T02:01:49.471848+00:00
189700,00632331,2015,FY,2015-12-31,11011,CFS,NO_DATA,0,,2026-09-01T02:01:49.659986+00:00
189690,00939942,2015,FY,2015-12-31,11011,CFS,OK,114,,2026-09-01T02:01:50.022526+00:00
189860,00869272,2015,FY,2015-12-31,11011,CFS,OK,128,,2026-09-01T02:01:50.249628+00:00
191420,00926522,2015,FY,2015-12-31,11011,CFS,NO_DATA,0,,2026-09-01T02:01:50.252755+00:00
189980,00916516,2015,FY,2015-12-31,11011,CFS,OK,168,,2026-09-01T02:01:50.302009+00:00
190510,00819374,2015,FY,2015-12-31,11011,CFS,OK,148,,2026-09-01T02:01:50.418637+00:00
191600,00611286,2015,FY,2015-12-31,11011,CFS,NO_DATA,0,,2026-09-01T02:01:50.597844+00:00
191410,00843900,2015,FY,2015-12-31,11011,CFS,OK,156,,2026-09-01T02:01:50.617740+00:00
192240,00967778,2015,FY,2015-12-31,11011,CFS,NO_DATA,0,,2026-09-01T02:01:50.918957+00:00
192390,00910840,2015,FY,2015-12-31,11011,CFS,NO_DATA,0,,2026-09-01T02:01:51.000979+00:00
192250,01003040,2015,FY,2015-12-31,11011,CFS,OK,145,,2026-09-01T02:01:51.423614+00:00
192080,01010110,2015,FY,2015-12-31,11011,CFS,OK,182,,2026-09-01T02:01:51.452685+00:00
192520,01030132,2015,FY,2015-12-31,11011,CFS,NO_DATA,0,,2026-09-01T02:01:51.578021+00:00
192410,00623184,2015,FY,2015-12-31,11011,CFS,OK,98,,2026-09-01T02:01:51.616298+00:00
192400,00132354,2015,FY,2015-12-31,11011,CFS,OK,142,,2026-09-01T02:01:51.704584+00:00
192440,00917861,2015,FY,2015-12-31,11011,CFS,OK,122,,2026-09-01T02:01:51.942767+00:00
192530,01028164,2015,FY,2015-12-31,11011,CFS,NO_DATA,0,,2026-09-01T02:01:52.024469+00:00
193250,01035678,2015,FY,2015-12-31,11011,CFS,OK,109,,2026-09-01T02:01:52.547626+00:00
192820,01009789,2015,FY,2015-12-31,11011,CFS,OK,224,,2026-09-01T02:01:52.608290+00:00
194480,01008762,2015,FY,2015-12-31,11011,CFS,OK,125,,2026-09-01T02:01:52.702449+00:00
194370,00332927,2015,FY,2015-12-31,11011,CFS,OK,159,,2026-09-01T02:01:52.755056+00:00
194610,01011562,2015,FY,2015-12-31,11011,CFS,OK,148,,2026-09-01T02:01:52.995241+00:00
194510,00977696,2015,FY,2015-12-31,11011,CFS,OK,137,,2026-09-01T02:01:53.048923+00:00
194860,00992312,2015,FY,2015-12-31,11011,CFS,NO_DATA,0,,2026-09-01T02:01:53.142792+00:00
195440,01113949,2015,FY,2015-12-31,11011,CFS,NO_DATA,0,,2026-09-01T02:01:53.196753+00:00
195870,01032413,2015,FY,2015-12-31,11011,CFS,NO_DATA,0,,2026-09-01T02:01:53.295423+00:00
196300,00808086,2015,FY,2015-12-31,11011,CFS,NO_DATA,0,,2026-09-01T02:01:53.652360+00:00
195990,00620558,2015,FY,2015-12-31,11011,CFS,OK,163,,2026-09-01T02:01:53.863271+00:00
196170,00989619,2015,FY,2015-12-31,11011,CFS,OK,150,,2026-09-01T02:01:54.121709+00:00
196490,00660121,2015,FY,2015-12-31,11011,CFS,OK,134,,2026-09-01T02:01:54.197007+00:00
197140,00681373,2015,FY,2015-12-31,11011,CFS,NO_DATA,0,,2026-09-01T02:01:54.236604+00:00
196450,01031502,2015,FY,2015-12-31,11011,CFS,OK,148,,2026-09-01T02:01:54.262348+00:00
196700,00864338,2015,FY,2015-12-31,11011,CFS,OK,107,,2026-09-01T02:01:54.302298+00:00
198440,01032583,2015,FY,2015-12-31,11011,CFS,NO_DATA,0,,2026-09-01T02:01:54.709788+00:00
198940,00156600,2015,FY,2015-12-31,11011,CFS,NO_DATA,0,,2026-09-01T02:01:54.787828+00:00
199150,00553025,2015,FY,2015-12-31,11011,CFS,NO_DATA,0,,2026-09-01T02:01:54.827987+00:00
199290,00669450,2015,FY,2015-12-31,11011,CFS,NO_DATA,0,,2026-09-01T02:01:54.847630+00:00
199800,00547510,2015,FY,2015-12-31,11011,CFS,NO_DATA,0,,2026-09-01T02:01:54.866832+00:00
197210,00601641,2015,FY,2015-12-31,11011,CFS,OK,179,,2026-09-01T02:01:54.963114+00:00
199870,00929778,2015,FY,2015-12-31,11011,CFS,NO_DATA,0,,2026-09-01T02:01:55.286329+00:00
200350,00990819,2015,FY,2015-12-31,11011,CFS,NO_DATA,0,,2026-09-01T02:01:55.437648+00:00
200470,00667425,2015,FY,2015-12-31,11011,CFS,NO_DATA,0,,2026-09-01T02:01:55.464414+00:00
200580,01018617,2015,FY,2015-12-31,11011,CFS,NO_DATA,0,,2026-09-01T02:01:55.581826+00:00
200230,00608802,2015,FY,2015-12-31,11011,CFS,OK,129,,2026-09-01T02:01:55.816754+00:00
200670,00614478,2015,FY,2015-12-31,11011,CFS,NO_DATA,0,,2026-09-01T02:01:55.859637+00:00
200130,01032404,2015,FY,2015-12-31,11011,CFS,OK,193,,2026-09-01T02:01:55.900076+00:00
200780,00256043,2015,FY,2015-12-31,11011,CFS,NO_DATA,0,,2026-09-01T02:01:56.053852+00:00
201490,00965813,2015,FY,2015-12-31,11011,CFS,NO_DATA,0,,2026-09-01T02:01:56.392180+00:00
202960,00541862,2015,FY,2015-12-31,11011,CFS,NO_DATA,0,,2026-09-01T02:01:56.432575+00:00
203400,00977377,2015,FY,2015-12-31,11011,CFS,NO_DATA,0,,2026-09-01T02:01:56.483005+00:00
200710,00657002,2015,FY,2015-12-31,11011,CFS,OK,139,,2026-09-01T02:01:56.536120+00:00
200880,01036446,2015,FY,2015-12-31,11011,CFS,OK,166,,2026-09-01T02:01:56.586012+00:00
203450,00408266,2015,FY,2015-12-31,11011,CFS,NO_DATA,0,,2026-09-01T02:01:56.625410+00:00
203650,01038693,2015,FY,2015-12-31,11011,CFS,NO_DATA,0,,2026-09-01T02:01:56.970836+00:00
204210,01035289,2015,FY,2015-12-31,11011,CFS,NO_DATA,0,,2026-09-01T02:01:57.062854+00:00
204440,01038161,2015,FY,2015-12-31,11011,CFS,NO_DATA,0,,2026-09-01T02:01:57.164139+00:00
204620,01042711,2015,FY,2015-12-31,11011,CFS,NO_DATA,0,,2026-09-01T02:01:57.194172+00:00
203690,01036367,2015,FY,2015-12-31,11011,CFS,OK,137,,2026-09-01T02:01:57.423523+00:00
204630,01046203,2015,FY,2015-12-31,11011,CFS,NO_DATA,0,,2026-09-01T02:01:57.536921+00:00
204650,01043871,2015,FY,2015-12-31,11011,CFS,NO_DATA,0,,2026-09-01T02:01:57.626146+00:00
204320,01042775,2015,FY,2015-12-31,11011,CFS,OK,213,,2026-09-01T02:01:57.654845+00:00
204690,00410678,2015,FY,2015-12-31,11011,CFS,NO_DATA,0,,2026-09-01T02:01:57.741373+00:00
204760,01041217,2015,FY,2015-12-31,11011,CFS,NO_DATA,0,,2026-09-01T02:01:57.794168+00:00
204840,01042359,2015,FY,2015-12-31,11011,CFS,NO_DATA,0,,2026-09-01T02:01:58.024970+00:00
204990,00874195,2015,FY,2015-12-31,11011,CFS,NO_DATA,0,,2026-09-01T02:01:58.114748+00:00
205470,01042979,2015,FY,2015-12-31,11011,CFS,NO_DATA,0,,2026-09-01T02:01:58.238551+00:00
205500,01042429,2015,FY,2015-12-31,11011,CFS,NO_DATA,0,,2026-09-01T02:01:58.360402+00:00
206660,01046179,2015,FY,2015-12-31,11011,CFS,NO_DATA,0,,2026-09-01T02:01:58.808463+00:00
206400,01043853,2015,FY,2015-12-31,11011,CFS,OK,120,,2026-09-01T02:01:58.811521+00:00
206950,00756163,2015,FY,2015-12-31,11011,CFS,NO_DATA,0,,2026-09-01T02:01:58.934899+00:00
206640,01046708,2015,FY,2015-12-31,11011,CFS,OK,156,,2026-09-01T02:01:59.089348+00:00
206560,01021949,2015,FY,2015-12-31,11011,CFS,OK,165,,2026-09-01T02:01:59.167733+00:00
205100,01042085,2015,FY,2015-12-31,11011,CFS,OK,164,,2026-09-01T02:01:59.309234+00:00
207230,00959265,2015,FY,2015-12-31,11011,CFS,NO_DATA,0,,2026-09-01T02:01:59.396908+00:00
207720,01047567,2015,FY,2015-12-31,11011,CFS,NO_DATA,0,,2026-09-01T02:01:59.406768+00:00
207760,01047840,2015,FY,2015-12-31,11011,CFS,NO_DATA,0,,2026-09-01T02:01:59.517946+00:00
207930,01047929,2015,FY,2015-12-31,11011,CFS,NO_DATA,0,,2026-09-01T02:01:59.658665+00:00
207940,00877059,2015,FY,2015-12-31,11011,CFS,NO_DATA,0,,2026-09-01T02:01:59.762225+00:00
208140,01047415,2015,FY,2015-12-31,11011,CFS,NO_DATA,0,,2026-09-01T02:01:59.884607+00:00
208350,01047169,2015,FY,2015-12-31,11011,CFS,NO_DATA,0,,2026-09-01T02:01:59.964787+00:00
208370,01047451,2015,FY,2015-12-31,11011,CFS,NO_DATA,0,,2026-09-01T02:01:59.984738+00:00
208640,01049422,2015,FY,2015-12-31,11011,CFS,NO_DATA,0,,2026-09-01T02:02:00.108019+00:00
208850,01116344,2015,FY,2015-12-31,11011,CFS,NO_DATA,0,,2026-09-01T02:02:00.337290+00:00
208860,01084364,2015,FY,2015-12-31,11011,CFS,NO_DATA,0,,2026-09-01T02:02:00.493656+00:00
208870,01047716,2015,FY,2015-12-31,11011,CFS,NO_DATA,0,,2026-09-01T02:02:00.539256+00:00
208710,01047707,2015,FY,2015-12-31,11011,CFS,OK,128,,2026-09-01T02:02:00.630096+00:00
210120,00550082,2015,FY,2015-12-31,11011,CFS,NO_DATA,0,,2026-09-01T02:02:00.687340+00:00
208890,00876209,2015,FY,2015-12-31,11011,CFS,NO_DATA,0,,2026-09-01T02:02:00.993294+00:00
210610,00656340,2015,FY,2015-12-31,11011,CFS,NO_DATA,0,,2026-09-01T02:02:01.077479+00:00
211050,01013694,2015,FY,2015-12-31,11011,CFS,NO_DATA,0,,2026-09-01T02:02:01.218589+00:00
211270,00874803,2015,FY,2015-12-31,11011,CFS,NO_DATA,0,,2026-09-01T02:02:01.257434+00:00
210540,01059605,2015,FY,2015-12-31,11011,CFS,OK,174,,2026-09-01T02:02:01.445440+00:00
212310,01085442,2015,FY,2015-12-31,11011,CFS,NO_DATA,0,,2026-09-01T02:02:01.589989+00:00
210980,00508344,2015,FY,2015-12-31,11011,CFS,OK,193,,2026-09-01T02:02:01.657634+00:00
212560,00876865,2015,FY,2015-12-31,11011,CFS,NO_DATA,0,,2026-09-01T02:02:01.672715+00:00
213090,01015726,2015,FY,2015-12-31,11011,CFS,NO_DATA,0,,2026-09-01T02:02:01.807040+00:00
213420,01061558,2015,FY,2015-12-31,11011,CFS,NO_DATA,0,,2026-09-01T02:02:01.833045+00:00
214150,01061327,2015,FY,2015-12-31,11011,CFS,NO_DATA,0,,2026-09-01T02:02:02.165159+00:00
214180,01013311,2015,FY,2015-12-31,11011,CFS,NO_DATA,0,,2026-09-01T02:02:02.239121+00:00
214270,01061497,2015,FY,2015-12-31,11011,CFS,NO_DATA,0,,2026-09-01T02:02:02.275067+00:00
213500,01060744,2015,FY,2015-12-31,11011,CFS,OK,149,,2026-09-01T02:02:02.434282+00:00
214320,00565154,2015,FY,2015-12-31,11011,CFS,OK,135,,2026-09-01T02:02:02.817744+00:00
214370,00549891,2015,FY,2015-12-31,11011,CFS,NO_DATA,0,,2026-09-01T02:02:02.820487+00:00
214390,00101664,2015,FY,2015-12-31,11011,CFS,NO_DATA,0,,2026-09-01T02:02:02.845733+00:00
214310,00957568,2015,FY,2015-12-31,11011,CFS,OK,145,,2026-09-01T02:02:02.949206+00:00
214330,00105606,2015,FY,2015-12-31,11011,CFS,OK,137,,2026-09-01T02:02:03.143247+00:00
214450,00970453,2015,FY,2015-12-31,11011,CFS,NO_DATA,0,,2026-09-01T02:02:03.409202+00:00
214610,01049167,2015,FY,2015-12-31,11011,CFS,NO_DATA,0,,2026-09-01T02:02:03.429098+00:00
214680,01062867,2015,FY,2015-12-31,11011,CFS,NO_DATA,0,,2026-09-01T02:02:03.527924+00:00
214420,00816544,2015,FY,2015-12-31,11011,CFS,OK,158,,2026-09-01T02:02:03.531243+00:00
214870,00820389,2015,FY,2015-12-31,11011,CFS,NO_DATA,0,,2026-09-01T02:02:03.719399+00:00
214430,00612489,2015,FY,2015-12-31,11011,CFS,OK,187,,2026-09-01T02:02:03.942972+00:00
215050,01055317,2015,FY,2015-12-31,11011,CFS,NO_DATA,0,,2026-09-01T02:02:04.021770+00:00
215090,01063884,2015,FY,2015-12-31,11011,CFS,NO_DATA,0,,2026-09-01T02:02:04.129632+00:00
215100,01063990,2015,FY,2015-12-31,11011,CFS,NO_DATA,0,,2026-09-01T02:02:04.133036+00:00
215000,01067516,2015,FY,2015-12-31,11011,CFS,OK,119,,2026-09-01T02:02:04.287493+00:00
215200,01074862,2015,FY,2015-12-31,11011,CFS,NO_DATA,0,,2026-09-01T02:02:04.312476+00:00
215380,01065013,2015,FY,2015-12-31,11011,CFS,NO_DATA,0,,2026-09-01T02:02:04.601550+00:00
215570,01034730,2015,FY,2015-12-31,11011,CFS,NO_DATA,0,,2026-09-01T02:02:04.712980+00:00
215480,01064069,2015,FY,2015-12-31,11011,CFS,NO_DATA,0,,2026-09-01T02:02:04.727107+00:00
215360,01077577,2015,FY,2015-12-31,11011,CFS,OK,112,,2026-09-01T02:02:04.824642+00:00
215580,01064315,2015,FY,2015-12-31,11011,CFS,NO_DATA,0,,2026-09-01T02:02:04.867058+00:00
215600,00919966,2015,FY,2015-12-31,11011,CFS,NO_DATA,0,,2026-09-01T02:02:04.890120+00:00
215750,01065536,2015,FY,2015-12-31,11011,CFS,NO_DATA,0,,2026-09-01T02:02:05.184793+00:00
215790,01065679,2015,FY,2015-12-31,11011,CFS,NO_DATA,0,,2026-09-01T02:02:05.293655+00:00
216050,00819073,2015,FY,2015-12-31,11011,CFS,NO_DATA,0,,2026-09-01T02:02:05.326254+00:00
216280,00311270,2015,FY,2015-12-31,11011,CFS,NO_DATA,0,,2026-09-01T02:02:05.392751+00:00
216400,00537221,2015,FY,2015-12-31,11011,CFS,NO_DATA,0,,2026-09-01T02:02:05.441360+00:00
217190,00666204,2015,FY,2015-12-31,11011,CFS,NO_DATA,0,,2026-09-01T02:02:05.466066+00:00
217270,01067808,2015,FY,2015-12-31,11011,CFS,NO_DATA,0,,2026-09-01T02:02:05.764616+00:00
217320,00963000,2015,FY,2015-12-31,11011,CFS,NO_DATA,0,,2026-09-01T02:02:05.864825+00:00
217500,01068348,2015,FY,2015-12-31,11011,CFS,NO_DATA,0,,2026-09-01T02:02:05.892156+00:00
217600,01070857,2015,FY,2015-12-31,11011,CFS,NO_DATA,0,,2026-09-01T02:02:05.961996+00:00
217620,01068658,2015,FY,2015-12-31,11011,CFS,NO_DATA,0,,2026-09-01T02:02:06.038522+00:00
217730,01025644,2015,FY,2015-12-31,11011,CFS,NO_DATA,0,,2026-09-01T02:02:06.042701+00:00
217810,01072660,2015,FY,2015-12-31,11011,CFS,NO_DATA,0,,2026-09-01T02:02:06.330250+00:00
217820,01020843,2015,FY,2015-12-31,11011,CFS,NO_DATA,0,,2026-09-01T02:02:06.448038+00:00
217880,00976615,2015,FY,2015-12-31,11011,CFS,NO_DATA,0,,2026-09-01T02:02:06.497823+00:00
217950,01066058,2015,FY,2015-12-31,11011,CFS,NO_DATA,0,,2026-09-01T02:02:06.538534+00:00
218150,01071944,2015,FY,2015-12-31,11011,CFS,NO_DATA,0,,2026-09-01T02:02:06.620716+00:00
218410,01078178,2015,FY,2015-12-31,11011,CFS,NO_DATA,0,,2026-09-01T02:02:06.623811+00:00
218710,01075047,2015,FY,2015-12-31,11011,CFS,NO_DATA,0,,2026-09-01T02:02:06.900005+00:00
219420,01109955,2015,FY,2015-12-31,11011,CFS,NO_DATA,0,,2026-09-01T02:02:07.068168+00:00
219550,01089378,2015,FY,2015-12-31,11011,CFS,NO_DATA,0,,2026-09-01T02:02:07.117131+00:00
219580,01080410,2015,FY,2015-12-31,11011,CFS,NO_DATA,0,,2026-09-01T02:02:07.204816+00:00
219750,01031229,2015,FY,2015-12-31,11011,CFS,NO_DATA,0,,2026-09-01T02:02:07.207965+00:00
219130,00617314,2015,FY,2015-12-31,11011,CFS,OK,108,,2026-09-01T02:02:07.424202+00:00
219860,01087079,2015,FY,2015-12-31,11011,CFS,NO_DATA,0,,2026-09-01T02:02:07.487751+00:00
219960,01089387,2015,FY,2015-12-31,11011,CFS,NO_DATA,0,,2026-09-01T02:02:07.646332+00:00
220100,01053540,2015,FY,2015-12-31,11011,CFS,NO_DATA,0,,2026-09-01T02:02:07.688546+00:00
220110,01066030,2015,FY,2015-12-31,11011,CFS,NO_DATA,0,,2026-09-01T02:02:07.794983+00:00
220180,00793155,2015,FY,2015-12-31,11011,CFS,NO_DATA,0,,2026-09-01T02:02:07.799113+00:00
220250,00843830,2015,FY,2015-12-31,11011,CFS,NO_DATA,0,,2026-09-01T02:02:08.011607+00:00
220260,01089350,2015,FY,2015-12-31,11011,CFS,NO_DATA,0,,2026-09-01T02:02:08.108842+00:00
220630,01089855,2015,FY,2015-12-31,11011,CFS,NO_DATA,0,,2026-09-01T02:02:08.241362+00:00
221200,01089828,2015,FY,2015-12-31,11011,CFS,NO_DATA,0,,2026-09-01T02:02:08.263173+00:00
221800,01026616,2015,FY,2015-12-31,11011,CFS,NO_DATA,0,,2026-09-01T02:02:08.392537+00:00
221840,00688358,2015,FY,2015-12-31,11011,CFS,NO_DATA,0,,2026-09-01T02:02:08.606704+00:00
221950,01089961,2015,FY,2015-12-31,11011,CFS,NO_DATA,0,,2026-09-01T02:02:08.690364+00:00
221610,00493431,2015,FY,2015-12-31,11011,CFS,OK,134,,2026-09-01T02:02:08.807768+00:00
222080,01090471,2015,FY,2015-12-31,11011,CFS,NO_DATA,0,,2026-09-01T02:02:08.971572+00:00
222110,00962922,2015,FY,2015-12-31,11011,CFS,NO_DATA,0,,2026-09-01T02:02:09.202487+00:00
222160,01037542,2015,FY,2015-12-31,11011,CFS,NO_DATA,0,,2026-09-01T02:02:09.274569+00:00
222040,00656289,2015,FY,2015-12-31,11011,CFS,OK,143,,2026-09-01T02:02:09.282908+00:00
222390,01090301,2015,FY,2015-12-31,11011,CFS,NO_DATA,0,,2026-09-01T02:02:09.401313+00:00
221980,00370918,2015,FY,2015-12-31,11011,CFS,OK,284,,2026-09-01T02:02:09.534628+00:00
222420,01091054,2015,FY,2015-12-31,11011,CFS,NO_DATA,0,,2026-09-01T02:02:09.543237+00:00
222520,01022054,2015,FY,2015-12-31,11011,CFS,NO_DATA,0,,2026-09-01T02:02:09.777927+00:00
222670,01063237,2015,FY,2015-12-31,11011,CFS,NO_DATA,0,,2026-09-01T02:02:09.853464+00:00
222810,01091382,2015,FY,2015-12-31,11011,CFS,NO_DATA,0,,2026-09-01T02:02:09.975800+00:00
223040,01091391,2015,FY,2015-12-31,11011,CFS,NO_DATA,0,,2026-09-01T02:02:10.119260+00:00
222980,00579139,2015,FY,2015-12-31,11011,CFS,NO_DATA,0,,2026-09-01T02:02:10.122830+00:00
222800,01095722,2015,FY,2015-12-31,11011,CFS,OK,158,,2026-09-01T02:02:10.311279+00:00
223220,01060735,2015,FY,2015-12-31,11011,CFS,NO_DATA,0,,2026-09-01T02:02:10.355272+00:00
224020,00878517,2015,FY,2015-12-31,11011,CFS,NO_DATA,0,,2026-09-01T02:02:10.565157+00:00
224090,00659435,2015,FY,2015-12-31,11011,CFS,NO_DATA,0,,2026-09-01T02:02:10.702473+00:00
224060,00530413,2015,FY,2015-12-31,11011,CFS,NO_DATA,0,,2026-09-01T02:02:10.803007+00:00
223310,01075126,2015,FY,2015-12-31,11011,CFS,OK,145,,2026-09-01T02:02:10.834639+00:00
224110,01099861,2015,FY,2015-12-31,11011,CFS,NO_DATA,0,,2026-09-01T02:02:10.902683+00:00
224760,00929228,2015,FY,2015-12-31,11011,CFS,NO_DATA,0,,2026-09-01T02:02:10.930225+00:00
224810,00607797,2015,FY,2015-12-31,11011,CFS,NO_DATA,0,,2026-09-01T02:02:11.147583+00:00
225220,01062177,2015,FY,2015-12-31,11011,CFS,NO_DATA,0,,2026-09-01T02:02:11.284724+00:00
225330,00914040,2015,FY,2015-12-31,11011,CFS,NO_DATA,0,,2026-09-01T02:02:11.386732+00:00
225430,01095704,2015,FY,2015-12-31,11011,CFS,NO_DATA,0,,2026-09-01T02:02:11.426490+00:00
225440,01094565,2015,FY,2015-12-31,11011,CFS,NO_DATA,0,,2026-09-01T02:02:11.497148+00:00
225530,00568461,2015,FY,2015-12-31,11011,CFS,NO_DATA,0,,2026-09-01T02:02:11.533279+00:00
225570,01096341,2015,FY,2015-12-31,11011,CFS,NO_DATA,0,,2026-09-01T02:02:11.738563+00:00
225590,01101041,2015,FY,2015-12-31,11011,CFS,NO_DATA,0,,2026-09-01T02:02:11.864014+00:00
225650,01102095,2015,FY,2015-12-31,11011,CFS,NO_DATA,0,,2026-09-01T02:02:11.978222+00:00
225850,00866594,2015,FY,2015-12-31,11011,CFS,NO_DATA,0,,2026-09-01T02:02:12.020762+00:00
226350,00809517,2015,FY,2015-12-31,11011,CFS,NO_DATA,0,,2026-09-01T02:02:12.318134+00:00
226360,01097906,2015,FY,2015-12-31,11011,CFS,NO_DATA,0,,2026-09-01T02:02:12.456734+00:00
226340,01098792,2015,FY,2015-12-31,11011,CFS,NO_DATA,0,,2026-09-01T02:02:12.507024+00:00
226400,01082348,2015,FY,2015-12-31,11011,CFS,NO_DATA,0,,2026-09-01T02:02:12.574238+00:00
226320,00911955,2015,FY,2015-12-31,11011,CFS,OK,160,,2026-09-01T02:02:12.596325+00:00
226440,01101722,2015,FY,2015-12-31,11011,CFS,NO_DATA,0,,2026-09-01T02:02:12.619416+00:00
226610,01051339,2015,FY,2015-12-31,11011,CFS,NO_DATA,0,,2026-09-01T02:02:12.908456+00:00
226850,01102800,2015,FY,2015-12-31,11011,CFS,NO_DATA,0,,2026-09-01T02:02:13.030165+00:00
227420,01109690,2015,FY,2015-12-31,11011,CFS,NO_DATA,0,,2026-09-01T02:02:13.112405+00:00
227840,01108099,2015,FY,2015-12-31,11011,CFS,NO_DATA,0,,2026-09-01T02:02:13.163949+00:00
227950,01105621,2015,FY,2015-12-31,11011,CFS,NO_DATA,0,,2026-09-01T02:02:13.190520+00:00
228180,01067242,2015,FY,2015-12-31,11011,CFS,NO_DATA,0,,2026-09-01T02:02:13.204373+00:00
228340,00993931,2015,FY,2015-12-31,11011,CFS,NO_DATA,0,,2026-09-01T02:02:13.473740+00:00
228760,01108248,2015,FY,2015-12-31,11011,CFS,NO_DATA,0,,2026-09-01T02:02:13.619982+00:00
228850,00899459,2015,FY,2015-12-31,11011,CFS,NO_DATA,0,,2026-09-01T02:02:13.713773+00:00
229000,01051472,2015,FY,2015-12-31,11011,CFS,NO_DATA,0,,2026-09-01T02:02:13.745699+00:00
229480,01095397,2015,FY,2015-12-31,11011,CFS,NO_DATA,0,,2026-09-01T02:02:13.781170+00:00
229500,01065785,2015,FY,2015-12-31,11011,CFS,NO_DATA,0,,2026-09-01T02:02:13.785279+00:00
229640,01093007,2015,FY,2015-12-31,11011,CFS,NO_DATA,0,,2026-09-01T02:02:14.068016+00:00
230240,01108442,2015,FY,2015-12-31,11011,CFS,NO_DATA,0,,2026-09-01T02:02:14.190612+00:00
230360,01029394,2015,FY,2015-12-31,11011,CFS,NO_DATA,0,,2026-09-01T02:02:14.306003+00:00
230400,00921475,2015,FY,2015-12-31,11011,CFS,NO_DATA,0,,2026-09-01T02:02:14.324332+00:00
230980,01110076,2015,FY,2015-12-31,11011,CFS,NO_DATA,0,,2026-09-01T02:02:14.375523+00:00
230490,01109186,2015,FY,2015-12-31,11011,CFS,NO_DATA,0,,2026-09-01T02:02:14.380150+00:00
232140,01109539,2015,FY,2015-12-31,11011,CFS,NO_DATA,0,,2026-09-01T02:02:14.648482+00:00
232270,01111020,2015,FY,2015-12-31,11011,CFS,NO_DATA,0,,2026-09-01T02:02:14.772626+00:00
232290,01111057,2015,FY,2015-12-31,11011,CFS,NO_DATA,0,,2026-09-01T02:02:14.896981+00:00
232330,01111570,2015,FY,2015-12-31,11011,CFS,NO_DATA,0,,2026-09-01T02:02:14.903942+00:00
232360,00318538,2015,FY,2015-12-31,11011,CFS,NO_DATA,0,,2026-09-01T02:02:14.954732+00:00
232530,00925967,2015,FY,2015-12-31,11011,CFS,NO_DATA,0,,2026-09-01T02:02:14.995406+00:00
232680,00911229,2015,FY,2015-12-31,11011,CFS,NO_DATA,0,,2026-09-01T02:02:15.231231+00:00
232830,01113499,2015,FY,2015-12-31,11011,CFS,NO_DATA,0,,2026-09-01T02:02:15.353549+00:00
233190,00653112,2015,FY,2015-12-31,11011,CFS,NO_DATA,0,,2026-09-01T02:02:15.480188+00:00
233990,01063556,2015,FY,2015-12-31,11011,CFS,NO_DATA,0,,2026-09-01T02:02:15.499228+00:00
234070,00614089,2015,FY,2015-12-31,11011,CFS,NO_DATA,0,,2026-09-01T02:02:15.534898+00:00
234080,00225706,2015,FY,2015-12-31,11011,CFS,NO_DATA,0,,2026-09-01T02:02:15.603593+00:00
234100,00617998,2015,FY,2015-12-31,11011,CFS,NO_DATA,0,,2026-09-01T02:02:15.810944+00:00
234920,01020524,2015,FY,2015-12-31,11011,CFS,NO_DATA,0,,2026-09-01T02:02:15.949790+00:00
235010,01117103,2015,FY,2015-12-31,11011,CFS,NO_DATA,0,,2026-09-01T02:02:16.071831+00:00
235090,01095892,2015,FY,2015-12-31,11011,CFS,NO_DATA,0,,2026-09-01T02:02:16.097278+00:00
236340,01023822,2015,FY,2015-12-31,11011,CFS,NO_DATA,0,,2026-09-01T02:02:16.178857+00:00
237690,00871833,2015,FY,2015-12-31,11011,CFS,NO_DATA,0,,2026-09-01T02:02:16.388235+00:00
236200,01124653,2015,FY,2015-12-31,11011,CFS,NO_DATA,0,,2026-09-01T02:02:16.445193+00:00
237720,01090921,2015,FY,2015-12-31,11011,CFS,NO_DATA,0,,2026-09-01T02:02:16.534048+00:00
237750,00525864,2015,FY,2015-12-31,11011,CFS,NO_DATA,0,,2026-09-01T02:02:16.645788+00:00
237880,00957735,2015,FY,2015-12-31,11011,CFS,NO_DATA,0,,2026-09-01T02:02:16.698074+00:00
238090,00942131,2015,FY,2015-12-31,11011,CFS,NO_DATA,0,,2026-09-01T02:02:16.752033+00:00
238120,01073678,2015,FY,2015-12-31,11011,CFS,NO_DATA,0,,2026-09-01T02:02:16.978584+00:00
238500,01118643,2015,FY,2015-12-31,11011,CFS,NO_DATA,0,,2026-09-01T02:02:17.029299+00:00
239340,01128622,2015,FY,2015-12-31,11011,CFS,NO_DATA,0,,2026-09-01T02:02:17.112392+00:00
239610,01011438,2015,FY,2015-12-31,11011,CFS,NO_DATA,0,,2026-09-01T02:02:17.221595+00:00
240340,01117592,2015,FY,2015-12-31,11011,CFS,NO_DATA,0,,2026-09-01T02:02:17.329651+00:00
240540,01130937,2015,FY,2015-12-31,11011,CFS,NO_DATA,0,,2026-09-01T02:02:17.551250+00:00
240810,01135941,2015,FY,2015-12-31,11011,CFS,NO_DATA,0,,2026-09-01T02:02:17.598092+00:00
239890,01112889,2015,FY,2015-12-31,11011,CFS,NO_DATA,0,,2026-09-01T02:02:17.629489+00:00
241520,01109715,2015,FY,2015-12-31,11011,CFS,NO_DATA,0,,2026-09-01T02:02:17.799164+00:00
241560,01032486,2015,FY,2015-12-31,11011,CFS,NO_DATA,0,,2026-09-01T02:02:17.907193+00:00
241510,01119387,2015,FY,2015-12-31,11011,CFS,NO_DATA,0,,2026-09-01T02:02:17.940622+00:00
241590,01128613,2015,FY,2015-12-31,11011,CFS,NO_DATA,0,,2026-09-01T02:02:18.154693+00:00
241690,00531865,2015,FY,2015-12-31,11011,CFS,NO_DATA,0,,2026-09-01T02:02:18.179489+00:00
241710,00763473,2015,FY,2015-12-31,11011,CFS,NO_DATA,0,,2026-09-01T02:02:18.201848+00:00
241790,01113754,2015,FY,2015-12-31,11011,CFS,NO_DATA,0,,2026-09-01T02:02:18.399447+00:00
242040,01136348,2015,FY,2015-12-31,11011,CFS,NO_DATA,0,,2026-09-01T02:02:18.520444+00:00
242350,00990563,2015,FY,2015-12-31,11011,CFS,NO_DATA,0,,2026-09-01T02:02:18.522814+00:00
242420,01119217,2015,FY,2015-12-31,11011,CFS,NO_DATA,0,,2026-09-01T02:02:18.735624+00:00
242850,01113781,2015,FY,2015-12-31,11011,CFS,NO_DATA,0,,2026-09-01T02:02:18.769272+00:00
243070,01159853,2015,FY,2015-12-31,11011,CFS,NO_DATA,0,,2026-09-01T02:02:18.802129+00:00
243870,00565215,2015,FY,2015-12-31,11011,CFS,NO_DATA,0,,2026-09-01T02:02:18.973012+00:00
245030,00664288,2015,FY,2015-12-31,11011,CFS,NO_DATA,0,,2026-09-01T02:02:19.116810+00:00
244880,01117422,2015,FY,2015-12-31,11011,CFS,NO_DATA,0,,2026-09-01T02:02:19.138673+00:00
245450,01116380,2015,FY,2015-12-31,11011,CFS,NO_DATA,0,,2026-09-01T02:02:19.301718+00:00
246250,01112700,2015,FY,2015-12-31,11011,CFS,NO_DATA,0,,2026-09-01T02:02:19.341024+00:00
246690,00778235,2015,FY,2015-12-31,11011,CFS,NO_DATA,0,,2026-09-01T02:02:19.415472+00:00
246830,01115257,2015,FY,2015-12-31,11011,CFS,NO_DATA,0,,2026-09-01T02:02:19.554335+00:00
247300,01113277,2015,FY,2015-12-31,11011,CFS,NO_DATA,0,,2026-09-01T02:02:19.710097+00:00
248170,01167056,2015,FY,2015-12-31,11011,CFS,NO_DATA,0,,2026-09-01T02:02:19.724302+00:00
249420,01168383,2015,FY,2015-12-31,11011,CFS,NO_DATA,0,,2026-09-01T02:02:19.867988+00:00
250060,01165155,2015,FY,2015-12-31,11011,CFS,NO_DATA,0,,2026-09-01T02:02:19.920920+00:00
250300,01018954,2015,FY,2015-12-31,11011,CFS,NO_DATA,0,,2026-09-01T02:02:19.999093+00:00
250930,01166109,2015,FY,2015-12-31,11011,CFS,NO_DATA,0,,2026-09-01T02:02:20.136474+00:00
251280,01115044,2015,FY,2015-12-31,11011,CFS,NO_DATA,0,,2026-09-01T02:02:20.297954+00:00
251960,00814810,2015,FY,2015-12-31,11011,CFS,NO_DATA,0,,2026-09-01T02:02:20.307770+00:00
252370,01063963,2015,FY,2015-12-31,11011,CFS,NO_DATA,0,,2026-09-01T02:02:20.450393+00:00
252500,01169267,2015,FY,2015-12-31,11011,CFS,NO_DATA,0,,2026-09-01T02:02:20.513081+00:00
252940,01111765,2015,FY,2015-12-31,11011,CFS,NO_DATA,0,,2026-09-01T02:02:20.586687+00:00
253840,01063954,2015,FY,2015-12-31,11011,CFS,NO_DATA,0,,2026-09-01T02:02:20.746469+00:00
254120,01174038,2015,FY,2015-12-31,11011,CFS,NO_DATA,0,,2026-09-01T02:02:20.882015+00:00
256090,01010572,2015,FY,2015-12-31,11011,CFS,NO_DATA,0,,2026-09-01T02:02:20.892211+00:00
256840,01179617,2015,FY,2015-12-31,11011,CFS,NO_DATA,0,,2026-09-01T02:02:21.036135+00:00
256940,01037214,2015,FY,2015-12-31,11011,CFS,NO_DATA,0,,2026-09-01T02:02:21.149464+00:00
258250,01117918,2015,FY,2015-12-31,11011,CFS,NO_DATA,0,,2026-09-01T02:02:21.191055+00:00
258540,01109122,2015,FY,2015-12-31,11011,CFS,NO_DATA,0,,2026-09-01T02:02:21.332623+00:00
260490,01018167,2015,FY,2015-12-31,11011,CFS,NO_DATA,0,,2026-09-01T02:02:21.472751+00:00
260970,00560849,2015,FY,2015-12-31,11011,CFS,NO_DATA,0,,2026-09-01T02:02:21.483060+00:00
900040,00695464,2015,FY,2015-12-31,11011,CFS,OK,154,,2026-09-01T02:02:22.142756+00:00
900050,00722500,2015,FY,2015-12-31,11011,CFS,OK,148,,2026-09-01T02:02:22.273324+00:00
900070,00783246,2015,FY,2015-12-31,11011,CFS,OK,192,,2026-09-01T02:02:22.358292+00:00
900080,00786331,2015,FY,2015-12-31,11011,CFS,OK,155,,2026-09-01T02:02:22.361772+00:00
900090,00790121,2015,FY,2015-12-31,11011,CFS,OK,177,,2026-09-01T02:02:22.603621+00:00
900100,00781202,2015,FY,2015-12-31,11011,CFS,OK,173,,2026-09-01T02:02:22.747858+00:00
900110,00799070,2015,FY,2015-12-31,11011,CFS,OK,190,,2026-09-01T02:02:23.246120+00:00
900130,00823687,2015,FY,2015-12-31,11011,CFS,OK,154,,2026-09-01T02:02:23.414000+00:00
900120,00800084,2015,FY,2015-12-31,11011,CFS,OK,136,,2026-09-01T02:02:23.425736+00:00
900140,00838500,2015,FY,2015-12-31,11011,CFS,OK,232,,2026-09-01T02:02:23.597608+00:00
900250,01107665,2015,FY,2015-12-31,11011,CFS,OK,80,,2026-09-01T02:02:23.607419+00:00
900180,00842327,2015,FY,2015-12-31,11011,CFS,OK,142,,2026-09-01T02:02:23.610628+00:00
900260,01139266,2015,FY,2015-12-31,11011,CFS,NO_DATA,0,,2026-09-01T02:02:23.832260+00:00
900270,01160512,2015,FY,2015-12-31,11011,CFS,NO_DATA,0,,2026-09-01T02:02:23.991460+00:00
900290,01170962,2015,FY,2015-12-31,11011,CFS,NO_DATA,0,,2026-09-01T02:02:24.189414+00:00
900300,01169434,2015,FY,2015-12-31,11011,CFS,NO_DATA,0,,2026-09-01T02:02:24.195168+00:00
900280,01168143,2015,FY,2015-12-31,11011,CFS,NO_DATA,0,,2026-09-01T02:02:24.530540+00:00
950100,00907660,2015,FY,2015-12-31,11011,CFS,NO_DATA,0,,2026-09-01T02:02:24.747431+00:00
950140,01165739,2015,FY,2015-12-31,11011,CFS,NO_DATA,0,,2026-09-01T02:02:24.785444+00:00
950010,00599230,2015,FY,2015-12-31,11011,CFS,OK,371,,2026-09-01T02:02:24.919725+00:00
950110,00938688,2015,FY,2015-12-31,11011,CFS,OK,143,,2026-09-01T02:02:25.100779+00:00
000030,00254045,2015,FY,2015-12-31,11011,OFS,NO_DATA,0,,2026-09-01T02:02:25.356664+00:00
950130,00956028,2015,FY,2015-12-31,11011,CFS,OK,249,,2026-09-01T02:02:25.367183+00:00
000020,00119195,2015,FY,2015-12-31,11011,OFS,OK,144,,2026-09-01T02:02:25.522961+00:00
000060,00117744,2015,FY,2015-12-31,11011,OFS,NO_DATA,0,,2026-09-01T02:02:25.673097+00:00
000040,00112378,2015,FY,2015-12-31,11011,OFS,OK,159,,2026-09-01T02:02:25.898590+00:00
000050,00101628,2015,FY,2015-12-31,11011,OFS,OK,240,,2026-09-01T02:02:26.167818+00:00
000070,00126937,2015,FY,2015-12-31,11011,OFS,OK,161,,2026-09-01T02:02:26.421229+00:00
000080,00150244,2015,FY,2015-12-31,11011,OFS,OK,215,,2026-09-01T02:02:26.497104+00:00
000100,00145109,2015,FY,2015-12-31,11011,OFS,OK,174,,2026-09-01T02:02:26.629218+00:00
000120,00113410,2015,FY,2015-12-31,11011,OFS,OK,194,,2026-09-01T02:02:26.791171+00:00
000140,00148993,2015,FY,2015-12-31,11011,OFS,OK,120,,2026-09-01T02:02:26.872030+00:00
000180,00133335,2015,FY,2015-12-31,11011,OFS,OK,96,,2026-09-01T02:02:27.288398+00:00
000150,00117212,2015,FY,2015-12-31,11011,OFS,OK,180,,2026-09-01T02:02:27.325937+00:00
000210,00109693,2015,FY,2015-12-31,11011,OFS,OK,163,,2026-09-01T02:02:27.486528+00:00
000220,00144818,2015,FY,2015-12-31,11011,OFS,OK,137,,2026-09-01T02:02:27.593709+00:00
000230,00146083,2015,FY,2015-12-31,11011,OFS,OK,123,,2026-09-01T02:02:27.797840+00:00
000240,00160047,2015,FY,2015-12-31,11011,OFS,OK,155,,2026-09-01T02:02:27.899783+00:00
000250,00128546,2015,FY,2015-12-31,11011,OFS,OK,153,,2026-09-01T02:02:28.298950+00:00
000270,00106641,2015,FY,2015-12-31,11011,OFS,OK,131,,2026-09-01T02:02:28.341404+00:00
000300,00126089,2015,FY,2015-12-31,11011,OFS,OK,113,,2026-09-01T02:02:28.475840+00:00
000370,00135917,2015,FY,2015-12-31,11011,OFS,NO_DATA,0,,2026-09-01T02:02:28.479144+00:00
000320,00113508,2015,FY,2015-12-31,11011,OFS,OK,126,,2026-09-01T02:02:28.582532+00:00
000400,00113562,2015,FY,2015-12-31,11011,OFS,NO_DATA,0,,2026-09-01T02:02:28.959747+00:00
000360,00129411,2015,FY,2015-12-31,11011,OFS,OK,296,,2026-09-01T02:02:29.041201+00:00
000390,00129387,2015,FY,2015-12-31,11011,OFS,OK,220,,2026-09-01T02:02:29.431026+00:00
000430,00111847,2015,FY,2015-12-31,11011,OFS,OK,136,,2026-09-01T02:02:29.475701+00:00
000420,00120377,2015,FY,2015-12-31,11011,OFS,OK,128,,2026-09-01T02:02:29.483946+00:00
000440,00149770,2015,FY,2015-12-31,11011,OFS,OK,110,,2026-09-01T02:02:29.595747+00:00
000480,00148984,2015,FY,2015-12-31,11011,OFS,OK,146,,2026-09-01T02:02:30.083476+00:00
000540,00103176,2015,FY,2015-12-31,11011,OFS,NO_DATA,0,,2026-09-01T02:02:30.087657+00:00
000490,00109286,2015,FY,2015-12-31,11011,OFS,OK,178,,2026-09-01T02:02:30.156304+00:00
000520,00128032,2015,FY,2015-12-31,11011,OFS,OK,114,,2026-09-01T02:02:30.511284+00:00
000500,00104768,2015,FY,2015-12-31,11011,OFS,OK,181,,2026-09-01T02:02:30.545600+00:00
000590,00149026,2015,FY,2015-12-31,11011,OFS,OK,103,,2026-09-01T02:02:30.585669+00:00
000660,00164779,2015,FY,2015-12-31,11011,OFS,OK,130,,2026-09-01T02:02:31.140083+00:00
000650,00151395,2015,FY,2015-12-31,11011,OFS,OK,160,,2026-09-01T02:02:31.228155+00:00
000640,00116824,2015,FY,2015-12-31,11011,OFS,OK,218,,2026-09-01T02:02:31.269185+00:00
000670,00141307,2015,FY,2015-12-31,11011,OFS,OK,118,,2026-09-01T02:02:31.490929+00:00
000680,00104698,2015,FY,2015-12-31,11011,OFS,OK,217,,2026-09-01T02:02:31.667262+00:00
000700,00163691,2015,FY,2015-12-31,11011,OFS,OK,206,,2026-09-01T02:02:31.703263+00:00
000810,00139214,2015,FY,2015-12-31,11011,OFS,NO_DATA,0,,2026-09-01T02:02:32.070357+00:00
000760,00145686,2015,FY,2015-12-31,11011,OFS,OK,92,,2026-09-01T02:02:32.073915+00:00
000720,00164478,2015,FY,2015-12-31,11011,OFS,OK,158,,2026-09-01T02:02:32.171601+00:00
000800,00101257,2015,FY,2015-12-31,11011,OFS,OK,130,,2026-09-01T02:02:32.231196+00:00
000830,00126229,2015,FY,2015-12-31,11011,OFS,NO_DATA,0,,2026-09-01T02:02:32.243178+00:00
000850,00166519,2015,FY,2015-12-31,11011,OFS,OK,108,,2026-09-01T02:02:32.696698+00:00
000860,00100939,2015,FY,2015-12-31,11011,OFS,OK,134,,2026-09-01T02:02:33.045051+00:00
000880,00160588,2015,FY,2015-12-31,11011,OFS,OK,108,,2026-09-01T02:02:33.074342+00:00
000890,00123541,2015,FY,2015-12-31,11011,OFS,OK,158,,2026-09-01T02:02:33.137394+00:00
000950,00147222,2015,FY,2015-12-31,11011,OFS,OK,109,,2026-09-01T02:02:33.217100+00:00
000910,00144252,2015,FY,2015-12-31,11011,OFS,OK,138,,2026-09-01T02:02:33.225258+00:00
000970,00159573,2015,FY,2015-12-31,11011,OFS,OK,106,,2026-09-01T02:02:33.677219+00:00
001000,00135999,2015,FY,2015-12-31,11011,OFS,OK,211,,2026-09-01T02:02:34.204821+00:00
000990,00160843,2015,FY,2015-12-31,11011,OFS,OK,188,,2026-09-01T02:02:34.208937+00:00
001060,00149947,2015,FY,2015-12-31,11011,OFS,OK,153,,2026-09-01T02:02:34.212383+00:00
001040,00148540,2015,FY,2015-12-31,11011,OFS,OK,146,,2026-09-01T02:02:34.227984+00:00
001020,00134723,2015,FY,2015-12-31,11011,OFS,OK,218,,2026-09-01T02:02:34.414787+00:00
001070,00112970,2015,FY,2015-12-31,11011,OFS,OK,183,,2026-09-01T02:02:34.807425+00:00
001200,00131054,2015,FY,2015-12-31,11011,OFS,NO_DATA,0,,2026-09-01T02:02:34.999101+00:00
001140,00104519,2015,FY,2015-12-31,11011,OFS,OK,158,,2026-09-01T02:02:35.222742+00:00
001080,00120872,2015,FY,2015-12-31,11011,OFS,OK,108,,2026-09-01T02:02:35.254266+00:00
001130,00113243,2015,FY,2015-12-31,11011,OFS,OK,144,,2026-09-01T02:02:35.371064+00:00
001120,00120076,2015,FY,2015-12-31,11011,OFS,OK,123,,2026-09-01T02:02:35.381657+00:00
001210,00106395,2015,FY,2015-12-31,11011,OFS,OK,140,,2026-09-01T02:02:35.786657+00:00
001250,00138190,2015,FY,2015-12-31,11011,OFS,NO_DATA,0,,2026-09-01T02:02:35.868528+00:00
001270,00123772,2015,FY,2015-12-31,11011,OFS,NO_DATA,0,,2026-09-01T02:02:35.944497+00:00
001290,00112059,2015,FY,2015-12-31,11011,OFS,NO_DATA,0,,2026-09-01T02:02:35.961411+00:00
001230,00114792,2015,FY,2015-12-31,11011,OFS,OK,143,,2026-09-01T02:02:36.110915+00:00
001260,00107066,2015,FY,2015-12-31,11011,OFS,OK,178,,2026-09-01T02:02:36.376099+00:00
001360,00126414,2015,FY,2015-12-31,11011,OFS,OK,139,,2026-09-01T02:02:36.844355+00:00
001340,00122472,2015,FY,2015-12-31,11011,OFS,OK,146,,2026-09-01T02:02:36.890475+00:00
001380,00152039,2015,FY,2015-12-31,11011,OFS,OK,120,,2026-09-01T02:02:37.050468+00:00
001390,00101220,2015,FY,2015-12-31,11011,OFS,OK,152,,2026-09-01T02:02:37.066160+00:00
001420,00154055,2015,FY,2015-12-31,11011,OFS,OK,147,,2026-09-01T02:02:37.207761+00:00
001450,00164973,2015,FY,2015-12-31,11011,OFS,NO_DATA,0,,2026-09-01T02:02:37.472322+00:00
001430,00106669,2015,FY,2015-12-31,11011,OFS,OK,175,,2026-09-01T02:02:37.508464+00:00
001500,00137997,2015,FY,2015-12-31,11011,OFS,NO_DATA,0,,2026-09-01T02:02:37.786243+00:00
001440,00113207,2015,FY,2015-12-31,11011,OFS,OK,137,,2026-09-01T02:02:37.805721+00:00
001460,00122579,2015,FY,2015-12-31,11011,OFS,OK,117,,2026-09-01T02:02:38.027412+00:00
001470,00125974,2015,FY,2015-12-31,11011,OFS,OK,151,,2026-09-01T02:02:38.032400+00:00
001520,00117337,2015,FY,2015-12-31,11011,OFS,OK,185,,2026-09-01T02:02:38.631946+00:00
001540,00139205,2015,FY,2015-12-31,11011,OFS,OK,143,,2026-09-01T02:02:38.845384+00:00
001530,00118345,2015,FY,2015-12-31,11011,OFS,OK,141,,2026-09-01T02:02:38.849540+00:00
001510,00131850,2015,FY,2015-12-31,11011,OFS,NO_DATA,0,,2026-09-01T02:02:38.854255+00:00
001560,00148461,2015,FY,2015-12-31,11011,OFS,OK,121,,2026-09-01T02:02:39.028059+00:00
001550,00148948,2015,FY,2015-12-31,11011,OFS,OK,140,,2026-09-01T02:02:39.136452+00:00
001720,00136721,2015,FY,2015-12-31,11011,OFS,NO_DATA,0,,2026-09-01T02:02:39.604681+00:00
001570,00106119,2015,FY,2015-12-31,11011,OFS,OK,120,,2026-09-01T02:02:39.635323+00:00
001630,00149354,2015,FY,2015-12-31,11011,OFS,OK,151,,2026-09-01T02:02:39.833430+00:00
001680,00121941,2015,FY,2015-12-31,11011,OFS,OK,136,,2026-09-01T02:02:39.839900+00:00
001620,00114765,2015,FY,2015-12-31,11011,OFS,OK,112,,2026-09-01T02:02:39.843466+00:00
001750,00162416,2015,FY,2015-12-31,11011,OFS,NO_DATA,0,,2026-09-01T02:02:40.187381+00:00
001740,00131780,2015,FY,2015-12-31,11011,OFS,OK,132,,2026-09-01T02:02:40.285766+00:00
001770,00137809,2015,FY,2015-12-31,11011,OFS,OK,133,,2026-09-01T02:02:40.623063+00:00
001780,00117027,2015,FY,2015-12-31,11011,OFS,OK,164,,2026-09-01T02:02:40.964091+00:00
001800,00117577,2015,FY,2015-12-31,11011,OFS,OK,190,,2026-09-01T02:02:40.988177+00:00
001790,00113234,2015,FY,2015-12-31,11011,OFS,OK,320,,2026-09-01T02:02:41.065142+00:00
001810,00121507,2015,FY,2015-12-31,11011,OFS,OK,108,,2026-09-01T02:02:41.162039+00:00
001820,00129350,2015,FY,2015-12-31,11011,OFS,OK,202,,2026-09-01T02:02:41.443560+00:00
001840,00145668,2015,FY,2015-12-31,11011,OFS,OK,120,,2026-09-01T02:02:41.663457+00:00
001940,00159740,2015,FY,2015-12-31,11011,OFS,OK,75,,2026-09-01T02:02:41.834633+00:00
002000,00159005,2015,FY,2015-12-31,11011,OFS,OK,137,,2026-09-01T02:02:42.202424+00:00
001880,00128971,2015,FY,2015-12-31,11011,OFS,OK,180,,2026-09-01T02:02:42.240382+00:00
002020,00152862,2015,FY,2015-12-31,11011,OFS,OK,166,,2026-09-01T02:02:42.295409+00:00
002030,00138701,2015,FY,2015-12-31,11011,OFS,OK,136,,2026-09-01T02:02:42.431170+00:00
002070,00107677,2015,FY,2015-12-31,11011,OFS,OK,107,,2026-09-01T02:02:42.653227+00:00
002100,00101433,2015,FY,2015-12-31,11011,OFS,OK,178,,2026-09-01T02:02:43.098475+00:00
002150,00114552,2015,FY,2015-12-31,11011,OFS,OK,146,,2026-09-01T02:02:43.363281+00:00
002200,00158112,2015,FY,2015-12-31,11011,OFS,OK,91,,2026-09-01T02:02:43.396232+00:00
002170,00127042,2015,FY,2015-12-31,11011,OFS,OK,141,,2026-09-01T02:02:43.433782+00:00
002140,00102751,2015,FY,2015-12-31,11011,OFS,OK,137,,2026-09-01T02:02:43.697727+00:00
002210,00116268,2015,FY,2015-12-31,11011,OFS,OK,319,,2026-09-01T02:02:44.115742+00:00
002220,00163196,2015,FY,2015-12-31,11011,OFS,OK,106,,2026-09-01T02:02:44.206558+00:00
002230,00155638,2015,FY,2015-12-31,11011,OFS,OK,148,,2026-09-01T02:02:44.337014+00:00
002240,00103006,2015,FY,2015-12-31,11011,OFS,OK,113,,2026-09-01T02:02:44.364719+00:00
002250,00105244,2015,FY,2015-12-31,11011,OFS,OK,322,,2026-09-01T02:02:44.716073+00:00
002270,00120508,2015,FY,2015-12-31,11011,OFS,OK,183,,2026-09-01T02:02:44.801111+00:00
002290,00127936,2015,FY,2015-12-31,11011,OFS,OK,101,,2026-09-01T02:02:45.009602+00:00
002300,00159412,2015,FY,2015-12-31,11011,OFS,OK,136,,2026-09-01T02:02:45.222583+00:00
002320,00163512,2015,FY,2015-12-31,11011,OFS,OK,129,,2026-09-01T02:02:45.351927+00:00
002310,00138729,2015,FY,2015-12-31,11011,OFS,OK,142,,2026-09-01T02:02:45.441082+00:00
002350,00173874,2015,FY,2015-12-31,11011,OFS,OK,129,,2026-09-01T02:02:45.684239+00:00
002360,00136457,2015,FY,2015-12-31,11011,OFS,OK,102,,2026-09-01T02:02:45.777786+00:00
002380,00105271,2015,FY,2015-12-31,11011,OFS,OK,196,,2026-09-01T02:02:46.158751+00:00
002390,00161046,2015,FY,2015-12-31,11011,OFS,OK,121,,2026-09-01T02:02:46.195719+00:00
002410,00122694,2015,FY,2015-12-31,11011,OFS,OK,195,,2026-09-01T02:02:46.456811+00:00
002420,00133618,2015,FY,2015-12-31,11011,OFS,OK,136,,2026-09-01T02:02:46.460640+00:00
002550,00120216,2015,FY,2015-12-31,11011,OFS,NO_DATA,0,,2026-09-01T02:02:46.762276+00:00
002450,00127857,2015,FY,2015-12-31,11011,OFS,OK,139,,2026-09-01T02:02:46.799740+00:00
002460,00174527,2015,FY,2015-12-31,11011,OFS,OK,142,,2026-09-01T02:02:46.927195+00:00
002600,00149345,2015,FY,2015-12-31,11011,OFS,OK,151,,2026-09-01T02:02:47.171112+00:00
002620,00148443,2015,FY,2015-12-31,11011,OFS,OK,122,,2026-09-01T02:02:47.588601+00:00
002630,00141626,2015,FY,2015-12-31,11011,OFS,OK,159,,2026-09-01T02:02:47.592450+00:00
002690,00118451,2015,FY,2015-12-31,11011,OFS,OK,159,,2026-09-01T02:02:47.768279+00:00
002680,00140566,2015,FY,2015-12-31,11011,OFS,OK,191,,2026-09-01T02:02:47.877059+00:00
002700,00173698,2015,FY,2015-12-31,11011,OFS,OK,100,,2026-09-01T02:02:47.923284+00:00
002710,00117300,2015,FY,2015-12-31,11011,OFS,OK,166,,2026-09-01T02:02:48.280690+00:00
002760,00123107,2015,FY,2015-12-31,11011,OFS,OK,145,,2026-09-01T02:02:48.574530+00:00
002720,00104722,2015,FY,2015-12-31,11011,OFS,OK,112,,2026-09-01T02:02:48.601512+00:00
002810,00127167,2015,FY,2015-12-31,11011,OFS,OK,130,,2026-09-01T02:02:48.913367+00:00
002790,00154462,2015,FY,2015-12-31,11011,OFS,OK,136,,2026-09-01T02:02:49.212677+00:00
002780,00150828,2015,FY,2015-12-31,11011,OFS,OK,107,,2026-09-01T02:02:49.219418+00:00
002820,00132211,2015,FY,2015-12-31,11011,OFS,OK,153,,2026-09-01T02:02:49.388227+00:00
002870,00137368,2015,FY,2015-12-31,11011,OFS,OK,115,,2026-09-01T02:02:49.745004+00:00
002840,00121932,2015,FY,2015-12-31,11011,OFS,OK,316,,2026-09-01T02:02:49.846016+00:00
002880,00149804,2015,FY,2015-12-31,11011,OFS,OK,124,,2026-09-01T02:02:49.932668+00:00
002900,00117230,2015,FY,2015-12-31,11011,OFS,OK,113,,2026-09-01T02:02:50.221110+00:00
002920,00174004,2015,FY,2015-12-31,11011,OFS,OK,126,,2026-09-01T02:02:50.230038+00:00
002960,00158149,2015,FY,2015-12-31,11011,OFS,OK,137,,2026-09-01T02:02:50.397567+00:00
003000,00123718,2015,FY,2015-12-31,11011,OFS,OK,147,,2026-09-01T02:02:50.835971+00:00
002990,00106313,2015,FY,2015-12-31,11011,OFS,OK,191,,2026-09-01T02:02:50.861354+00:00
003010,00165343,2015,FY,2015-12-31,11011,OFS,OK,143,,2026-09-01T02:02:51.057222+00:00
003030,00124197,2015,FY,2015-12-31,11011,OFS,OK,119,,2026-09-01T02:02:51.199379+00:00
003060,00101044,2015,FY,2015-12-31,11011,OFS,OK,154,,2026-09-01T02:02:51.253453+00:00
003070,00152880,2015,FY,2015-12-31,11011,OFS,OK,215,,2026-09-01T02:02:51.586560+00:00
003080,00132725,2015,FY,2015-12-31,11011,OFS,OK,100,,2026-09-01T02:02:51.808389+00:00
003090,00111810,2015,FY,2015-12-31,11011,OFS,OK,152,,2026-09-01T02:02:51.836481+00:00
003100,00131896,2015,FY,2015-12-31,11011,OFS,OK,132,,2026-09-01T02:02:52.039645+00:00
003120,00146214,2015,FY,2015-12-31,11011,OFS,OK,103,,2026-09-01T02:02:52.184383+00:00
003160,00118275,2015,FY,2015-12-31,11011,OFS,OK,143,,2026-09-01T02:02:52.418467+00:00
003200,00146269,2015,FY,2015-12-31,11011,OFS,OK,166,,2026-09-01T02:02:52.620414+00:00
003230,00126955,2015,FY,2015-12-31,11011,OFS,OK,107,,2026-09-01T02:02:52.844010+00:00
003220,00111999,2015,FY,2015-12-31,11011,OFS,OK,293,,2026-09-01T02:02:53.070373+00:00
003240,00153393,2015,FY,2015-12-31,11011,OFS,OK,160,,2026-09-01T02:02:53.144511+00:00
003280,00167208,2015,FY,2015-12-31,11011,OFS,OK,151,,2026-09-01T02:02:53.317922+00:00
003300,00162993,2015,FY,2015-12-31,11011,OFS,OK,119,,2026-09-01T02:02:53.403458+00:00
003380,00148364,2015,FY,2015-12-31,11011,OFS,NO_DATA,0,,2026-09-01T02:02:53.658772+00:00
003310,00112457,2015,FY,2015-12-31,11011,OFS,OK,139,,2026-09-01T02:02:53.733719+00:00
003350,00160621,2015,FY,2015-12-31,11011,OFS,OK,119,,2026-09-01T02:02:53.843772+00:00
003450,00164876,2015,FY,2015-12-31,11011,OFS,NO_DATA,0,,2026-09-01T02:02:53.890273+00:00
003460,00145190,2015,FY,2015-12-31,11011,OFS,NO_DATA,0,,2026-09-01T02:02:53.981133+00:00
003470,00117601,2015,FY,2015-12-31,11011,OFS,NO_DATA,0,,2026-09-01T02:02:54.241987+00:00
003410,00138224,2015,FY,2015-12-31,11011,OFS,OK,136,,2026-09-01T02:02:54.255125+00:00
003530,00148610,2015,FY,2015-12-31,11011,OFS,NO_DATA,0,,2026-09-01T02:02:54.569589+00:00
003480,00163673,2015,FY,2015-12-31,11011,OFS,OK,103,,2026-09-01T02:02:54.736203+00:00
003520,00141149,2015,FY,2015-12-31,11011,OFS,OK,95,,2026-09-01T02:02:54.849708+00:00
003540,00110893,2015,FY,2015-12-31,11011,OFS,NO_DATA,0,,2026-09-01T02:02:54.889129+00:00
003490,00113526,2015,FY,2015-12-31,11011,OFS,OK,268,,2026-09-01T02:02:55.127077+00:00
003550,00120021,2015,FY,2015-12-31,11011,OFS,OK,132,,2026-09-01T02:02:55.317416+00:00
003600,00144155,2015,FY,2015-12-31,11011,OFS,NO_DATA,0,,2026-09-01T02:02:55.474537+00:00
003560,00154426,2015,FY,2015-12-31,11011,OFS,OK,116,,2026-09-01T02:02:55.571800+00:00
003570,00134477,2015,FY,2015-12-31,11011,OFS,OK,161,,2026-09-01T02:02:55.715046+00:00
003580,00169048,2015,FY,2015-12-31,11011,OFS,OK,153,,2026-09-01T02:02:55.852290+00:00
003640,00140380,2015,FY,2015-12-31,11011,OFS,NO_DATA,0,,2026-09-01T02:02:56.053390+00:00
003610,00122348,2015,FY,2015-12-31,11011,OFS,OK,119,,2026-09-01T02:02:56.110960+00:00
003620,00138242,2015,FY,2015-12-31,11011,OFS,OK,148,,2026-09-01T02:02:56.382415+00:00
003650,00122056,2015,FY,2015-12-31,11011,OFS,OK,130,,2026-09-01T02:02:56.530791+00:00
003690,00113191,2015,FY,2015-12-31,11011,OFS,NO_DATA,0,,2026-09-01T02:02:56.629292+00:00
003670,00155276,2015,FY,2015-12-31,11011,OFS,OK,127,,2026-09-01T02:02:56.691516+00:00
003680,00161860,2015,FY,2015-12-31,11011,OFS,OK,161,,2026-09-01T02:02:56.987268+00:00
003720,00127255,2015,FY,2015-12-31,11011,OFS,OK,107,,2026-09-01T02:02:57.137391+00:00
003780,00150439,2015,FY,2015-12-31,11011,OFS,OK,138,,2026-09-01T02:02:57.400788+00:00
003800,00140052,2015,FY,2015-12-31,11011,OFS,OK,121,,2026-09-01T02:02:57.508723+00:00
003830,00113544,2015,FY,2015-12-31,11011,OFS,OK,146,,2026-09-01T02:02:57.635376+00:00
003940,00132105,2015,FY,2015-12-31,11011,OFS,NO_DATA,0,,2026-09-01T02:02:57.712229+00:00
003850,00123143,2015,FY,2015-12-31,11011,OFS,OK,164,,2026-09-01T02:02:57.802535+00:00
003920,00107598,2015,FY,2015-12-31,11011,OFS,OK,177,,2026-09-01T02:02:58.145990+00:00
003960,00109718,2015,FY,2015-12-31,11011,OFS,OK,143,,2026-09-01T02:02:58.431157+00:00
004000,00157681,2015,FY,2015-12-31,11011,OFS,OK,135,,2026-09-01T02:02:58.545385+00:00
004020,00145880,2015,FY,2015-12-31,11011,OFS,OK,165,,2026-09-01T02:02:58.682581+00:00
004060,00133511,2015,FY,2015-12-31,11011,OFS,OK,120,,2026-09-01T02:02:58.737766+00:00
004080,00173795,2015,FY,2015-12-31,11011,OFS,OK,102,,2026-09-01T02:02:58.800951+00:00
004090,00157991,2015,FY,2015-12-31,11011,OFS,OK,129,,2026-09-01T02:02:59.136833+00:00
004130,00109170,2015,FY,2015-12-31,11011,OFS,OK,140,,2026-09-01T02:02:59.705078+00:00
004170,00136378,2015,FY,2015-12-31,11011,OFS,OK,124,,2026-09-01T02:02:59.826509+00:00
004140,00115287,2015,FY,2015-12-31,11011,OFS,OK,178,,2026-09-01T02:02:59.835568+00:00
004150,00171636,2015,FY,2015-12-31,11011,OFS,OK,173,,2026-09-01T02:02:59.877717+00:00
004100,00153755,2015,FY,2015-12-31,11011,OFS,OK,314,,2026-09-01T02:02:59.882502+00:00
004200,00102681,2015,FY,2015-12-31,11011,OFS,OK,132,,2026-09-01T02:03:00.109120+00:00
004250,00108038,2015,FY,2015-12-31,11011,OFS,OK,119,,2026-09-01T02:03:00.712913+00:00
004270,00172185,2015,FY,2015-12-31,11011,OFS,OK,121,,2026-09-01T02:03:00.868350+00:00
004320,00144766,2015,FY,2015-12-31,11011,OFS,OK,130,,2026-09-01T02:03:00.890490+00:00
004360,00133812,2015,FY,2015-12-31,11011,OFS,OK,140,,2026-09-01T02:03:00.896138+00:00
004310,00164706,2015,FY,2015-12-31,11011,OFS,OK,199,,2026-09-01T02:03:01.038793+00:00
004370,00108241,2015,FY,2015-12-31,11011,OFS,OK,116,,2026-09-01T02:03:01.222583+00:00
004440,00109806,2015,FY,2015-12-31,11011,OFS,NO_DATA,0,,2026-09-01T02:03:01.485552+00:00
004380,00127802,2015,FY,2015-12-31,11011,OFS,OK,178,,2026-09-01T02:03:01.821476+00:00
004430,00134963,2015,FY,2015-12-31,11011,OFS,OK,116,,2026-09-01T02:03:01.891897+00:00
004410,00130879,2015,FY,2015-12-31,11011,OFS,OK,153,,2026-09-01T02:03:01.901956+00:00
004450,00129235,2015,FY,2015-12-31,11011,OFS,OK,147,,2026-09-01T02:03:02.100205+00:00
004490,00133858,2015,FY,2015-12-31,11011,OFS,OK,144,,2026-09-01T02:03:02.369931+00:00
004540,00113492,2015,FY,2015-12-31,11011,OFS,OK,173,,2026-09-01T02:03:02.643167+00:00
004560,00125743,2015,FY,2015-12-31,11011,OFS,OK,116,,2026-09-01T02:03:02.834793+00:00
004650,00123523,2015,FY,2015-12-31,11011,OFS,OK,122,,2026-09-01T02:03:02.912033+00:00
004590,00156442,2015,FY,2015-12-31,11011,OFS,OK,144,,2026-09-01T02:03:03.033548+00:00
004690,00128555,2015,FY,2015-12-31,11011,OFS,OK,168,,2026-09-01T02:03:03.241241+00:00
004700,00148939,2015,FY,2015-12-31,11011,OFS,OK,132,,2026-09-01T02:03:03.371554+00:00
004710,00157399,2015,FY,2015-12-31,11011,OFS,OK,131,,2026-09-01T02:03:03.621059+00:00
004720,00135050,2015,FY,2015-12-31,11011,OFS,OK,171,,2026-09-01T02:03:03.955559+00:00
004770,00138057,2015,FY,2015-12-31,11011,OFS,OK,136,,2026-09-01T02:03:04.026818+00:00
004740,00123152,2015,FY,2015-12-31,11011,OFS,OK,163,,2026-09-01T02:03:04.060089+00:00
004780,00109587,2015,FY,2015-12-31,11011,OFS,OK,168,,2026-09-01T02:03:04.248497+00:00
004800,00117188,2015,FY,2015-12-31,11011,OFS,OK,124,,2026-09-01T02:03:04.383274+00:00
004830,00114093,2015,FY,2015-12-31,11011,OFS,OK,192,,2026-09-01T02:03:04.733992+00:00
004840,00118266,2015,FY,2015-12-31,11011,OFS,OK,147,,2026-09-01T02:03:04.960966+00:00
004870,00109514,2015,FY,2015-12-31,11011,OFS,OK,119,,2026-09-01T02:03:05.126028+00:00
004890,00172936,2015,FY,2015-12-31,11011,OFS,OK,181,,2026-09-01T02:03:05.206804+00:00
004910,00148920,2015,FY,2015-12-31,11011,OFS,OK,107,,2026-09-01T02:03:05.214087+00:00
004920,00127158,2015,FY,2015-12-31,11011,OFS,OK,133,,2026-09-01T02:03:05.509435+00:00
004960,00162063,2015,FY,2015-12-31,11011,OFS,OK,198,,2026-09-01T02:03:05.975712+00:00
005010,00156488,2015,FY,2015-12-31,11011,OFS,OK,146,,2026-09-01T02:03:06.190980+00:00
004980,00132804,2015,FY,2015-12-31,11011,OFS,OK,167,,2026-09-01T02:03:06.399077+00:00
004990,00120562,2015,FY,2015-12-31,11011,OFS,OK,171,,2026-09-01T02:03:06.668416+00:00
005030,00124151,2015,FY,2015-12-31,11011,OFS,OK,141,,2026-09-01T02:03:06.938384+00:00
004970,00135962,2015,FY,2015-12-31,11011,OFS,OK,133,,2026-09-01T02:03:06.951691+00:00
005070,00129989,2015,FY,2015-12-31,11011,OFS,OK,140,,2026-09-01T02:03:07.076684+00:00
005090,00125150,2015,FY,2015-12-31,11011,OFS,OK,135,,2026-09-01T02:03:07.174536+00:00
005110,00163716,2015,FY,2015-12-31,11011,OFS,OK,233,,2026-09-01T02:03:07.534233+00:00
005160,00172680,2015,FY,2015-12-31,11011,OFS,OK,200,,2026-09-01T02:03:07.767820+00:00
005180,00124726,2015,FY,2015-12-31,11011,OFS,OK,119,,2026-09-01T02:03:07.939979+00:00
005190,00116356,2015,FY,2015-12-31,11011,OFS,OK,161,,2026-09-01T02:03:07.969507+00:00
005250,00108135,2015,FY,2015-12-31,11011,OFS,OK,130,,2026-09-01T02:03:08.111492+00:00
005290,00118804,2015,FY,2015-12-31,11011,OFS,OK,188,,2026-09-01T02:03:08.312355+00:00
005300,00120571,2015,FY,2015-12-31,11011,OFS,OK,127,,2026-09-01T02:03:08.506371+00:00
005320,00168331,2015,FY,2015-12-31,11011,OFS,OK,144,,2026-09-01T02:03:08.882647+00:00
005360,00121288,2015,FY,2015-12-31,11011,OFS,OK,149,,2026-09-01T02:03:08.954743+00:00
005380,00164742,2015,FY,2015-12-31,11011,OFS,OK,125,,2026-09-01T02:03:08.958270+00:00
005390,00136341,2015,FY,2015-12-31,11011,OFS,OK,151,,2026-09-01T02:03:09.116025+00:00
005420,00160302,2015,FY,2015-12-31,11011,OFS,OK,191,,2026-09-01T02:03:09.446305+00:00
005430,00156691,2015,FY,2015-12-31,11011,OFS,OK,192,,2026-09-01T02:03:09.624488+00:00
005440,00105280,2015,FY,2015-12-31,11011,OFS,OK,124,,2026-09-01T02:03:09.857394+00:00
005450,00173740,2015,FY,2015-12-31,11011,OFS,OK,181,,2026-09-01T02:03:10.082885+00:00
005490,00155319,2015,FY,2015-12-31,11011,OFS,OK,152,,2026-09-01T02:03:10.100307+00:00
005500,00128412,2015,FY,2015-12-31,11011,OFS,OK,104,,2026-09-01T02:03:10.106117+00:00
005610,00125530,2015,FY,2015-12-31,11011,OFS,OK,200,,2026-09-01T02:03:10.729219+00:00
005670,00165103,2015,FY,2015-12-31,11011,OFS,OK,130,,2026-09-01T02:03:10.865292+00:00
005620,00110495,2015,FY,2015-12-31,11011,OFS,OK,120,,2026-09-01T02:03:10.952263+00:00
005680,00127200,2015,FY,2015-12-31,11011,OFS,OK,112,,2026-09-01T02:03:11.050302+00:00
005690,00145163,2015,FY,2015-12-31,11011,OFS,OK,135,,2026-09-01T02:03:11.093972+00:00
005710,00111874,2015,FY,2015-12-31,11011,OFS,OK,164,,2026-09-01T02:03:11.223828+00:00
005720,00167192,2015,FY,2015-12-31,11011,OFS,OK,162,,2026-09-01T02:03:11.786107+00:00
005820,00143794,2015,FY,2015-12-31,11011,OFS,ERROR,0,RATE_LIMIT: 사용한도를 초과하였습니다.,2026-09-01T02:03:11.788756+00:00
005740,00153126,2015,FY,2015-12-31,11011,OFS,OK,168,,2026-09-01T02:03:11.964790+00:00
005800,00136624,2015,FY,2015-12-31,11011,OFS,OK,110,,2026-09-01T02:03:12.036333+00:00
005750,00109754,2015,FY,2015-12-31,11011,OFS,OK,184,,2026-09-01T02:03:12.065587+00:00
005810,00155531,2015,FY,2015-12-31,11011,OFS,OK,206,,2026-09-01T02:03:12.207654+00:00
005850,00125521,2015,FY,2015-12-31,11011,OFS,ERROR,0,RATE_LIMIT: 사용한도를 초과하였습니다.,2026-09-01T02:03:12.364652+00:00
005830,00159102,2015,FY,2015-12-31,11011,OFS,ERROR,0,RATE_LIMIT: 사용한도를 초과하였습니다.,2026-09-01T02:03:12.382811+00:00
005860,00162911,2015,FY,2015-12-31,11011,OFS,ERROR,0,RATE_LIMIT: 사용한도를 초과하였습니다.,2026-09-01T02:03:12.523990+00:00
005870,00111421,2015,FY,2015-12-31,11011,OFS,ERROR,0,RATE_LIMIT: 사용한도를 초과하였습니다.,2026-09-01T02:03:12.593788+00:00
005880,00113535,2015,FY,2015-12-31,11011,OFS,ERROR,0,RATE_LIMIT: 사용한도를 초과하였습니다.,2026-09-01T02:03:12.649579+00:00
005930,00126380,2015,FY,2015-12-31,11011,OFS,ERROR,0,RATE_LIMIT: 사용한도를 초과하였습니다.,2026-09-01T02:03:12.794580+00:00
005940,00120182,2015,FY,2015-12-31,11011,OFS,ERROR,0,RATE_LIMIT: 사용한도를 초과하였습니다.,2026-09-01T02:03:12.933765+00:00
005950,00145552,2015,FY,2015-12-31,11011,OFS,ERROR,0,RATE_LIMIT: 사용한도를 초과하였습니다.,2026-09-01T02:03:12.949395+00:00
005960,00115612,2015,FY,2015-12-31,11011,OFS,ERROR,0,RATE_LIMIT: 사용한도를 초과하였습니다.,2026-09-01T02:03:13.097650+00:00
005980,00133238,2015,FY,2015-12-31,11011,OFS,ERROR,0,RATE_LIMIT: 사용한도를 초과하였습니다.,2026-09-01T02:03:13.176928+00:00
005990,00120924,2015,FY,2015-12-31,11011,OFS,ERROR,0,RATE_LIMIT: 사용한도를 초과하였습니다.,2026-09-01T02:03:13.217059+00:00
006040,00118026,2015,FY,2015-12-31,11011,OFS,ERROR,0,RATE_LIMIT: 사용한도를 초과하였습니다.,2026-09-01T02:03:13.420389+00:00
006050,00104537,2015,FY,2015-12-31,11011,OFS,ERROR,0,RATE_LIMIT: 사용한도를 초과하였습니다.,2026-09-01T02:03:13.514066+00:00
006060,00166227,2015,FY,2015-12-31,11011,OFS,ERROR,0,RATE_LIMIT: 사용한도를 초과하였습니다.,2026-09-01T02:03:13.520817+00:00
006090,00141875,2015,FY,2015-12-31,11011,OFS,ERROR,0,RATE_LIMIT: 사용한도를 초과하였습니다.,2026-09-01T02:03:13.688267+00:00
006110,00126779,2015,FY,2015-12-31,11011,OFS,ERROR,0,RATE_LIMIT: 사용한도를 초과하였습니다.,2026-09-01T02:03:13.754626+00:00
006120,00131832,2015,FY,2015-12-31,11011,OFS,ERROR,0,RATE_LIMIT: 사용한도를 초과하였습니다.,2026-09-01T02:03:13.787576+00:00
006140,00155735,2015,FY,2015-12-31,11011,OFS,ERROR,0,RATE_LIMIT: 사용한도를 초과하였습니다.,2026-09-01T02:03:14.005887+00:00
006200,00159254,2015,FY,2015-12-31,11011,OFS,ERROR,0,RATE_LIMIT: 사용한도를 초과하였습니다.,2026-09-01T02:03:14.084094+00:00
006220,00148832,2015,FY,2015-12-31,11011,OFS,ERROR,0,RATE_LIMIT: 사용한도를 초과하였습니다.,2026-09-01T02:03:14.101597+00:00
006260,00105952,2015,FY,2015-12-31,11011,OFS,ERROR,0,RATE_LIMIT: 사용한도를 초과하였습니다.,2026-09-01T02:03:14.255826+00:00
006280,00129679,2015,FY,2015-12-31,11011,OFS,ERROR,0,RATE_LIMIT: 사용한도를 초과하였습니다.,2026-09-01T02:03:14.315306+00:00
006340,00260392,2015,FY,2015-12-31,11011,OFS,ERROR,0,RATE_LIMIT: 사용한도를 초과하였습니다.,2026-09-01T02:03:14.349916+00:00
006360,00120030,2015,FY,2015-12-31,11011,OFS,ERROR,0,RATE_LIMIT: 사용한도를 초과하였습니다.,2026-09-01T02:03:14.600679+00:00
006370,00108977,2015,FY,2015-12-31,11011,OFS,ERROR,0,RATE_LIMIT: 사용한도를 초과하였습니다.,2026-09-01T02:03:14.675349+00:00
006380,00159810,2015,FY,2015-12-31,11011,OFS,ERROR,0,RATE_LIMIT: 사용한도를 초과하였습니다.,2026-09-01T02:03:14.699819+00:00
006390,00164672,2015,FY,2015-12-31,11011,OFS,ERROR,0,RATE_LIMIT: 사용한도를 초과하였습니다.,2026-09-01T02:03:14.846289+00:00
006400,00126362,2015,FY,2015-12-31,11011,OFS,ERROR,0,RATE_LIMIT: 사용한도를 초과하였습니다.,2026-09-01T02:03:14.887837+00:00
006490,00122825,2015,FY,2015-12-31,11011,OFS,ERROR,0,RATE_LIMIT: 사용한도를 초과하였습니다.,2026-09-01T02:03:14.909309+00:00
006570,00109824,2015,FY,2015-12-31,11011,OFS,ERROR,0,RATE_LIMIT: 사용한도를 초과하였습니다.,2026-09-01T02:03:15.181690+00:00
006580,00111227,2015,FY,2015-12-31,11011,OFS,ERROR,0,RATE_LIMIT: 사용한도를 초과하였습니다.,2026-09-01T02:03:15.241568+00:00
006650,00260383,2015,FY,2015-12-31,11011,OFS,ERROR,0,RATE_LIMIT: 사용한도를 초과하였습니다.,2026-09-01T02:03:15.274735+00:00
006660,00126201,2015,FY,2015-12-31,11011,OFS,ERROR,0,RATE_LIMIT: 사용한도를 초과하였습니다.,2026-09-01T02:03:15.446022+00:00
006730,00130383,2015,FY,2015-12-31,11011,OFS,ERROR,0,RATE_LIMIT: 사용한도를 초과하였습니다.,2026-09-01T02:03:15.463178+00:00
006740,00141404,2015,FY,2015-12-31,11011,OFS,ERROR,0,RATE_LIMIT: 사용한도를 초과하였습니다.,2026-09-01T02:03:15.487757+00:00
006800,00111722,2015,FY,2015-12-31,11011,OFS,ERROR,0,RATE_LIMIT: 사용한도를 초과하였습니다.,2026-09-01T02:03:15.763383+00:00
006840,00125080,2015,FY,2015-12-31,11011,OFS,ERROR,0,RATE_LIMIT: 사용한도를 초과하였습니다.,2026-09-01T02:03:15.817586+00:00
006880,00136402,2015,FY,2015-12-31,11011,OFS,ERROR,0,RATE_LIMIT: 사용한도를 초과하였습니다.,2026-09-01T02:03:15.841378+00:00
006890,00109161,2015,FY,2015-12-31,11011,OFS,ERROR,0,RATE_LIMIT: 사용한도를 초과하였습니다.,2026-09-01T02:03:16.013892+00:00
006910,00267881,2015,FY,2015-12-31,11011,OFS,ERROR,0,RATE_LIMIT: 사용한도를 초과하였습니다.,2026-09-01T02:03:16.030435+00:00
006920,00163318,2015,FY,2015-12-31,11011,OFS,ERROR,0,RATE_LIMIT: 사용한도를 초과하였습니다.,2026-09-01T02:03:16.055284+00:00
006980,00142661,2015,FY,2015-12-31,11011,OFS,ERROR,0,RATE_LIMIT: 사용한도를 초과하였습니다.,2026-09-01T02:03:16.323109+00:00
007070,00140177,2015,FY,2015-12-31,11011,OFS,ERROR,0,RATE_LIMIT: 사용한도를 초과하였습니다.,2026-09-01T02:03:16.391123+00:00
007110,00146296,2015,FY,2015-12-31,11011,OFS,ERROR,0,RATE_LIMIT: 사용한도를 초과하였습니다.,2026-09-01T02:03:16.413941+00:00
007120,00104786,2015,FY,2015-12-31,11011,OFS,ERROR,0,RATE_LIMIT: 사용한도를 초과하였습니다.,2026-09-01T02:03:16.597559+00:00
007160,00124799,2015,FY,2015-12-31,11011,OFS,ERROR,0,RATE_LIMIT: 사용한도를 초과하였습니다.,2026-09-01T02:03:16.599240+00:00
007190,00137702,2015,FY,2015-12-31,11011,OFS,ERROR,0,RATE_LIMIT: 사용한도를 초과하였습니다.,2026-09-01T02:03:16.637088+00:00
007210,00122898,2015,FY,2015-12-31,11011,OFS,ERROR,0,RATE_LIMIT: 사용한도를 초과하였습니다.,2026-09-01T02:03:16.881196+00:00
007280,00124090,2015,FY,2015-12-31,11011,OFS,ERROR,0,RATE_LIMIT: 사용한도를 초과하였습니다.,2026-09-01T02:03:16.948643+00:00
007310,00141529,2015,FY,2015-12-31,11011,OFS,ERROR,0,RATE_LIMIT: 사용한도를 초과하였습니다.,2026-09-01T02:03:16.992908+00:00
007340,00116949,2015,FY,2015-12-31,11011,OFS,ERROR,0,RATE_LIMIT: 사용한도를 초과하였습니다.,2026-09-01T02:03:17.170440+00:00
007330,00124805,2015,FY,2015-12-31,11011,OFS,ERROR,0,RATE_LIMIT: 사용한도를 초과하였습니다.,2026-09-01T02:03:17.189159+00:00
007370,00150536,2015,FY,2015-12-31,11011,OFS,ERROR,0,RATE_LIMIT: 사용한도를 초과하였습니다.,2026-09-01T02:03:17.199635+00:00
007390,00117276,2015,FY,2015-12-31,11011,OFS,ERROR,0,RATE_LIMIT: 사용한도를 초과하였습니다.,2026-09-01T02:03:17.459099+00:00
007460,00152385,2015,FY,2015-12-31,11011,OFS,ERROR,0,RATE_LIMIT: 사용한도를 초과하였습니다.,2026-09-01T02:03:17.517350+00:00
007530,00140858,2015,FY,2015-12-31,11011,OFS,ERROR,0,RATE_LIMIT: 사용한도를 초과하였습니다.,2026-09-01T02:03:17.573577+00:00
007540,00130091,2015,FY,2015-12-31,11011,OFS,ERROR,0,RATE_LIMIT: 사용한도를 초과하였습니다.,2026-09-01T02:03:17.753511+00:00
007590,00115384,2015,FY,2015-12-31,11011,OFS,ERROR,0,RATE_LIMIT: 사용한도를 초과하였습니다.,2026-09-01T02:03:17.766809+00:00
007570,00146454,2015,FY,2015-12-31,11011,OFS,ERROR,0,RATE_LIMIT: 사용한도를 초과하였습니다.,2026-09-01T02:03:17.767509+00:00
007610,00131939,2015,FY,2015-12-31,11011,OFS,ERROR,0,RATE_LIMIT: 사용한도를 초과하였습니다.,2026-09-01T02:03:18.046145+00:00
007630,00167280,2015,FY,2015-12-31,11011,OFS,ERROR,0,RATE_LIMIT: 사용한도를 초과하였습니다.,2026-09-01T02:03:18.093471+00:00
007660,00107613,2015,FY,2015-12-31,11011,OFS,ERROR,0,RATE_LIMIT: 사용한도를 초과하였습니다.,2026-09-01T02:03:18.133037+00:00
007690,00104388,2015,FY,2015-12-31,11011,OFS,ERROR,0,RATE_LIMIT: 사용한도를 초과하였습니다.,2026-09-01T02:03:18.332702+00:00
007720,00104810,2015,FY,2015-12-31,11011,OFS,ERROR,0,RATE_LIMIT: 사용한도를 초과하였습니다.,2026-09-01T02:03:18.346082+00:00
007700,00126487,2015,FY,2015-12-31,11011,OFS,ERROR,0,RATE_LIMIT: 사용한도를 초과하였습니다.,2026-09-01T02:03:18.348043+00:00
007770,00267979,2015,FY,2015-12-31,11011,OFS,ERROR,0,RATE_LIMIT: 사용한도를 초과하였습니다.,2026-09-01T02:03:18.622720+00:00
007810,00152686,2015,FY,2015-12-31,11011,OFS,ERROR,0,RATE_LIMIT: 사용한도를 초과하였습니다.,2026-09-01T02:03:18.670808+00:00
007820,00137915,2015,FY,2015-12-31,11011,OFS,ERROR,0,RATE_LIMIT: 사용한도를 초과하였습니다.,2026-09-01T02:03:18.708340+00:00
007860,00163114,2015,FY,2015-12-31,11011,OFS,ERROR,0,RATE_LIMIT: 사용한도를 초과하였습니다.,2026-09-01T02:03:18.909932+00:00
008000,00148717,2015,FY,2015-12-31,11011,OFS,ERROR,0,RATE_LIMIT: 사용한도를 초과하였습니다.,2026-09-01T02:03:18.931515+00:00
007980,00154329,2015,FY,2015-12-31,11011,OFS,ERROR,0,RATE_LIMIT: 사용한도를 초과하였습니다.,2026-09-01T02:03:18.933036+00:00
008020,00101336,2015,FY,2015-12-31,11011,OFS,ERROR,0,RATE_LIMIT: 사용한도를 초과하였습니다.,2026-09-01T02:03:19.200270+00:00
008040,00137252,2015,FY,2015-12-31,11011,OFS,ERROR,0,RATE_LIMIT: 사용한도를 초과하였습니다.,2026-09-01T02:03:19.253620+00:00
008060,00109189,2015,FY,2015-12-31,11011,OFS,ERROR,0,RATE_LIMIT: 사용한도를 초과하였습니다.,2026-09-01T02:03:19.268208+00:00
008110,00157104,2015,FY,2015-12-31,11011,OFS,ERROR,0,RATE_LIMIT: 사용한도를 초과하였습니다.,2026-09-01T02:03:19.486452+00:00
008260,00116301,2015,FY,2015-12-31,11011,OFS,ERROR,0,RATE_LIMIT: 사용한도를 초과하였습니다.,2026-09-01T02:03:19.493798+00:00
008250,00145446,2015,FY,2015-12-31,11011,OFS,ERROR,0,RATE_LIMIT: 사용한도를 초과하였습니다.,2026-09-01T02:03:19.513725+00:00
008290,00144021,2015,FY,2015-12-31,11011,OFS,ERROR,0,RATE_LIMIT: 사용한도를 초과하였습니다.,2026-09-01T02:03:19.766002+00:00
008350,00107224,2015,FY,2015-12-31,11011,OFS,ERROR,0,RATE_LIMIT: 사용한도를 초과하였습니다.,2026-09-01T02:03:19.823748+00:00
008370,00144012,2015,FY,2015-12-31,11011,OFS,ERROR,0,RATE_LIMIT: 사용한도를 초과하였습니다.,2026-09-01T02:03:19.861646+00:00
008420,00121570,2015,FY,2015-12-31,11011,OFS,ERROR,0,RATE_LIMIT: 사용한도를 초과하였습니다.,2026-09-01T02:03:20.061257+00:00
008470,00124276,2015,FY,2015-12-31,11011,OFS,ERROR,0,RATE_LIMIT: 사용한도를 초과하였습니다.,2026-09-01T02:03:20.072293+00:00
008490,00131692,2015,FY,2015-12-31,11011,OFS,ERROR,0,RATE_LIMIT: 사용한도를 초과하였습니다.,2026-09-01T02:03:20.079802+00:00
008500,00146542,2015,FY,2015-12-31,11011,OFS,ERROR,0,RATE_LIMIT: 사용한도를 초과하였습니다.,2026-09-01T02:03:20.360949+00:00
008600,00104999,2015,FY,2015-12-31,11011,OFS,ERROR,0,RATE_LIMIT: 사용한도를 초과하였습니다.,2026-09-01T02:03:20.421237+00:00
008560,00163682,2015,FY,2015-12-31,11011,OFS,ERROR,0,RATE_LIMIT: 사용한도를 초과하였습니다.,2026-09-01T02:03:20.431012+00:00
008700,00138516,2015,FY,2015-12-31,11011,OFS,ERROR,0,RATE_LIMIT: 사용한도를 초과하였습니다.,2026-09-01T02:03:20.626875+00:00
008730,00145260,2015,FY,2015-12-31,11011,OFS,ERROR,0,RATE_LIMIT: 사용한도를 초과하였습니다.,2026-09-01T02:03:20.653007+00:00
008770,00165680,2015,FY,2015-12-31,11011,OFS,ERROR,0,RATE_LIMIT: 사용한도를 초과하였습니다.,2026-09-01T02:03:20.666800+00:00
008800,00164362,2015,FY,2015-12-31,11011,OFS,ERROR,0,RATE_LIMIT: 사용한도를 초과하였습니다.,2026-09-01T02:03:20.948751+00:00
008830,00109310,2015,FY,2015-12-31,11011,OFS,ERROR,0,RATE_LIMIT: 사용한도를 초과하였습니다.,2026-09-01T02:03:20.985600+00:00
008870,00168401,2015,FY,2015-12-31,11011,OFS,ERROR,0,RATE_LIMIT: 사용한도를 초과하였습니다.,2026-09-01T02:03:21.020770+00:00
008900,00138127,2015,FY,2015-12-31,11011,OFS,ERROR,0,RATE_LIMIT: 사용한도를 초과하였습니다.,2026-09-01T02:03:21.214897+00:00
008930,00161426,2015,FY,2015-12-31,11011,OFS,ERROR,0,RATE_LIMIT: 사용한도를 초과하였습니다.,2026-09-01T02:03:21.223385+00:00
008970,00117629,2015,FY,2015-12-31,11011,OFS,ERROR,0,RATE_LIMIT: 사용한도를 초과하였습니다.,2026-09-01T02:03:21.238617+00:00
009070,00103042,2015,FY,2015-12-31,11011,OFS,ERROR,0,RATE_LIMIT: 사용한도를 초과하였습니다.,2026-09-01T02:03:21.524088+00:00
009140,00102140,2015,FY,2015-12-31,11011,OFS,ERROR,0,RATE_LIMIT: 사용한도를 초과하였습니다.,2026-09-01T02:03:21.556687+00:00
009150,00126371,2015,FY,2015-12-31,11011,OFS,ERROR,0,RATE_LIMIT: 사용한도를 초과하였습니다.,2026-09-01T02:03:21.585324+00:00
009190,00111111,2015,FY,2015-12-31,11011,OFS,ERROR,0,RATE_LIMIT: 사용한도를 초과하였습니다.,2026-09-01T02:03:21.834829+00:00
009180,00140946,2015,FY,2015-12-31,11011,OFS,ERROR,0,RATE_LIMIT: 사용한도를 초과하였습니다.,2026-09-01T02:03:21.836287+00:00
009160,00138260,2015,FY,2015-12-31,11011,OFS,ERROR,0,RATE_LIMIT: 사용한도를 초과하였습니다.,2026-09-01T02:03:21.907169+00:00
009200,00136086,2015,FY,2015-12-31,11011,OFS,ERROR,0,RATE_LIMIT: 사용한도를 초과하였습니다.,2026-09-01T02:03:22.104332+00:00
009270,00136864,2015,FY,2015-12-31,11011,OFS,ERROR,0,RATE_LIMIT: 사용한도를 초과하였습니다.,2026-09-01T02:03:22.149856+00:00
009240,00161693,2015,FY,2015-12-31,11011,OFS,ERROR,0,RATE_LIMIT: 사용한도를 초과하였습니다.,2026-09-01T02:03:22.182145+00:00
009290,00103592,2015,FY,2015-12-31,11011,OFS,ERROR,0,RATE_LIMIT: 사용한도를 초과하였습니다.,2026-09-01T02:03:22.408338+00:00
009300,00126788,2015,FY,2015-12-31,11011,OFS,ERROR,0,RATE_LIMIT: 사용한도를 초과하였습니다.,2026-09-01T02:03:22.412854+00:00
009310,00153621,2015,FY,2015-12-31,11011,OFS,ERROR,0,RATE_LIMIT: 사용한도를 초과하였습니다.,2026-09-01T02:03:22.505065+00:00
009320,00111689,2015,FY,2015-12-31,11011,OFS,ERROR,0,RATE_LIMIT: 사용한도를 초과하였습니다.,2026-09-01T02:03:22.681609+00:00
009410,00153861,2015,FY,2015-12-31,11011,OFS,ERROR,0,RATE_LIMIT: 사용한도를 초과하였습니다.,2026-09-01T02:03:22.710567+00:00
009420,00162586,2015,FY,2015-12-31,11011,OFS,ERROR,0,RATE_LIMIT: 사용한도를 초과하였습니다.,2026-09-01T02:03:22.759902+00:00
009450,00101488,2015,FY,2015-12-31,11011,OFS,ERROR,0,RATE_LIMIT: 사용한도를 초과하였습니다.,2026-09-01T02:03:23.005648+00:00
009440,00159971,2015,FY,2015-12-31,11011,OFS,ERROR,0,RATE_LIMIT: 사용한도를 초과하였습니다.,2026-09-01T02:03:23.010100+00:00
009460,00163761,2015,FY,2015-12-31,11011,OFS,ERROR,0,RATE_LIMIT: 사용한도를 초과하였습니다.,2026-09-01T02:03:23.081116+00:00
009470,00129271,2015,FY,2015-12-31,11011,OFS,ERROR,0,RATE_LIMIT: 사용한도를 초과하였습니다.,2026-09-01T02:03:23.257797+00:00
009520,00128111,2015,FY,2015-12-31,11011,OFS,ERROR,0,RATE_LIMIT: 사용한도를 초과하였습니다.,2026-09-01T02:03:23.272206+00:00
009540,00164830,2015,FY,2015-12-31,11011,OFS,ERROR,0,RATE_LIMIT: 사용한도를 초과하였습니다.,2026-09-01T02:03:23.345141+00:00
009580,00119007,2015,FY,2015-12-31,11011,OFS,ERROR,0,RATE_LIMIT: 사용한도를 초과하였습니다.,2026-09-01T02:03:23.577667+00:00
009620,00125822,2015,FY,2015-12-31,11011,OFS,ERROR,0,RATE_LIMIT: 사용한도를 초과하였습니다.,2026-09-01T02:03:23.583794+00:00
009680,00151128,2015,FY,2015-12-31,11011,OFS,ERROR,0,RATE_LIMIT: 사용한도를 초과하였습니다.,2026-09-01T02:03:23.645482+00:00
009730,00116426,2015,FY,2015-12-31,11011,OFS,ERROR,0,RATE_LIMIT: 사용한도를 초과하였습니다.,2026-09-01T02:03:23.838262+00:00
009770,00128227,2015,FY,2015-12-31,11011,OFS,ERROR,0,RATE_LIMIT: 사용한도를 초과하였습니다.,2026-09-01T02:03:23.839503+00:00
009780,00121154,2015,FY,2015-12-31,11011,OFS,ERROR,0,RATE_LIMIT: 사용한도를 초과하였습니다.,2026-09-01T02:03:23.904577+00:00
009830,00162461,2015,FY,2015-12-31,11011,OFS,ERROR,0,RATE_LIMIT: 사용한도를 초과하였습니다.,2026-09-01T02:03:24.185840+00:00
009810,00103130,2015,FY,2015-12-31,11011,OFS,ERROR,0,RATE_LIMIT: 사용한도를 초과하였습니다.,2026-09-01T02:03:24.200443+00:00
009970,00140964,2015,FY,2015-12-31,11011,OFS,ERROR,0,RATE_LIMIT: 사용한도를 초과하였습니다.,2026-09-01T02:03:24.204793+00:00
010040,00160205,2015,FY,2015-12-31,11011,OFS,ERROR,0,RATE_LIMIT: 사용한도를 초과하였습니다.,2026-09-01T02:03:24.406199+00:00
010050,00104102,2015,FY,2015-12-31,11011,OFS,ERROR,0,RATE_LIMIT: 사용한도를 초과하였습니다.,2026-09-01T02:03:24.407312+00:00
010060,00148896,2015,FY,2015-12-31,11011,OFS,ERROR,0,RATE_LIMIT: 사용한도를 초과하였습니다.,2026-09-01T02:03:24.490443+00:00
010100,00160418,2015,FY,2015-12-31,11011,OFS,ERROR,0,RATE_LIMIT: 사용한도를 초과하였습니다.,2026-09-01T02:03:24.754563+00:00
010120,00105855,2015,FY,2015-12-31,11011,OFS,ERROR,0,RATE_LIMIT: 사용한도를 초과하였습니다.,2026-09-01T02:03:24.780997+00:00
010130,00102858,2015,FY,2015-12-31,11011,OFS,ERROR,0,RATE_LIMIT: 사용한도를 초과하였습니다.,2026-09-01T02:03:24.784609+00:00
010170,00113261,2015,FY,2015-12-31,11011,OFS,ERROR,0,RATE_LIMIT: 사용한도를 초과하였습니다.,2026-09-01T02:03:24.985409+00:00
010140,00126478,2015,FY,2015-12-31,11011,OFS,ERROR,0,RATE_LIMIT: 사용한도를 초과하였습니다.,2026-09-01T02:03:24.988049+00:00
010240,00167031,2015,FY,2015-12-31,11011,OFS,ERROR,0,RATE_LIMIT: 사용한도를 초과하였습니다.,2026-09-01T02:03:25.052723+00:00
010280,00138303,2015,FY,2015-12-31,11011,OFS,ERROR,0,RATE_LIMIT: 사용한도를 초과하였습니다.,2026-09-01T02:03:25.319607+00:00
010420,00103626,2015,FY,2015-12-31,11011,OFS,ERROR,0,RATE_LIMIT: 사용한도를 초과하였습니다.,2026-09-01T02:03:25.361283+00:00
010470,00141671,2015,FY,2015-12-31,11011,OFS,ERROR,0,RATE_LIMIT: 사용한도를 초과하였습니다.,2026-09-01T02:03:25.366744+00:00
010520,00164469,2015,FY,2015-12-31,11011,OFS,ERROR,0,RATE_LIMIT: 사용한도를 초과하였습니다.,2026-09-01T02:03:25.579523+00:00
010580,00147860,2015,FY,2015-12-31,11011,OFS,ERROR,0,RATE_LIMIT: 사용한도를 초과하였습니다.,2026-09-01T02:03:25.582076+00:00
010600,00141273,2015,FY,2015-12-31,11011,OFS,ERROR,0,RATE_LIMIT: 사용한도를 초과하였습니다.,2026-09-01T02:03:25.617885+00:00
010620,00164609,2015,FY,2015-12-31,11011,OFS,ERROR,0,RATE_LIMIT: 사용한도를 초과하였습니다.,2026-09-01T02:03:25.901397+00:00
010640,00160375,2015,FY,2015-12-31,11011,OFS,ERROR,0,RATE_LIMIT: 사용한도를 초과하였습니다.,2026-09-01T02:03:25.951158+00:00
010660,00166500,2015,FY,2015-12-31,11011,OFS,ERROR,0,RATE_LIMIT: 사용한도를 초과하였습니다.,2026-09-01T02:03:25.970601+00:00
010770,00155124,2015,FY,2015-12-31,11011,OFS,ERROR,0,RATE_LIMIT: 사용한도를 초과하였습니다.,2026-09-01T02:03:26.155599+00:00
010690,00166315,2015,FY,2015-12-31,11011,OFS,ERROR,0,RATE_LIMIT: 사용한도를 초과하였습니다.,2026-09-01T02:03:26.172436+00:00
010780,00115977,2015,FY,2015-12-31,11011,OFS,ERROR,0,RATE_LIMIT: 사용한도를 초과하였습니다.,2026-09-01T02:03:26.191421+00:00
010820,00148522,2015,FY,2015-12-31,11011,OFS,ERROR,0,RATE_LIMIT: 사용한도를 초과하였습니다.,2026-09-01T02:03:26.467963+00:00
010950,00138279,2015,FY,2015-12-31,11011,OFS,ERROR,0,RATE_LIMIT: 사용한도를 초과하였습니다.,2026-09-01T02:03:26.536944+00:00
010960,00128980,2015,FY,2015-12-31,11011,OFS,ERROR,0,RATE_LIMIT: 사용한도를 초과하였습니다.,2026-09-01T02:03:26.540472+00:00
011000,00118521,2015,FY,2015-12-31,11011,OFS,ERROR,0,RATE_LIMIT: 사용한도를 초과하였습니다.,2026-09-01T02:03:26.725746+00:00
011040,00101549,2015,FY,2015-12-31,11011,OFS,ERROR,0,RATE_LIMIT: 사용한도를 초과하였습니다.,2026-09-01T02:03:26.736302+00:00
011070,00105961,2015,FY,2015-12-31,11011,OFS,ERROR,0,RATE_LIMIT: 사용한도를 초과하였습니다.,2026-09-01T02:03:26.777561+00:00
011080,00142713,2015,FY,2015-12-31,11011,OFS,ERROR,0,RATE_LIMIT: 사용한도를 초과하였습니다.,2026-09-01T02:03:27.042959+00:00
011150,00129013,2015,FY,2015-12-31,11011,OFS,ERROR,0,RATE_LIMIT: 사용한도를 초과하였습니다.,2026-09-01T02:03:27.112799+00:00
011090,00139764,2015,FY,2015-12-31,11011,OFS,ERROR,0,RATE_LIMIT: 사용한도를 초과하였습니다.,2026-09-01T02:03:27.116428+00:00
011160,00102760,2015,FY,2015-12-31,11011,OFS,ERROR,0,RATE_LIMIT: 사용한도를 초과하였습니다.,2026-09-01T02:03:27.306504+00:00
011170,00165413,2015,FY,2015-12-31,11011,OFS,ERROR,0,RATE_LIMIT: 사용한도를 초과하였습니다.,2026-09-01T02:03:27.317505+00:00
011200,00164645,2015,FY,2015-12-31,11011,OFS,ERROR,0,RATE_LIMIT: 사용한도를 초과하였습니다.,2026-09-01T02:03:27.340655+00:00
011210,00106623,2015,FY,2015-12-31,11011,OFS,ERROR,0,RATE_LIMIT: 사용한도를 초과하였습니다.,2026-09-01T02:03:27.614794+00:00
011280,00153524,2015,FY,2015-12-31,11011,OFS,ERROR,0,RATE_LIMIT: 사용한도를 초과하였습니다.,2026-09-01T02:03:27.683518+00:00
011230,00129280,2015,FY,2015-12-31,11011,OFS,ERROR,0,RATE_LIMIT: 사용한도를 초과하였습니다.,2026-09-01T02:03:27.688242+00:00
011300,00132868,2015,FY,2015-12-31,11011,OFS,ERROR,0,RATE_LIMIT: 사용한도를 초과하였습니다.,2026-09-01T02:03:27.873984+00:00
011320,00147152,2015,FY,2015-12-31,11011,OFS,ERROR,0,RATE_LIMIT: 사용한도를 초과하였습니다.,2026-09-01T02:03:27.883801+00:00
011330,00137207,2015,FY,2015-12-31,11011,OFS,ERROR,0,RATE_LIMIT: 사용한도를 초과하였습니다.,2026-09-01T02:03:27.914427+00:00
011370,00131504,2015,FY,2015-12-31,11011,OFS,ERROR,0,RATE_LIMIT: 사용한도를 초과하였습니다.,2026-09-01T02:03:28.173346+00:00
011390,00124027,2015,FY,2015-12-31,11011,OFS,ERROR,0,RATE_LIMIT: 사용한도를 초과하였습니다.,2026-09-01T02:03:28.251163+00:00
011420,00129554,2015,FY,2015-12-31,11011,OFS,ERROR,0,RATE_LIMIT: 사용한도를 초과하였습니다.,2026-09-01T02:03:28.287831+00:00
011560,00133876,2015,FY,2015-12-31,11011,OFS,ERROR,0,RATE_LIMIT: 사용한도를 초과하였습니다.,2026-09-01T02:03:28.467352+00:00
011500,00160861,2015,FY,2015-12-31,11011,OFS,ERROR,0,RATE_LIMIT: 사용한도를 초과하였습니다.,2026-09-01T02:03:28.471966+00:00
011690,00144720,2015,FY,2015-12-31,11011,OFS,ERROR,0,RATE_LIMIT: 사용한도를 초과하였습니다.,2026-09-01T02:03:28.530564+00:00
011700,00162072,2015,FY,2015-12-31,11011,OFS,ERROR,0,RATE_LIMIT: 사용한도를 초과하였습니다.,2026-09-01T02:03:28.777017+00:00
011720,00164955,2015,FY,2015-12-31,11011,OFS,ERROR,0,RATE_LIMIT: 사용한도를 초과하였습니다.,2026-09-01T02:03:28.819171+00:00
011760,00164812,2015,FY,2015-12-31,11011,OFS,ERROR,0,RATE_LIMIT: 사용한도를 초과하였습니다.,2026-09-01T02:03:28.849343+00:00
011790,00139889,2015,FY,2015-12-31,11011,OFS,ERROR,0,RATE_LIMIT: 사용한도를 초과하였습니다.,2026-09-01T02:03:29.047665+00:00
011780,00106368,2015,FY,2015-12-31,11011,OFS,ERROR,0,RATE_LIMIT: 사용한도를 초과하였습니다.,2026-09-01T02:03:29.048994+00:00
011810,00138297,2015,FY,2015-12-31,11011,OFS,ERROR,0,RATE_LIMIT: 사용한도를 초과하였습니다.,2026-09-01T02:03:29.094627+00:00
011930,00136271,2015,FY,2015-12-31,11011,OFS,ERROR,0,RATE_LIMIT: 사용한도를 초과하였습니다.,2026-09-01T02:03:29.347722+00:00
012030,00163345,2015,FY,2015-12-31,11011,OFS,ERROR,0,RATE_LIMIT: 사용한도를 초과하였습니다.,2026-09-01T02:03:29.410920+00:00
012160,00141477,2015,FY,2015-12-31,11011,OFS,ERROR,0,RATE_LIMIT: 사용한도를 초과하였습니다.,2026-09-01T02:03:29.418451+00:00
012200,00102618,2015,FY,2015-12-31,11011,OFS,ERROR,0,RATE_LIMIT: 사용한도를 초과하였습니다.,2026-09-01T02:03:29.612411+00:00
012170,00145437,2015,FY,2015-12-31,11011,OFS,ERROR,0,RATE_LIMIT: 사용한도를 초과하였습니다.,2026-09-01T02:03:29.629820+00:00
012280,00141413,2015,FY,2015-12-31,11011,OFS,ERROR,0,RATE_LIMIT: 사용한도를 초과하였습니다.,2026-09-01T02:03:29.667388+00:00
012320,00143527,2015,FY,2015-12-31,11011,OFS,ERROR,0,RATE_LIMIT: 사용한도를 초과하였습니다.,2026-09-01T02:03:29.912660+00:00
012330,00164788,2015,FY,2015-12-31,11011,OFS,ERROR,0,RATE_LIMIT: 사용한도를 초과하였습니다.,2026-09-01T02:03:29.994629+00:00
012340,00105040,2015,FY,2015-12-31,11011,OFS,ERROR,0,RATE_LIMIT: 사용한도를 초과하였습니다.,2026-09-01T02:03:30.010877+00:00
012450,00126566,2015,FY,2015-12-31,11011,OFS,ERROR,0,RATE_LIMIT: 사용한도를 초과하였습니다.,2026-09-01T02:03:30.171118+00:00
012510,00172291,2015,FY,2015-12-31,11011,OFS,ERROR,0,RATE_LIMIT: 사용한도를 초과하였습니다.,2026-09-01T02:03:30.205481+00:00
012600,00151863,2015,FY,2015-12-31,11011,OFS,ERROR,0,RATE_LIMIT: 사용한도를 초과하였습니다.,2026-09-01T02:03:30.240096+00:00
012610,00102113,2015,FY,2015-12-31,11011,OFS,ERROR,0,RATE_LIMIT: 사용한도를 초과하였습니다.,2026-09-01T02:03:30.471705+00:00
012620,00143907,2015,FY,2015-12-31,11011,OFS,ERROR,0,RATE_LIMIT: 사용한도를 초과하였습니다.,2026-09-01T02:03:30.564483+00:00
012630,00164636,2015,FY,2015-12-31,11011,OFS,ERROR,0,RATE_LIMIT: 사용한도를 초과하였습니다.,2026-09-01T02:03:30.621146+00:00
012690,00173102,2015,FY,2015-12-31,11011,OFS,ERROR,0,RATE_LIMIT: 사용한도를 초과하였습니다.,2026-09-01T02:03:30.734839+00:00
012700,00117708,2015,FY,2015-12-31,11011,OFS,ERROR,0,RATE_LIMIT: 사용한도를 초과하였습니다.,2026-09-01T02:03:30.775375+00:00
012750,00158501,2015,FY,2015-12-31,11011,OFS,ERROR,0,RATE_LIMIT: 사용한도를 초과하였습니다.,2026-09-01T02:03:30.803201+00:00
012790,00137058,2015,FY,2015-12-31,11011,OFS,ERROR,0,RATE_LIMIT: 사용한도를 초과하였습니다.,2026-09-01T02:03:31.043637+00:00
012800,00112651,2015,FY,2015-12-31,11011,OFS,ERROR,0,RATE_LIMIT: 사용한도를 초과하였습니다.,2026-09-01T02:03:31.124884+00:00
012860,00137234,2015,FY,2015-12-31,11011,OFS,ERROR,0,RATE_LIMIT: 사용한도를 초과하였습니다.,2026-09-01T02:03:31.203228+00:00
013000,00134176,2015,FY,2015-12-31,11011,OFS,ERROR,0,RATE_LIMIT: 사용한도를 초과하였습니다.,2026-09-01T02:03:31.297292+00:00
013030,00165060,2015,FY,2015-12-31,11011,OFS,ERROR,0,RATE_LIMIT: 사용한도를 초과하였습니다.,2026-09-01T02:03:31.346666+00:00
013120,00117966,2015,FY,2015-12-31,11011,OFS,ERROR,0,RATE_LIMIT: 사용한도를 초과하였습니다.,2026-09-01T02:03:31.373994+00:00
013310,00139083,2015,FY,2015-12-31,11011,OFS,ERROR,0,RATE_LIMIT: 사용한도를 초과하였습니다.,2026-09-01T02:03:31.617466+00:00
013360,00146232,2015,FY,2015-12-31,11011,OFS,ERROR,0,RATE_LIMIT: 사용한도를 초과하였습니다.,2026-09-01T02:03:31.688822+00:00
013450,00165529,2015,FY,2015-12-31,11011,OFS,ERROR,0,RATE_LIMIT: 사용한도를 초과하였습니다.,2026-09-01T02:03:31.769494+00:00
013520,00166272,2015,FY,2015-12-31,11011,OFS,ERROR,0,RATE_LIMIT: 사용한도를 초과하였습니다.,2026-09-01T02:03:31.865090+00:00
013570,00117179,2015,FY,2015-12-31,11011,OFS,ERROR,0,RATE_LIMIT: 사용한도를 초과하였습니다.,2026-09-01T02:03:31.921163+00:00
013580,00102432,2015,FY,2015-12-31,11011,OFS,ERROR,0,RATE_LIMIT: 사용한도를 초과하였습니다.,2026-09-01T02:03:31.943962+00:00
013700,00129420,2015,FY,2015-12-31,11011,OFS,ERROR,0,RATE_LIMIT: 사용한도를 초과하였습니다.,2026-09-01T02:03:32.201498+00:00
013720,00151605,2015,FY,2015-12-31,11011,OFS,ERROR,0,RATE_LIMIT: 사용한도를 초과하였습니다.,2026-09-01T02:03:32.294114+00:00
013810,00136165,2015,FY,2015-12-31,11011,OFS,ERROR,0,RATE_LIMIT: 사용한도를 초과하였습니다.,2026-09-01T02:03:32.340291+00:00
013870,00156354,2015,FY,2015-12-31,11011,OFS,ERROR,0,RATE_LIMIT: 사용한도를 초과하였습니다.,2026-09-01T02:03:32.425836+00:00
013890,00150633,2015,FY,2015-12-31,11011,OFS,ERROR,0,RATE_LIMIT: 사용한도를 초과하였습니다.,2026-09-01T02:03:32.491116+00:00
013990,00138446,2015,FY,2015-12-31,11011,OFS,ERROR,0,RATE_LIMIT: 사용한도를 초과하였습니다.,2026-09-01T02:03:32.504393+00:00
014100,00267854,2015,FY,2015-12-31,11011,OFS,ERROR,0,RATE_LIMIT: 사용한도를 초과하였습니다.,2026-09-01T02:03:32.760809+00:00
014130,00129509,2015,FY,2015-12-31,11011,OFS,ERROR,0,RATE_LIMIT: 사용한도를 초과하였습니다.,2026-09-01T02:03:32.878482+00:00
014160,00111458,2015,FY,2015-12-31,11011,OFS,ERROR,0,RATE_LIMIT: 사용한도를 초과하였습니다.,2026-09-01T02:03:32.904797+00:00
014190,00128175,2015,FY,2015-12-31,11011,OFS,ERROR,0,RATE_LIMIT: 사용한도를 초과하였습니다.,2026-09-01T02:03:33.005473+00:00
014200,00103635,2015,FY,2015-12-31,11011,OFS,ERROR,0,RATE_LIMIT: 사용한도를 초과하였습니다.,2026-09-01T02:03:33.061231+00:00
014280,00105299,2015,FY,2015-12-31,11011,OFS,ERROR,0,RATE_LIMIT: 사용한도를 초과하였습니다.,2026-09-01T02:03:33.077172+00:00
014350,00136970,2015,FY,2015-12-31,11011,OFS,ERROR,0,RATE_LIMIT: 사용한도를 초과하였습니다.,2026-09-01T02:03:33.343148+00:00
014440,00140779,2015,FY,2015-12-31,11011,OFS,ERROR,0,RATE_LIMIT: 사용한도를 초과하였습니다.,2026-09-01T02:03:33.467860+00:00
014530,00105156,2015,FY,2015-12-31,11011,OFS,ERROR,0,RATE_LIMIT: 사용한도를 초과하였습니다.,2026-09-01T02:03:33.572207+00:00
014570,00103015,2015,FY,2015-12-31,11011,OFS,ERROR,0,RATE_LIMIT: 사용한도를 초과하였습니다.,2026-09-01T02:03:33.636481+00:00
014580,00122481,2015,FY,2015-12-31,11011,OFS,ERROR,0,RATE_LIMIT: 사용한도를 초과하였습니다.,2026-09-01T02:03:33.639366+00:00
014470,00243067,2015,FY,2015-12-31,11011,OFS,ERROR,0,RATE_LIMIT: 사용한도를 초과하였습니다.,2026-09-01T02:03:33.670340+00:00
014620,00132318,2015,FY,2015-12-31,11011,OFS,ERROR,0,RATE_LIMIT: 사용한도를 초과하였습니다.,2026-09-01T02:03:33.921574+00:00
014680,00140955,2015,FY,2015-12-31,11011,OFS,ERROR,0,RATE_LIMIT: 사용한도를 초과하였습니다.,2026-09-01T02:03:34.037599+00:00
014710,00124780,2015,FY,2015-12-31,11011,OFS,ERROR,0,RATE_LIMIT: 사용한도를 초과하였습니다.,2026-09-01T02:03:34.140370+00:00
014790,00161116,2015,FY,2015-12-31,11011,OFS,ERROR,0,RATE_LIMIT: 사용한도를 초과하였습니다.,2026-09-01T02:03:34.212820+00:00
014820,00132637,2015,FY,2015-12-31,11011,OFS,ERROR,0,RATE_LIMIT: 사용한도를 초과하였습니다.,2026-09-01T02:03:34.218753+00:00
014830,00159786,2015,FY,2015-12-31,11011,OFS,ERROR,0,RATE_LIMIT: 사용한도를 초과하였습니다.,2026-09-01T02:03:34.255045+00:00
014910,00132628,2015,FY,2015-12-31,11011,OFS,ERROR,0,RATE_LIMIT: 사용한도를 초과하였습니다.,2026-09-01T02:03:34.497944+00:00
014940,00141608,2015,FY,2015-12-31,11011,OFS,ERROR,0,RATE_LIMIT: 사용한도를 초과하였습니다.,2026-09-01T02:03:34.602094+00:00
014970,00125488,2015,FY,2015-12-31,11011,OFS,ERROR,0,RATE_LIMIT: 사용한도를 초과하였습니다.,2026-09-01T02:03:34.729305+00:00
014990,00106881,2015,FY,2015-12-31,11011,OFS,ERROR,0,RATE_LIMIT: 사용한도를 초과하였습니다.,2026-09-01T02:03:34.780320+00:00
015020,00134565,2015,FY,2015-12-31,11011,OFS,ERROR,0,RATE_LIMIT: 사용한도를 초과하였습니다.,2026-09-01T02:03:34.792293+00:00
015230,00112679,2015,FY,2015-12-31,11011,OFS,ERROR,0,RATE_LIMIT: 사용한도를 초과하였습니다.,2026-09-01T02:03:34.890330+00:00
015260,00143314,2015,FY,2015-12-31,11011,OFS,ERROR,0,RATE_LIMIT: 사용한도를 초과하였습니다.,2026-09-01T02:03:35.064151+00:00
015350,00123967,2015,FY,2015-12-31,11011,OFS,ERROR,0,RATE_LIMIT: 사용한도를 초과하였습니다.,2026-09-01T02:03:35.165644+00:00
015360,00105101,2015,FY,2015-12-31,11011,OFS,ERROR,0,RATE_LIMIT: 사용한도를 초과하였습니다.,2026-09-01T02:03:35.295872+00:00
015540,00108065,2015,FY,2015-12-31,11011,OFS,ERROR,0,RATE_LIMIT: 사용한도를 초과하였습니다.,2026-09-01T02:03:35.355661+00:00
015590,00108746,2015,FY,2015-12-31,11011,OFS,ERROR,0,RATE_LIMIT: 사용한도를 초과하였습니다.,2026-09-01T02:03:35.373765+00:00
015710,00187725,2015,FY,2015-12-31,11011,OFS,ERROR,0,RATE_LIMIT: 사용한도를 초과하였습니다.,2026-09-01T02:03:35.460207+00:00
015750,00132992,2015,FY,2015-12-31,11011,OFS,ERROR,0,RATE_LIMIT: 사용한도를 초과하였습니다.,2026-09-01T02:03:35.625415+00:00
015760,00159193,2015,FY,2015-12-31,11011,OFS,ERROR,0,RATE_LIMIT: 사용한도를 초과하였습니다.,2026-09-01T02:03:35.738013+00:00
015860,00146649,2015,FY,2015-12-31,11011,OFS,ERROR,0,RATE_LIMIT: 사용한도를 초과하였습니다.,2026-09-01T02:03:35.883883+00:00
016090,00113614,2015,FY,2015-12-31,11011,OFS,ERROR,0,RATE_LIMIT: 사용한도를 초과하였습니다.,2026-09-01T02:03:35.948080+00:00
015890,00153339,2015,FY,2015-12-31,11011,OFS,ERROR,0,RATE_LIMIT: 사용한도를 초과하였습니다.,2026-09-01T02:03:36.001191+00:00
016100,00180263,2015,FY,2015-12-31,11011,OFS,ERROR,0,RATE_LIMIT: 사용한도를 초과하였습니다.,2026-09-01T02:03:36.028563+00:00
016170,00130949,2015,FY,2015-12-31,11011,OFS,ERROR,0,RATE_LIMIT: 사용한도를 초과하였습니다.,2026-09-01T02:03:36.203870+00:00
016250,00141246,2015,FY,2015-12-31,11011,OFS,ERROR,0,RATE_LIMIT: 사용한도를 초과하였습니다.,2026-09-01T02:03:36.309613+00:00
016360,00104856,2015,FY,2015-12-31,11011,OFS,ERROR,0,RATE_LIMIT: 사용한도를 초과하였습니다.,2026-09-01T02:03:36.472795+00:00
016380,00115676,2015,FY,2015-12-31,11011,OFS,ERROR,0,RATE_LIMIT: 사용한도를 초과하였습니다.,2026-09-01T02:03:36.516452+00:00
016420,00116860,2015,FY,2015-12-31,11011,OFS,ERROR,0,RATE_LIMIT: 사용한도를 초과하였습니다.,2026-09-01T02:03:36.592168+00:00
016450,00161976,2015,FY,2015-12-31,11011,OFS,ERROR,0,RATE_LIMIT: 사용한도를 초과하였습니다.,2026-09-01T02:03:36.602463+00:00
016580,00166573,2015,FY,2015-12-31,11011,OFS,ERROR,0,RATE_LIMIT: 사용한도를 초과하였습니다.,2026-09-01T02:03:36.776120+00:00
016590,00135777,2015,FY,2015-12-31,11011,OFS,ERROR,0,RATE_LIMIT: 사용한도를 초과하였습니다.,2026-09-01T02:03:36.881377+00:00
016600,00267942,2015,FY,2015-12-31,11011,OFS,ERROR,0,RATE_LIMIT: 사용한도를 초과하였습니다.,2026-09-01T02:03:37.047530+00:00
016610,00115694,2015,FY,2015-12-31,11011,OFS,ERROR,0,RATE_LIMIT: 사용한도를 초과하였습니다.,2026-09-01T02:03:37.089112+00:00
016670,00125725,2015,FY,2015-12-31,11011,OFS,ERROR,0,RATE_LIMIT: 사용한도를 초과하였습니다.,2026-09-01T02:03:37.166807+00:00
016710,00108940,2015,FY,2015-12-31,11011,OFS,ERROR,0,RATE_LIMIT: 사용한도를 초과하였습니다.,2026-09-01T02:03:37.185739+00:00
016740,00119672,2015,FY,2015-12-31,11011,OFS,ERROR,0,RATE_LIMIT: 사용한도를 초과하였습니다.,2026-09-01T02:03:37.359920+00:00
016800,00161709,2015,FY,2015-12-31,11011,OFS,ERROR,0,RATE_LIMIT: 사용한도를 초과하였습니다.,2026-09-01T02:03:37.454809+00:00
016880,00143651,2015,FY,2015-12-31,11011,OFS,ERROR,0,RATE_LIMIT: 사용한도를 초과하였습니다.,2026-09-01T02:03:37.611401+00:00
016920,00152260,2015,FY,2015-12-31,11011,OFS,ERROR,0,RATE_LIMIT: 사용한도를 초과하였습니다.,2026-09-01T02:03:37.676075+00:00
017000,00136925,2015,FY,2015-12-31,11011,OFS,ERROR,0,RATE_LIMIT: 사용한도를 초과하였습니다.,2026-09-01T02:03:37.734635+00:00
017040,00103662,2015,FY,2015-12-31,11011,OFS,ERROR,0,RATE_LIMIT: 사용한도를 초과하였습니다.,2026-09-01T02:03:37.747661+00:00
017180,00121039,2015,FY,2015-12-31,11011,OFS,ERROR,0,RATE_LIMIT: 사용한도를 초과하였습니다.,2026-09-01T02:03:37.925893+00:00
017250,00145914,2015,FY,2015-12-31,11011,OFS,ERROR,0,RATE_LIMIT: 사용한도를 초과하였습니다.,2026-09-01T02:03:38.023050+00:00
017370,00142883,2015,FY,2015-12-31,11011,OFS,ERROR,0,RATE_LIMIT: 사용한도를 초과하였습니다.,2026-09-01T02:03:38.201864+00:00
017390,00130684,2015,FY,2015-12-31,11011,OFS,ERROR,0,RATE_LIMIT: 사용한도를 초과하였습니다.,2026-09-01T02:03:38.237204+00:00
017480,00128926,2015,FY,2015-12-31,11011,OFS,ERROR,0,RATE_LIMIT: 사용한도를 초과하였습니다.,2026-09-01T02:03:38.300685+00:00
017510,00133751,2015,FY,2015-12-31,11011,OFS,ERROR,0,RATE_LIMIT: 사용한도를 초과하였습니다.,2026-09-01T02:03:38.344225+00:00
017550,00135111,2015,FY,2015-12-31,11011,OFS,ERROR,0,RATE_LIMIT: 사용한도를 초과하였습니다.,2026-09-01T02:03:38.492731+00:00
017650,00109781,2015,FY,2015-12-31,11011,OFS,ERROR,0,RATE_LIMIT: 사용한도를 초과하였습니다.,2026-09-01T02:03:38.590157+00:00
017670,00159023,2015,FY,2015-12-31,11011,OFS,ERROR,0,RATE_LIMIT: 사용한도를 초과하였습니다.,2026-09-01T02:03:38.773211+00:00
017680,00112819,2015,FY,2015-12-31,11011,OFS,ERROR,0,RATE_LIMIT: 사용한도를 초과하였습니다.,2026-09-01T02:03:38.808068+00:00
017800,00164724,2015,FY,2015-12-31,11011,OFS,ERROR,0,RATE_LIMIT: 사용한도를 초과하였습니다.,2026-09-01T02:03:38.871299+00:00
017810,00155355,2015,FY,2015-12-31,11011,OFS,ERROR,0,RATE_LIMIT: 사용한도를 초과하였습니다.,2026-09-01T02:03:38.921013+00:00
017890,00158565,2015,FY,2015-12-31,11011,OFS,ERROR,0,RATE_LIMIT: 사용한도를 초과하였습니다.,2026-09-01T02:03:39.060801+00:00
017900,00152729,2015,FY,2015-12-31,11011,OFS,ERROR,0,RATE_LIMIT: 사용한도를 초과하였습니다.,2026-09-01T02:03:39.155617+00:00
017940,00165583,2015,FY,2015-12-31,11011,OFS,ERROR,0,RATE_LIMIT: 사용한도를 초과하였습니다.,2026-09-01T02:03:39.358603+00:00
017960,00159795,2015,FY,2015-12-31,11011,OFS,ERROR,0,RATE_LIMIT: 사용한도를 초과하였습니다.,2026-09-01T02:03:39.400821+00:00
018000,00144243,2015,FY,2015-12-31,11011,OFS,ERROR,0,RATE_LIMIT: 사용한도를 초과하였습니다.,2026-09-01T02:03:39.438452+00:00
018120,00170877,2015,FY,2015-12-31,11011,OFS,ERROR,0,RATE_LIMIT: 사용한도를 초과하였습니다.,2026-09-01T02:03:39.477548+00:00
018260,00126186,2015,FY,2015-12-31,11011,OFS,ERROR,0,RATE_LIMIT: 사용한도를 초과하였습니다.,2026-09-01T02:03:39.628309+00:00
018290,00150165,2015,FY,2015-12-31,11011,OFS,ERROR,0,RATE_LIMIT: 사용한도를 초과하였습니다.,2026-09-01T02:03:39.722218+00:00
018310,00125646,2015,FY,2015-12-31,11011,OFS,ERROR,0,RATE_LIMIT: 사용한도를 초과하였습니다.,2026-09-01T02:03:39.943196+00:00
018470,00149239,2015,FY,2015-12-31,11011,OFS,ERROR,0,RATE_LIMIT: 사용한도를 초과하였습니다.,2026-09-01T02:03:39.966828+00:00
018500,00118008,2015,FY,2015-12-31,11011,OFS,ERROR,0,RATE_LIMIT: 사용한도를 초과하였습니다.,2026-09-01T02:03:40.009103+00:00
018620,00103547,2015,FY,2015-12-31,11011,OFS,ERROR,0,RATE_LIMIT: 사용한도를 초과하였습니다.,2026-09-01T02:03:40.134513+00:00
018670,00144164,2015,FY,2015-12-31,11011,OFS,ERROR,0,RATE_LIMIT: 사용한도를 초과하였습니다.,2026-09-01T02:03:40.211384+00:00
018680,00131018,2015,FY,2015-12-31,11011,OFS,ERROR,0,RATE_LIMIT: 사용한도를 초과하였습니다.,2026-09-01T02:03:40.285470+00:00
018700,00122205,2015,FY,2015-12-31,11011,OFS,ERROR,0,RATE_LIMIT: 사용한도를 초과하였습니다.,2026-09-01T02:03:40.516632+00:00
018880,00161125,2015,FY,2015-12-31,11011,OFS,ERROR,0,RATE_LIMIT: 사용한도를 초과하였습니다.,2026-09-01T02:03:40.544286+00:00
019010,00267906,2015,FY,2015-12-31,11011,OFS,ERROR,0,RATE_LIMIT: 사용한도를 초과하였습니다.,2026-09-01T02:03:40.637486+00:00
019170,00137359,2015,FY,2015-12-31,11011,OFS,ERROR,0,RATE_LIMIT: 사용한도를 초과하였습니다.,2026-09-01T02:03:40.701686+00:00
019180,00118965,2015,FY,2015-12-31,11011,OFS,ERROR,0,RATE_LIMIT: 사용한도를 초과하였습니다.,2026-09-01T02:03:40.786161+00:00
019210,00139719,2015,FY,2015-12-31,11011,OFS,ERROR,0,RATE_LIMIT: 사용한도를 초과하였습니다.,2026-09-01T02:03:40.856185+00:00
019300,00118460,2015,FY,2015-12-31,11011,OFS,ERROR,0,RATE_LIMIT: 사용한도를 초과하였습니다.,2026-09-01T02:03:41.100114+00:00
019440,00133991,2015,FY,2015-12-31,11011,OFS,ERROR,0,RATE_LIMIT: 사용한도를 초과하였습니다.,2026-09-01T02:03:41.125368+00:00
019490,00156150,2015,FY,2015-12-31,11011,OFS,ERROR,0,RATE_LIMIT: 사용한도를 초과하였습니다.,2026-09-01T02:03:41.198407+00:00
019540,00146560,2015,FY,2015-12-31,11011,OFS,ERROR,0,RATE_LIMIT: 사용한도를 초과하였습니다.,2026-09-01T02:03:41.267254+00:00
019570,00110750,2015,FY,2015-12-31,11011,OFS,ERROR,0,RATE_LIMIT: 사용한도를 초과하였습니다.,2026-09-01T02:03:41.511830+00:00
019590,00136642,2015,FY,2015-12-31,11011,OFS,ERROR,0,RATE_LIMIT: 사용한도를 초과하였습니다.,2026-09-01T02:03:41.679269+00:00
019660,00159731,2015,FY,2015-12-31,11011,OFS,ERROR,0,RATE_LIMIT: 사용한도를 초과하였습니다.,2026-09-01T02:03:41.696054+00:00
019680,00108913,2015,FY,2015-12-31,11011,OFS,ERROR,0,RATE_LIMIT: 사용한도를 초과하였습니다.,2026-09-01T02:03:41.756212+00:00
019550,00156910,2015,FY,2015-12-31,11011,OFS,ERROR,0,RATE_LIMIT: 사용한도를 초과하였습니다.,2026-09-01T02:03:41.770748+00:00
019770,00153278,2015,FY,2015-12-31,11011,OFS,ERROR,0,RATE_LIMIT: 사용한도를 초과하였습니다.,2026-09-01T02:03:41.844053+00:00
019990,00169215,2015,FY,2015-12-31,11011,OFS,ERROR,0,RATE_LIMIT: 사용한도를 초과하였습니다.,2026-09-01T02:03:42.085598+00:00
020000,00188089,2015,FY,2015-12-31,11011,OFS,ERROR,0,RATE_LIMIT: 사용한도를 초과하였습니다.,2026-09-01T02:03:42.259413+00:00
020120,00140131,2015,FY,2015-12-31,11011,OFS,ERROR,0,RATE_LIMIT: 사용한도를 초과하였습니다.,2026-09-01T02:03:42.273478+00:00
020150,00113997,2015,FY,2015-12-31,11011,OFS,ERROR,0,RATE_LIMIT: 사용한도를 초과하였습니다.,2026-09-01T02:03:42.325697+00:00
020180,00110875,2015,FY,2015-12-31,11011,OFS,ERROR,0,RATE_LIMIT: 사용한도를 초과하였습니다.,2026-09-01T02:03:42.350268+00:00
020400,00191287,2015,FY,2015-12-31,11011,OFS,ERROR,0,RATE_LIMIT: 사용한도를 초과하였습니다.,2026-09-01T02:03:42.412650+00:00
020560,00138792,2015,FY,2015-12-31,11011,OFS,ERROR,0,RATE_LIMIT: 사용한도를 초과하였습니다.,2026-09-01T02:03:42.675314+00:00
020710,00170026,2015,FY,2015-12-31,11011,OFS,ERROR,0,RATE_LIMIT: 사용한도를 초과하였습니다.,2026-09-01T02:03:42.831445+00:00
020760,00198697,2015,FY,2015-12-31,11011,OFS,ERROR,0,RATE_LIMIT: 사용한도를 초과하였습니다.,2026-09-01T02:03:42.857658+00:00
021040,00166175,2015,FY,2015-12-31,11011,OFS,ERROR,0,RATE_LIMIT: 사용한도를 초과하였습니다.,2026-09-01T02:03:42.900750+00:00
021050,00131197,2015,FY,2015-12-31,11011,OFS,ERROR,0,RATE_LIMIT: 사용한도를 초과하였습니다.,2026-09-01T02:03:42.916812+00:00
021080,00161462,2015,FY,2015-12-31,11011,OFS,ERROR,0,RATE_LIMIT: 사용한도를 초과하였습니다.,2026-09-01T02:03:42.977333+00:00
021240,00170558,2015,FY,2015-12-31,11011,OFS,ERROR,0,RATE_LIMIT: 사용한도를 초과하였습니다.,2026-09-01T02:03:43.258609+00:00
021320,00105466,2015,FY,2015-12-31,11011,OFS,ERROR,0,RATE_LIMIT: 사용한도를 초과하였습니다.,2026-09-01T02:03:43.398261+00:00
021650,00160010,2015,FY,2015-12-31,11011,OFS,ERROR,0,RATE_LIMIT: 사용한도를 초과하였습니다.,2026-09-01T02:03:43.420878+00:00
021820,00134316,2015,FY,2015-12-31,11011,OFS,ERROR,0,RATE_LIMIT: 사용한도를 초과하였습니다.,2026-09-01T02:03:43.466654+00:00
021880,00136101,2015,FY,2015-12-31,11011,OFS,ERROR,0,RATE_LIMIT: 사용한도를 초과하였습니다.,2026-09-01T02:03:43.490490+00:00
021960,00161408,2015,FY,2015-12-31,11011,OFS,ERROR,0,RATE_LIMIT: 사용한도를 초과하였습니다.,2026-09-01T02:03:43.552688+00:00
022100,00155212,2015,FY,2015-12-31,11011,OFS,ERROR,0,RATE_LIMIT: 사용한도를 초과하였습니다.,2026-09-01T02:03:43.832405+00:00
022220,00140061,2015,FY,2015-12-31,11011,OFS,ERROR,0,RATE_LIMIT: 사용한도를 초과하였습니다.,2026-09-01T02:03:43.963955+00:00
023000,00191588,2015,FY,2015-12-31,11011,OFS,ERROR,0,RATE_LIMIT: 사용한도를 초과하였습니다.,2026-09-01T02:03:44.003566+00:00
023150,00121534,2015,FY,2015-12-31,11011,OFS,ERROR,0,RATE_LIMIT: 사용한도를 초과하였습니다.,2026-09-01T02:03:44.028265+00:00
023160,00153375,2015,FY,2015-12-31,11011,OFS,ERROR,0,RATE_LIMIT: 사용한도를 초과하였습니다.,2026-09-01T02:03:44.059213+00:00
023350,00159500,2015,FY,2015-12-31,11011,OFS,ERROR,0,RATE_LIMIT: 사용한도를 초과하였습니다.,2026-09-01T02:03:44.123395+00:00
023410,00184667,2015,FY,2015-12-31,11011,OFS,ERROR,0,RATE_LIMIT: 사용한도를 초과하였습니다.,2026-09-01T02:03:44.393410+00:00
023430,00100717,2015,FY,2015-12-31,11011,OFS,ERROR,0,RATE_LIMIT: 사용한도를 초과하였습니다.,2026-09-01T02:03:44.532379+00:00
023440,00148531,2015,FY,2015-12-31,11011,OFS,ERROR,0,RATE_LIMIT: 사용한도를 초과하였습니다.,2026-09-01T02:03:44.571445+00:00
023450,00115065,2015,FY,2015-12-31,11011,OFS,ERROR,0,RATE_LIMIT: 사용한도를 초과하였습니다.,2026-09-01T02:03:44.607619+00:00
023530,00120526,2015,FY,2015-12-31,11011,OFS,ERROR,0,RATE_LIMIT: 사용한도를 초과하였습니다.,2026-09-01T02:03:44.707142+00:00
023590,00176914,2015,FY,2015-12-31,11011,OFS,ERROR,0,RATE_LIMIT: 사용한도를 초과하였습니다.,2026-09-01T02:03:44.962382+00:00
023600,00125938,2015,FY,2015-12-31,11011,OFS,ERROR,0,RATE_LIMIT: 사용한도를 초과하였습니다.,2026-09-01T02:03:45.102449+00:00
023760,00149594,2015,FY,2015-12-31,11011,OFS,ERROR,0,RATE_LIMIT: 사용한도를 초과하였습니다.,2026-09-01T02:03:45.133455+00:00
023790,00172945,2015,FY,2015-12-31,11011,OFS,ERROR,0,RATE_LIMIT: 사용한도를 초과하였습니다.,2026-09-01T02:03:45.277526+00:00
023770,00138367,2015,FY,2015-12-31,11011,OFS,ERROR,0,RATE_LIMIT: 사용한도를 초과하였습니다.,2026-09-01T02:03:45.309395+00:00
023800,00103510,2015,FY,2015-12-31,11011,OFS,ERROR,0,RATE_LIMIT: 사용한도를 초과하였습니다.,2026-09-01T02:03:45.550110+00:00
023810,00180795,2015,FY,2015-12-31,11011,OFS,ERROR,0,RATE_LIMIT: 사용한도를 초과하였습니다.,2026-09-01T02:03:45.659530+00:00
023890,00159290,2015,FY,2015-12-31,11011,OFS,ERROR,0,RATE_LIMIT: 사용한도를 초과하였습니다.,2026-09-01T02:03:45.706301+00:00
023460,00149266,2015,FY,2015-12-31,11011,OFS,ERROR,0,RATE_LIMIT: 사용한도를 초과하였습니다.,2026-09-01T02:03:45.798995+00:00
023900,00155452,2015,FY,2015-12-31,11011,OFS,ERROR,0,RATE_LIMIT: 사용한도를 초과하였습니다.,2026-09-01T02:03:45.852337+00:00
023910,00113128,2015,FY,2015-12-31,11011,OFS,ERROR,0,RATE_LIMIT: 사용한도를 초과하였습니다.,2026-09-01T02:03:45.889374+00:00
023960,00121969,2015,FY,2015-12-31,11011,OFS,ERROR,0,RATE_LIMIT: 사용한도를 초과하였습니다.,2026-09-01T02:03:46.118626+00:00
024060,00167004,2015,FY,2015-12-31,11011,OFS,ERROR,0,RATE_LIMIT: 사용한도를 초과하였습니다.,2026-09-01T02:03:46.232759+00:00
024070,00142865,2015,FY,2015-12-31,11011,OFS,ERROR,0,RATE_LIMIT: 사용한도를 초과하였습니다.,2026-09-01T02:03:46.308538+00:00
024090,00177199,2015,FY,2015-12-31,11011,OFS,ERROR,0,RATE_LIMIT: 사용한도를 초과하였습니다.,2026-09-01T02:03:46.366058+00:00
024110,00149646,2015,FY,2015-12-31,11011,OFS,ERROR,0,RATE_LIMIT: 사용한도를 초과하였습니다.,2026-09-01T02:03:46.429269+00:00
024120,00157539,2015,FY,2015-12-31,11011,OFS,ERROR,0,RATE_LIMIT: 사용한도를 초과하였습니다.,2026-09-01T02:03:46.457965+00:00
024660,00156044,2015,FY,2015-12-31,11011,OFS,ERROR,0,RATE_LIMIT: 사용한도를 초과하였습니다.,2026-09-01T02:03:46.681597+00:00
024720,00203290,2015,FY,2015-12-31,11011,OFS,ERROR,0,RATE_LIMIT: 사용한도를 초과하였습니다.,2026-09-01T02:03:46.810561+00:00
024740,00162832,2015,FY,2015-12-31,11011,OFS,ERROR,0,RATE_LIMIT: 사용한도를 초과하였습니다.,2026-09-01T02:03:46.881380+00:00
024800,00173999,2015,FY,2015-12-31,11011,OFS,ERROR,0,RATE_LIMIT: 사용한도를 초과하였습니다.,2026-09-01T02:03:46.928494+00:00
024830,00173591,2015,FY,2015-12-31,11011,OFS,ERROR,0,RATE_LIMIT: 사용한도를 초과하였습니다.,2026-09-01T02:03:47.036690+00:00
024810,00145738,2015,FY,2015-12-31,11011,OFS,ERROR,0,RATE_LIMIT: 사용한도를 초과하였습니다.,2026-09-01T02:03:47.330861+00:00
024850,00155586,2015,FY,2015-12-31,11011,OFS,ERROR,0,RATE_LIMIT: 사용한도를 초과하였습니다.,2026-09-01T02:03:47.404049+00:00
024880,00157636,2015,FY,2015-12-31,11011,OFS,ERROR,0,RATE_LIMIT: 사용한도를 초과하였습니다.,2026-09-01T02:03:47.455628+00:00
024890,00112022,2015,FY,2015-12-31,11011,OFS,ERROR,0,RATE_LIMIT: 사용한도를 초과하였습니다.,2026-09-01T02:03:47.488050+00:00
024840,00158024,2015,FY,2015-12-31,11011,OFS,ERROR,0,RATE_LIMIT: 사용한도를 초과하였습니다.,2026-09-01T02:03:47.524349+00:00
024900,00114154,2015,FY,2015-12-31,11011,OFS,ERROR,0,RATE_LIMIT: 사용한도를 초과하였습니다.,2026-09-01T02:03:47.621209+00:00
024910,00102353,2015,FY,2015-12-31,11011,OFS,ERROR,0,RATE_LIMIT: 사용한도를 초과하였습니다.,2026-09-01T02:03:47.899655+00:00
024950,00128607,2015,FY,2015-12-31,11011,OFS,ERROR,0,RATE_LIMIT: 사용한도를 초과하였습니다.,2026-09-01T02:03:48.030796+00:00
025000,00191472,2015,FY,2015-12-31,11011,OFS,ERROR,0,RATE_LIMIT: 사용한도를 초과하였습니다.,2026-09-01T02:03:48.049748+00:00
025270,00124018,2015,FY,2015-12-31,11011,OFS,ERROR,0,RATE_LIMIT: 사용한도를 초과하였습니다.,2026-09-01T02:03:48.115449+00:00
025320,00203023,2015,FY,2015-12-31,11011,OFS,ERROR,0,RATE_LIMIT: 사용한도를 초과하였습니다.,2026-09-01T02:03:48.191517+00:00
025440,00110583,2015,FY,2015-12-31,11011,OFS,ERROR,0,RATE_LIMIT: 사용한도를 초과하였습니다.,2026-09-01T02:03:48.498375+00:00
025530,00181943,2015,FY,2015-12-31,11011,OFS,ERROR,0,RATE_LIMIT: 사용한도를 초과하였습니다.,2026-09-01T02:03:48.602052+00:00
025540,00157070,2015,FY,2015-12-31,11011,OFS,ERROR,0,RATE_LIMIT: 사용한도를 초과하였습니다.,2026-09-01T02:03:48.613792+00:00
025550,00158015,2015,FY,2015-12-31,11011,OFS,ERROR,0,RATE_LIMIT: 사용한도를 초과하였습니다.,2026-09-01T02:03:48.671002+00:00
024940,00133557,2015,FY,2015-12-31,11011,OFS,ERROR,0,RATE_LIMIT: 사용한도를 초과하였습니다.,2026-09-01T02:03:48.675752+00:00
025560,00197759,2015,FY,2015-12-31,11011,OFS,ERROR,0,RATE_LIMIT: 사용한도를 초과하였습니다.,2026-09-01T02:03:48.767323+00:00
025620,00136776,2015,FY,2015-12-31,11011,OFS,ERROR,0,RATE_LIMIT: 사용한도를 초과하였습니다.,2026-09-01T02:03:49.065770+00:00
025750,00203582,2015,FY,2015-12-31,11011,OFS,ERROR,0,RATE_LIMIT: 사용한도를 초과하였습니다.,2026-09-01T02:03:49.170759+00:00
025770,00159342,2015,FY,2015-12-31,11011,OFS,ERROR,0,RATE_LIMIT: 사용한도를 초과하였습니다.,2026-09-01T02:03:49.189737+00:00
025820,00145464,2015,FY,2015-12-31,11011,OFS,ERROR,0,RATE_LIMIT: 사용한도를 초과하였습니다.,2026-09-01T02:03:49.247811+00:00
025850,00160612,2015,FY,2015-12-31,11011,OFS,ERROR,0,RATE_LIMIT: 사용한도를 초과하였습니다.,2026-09-01T02:03:49.261596+00:00
025860,00107987,2015,FY,2015-12-31,11011,OFS,ERROR,0,RATE_LIMIT: 사용한도를 초과하였습니다.,2026-09-01T02:03:49.329560+00:00
025870,00136004,2015,FY,2015-12-31,11011,OFS,ERROR,0,RATE_LIMIT: 사용한도를 초과하였습니다.,2026-09-01T02:03:49.648750+00:00
025880,00101752,2015,FY,2015-12-31,11011,OFS,ERROR,0,RATE_LIMIT: 사용한도를 초과하였습니다.,2026-09-01T02:03:49.742330+00:00
025890,00159564,2015,FY,2015-12-31,11011,OFS,ERROR,0,RATE_LIMIT: 사용한도를 초과하였습니다.,2026-09-01T02:03:49.778597+00:00
025900,00173032,2015,FY,2015-12-31,11011,OFS,ERROR,0,RATE_LIMIT: 사용한도를 초과하였습니다.,2026-09-01T02:03:49.824262+00:00
025950,00116408,2015,FY,2015-12-31,11011,OFS,ERROR,0,RATE_LIMIT: 사용한도를 초과하였습니다.,2026-09-01T02:03:49.827046+00:00
026040,00120289,2015,FY,2015-12-31,11011,OFS,ERROR,0,RATE_LIMIT: 사용한도를 초과하였습니다.,2026-09-01T02:03:50.209389+00:00
025980,00161781,2015,FY,2015-12-31,11011,OFS,ERROR,0,RATE_LIMIT: 사용한도를 초과하였습니다.,2026-09-01T02:03:50.317161+00:00
026180,00200956,2015,FY,2015-12-31,11011,OFS,ERROR,0,RATE_LIMIT: 사용한도를 초과하였습니다.,2026-09-01T02:03:50.343368+00:00
026260,00207223,2015,FY,2015-12-31,11011,OFS,ERROR,0,RATE_LIMIT: 사용한도를 초과하였습니다.,2026-09-01T02:03:50.395189+00:00
026890,00117498,2015,FY,2015-12-31,11011,OFS,ERROR,0,RATE_LIMIT: 사용한도를 초과하였습니다.,2026-09-01T02:03:50.403690+00:00
026150,00186939,2015,FY,2015-12-31,11011,OFS,ERROR,0,RATE_LIMIT: 사용한도를 초과하였습니다.,2026-09-01T02:03:50.475650+00:00
026910,00104120,2015,FY,2015-12-31,11011,OFS,ERROR,0,RATE_LIMIT: 사용한도를 초과하였습니다.,2026-09-01T02:03:50.776353+00:00
026940,00123781,2015,FY,2015-12-31,11011,OFS,ERROR,0,RATE_LIMIT: 사용한도를 초과하였습니다.,2026-09-01T02:03:50.899648+00:00
026960,00144395,2015,FY,2015-12-31,11011,OFS,ERROR,0,RATE_LIMIT: 사용한도를 초과하였습니다.,2026-09-01T02:03:50.914052+00:00
027050,00152589,2015,FY,2015-12-31,11011,OFS,ERROR,0,RATE_LIMIT: 사용한도를 초과하였습니다.,2026-09-01T02:03:50.977477+00:00
027040,00130587,2015,FY,2015-12-31,11011,OFS,ERROR,0,RATE_LIMIT: 사용한도를 초과하였습니다.,2026-09-01T02:03:50.986793+00:00
027390,00117258,2015,FY,2015-12-31,11011,OFS,ERROR,0,RATE_LIMIT: 사용한도를 초과하였습니다.,2026-09-01T02:03:51.065723+00:00
027410,00219097,2015,FY,2015-12-31,11011,OFS,ERROR,0,RATE_LIMIT: 사용한도를 초과하였습니다.,2026-09-01T02:03:51.345387+00:00
027580,00129615,2015,FY,2015-12-31,11011,OFS,ERROR,0,RATE_LIMIT: 사용한도를 초과하였습니다.,2026-09-01T02:03:51.463870+00:00
027710,00192499,2015,FY,2015-12-31,11011,OFS,ERROR,0,RATE_LIMIT: 사용한도를 초과하였습니다.,2026-09-01T02:03:51.480664+00:00
027740,00204208,2015,FY,2015-12-31,11011,OFS,ERROR,0,RATE_LIMIT: 사용한도를 초과하였습니다.,2026-09-01T02:03:51.555277+00:00
027830,00109037,2015,FY,2015-12-31,11011,OFS,ERROR,0,RATE_LIMIT: 사용한도를 초과하였습니다.,2026-09-01T02:03:51.560093+00:00
027970,00133706,2015,FY,2015-12-31,11011,OFS,ERROR,0,RATE_LIMIT: 사용한도를 초과하였습니다.,2026-09-01T02:03:51.631260+00:00
028040,00111865,2015,FY,2015-12-31,11011,OFS,ERROR,0,RATE_LIMIT: 사용한도를 초과하였습니다.,2026-09-01T02:03:51.943215+00:00
028080,00219440,2015,FY,2015-12-31,11011,OFS,ERROR,0,RATE_LIMIT: 사용한도를 초과하였습니다.,2026-09-01T02:03:52.057681+00:00
028050,00126308,2015,FY,2015-12-31,11011,OFS,ERROR,0,RATE_LIMIT: 사용한도를 초과하였습니다.,2026-09-01T02:03:52.145739+00:00
028150,00207755,2015,FY,2015-12-31,11011,OFS,ERROR,0,RATE_LIMIT: 사용한도를 초과하였습니다.,2026-09-01T02:03:52.146991+00:00
028100,00178754,2015,FY,2015-12-31,11011,OFS,ERROR,0,RATE_LIMIT: 사용한도를 초과하였습니다.,2026-09-01T02:03:52.152045+00:00
028260,00149655,2015,FY,2015-12-31,11011,OFS,ERROR,0,RATE_LIMIT: 사용한도를 초과하였습니다.,2026-09-01T02:03:52.209354+00:00
028300,00199252,2015,FY,2015-12-31,11011,OFS,ERROR,0,RATE_LIMIT: 사용한도를 초과하였습니다.,2026-09-01T02:03:52.528550+00:00
028670,00122737,2015,FY,2015-12-31,11011,OFS,ERROR,0,RATE_LIMIT: 사용한도를 초과하였습니다.,2026-09-01T02:03:52.639477+00:00
029480,00186452,2015,FY,2015-12-31,11011,OFS,ERROR,0,RATE_LIMIT: 사용한도를 초과하였습니다.,2026-09-01T02:03:52.728505+00:00
029460,00209780,2015,FY,2015-12-31,11011,OFS,ERROR,0,RATE_LIMIT: 사용한도를 초과하였습니다.,2026-09-01T02:03:52.744161+00:00
029530,00135795,2015,FY,2015-12-31,11011,OFS,ERROR,0,RATE_LIMIT: 사용한도를 초과하였습니다.,2026-09-01T02:03:52.763780+00:00
029780,00126292,2015,FY,2015-12-31,11011,OFS,ERROR,0,RATE_LIMIT: 사용한도를 초과하였습니다.,2026-09-01T02:03:52.774516+00:00
029960,00197476,2015,FY,2015-12-31,11011,OFS,ERROR,0,RATE_LIMIT: 사용한도를 초과하였습니다.,2026-09-01T02:03:53.098185+00:00
030000,00148276,2015,FY,2015-12-31,11011,OFS,ERROR,0,RATE_LIMIT: 사용한도를 초과하였습니다.,2026-09-01T02:03:53.203549+00:00
030190,00158325,2015,FY,2015-12-31,11011,OFS,ERROR,0,RATE_LIMIT: 사용한도를 초과하였습니다.,2026-09-01T02:03:53.285447+00:00
030200,00190321,2015,FY,2015-12-31,11011,OFS,ERROR,0,RATE_LIMIT: 사용한도를 초과하였습니다.,2026-09-01T02:03:53.336498+00:00
030210,00156859,2015,FY,2015-12-31,11011,OFS,ERROR,0,RATE_LIMIT: 사용한도를 초과하였습니다.,2026-09-01T02:03:53.340581+00:00
030270,00100258,2015,FY,2015-12-31,11011,OFS,ERROR,0,RATE_LIMIT: 사용한도를 초과하였습니다.,2026-09-01T02:03:53.344826+00:00
030350,00230036,2015,FY,2015-12-31,11011,OFS,ERROR,0,RATE_LIMIT: 사용한도를 초과하였습니다.,2026-09-01T02:03:53.655489+00:00
030520,00204262,2015,FY,2015-12-31,11011,OFS,ERROR,0,RATE_LIMIT: 사용한도를 초과하였습니다.,2026-09-01T02:03:53.783509+00:00
030530,00216647,2015,FY,2015-12-31,11011,OFS,ERROR,0,RATE_LIMIT: 사용한도를 초과하였습니다.,2026-09-01T02:03:53.846262+00:00
030790,00273615,2015,FY,2015-12-31,11011,OFS,ERROR,0,RATE_LIMIT: 사용한도를 초과하였습니다.,2026-09-01T02:03:53.928774+00:00
030610,00113359,2015,FY,2015-12-31,11011,OFS,ERROR,0,RATE_LIMIT: 사용한도를 초과하였습니다.,2026-09-01T02:03:53.932650+00:00
030720,00118044,2015,FY,2015-12-31,11011,OFS,ERROR,0,RATE_LIMIT: 사용한도를 초과하였습니다.,2026-09-01T02:03:53.933661+00:00
030960,00139685,2015,FY,2015-12-31,11011,OFS,ERROR,0,RATE_LIMIT: 사용한도를 초과하였습니다.,2026-09-01T02:03:54.212970+00:00
031310,00200910,2015,FY,2015-12-31,11011,OFS,ERROR,0,RATE_LIMIT: 사용한도를 초과하였습니다.,2026-09-01T02:03:54.356153+00:00
031330,00128661,2015,FY,2015-12-31,11011,OFS,ERROR,0,RATE_LIMIT: 사용한도를 초과하였습니다.,2026-09-01T02:03:54.413136+00:00
031430,00234412,2015,FY,2015-12-31,11011,OFS,ERROR,0,RATE_LIMIT: 사용한도를 초과하였습니다.,2026-09-01T02:03:54.504012+00:00
031440,00274933,2015,FY,2015-12-31,11011,OFS,ERROR,0,RATE_LIMIT: 사용한도를 초과하였습니다.,2026-09-01T02:03:54.510699+00:00
031390,00198378,2015,FY,2015-12-31,11011,OFS,ERROR,0,RATE_LIMIT: 사용한도를 초과하였습니다.,2026-09-01T02:03:54.532339+00:00
031510,00175173,2015,FY,2015-12-31,11011,OFS,ERROR,0,RATE_LIMIT: 사용한도를 초과하였습니다.,2026-09-01T02:03:54.785948+00:00
031820,00186559,2015,FY,2015-12-31,11011,OFS,ERROR,0,RATE_LIMIT: 사용한도를 초과하였습니다.,2026-09-01T02:03:54.937224+00:00
031860,00180865,2015,FY,2015-12-31,11011,OFS,ERROR,0,RATE_LIMIT: 사용한도를 초과하였습니다.,2026-09-01T02:03:54.975157+00:00
032040,00173731,2015,FY,2015-12-31,11011,OFS,ERROR,0,RATE_LIMIT: 사용한도를 초과하였습니다.,2026-09-01T02:03:55.101392+00:00
032080,00201131,2015,FY,2015-12-31,11011,OFS,ERROR,0,RATE_LIMIT: 사용한도를 초과하였습니다.,2026-09-01T02:03:55.105950+00:00
031980,00208444,2015,FY,2015-12-31,11011,OFS,ERROR,0,RATE_LIMIT: 사용한도를 초과하였습니다.,2026-09-01T02:03:55.115999+00:00
032190,00238782,2015,FY,2015-12-31,11011,OFS,ERROR,0,RATE_LIMIT: 사용한도를 초과하였습니다.,2026-09-01T02:03:55.385371+00:00
032280,00127909,2015,FY,2015-12-31,11011,OFS,ERROR,0,RATE_LIMIT: 사용한도를 초과하였습니다.,2026-09-01T02:03:55.524985+00:00
032350,00231372,2015,FY,2015-12-31,11011,OFS,ERROR,0,RATE_LIMIT: 사용한도를 초과하였습니다.,2026-09-01T02:03:55.563066+00:00
032500,00226352,2015,FY,2015-12-31,11011,OFS,ERROR,0,RATE_LIMIT: 사용한도를 초과하였습니다.,2026-09-01T02:03:55.692581+00:00
032540,00201733,2015,FY,2015-12-31,11011,OFS,ERROR,0,RATE_LIMIT: 사용한도를 초과하였습니다.,2026-09-01T02:03:55.695465+00:00
032420,00229818,2015,FY,2015-12-31,11011,OFS,ERROR,0,RATE_LIMIT: 사용한도를 초과하였습니다.,2026-09-01T02:03:55.700572+00:00
032560,00218575,2015,FY,2015-12-31,11011,OFS,ERROR,0,RATE_LIMIT: 사용한도를 초과하였습니다.,2026-09-01T02:03:55.952139+00:00
032580,00189538,2015,FY,2015-12-31,11011,OFS,ERROR,0,RATE_LIMIT: 사용한도를 초과하였습니다.,2026-09-01T02:03:56.084592+00:00
032620,00220057,2015,FY,2015-12-31,11011,OFS,ERROR,0,RATE_LIMIT: 사용한도를 초과하였습니다.,2026-09-01T02:03:56.149077+00:00
032680,00204226,2015,FY,2015-12-31,11011,OFS,ERROR,0,RATE_LIMIT: 사용한도를 초과하였습니다.,2026-09-01T02:03:56.284242+00:00
032640,00231363,2015,FY,2015-12-31,11011,OFS,ERROR,0,RATE_LIMIT: 사용한도를 초과하였습니다.,2026-09-01T02:03:56.292106+00:00
032750,00173351,2015,FY,2015-12-31,11011,OFS,ERROR,0,RATE_LIMIT: 사용한도를 초과하였습니다.,2026-09-01T02:03:56.320586+00:00
032790,00110884,2015,FY,2015-12-31,11011,OFS,ERROR,0,RATE_LIMIT: 사용한도를 초과하였습니다.,2026-09-01T02:03:56.560346+00:00
032800,00231691,2015,FY,2015-12-31,11011,OFS,ERROR,0,RATE_LIMIT: 사용한도를 초과하였습니다.,2026-09-01T02:03:56.654186+00:00
032820,00231044,2015,FY,2015-12-31,11011,OFS,ERROR,0,RATE_LIMIT: 사용한도를 초과하였습니다.,2026-09-01T02:03:56.736080+00:00
032850,00231707,2015,FY,2015-12-31,11011,OFS,ERROR,0,RATE_LIMIT: 사용한도를 초과하였습니다.,2026-09-01T02:03:56.859268+00:00
032830,00126256,2015,FY,2015-12-31,11011,OFS,ERROR,0,RATE_LIMIT: 사용한도를 초과하였습니다.,2026-09-01T02:03:56.876730+00:00
032860,00205687,2015,FY,2015-12-31,11011,OFS,ERROR,0,RATE_LIMIT: 사용한도를 초과하였습니다.,2026-09-01T02:03:56.891574+00:00
032940,00210980,2015,FY,2015-12-31,11011,OFS,ERROR,0,RATE_LIMIT: 사용한도를 초과하였습니다.,2026-09-01T02:03:57.157176+00:00
032960,00199076,2015,FY,2015-12-31,11011,OFS,ERROR,0,RATE_LIMIT: 사용한도를 초과하였습니다.,2026-09-01T02:03:57.224042+00:00
032980,00232089,2015,FY,2015-12-31,11011,OFS,ERROR,0,RATE_LIMIT: 사용한도를 초과하였습니다.,2026-09-01T02:03:57.295123+00:00
033050,00222435,2015,FY,2015-12-31,11011,OFS,ERROR,0,RATE_LIMIT: 사용한도를 초과하였습니다.,2026-09-01T02:03:57.452820+00:00
033100,00185356,2015,FY,2015-12-31,11011,OFS,ERROR,0,RATE_LIMIT: 사용한도를 초과하였습니다.,2026-09-01T02:03:57.462934+00:00
033110,00194275,2015,FY,2015-12-31,11011,OFS,ERROR,0,RATE_LIMIT: 사용한도를 초과하였습니다.,2026-09-01T02:03:57.473079+00:00
033130,00231442,2015,FY,2015-12-31,11011,OFS,ERROR,0,RATE_LIMIT: 사용한도를 초과하였습니다.,2026-09-01T02:03:57.733149+00:00
033160,00121686,2015,FY,2015-12-31,11011,OFS,ERROR,0,RATE_LIMIT: 사용한도를 초과하였습니다.,2026-09-01T02:03:57.796376+00:00
033170,00158219,2015,FY,2015-12-31,11011,OFS,ERROR,0,RATE_LIMIT: 사용한도를 초과하였습니다.,2026-09-01T02:03:57.898038+00:00
033180,00193009,2015,FY,2015-12-31,11011,OFS,ERROR,0,RATE_LIMIT: 사용한도를 초과하였습니다.,2026-09-01T02:03:58.022039+00:00
033230,00229021,2015,FY,2015-12-31,11011,OFS,ERROR,0,RATE_LIMIT: 사용한도를 초과하였습니다.,2026-09-01T02:03:58.050243+00:00
033200,00241209,2015,FY,2015-12-31,11011,OFS,ERROR,0,RATE_LIMIT: 사용한도를 초과하였습니다.,2026-09-01T02:03:58.058670+00:00
033240,00146861,2015,FY,2015-12-31,11011,OFS,ERROR,0,RATE_LIMIT: 사용한도를 초과하였습니다.,2026-09-01T02:03:58.306030+00:00
033250,00125576,2015,FY,2015-12-31,11011,OFS,ERROR,0,RATE_LIMIT: 사용한도를 초과하였습니다.,2026-09-01T02:03:58.376617+00:00
033270,00158963,2015,FY,2015-12-31,11011,OFS,ERROR,0,RATE_LIMIT: 사용한도를 초과하였습니다.,2026-09-01T02:03:58.523450+00:00
033290,00155948,2015,FY,2015-12-31,11011,OFS,ERROR,0,RATE_LIMIT: 사용한도를 초과하였습니다.,2026-09-01T02:03:58.585594+00:00
033310,00143226,2015,FY,2015-12-31,11011,OFS,ERROR,0,RATE_LIMIT: 사용한도를 초과하였습니다.,2026-09-01T02:03:58.618132+00:00
033320,00223513,2015,FY,2015-12-31,11011,OFS,ERROR,0,RATE_LIMIT: 사용한도를 초과하였습니다.,2026-09-01T02:03:58.630498+00:00
033340,00205003,2015,FY,2015-12-31,11011,OFS,ERROR,0,RATE_LIMIT: 사용한도를 초과하였습니다.,2026-09-01T02:03:58.866643+00:00
033430,00244419,2015,FY,2015-12-31,11011,OFS,ERROR,0,RATE_LIMIT: 사용한도를 초과하였습니다.,2026-09-01T02:03:58.940627+00:00
033500,00231105,2015,FY,2015-12-31,11011,OFS,ERROR,0,RATE_LIMIT: 사용한도를 초과하였습니다.,2026-09-01T02:03:59.093250+00:00
033530,00134510,2015,FY,2015-12-31,11011,OFS,ERROR,0,RATE_LIMIT: 사용한도를 초과하였습니다.,2026-09-01T02:03:59.156864+00:00
033560,00238001,2015,FY,2015-12-31,11011,OFS,ERROR,0,RATE_LIMIT: 사용한도를 초과하였습니다.,2026-09-01T02:03:59.211158+00:00
033540,00105138,2015,FY,2015-12-31,11011,OFS,ERROR,0,RATE_LIMIT: 사용한도를 초과하였습니다.,2026-09-01T02:03:59.253346+00:00
033600,00264787,2015,FY,2015-12-31,11011,OFS,ERROR,0,RATE_LIMIT: 사용한도를 초과하였습니다.,2026-09-01T02:03:59.426928+00:00
033630,00243988,2015,FY,2015-12-31,11011,OFS,ERROR,0,RATE_LIMIT: 사용한도를 초과하였습니다.,2026-09-01T02:03:59.510758+00:00
033640,00227333,2015,FY,2015-12-31,11011,OFS,ERROR,0,RATE_LIMIT: 사용한도를 초과하였습니다.,2026-09-01T02:03:59.665210+00:00
033660,00209443,2015,FY,2015-12-31,11011,OFS,ERROR,0,RATE_LIMIT: 사용한도를 초과하였습니다.,2026-09-01T02:03:59.736966+00:00
033780,00244455,2015,FY,2015-12-31,11011,OFS,ERROR,0,RATE_LIMIT: 사용한도를 초과하였습니다.,2026-09-01T02:03:59.789483+00:00
033790,00276083,2015,FY,2015-12-31,11011,OFS,ERROR,0,RATE_LIMIT: 사용한도를 초과하였습니다.,2026-09-01T02:03:59.822053+00:00
033830,00204642,2015,FY,2015-12-31,11011,OFS,ERROR,0,RATE_LIMIT: 사용한도를 초과하였습니다.,2026-09-01T02:03:59.991528+00:00
033920,00121543,2015,FY,2015-12-31,11011,OFS,ERROR,0,RATE_LIMIT: 사용한도를 초과하였습니다.,2026-09-01T02:04:00.102115+00:00
034020,00159616,2015,FY,2015-12-31,11011,OFS,ERROR,0,RATE_LIMIT: 사용한도를 초과하였습니다.,2026-09-01T02:04:00.225181+00:00
034120,00130772,2015,FY,2015-12-31,11011,OFS,ERROR,0,RATE_LIMIT: 사용한도를 초과하였습니다.,2026-09-01T02:04:00.313260+00:00
034220,00105873,2015,FY,2015-12-31,11011,OFS,ERROR,0,RATE_LIMIT: 사용한도를 초과하였습니다.,2026-09-01T02:04:00.375453+00:00
034230,00171265,2015,FY,2015-12-31,11011,OFS,ERROR,0,RATE_LIMIT: 사용한도를 초과하였습니다.,2026-09-01T02:04:00.384780+00:00
034300,00217947,2015,FY,2015-12-31,11011,OFS,ERROR,0,RATE_LIMIT: 사용한도를 초과하였습니다.,2026-09-01T02:04:00.574726+00:00
034310,00158316,2015,FY,2015-12-31,11011,OFS,ERROR,0,RATE_LIMIT: 사용한도를 초과하였습니다.,2026-09-01T02:04:00.661536+00:00
034590,00145862,2015,FY,2015-12-31,11011,OFS,ERROR,0,RATE_LIMIT: 사용한도를 초과하였습니다.,2026-09-01T02:04:00.793537+00:00
034730,00181712,2015,FY,2015-12-31,11011,OFS,ERROR,0,RATE_LIMIT: 사용한도를 초과하였습니다.,2026-09-01T02:04:00.899596+00:00
034830,00233653,2015,FY,2015-12-31,11011,OFS,ERROR,0,RATE_LIMIT: 사용한도를 초과하였습니다.,2026-09-01T02:04:00.970165+00:00
034810,00219361,2015,FY,2015-12-31,11011,OFS,ERROR,0,RATE_LIMIT: 사용한도를 초과하였습니다.,2026-09-01T02:04:00.986030+00:00
034940,00231831,2015,FY,2015-12-31,11011,OFS,ERROR,0,RATE_LIMIT: 사용한도를 초과하였습니다.,2026-09-01T02:04:01.151990+00:00
034950,00156956,2015,FY,2015-12-31,11011,OFS,ERROR,0,RATE_LIMIT: 사용한도를 초과하였습니다.,2026-09-01T02:04:01.253792+00:00
035000,00140168,2015,FY,2015-12-31,11011,OFS,ERROR,0,RATE_LIMIT: 사용한도를 초과하였습니다.,2026-09-01T02:04:01.375107+00:00
035080,00244561,2015,FY,2015-12-31,11011,OFS,ERROR,0,RATE_LIMIT: 사용한도를 초과하였습니다.,2026-09-01T02:04:01.467775+00:00
035150,00122551,2015,FY,2015-12-31,11011,OFS,ERROR,0,RATE_LIMIT: 사용한도를 초과하였습니다.,2026-09-01T02:04:01.542114+00:00
035200,00356389,2015,FY,2015-12-31,11011,OFS,ERROR,0,RATE_LIMIT: 사용한도를 초과하였습니다.,2026-09-01T02:04:01.555680+00:00
035250,00255619,2015,FY,2015-12-31,11011,OFS,ERROR,0,RATE_LIMIT: 사용한도를 초과하였습니다.,2026-09-01T02:04:01.716271+00:00
035290,00249502,2015,FY,2015-12-31,11011,OFS,ERROR,0,RATE_LIMIT: 사용한도를 초과하였습니다.,2026-09-01T02:04:01.819524+00:00
035420,00266961,2015,FY,2015-12-31,11011,OFS,ERROR,0,RATE_LIMIT: 사용한도를 초과하였습니다.,2026-09-01T02:04:01.936443+00:00
035460,00258421,2015,FY,2015-12-31,11011,OFS,ERROR,0,RATE_LIMIT: 사용한도를 초과하였습니다.,2026-09-01T02:04:02.042676+00:00
035480,00255141,2015,FY,2015-12-31,11011,OFS,ERROR,0,RATE_LIMIT: 사용한도를 초과하였습니다.,2026-09-01T02:04:02.139170+00:00
035510,00219486,2015,FY,2015-12-31,11011,OFS,ERROR,0,RATE_LIMIT: 사용한도를 초과하였습니다.,2026-09-01T02:04:02.151304+00:00
035600,00264547,2015,FY,2015-12-31,11011,OFS,ERROR,0,RATE_LIMIT: 사용한도를 초과하였습니다.,2026-09-01T02:04:02.291174+00:00
035610,00249982,2015,FY,2015-12-31,11011,OFS,ERROR,0,RATE_LIMIT: 사용한도를 초과하였습니다.,2026-09-01T02:04:02.406998+00:00
035620,00259590,2015,FY,2015-12-31,11011,OFS,ERROR,0,RATE_LIMIT: 사용한도를 초과하였습니다.,2026-09-01T02:04:02.540038+00:00
035720,00258801,2015,FY,2015-12-31,11011,OFS,ERROR,0,RATE_LIMIT: 사용한도를 초과하였습니다.,2026-09-01T02:04:02.641323+00:00
035760,00265324,2015,FY,2015-12-31,11011,OFS,ERROR,0,RATE_LIMIT: 사용한도를 초과하였습니다.,2026-09-01T02:04:02.711206+00:00
035810,00242378,2015,FY,2015-12-31,11011,OFS,ERROR,0,RATE_LIMIT: 사용한도를 초과하였습니다.,2026-09-01T02:04:02.738334+00:00
035890,00219848,2015,FY,2015-12-31,11011,OFS,ERROR,0,RATE_LIMIT: 사용한도를 초과하였습니다.,2026-09-01T02:04:02.859681+00:00
